# Total number neurons: 40000
# Local number neurons: 5000
# Number MPI ranks: 8
# Current simulation step: 2002
# <target rank> <target neuron id>	<source rank> <source neuron id>	<weight>	<plastic>
7 1	7 162	1	1
7 1	4 402	1	1
7 1	1 4719	1	1
7 1	6 3307	1	1
7 1	1 3920	1	1
7 1	0 4923	1	1
7 2	0 3727	1	1
7 2	1 1814	1	1
7 2	0 3717	1	1
7 2	4 398	1	1
7 2	6 2659	1	1
7 2	0 3205	1	1
7 3	7 605	1	1
7 3	3 1419	1	1
7 3	2 3932	1	1
7 3	6 3062	1	1
7 3	4 1682	1	1
7 3	1 1785	1	1
7 4	7 1672	1	1
7 4	0 2207	1	1
7 4	0 7	1	1
7 4	2 1744	1	1
7 4	2 3548	1	1
7 4	0 3785	1	1
7 5	4 4378	1	1
7 5	3 4547	1	1
7 5	5 3500	1	1
7 5	5 4436	1	1
7 5	5 2470	1	1
7 5	5 730	1	1
7 6	6 1683	1	1
7 6	1 2198	1	1
7 6	2 1667	1	1
7 6	5 443	1	1
7 6	0 164	1	1
7 6	4 2277	1	1
7 7	2 182	1	1
7 7	2 1295	1	1
7 7	6 4398	1	1
7 7	4 2936	1	1
7 7	0 1538	1	1
7 7	6 305	1	1
7 8	7 1171	1	1
7 8	6 2035	1	1
7 8	6 2516	1	1
7 8	3 887	1	1
7 8	4 4416	1	1
7 8	5 1348	1	1
7 9	7 2681	1	1
7 9	7 2624	1	1
7 9	5 3757	1	1
7 9	2 2240	1	1
7 9	1 4407	1	1
7 9	2 902	1	1
7 10	7 1960	1	1
7 10	0 1410	1	1
7 10	5 3358	1	1
7 10	1 4786	1	1
7 10	4 3489	1	1
7 10	3 46	1	1
7 11	5 2863	1	1
7 11	0 1239	1	1
7 11	2 221	1	1
7 11	3 173	1	1
7 11	4 3832	1	1
7 11	6 1887	1	1
7 12	4 2303	1	1
7 12	2 4594	1	1
7 12	6 2037	1	1
7 12	0 443	1	1
7 12	0 2554	1	1
7 12	4 1201	1	1
7 13	7 3195	1	1
7 13	0 3295	1	1
7 13	0 3715	1	1
7 13	2 707	1	1
7 13	5 2725	1	1
7 13	4 66	1	1
7 14	2 1096	1	1
7 14	1 4780	1	1
7 14	5 4386	1	1
7 14	2 2423	1	1
7 14	6 516	1	1
7 14	0 3970	1	1
7 15	7 1572	1	1
7 15	6 157	1	1
7 15	4 1892	1	1
7 15	4 2749	1	1
7 15	2 159	1	1
7 15	5 292	1	1
7 16	7 3431	1	1
7 16	7 4928	1	1
7 16	3 1722	1	1
7 16	2 297	1	1
7 16	5 1570	1	1
7 16	2 780	1	1
7 17	7 610	1	1
7 17	4 3930	1	1
7 17	2 57	1	1
7 17	5 2251	1	1
7 17	5 4394	1	1
7 17	3 670	1	1
7 18	7 3539	1	1
7 18	6 4744	1	1
7 18	4 674	1	1
7 18	3 3341	1	1
7 18	3 3671	1	1
7 18	0 3577	1	1
7 19	7 4227	1	1
7 19	0 2599	1	1
7 19	4 3538	1	1
7 19	0 1713	1	1
7 19	6 2244	1	1
7 19	3 4319	1	1
7 20	4 2395	1	1
7 20	6 1830	1	1
7 20	2 2920	1	1
7 20	2 4876	1	1
7 20	1 4858	1	1
7 20	5 1548	1	1
7 21	7 3017	1	1
7 21	7 3454	1	1
7 21	1 2936	1	1
7 21	1 1569	1	1
7 21	5 1937	1	1
7 21	0 2514	1	1
7 22	4 2097	1	1
7 22	1 4758	1	1
7 22	4 1250	1	1
7 22	2 1319	1	1
7 22	5 3507	1	1
7 22	4 1426	1	1
7 23	1 4572	1	1
7 23	3 3050	1	1
7 23	0 2576	1	1
7 23	1 364	1	1
7 23	5 3963	1	1
7 23	3 4386	1	1
7 24	1 3255	1	1
7 24	6 2161	1	1
7 24	1 626	1	1
7 24	2 4541	1	1
7 24	1 384	1	1
7 24	2 3359	1	1
7 25	7 498	1	1
7 25	5 4680	1	1
7 25	4 1163	1	1
7 25	0 231	1	1
7 25	2 4267	1	1
7 25	2 4635	1	1
7 26	7 2254	1	1
7 26	1 3102	1	1
7 26	0 341	1	1
7 26	5 4325	1	1
7 26	2 2154	1	1
7 26	3 1713	1	1
7 27	4 885	1	1
7 27	3 2242	1	1
7 27	1 1284	1	1
7 27	6 1188	1	1
7 27	5 1151	1	1
7 27	4 4512	1	1
7 28	7 3452	1	1
7 28	7 1274	1	1
7 28	3 1446	1	1
7 28	0 1071	1	1
7 28	1 126	1	1
7 28	3 4448	1	1
7 29	1 3006	1	1
7 29	0 879	1	1
7 29	4 3832	1	1
7 29	1 3600	1	1
7 29	5 4268	1	1
7 29	4 898	1	1
7 30	1 440	1	1
7 30	2 4113	1	1
7 30	0 332	1	1
7 30	4 3018	1	1
7 30	0 1555	1	1
7 30	2 4610	1	1
7 31	4 3207	1	1
7 31	1 547	1	1
7 31	6 692	1	1
7 31	5 4961	1	1
7 31	6 1756	1	1
7 31	5 92	1	1
7 32	5 1990	1	1
7 32	3 598	1	1
7 32	1 981	1	1
7 32	3 4083	1	1
7 32	1 3972	1	1
7 32	3 2916	1	1
7 33	7 3843	1	1
7 33	7 4431	1	1
7 33	3 1067	1	1
7 33	2 3353	1	1
7 33	4 3855	1	1
7 33	2 4965	1	1
7 34	1 4573	1	1
7 34	0 2978	1	1
7 34	2 487	1	1
7 34	6 1088	1	1
7 34	6 3002	1	1
7 34	0 1631	1	1
7 35	5 3795	1	1
7 35	2 2789	1	1
7 35	5 4848	1	1
7 35	0 1072	1	1
7 35	6 2842	1	1
7 35	2 2668	1	1
7 36	7 3342	1	1
7 36	3 303	1	1
7 36	2 2123	1	1
7 36	5 4019	1	1
7 36	6 236	1	1
7 36	2 3703	1	1
7 37	5 600	1	1
7 37	0 2186	1	1
7 37	0 604	1	1
7 37	0 905	1	1
7 37	1 1444	1	1
7 37	1 4558	1	1
7 38	7 2557	1	1
7 38	0 2610	1	1
7 38	3 580	1	1
7 38	0 161	1	1
7 38	2 203	1	1
7 38	0 592	1	1
7 39	2 4074	1	1
7 39	5 1753	1	1
7 39	4 2960	1	1
7 39	1 4732	1	1
7 39	2 2687	1	1
7 39	0 3902	1	1
7 40	7 1057	1	1
7 40	6 4449	1	1
7 40	5 2314	1	1
7 40	2 216	1	1
7 40	0 3665	1	1
7 40	0 2154	1	1
7 41	7 784	1	1
7 41	7 2470	1	1
7 41	4 2656	1	1
7 41	2 2503	1	1
7 41	2 3127	1	1
7 41	6 1466	1	1
7 42	4 4393	1	1
7 42	3 1391	1	1
7 42	6 3503	1	1
7 42	2 317	1	1
7 42	0 3932	1	1
7 42	6 2511	1	1
7 43	7 3826	1	1
7 43	5 133	1	1
7 43	6 2133	1	1
7 43	5 105	1	1
7 43	0 2780	1	1
7 43	6 1578	1	1
7 44	7 1767	1	1
7 44	2 2273	1	1
7 44	4 92	1	1
7 44	5 3806	1	1
7 44	2 4374	1	1
7 44	4 1007	1	1
7 45	5 1685	1	1
7 45	4 986	1	1
7 45	0 986	1	1
7 45	5 167	1	1
7 45	5 4637	1	1
7 45	3 610	1	1
7 46	3 796	1	1
7 46	3 4929	1	1
7 46	5 1027	1	1
7 46	5 2109	1	1
7 46	5 1071	1	1
7 46	0 1480	1	1
7 47	5 4514	1	1
7 47	6 4150	1	1
7 47	1 3137	1	1
7 47	4 745	1	1
7 47	3 3689	1	1
7 47	6 4293	1	1
7 48	3 795	1	1
7 48	6 3078	1	1
7 48	5 2018	1	1
7 48	2 3101	1	1
7 48	4 2805	1	1
7 48	5 4152	1	1
7 49	2 4920	1	1
7 49	2 2207	1	1
7 49	1 2664	1	1
7 49	5 3472	1	1
7 49	6 2738	1	1
7 49	4 3106	1	1
7 50	7 4144	1	1
7 50	6 3189	1	1
7 50	1 1626	1	1
7 50	6 3518	1	1
7 50	2 4163	1	1
7 50	0 4118	1	1
7 51	7 297	1	1
7 51	2 9	1	1
7 51	1 4360	1	1
7 51	0 4849	1	1
7 51	5 2779	1	1
7 51	3 1654	1	1
7 52	7 1331	1	1
7 52	2 4970	1	1
7 52	5 4032	1	1
7 52	3 1791	1	1
7 52	5 3069	1	1
7 52	3 3630	1	1
7 53	0 1225	1	1
7 53	5 1065	1	1
7 53	0 3071	1	1
7 53	4 233	1	1
7 53	3 4643	1	1
7 53	6 1581	1	1
7 54	4 212	1	1
7 54	0 2352	1	1
7 54	1 3084	1	1
7 54	2 907	1	1
7 54	0 3223	1	1
7 54	3 4097	1	1
7 55	3 3642	1	1
7 55	6 876	1	1
7 55	2 2447	1	1
7 55	4 4541	1	1
7 55	6 500	1	1
7 55	2 477	1	1
7 56	6 1590	1	1
7 56	2 2886	1	1
7 56	2 2107	1	1
7 56	4 1858	1	1
7 56	6 4965	1	1
7 56	3 4725	1	1
7 57	2 3219	1	1
7 57	5 4803	1	1
7 57	1 1627	1	1
7 57	4 3885	1	1
7 57	0 2658	1	1
7 57	3 3987	1	1
7 58	1 1296	1	1
7 58	3 173	1	1
7 58	2 529	1	1
7 58	4 3163	1	1
7 58	3 1459	1	1
7 58	2 2052	1	1
7 59	7 2919	1	1
7 59	7 409	1	1
7 59	1 4777	1	1
7 59	5 3103	1	1
7 59	6 3456	1	1
7 59	2 1395	1	1
7 60	2 59	1	1
7 60	5 2966	1	1
7 60	6 3652	1	1
7 60	3 2571	1	1
7 60	4 790	1	1
7 60	0 1822	1	1
7 61	3 671	1	1
7 61	6 3477	1	1
7 61	5 4646	1	1
7 61	2 27	1	1
7 61	6 415	1	1
7 61	6 387	1	1
7 62	7 3408	1	1
7 62	5 843	1	1
7 62	0 1230	1	1
7 62	4 4796	1	1
7 62	1 1094	1	1
7 62	6 2835	1	1
7 63	7 1342	1	1
7 63	1 223	1	1
7 63	4 4898	1	1
7 63	2 2930	1	1
7 63	2 3390	1	1
7 63	3 4252	1	1
7 64	4 1638	1	1
7 64	5 3086	1	1
7 64	4 2912	1	1
7 64	0 2359	1	1
7 64	2 1997	1	1
7 64	4 3486	1	1
7 65	1 2582	1	1
7 65	1 4022	1	1
7 65	6 3521	1	1
7 65	4 3212	1	1
7 65	5 2342	1	1
7 65	0 4055	1	1
7 66	0 4210	1	1
7 66	6 1914	1	1
7 66	4 4742	1	1
7 66	6 2831	1	1
7 66	3 462	1	1
7 66	4 357	1	1
7 67	7 3471	1	1
7 67	6 1453	1	1
7 67	0 1875	1	1
7 67	6 1047	1	1
7 67	5 318	1	1
7 67	0 124	1	1
7 68	7 3094	1	1
7 68	7 3303	1	1
7 68	7 3877	1	1
7 68	1 2405	1	1
7 68	6 2258	1	1
7 68	0 2699	1	1
7 69	6 2644	1	1
7 69	5 2131	1	1
7 69	3 2400	1	1
7 69	5 502	1	1
7 69	1 159	1	1
7 69	4 1347	1	1
7 70	7 2198	1	1
7 70	2 2483	1	1
7 70	0 1140	1	1
7 70	5 583	1	1
7 70	6 339	1	1
7 70	6 74	1	1
7 71	7 4583	1	1
7 71	7 1746	1	1
7 71	0 93	1	1
7 71	2 3768	1	1
7 71	3 2901	1	1
7 71	1 4198	1	1
7 72	6 1834	1	1
7 72	3 1637	1	1
7 72	0 2324	1	1
7 72	6 1394	1	1
7 72	3 1451	1	1
7 72	3 3541	1	1
7 73	3 3892	1	1
7 73	3 3157	1	1
7 73	5 196	1	1
7 73	6 1848	1	1
7 73	5 3288	1	1
7 73	4 2298	1	1
7 74	7 1522	1	1
7 74	7 2916	1	1
7 74	1 1289	1	1
7 74	3 405	1	1
7 74	0 243	1	1
7 74	5 491	1	1
7 75	7 1104	1	1
7 75	6 4481	1	1
7 75	4 1721	1	1
7 75	1 2584	1	1
7 75	5 3424	1	1
7 75	0 4215	1	1
7 76	3 156	1	1
7 76	4 2174	1	1
7 76	2 3787	1	1
7 76	4 2774	1	1
7 76	1 3631	1	1
7 76	3 702	1	1
7 77	6 4404	1	1
7 77	0 3093	1	1
7 77	5 4633	1	1
7 77	1 3405	1	1
7 77	3 3430	1	1
7 77	4 688	1	1
7 78	4 813	1	1
7 78	0 4686	1	1
7 78	6 2267	1	1
7 78	4 1353	1	1
7 78	5 3926	1	1
7 78	6 4871	1	1
7 79	7 4837	1	1
7 79	7 3320	1	1
7 79	6 3521	1	1
7 79	1 268	1	1
7 79	4 2351	1	1
7 79	3 2874	1	1
7 80	7 4741	1	1
7 80	7 664	1	1
7 80	0 2632	1	1
7 80	3 2786	1	1
7 80	2 59	1	1
7 80	6 2607	1	1
7 81	6 1139	1	1
7 81	2 1697	1	1
7 81	1 4676	1	1
7 81	4 2314	1	1
7 81	1 1916	1	1
7 81	1 2364	1	1
7 82	7 3232	1	1
7 82	7 2157	1	1
7 82	7 243	1	1
7 82	1 2536	1	1
7 82	0 2069	1	1
7 82	2 1959	1	1
7 83	5 4948	1	1
7 83	2 4584	1	1
7 83	3 3930	1	1
7 83	0 3846	1	1
7 83	6 4262	1	1
7 83	2 4585	1	1
7 84	7 4864	1	1
7 84	7 1345	1	1
7 84	6 2529	1	1
7 84	0 4741	1	1
7 84	3 2778	1	1
7 84	4 1331	1	1
7 85	3 1853	1	1
7 85	5 4567	1	1
7 85	3 4503	1	1
7 85	6 2182	1	1
7 85	5 3291	1	1
7 85	4 1107	1	1
7 86	2 4841	1	1
7 86	5 784	1	1
7 86	2 1935	1	1
7 86	4 436	1	1
7 86	5 625	1	1
7 86	0 4207	1	1
7 87	1 3460	1	1
7 87	4 298	1	1
7 87	4 1680	1	1
7 87	1 4317	1	1
7 87	6 4576	1	1
7 87	2 314	1	1
7 88	7 4273	1	1
7 88	7 1891	1	1
7 88	5 3119	1	1
7 88	1 4554	1	1
7 88	2 2621	1	1
7 88	1 3829	1	1
7 89	4 1507	1	1
7 89	2 1118	1	1
7 89	0 2163	1	1
7 89	5 1774	1	1
7 89	1 3562	1	1
7 89	1 1589	1	1
7 90	7 2738	1	1
7 90	0 4957	1	1
7 90	4 3909	1	1
7 90	4 640	1	1
7 90	1 4503	1	1
7 90	1 2907	1	1
7 91	0 2994	1	1
7 91	2 1912	1	1
7 91	3 4337	1	1
7 91	3 2542	1	1
7 91	3 486	1	1
7 91	3 2629	1	1
7 92	7 4438	1	1
7 92	0 372	1	1
7 92	3 3831	1	1
7 92	5 2291	1	1
7 92	3 3146	1	1
7 92	4 3857	1	1
7 93	6 3270	1	1
7 93	3 415	1	1
7 93	5 758	1	1
7 93	5 2379	1	1
7 93	0 2032	1	1
7 93	2 2983	1	1
7 94	7 3731	1	1
7 94	2 2118	1	1
7 94	1 3676	1	1
7 94	0 3600	1	1
7 94	0 2246	1	1
7 94	0 2940	1	1
7 95	6 4471	1	1
7 95	0 2544	1	1
7 95	6 3712	1	1
7 95	6 3613	1	1
7 95	6 3360	1	1
7 95	4 3887	1	1
7 96	7 2659	1	1
7 96	7 4158	1	1
7 96	3 4732	1	1
7 96	4 1992	1	1
7 96	6 3000	1	1
7 96	1 3961	1	1
7 97	7 3568	1	1
7 97	7 4784	1	1
7 97	6 2145	1	1
7 97	5 4243	1	1
7 97	3 4260	1	1
7 97	2 363	1	1
7 98	7 4443	1	1
7 98	5 4316	1	1
7 98	0 575	1	1
7 98	0 1607	1	1
7 98	1 1749	1	1
7 98	6 3852	1	1
7 99	7 1380	1	1
7 99	6 4231	1	1
7 99	6 1761	1	1
7 99	5 406	1	1
7 99	5 4865	1	1
7 99	1 1703	1	1
7 100	7 1432	1	1
7 100	6 4528	1	1
7 100	3 4018	1	1
7 100	3 900	1	1
7 100	4 1734	1	1
7 100	0 4633	1	1
7 101	7 730	1	1
7 101	0 3915	1	1
7 101	5 4524	1	1
7 101	1 4469	1	1
7 101	1 737	1	1
7 101	1 3380	1	1
7 102	7 4111	1	1
7 102	1 3786	1	1
7 102	4 4050	1	1
7 102	2 4454	1	1
7 102	0 4551	1	1
7 102	6 2607	1	1
7 103	4 4248	1	1
7 103	6 4215	1	1
7 103	5 504	1	1
7 103	0 3951	1	1
7 103	1 2531	1	1
7 103	5 3696	1	1
7 104	1 2123	1	1
7 104	4 625	1	1
7 104	3 2357	1	1
7 104	4 1226	1	1
7 104	6 4989	1	1
7 104	3 195	1	1
7 105	7 4413	1	1
7 105	0 4126	1	1
7 105	6 4793	1	1
7 105	5 1773	1	1
7 105	0 3122	1	1
7 105	3 627	1	1
7 106	7 1340	1	1
7 106	1 2833	1	1
7 106	3 3828	1	1
7 106	2 2002	1	1
7 106	3 3827	1	1
7 106	3 1374	1	1
7 107	4 15	1	1
7 107	6 814	1	1
7 107	2 1211	1	1
7 107	5 104	1	1
7 107	5 1185	1	1
7 107	4 953	1	1
7 108	2 2904	1	1
7 108	3 509	1	1
7 108	5 3392	1	1
7 108	3 4248	1	1
7 108	6 234	1	1
7 108	0 2279	1	1
7 109	5 1661	1	1
7 109	5 180	1	1
7 109	4 3844	1	1
7 109	3 3967	1	1
7 109	3 4107	1	1
7 109	3 1384	1	1
7 110	7 4343	1	1
7 110	7 4238	1	1
7 110	2 3102	1	1
7 110	2 1314	1	1
7 110	2 1312	1	1
7 110	5 2019	1	1
7 111	7 4265	1	1
7 111	6 4784	1	1
7 111	5 3683	1	1
7 111	2 2706	1	1
7 111	4 787	1	1
7 111	2 2601	1	1
7 112	7 208	1	1
7 112	6 2488	1	1
7 112	2 3239	1	1
7 112	5 357	1	1
7 112	0 1055	1	1
7 112	2 4113	1	1
7 113	2 4505	1	1
7 113	0 4402	1	1
7 113	3 1236	1	1
7 113	4 4662	1	1
7 113	4 4049	1	1
7 113	0 4392	1	1
7 114	7 1881	1	1
7 114	0 4107	1	1
7 114	2 4147	1	1
7 114	5 2655	1	1
7 114	1 3578	1	1
7 114	2 1327	1	1
7 115	7 3761	1	1
7 115	7 2363	1	1
7 115	4 3952	1	1
7 115	4 3700	1	1
7 115	5 1034	1	1
7 115	2 2245	1	1
7 116	7 270	1	1
7 116	5 486	1	1
7 116	5 2962	1	1
7 116	6 4919	1	1
7 116	4 4255	1	1
7 116	5 783	1	1
7 117	1 3701	1	1
7 117	6 2606	1	1
7 117	2 1819	1	1
7 117	6 4451	1	1
7 117	5 3007	1	1
7 117	5 596	1	1
7 118	7 4369	1	1
7 118	7 4470	1	1
7 118	2 2194	1	1
7 118	4 2962	1	1
7 118	5 3476	1	1
7 118	1 235	1	1
7 119	7 2967	1	1
7 119	3 848	1	1
7 119	4 784	1	1
7 119	2 2640	1	1
7 119	2 3846	1	1
7 119	2 1815	1	1
7 120	7 4909	1	1
7 120	4 3427	1	1
7 120	0 4492	1	1
7 120	5 2666	1	1
7 120	1 1766	1	1
7 120	0 3933	1	1
7 121	7 3198	1	1
7 121	2 3165	1	1
7 121	3 165	1	1
7 121	4 20	1	1
7 121	2 1569	1	1
7 121	2 4314	1	1
7 122	4 4043	1	1
7 122	2 547	1	1
7 122	4 295	1	1
7 122	6 1258	1	1
7 122	0 3850	1	1
7 122	2 2093	1	1
7 123	5 1181	1	1
7 123	6 2550	1	1
7 123	2 2865	1	1
7 123	3 518	1	1
7 123	6 1163	1	1
7 123	6 3601	1	1
7 124	3 2043	1	1
7 124	0 4758	1	1
7 124	3 2237	1	1
7 124	1 3545	1	1
7 124	3 724	1	1
7 124	4 2389	1	1
7 125	7 3485	1	1
7 125	0 4318	1	1
7 125	5 2483	1	1
7 125	0 428	1	1
7 125	4 2924	1	1
7 125	2 938	1	1
7 126	2 1039	1	1
7 126	4 2005	1	1
7 126	6 2734	1	1
7 126	6 4140	1	1
7 126	6 3481	1	1
7 126	1 4792	1	1
7 127	1 3625	1	1
7 127	3 2512	1	1
7 127	1 884	1	1
7 127	1 4498	1	1
7 127	3 1087	1	1
7 127	2 1023	1	1
7 128	7 813	1	1
7 128	0 2709	1	1
7 128	3 4867	1	1
7 128	2 2038	1	1
7 128	6 1438	1	1
7 128	3 1871	1	1
7 129	5 474	1	1
7 129	2 325	1	1
7 129	0 1527	1	1
7 129	0 4940	1	1
7 129	2 1264	1	1
7 129	2 1404	1	1
7 130	0 4823	1	1
7 130	4 1674	1	1
7 130	1 2166	1	1
7 130	3 1835	1	1
7 130	4 3739	1	1
7 130	3 1052	1	1
7 131	7 4180	1	1
7 131	7 1162	1	1
7 131	1 694	1	1
7 131	5 1962	1	1
7 131	3 3957	1	1
7 131	1 3368	1	1
7 132	7 3800	1	1
7 132	7 1855	1	1
7 132	7 1261	1	1
7 132	3 4906	1	1
7 132	6 471	1	1
7 132	0 3959	1	1
7 133	6 1124	1	1
7 133	5 2048	1	1
7 133	2 2991	1	1
7 133	6 2231	1	1
7 133	6 4120	1	1
7 133	1 4342	1	1
7 134	7 2106	1	1
7 134	1 4321	1	1
7 134	4 11	1	1
7 134	4 85	1	1
7 134	4 1656	1	1
7 134	6 1128	1	1
7 135	7 4870	1	1
7 135	5 13	1	1
7 135	0 1560	1	1
7 135	5 3108	1	1
7 135	4 1423	1	1
7 135	5 4365	1	1
7 136	4 3576	1	1
7 136	6 499	1	1
7 136	3 4405	1	1
7 136	6 3779	1	1
7 136	2 3218	1	1
7 136	2 3685	1	1
7 137	7 256	1	1
7 137	7 88	1	1
7 137	4 72	1	1
7 137	1 3962	1	1
7 137	2 4779	1	1
7 137	5 86	1	1
7 138	7 3571	1	1
7 138	7 666	1	1
7 138	6 10	1	1
7 138	4 1558	1	1
7 138	6 4057	1	1
7 138	1 2880	1	1
7 139	7 3218	1	1
7 139	7 4597	1	1
7 139	1 1827	1	1
7 139	4 1595	1	1
7 139	0 1577	1	1
7 139	3 1315	1	1
7 140	7 2587	1	1
7 140	7 3325	1	1
7 140	6 4996	1	1
7 140	6 2693	1	1
7 140	1 4245	1	1
7 140	3 2039	1	1
7 141	7 3644	1	1
7 141	5 3658	1	1
7 141	3 221	1	1
7 141	3 643	1	1
7 141	0 261	1	1
7 141	4 241	1	1
7 142	7 1629	1	1
7 142	4 3478	1	1
7 142	1 4779	1	1
7 142	4 527	1	1
7 142	3 1634	1	1
7 142	3 3875	1	1
7 143	7 627	1	1
7 143	7 4459	1	1
7 143	5 1033	1	1
7 143	4 479	1	1
7 143	1 2170	1	1
7 143	2 2581	1	1
7 144	3 4450	1	1
7 144	1 3438	1	1
7 144	1 3097	1	1
7 144	4 4004	1	1
7 144	0 1957	1	1
7 144	4 4092	1	1
7 145	7 3095	1	1
7 145	2 304	1	1
7 145	2 4297	1	1
7 145	3 1453	1	1
7 145	6 859	1	1
7 145	3 1091	1	1
7 146	0 3093	1	1
7 146	0 4832	1	1
7 146	5 705	1	1
7 146	5 4206	1	1
7 146	6 1503	1	1
7 146	2 1478	1	1
7 147	2 656	1	1
7 147	0 2203	1	1
7 147	4 2994	1	1
7 147	0 2853	1	1
7 147	2 4844	1	1
7 147	4 3393	1	1
7 148	7 4113	1	1
7 148	1 4521	1	1
7 148	5 175	1	1
7 148	2 504	1	1
7 148	1 2691	1	1
7 148	5 300	1	1
7 149	7 1695	1	1
7 149	7 1767	1	1
7 149	7 3388	1	1
7 149	1 2101	1	1
7 149	5 787	1	1
7 149	3 91	1	1
7 150	7 964	1	1
7 150	1 2110	1	1
7 150	6 729	1	1
7 150	5 4686	1	1
7 150	5 2499	1	1
7 150	4 1485	1	1
7 151	7 1370	1	1
7 151	7 4482	1	1
7 151	6 3921	1	1
7 151	5 1034	1	1
7 151	0 2594	1	1
7 151	0 673	1	1
7 152	7 4140	1	1
7 152	4 4464	1	1
7 152	5 4928	1	1
7 152	0 4602	1	1
7 152	5 4907	1	1
7 152	1 515	1	1
7 153	7 4833	1	1
7 153	0 1779	1	1
7 153	5 3995	1	1
7 153	4 4272	1	1
7 153	1 3626	1	1
7 153	4 4874	1	1
7 154	7 4303	1	1
7 154	3 3606	1	1
7 154	6 403	1	1
7 154	2 4981	1	1
7 154	2 2485	1	1
7 154	5 4155	1	1
7 155	0 1939	1	1
7 155	0 4674	1	1
7 155	1 2358	1	1
7 155	4 4831	1	1
7 155	2 515	1	1
7 155	6 4677	1	1
7 156	7 3112	1	1
7 156	7 28	1	1
7 156	0 1151	1	1
7 156	6 722	1	1
7 156	3 2746	1	1
7 156	3 2107	1	1
7 157	7 1096	1	1
7 157	6 2625	1	1
7 157	6 3081	1	1
7 157	4 2728	1	1
7 157	5 4986	1	1
7 157	1 2423	1	1
7 158	7 4538	1	1
7 158	2 1650	1	1
7 158	3 955	1	1
7 158	4 4411	1	1
7 158	5 1001	1	1
7 158	0 3367	1	1
7 159	7 3771	1	1
7 159	7 747	1	1
7 159	4 3113	1	1
7 159	6 24	1	1
7 159	4 4799	1	1
7 159	5 1027	1	1
7 160	7 4881	1	1
7 160	7 2145	1	1
7 160	0 1551	1	1
7 160	3 2119	1	1
7 160	4 2574	1	1
7 160	6 185	1	1
7 161	5 3206	1	1
7 161	1 760	1	1
7 161	1 2897	1	1
7 161	6 2572	1	1
7 161	3 2864	1	1
7 161	4 1209	1	1
7 162	3 1578	1	1
7 162	2 2410	1	1
7 162	6 119	1	1
7 162	0 529	1	1
7 162	3 994	1	1
7 162	2 2569	1	1
7 163	7 4655	1	1
7 163	0 1550	1	1
7 163	3 4546	1	1
7 163	5 4608	1	1
7 163	0 2174	1	1
7 163	5 3175	1	1
7 164	7 3921	1	1
7 164	5 3897	1	1
7 164	1 4695	1	1
7 164	5 895	1	1
7 164	1 3570	1	1
7 164	0 1244	1	1
7 165	7 1349	1	1
7 165	2 4451	1	1
7 165	1 3636	1	1
7 165	4 1492	1	1
7 165	0 572	1	1
7 165	2 3633	1	1
7 166	1 1266	1	1
7 166	4 392	1	1
7 166	0 3053	1	1
7 166	3 1211	1	1
7 166	0 3882	1	1
7 166	6 870	1	1
7 167	6 3931	1	1
7 167	3 1595	1	1
7 167	5 3782	1	1
7 167	0 1625	1	1
7 167	6 1710	1	1
7 167	5 2604	1	1
7 168	5 2530	1	1
7 168	2 1699	1	1
7 168	0 1027	1	1
7 168	0 2151	1	1
7 168	0 4824	1	1
7 168	2 3060	1	1
7 169	1 4690	1	1
7 169	0 3481	1	1
7 169	0 2453	1	1
7 169	6 1705	1	1
7 169	5 4296	1	1
7 169	5 1273	1	1
7 170	7 476	1	1
7 170	1 4272	1	1
7 170	1 4027	1	1
7 170	4 694	1	1
7 170	2 4786	1	1
7 170	3 470	1	1
7 171	7 1670	1	1
7 171	2 738	1	1
7 171	2 18	1	1
7 171	5 473	1	1
7 171	2 2775	1	1
7 171	5 2650	1	1
7 172	7 4982	1	1
7 172	7 2255	1	1
7 172	5 3248	1	1
7 172	2 436	1	1
7 172	1 2946	1	1
7 172	2 2145	1	1
7 173	7 1336	1	1
7 173	4 3498	1	1
7 173	2 3346	1	1
7 173	6 41	1	1
7 173	5 1655	1	1
7 173	2 1597	1	1
7 174	1 3015	1	1
7 174	4 4261	1	1
7 174	5 4942	1	1
7 174	2 176	1	1
7 174	4 3407	1	1
7 174	2 4656	1	1
7 175	7 152	1	1
7 175	7 182	1	1
7 175	0 1229	1	1
7 175	2 2551	1	1
7 175	4 458	1	1
7 175	3 739	1	1
7 176	0 1448	1	1
7 176	1 1486	1	1
7 176	0 1897	1	1
7 176	3 361	1	1
7 176	5 1580	1	1
7 176	4 362	1	1
7 177	3 83	1	1
7 177	0 552	1	1
7 177	4 4841	1	1
7 177	2 1742	1	1
7 177	3 2245	1	1
7 177	0 505	1	1
7 178	7 2530	1	1
7 178	4 1198	1	1
7 178	1 2129	1	1
7 178	3 1863	1	1
7 178	1 3147	1	1
7 178	3 1945	1	1
7 179	7 1757	1	1
7 179	1 4988	1	1
7 179	2 192	1	1
7 179	5 1645	1	1
7 179	5 912	1	1
7 179	0 1790	1	1
7 180	7 3073	1	1
7 180	5 3092	1	1
7 180	4 168	1	1
7 180	2 2624	1	1
7 180	0 1339	1	1
7 180	0 1906	1	1
7 181	1 3887	1	1
7 181	5 2839	1	1
7 181	3 191	1	1
7 181	5 2125	1	1
7 181	1 972	1	1
7 181	6 651	1	1
7 182	3 2356	1	1
7 182	6 2551	1	1
7 182	2 4096	1	1
7 182	5 2222	1	1
7 182	5 2557	1	1
7 182	2 4588	1	1
7 183	7 4585	1	1
7 183	7 2474	1	1
7 183	2 6	1	1
7 183	4 298	1	1
7 183	0 3327	1	1
7 183	2 1750	1	1
7 184	3 1157	1	1
7 184	3 2753	1	1
7 184	6 1646	1	1
7 184	4 2652	1	1
7 184	3 280	1	1
7 184	5 2526	1	1
7 185	6 3004	1	1
7 185	4 2844	1	1
7 185	4 3192	1	1
7 185	6 1887	1	1
7 185	6 3141	1	1
7 185	3 2818	1	1
7 186	5 1785	1	1
7 186	4 2717	1	1
7 186	1 3836	1	1
7 186	2 3014	1	1
7 186	4 2308	1	1
7 186	6 178	1	1
7 187	7 3929	1	1
7 187	2 3728	1	1
7 187	1 4017	1	1
7 187	3 982	1	1
7 187	3 2490	1	1
7 187	6 4400	1	1
7 188	7 4236	1	1
7 188	6 4328	1	1
7 188	3 2307	1	1
7 188	4 1442	1	1
7 188	2 3642	1	1
7 188	5 1653	1	1
7 189	7 2377	1	1
7 189	7 4999	1	1
7 189	1 4285	1	1
7 189	6 2166	1	1
7 189	3 1109	1	1
7 189	5 219	1	1
7 190	1 523	1	1
7 190	5 494	1	1
7 190	4 4467	1	1
7 190	6 1343	1	1
7 190	4 482	1	1
7 190	2 3661	1	1
7 191	4 4456	1	1
7 191	2 954	1	1
7 191	4 4612	1	1
7 191	5 1489	1	1
7 191	2 4675	1	1
7 191	1 818	1	1
7 192	1 3082	1	1
7 192	4 3420	1	1
7 192	0 3582	1	1
7 192	4 4827	1	1
7 192	2 2394	1	1
7 192	2 1224	1	1
7 193	2 4720	1	1
7 193	1 901	1	1
7 193	2 4427	1	1
7 193	2 1044	1	1
7 193	3 1032	1	1
7 193	4 3906	1	1
7 194	7 2180	1	1
7 194	0 903	1	1
7 194	0 1554	1	1
7 194	1 1794	1	1
7 194	4 2266	1	1
7 194	6 2244	1	1
7 195	3 1327	1	1
7 195	5 3689	1	1
7 195	3 3281	1	1
7 195	4 1012	1	1
7 195	5 4847	1	1
7 195	2 2335	1	1
7 196	7 2277	1	1
7 196	5 4553	1	1
7 196	6 395	1	1
7 196	5 1698	1	1
7 196	3 982	1	1
7 196	2 2159	1	1
7 197	7 2092	1	1
7 197	1 2814	1	1
7 197	2 3491	1	1
7 197	2 3881	1	1
7 197	0 1178	1	1
7 197	1 1456	1	1
7 198	7 4192	1	1
7 198	6 3659	1	1
7 198	5 3550	1	1
7 198	1 3334	1	1
7 198	6 1402	1	1
7 198	4 3819	1	1
7 199	3 2280	1	1
7 199	0 2882	1	1
7 199	6 708	1	1
7 199	4 209	1	1
7 199	4 2160	1	1
7 199	0 1508	1	1
7 200	7 2940	1	1
7 200	7 4249	1	1
7 200	2 2553	1	1
7 200	1 673	1	1
7 200	2 2252	1	1
7 200	2 1156	1	1
7 201	7 4968	1	1
7 201	7 1519	1	1
7 201	1 3870	1	1
7 201	0 443	1	1
7 201	0 296	1	1
7 201	0 3182	1	1
7 202	2 379	1	1
7 202	2 3354	1	1
7 202	3 2328	1	1
7 202	6 215	1	1
7 202	2 3002	1	1
7 202	1 4726	1	1
7 203	0 3129	1	1
7 203	0 1234	1	1
7 203	2 1247	1	1
7 203	1 1984	1	1
7 203	1 4674	1	1
7 203	1 3241	1	1
7 204	6 1444	1	1
7 204	5 2585	1	1
7 204	1 3111	1	1
7 204	4 4314	1	1
7 204	4 4114	1	1
7 204	5 3383	1	1
7 205	3 908	1	1
7 205	5 124	1	1
7 205	2 1024	1	1
7 205	2 2150	1	1
7 205	5 3031	1	1
7 205	2 1949	1	1
7 206	7 3103	1	1
7 206	5 1329	1	1
7 206	2 361	1	1
7 206	6 4668	1	1
7 206	6 2896	1	1
7 206	4 2469	1	1
7 207	7 4404	1	1
7 207	7 6	1	1
7 207	5 1933	1	1
7 207	1 748	1	1
7 207	2 1548	1	1
7 207	0 4039	1	1
7 208	7 3744	1	1
7 208	7 36	1	1
7 208	2 105	1	1
7 208	1 4391	1	1
7 208	6 1053	1	1
7 208	0 4519	1	1
7 209	7 861	1	1
7 209	3 4842	1	1
7 209	3 3424	1	1
7 209	2 692	1	1
7 209	4 3523	1	1
7 209	5 2687	1	1
7 210	3 3796	1	1
7 210	6 2064	1	1
7 210	0 1325	1	1
7 210	0 2786	1	1
7 210	1 2212	1	1
7 210	0 876	1	1
7 211	1 1206	1	1
7 211	4 3945	1	1
7 211	6 4236	1	1
7 211	2 889	1	1
7 211	4 61	1	1
7 211	3 608	1	1
7 212	7 2735	1	1
7 212	0 2996	1	1
7 212	3 1116	1	1
7 212	6 1248	1	1
7 212	3 2599	1	1
7 212	0 407	1	1
7 213	7 1868	1	1
7 213	4 3613	1	1
7 213	0 1622	1	1
7 213	6 1753	1	1
7 213	3 1266	1	1
7 213	6 4403	1	1
7 214	7 4554	1	1
7 214	3 15	1	1
7 214	0 2664	1	1
7 214	3 2318	1	1
7 214	6 89	1	1
7 214	3 4344	1	1
7 215	7 2878	1	1
7 215	5 2448	1	1
7 215	5 2437	1	1
7 215	1 2002	1	1
7 215	4 1760	1	1
7 215	4 3127	1	1
7 216	7 1324	1	1
7 216	1 2220	1	1
7 216	3 1853	1	1
7 216	6 945	1	1
7 216	6 3904	1	1
7 216	6 5	1	1
7 217	3 3678	1	1
7 217	3 4176	1	1
7 217	5 1963	1	1
7 217	2 1543	1	1
7 217	4 840	1	1
7 217	5 359	1	1
7 218	7 3779	1	1
7 218	3 1897	1	1
7 218	5 3635	1	1
7 218	2 3200	1	1
7 218	0 277	1	1
7 218	2 1828	1	1
7 219	7 4790	1	1
7 219	3 201	1	1
7 219	4 2194	1	1
7 219	4 257	1	1
7 219	2 110	1	1
7 219	3 1257	1	1
7 220	4 4566	1	1
7 220	5 880	1	1
7 220	5 556	1	1
7 220	5 3890	1	1
7 220	6 1723	1	1
7 220	0 905	1	1
7 221	0 1104	1	1
7 221	0 668	1	1
7 221	3 4398	1	1
7 221	0 3572	1	1
7 221	6 2106	1	1
7 221	0 3440	1	1
7 222	0 4504	1	1
7 222	0 135	1	1
7 222	2 1611	1	1
7 222	1 1684	1	1
7 222	1 2526	1	1
7 222	1 4307	1	1
7 223	7 4286	1	1
7 223	5 4239	1	1
7 223	2 3940	1	1
7 223	6 256	1	1
7 223	6 3797	1	1
7 223	6 4422	1	1
7 224	5 4448	1	1
7 224	1 4787	1	1
7 224	5 1903	1	1
7 224	0 4462	1	1
7 224	0 4815	1	1
7 224	4 2016	1	1
7 225	0 2605	1	1
7 225	4 2543	1	1
7 225	4 933	1	1
7 225	3 1252	1	1
7 225	1 3329	1	1
7 225	6 3848	1	1
7 226	7 3840	1	1
7 226	7 4477	1	1
7 226	0 1981	1	1
7 226	4 3875	1	1
7 226	3 3925	1	1
7 226	6 3824	1	1
7 227	7 4821	1	1
7 227	3 3752	1	1
7 227	4 3119	1	1
7 227	2 4817	1	1
7 227	3 588	1	1
7 227	4 513	1	1
7 228	7 4171	1	1
7 228	7 902	1	1
7 228	4 360	1	1
7 228	3 3295	1	1
7 228	2 1818	1	1
7 228	2 1293	1	1
7 229	7 2814	1	1
7 229	1 1896	1	1
7 229	2 2967	1	1
7 229	2 4437	1	1
7 229	2 768	1	1
7 229	2 232	1	1
7 230	1 2496	1	1
7 230	6 2566	1	1
7 230	2 2340	1	1
7 230	6 1818	1	1
7 230	5 1368	1	1
7 230	6 3054	1	1
7 231	2 1220	1	1
7 231	3 1927	1	1
7 231	1 2439	1	1
7 231	6 1647	1	1
7 231	6 4352	1	1
7 231	5 3332	1	1
7 232	7 2820	1	1
7 232	6 1604	1	1
7 232	1 1265	1	1
7 232	0 4923	1	1
7 232	3 918	1	1
7 232	6 4167	1	1
7 233	5 3661	1	1
7 233	2 3202	1	1
7 233	4 1996	1	1
7 233	1 2379	1	1
7 233	1 4360	1	1
7 233	5 3319	1	1
7 234	7 1975	1	1
7 234	7 3660	1	1
7 234	5 3915	1	1
7 234	3 2068	1	1
7 234	6 1880	1	1
7 234	5 1683	1	1
7 235	7 943	1	1
7 235	6 3751	1	1
7 235	4 2190	1	1
7 235	4 414	1	1
7 235	5 3102	1	1
7 235	3 176	1	1
7 236	7 2130	1	1
7 236	2 3046	1	1
7 236	1 4777	1	1
7 236	0 1097	1	1
7 236	5 1426	1	1
7 236	5 1610	1	1
7 237	7 4491	1	1
7 237	7 1231	1	1
7 237	1 1890	1	1
7 237	3 1462	1	1
7 237	1 1008	1	1
7 237	0 1083	1	1
7 238	7 3767	1	1
7 238	4 3567	1	1
7 238	2 94	1	1
7 238	6 4505	1	1
7 238	3 4800	1	1
7 238	1 4909	1	1
7 239	2 565	1	1
7 239	1 1169	1	1
7 239	2 1319	1	1
7 239	3 4991	1	1
7 239	0 4942	1	1
7 239	2 2799	1	1
7 240	7 322	1	1
7 240	6 1089	1	1
7 240	0 3706	1	1
7 240	5 3386	1	1
7 240	4 1126	1	1
7 240	2 3261	1	1
7 241	7 4346	1	1
7 241	6 2863	1	1
7 241	1 562	1	1
7 241	4 3158	1	1
7 241	5 3764	1	1
7 241	1 2910	1	1
7 242	7 2336	1	1
7 242	1 279	1	1
7 242	0 1591	1	1
7 242	1 2340	1	1
7 242	0 2321	1	1
7 242	5 1810	1	1
7 243	7 4696	1	1
7 243	0 2368	1	1
7 243	5 1613	1	1
7 243	4 1167	1	1
7 243	5 4659	1	1
7 243	0 4908	1	1
7 244	6 2965	1	1
7 244	1 2715	1	1
7 244	5 1732	1	1
7 244	4 4574	1	1
7 244	6 2193	1	1
7 244	1 392	1	1
7 245	3 3187	1	1
7 245	5 4843	1	1
7 245	5 3021	1	1
7 245	6 4114	1	1
7 245	0 4784	1	1
7 245	6 2783	1	1
7 246	1 498	1	1
7 246	2 2352	1	1
7 246	6 935	1	1
7 246	5 4577	1	1
7 246	4 1142	1	1
7 246	3 1744	1	1
7 247	7 3829	1	1
7 247	4 793	1	1
7 247	0 4203	1	1
7 247	3 3492	1	1
7 247	0 1271	1	1
7 247	5 3327	1	1
7 248	1 83	1	1
7 248	2 2930	1	1
7 248	1 4322	1	1
7 248	2 3890	1	1
7 248	0 1676	1	1
7 248	3 2139	1	1
7 249	1 3176	1	1
7 249	5 4735	1	1
7 249	2 1587	1	1
7 249	5 3256	1	1
7 249	4 1766	1	1
7 249	2 3176	1	1
7 250	6 4987	1	1
7 250	0 877	1	1
7 250	4 2653	1	1
7 250	3 695	1	1
7 250	3 1884	1	1
7 250	1 3751	1	1
7 251	4 3714	1	1
7 251	1 4833	1	1
7 251	0 3699	1	1
7 251	3 3007	1	1
7 251	0 1216	1	1
7 251	0 2227	1	1
7 252	6 1046	1	1
7 252	1 684	1	1
7 252	4 1135	1	1
7 252	2 1036	1	1
7 252	3 606	1	1
7 252	5 3417	1	1
7 253	7 3945	1	1
7 253	6 3745	1	1
7 253	2 3741	1	1
7 253	3 2396	1	1
7 253	3 1386	1	1
7 253	4 2931	1	1
7 254	7 2806	1	1
7 254	2 4633	1	1
7 254	6 2185	1	1
7 254	0 3120	1	1
7 254	4 1096	1	1
7 254	5 3207	1	1
7 255	7 4100	1	1
7 255	7 3936	1	1
7 255	3 2027	1	1
7 255	2 3624	1	1
7 255	1 2322	1	1
7 255	1 2497	1	1
7 256	7 1622	1	1
7 256	7 735	1	1
7 256	3 4394	1	1
7 256	5 4269	1	1
7 256	3 4099	1	1
7 256	5 2104	1	1
7 257	0 873	1	1
7 257	5 3023	1	1
7 257	5 3099	1	1
7 257	1 3336	1	1
7 257	4 1276	1	1
7 257	5 760	1	1
7 258	3 540	1	1
7 258	6 3117	1	1
7 258	4 1580	1	1
7 258	2 2437	1	1
7 258	3 4615	1	1
7 258	0 780	1	1
7 259	7 1897	1	1
7 259	6 1931	1	1
7 259	4 1452	1	1
7 259	4 1139	1	1
7 259	2 2372	1	1
7 259	0 278	1	1
7 260	7 1396	1	1
7 260	1 2029	1	1
7 260	0 884	1	1
7 260	2 1224	1	1
7 260	0 2687	1	1
7 260	3 719	1	1
7 261	1 2392	1	1
7 261	6 4738	1	1
7 261	6 3215	1	1
7 261	6 4747	1	1
7 261	6 1136	1	1
7 261	3 1593	1	1
7 262	7 4211	1	1
7 262	4 3315	1	1
7 262	4 1620	1	1
7 262	3 2211	1	1
7 262	0 1975	1	1
7 262	1 2141	1	1
7 263	4 3928	1	1
7 263	5 2744	1	1
7 263	5 1943	1	1
7 263	6 4833	1	1
7 263	6 3739	1	1
7 263	4 2404	1	1
7 264	7 2440	1	1
7 264	7 4196	1	1
7 264	7 1545	1	1
7 264	1 1901	1	1
7 264	6 2818	1	1
7 264	2 1767	1	1
7 265	7 1038	1	1
7 265	5 1318	1	1
7 265	1 4628	1	1
7 265	6 3365	1	1
7 265	0 4195	1	1
7 265	5 3731	1	1
7 266	7 3352	1	1
7 266	7 1659	1	1
7 266	6 635	1	1
7 266	5 2603	1	1
7 266	3 4261	1	1
7 266	3 1961	1	1
7 267	7 1709	1	1
7 267	3 2310	1	1
7 267	6 2548	1	1
7 267	4 2248	1	1
7 267	0 1669	1	1
7 267	4 4459	1	1
7 268	7 1063	1	1
7 268	5 1055	1	1
7 268	0 804	1	1
7 268	0 42	1	1
7 268	5 452	1	1
7 268	3 1756	1	1
7 269	4 1797	1	1
7 269	6 2022	1	1
7 269	4 3490	1	1
7 269	6 819	1	1
7 269	5 704	1	1
7 269	6 697	1	1
7 270	6 1094	1	1
7 270	6 2439	1	1
7 270	6 1113	1	1
7 270	0 2060	1	1
7 270	0 2845	1	1
7 270	4 1243	1	1
7 271	3 175	1	1
7 271	0 4075	1	1
7 271	3 2848	1	1
7 271	5 4295	1	1
7 271	5 401	1	1
7 271	2 384	1	1
7 272	7 2249	1	1
7 272	3 4198	1	1
7 272	5 1104	1	1
7 272	3 1068	1	1
7 272	2 1376	1	1
7 272	1 33	1	1
7 273	7 2063	1	1
7 273	6 3182	1	1
7 273	1 2380	1	1
7 273	4 2832	1	1
7 273	4 3624	1	1
7 273	3 587	1	1
7 274	0 1880	1	1
7 274	2 139	1	1
7 274	6 726	1	1
7 274	5 372	1	1
7 274	3 1123	1	1
7 274	4 331	1	1
7 275	5 2585	1	1
7 275	2 4023	1	1
7 275	4 4310	1	1
7 275	1 1098	1	1
7 275	1 1943	1	1
7 275	3 3594	1	1
7 276	7 190	1	1
7 276	4 1454	1	1
7 276	0 4094	1	1
7 276	4 4280	1	1
7 276	4 3242	1	1
7 276	0 638	1	1
7 277	7 408	1	1
7 277	5 2147	1	1
7 277	4 581	1	1
7 277	4 823	1	1
7 277	0 1090	1	1
7 277	0 3057	1	1
7 278	2 4263	1	1
7 278	1 1892	1	1
7 278	4 3633	1	1
7 278	2 4656	1	1
7 278	6 4231	1	1
7 278	5 3334	1	1
7 279	7 4221	1	1
7 279	7 1440	1	1
7 279	5 1587	1	1
7 279	3 728	1	1
7 279	2 1508	1	1
7 279	6 3038	1	1
7 280	7 4150	1	1
7 280	7 1369	1	1
7 280	2 1846	1	1
7 280	6 2302	1	1
7 280	4 1365	1	1
7 280	5 778	1	1
7 281	7 2131	1	1
7 281	4 3578	1	1
7 281	5 2645	1	1
7 281	6 3487	1	1
7 281	0 2837	1	1
7 281	1 1286	1	1
7 282	7 4526	1	1
7 282	7 4794	1	1
7 282	7 3461	1	1
7 282	6 3745	1	1
7 282	0 914	1	1
7 282	6 1288	1	1
7 283	7 1148	1	1
7 283	7 2420	1	1
7 283	3 1320	1	1
7 283	2 4765	1	1
7 283	0 678	1	1
7 283	0 4464	1	1
7 284	2 767	1	1
7 284	3 4552	1	1
7 284	5 4596	1	1
7 284	5 2337	1	1
7 284	3 691	1	1
7 284	1 364	1	1
7 285	1 4346	1	1
7 285	0 1883	1	1
7 285	6 2413	1	1
7 285	0 4362	1	1
7 285	4 4936	1	1
7 285	4 1332	1	1
7 286	0 1380	1	1
7 286	3 4221	1	1
7 286	0 1157	1	1
7 286	1 818	1	1
7 286	6 4971	1	1
7 286	1 719	1	1
7 287	7 2806	1	1
7 287	4 3360	1	1
7 287	6 4816	1	1
7 287	3 1246	1	1
7 287	6 1121	1	1
7 287	0 888	1	1
7 288	0 3056	1	1
7 288	5 3332	1	1
7 288	6 2041	1	1
7 288	2 3619	1	1
7 288	0 369	1	1
7 288	3 3185	1	1
7 289	2 2928	1	1
7 289	6 542	1	1
7 289	0 3364	1	1
7 289	2 374	1	1
7 289	4 1393	1	1
7 289	3 35	1	1
7 290	7 4074	1	1
7 290	3 1155	1	1
7 290	2 2076	1	1
7 290	3 1640	1	1
7 290	1 949	1	1
7 290	5 2855	1	1
7 291	2 1924	1	1
7 291	0 3315	1	1
7 291	5 3235	1	1
7 291	3 3351	1	1
7 291	4 3160	1	1
7 291	3 2732	1	1
7 292	7 1674	1	1
7 292	3 4189	1	1
7 292	4 2396	1	1
7 292	3 1720	1	1
7 292	2 1832	1	1
7 292	6 3180	1	1
7 293	7 1246	1	1
7 293	3 3551	1	1
7 293	0 4791	1	1
7 293	1 4892	1	1
7 293	4 801	1	1
7 293	2 4149	1	1
7 294	3 4381	1	1
7 294	6 1190	1	1
7 294	1 390	1	1
7 294	4 3699	1	1
7 294	0 1010	1	1
7 294	2 1705	1	1
7 295	7 903	1	1
7 295	0 358	1	1
7 295	3 801	1	1
7 295	0 2409	1	1
7 295	1 215	1	1
7 295	2 492	1	1
7 296	7 778	1	1
7 296	7 2547	1	1
7 296	0 1419	1	1
7 296	5 4819	1	1
7 296	2 3920	1	1
7 296	5 607	1	1
7 297	7 1175	1	1
7 297	1 1468	1	1
7 297	5 1885	1	1
7 297	0 1435	1	1
7 297	6 4152	1	1
7 297	3 4629	1	1
7 298	5 1241	1	1
7 298	6 1466	1	1
7 298	2 3415	1	1
7 298	1 1558	1	1
7 298	6 2739	1	1
7 298	6 1803	1	1
7 299	7 4624	1	1
7 299	1 2387	1	1
7 299	0 2612	1	1
7 299	5 709	1	1
7 299	1 2776	1	1
7 299	2 806	1	1
7 300	7 3013	1	1
7 300	6 4220	1	1
7 300	3 3527	1	1
7 300	4 1693	1	1
7 300	1 4304	1	1
7 300	2 2317	1	1
7 301	7 4839	1	1
7 301	6 3597	1	1
7 301	6 3275	1	1
7 301	3 1411	1	1
7 301	1 1437	1	1
7 301	4 26	1	1
7 302	7 3538	1	1
7 302	7 357	1	1
7 302	2 918	1	1
7 302	6 2690	1	1
7 302	6 469	1	1
7 302	1 788	1	1
7 303	7 3272	1	1
7 303	6 1704	1	1
7 303	3 1225	1	1
7 303	6 1658	1	1
7 303	1 4115	1	1
7 303	4 1515	1	1
7 304	7 3065	1	1
7 304	5 80	1	1
7 304	4 2640	1	1
7 304	2 1738	1	1
7 304	1 2603	1	1
7 304	4 1523	1	1
7 305	7 2166	1	1
7 305	6 425	1	1
7 305	5 916	1	1
7 305	4 999	1	1
7 305	6 4801	1	1
7 305	3 3813	1	1
7 306	7 3994	1	1
7 306	0 4153	1	1
7 306	1 598	1	1
7 306	6 1911	1	1
7 306	3 20	1	1
7 306	4 4121	1	1
7 307	5 4116	1	1
7 307	1 3327	1	1
7 307	3 2458	1	1
7 307	4 971	1	1
7 307	5 431	1	1
7 307	1 2341	1	1
7 308	7 4804	1	1
7 308	7 990	1	1
7 308	2 2616	1	1
7 308	1 258	1	1
7 308	1 1059	1	1
7 308	5 1478	1	1
7 309	7 3845	1	1
7 309	4 3534	1	1
7 309	0 1304	1	1
7 309	2 937	1	1
7 309	2 36	1	1
7 309	3 313	1	1
7 310	7 1795	1	1
7 310	3 1987	1	1
7 310	4 1969	1	1
7 310	2 3263	1	1
7 310	4 173	1	1
7 310	1 2848	1	1
7 311	7 4528	1	1
7 311	7 2009	1	1
7 311	0 1892	1	1
7 311	0 3467	1	1
7 311	1 296	1	1
7 311	4 4012	1	1
7 312	7 527	1	1
7 312	7 335	1	1
7 312	6 4618	1	1
7 312	6 2899	1	1
7 312	3 3497	1	1
7 312	5 4893	1	1
7 313	2 1427	1	1
7 313	5 142	1	1
7 313	1 2075	1	1
7 313	2 3233	1	1
7 313	4 4786	1	1
7 313	2 2720	1	1
7 314	7 4995	1	1
7 314	7 3926	1	1
7 314	1 45	1	1
7 314	4 1037	1	1
7 314	3 3684	1	1
7 314	5 4612	1	1
7 315	7 2638	1	1
7 315	7 2175	1	1
7 315	3 177	1	1
7 315	0 605	1	1
7 315	4 2804	1	1
7 315	5 2977	1	1
7 316	7 2247	1	1
7 316	4 2272	1	1
7 316	4 1779	1	1
7 316	4 4855	1	1
7 316	2 4956	1	1
7 316	6 3727	1	1
7 317	7 3970	1	1
7 317	2 11	1	1
7 317	4 2986	1	1
7 317	4 650	1	1
7 317	5 2931	1	1
7 317	1 3215	1	1
7 318	7 1124	1	1
7 318	1 4787	1	1
7 318	0 3719	1	1
7 318	0 329	1	1
7 318	4 3533	1	1
7 318	0 2226	1	1
7 319	1 2792	1	1
7 319	1 3262	1	1
7 319	4 2446	1	1
7 319	3 1190	1	1
7 319	4 1972	1	1
7 319	2 4347	1	1
7 320	7 4919	1	1
7 320	7 1240	1	1
7 320	7 2502	1	1
7 320	2 1496	1	1
7 320	5 376	1	1
7 320	5 1243	1	1
7 321	7 2020	1	1
7 321	4 1721	1	1
7 321	3 1562	1	1
7 321	6 1361	1	1
7 321	3 3942	1	1
7 321	4 566	1	1
7 322	7 3285	1	1
7 322	5 3572	1	1
7 322	1 3751	1	1
7 322	3 1935	1	1
7 322	0 1203	1	1
7 322	5 1406	1	1
7 323	2 3379	1	1
7 323	5 658	1	1
7 323	6 2276	1	1
7 323	6 1436	1	1
7 323	6 2287	1	1
7 323	3 395	1	1
7 324	6 2265	1	1
7 324	4 2502	1	1
7 324	3 1704	1	1
7 324	5 2033	1	1
7 324	1 389	1	1
7 324	2 74	1	1
7 325	7 2192	1	1
7 325	7 2866	1	1
7 325	5 4259	1	1
7 325	5 2519	1	1
7 325	5 830	1	1
7 325	4 3724	1	1
7 326	5 1131	1	1
7 326	1 4659	1	1
7 326	2 3937	1	1
7 326	3 3548	1	1
7 326	4 2341	1	1
7 326	2 364	1	1
7 327	7 3062	1	1
7 327	4 4099	1	1
7 327	3 623	1	1
7 327	3 2024	1	1
7 327	1 3012	1	1
7 327	0 3327	1	1
7 328	7 2163	1	1
7 328	2 4819	1	1
7 328	2 2624	1	1
7 328	4 3133	1	1
7 328	2 4213	1	1
7 328	0 1990	1	1
7 329	7 2303	1	1
7 329	6 1970	1	1
7 329	6 1760	1	1
7 329	2 894	1	1
7 329	5 1402	1	1
7 329	6 1265	1	1
7 330	7 3046	1	1
7 330	5 3422	1	1
7 330	6 3891	1	1
7 330	1 1475	1	1
7 330	5 4827	1	1
7 330	5 45	1	1
7 331	7 298	1	1
7 331	0 4269	1	1
7 331	1 2919	1	1
7 331	0 2372	1	1
7 331	5 2794	1	1
7 331	3 3189	1	1
7 332	3 3910	1	1
7 332	5 2228	1	1
7 332	6 539	1	1
7 332	5 4427	1	1
7 332	3 2687	1	1
7 332	3 1726	1	1
7 333	7 448	1	1
7 333	4 3011	1	1
7 333	0 1564	1	1
7 333	2 4032	1	1
7 333	4 3262	1	1
7 333	1 2387	1	1
7 334	7 217	1	1
7 334	4 3815	1	1
7 334	2 2383	1	1
7 334	6 2333	1	1
7 334	4 916	1	1
7 334	3 4631	1	1
7 335	0 1471	1	1
7 335	0 7	1	1
7 335	2 427	1	1
7 335	0 355	1	1
7 335	5 1420	1	1
7 335	5 2652	1	1
7 336	7 4252	1	1
7 336	7 1094	1	1
7 336	5 4323	1	1
7 336	3 2092	1	1
7 336	0 973	1	1
7 336	3 4300	1	1
7 337	7 4978	1	1
7 337	4 888	1	1
7 337	0 4739	1	1
7 337	4 134	1	1
7 337	3 698	1	1
7 337	6 2332	1	1
7 338	1 121	1	1
7 338	0 1330	1	1
7 338	6 4084	1	1
7 338	6 4089	1	1
7 338	1 471	1	1
7 338	4 3628	1	1
7 339	7 997	1	1
7 339	7 1687	1	1
7 339	4 36	1	1
7 339	1 2112	1	1
7 339	3 2450	1	1
7 339	2 983	1	1
7 340	7 1130	1	1
7 340	7 4091	1	1
7 340	1 4961	1	1
7 340	5 3248	1	1
7 340	0 4465	1	1
7 340	5 4727	1	1
7 341	1 1376	1	1
7 341	0 2701	1	1
7 341	0 3085	1	1
7 341	4 4004	1	1
7 341	0 4435	1	1
7 341	2 347	1	1
7 342	7 1377	1	1
7 342	5 4103	1	1
7 342	3 2522	1	1
7 342	2 2501	1	1
7 342	6 779	1	1
7 342	6 1527	1	1
7 343	4 2092	1	1
7 343	1 4743	1	1
7 343	2 3876	1	1
7 343	0 806	1	1
7 343	5 2580	1	1
7 343	6 3072	1	1
7 344	7 2160	1	1
7 344	5 2169	1	1
7 344	0 3593	1	1
7 344	4 3716	1	1
7 344	5 564	1	1
7 344	5 3276	1	1
7 345	4 2130	1	1
7 345	5 1529	1	1
7 345	5 4209	1	1
7 345	5 3234	1	1
7 345	2 830	1	1
7 345	4 394	1	1
7 346	6 1910	1	1
7 346	1 241	1	1
7 346	2 101	1	1
7 346	1 257	1	1
7 346	1 503	1	1
7 346	1 250	1	1
7 347	3 3415	1	1
7 347	6 4948	1	1
7 347	3 3714	1	1
7 347	6 3032	1	1
7 347	1 2324	1	1
7 347	0 535	1	1
7 348	7 1403	1	1
7 348	0 1390	1	1
7 348	0 657	1	1
7 348	0 4613	1	1
7 348	3 413	1	1
7 348	0 2547	1	1
7 349	7 4565	1	1
7 349	4 485	1	1
7 349	3 3379	1	1
7 349	1 1501	1	1
7 349	1 1541	1	1
7 349	6 4935	1	1
7 350	3 2088	1	1
7 350	4 2881	1	1
7 350	4 2141	1	1
7 350	0 3523	1	1
7 350	4 568	1	1
7 350	0 863	1	1
7 351	3 4807	1	1
7 351	3 2550	1	1
7 351	3 4627	1	1
7 351	5 4331	1	1
7 351	6 1262	1	1
7 351	6 2145	1	1
7 352	5 3831	1	1
7 352	4 4292	1	1
7 352	3 3550	1	1
7 352	4 4136	1	1
7 352	1 2509	1	1
7 352	2 3998	1	1
7 353	7 1706	1	1
7 353	3 456	1	1
7 353	6 634	1	1
7 353	6 2368	1	1
7 353	5 1861	1	1
7 353	4 1478	1	1
7 354	7 1640	1	1
7 354	7 879	1	1
7 354	6 406	1	1
7 354	0 1646	1	1
7 354	3 2742	1	1
7 354	5 3780	1	1
7 355	5 3601	1	1
7 355	2 4074	1	1
7 355	4 3306	1	1
7 355	4 4007	1	1
7 355	6 3475	1	1
7 355	2 3405	1	1
7 356	7 1437	1	1
7 356	5 3133	1	1
7 356	4 2392	1	1
7 356	3 975	1	1
7 356	4 3493	1	1
7 356	0 2507	1	1
7 357	7 207	1	1
7 357	1 581	1	1
7 357	1 1480	1	1
7 357	6 2137	1	1
7 357	1 43	1	1
7 357	3 550	1	1
7 358	5 2415	1	1
7 358	5 3791	1	1
7 358	1 2745	1	1
7 358	5 86	1	1
7 358	0 1130	1	1
7 358	1 3435	1	1
7 359	3 2138	1	1
7 359	1 1669	1	1
7 359	6 1924	1	1
7 359	1 4776	1	1
7 359	3 1909	1	1
7 359	6 4055	1	1
7 360	7 4086	1	1
7 360	7 2168	1	1
7 360	5 317	1	1
7 360	4 340	1	1
7 360	0 3439	1	1
7 360	2 4299	1	1
7 361	7 4376	1	1
7 361	5 3886	1	1
7 361	1 3361	1	1
7 361	1 2404	1	1
7 361	1 1241	1	1
7 361	5 4175	1	1
7 362	7 2160	1	1
7 362	0 176	1	1
7 362	6 1355	1	1
7 362	3 4913	1	1
7 362	3 575	1	1
7 362	1 2181	1	1
7 363	7 18	1	1
7 363	1 4395	1	1
7 363	1 2017	1	1
7 363	0 3118	1	1
7 363	4 1938	1	1
7 363	4 1711	1	1
7 364	7 1950	1	1
7 364	0 1384	1	1
7 364	6 4583	1	1
7 364	2 1138	1	1
7 364	2 2833	1	1
7 364	4 471	1	1
7 365	7 659	1	1
7 365	6 3480	1	1
7 365	2 4847	1	1
7 365	2 295	1	1
7 365	0 3103	1	1
7 365	5 1552	1	1
7 366	7 1569	1	1
7 366	7 1108	1	1
7 366	6 1971	1	1
7 366	1 2261	1	1
7 366	4 2783	1	1
7 366	6 2346	1	1
7 367	2 1952	1	1
7 367	1 4764	1	1
7 367	0 1390	1	1
7 367	1 324	1	1
7 367	2 2890	1	1
7 367	4 804	1	1
7 368	7 4995	1	1
7 368	7 1381	1	1
7 368	1 764	1	1
7 368	2 4426	1	1
7 368	4 1616	1	1
7 368	3 1201	1	1
7 369	7 4179	1	1
7 369	3 3490	1	1
7 369	3 4856	1	1
7 369	0 3031	1	1
7 369	0 3657	1	1
7 369	6 3588	1	1
7 370	6 4421	1	1
7 370	0 3594	1	1
7 370	0 388	1	1
7 370	4 2307	1	1
7 370	2 3128	1	1
7 370	3 4252	1	1
7 371	7 2182	1	1
7 371	7 3825	1	1
7 371	2 4384	1	1
7 371	1 1020	1	1
7 371	5 852	1	1
7 371	5 4886	1	1
7 372	3 4661	1	1
7 372	1 2003	1	1
7 372	4 3328	1	1
7 372	5 3627	1	1
7 372	4 4890	1	1
7 372	0 4691	1	1
7 373	7 3819	1	1
7 373	7 4741	1	1
7 373	0 989	1	1
7 373	2 3338	1	1
7 373	2 907	1	1
7 373	3 112	1	1
7 374	6 1616	1	1
7 374	0 54	1	1
7 374	4 2398	1	1
7 374	1 4107	1	1
7 374	0 4435	1	1
7 374	1 1795	1	1
7 375	7 626	1	1
7 375	3 675	1	1
7 375	6 1031	1	1
7 375	2 3755	1	1
7 375	2 572	1	1
7 375	3 1192	1	1
7 376	7 1118	1	1
7 376	7 4369	1	1
7 376	0 1043	1	1
7 376	6 3632	1	1
7 376	5 280	1	1
7 376	1 2763	1	1
7 377	2 1156	1	1
7 377	4 4402	1	1
7 377	5 4979	1	1
7 377	6 3910	1	1
7 377	4 26	1	1
7 377	1 2026	1	1
7 378	7 412	1	1
7 378	7 2658	1	1
7 378	6 1601	1	1
7 378	5 1308	1	1
7 378	3 853	1	1
7 378	5 373	1	1
7 379	7 171	1	1
7 379	6 3769	1	1
7 379	4 4304	1	1
7 379	5 533	1	1
7 379	3 3173	1	1
7 379	2 4417	1	1
7 380	5 2914	1	1
7 380	5 2888	1	1
7 380	2 2996	1	1
7 380	5 4115	1	1
7 380	1 2792	1	1
7 380	5 3628	1	1
7 381	0 1904	1	1
7 381	1 4855	1	1
7 381	1 4380	1	1
7 381	2 4430	1	1
7 381	1 4223	1	1
7 381	1 1532	1	1
7 382	1 2602	1	1
7 382	1 388	1	1
7 382	4 3749	1	1
7 382	4 348	1	1
7 382	1 1148	1	1
7 382	4 3777	1	1
7 383	4 3338	1	1
7 383	1 4029	1	1
7 383	3 4464	1	1
7 383	1 4967	1	1
7 383	2 1060	1	1
7 383	0 3870	1	1
7 384	3 3462	1	1
7 384	6 2266	1	1
7 384	0 4753	1	1
7 384	3 4458	1	1
7 384	0 550	1	1
7 384	4 4071	1	1
7 385	0 1404	1	1
7 385	4 2193	1	1
7 385	2 2573	1	1
7 385	1 2039	1	1
7 385	3 2231	1	1
7 385	4 2291	1	1
7 386	7 4882	1	1
7 386	3 544	1	1
7 386	2 1402	1	1
7 386	5 714	1	1
7 386	2 74	1	1
7 386	4 580	1	1
7 387	6 4304	1	1
7 387	4 3292	1	1
7 387	5 1886	1	1
7 387	3 2902	1	1
7 387	4 4978	1	1
7 387	3 2673	1	1
7 388	2 4291	1	1
7 388	4 3628	1	1
7 388	6 2755	1	1
7 388	2 1423	1	1
7 388	0 1654	1	1
7 388	2 624	1	1
7 389	7 495	1	1
7 389	7 175	1	1
7 389	3 3841	1	1
7 389	5 220	1	1
7 389	2 4405	1	1
7 389	6 4434	1	1
7 390	7 528	1	1
7 390	2 3366	1	1
7 390	5 3058	1	1
7 390	5 4428	1	1
7 390	6 265	1	1
7 390	4 4932	1	1
7 391	7 4044	1	1
7 391	6 686	1	1
7 391	5 1688	1	1
7 391	4 2087	1	1
7 391	3 2164	1	1
7 391	0 2582	1	1
7 392	7 3363	1	1
7 392	5 2333	1	1
7 392	6 606	1	1
7 392	0 1839	1	1
7 392	3 3223	1	1
7 392	5 4890	1	1
7 393	7 1570	1	1
7 393	7 803	1	1
7 393	3 2841	1	1
7 393	1 2311	1	1
7 393	0 1034	1	1
7 393	1 1930	1	1
7 394	7 2458	1	1
7 394	7 1940	1	1
7 394	6 395	1	1
7 394	2 4112	1	1
7 394	4 41	1	1
7 394	3 996	1	1
7 395	7 2360	1	1
7 395	6 4056	1	1
7 395	3 2030	1	1
7 395	0 4108	1	1
7 395	4 4860	1	1
7 395	4 3725	1	1
7 396	7 4679	1	1
7 396	7 2974	1	1
7 396	7 785	1	1
7 396	1 4084	1	1
7 396	0 1081	1	1
7 396	5 2041	1	1
7 397	7 4902	1	1
7 397	5 2063	1	1
7 397	0 638	1	1
7 397	2 4290	1	1
7 397	0 1975	1	1
7 397	4 4473	1	1
7 398	7 870	1	1
7 398	4 4169	1	1
7 398	4 2417	1	1
7 398	2 1497	1	1
7 398	2 4931	1	1
7 398	5 4857	1	1
7 399	7 4785	1	1
7 399	2 2077	1	1
7 399	4 2452	1	1
7 399	0 1098	1	1
7 399	3 1511	1	1
7 399	4 3928	1	1
7 400	7 1915	1	1
7 400	7 2662	1	1
7 400	6 4271	1	1
7 400	2 1252	1	1
7 400	3 1968	1	1
7 400	4 559	1	1
7 401	5 893	1	1
7 401	0 559	1	1
7 401	2 2557	1	1
7 401	2 4990	1	1
7 401	6 4776	1	1
7 401	0 4204	1	1
7 402	7 515	1	1
7 402	5 4764	1	1
7 402	3 2873	1	1
7 402	1 1840	1	1
7 402	2 1511	1	1
7 402	3 1083	1	1
7 403	5 192	1	1
7 403	2 3183	1	1
7 403	0 4231	1	1
7 403	3 4086	1	1
7 403	5 1161	1	1
7 403	4 424	1	1
7 404	7 4139	1	1
7 404	7 4087	1	1
7 404	1 4299	1	1
7 404	2 4738	1	1
7 404	5 2027	1	1
7 404	0 2759	1	1
7 405	7 2860	1	1
7 405	2 4526	1	1
7 405	5 123	1	1
7 405	5 3368	1	1
7 405	6 4832	1	1
7 405	6 322	1	1
7 406	7 891	1	1
7 406	6 1101	1	1
7 406	6 4618	1	1
7 406	1 2279	1	1
7 406	6 2276	1	1
7 406	6 1487	1	1
7 407	7 969	1	1
7 407	4 4323	1	1
7 407	6 592	1	1
7 407	1 1517	1	1
7 407	5 2694	1	1
7 407	2 4966	1	1
7 408	4 4308	1	1
7 408	4 3636	1	1
7 408	4 601	1	1
7 408	3 3226	1	1
7 408	5 3696	1	1
7 408	5 1280	1	1
7 409	4 3729	1	1
7 409	3 4441	1	1
7 409	4 2143	1	1
7 409	5 1958	1	1
7 409	5 1574	1	1
7 409	3 1492	1	1
7 410	7 2408	1	1
7 410	7 491	1	1
7 410	6 955	1	1
7 410	3 3950	1	1
7 410	6 788	1	1
7 410	5 4117	1	1
7 411	5 1966	1	1
7 411	2 4182	1	1
7 411	3 1483	1	1
7 411	6 835	1	1
7 411	3 4218	1	1
7 411	2 305	1	1
7 412	2 2336	1	1
7 412	2 2611	1	1
7 412	0 2818	1	1
7 412	6 4633	1	1
7 412	2 4963	1	1
7 412	5 3680	1	1
7 413	4 2836	1	1
7 413	6 1934	1	1
7 413	5 2963	1	1
7 413	2 1402	1	1
7 413	2 2905	1	1
7 413	4 4706	1	1
7 414	7 2135	1	1
7 414	0 294	1	1
7 414	3 4529	1	1
7 414	2 3150	1	1
7 414	1 1199	1	1
7 414	2 4879	1	1
7 415	7 3705	1	1
7 415	7 3769	1	1
7 415	7 3698	1	1
7 415	6 4828	1	1
7 415	5 2537	1	1
7 415	1 1930	1	1
7 416	1 3370	1	1
7 416	2 2237	1	1
7 416	4 1813	1	1
7 416	4 1289	1	1
7 416	6 2619	1	1
7 416	5 3133	1	1
7 417	4 1478	1	1
7 417	2 4211	1	1
7 417	5 1871	1	1
7 417	5 1923	1	1
7 417	6 3886	1	1
7 417	5 2201	1	1
7 418	3 815	1	1
7 418	4 4239	1	1
7 418	1 2651	1	1
7 418	3 3181	1	1
7 418	0 4933	1	1
7 418	5 2172	1	1
7 419	7 4232	1	1
7 419	2 2649	1	1
7 419	5 4176	1	1
7 419	2 3537	1	1
7 419	1 4706	1	1
7 419	0 2479	1	1
7 420	0 1436	1	1
7 420	1 2765	1	1
7 420	2 2450	1	1
7 420	6 1559	1	1
7 420	1 2221	1	1
7 420	0 4371	1	1
7 421	4 4532	1	1
7 421	2 3141	1	1
7 421	5 3839	1	1
7 421	3 2161	1	1
7 421	2 1734	1	1
7 421	6 216	1	1
7 422	7 583	1	1
7 422	7 4621	1	1
7 422	7 2808	1	1
7 422	4 1680	1	1
7 422	0 2755	1	1
7 422	2 2606	1	1
7 423	7 4448	1	1
7 423	7 395	1	1
7 423	2 651	1	1
7 423	1 4383	1	1
7 423	3 4875	1	1
7 423	1 1987	1	1
7 424	7 2213	1	1
7 424	4 2645	1	1
7 424	5 3566	1	1
7 424	2 1245	1	1
7 424	6 720	1	1
7 424	0 4321	1	1
7 425	3 4388	1	1
7 425	0 609	1	1
7 425	3 4922	1	1
7 425	5 3992	1	1
7 425	1 4899	1	1
7 425	0 1387	1	1
7 426	1 838	1	1
7 426	2 2458	1	1
7 426	5 1526	1	1
7 426	0 625	1	1
7 426	5 2697	1	1
7 426	4 3093	1	1
7 427	6 4389	1	1
7 427	0 1359	1	1
7 427	2 2007	1	1
7 427	0 87	1	1
7 427	5 4634	1	1
7 427	5 1832	1	1
7 428	7 3968	1	1
7 428	2 4114	1	1
7 428	3 4647	1	1
7 428	1 3187	1	1
7 428	4 4297	1	1
7 428	6 1652	1	1
7 429	7 538	1	1
7 429	0 2082	1	1
7 429	6 98	1	1
7 429	6 3741	1	1
7 429	6 337	1	1
7 429	6 2949	1	1
7 430	7 4135	1	1
7 430	0 1272	1	1
7 430	5 4932	1	1
7 430	6 3072	1	1
7 430	4 452	1	1
7 430	4 4400	1	1
7 431	7 2776	1	1
7 431	4 4931	1	1
7 431	4 4099	1	1
7 431	6 3892	1	1
7 431	1 61	1	1
7 431	1 4492	1	1
7 432	7 4286	1	1
7 432	0 333	1	1
7 432	2 1093	1	1
7 432	1 4515	1	1
7 432	6 1318	1	1
7 432	2 3834	1	1
7 433	4 2326	1	1
7 433	0 4274	1	1
7 433	3 235	1	1
7 433	2 1182	1	1
7 433	3 2507	1	1
7 433	2 68	1	1
7 434	7 3057	1	1
7 434	6 4763	1	1
7 434	3 4966	1	1
7 434	5 3457	1	1
7 434	0 3218	1	1
7 434	2 3716	1	1
7 435	7 2163	1	1
7 435	7 1273	1	1
7 435	3 4330	1	1
7 435	4 272	1	1
7 435	3 411	1	1
7 435	6 4241	1	1
7 436	7 4993	1	1
7 436	7 1601	1	1
7 436	2 2536	1	1
7 436	5 672	1	1
7 436	0 4014	1	1
7 436	3 576	1	1
7 437	5 4712	1	1
7 437	0 949	1	1
7 437	4 4911	1	1
7 437	6 3228	1	1
7 437	1 828	1	1
7 437	3 763	1	1
7 438	2 4659	1	1
7 438	3 1129	1	1
7 438	6 2049	1	1
7 438	6 498	1	1
7 438	4 2763	1	1
7 438	2 3338	1	1
7 439	7 2599	1	1
7 439	4 2995	1	1
7 439	1 4502	1	1
7 439	0 1027	1	1
7 439	5 253	1	1
7 439	1 110	1	1
7 440	0 1533	1	1
7 440	2 180	1	1
7 440	3 3359	1	1
7 440	4 1602	1	1
7 440	5 264	1	1
7 440	0 2819	1	1
7 441	7 1359	1	1
7 441	7 2784	1	1
7 441	5 4366	1	1
7 441	3 3804	1	1
7 441	0 3291	1	1
7 441	3 1011	1	1
7 442	4 4202	1	1
7 442	5 2357	1	1
7 442	4 1507	1	1
7 442	2 1459	1	1
7 442	2 2641	1	1
7 442	6 4347	1	1
7 443	6 4902	1	1
7 443	5 3403	1	1
7 443	0 3169	1	1
7 443	5 1521	1	1
7 443	1 590	1	1
7 443	1 4683	1	1
7 444	7 1387	1	1
7 444	3 4952	1	1
7 444	1 1093	1	1
7 444	3 2613	1	1
7 444	2 3470	1	1
7 444	2 4085	1	1
7 445	4 3238	1	1
7 445	1 2307	1	1
7 445	6 307	1	1
7 445	6 1712	1	1
7 445	3 1584	1	1
7 445	4 1075	1	1
7 446	7 2231	1	1
7 446	5 2679	1	1
7 446	3 4242	1	1
7 446	5 3155	1	1
7 446	0 1305	1	1
7 446	0 2408	1	1
7 447	6 447	1	1
7 447	4 442	1	1
7 447	3 625	1	1
7 447	3 614	1	1
7 447	5 1851	1	1
7 447	0 4261	1	1
7 448	7 2267	1	1
7 448	3 3672	1	1
7 448	6 2725	1	1
7 448	3 1135	1	1
7 448	3 1672	1	1
7 448	6 262	1	1
7 449	7 2092	1	1
7 449	5 2922	1	1
7 449	0 2949	1	1
7 449	5 2540	1	1
7 449	4 2779	1	1
7 449	6 2819	1	1
7 450	7 4807	1	1
7 450	0 1742	1	1
7 450	1 1370	1	1
7 450	4 879	1	1
7 450	3 2513	1	1
7 450	3 4214	1	1
7 451	7 1070	1	1
7 451	0 2488	1	1
7 451	3 1530	1	1
7 451	4 1561	1	1
7 451	4 192	1	1
7 451	0 170	1	1
7 452	7 2201	1	1
7 452	7 1874	1	1
7 452	7 4889	1	1
7 452	5 2430	1	1
7 452	6 2354	1	1
7 452	1 2700	1	1
7 453	3 4466	1	1
7 453	3 1979	1	1
7 453	3 3499	1	1
7 453	4 924	1	1
7 453	2 3944	1	1
7 453	1 4307	1	1
7 454	7 4297	1	1
7 454	7 4321	1	1
7 454	6 4776	1	1
7 454	4 4284	1	1
7 454	5 3735	1	1
7 454	2 4762	1	1
7 455	5 3856	1	1
7 455	1 2217	1	1
7 455	4 752	1	1
7 455	4 1733	1	1
7 455	2 2181	1	1
7 455	5 278	1	1
7 456	7 2843	1	1
7 456	7 3182	1	1
7 456	7 4655	1	1
7 456	5 693	1	1
7 456	1 3402	1	1
7 456	3 2377	1	1
7 457	5 4028	1	1
7 457	3 208	1	1
7 457	4 659	1	1
7 457	1 3884	1	1
7 457	4 1634	1	1
7 457	6 825	1	1
7 458	7 2885	1	1
7 458	0 4568	1	1
7 458	1 251	1	1
7 458	5 517	1	1
7 458	0 1938	1	1
7 458	3 3573	1	1
7 459	7 3259	1	1
7 459	0 4033	1	1
7 459	1 3	1	1
7 459	0 155	1	1
7 459	4 4380	1	1
7 459	5 1826	1	1
7 460	7 1202	1	1
7 460	5 2268	1	1
7 460	0 1213	1	1
7 460	3 532	1	1
7 460	1 4866	1	1
7 460	2 2471	1	1
7 461	4 2429	1	1
7 461	3 1682	1	1
7 461	2 4670	1	1
7 461	3 3999	1	1
7 461	0 3980	1	1
7 461	3 3189	1	1
7 462	0 1372	1	1
7 462	2 3660	1	1
7 462	2 246	1	1
7 462	1 3129	1	1
7 462	5 4901	1	1
7 462	3 4895	1	1
7 463	5 1549	1	1
7 463	1 2819	1	1
7 463	2 2551	1	1
7 463	0 2552	1	1
7 463	2 3704	1	1
7 463	3 494	1	1
7 464	7 2439	1	1
7 464	2 1860	1	1
7 464	6 1499	1	1
7 464	1 4428	1	1
7 464	3 328	1	1
7 464	4 698	1	1
7 465	4 4915	1	1
7 465	4 3953	1	1
7 465	4 3359	1	1
7 465	0 4131	1	1
7 465	5 149	1	1
7 465	4 3234	1	1
7 466	7 3567	1	1
7 466	6 2503	1	1
7 466	2 4048	1	1
7 466	2 2405	1	1
7 466	2 3138	1	1
7 466	3 3929	1	1
7 467	2 2000	1	1
7 467	6 666	1	1
7 467	4 2738	1	1
7 467	0 2253	1	1
7 467	2 2153	1	1
7 467	3 3938	1	1
7 468	7 515	1	1
7 468	4 2502	1	1
7 468	1 3527	1	1
7 468	5 1215	1	1
7 468	2 2761	1	1
7 468	0 3420	1	1
7 469	7 255	1	1
7 469	7 3727	1	1
7 469	7 4169	1	1
7 469	1 3481	1	1
7 469	1 746	1	1
7 469	2 3928	1	1
7 470	7 3166	1	1
7 470	0 1380	1	1
7 470	1 936	1	1
7 470	2 4925	1	1
7 470	1 4869	1	1
7 470	1 4337	1	1
7 471	7 4856	1	1
7 471	5 1096	1	1
7 471	2 2465	1	1
7 471	1 4323	1	1
7 471	4 2796	1	1
7 471	0 531	1	1
7 472	7 4202	1	1
7 472	7 4987	1	1
7 472	4 3948	1	1
7 472	0 4753	1	1
7 472	5 50	1	1
7 472	4 1759	1	1
7 473	6 1098	1	1
7 473	5 4911	1	1
7 473	5 456	1	1
7 473	3 1185	1	1
7 473	5 3715	1	1
7 473	0 1614	1	1
7 474	6 1561	1	1
7 474	3 1075	1	1
7 474	2 400	1	1
7 474	4 2540	1	1
7 474	2 2569	1	1
7 474	6 254	1	1
7 475	7 417	1	1
7 475	1 1742	1	1
7 475	0 4735	1	1
7 475	5 4164	1	1
7 475	1 3495	1	1
7 475	4 4286	1	1
7 476	7 4203	1	1
7 476	7 3214	1	1
7 476	7 4737	1	1
7 476	2 2556	1	1
7 476	4 380	1	1
7 476	1 1382	1	1
7 477	6 4015	1	1
7 477	1 523	1	1
7 477	3 12	1	1
7 477	3 3385	1	1
7 477	0 322	1	1
7 477	1 4077	1	1
7 478	0 3929	1	1
7 478	0 2779	1	1
7 478	1 447	1	1
7 478	0 3402	1	1
7 478	2 407	1	1
7 478	5 1464	1	1
7 479	7 1703	1	1
7 479	3 2099	1	1
7 479	0 1517	1	1
7 479	0 4071	1	1
7 479	0 1163	1	1
7 479	1 4569	1	1
7 480	7 4079	1	1
7 480	7 739	1	1
7 480	2 3481	1	1
7 480	3 2772	1	1
7 480	5 4635	1	1
7 480	5 3038	1	1
7 481	1 2599	1	1
7 481	4 3473	1	1
7 481	6 3329	1	1
7 481	5 3186	1	1
7 481	3 643	1	1
7 481	0 4484	1	1
7 482	5 388	1	1
7 482	4 4335	1	1
7 482	4 4697	1	1
7 482	4 2591	1	1
7 482	2 4874	1	1
7 482	0 1929	1	1
7 483	7 1973	1	1
7 483	6 2061	1	1
7 483	1 4876	1	1
7 483	5 927	1	1
7 483	0 4738	1	1
7 483	4 624	1	1
7 484	7 2301	1	1
7 484	0 2667	1	1
7 484	0 4846	1	1
7 484	2 3024	1	1
7 484	6 2999	1	1
7 484	6 2017	1	1
7 485	7 4708	1	1
7 485	1 666	1	1
7 485	3 722	1	1
7 485	5 300	1	1
7 485	2 4044	1	1
7 485	2 2510	1	1
7 486	7 635	1	1
7 486	7 4105	1	1
7 486	7 4619	1	1
7 486	6 3481	1	1
7 486	1 4856	1	1
7 486	5 3913	1	1
7 487	7 1551	1	1
7 487	0 2628	1	1
7 487	0 2911	1	1
7 487	1 4800	1	1
7 487	4 4257	1	1
7 487	5 589	1	1
7 488	5 1789	1	1
7 488	6 1279	1	1
7 488	2 2303	1	1
7 488	2 2680	1	1
7 488	3 4004	1	1
7 488	4 4456	1	1
7 489	7 2546	1	1
7 489	6 4985	1	1
7 489	6 4315	1	1
7 489	3 3843	1	1
7 489	5 3272	1	1
7 489	6 4310	1	1
7 490	7 3850	1	1
7 490	7 917	1	1
7 490	7 1915	1	1
7 490	4 1584	1	1
7 490	5 2292	1	1
7 490	6 2432	1	1
7 491	7 4421	1	1
7 491	3 791	1	1
7 491	5 4409	1	1
7 491	6 3525	1	1
7 491	0 3439	1	1
7 491	2 1638	1	1
7 492	7 2035	1	1
7 492	7 1324	1	1
7 492	1 49	1	1
7 492	3 2544	1	1
7 492	5 2236	1	1
7 492	3 2708	1	1
7 493	7 2642	1	1
7 493	5 3535	1	1
7 493	4 4966	1	1
7 493	0 1611	1	1
7 493	1 2966	1	1
7 493	3 3382	1	1
7 494	4 2527	1	1
7 494	3 873	1	1
7 494	5 3979	1	1
7 494	5 638	1	1
7 494	6 4361	1	1
7 494	0 1432	1	1
7 495	7 2579	1	1
7 495	7 1475	1	1
7 495	1 3398	1	1
7 495	3 1407	1	1
7 495	2 4977	1	1
7 495	1 572	1	1
7 496	7 2827	1	1
7 496	6 4058	1	1
7 496	0 1717	1	1
7 496	5 1802	1	1
7 496	1 110	1	1
7 496	4 2106	1	1
7 497	7 4026	1	1
7 497	0 1723	1	1
7 497	3 775	1	1
7 497	1 1194	1	1
7 497	1 3730	1	1
7 497	3 758	1	1
7 498	7 4551	1	1
7 498	7 4287	1	1
7 498	7 894	1	1
7 498	0 4645	1	1
7 498	1 4464	1	1
7 498	0 1350	1	1
7 499	7 25	1	1
7 499	7 1262	1	1
7 499	3 1297	1	1
7 499	4 4689	1	1
7 499	6 4803	1	1
7 499	1 2027	1	1
7 500	2 4015	1	1
7 500	5 36	1	1
7 500	1 2208	1	1
7 500	1 4191	1	1
7 500	4 873	1	1
7 500	2 763	1	1
7 501	7 4938	1	1
7 501	6 4546	1	1
7 501	2 2087	1	1
7 501	3 708	1	1
7 501	1 2300	1	1
7 501	6 3868	1	1
7 502	7 1693	1	1
7 502	5 1097	1	1
7 502	0 3029	1	1
7 502	4 4827	1	1
7 502	4 3353	1	1
7 502	1 2617	1	1
7 503	7 879	1	1
7 503	1 4160	1	1
7 503	6 2346	1	1
7 503	4 3225	1	1
7 503	5 229	1	1
7 503	0 2228	1	1
7 504	0 2286	1	1
7 504	3 4821	1	1
7 504	6 3440	1	1
7 504	0 3821	1	1
7 504	2 245	1	1
7 504	2 408	1	1
7 505	6 534	1	1
7 505	0 3002	1	1
7 505	5 1297	1	1
7 505	4 1312	1	1
7 505	2 2456	1	1
7 505	3 781	1	1
7 506	2 307	1	1
7 506	1 966	1	1
7 506	4 3337	1	1
7 506	0 1360	1	1
7 506	1 3911	1	1
7 506	1 2327	1	1
7 507	7 3615	1	1
7 507	2 921	1	1
7 507	4 4857	1	1
7 507	5 3982	1	1
7 507	6 2548	1	1
7 507	0 4433	1	1
7 508	7 3121	1	1
7 508	3 2186	1	1
7 508	0 1535	1	1
7 508	3 2458	1	1
7 508	5 3933	1	1
7 508	6 3775	1	1
7 509	7 4917	1	1
7 509	7 1509	1	1
7 509	0 1013	1	1
7 509	5 1604	1	1
7 509	5 1857	1	1
7 509	5 101	1	1
7 510	0 3675	1	1
7 510	3 3465	1	1
7 510	5 942	1	1
7 510	5 1917	1	1
7 510	5 4720	1	1
7 510	4 2101	1	1
7 511	5 1528	1	1
7 511	2 1736	1	1
7 511	3 4815	1	1
7 511	2 3063	1	1
7 511	4 4420	1	1
7 511	1 4625	1	1
7 512	7 4840	1	1
7 512	7 1406	1	1
7 512	7 3910	1	1
7 512	3 3522	1	1
7 512	0 1402	1	1
7 512	5 4944	1	1
7 513	1 3207	1	1
7 513	1 3898	1	1
7 513	6 3610	1	1
7 513	2 4878	1	1
7 513	3 3029	1	1
7 513	4 822	1	1
7 514	0 969	1	1
7 514	0 3130	1	1
7 514	5 4363	1	1
7 514	2 1374	1	1
7 514	3 2939	1	1
7 514	6 376	1	1
7 515	4 435	1	1
7 515	3 4136	1	1
7 515	5 1644	1	1
7 515	3 1472	1	1
7 515	2 2510	1	1
7 515	3 2527	1	1
7 516	4 30	1	1
7 516	0 4814	1	1
7 516	3 230	1	1
7 516	4 4360	1	1
7 516	6 4367	1	1
7 516	6 2564	1	1
7 517	7 2651	1	1
7 517	5 2935	1	1
7 517	0 2836	1	1
7 517	0 3526	1	1
7 517	3 4309	1	1
7 517	0 1711	1	1
7 518	6 360	1	1
7 518	1 3219	1	1
7 518	6 2295	1	1
7 518	0 1398	1	1
7 518	0 2400	1	1
7 518	3 314	1	1
7 519	2 1216	1	1
7 519	1 3634	1	1
7 519	4 1658	1	1
7 519	4 1231	1	1
7 519	1 2989	1	1
7 519	6 4479	1	1
7 520	5 357	1	1
7 520	3 128	1	1
7 520	3 759	1	1
7 520	2 525	1	1
7 520	0 3932	1	1
7 520	0 100	1	1
7 521	4 1152	1	1
7 521	0 2056	1	1
7 521	4 4392	1	1
7 521	2 4924	1	1
7 521	5 1642	1	1
7 521	0 1953	1	1
7 522	1 1420	1	1
7 522	0 138	1	1
7 522	5 3678	1	1
7 522	6 4581	1	1
7 522	3 3525	1	1
7 522	1 4017	1	1
7 523	7 4850	1	1
7 523	4 1553	1	1
7 523	4 844	1	1
7 523	4 3607	1	1
7 523	0 4679	1	1
7 523	5 4609	1	1
7 524	0 4676	1	1
7 524	3 2079	1	1
7 524	6 4352	1	1
7 524	6 938	1	1
7 524	5 3717	1	1
7 524	4 4017	1	1
7 525	5 3301	1	1
7 525	5 3285	1	1
7 525	4 2269	1	1
7 525	2 2504	1	1
7 525	3 1095	1	1
7 525	6 4067	1	1
7 526	7 1543	1	1
7 526	1 1634	1	1
7 526	1 3214	1	1
7 526	6 4652	1	1
7 526	0 3769	1	1
7 526	1 4565	1	1
7 527	4 2868	1	1
7 527	5 557	1	1
7 527	5 4756	1	1
7 527	4 4432	1	1
7 527	0 2255	1	1
7 527	1 745	1	1
7 528	7 409	1	1
7 528	4 1440	1	1
7 528	0 3267	1	1
7 528	2 3325	1	1
7 528	0 4253	1	1
7 528	4 4851	1	1
7 529	0 3716	1	1
7 529	4 1982	1	1
7 529	2 4970	1	1
7 529	1 195	1	1
7 529	5 219	1	1
7 529	1 2500	1	1
7 530	2 586	1	1
7 530	4 4322	1	1
7 530	0 3160	1	1
7 530	6 3534	1	1
7 530	3 4365	1	1
7 530	0 3830	1	1
7 531	7 3515	1	1
7 531	7 472	1	1
7 531	4 886	1	1
7 531	1 3006	1	1
7 531	6 1752	1	1
7 531	3 2903	1	1
7 532	3 4216	1	1
7 532	2 1738	1	1
7 532	2 939	1	1
7 532	0 2739	1	1
7 532	6 3277	1	1
7 532	0 3606	1	1
7 533	7 522	1	1
7 533	4 1077	1	1
7 533	3 4481	1	1
7 533	6 3900	1	1
7 533	4 4537	1	1
7 533	3 2465	1	1
7 534	2 2204	1	1
7 534	6 294	1	1
7 534	4 44	1	1
7 534	3 58	1	1
7 534	4 35	1	1
7 534	3 3117	1	1
7 535	7 4499	1	1
7 535	7 2183	1	1
7 535	7 2632	1	1
7 535	5 4900	1	1
7 535	2 1148	1	1
7 535	2 3223	1	1
7 536	7 4384	1	1
7 536	3 4318	1	1
7 536	4 3529	1	1
7 536	2 815	1	1
7 536	0 537	1	1
7 536	0 4108	1	1
7 537	5 2413	1	1
7 537	4 3174	1	1
7 537	0 3666	1	1
7 537	3 1417	1	1
7 537	2 3799	1	1
7 537	4 1773	1	1
7 538	7 2488	1	1
7 538	0 3469	1	1
7 538	1 914	1	1
7 538	2 4943	1	1
7 538	2 3302	1	1
7 538	1 2781	1	1
7 539	7 244	1	1
7 539	2 3138	1	1
7 539	5 4710	1	1
7 539	0 1497	1	1
7 539	5 1598	1	1
7 539	0 2904	1	1
7 540	6 1440	1	1
7 540	2 236	1	1
7 540	6 4021	1	1
7 540	0 2930	1	1
7 540	1 3073	1	1
7 540	6 1984	1	1
7 541	6 3598	1	1
7 541	5 4377	1	1
7 541	3 285	1	1
7 541	0 2588	1	1
7 541	5 3917	1	1
7 541	4 1454	1	1
7 542	7 1057	1	1
7 542	6 840	1	1
7 542	5 1444	1	1
7 542	3 1736	1	1
7 542	0 3371	1	1
7 542	0 2118	1	1
7 543	5 3078	1	1
7 543	6 4287	1	1
7 543	3 898	1	1
7 543	6 2795	1	1
7 543	5 2169	1	1
7 543	6 3361	1	1
7 544	6 4790	1	1
7 544	6 3548	1	1
7 544	5 306	1	1
7 544	2 4435	1	1
7 544	0 86	1	1
7 544	0 1338	1	1
7 545	6 4102	1	1
7 545	3 2667	1	1
7 545	4 195	1	1
7 545	5 620	1	1
7 545	1 2353	1	1
7 545	2 1767	1	1
7 546	7 1683	1	1
7 546	0 4720	1	1
7 546	0 1548	1	1
7 546	2 3177	1	1
7 546	3 3346	1	1
7 546	2 3979	1	1
7 547	5 3659	1	1
7 547	0 1219	1	1
7 547	5 3251	1	1
7 547	1 4125	1	1
7 547	6 627	1	1
7 547	6 4332	1	1
7 548	7 410	1	1
7 548	7 712	1	1
7 548	4 3292	1	1
7 548	6 185	1	1
7 548	3 3035	1	1
7 548	4 1238	1	1
7 549	3 3166	1	1
7 549	5 213	1	1
7 549	3 21	1	1
7 549	5 1075	1	1
7 549	1 717	1	1
7 549	3 1293	1	1
7 550	7 3288	1	1
7 550	1 2383	1	1
7 550	3 218	1	1
7 550	2 1700	1	1
7 550	3 3428	1	1
7 550	1 3309	1	1
7 551	6 4962	1	1
7 551	2 4241	1	1
7 551	4 2177	1	1
7 551	3 4999	1	1
7 551	3 3956	1	1
7 551	2 2342	1	1
7 552	7 141	1	1
7 552	0 4188	1	1
7 552	1 367	1	1
7 552	4 1636	1	1
7 552	0 2243	1	1
7 552	0 5000	1	1
7 553	0 686	1	1
7 553	6 2916	1	1
7 553	0 1819	1	1
7 553	4 2885	1	1
7 553	0 3484	1	1
7 553	1 1962	1	1
7 554	7 1191	1	1
7 554	2 366	1	1
7 554	4 4139	1	1
7 554	6 1557	1	1
7 554	4 3798	1	1
7 554	2 3041	1	1
7 555	0 433	1	1
7 555	1 3330	1	1
7 555	6 3570	1	1
7 555	5 2618	1	1
7 555	5 2234	1	1
7 555	5 2653	1	1
7 556	4 3957	1	1
7 556	4 1443	1	1
7 556	4 1234	1	1
7 556	1 1864	1	1
7 556	5 4690	1	1
7 556	2 3192	1	1
7 557	7 1524	1	1
7 557	7 1834	1	1
7 557	4 2894	1	1
7 557	0 3381	1	1
7 557	6 2793	1	1
7 557	3 4240	1	1
7 558	7 4917	1	1
7 558	1 2954	1	1
7 558	6 2707	1	1
7 558	5 262	1	1
7 558	0 2226	1	1
7 558	1 4008	1	1
7 559	7 2815	1	1
7 559	7 548	1	1
7 559	7 2503	1	1
7 559	7 695	1	1
7 559	4 595	1	1
7 559	6 2513	1	1
7 560	7 3943	1	1
7 560	2 4065	1	1
7 560	6 2370	1	1
7 560	0 1959	1	1
7 560	2 364	1	1
7 560	2 2636	1	1
7 561	7 2316	1	1
7 561	6 4102	1	1
7 561	3 3314	1	1
7 561	4 1677	1	1
7 561	1 3016	1	1
7 561	6 4279	1	1
7 562	7 2553	1	1
7 562	7 1336	1	1
7 562	3 1560	1	1
7 562	2 232	1	1
7 562	6 2183	1	1
7 562	1 655	1	1
7 563	7 3203	1	1
7 563	5 3722	1	1
7 563	4 3340	1	1
7 563	1 3595	1	1
7 563	5 3260	1	1
7 563	4 2971	1	1
7 564	3 907	1	1
7 564	1 2617	1	1
7 564	3 4193	1	1
7 564	1 4220	1	1
7 564	0 2474	1	1
7 564	5 1320	1	1
7 565	3 3342	1	1
7 565	2 2757	1	1
7 565	6 4771	1	1
7 565	1 55	1	1
7 565	2 4325	1	1
7 565	1 1932	1	1
7 566	1 1854	1	1
7 566	5 2227	1	1
7 566	5 4963	1	1
7 566	6 1953	1	1
7 566	2 1	1	1
7 566	3 678	1	1
7 567	7 313	1	1
7 567	5 4922	1	1
7 567	2 4890	1	1
7 567	1 2254	1	1
7 567	0 3496	1	1
7 567	5 3991	1	1
7 568	3 3150	1	1
7 568	3 1556	1	1
7 568	3 3180	1	1
7 568	2 3260	1	1
7 568	4 551	1	1
7 568	5 2589	1	1
7 569	7 809	1	1
7 569	7 3007	1	1
7 569	5 939	1	1
7 569	4 4595	1	1
7 569	3 498	1	1
7 569	2 1513	1	1
7 570	0 3076	1	1
7 570	1 3731	1	1
7 570	1 4512	1	1
7 570	5 743	1	1
7 570	0 1937	1	1
7 570	2 4140	1	1
7 571	1 4997	1	1
7 571	0 4115	1	1
7 571	6 4873	1	1
7 571	2 1356	1	1
7 571	1 1913	1	1
7 571	4 4419	1	1
7 572	7 1273	1	1
7 572	4 1446	1	1
7 572	4 3147	1	1
7 572	3 2381	1	1
7 572	4 4326	1	1
7 572	2 1430	1	1
7 573	1 1030	1	1
7 573	5 2596	1	1
7 573	5 782	1	1
7 573	3 3961	1	1
7 573	0 4147	1	1
7 573	4 2073	1	1
7 574	7 3781	1	1
7 574	4 2890	1	1
7 574	6 1471	1	1
7 574	1 4963	1	1
7 574	0 1362	1	1
7 574	6 359	1	1
7 575	7 140	1	1
7 575	2 128	1	1
7 575	1 1695	1	1
7 575	3 1670	1	1
7 575	5 1981	1	1
7 575	1 781	1	1
7 576	0 4741	1	1
7 576	5 722	1	1
7 576	5 4523	1	1
7 576	5 3810	1	1
7 576	3 4479	1	1
7 576	2 1833	1	1
7 577	7 4441	1	1
7 577	0 2580	1	1
7 577	0 991	1	1
7 577	0 866	1	1
7 577	2 4438	1	1
7 577	0 2519	1	1
7 578	7 2318	1	1
7 578	2 1422	1	1
7 578	4 2556	1	1
7 578	6 56	1	1
7 578	2 554	1	1
7 578	6 31	1	1
7 579	5 1235	1	1
7 579	5 1665	1	1
7 579	1 1657	1	1
7 579	6 59	1	1
7 579	5 444	1	1
7 579	4 1136	1	1
7 580	7 1945	1	1
7 580	3 4610	1	1
7 580	6 373	1	1
7 580	5 2966	1	1
7 580	1 2125	1	1
7 580	0 3489	1	1
7 581	5 3941	1	1
7 581	3 1795	1	1
7 581	1 373	1	1
7 581	6 2421	1	1
7 581	3 4164	1	1
7 581	6 3889	1	1
7 582	5 64	1	1
7 582	4 312	1	1
7 582	2 4195	1	1
7 582	4 3755	1	1
7 582	0 2745	1	1
7 582	4 2201	1	1
7 583	7 790	1	1
7 583	7 2746	1	1
7 583	3 3291	1	1
7 583	3 2306	1	1
7 583	2 4636	1	1
7 583	4 958	1	1
7 584	7 905	1	1
7 584	2 4946	1	1
7 584	6 1258	1	1
7 584	4 1321	1	1
7 584	3 3294	1	1
7 584	2 2200	1	1
7 585	7 683	1	1
7 585	7 1554	1	1
7 585	7 1148	1	1
7 585	2 2155	1	1
7 585	6 2760	1	1
7 585	0 4446	1	1
7 586	5 4688	1	1
7 586	5 3118	1	1
7 586	0 3806	1	1
7 586	0 4857	1	1
7 586	4 797	1	1
7 586	0 3779	1	1
7 587	7 2685	1	1
7 587	7 609	1	1
7 587	4 4506	1	1
7 587	6 3015	1	1
7 587	2 896	1	1
7 587	1 4284	1	1
7 588	4 2961	1	1
7 588	4 2518	1	1
7 588	3 3041	1	1
7 588	2 1361	1	1
7 588	5 4215	1	1
7 588	0 2400	1	1
7 589	2 501	1	1
7 589	6 3206	1	1
7 589	0 4703	1	1
7 589	4 957	1	1
7 589	0 3165	1	1
7 589	2 2370	1	1
7 590	7 3479	1	1
7 590	3 4553	1	1
7 590	0 671	1	1
7 590	5 3666	1	1
7 590	3 934	1	1
7 590	5 1255	1	1
7 591	7 1171	1	1
7 591	7 4343	1	1
7 591	0 2367	1	1
7 591	4 2608	1	1
7 591	6 812	1	1
7 591	0 4132	1	1
7 592	3 1269	1	1
7 592	0 3925	1	1
7 592	1 4844	1	1
7 592	4 3413	1	1
7 592	0 3156	1	1
7 592	5 2629	1	1
7 593	7 3442	1	1
7 593	2 4419	1	1
7 593	2 2402	1	1
7 593	3 1708	1	1
7 593	2 1145	1	1
7 593	4 3841	1	1
7 594	7 1777	1	1
7 594	4 3435	1	1
7 594	4 3008	1	1
7 594	0 2769	1	1
7 594	6 2359	1	1
7 594	4 4118	1	1
7 595	1 3690	1	1
7 595	1 1035	1	1
7 595	6 1259	1	1
7 595	2 4772	1	1
7 595	3 3115	1	1
7 595	6 4891	1	1
7 596	7 1776	1	1
7 596	1 4273	1	1
7 596	4 7	1	1
7 596	1 1171	1	1
7 596	6 1176	1	1
7 596	0 222	1	1
7 597	3 1387	1	1
7 597	6 3587	1	1
7 597	3 1234	1	1
7 597	2 1894	1	1
7 597	3 3927	1	1
7 597	5 1520	1	1
7 598	5 4050	1	1
7 598	1 1074	1	1
7 598	6 4688	1	1
7 598	0 2270	1	1
7 598	5 2660	1	1
7 598	6 530	1	1
7 599	5 15	1	1
7 599	2 2037	1	1
7 599	2 2264	1	1
7 599	4 453	1	1
7 599	1 665	1	1
7 599	0 4757	1	1
7 600	4 202	1	1
7 600	0 2245	1	1
7 600	6 496	1	1
7 600	4 862	1	1
7 600	3 1599	1	1
7 600	5 355	1	1
7 601	2 1798	1	1
7 601	3 2277	1	1
7 601	4 4235	1	1
7 601	6 2063	1	1
7 601	4 3005	1	1
7 601	1 3471	1	1
7 602	5 2215	1	1
7 602	2 2961	1	1
7 602	3 4242	1	1
7 602	6 335	1	1
7 602	4 3344	1	1
7 602	4 4252	1	1
7 603	7 2615	1	1
7 603	7 2247	1	1
7 603	4 1430	1	1
7 603	2 2934	1	1
7 603	4 32	1	1
7 603	2 4543	1	1
7 604	6 225	1	1
7 604	5 1773	1	1
7 604	1 4155	1	1
7 604	1 900	1	1
7 604	2 1997	1	1
7 604	4 928	1	1
7 605	2 4367	1	1
7 605	5 1747	1	1
7 605	0 1790	1	1
7 605	2 4074	1	1
7 605	6 1962	1	1
7 605	0 2757	1	1
7 606	0 2493	1	1
7 606	5 2180	1	1
7 606	3 2700	1	1
7 606	4 378	1	1
7 606	4 1327	1	1
7 606	0 139	1	1
7 607	7 3341	1	1
7 607	5 3460	1	1
7 607	0 1141	1	1
7 607	5 4726	1	1
7 607	4 4370	1	1
7 607	6 2285	1	1
7 608	7 1890	1	1
7 608	2 4208	1	1
7 608	6 2601	1	1
7 608	6 636	1	1
7 608	2 1445	1	1
7 608	6 3749	1	1
7 609	6 495	1	1
7 609	3 3570	1	1
7 609	4 880	1	1
7 609	5 1465	1	1
7 609	4 4619	1	1
7 609	6 4796	1	1
7 610	1 2068	1	1
7 610	6 504	1	1
7 610	3 3259	1	1
7 610	3 3134	1	1
7 610	4 747	1	1
7 610	4 1521	1	1
7 611	7 1900	1	1
7 611	7 2042	1	1
7 611	2 4919	1	1
7 611	6 930	1	1
7 611	0 62	1	1
7 611	5 1525	1	1
7 612	1 3629	1	1
7 612	4 813	1	1
7 612	5 3519	1	1
7 612	0 2081	1	1
7 612	0 585	1	1
7 612	6 1312	1	1
7 613	2 4525	1	1
7 613	3 4980	1	1
7 613	6 273	1	1
7 613	2 3495	1	1
7 613	3 1186	1	1
7 613	4 1096	1	1
7 614	4 3021	1	1
7 614	0 1624	1	1
7 614	1 3934	1	1
7 614	2 1304	1	1
7 614	3 140	1	1
7 614	1 2476	1	1
7 615	7 2769	1	1
7 615	1 4913	1	1
7 615	2 3566	1	1
7 615	6 988	1	1
7 615	6 392	1	1
7 615	1 317	1	1
7 616	4 34	1	1
7 616	6 1622	1	1
7 616	5 3217	1	1
7 616	2 728	1	1
7 616	0 1618	1	1
7 616	5 934	1	1
7 617	7 166	1	1
7 617	7 789	1	1
7 617	2 4385	1	1
7 617	0 3096	1	1
7 617	4 2672	1	1
7 617	3 4790	1	1
7 618	7 3310	1	1
7 618	7 4158	1	1
7 618	3 903	1	1
7 618	6 286	1	1
7 618	2 1511	1	1
7 618	2 986	1	1
7 619	2 4741	1	1
7 619	3 3262	1	1
7 619	1 4796	1	1
7 619	0 1993	1	1
7 619	1 1864	1	1
7 619	4 3549	1	1
7 620	7 2978	1	1
7 620	7 2036	1	1
7 620	1 508	1	1
7 620	1 479	1	1
7 620	5 2013	1	1
7 620	4 1995	1	1
7 621	7 2348	1	1
7 621	2 2070	1	1
7 621	2 4806	1	1
7 621	6 1845	1	1
7 621	3 705	1	1
7 621	2 641	1	1
7 622	7 1792	1	1
7 622	1 163	1	1
7 622	5 4766	1	1
7 622	3 4710	1	1
7 622	6 554	1	1
7 622	5 4362	1	1
7 623	0 128	1	1
7 623	1 2231	1	1
7 623	5 3522	1	1
7 623	2 2756	1	1
7 623	2 1668	1	1
7 623	2 309	1	1
7 624	1 1561	1	1
7 624	1 4924	1	1
7 624	2 927	1	1
7 624	2 697	1	1
7 624	4 1669	1	1
7 624	0 746	1	1
7 625	7 4556	1	1
7 625	0 1379	1	1
7 625	5 1348	1	1
7 625	1 2106	1	1
7 625	6 2899	1	1
7 625	6 2253	1	1
7 626	4 2366	1	1
7 626	5 833	1	1
7 626	4 1158	1	1
7 626	3 1501	1	1
7 626	4 957	1	1
7 626	1 366	1	1
7 627	7 4376	1	1
7 627	2 4503	1	1
7 627	2 3555	1	1
7 627	5 3312	1	1
7 627	0 1340	1	1
7 627	5 4895	1	1
7 628	4 505	1	1
7 628	4 2956	1	1
7 628	4 4458	1	1
7 628	3 2575	1	1
7 628	2 714	1	1
7 628	2 3524	1	1
7 629	7 939	1	1
7 629	7 4848	1	1
7 629	7 4990	1	1
7 629	1 411	1	1
7 629	3 2665	1	1
7 629	1 1348	1	1
7 630	7 3047	1	1
7 630	3 180	1	1
7 630	3 2705	1	1
7 630	4 3845	1	1
7 630	6 2481	1	1
7 630	1 872	1	1
7 631	4 4724	1	1
7 631	1 3186	1	1
7 631	2 3584	1	1
7 631	1 4744	1	1
7 631	5 2053	1	1
7 631	6 3959	1	1
7 632	7 2495	1	1
7 632	1 2855	1	1
7 632	4 2234	1	1
7 632	4 3500	1	1
7 632	5 4303	1	1
7 632	3 1107	1	1
7 633	7 3648	1	1
7 633	2 3379	1	1
7 633	5 3282	1	1
7 633	2 3212	1	1
7 633	1 2653	1	1
7 633	0 3242	1	1
7 634	7 4177	1	1
7 634	7 1265	1	1
7 634	2 2029	1	1
7 634	1 4239	1	1
7 634	3 4052	1	1
7 634	5 4531	1	1
7 635	4 1724	1	1
7 635	0 3836	1	1
7 635	6 4741	1	1
7 635	3 3490	1	1
7 635	4 133	1	1
7 635	3 2656	1	1
7 636	7 4641	1	1
7 636	7 900	1	1
7 636	7 1833	1	1
7 636	0 226	1	1
7 636	4 2942	1	1
7 636	6 1127	1	1
7 637	7 2264	1	1
7 637	0 4100	1	1
7 637	6 108	1	1
7 637	6 27	1	1
7 637	2 1301	1	1
7 637	1 3754	1	1
7 638	3 3263	1	1
7 638	4 501	1	1
7 638	0 3053	1	1
7 638	2 2774	1	1
7 638	0 1253	1	1
7 638	5 1604	1	1
7 639	3 1196	1	1
7 639	1 3480	1	1
7 639	3 444	1	1
7 639	4 1922	1	1
7 639	0 4357	1	1
7 639	2 1155	1	1
7 640	7 2394	1	1
7 640	7 3081	1	1
7 640	1 4334	1	1
7 640	1 1624	1	1
7 640	4 1150	1	1
7 640	6 387	1	1
7 641	7 4881	1	1
7 641	1 2114	1	1
7 641	6 3229	1	1
7 641	5 4112	1	1
7 641	5 4354	1	1
7 641	4 4642	1	1
7 642	0 2788	1	1
7 642	2 3390	1	1
7 642	5 4610	1	1
7 642	0 2842	1	1
7 642	5 2425	1	1
7 642	5 444	1	1
7 643	7 778	1	1
7 643	7 1982	1	1
7 643	0 4810	1	1
7 643	1 4073	1	1
7 643	3 1653	1	1
7 643	5 246	1	1
7 644	4 435	1	1
7 644	0 1649	1	1
7 644	4 4443	1	1
7 644	0 3388	1	1
7 644	4 777	1	1
7 644	3 2231	1	1
7 645	5 2050	1	1
7 645	6 3973	1	1
7 645	1 3416	1	1
7 645	3 2916	1	1
7 645	1 2918	1	1
7 645	0 2742	1	1
7 646	7 785	1	1
7 646	6 3201	1	1
7 646	6 2993	1	1
7 646	4 276	1	1
7 646	1 4171	1	1
7 646	2 2244	1	1
7 647	5 2186	1	1
7 647	2 1553	1	1
7 647	6 3635	1	1
7 647	4 4806	1	1
7 647	1 1297	1	1
7 647	4 2860	1	1
7 648	7 3979	1	1
7 648	6 306	1	1
7 648	5 2471	1	1
7 648	6 4229	1	1
7 648	4 2768	1	1
7 648	2 1768	1	1
7 649	2 4240	1	1
7 649	0 1297	1	1
7 649	4 1758	1	1
7 649	6 3845	1	1
7 649	5 3644	1	1
7 649	1 4453	1	1
7 650	7 2781	1	1
7 650	0 1966	1	1
7 650	3 2982	1	1
7 650	2 59	1	1
7 650	4 1658	1	1
7 650	4 4891	1	1
7 651	6 101	1	1
7 651	0 4863	1	1
7 651	4 1615	1	1
7 651	1 2621	1	1
7 651	5 4001	1	1
7 651	0 985	1	1
7 652	7 759	1	1
7 652	0 1894	1	1
7 652	2 1595	1	1
7 652	1 1846	1	1
7 652	3 4522	1	1
7 652	2 2339	1	1
7 653	1 3458	1	1
7 653	5 2756	1	1
7 653	6 3338	1	1
7 653	5 1271	1	1
7 653	1 211	1	1
7 653	0 511	1	1
7 654	3 1919	1	1
7 654	4 762	1	1
7 654	5 3026	1	1
7 654	0 418	1	1
7 654	3 4493	1	1
7 654	3 3140	1	1
7 655	7 878	1	1
7 655	5 1803	1	1
7 655	1 3157	1	1
7 655	4 2146	1	1
7 655	1 1244	1	1
7 655	0 4168	1	1
7 656	7 810	1	1
7 656	7 1487	1	1
7 656	0 2106	1	1
7 656	4 4622	1	1
7 656	1 4332	1	1
7 656	6 121	1	1
7 657	7 2068	1	1
7 657	5 4482	1	1
7 657	6 4130	1	1
7 657	2 1291	1	1
7 657	5 4955	1	1
7 657	5 1284	1	1
7 658	7 2338	1	1
7 658	2 2494	1	1
7 658	6 4066	1	1
7 658	1 682	1	1
7 658	4 3519	1	1
7 658	5 3098	1	1
7 659	6 4809	1	1
7 659	0 330	1	1
7 659	6 1605	1	1
7 659	4 541	1	1
7 659	0 2717	1	1
7 659	2 4543	1	1
7 660	7 448	1	1
7 660	2 1911	1	1
7 660	4 4548	1	1
7 660	2 2734	1	1
7 660	1 1225	1	1
7 660	4 3986	1	1
7 661	7 198	1	1
7 661	7 3444	1	1
7 661	3 542	1	1
7 661	2 4290	1	1
7 661	2 1384	1	1
7 661	3 26	1	1
7 662	7 1218	1	1
7 662	7 519	1	1
7 662	7 2531	1	1
7 662	6 3789	1	1
7 662	1 576	1	1
7 662	6 1027	1	1
7 663	4 3879	1	1
7 663	4 199	1	1
7 663	6 499	1	1
7 663	4 345	1	1
7 663	2 2567	1	1
7 663	3 3653	1	1
7 664	7 2080	1	1
7 664	3 667	1	1
7 664	4 4970	1	1
7 664	2 4301	1	1
7 664	6 4675	1	1
7 664	5 3981	1	1
7 665	0 3495	1	1
7 665	1 1452	1	1
7 665	3 58	1	1
7 665	1 3522	1	1
7 665	2 3408	1	1
7 665	0 900	1	1
7 666	6 1410	1	1
7 666	3 4649	1	1
7 666	2 4265	1	1
7 666	0 4651	1	1
7 666	1 1129	1	1
7 666	5 3268	1	1
7 667	7 3873	1	1
7 667	7 4686	1	1
7 667	6 3691	1	1
7 667	4 2019	1	1
7 667	5 3247	1	1
7 667	1 3997	1	1
7 668	3 3453	1	1
7 668	0 4017	1	1
7 668	1 3058	1	1
7 668	2 3381	1	1
7 668	5 978	1	1
7 668	5 4550	1	1
7 669	7 844	1	1
7 669	3 1396	1	1
7 669	6 4025	1	1
7 669	6 2585	1	1
7 669	1 54	1	1
7 669	2 2334	1	1
7 670	7 3955	1	1
7 670	7 24	1	1
7 670	3 3207	1	1
7 670	3 395	1	1
7 670	1 2445	1	1
7 670	5 3831	1	1
7 671	3 609	1	1
7 671	3 196	1	1
7 671	6 156	1	1
7 671	4 2990	1	1
7 671	4 694	1	1
7 671	6 4354	1	1
7 672	6 4025	1	1
7 672	3 1071	1	1
7 672	6 786	1	1
7 672	2 440	1	1
7 672	3 3313	1	1
7 672	5 4284	1	1
7 673	2 3376	1	1
7 673	0 2765	1	1
7 673	2 3540	1	1
7 673	6 2707	1	1
7 673	3 3186	1	1
7 673	5 4250	1	1
7 674	5 3700	1	1
7 674	1 2898	1	1
7 674	1 466	1	1
7 674	4 2419	1	1
7 674	6 3400	1	1
7 674	6 581	1	1
7 675	7 3797	1	1
7 675	4 3796	1	1
7 675	2 3402	1	1
7 675	0 4653	1	1
7 675	2 1619	1	1
7 675	0 3427	1	1
7 676	7 1763	1	1
7 676	2 2781	1	1
7 676	1 550	1	1
7 676	6 4107	1	1
7 676	2 482	1	1
7 676	5 1811	1	1
7 677	7 2705	1	1
7 677	7 509	1	1
7 677	6 756	1	1
7 677	6 1144	1	1
7 677	5 2636	1	1
7 677	1 615	1	1
7 678	7 3546	1	1
7 678	6 1774	1	1
7 678	2 1870	1	1
7 678	4 3463	1	1
7 678	3 3802	1	1
7 678	6 4329	1	1
7 679	5 1570	1	1
7 679	6 3943	1	1
7 679	3 595	1	1
7 679	3 21	1	1
7 679	5 1659	1	1
7 679	0 3711	1	1
7 680	0 2301	1	1
7 680	2 1917	1	1
7 680	3 2214	1	1
7 680	3 3428	1	1
7 680	3 872	1	1
7 680	2 2426	1	1
7 681	7 4529	1	1
7 681	7 1253	1	1
7 681	5 4647	1	1
7 681	6 3951	1	1
7 681	0 4327	1	1
7 681	5 4870	1	1
7 682	3 765	1	1
7 682	3 3468	1	1
7 682	0 443	1	1
7 682	6 1240	1	1
7 682	3 4353	1	1
7 682	6 1852	1	1
7 683	7 2371	1	1
7 683	4 3376	1	1
7 683	2 4536	1	1
7 683	4 2985	1	1
7 683	2 3652	1	1
7 683	2 4075	1	1
7 684	1 1777	1	1
7 684	1 1763	1	1
7 684	0 1993	1	1
7 684	2 3684	1	1
7 684	4 4650	1	1
7 684	2 1460	1	1
7 685	0 4393	1	1
7 685	1 2529	1	1
7 685	3 1993	1	1
7 685	0 3185	1	1
7 685	6 3324	1	1
7 685	6 4194	1	1
7 686	0 97	1	1
7 686	6 4778	1	1
7 686	5 4958	1	1
7 686	5 16	1	1
7 686	4 1231	1	1
7 686	6 4369	1	1
7 687	7 4168	1	1
7 687	7 4971	1	1
7 687	0 1249	1	1
7 687	2 3587	1	1
7 687	5 3861	1	1
7 687	5 1481	1	1
7 688	7 603	1	1
7 688	0 589	1	1
7 688	2 4103	1	1
7 688	3 3467	1	1
7 688	0 4852	1	1
7 688	2 1501	1	1
7 689	4 2228	1	1
7 689	3 722	1	1
7 689	2 2984	1	1
7 689	4 4412	1	1
7 689	1 3220	1	1
7 689	1 2951	1	1
7 690	2 1550	1	1
7 690	5 275	1	1
7 690	4 1599	1	1
7 690	5 1574	1	1
7 690	6 1306	1	1
7 690	6 738	1	1
7 691	7 1747	1	1
7 691	0 2518	1	1
7 691	1 2382	1	1
7 691	5 4426	1	1
7 691	4 1790	1	1
7 691	5 4933	1	1
7 692	0 2255	1	1
7 692	2 4855	1	1
7 692	6 2133	1	1
7 692	1 1058	1	1
7 692	6 609	1	1
7 692	3 3188	1	1
7 693	7 3262	1	1
7 693	3 1985	1	1
7 693	3 241	1	1
7 693	4 435	1	1
7 693	2 4565	1	1
7 693	0 1486	1	1
7 694	7 3274	1	1
7 694	7 841	1	1
7 694	0 1083	1	1
7 694	1 2974	1	1
7 694	5 351	1	1
7 694	1 3125	1	1
7 695	7 4356	1	1
7 695	1 4998	1	1
7 695	4 4591	1	1
7 695	0 1817	1	1
7 695	2 2381	1	1
7 695	2 2380	1	1
7 696	5 1882	1	1
7 696	4 212	1	1
7 696	2 2227	1	1
7 696	1 4275	1	1
7 696	0 3707	1	1
7 696	1 3335	1	1
7 697	2 1765	1	1
7 697	0 1228	1	1
7 697	2 2074	1	1
7 697	2 580	1	1
7 697	0 646	1	1
7 697	1 2449	1	1
7 698	7 402	1	1
7 698	7 24	1	1
7 698	6 415	1	1
7 698	4 3166	1	1
7 698	3 2886	1	1
7 698	2 2601	1	1
7 699	7 2480	1	1
7 699	7 4344	1	1
7 699	1 2004	1	1
7 699	6 2869	1	1
7 699	0 3123	1	1
7 699	1 639	1	1
7 700	6 2127	1	1
7 700	1 1156	1	1
7 700	3 2338	1	1
7 700	3 1232	1	1
7 700	3 146	1	1
7 700	0 76	1	1
7 701	7 3878	1	1
7 701	7 1610	1	1
7 701	0 2709	1	1
7 701	5 321	1	1
7 701	1 3763	1	1
7 701	5 4785	1	1
7 702	1 1765	1	1
7 702	5 1749	1	1
7 702	4 3043	1	1
7 702	0 422	1	1
7 702	6 4504	1	1
7 702	3 3009	1	1
7 703	0 2934	1	1
7 703	1 1938	1	1
7 703	6 1150	1	1
7 703	1 3124	1	1
7 703	3 4618	1	1
7 703	0 4854	1	1
7 704	6 1959	1	1
7 704	6 4873	1	1
7 704	4 4864	1	1
7 704	6 378	1	1
7 704	2 4603	1	1
7 704	5 374	1	1
7 705	7 864	1	1
7 705	5 4509	1	1
7 705	6 1975	1	1
7 705	3 1316	1	1
7 705	5 3909	1	1
7 705	3 2332	1	1
7 706	7 2723	1	1
7 706	7 77	1	1
7 706	6 3020	1	1
7 706	6 2653	1	1
7 706	6 4913	1	1
7 706	4 400	1	1
7 707	1 4082	1	1
7 707	2 2562	1	1
7 707	0 4781	1	1
7 707	3 4168	1	1
7 707	2 3462	1	1
7 707	6 4006	1	1
7 708	4 4434	1	1
7 708	4 3535	1	1
7 708	4 1425	1	1
7 708	5 2174	1	1
7 708	3 4569	1	1
7 708	3 1150	1	1
7 709	0 3297	1	1
7 709	2 1290	1	1
7 709	0 31	1	1
7 709	3 3685	1	1
7 709	4 2945	1	1
7 709	6 1650	1	1
7 710	5 1646	1	1
7 710	3 2731	1	1
7 710	1 1057	1	1
7 710	1 606	1	1
7 710	0 3626	1	1
7 710	4 3509	1	1
7 711	2 4682	1	1
7 711	0 2787	1	1
7 711	3 3530	1	1
7 711	4 4840	1	1
7 711	0 3718	1	1
7 711	4 3004	1	1
7 712	7 763	1	1
7 712	4 3852	1	1
7 712	5 2224	1	1
7 712	5 26	1	1
7 712	0 723	1	1
7 712	0 4228	1	1
7 713	7 3812	1	1
7 713	7 3872	1	1
7 713	3 2327	1	1
7 713	6 3569	1	1
7 713	4 3392	1	1
7 713	2 4197	1	1
7 714	3 1587	1	1
7 714	5 700	1	1
7 714	5 709	1	1
7 714	1 3431	1	1
7 714	1 2722	1	1
7 714	5 2929	1	1
7 715	7 1303	1	1
7 715	1 4217	1	1
7 715	4 776	1	1
7 715	4 1672	1	1
7 715	4 1388	1	1
7 715	1 4918	1	1
7 716	7 592	1	1
7 716	2 2488	1	1
7 716	4 3949	1	1
7 716	1 2399	1	1
7 716	2 2818	1	1
7 716	0 4390	1	1
7 717	6 3411	1	1
7 717	5 3522	1	1
7 717	3 1058	1	1
7 717	4 805	1	1
7 717	5 1509	1	1
7 717	6 400	1	1
7 718	7 3894	1	1
7 718	1 1304	1	1
7 718	6 2418	1	1
7 718	2 2956	1	1
7 718	1 3666	1	1
7 718	3 3254	1	1
7 719	0 2557	1	1
7 719	4 2920	1	1
7 719	3 2499	1	1
7 719	2 4148	1	1
7 719	4 3830	1	1
7 719	1 3634	1	1
7 720	7 1498	1	1
7 720	0 1010	1	1
7 720	6 1179	1	1
7 720	3 2307	1	1
7 720	3 609	1	1
7 720	4 557	1	1
7 721	7 3769	1	1
7 721	5 1341	1	1
7 721	3 645	1	1
7 721	3 3575	1	1
7 721	3 3204	1	1
7 721	0 3339	1	1
7 722	7 2991	1	1
7 722	4 4853	1	1
7 722	6 1888	1	1
7 722	6 157	1	1
7 722	4 1367	1	1
7 722	4 2642	1	1
7 723	4 4880	1	1
7 723	1 3684	1	1
7 723	5 3792	1	1
7 723	2 3213	1	1
7 723	1 2053	1	1
7 723	6 3638	1	1
7 724	6 2097	1	1
7 724	0 151	1	1
7 724	0 1187	1	1
7 724	3 1480	1	1
7 724	5 2472	1	1
7 724	3 3181	1	1
7 725	7 2916	1	1
7 725	7 822	1	1
7 725	0 3765	1	1
7 725	3 60	1	1
7 725	5 2875	1	1
7 725	0 1293	1	1
7 726	7 1036	1	1
7 726	7 2782	1	1
7 726	3 4081	1	1
7 726	1 4941	1	1
7 726	6 975	1	1
7 726	3 1896	1	1
7 727	1 468	1	1
7 727	0 3067	1	1
7 727	2 2789	1	1
7 727	6 598	1	1
7 727	1 2363	1	1
7 727	3 3357	1	1
7 728	0 3189	1	1
7 728	5 3187	1	1
7 728	2 77	1	1
7 728	0 131	1	1
7 728	5 3221	1	1
7 728	3 4043	1	1
7 729	3 3947	1	1
7 729	6 1968	1	1
7 729	3 4524	1	1
7 729	4 1935	1	1
7 729	2 4074	1	1
7 729	2 3169	1	1
7 730	1 1270	1	1
7 730	5 1062	1	1
7 730	1 3329	1	1
7 730	4 24	1	1
7 730	0 3357	1	1
7 730	0 1025	1	1
7 731	0 3968	1	1
7 731	2 2188	1	1
7 731	6 2743	1	1
7 731	2 1033	1	1
7 731	1 2325	1	1
7 731	3 544	1	1
7 732	7 72	1	1
7 732	3 3874	1	1
7 732	5 1449	1	1
7 732	5 2229	1	1
7 732	0 4529	1	1
7 732	6 216	1	1
7 733	7 4277	1	1
7 733	1 754	1	1
7 733	4 711	1	1
7 733	6 672	1	1
7 733	1 1303	1	1
7 733	0 159	1	1
7 734	7 2065	1	1
7 734	7 3685	1	1
7 734	7 1662	1	1
7 734	3 479	1	1
7 734	2 803	1	1
7 734	5 1723	1	1
7 735	5 4252	1	1
7 735	5 291	1	1
7 735	6 2305	1	1
7 735	5 2561	1	1
7 735	1 815	1	1
7 735	3 3480	1	1
7 736	7 1873	1	1
7 736	7 2510	1	1
7 736	7 2575	1	1
7 736	2 4053	1	1
7 736	4 1180	1	1
7 736	4 2315	1	1
7 737	0 4293	1	1
7 737	3 4289	1	1
7 737	6 115	1	1
7 737	4 1506	1	1
7 737	6 1194	1	1
7 737	5 3854	1	1
7 738	7 3818	1	1
7 738	1 1946	1	1
7 738	5 4577	1	1
7 738	5 104	1	1
7 738	1 4566	1	1
7 738	2 3861	1	1
7 739	5 3979	1	1
7 739	5 2435	1	1
7 739	5 3842	1	1
7 739	1 3693	1	1
7 739	6 4074	1	1
7 739	6 2273	1	1
7 740	7 3127	1	1
7 740	2 2127	1	1
7 740	6 1045	1	1
7 740	0 441	1	1
7 740	4 1242	1	1
7 740	6 3455	1	1
7 741	4 3193	1	1
7 741	5 2461	1	1
7 741	5 4508	1	1
7 741	4 3135	1	1
7 741	6 3645	1	1
7 741	0 2468	1	1
7 742	4 1104	1	1
7 742	5 4336	1	1
7 742	2 1999	1	1
7 742	2 3854	1	1
7 742	2 2516	1	1
7 742	2 1242	1	1
7 743	4 302	1	1
7 743	3 4532	1	1
7 743	6 2600	1	1
7 743	0 1546	1	1
7 743	0 1726	1	1
7 743	6 2351	1	1
7 744	7 3578	1	1
7 744	7 2366	1	1
7 744	7 2521	1	1
7 744	3 1237	1	1
7 744	6 2665	1	1
7 744	4 1353	1	1
7 745	7 2977	1	1
7 745	4 3787	1	1
7 745	3 1785	1	1
7 745	3 3058	1	1
7 745	4 4538	1	1
7 745	2 946	1	1
7 746	7 801	1	1
7 746	1 935	1	1
7 746	0 1115	1	1
7 746	2 2869	1	1
7 746	3 4712	1	1
7 746	3 1505	1	1
7 747	7 4639	1	1
7 747	4 1178	1	1
7 747	2 2538	1	1
7 747	3 1089	1	1
7 747	5 3563	1	1
7 747	4 62	1	1
7 748	7 1731	1	1
7 748	1 2049	1	1
7 748	2 4312	1	1
7 748	2 581	1	1
7 748	3 3542	1	1
7 748	6 973	1	1
7 749	5 2710	1	1
7 749	6 4037	1	1
7 749	0 3537	1	1
7 749	4 3835	1	1
7 749	6 3024	1	1
7 749	2 669	1	1
7 750	1 2283	1	1
7 750	6 3192	1	1
7 750	1 1554	1	1
7 750	1 4431	1	1
7 750	1 3308	1	1
7 750	4 4040	1	1
7 751	7 2667	1	1
7 751	5 1183	1	1
7 751	1 4921	1	1
7 751	2 803	1	1
7 751	5 3843	1	1
7 751	1 1069	1	1
7 752	7 3480	1	1
7 752	0 3881	1	1
7 752	5 3023	1	1
7 752	5 4110	1	1
7 752	5 2839	1	1
7 752	0 3603	1	1
7 753	7 2563	1	1
7 753	3 3438	1	1
7 753	1 2476	1	1
7 753	2 2850	1	1
7 753	4 294	1	1
7 753	5 1896	1	1
7 754	6 4864	1	1
7 754	6 4439	1	1
7 754	2 4314	1	1
7 754	4 4692	1	1
7 754	5 3418	1	1
7 754	1 622	1	1
7 755	4 4955	1	1
7 755	4 599	1	1
7 755	1 4245	1	1
7 755	2 2004	1	1
7 755	4 2350	1	1
7 755	5 4768	1	1
7 756	7 1709	1	1
7 756	4 613	1	1
7 756	5 129	1	1
7 756	6 1309	1	1
7 756	2 581	1	1
7 756	6 904	1	1
7 757	5 1953	1	1
7 757	6 4103	1	1
7 757	4 2922	1	1
7 757	6 933	1	1
7 757	0 1894	1	1
7 757	6 2083	1	1
7 758	4 3867	1	1
7 758	0 4759	1	1
7 758	4 3210	1	1
7 758	2 813	1	1
7 758	4 892	1	1
7 758	2 4839	1	1
7 759	2 4291	1	1
7 759	4 3721	1	1
7 759	4 1843	1	1
7 759	0 3742	1	1
7 759	5 1781	1	1
7 759	3 89	1	1
7 760	7 80	1	1
7 760	7 1081	1	1
7 760	5 1796	1	1
7 760	6 4901	1	1
7 760	5 3965	1	1
7 760	3 4632	1	1
7 761	7 3101	1	1
7 761	7 1931	1	1
7 761	7 2364	1	1
7 761	1 814	1	1
7 761	6 1067	1	1
7 761	3 2849	1	1
7 762	7 122	1	1
7 762	3 3201	1	1
7 762	0 3899	1	1
7 762	6 3699	1	1
7 762	2 1235	1	1
7 762	0 1930	1	1
7 763	5 2580	1	1
7 763	3 1221	1	1
7 763	1 2485	1	1
7 763	2 1314	1	1
7 763	2 3978	1	1
7 763	2 440	1	1
7 764	6 4365	1	1
7 764	5 3000	1	1
7 764	4 848	1	1
7 764	5 2260	1	1
7 764	5 3137	1	1
7 764	5 4058	1	1
7 765	4 656	1	1
7 765	1 4447	1	1
7 765	0 4735	1	1
7 765	5 2138	1	1
7 765	4 2460	1	1
7 765	3 4196	1	1
7 766	2 1424	1	1
7 766	5 2812	1	1
7 766	5 36	1	1
7 766	3 3167	1	1
7 766	6 3695	1	1
7 766	5 1621	1	1
7 767	6 3445	1	1
7 767	6 4860	1	1
7 767	1 1477	1	1
7 767	4 2322	1	1
7 767	4 2741	1	1
7 767	3 4357	1	1
7 768	3 677	1	1
7 768	4 4387	1	1
7 768	4 3650	1	1
7 768	1 3241	1	1
7 768	5 2311	1	1
7 768	3 4694	1	1
7 769	7 3881	1	1
7 769	3 370	1	1
7 769	0 3115	1	1
7 769	0 4448	1	1
7 769	4 2771	1	1
7 769	4 778	1	1
7 770	6 737	1	1
7 770	2 4263	1	1
7 770	0 4368	1	1
7 770	6 1422	1	1
7 770	5 4607	1	1
7 770	2 2427	1	1
7 771	6 1321	1	1
7 771	6 2250	1	1
7 771	4 2260	1	1
7 771	6 365	1	1
7 771	5 1324	1	1
7 771	6 1308	1	1
7 772	5 1593	1	1
7 772	4 1948	1	1
7 772	1 4915	1	1
7 772	6 37	1	1
7 772	3 4075	1	1
7 772	0 512	1	1
7 773	7 2689	1	1
7 773	6 2910	1	1
7 773	5 668	1	1
7 773	0 3352	1	1
7 773	0 3389	1	1
7 773	1 1499	1	1
7 774	6 161	1	1
7 774	6 2388	1	1
7 774	2 2963	1	1
7 774	3 1823	1	1
7 774	5 3814	1	1
7 774	2 2778	1	1
7 775	3 865	1	1
7 775	2 2220	1	1
7 775	3 381	1	1
7 775	4 3670	1	1
7 775	2 1466	1	1
7 775	6 4208	1	1
7 776	7 2428	1	1
7 776	7 4626	1	1
7 776	1 467	1	1
7 776	0 1247	1	1
7 776	3 2364	1	1
7 776	5 992	1	1
7 777	4 1570	1	1
7 777	5 4543	1	1
7 777	0 1022	1	1
7 777	0 1297	1	1
7 777	2 4449	1	1
7 777	1 748	1	1
7 778	7 1253	1	1
7 778	4 3368	1	1
7 778	3 1346	1	1
7 778	0 4105	1	1
7 778	1 3504	1	1
7 778	1 2955	1	1
7 779	4 4754	1	1
7 779	5 1903	1	1
7 779	5 2043	1	1
7 779	5 4439	1	1
7 779	2 1951	1	1
7 779	2 2893	1	1
7 780	2 32	1	1
7 780	3 3076	1	1
7 780	6 536	1	1
7 780	6 236	1	1
7 780	4 120	1	1
7 780	6 2693	1	1
7 781	7 3824	1	1
7 781	1 3929	1	1
7 781	0 4101	1	1
7 781	0 3225	1	1
7 781	3 3232	1	1
7 781	3 2092	1	1
7 782	7 1278	1	1
7 782	3 2618	1	1
7 782	3 2682	1	1
7 782	5 2073	1	1
7 782	3 1923	1	1
7 782	2 2931	1	1
7 783	7 2140	1	1
7 783	7 2376	1	1
7 783	5 949	1	1
7 783	5 3107	1	1
7 783	1 2644	1	1
7 783	6 2981	1	1
7 784	7 1151	1	1
7 784	7 3168	1	1
7 784	1 4745	1	1
7 784	5 1217	1	1
7 784	6 4763	1	1
7 784	4 3869	1	1
7 785	7 531	1	1
7 785	4 469	1	1
7 785	1 4543	1	1
7 785	6 3216	1	1
7 785	4 315	1	1
7 785	3 2515	1	1
7 786	4 757	1	1
7 786	2 4692	1	1
7 786	5 1502	1	1
7 786	3 2534	1	1
7 786	2 1305	1	1
7 786	2 2409	1	1
7 787	5 559	1	1
7 787	2 3873	1	1
7 787	2 1762	1	1
7 787	0 4073	1	1
7 787	3 2588	1	1
7 787	4 362	1	1
7 788	7 4630	1	1
7 788	3 786	1	1
7 788	4 3274	1	1
7 788	4 1239	1	1
7 788	4 1173	1	1
7 788	0 4686	1	1
7 789	7 2316	1	1
7 789	7 1038	1	1
7 789	0 453	1	1
7 789	4 1385	1	1
7 789	2 1045	1	1
7 789	2 370	1	1
7 790	0 446	1	1
7 790	6 3027	1	1
7 790	0 4291	1	1
7 790	5 861	1	1
7 790	3 1693	1	1
7 790	1 471	1	1
7 791	7 589	1	1
7 791	0 2567	1	1
7 791	3 2198	1	1
7 791	0 588	1	1
7 791	5 615	1	1
7 791	2 1865	1	1
7 792	7 1974	1	1
7 792	1 4150	1	1
7 792	1 794	1	1
7 792	4 1936	1	1
7 792	3 2207	1	1
7 792	6 641	1	1
7 793	4 399	1	1
7 793	3 2909	1	1
7 793	2 4286	1	1
7 793	2 4147	1	1
7 793	4 2279	1	1
7 793	4 833	1	1
7 794	2 4080	1	1
7 794	5 1516	1	1
7 794	1 4549	1	1
7 794	1 4897	1	1
7 794	3 4465	1	1
7 794	5 3869	1	1
7 795	7 2559	1	1
7 795	5 949	1	1
7 795	5 1457	1	1
7 795	5 3416	1	1
7 795	1 1339	1	1
7 795	5 2056	1	1
7 796	7 383	1	1
7 796	5 249	1	1
7 796	2 1028	1	1
7 796	0 4057	1	1
7 796	4 2178	1	1
7 796	0 626	1	1
7 797	7 1048	1	1
7 797	7 3399	1	1
7 797	0 3251	1	1
7 797	6 2509	1	1
7 797	6 4231	1	1
7 797	0 3718	1	1
7 798	7 4292	1	1
7 798	2 516	1	1
7 798	1 4535	1	1
7 798	1 4813	1	1
7 798	0 428	1	1
7 798	5 1883	1	1
7 799	5 1923	1	1
7 799	0 1766	1	1
7 799	6 1227	1	1
7 799	2 2968	1	1
7 799	2 3686	1	1
7 799	1 2001	1	1
7 800	7 2716	1	1
7 800	7 1109	1	1
7 800	1 4048	1	1
7 800	3 745	1	1
7 800	3 1288	1	1
7 800	5 567	1	1
7 801	1 2145	1	1
7 801	6 3342	1	1
7 801	3 2544	1	1
7 801	4 887	1	1
7 801	0 1110	1	1
7 801	5 1987	1	1
7 802	3 3774	1	1
7 802	1 1422	1	1
7 802	2 1914	1	1
7 802	4 2414	1	1
7 802	3 3077	1	1
7 802	2 2280	1	1
7 803	7 1618	1	1
7 803	6 3333	1	1
7 803	6 323	1	1
7 803	2 4939	1	1
7 803	1 567	1	1
7 803	1 1487	1	1
7 804	7 3740	1	1
7 804	0 2241	1	1
7 804	0 1601	1	1
7 804	5 2213	1	1
7 804	5 3156	1	1
7 804	0 3658	1	1
7 805	7 1115	1	1
7 805	1 2449	1	1
7 805	4 123	1	1
7 805	4 598	1	1
7 805	0 3462	1	1
7 805	0 4062	1	1
7 806	2 2463	1	1
7 806	1 692	1	1
7 806	1 1859	1	1
7 806	1 3878	1	1
7 806	3 101	1	1
7 806	1 827	1	1
7 807	6 290	1	1
7 807	6 3959	1	1
7 807	4 2700	1	1
7 807	2 548	1	1
7 807	2 1881	1	1
7 807	5 1978	1	1
7 808	5 3772	1	1
7 808	4 2013	1	1
7 808	2 1882	1	1
7 808	6 1197	1	1
7 808	2 3015	1	1
7 808	4 3266	1	1
7 809	7 3480	1	1
7 809	7 2892	1	1
7 809	2 1296	1	1
7 809	6 942	1	1
7 809	6 3329	1	1
7 809	2 3756	1	1
7 810	7 2804	1	1
7 810	3 3023	1	1
7 810	3 1866	1	1
7 810	5 4862	1	1
7 810	1 2184	1	1
7 810	0 3784	1	1
7 811	2 1483	1	1
7 811	0 1444	1	1
7 811	2 4146	1	1
7 811	2 4772	1	1
7 811	2 347	1	1
7 811	5 2890	1	1
7 812	1 516	1	1
7 812	4 3572	1	1
7 812	3 3427	1	1
7 812	4 3970	1	1
7 812	3 3637	1	1
7 812	5 497	1	1
7 813	7 3945	1	1
7 813	1 548	1	1
7 813	5 1770	1	1
7 813	2 2329	1	1
7 813	0 133	1	1
7 813	0 1715	1	1
7 814	3 3895	1	1
7 814	1 4395	1	1
7 814	0 1577	1	1
7 814	3 3018	1	1
7 814	0 1832	1	1
7 814	6 565	1	1
7 815	2 2949	1	1
7 815	0 2016	1	1
7 815	0 118	1	1
7 815	4 786	1	1
7 815	6 113	1	1
7 815	0 1737	1	1
7 816	3 949	1	1
7 816	4 3555	1	1
7 816	3 3312	1	1
7 816	5 1639	1	1
7 816	0 4537	1	1
7 816	5 4085	1	1
7 817	7 4322	1	1
7 817	1 559	1	1
7 817	0 2563	1	1
7 817	6 962	1	1
7 817	6 3302	1	1
7 817	5 3793	1	1
7 818	7 3415	1	1
7 818	7 3880	1	1
7 818	5 1510	1	1
7 818	4 1429	1	1
7 818	2 1166	1	1
7 818	4 2313	1	1
7 819	7 2637	1	1
7 819	0 1015	1	1
7 819	1 595	1	1
7 819	6 2240	1	1
7 819	2 2058	1	1
7 819	5 4650	1	1
7 820	7 2708	1	1
7 820	3 3616	1	1
7 820	1 2962	1	1
7 820	5 1296	1	1
7 820	6 4768	1	1
7 820	4 749	1	1
7 821	6 2499	1	1
7 821	6 1853	1	1
7 821	2 4421	1	1
7 821	2 78	1	1
7 821	0 384	1	1
7 821	3 1115	1	1
7 822	7 163	1	1
7 822	4 2034	1	1
7 822	4 557	1	1
7 822	1 1988	1	1
7 822	1 1089	1	1
7 822	4 2495	1	1
7 823	3 4786	1	1
7 823	2 4664	1	1
7 823	3 404	1	1
7 823	5 417	1	1
7 823	6 1823	1	1
7 823	6 4601	1	1
7 824	7 1819	1	1
7 824	0 1807	1	1
7 824	5 3345	1	1
7 824	6 3883	1	1
7 824	1 1108	1	1
7 824	3 4230	1	1
7 825	2 3775	1	1
7 825	5 3850	1	1
7 825	3 4173	1	1
7 825	5 27	1	1
7 825	6 421	1	1
7 825	2 3286	1	1
7 826	7 1173	1	1
7 826	0 2630	1	1
7 826	0 725	1	1
7 826	1 2800	1	1
7 826	0 4114	1	1
7 826	2 998	1	1
7 827	6 315	1	1
7 827	5 3700	1	1
7 827	6 4960	1	1
7 827	4 1187	1	1
7 827	1 3989	1	1
7 827	0 2249	1	1
7 828	7 4846	1	1
7 828	7 4483	1	1
7 828	7 1178	1	1
7 828	5 3653	1	1
7 828	5 1511	1	1
7 828	3 1967	1	1
7 829	3 921	1	1
7 829	4 195	1	1
7 829	0 3922	1	1
7 829	6 4921	1	1
7 829	6 36	1	1
7 829	5 4587	1	1
7 830	7 2512	1	1
7 830	4 3127	1	1
7 830	1 1650	1	1
7 830	2 3651	1	1
7 830	0 4787	1	1
7 830	6 1455	1	1
7 831	6 163	1	1
7 831	5 3452	1	1
7 831	6 1086	1	1
7 831	2 129	1	1
7 831	3 1554	1	1
7 831	2 1095	1	1
7 832	7 1530	1	1
7 832	7 374	1	1
7 832	7 2666	1	1
7 832	5 152	1	1
7 832	2 2212	1	1
7 832	2 1866	1	1
7 833	4 3766	1	1
7 833	6 4195	1	1
7 833	5 3080	1	1
7 833	0 1391	1	1
7 833	0 1435	1	1
7 833	2 2525	1	1
7 834	3 3497	1	1
7 834	3 4164	1	1
7 834	5 4868	1	1
7 834	5 1478	1	1
7 834	6 696	1	1
7 834	2 3505	1	1
7 835	4 2354	1	1
7 835	3 1119	1	1
7 835	1 4926	1	1
7 835	4 1267	1	1
7 835	5 2131	1	1
7 835	3 2112	1	1
7 836	7 2094	1	1
7 836	1 959	1	1
7 836	4 2897	1	1
7 836	6 403	1	1
7 836	4 3492	1	1
7 836	0 4400	1	1
7 837	4 60	1	1
7 837	6 2085	1	1
7 837	1 3857	1	1
7 837	4 2746	1	1
7 837	0 3631	1	1
7 837	6 429	1	1
7 838	6 582	1	1
7 838	1 17	1	1
7 838	6 3853	1	1
7 838	2 4530	1	1
7 838	4 3280	1	1
7 838	5 2772	1	1
7 839	7 1853	1	1
7 839	3 577	1	1
7 839	2 1085	1	1
7 839	1 3391	1	1
7 839	6 4524	1	1
7 839	3 628	1	1
7 840	1 992	1	1
7 840	5 4367	1	1
7 840	4 2737	1	1
7 840	0 623	1	1
7 840	1 204	1	1
7 840	2 4548	1	1
7 841	7 4088	1	1
7 841	1 3963	1	1
7 841	1 1974	1	1
7 841	4 3314	1	1
7 841	1 3050	1	1
7 841	6 2093	1	1
7 842	1 4138	1	1
7 842	5 3297	1	1
7 842	1 2565	1	1
7 842	4 4586	1	1
7 842	4 3330	1	1
7 842	6 1862	1	1
7 843	1 646	1	1
7 843	1 4992	1	1
7 843	6 4918	1	1
7 843	4 2393	1	1
7 843	0 4987	1	1
7 843	5 2871	1	1
7 844	7 4062	1	1
7 844	1 2503	1	1
7 844	0 3556	1	1
7 844	3 138	1	1
7 844	0 676	1	1
7 844	1 1472	1	1
7 845	7 3202	1	1
7 845	0 3873	1	1
7 845	5 972	1	1
7 845	0 4733	1	1
7 845	2 4515	1	1
7 845	0 3916	1	1
7 846	1 4532	1	1
7 846	4 1283	1	1
7 846	3 149	1	1
7 846	5 3125	1	1
7 846	0 4012	1	1
7 846	6 3656	1	1
7 847	6 1388	1	1
7 847	2 509	1	1
7 847	3 4565	1	1
7 847	4 289	1	1
7 847	3 1779	1	1
7 847	0 1807	1	1
7 848	0 1417	1	1
7 848	4 1269	1	1
7 848	0 3136	1	1
7 848	5 3824	1	1
7 848	0 2522	1	1
7 848	2 721	1	1
7 849	1 4175	1	1
7 849	4 3543	1	1
7 849	2 688	1	1
7 849	2 3722	1	1
7 849	1 3781	1	1
7 849	1 199	1	1
7 850	6 1800	1	1
7 850	0 1490	1	1
7 850	1 804	1	1
7 850	0 4617	1	1
7 850	6 2600	1	1
7 850	0 3564	1	1
7 851	7 2641	1	1
7 851	7 4228	1	1
7 851	2 90	1	1
7 851	5 3268	1	1
7 851	0 3150	1	1
7 851	4 1591	1	1
7 852	7 1517	1	1
7 852	3 1706	1	1
7 852	4 4822	1	1
7 852	1 4124	1	1
7 852	6 4436	1	1
7 852	3 4745	1	1
7 853	7 1824	1	1
7 853	4 1509	1	1
7 853	2 3875	1	1
7 853	2 2686	1	1
7 853	0 4778	1	1
7 853	2 3897	1	1
7 854	3 1516	1	1
7 854	2 1675	1	1
7 854	2 1061	1	1
7 854	3 3699	1	1
7 854	6 1232	1	1
7 854	4 1325	1	1
7 855	4 4822	1	1
7 855	0 1274	1	1
7 855	2 317	1	1
7 855	4 2536	1	1
7 855	1 4250	1	1
7 855	5 3773	1	1
7 856	7 1390	1	1
7 856	1 3554	1	1
7 856	4 4981	1	1
7 856	4 3387	1	1
7 856	4 1363	1	1
7 856	0 2701	1	1
7 857	7 1238	1	1
7 857	3 2555	1	1
7 857	1 4597	1	1
7 857	4 2977	1	1
7 857	5 1997	1	1
7 857	4 846	1	1
7 858	7 4612	1	1
7 858	7 2360	1	1
7 858	1 524	1	1
7 858	4 1815	1	1
7 858	6 4990	1	1
7 858	3 1621	1	1
7 859	7 4190	1	1
7 859	5 482	1	1
7 859	6 4283	1	1
7 859	0 2607	1	1
7 859	3 3844	1	1
7 859	6 3325	1	1
7 860	7 555	1	1
7 860	4 2850	1	1
7 860	6 4265	1	1
7 860	6 1928	1	1
7 860	4 2562	1	1
7 860	1 3199	1	1
7 861	7 4153	1	1
7 861	7 1451	1	1
7 861	7 2953	1	1
7 861	0 1435	1	1
7 861	2 2077	1	1
7 861	6 1563	1	1
7 862	7 1930	1	1
7 862	2 3845	1	1
7 862	3 3985	1	1
7 862	5 837	1	1
7 862	4 1401	1	1
7 862	0 586	1	1
7 863	7 2266	1	1
7 863	3 1757	1	1
7 863	0 4408	1	1
7 863	5 284	1	1
7 863	5 439	1	1
7 863	0 1607	1	1
7 864	7 2685	1	1
7 864	7 2240	1	1
7 864	4 3658	1	1
7 864	0 2107	1	1
7 864	5 1902	1	1
7 864	3 4132	1	1
7 865	4 136	1	1
7 865	6 2942	1	1
7 865	5 3548	1	1
7 865	2 3369	1	1
7 865	2 4341	1	1
7 865	3 3629	1	1
7 866	7 4047	1	1
7 866	0 808	1	1
7 866	3 370	1	1
7 866	0 634	1	1
7 866	3 4789	1	1
7 866	0 2471	1	1
7 867	7 932	1	1
7 867	6 1632	1	1
7 867	1 3448	1	1
7 867	1 4742	1	1
7 867	2 4824	1	1
7 867	0 974	1	1
7 868	7 3243	1	1
7 868	4 1004	1	1
7 868	5 1337	1	1
7 868	1 4672	1	1
7 868	4 3455	1	1
7 868	1 355	1	1
7 869	1 3305	1	1
7 869	1 405	1	1
7 869	3 1816	1	1
7 869	1 4086	1	1
7 869	6 468	1	1
7 869	1 3014	1	1
7 870	5 530	1	1
7 870	4 1726	1	1
7 870	5 3326	1	1
7 870	4 1313	1	1
7 870	1 4072	1	1
7 870	4 2828	1	1
7 871	7 3042	1	1
7 871	6 156	1	1
7 871	0 4178	1	1
7 871	4 1969	1	1
7 871	2 4211	1	1
7 871	4 3987	1	1
7 872	7 4430	1	1
7 872	7 16	1	1
7 872	5 145	1	1
7 872	0 1128	1	1
7 872	3 1945	1	1
7 872	4 314	1	1
7 873	0 3911	1	1
7 873	1 584	1	1
7 873	2 3291	1	1
7 873	4 4419	1	1
7 873	0 705	1	1
7 873	6 4369	1	1
7 874	0 1058	1	1
7 874	0 185	1	1
7 874	6 2345	1	1
7 874	2 4498	1	1
7 874	6 270	1	1
7 874	5 3754	1	1
7 875	7 3220	1	1
7 875	0 2881	1	1
7 875	5 1722	1	1
7 875	1 1449	1	1
7 875	4 1603	1	1
7 875	2 2933	1	1
7 876	7 3295	1	1
7 876	2 3273	1	1
7 876	2 1925	1	1
7 876	0 4940	1	1
7 876	2 3639	1	1
7 876	0 2778	1	1
7 877	5 2553	1	1
7 877	5 4577	1	1
7 877	0 963	1	1
7 877	0 28	1	1
7 877	4 511	1	1
7 877	4 762	1	1
7 878	7 669	1	1
7 878	5 1425	1	1
7 878	6 1780	1	1
7 878	2 4257	1	1
7 878	6 1550	1	1
7 878	3 2250	1	1
7 879	7 4019	1	1
7 879	1 494	1	1
7 879	4 1640	1	1
7 879	1 2395	1	1
7 879	3 3864	1	1
7 879	6 1996	1	1
7 880	7 4536	1	1
7 880	5 4047	1	1
7 880	6 4485	1	1
7 880	5 287	1	1
7 880	4 4111	1	1
7 880	4 2724	1	1
7 881	7 2872	1	1
7 881	0 4678	1	1
7 881	6 3896	1	1
7 881	2 4665	1	1
7 881	5 2855	1	1
7 881	2 1061	1	1
7 882	7 2258	1	1
7 882	7 1113	1	1
7 882	2 2169	1	1
7 882	6 515	1	1
7 882	2 2585	1	1
7 882	3 1098	1	1
7 883	7 1487	1	1
7 883	7 4598	1	1
7 883	1 941	1	1
7 883	4 3640	1	1
7 883	4 840	1	1
7 883	2 3268	1	1
7 884	7 1862	1	1
7 884	2 1194	1	1
7 884	4 370	1	1
7 884	4 2472	1	1
7 884	1 3970	1	1
7 884	4 3128	1	1
7 885	4 3522	1	1
7 885	4 2757	1	1
7 885	1 1004	1	1
7 885	6 4384	1	1
7 885	1 1288	1	1
7 885	0 4657	1	1
7 886	7 4112	1	1
7 886	3 3873	1	1
7 886	6 671	1	1
7 886	5 889	1	1
7 886	0 3773	1	1
7 886	5 3520	1	1
7 887	7 1334	1	1
7 887	6 4726	1	1
7 887	0 1359	1	1
7 887	3 3937	1	1
7 887	1 4076	1	1
7 887	2 1584	1	1
7 888	7 594	1	1
7 888	0 4133	1	1
7 888	0 4586	1	1
7 888	4 1379	1	1
7 888	6 4932	1	1
7 888	1 56	1	1
7 889	6 2281	1	1
7 889	4 2362	1	1
7 889	6 3739	1	1
7 889	0 1417	1	1
7 889	0 915	1	1
7 889	6 2304	1	1
7 890	7 4744	1	1
7 890	1 4772	1	1
7 890	3 2846	1	1
7 890	1 4521	1	1
7 890	1 2571	1	1
7 890	4 2169	1	1
7 891	7 3519	1	1
7 891	0 2900	1	1
7 891	0 1230	1	1
7 891	2 4442	1	1
7 891	0 2360	1	1
7 891	3 2571	1	1
7 892	7 4912	1	1
7 892	6 3330	1	1
7 892	6 2105	1	1
7 892	1 1176	1	1
7 892	5 4443	1	1
7 892	1 2397	1	1
7 893	7 2374	1	1
7 893	7 1061	1	1
7 893	0 4195	1	1
7 893	3 2610	1	1
7 893	5 1091	1	1
7 893	5 1681	1	1
7 894	7 3476	1	1
7 894	0 4664	1	1
7 894	3 2028	1	1
7 894	0 3033	1	1
7 894	3 1761	1	1
7 894	6 3823	1	1
7 895	7 2476	1	1
7 895	7 4556	1	1
7 895	1 4395	1	1
7 895	2 2902	1	1
7 895	5 712	1	1
7 895	3 3358	1	1
7 896	0 1399	1	1
7 896	0 3029	1	1
7 896	2 3370	1	1
7 896	5 2498	1	1
7 896	5 2373	1	1
7 896	0 4830	1	1
7 897	7 3197	1	1
7 897	4 3704	1	1
7 897	0 1576	1	1
7 897	0 1445	1	1
7 897	0 4616	1	1
7 897	4 2016	1	1
7 898	7 2670	1	1
7 898	7 4040	1	1
7 898	5 3030	1	1
7 898	6 1091	1	1
7 898	0 2588	1	1
7 898	3 3391	1	1
7 899	7 4018	1	1
7 899	4 1868	1	1
7 899	6 4572	1	1
7 899	1 4156	1	1
7 899	1 3814	1	1
7 899	5 3909	1	1
7 900	7 2333	1	1
7 900	7 1400	1	1
7 900	5 1408	1	1
7 900	1 2327	1	1
7 900	0 1202	1	1
7 900	3 1123	1	1
7 901	6 1707	1	1
7 901	1 1774	1	1
7 901	6 3409	1	1
7 901	4 2938	1	1
7 901	2 4088	1	1
7 901	4 1457	1	1
7 902	1 2410	1	1
7 902	4 2379	1	1
7 902	3 1539	1	1
7 902	5 3591	1	1
7 902	1 2078	1	1
7 902	6 319	1	1
7 903	7 3356	1	1
7 903	2 990	1	1
7 903	3 2253	1	1
7 903	5 626	1	1
7 903	2 4393	1	1
7 903	0 2160	1	1
7 904	7 4489	1	1
7 904	0 3566	1	1
7 904	0 890	1	1
7 904	6 4006	1	1
7 904	3 4782	1	1
7 904	0 1133	1	1
7 905	7 4435	1	1
7 905	7 1482	1	1
7 905	1 4537	1	1
7 905	2 1088	1	1
7 905	5 2423	1	1
7 905	6 2114	1	1
7 906	7 786	1	1
7 906	7 315	1	1
7 906	4 4396	1	1
7 906	4 4141	1	1
7 906	1 1772	1	1
7 906	0 4531	1	1
7 907	2 775	1	1
7 907	6 3686	1	1
7 907	0 2178	1	1
7 907	5 1524	1	1
7 907	4 4691	1	1
7 907	4 582	1	1
7 908	7 3456	1	1
7 908	0 2587	1	1
7 908	0 997	1	1
7 908	4 3368	1	1
7 908	5 2204	1	1
7 908	6 1088	1	1
7 909	7 3041	1	1
7 909	6 3468	1	1
7 909	3 3495	1	1
7 909	4 2094	1	1
7 909	6 3618	1	1
7 909	6 3179	1	1
7 910	7 2600	1	1
7 910	1 2642	1	1
7 910	6 3373	1	1
7 910	2 1877	1	1
7 910	0 1557	1	1
7 910	3 259	1	1
7 911	7 2609	1	1
7 911	3 4693	1	1
7 911	3 2209	1	1
7 911	5 1509	1	1
7 911	1 1482	1	1
7 911	1 2028	1	1
7 912	1 395	1	1
7 912	0 2586	1	1
7 912	6 1107	1	1
7 912	4 1627	1	1
7 912	6 1804	1	1
7 912	0 2464	1	1
7 913	7 1862	1	1
7 913	3 3144	1	1
7 913	3 453	1	1
7 913	1 3464	1	1
7 913	1 1385	1	1
7 913	1 2038	1	1
7 914	7 2313	1	1
7 914	5 3335	1	1
7 914	0 4384	1	1
7 914	5 1640	1	1
7 914	0 755	1	1
7 914	4 4281	1	1
7 915	7 4854	1	1
7 915	5 4172	1	1
7 915	1 251	1	1
7 915	2 1168	1	1
7 915	5 3012	1	1
7 915	3 4585	1	1
7 916	1 1342	1	1
7 916	2 3284	1	1
7 916	6 3025	1	1
7 916	4 2337	1	1
7 916	6 261	1	1
7 916	5 327	1	1
7 917	2 4929	1	1
7 917	2 792	1	1
7 917	2 1601	1	1
7 917	6 1135	1	1
7 917	5 884	1	1
7 917	1 418	1	1
7 918	6 4121	1	1
7 918	1 3680	1	1
7 918	3 3378	1	1
7 918	3 2751	1	1
7 918	5 2609	1	1
7 918	3 2045	1	1
7 919	4 2355	1	1
7 919	0 352	1	1
7 919	1 2840	1	1
7 919	2 3414	1	1
7 919	5 4820	1	1
7 919	1 315	1	1
7 920	5 4183	1	1
7 920	6 538	1	1
7 920	6 2711	1	1
7 920	6 3679	1	1
7 920	1 3849	1	1
7 920	0 3308	1	1
7 921	6 1959	1	1
7 921	5 2238	1	1
7 921	1 2192	1	1
7 921	2 3729	1	1
7 921	0 3529	1	1
7 921	6 4463	1	1
7 922	1 4417	1	1
7 922	2 3719	1	1
7 922	6 2480	1	1
7 922	5 2305	1	1
7 922	1 2471	1	1
7 922	3 4967	1	1
7 923	6 4050	1	1
7 923	0 815	1	1
7 923	3 2837	1	1
7 923	3 4679	1	1
7 923	5 4109	1	1
7 923	4 3719	1	1
7 924	7 1660	1	1
7 924	4 2566	1	1
7 924	6 3047	1	1
7 924	3 4846	1	1
7 924	2 1829	1	1
7 924	5 4987	1	1
7 925	7 4808	1	1
7 925	6 818	1	1
7 925	1 3211	1	1
7 925	1 979	1	1
7 925	1 686	1	1
7 925	0 832	1	1
7 926	7 2656	1	1
7 926	2 141	1	1
7 926	4 4418	1	1
7 926	0 1510	1	1
7 926	2 3070	1	1
7 926	1 3944	1	1
7 927	7 4853	1	1
7 927	7 2653	1	1
7 927	0 1082	1	1
7 927	0 1958	1	1
7 927	4 4383	1	1
7 927	6 1713	1	1
7 928	1 4992	1	1
7 928	1 2947	1	1
7 928	1 2310	1	1
7 928	5 160	1	1
7 928	4 3621	1	1
7 928	1 4156	1	1
7 929	7 4698	1	1
7 929	1 2778	1	1
7 929	0 698	1	1
7 929	0 4805	1	1
7 929	5 4607	1	1
7 929	0 4211	1	1
7 930	0 3846	1	1
7 930	4 2445	1	1
7 930	2 4748	1	1
7 930	6 777	1	1
7 930	5 2115	1	1
7 930	2 2954	1	1
7 931	4 1033	1	1
7 931	4 4000	1	1
7 931	5 545	1	1
7 931	2 4800	1	1
7 931	1 2207	1	1
7 931	2 1373	1	1
7 932	7 1179	1	1
7 932	3 4284	1	1
7 932	0 1466	1	1
7 932	2 1432	1	1
7 932	4 3438	1	1
7 932	0 3676	1	1
7 933	7 2698	1	1
7 933	7 4173	1	1
7 933	0 579	1	1
7 933	2 663	1	1
7 933	1 4537	1	1
7 933	1 1928	1	1
7 934	7 1078	1	1
7 934	0 4356	1	1
7 934	1 4471	1	1
7 934	4 3054	1	1
7 934	3 4699	1	1
7 934	2 2943	1	1
7 935	2 3857	1	1
7 935	1 1566	1	1
7 935	3 4581	1	1
7 935	5 938	1	1
7 935	1 2881	1	1
7 935	5 4652	1	1
7 936	1 1595	1	1
7 936	5 4500	1	1
7 936	2 1981	1	1
7 936	6 2776	1	1
7 936	5 3322	1	1
7 936	0 4373	1	1
7 937	7 3115	1	1
7 937	4 2032	1	1
7 937	3 1313	1	1
7 937	4 3224	1	1
7 937	2 3651	1	1
7 937	0 1814	1	1
7 938	7 71	1	1
7 938	7 601	1	1
7 938	0 403	1	1
7 938	1 4933	1	1
7 938	0 2552	1	1
7 938	3 836	1	1
7 939	5 1496	1	1
7 939	3 1929	1	1
7 939	1 4809	1	1
7 939	3 1430	1	1
7 939	3 2643	1	1
7 939	2 3948	1	1
7 940	7 703	1	1
7 940	7 1221	1	1
7 940	7 2475	1	1
7 940	1 1769	1	1
7 940	1 3042	1	1
7 940	3 4073	1	1
7 941	1 724	1	1
7 941	5 190	1	1
7 941	3 3757	1	1
7 941	3 155	1	1
7 941	4 4341	1	1
7 941	0 3944	1	1
7 942	3 4396	1	1
7 942	1 721	1	1
7 942	5 4129	1	1
7 942	4 3661	1	1
7 942	2 690	1	1
7 942	3 1059	1	1
7 943	7 2124	1	1
7 943	3 3482	1	1
7 943	6 4183	1	1
7 943	5 1667	1	1
7 943	4 3717	1	1
7 943	0 1979	1	1
7 944	3 4683	1	1
7 944	6 3252	1	1
7 944	3 1782	1	1
7 944	5 4219	1	1
7 944	5 8	1	1
7 944	4 2506	1	1
7 945	7 3455	1	1
7 945	7 3260	1	1
7 945	0 2167	1	1
7 945	4 3756	1	1
7 945	4 3852	1	1
7 945	0 165	1	1
7 946	5 4470	1	1
7 946	2 1818	1	1
7 946	5 4010	1	1
7 946	1 287	1	1
7 946	2 2470	1	1
7 946	2 1996	1	1
7 947	4 1899	1	1
7 947	4 1645	1	1
7 947	0 4	1	1
7 947	2 2421	1	1
7 947	2 2490	1	1
7 947	4 1993	1	1
7 948	1 4219	1	1
7 948	4 714	1	1
7 948	3 2666	1	1
7 948	1 4672	1	1
7 948	3 3883	1	1
7 948	0 3684	1	1
7 949	7 1947	1	1
7 949	0 2047	1	1
7 949	5 2887	1	1
7 949	0 3343	1	1
7 949	5 2940	1	1
7 949	1 3002	1	1
7 950	5 176	1	1
7 950	0 4445	1	1
7 950	1 2188	1	1
7 950	5 1380	1	1
7 950	0 3788	1	1
7 950	1 2638	1	1
7 951	5 4994	1	1
7 951	4 1028	1	1
7 951	3 39	1	1
7 951	5 4715	1	1
7 951	0 4806	1	1
7 951	5 2417	1	1
7 952	7 4284	1	1
7 952	7 1227	1	1
7 952	6 3108	1	1
7 952	1 3117	1	1
7 952	0 345	1	1
7 952	3 408	1	1
7 953	4 1555	1	1
7 953	1 843	1	1
7 953	6 4811	1	1
7 953	1 820	1	1
7 953	6 4055	1	1
7 953	6 5	1	1
7 954	7 4182	1	1
7 954	4 1152	1	1
7 954	6 3434	1	1
7 954	0 3204	1	1
7 954	6 442	1	1
7 954	3 3139	1	1
7 955	7 1430	1	1
7 955	1 318	1	1
7 955	0 3198	1	1
7 955	2 745	1	1
7 955	1 2466	1	1
7 955	5 2305	1	1
7 956	7 4427	1	1
7 956	1 2663	1	1
7 956	4 1100	1	1
7 956	2 3423	1	1
7 956	4 4812	1	1
7 956	6 4295	1	1
7 957	3 3190	1	1
7 957	3 1786	1	1
7 957	3 3334	1	1
7 957	5 3989	1	1
7 957	2 1144	1	1
7 957	4 4325	1	1
7 958	7 4640	1	1
7 958	4 3077	1	1
7 958	2 3457	1	1
7 958	4 132	1	1
7 958	3 4735	1	1
7 958	5 4545	1	1
7 959	5 2510	1	1
7 959	4 2656	1	1
7 959	1 2008	1	1
7 959	2 3109	1	1
7 959	2 3558	1	1
7 959	0 2119	1	1
7 960	4 3086	1	1
7 960	0 162	1	1
7 960	2 2263	1	1
7 960	3 2847	1	1
7 960	1 4753	1	1
7 960	1 215	1	1
7 961	7 1608	1	1
7 961	6 929	1	1
7 961	5 1163	1	1
7 961	6 511	1	1
7 961	2 4536	1	1
7 961	0 2238	1	1
7 962	7 1818	1	1
7 962	6 1200	1	1
7 962	3 1754	1	1
7 962	0 1292	1	1
7 962	2 789	1	1
7 962	1 960	1	1
7 963	4 1417	1	1
7 963	5 3319	1	1
7 963	4 2505	1	1
7 963	1 1874	1	1
7 963	6 1916	1	1
7 963	0 4596	1	1
7 964	7 4025	1	1
7 964	1 2183	1	1
7 964	3 4604	1	1
7 964	3 1370	1	1
7 964	0 2533	1	1
7 964	2 2267	1	1
7 965	7 2234	1	1
7 965	3 2410	1	1
7 965	2 4705	1	1
7 965	3 2962	1	1
7 965	4 4769	1	1
7 965	2 510	1	1
7 966	2 4990	1	1
7 966	4 505	1	1
7 966	0 1881	1	1
7 966	4 352	1	1
7 966	3 2872	1	1
7 966	0 3338	1	1
7 967	2 2482	1	1
7 967	0 1088	1	1
7 967	3 1502	1	1
7 967	6 2223	1	1
7 967	6 3391	1	1
7 967	4 100	1	1
7 968	7 3591	1	1
7 968	3 985	1	1
7 968	3 2129	1	1
7 968	4 3462	1	1
7 968	4 1471	1	1
7 968	3 1853	1	1
7 969	1 841	1	1
7 969	4 3488	1	1
7 969	4 2067	1	1
7 969	5 3944	1	1
7 969	0 3980	1	1
7 969	2 4028	1	1
7 970	7 907	1	1
7 970	7 118	1	1
7 970	4 4565	1	1
7 970	4 360	1	1
7 970	3 1363	1	1
7 970	2 4871	1	1
7 971	7 1768	1	1
7 971	6 3691	1	1
7 971	5 4030	1	1
7 971	5 81	1	1
7 971	3 349	1	1
7 971	0 920	1	1
7 972	2 2936	1	1
7 972	4 3635	1	1
7 972	1 4716	1	1
7 972	6 4944	1	1
7 972	3 3990	1	1
7 972	2 113	1	1
7 973	7 2635	1	1
7 973	5 1605	1	1
7 973	3 2302	1	1
7 973	5 4702	1	1
7 973	5 885	1	1
7 973	1 4650	1	1
7 974	7 367	1	1
7 974	6 1202	1	1
7 974	6 1582	1	1
7 974	0 633	1	1
7 974	5 2875	1	1
7 974	2 999	1	1
7 975	7 4261	1	1
7 975	7 3614	1	1
7 975	7 3150	1	1
7 975	0 3528	1	1
7 975	1 2771	1	1
7 975	5 3383	1	1
7 976	7 3633	1	1
7 976	3 406	1	1
7 976	0 1999	1	1
7 976	0 2873	1	1
7 976	6 971	1	1
7 976	0 857	1	1
7 977	7 2561	1	1
7 977	5 3508	1	1
7 977	2 2	1	1
7 977	2 630	1	1
7 977	3 1607	1	1
7 977	5 4007	1	1
7 978	7 3189	1	1
7 978	1 3531	1	1
7 978	5 3662	1	1
7 978	3 4519	1	1
7 978	6 2286	1	1
7 978	3 1015	1	1
7 979	2 3578	1	1
7 979	1 1366	1	1
7 979	6 795	1	1
7 979	3 115	1	1
7 979	0 892	1	1
7 979	3 3857	1	1
7 980	1 3687	1	1
7 980	1 4073	1	1
7 980	3 4201	1	1
7 980	2 3227	1	1
7 980	0 3113	1	1
7 980	1 1999	1	1
7 981	0 4089	1	1
7 981	4 1181	1	1
7 981	1 2962	1	1
7 981	2 2847	1	1
7 981	0 1729	1	1
7 981	2 2101	1	1
7 982	0 504	1	1
7 982	4 1298	1	1
7 982	0 511	1	1
7 982	5 2806	1	1
7 982	6 4367	1	1
7 982	1 2779	1	1
7 983	2 414	1	1
7 983	3 1924	1	1
7 983	2 536	1	1
7 983	2 1836	1	1
7 983	6 2744	1	1
7 983	6 2500	1	1
7 984	1 2788	1	1
7 984	3 2841	1	1
7 984	3 4476	1	1
7 984	4 4886	1	1
7 984	4 371	1	1
7 984	5 3978	1	1
7 985	4 575	1	1
7 985	4 1343	1	1
7 985	0 4443	1	1
7 985	3 2176	1	1
7 985	4 3750	1	1
7 985	6 3363	1	1
7 986	1 2739	1	1
7 986	2 1693	1	1
7 986	1 4775	1	1
7 986	2 1179	1	1
7 986	6 941	1	1
7 986	4 2601	1	1
7 987	7 4516	1	1
7 987	7 3491	1	1
7 987	4 2491	1	1
7 987	2 1123	1	1
7 987	0 282	1	1
7 987	2 2580	1	1
7 988	7 826	1	1
7 988	7 1021	1	1
7 988	2 2617	1	1
7 988	5 3823	1	1
7 988	3 265	1	1
7 988	0 4325	1	1
7 989	7 1785	1	1
7 989	0 4913	1	1
7 989	2 2357	1	1
7 989	6 2431	1	1
7 989	1 3930	1	1
7 989	0 1586	1	1
7 990	7 2587	1	1
7 990	2 3682	1	1
7 990	4 1374	1	1
7 990	0 3690	1	1
7 990	4 4768	1	1
7 990	2 2271	1	1
7 991	7 463	1	1
7 991	0 562	1	1
7 991	5 1316	1	1
7 991	3 4051	1	1
7 991	5 237	1	1
7 991	1 944	1	1
7 992	1 4255	1	1
7 992	0 4438	1	1
7 992	1 724	1	1
7 992	3 981	1	1
7 992	2 1482	1	1
7 992	2 1183	1	1
7 993	7 145	1	1
7 993	4 3509	1	1
7 993	4 1292	1	1
7 993	3 4498	1	1
7 993	0 3042	1	1
7 993	0 3884	1	1
7 994	3 4376	1	1
7 994	3 2257	1	1
7 994	5 1062	1	1
7 994	5 311	1	1
7 994	3 3414	1	1
7 994	5 3606	1	1
7 995	0 4977	1	1
7 995	6 2009	1	1
7 995	5 2629	1	1
7 995	5 229	1	1
7 995	0 364	1	1
7 995	0 1671	1	1
7 996	7 2583	1	1
7 996	5 2897	1	1
7 996	5 391	1	1
7 996	6 3207	1	1
7 996	3 956	1	1
7 996	1 804	1	1
7 997	7 3846	1	1
7 997	7 3008	1	1
7 997	2 800	1	1
7 997	5 474	1	1
7 997	0 952	1	1
7 997	6 2402	1	1
7 998	7 3461	1	1
7 998	0 309	1	1
7 998	2 2094	1	1
7 998	3 1087	1	1
7 998	3 3734	1	1
7 998	4 547	1	1
7 999	7 1834	1	1
7 999	3 3971	1	1
7 999	5 4049	1	1
7 999	5 3828	1	1
7 999	5 861	1	1
7 999	2 1933	1	1
7 1000	5 2261	1	1
7 1000	6 4121	1	1
7 1000	5 1312	1	1
7 1000	1 3795	1	1
7 1000	2 1162	1	1
7 1000	5 4134	1	1
7 1001	7 4632	1	1
7 1001	2 3929	1	1
7 1001	2 2535	1	1
7 1001	0 3643	1	1
7 1001	5 3995	1	1
7 1001	1 4755	1	1
7 1002	7 734	1	1
7 1002	0 1714	1	1
7 1002	4 3761	1	1
7 1002	6 759	1	1
7 1002	2 4792	1	1
7 1002	5 3855	1	1
7 1003	7 2742	1	1
7 1003	6 2640	1	1
7 1003	1 556	1	1
7 1003	4 2259	1	1
7 1003	4 2934	1	1
7 1003	1 1076	1	1
7 1004	7 2752	1	1
7 1004	5 761	1	1
7 1004	4 408	1	1
7 1004	5 2520	1	1
7 1004	3 4294	1	1
7 1004	2 1507	1	1
7 1005	7 3997	1	1
7 1005	6 1815	1	1
7 1005	2 2221	1	1
7 1005	0 3662	1	1
7 1005	5 3267	1	1
7 1005	0 4584	1	1
7 1006	7 827	1	1
7 1006	2 2070	1	1
7 1006	5 2918	1	1
7 1006	4 2739	1	1
7 1006	3 1695	1	1
7 1006	1 4042	1	1
7 1007	7 3033	1	1
7 1007	7 762	1	1
7 1007	3 2864	1	1
7 1007	1 663	1	1
7 1007	2 4701	1	1
7 1007	0 4081	1	1
7 1008	7 2265	1	1
7 1008	5 4988	1	1
7 1008	3 4624	1	1
7 1008	5 2938	1	1
7 1008	5 2617	1	1
7 1008	3 3011	1	1
7 1009	2 2610	1	1
7 1009	4 809	1	1
7 1009	3 2051	1	1
7 1009	2 1625	1	1
7 1009	5 3587	1	1
7 1009	3 3353	1	1
7 1010	2 577	1	1
7 1010	0 124	1	1
7 1010	3 3319	1	1
7 1010	3 728	1	1
7 1010	1 2010	1	1
7 1010	5 713	1	1
7 1011	7 3883	1	1
7 1011	6 3877	1	1
7 1011	6 2088	1	1
7 1011	3 350	1	1
7 1011	4 436	1	1
7 1011	5 1831	1	1
7 1012	2 749	1	1
7 1012	6 950	1	1
7 1012	1 4747	1	1
7 1012	4 3289	1	1
7 1012	5 1268	1	1
7 1012	2 3370	1	1
7 1013	5 3967	1	1
7 1013	4 3749	1	1
7 1013	2 876	1	1
7 1013	3 1305	1	1
7 1013	4 3733	1	1
7 1013	1 1964	1	1
7 1014	1 2518	1	1
7 1014	2 4897	1	1
7 1014	5 2529	1	1
7 1014	4 465	1	1
7 1014	3 3768	1	1
7 1014	4 475	1	1
7 1015	7 1027	1	1
7 1015	6 770	1	1
7 1015	5 726	1	1
7 1015	6 4458	1	1
7 1015	3 3006	1	1
7 1015	3 4554	1	1
7 1016	7 3419	1	1
7 1016	0 1231	1	1
7 1016	4 4704	1	1
7 1016	0 2990	1	1
7 1016	3 4832	1	1
7 1016	6 1988	1	1
7 1017	7 583	1	1
7 1017	6 2985	1	1
7 1017	1 4991	1	1
7 1017	0 4660	1	1
7 1017	2 2288	1	1
7 1017	0 3105	1	1
7 1018	4 461	1	1
7 1018	5 2164	1	1
7 1018	5 4458	1	1
7 1018	3 4689	1	1
7 1018	5 2719	1	1
7 1018	3 3076	1	1
7 1019	5 52	1	1
7 1019	4 1437	1	1
7 1019	2 2986	1	1
7 1019	3 4753	1	1
7 1019	1 1619	1	1
7 1019	4 1445	1	1
7 1020	7 4817	1	1
7 1020	3 4616	1	1
7 1020	0 3016	1	1
7 1020	0 4304	1	1
7 1020	0 4435	1	1
7 1020	6 750	1	1
7 1021	2 3221	1	1
7 1021	2 1962	1	1
7 1021	3 3543	1	1
7 1021	1 4069	1	1
7 1021	1 3405	1	1
7 1021	0 2868	1	1
7 1022	6 4936	1	1
7 1022	1 91	1	1
7 1022	1 347	1	1
7 1022	6 1839	1	1
7 1022	2 484	1	1
7 1022	4 2897	1	1
7 1023	7 3070	1	1
7 1023	7 1564	1	1
7 1023	5 2125	1	1
7 1023	4 4771	1	1
7 1023	3 735	1	1
7 1023	5 2920	1	1
7 1024	7 3144	1	1
7 1024	7 1624	1	1
7 1024	3 1318	1	1
7 1024	1 3681	1	1
7 1024	4 2770	1	1
7 1024	0 3093	1	1
7 1025	7 769	1	1
7 1025	5 1036	1	1
7 1025	3 787	1	1
7 1025	5 460	1	1
7 1025	6 1909	1	1
7 1025	1 1271	1	1
7 1026	7 2870	1	1
7 1026	7 170	1	1
7 1026	0 1007	1	1
7 1026	2 4468	1	1
7 1026	1 4467	1	1
7 1026	5 4908	1	1
7 1027	3 4218	1	1
7 1027	6 3961	1	1
7 1027	1 842	1	1
7 1027	0 1406	1	1
7 1027	5 3263	1	1
7 1027	2 2330	1	1
7 1028	7 1749	1	1
7 1028	3 926	1	1
7 1028	3 4141	1	1
7 1028	3 2899	1	1
7 1028	5 4667	1	1
7 1028	0 519	1	1
7 1029	6 926	1	1
7 1029	6 1403	1	1
7 1029	1 2520	1	1
7 1029	0 2489	1	1
7 1029	3 2203	1	1
7 1029	5 1960	1	1
7 1030	7 3085	1	1
7 1030	3 1991	1	1
7 1030	5 4224	1	1
7 1030	3 4764	1	1
7 1030	3 176	1	1
7 1030	6 936	1	1
7 1031	7 4913	1	1
7 1031	4 860	1	1
7 1031	6 3497	1	1
7 1031	3 520	1	1
7 1031	5 591	1	1
7 1031	0 2615	1	1
7 1032	3 3827	1	1
7 1032	1 3134	1	1
7 1032	0 4891	1	1
7 1032	4 1608	1	1
7 1032	2 991	1	1
7 1032	3 3814	1	1
7 1033	7 4657	1	1
7 1033	6 2268	1	1
7 1033	4 3197	1	1
7 1033	2 2	1	1
7 1033	6 1837	1	1
7 1033	2 3819	1	1
7 1034	3 2466	1	1
7 1034	4 4290	1	1
7 1034	6 754	1	1
7 1034	1 2869	1	1
7 1034	1 918	1	1
7 1034	6 1295	1	1
7 1035	7 281	1	1
7 1035	7 2830	1	1
7 1035	2 4897	1	1
7 1035	6 1885	1	1
7 1035	1 1794	1	1
7 1035	2 4520	1	1
7 1036	7 689	1	1
7 1036	0 1690	1	1
7 1036	6 4237	1	1
7 1036	6 15	1	1
7 1036	4 1263	1	1
7 1036	4 927	1	1
7 1037	7 852	1	1
7 1037	7 495	1	1
7 1037	2 4010	1	1
7 1037	5 4915	1	1
7 1037	5 809	1	1
7 1037	0 2508	1	1
7 1038	7 2770	1	1
7 1038	5 2137	1	1
7 1038	5 1536	1	1
7 1038	1 3272	1	1
7 1038	5 3964	1	1
7 1038	2 4937	1	1
7 1039	3 518	1	1
7 1039	0 12	1	1
7 1039	2 1899	1	1
7 1039	4 3011	1	1
7 1039	4 1763	1	1
7 1039	4 67	1	1
7 1040	7 3828	1	1
7 1040	7 3693	1	1
7 1040	5 4071	1	1
7 1040	0 2145	1	1
7 1040	5 4278	1	1
7 1040	3 352	1	1
7 1041	7 1768	1	1
7 1041	1 3576	1	1
7 1041	1 797	1	1
7 1041	0 3531	1	1
7 1041	1 1568	1	1
7 1041	1 4170	1	1
7 1042	5 133	1	1
7 1042	0 4869	1	1
7 1042	0 314	1	1
7 1042	2 3165	1	1
7 1042	0 3512	1	1
7 1042	2 3892	1	1
7 1043	5 4088	1	1
7 1043	6 116	1	1
7 1043	4 588	1	1
7 1043	6 3851	1	1
7 1043	1 1301	1	1
7 1043	2 947	1	1
7 1044	7 4774	1	1
7 1044	4 2507	1	1
7 1044	4 3139	1	1
7 1044	3 910	1	1
7 1044	2 2453	1	1
7 1044	1 4902	1	1
7 1045	7 3056	1	1
7 1045	6 4510	1	1
7 1045	2 2507	1	1
7 1045	6 3079	1	1
7 1045	4 4968	1	1
7 1045	2 1002	1	1
7 1046	7 693	1	1
7 1046	3 4714	1	1
7 1046	1 2554	1	1
7 1046	0 4676	1	1
7 1046	5 42	1	1
7 1046	5 3740	1	1
7 1047	7 3293	1	1
7 1047	4 4425	1	1
7 1047	4 383	1	1
7 1047	1 3513	1	1
7 1047	5 4819	1	1
7 1047	0 699	1	1
7 1048	7 591	1	1
7 1048	6 53	1	1
7 1048	2 3623	1	1
7 1048	3 2194	1	1
7 1048	3 2046	1	1
7 1048	5 4714	1	1
7 1049	7 607	1	1
7 1049	6 578	1	1
7 1049	3 2991	1	1
7 1049	2 3702	1	1
7 1049	0 3876	1	1
7 1049	3 2828	1	1
7 1050	2 2126	1	1
7 1050	4 990	1	1
7 1050	1 1911	1	1
7 1050	3 2921	1	1
7 1050	4 814	1	1
7 1050	3 1568	1	1
7 1051	7 4861	1	1
7 1051	4 2611	1	1
7 1051	0 2615	1	1
7 1051	6 4750	1	1
7 1051	1 1940	1	1
7 1051	4 166	1	1
7 1052	1 4357	1	1
7 1052	0 762	1	1
7 1052	4 233	1	1
7 1052	4 102	1	1
7 1052	3 3568	1	1
7 1052	1 3216	1	1
7 1053	6 3248	1	1
7 1053	0 3080	1	1
7 1053	4 1266	1	1
7 1053	1 980	1	1
7 1053	4 1526	1	1
7 1053	2 1304	1	1
7 1054	1 2936	1	1
7 1054	3 162	1	1
7 1054	3 1541	1	1
7 1054	1 3485	1	1
7 1054	3 3480	1	1
7 1054	3 3486	1	1
7 1055	7 4127	1	1
7 1055	6 3526	1	1
7 1055	6 1040	1	1
7 1055	4 2048	1	1
7 1055	0 958	1	1
7 1055	3 619	1	1
7 1056	5 1461	1	1
7 1056	3 1921	1	1
7 1056	5 3357	1	1
7 1056	6 2608	1	1
7 1056	2 3402	1	1
7 1056	1 3542	1	1
7 1057	4 4669	1	1
7 1057	3 121	1	1
7 1057	1 2200	1	1
7 1057	5 3887	1	1
7 1057	4 596	1	1
7 1057	2 4056	1	1
7 1058	7 4796	1	1
7 1058	3 4274	1	1
7 1058	5 1387	1	1
7 1058	0 4300	1	1
7 1058	6 28	1	1
7 1058	6 804	1	1
7 1059	7 1954	1	1
7 1059	0 1761	1	1
7 1059	0 1704	1	1
7 1059	1 1567	1	1
7 1059	5 4705	1	1
7 1059	6 721	1	1
7 1060	2 4492	1	1
7 1060	2 1391	1	1
7 1060	4 3958	1	1
7 1060	2 2274	1	1
7 1060	3 4289	1	1
7 1060	5 2987	1	1
7 1061	7 3599	1	1
7 1061	6 4513	1	1
7 1061	4 1591	1	1
7 1061	3 4047	1	1
7 1061	5 616	1	1
7 1061	2 1535	1	1
7 1062	7 3836	1	1
7 1062	0 2862	1	1
7 1062	6 1241	1	1
7 1062	5 139	1	1
7 1062	5 1936	1	1
7 1062	3 2122	1	1
7 1063	4 2356	1	1
7 1063	2 965	1	1
7 1063	5 3095	1	1
7 1063	3 3698	1	1
7 1063	4 495	1	1
7 1063	5 1618	1	1
7 1064	3 2737	1	1
7 1064	2 359	1	1
7 1064	0 2578	1	1
7 1064	0 1718	1	1
7 1064	1 4013	1	1
7 1064	5 4540	1	1
7 1065	1 1982	1	1
7 1065	1 3095	1	1
7 1065	0 4152	1	1
7 1065	2 1870	1	1
7 1065	0 1500	1	1
7 1065	2 760	1	1
7 1066	7 1069	1	1
7 1066	3 3189	1	1
7 1066	3 3479	1	1
7 1066	3 4135	1	1
7 1066	5 3413	1	1
7 1066	4 1204	1	1
7 1067	7 4313	1	1
7 1067	2 3435	1	1
7 1067	1 3377	1	1
7 1067	5 4245	1	1
7 1067	4 4428	1	1
7 1067	5 4268	1	1
7 1068	0 1497	1	1
7 1068	2 4671	1	1
7 1068	3 3269	1	1
7 1068	1 3020	1	1
7 1068	4 1089	1	1
7 1068	5 4309	1	1
7 1069	4 3408	1	1
7 1069	6 4914	1	1
7 1069	0 1418	1	1
7 1069	6 797	1	1
7 1069	2 348	1	1
7 1069	6 1342	1	1
7 1070	7 647	1	1
7 1070	2 2209	1	1
7 1070	0 1119	1	1
7 1070	1 4424	1	1
7 1070	6 1356	1	1
7 1070	5 5	1	1
7 1071	7 3795	1	1
7 1071	2 3413	1	1
7 1071	3 3061	1	1
7 1071	1 3994	1	1
7 1071	0 4626	1	1
7 1071	3 2359	1	1
7 1072	3 3273	1	1
7 1072	1 2521	1	1
7 1072	4 2033	1	1
7 1072	4 904	1	1
7 1072	2 2784	1	1
7 1072	0 199	1	1
7 1073	1 2072	1	1
7 1073	3 3010	1	1
7 1073	5 1591	1	1
7 1073	2 2064	1	1
7 1073	5 1504	1	1
7 1073	1 3072	1	1
7 1074	5 4753	1	1
7 1074	3 3164	1	1
7 1074	0 2611	1	1
7 1074	3 877	1	1
7 1074	4 1599	1	1
7 1074	4 2065	1	1
7 1075	7 1426	1	1
7 1075	2 2577	1	1
7 1075	3 3431	1	1
7 1075	4 2857	1	1
7 1075	1 91	1	1
7 1075	5 1573	1	1
7 1076	7 3993	1	1
7 1076	7 4798	1	1
7 1076	6 4088	1	1
7 1076	3 4409	1	1
7 1076	1 183	1	1
7 1076	0 1423	1	1
7 1077	7 549	1	1
7 1077	4 2310	1	1
7 1077	4 2766	1	1
7 1077	5 2693	1	1
7 1077	1 2994	1	1
7 1077	4 929	1	1
7 1078	6 800	1	1
7 1078	2 3613	1	1
7 1078	2 510	1	1
7 1078	0 1858	1	1
7 1078	5 3390	1	1
7 1078	1 3916	1	1
7 1079	7 3099	1	1
7 1079	5 4374	1	1
7 1079	4 715	1	1
7 1079	1 1548	1	1
7 1079	6 3783	1	1
7 1079	4 2242	1	1
7 1080	7 1813	1	1
7 1080	2 4724	1	1
7 1080	5 4836	1	1
7 1080	1 3630	1	1
7 1080	0 3686	1	1
7 1080	4 4982	1	1
7 1081	7 2075	1	1
7 1081	5 1819	1	1
7 1081	5 2678	1	1
7 1081	3 420	1	1
7 1081	2 2625	1	1
7 1081	2 3183	1	1
7 1082	7 656	1	1
7 1082	6 175	1	1
7 1082	3 1987	1	1
7 1082	3 231	1	1
7 1082	1 4426	1	1
7 1082	5 82	1	1
7 1083	7 4216	1	1
7 1083	7 217	1	1
7 1083	6 659	1	1
7 1083	2 4569	1	1
7 1083	2 2999	1	1
7 1083	5 971	1	1
7 1084	1 663	1	1
7 1084	5 4067	1	1
7 1084	5 938	1	1
7 1084	1 93	1	1
7 1084	5 4124	1	1
7 1084	0 3101	1	1
7 1085	5 4639	1	1
7 1085	6 2855	1	1
7 1085	1 574	1	1
7 1085	0 3019	1	1
7 1085	1 2587	1	1
7 1085	4 4185	1	1
7 1086	7 4524	1	1
7 1086	7 2780	1	1
7 1086	5 3547	1	1
7 1086	1 1307	1	1
7 1086	2 1878	1	1
7 1086	5 985	1	1
7 1087	0 3368	1	1
7 1087	5 4256	1	1
7 1087	5 1213	1	1
7 1087	2 2434	1	1
7 1087	0 2809	1	1
7 1087	1 1238	1	1
7 1088	4 729	1	1
7 1088	6 3548	1	1
7 1088	5 4389	1	1
7 1088	3 3906	1	1
7 1088	1 3551	1	1
7 1088	4 3897	1	1
7 1089	7 1066	1	1
7 1089	2 4765	1	1
7 1089	3 3555	1	1
7 1089	2 158	1	1
7 1089	0 42	1	1
7 1089	3 4895	1	1
7 1090	7 1316	1	1
7 1090	4 906	1	1
7 1090	2 1258	1	1
7 1090	6 1005	1	1
7 1090	5 298	1	1
7 1090	5 2481	1	1
7 1091	7 4400	1	1
7 1091	7 1692	1	1
7 1091	3 608	1	1
7 1091	5 1354	1	1
7 1091	6 4639	1	1
7 1091	5 3715	1	1
7 1092	4 3849	1	1
7 1092	4 328	1	1
7 1092	1 1425	1	1
7 1092	6 1307	1	1
7 1092	4 4586	1	1
7 1092	4 3618	1	1
7 1093	7 1724	1	1
7 1093	7 4942	1	1
7 1093	7 2658	1	1
7 1093	1 3768	1	1
7 1093	4 4539	1	1
7 1093	3 3904	1	1
7 1094	6 4658	1	1
7 1094	1 3273	1	1
7 1094	2 4571	1	1
7 1094	5 3206	1	1
7 1094	0 4792	1	1
7 1094	6 3383	1	1
7 1095	1 1153	1	1
7 1095	5 1310	1	1
7 1095	6 3735	1	1
7 1095	4 110	1	1
7 1095	1 2648	1	1
7 1095	2 652	1	1
7 1096	4 4509	1	1
7 1096	1 745	1	1
7 1096	2 2167	1	1
7 1096	4 1247	1	1
7 1096	3 3697	1	1
7 1096	2 940	1	1
7 1097	7 4399	1	1
7 1097	7 4358	1	1
7 1097	1 4884	1	1
7 1097	0 477	1	1
7 1097	6 2158	1	1
7 1097	1 4671	1	1
7 1098	7 3403	1	1
7 1098	7 158	1	1
7 1098	0 4913	1	1
7 1098	1 1020	1	1
7 1098	5 2618	1	1
7 1098	0 4530	1	1
7 1099	1 806	1	1
7 1099	2 189	1	1
7 1099	5 4100	1	1
7 1099	6 4728	1	1
7 1099	3 378	1	1
7 1099	4 3120	1	1
7 1100	7 429	1	1
7 1100	5 2449	1	1
7 1100	1 3983	1	1
7 1100	4 1329	1	1
7 1100	0 4711	1	1
7 1100	5 3178	1	1
7 1101	0 156	1	1
7 1101	5 1978	1	1
7 1101	6 2923	1	1
7 1101	6 1940	1	1
7 1101	6 2753	1	1
7 1101	3 1055	1	1
7 1102	7 2347	1	1
7 1102	2 3168	1	1
7 1102	0 2065	1	1
7 1102	6 4442	1	1
7 1102	0 2482	1	1
7 1102	2 979	1	1
7 1103	6 1138	1	1
7 1103	2 4145	1	1
7 1103	0 1741	1	1
7 1103	0 3993	1	1
7 1103	4 2521	1	1
7 1103	2 2063	1	1
7 1104	7 1823	1	1
7 1104	3 4531	1	1
7 1104	4 4642	1	1
7 1104	4 4942	1	1
7 1104	5 4509	1	1
7 1104	2 2251	1	1
7 1105	7 153	1	1
7 1105	7 3961	1	1
7 1105	7 4829	1	1
7 1105	5 4890	1	1
7 1105	3 3322	1	1
7 1105	0 3869	1	1
7 1106	6 4360	1	1
7 1106	4 2825	1	1
7 1106	6 1358	1	1
7 1106	3 4940	1	1
7 1106	1 2295	1	1
7 1106	6 474	1	1
7 1107	7 3453	1	1
7 1107	3 1349	1	1
7 1107	3 436	1	1
7 1107	0 3218	1	1
7 1107	3 4803	1	1
7 1107	4 68	1	1
7 1108	7 4403	1	1
7 1108	5 2464	1	1
7 1108	6 3912	1	1
7 1108	3 4499	1	1
7 1108	2 4461	1	1
7 1108	4 1877	1	1
7 1109	7 2500	1	1
7 1109	7 4789	1	1
7 1109	5 349	1	1
7 1109	0 674	1	1
7 1109	0 1014	1	1
7 1109	5 2043	1	1
7 1110	7 1227	1	1
7 1110	7 993	1	1
7 1110	7 236	1	1
7 1110	6 646	1	1
7 1110	1 3367	1	1
7 1110	6 1906	1	1
7 1111	7 4507	1	1
7 1111	6 4414	1	1
7 1111	3 1818	1	1
7 1111	6 3965	1	1
7 1111	1 3192	1	1
7 1111	2 508	1	1
7 1112	4 1331	1	1
7 1112	6 588	1	1
7 1112	6 4695	1	1
7 1112	6 1900	1	1
7 1112	3 1242	1	1
7 1112	0 873	1	1
7 1113	3 4697	1	1
7 1113	3 4225	1	1
7 1113	3 357	1	1
7 1113	3 411	1	1
7 1113	2 2748	1	1
7 1113	2 59	1	1
7 1114	7 3922	1	1
7 1114	6 1532	1	1
7 1114	5 185	1	1
7 1114	5 2477	1	1
7 1114	6 4290	1	1
7 1114	1 2946	1	1
7 1115	7 2723	1	1
7 1115	2 4250	1	1
7 1115	5 4067	1	1
7 1115	0 10	1	1
7 1115	4 2294	1	1
7 1115	5 375	1	1
7 1116	7 1313	1	1
7 1116	7 4536	1	1
7 1116	4 3929	1	1
7 1116	2 321	1	1
7 1116	3 3321	1	1
7 1116	6 2611	1	1
7 1117	4 2972	1	1
7 1117	2 4855	1	1
7 1117	2 4368	1	1
7 1117	3 303	1	1
7 1117	2 2701	1	1
7 1117	2 1447	1	1
7 1118	1 1045	1	1
7 1118	2 357	1	1
7 1118	2 3361	1	1
7 1118	5 4658	1	1
7 1118	5 791	1	1
7 1118	5 4702	1	1
7 1119	7 3979	1	1
7 1119	1 1629	1	1
7 1119	4 461	1	1
7 1119	6 2790	1	1
7 1119	3 2457	1	1
7 1119	1 3583	1	1
7 1120	2 4678	1	1
7 1120	5 4017	1	1
7 1120	1 1093	1	1
7 1120	1 1086	1	1
7 1120	0 3586	1	1
7 1120	6 4292	1	1
7 1121	7 292	1	1
7 1121	7 1686	1	1
7 1121	5 2318	1	1
7 1121	2 3299	1	1
7 1121	4 2371	1	1
7 1121	4 2454	1	1
7 1122	1 4963	1	1
7 1122	3 2702	1	1
7 1122	1 288	1	1
7 1122	4 4754	1	1
7 1122	2 2339	1	1
7 1122	6 2335	1	1
7 1123	7 2228	1	1
7 1123	2 1842	1	1
7 1123	3 3810	1	1
7 1123	2 1923	1	1
7 1123	1 3269	1	1
7 1123	2 4060	1	1
7 1124	7 533	1	1
7 1124	7 214	1	1
7 1124	6 2804	1	1
7 1124	4 1938	1	1
7 1124	2 2202	1	1
7 1124	4 3518	1	1
7 1125	7 2701	1	1
7 1125	7 3919	1	1
7 1125	4 3858	1	1
7 1125	6 3399	1	1
7 1125	1 3545	1	1
7 1125	2 2624	1	1
7 1126	6 2877	1	1
7 1126	2 1052	1	1
7 1126	4 656	1	1
7 1126	5 3010	1	1
7 1126	5 4410	1	1
7 1126	2 4947	1	1
7 1127	7 3334	1	1
7 1127	5 2697	1	1
7 1127	5 1357	1	1
7 1127	5 763	1	1
7 1127	0 1827	1	1
7 1127	4 1412	1	1
7 1128	7 4270	1	1
7 1128	7 2403	1	1
7 1128	7 4299	1	1
7 1128	5 2178	1	1
7 1128	6 1915	1	1
7 1128	4 4672	1	1
7 1129	2 2702	1	1
7 1129	5 4257	1	1
7 1129	1 4898	1	1
7 1129	3 219	1	1
7 1129	4 4672	1	1
7 1129	0 2699	1	1
7 1130	6 3326	1	1
7 1130	6 394	1	1
7 1130	0 2180	1	1
7 1130	0 4641	1	1
7 1130	3 1246	1	1
7 1130	2 3036	1	1
7 1131	7 3153	1	1
7 1131	5 649	1	1
7 1131	6 3411	1	1
7 1131	1 3866	1	1
7 1131	2 4347	1	1
7 1131	5 4179	1	1
7 1132	1 2103	1	1
7 1132	2 3314	1	1
7 1132	4 1182	1	1
7 1132	0 408	1	1
7 1132	5 1338	1	1
7 1132	6 1289	1	1
7 1133	7 1671	1	1
7 1133	5 4431	1	1
7 1133	0 284	1	1
7 1133	3 584	1	1
7 1133	6 2696	1	1
7 1133	6 20	1	1
7 1134	7 1852	1	1
7 1134	2 1038	1	1
7 1134	6 599	1	1
7 1134	2 1542	1	1
7 1134	3 1686	1	1
7 1134	1 4169	1	1
7 1135	7 3276	1	1
7 1135	1 632	1	1
7 1135	0 2984	1	1
7 1135	6 1810	1	1
7 1135	1 4842	1	1
7 1135	2 2343	1	1
7 1136	7 2153	1	1
7 1136	4 531	1	1
7 1136	3 947	1	1
7 1136	6 2479	1	1
7 1136	2 4558	1	1
7 1136	2 2439	1	1
7 1137	2 1231	1	1
7 1137	3 1906	1	1
7 1137	3 997	1	1
7 1137	5 805	1	1
7 1137	0 1514	1	1
7 1137	1 4915	1	1
7 1138	2 964	1	1
7 1138	3 4551	1	1
7 1138	6 3195	1	1
7 1138	3 3961	1	1
7 1138	0 2041	1	1
7 1138	2 4795	1	1
7 1139	2 1610	1	1
7 1139	0 3991	1	1
7 1139	0 3554	1	1
7 1139	2 3325	1	1
7 1139	3 417	1	1
7 1139	5 2735	1	1
7 1140	7 3472	1	1
7 1140	2 3154	1	1
7 1140	2 3896	1	1
7 1140	5 1176	1	1
7 1140	3 3509	1	1
7 1140	0 4421	1	1
7 1141	7 2700	1	1
7 1141	1 1340	1	1
7 1141	1 4662	1	1
7 1141	2 1903	1	1
7 1141	2 2979	1	1
7 1141	4 556	1	1
7 1142	2 481	1	1
7 1142	2 3217	1	1
7 1142	2 2359	1	1
7 1142	0 898	1	1
7 1142	0 4131	1	1
7 1142	5 2644	1	1
7 1143	7 1455	1	1
7 1143	5 1906	1	1
7 1143	6 2939	1	1
7 1143	3 3662	1	1
7 1143	3 1140	1	1
7 1143	0 3796	1	1
7 1144	7 5	1	1
7 1144	2 4922	1	1
7 1144	6 3423	1	1
7 1144	0 2629	1	1
7 1144	4 932	1	1
7 1144	4 178	1	1
7 1145	7 3109	1	1
7 1145	0 4488	1	1
7 1145	5 1022	1	1
7 1145	1 137	1	1
7 1145	4 383	1	1
7 1145	2 2173	1	1
7 1146	7 736	1	1
7 1146	5 3884	1	1
7 1146	6 4880	1	1
7 1146	3 3897	1	1
7 1146	2 1150	1	1
7 1146	3 4187	1	1
7 1147	7 1682	1	1
7 1147	5 3929	1	1
7 1147	4 2285	1	1
7 1147	3 2224	1	1
7 1147	6 2563	1	1
7 1147	0 963	1	1
7 1148	7 4212	1	1
7 1148	4 208	1	1
7 1148	2 3015	1	1
7 1148	2 2573	1	1
7 1148	1 4551	1	1
7 1148	6 688	1	1
7 1149	7 944	1	1
7 1149	4 51	1	1
7 1149	2 2928	1	1
7 1149	2 2037	1	1
7 1149	3 538	1	1
7 1149	1 3954	1	1
7 1150	7 3653	1	1
7 1150	5 1674	1	1
7 1150	5 1927	1	1
7 1150	6 3364	1	1
7 1150	6 71	1	1
7 1150	2 3765	1	1
7 1151	7 1241	1	1
7 1151	0 1448	1	1
7 1151	3 3739	1	1
7 1151	6 754	1	1
7 1151	2 1044	1	1
7 1151	5 2672	1	1
7 1152	7 1779	1	1
7 1152	5 3311	1	1
7 1152	5 393	1	1
7 1152	4 4222	1	1
7 1152	3 2449	1	1
7 1152	0 2104	1	1
7 1153	3 4968	1	1
7 1153	3 4421	1	1
7 1153	6 3765	1	1
7 1153	2 88	1	1
7 1153	3 3173	1	1
7 1153	1 4092	1	1
7 1154	7 1602	1	1
7 1154	6 2814	1	1
7 1154	3 5	1	1
7 1154	3 3825	1	1
7 1154	6 311	1	1
7 1154	5 2319	1	1
7 1155	5 3130	1	1
7 1155	2 992	1	1
7 1155	4 593	1	1
7 1155	2 503	1	1
7 1155	0 1867	1	1
7 1155	2 1073	1	1
7 1156	4 3698	1	1
7 1156	4 3693	1	1
7 1156	2 1174	1	1
7 1156	6 4833	1	1
7 1156	0 564	1	1
7 1156	3 3456	1	1
7 1157	7 4226	1	1
7 1157	2 4697	1	1
7 1157	6 2550	1	1
7 1157	3 2110	1	1
7 1157	5 3699	1	1
7 1157	1 1467	1	1
7 1158	7 498	1	1
7 1158	0 1792	1	1
7 1158	6 1530	1	1
7 1158	5 2500	1	1
7 1158	4 829	1	1
7 1158	2 4459	1	1
7 1159	7 4208	1	1
7 1159	7 2758	1	1
7 1159	1 2427	1	1
7 1159	3 4001	1	1
7 1159	3 1718	1	1
7 1159	6 1845	1	1
7 1160	7 251	1	1
7 1160	3 3600	1	1
7 1160	1 1437	1	1
7 1160	0 150	1	1
7 1160	3 2646	1	1
7 1160	4 4784	1	1
7 1161	5 2727	1	1
7 1161	4 703	1	1
7 1161	6 1899	1	1
7 1161	0 2407	1	1
7 1161	1 1099	1	1
7 1161	6 3843	1	1
7 1162	7 1283	1	1
7 1162	7 3973	1	1
7 1162	6 299	1	1
7 1162	2 2765	1	1
7 1162	6 1020	1	1
7 1162	5 423	1	1
7 1163	4 4878	1	1
7 1163	6 4469	1	1
7 1163	1 1769	1	1
7 1163	5 409	1	1
7 1163	3 78	1	1
7 1163	6 4655	1	1
7 1164	2 2493	1	1
7 1164	6 1916	1	1
7 1164	0 949	1	1
7 1164	6 3228	1	1
7 1164	2 3731	1	1
7 1164	4 2898	1	1
7 1165	7 4665	1	1
7 1165	0 3344	1	1
7 1165	3 4865	1	1
7 1165	0 1699	1	1
7 1165	6 3985	1	1
7 1165	4 2619	1	1
7 1166	6 1795	1	1
7 1166	5 2248	1	1
7 1166	2 4797	1	1
7 1166	4 1429	1	1
7 1166	5 761	1	1
7 1166	2 20	1	1
7 1167	6 3285	1	1
7 1167	3 1438	1	1
7 1167	0 3863	1	1
7 1167	4 4627	1	1
7 1167	4 4594	1	1
7 1167	2 4685	1	1
7 1168	3 3282	1	1
7 1168	0 4193	1	1
7 1168	2 3258	1	1
7 1168	1 2081	1	1
7 1168	2 2145	1	1
7 1168	4 3994	1	1
7 1169	7 2630	1	1
7 1169	7 4178	1	1
7 1169	0 2345	1	1
7 1169	1 744	1	1
7 1169	5 2540	1	1
7 1169	2 1855	1	1
7 1170	7 3427	1	1
7 1170	7 4321	1	1
7 1170	4 3395	1	1
7 1170	0 199	1	1
7 1170	0 3213	1	1
7 1170	3 4315	1	1
7 1171	3 1468	1	1
7 1171	3 2760	1	1
7 1171	0 2998	1	1
7 1171	5 503	1	1
7 1171	0 4512	1	1
7 1171	0 2011	1	1
7 1172	4 3005	1	1
7 1172	5 3218	1	1
7 1172	1 175	1	1
7 1172	1 3619	1	1
7 1172	3 4336	1	1
7 1172	0 2269	1	1
7 1173	7 4330	1	1
7 1173	4 3432	1	1
7 1173	2 2062	1	1
7 1173	1 109	1	1
7 1173	6 110	1	1
7 1173	3 3092	1	1
7 1174	7 4348	1	1
7 1174	6 2848	1	1
7 1174	6 717	1	1
7 1174	0 4154	1	1
7 1174	1 224	1	1
7 1174	1 2599	1	1
7 1175	6 4246	1	1
7 1175	0 4330	1	1
7 1175	3 3983	1	1
7 1175	1 4182	1	1
7 1175	0 663	1	1
7 1175	2 2171	1	1
7 1176	4 4899	1	1
7 1176	5 2753	1	1
7 1176	6 1031	1	1
7 1176	0 2371	1	1
7 1176	1 4013	1	1
7 1176	4 2959	1	1
7 1177	0 4051	1	1
7 1177	3 3682	1	1
7 1177	1 426	1	1
7 1177	2 4472	1	1
7 1177	0 3186	1	1
7 1177	2 4051	1	1
7 1178	3 3350	1	1
7 1178	3 2275	1	1
7 1178	3 270	1	1
7 1178	4 4181	1	1
7 1178	5 1543	1	1
7 1178	0 2739	1	1
7 1179	7 868	1	1
7 1179	4 2938	1	1
7 1179	6 1134	1	1
7 1179	0 4076	1	1
7 1179	0 1009	1	1
7 1179	1 2887	1	1
7 1180	6 3106	1	1
7 1180	6 299	1	1
7 1180	6 2253	1	1
7 1180	6 4241	1	1
7 1180	0 2861	1	1
7 1180	2 4511	1	1
7 1181	1 4854	1	1
7 1181	1 725	1	1
7 1181	1 4937	1	1
7 1181	3 4187	1	1
7 1181	3 530	1	1
7 1181	2 3310	1	1
7 1182	6 92	1	1
7 1182	0 4637	1	1
7 1182	0 1813	1	1
7 1182	6 1294	1	1
7 1182	5 2852	1	1
7 1182	5 3421	1	1
7 1183	7 2689	1	1
7 1183	7 4966	1	1
7 1183	7 4634	1	1
7 1183	7 4467	1	1
7 1183	0 2579	1	1
7 1183	5 1303	1	1
7 1184	7 2978	1	1
7 1184	1 259	1	1
7 1184	5 1702	1	1
7 1184	2 2827	1	1
7 1184	2 1537	1	1
7 1184	6 3541	1	1
7 1185	0 3828	1	1
7 1185	2 349	1	1
7 1185	3 1747	1	1
7 1185	1 4132	1	1
7 1185	6 4003	1	1
7 1185	3 2871	1	1
7 1186	7 853	1	1
7 1186	7 2758	1	1
7 1186	7 3137	1	1
7 1186	2 3189	1	1
7 1186	2 1075	1	1
7 1186	2 3603	1	1
7 1187	7 4967	1	1
7 1187	7 78	1	1
7 1187	3 1229	1	1
7 1187	6 3412	1	1
7 1187	1 1631	1	1
7 1187	0 4588	1	1
7 1188	3 2305	1	1
7 1188	1 1342	1	1
7 1188	0 3792	1	1
7 1188	3 3039	1	1
7 1188	2 2173	1	1
7 1188	0 4994	1	1
7 1189	7 3686	1	1
7 1189	5 3990	1	1
7 1189	1 4634	1	1
7 1189	6 2783	1	1
7 1189	0 4383	1	1
7 1189	5 94	1	1
7 1190	7 4304	1	1
7 1190	1 1217	1	1
7 1190	4 1177	1	1
7 1190	2 1213	1	1
7 1190	3 3352	1	1
7 1190	1 1704	1	1
7 1191	5 894	1	1
7 1191	5 3562	1	1
7 1191	5 3798	1	1
7 1191	5 4295	1	1
7 1191	3 3311	1	1
7 1191	4 175	1	1
7 1192	7 2653	1	1
7 1192	7 3220	1	1
7 1192	4 15	1	1
7 1192	3 1497	1	1
7 1192	6 3668	1	1
7 1192	2 2287	1	1
7 1193	4 3931	1	1
7 1193	3 634	1	1
7 1193	5 1665	1	1
7 1193	4 2248	1	1
7 1193	3 646	1	1
7 1193	0 3915	1	1
7 1194	2 731	1	1
7 1194	6 4553	1	1
7 1194	5 281	1	1
7 1194	5 2951	1	1
7 1194	1 2009	1	1
7 1194	0 4101	1	1
7 1195	3 3550	1	1
7 1195	0 2832	1	1
7 1195	4 4344	1	1
7 1195	2 1098	1	1
7 1195	4 4132	1	1
7 1195	4 3293	1	1
7 1196	1 417	1	1
7 1196	0 1410	1	1
7 1196	3 227	1	1
7 1196	2 1542	1	1
7 1196	5 2302	1	1
7 1196	3 4729	1	1
7 1197	7 2636	1	1
7 1197	3 8	1	1
7 1197	2 2607	1	1
7 1197	1 542	1	1
7 1197	1 1286	1	1
7 1197	2 2650	1	1
7 1198	7 4037	1	1
7 1198	6 28	1	1
7 1198	3 3281	1	1
7 1198	2 3395	1	1
7 1198	1 3843	1	1
7 1198	1 3558	1	1
7 1199	5 1798	1	1
7 1199	2 4285	1	1
7 1199	0 948	1	1
7 1199	0 2318	1	1
7 1199	6 4920	1	1
7 1199	0 1316	1	1
7 1200	1 1157	1	1
7 1200	5 2795	1	1
7 1200	6 2326	1	1
7 1200	0 4515	1	1
7 1200	3 3198	1	1
7 1200	0 2017	1	1
7 1201	7 1418	1	1
7 1201	7 4317	1	1
7 1201	3 3331	1	1
7 1201	5 3065	1	1
7 1201	2 937	1	1
7 1201	5 127	1	1
7 1202	5 400	1	1
7 1202	5 3574	1	1
7 1202	2 2261	1	1
7 1202	5 2074	1	1
7 1202	4 3331	1	1
7 1202	0 819	1	1
7 1203	0 4108	1	1
7 1203	5 2404	1	1
7 1203	4 3949	1	1
7 1203	5 3130	1	1
7 1203	6 3853	1	1
7 1203	1 2122	1	1
7 1204	7 4840	1	1
7 1204	7 2048	1	1
7 1204	0 3944	1	1
7 1204	3 1295	1	1
7 1204	5 912	1	1
7 1204	5 990	1	1
7 1205	7 1142	1	1
7 1205	0 2451	1	1
7 1205	4 3149	1	1
7 1205	3 2047	1	1
7 1205	3 475	1	1
7 1205	5 1062	1	1
7 1206	7 1297	1	1
7 1206	5 547	1	1
7 1206	2 1157	1	1
7 1206	2 441	1	1
7 1206	4 4682	1	1
7 1206	0 4093	1	1
7 1207	7 141	1	1
7 1207	2 2752	1	1
7 1207	3 3982	1	1
7 1207	6 1532	1	1
7 1207	0 4268	1	1
7 1207	5 3145	1	1
7 1208	4 2118	1	1
7 1208	2 337	1	1
7 1208	0 368	1	1
7 1208	3 4787	1	1
7 1208	4 1796	1	1
7 1208	4 2219	1	1
7 1209	6 2249	1	1
7 1209	2 2377	1	1
7 1209	0 2697	1	1
7 1209	5 1679	1	1
7 1209	6 2003	1	1
7 1209	5 1722	1	1
7 1210	7 1614	1	1
7 1210	2 4846	1	1
7 1210	4 2924	1	1
7 1210	4 2026	1	1
7 1210	1 4370	1	1
7 1210	3 4902	1	1
7 1211	7 2554	1	1
7 1211	7 1629	1	1
7 1211	5 952	1	1
7 1211	0 1031	1	1
7 1211	3 19	1	1
7 1211	6 1802	1	1
7 1212	7 3446	1	1
7 1212	7 4340	1	1
7 1212	0 3379	1	1
7 1212	4 4188	1	1
7 1212	4 869	1	1
7 1212	3 2143	1	1
7 1213	7 3437	1	1
7 1213	1 1599	1	1
7 1213	3 2064	1	1
7 1213	1 1172	1	1
7 1213	5 1292	1	1
7 1213	0 2014	1	1
7 1214	7 4141	1	1
7 1214	2 219	1	1
7 1214	3 4934	1	1
7 1214	3 1071	1	1
7 1214	3 2794	1	1
7 1214	4 4884	1	1
7 1215	7 1265	1	1
7 1215	1 3344	1	1
7 1215	6 3810	1	1
7 1215	3 847	1	1
7 1215	1 4478	1	1
7 1215	2 3300	1	1
7 1216	4 4162	1	1
7 1216	1 213	1	1
7 1216	2 3528	1	1
7 1216	0 3925	1	1
7 1216	4 1869	1	1
7 1216	4 1517	1	1
7 1217	3 478	1	1
7 1217	3 3983	1	1
7 1217	1 2267	1	1
7 1217	6 758	1	1
7 1217	0 1026	1	1
7 1217	5 3603	1	1
7 1218	1 2769	1	1
7 1218	6 212	1	1
7 1218	5 1442	1	1
7 1218	1 4432	1	1
7 1218	1 4321	1	1
7 1218	1 2885	1	1
7 1219	7 2964	1	1
7 1219	1 4255	1	1
7 1219	4 3865	1	1
7 1219	6 308	1	1
7 1219	0 3505	1	1
7 1219	5 3197	1	1
7 1220	5 4661	1	1
7 1220	3 3868	1	1
7 1220	1 1915	1	1
7 1220	4 4683	1	1
7 1220	3 1165	1	1
7 1220	1 1453	1	1
7 1221	7 255	1	1
7 1221	7 4631	1	1
7 1221	7 1357	1	1
7 1221	2 520	1	1
7 1221	2 3573	1	1
7 1221	2 3142	1	1
7 1222	7 4141	1	1
7 1222	7 1900	1	1
7 1222	0 1084	1	1
7 1222	6 2268	1	1
7 1222	3 2378	1	1
7 1222	4 4354	1	1
7 1223	7 2946	1	1
7 1223	7 837	1	1
7 1223	1 3713	1	1
7 1223	5 2813	1	1
7 1223	0 4575	1	1
7 1223	4 3290	1	1
7 1224	7 3053	1	1
7 1224	5 3972	1	1
7 1224	5 3761	1	1
7 1224	3 1415	1	1
7 1224	0 4599	1	1
7 1224	4 1524	1	1
7 1225	4 2446	1	1
7 1225	2 929	1	1
7 1225	4 1350	1	1
7 1225	0 1854	1	1
7 1225	2 2221	1	1
7 1225	0 1131	1	1
7 1226	1 4495	1	1
7 1226	0 3309	1	1
7 1226	1 3652	1	1
7 1226	0 1802	1	1
7 1226	0 1373	1	1
7 1226	5 2009	1	1
7 1227	4 3905	1	1
7 1227	4 2865	1	1
7 1227	1 2536	1	1
7 1227	6 2948	1	1
7 1227	0 2361	1	1
7 1227	5 4076	1	1
7 1228	4 61	1	1
7 1228	4 681	1	1
7 1228	0 4179	1	1
7 1228	6 801	1	1
7 1228	0 3990	1	1
7 1228	3 2236	1	1
7 1229	7 2121	1	1
7 1229	5 1089	1	1
7 1229	4 847	1	1
7 1229	3 2685	1	1
7 1229	4 2117	1	1
7 1229	6 1993	1	1
7 1230	6 4875	1	1
7 1230	4 1668	1	1
7 1230	4 2284	1	1
7 1230	0 3351	1	1
7 1230	0 2004	1	1
7 1230	6 4224	1	1
7 1231	1 4084	1	1
7 1231	6 2191	1	1
7 1231	0 2784	1	1
7 1231	3 3520	1	1
7 1231	2 3335	1	1
7 1231	4 3983	1	1
7 1232	0 1019	1	1
7 1232	2 4041	1	1
7 1232	1 2897	1	1
7 1232	4 870	1	1
7 1232	1 3625	1	1
7 1232	0 929	1	1
7 1233	1 837	1	1
7 1233	1 833	1	1
7 1233	6 189	1	1
7 1233	6 3386	1	1
7 1233	3 1447	1	1
7 1233	1 3928	1	1
7 1234	7 2538	1	1
7 1234	7 4589	1	1
7 1234	1 2703	1	1
7 1234	3 1738	1	1
7 1234	1 483	1	1
7 1234	0 4843	1	1
7 1235	7 4238	1	1
7 1235	2 3137	1	1
7 1235	4 1106	1	1
7 1235	0 1964	1	1
7 1235	3 4425	1	1
7 1235	6 3161	1	1
7 1236	7 2456	1	1
7 1236	1 1504	1	1
7 1236	4 1188	1	1
7 1236	6 1448	1	1
7 1236	6 781	1	1
7 1236	0 1640	1	1
7 1237	6 979	1	1
7 1237	1 1267	1	1
7 1237	0 4595	1	1
7 1237	1 2909	1	1
7 1237	0 3698	1	1
7 1237	5 3856	1	1
7 1238	3 4491	1	1
7 1238	6 1856	1	1
7 1238	6 4859	1	1
7 1238	2 3046	1	1
7 1238	1 378	1	1
7 1238	0 964	1	1
7 1239	7 2591	1	1
7 1239	7 3983	1	1
7 1239	0 3444	1	1
7 1239	2 4478	1	1
7 1239	5 537	1	1
7 1239	3 3633	1	1
7 1240	2 3153	1	1
7 1240	1 734	1	1
7 1240	3 3109	1	1
7 1240	1 1256	1	1
7 1240	4 675	1	1
7 1240	6 2578	1	1
7 1241	1 3834	1	1
7 1241	5 4905	1	1
7 1241	0 3191	1	1
7 1241	5 1153	1	1
7 1241	0 3013	1	1
7 1241	4 3362	1	1
7 1242	7 1383	1	1
7 1242	7 1308	1	1
7 1242	4 2292	1	1
7 1242	4 561	1	1
7 1242	3 3952	1	1
7 1242	3 3884	1	1
7 1243	1 2084	1	1
7 1243	6 4187	1	1
7 1243	5 1897	1	1
7 1243	2 3353	1	1
7 1243	5 4389	1	1
7 1243	3 816	1	1
7 1244	7 3604	1	1
7 1244	0 1800	1	1
7 1244	0 4606	1	1
7 1244	1 578	1	1
7 1244	4 4619	1	1
7 1244	4 2088	1	1
7 1245	7 1915	1	1
7 1245	2 2232	1	1
7 1245	0 1455	1	1
7 1245	5 1591	1	1
7 1245	2 3969	1	1
7 1245	6 4597	1	1
7 1246	5 3111	1	1
7 1246	1 1795	1	1
7 1246	5 92	1	1
7 1246	5 1747	1	1
7 1246	3 4758	1	1
7 1246	4 55	1	1
7 1247	3 1592	1	1
7 1247	0 3028	1	1
7 1247	5 1413	1	1
7 1247	5 2429	1	1
7 1247	2 3557	1	1
7 1247	0 3168	1	1
7 1248	4 2039	1	1
7 1248	0 3736	1	1
7 1248	2 1462	1	1
7 1248	4 1821	1	1
7 1248	5 3292	1	1
7 1248	3 999	1	1
7 1249	7 697	1	1
7 1249	1 3014	1	1
7 1249	6 710	1	1
7 1249	0 1911	1	1
7 1249	2 693	1	1
7 1249	4 3163	1	1
7 1250	0 4456	1	1
7 1250	6 4808	1	1
7 1250	0 3985	1	1
7 1250	1 640	1	1
7 1250	4 3059	1	1
7 1250	1 2785	1	1
7 1251	7 1223	1	1
7 1251	0 1387	1	1
7 1251	4 1098	1	1
7 1251	1 1118	1	1
7 1251	6 4477	1	1
7 1251	1 4427	1	1
7 1252	5 2033	1	1
7 1252	6 4322	1	1
7 1252	5 508	1	1
7 1252	3 3462	1	1
7 1252	1 1560	1	1
7 1252	4 933	1	1
7 1253	7 3934	1	1
7 1253	4 453	1	1
7 1253	4 2932	1	1
7 1253	1 2511	1	1
7 1253	1 4822	1	1
7 1253	1 228	1	1
7 1254	6 3568	1	1
7 1254	0 1620	1	1
7 1254	0 1613	1	1
7 1254	1 369	1	1
7 1254	0 4048	1	1
7 1254	4 1287	1	1
7 1255	1 3399	1	1
7 1255	6 133	1	1
7 1255	6 3826	1	1
7 1255	0 2410	1	1
7 1255	6 3424	1	1
7 1255	6 4674	1	1
7 1256	3 1334	1	1
7 1256	2 2003	1	1
7 1256	6 312	1	1
7 1256	0 1810	1	1
7 1256	1 3883	1	1
7 1256	3 657	1	1
7 1257	6 2779	1	1
7 1257	3 1733	1	1
7 1257	4 192	1	1
7 1257	1 2501	1	1
7 1257	3 2081	1	1
7 1257	3 551	1	1
7 1258	7 3671	1	1
7 1258	0 3160	1	1
7 1258	2 1037	1	1
7 1258	6 4006	1	1
7 1258	0 711	1	1
7 1258	0 4224	1	1
7 1259	5 2428	1	1
7 1259	5 3402	1	1
7 1259	5 1214	1	1
7 1259	0 2713	1	1
7 1259	5 4684	1	1
7 1259	6 879	1	1
7 1260	7 731	1	1
7 1260	5 2856	1	1
7 1260	0 1855	1	1
7 1260	3 4559	1	1
7 1260	5 3395	1	1
7 1260	1 2832	1	1
7 1261	7 3213	1	1
7 1261	7 4725	1	1
7 1261	2 4628	1	1
7 1261	1 3266	1	1
7 1261	2 3765	1	1
7 1261	0 1819	1	1
7 1262	7 2818	1	1
7 1262	0 2999	1	1
7 1262	6 4263	1	1
7 1262	6 49	1	1
7 1262	4 3567	1	1
7 1262	0 2057	1	1
7 1263	7 613	1	1
7 1263	2 4407	1	1
7 1263	6 4610	1	1
7 1263	1 3087	1	1
7 1263	4 4746	1	1
7 1263	2 2002	1	1
7 1264	3 1171	1	1
7 1264	6 2482	1	1
7 1264	6 3808	1	1
7 1264	3 1712	1	1
7 1264	5 4947	1	1
7 1264	1 1374	1	1
7 1265	0 2491	1	1
7 1265	5 1864	1	1
7 1265	0 1285	1	1
7 1265	0 2412	1	1
7 1265	1 4206	1	1
7 1265	1 3965	1	1
7 1266	4 4085	1	1
7 1266	5 4728	1	1
7 1266	5 579	1	1
7 1266	1 1683	1	1
7 1266	0 4605	1	1
7 1266	2 1802	1	1
7 1267	7 4657	1	1
7 1267	3 2282	1	1
7 1267	0 461	1	1
7 1267	1 4441	1	1
7 1267	5 1218	1	1
7 1267	4 2381	1	1
7 1268	7 4891	1	1
7 1268	5 350	1	1
7 1268	5 2122	1	1
7 1268	6 2588	1	1
7 1268	5 4282	1	1
7 1268	4 3274	1	1
7 1269	7 1760	1	1
7 1269	4 3184	1	1
7 1269	1 3109	1	1
7 1269	6 3590	1	1
7 1269	6 176	1	1
7 1269	5 3117	1	1
7 1270	0 4180	1	1
7 1270	5 4486	1	1
7 1270	4 686	1	1
7 1270	5 898	1	1
7 1270	3 38	1	1
7 1270	5 4869	1	1
7 1271	0 4077	1	1
7 1271	6 759	1	1
7 1271	3 1537	1	1
7 1271	1 3638	1	1
7 1271	1 530	1	1
7 1271	4 798	1	1
7 1272	5 2015	1	1
7 1272	6 514	1	1
7 1272	6 4749	1	1
7 1272	6 3590	1	1
7 1272	2 3556	1	1
7 1272	5 9	1	1
7 1273	1 3285	1	1
7 1273	1 404	1	1
7 1273	5 1826	1	1
7 1273	3 783	1	1
7 1273	3 1187	1	1
7 1273	2 2004	1	1
7 1274	7 1605	1	1
7 1274	3 498	1	1
7 1274	4 1550	1	1
7 1274	5 2101	1	1
7 1274	2 3305	1	1
7 1274	6 4786	1	1
7 1275	7 3916	1	1
7 1275	7 813	1	1
7 1275	6 3531	1	1
7 1275	4 909	1	1
7 1275	6 1023	1	1
7 1275	2 2354	1	1
7 1276	6 35	1	1
7 1276	0 2210	1	1
7 1276	0 1248	1	1
7 1276	0 251	1	1
7 1276	1 4804	1	1
7 1276	0 3866	1	1
7 1277	6 1153	1	1
7 1277	4 292	1	1
7 1277	0 1537	1	1
7 1277	0 3100	1	1
7 1277	1 1565	1	1
7 1277	3 631	1	1
7 1278	0 2074	1	1
7 1278	3 1025	1	1
7 1278	5 3017	1	1
7 1278	1 451	1	1
7 1278	5 4443	1	1
7 1278	0 2781	1	1
7 1279	7 2224	1	1
7 1279	4 4693	1	1
7 1279	0 4767	1	1
7 1279	0 56	1	1
7 1279	5 590	1	1
7 1279	6 2185	1	1
7 1280	6 4149	1	1
7 1280	6 3683	1	1
7 1280	1 3440	1	1
7 1280	0 4439	1	1
7 1280	6 922	1	1
7 1280	1 811	1	1
7 1281	7 2586	1	1
7 1281	7 773	1	1
7 1281	6 4220	1	1
7 1281	3 788	1	1
7 1281	0 530	1	1
7 1281	0 39	1	1
7 1282	7 4785	1	1
7 1282	1 465	1	1
7 1282	4 4847	1	1
7 1282	4 1094	1	1
7 1282	4 4721	1	1
7 1282	2 2131	1	1
7 1283	7 941	1	1
7 1283	2 3497	1	1
7 1283	3 2692	1	1
7 1283	4 306	1	1
7 1283	2 3905	1	1
7 1283	4 280	1	1
7 1284	7 3650	1	1
7 1284	3 1829	1	1
7 1284	6 1902	1	1
7 1284	4 3785	1	1
7 1284	0 707	1	1
7 1284	4 4922	1	1
7 1285	1 666	1	1
7 1285	6 4316	1	1
7 1285	4 3691	1	1
7 1285	3 4570	1	1
7 1285	0 3984	1	1
7 1285	3 1231	1	1
7 1286	6 4787	1	1
7 1286	4 3410	1	1
7 1286	1 4112	1	1
7 1286	0 66	1	1
7 1286	5 885	1	1
7 1286	1 4359	1	1
7 1287	7 875	1	1
7 1287	7 2618	1	1
7 1287	5 1740	1	1
7 1287	5 4255	1	1
7 1287	3 4200	1	1
7 1287	4 4782	1	1
7 1288	7 2100	1	1
7 1288	1 1902	1	1
7 1288	0 2608	1	1
7 1288	4 534	1	1
7 1288	4 4911	1	1
7 1288	3 52	1	1
7 1289	7 1273	1	1
7 1289	0 652	1	1
7 1289	0 3995	1	1
7 1289	3 3791	1	1
7 1289	5 3721	1	1
7 1289	2 2872	1	1
7 1290	7 920	1	1
7 1290	3 1914	1	1
7 1290	1 1386	1	1
7 1290	1 3442	1	1
7 1290	6 554	1	1
7 1290	0 4255	1	1
7 1291	7 209	1	1
7 1291	1 4269	1	1
7 1291	1 2890	1	1
7 1291	1 3994	1	1
7 1291	0 3415	1	1
7 1291	1 3942	1	1
7 1292	1 2404	1	1
7 1292	6 4670	1	1
7 1292	6 3763	1	1
7 1292	4 2737	1	1
7 1292	1 1606	1	1
7 1292	6 3399	1	1
7 1293	7 3998	1	1
7 1293	4 3604	1	1
7 1293	4 623	1	1
7 1293	3 1742	1	1
7 1293	0 1652	1	1
7 1293	0 3958	1	1
7 1294	5 3552	1	1
7 1294	6 3001	1	1
7 1294	0 662	1	1
7 1294	0 3085	1	1
7 1294	5 3736	1	1
7 1294	0 1603	1	1
7 1295	7 764	1	1
7 1295	4 2605	1	1
7 1295	1 2151	1	1
7 1295	0 2287	1	1
7 1295	6 1639	1	1
7 1295	4 93	1	1
7 1296	6 4998	1	1
7 1296	3 358	1	1
7 1296	6 3138	1	1
7 1296	3 2786	1	1
7 1296	3 2834	1	1
7 1296	0 3240	1	1
7 1297	7 4106	1	1
7 1297	7 168	1	1
7 1297	5 2029	1	1
7 1297	0 4699	1	1
7 1297	3 254	1	1
7 1297	1 3774	1	1
7 1298	7 3451	1	1
7 1298	5 486	1	1
7 1298	6 3416	1	1
7 1298	5 4239	1	1
7 1298	4 1114	1	1
7 1298	0 1677	1	1
7 1299	7 1979	1	1
7 1299	7 4734	1	1
7 1299	6 1131	1	1
7 1299	0 180	1	1
7 1299	5 521	1	1
7 1299	5 1311	1	1
7 1300	1 4559	1	1
7 1300	6 3924	1	1
7 1300	4 462	1	1
7 1300	4 358	1	1
7 1300	6 157	1	1
7 1300	5 1008	1	1
7 1301	1 4299	1	1
7 1301	0 2770	1	1
7 1301	6 3836	1	1
7 1301	4 4401	1	1
7 1301	3 1673	1	1
7 1301	1 2337	1	1
7 1302	6 3834	1	1
7 1302	6 1391	1	1
7 1302	5 3806	1	1
7 1302	0 2717	1	1
7 1302	0 1312	1	1
7 1302	6 1258	1	1
7 1303	5 345	1	1
7 1303	2 993	1	1
7 1303	2 313	1	1
7 1303	1 3895	1	1
7 1303	3 4439	1	1
7 1303	6 2002	1	1
7 1304	7 3290	1	1
7 1304	7 640	1	1
7 1304	1 2956	1	1
7 1304	3 2786	1	1
7 1304	1 4101	1	1
7 1304	1 2742	1	1
7 1305	7 3307	1	1
7 1305	5 2386	1	1
7 1305	3 2510	1	1
7 1305	6 1200	1	1
7 1305	3 2039	1	1
7 1305	6 4309	1	1
7 1306	7 4015	1	1
7 1306	7 4310	1	1
7 1306	5 402	1	1
7 1306	5 3865	1	1
7 1306	5 480	1	1
7 1306	0 4880	1	1
7 1307	7 705	1	1
7 1307	7 2753	1	1
7 1307	6 878	1	1
7 1307	3 3690	1	1
7 1307	2 317	1	1
7 1307	6 1871	1	1
7 1308	2 3241	1	1
7 1308	0 833	1	1
7 1308	2 4693	1	1
7 1308	0 1496	1	1
7 1308	1 1179	1	1
7 1308	1 1635	1	1
7 1309	7 4087	1	1
7 1309	4 809	1	1
7 1309	1 1830	1	1
7 1309	0 851	1	1
7 1309	6 433	1	1
7 1309	0 1756	1	1
7 1310	4 3968	1	1
7 1310	1 3190	1	1
7 1310	4 4669	1	1
7 1310	3 52	1	1
7 1310	0 1280	1	1
7 1310	5 187	1	1
7 1311	7 4394	1	1
7 1311	4 88	1	1
7 1311	4 3185	1	1
7 1311	0 820	1	1
7 1311	3 4205	1	1
7 1311	2 3485	1	1
7 1312	2 4135	1	1
7 1312	4 1829	1	1
7 1312	0 3630	1	1
7 1312	0 2700	1	1
7 1312	4 2903	1	1
7 1312	1 4142	1	1
7 1313	0 1426	1	1
7 1313	6 2470	1	1
7 1313	4 1469	1	1
7 1313	5 4156	1	1
7 1313	3 4201	1	1
7 1313	5 1281	1	1
7 1314	7 1386	1	1
7 1314	1 3537	1	1
7 1314	3 4104	1	1
7 1314	2 3463	1	1
7 1314	4 2016	1	1
7 1314	1 4950	1	1
7 1315	2 4324	1	1
7 1315	1 765	1	1
7 1315	2 4300	1	1
7 1315	4 1504	1	1
7 1315	1 1980	1	1
7 1315	5 459	1	1
7 1316	3 263	1	1
7 1316	3 1331	1	1
7 1316	2 366	1	1
7 1316	1 2926	1	1
7 1316	6 2484	1	1
7 1316	5 1837	1	1
7 1317	2 4831	1	1
7 1317	1 179	1	1
7 1317	5 4959	1	1
7 1317	1 4064	1	1
7 1317	0 4558	1	1
7 1317	4 2793	1	1
7 1318	7 4076	1	1
7 1318	5 1203	1	1
7 1318	4 2248	1	1
7 1318	0 736	1	1
7 1318	5 4472	1	1
7 1318	4 2339	1	1
7 1319	7 1544	1	1
7 1319	7 4193	1	1
7 1319	3 2575	1	1
7 1319	5 4261	1	1
7 1319	6 2372	1	1
7 1319	0 247	1	1
7 1320	4 2748	1	1
7 1320	5 3566	1	1
7 1320	2 4322	1	1
7 1320	0 2026	1	1
7 1320	3 4751	1	1
7 1320	4 3144	1	1
7 1321	4 1579	1	1
7 1321	5 3518	1	1
7 1321	6 2623	1	1
7 1321	3 658	1	1
7 1321	3 1581	1	1
7 1321	1 1512	1	1
7 1322	7 4264	1	1
7 1322	7 2631	1	1
7 1322	3 4039	1	1
7 1322	0 3006	1	1
7 1322	3 4934	1	1
7 1322	1 756	1	1
7 1323	3 4535	1	1
7 1323	6 3696	1	1
7 1323	0 4493	1	1
7 1323	4 1855	1	1
7 1323	3 757	1	1
7 1323	1 2935	1	1
7 1324	6 4097	1	1
7 1324	4 4978	1	1
7 1324	4 4889	1	1
7 1324	1 948	1	1
7 1324	6 2409	1	1
7 1324	5 3758	1	1
7 1325	4 2992	1	1
7 1325	0 206	1	1
7 1325	0 1252	1	1
7 1325	1 2396	1	1
7 1325	2 4882	1	1
7 1325	3 4006	1	1
7 1326	6 4593	1	1
7 1326	1 819	1	1
7 1326	2 1895	1	1
7 1326	6 4147	1	1
7 1326	0 1862	1	1
7 1326	6 3388	1	1
7 1327	7 3507	1	1
7 1327	5 326	1	1
7 1327	5 3802	1	1
7 1327	4 2131	1	1
7 1327	6 729	1	1
7 1327	1 1521	1	1
7 1328	4 3328	1	1
7 1328	0 117	1	1
7 1328	5 1211	1	1
7 1328	0 2220	1	1
7 1328	3 4614	1	1
7 1328	1 466	1	1
7 1329	7 1948	1	1
7 1329	6 3616	1	1
7 1329	0 1707	1	1
7 1329	2 2338	1	1
7 1329	3 2299	1	1
7 1329	2 1407	1	1
7 1330	2 1435	1	1
7 1330	1 473	1	1
7 1330	1 2083	1	1
7 1330	3 1519	1	1
7 1330	1 4262	1	1
7 1330	4 180	1	1
7 1331	4 2480	1	1
7 1331	2 1555	1	1
7 1331	0 72	1	1
7 1331	6 3251	1	1
7 1331	5 2309	1	1
7 1331	2 2133	1	1
7 1332	7 2704	1	1
7 1332	0 3828	1	1
7 1332	0 2853	1	1
7 1332	3 2199	1	1
7 1332	0 3095	1	1
7 1332	2 2138	1	1
7 1333	1 2737	1	1
7 1333	4 4620	1	1
7 1333	4 1079	1	1
7 1333	2 1898	1	1
7 1333	3 106	1	1
7 1333	1 3307	1	1
7 1334	2 1023	1	1
7 1334	6 3282	1	1
7 1334	5 865	1	1
7 1334	5 3683	1	1
7 1334	4 2338	1	1
7 1334	5 4113	1	1
7 1335	7 4343	1	1
7 1335	3 4521	1	1
7 1335	0 2437	1	1
7 1335	1 4810	1	1
7 1335	2 2620	1	1
7 1335	4 253	1	1
7 1336	7 4877	1	1
7 1336	4 4324	1	1
7 1336	3 3735	1	1
7 1336	6 4480	1	1
7 1336	6 4644	1	1
7 1336	5 3663	1	1
7 1337	7 2456	1	1
7 1337	0 4582	1	1
7 1337	2 4859	1	1
7 1337	6 925	1	1
7 1337	4 119	1	1
7 1337	5 1361	1	1
7 1338	7 4658	1	1
7 1338	1 2983	1	1
7 1338	5 2724	1	1
7 1338	6 1841	1	1
7 1338	1 803	1	1
7 1338	1 3563	1	1
7 1339	7 1831	1	1
7 1339	4 4767	1	1
7 1339	6 2846	1	1
7 1339	0 1974	1	1
7 1339	1 1571	1	1
7 1339	5 674	1	1
7 1340	7 2246	1	1
7 1340	7 4814	1	1
7 1340	0 1264	1	1
7 1340	6 2568	1	1
7 1340	0 1893	1	1
7 1340	5 4385	1	1
7 1341	7 3865	1	1
7 1341	5 192	1	1
7 1341	5 1059	1	1
7 1341	6 4196	1	1
7 1341	3 3477	1	1
7 1341	6 3027	1	1
7 1342	1 2429	1	1
7 1342	3 4173	1	1
7 1342	2 2046	1	1
7 1342	0 1182	1	1
7 1342	3 4138	1	1
7 1342	3 68	1	1
7 1343	6 4221	1	1
7 1343	4 2391	1	1
7 1343	1 135	1	1
7 1343	1 1286	1	1
7 1343	2 4421	1	1
7 1343	6 752	1	1
7 1344	1 2671	1	1
7 1344	0 4082	1	1
7 1344	1 2537	1	1
7 1344	1 581	1	1
7 1344	5 1179	1	1
7 1344	2 3851	1	1
7 1345	6 1701	1	1
7 1345	2 4131	1	1
7 1345	0 118	1	1
7 1345	3 1281	1	1
7 1345	2 4959	1	1
7 1345	1 3894	1	1
7 1346	5 1401	1	1
7 1346	1 1808	1	1
7 1346	5 1998	1	1
7 1346	6 2240	1	1
7 1346	6 395	1	1
7 1346	5 1473	1	1
7 1347	7 4554	1	1
7 1347	5 3495	1	1
7 1347	1 4318	1	1
7 1347	1 2308	1	1
7 1347	3 1844	1	1
7 1347	3 4406	1	1
7 1348	7 3398	1	1
7 1348	7 3423	1	1
7 1348	4 2421	1	1
7 1348	3 1064	1	1
7 1348	2 4707	1	1
7 1348	1 1600	1	1
7 1349	2 2567	1	1
7 1349	3 4444	1	1
7 1349	3 514	1	1
7 1349	4 3412	1	1
7 1349	0 1169	1	1
7 1349	3 1647	1	1
7 1350	5 1394	1	1
7 1350	4 4039	1	1
7 1350	3 4263	1	1
7 1350	1 628	1	1
7 1350	3 3089	1	1
7 1350	1 2714	1	1
7 1351	7 2097	1	1
7 1351	7 4159	1	1
7 1351	7 3023	1	1
7 1351	1 3879	1	1
7 1351	4 1993	1	1
7 1351	2 537	1	1
7 1352	7 4183	1	1
7 1352	7 2283	1	1
7 1352	7 801	1	1
7 1352	5 3591	1	1
7 1352	5 753	1	1
7 1352	0 4258	1	1
7 1353	3 4067	1	1
7 1353	5 4029	1	1
7 1353	2 2938	1	1
7 1353	0 2929	1	1
7 1353	5 1934	1	1
7 1353	3 1844	1	1
7 1354	7 2978	1	1
7 1354	1 4447	1	1
7 1354	6 2887	1	1
7 1354	2 2689	1	1
7 1354	0 1708	1	1
7 1354	4 4847	1	1
7 1355	7 1108	1	1
7 1355	7 235	1	1
7 1355	7 1855	1	1
7 1355	2 940	1	1
7 1355	0 4791	1	1
7 1355	4 1514	1	1
7 1356	7 4843	1	1
7 1356	7 1529	1	1
7 1356	5 2933	1	1
7 1356	3 3138	1	1
7 1356	3 984	1	1
7 1356	1 3920	1	1
7 1357	3 1369	1	1
7 1357	4 3702	1	1
7 1357	2 164	1	1
7 1357	5 1413	1	1
7 1357	1 454	1	1
7 1357	2 1225	1	1
7 1358	7 1121	1	1
7 1358	7 4767	1	1
7 1358	7 3608	1	1
7 1358	4 4958	1	1
7 1358	5 4275	1	1
7 1358	0 4739	1	1
7 1359	7 704	1	1
7 1359	2 580	1	1
7 1359	4 848	1	1
7 1359	4 169	1	1
7 1359	5 916	1	1
7 1359	3 1623	1	1
7 1360	2 3252	1	1
7 1360	5 2828	1	1
7 1360	2 299	1	1
7 1360	2 3620	1	1
7 1360	6 307	1	1
7 1360	6 3332	1	1
7 1361	0 478	1	1
7 1361	0 4431	1	1
7 1361	2 2741	1	1
7 1361	4 2552	1	1
7 1361	5 3479	1	1
7 1361	1 956	1	1
7 1362	4 301	1	1
7 1362	2 3323	1	1
7 1362	5 3346	1	1
7 1362	0 3867	1	1
7 1362	4 3168	1	1
7 1362	2 3081	1	1
7 1363	6 3506	1	1
7 1363	4 510	1	1
7 1363	5 2406	1	1
7 1363	0 874	1	1
7 1363	1 1773	1	1
7 1363	1 3790	1	1
7 1364	7 161	1	1
7 1364	3 1683	1	1
7 1364	0 3502	1	1
7 1364	6 3362	1	1
7 1364	6 4348	1	1
7 1364	5 3993	1	1
7 1365	7 4271	1	1
7 1365	2 2914	1	1
7 1365	2 2255	1	1
7 1365	6 3340	1	1
7 1365	6 3403	1	1
7 1365	3 1477	1	1
7 1366	7 2900	1	1
7 1366	7 3804	1	1
7 1366	2 3070	1	1
7 1366	4 1584	1	1
7 1366	4 4750	1	1
7 1366	4 875	1	1
7 1367	4 1280	1	1
7 1367	1 1305	1	1
7 1367	5 4872	1	1
7 1367	5 4740	1	1
7 1367	6 3368	1	1
7 1367	6 4036	1	1
7 1368	1 4751	1	1
7 1368	3 1651	1	1
7 1368	6 3183	1	1
7 1368	4 3455	1	1
7 1368	1 2449	1	1
7 1368	4 668	1	1
7 1369	5 1473	1	1
7 1369	5 140	1	1
7 1369	4 916	1	1
7 1369	3 4077	1	1
7 1369	3 4755	1	1
7 1369	1 2925	1	1
7 1370	7 3124	1	1
7 1370	4 2752	1	1
7 1370	0 2663	1	1
7 1370	2 4557	1	1
7 1370	1 8	1	1
7 1370	0 2957	1	1
7 1371	7 2765	1	1
7 1371	5 4812	1	1
7 1371	4 1238	1	1
7 1371	3 3534	1	1
7 1371	4 1621	1	1
7 1371	6 2162	1	1
7 1372	6 510	1	1
7 1372	0 4551	1	1
7 1372	1 2354	1	1
7 1372	6 3338	1	1
7 1372	0 206	1	1
7 1372	6 1547	1	1
7 1373	7 5	1	1
7 1373	7 1342	1	1
7 1373	0 276	1	1
7 1373	0 4584	1	1
7 1373	2 867	1	1
7 1373	5 1386	1	1
7 1374	0 4530	1	1
7 1374	5 1398	1	1
7 1374	6 4000	1	1
7 1374	6 3271	1	1
7 1374	1 3507	1	1
7 1374	0 383	1	1
7 1375	7 4470	1	1
7 1375	2 3951	1	1
7 1375	5 4445	1	1
7 1375	6 2641	1	1
7 1375	5 2921	1	1
7 1375	0 1870	1	1
7 1376	7 2685	1	1
7 1376	3 4575	1	1
7 1376	3 1048	1	1
7 1376	6 3809	1	1
7 1376	1 823	1	1
7 1376	6 1288	1	1
7 1377	6 1858	1	1
7 1377	5 4385	1	1
7 1377	3 710	1	1
7 1377	1 3214	1	1
7 1377	4 2859	1	1
7 1377	2 365	1	1
7 1378	2 1023	1	1
7 1378	4 4307	1	1
7 1378	1 1892	1	1
7 1378	2 2204	1	1
7 1378	0 4469	1	1
7 1378	6 1101	1	1
7 1379	4 3588	1	1
7 1379	3 845	1	1
7 1379	6 1143	1	1
7 1379	2 47	1	1
7 1379	0 2490	1	1
7 1379	2 3254	1	1
7 1380	5 387	1	1
7 1380	1 2378	1	1
7 1380	5 2197	1	1
7 1380	3 3615	1	1
7 1380	4 95	1	1
7 1380	6 4632	1	1
7 1381	7 4120	1	1
7 1381	3 2228	1	1
7 1381	0 1062	1	1
7 1381	4 824	1	1
7 1381	5 4219	1	1
7 1381	5 1295	1	1
7 1382	7 574	1	1
7 1382	2 3492	1	1
7 1382	4 3822	1	1
7 1382	0 3852	1	1
7 1382	6 3097	1	1
7 1382	6 4476	1	1
7 1383	4 3699	1	1
7 1383	4 463	1	1
7 1383	6 2410	1	1
7 1383	6 436	1	1
7 1383	4 861	1	1
7 1383	3 123	1	1
7 1384	3 3246	1	1
7 1384	3 1788	1	1
7 1384	1 1250	1	1
7 1384	1 4883	1	1
7 1384	0 4391	1	1
7 1384	4 1367	1	1
7 1385	7 288	1	1
7 1385	3 809	1	1
7 1385	6 1596	1	1
7 1385	5 2578	1	1
7 1385	2 3724	1	1
7 1385	3 4435	1	1
7 1386	7 1505	1	1
7 1386	6 3811	1	1
7 1386	4 166	1	1
7 1386	0 4486	1	1
7 1386	6 3682	1	1
7 1386	4 824	1	1
7 1387	4 1447	1	1
7 1387	5 95	1	1
7 1387	2 1972	1	1
7 1387	5 2488	1	1
7 1387	4 3194	1	1
7 1387	0 3556	1	1
7 1388	0 63	1	1
7 1388	0 1797	1	1
7 1388	0 4552	1	1
7 1388	6 4563	1	1
7 1388	0 1686	1	1
7 1388	2 2430	1	1
7 1389	7 4817	1	1
7 1389	0 3118	1	1
7 1389	1 4839	1	1
7 1389	1 741	1	1
7 1389	1 1473	1	1
7 1389	6 3328	1	1
7 1390	7 3026	1	1
7 1390	6 2042	1	1
7 1390	6 2013	1	1
7 1390	3 4976	1	1
7 1390	2 2035	1	1
7 1390	3 2099	1	1
7 1391	7 579	1	1
7 1391	1 1054	1	1
7 1391	0 2077	1	1
7 1391	2 901	1	1
7 1391	1 4359	1	1
7 1391	3 280	1	1
7 1392	7 2401	1	1
7 1392	1 589	1	1
7 1392	5 4905	1	1
7 1392	0 482	1	1
7 1392	2 4329	1	1
7 1392	3 4807	1	1
7 1393	2 2878	1	1
7 1393	3 2451	1	1
7 1393	2 4823	1	1
7 1393	3 1624	1	1
7 1393	4 917	1	1
7 1393	5 2615	1	1
7 1394	2 2796	1	1
7 1394	2 3626	1	1
7 1394	4 2738	1	1
7 1394	4 266	1	1
7 1394	4 2483	1	1
7 1394	2 4878	1	1
7 1395	7 2558	1	1
7 1395	1 1469	1	1
7 1395	4 2839	1	1
7 1395	1 2689	1	1
7 1395	0 1643	1	1
7 1395	2 3717	1	1
7 1396	7 3916	1	1
7 1396	7 4468	1	1
7 1396	7 1149	1	1
7 1396	2 4092	1	1
7 1396	3 1656	1	1
7 1396	2 1085	1	1
7 1397	7 4975	1	1
7 1397	5 364	1	1
7 1397	0 1802	1	1
7 1397	3 1889	1	1
7 1397	0 2537	1	1
7 1397	2 2467	1	1
7 1398	7 2420	1	1
7 1398	7 3959	1	1
7 1398	3 4073	1	1
7 1398	5 4117	1	1
7 1398	3 2017	1	1
7 1398	6 1651	1	1
7 1399	7 3038	1	1
7 1399	6 3391	1	1
7 1399	5 161	1	1
7 1399	3 3183	1	1
7 1399	6 4151	1	1
7 1399	4 3308	1	1
7 1400	7 2583	1	1
7 1400	6 895	1	1
7 1400	6 2424	1	1
7 1400	1 486	1	1
7 1400	0 598	1	1
7 1400	6 2141	1	1
7 1401	3 1023	1	1
7 1401	5 2759	1	1
7 1401	5 377	1	1
7 1401	1 3569	1	1
7 1401	1 4921	1	1
7 1401	3 1884	1	1
7 1402	7 693	1	1
7 1402	0 2838	1	1
7 1402	5 2888	1	1
7 1402	3 4201	1	1
7 1402	4 4206	1	1
7 1402	2 3749	1	1
7 1403	0 786	1	1
7 1403	0 1587	1	1
7 1403	5 2498	1	1
7 1403	6 340	1	1
7 1403	6 1889	1	1
7 1403	3 999	1	1
7 1404	5 2559	1	1
7 1404	0 4054	1	1
7 1404	0 2732	1	1
7 1404	6 2185	1	1
7 1404	2 4730	1	1
7 1404	2 3769	1	1
7 1405	7 4931	1	1
7 1405	2 3179	1	1
7 1405	0 1063	1	1
7 1405	2 2446	1	1
7 1405	6 2352	1	1
7 1405	4 2014	1	1
7 1406	7 328	1	1
7 1406	0 4727	1	1
7 1406	2 1009	1	1
7 1406	1 3427	1	1
7 1406	1 3462	1	1
7 1406	1 4451	1	1
7 1407	5 757	1	1
7 1407	5 983	1	1
7 1407	4 1519	1	1
7 1407	3 1319	1	1
7 1407	3 2962	1	1
7 1407	6 3989	1	1
7 1408	5 4519	1	1
7 1408	5 963	1	1
7 1408	2 1422	1	1
7 1408	2 3396	1	1
7 1408	2 3737	1	1
7 1408	1 143	1	1
7 1409	2 1506	1	1
7 1409	1 4318	1	1
7 1409	2 484	1	1
7 1409	1 495	1	1
7 1409	4 1290	1	1
7 1409	0 1271	1	1
7 1410	6 2807	1	1
7 1410	6 4352	1	1
7 1410	5 3838	1	1
7 1410	3 2808	1	1
7 1410	0 1982	1	1
7 1410	4 123	1	1
7 1411	7 4051	1	1
7 1411	7 1162	1	1
7 1411	4 4731	1	1
7 1411	0 1363	1	1
7 1411	5 2973	1	1
7 1411	0 4743	1	1
7 1412	4 4555	1	1
7 1412	1 2961	1	1
7 1412	2 3493	1	1
7 1412	4 2478	1	1
7 1412	0 4960	1	1
7 1412	5 1602	1	1
7 1413	7 4054	1	1
7 1413	5 2303	1	1
7 1413	4 1819	1	1
7 1413	0 3182	1	1
7 1413	5 4227	1	1
7 1413	6 914	1	1
7 1414	7 3564	1	1
7 1414	3 2076	1	1
7 1414	1 1352	1	1
7 1414	5 4693	1	1
7 1414	5 324	1	1
7 1414	5 2477	1	1
7 1415	7 1269	1	1
7 1415	7 3518	1	1
7 1415	7 713	1	1
7 1415	7 4579	1	1
7 1415	4 2745	1	1
7 1415	6 2125	1	1
7 1416	6 2659	1	1
7 1416	4 2511	1	1
7 1416	2 4301	1	1
7 1416	1 4886	1	1
7 1416	3 4529	1	1
7 1416	5 2682	1	1
7 1417	0 4660	1	1
7 1417	0 4899	1	1
7 1417	6 1371	1	1
7 1417	5 1002	1	1
7 1417	3 77	1	1
7 1417	2 2920	1	1
7 1418	7 1988	1	1
7 1418	7 4705	1	1
7 1418	2 2330	1	1
7 1418	1 814	1	1
7 1418	2 3978	1	1
7 1418	1 1054	1	1
7 1419	7 904	1	1
7 1419	7 3228	1	1
7 1419	7 3931	1	1
7 1419	3 3048	1	1
7 1419	4 66	1	1
7 1419	1 1010	1	1
7 1420	1 3176	1	1
7 1420	1 2030	1	1
7 1420	3 1543	1	1
7 1420	2 3927	1	1
7 1420	1 4469	1	1
7 1420	1 663	1	1
7 1421	7 1480	1	1
7 1421	0 877	1	1
7 1421	3 1729	1	1
7 1421	1 3406	1	1
7 1421	0 1250	1	1
7 1421	1 222	1	1
7 1422	7 4186	1	1
7 1422	1 92	1	1
7 1422	3 1751	1	1
7 1422	0 2080	1	1
7 1422	3 4669	1	1
7 1422	4 1195	1	1
7 1423	7 3613	1	1
7 1423	3 2262	1	1
7 1423	4 2285	1	1
7 1423	0 4932	1	1
7 1423	6 3766	1	1
7 1423	4 1638	1	1
7 1424	7 4781	1	1
7 1424	2 2347	1	1
7 1424	1 1051	1	1
7 1424	0 419	1	1
7 1424	3 4148	1	1
7 1424	0 4334	1	1
7 1425	7 3313	1	1
7 1425	4 3429	1	1
7 1425	5 3632	1	1
7 1425	0 3554	1	1
7 1425	6 159	1	1
7 1425	2 4682	1	1
7 1426	3 2540	1	1
7 1426	5 1558	1	1
7 1426	5 4403	1	1
7 1426	2 1399	1	1
7 1426	4 3040	1	1
7 1426	4 518	1	1
7 1427	7 2995	1	1
7 1427	7 3896	1	1
7 1427	4 4800	1	1
7 1427	4 1424	1	1
7 1427	5 325	1	1
7 1427	0 2810	1	1
7 1428	7 3459	1	1
7 1428	0 3139	1	1
7 1428	4 2118	1	1
7 1428	3 1035	1	1
7 1428	6 2764	1	1
7 1428	2 4774	1	1
7 1429	7 3161	1	1
7 1429	7 476	1	1
7 1429	2 1546	1	1
7 1429	3 1579	1	1
7 1429	4 2668	1	1
7 1429	5 998	1	1
7 1430	4 3342	1	1
7 1430	3 2391	1	1
7 1430	2 1984	1	1
7 1430	2 2858	1	1
7 1430	6 2556	1	1
7 1430	3 529	1	1
7 1431	7 4067	1	1
7 1431	4 4753	1	1
7 1431	1 1015	1	1
7 1431	5 2416	1	1
7 1431	5 828	1	1
7 1431	6 2971	1	1
7 1432	4 515	1	1
7 1432	4 1160	1	1
7 1432	2 3429	1	1
7 1432	3 4144	1	1
7 1432	6 1232	1	1
7 1432	3 632	1	1
7 1433	1 4926	1	1
7 1433	1 783	1	1
7 1433	6 2270	1	1
7 1433	4 882	1	1
7 1433	0 3984	1	1
7 1433	6 1454	1	1
7 1434	7 2252	1	1
7 1434	7 4390	1	1
7 1434	2 1434	1	1
7 1434	4 1007	1	1
7 1434	6 956	1	1
7 1434	1 3178	1	1
7 1435	5 1561	1	1
7 1435	4 4898	1	1
7 1435	6 2961	1	1
7 1435	1 41	1	1
7 1435	2 1668	1	1
7 1435	2 2895	1	1
7 1436	3 4724	1	1
7 1436	1 3263	1	1
7 1436	5 1388	1	1
7 1436	4 4808	1	1
7 1436	2 2262	1	1
7 1436	0 2682	1	1
7 1437	7 1644	1	1
7 1437	1 4823	1	1
7 1437	4 4207	1	1
7 1437	6 2564	1	1
7 1437	2 2026	1	1
7 1437	2 4241	1	1
7 1438	7 2751	1	1
7 1438	0 3984	1	1
7 1438	5 40	1	1
7 1438	3 4878	1	1
7 1438	3 3368	1	1
7 1438	6 1648	1	1
7 1439	2 1033	1	1
7 1439	3 2227	1	1
7 1439	2 613	1	1
7 1439	0 356	1	1
7 1439	1 3434	1	1
7 1439	0 2104	1	1
7 1440	2 4521	1	1
7 1440	5 4352	1	1
7 1440	0 3422	1	1
7 1440	2 4787	1	1
7 1440	0 4836	1	1
7 1440	1 240	1	1
7 1441	7 2868	1	1
7 1441	4 476	1	1
7 1441	2 130	1	1
7 1441	2 483	1	1
7 1441	6 3884	1	1
7 1441	4 2094	1	1
7 1442	7 723	1	1
7 1442	0 1721	1	1
7 1442	5 1310	1	1
7 1442	2 766	1	1
7 1442	4 3829	1	1
7 1442	6 1814	1	1
7 1443	2 2028	1	1
7 1443	2 91	1	1
7 1443	0 4207	1	1
7 1443	1 4025	1	1
7 1443	1 2294	1	1
7 1443	1 3102	1	1
7 1444	2 3737	1	1
7 1444	6 3856	1	1
7 1444	4 2979	1	1
7 1444	0 404	1	1
7 1444	4 3332	1	1
7 1444	4 3625	1	1
7 1445	7 3977	1	1
7 1445	6 4460	1	1
7 1445	4 3846	1	1
7 1445	2 4274	1	1
7 1445	5 3611	1	1
7 1445	1 4636	1	1
7 1446	5 3861	1	1
7 1446	1 910	1	1
7 1446	0 4497	1	1
7 1446	6 2183	1	1
7 1446	3 4184	1	1
7 1446	0 3487	1	1
7 1447	7 2839	1	1
7 1447	2 1317	1	1
7 1447	2 366	1	1
7 1447	0 2774	1	1
7 1447	2 406	1	1
7 1447	4 2001	1	1
7 1448	7 2930	1	1
7 1448	2 2325	1	1
7 1448	5 3290	1	1
7 1448	4 3484	1	1
7 1448	6 4381	1	1
7 1448	0 4965	1	1
7 1449	7 4363	1	1
7 1449	3 1160	1	1
7 1449	3 4775	1	1
7 1449	4 4973	1	1
7 1449	1 4564	1	1
7 1449	3 4311	1	1
7 1450	7 3658	1	1
7 1450	0 4009	1	1
7 1450	1 11	1	1
7 1450	4 3383	1	1
7 1450	4 738	1	1
7 1450	4 2206	1	1
7 1451	6 84	1	1
7 1451	5 3123	1	1
7 1451	0 3640	1	1
7 1451	6 805	1	1
7 1451	0 3285	1	1
7 1451	3 4306	1	1
7 1452	7 4351	1	1
7 1452	2 1722	1	1
7 1452	6 1948	1	1
7 1452	1 3402	1	1
7 1452	2 812	1	1
7 1452	0 2465	1	1
7 1453	5 1614	1	1
7 1453	6 370	1	1
7 1453	2 120	1	1
7 1453	6 1994	1	1
7 1453	1 2683	1	1
7 1453	1 2280	1	1
7 1454	7 4994	1	1
7 1454	7 2985	1	1
7 1454	0 4918	1	1
7 1454	1 2326	1	1
7 1454	0 51	1	1
7 1454	1 1018	1	1
7 1455	4 3830	1	1
7 1455	0 3402	1	1
7 1455	4 4157	1	1
7 1455	3 1094	1	1
7 1455	6 840	1	1
7 1455	0 2141	1	1
7 1456	7 2898	1	1
7 1456	1 1626	1	1
7 1456	0 1146	1	1
7 1456	2 4493	1	1
7 1456	5 1441	1	1
7 1456	0 4799	1	1
7 1457	0 3866	1	1
7 1457	0 2955	1	1
7 1457	2 1752	1	1
7 1457	3 4153	1	1
7 1457	1 2343	1	1
7 1457	6 1174	1	1
7 1458	5 4258	1	1
7 1458	2 1815	1	1
7 1458	4 3274	1	1
7 1458	5 3875	1	1
7 1458	5 306	1	1
7 1458	2 4340	1	1
7 1459	7 1166	1	1
7 1459	3 2550	1	1
7 1459	2 1520	1	1
7 1459	2 1469	1	1
7 1459	3 3827	1	1
7 1459	5 1255	1	1
7 1460	7 3839	1	1
7 1460	7 3550	1	1
7 1460	2 4841	1	1
7 1460	3 3866	1	1
7 1460	6 4378	1	1
7 1460	0 2897	1	1
7 1461	6 3892	1	1
7 1461	5 2667	1	1
7 1461	5 4647	1	1
7 1461	6 259	1	1
7 1461	1 1650	1	1
7 1461	6 523	1	1
7 1462	7 3436	1	1
7 1462	1 1770	1	1
7 1462	6 4980	1	1
7 1462	1 3679	1	1
7 1462	6 4270	1	1
7 1462	2 4905	1	1
7 1463	0 1477	1	1
7 1463	1 2272	1	1
7 1463	3 3418	1	1
7 1463	3 2570	1	1
7 1463	3 4873	1	1
7 1463	4 3953	1	1
7 1464	4 3326	1	1
7 1464	6 3767	1	1
7 1464	4 716	1	1
7 1464	1 39	1	1
7 1464	3 3646	1	1
7 1464	6 148	1	1
7 1465	4 2774	1	1
7 1465	2 2395	1	1
7 1465	4 723	1	1
7 1465	3 862	1	1
7 1465	5 1905	1	1
7 1465	2 2056	1	1
7 1466	7 15	1	1
7 1466	2 3626	1	1
7 1466	1 3871	1	1
7 1466	2 4068	1	1
7 1466	3 1885	1	1
7 1466	1 2341	1	1
7 1467	1 1338	1	1
7 1467	0 2435	1	1
7 1467	6 2180	1	1
7 1467	3 4919	1	1
7 1467	2 3990	1	1
7 1467	1 4102	1	1
7 1468	3 787	1	1
7 1468	2 3264	1	1
7 1468	0 3136	1	1
7 1468	0 193	1	1
7 1468	5 3667	1	1
7 1468	2 4403	1	1
7 1469	7 1406	1	1
7 1469	7 991	1	1
7 1469	2 448	1	1
7 1469	6 2483	1	1
7 1469	1 236	1	1
7 1469	3 3721	1	1
7 1470	7 4454	1	1
7 1470	3 3950	1	1
7 1470	0 1785	1	1
7 1470	1 3680	1	1
7 1470	2 942	1	1
7 1470	2 1521	1	1
7 1471	7 2763	1	1
7 1471	4 334	1	1
7 1471	3 4728	1	1
7 1471	3 756	1	1
7 1471	5 3243	1	1
7 1471	3 1716	1	1
7 1472	6 3681	1	1
7 1472	5 1286	1	1
7 1472	0 888	1	1
7 1472	2 1378	1	1
7 1472	1 3192	1	1
7 1472	4 4291	1	1
7 1473	1 4725	1	1
7 1473	6 1517	1	1
7 1473	3 3632	1	1
7 1473	3 1140	1	1
7 1473	5 4371	1	1
7 1473	6 956	1	1
7 1474	1 4239	1	1
7 1474	4 378	1	1
7 1474	4 1291	1	1
7 1474	1 3401	1	1
7 1474	2 4869	1	1
7 1474	3 4886	1	1
7 1475	7 4543	1	1
7 1475	2 4590	1	1
7 1475	5 835	1	1
7 1475	2 4852	1	1
7 1475	5 3967	1	1
7 1475	5 1614	1	1
7 1476	5 2694	1	1
7 1476	6 3620	1	1
7 1476	5 4036	1	1
7 1476	0 2316	1	1
7 1476	6 19	1	1
7 1476	0 3427	1	1
7 1477	7 3749	1	1
7 1477	7 1301	1	1
7 1477	7 4841	1	1
7 1477	2 1984	1	1
7 1477	1 4689	1	1
7 1477	6 268	1	1
7 1478	5 3401	1	1
7 1478	4 675	1	1
7 1478	6 1665	1	1
7 1478	3 3417	1	1
7 1478	5 697	1	1
7 1478	4 4174	1	1
7 1479	2 668	1	1
7 1479	0 4741	1	1
7 1479	4 3002	1	1
7 1479	5 2437	1	1
7 1479	0 2230	1	1
7 1479	5 3202	1	1
7 1480	7 1454	1	1
7 1480	0 2359	1	1
7 1480	3 3592	1	1
7 1480	3 4767	1	1
7 1480	6 1603	1	1
7 1480	2 2823	1	1
7 1481	1 2706	1	1
7 1481	4 1666	1	1
7 1481	0 2950	1	1
7 1481	2 4641	1	1
7 1481	5 99	1	1
7 1481	6 685	1	1
7 1482	7 2942	1	1
7 1482	3 3139	1	1
7 1482	2 2942	1	1
7 1482	5 391	1	1
7 1482	6 1577	1	1
7 1482	2 1203	1	1
7 1483	7 4854	1	1
7 1483	3 4225	1	1
7 1483	6 741	1	1
7 1483	5 3135	1	1
7 1483	3 1148	1	1
7 1483	3 3104	1	1
7 1484	7 4197	1	1
7 1484	7 2686	1	1
7 1484	6 1131	1	1
7 1484	0 2009	1	1
7 1484	1 522	1	1
7 1484	1 1649	1	1
7 1485	7 3814	1	1
7 1485	7 2604	1	1
7 1485	2 4502	1	1
7 1485	0 3632	1	1
7 1485	6 251	1	1
7 1485	3 2414	1	1
7 1486	5 1365	1	1
7 1486	1 2138	1	1
7 1486	5 4586	1	1
7 1486	1 4365	1	1
7 1486	3 1233	1	1
7 1486	0 2621	1	1
7 1487	6 3299	1	1
7 1487	1 3673	1	1
7 1487	1 3601	1	1
7 1487	1 1228	1	1
7 1487	0 4	1	1
7 1487	5 4823	1	1
7 1488	2 2214	1	1
7 1488	3 4685	1	1
7 1488	6 3013	1	1
7 1488	6 1831	1	1
7 1488	5 3437	1	1
7 1488	0 2876	1	1
7 1489	6 2975	1	1
7 1489	4 4257	1	1
7 1489	4 36	1	1
7 1489	2 4272	1	1
7 1489	0 4724	1	1
7 1489	4 1359	1	1
7 1490	7 3534	1	1
7 1490	7 4894	1	1
7 1490	6 4136	1	1
7 1490	0 1941	1	1
7 1490	3 2762	1	1
7 1490	2 1188	1	1
7 1491	6 3556	1	1
7 1491	6 1054	1	1
7 1491	5 3631	1	1
7 1491	3 2295	1	1
7 1491	3 4013	1	1
7 1491	3 1540	1	1
7 1492	4 2790	1	1
7 1492	1 1412	1	1
7 1492	5 4456	1	1
7 1492	4 2113	1	1
7 1492	4 4601	1	1
7 1492	1 4341	1	1
7 1493	7 3594	1	1
7 1493	7 2860	1	1
7 1493	7 3996	1	1
7 1493	2 1417	1	1
7 1493	3 105	1	1
7 1493	4 3905	1	1
7 1494	7 2475	1	1
7 1494	7 3490	1	1
7 1494	7 1799	1	1
7 1494	1 3788	1	1
7 1494	0 1656	1	1
7 1494	5 2298	1	1
7 1495	0 4473	1	1
7 1495	3 4622	1	1
7 1495	1 3350	1	1
7 1495	1 3696	1	1
7 1495	5 2509	1	1
7 1495	3 5000	1	1
7 1496	7 3277	1	1
7 1496	4 2161	1	1
7 1496	4 3980	1	1
7 1496	5 254	1	1
7 1496	0 3551	1	1
7 1496	4 4792	1	1
7 1497	0 522	1	1
7 1497	2 3150	1	1
7 1497	4 2237	1	1
7 1497	2 1623	1	1
7 1497	0 969	1	1
7 1497	0 3732	1	1
7 1498	6 3007	1	1
7 1498	1 271	1	1
7 1498	5 423	1	1
7 1498	4 3943	1	1
7 1498	2 3199	1	1
7 1498	3 4747	1	1
7 1499	4 5	1	1
7 1499	3 2384	1	1
7 1499	0 4717	1	1
7 1499	6 212	1	1
7 1499	3 3122	1	1
7 1499	2 1956	1	1
7 1500	0 4034	1	1
7 1500	3 573	1	1
7 1500	2 4504	1	1
7 1500	2 3134	1	1
7 1500	3 4543	1	1
7 1500	6 2117	1	1
7 1501	7 3205	1	1
7 1501	5 1331	1	1
7 1501	4 3271	1	1
7 1501	6 3123	1	1
7 1501	3 1507	1	1
7 1501	2 1802	1	1
7 1502	0 1161	1	1
7 1502	5 4679	1	1
7 1502	5 720	1	1
7 1502	1 2561	1	1
7 1502	0 2031	1	1
7 1502	0 3066	1	1
7 1503	3 3795	1	1
7 1503	4 1354	1	1
7 1503	1 2839	1	1
7 1503	0 4837	1	1
7 1503	1 4263	1	1
7 1503	5 432	1	1
7 1504	7 3199	1	1
7 1504	7 2417	1	1
7 1504	5 1921	1	1
7 1504	0 4349	1	1
7 1504	5 4247	1	1
7 1504	3 3120	1	1
7 1505	7 2809	1	1
7 1505	5 1175	1	1
7 1505	3 4735	1	1
7 1505	2 4386	1	1
7 1505	2 4942	1	1
7 1505	5 2027	1	1
7 1506	7 4086	1	1
7 1506	1 4292	1	1
7 1506	2 2644	1	1
7 1506	2 4835	1	1
7 1506	2 4560	1	1
7 1506	0 79	1	1
7 1507	5 3879	1	1
7 1507	1 480	1	1
7 1507	1 208	1	1
7 1507	2 3452	1	1
7 1507	4 3281	1	1
7 1507	0 956	1	1
7 1508	0 872	1	1
7 1508	4 3130	1	1
7 1508	4 519	1	1
7 1508	1 3812	1	1
7 1508	1 4340	1	1
7 1508	5 3180	1	1
7 1509	7 1598	1	1
7 1509	3 2842	1	1
7 1509	4 1142	1	1
7 1509	1 3578	1	1
7 1509	2 2289	1	1
7 1509	0 2956	1	1
7 1510	6 2721	1	1
7 1510	6 4946	1	1
7 1510	1 73	1	1
7 1510	6 2021	1	1
7 1510	4 170	1	1
7 1510	3 4017	1	1
7 1511	3 1365	1	1
7 1511	0 2899	1	1
7 1511	2 2934	1	1
7 1511	3 1273	1	1
7 1511	4 858	1	1
7 1511	0 3800	1	1
7 1512	7 2130	1	1
7 1512	3 1848	1	1
7 1512	6 2818	1	1
7 1512	4 128	1	1
7 1512	5 1138	1	1
7 1512	5 551	1	1
7 1513	7 4482	1	1
7 1513	4 2393	1	1
7 1513	5 3279	1	1
7 1513	0 3825	1	1
7 1513	3 642	1	1
7 1513	1 1768	1	1
7 1514	7 1058	1	1
7 1514	7 1959	1	1
7 1514	4 514	1	1
7 1514	2 4562	1	1
7 1514	4 1022	1	1
7 1514	4 239	1	1
7 1515	7 3390	1	1
7 1515	6 691	1	1
7 1515	4 3087	1	1
7 1515	1 2306	1	1
7 1515	3 771	1	1
7 1515	2 1392	1	1
7 1516	7 2607	1	1
7 1516	7 2169	1	1
7 1516	2 2186	1	1
7 1516	6 3741	1	1
7 1516	2 2494	1	1
7 1516	2 1907	1	1
7 1517	7 390	1	1
7 1517	7 552	1	1
7 1517	7 1205	1	1
7 1517	1 4759	1	1
7 1517	1 2725	1	1
7 1517	3 4824	1	1
7 1518	7 1313	1	1
7 1518	3 834	1	1
7 1518	5 606	1	1
7 1518	6 854	1	1
7 1518	2 1533	1	1
7 1518	4 883	1	1
7 1519	7 2330	1	1
7 1519	6 2736	1	1
7 1519	2 4482	1	1
7 1519	4 3578	1	1
7 1519	5 1979	1	1
7 1519	4 4230	1	1
7 1520	0 833	1	1
7 1520	1 4685	1	1
7 1520	1 2448	1	1
7 1520	1 1683	1	1
7 1520	2 4133	1	1
7 1520	2 3313	1	1
7 1521	7 1009	1	1
7 1521	7 425	1	1
7 1521	2 2936	1	1
7 1521	6 290	1	1
7 1521	5 4880	1	1
7 1521	1 2334	1	1
7 1522	7 2451	1	1
7 1522	2 403	1	1
7 1522	1 4785	1	1
7 1522	4 4453	1	1
7 1522	0 890	1	1
7 1522	3 3971	1	1
7 1523	7 1716	1	1
7 1523	4 704	1	1
7 1523	0 2760	1	1
7 1523	6 4021	1	1
7 1523	5 611	1	1
7 1523	6 958	1	1
7 1524	7 1958	1	1
7 1524	3 4113	1	1
7 1524	4 2491	1	1
7 1524	4 174	1	1
7 1524	2 2084	1	1
7 1524	1 4864	1	1
7 1525	7 1387	1	1
7 1525	6 4486	1	1
7 1525	0 2345	1	1
7 1525	3 360	1	1
7 1525	1 375	1	1
7 1525	0 2549	1	1
7 1526	1 2648	1	1
7 1526	0 3493	1	1
7 1526	2 1940	1	1
7 1526	6 2518	1	1
7 1526	3 4512	1	1
7 1526	1 3848	1	1
7 1527	7 2420	1	1
7 1527	7 1286	1	1
7 1527	4 3584	1	1
7 1527	1 2571	1	1
7 1527	6 266	1	1
7 1527	2 3376	1	1
7 1528	7 4034	1	1
7 1528	7 443	1	1
7 1528	4 4770	1	1
7 1528	5 2030	1	1
7 1528	6 4494	1	1
7 1528	0 4341	1	1
7 1529	5 202	1	1
7 1529	5 1865	1	1
7 1529	4 62	1	1
7 1529	5 1888	1	1
7 1529	4 3348	1	1
7 1529	4 508	1	1
7 1530	0 138	1	1
7 1530	4 4644	1	1
7 1530	3 1439	1	1
7 1530	6 3805	1	1
7 1530	0 96	1	1
7 1530	1 2650	1	1
7 1531	7 532	1	1
7 1531	4 4687	1	1
7 1531	6 350	1	1
7 1531	1 3430	1	1
7 1531	4 2336	1	1
7 1531	6 3154	1	1
7 1532	1 1587	1	1
7 1532	6 85	1	1
7 1532	3 221	1	1
7 1532	2 271	1	1
7 1532	1 1162	1	1
7 1532	5 1724	1	1
7 1533	7 3437	1	1
7 1533	7 1779	1	1
7 1533	2 2684	1	1
7 1533	0 3290	1	1
7 1533	3 1408	1	1
7 1533	4 4059	1	1
7 1534	7 2467	1	1
7 1534	3 2376	1	1
7 1534	5 1231	1	1
7 1534	1 8	1	1
7 1534	3 4490	1	1
7 1534	6 4584	1	1
7 1535	2 4036	1	1
7 1535	1 3813	1	1
7 1535	1 2403	1	1
7 1535	5 520	1	1
7 1535	3 563	1	1
7 1535	4 3890	1	1
7 1536	0 3318	1	1
7 1536	1 2040	1	1
7 1536	2 1875	1	1
7 1536	1 4121	1	1
7 1536	6 4259	1	1
7 1536	2 1345	1	1
7 1537	4 276	1	1
7 1537	1 1726	1	1
7 1537	5 1532	1	1
7 1537	3 4887	1	1
7 1537	5 4128	1	1
7 1537	4 4250	1	1
7 1538	7 1245	1	1
7 1538	6 2946	1	1
7 1538	0 3025	1	1
7 1538	5 2776	1	1
7 1538	0 1107	1	1
7 1538	6 2671	1	1
7 1539	4 1626	1	1
7 1539	0 1262	1	1
7 1539	0 297	1	1
7 1539	1 99	1	1
7 1539	1 410	1	1
7 1539	3 1919	1	1
7 1540	7 731	1	1
7 1540	5 4429	1	1
7 1540	6 947	1	1
7 1540	2 3314	1	1
7 1540	1 1484	1	1
7 1540	0 2639	1	1
7 1541	7 1832	1	1
7 1541	0 3654	1	1
7 1541	0 644	1	1
7 1541	6 22	1	1
7 1541	2 400	1	1
7 1541	6 1426	1	1
7 1542	1 3091	1	1
7 1542	6 4912	1	1
7 1542	1 2504	1	1
7 1542	1 3025	1	1
7 1542	2 756	1	1
7 1542	1 2919	1	1
7 1543	7 588	1	1
7 1543	7 1360	1	1
7 1543	5 4129	1	1
7 1543	2 2196	1	1
7 1543	1 745	1	1
7 1543	0 690	1	1
7 1544	7 1080	1	1
7 1544	7 2693	1	1
7 1544	5 1074	1	1
7 1544	5 552	1	1
7 1544	4 2501	1	1
7 1544	0 1090	1	1
7 1545	4 2294	1	1
7 1545	0 1878	1	1
7 1545	3 58	1	1
7 1545	0 4401	1	1
7 1545	2 457	1	1
7 1545	3 414	1	1
7 1546	7 1194	1	1
7 1546	7 361	1	1
7 1546	2 4592	1	1
7 1546	3 1850	1	1
7 1546	5 2521	1	1
7 1546	1 3827	1	1
7 1547	7 3422	1	1
7 1547	7 4965	1	1
7 1547	7 1730	1	1
7 1547	4 1519	1	1
7 1547	2 3998	1	1
7 1547	4 2464	1	1
7 1548	4 2342	1	1
7 1548	5 471	1	1
7 1548	2 2703	1	1
7 1548	2 2457	1	1
7 1548	4 3020	1	1
7 1548	0 2859	1	1
7 1549	7 4413	1	1
7 1549	1 151	1	1
7 1549	6 2028	1	1
7 1549	6 3260	1	1
7 1549	6 237	1	1
7 1549	6 1786	1	1
7 1550	7 1706	1	1
7 1550	4 2343	1	1
7 1550	1 1444	1	1
7 1550	4 872	1	1
7 1550	6 1227	1	1
7 1550	4 3257	1	1
7 1551	3 4342	1	1
7 1551	4 2712	1	1
7 1551	5 2063	1	1
7 1551	2 3048	1	1
7 1551	5 2136	1	1
7 1551	2 1409	1	1
7 1552	2 3389	1	1
7 1552	1 2351	1	1
7 1552	1 1568	1	1
7 1552	2 1922	1	1
7 1552	4 2934	1	1
7 1552	0 2715	1	1
7 1553	6 138	1	1
7 1553	1 3867	1	1
7 1553	2 2077	1	1
7 1553	5 3589	1	1
7 1553	6 3100	1	1
7 1553	6 990	1	1
7 1554	7 3267	1	1
7 1554	7 2309	1	1
7 1554	0 1652	1	1
7 1554	1 4389	1	1
7 1554	3 254	1	1
7 1554	6 2015	1	1
7 1555	0 4120	1	1
7 1555	0 802	1	1
7 1555	6 2364	1	1
7 1555	1 1034	1	1
7 1555	4 3243	1	1
7 1555	1 2171	1	1
7 1556	7 3691	1	1
7 1556	7 2777	1	1
7 1556	6 116	1	1
7 1556	3 3561	1	1
7 1556	0 1561	1	1
7 1556	1 4190	1	1
7 1557	7 4148	1	1
7 1557	2 1768	1	1
7 1557	4 4596	1	1
7 1557	0 3105	1	1
7 1557	2 3023	1	1
7 1557	1 3020	1	1
7 1558	7 900	1	1
7 1558	6 2306	1	1
7 1558	6 4726	1	1
7 1558	4 4916	1	1
7 1558	6 4038	1	1
7 1558	5 3336	1	1
7 1559	4 3923	1	1
7 1559	5 3633	1	1
7 1559	6 2535	1	1
7 1559	0 3855	1	1
7 1559	5 2275	1	1
7 1559	3 1061	1	1
7 1560	4 2484	1	1
7 1560	4 1587	1	1
7 1560	0 4190	1	1
7 1560	3 402	1	1
7 1560	0 4161	1	1
7 1560	1 2875	1	1
7 1561	7 413	1	1
7 1561	7 2340	1	1
7 1561	3 1499	1	1
7 1561	3 2219	1	1
7 1561	1 1334	1	1
7 1561	5 3428	1	1
7 1562	7 1320	1	1
7 1562	5 2289	1	1
7 1562	6 1065	1	1
7 1562	1 3772	1	1
7 1562	2 2584	1	1
7 1562	0 981	1	1
7 1563	7 4194	1	1
7 1563	7 2041	1	1
7 1563	1 1436	1	1
7 1563	1 186	1	1
7 1563	5 1718	1	1
7 1563	0 3218	1	1
7 1564	5 1494	1	1
7 1564	2 4960	1	1
7 1564	6 2593	1	1
7 1564	1 4361	1	1
7 1564	1 1505	1	1
7 1564	1 2638	1	1
7 1565	7 1842	1	1
7 1565	4 1813	1	1
7 1565	2 834	1	1
7 1565	6 2626	1	1
7 1565	4 4809	1	1
7 1565	2 3065	1	1
7 1566	1 973	1	1
7 1566	3 312	1	1
7 1566	4 3026	1	1
7 1566	6 3956	1	1
7 1566	0 4514	1	1
7 1566	0 713	1	1
7 1567	7 3254	1	1
7 1567	3 4315	1	1
7 1567	6 4405	1	1
7 1567	4 2942	1	1
7 1567	1 3975	1	1
7 1567	1 3516	1	1
7 1568	4 1686	1	1
7 1568	6 889	1	1
7 1568	6 4290	1	1
7 1568	5 3140	1	1
7 1568	0 2064	1	1
7 1568	5 3496	1	1
7 1569	7 4271	1	1
7 1569	3 2924	1	1
7 1569	5 642	1	1
7 1569	2 2962	1	1
7 1569	1 3619	1	1
7 1569	3 276	1	1
7 1570	0 1477	1	1
7 1570	0 965	1	1
7 1570	2 590	1	1
7 1570	2 4222	1	1
7 1570	3 1809	1	1
7 1570	1 209	1	1
7 1571	3 4413	1	1
7 1571	0 1657	1	1
7 1571	1 831	1	1
7 1571	3 1010	1	1
7 1571	1 1829	1	1
7 1571	5 744	1	1
7 1572	7 4290	1	1
7 1572	7 3492	1	1
7 1572	6 2001	1	1
7 1572	0 1014	1	1
7 1572	2 3620	1	1
7 1572	5 1932	1	1
7 1573	1 4432	1	1
7 1573	2 667	1	1
7 1573	3 2211	1	1
7 1573	1 2288	1	1
7 1573	2 2011	1	1
7 1573	4 1937	1	1
7 1574	7 4513	1	1
7 1574	4 1518	1	1
7 1574	6 1408	1	1
7 1574	0 2910	1	1
7 1574	6 108	1	1
7 1574	6 1006	1	1
7 1575	1 4042	1	1
7 1575	5 548	1	1
7 1575	1 1960	1	1
7 1575	0 444	1	1
7 1575	3 667	1	1
7 1575	1 3315	1	1
7 1576	7 3377	1	1
7 1576	3 4946	1	1
7 1576	1 168	1	1
7 1576	1 3066	1	1
7 1576	5 3469	1	1
7 1576	4 2094	1	1
7 1577	7 4485	1	1
7 1577	2 3019	1	1
7 1577	5 3582	1	1
7 1577	0 4317	1	1
7 1577	3 1697	1	1
7 1577	2 4102	1	1
7 1578	6 2611	1	1
7 1578	2 2324	1	1
7 1578	4 264	1	1
7 1578	3 3089	1	1
7 1578	3 734	1	1
7 1578	6 4292	1	1
7 1579	7 770	1	1
7 1579	7 4451	1	1
7 1579	7 2646	1	1
7 1579	0 3101	1	1
7 1579	6 3285	1	1
7 1579	5 1166	1	1
7 1580	3 4225	1	1
7 1580	1 4116	1	1
7 1580	4 3627	1	1
7 1580	1 3373	1	1
7 1580	2 1824	1	1
7 1580	1 3002	1	1
7 1581	3 1244	1	1
7 1581	0 4153	1	1
7 1581	5 3985	1	1
7 1581	4 1606	1	1
7 1581	5 4850	1	1
7 1581	4 399	1	1
7 1582	7 4471	1	1
7 1582	7 3125	1	1
7 1582	7 2804	1	1
7 1582	0 3921	1	1
7 1582	3 3357	1	1
7 1582	6 3053	1	1
7 1583	4 1022	1	1
7 1583	6 2210	1	1
7 1583	1 2517	1	1
7 1583	6 2188	1	1
7 1583	6 2073	1	1
7 1583	6 2945	1	1
7 1584	0 2495	1	1
7 1584	6 2622	1	1
7 1584	5 329	1	1
7 1584	1 656	1	1
7 1584	1 1599	1	1
7 1584	2 2066	1	1
7 1585	1 1807	1	1
7 1585	5 4810	1	1
7 1585	6 2114	1	1
7 1585	4 578	1	1
7 1585	2 996	1	1
7 1585	2 2325	1	1
7 1586	7 2187	1	1
7 1586	3 74	1	1
7 1586	0 955	1	1
7 1586	3 3594	1	1
7 1586	5 631	1	1
7 1586	0 4871	1	1
7 1587	5 4397	1	1
7 1587	5 3988	1	1
7 1587	6 4337	1	1
7 1587	5 1169	1	1
7 1587	1 368	1	1
7 1587	4 175	1	1
7 1588	7 601	1	1
7 1588	2 213	1	1
7 1588	1 4508	1	1
7 1588	1 221	1	1
7 1588	6 2146	1	1
7 1588	5 275	1	1
7 1589	2 2856	1	1
7 1589	5 1280	1	1
7 1589	6 59	1	1
7 1589	0 3512	1	1
7 1589	6 4049	1	1
7 1589	3 4781	1	1
7 1590	7 1064	1	1
7 1590	6 1441	1	1
7 1590	3 3851	1	1
7 1590	4 4069	1	1
7 1590	4 746	1	1
7 1590	4 1137	1	1
7 1591	0 928	1	1
7 1591	5 4050	1	1
7 1591	5 4187	1	1
7 1591	5 430	1	1
7 1591	2 3067	1	1
7 1591	6 1439	1	1
7 1592	7 4224	1	1
7 1592	7 991	1	1
7 1592	5 1567	1	1
7 1592	3 126	1	1
7 1592	6 1564	1	1
7 1592	2 2966	1	1
7 1593	7 2352	1	1
7 1593	2 4641	1	1
7 1593	2 1436	1	1
7 1593	5 1726	1	1
7 1593	6 4855	1	1
7 1593	1 868	1	1
7 1594	1 343	1	1
7 1594	0 4703	1	1
7 1594	0 1604	1	1
7 1594	1 3160	1	1
7 1594	3 4226	1	1
7 1594	2 3581	1	1
7 1595	7 2133	1	1
7 1595	7 3320	1	1
7 1595	1 875	1	1
7 1595	2 752	1	1
7 1595	0 576	1	1
7 1595	1 1668	1	1
7 1596	2 2736	1	1
7 1596	2 2099	1	1
7 1596	6 56	1	1
7 1596	5 283	1	1
7 1596	4 4171	1	1
7 1596	0 1976	1	1
7 1597	7 975	1	1
7 1597	6 2373	1	1
7 1597	6 741	1	1
7 1597	2 1897	1	1
7 1597	2 1231	1	1
7 1597	0 1355	1	1
7 1598	7 1601	1	1
7 1598	5 945	1	1
7 1598	0 3177	1	1
7 1598	2 3569	1	1
7 1598	2 4265	1	1
7 1598	3 1856	1	1
7 1599	6 2738	1	1
7 1599	3 512	1	1
7 1599	0 276	1	1
7 1599	2 2963	1	1
7 1599	3 907	1	1
7 1599	0 3249	1	1
7 1600	7 315	1	1
7 1600	7 2618	1	1
7 1600	3 555	1	1
7 1600	0 3037	1	1
7 1600	6 1771	1	1
7 1600	6 2384	1	1
7 1601	7 4122	1	1
7 1601	6 427	1	1
7 1601	2 3012	1	1
7 1601	2 740	1	1
7 1601	0 1969	1	1
7 1601	6 2704	1	1
7 1602	7 4254	1	1
7 1602	6 153	1	1
7 1602	3 686	1	1
7 1602	3 3056	1	1
7 1602	6 2966	1	1
7 1602	0 1567	1	1
7 1603	7 366	1	1
7 1603	2 4777	1	1
7 1603	5 3009	1	1
7 1603	0 2198	1	1
7 1603	0 2116	1	1
7 1603	2 3711	1	1
7 1604	7 1793	1	1
7 1604	7 1449	1	1
7 1604	0 3520	1	1
7 1604	6 4748	1	1
7 1604	6 1489	1	1
7 1604	3 4074	1	1
7 1605	7 2050	1	1
7 1605	4 2722	1	1
7 1605	6 1558	1	1
7 1605	1 2443	1	1
7 1605	4 3951	1	1
7 1605	1 3657	1	1
7 1606	7 4011	1	1
7 1606	6 1793	1	1
7 1606	0 4744	1	1
7 1606	1 942	1	1
7 1606	0 2853	1	1
7 1606	5 1958	1	1
7 1607	7 1127	1	1
7 1607	2 1025	1	1
7 1607	5 872	1	1
7 1607	0 2607	1	1
7 1607	3 3403	1	1
7 1607	6 4796	1	1
7 1608	4 2828	1	1
7 1608	5 2962	1	1
7 1608	0 1190	1	1
7 1608	0 2597	1	1
7 1608	3 3903	1	1
7 1608	6 3966	1	1
7 1609	7 2521	1	1
7 1609	7 2839	1	1
7 1609	3 364	1	1
7 1609	2 2112	1	1
7 1609	2 4034	1	1
7 1609	2 2666	1	1
7 1610	4 994	1	1
7 1610	3 2176	1	1
7 1610	6 3824	1	1
7 1610	1 481	1	1
7 1610	4 2213	1	1
7 1610	4 2127	1	1
7 1611	1 3964	1	1
7 1611	0 4497	1	1
7 1611	6 1566	1	1
7 1611	4 4726	1	1
7 1611	5 2985	1	1
7 1611	0 3654	1	1
7 1612	7 3193	1	1
7 1612	7 3399	1	1
7 1612	3 1442	1	1
7 1612	3 2379	1	1
7 1612	2 2013	1	1
7 1612	1 49	1	1
7 1613	7 4136	1	1
7 1613	4 1712	1	1
7 1613	5 1207	1	1
7 1613	4 408	1	1
7 1613	1 534	1	1
7 1613	2 4647	1	1
7 1614	0 4075	1	1
7 1614	6 2134	1	1
7 1614	2 872	1	1
7 1614	4 738	1	1
7 1614	1 1524	1	1
7 1614	5 2236	1	1
7 1615	2 1163	1	1
7 1615	2 2082	1	1
7 1615	4 4281	1	1
7 1615	1 582	1	1
7 1615	0 1670	1	1
7 1615	6 935	1	1
7 1616	6 4546	1	1
7 1616	3 1923	1	1
7 1616	5 2924	1	1
7 1616	4 3999	1	1
7 1616	1 3717	1	1
7 1616	6 42	1	1
7 1617	3 2157	1	1
7 1617	0 4600	1	1
7 1617	6 1462	1	1
7 1617	2 3502	1	1
7 1617	2 19	1	1
7 1617	5 2198	1	1
7 1618	7 3692	1	1
7 1618	3 2893	1	1
7 1618	2 2306	1	1
7 1618	0 3263	1	1
7 1618	2 4444	1	1
7 1618	1 2446	1	1
7 1619	0 2236	1	1
7 1619	3 225	1	1
7 1619	1 4519	1	1
7 1619	6 1877	1	1
7 1619	0 1668	1	1
7 1619	3 3422	1	1
7 1620	0 4997	1	1
7 1620	1 220	1	1
7 1620	4 468	1	1
7 1620	4 431	1	1
7 1620	0 1858	1	1
7 1620	0 3537	1	1
7 1621	7 4061	1	1
7 1621	7 2383	1	1
7 1621	7 1582	1	1
7 1621	3 2533	1	1
7 1621	3 3845	1	1
7 1621	0 2335	1	1
7 1622	7 2222	1	1
7 1622	4 4016	1	1
7 1622	2 3259	1	1
7 1622	2 666	1	1
7 1622	1 2960	1	1
7 1622	2 4693	1	1
7 1623	6 642	1	1
7 1623	0 3832	1	1
7 1623	2 2841	1	1
7 1623	1 1576	1	1
7 1623	5 213	1	1
7 1623	6 2888	1	1
7 1624	1 4329	1	1
7 1624	2 1917	1	1
7 1624	3 2105	1	1
7 1624	4 3769	1	1
7 1624	0 4224	1	1
7 1624	5 3210	1	1
7 1625	7 2349	1	1
7 1625	2 4125	1	1
7 1625	4 2974	1	1
7 1625	0 4965	1	1
7 1625	2 4583	1	1
7 1625	4 4867	1	1
7 1626	7 349	1	1
7 1626	5 2187	1	1
7 1626	6 846	1	1
7 1626	4 920	1	1
7 1626	1 4190	1	1
7 1626	2 4075	1	1
7 1627	7 2703	1	1
7 1627	6 1465	1	1
7 1627	0 1230	1	1
7 1627	5 1930	1	1
7 1627	0 1365	1	1
7 1627	1 2475	1	1
7 1628	3 2460	1	1
7 1628	1 3775	1	1
7 1628	0 980	1	1
7 1628	5 3176	1	1
7 1628	3 2294	1	1
7 1628	0 4203	1	1
7 1629	0 4753	1	1
7 1629	5 2167	1	1
7 1629	5 2848	1	1
7 1629	0 4908	1	1
7 1629	0 4067	1	1
7 1629	6 2872	1	1
7 1630	0 494	1	1
7 1630	0 1626	1	1
7 1630	3 1327	1	1
7 1630	4 2832	1	1
7 1630	0 2329	1	1
7 1630	4 652	1	1
7 1631	0 3363	1	1
7 1631	0 1411	1	1
7 1631	6 1752	1	1
7 1631	5 3479	1	1
7 1631	5 711	1	1
7 1631	6 284	1	1
7 1632	1 4208	1	1
7 1632	3 125	1	1
7 1632	5 2643	1	1
7 1632	6 54	1	1
7 1632	3 2724	1	1
7 1632	1 2539	1	1
7 1633	7 2401	1	1
7 1633	7 2390	1	1
7 1633	4 3327	1	1
7 1633	1 4580	1	1
7 1633	5 86	1	1
7 1633	3 4549	1	1
7 1634	1 3813	1	1
7 1634	0 2993	1	1
7 1634	5 4443	1	1
7 1634	2 4727	1	1
7 1634	6 4132	1	1
7 1634	0 3661	1	1
7 1635	7 3861	1	1
7 1635	0 2641	1	1
7 1635	0 3737	1	1
7 1635	1 248	1	1
7 1635	6 2944	1	1
7 1635	3 3100	1	1
7 1636	0 1933	1	1
7 1636	5 4511	1	1
7 1636	2 2169	1	1
7 1636	5 590	1	1
7 1636	3 670	1	1
7 1636	3 4384	1	1
7 1637	3 2155	1	1
7 1637	6 1850	1	1
7 1637	3 971	1	1
7 1637	3 3748	1	1
7 1637	0 4758	1	1
7 1637	1 4289	1	1
7 1638	7 4541	1	1
7 1638	7 4269	1	1
7 1638	6 2350	1	1
7 1638	2 1227	1	1
7 1638	3 3441	1	1
7 1638	2 459	1	1
7 1639	0 3694	1	1
7 1639	6 2711	1	1
7 1639	5 2677	1	1
7 1639	1 2297	1	1
7 1639	5 4126	1	1
7 1639	5 881	1	1
7 1640	7 4156	1	1
7 1640	3 4684	1	1
7 1640	3 676	1	1
7 1640	5 2156	1	1
7 1640	6 2541	1	1
7 1640	1 2165	1	1
7 1641	7 1811	1	1
7 1641	2 4228	1	1
7 1641	4 4883	1	1
7 1641	5 2987	1	1
7 1641	5 538	1	1
7 1641	4 4282	1	1
7 1642	6 3974	1	1
7 1642	0 2399	1	1
7 1642	4 1331	1	1
7 1642	0 467	1	1
7 1642	3 3708	1	1
7 1642	6 1661	1	1
7 1643	7 1391	1	1
7 1643	6 4993	1	1
7 1643	2 3794	1	1
7 1643	1 4959	1	1
7 1643	6 4582	1	1
7 1643	1 4685	1	1
7 1644	5 4683	1	1
7 1644	3 2288	1	1
7 1644	0 784	1	1
7 1644	2 1528	1	1
7 1644	0 1155	1	1
7 1644	6 791	1	1
7 1645	7 4364	1	1
7 1645	3 277	1	1
7 1645	1 200	1	1
7 1645	0 4540	1	1
7 1645	3 4012	1	1
7 1645	0 561	1	1
7 1646	6 2055	1	1
7 1646	1 257	1	1
7 1646	3 102	1	1
7 1646	4 1274	1	1
7 1646	5 652	1	1
7 1646	3 179	1	1
7 1647	7 3057	1	1
7 1647	0 4456	1	1
7 1647	2 3980	1	1
7 1647	1 4007	1	1
7 1647	1 1620	1	1
7 1647	6 1211	1	1
7 1648	7 591	1	1
7 1648	2 1904	1	1
7 1648	4 2547	1	1
7 1648	4 2470	1	1
7 1648	0 1940	1	1
7 1648	2 3356	1	1
7 1649	2 1843	1	1
7 1649	1 4685	1	1
7 1649	5 641	1	1
7 1649	6 2075	1	1
7 1649	4 1295	1	1
7 1649	0 4171	1	1
7 1650	7 4603	1	1
7 1650	5 2187	1	1
7 1650	3 785	1	1
7 1650	6 314	1	1
7 1650	4 3503	1	1
7 1650	2 3026	1	1
7 1651	7 1356	1	1
7 1651	2 3883	1	1
7 1651	4 4099	1	1
7 1651	5 1444	1	1
7 1651	2 290	1	1
7 1651	2 1141	1	1
7 1652	1 615	1	1
7 1652	6 4719	1	1
7 1652	0 124	1	1
7 1652	1 1607	1	1
7 1652	0 2745	1	1
7 1652	3 2397	1	1
7 1653	7 4267	1	1
7 1653	0 3178	1	1
7 1653	4 3472	1	1
7 1653	1 4643	1	1
7 1653	1 1321	1	1
7 1653	4 1932	1	1
7 1654	5 1147	1	1
7 1654	0 2529	1	1
7 1654	5 4769	1	1
7 1654	6 30	1	1
7 1654	4 3138	1	1
7 1654	2 3633	1	1
7 1655	7 417	1	1
7 1655	7 2912	1	1
7 1655	4 1076	1	1
7 1655	2 2340	1	1
7 1655	2 1379	1	1
7 1655	4 1818	1	1
7 1656	7 764	1	1
7 1656	2 3671	1	1
7 1656	3 4875	1	1
7 1656	3 3499	1	1
7 1656	2 4770	1	1
7 1656	1 1406	1	1
7 1657	7 3393	1	1
7 1657	7 1474	1	1
7 1657	3 4473	1	1
7 1657	0 206	1	1
7 1657	3 4723	1	1
7 1657	0 2260	1	1
7 1658	7 3476	1	1
7 1658	0 3591	1	1
7 1658	2 469	1	1
7 1658	0 4806	1	1
7 1658	5 1161	1	1
7 1658	5 3350	1	1
7 1659	5 4263	1	1
7 1659	4 828	1	1
7 1659	6 796	1	1
7 1659	5 730	1	1
7 1659	5 3935	1	1
7 1659	2 2023	1	1
7 1660	5 2493	1	1
7 1660	1 3618	1	1
7 1660	0 1152	1	1
7 1660	2 4204	1	1
7 1660	3 2417	1	1
7 1660	4 328	1	1
7 1661	7 1822	1	1
7 1661	6 765	1	1
7 1661	2 184	1	1
7 1661	1 1727	1	1
7 1661	6 4612	1	1
7 1661	6 1284	1	1
7 1662	7 2692	1	1
7 1662	5 690	1	1
7 1662	4 4052	1	1
7 1662	4 1029	1	1
7 1662	4 3711	1	1
7 1662	6 2204	1	1
7 1663	7 1799	1	1
7 1663	4 3477	1	1
7 1663	0 1320	1	1
7 1663	0 1305	1	1
7 1663	6 3859	1	1
7 1663	5 4357	1	1
7 1664	7 2069	1	1
7 1664	1 127	1	1
7 1664	4 2705	1	1
7 1664	4 3466	1	1
7 1664	3 131	1	1
7 1664	4 1778	1	1
7 1665	7 642	1	1
7 1665	2 1600	1	1
7 1665	6 814	1	1
7 1665	1 1240	1	1
7 1665	2 4601	1	1
7 1665	1 1785	1	1
7 1666	7 2584	1	1
7 1666	0 1043	1	1
7 1666	1 2234	1	1
7 1666	3 3137	1	1
7 1666	3 3469	1	1
7 1666	0 2498	1	1
7 1667	7 2699	1	1
7 1667	7 4737	1	1
7 1667	7 2231	1	1
7 1667	3 4037	1	1
7 1667	4 2443	1	1
7 1667	4 2119	1	1
7 1668	7 549	1	1
7 1668	7 284	1	1
7 1668	4 3181	1	1
7 1668	3 1750	1	1
7 1668	5 2885	1	1
7 1668	6 3803	1	1
7 1669	5 926	1	1
7 1669	6 4633	1	1
7 1669	0 3365	1	1
7 1669	5 92	1	1
7 1669	2 3474	1	1
7 1669	0 40	1	1
7 1670	7 1237	1	1
7 1670	6 4769	1	1
7 1670	0 248	1	1
7 1670	5 4903	1	1
7 1670	1 3002	1	1
7 1670	5 4832	1	1
7 1671	3 3039	1	1
7 1671	0 781	1	1
7 1671	0 536	1	1
7 1671	6 299	1	1
7 1671	3 3182	1	1
7 1671	1 2199	1	1
7 1672	7 2667	1	1
7 1672	6 1672	1	1
7 1672	1 4087	1	1
7 1672	6 1856	1	1
7 1672	0 554	1	1
7 1672	2 3879	1	1
7 1673	6 2594	1	1
7 1673	5 4852	1	1
7 1673	2 212	1	1
7 1673	4 1564	1	1
7 1673	5 4119	1	1
7 1673	4 3557	1	1
7 1674	7 1052	1	1
7 1674	2 2701	1	1
7 1674	1 1853	1	1
7 1674	0 1319	1	1
7 1674	5 4367	1	1
7 1674	1 1945	1	1
7 1675	7 488	1	1
7 1675	3 1106	1	1
7 1675	4 2429	1	1
7 1675	0 4814	1	1
7 1675	0 4053	1	1
7 1675	2 1344	1	1
7 1676	3 3287	1	1
7 1676	3 2322	1	1
7 1676	0 2593	1	1
7 1676	4 4567	1	1
7 1676	3 3789	1	1
7 1676	4 1820	1	1
7 1677	7 3945	1	1
7 1677	0 3344	1	1
7 1677	1 3074	1	1
7 1677	3 4093	1	1
7 1677	2 2444	1	1
7 1677	2 2961	1	1
7 1678	7 3229	1	1
7 1678	7 79	1	1
7 1678	6 3510	1	1
7 1678	1 4646	1	1
7 1678	6 642	1	1
7 1678	1 644	1	1
7 1679	4 4353	1	1
7 1679	1 4762	1	1
7 1679	5 2166	1	1
7 1679	5 4983	1	1
7 1679	1 1720	1	1
7 1679	2 1233	1	1
7 1680	5 80	1	1
7 1680	4 2068	1	1
7 1680	4 604	1	1
7 1680	6 3858	1	1
7 1680	5 2100	1	1
7 1680	1 2635	1	1
7 1681	6 1201	1	1
7 1681	3 398	1	1
7 1681	3 2764	1	1
7 1681	1 1249	1	1
7 1681	0 3589	1	1
7 1681	1 4684	1	1
7 1682	5 2557	1	1
7 1682	4 1837	1	1
7 1682	2 328	1	1
7 1682	4 796	1	1
7 1682	2 3075	1	1
7 1682	4 2699	1	1
7 1683	7 1411	1	1
7 1683	3 139	1	1
7 1683	6 327	1	1
7 1683	4 3423	1	1
7 1683	2 819	1	1
7 1683	5 788	1	1
7 1684	0 776	1	1
7 1684	5 2857	1	1
7 1684	4 3023	1	1
7 1684	6 3443	1	1
7 1684	3 2382	1	1
7 1684	1 3489	1	1
7 1685	4 639	1	1
7 1685	1 1521	1	1
7 1685	0 2250	1	1
7 1685	5 967	1	1
7 1685	0 2526	1	1
7 1685	3 1058	1	1
7 1686	2 912	1	1
7 1686	5 4954	1	1
7 1686	6 3867	1	1
7 1686	4 2137	1	1
7 1686	1 3742	1	1
7 1686	4 4055	1	1
7 1687	7 4941	1	1
7 1687	3 3496	1	1
7 1687	3 1671	1	1
7 1687	4 3102	1	1
7 1687	6 2170	1	1
7 1687	2 2554	1	1
7 1688	6 1574	1	1
7 1688	2 5000	1	1
7 1688	6 3674	1	1
7 1688	3 2813	1	1
7 1688	3 1043	1	1
7 1688	2 2083	1	1
7 1689	7 1285	1	1
7 1689	7 687	1	1
7 1689	6 2543	1	1
7 1689	4 4256	1	1
7 1689	3 1486	1	1
7 1689	4 2111	1	1
7 1690	2 3611	1	1
7 1690	4 391	1	1
7 1690	5 2881	1	1
7 1690	3 4185	1	1
7 1690	2 1437	1	1
7 1690	1 1556	1	1
7 1691	7 3375	1	1
7 1691	4 2678	1	1
7 1691	6 3315	1	1
7 1691	6 3172	1	1
7 1691	0 241	1	1
7 1691	5 1256	1	1
7 1692	2 1148	1	1
7 1692	0 333	1	1
7 1692	0 2012	1	1
7 1692	3 4470	1	1
7 1692	0 3265	1	1
7 1692	4 513	1	1
7 1693	7 724	1	1
7 1693	3 639	1	1
7 1693	5 3585	1	1
7 1693	1 2936	1	1
7 1693	6 631	1	1
7 1693	6 662	1	1
7 1694	7 1867	1	1
7 1694	4 124	1	1
7 1694	0 3092	1	1
7 1694	0 3019	1	1
7 1694	3 3592	1	1
7 1694	5 4815	1	1
7 1695	7 3558	1	1
7 1695	2 4162	1	1
7 1695	1 1116	1	1
7 1695	6 1646	1	1
7 1695	6 3604	1	1
7 1695	6 3341	1	1
7 1696	0 4280	1	1
7 1696	5 3989	1	1
7 1696	2 3960	1	1
7 1696	3 4624	1	1
7 1696	1 1822	1	1
7 1696	6 4486	1	1
7 1697	7 2483	1	1
7 1697	2 1240	1	1
7 1697	0 1599	1	1
7 1697	6 1861	1	1
7 1697	1 4493	1	1
7 1697	0 4467	1	1
7 1698	6 2706	1	1
7 1698	6 4543	1	1
7 1698	2 98	1	1
7 1698	5 238	1	1
7 1698	2 1179	1	1
7 1698	0 684	1	1
7 1699	7 1206	1	1
7 1699	7 1409	1	1
7 1699	2 1249	1	1
7 1699	5 3000	1	1
7 1699	1 972	1	1
7 1699	5 2134	1	1
7 1700	7 2295	1	1
7 1700	0 1023	1	1
7 1700	4 6	1	1
7 1700	5 1842	1	1
7 1700	2 1614	1	1
7 1700	1 1878	1	1
7 1701	7 1825	1	1
7 1701	7 1522	1	1
7 1701	7 3547	1	1
7 1701	6 4206	1	1
7 1701	3 2390	1	1
7 1701	2 4498	1	1
7 1702	2 717	1	1
7 1702	3 1097	1	1
7 1702	4 1090	1	1
7 1702	2 3052	1	1
7 1702	3 1370	1	1
7 1702	4 1619	1	1
7 1703	2 2134	1	1
7 1703	1 833	1	1
7 1703	5 1087	1	1
7 1703	6 2703	1	1
7 1703	3 3827	1	1
7 1703	2 1971	1	1
7 1704	7 1011	1	1
7 1704	5 3110	1	1
7 1704	6 3463	1	1
7 1704	2 404	1	1
7 1704	6 4123	1	1
7 1704	5 1565	1	1
7 1705	7 950	1	1
7 1705	5 4874	1	1
7 1705	0 1601	1	1
7 1705	1 151	1	1
7 1705	5 4981	1	1
7 1705	4 1572	1	1
7 1706	7 13	1	1
7 1706	7 4532	1	1
7 1706	0 4712	1	1
7 1706	4 243	1	1
7 1706	4 2160	1	1
7 1706	2 1961	1	1
7 1707	7 1848	1	1
7 1707	5 2093	1	1
7 1707	1 1521	1	1
7 1707	4 1486	1	1
7 1707	3 2420	1	1
7 1707	1 3306	1	1
7 1708	7 4354	1	1
7 1708	7 2289	1	1
7 1708	2 2677	1	1
7 1708	4 3845	1	1
7 1708	3 4117	1	1
7 1708	2 1669	1	1
7 1709	7 72	1	1
7 1709	7 513	1	1
7 1709	6 140	1	1
7 1709	4 1048	1	1
7 1709	0 465	1	1
7 1709	1 4725	1	1
7 1710	7 3105	1	1
7 1710	6 1291	1	1
7 1710	2 3027	1	1
7 1710	1 3462	1	1
7 1710	6 281	1	1
7 1710	5 2930	1	1
7 1711	1 1700	1	1
7 1711	6 2278	1	1
7 1711	2 3187	1	1
7 1711	1 4382	1	1
7 1711	5 3120	1	1
7 1711	1 2458	1	1
7 1712	1 3854	1	1
7 1712	1 913	1	1
7 1712	0 4576	1	1
7 1712	5 4554	1	1
7 1712	2 1025	1	1
7 1712	1 2931	1	1
7 1713	4 3287	1	1
7 1713	2 1544	1	1
7 1713	2 305	1	1
7 1713	2 2475	1	1
7 1713	1 4018	1	1
7 1713	6 1440	1	1
7 1714	4 2885	1	1
7 1714	3 2511	1	1
7 1714	0 2586	1	1
7 1714	2 252	1	1
7 1714	3 2652	1	1
7 1714	4 3694	1	1
7 1715	7 3011	1	1
7 1715	6 850	1	1
7 1715	6 429	1	1
7 1715	4 2462	1	1
7 1715	5 4441	1	1
7 1715	4 457	1	1
7 1716	4 2319	1	1
7 1716	2 3428	1	1
7 1716	3 3307	1	1
7 1716	3 4914	1	1
7 1716	5 2071	1	1
7 1716	5 4324	1	1
7 1717	4 4593	1	1
7 1717	6 3936	1	1
7 1717	4 20	1	1
7 1717	2 877	1	1
7 1717	3 412	1	1
7 1717	1 1783	1	1
7 1718	7 659	1	1
7 1718	5 674	1	1
7 1718	2 240	1	1
7 1718	4 1348	1	1
7 1718	4 4112	1	1
7 1718	1 2835	1	1
7 1719	7 3600	1	1
7 1719	5 3850	1	1
7 1719	4 4460	1	1
7 1719	5 648	1	1
7 1719	5 2014	1	1
7 1719	0 4379	1	1
7 1720	7 541	1	1
7 1720	3 898	1	1
7 1720	2 2092	1	1
7 1720	4 533	1	1
7 1720	5 293	1	1
7 1720	0 4833	1	1
7 1721	7 636	1	1
7 1721	5 2937	1	1
7 1721	2 2358	1	1
7 1721	2 4726	1	1
7 1721	2 314	1	1
7 1721	4 1512	1	1
7 1722	7 1675	1	1
7 1722	1 1635	1	1
7 1722	4 1992	1	1
7 1722	1 2327	1	1
7 1722	5 1948	1	1
7 1722	5 1064	1	1
7 1723	7 2194	1	1
7 1723	0 4549	1	1
7 1723	3 2581	1	1
7 1723	5 1059	1	1
7 1723	3 887	1	1
7 1723	5 3658	1	1
7 1724	7 4469	1	1
7 1724	5 4918	1	1
7 1724	6 2962	1	1
7 1724	5 4238	1	1
7 1724	3 912	1	1
7 1724	5 927	1	1
7 1725	7 3074	1	1
7 1725	3 495	1	1
7 1725	4 4181	1	1
7 1725	4 580	1	1
7 1725	3 4548	1	1
7 1725	2 2700	1	1
7 1726	2 2811	1	1
7 1726	2 3716	1	1
7 1726	3 3743	1	1
7 1726	3 4005	1	1
7 1726	2 2216	1	1
7 1726	3 4536	1	1
7 1727	7 685	1	1
7 1727	7 3322	1	1
7 1727	6 4417	1	1
7 1727	1 3158	1	1
7 1727	5 2550	1	1
7 1727	6 3411	1	1
7 1728	7 3897	1	1
7 1728	3 4752	1	1
7 1728	6 2799	1	1
7 1728	3 963	1	1
7 1728	4 671	1	1
7 1728	5 688	1	1
7 1729	7 3196	1	1
7 1729	6 1737	1	1
7 1729	6 2932	1	1
7 1729	4 4183	1	1
7 1729	3 352	1	1
7 1729	5 451	1	1
7 1730	7 2341	1	1
7 1730	6 2166	1	1
7 1730	6 3999	1	1
7 1730	1 2541	1	1
7 1730	0 4037	1	1
7 1730	3 1173	1	1
7 1731	7 2078	1	1
7 1731	7 3415	1	1
7 1731	5 3506	1	1
7 1731	6 1217	1	1
7 1731	4 1356	1	1
7 1731	3 1685	1	1
7 1732	7 2277	1	1
7 1732	0 856	1	1
7 1732	2 761	1	1
7 1732	4 4251	1	1
7 1732	2 3760	1	1
7 1732	6 4807	1	1
7 1733	0 2374	1	1
7 1733	6 2625	1	1
7 1733	0 1120	1	1
7 1733	4 3663	1	1
7 1733	4 3928	1	1
7 1733	3 2347	1	1
7 1734	0 3272	1	1
7 1734	4 722	1	1
7 1734	6 86	1	1
7 1734	2 3821	1	1
7 1734	5 4385	1	1
7 1734	5 3999	1	1
7 1735	2 1964	1	1
7 1735	1 1220	1	1
7 1735	6 4718	1	1
7 1735	3 2626	1	1
7 1735	1 4178	1	1
7 1735	0 2752	1	1
7 1736	7 4360	1	1
7 1736	5 218	1	1
7 1736	6 259	1	1
7 1736	3 3225	1	1
7 1736	3 1394	1	1
7 1736	3 2147	1	1
7 1737	0 3302	1	1
7 1737	6 3479	1	1
7 1737	0 188	1	1
7 1737	4 2934	1	1
7 1737	1 1285	1	1
7 1737	4 294	1	1
7 1738	7 585	1	1
7 1738	5 2438	1	1
7 1738	6 2748	1	1
7 1738	3 2522	1	1
7 1738	0 2683	1	1
7 1738	4 3380	1	1
7 1739	4 2015	1	1
7 1739	2 315	1	1
7 1739	6 1389	1	1
7 1739	6 4364	1	1
7 1739	5 1918	1	1
7 1739	2 780	1	1
7 1740	7 2529	1	1
7 1740	6 1067	1	1
7 1740	1 833	1	1
7 1740	3 246	1	1
7 1740	1 2547	1	1
7 1740	4 4100	1	1
7 1741	4 4228	1	1
7 1741	2 893	1	1
7 1741	2 428	1	1
7 1741	1 1124	1	1
7 1741	6 91	1	1
7 1741	2 2290	1	1
7 1742	1 2840	1	1
7 1742	6 34	1	1
7 1742	0 2817	1	1
7 1742	0 4726	1	1
7 1742	6 593	1	1
7 1742	3 1413	1	1
7 1743	7 351	1	1
7 1743	3 2223	1	1
7 1743	2 627	1	1
7 1743	5 4031	1	1
7 1743	3 1488	1	1
7 1743	6 3049	1	1
7 1744	7 1103	1	1
7 1744	7 1870	1	1
7 1744	7 235	1	1
7 1744	5 3987	1	1
7 1744	1 277	1	1
7 1744	6 4029	1	1
7 1745	1 3427	1	1
7 1745	4 4312	1	1
7 1745	3 1908	1	1
7 1745	1 1131	1	1
7 1745	3 4545	1	1
7 1745	0 1523	1	1
7 1746	7 3011	1	1
7 1746	6 1426	1	1
7 1746	6 991	1	1
7 1746	1 3499	1	1
7 1746	5 4484	1	1
7 1746	1 1233	1	1
7 1747	7 4415	1	1
7 1747	7 1512	1	1
7 1747	7 897	1	1
7 1747	6 1241	1	1
7 1747	6 3348	1	1
7 1747	0 4156	1	1
7 1748	1 2246	1	1
7 1748	0 2838	1	1
7 1748	0 4677	1	1
7 1748	3 481	1	1
7 1748	4 1677	1	1
7 1748	1 636	1	1
7 1749	7 2594	1	1
7 1749	1 405	1	1
7 1749	3 3064	1	1
7 1749	4 3998	1	1
7 1749	5 2393	1	1
7 1749	4 1762	1	1
7 1750	0 1035	1	1
7 1750	3 4991	1	1
7 1750	1 1702	1	1
7 1750	6 2927	1	1
7 1750	4 3479	1	1
7 1750	3 573	1	1
7 1751	7 4296	1	1
7 1751	0 3152	1	1
7 1751	1 3047	1	1
7 1751	3 2134	1	1
7 1751	3 3725	1	1
7 1751	5 4249	1	1
7 1752	7 591	1	1
7 1752	7 1943	1	1
7 1752	5 617	1	1
7 1752	6 1391	1	1
7 1752	2 2629	1	1
7 1752	1 4015	1	1
7 1753	7 4979	1	1
7 1753	0 2121	1	1
7 1753	0 1388	1	1
7 1753	0 389	1	1
7 1753	3 564	1	1
7 1753	2 3466	1	1
7 1754	0 4550	1	1
7 1754	5 669	1	1
7 1754	4 171	1	1
7 1754	1 881	1	1
7 1754	3 2343	1	1
7 1754	4 2468	1	1
7 1755	5 3553	1	1
7 1755	0 2753	1	1
7 1755	0 4698	1	1
7 1755	2 2857	1	1
7 1755	2 1354	1	1
7 1755	3 3627	1	1
7 1756	6 558	1	1
7 1756	0 748	1	1
7 1756	4 3195	1	1
7 1756	1 3069	1	1
7 1756	2 1362	1	1
7 1756	5 3523	1	1
7 1757	3 1215	1	1
7 1757	0 954	1	1
7 1757	2 1726	1	1
7 1757	6 4964	1	1
7 1757	0 4064	1	1
7 1757	1 4645	1	1
7 1758	7 3578	1	1
7 1758	7 2050	1	1
7 1758	2 741	1	1
7 1758	6 1199	1	1
7 1758	6 4567	1	1
7 1758	4 4356	1	1
7 1759	4 2176	1	1
7 1759	1 4098	1	1
7 1759	0 3502	1	1
7 1759	5 3035	1	1
7 1759	3 3510	1	1
7 1759	0 1700	1	1
7 1760	3 2444	1	1
7 1760	4 4405	1	1
7 1760	4 1706	1	1
7 1760	6 4339	1	1
7 1760	0 2947	1	1
7 1760	1 4148	1	1
7 1761	1 910	1	1
7 1761	1 3759	1	1
7 1761	2 3206	1	1
7 1761	3 3980	1	1
7 1761	4 1420	1	1
7 1761	0 4396	1	1
7 1762	7 4000	1	1
7 1762	3 2929	1	1
7 1762	3 2261	1	1
7 1762	6 4916	1	1
7 1762	2 1896	1	1
7 1762	5 2177	1	1
7 1763	3 893	1	1
7 1763	4 2894	1	1
7 1763	6 4646	1	1
7 1763	2 2725	1	1
7 1763	0 3864	1	1
7 1763	6 3632	1	1
7 1764	7 138	1	1
7 1764	2 3655	1	1
7 1764	6 2503	1	1
7 1764	5 2225	1	1
7 1764	1 343	1	1
7 1764	5 2244	1	1
7 1765	7 3402	1	1
7 1765	6 2885	1	1
7 1765	6 1158	1	1
7 1765	0 589	1	1
7 1765	5 1803	1	1
7 1765	2 2751	1	1
7 1766	7 1343	1	1
7 1766	2 2592	1	1
7 1766	2 472	1	1
7 1766	4 3290	1	1
7 1766	4 665	1	1
7 1766	3 3726	1	1
7 1767	7 3510	1	1
7 1767	5 4762	1	1
7 1767	0 3358	1	1
7 1767	6 2091	1	1
7 1767	6 3442	1	1
7 1767	5 890	1	1
7 1768	7 92	1	1
7 1768	7 3147	1	1
7 1768	5 829	1	1
7 1768	0 4665	1	1
7 1768	5 768	1	1
7 1768	0 2298	1	1
7 1769	7 4691	1	1
7 1769	3 4141	1	1
7 1769	6 1278	1	1
7 1769	4 4996	1	1
7 1769	1 2585	1	1
7 1769	0 859	1	1
7 1770	1 1969	1	1
7 1770	3 103	1	1
7 1770	2 845	1	1
7 1770	2 3872	1	1
7 1770	5 3105	1	1
7 1770	1 4645	1	1
7 1771	7 2771	1	1
7 1771	5 2417	1	1
7 1771	2 4706	1	1
7 1771	5 3937	1	1
7 1771	0 4397	1	1
7 1771	6 4193	1	1
7 1772	6 2475	1	1
7 1772	1 1392	1	1
7 1772	1 4195	1	1
7 1772	1 4903	1	1
7 1772	6 344	1	1
7 1772	3 2398	1	1
7 1773	7 4637	1	1
7 1773	7 2223	1	1
7 1773	5 3197	1	1
7 1773	6 134	1	1
7 1773	6 698	1	1
7 1773	0 3066	1	1
7 1774	4 4075	1	1
7 1774	1 4403	1	1
7 1774	5 555	1	1
7 1774	6 847	1	1
7 1774	3 4485	1	1
7 1774	5 898	1	1
7 1775	7 1858	1	1
7 1775	6 4759	1	1
7 1775	0 595	1	1
7 1775	5 779	1	1
7 1775	1 119	1	1
7 1775	2 866	1	1
7 1776	7 3076	1	1
7 1776	6 3052	1	1
7 1776	3 3961	1	1
7 1776	5 1354	1	1
7 1776	2 889	1	1
7 1776	2 1972	1	1
7 1777	3 2075	1	1
7 1777	0 3692	1	1
7 1777	5 14	1	1
7 1777	5 3948	1	1
7 1777	1 2635	1	1
7 1777	4 15	1	1
7 1778	3 4340	1	1
7 1778	6 4842	1	1
7 1778	2 2561	1	1
7 1778	1 1403	1	1
7 1778	6 2836	1	1
7 1778	0 3744	1	1
7 1779	3 2566	1	1
7 1779	3 2820	1	1
7 1779	2 2422	1	1
7 1779	5 267	1	1
7 1779	6 9	1	1
7 1779	4 3632	1	1
7 1780	7 2304	1	1
7 1780	1 3341	1	1
7 1780	6 3785	1	1
7 1780	3 535	1	1
7 1780	3 4088	1	1
7 1780	1 3030	1	1
7 1781	7 1891	1	1
7 1781	2 4306	1	1
7 1781	6 2498	1	1
7 1781	1 2990	1	1
7 1781	6 4149	1	1
7 1781	1 3794	1	1
7 1782	7 1789	1	1
7 1782	6 4276	1	1
7 1782	1 2175	1	1
7 1782	2 4827	1	1
7 1782	6 4595	1	1
7 1782	5 325	1	1
7 1783	7 1028	1	1
7 1783	2 323	1	1
7 1783	0 447	1	1
7 1783	2 2303	1	1
7 1783	4 199	1	1
7 1783	5 1771	1	1
7 1784	7 4482	1	1
7 1784	3 1175	1	1
7 1784	1 744	1	1
7 1784	0 2797	1	1
7 1784	0 1511	1	1
7 1784	2 1613	1	1
7 1785	7 4983	1	1
7 1785	3 2052	1	1
7 1785	0 2327	1	1
7 1785	4 4732	1	1
7 1785	2 1434	1	1
7 1785	5 241	1	1
7 1786	7 2151	1	1
7 1786	1 372	1	1
7 1786	4 3008	1	1
7 1786	3 3063	1	1
7 1786	6 2746	1	1
7 1786	3 4260	1	1
7 1787	5 3491	1	1
7 1787	6 4150	1	1
7 1787	6 3225	1	1
7 1787	5 943	1	1
7 1787	3 3972	1	1
7 1787	0 774	1	1
7 1788	5 4951	1	1
7 1788	0 2555	1	1
7 1788	1 3310	1	1
7 1788	4 4890	1	1
7 1788	6 3031	1	1
7 1788	4 3851	1	1
7 1789	7 2236	1	1
7 1789	4 1814	1	1
7 1789	2 407	1	1
7 1789	5 3389	1	1
7 1789	3 4590	1	1
7 1789	5 12	1	1
7 1790	2 714	1	1
7 1790	1 2133	1	1
7 1790	0 1072	1	1
7 1790	1 2236	1	1
7 1790	5 3962	1	1
7 1790	3 4887	1	1
7 1791	6 1733	1	1
7 1791	3 2368	1	1
7 1791	3 2793	1	1
7 1791	6 3129	1	1
7 1791	3 3688	1	1
7 1791	4 2045	1	1
7 1792	5 963	1	1
7 1792	3 2000	1	1
7 1792	6 2175	1	1
7 1792	0 3480	1	1
7 1792	0 2702	1	1
7 1792	5 3360	1	1
7 1793	0 4131	1	1
7 1793	1 525	1	1
7 1793	0 3289	1	1
7 1793	5 1275	1	1
7 1793	1 707	1	1
7 1793	5 1246	1	1
7 1794	3 3980	1	1
7 1794	2 781	1	1
7 1794	2 2042	1	1
7 1794	2 833	1	1
7 1794	3 592	1	1
7 1794	4 3654	1	1
7 1795	2 2937	1	1
7 1795	3 4035	1	1
7 1795	1 1377	1	1
7 1795	6 1097	1	1
7 1795	4 2745	1	1
7 1795	1 4716	1	1
7 1796	4 864	1	1
7 1796	5 3280	1	1
7 1796	6 2878	1	1
7 1796	3 4110	1	1
7 1796	5 518	1	1
7 1796	4 346	1	1
7 1797	6 622	1	1
7 1797	2 2045	1	1
7 1797	0 2413	1	1
7 1797	4 1039	1	1
7 1797	0 4855	1	1
7 1797	0 2579	1	1
7 1798	7 4425	1	1
7 1798	7 872	1	1
7 1798	2 4851	1	1
7 1798	2 4271	1	1
7 1798	2 754	1	1
7 1798	5 3523	1	1
7 1799	6 3297	1	1
7 1799	3 2693	1	1
7 1799	5 2737	1	1
7 1799	5 3056	1	1
7 1799	2 3285	1	1
7 1799	6 1257	1	1
7 1800	7 4549	1	1
7 1800	7 888	1	1
7 1800	4 1111	1	1
7 1800	5 1335	1	1
7 1800	6 3143	1	1
7 1800	4 4946	1	1
7 1801	7 2122	1	1
7 1801	6 1188	1	1
7 1801	5 2549	1	1
7 1801	0 1045	1	1
7 1801	4 3699	1	1
7 1801	2 4804	1	1
7 1802	7 2705	1	1
7 1802	7 1498	1	1
7 1802	0 3731	1	1
7 1802	6 3906	1	1
7 1802	3 2504	1	1
7 1802	2 1906	1	1
7 1803	7 804	1	1
7 1803	1 348	1	1
7 1803	0 2336	1	1
7 1803	1 1761	1	1
7 1803	6 1430	1	1
7 1803	0 3487	1	1
7 1804	7 4651	1	1
7 1804	6 3319	1	1
7 1804	6 1733	1	1
7 1804	3 1083	1	1
7 1804	0 4177	1	1
7 1804	1 4999	1	1
7 1805	7 3630	1	1
7 1805	0 2939	1	1
7 1805	5 336	1	1
7 1805	0 1735	1	1
7 1805	5 4633	1	1
7 1805	6 2301	1	1
7 1806	6 498	1	1
7 1806	5 1502	1	1
7 1806	2 313	1	1
7 1806	1 4159	1	1
7 1806	6 3043	1	1
7 1806	5 1847	1	1
7 1807	7 1385	1	1
7 1807	7 2369	1	1
7 1807	4 2929	1	1
7 1807	6 1512	1	1
7 1807	1 84	1	1
7 1807	2 2590	1	1
7 1808	7 686	1	1
7 1808	6 3008	1	1
7 1808	6 4882	1	1
7 1808	0 3725	1	1
7 1808	0 979	1	1
7 1808	0 1086	1	1
7 1809	7 4557	1	1
7 1809	3 2238	1	1
7 1809	6 1752	1	1
7 1809	2 3961	1	1
7 1809	4 2423	1	1
7 1809	5 410	1	1
7 1810	3 1665	1	1
7 1810	5 4640	1	1
7 1810	4 2396	1	1
7 1810	1 1037	1	1
7 1810	1 4711	1	1
7 1810	4 545	1	1
7 1811	7 4533	1	1
7 1811	4 2418	1	1
7 1811	3 2255	1	1
7 1811	6 4614	1	1
7 1811	5 304	1	1
7 1811	3 2077	1	1
7 1812	7 11	1	1
7 1812	7 2734	1	1
7 1812	2 2047	1	1
7 1812	3 3730	1	1
7 1812	0 3333	1	1
7 1812	3 4161	1	1
7 1813	7 1821	1	1
7 1813	2 4987	1	1
7 1813	6 1052	1	1
7 1813	3 2053	1	1
7 1813	6 775	1	1
7 1813	3 871	1	1
7 1814	7 4219	1	1
7 1814	0 1385	1	1
7 1814	6 4522	1	1
7 1814	5 2080	1	1
7 1814	4 2064	1	1
7 1814	4 3073	1	1
7 1815	2 3849	1	1
7 1815	2 2237	1	1
7 1815	1 2811	1	1
7 1815	3 2627	1	1
7 1815	0 4594	1	1
7 1815	5 3340	1	1
7 1816	6 4290	1	1
7 1816	6 108	1	1
7 1816	3 1499	1	1
7 1816	2 3380	1	1
7 1816	2 3087	1	1
7 1816	6 2768	1	1
7 1817	1 4706	1	1
7 1817	6 4144	1	1
7 1817	5 1903	1	1
7 1817	4 3645	1	1
7 1817	0 4829	1	1
7 1817	2 4280	1	1
7 1818	7 426	1	1
7 1818	6 3384	1	1
7 1818	6 513	1	1
7 1818	1 2770	1	1
7 1818	1 4715	1	1
7 1818	0 1884	1	1
7 1819	7 3632	1	1
7 1819	6 3235	1	1
7 1819	1 3604	1	1
7 1819	6 4042	1	1
7 1819	2 3421	1	1
7 1819	4 2354	1	1
7 1820	7 248	1	1
7 1820	6 4398	1	1
7 1820	5 2980	1	1
7 1820	1 1440	1	1
7 1820	2 913	1	1
7 1820	1 291	1	1
7 1821	7 2848	1	1
7 1821	7 1101	1	1
7 1821	7 1959	1	1
7 1821	5 3756	1	1
7 1821	5 1755	1	1
7 1821	2 2486	1	1
7 1822	7 189	1	1
7 1822	4 2647	1	1
7 1822	4 4088	1	1
7 1822	5 2095	1	1
7 1822	6 3629	1	1
7 1822	1 4637	1	1
7 1823	1 1121	1	1
7 1823	6 1864	1	1
7 1823	3 4345	1	1
7 1823	0 4506	1	1
7 1823	2 4994	1	1
7 1823	3 2848	1	1
7 1824	7 330	1	1
7 1824	5 1978	1	1
7 1824	1 3262	1	1
7 1824	3 2447	1	1
7 1824	1 2287	1	1
7 1824	0 4939	1	1
7 1825	7 1400	1	1
7 1825	7 3753	1	1
7 1825	0 3688	1	1
7 1825	0 1394	1	1
7 1825	2 654	1	1
7 1825	2 3831	1	1
7 1826	7 424	1	1
7 1826	3 2653	1	1
7 1826	4 1879	1	1
7 1826	4 4892	1	1
7 1826	0 466	1	1
7 1826	0 498	1	1
7 1827	7 4531	1	1
7 1827	0 4038	1	1
7 1827	1 4769	1	1
7 1827	3 2827	1	1
7 1827	6 2343	1	1
7 1827	0 4700	1	1
7 1828	7 4805	1	1
7 1828	2 3844	1	1
7 1828	4 4395	1	1
7 1828	6 4314	1	1
7 1828	1 2978	1	1
7 1828	4 4715	1	1
7 1829	4 3307	1	1
7 1829	0 857	1	1
7 1829	2 1421	1	1
7 1829	2 2657	1	1
7 1829	3 3278	1	1
7 1829	2 968	1	1
7 1830	7 898	1	1
7 1830	7 3128	1	1
7 1830	4 1159	1	1
7 1830	1 4463	1	1
7 1830	5 2798	1	1
7 1830	0 1330	1	1
7 1831	5 1416	1	1
7 1831	2 3607	1	1
7 1831	6 2932	1	1
7 1831	3 4743	1	1
7 1831	2 2206	1	1
7 1831	3 394	1	1
7 1832	7 2592	1	1
7 1832	6 2067	1	1
7 1832	1 4920	1	1
7 1832	4 2615	1	1
7 1832	6 1562	1	1
7 1832	2 276	1	1
7 1833	2 1978	1	1
7 1833	0 1620	1	1
7 1833	1 1479	1	1
7 1833	5 4733	1	1
7 1833	2 2919	1	1
7 1833	5 2536	1	1
7 1834	0 4562	1	1
7 1834	4 430	1	1
7 1834	3 4513	1	1
7 1834	5 4771	1	1
7 1834	5 5	1	1
7 1834	6 2841	1	1
7 1835	2 2804	1	1
7 1835	5 823	1	1
7 1835	2 762	1	1
7 1835	3 2133	1	1
7 1835	0 2121	1	1
7 1835	6 3058	1	1
7 1836	6 1089	1	1
7 1836	2 444	1	1
7 1836	0 245	1	1
7 1836	1 4349	1	1
7 1836	0 2934	1	1
7 1836	3 2715	1	1
7 1837	7 430	1	1
7 1837	4 1964	1	1
7 1837	4 1302	1	1
7 1837	0 4351	1	1
7 1837	2 1711	1	1
7 1837	5 4061	1	1
7 1838	6 4782	1	1
7 1838	5 2057	1	1
7 1838	2 2428	1	1
7 1838	4 2877	1	1
7 1838	5 4471	1	1
7 1838	3 1988	1	1
7 1839	6 1718	1	1
7 1839	3 70	1	1
7 1839	5 2964	1	1
7 1839	0 782	1	1
7 1839	0 3593	1	1
7 1839	0 4642	1	1
7 1840	6 916	1	1
7 1840	4 1809	1	1
7 1840	0 3907	1	1
7 1840	6 1520	1	1
7 1840	2 3377	1	1
7 1840	0 703	1	1
7 1841	5 4368	1	1
7 1841	3 3957	1	1
7 1841	5 878	1	1
7 1841	0 3275	1	1
7 1841	2 3721	1	1
7 1841	2 372	1	1
7 1842	3 4703	1	1
7 1842	6 2633	1	1
7 1842	2 3674	1	1
7 1842	2 2246	1	1
7 1842	6 4250	1	1
7 1842	4 946	1	1
7 1843	7 202	1	1
7 1843	7 4746	1	1
7 1843	4 1308	1	1
7 1843	3 4493	1	1
7 1843	6 1480	1	1
7 1843	6 83	1	1
7 1844	7 19	1	1
7 1844	0 3156	1	1
7 1844	6 3015	1	1
7 1844	6 1898	1	1
7 1844	0 2980	1	1
7 1844	1 3181	1	1
7 1845	7 2614	1	1
7 1845	1 1378	1	1
7 1845	3 4963	1	1
7 1845	3 2458	1	1
7 1845	0 2215	1	1
7 1845	6 1441	1	1
7 1846	2 745	1	1
7 1846	2 4489	1	1
7 1846	1 970	1	1
7 1846	2 3302	1	1
7 1846	6 606	1	1
7 1846	6 1837	1	1
7 1847	7 2127	1	1
7 1847	7 1495	1	1
7 1847	2 924	1	1
7 1847	0 4888	1	1
7 1847	1 2338	1	1
7 1847	1 4367	1	1
7 1848	4 2948	1	1
7 1848	0 2527	1	1
7 1848	5 2468	1	1
7 1848	2 4995	1	1
7 1848	2 759	1	1
7 1848	2 3401	1	1
7 1849	7 3257	1	1
7 1849	2 1449	1	1
7 1849	3 3224	1	1
7 1849	4 4529	1	1
7 1849	0 2848	1	1
7 1849	5 4034	1	1
7 1850	7 918	1	1
7 1850	6 4497	1	1
7 1850	0 3264	1	1
7 1850	4 3593	1	1
7 1850	0 3756	1	1
7 1850	2 498	1	1
7 1851	7 3084	1	1
7 1851	0 2474	1	1
7 1851	2 948	1	1
7 1851	2 2308	1	1
7 1851	4 4572	1	1
7 1851	1 1128	1	1
7 1852	5 809	1	1
7 1852	4 3088	1	1
7 1852	6 3494	1	1
7 1852	0 3936	1	1
7 1852	2 895	1	1
7 1852	1 1991	1	1
7 1853	0 4335	1	1
7 1853	5 4275	1	1
7 1853	5 2228	1	1
7 1853	1 756	1	1
7 1853	3 1231	1	1
7 1853	5 1622	1	1
7 1854	1 3688	1	1
7 1854	2 286	1	1
7 1854	3 3582	1	1
7 1854	3 1955	1	1
7 1854	1 1538	1	1
7 1854	1 2150	1	1
7 1855	7 804	1	1
7 1855	6 2002	1	1
7 1855	6 1875	1	1
7 1855	3 2178	1	1
7 1855	5 3577	1	1
7 1855	0 2940	1	1
7 1856	5 3689	1	1
7 1856	6 3805	1	1
7 1856	2 1244	1	1
7 1856	0 3905	1	1
7 1856	3 2151	1	1
7 1856	2 3771	1	1
7 1857	7 3442	1	1
7 1857	6 430	1	1
7 1857	3 4806	1	1
7 1857	2 3892	1	1
7 1857	4 81	1	1
7 1857	1 1589	1	1
7 1858	3 2685	1	1
7 1858	2 147	1	1
7 1858	1 3941	1	1
7 1858	4 1082	1	1
7 1858	1 872	1	1
7 1858	4 4207	1	1
7 1859	5 1707	1	1
7 1859	5 1150	1	1
7 1859	2 13	1	1
7 1859	2 1970	1	1
7 1859	6 2769	1	1
7 1859	1 3531	1	1
7 1860	6 4352	1	1
7 1860	2 520	1	1
7 1860	1 1771	1	1
7 1860	4 1405	1	1
7 1860	1 1943	1	1
7 1860	4 2858	1	1
7 1861	7 3328	1	1
7 1861	4 2341	1	1
7 1861	2 2239	1	1
7 1861	3 1102	1	1
7 1861	4 366	1	1
7 1861	4 3656	1	1
7 1862	7 3496	1	1
7 1862	4 2651	1	1
7 1862	0 2383	1	1
7 1862	5 3395	1	1
7 1862	4 521	1	1
7 1862	1 362	1	1
7 1863	0 3119	1	1
7 1863	0 4788	1	1
7 1863	6 2355	1	1
7 1863	3 3859	1	1
7 1863	0 1665	1	1
7 1863	0 2326	1	1
7 1864	7 4260	1	1
7 1864	0 3067	1	1
7 1864	0 2244	1	1
7 1864	2 3212	1	1
7 1864	1 4735	1	1
7 1864	5 2931	1	1
7 1865	7 2419	1	1
7 1865	1 4416	1	1
7 1865	3 2612	1	1
7 1865	2 558	1	1
7 1865	6 1092	1	1
7 1865	5 3797	1	1
7 1866	6 2942	1	1
7 1866	3 2092	1	1
7 1866	3 1936	1	1
7 1866	4 4034	1	1
7 1866	0 3289	1	1
7 1866	5 663	1	1
7 1867	4 361	1	1
7 1867	0 801	1	1
7 1867	0 3908	1	1
7 1867	2 4713	1	1
7 1867	2 981	1	1
7 1867	0 20	1	1
7 1868	7 3784	1	1
7 1868	4 4240	1	1
7 1868	2 3150	1	1
7 1868	2 952	1	1
7 1868	6 4367	1	1
7 1868	4 2717	1	1
7 1869	7 2453	1	1
7 1869	0 3569	1	1
7 1869	5 2727	1	1
7 1869	3 4837	1	1
7 1869	2 1746	1	1
7 1869	4 206	1	1
7 1870	7 510	1	1
7 1870	1 2876	1	1
7 1870	3 1701	1	1
7 1870	5 10	1	1
7 1870	5 3568	1	1
7 1870	0 2836	1	1
7 1871	7 4515	1	1
7 1871	0 1549	1	1
7 1871	5 3995	1	1
7 1871	0 1609	1	1
7 1871	3 144	1	1
7 1871	1 3871	1	1
7 1872	6 4840	1	1
7 1872	5 523	1	1
7 1872	3 1883	1	1
7 1872	5 4245	1	1
7 1872	1 4926	1	1
7 1872	0 1817	1	1
7 1873	7 1201	1	1
7 1873	4 16	1	1
7 1873	2 4565	1	1
7 1873	5 1660	1	1
7 1873	5 4526	1	1
7 1873	0 1910	1	1
7 1874	5 212	1	1
7 1874	6 1045	1	1
7 1874	6 3723	1	1
7 1874	6 3346	1	1
7 1874	5 790	1	1
7 1874	1 4756	1	1
7 1875	7 272	1	1
7 1875	7 1111	1	1
7 1875	4 4980	1	1
7 1875	0 1461	1	1
7 1875	0 3411	1	1
7 1875	4 723	1	1
7 1876	7 710	1	1
7 1876	0 4398	1	1
7 1876	6 2522	1	1
7 1876	5 1517	1	1
7 1876	4 81	1	1
7 1876	1 2392	1	1
7 1877	1 280	1	1
7 1877	5 3800	1	1
7 1877	0 2444	1	1
7 1877	6 3978	1	1
7 1877	2 403	1	1
7 1877	3 389	1	1
7 1878	6 1176	1	1
7 1878	1 2094	1	1
7 1878	3 3574	1	1
7 1878	6 1835	1	1
7 1878	0 4005	1	1
7 1878	5 3776	1	1
7 1879	7 2165	1	1
7 1879	4 857	1	1
7 1879	3 53	1	1
7 1879	2 3698	1	1
7 1879	5 2708	1	1
7 1879	6 2957	1	1
7 1880	7 3265	1	1
7 1880	5 4133	1	1
7 1880	1 3770	1	1
7 1880	3 2659	1	1
7 1880	6 2046	1	1
7 1880	4 946	1	1
7 1881	6 2815	1	1
7 1881	4 2961	1	1
7 1881	1 416	1	1
7 1881	5 4767	1	1
7 1881	0 464	1	1
7 1881	3 782	1	1
7 1882	7 350	1	1
7 1882	6 3703	2	1
7 1882	0 4906	1	1
7 1882	0 4470	1	1
7 1882	5 233	1	1
7 1883	6 1975	1	1
7 1883	4 3173	1	1
7 1883	2 4192	1	1
7 1883	1 1020	1	1
7 1883	4 3833	1	1
7 1883	1 3807	1	1
7 1884	6 4	1	1
7 1884	2 4917	1	1
7 1884	6 1143	1	1
7 1884	5 2814	1	1
7 1884	2 1682	1	1
7 1884	4 2475	1	1
7 1885	7 630	1	1
7 1885	6 4510	1	1
7 1885	3 2423	1	1
7 1885	6 658	1	1
7 1885	4 910	1	1
7 1885	1 1230	1	1
7 1886	7 2336	1	1
7 1886	0 268	1	1
7 1886	0 4770	1	1
7 1886	4 649	1	1
7 1886	2 2461	1	1
7 1886	5 2371	1	1
7 1887	7 4074	1	1
7 1887	7 3849	1	1
7 1887	5 2126	1	1
7 1887	0 4887	1	1
7 1887	6 2920	1	1
7 1887	6 2955	1	1
7 1888	6 670	1	1
7 1888	2 674	1	1
7 1888	1 4132	1	1
7 1888	3 3498	1	1
7 1888	6 562	1	1
7 1888	3 1077	1	1
7 1889	0 2650	1	1
7 1889	6 4276	1	1
7 1889	0 142	1	1
7 1889	6 4171	1	1
7 1889	0 644	1	1
7 1889	5 2759	1	1
7 1890	7 1911	1	1
7 1890	7 555	1	1
7 1890	2 2706	1	1
7 1890	2 4523	1	1
7 1890	6 3653	1	1
7 1890	1 2070	1	1
7 1891	7 491	1	1
7 1891	7 422	1	1
7 1891	6 4145	1	1
7 1891	1 606	1	1
7 1891	0 4787	1	1
7 1891	0 1767	1	1
7 1892	1 2127	1	1
7 1892	5 551	1	1
7 1892	4 3131	1	1
7 1892	2 4068	1	1
7 1892	2 1674	1	1
7 1892	0 2369	1	1
7 1893	7 175	1	1
7 1893	0 167	1	1
7 1893	4 1324	1	1
7 1893	5 3648	1	1
7 1893	3 3816	1	1
7 1893	4 1550	1	1
7 1894	7 3008	1	1
7 1894	5 3336	1	1
7 1894	1 51	1	1
7 1894	3 2394	1	1
7 1894	2 4078	1	1
7 1894	5 2096	1	1
7 1895	7 1588	1	1
7 1895	1 4653	1	1
7 1895	3 1294	1	1
7 1895	0 1693	1	1
7 1895	6 4949	1	1
7 1895	4 2024	1	1
7 1896	7 2455	1	1
7 1896	3 2371	1	1
7 1896	6 1977	1	1
7 1896	2 4444	1	1
7 1896	3 631	1	1
7 1896	1 2235	1	1
7 1897	1 289	1	1
7 1897	0 3783	1	1
7 1897	4 3167	1	1
7 1897	3 4154	1	1
7 1897	2 4280	1	1
7 1897	0 4899	1	1
7 1898	5 629	1	1
7 1898	4 959	1	1
7 1898	5 3088	1	1
7 1898	1 2044	1	1
7 1898	0 1557	1	1
7 1898	2 1555	1	1
7 1899	0 644	1	1
7 1899	6 245	1	1
7 1899	3 2209	1	1
7 1899	6 1687	1	1
7 1899	3 3470	1	1
7 1899	5 2138	1	1
7 1900	6 4123	1	1
7 1900	5 1242	1	1
7 1900	5 2782	1	1
7 1900	5 2943	1	1
7 1900	2 3054	1	1
7 1900	3 970	1	1
7 1901	0 4514	1	1
7 1901	0 1690	1	1
7 1901	6 2692	1	1
7 1901	6 630	1	1
7 1901	4 1021	1	1
7 1901	3 3380	1	1
7 1902	5 3365	1	1
7 1902	5 528	1	1
7 1902	1 963	1	1
7 1902	6 879	1	1
7 1902	1 1444	1	1
7 1902	4 3526	1	1
7 1903	7 4512	1	1
7 1903	6 1897	1	1
7 1903	6 4030	1	1
7 1903	3 1530	1	1
7 1903	1 3390	1	1
7 1903	0 2389	1	1
7 1904	7 35	1	1
7 1904	3 70	1	1
7 1904	5 2436	1	1
7 1904	0 2969	1	1
7 1904	0 375	1	1
7 1904	5 3627	1	1
7 1905	4 615	1	1
7 1905	1 4435	1	1
7 1905	5 2653	1	1
7 1905	2 1060	1	1
7 1905	2 4076	1	1
7 1905	0 4339	1	1
7 1906	7 3060	1	1
7 1906	2 840	1	1
7 1906	2 3642	1	1
7 1906	1 3608	1	1
7 1906	6 629	1	1
7 1906	1 2704	1	1
7 1907	7 1284	1	1
7 1907	5 4920	1	1
7 1907	1 3062	1	1
7 1907	0 750	1	1
7 1907	2 1741	1	1
7 1907	2 3242	1	1
7 1908	5 2815	1	1
7 1908	5 3281	1	1
7 1908	4 908	1	1
7 1908	5 4399	1	1
7 1908	1 2514	1	1
7 1908	4 386	1	1
7 1909	7 4411	1	1
7 1909	1 775	1	1
7 1909	0 3301	1	1
7 1909	1 1914	1	1
7 1909	5 3857	1	1
7 1909	2 1640	1	1
7 1910	7 1512	1	1
7 1910	2 987	1	1
7 1910	4 398	1	1
7 1910	1 4161	1	1
7 1910	1 2908	1	1
7 1910	3 3506	1	1
7 1911	7 4512	1	1
7 1911	5 1284	1	1
7 1911	2 4358	1	1
7 1911	4 1677	1	1
7 1911	6 3359	1	1
7 1911	4 4291	1	1
7 1912	7 1146	1	1
7 1912	5 2282	1	1
7 1912	2 3002	1	1
7 1912	0 3454	1	1
7 1912	5 1607	1	1
7 1912	4 600	1	1
7 1913	1 3955	1	1
7 1913	2 3441	1	1
7 1913	5 2825	1	1
7 1913	1 597	1	1
7 1913	2 3145	1	1
7 1913	5 2241	1	1
7 1914	7 532	1	1
7 1914	5 3520	1	1
7 1914	4 1526	1	1
7 1914	5 842	1	1
7 1914	3 486	1	1
7 1914	4 3619	1	1
7 1915	7 2201	1	1
7 1915	4 2428	1	1
7 1915	6 3350	1	1
7 1915	6 2806	1	1
7 1915	4 1290	1	1
7 1915	5 295	1	1
7 1916	6 4500	1	1
7 1916	2 455	1	1
7 1916	6 3636	1	1
7 1916	0 3625	1	1
7 1916	5 1358	1	1
7 1916	4 251	1	1
7 1917	5 2537	1	1
7 1917	0 104	1	1
7 1917	4 4965	1	1
7 1917	5 2033	1	1
7 1917	3 1766	1	1
7 1917	6 2114	1	1
7 1918	0 1060	1	1
7 1918	6 4901	1	1
7 1918	1 685	1	1
7 1918	3 29	1	1
7 1918	6 3921	1	1
7 1918	1 75	1	1
7 1919	6 3350	1	1
7 1919	0 3302	1	1
7 1919	5 4748	1	1
7 1919	4 2436	1	1
7 1919	1 4992	1	1
7 1919	6 3547	1	1
7 1920	7 274	1	1
7 1920	3 2771	1	1
7 1920	2 1454	1	1
7 1920	6 809	1	1
7 1920	3 1942	1	1
7 1920	0 2134	1	1
7 1921	0 185	1	1
7 1921	3 3327	1	1
7 1921	4 2845	1	1
7 1921	5 2670	1	1
7 1921	4 2788	1	1
7 1921	6 1086	1	1
7 1922	5 2389	1	1
7 1922	2 2611	1	1
7 1922	3 2333	1	1
7 1922	1 221	1	1
7 1922	1 4620	1	1
7 1922	5 4223	1	1
7 1923	7 1692	1	1
7 1923	2 1578	1	1
7 1923	5 3244	1	1
7 1923	1 747	1	1
7 1923	0 2134	1	1
7 1923	1 4351	1	1
7 1924	7 1714	1	1
7 1924	6 4793	1	1
7 1924	4 4190	1	1
7 1924	3 89	1	1
7 1924	0 3702	1	1
7 1924	6 1025	1	1
7 1925	7 1011	1	1
7 1925	7 4757	1	1
7 1925	2 594	1	1
7 1925	3 1405	1	1
7 1925	2 1876	1	1
7 1925	0 4384	1	1
7 1926	7 1705	1	1
7 1926	4 3343	1	1
7 1926	5 4329	1	1
7 1926	0 832	1	1
7 1926	1 161	1	1
7 1926	3 740	1	1
7 1927	7 4707	1	1
7 1927	5 4646	1	1
7 1927	3 1546	1	1
7 1927	0 4676	1	1
7 1927	3 4772	1	1
7 1927	0 2906	1	1
7 1928	7 2189	1	1
7 1928	4 3879	1	1
7 1928	5 2951	1	1
7 1928	1 807	1	1
7 1928	3 4777	1	1
7 1928	6 1857	1	1
7 1929	7 91	1	1
7 1929	7 1690	1	1
7 1929	6 314	1	1
7 1929	5 1709	1	1
7 1929	5 346	1	1
7 1929	4 4926	1	1
7 1930	7 2873	1	1
7 1930	6 2094	1	1
7 1930	2 2080	1	1
7 1930	2 1603	1	1
7 1930	2 3798	1	1
7 1930	4 522	1	1
7 1931	7 4910	1	1
7 1931	4 2986	1	1
7 1931	4 3574	1	1
7 1931	2 798	1	1
7 1931	3 253	1	1
7 1931	3 222	1	1
7 1932	7 3884	1	1
7 1932	2 2938	1	1
7 1932	6 4146	1	1
7 1932	2 1011	1	1
7 1932	3 337	1	1
7 1932	3 4942	1	1
7 1933	7 542	1	1
7 1933	0 1107	1	1
7 1933	0 2096	1	1
7 1933	1 3869	1	1
7 1933	3 1722	1	1
7 1933	4 1961	1	1
7 1934	0 1105	1	1
7 1934	2 4699	1	1
7 1934	2 1835	1	1
7 1934	5 882	1	1
7 1934	0 1768	1	1
7 1934	6 1726	1	1
7 1935	7 4267	1	1
7 1935	7 1864	1	1
7 1935	0 4076	1	1
7 1935	6 2025	1	1
7 1935	6 3098	1	1
7 1935	2 3256	1	1
7 1936	2 1736	1	1
7 1936	6 4740	1	1
7 1936	6 3322	1	1
7 1936	1 3026	1	1
7 1936	5 609	1	1
7 1936	2 3433	1	1
7 1937	7 2398	1	1
7 1937	6 3847	1	1
7 1937	6 3768	1	1
7 1937	1 1669	1	1
7 1937	6 1166	1	1
7 1937	1 1634	1	1
7 1938	7 1117	1	1
7 1938	6 3128	1	1
7 1938	2 161	1	1
7 1938	4 1456	1	1
7 1938	4 903	1	1
7 1938	0 2506	1	1
7 1939	7 2990	1	1
7 1939	6 2732	1	1
7 1939	2 3887	1	1
7 1939	4 3872	1	1
7 1939	0 2642	1	1
7 1939	4 4881	1	1
7 1940	6 97	1	1
7 1940	2 3675	1	1
7 1940	2 3259	1	1
7 1940	4 4738	1	1
7 1940	6 4601	1	1
7 1940	1 2236	1	1
7 1941	7 3102	1	1
7 1941	2 2047	1	1
7 1941	2 2048	1	1
7 1941	4 4355	1	1
7 1941	2 656	1	1
7 1941	3 1586	1	1
7 1942	5 4593	1	1
7 1942	6 2936	1	1
7 1942	4 2042	1	1
7 1942	1 3976	1	1
7 1942	3 4088	1	1
7 1942	5 733	1	1
7 1943	7 1013	1	1
7 1943	3 1509	1	1
7 1943	6 441	1	1
7 1943	6 4041	1	1
7 1943	6 1596	1	1
7 1943	6 4356	1	1
7 1944	2 4478	1	1
7 1944	4 4402	1	1
7 1944	0 2625	1	1
7 1944	3 1393	1	1
7 1944	2 1596	1	1
7 1944	6 4443	1	1
7 1945	7 3383	1	1
7 1945	7 1019	1	1
7 1945	7 68	1	1
7 1945	7 2972	1	1
7 1945	5 945	1	1
7 1945	2 1569	1	1
7 1946	7 3723	1	1
7 1946	3 132	1	1
7 1946	5 3858	1	1
7 1946	3 395	1	1
7 1946	6 3038	1	1
7 1946	5 2	1	1
7 1947	3 4184	1	1
7 1947	6 1553	1	1
7 1947	4 1757	1	1
7 1947	6 4970	1	1
7 1947	2 2520	1	1
7 1947	3 2651	1	1
7 1948	7 3052	1	1
7 1948	7 1724	1	1
7 1948	2 1936	1	1
7 1948	6 2524	1	1
7 1948	2 1990	1	1
7 1948	1 1762	1	1
7 1949	6 190	1	1
7 1949	1 136	1	1
7 1949	1 4248	1	1
7 1949	0 4065	1	1
7 1949	2 329	1	1
7 1949	6 321	1	1
7 1950	3 1653	1	1
7 1950	3 2402	1	1
7 1950	2 2255	1	1
7 1950	6 1848	1	1
7 1950	1 3982	1	1
7 1950	4 3453	1	1
7 1951	7 37	1	1
7 1951	7 717	1	1
7 1951	0 3456	1	1
7 1951	3 886	1	1
7 1951	3 3178	1	1
7 1951	3 2722	1	1
7 1952	2 1763	1	1
7 1952	6 1538	1	1
7 1952	0 1751	1	1
7 1952	4 1680	1	1
7 1952	1 3526	1	1
7 1952	3 3664	1	1
7 1953	4 2841	1	1
7 1953	6 2810	1	1
7 1953	1 1062	1	1
7 1953	5 4355	1	1
7 1953	2 2969	1	1
7 1953	5 1475	1	1
7 1954	3 2362	1	1
7 1954	2 3208	1	1
7 1954	2 2281	1	1
7 1954	5 4274	1	1
7 1954	5 3224	1	1
7 1954	2 3139	1	1
7 1955	7 670	1	1
7 1955	6 820	1	1
7 1955	0 1222	1	1
7 1955	6 4369	1	1
7 1955	5 4616	1	1
7 1955	3 494	1	1
7 1956	7 3319	1	1
7 1956	4 2394	1	1
7 1956	0 4160	1	1
7 1956	6 2422	1	1
7 1956	4 4329	1	1
7 1956	2 3472	1	1
7 1957	0 2643	1	1
7 1957	1 3000	1	1
7 1957	6 2587	1	1
7 1957	2 2480	1	1
7 1957	2 545	1	1
7 1957	1 4219	1	1
7 1958	7 1980	1	1
7 1958	2 1853	1	1
7 1958	6 240	1	1
7 1958	5 3771	1	1
7 1958	0 3183	1	1
7 1958	2 3949	1	1
7 1959	7 2268	1	1
7 1959	7 4339	1	1
7 1959	0 4526	1	1
7 1959	6 1389	1	1
7 1959	0 3127	1	1
7 1959	6 888	1	1
7 1960	7 2923	1	1
7 1960	1 2604	1	1
7 1960	2 4132	1	1
7 1960	1 4203	1	1
7 1960	3 694	1	1
7 1960	1 1638	1	1
7 1961	7 683	1	1
7 1961	1 1858	1	1
7 1961	4 612	1	1
7 1961	5 4480	1	1
7 1961	4 4828	1	1
7 1961	1 1559	1	1
7 1962	7 4306	1	1
7 1962	3 1850	1	1
7 1962	1 784	1	1
7 1962	2 990	1	1
7 1962	2 2451	1	1
7 1962	5 2159	1	1
7 1963	3 3247	1	1
7 1963	2 441	1	1
7 1963	0 3761	1	1
7 1963	3 3205	1	1
7 1963	6 3665	1	1
7 1963	6 2580	1	1
7 1964	7 4602	1	1
7 1964	0 3849	1	1
7 1964	4 1121	1	1
7 1964	1 4716	1	1
7 1964	6 4487	1	1
7 1964	6 3792	1	1
7 1965	5 1116	1	1
7 1965	2 4469	1	1
7 1965	5 4594	1	1
7 1965	3 1838	1	1
7 1965	6 1809	1	1
7 1965	1 4615	1	1
7 1966	7 3046	1	1
7 1966	2 1442	1	1
7 1966	1 945	1	1
7 1966	0 990	1	1
7 1966	6 3873	1	1
7 1966	4 56	1	1
7 1967	1 3997	1	1
7 1967	4 4723	1	1
7 1967	5 4169	1	1
7 1967	6 2917	1	1
7 1967	6 4621	1	1
7 1967	6 1810	1	1
7 1968	0 9	1	1
7 1968	3 353	1	1
7 1968	4 924	1	1
7 1968	4 2951	1	1
7 1968	1 3403	1	1
7 1968	1 2640	1	1
7 1969	7 4014	1	1
7 1969	0 11	1	1
7 1969	5 1285	1	1
7 1969	6 1797	1	1
7 1969	4 1945	1	1
7 1969	4 4660	1	1
7 1970	7 3370	1	1
7 1970	0 1011	1	1
7 1970	0 393	1	1
7 1970	1 1405	1	1
7 1970	1 355	1	1
7 1970	6 2530	1	1
7 1971	7 568	1	1
7 1971	5 639	1	1
7 1971	2 4534	1	1
7 1971	1 1875	1	1
7 1971	5 4472	1	1
7 1971	3 830	1	1
7 1972	1 1320	1	1
7 1972	0 2222	1	1
7 1972	3 1939	1	1
7 1972	5 3043	1	1
7 1972	1 984	1	1
7 1972	6 4741	1	1
7 1973	7 2228	1	1
7 1973	7 1465	1	1
7 1973	3 4528	1	1
7 1973	6 4472	1	1
7 1973	5 4306	1	1
7 1973	2 3503	1	1
7 1974	7 3567	1	1
7 1974	2 4240	1	1
7 1974	1 3004	1	1
7 1974	0 1760	1	1
7 1974	5 52	1	1
7 1974	1 3547	1	1
7 1975	7 4939	1	1
7 1975	2 2906	1	1
7 1975	1 2118	1	1
7 1975	3 223	1	1
7 1975	2 4352	1	1
7 1975	0 4909	1	1
7 1976	7 2022	1	1
7 1976	5 4942	1	1
7 1976	2 4095	1	1
7 1976	0 2200	1	1
7 1976	6 1005	1	1
7 1976	3 3096	1	1
7 1977	5 3251	1	1
7 1977	6 3333	1	1
7 1977	2 2327	1	1
7 1977	3 4936	1	1
7 1977	2 935	1	1
7 1977	2 660	1	1
7 1978	5 723	1	1
7 1978	5 1083	1	1
7 1978	0 2215	1	1
7 1978	3 4158	1	1
7 1978	5 213	1	1
7 1978	1 2309	1	1
7 1979	7 2853	1	1
7 1979	1 2673	1	1
7 1979	1 1478	1	1
7 1979	3 4665	1	1
7 1979	6 3231	1	1
7 1979	5 259	1	1
7 1980	7 4366	1	1
7 1980	0 1542	1	1
7 1980	3 2601	1	1
7 1980	6 1110	1	1
7 1980	2 3378	1	1
7 1980	2 2607	1	1
7 1981	6 4652	1	1
7 1981	4 718	1	1
7 1981	3 4124	1	1
7 1981	2 4289	1	1
7 1981	2 1629	1	1
7 1981	3 3997	1	1
7 1982	4 4588	1	1
7 1982	3 4575	1	1
7 1982	5 417	1	1
7 1982	5 3037	1	1
7 1982	6 4183	1	1
7 1982	3 3342	1	1
7 1983	7 2471	1	1
7 1983	2 2123	1	1
7 1983	5 4288	1	1
7 1983	3 1099	1	1
7 1983	2 2742	1	1
7 1983	3 2124	1	1
7 1984	7 3825	1	1
7 1984	7 621	1	1
7 1984	5 47	1	1
7 1984	1 192	1	1
7 1984	4 73	1	1
7 1984	6 4050	1	1
7 1985	7 1568	1	1
7 1985	1 3866	1	1
7 1985	1 2809	1	1
7 1985	6 993	1	1
7 1985	3 2552	1	1
7 1985	0 862	1	1
7 1986	1 2947	1	1
7 1986	2 695	1	1
7 1986	2 3050	1	1
7 1986	2 3119	1	1
7 1986	5 1260	1	1
7 1986	5 4751	1	1
7 1987	4 2713	1	1
7 1987	6 3290	1	1
7 1987	6 172	1	1
7 1987	0 866	1	1
7 1987	0 1523	1	1
7 1987	3 200	1	1
7 1988	7 282	1	1
7 1988	6 4312	1	1
7 1988	4 2731	1	1
7 1988	5 1784	1	1
7 1988	4 3224	1	1
7 1988	0 4174	1	1
7 1989	7 3680	1	1
7 1989	7 629	1	1
7 1989	6 2548	1	1
7 1989	0 1944	1	1
7 1989	5 3922	1	1
7 1989	2 4391	1	1
7 1990	0 66	1	1
7 1990	3 3888	1	1
7 1990	0 1445	1	1
7 1990	3 1082	1	1
7 1990	5 550	1	1
7 1990	0 4164	1	1
7 1991	4 3115	1	1
7 1991	2 4383	1	1
7 1991	5 2223	1	1
7 1991	4 3329	1	1
7 1991	2 956	1	1
7 1991	6 173	1	1
7 1992	7 4253	1	1
7 1992	1 47	1	1
7 1992	4 3913	1	1
7 1992	3 1369	1	1
7 1992	2 3350	1	1
7 1992	6 2420	1	1
7 1993	7 3445	1	1
7 1993	0 3188	1	1
7 1993	2 3689	1	1
7 1993	5 2084	1	1
7 1993	1 2914	1	1
7 1993	0 3983	1	1
7 1994	0 2289	1	1
7 1994	5 2618	1	1
7 1994	1 2341	1	1
7 1994	3 4043	1	1
7 1994	0 1749	1	1
7 1994	6 219	1	1
7 1995	0 714	1	1
7 1995	6 3465	1	1
7 1995	5 4621	1	1
7 1995	1 4388	1	1
7 1995	5 1844	1	1
7 1995	6 1541	1	1
7 1996	7 4839	1	1
7 1996	7 122	1	1
7 1996	1 2151	1	1
7 1996	1 2760	1	1
7 1996	6 3948	1	1
7 1996	2 791	1	1
7 1997	1 3758	1	1
7 1997	3 2976	1	1
7 1997	1 2771	1	1
7 1997	1 2064	1	1
7 1997	1 853	1	1
7 1997	2 515	1	1
7 1998	7 2251	1	1
7 1998	2 1344	1	1
7 1998	4 3293	1	1
7 1998	2 203	1	1
7 1998	1 123	1	1
7 1998	0 4048	1	1
7 1999	2 2654	1	1
7 1999	4 1917	1	1
7 1999	6 3994	1	1
7 1999	2 4408	1	1
7 1999	1 4479	1	1
7 1999	0 4727	1	1
7 2000	7 4399	1	1
7 2000	1 2339	1	1
7 2000	0 3976	1	1
7 2000	3 2399	1	1
7 2000	3 1363	1	1
7 2000	2 3372	1	1
7 2001	3 4718	1	1
7 2001	1 2267	1	1
7 2001	2 1633	1	1
7 2001	5 4763	1	1
7 2001	2 1921	1	1
7 2001	2 4730	1	1
7 2002	7 1437	1	1
7 2002	7 737	1	1
7 2002	0 4987	1	1
7 2002	3 4068	1	1
7 2002	5 67	1	1
7 2002	6 3867	1	1
7 2003	1 3132	1	1
7 2003	5 1046	1	1
7 2003	4 2353	1	1
7 2003	2 1037	1	1
7 2003	4 2167	1	1
7 2003	4 4470	1	1
7 2004	7 1843	1	1
7 2004	1 2340	1	1
7 2004	0 436	1	1
7 2004	0 628	1	1
7 2004	0 4327	1	1
7 2004	1 2970	1	1
7 2005	7 1943	1	1
7 2005	7 150	1	1
7 2005	4 3001	1	1
7 2005	6 4725	1	1
7 2005	1 3483	1	1
7 2005	4 3396	1	1
7 2006	7 4683	1	1
7 2006	3 780	1	1
7 2006	4 4202	1	1
7 2006	3 2293	1	1
7 2006	4 1204	1	1
7 2006	4 2596	1	1
7 2007	4 4677	1	1
7 2007	5 72	1	1
7 2007	5 1123	1	1
7 2007	6 1140	1	1
7 2007	0 2858	1	1
7 2007	3 4249	1	1
7 2008	5 103	1	1
7 2008	1 3653	1	1
7 2008	0 2967	1	1
7 2008	6 3269	1	1
7 2008	3 1680	1	1
7 2008	6 4954	1	1
7 2009	7 696	1	1
7 2009	6 4665	1	1
7 2009	3 4396	1	1
7 2009	0 767	1	1
7 2009	2 3327	1	1
7 2009	6 2453	1	1
7 2010	7 1658	1	1
7 2010	4 941	1	1
7 2010	3 3210	1	1
7 2010	1 1491	1	1
7 2010	6 3233	1	1
7 2010	5 675	1	1
7 2011	3 4344	1	1
7 2011	0 3263	1	1
7 2011	4 1838	1	1
7 2011	6 2564	1	1
7 2011	4 3369	1	1
7 2011	5 1421	1	1
7 2012	7 2904	1	1
7 2012	0 2908	1	1
7 2012	3 4072	1	1
7 2012	1 3843	1	1
7 2012	3 3349	1	1
7 2012	0 1992	1	1
7 2013	7 3367	1	1
7 2013	6 4357	1	1
7 2013	4 2025	1	1
7 2013	0 1210	1	1
7 2013	5 1001	1	1
7 2013	6 983	1	1
7 2014	6 4855	1	1
7 2014	1 3151	1	1
7 2014	4 3698	1	1
7 2014	4 493	1	1
7 2014	3 4248	1	1
7 2014	4 759	1	1
7 2015	3 978	1	1
7 2015	6 2653	1	1
7 2015	0 3437	1	1
7 2015	5 542	1	1
7 2015	1 2184	1	1
7 2015	5 2652	1	1
7 2016	2 4528	1	1
7 2016	0 4830	1	1
7 2016	4 756	1	1
7 2016	5 235	1	1
7 2016	5 4242	1	1
7 2016	5 1272	1	1
7 2017	0 1961	1	1
7 2017	4 4977	1	1
7 2017	2 3697	1	1
7 2017	4 3083	1	1
7 2017	5 4950	1	1
7 2017	3 2877	1	1
7 2018	0 3791	1	1
7 2018	0 2293	1	1
7 2018	2 2634	1	1
7 2018	5 4728	1	1
7 2018	1 4782	1	1
7 2018	1 4414	1	1
7 2019	7 4551	1	1
7 2019	3 2671	1	1
7 2019	2 3378	1	1
7 2019	6 1410	1	1
7 2019	2 2706	1	1
7 2019	1 2762	1	1
7 2020	5 869	1	1
7 2020	1 1748	1	1
7 2020	1 1544	1	1
7 2020	2 2201	1	1
7 2020	5 2852	1	1
7 2020	2 4802	1	1
7 2021	6 352	1	1
7 2021	6 2810	1	1
7 2021	3 3382	1	1
7 2021	2 1758	1	1
7 2021	6 1974	1	1
7 2021	5 1081	1	1
7 2022	1 3058	1	1
7 2022	1 2943	1	1
7 2022	2 1516	1	1
7 2022	4 1201	1	1
7 2022	3 4244	1	1
7 2022	0 4298	1	1
7 2023	7 3391	1	1
7 2023	7 262	1	1
7 2023	2 1060	1	1
7 2023	5 4327	1	1
7 2023	3 1615	1	1
7 2023	1 3112	1	1
7 2024	7 3008	1	1
7 2024	7 1980	1	1
7 2024	7 1650	1	1
7 2024	1 1879	1	1
7 2024	0 754	1	1
7 2024	5 3558	1	1
7 2025	7 1962	1	1
7 2025	7 927	1	1
7 2025	5 2256	1	1
7 2025	4 4469	1	1
7 2025	0 2774	1	1
7 2025	0 877	1	1
7 2026	7 2068	1	1
7 2026	7 3064	1	1
7 2026	2 45	1	1
7 2026	3 1995	1	1
7 2026	3 4870	1	1
7 2026	4 1931	1	1
7 2027	1 826	1	1
7 2027	6 1125	1	1
7 2027	4 4447	1	1
7 2027	4 2572	1	1
7 2027	4 1283	1	1
7 2027	1 3318	1	1
7 2028	1 2559	1	1
7 2028	2 3374	1	1
7 2028	5 1293	1	1
7 2028	0 1584	1	1
7 2028	4 3238	1	1
7 2028	5 1481	1	1
7 2029	3 1185	1	1
7 2029	3 915	1	1
7 2029	6 3843	1	1
7 2029	3 1735	1	1
7 2029	6 2445	1	1
7 2029	4 3400	1	1
7 2030	7 3412	1	1
7 2030	3 2888	1	1
7 2030	4 1748	1	1
7 2030	6 4135	1	1
7 2030	1 3672	1	1
7 2030	0 2731	1	1
7 2031	7 26	1	1
7 2031	2 1230	1	1
7 2031	1 1233	1	1
7 2031	1 4492	1	1
7 2031	4 3052	1	1
7 2031	2 1504	1	1
7 2032	1 517	1	1
7 2032	2 2651	1	1
7 2032	2 302	1	1
7 2032	1 1268	1	1
7 2032	6 2955	1	1
7 2032	4 2888	1	1
7 2033	7 3957	1	1
7 2033	7 2389	1	1
7 2033	3 4276	1	1
7 2033	3 3139	1	1
7 2033	5 2754	1	1
7 2033	2 2544	1	1
7 2034	2 4193	1	1
7 2034	2 259	1	1
7 2034	2 3712	1	1
7 2034	3 559	1	1
7 2034	4 1230	1	1
7 2034	3 660	1	1
7 2035	7 941	1	1
7 2035	1 1655	1	1
7 2035	1 3358	1	1
7 2035	4 4917	1	1
7 2035	2 874	1	1
7 2035	5 2542	1	1
7 2036	0 372	1	1
7 2036	6 3639	1	1
7 2036	4 56	1	1
7 2036	1 4118	1	1
7 2036	5 2249	1	1
7 2036	3 4010	1	1
7 2037	7 3874	1	1
7 2037	5 4540	1	1
7 2037	1 3938	1	1
7 2037	3 2115	1	1
7 2037	2 2594	1	1
7 2037	2 2664	1	1
7 2038	0 3107	1	1
7 2038	6 4749	1	1
7 2038	3 4498	1	1
7 2038	2 3720	1	1
7 2038	1 1814	1	1
7 2038	0 188	1	1
7 2039	4 4263	1	1
7 2039	1 4931	1	1
7 2039	2 460	1	1
7 2039	4 3169	1	1
7 2039	1 4045	1	1
7 2039	1 869	1	1
7 2040	7 1652	1	1
7 2040	1 816	1	1
7 2040	0 2755	1	1
7 2040	3 513	1	1
7 2040	5 793	1	1
7 2040	2 3566	1	1
7 2041	7 679	1	1
7 2041	1 2897	1	1
7 2041	6 3453	1	1
7 2041	3 510	1	1
7 2041	6 949	1	1
7 2041	5 1858	1	1
7 2042	3 1027	1	1
7 2042	6 2483	1	1
7 2042	1 4720	1	1
7 2042	3 1132	1	1
7 2042	1 1279	1	1
7 2042	1 4094	1	1
7 2043	7 339	1	1
7 2043	7 2628	1	1
7 2043	1 2437	1	1
7 2043	2 2550	1	1
7 2043	5 3560	1	1
7 2043	0 2317	1	1
7 2044	6 3838	1	1
7 2044	3 2329	1	1
7 2044	6 623	1	1
7 2044	6 2665	1	1
7 2044	6 526	1	1
7 2044	0 4423	1	1
7 2045	7 4358	1	1
7 2045	4 1491	1	1
7 2045	4 3563	1	1
7 2045	1 3609	1	1
7 2045	1 558	1	1
7 2045	1 4304	1	1
7 2046	7 2383	1	1
7 2046	2 3644	1	1
7 2046	4 4726	1	1
7 2046	4 3446	1	1
7 2046	1 487	1	1
7 2046	4 3505	1	1
7 2047	2 850	1	1
7 2047	0 221	1	1
7 2047	2 1110	1	1
7 2047	4 3058	1	1
7 2047	3 2898	1	1
7 2047	0 4088	1	1
7 2048	7 1202	1	1
7 2048	4 1089	1	1
7 2048	3 3402	1	1
7 2048	0 454	1	1
7 2048	4 3097	1	1
7 2048	1 4469	1	1
7 2049	2 3077	1	1
7 2049	2 1412	1	1
7 2049	3 1381	1	1
7 2049	3 1325	1	1
7 2049	1 3170	1	1
7 2049	6 2065	1	1
7 2050	4 4218	1	1
7 2050	4 268	1	1
7 2050	0 2652	1	1
7 2050	3 503	1	1
7 2050	5 1244	1	1
7 2050	0 3052	1	1
7 2051	7 1924	1	1
7 2051	7 2337	1	1
7 2051	2 1032	1	1
7 2051	0 4634	1	1
7 2051	2 3142	1	1
7 2051	6 1602	1	1
7 2052	7 1349	1	1
7 2052	3 4074	1	1
7 2052	6 558	1	1
7 2052	1 32	1	1
7 2052	4 4354	1	1
7 2052	1 460	1	1
7 2053	7 179	1	1
7 2053	1 4631	1	1
7 2053	1 252	1	1
7 2053	4 4073	1	1
7 2053	2 273	1	1
7 2053	6 3550	1	1
7 2054	7 2128	1	1
7 2054	5 1158	1	1
7 2054	3 2672	1	1
7 2054	0 1657	1	1
7 2054	2 2619	1	1
7 2054	5 2654	1	1
7 2055	4 333	1	1
7 2055	4 946	1	1
7 2055	0 1196	1	1
7 2055	1 2038	1	1
7 2055	1 4464	1	1
7 2055	0 1675	1	1
7 2056	7 435	1	1
7 2056	7 726	1	1
7 2056	5 1506	1	1
7 2056	2 4758	1	1
7 2056	2 4322	1	1
7 2056	3 4350	1	1
7 2057	7 2426	1	1
7 2057	7 1240	1	1
7 2057	1 3951	1	1
7 2057	2 2409	1	1
7 2057	4 1282	1	1
7 2057	1 2585	1	1
7 2058	5 4092	1	1
7 2058	0 1663	1	1
7 2058	4 410	1	1
7 2058	0 4266	1	1
7 2058	5 3007	1	1
7 2058	0 1550	1	1
7 2059	5 4402	1	1
7 2059	5 4370	1	1
7 2059	0 3751	1	1
7 2059	4 2657	1	1
7 2059	3 2961	1	1
7 2059	0 4991	1	1
7 2060	1 1598	1	1
7 2060	5 4300	1	1
7 2060	4 2329	1	1
7 2060	1 1882	1	1
7 2060	2 4060	1	1
7 2060	0 2790	1	1
7 2061	2 3402	1	1
7 2061	4 2850	1	1
7 2061	6 2734	1	1
7 2061	2 1656	1	1
7 2061	2 2118	1	1
7 2061	5 1744	1	1
7 2062	0 2102	1	1
7 2062	6 1553	1	1
7 2062	1 110	1	1
7 2062	3 3275	1	1
7 2062	4 2733	1	1
7 2062	6 3406	1	1
7 2063	7 4892	1	1
7 2063	3 672	1	1
7 2063	6 3397	1	1
7 2063	0 2778	1	1
7 2063	6 297	1	1
7 2063	6 3152	1	1
7 2064	7 3379	1	1
7 2064	1 700	1	1
7 2064	5 4685	1	1
7 2064	4 1177	1	1
7 2064	0 766	1	1
7 2064	5 524	1	1
7 2065	7 3278	1	1
7 2065	7 3533	1	1
7 2065	1 2333	1	1
7 2065	0 1300	1	1
7 2065	6 76	1	1
7 2065	2 3392	1	1
7 2066	2 332	1	1
7 2066	2 577	1	1
7 2066	5 684	1	1
7 2066	3 1407	1	1
7 2066	0 4258	1	1
7 2066	1 2421	1	1
7 2067	4 683	1	1
7 2067	3 3159	1	1
7 2067	6 4937	1	1
7 2067	3 4250	1	1
7 2067	0 2375	1	1
7 2067	1 1039	1	1
7 2068	7 2231	1	1
7 2068	1 3973	1	1
7 2068	5 4147	1	1
7 2068	2 3709	1	1
7 2068	0 2079	1	1
7 2068	2 1205	1	1
7 2069	3 4521	1	1
7 2069	0 2582	1	1
7 2069	4 2407	1	1
7 2069	1 995	1	1
7 2069	6 1681	1	1
7 2069	3 2897	1	1
7 2070	7 1622	1	1
7 2070	6 75	1	1
7 2070	4 1836	1	1
7 2070	6 4679	1	1
7 2070	6 2683	1	1
7 2070	2 2258	1	1
7 2071	7 323	1	1
7 2071	1 4220	1	1
7 2071	4 1381	1	1
7 2071	1 489	1	1
7 2071	0 1006	1	1
7 2071	0 4496	1	1
7 2072	7 3546	1	1
7 2072	7 406	1	1
7 2072	1 2708	1	1
7 2072	0 2903	1	1
7 2072	3 2475	1	1
7 2072	0 141	1	1
7 2073	7 530	1	1
7 2073	6 749	1	1
7 2073	2 1307	1	1
7 2073	0 1874	1	1
7 2073	5 1352	1	1
7 2073	5 2990	1	1
7 2074	7 345	1	1
7 2074	1 2593	1	1
7 2074	1 2212	1	1
7 2074	5 2934	1	1
7 2074	2 4186	1	1
7 2074	4 4228	1	1
7 2075	5 4753	1	1
7 2075	3 3088	1	1
7 2075	5 2050	1	1
7 2075	1 1856	1	1
7 2075	1 4171	1	1
7 2075	5 1691	1	1
7 2076	7 2887	1	1
7 2076	1 711	1	1
7 2076	1 343	1	1
7 2076	4 2521	1	1
7 2076	4 3684	1	1
7 2076	3 103	1	1
7 2077	1 3852	1	1
7 2077	4 3964	1	1
7 2077	3 4529	1	1
7 2077	4 1967	1	1
7 2077	6 1121	1	1
7 2077	1 4104	1	1
7 2078	0 3195	1	1
7 2078	3 3941	1	1
7 2078	1 4443	1	1
7 2078	6 2509	1	1
7 2078	2 4806	1	1
7 2078	4 3232	1	1
7 2079	2 4321	1	1
7 2079	2 4456	1	1
7 2079	0 379	1	1
7 2079	6 11	1	1
7 2079	2 1160	1	1
7 2079	5 3967	1	1
7 2080	5 2464	1	1
7 2080	2 4171	1	1
7 2080	2 1910	1	1
7 2080	4 2874	1	1
7 2080	5 743	1	1
7 2080	5 3637	1	1
7 2081	7 1316	1	1
7 2081	5 3505	1	1
7 2081	4 3777	1	1
7 2081	6 4646	1	1
7 2081	2 4763	1	1
7 2081	2 715	1	1
7 2082	7 4891	1	1
7 2082	7 979	1	1
7 2082	5 4253	1	1
7 2082	2 1511	1	1
7 2082	3 4124	1	1
7 2082	4 3597	1	1
7 2083	3 4259	1	1
7 2083	1 4525	1	1
7 2083	1 3457	1	1
7 2083	0 4892	1	1
7 2083	0 1669	1	1
7 2083	0 2516	1	1
7 2084	7 1722	1	1
7 2084	4 1874	1	1
7 2084	6 1162	1	1
7 2084	5 1434	1	1
7 2084	3 1657	1	1
7 2084	4 2145	1	1
7 2085	4 830	1	1
7 2085	1 3283	1	1
7 2085	2 3856	1	1
7 2085	1 3284	1	1
7 2085	5 2292	1	1
7 2085	5 4552	1	1
7 2086	3 3965	1	1
7 2086	2 766	1	1
7 2086	0 3762	1	1
7 2086	5 1296	1	1
7 2086	1 315	1	1
7 2086	4 2511	1	1
7 2087	4 515	1	1
7 2087	1 4024	1	1
7 2087	4 4944	1	1
7 2087	5 2232	1	1
7 2087	0 772	1	1
7 2087	6 3825	1	1
7 2088	3 1281	1	1
7 2088	1 2519	1	1
7 2088	3 4634	1	1
7 2088	0 1746	1	1
7 2088	0 3413	1	1
7 2088	4 3998	1	1
7 2089	7 2447	1	1
7 2089	4 352	1	1
7 2089	5 1464	1	1
7 2089	5 2207	1	1
7 2089	1 240	1	1
7 2089	0 2672	1	1
7 2090	1 2875	1	1
7 2090	1 3080	1	1
7 2090	1 374	1	1
7 2090	4 169	1	1
7 2090	3 1657	1	1
7 2090	4 1962	1	1
7 2091	6 3222	1	1
7 2091	4 4897	1	1
7 2091	2 3035	1	1
7 2091	6 4195	1	1
7 2091	3 1700	1	1
7 2091	0 1963	1	1
7 2092	2 2427	1	1
7 2092	2 178	1	1
7 2092	1 1233	1	1
7 2092	4 1026	1	1
7 2092	4 4854	1	1
7 2092	1 1656	1	1
7 2093	7 1569	1	1
7 2093	7 2925	1	1
7 2093	6 4619	1	1
7 2093	5 4730	1	1
7 2093	2 3028	1	1
7 2093	0 2492	1	1
7 2094	7 2248	1	1
7 2094	7 3917	1	1
7 2094	2 2472	1	1
7 2094	5 4846	1	1
7 2094	2 96	1	1
7 2094	5 818	1	1
7 2095	7 2410	1	1
7 2095	7 2865	1	1
7 2095	6 4620	1	1
7 2095	6 3756	1	1
7 2095	1 1847	1	1
7 2095	0 2878	1	1
7 2096	4 3046	1	1
7 2096	0 163	1	1
7 2096	1 1182	1	1
7 2096	2 3160	1	1
7 2096	4 4644	1	1
7 2096	6 3298	1	1
7 2097	7 3247	1	1
7 2097	4 970	1	1
7 2097	1 1163	1	1
7 2097	6 658	1	1
7 2097	5 4310	1	1
7 2097	4 1342	1	1
7 2098	7 1731	1	1
7 2098	6 187	1	1
7 2098	0 1049	1	1
7 2098	2 2240	1	1
7 2098	4 4633	1	1
7 2098	6 4794	1	1
7 2099	7 1506	1	1
7 2099	2 2856	1	1
7 2099	2 2515	1	1
7 2099	6 3047	1	1
7 2099	4 2109	1	1
7 2099	4 1910	1	1
7 2100	7 3504	1	1
7 2100	3 4930	1	1
7 2100	6 137	1	1
7 2100	5 795	1	1
7 2100	4 2768	1	1
7 2100	2 180	1	1
7 2101	3 1006	1	1
7 2101	4 1728	1	1
7 2101	1 1487	1	1
7 2101	0 4865	1	1
7 2101	6 3159	1	1
7 2101	4 762	1	1
7 2102	7 4764	1	1
7 2102	2 64	1	1
7 2102	2 4241	1	1
7 2102	6 2834	1	1
7 2102	5 98	1	1
7 2102	4 3845	1	1
7 2103	0 1345	1	1
7 2103	4 3704	1	1
7 2103	6 3911	1	1
7 2103	2 3329	1	1
7 2103	5 1142	1	1
7 2103	4 1237	1	1
7 2104	7 3894	1	1
7 2104	7 3525	1	1
7 2104	3 966	1	1
7 2104	1 998	1	1
7 2104	4 4361	1	1
7 2104	3 975	1	1
7 2105	4 971	1	1
7 2105	0 801	1	1
7 2105	0 4541	1	1
7 2105	5 1034	1	1
7 2105	4 4544	1	1
7 2105	0 675	1	1
7 2106	3 2467	1	1
7 2106	2 4037	1	1
7 2106	3 1940	1	1
7 2106	5 1651	1	1
7 2106	4 31	1	1
7 2106	3 4126	1	1
7 2107	0 243	1	1
7 2107	2 3584	1	1
7 2107	2 4458	1	1
7 2107	4 2350	1	1
7 2107	6 4248	1	1
7 2107	5 2486	1	1
7 2108	5 4949	1	1
7 2108	4 2420	1	1
7 2108	6 4161	1	1
7 2108	4 504	1	1
7 2108	6 642	1	1
7 2108	1 3438	1	1
7 2109	5 2928	1	1
7 2109	5 3450	1	1
7 2109	4 3668	1	1
7 2109	0 2815	1	1
7 2109	1 3978	1	1
7 2109	1 1821	1	1
7 2110	6 2650	1	1
7 2110	5 2499	1	1
7 2110	3 1039	1	1
7 2110	3 2200	1	1
7 2110	1 3575	1	1
7 2110	1 4798	1	1
7 2111	3 4196	1	1
7 2111	5 2682	1	1
7 2111	4 1196	1	1
7 2111	0 1861	1	1
7 2111	4 4569	1	1
7 2111	5 3730	1	1
7 2112	7 2811	1	1
7 2112	4 3143	1	1
7 2112	3 2939	1	1
7 2112	6 55	1	1
7 2112	4 2120	1	1
7 2112	3 1055	1	1
7 2113	5 1882	1	1
7 2113	4 557	1	1
7 2113	0 2073	1	1
7 2113	3 2491	1	1
7 2113	6 450	1	1
7 2113	4 2379	1	1
7 2114	7 2148	1	1
7 2114	1 3023	1	1
7 2114	3 4310	1	1
7 2114	6 3967	1	1
7 2114	2 1208	1	1
7 2114	3 4379	1	1
7 2115	6 147	1	1
7 2115	1 3891	1	1
7 2115	0 1965	1	1
7 2115	2 2156	1	1
7 2115	2 4642	1	1
7 2115	1 1442	1	1
7 2116	4 222	1	1
7 2116	2 2454	1	1
7 2116	1 2381	1	1
7 2116	3 4226	1	1
7 2116	2 1965	1	1
7 2116	0 4138	1	1
7 2117	6 3538	1	1
7 2117	3 3639	1	1
7 2117	4 3166	1	1
7 2117	3 233	1	1
7 2117	0 1383	1	1
7 2117	2 4584	1	1
7 2118	7 1095	1	1
7 2118	6 250	1	1
7 2118	1 3981	1	1
7 2118	6 878	1	1
7 2118	6 1495	1	1
7 2118	2 4255	1	1
7 2119	7 593	1	1
7 2119	4 519	1	1
7 2119	4 4559	1	1
7 2119	2 1204	1	1
7 2119	3 1970	1	1
7 2119	2 4749	1	1
7 2120	0 1114	1	1
7 2120	1 3632	1	1
7 2120	6 2944	1	1
7 2120	6 466	1	1
7 2120	4 1248	1	1
7 2120	5 1169	1	1
7 2121	7 370	1	1
7 2121	5 3603	1	1
7 2121	3 2476	1	1
7 2121	1 2790	1	1
7 2121	4 2123	1	1
7 2121	0 1670	1	1
7 2122	7 1435	1	1
7 2122	3 440	1	1
7 2122	0 4614	1	1
7 2122	3 729	1	1
7 2122	1 4878	1	1
7 2122	6 2145	1	1
7 2123	7 872	1	1
7 2123	7 2419	1	1
7 2123	3 612	1	1
7 2123	0 2165	1	1
7 2123	0 3017	1	1
7 2123	1 1696	1	1
7 2124	5 101	1	1
7 2124	1 1222	1	1
7 2124	4 1145	1	1
7 2124	4 2207	1	1
7 2124	5 3883	1	1
7 2124	4 2043	1	1
7 2125	7 3485	1	1
7 2125	3 1053	1	1
7 2125	6 4807	1	1
7 2125	3 4775	1	1
7 2125	0 1466	1	1
7 2125	6 1403	1	1
7 2126	6 3693	1	1
7 2126	1 4516	1	1
7 2126	6 3322	1	1
7 2126	1 4061	1	1
7 2126	4 3236	1	1
7 2126	3 534	1	1
7 2127	7 2279	1	1
7 2127	2 2980	1	1
7 2127	4 4223	1	1
7 2127	5 2226	1	1
7 2127	2 1274	1	1
7 2127	5 1990	1	1
7 2128	7 626	1	1
7 2128	4 4789	1	1
7 2128	5 4699	1	1
7 2128	3 20	1	1
7 2128	4 1760	1	1
7 2128	0 1067	1	1
7 2129	7 2544	1	1
7 2129	1 2873	1	1
7 2129	1 1821	1	1
7 2129	2 3064	1	1
7 2129	4 2662	1	1
7 2129	1 1958	1	1
7 2130	7 2646	1	1
7 2130	1 945	1	1
7 2130	1 2321	1	1
7 2130	5 4027	1	1
7 2130	5 4799	1	1
7 2130	0 2344	1	1
7 2131	0 451	1	1
7 2131	4 1497	1	1
7 2131	1 4796	1	1
7 2131	1 700	1	1
7 2131	0 3144	1	1
7 2131	3 4924	1	1
7 2132	4 508	1	1
7 2132	0 3668	1	1
7 2132	1 1503	1	1
7 2132	1 3987	1	1
7 2132	4 4388	1	1
7 2132	2 4383	1	1
7 2133	7 2254	1	1
7 2133	7 3549	1	1
7 2133	4 3939	1	1
7 2133	0 3694	1	1
7 2133	0 363	1	1
7 2133	0 1448	1	1
7 2134	3 4250	1	1
7 2134	3 2568	1	1
7 2134	4 1699	1	1
7 2134	2 992	1	1
7 2134	1 2426	1	1
7 2134	6 386	1	1
7 2135	7 3362	1	1
7 2135	3 1009	1	1
7 2135	5 4888	1	1
7 2135	4 3225	1	1
7 2135	4 1388	1	1
7 2135	5 3113	1	1
7 2136	6 3304	1	1
7 2136	2 4944	1	1
7 2136	1 4938	1	1
7 2136	0 214	1	1
7 2136	0 474	1	1
7 2136	2 2835	1	1
7 2137	7 2410	1	1
7 2137	7 4352	1	1
7 2137	7 3050	1	1
7 2137	4 2908	1	1
7 2137	4 1909	1	1
7 2137	2 4015	1	1
7 2138	7 277	1	1
7 2138	4 3854	1	1
7 2138	2 1009	1	1
7 2138	3 2166	1	1
7 2138	3 1040	1	1
7 2138	1 2204	1	1
7 2139	0 3706	1	1
7 2139	5 3365	1	1
7 2139	3 17	1	1
7 2139	2 1717	1	1
7 2139	0 4859	1	1
7 2139	6 2572	1	1
7 2140	7 1448	1	1
7 2140	7 512	1	1
7 2140	7 3127	1	1
7 2140	0 1717	1	1
7 2140	4 2193	1	1
7 2140	1 354	1	1
7 2141	7 2411	1	1
7 2141	1 4854	1	1
7 2141	0 1320	1	1
7 2141	2 4002	1	1
7 2141	0 2262	1	1
7 2141	3 2904	1	1
7 2142	5 4142	1	1
7 2142	1 4505	1	1
7 2142	3 3880	1	1
7 2142	2 3090	1	1
7 2142	2 4439	1	1
7 2142	4 3784	1	1
7 2143	7 2233	1	1
7 2143	4 3352	1	1
7 2143	3 3489	1	1
7 2143	1 482	1	1
7 2143	2 504	1	1
7 2143	6 4665	1	1
7 2144	5 3139	1	1
7 2144	5 34	1	1
7 2144	1 4229	1	1
7 2144	2 704	1	1
7 2144	1 150	1	1
7 2144	6 3282	1	1
7 2145	0 3167	1	1
7 2145	2 579	1	1
7 2145	3 1146	1	1
7 2145	6 1961	1	1
7 2145	3 2285	1	1
7 2145	6 691	1	1
7 2146	3 2365	1	1
7 2146	0 2819	1	1
7 2146	4 220	1	1
7 2146	2 2755	1	1
7 2146	2 2297	1	1
7 2146	1 209	1	1
7 2147	6 3131	1	1
7 2147	0 455	1	1
7 2147	5 725	1	1
7 2147	3 3253	1	1
7 2147	1 1948	1	1
7 2147	5 4413	1	1
7 2148	1 884	1	1
7 2148	3 3942	1	1
7 2148	6 2569	1	1
7 2148	2 3663	1	1
7 2148	4 1164	1	1
7 2148	1 2446	1	1
7 2149	5 2874	1	1
7 2149	2 2099	1	1
7 2149	4 1298	1	1
7 2149	0 352	1	1
7 2149	5 307	1	1
7 2149	3 1326	1	1
7 2150	4 3265	1	1
7 2150	4 1083	1	1
7 2150	3 1949	1	1
7 2150	2 982	1	1
7 2150	0 3236	1	1
7 2150	2 4483	1	1
7 2151	7 1203	1	1
7 2151	5 3362	1	1
7 2151	5 2217	1	1
7 2151	0 3509	1	1
7 2151	3 2521	1	1
7 2151	6 3877	1	1
7 2152	7 420	1	1
7 2152	2 1518	1	1
7 2152	4 818	1	1
7 2152	0 1685	1	1
7 2152	2 890	1	1
7 2152	2 1965	1	1
7 2153	2 300	1	1
7 2153	6 939	1	1
7 2153	1 4559	1	1
7 2153	5 4761	1	1
7 2153	1 3070	1	1
7 2153	4 3370	1	1
7 2154	7 3287	1	1
7 2154	6 2311	1	1
7 2154	2 2476	1	1
7 2154	2 2858	1	1
7 2154	4 2586	1	1
7 2154	3 4506	1	1
7 2155	7 2066	1	1
7 2155	7 2557	1	1
7 2155	5 3954	1	1
7 2155	6 3793	1	1
7 2155	3 4341	1	1
7 2155	6 4917	1	1
7 2156	7 1321	1	1
7 2156	7 621	1	1
7 2156	7 3542	1	1
7 2156	5 4749	1	1
7 2156	1 1685	1	1
7 2156	4 3172	1	1
7 2157	7 509	1	1
7 2157	0 31	1	1
7 2157	0 4185	1	1
7 2157	0 2757	1	1
7 2157	2 4638	1	1
7 2157	0 1365	1	1
7 2158	2 1766	1	1
7 2158	6 2059	1	1
7 2158	2 3427	1	1
7 2158	0 1472	1	1
7 2158	2 3954	1	1
7 2158	2 1068	1	1
7 2159	0 2663	1	1
7 2159	3 1984	1	1
7 2159	5 4267	1	1
7 2159	0 4871	1	1
7 2159	2 470	1	1
7 2159	6 2028	1	1
7 2160	1 2995	1	1
7 2160	3 4811	1	1
7 2160	3 2456	1	1
7 2160	5 2145	1	1
7 2160	4 3944	1	1
7 2160	2 4216	1	1
7 2161	7 4592	1	1
7 2161	7 1676	1	1
7 2161	3 1700	1	1
7 2161	3 3021	1	1
7 2161	4 793	1	1
7 2161	4 3931	1	1
7 2162	7 2189	1	1
7 2162	7 3686	1	1
7 2162	2 588	1	1
7 2162	3 451	1	1
7 2162	1 477	1	1
7 2162	4 4359	1	1
7 2163	1 2526	1	1
7 2163	4 4358	1	1
7 2163	3 154	1	1
7 2163	6 4690	1	1
7 2163	1 4836	1	1
7 2163	5 3764	1	1
7 2164	5 4849	1	1
7 2164	4 3143	1	1
7 2164	6 105	1	1
7 2164	2 4184	1	1
7 2164	5 1571	1	1
7 2164	1 3460	1	1
7 2165	7 1368	1	1
7 2165	0 4773	1	1
7 2165	1 3118	1	1
7 2165	5 3181	1	1
7 2165	4 4344	1	1
7 2165	4 2933	1	1
7 2166	7 2373	1	1
7 2166	5 3470	1	1
7 2166	4 880	1	1
7 2166	1 2374	1	1
7 2166	4 1528	1	1
7 2166	2 3903	1	1
7 2167	5 870	1	1
7 2167	3 2961	1	1
7 2167	1 4977	1	1
7 2167	4 744	1	1
7 2167	0 1278	1	1
7 2167	4 2071	1	1
7 2168	0 1450	1	1
7 2168	6 3585	1	1
7 2168	1 766	1	1
7 2168	1 4675	1	1
7 2168	3 3894	1	1
7 2168	2 821	1	1
7 2169	7 4816	1	1
7 2169	2 4861	1	1
7 2169	5 973	1	1
7 2169	2 3535	1	1
7 2169	1 4588	1	1
7 2169	5 1533	1	1
7 2170	0 3904	1	1
7 2170	3 4042	1	1
7 2170	3 1905	1	1
7 2170	1 1454	1	1
7 2170	3 4846	1	1
7 2170	1 4878	1	1
7 2171	4 125	1	1
7 2171	2 1165	1	1
7 2171	1 1747	1	1
7 2171	5 3343	1	1
7 2171	2 3058	1	1
7 2171	3 2072	1	1
7 2172	7 4029	1	1
7 2172	4 4432	1	1
7 2172	2 898	1	1
7 2172	2 2540	1	1
7 2172	6 3846	1	1
7 2172	3 549	1	1
7 2173	0 1294	1	1
7 2173	0 1838	1	1
7 2173	4 3895	1	1
7 2173	2 2675	1	1
7 2173	5 3572	1	1
7 2173	1 2692	1	1
7 2174	7 133	1	1
7 2174	7 3336	1	1
7 2174	1 3031	1	1
7 2174	4 3739	1	1
7 2174	0 2212	1	1
7 2174	0 2998	1	1
7 2175	3 427	1	1
7 2175	5 572	1	1
7 2175	4 2832	1	1
7 2175	2 2304	1	1
7 2175	1 4815	1	1
7 2175	0 1642	1	1
7 2176	7 4226	1	1
7 2176	5 969	1	1
7 2176	6 4219	1	1
7 2176	5 541	1	1
7 2176	4 134	1	1
7 2176	2 3804	1	1
7 2177	3 742	1	1
7 2177	4 4885	1	1
7 2177	6 444	1	1
7 2177	1 3548	1	1
7 2177	3 2288	1	1
7 2177	3 1934	1	1
7 2178	7 2198	1	1
7 2178	1 3250	1	1
7 2178	6 2319	1	1
7 2178	2 2556	1	1
7 2178	5 2294	1	1
7 2178	3 3770	1	1
7 2179	6 4351	1	1
7 2179	0 520	1	1
7 2179	5 4822	1	1
7 2179	4 2171	1	1
7 2179	2 1333	1	1
7 2179	3 4313	1	1
7 2180	1 4156	1	1
7 2180	1 3009	1	1
7 2180	2 690	1	1
7 2180	4 3322	1	1
7 2180	1 2096	1	1
7 2180	6 3583	1	1
7 2181	0 3951	1	1
7 2181	3 1762	1	1
7 2181	6 4912	1	1
7 2181	6 416	1	1
7 2181	2 1924	1	1
7 2181	3 2007	1	1
7 2182	7 1815	1	1
7 2182	3 4498	1	1
7 2182	6 745	1	1
7 2182	4 2540	1	1
7 2182	5 3975	1	1
7 2182	2 1704	1	1
7 2183	4 193	1	1
7 2183	2 3556	1	1
7 2183	2 1235	1	1
7 2183	3 2355	1	1
7 2183	1 452	1	1
7 2183	5 2487	1	1
7 2184	7 3522	1	1
7 2184	5 2792	1	1
7 2184	4 4577	1	1
7 2184	0 61	1	1
7 2184	4 3828	1	1
7 2184	2 1194	1	1
7 2185	4 4897	1	1
7 2185	1 2420	1	1
7 2185	3 1120	1	1
7 2185	6 2399	1	1
7 2185	0 2926	1	1
7 2185	6 4274	1	1
7 2186	4 3735	1	1
7 2186	1 974	1	1
7 2186	5 3450	1	1
7 2186	6 3483	1	1
7 2186	4 273	1	1
7 2186	3 928	1	1
7 2187	7 1078	1	1
7 2187	1 4525	1	1
7 2187	1 2940	1	1
7 2187	0 2475	1	1
7 2187	1 1039	1	1
7 2187	0 2707	1	1
7 2188	7 2792	1	1
7 2188	7 2630	1	1
7 2188	5 1773	1	1
7 2188	2 1838	1	1
7 2188	4 4052	1	1
7 2188	3 3304	1	1
7 2189	7 3778	1	1
7 2189	4 874	1	1
7 2189	4 4243	1	1
7 2189	6 3670	1	1
7 2189	3 1072	1	1
7 2189	2 1713	1	1
7 2190	7 1193	1	1
7 2190	3 4572	1	1
7 2190	3 3598	1	1
7 2190	0 1306	1	1
7 2190	2 4535	1	1
7 2190	6 3319	1	1
7 2191	7 218	1	1
7 2191	0 3739	1	1
7 2191	2 2541	1	1
7 2191	3 3761	1	1
7 2191	2 3848	1	1
7 2191	4 986	1	1
7 2192	4 4347	1	1
7 2192	2 852	1	1
7 2192	4 722	1	1
7 2192	0 3255	1	1
7 2192	1 2851	1	1
7 2192	5 2529	1	1
7 2193	2 1742	1	1
7 2193	1 4923	1	1
7 2193	6 73	1	1
7 2193	5 4933	1	1
7 2193	2 2518	1	1
7 2193	4 2587	1	1
7 2194	7 3258	1	1
7 2194	7 280	1	1
7 2194	2 2313	1	1
7 2194	3 879	1	1
7 2194	5 562	1	1
7 2194	4 4282	1	1
7 2195	2 387	1	1
7 2195	2 987	1	1
7 2195	2 1206	1	1
7 2195	6 3798	1	1
7 2195	4 2612	1	1
7 2195	5 524	1	1
7 2196	7 4744	1	1
7 2196	7 4097	1	1
7 2196	7 520	1	1
7 2196	3 1124	1	1
7 2196	4 1069	1	1
7 2196	0 779	1	1
7 2197	7 1639	1	1
7 2197	5 2928	1	1
7 2197	5 1485	1	1
7 2197	0 2978	1	1
7 2197	4 2796	1	1
7 2197	2 4210	1	1
7 2198	7 2720	1	1
7 2198	7 4659	1	1
7 2198	6 4671	1	1
7 2198	3 4717	1	1
7 2198	2 3868	1	1
7 2198	0 2890	1	1
7 2199	7 4108	1	1
7 2199	0 2580	1	1
7 2199	5 1681	1	1
7 2199	6 3833	1	1
7 2199	1 2939	1	1
7 2199	0 1017	1	1
7 2200	7 1732	1	1
7 2200	4 3100	1	1
7 2200	6 1654	1	1
7 2200	6 3211	1	1
7 2200	2 4066	1	1
7 2200	3 963	1	1
7 2201	2 4147	1	1
7 2201	3 180	1	1
7 2201	2 604	1	1
7 2201	4 4717	1	1
7 2201	6 3139	1	1
7 2201	3 49	1	1
7 2202	7 2920	1	1
7 2202	6 2387	1	1
7 2202	3 1336	1	1
7 2202	5 4565	1	1
7 2202	1 3613	1	1
7 2202	4 3791	1	1
7 2203	6 1690	1	1
7 2203	6 4818	1	1
7 2203	0 2766	1	1
7 2203	2 1284	1	1
7 2203	6 1063	1	1
7 2203	1 2936	1	1
7 2204	7 4756	1	1
7 2204	4 2881	1	1
7 2204	5 3599	1	1
7 2204	0 1473	1	1
7 2204	3 4538	1	1
7 2204	1 3450	1	1
7 2205	7 3377	1	1
7 2205	2 1719	1	1
7 2205	6 4647	1	1
7 2205	5 3101	1	1
7 2205	4 3668	1	1
7 2205	1 3068	1	1
7 2206	7 16	1	1
7 2206	3 1204	1	1
7 2206	2 2701	1	1
7 2206	1 3794	1	1
7 2206	4 195	1	1
7 2206	1 1520	1	1
7 2207	7 3702	1	1
7 2207	6 3524	1	1
7 2207	3 4803	1	1
7 2207	6 4232	1	1
7 2207	1 2572	1	1
7 2207	1 1868	1	1
7 2208	7 2310	1	1
7 2208	0 1507	1	1
7 2208	1 462	1	1
7 2208	0 1728	1	1
7 2208	5 2859	1	1
7 2208	3 3329	1	1
7 2209	7 4307	1	1
7 2209	0 1449	1	1
7 2209	4 1142	1	1
7 2209	6 1409	1	1
7 2209	0 285	1	1
7 2209	0 4183	1	1
7 2210	3 3281	1	1
7 2210	2 3903	1	1
7 2210	6 3386	1	1
7 2210	0 893	1	1
7 2210	0 1565	1	1
7 2210	2 682	1	1
7 2211	4 2116	1	1
7 2211	1 2467	1	1
7 2211	2 514	1	1
7 2211	6 3882	1	1
7 2211	4 2018	1	1
7 2211	3 4951	1	1
7 2212	5 822	1	1
7 2212	1 1925	1	1
7 2212	6 1502	1	1
7 2212	3 478	1	1
7 2212	4 2514	1	1
7 2212	6 233	1	1
7 2213	5 3064	1	1
7 2213	3 67	1	1
7 2213	0 3086	1	1
7 2213	0 363	1	1
7 2213	4 1661	1	1
7 2213	4 2916	1	1
7 2214	7 901	1	1
7 2214	3 2677	1	1
7 2214	0 3974	1	1
7 2214	6 2598	1	1
7 2214	5 624	1	1
7 2214	5 4328	1	1
7 2215	7 3768	1	1
7 2215	3 4566	1	1
7 2215	6 4758	1	1
7 2215	6 1275	1	1
7 2215	5 2850	1	1
7 2215	2 326	1	1
7 2216	7 781	1	1
7 2216	3 1232	1	1
7 2216	0 324	1	1
7 2216	4 4664	1	1
7 2216	3 3538	1	1
7 2216	4 3620	1	1
7 2217	7 1970	1	1
7 2217	0 2340	1	1
7 2217	4 4166	1	1
7 2217	3 2297	1	1
7 2217	3 3557	1	1
7 2217	1 4089	1	1
7 2218	0 4516	1	1
7 2218	2 3246	1	1
7 2218	2 1171	1	1
7 2218	0 1087	1	1
7 2218	3 3228	1	1
7 2218	4 2295	1	1
7 2219	7 3439	1	1
7 2219	5 3940	1	1
7 2219	5 2595	1	1
7 2219	3 3041	1	1
7 2219	0 559	1	1
7 2219	3 472	1	1
7 2220	1 3487	1	1
7 2220	6 2002	1	1
7 2220	2 2528	1	1
7 2220	0 466	1	1
7 2220	4 1459	1	1
7 2220	2 482	1	1
7 2221	5 3278	1	1
7 2221	0 3206	1	1
7 2221	1 2693	1	1
7 2221	2 730	1	1
7 2221	0 1421	1	1
7 2221	0 3096	1	1
7 2222	7 1745	1	1
7 2222	7 2220	1	1
7 2222	2 3118	1	1
7 2222	2 3550	1	1
7 2222	4 338	1	1
7 2222	6 4314	1	1
7 2223	7 4233	1	1
7 2223	1 2169	1	1
7 2223	0 542	1	1
7 2223	6 2292	1	1
7 2223	3 2648	1	1
7 2223	5 2581	1	1
7 2224	7 2329	1	1
7 2224	5 4030	1	1
7 2224	1 2856	1	1
7 2224	0 3846	1	1
7 2224	5 4558	1	1
7 2224	0 2888	1	1
7 2225	7 3499	1	1
7 2225	2 3950	1	1
7 2225	2 2864	1	1
7 2225	4 1147	1	1
7 2225	4 1586	1	1
7 2225	3 3308	1	1
7 2226	4 861	1	1
7 2226	2 4600	1	1
7 2226	4 1995	1	1
7 2226	0 4721	1	1
7 2226	6 1237	1	1
7 2226	4 3415	1	1
7 2227	7 2032	1	1
7 2227	2 3879	1	1
7 2227	1 1185	1	1
7 2227	3 2836	1	1
7 2227	1 2116	1	1
7 2227	5 214	1	1
7 2228	6 4051	1	1
7 2228	5 4025	1	1
7 2228	4 1776	1	1
7 2228	0 3343	1	1
7 2228	4 3972	1	1
7 2228	5 369	1	1
7 2229	7 2980	1	1
7 2229	7 1155	1	1
7 2229	5 3416	1	1
7 2229	0 1639	1	1
7 2229	1 2273	1	1
7 2229	0 2548	1	1
7 2230	7 2351	1	1
7 2230	3 502	1	1
7 2230	4 1371	1	1
7 2230	6 3048	1	1
7 2230	0 4931	1	1
7 2230	4 468	1	1
7 2231	7 1668	1	1
7 2231	4 624	1	1
7 2231	0 4799	1	1
7 2231	4 4655	1	1
7 2231	1 634	1	1
7 2231	2 2940	1	1
7 2232	5 3285	1	1
7 2232	4 1670	1	1
7 2232	4 2451	1	1
7 2232	5 4487	1	1
7 2232	6 114	1	1
7 2232	1 2189	1	1
7 2233	7 1793	1	1
7 2233	5 1998	1	1
7 2233	1 4342	1	1
7 2233	6 4838	1	1
7 2233	1 332	1	1
7 2233	3 1743	1	1
7 2234	0 707	1	1
7 2234	3 1365	1	1
7 2234	1 1590	1	1
7 2234	2 1628	1	1
7 2234	2 821	1	1
7 2234	6 1774	1	1
7 2235	4 4517	1	1
7 2235	6 4587	1	1
7 2235	5 340	1	1
7 2235	0 2924	1	1
7 2235	6 3379	1	1
7 2235	0 2574	1	1
7 2236	2 2223	1	1
7 2236	2 3161	1	1
7 2236	3 4400	1	1
7 2236	3 2521	1	1
7 2236	6 1707	1	1
7 2236	1 752	1	1
7 2237	7 1437	1	1
7 2237	3 3456	1	1
7 2237	4 1096	1	1
7 2237	3 1359	1	1
7 2237	6 4615	1	1
7 2237	1 4791	1	1
7 2238	7 119	1	1
7 2238	5 3767	1	1
7 2238	5 2911	1	1
7 2238	0 4123	1	1
7 2238	1 3221	1	1
7 2238	1 1479	1	1
7 2239	7 2694	1	1
7 2239	4 1404	1	1
7 2239	0 2935	1	1
7 2239	2 503	1	1
7 2239	6 1813	1	1
7 2239	3 818	1	1
7 2240	7 2432	1	1
7 2240	7 4724	1	1
7 2240	4 3508	1	1
7 2240	5 533	1	1
7 2240	4 3182	1	1
7 2240	3 3103	1	1
7 2241	7 3981	1	1
7 2241	5 2559	1	1
7 2241	2 2515	1	1
7 2241	3 1919	1	1
7 2241	4 2022	1	1
7 2241	2 277	1	1
7 2242	7 76	1	1
7 2242	3 2463	1	1
7 2242	1 255	1	1
7 2242	4 1470	1	1
7 2242	0 1324	1	1
7 2242	5 68	1	1
7 2243	7 4341	1	1
7 2243	7 661	1	1
7 2243	3 4141	1	1
7 2243	0 1805	1	1
7 2243	5 2538	1	1
7 2243	4 2026	1	1
7 2244	5 70	1	1
7 2244	4 1913	1	1
7 2244	4 186	1	1
7 2244	6 699	1	1
7 2244	4 4801	1	1
7 2244	0 4251	1	1
7 2245	7 1481	1	1
7 2245	0 2797	1	1
7 2245	1 597	1	1
7 2245	2 1260	1	1
7 2245	2 1694	1	1
7 2245	6 4994	1	1
7 2246	7 3977	1	1
7 2246	5 3954	1	1
7 2246	0 2941	1	1
7 2246	2 454	1	1
7 2246	4 1757	1	1
7 2246	1 2194	1	1
7 2247	7 1908	1	1
7 2247	7 2829	1	1
7 2247	5 3845	1	1
7 2247	0 1734	1	1
7 2247	3 3201	1	1
7 2247	6 2597	1	1
7 2248	7 4775	1	1
7 2248	7 1094	1	1
7 2248	4 4661	1	1
7 2248	1 3174	1	1
7 2248	4 214	1	1
7 2248	6 968	1	1
7 2249	2 843	1	1
7 2249	0 794	1	1
7 2249	1 2553	1	1
7 2249	6 2495	1	1
7 2249	2 3154	1	1
7 2249	6 2916	1	1
7 2250	6 15	1	1
7 2250	0 2378	1	1
7 2250	0 2764	1	1
7 2250	2 3537	1	1
7 2250	6 1980	1	1
7 2250	1 3188	1	1
7 2251	0 4910	1	1
7 2251	5 4943	1	1
7 2251	4 4534	1	1
7 2251	1 2904	1	1
7 2251	5 4941	1	1
7 2251	1 256	1	1
7 2252	7 2079	1	1
7 2252	6 2744	1	1
7 2252	1 419	1	1
7 2252	6 4425	1	1
7 2252	2 4713	1	1
7 2252	3 1588	1	1
7 2253	7 2673	1	1
7 2253	3 370	1	1
7 2253	1 3199	1	1
7 2253	4 1195	1	1
7 2253	2 545	1	1
7 2253	1 1899	1	1
7 2254	7 2274	1	1
7 2254	6 2801	1	1
7 2254	5 2358	1	1
7 2254	6 769	1	1
7 2254	0 4886	1	1
7 2254	2 3568	1	1
7 2255	4 4736	1	1
7 2255	0 1816	1	1
7 2255	1 1429	1	1
7 2255	2 4870	1	1
7 2255	5 1935	1	1
7 2255	1 871	1	1
7 2256	7 1453	1	1
7 2256	2 3676	1	1
7 2256	1 3888	1	1
7 2256	3 3408	1	1
7 2256	5 3926	1	1
7 2256	2 955	1	1
7 2257	7 4631	1	1
7 2257	2 3471	1	1
7 2257	2 4651	1	1
7 2257	5 357	1	1
7 2257	2 1953	1	1
7 2257	2 58	1	1
7 2258	0 2581	1	1
7 2258	6 3384	1	1
7 2258	6 1224	1	1
7 2258	5 2788	1	1
7 2258	2 2692	1	1
7 2258	4 1167	1	1
7 2259	7 1179	1	1
7 2259	7 728	1	1
7 2259	1 2914	1	1
7 2259	2 2120	1	1
7 2259	4 1937	1	1
7 2259	2 4747	1	1
7 2260	7 2976	1	1
7 2260	4 2751	1	1
7 2260	4 2007	1	1
7 2260	2 3124	1	1
7 2260	6 3030	1	1
7 2260	2 2608	1	1
7 2261	5 2226	1	1
7 2261	3 2585	1	1
7 2261	5 922	1	1
7 2261	3 304	1	1
7 2261	4 641	1	1
7 2261	3 2294	1	1
7 2262	4 1323	1	1
7 2262	2 1539	1	1
7 2262	3 2383	1	1
7 2262	2 2196	1	1
7 2262	0 3229	1	1
7 2262	4 1812	1	1
7 2263	7 3776	1	1
7 2263	4 1811	1	1
7 2263	1 3261	1	1
7 2263	1 2170	1	1
7 2263	5 2046	1	1
7 2263	2 2775	1	1
7 2264	7 4714	1	1
7 2264	7 3697	1	1
7 2264	0 2443	1	1
7 2264	6 2528	1	1
7 2264	0 2860	1	1
7 2264	1 1492	1	1
7 2265	7 389	1	1
7 2265	7 3355	1	1
7 2265	4 937	1	1
7 2265	6 2582	1	1
7 2265	4 3356	1	1
7 2265	6 3347	1	1
7 2266	7 3768	1	1
7 2266	3 4654	1	1
7 2266	6 2286	1	1
7 2266	2 717	1	1
7 2266	4 1181	1	1
7 2266	4 409	1	1
7 2267	2 1734	1	1
7 2267	2 1998	1	1
7 2267	2 2142	1	1
7 2267	0 728	1	1
7 2267	4 1032	1	1
7 2267	2 3722	1	1
7 2268	6 273	1	1
7 2268	3 4578	1	1
7 2268	0 3492	1	1
7 2268	4 846	1	1
7 2268	2 4243	1	1
7 2268	1 3750	1	1
7 2269	2 1932	1	1
7 2269	1 1688	1	1
7 2269	6 1871	1	1
7 2269	6 4439	1	1
7 2269	6 2903	1	1
7 2269	2 4401	1	1
7 2270	6 3193	1	1
7 2270	4 2376	1	1
7 2270	2 4593	1	1
7 2270	6 4943	1	1
7 2270	6 1167	1	1
7 2270	2 1683	1	1
7 2271	4 3028	1	1
7 2271	0 3481	1	1
7 2271	0 2538	1	1
7 2271	0 811	1	1
7 2271	5 2851	1	1
7 2271	3 3477	1	1
7 2272	7 4909	1	1
7 2272	4 4081	1	1
7 2272	4 4433	1	1
7 2272	3 111	1	1
7 2272	2 1186	1	1
7 2272	6 134	1	1
7 2273	7 4720	1	1
7 2273	7 4210	1	1
7 2273	0 1600	1	1
7 2273	3 269	1	1
7 2273	1 4759	1	1
7 2273	6 1929	1	1
7 2274	7 1910	1	1
7 2274	4 113	1	1
7 2274	6 3887	1	1
7 2274	6 4379	1	1
7 2274	0 78	1	1
7 2274	1 1726	1	1
7 2275	7 3157	1	1
7 2275	3 4405	1	1
7 2275	3 2713	1	1
7 2275	5 1540	1	1
7 2275	0 2528	1	1
7 2275	6 272	1	1
7 2276	7 2660	1	1
7 2276	0 2153	1	1
7 2276	2 1720	1	1
7 2276	6 1974	1	1
7 2276	2 50	1	1
7 2276	1 2219	1	1
7 2277	7 1750	1	1
7 2277	2 1012	1	1
7 2277	2 1728	1	1
7 2277	3 3907	1	1
7 2277	6 135	1	1
7 2277	1 606	1	1
7 2278	0 2250	1	1
7 2278	6 46	1	1
7 2278	4 4055	1	1
7 2278	2 2800	1	1
7 2278	0 1538	1	1
7 2278	2 3740	1	1
7 2279	0 2734	1	1
7 2279	4 2375	1	1
7 2279	0 2427	1	1
7 2279	3 3082	1	1
7 2279	0 2732	1	1
7 2279	4 1569	1	1
7 2280	6 3593	1	1
7 2280	4 2799	1	1
7 2280	1 4639	1	1
7 2280	1 1924	1	1
7 2280	1 2459	1	1
7 2280	0 2028	1	1
7 2281	5 2009	1	1
7 2281	2 2628	1	1
7 2281	2 2992	1	1
7 2281	0 3372	1	1
7 2281	6 3882	1	1
7 2281	4 2622	1	1
7 2282	4 1728	1	1
7 2282	2 2213	1	1
7 2282	4 1207	1	1
7 2282	1 1788	1	1
7 2282	3 303	1	1
7 2282	2 4622	1	1
7 2283	3 2508	1	1
7 2283	5 4394	1	1
7 2283	0 4937	1	1
7 2283	1 698	1	1
7 2283	4 4122	1	1
7 2283	4 1102	1	1
7 2284	6 4890	1	1
7 2284	3 3958	1	1
7 2284	4 1693	1	1
7 2284	5 1977	1	1
7 2284	5 1261	1	1
7 2284	6 567	1	1
7 2285	0 2175	1	1
7 2285	5 2023	1	1
7 2285	3 4630	1	1
7 2285	0 915	1	1
7 2285	2 2319	1	1
7 2285	2 3099	1	1
7 2286	7 2327	1	1
7 2286	5 3283	1	1
7 2286	2 4276	1	1
7 2286	5 2184	1	1
7 2286	2 4805	1	1
7 2286	2 1663	1	1
7 2287	7 3045	1	1
7 2287	1 2804	1	1
7 2287	3 4428	1	1
7 2287	6 2219	1	1
7 2287	5 2560	1	1
7 2287	5 3367	1	1
7 2288	7 2810	1	1
7 2288	7 3069	1	1
7 2288	3 2878	1	1
7 2288	5 1481	1	1
7 2288	0 1725	1	1
7 2288	0 649	1	1
7 2289	5 3206	1	1
7 2289	4 300	1	1
7 2289	3 1419	1	1
7 2289	2 453	1	1
7 2289	5 3814	1	1
7 2289	4 1872	1	1
7 2290	4 4466	1	1
7 2290	0 2741	1	1
7 2290	4 4895	1	1
7 2290	0 313	1	1
7 2290	6 3775	1	1
7 2290	5 2295	1	1
7 2291	7 4242	1	1
7 2291	6 3059	1	1
7 2291	2 2852	1	1
7 2291	2 3631	1	1
7 2291	5 2527	1	1
7 2291	3 3277	1	1
7 2292	7 2044	1	1
7 2292	2 1463	1	1
7 2292	2 4561	1	1
7 2292	4 1472	1	1
7 2292	1 3354	1	1
7 2292	0 4929	1	1
7 2293	7 2216	1	1
7 2293	3 895	1	1
7 2293	2 2098	1	1
7 2293	5 4192	1	1
7 2293	5 731	1	1
7 2293	4 4408	1	1
7 2294	7 1912	1	1
7 2294	3 236	1	1
7 2294	5 1812	1	1
7 2294	5 1361	1	1
7 2294	6 303	1	1
7 2294	3 3549	1	1
7 2295	7 2617	1	1
7 2295	7 3669	1	1
7 2295	2 2420	1	1
7 2295	0 187	1	1
7 2295	2 112	1	1
7 2295	1 3537	1	1
7 2296	7 1240	1	1
7 2296	4 70	1	1
7 2296	6 4882	1	1
7 2296	5 4517	1	1
7 2296	3 3595	1	1
7 2296	3 4270	1	1
7 2297	7 4408	1	1
7 2297	0 2519	1	1
7 2297	0 3885	1	1
7 2297	5 1132	1	1
7 2297	3 3889	1	1
7 2297	1 1959	1	1
7 2298	7 1044	1	1
7 2298	6 2614	1	1
7 2298	4 3106	1	1
7 2298	4 2618	1	1
7 2298	3 2275	1	1
7 2298	0 2369	1	1
7 2299	2 2255	1	1
7 2299	2 1951	1	1
7 2299	5 1119	1	1
7 2299	6 229	1	1
7 2299	1 3371	1	1
7 2299	1 773	1	1
7 2300	0 3735	1	1
7 2300	0 4554	1	1
7 2300	2 3053	1	1
7 2300	5 712	1	1
7 2300	2 2902	1	1
7 2300	4 1571	1	1
7 2301	0 37	1	1
7 2301	1 2028	1	1
7 2301	1 4563	1	1
7 2301	2 4346	1	1
7 2301	0 1073	1	1
7 2301	3 2265	1	1
7 2302	0 4673	1	1
7 2302	3 1746	1	1
7 2302	5 4098	1	1
7 2302	4 1271	1	1
7 2302	2 288	1	1
7 2302	0 1185	1	1
7 2303	7 1581	1	1
7 2303	3 2996	1	1
7 2303	4 2126	1	1
7 2303	3 4896	1	1
7 2303	5 4566	1	1
7 2303	4 3269	1	1
7 2304	6 345	1	1
7 2304	6 3130	1	1
7 2304	3 4320	1	1
7 2304	4 3045	1	1
7 2304	0 1967	1	1
7 2304	3 4834	1	1
7 2305	0 1999	1	1
7 2305	1 1176	1	1
7 2305	4 4815	1	1
7 2305	2 2584	1	1
7 2305	0 2843	1	1
7 2305	5 2402	1	1
7 2306	7 1431	1	1
7 2306	6 3004	1	1
7 2306	2 3595	1	1
7 2306	2 708	1	1
7 2306	3 3783	1	1
7 2306	6 1206	1	1
7 2307	0 708	1	1
7 2307	2 2496	1	1
7 2307	1 4045	1	1
7 2307	1 743	1	1
7 2307	1 1385	1	1
7 2307	5 1113	1	1
7 2308	7 2854	1	1
7 2308	7 2682	1	1
7 2308	3 187	1	1
7 2308	5 916	1	1
7 2308	5 4485	1	1
7 2308	4 21	1	1
7 2309	7 3958	1	1
7 2309	5 3988	1	1
7 2309	0 199	1	1
7 2309	2 2065	1	1
7 2309	2 679	1	1
7 2309	0 2954	1	1
7 2310	3 568	1	1
7 2310	4 3538	1	1
7 2310	5 483	1	1
7 2310	3 60	1	1
7 2310	2 122	1	1
7 2310	4 3185	1	1
7 2311	7 1504	1	1
7 2311	7 4295	1	1
7 2311	1 2970	1	1
7 2311	3 1245	1	1
7 2311	0 2389	1	1
7 2311	5 4806	1	1
7 2312	0 1570	1	1
7 2312	1 4934	1	1
7 2312	6 1946	1	1
7 2312	1 19	1	1
7 2312	2 2827	1	1
7 2312	1 2010	1	1
7 2313	6 4592	1	1
7 2313	5 2555	1	1
7 2313	0 3864	1	1
7 2313	1 1722	1	1
7 2313	2 1343	1	1
7 2313	0 3645	1	1
7 2314	7 4710	1	1
7 2314	2 4424	1	1
7 2314	5 3233	1	1
7 2314	6 3693	1	1
7 2314	2 4078	1	1
7 2314	2 882	1	1
7 2315	7 1221	1	1
7 2315	3 3976	1	1
7 2315	0 4946	1	1
7 2315	6 3284	1	1
7 2315	1 2301	1	1
7 2315	2 1743	1	1
7 2316	7 4761	1	1
7 2316	6 3536	1	1
7 2316	3 73	1	1
7 2316	1 2107	1	1
7 2316	3 3397	1	1
7 2316	4 4647	1	1
7 2317	7 388	1	1
7 2317	0 2758	1	1
7 2317	0 2066	1	1
7 2317	5 3193	1	1
7 2317	2 2343	1	1
7 2317	2 3513	1	1
7 2318	7 4	1	1
7 2318	4 4416	1	1
7 2318	3 2260	1	1
7 2318	2 1896	1	1
7 2318	3 3738	1	1
7 2318	5 4494	1	1
7 2319	7 1578	1	1
7 2319	4 339	1	1
7 2319	0 424	1	1
7 2319	3 2928	1	1
7 2319	0 3446	1	1
7 2319	2 2870	1	1
7 2320	7 2354	1	1
7 2320	1 2274	1	1
7 2320	6 2480	1	1
7 2320	6 619	1	1
7 2320	2 418	1	1
7 2320	3 4798	1	1
7 2321	4 2021	1	1
7 2321	1 4419	1	1
7 2321	1 3674	1	1
7 2321	3 748	1	1
7 2321	3 2402	1	1
7 2321	6 2853	1	1
7 2322	3 3272	1	1
7 2322	4 324	1	1
7 2322	3 1455	1	1
7 2322	2 2531	1	1
7 2322	6 2287	1	1
7 2322	5 2345	1	1
7 2323	1 642	1	1
7 2323	0 4152	1	1
7 2323	1 394	1	1
7 2323	0 2380	1	1
7 2323	1 3445	1	1
7 2323	2 1441	1	1
7 2324	7 2245	1	1
7 2324	3 2988	1	1
7 2324	2 2328	1	1
7 2324	0 3613	1	1
7 2324	6 602	1	1
7 2324	1 544	1	1
7 2325	3 3637	1	1
7 2325	2 3236	1	1
7 2325	3 2684	1	1
7 2325	2 4934	1	1
7 2325	3 1111	1	1
7 2325	0 2032	1	1
7 2326	4 2892	1	1
7 2326	6 1816	1	1
7 2326	4 1885	1	1
7 2326	5 283	1	1
7 2326	6 57	1	1
7 2326	2 754	1	1
7 2327	7 2937	1	1
7 2327	0 2748	1	1
7 2327	3 3106	1	1
7 2327	6 4709	1	1
7 2327	5 4339	1	1
7 2327	5 1529	1	1
7 2328	7 1947	1	1
7 2328	3 3516	1	1
7 2328	3 2315	1	1
7 2328	1 2820	1	1
7 2328	3 588	1	1
7 2328	4 4939	1	1
7 2329	7 1397	1	1
7 2329	2 1238	1	1
7 2329	2 1720	1	1
7 2329	6 4791	1	1
7 2329	3 4698	1	1
7 2329	0 4744	1	1
7 2330	7 1131	1	1
7 2330	7 32	1	1
7 2330	6 979	1	1
7 2330	2 2989	1	1
7 2330	4 2335	1	1
7 2330	5 3635	1	1
7 2331	5 1460	1	1
7 2331	3 275	1	1
7 2331	4 2049	1	1
7 2331	6 1051	1	1
7 2331	5 1528	1	1
7 2331	1 3321	1	1
7 2332	7 2349	1	1
7 2332	2 468	1	1
7 2332	1 3578	1	1
7 2332	5 1693	1	1
7 2332	4 2622	1	1
7 2332	5 2864	1	1
7 2333	7 1393	1	1
7 2333	4 1292	1	1
7 2333	0 3370	1	1
7 2333	2 810	1	1
7 2333	5 1534	1	1
7 2333	0 1868	1	1
7 2334	0 3752	1	1
7 2334	6 1168	1	1
7 2334	3 1181	1	1
7 2334	6 3303	1	1
7 2334	1 3931	1	1
7 2334	2 677	1	1
7 2335	7 210	1	1
7 2335	7 1445	1	1
7 2335	5 4103	1	1
7 2335	6 313	1	1
7 2335	0 813	1	1
7 2335	5 1192	1	1
7 2336	7 2856	1	1
7 2336	1 949	1	1
7 2336	1 1509	1	1
7 2336	4 1827	1	1
7 2336	1 4728	1	1
7 2336	4 1578	1	1
7 2337	7 4740	1	1
7 2337	4 1199	1	1
7 2337	1 42	1	1
7 2337	0 770	1	1
7 2337	4 1412	1	1
7 2337	3 1406	1	1
7 2338	7 1973	1	1
7 2338	1 3726	1	1
7 2338	3 2361	1	1
7 2338	2 1670	1	1
7 2338	3 3551	1	1
7 2338	3 3638	1	1
7 2339	5 2925	1	1
7 2339	3 810	1	1
7 2339	3 4895	1	1
7 2339	4 4297	1	1
7 2339	1 669	1	1
7 2339	5 2413	1	1
7 2340	2 1948	1	1
7 2340	2 2931	1	1
7 2340	6 4173	1	1
7 2340	3 402	1	1
7 2340	5 511	1	1
7 2340	4 256	1	1
7 2341	6 1722	1	1
7 2341	3 4615	1	1
7 2341	1 2214	1	1
7 2341	5 844	1	1
7 2341	1 3561	1	1
7 2341	3 2547	1	1
7 2342	2 3166	1	1
7 2342	4 2024	1	1
7 2342	2 1074	1	1
7 2342	1 1301	1	1
7 2342	4 4163	1	1
7 2342	6 436	1	1
7 2343	7 327	1	1
7 2343	6 1768	1	1
7 2343	3 3759	1	1
7 2343	3 3699	1	1
7 2343	3 1370	1	1
7 2343	1 972	1	1
7 2344	7 1774	1	1
7 2344	1 2798	1	1
7 2344	2 2763	1	1
7 2344	0 2056	1	1
7 2344	3 2914	1	1
7 2344	2 3264	1	1
7 2345	7 1926	1	1
7 2345	3 3753	1	1
7 2345	5 3794	1	1
7 2345	3 1626	1	1
7 2345	1 2492	1	1
7 2345	3 3336	1	1
7 2346	0 2129	1	1
7 2346	1 3719	1	1
7 2346	2 1806	1	1
7 2346	6 1551	1	1
7 2346	0 4379	1	1
7 2346	1 1474	1	1
7 2347	7 3988	1	1
7 2347	5 2400	1	1
7 2347	4 388	1	1
7 2347	2 899	1	1
7 2347	5 3953	1	1
7 2347	1 4908	1	1
7 2348	7 1372	1	1
7 2348	7 3113	1	1
7 2348	6 4117	1	1
7 2348	3 3746	1	1
7 2348	1 4259	1	1
7 2348	0 3794	1	1
7 2349	7 4358	1	1
7 2349	6 2052	1	1
7 2349	6 1634	1	1
7 2349	3 198	1	1
7 2349	3 4491	1	1
7 2349	3 2693	1	1
7 2350	7 885	1	1
7 2350	2 990	1	1
7 2350	4 4168	1	1
7 2350	4 2560	1	1
7 2350	5 4516	1	1
7 2350	3 1978	1	1
7 2351	7 1	1	1
7 2351	3 4677	1	1
7 2351	5 3874	1	1
7 2351	1 2946	1	1
7 2351	0 3896	1	1
7 2351	6 3474	1	1
7 2352	7 4206	1	1
7 2352	4 935	1	1
7 2352	3 1918	1	1
7 2352	6 1555	1	1
7 2352	3 1584	1	1
7 2352	5 1205	1	1
7 2353	5 1655	1	1
7 2353	3 2275	1	1
7 2353	1 4050	1	1
7 2353	6 2787	1	1
7 2353	1 2717	1	1
7 2353	5 4691	1	1
7 2354	4 2787	1	1
7 2354	5 4648	1	1
7 2354	6 3574	1	1
7 2354	6 2247	1	1
7 2354	0 308	1	1
7 2354	4 3395	1	1
7 2355	7 3800	1	1
7 2355	7 4648	1	1
7 2355	6 2627	1	1
7 2355	0 440	1	1
7 2355	2 720	1	1
7 2355	6 235	1	1
7 2356	3 3370	1	1
7 2356	5 4057	1	1
7 2356	4 871	1	1
7 2356	6 1219	1	1
7 2356	4 3556	1	1
7 2356	3 4713	1	1
7 2357	7 3415	1	1
7 2357	1 2941	1	1
7 2357	1 544	1	1
7 2357	6 1034	1	1
7 2357	4 2600	1	1
7 2357	4 3964	1	1
7 2358	5 2711	1	1
7 2358	5 4668	1	1
7 2358	5 1344	1	1
7 2358	0 2003	1	1
7 2358	2 4676	1	1
7 2358	2 3952	1	1
7 2359	2 1690	1	1
7 2359	5 4349	1	1
7 2359	3 4326	1	1
7 2359	0 1556	1	1
7 2359	3 2149	1	1
7 2359	5 2898	1	1
7 2360	7 3045	1	1
7 2360	6 1348	1	1
7 2360	6 973	1	1
7 2360	6 3448	1	1
7 2360	5 3708	1	1
7 2360	0 1746	1	1
7 2361	5 2975	1	1
7 2361	0 348	1	1
7 2361	5 1184	1	1
7 2361	0 3223	1	1
7 2361	3 2761	1	1
7 2361	6 4398	1	1
7 2362	2 1783	1	1
7 2362	0 3433	1	1
7 2362	4 1257	1	1
7 2362	1 1865	1	1
7 2362	1 1425	1	1
7 2362	2 4801	1	1
7 2363	2 1661	1	1
7 2363	3 2796	1	1
7 2363	1 3032	1	1
7 2363	3 1276	1	1
7 2363	3 1209	1	1
7 2363	4 2473	1	1
7 2364	6 284	1	1
7 2364	1 2044	1	1
7 2364	2 921	1	1
7 2364	5 1595	1	1
7 2364	1 2004	1	1
7 2364	6 1631	1	1
7 2365	1 2400	1	1
7 2365	6 1806	1	1
7 2365	6 1645	1	1
7 2365	4 120	1	1
7 2365	1 2969	1	1
7 2365	4 4567	1	1
7 2366	3 1199	1	1
7 2366	1 168	1	1
7 2366	6 2517	1	1
7 2366	1 626	1	1
7 2366	0 269	1	1
7 2366	2 3468	1	1
7 2367	6 3231	1	1
7 2367	5 3550	1	1
7 2367	5 224	1	1
7 2367	4 2914	1	1
7 2367	6 922	1	1
7 2367	3 3842	1	1
7 2368	6 3340	1	1
7 2368	0 964	1	1
7 2368	6 615	1	1
7 2368	2 4757	1	1
7 2368	5 4016	1	1
7 2368	0 2561	1	1
7 2369	0 1164	1	1
7 2369	3 2034	1	1
7 2369	5 2833	1	1
7 2369	2 3113	1	1
7 2369	0 3501	1	1
7 2369	1 1396	1	1
7 2370	0 4574	1	1
7 2370	4 2262	1	1
7 2370	0 1002	1	1
7 2370	5 1454	1	1
7 2370	5 683	1	1
7 2370	4 4106	1	1
7 2371	5 4816	1	1
7 2371	6 3548	1	1
7 2371	3 4151	1	1
7 2371	2 574	1	1
7 2371	1 2805	1	1
7 2371	3 2865	1	1
7 2372	5 4011	1	1
7 2372	4 65	1	1
7 2372	6 3753	1	1
7 2372	5 2565	1	1
7 2372	1 4398	1	1
7 2372	6 2458	1	1
7 2373	1 4349	1	1
7 2373	2 3340	1	1
7 2373	5 2402	1	1
7 2373	3 2888	1	1
7 2373	4 781	1	1
7 2373	4 2984	1	1
7 2374	5 2163	1	1
7 2374	0 3670	1	1
7 2374	2 4534	1	1
7 2374	4 560	1	1
7 2374	6 1482	1	1
7 2374	1 2730	1	1
7 2375	3 4329	1	1
7 2375	4 3249	1	1
7 2375	0 4434	1	1
7 2375	6 2189	1	1
7 2375	3 3594	1	1
7 2375	5 1700	1	1
7 2376	6 4574	1	1
7 2376	0 3880	1	1
7 2376	4 3272	1	1
7 2376	5 2317	1	1
7 2376	2 1855	1	1
7 2376	0 3305	1	1
7 2377	7 1810	1	1
7 2377	6 2402	1	1
7 2377	1 1485	1	1
7 2377	1 4505	1	1
7 2377	5 1876	1	1
7 2377	3 4555	1	1
7 2378	2 3665	1	1
7 2378	0 1578	1	1
7 2378	3 1265	1	1
7 2378	4 107	1	1
7 2378	0 4292	1	1
7 2378	2 1234	1	1
7 2379	6 1863	1	1
7 2379	1 3955	1	1
7 2379	0 3432	1	1
7 2379	1 1125	1	1
7 2379	5 3045	1	1
7 2379	3 1862	1	1
7 2380	7 1274	1	1
7 2380	4 4928	1	1
7 2380	6 1010	1	1
7 2380	1 1264	1	1
7 2380	5 651	1	1
7 2380	1 2009	1	1
7 2381	7 1523	1	1
7 2381	7 4729	1	1
7 2381	5 263	1	1
7 2381	5 3378	1	1
7 2381	3 3747	1	1
7 2381	6 1105	1	1
7 2382	7 2113	1	1
7 2382	7 3392	1	1
7 2382	7 1268	1	1
7 2382	4 2627	1	1
7 2382	6 3149	1	1
7 2382	5 1768	1	1
7 2383	7 1684	1	1
7 2383	5 3118	1	1
7 2383	3 2085	1	1
7 2383	2 525	1	1
7 2383	1 4964	1	1
7 2383	3 2542	1	1
7 2384	7 1307	1	1
7 2384	1 2258	1	1
7 2384	6 2495	1	1
7 2384	0 1741	1	1
7 2384	0 2707	1	1
7 2384	0 2987	1	1
7 2385	7 4433	1	1
7 2385	0 2085	1	1
7 2385	2 4709	1	1
7 2385	0 2760	1	1
7 2385	1 4011	1	1
7 2385	6 457	1	1
7 2386	7 3276	1	1
7 2386	5 63	1	1
7 2386	2 2862	1	1
7 2386	5 1976	1	1
7 2386	5 1608	1	1
7 2386	2 2092	1	1
7 2387	7 1537	1	1
7 2387	7 949	1	1
7 2387	7 3121	1	1
7 2387	5 1376	1	1
7 2387	2 396	1	1
7 2387	2 997	1	1
7 2388	7 1051	1	1
7 2388	7 2906	1	1
7 2388	1 1083	1	1
7 2388	3 1891	1	1
7 2388	1 4731	1	1
7 2388	2 3243	1	1
7 2389	7 3909	1	1
7 2389	7 4282	1	1
7 2389	1 313	1	1
7 2389	1 320	1	1
7 2389	3 2249	1	1
7 2389	0 552	1	1
7 2390	7 4529	1	1
7 2390	6 2779	1	1
7 2390	1 4993	1	1
7 2390	5 2828	1	1
7 2390	1 2297	1	1
7 2390	3 1728	1	1
7 2391	7 1782	1	1
7 2391	7 3197	1	1
7 2391	3 3944	1	1
7 2391	1 2975	1	1
7 2391	0 2958	1	1
7 2391	6 656	1	1
7 2392	7 2846	1	1
7 2392	7 258	1	1
7 2392	3 2644	1	1
7 2392	4 4711	1	1
7 2392	0 2289	1	1
7 2392	6 1615	1	1
7 2393	7 1825	1	1
7 2393	3 2667	1	1
7 2393	5 517	1	1
7 2393	1 3140	1	1
7 2393	5 2939	1	1
7 2393	0 1921	1	1
7 2394	2 1743	1	1
7 2394	0 4175	1	1
7 2394	3 4647	1	1
7 2394	2 1349	1	1
7 2394	1 3404	1	1
7 2394	4 4410	1	1
7 2395	4 1183	1	1
7 2395	3 722	1	1
7 2395	6 1820	1	1
7 2395	6 1650	1	1
7 2395	5 340	1	1
7 2395	3 914	1	1
7 2396	0 4029	1	1
7 2396	4 4479	1	1
7 2396	3 4266	1	1
7 2396	5 4934	1	1
7 2396	6 4206	1	1
7 2396	4 3583	1	1
7 2397	7 2267	1	1
7 2397	7 4518	1	1
7 2397	6 117	1	1
7 2397	5 2563	1	1
7 2397	6 2	1	1
7 2397	2 3706	1	1
7 2398	7 4647	1	1
7 2398	4 1223	1	1
7 2398	2 628	1	1
7 2398	2 2548	1	1
7 2398	2 2335	1	1
7 2398	1 2218	1	1
7 2399	2 2223	1	1
7 2399	6 4961	1	1
7 2399	4 3572	1	1
7 2399	5 3602	1	1
7 2399	2 4888	1	1
7 2399	1 1127	1	1
7 2400	0 2321	1	1
7 2400	2 3646	1	1
7 2400	3 4241	1	1
7 2400	2 1469	1	1
7 2400	0 4150	1	1
7 2400	6 1905	1	1
7 2401	1 3947	1	1
7 2401	2 4039	1	1
7 2401	5 1792	1	1
7 2401	3 2126	1	1
7 2401	6 3493	1	1
7 2401	2 2487	1	1
7 2402	4 700	1	1
7 2402	3 4103	1	1
7 2402	4 1362	1	1
7 2402	4 4902	1	1
7 2402	2 3996	1	1
7 2402	6 2476	1	1
7 2403	3 288	1	1
7 2403	4 3813	1	1
7 2403	6 2840	1	1
7 2403	5 2988	1	1
7 2403	3 4373	1	1
7 2403	4 934	1	1
7 2404	7 2292	1	1
7 2404	7 3623	1	1
7 2404	7 4149	1	1
7 2404	4 4086	1	1
7 2404	2 2663	1	1
7 2404	0 2475	1	1
7 2405	3 2457	1	1
7 2405	1 3028	1	1
7 2405	5 4702	1	1
7 2405	3 2711	1	1
7 2405	5 2231	1	1
7 2405	6 1295	1	1
7 2406	1 2290	1	1
7 2406	5 961	1	1
7 2406	4 4963	1	1
7 2406	2 4197	1	1
7 2406	1 476	1	1
7 2406	3 2507	1	1
7 2407	7 516	1	1
7 2407	5 2794	1	1
7 2407	0 4331	1	1
7 2407	3 114	1	1
7 2407	5 2471	1	1
7 2407	6 1773	1	1
7 2408	1 2869	1	1
7 2408	6 2908	1	1
7 2408	1 42	1	1
7 2408	3 1595	1	1
7 2408	1 4339	1	1
7 2408	6 1311	1	1
7 2409	7 4070	1	1
7 2409	2 3133	1	1
7 2409	0 3010	1	1
7 2409	3 2695	1	1
7 2409	0 1615	1	1
7 2409	1 3336	1	1
7 2410	3 3605	1	1
7 2410	6 2697	1	1
7 2410	2 2791	1	1
7 2410	2 3838	1	1
7 2410	3 1081	1	1
7 2410	3 3819	1	1
7 2411	2 1217	1	1
7 2411	4 1578	1	1
7 2411	5 2822	1	1
7 2411	3 3253	1	1
7 2411	2 134	1	1
7 2411	3 4047	1	1
7 2412	7 1923	1	1
7 2412	7 2906	1	1
7 2412	0 4882	1	1
7 2412	0 1164	1	1
7 2412	3 4752	1	1
7 2412	5 1641	1	1
7 2413	7 1099	1	1
7 2413	7 808	1	1
7 2413	1 1304	1	1
7 2413	2 3080	1	1
7 2413	5 2478	1	1
7 2413	3 1881	1	1
7 2414	7 2759	1	1
7 2414	7 2422	1	1
7 2414	2 3623	1	1
7 2414	2 2177	1	1
7 2414	6 921	1	1
7 2414	4 2914	1	1
7 2415	7 2311	1	1
7 2415	7 2533	1	1
7 2415	3 1730	1	1
7 2415	2 3344	1	1
7 2415	4 4252	1	1
7 2415	5 572	1	1
7 2416	7 458	1	1
7 2416	6 486	1	1
7 2416	0 3319	1	1
7 2416	4 555	1	1
7 2416	5 1382	1	1
7 2416	3 1272	1	1
7 2417	7 4539	1	1
7 2417	0 772	1	1
7 2417	3 4834	1	1
7 2417	6 2358	1	1
7 2417	6 1808	1	1
7 2417	3 2287	1	1
7 2418	3 4543	1	1
7 2418	5 1038	1	1
7 2418	5 4615	1	1
7 2418	0 1854	1	1
7 2418	0 4578	1	1
7 2418	5 456	1	1
7 2419	7 1142	1	1
7 2419	7 4322	1	1
7 2419	0 2174	1	1
7 2419	3 3019	1	1
7 2419	3 3812	1	1
7 2419	5 3701	1	1
7 2420	3 2012	1	1
7 2420	4 1665	1	1
7 2420	1 876	1	1
7 2420	2 3626	1	1
7 2420	3 4433	1	1
7 2420	1 3143	1	1
7 2421	7 630	1	1
7 2421	4 876	1	1
7 2421	0 1908	1	1
7 2421	3 3536	1	1
7 2421	1 2002	1	1
7 2421	1 4623	1	1
7 2422	7 1022	1	1
7 2422	0 803	1	1
7 2422	1 1413	1	1
7 2422	0 1859	1	1
7 2422	2 431	1	1
7 2422	2 3962	1	1
7 2423	7 3697	1	1
7 2423	7 3395	1	1
7 2423	1 551	1	1
7 2423	6 615	1	1
7 2423	2 2001	1	1
7 2423	1 1086	1	1
7 2424	7 1692	1	1
7 2424	7 4829	1	1
7 2424	7 4151	1	1
7 2424	4 4174	1	1
7 2424	0 4262	1	1
7 2424	4 3545	1	1
7 2425	6 149	1	1
7 2425	6 1992	1	1
7 2425	5 3599	1	1
7 2425	6 822	1	1
7 2425	2 692	1	1
7 2425	3 869	1	1
7 2426	2 3883	1	1
7 2426	4 2380	1	1
7 2426	0 4576	1	1
7 2426	5 4620	1	1
7 2426	6 2565	1	1
7 2426	3 1662	1	1
7 2427	7 3664	1	1
7 2427	2 1313	1	1
7 2427	4 1044	1	1
7 2427	2 4974	1	1
7 2427	0 3930	1	1
7 2427	4 3409	1	1
7 2428	7 3868	1	1
7 2428	7 202	1	1
7 2428	7 4395	1	1
7 2428	2 1573	1	1
7 2428	1 4398	1	1
7 2428	5 1568	1	1
7 2429	0 4124	1	1
7 2429	4 4986	1	1
7 2429	1 2531	1	1
7 2429	1 363	1	1
7 2429	1 385	1	1
7 2429	1 1464	1	1
7 2430	7 3115	1	1
7 2430	5 1697	1	1
7 2430	0 1074	1	1
7 2430	3 941	1	1
7 2430	3 339	1	1
7 2430	5 1990	1	1
7 2431	7 2124	1	1
7 2431	0 3310	1	1
7 2431	2 4140	1	1
7 2431	6 3962	1	1
7 2431	5 164	1	1
7 2431	0 4821	1	1
7 2432	4 3541	1	1
7 2432	3 23	1	1
7 2432	1 801	1	1
7 2432	2 4188	1	1
7 2432	1 4777	1	1
7 2432	5 883	1	1
7 2433	7 4538	1	1
7 2433	5 2391	1	1
7 2433	4 3997	1	1
7 2433	2 1824	1	1
7 2433	1 4174	1	1
7 2433	0 4563	1	1
7 2434	4 2518	1	1
7 2434	0 4358	1	1
7 2434	5 3722	1	1
7 2434	1 1160	1	1
7 2434	2 2216	1	1
7 2434	4 431	1	1
7 2435	7 4348	1	1
7 2435	5 308	1	1
7 2435	2 1395	1	1
7 2435	0 2118	1	1
7 2435	3 47	1	1
7 2435	4 3880	1	1
7 2436	7 3484	1	1
7 2436	5 2595	1	1
7 2436	1 2603	1	1
7 2436	1 1455	1	1
7 2436	0 4167	1	1
7 2436	0 3987	1	1
7 2437	3 547	1	1
7 2437	4 1466	1	1
7 2437	0 3653	1	1
7 2437	3 2879	1	1
7 2437	3 1971	1	1
7 2437	3 1549	1	1
7 2438	4 2466	1	1
7 2438	5 3543	1	1
7 2438	5 2739	1	1
7 2438	4 1803	1	1
7 2438	4 760	1	1
7 2438	3 486	1	1
7 2439	7 1333	1	1
7 2439	6 964	1	1
7 2439	6 4002	1	1
7 2439	5 1167	1	1
7 2439	5 2746	1	1
7 2439	0 1448	1	1
7 2440	3 48	1	1
7 2440	3 3541	1	1
7 2440	4 1215	1	1
7 2440	0 1153	1	1
7 2440	5 4518	1	1
7 2440	6 139	1	1
7 2441	7 2822	1	1
7 2441	6 4686	1	1
7 2441	1 3120	1	1
7 2441	5 3876	1	1
7 2441	6 2009	1	1
7 2441	0 1571	1	1
7 2442	7 3460	1	1
7 2442	1 3170	1	1
7 2442	3 277	1	1
7 2442	4 2207	1	1
7 2442	4 3821	1	1
7 2442	4 132	1	1
7 2443	7 4799	1	1
7 2443	2 2917	1	1
7 2443	4 697	1	1
7 2443	2 3440	1	1
7 2443	3 1542	1	1
7 2443	6 2121	1	1
7 2444	2 1488	1	1
7 2444	4 3639	1	1
7 2444	2 2049	1	1
7 2444	4 2165	1	1
7 2444	6 4153	1	1
7 2444	2 3732	1	1
7 2445	7 2983	1	1
7 2445	7 2205	1	1
7 2445	3 901	1	1
7 2445	5 3182	1	1
7 2445	4 2088	1	1
7 2445	4 1963	1	1
7 2446	2 4893	1	1
7 2446	4 1072	1	1
7 2446	1 592	1	1
7 2446	1 1038	1	1
7 2446	4 1730	1	1
7 2446	4 3017	1	1
7 2447	7 2550	1	1
7 2447	3 3167	1	1
7 2447	2 4766	1	1
7 2447	5 4166	1	1
7 2447	0 1760	1	1
7 2447	1 3482	1	1
7 2448	2 2676	1	1
7 2448	3 4904	1	1
7 2448	4 2887	1	1
7 2448	0 36	1	1
7 2448	0 709	1	1
7 2448	0 577	1	1
7 2449	1 2756	1	1
7 2449	2 2405	1	1
7 2449	5 1641	1	1
7 2449	6 3584	1	1
7 2449	2 4306	1	1
7 2449	1 1325	1	1
7 2450	7 501	1	1
7 2450	7 1653	1	1
7 2450	6 2656	1	1
7 2450	5 409	1	1
7 2450	4 4613	1	1
7 2450	4 3577	1	1
7 2451	2 2589	1	1
7 2451	6 676	1	1
7 2451	5 1857	1	1
7 2451	5 4615	1	1
7 2451	6 603	1	1
7 2451	6 1617	1	1
7 2452	5 2199	1	1
7 2452	3 4292	1	1
7 2452	2 2632	1	1
7 2452	0 4437	1	1
7 2452	6 701	1	1
7 2452	6 1474	1	1
7 2453	7 799	1	1
7 2453	7 1750	1	1
7 2453	6 2042	1	1
7 2453	5 17	1	1
7 2453	4 3336	1	1
7 2453	0 3795	1	1
7 2454	5 170	1	1
7 2454	5 1416	1	1
7 2454	1 3878	1	1
7 2454	2 76	1	1
7 2454	2 11	1	1
7 2454	6 2301	1	1
7 2455	2 458	1	1
7 2455	2 4336	1	1
7 2455	5 3257	1	1
7 2455	1 4250	1	1
7 2455	5 2807	1	1
7 2455	4 2497	1	1
7 2456	5 1927	1	1
7 2456	0 1264	1	1
7 2456	5 4010	1	1
7 2456	2 2408	1	1
7 2456	5 847	1	1
7 2456	5 2941	1	1
7 2457	7 1726	1	1
7 2457	1 620	1	1
7 2457	5 1678	1	1
7 2457	1 1040	1	1
7 2457	2 1241	1	1
7 2457	4 3093	1	1
7 2458	7 2718	1	1
7 2458	1 2367	1	1
7 2458	6 4946	1	1
7 2458	3 2810	1	1
7 2458	3 3929	1	1
7 2458	5 1720	1	1
7 2459	7 663	1	1
7 2459	7 2618	1	1
7 2459	7 1555	1	1
7 2459	7 4103	1	1
7 2459	3 4100	1	1
7 2459	4 495	1	1
7 2460	3 2834	1	1
7 2460	3 1966	1	1
7 2460	2 1986	1	1
7 2460	4 4673	1	1
7 2460	2 2317	1	1
7 2460	5 4248	1	1
7 2461	1 4312	1	1
7 2461	2 3494	1	1
7 2461	5 2142	1	1
7 2461	2 1362	1	1
7 2461	6 4785	1	1
7 2461	3 1750	1	1
7 2462	7 3135	1	1
7 2462	7 178	1	1
7 2462	5 499	1	1
7 2462	1 4827	1	1
7 2462	3 4650	1	1
7 2462	4 2709	1	1
7 2463	7 3757	1	1
7 2463	0 4818	1	1
7 2463	6 4705	1	1
7 2463	5 1883	1	1
7 2463	6 2258	1	1
7 2463	0 4427	1	1
7 2464	0 81	1	1
7 2464	3 2162	1	1
7 2464	6 2403	1	1
7 2464	6 2122	1	1
7 2464	0 4542	1	1
7 2464	2 3966	1	1
7 2465	7 2854	1	1
7 2465	7 3859	1	1
7 2465	2 1493	1	1
7 2465	2 1027	1	1
7 2465	1 2572	1	1
7 2465	1 2090	1	1
7 2466	6 1945	1	1
7 2466	5 1091	1	1
7 2466	3 1195	1	1
7 2466	0 3739	1	1
7 2466	4 3597	1	1
7 2466	0 1551	1	1
7 2467	7 4302	1	1
7 2467	7 3567	1	1
7 2467	3 842	1	1
7 2467	0 922	1	1
7 2467	5 3294	1	1
7 2467	2 1138	1	1
7 2468	2 846	1	1
7 2468	3 4381	1	1
7 2468	1 1522	1	1
7 2468	3 4542	1	1
7 2468	5 876	1	1
7 2468	0 1284	1	1
7 2469	7 4792	1	1
7 2469	4 2625	1	1
7 2469	1 4563	1	1
7 2469	2 1090	1	1
7 2469	5 3325	1	1
7 2469	0 1920	1	1
7 2470	7 2335	1	1
7 2470	7 2544	1	1
7 2470	6 2566	1	1
7 2470	5 4438	1	1
7 2470	1 4180	1	1
7 2470	4 3846	1	1
7 2471	5 221	1	1
7 2471	5 3617	1	1
7 2471	0 920	1	1
7 2471	0 3790	1	1
7 2471	5 4030	1	1
7 2471	3 2049	1	1
7 2472	3 3521	1	1
7 2472	6 3284	1	1
7 2472	3 4961	1	1
7 2472	1 1055	1	1
7 2472	0 2127	1	1
7 2472	3 1943	1	1
7 2473	6 3326	1	1
7 2473	2 3166	1	1
7 2473	1 3245	1	1
7 2473	0 1253	1	1
7 2473	0 4083	1	1
7 2473	1 240	1	1
7 2474	7 253	1	1
7 2474	0 3860	1	1
7 2474	4 4194	1	1
7 2474	6 780	1	1
7 2474	0 4707	1	1
7 2474	4 3338	1	1
7 2475	0 3276	1	1
7 2475	6 4875	1	1
7 2475	2 2361	1	1
7 2475	0 4281	1	1
7 2475	5 2767	1	1
7 2475	0 379	1	1
7 2476	7 4116	1	1
7 2476	7 552	1	1
7 2476	0 4193	1	1
7 2476	2 4181	1	1
7 2476	4 4174	1	1
7 2476	6 3820	1	1
7 2477	4 2923	1	1
7 2477	6 3540	1	1
7 2477	3 4589	1	1
7 2477	1 2760	1	1
7 2477	3 3570	1	1
7 2477	6 3155	1	1
7 2478	0 1235	1	1
7 2478	0 25	1	1
7 2478	4 5000	1	1
7 2478	3 2370	1	1
7 2478	2 3760	1	1
7 2478	5 4549	1	1
7 2479	3 4025	1	1
7 2479	6 1338	1	1
7 2479	0 3764	1	1
7 2479	1 4055	1	1
7 2479	5 2146	1	1
7 2479	3 1445	1	1
7 2480	0 1072	1	1
7 2480	0 4613	1	1
7 2480	2 3158	1	1
7 2480	1 1760	1	1
7 2480	0 57	1	1
7 2480	4 915	1	1
7 2481	7 1727	1	1
7 2481	0 234	1	1
7 2481	2 4079	1	1
7 2481	6 579	1	1
7 2481	0 216	1	1
7 2481	5 2326	1	1
7 2482	3 279	1	1
7 2482	4 2869	1	1
7 2482	2 1944	1	1
7 2482	4 4445	1	1
7 2482	2 3397	1	1
7 2482	4 1778	1	1
7 2483	6 731	1	1
7 2483	5 1148	1	1
7 2483	4 1475	1	1
7 2483	3 2533	1	1
7 2483	0 4543	1	1
7 2483	4 1161	1	1
7 2484	4 701	1	1
7 2484	1 504	1	1
7 2484	4 2299	1	1
7 2484	6 4629	1	1
7 2484	1 2043	1	1
7 2484	6 3880	1	1
7 2485	7 1577	1	1
7 2485	2 2329	1	1
7 2485	0 1414	1	1
7 2485	5 1436	1	1
7 2485	6 4065	1	1
7 2485	5 3010	1	1
7 2486	5 2028	1	1
7 2486	0 4007	1	1
7 2486	6 238	1	1
7 2486	2 748	1	1
7 2486	4 917	1	1
7 2486	0 1021	1	1
7 2487	7 3080	1	1
7 2487	5 945	1	1
7 2487	2 4622	1	1
7 2487	6 3951	1	1
7 2487	6 3099	1	1
7 2487	5 4034	1	1
7 2488	0 2968	1	1
7 2488	4 3959	1	1
7 2488	5 1932	1	1
7 2488	4 377	1	1
7 2488	6 3324	1	1
7 2488	2 807	1	1
7 2489	1 1731	1	1
7 2489	3 1429	1	1
7 2489	5 2661	1	1
7 2489	1 2124	1	1
7 2489	4 1944	1	1
7 2489	6 4154	1	1
7 2490	4 1422	1	1
7 2490	5 1562	1	1
7 2490	3 3518	1	1
7 2490	6 3756	1	1
7 2490	2 774	1	1
7 2490	5 4930	1	1
7 2491	7 952	1	1
7 2491	0 2873	1	1
7 2491	6 3548	1	1
7 2491	0 4438	1	1
7 2491	6 411	1	1
7 2491	6 4738	1	1
7 2492	7 4934	1	1
7 2492	7 2102	1	1
7 2492	2 2704	1	1
7 2492	5 1705	1	1
7 2492	5 2091	1	1
7 2492	5 585	1	1
7 2493	7 3241	1	1
7 2493	7 577	1	1
7 2493	1 4714	1	1
7 2493	3 2761	1	1
7 2493	5 1210	1	1
7 2493	5 2098	1	1
7 2494	6 2156	1	1
7 2494	2 1485	1	1
7 2494	0 4025	1	1
7 2494	0 4041	1	1
7 2494	4 1578	1	1
7 2494	6 2084	1	1
7 2495	7 3964	1	1
7 2495	0 1503	1	1
7 2495	6 673	1	1
7 2495	4 3849	1	1
7 2495	5 4957	1	1
7 2495	0 2428	1	1
7 2496	7 2951	1	1
7 2496	3 1964	1	1
7 2496	3 391	1	1
7 2496	3 2428	1	1
7 2496	4 4348	1	1
7 2496	6 4698	1	1
7 2497	7 2897	1	1
7 2497	6 2409	1	1
7 2497	4 2584	1	1
7 2497	3 1153	1	1
7 2497	3 3711	1	1
7 2497	4 2388	1	1
7 2498	4 903	1	1
7 2498	6 1038	1	1
7 2498	3 3985	1	1
7 2498	2 4471	1	1
7 2498	3 934	1	1
7 2498	0 2212	1	1
7 2499	7 687	1	1
7 2499	6 2815	1	1
7 2499	3 795	1	1
7 2499	6 1421	1	1
7 2499	3 3884	1	1
7 2499	3 3339	1	1
7 2500	7 1389	1	1
7 2500	7 1493	1	1
7 2500	7 463	1	1
7 2500	4 1548	1	1
7 2500	3 3582	1	1
7 2500	2 2900	1	1
7 2501	3 2012	1	1
7 2501	0 84	1	1
7 2501	1 740	1	1
7 2501	3 674	1	1
7 2501	3 4841	1	1
7 2501	6 4958	1	1
7 2502	7 4838	1	1
7 2502	5 1111	1	1
7 2502	6 1821	1	1
7 2502	2 3540	1	1
7 2502	3 3789	1	1
7 2502	6 2583	1	1
7 2503	4 2231	1	1
7 2503	3 4095	1	1
7 2503	4 4359	1	1
7 2503	2 4412	1	1
7 2503	0 3334	1	1
7 2503	2 1547	1	1
7 2504	7 653	1	1
7 2504	3 2181	1	1
7 2504	2 4421	1	1
7 2504	0 4627	1	1
7 2504	3 3313	1	1
7 2504	5 197	1	1
7 2505	6 3716	1	1
7 2505	5 3873	1	1
7 2505	0 2475	1	1
7 2505	3 1912	1	1
7 2505	2 927	1	1
7 2505	5 516	1	1
7 2506	7 90	1	1
7 2506	7 4023	1	1
7 2506	3 2421	1	1
7 2506	6 2166	1	1
7 2506	2 3036	1	1
7 2506	1 4506	1	1
7 2507	4 3436	1	1
7 2507	0 1874	1	1
7 2507	6 2275	1	1
7 2507	1 3615	1	1
7 2507	4 2110	1	1
7 2507	1 4006	1	1
7 2508	7 1933	1	1
7 2508	7 1994	1	1
7 2508	2 4799	1	1
7 2508	0 1973	1	1
7 2508	0 3942	1	1
7 2508	2 418	1	1
7 2509	2 3404	1	1
7 2509	1 4681	1	1
7 2509	6 2229	1	1
7 2509	1 1715	1	1
7 2509	5 342	1	1
7 2509	6 4229	1	1
7 2510	2 4458	1	1
7 2510	5 370	1	1
7 2510	3 4741	1	1
7 2510	0 1012	1	1
7 2510	0 707	1	1
7 2510	0 279	1	1
7 2511	7 3122	1	1
7 2511	7 851	1	1
7 2511	4 1295	1	1
7 2511	4 4997	1	1
7 2511	6 2489	1	1
7 2511	5 2926	1	1
7 2512	5 1079	1	1
7 2512	3 1553	1	1
7 2512	1 1918	1	1
7 2512	3 295	1	1
7 2512	4 1727	1	1
7 2512	1 1743	1	1
7 2513	7 2672	1	1
7 2513	6 1240	1	1
7 2513	6 1533	1	1
7 2513	1 2939	1	1
7 2513	2 2015	1	1
7 2513	4 4312	1	1
7 2514	7 3335	1	1
7 2514	0 309	1	1
7 2514	4 4371	1	1
7 2514	4 1906	1	1
7 2514	0 2243	1	1
7 2514	0 3528	1	1
7 2515	7 3521	1	1
7 2515	4 178	1	1
7 2515	6 4520	1	1
7 2515	5 2375	1	1
7 2515	4 2277	1	1
7 2515	3 600	1	1
7 2516	3 4585	1	1
7 2516	2 4146	1	1
7 2516	0 2566	1	1
7 2516	5 438	1	1
7 2516	1 5	1	1
7 2516	1 2605	1	1
7 2517	7 1165	1	1
7 2517	0 3402	1	1
7 2517	4 923	1	1
7 2517	0 1921	1	1
7 2517	5 2730	1	1
7 2517	5 4389	1	1
7 2518	3 4029	1	1
7 2518	6 1180	1	1
7 2518	5 4889	1	1
7 2518	3 3619	1	1
7 2518	6 3916	1	1
7 2518	2 2745	1	1
7 2519	7 3035	1	1
7 2519	3 2817	1	1
7 2519	2 1290	1	1
7 2519	0 2498	1	1
7 2519	3 728	1	1
7 2519	6 4481	1	1
7 2520	7 3938	1	1
7 2520	1 4440	1	1
7 2520	0 3449	1	1
7 2520	6 2571	1	1
7 2520	0 3068	1	1
7 2520	4 3860	1	1
7 2521	6 317	1	1
7 2521	2 3268	1	1
7 2521	3 2026	1	1
7 2521	1 1113	1	1
7 2521	0 1706	1	1
7 2521	4 1545	1	1
7 2522	7 3256	1	1
7 2522	3 332	1	1
7 2522	5 3139	1	1
7 2522	6 2908	1	1
7 2522	2 4140	1	1
7 2522	0 1782	1	1
7 2523	6 2686	1	1
7 2523	0 792	1	1
7 2523	4 110	1	1
7 2523	6 716	1	1
7 2523	4 1700	1	1
7 2523	1 1348	1	1
7 2524	7 348	1	1
7 2524	4 313	1	1
7 2524	3 4389	1	1
7 2524	4 2702	1	1
7 2524	2 3171	1	1
7 2524	2 4910	1	1
7 2525	7 1942	1	1
7 2525	2 1163	1	1
7 2525	5 3230	1	1
7 2525	4 4737	1	1
7 2525	6 4978	1	1
7 2525	0 2957	1	1
7 2526	7 4327	1	1
7 2526	7 55	1	1
7 2526	5 1420	1	1
7 2526	0 2513	1	1
7 2526	1 2595	1	1
7 2526	0 3956	1	1
7 2527	0 3454	1	1
7 2527	0 3809	1	1
7 2527	1 4579	1	1
7 2527	6 1610	1	1
7 2527	2 4513	1	1
7 2527	2 1019	1	1
7 2528	4 2546	1	1
7 2528	2 4577	1	1
7 2528	2 1643	1	1
7 2528	3 2109	1	1
7 2528	3 4402	1	1
7 2528	4 4713	1	1
7 2529	7 3855	1	1
7 2529	4 4674	1	1
7 2529	6 1758	1	1
7 2529	0 2151	1	1
7 2529	0 3573	1	1
7 2529	0 1958	1	1
7 2530	7 3543	1	1
7 2530	6 141	1	1
7 2530	1 160	1	1
7 2530	3 2502	1	1
7 2530	4 38	1	1
7 2530	3 476	1	1
7 2531	7 443	1	1
7 2531	6 3149	1	1
7 2531	4 1644	1	1
7 2531	0 3731	1	1
7 2531	0 2004	1	1
7 2531	6 1534	1	1
7 2532	7 2825	1	1
7 2532	7 3388	1	1
7 2532	0 33	1	1
7 2532	1 3148	1	1
7 2532	3 3195	1	1
7 2532	4 1234	1	1
7 2533	7 4866	1	1
7 2533	4 4546	1	1
7 2533	4 2202	1	1
7 2533	1 4808	1	1
7 2533	4 4512	1	1
7 2533	0 2724	1	1
7 2534	7 960	1	1
7 2534	7 1789	1	1
7 2534	7 2388	1	1
7 2534	4 2757	1	1
7 2534	1 162	1	1
7 2534	2 3377	1	1
7 2535	7 3736	1	1
7 2535	4 3511	1	1
7 2535	3 1568	1	1
7 2535	5 2200	1	1
7 2535	4 4198	1	1
7 2535	5 3480	1	1
7 2536	7 1338	1	1
7 2536	4 4839	1	1
7 2536	5 3907	1	1
7 2536	6 1359	1	1
7 2536	4 4671	1	1
7 2536	5 1079	1	1
7 2537	7 2109	1	1
7 2537	0 415	1	1
7 2537	5 691	1	1
7 2537	6 3330	1	1
7 2537	6 4994	1	1
7 2537	0 3793	1	1
7 2538	1 2645	1	1
7 2538	3 2783	1	1
7 2538	2 2946	1	1
7 2538	6 264	1	1
7 2538	6 549	1	1
7 2538	0 37	1	1
7 2539	7 2925	1	1
7 2539	3 1220	1	1
7 2539	3 3358	1	1
7 2539	5 2574	1	1
7 2539	3 3845	1	1
7 2539	3 1488	1	1
7 2540	7 4668	1	1
7 2540	7 3382	1	1
7 2540	7 1133	1	1
7 2540	1 340	1	1
7 2540	5 1983	1	1
7 2540	1 580	1	1
7 2541	0 2074	1	1
7 2541	1 2204	1	1
7 2541	1 864	1	1
7 2541	1 1225	1	1
7 2541	2 1054	1	1
7 2541	4 1202	1	1
7 2542	7 2337	1	1
7 2542	2 3009	1	1
7 2542	5 3963	1	1
7 2542	5 3684	1	1
7 2542	1 533	1	1
7 2542	2 891	1	1
7 2543	7 1353	1	1
7 2543	4 1946	1	1
7 2543	5 979	1	1
7 2543	2 1359	1	1
7 2543	6 38	1	1
7 2543	1 3921	1	1
7 2544	7 240	1	1
7 2544	3 4624	1	1
7 2544	5 1924	1	1
7 2544	3 1276	1	1
7 2544	6 623	1	1
7 2544	4 1778	1	1
7 2545	4 27	1	1
7 2545	2 1902	1	1
7 2545	4 4818	1	1
7 2545	6 2694	1	1
7 2545	4 2694	1	1
7 2545	5 250	1	1
7 2546	7 4270	1	1
7 2546	2 1575	1	1
7 2546	3 3396	1	1
7 2546	3 3364	1	1
7 2546	3 1245	1	1
7 2546	0 574	1	1
7 2547	0 1341	1	1
7 2547	2 3692	1	1
7 2547	4 4431	1	1
7 2547	5 138	1	1
7 2547	3 2518	1	1
7 2547	5 1040	1	1
7 2548	2 4660	1	1
7 2548	6 583	1	1
7 2548	3 1125	1	1
7 2548	1 1852	1	1
7 2548	4 3591	1	1
7 2548	0 2105	1	1
7 2549	4 4827	1	1
7 2549	0 2308	1	1
7 2549	1 4321	1	1
7 2549	3 4587	1	1
7 2549	5 3092	1	1
7 2549	1 2608	1	1
7 2550	7 249	1	1
7 2550	5 21	1	1
7 2550	0 3178	1	1
7 2550	1 1457	1	1
7 2550	1 891	1	1
7 2550	2 1584	1	1
7 2551	5 3680	1	1
7 2551	3 3031	1	1
7 2551	2 4047	1	1
7 2551	5 4190	1	1
7 2551	6 2417	1	1
7 2551	5 2773	1	1
7 2552	7 4273	1	1
7 2552	7 1654	1	1
7 2552	0 1923	1	1
7 2552	4 4558	1	1
7 2552	2 1705	1	1
7 2552	6 715	1	1
7 2553	0 2412	1	1
7 2553	6 488	1	1
7 2553	1 3042	1	1
7 2553	6 432	1	1
7 2553	2 996	1	1
7 2553	0 3268	1	1
7 2554	4 1721	1	1
7 2554	5 2594	1	1
7 2554	3 3764	1	1
7 2554	6 4987	1	1
7 2554	6 4402	1	1
7 2554	4 2219	1	1
7 2555	2 615	1	1
7 2555	4 4998	1	1
7 2555	1 4386	1	1
7 2555	1 4178	1	1
7 2555	4 2493	1	1
7 2555	1 794	1	1
7 2556	7 386	1	1
7 2556	7 4867	1	1
7 2556	6 660	1	1
7 2556	2 3692	1	1
7 2556	4 3409	1	1
7 2556	5 758	1	1
7 2557	7 877	1	1
7 2557	0 4114	1	1
7 2557	2 4418	1	1
7 2557	0 1857	1	1
7 2557	4 3637	1	1
7 2557	5 3343	1	1
7 2558	3 2479	1	1
7 2558	0 3088	1	1
7 2558	5 260	1	1
7 2558	0 295	1	1
7 2558	1 1873	1	1
7 2558	0 1727	1	1
7 2559	7 384	1	1
7 2559	4 3180	1	1
7 2559	3 3822	1	1
7 2559	4 3767	1	1
7 2559	6 1525	1	1
7 2559	6 4970	1	1
7 2560	1 686	1	1
7 2560	2 1606	1	1
7 2560	0 3967	1	1
7 2560	2 2588	1	1
7 2560	6 3070	1	1
7 2560	2 4258	1	1
7 2561	4 4514	1	1
7 2561	3 4211	1	1
7 2561	3 1774	1	1
7 2561	6 4608	1	1
7 2561	5 4896	1	1
7 2561	2 181	1	1
7 2562	7 1749	1	1
7 2562	1 4829	1	1
7 2562	1 2738	1	1
7 2562	0 2756	1	1
7 2562	5 1357	1	1
7 2562	0 1934	1	1
7 2563	4 1223	1	1
7 2563	2 4436	1	1
7 2563	5 4858	1	1
7 2563	6 3031	1	1
7 2563	3 2762	1	1
7 2563	0 2749	1	1
7 2564	7 2288	1	1
7 2564	5 4742	1	1
7 2564	1 2589	1	1
7 2564	6 3273	1	1
7 2564	0 4271	1	1
7 2564	6 4997	1	1
7 2565	7 2372	1	1
7 2565	0 1599	1	1
7 2565	1 3474	1	1
7 2565	3 2998	1	1
7 2565	4 503	1	1
7 2565	4 200	1	1
7 2566	6 3624	1	1
7 2566	3 1747	1	1
7 2566	1 4037	1	1
7 2566	3 3949	1	1
7 2566	2 3648	1	1
7 2566	1 1843	1	1
7 2567	7 5000	1	1
7 2567	7 3339	1	1
7 2567	3 540	1	1
7 2567	5 1583	1	1
7 2567	0 2444	1	1
7 2567	5 2837	1	1
7 2568	7 4737	1	1
7 2568	4 1214	1	1
7 2568	1 2817	1	1
7 2568	3 3280	1	1
7 2568	6 138	1	1
7 2568	4 1027	1	1
7 2569	5 1739	1	1
7 2569	1 4379	1	1
7 2569	2 2563	1	1
7 2569	4 2873	1	1
7 2569	3 438	1	1
7 2569	2 3372	1	1
7 2570	3 2405	1	1
7 2570	0 334	1	1
7 2570	2 3242	1	1
7 2570	3 2029	1	1
7 2570	4 2811	1	1
7 2570	2 3218	1	1
7 2571	7 983	1	1
7 2571	3 4621	1	1
7 2571	1 1528	1	1
7 2571	1 902	1	1
7 2571	6 2317	1	1
7 2571	5 2609	1	1
7 2572	2 3232	1	1
7 2572	5 3811	1	1
7 2572	5 2748	1	1
7 2572	6 3700	1	1
7 2572	3 204	1	1
7 2572	0 1743	1	1
7 2573	7 3169	1	1
7 2573	0 4138	1	1
7 2573	3 3849	1	1
7 2573	1 4817	1	1
7 2573	6 4205	1	1
7 2573	2 4760	1	1
7 2574	7 2889	1	1
7 2574	2 3060	1	1
7 2574	5 2453	1	1
7 2574	3 4188	1	1
7 2574	0 3910	1	1
7 2574	0 2939	1	1
7 2575	7 1393	1	1
7 2575	0 546	1	1
7 2575	2 3350	1	1
7 2575	5 3333	1	1
7 2575	3 4431	1	1
7 2575	5 1306	1	1
7 2576	5 3927	1	1
7 2576	3 4291	1	1
7 2576	1 3270	1	1
7 2576	0 4941	1	1
7 2576	6 171	1	1
7 2576	3 2582	1	1
7 2577	1 3600	1	1
7 2577	5 621	1	1
7 2577	4 2157	1	1
7 2577	0 1951	1	1
7 2577	2 284	1	1
7 2577	6 372	1	1
7 2578	0 3014	1	1
7 2578	6 629	1	1
7 2578	1 358	1	1
7 2578	3 1190	1	1
7 2578	4 977	1	1
7 2578	4 2554	1	1
7 2579	7 2601	1	1
7 2579	3 3910	1	1
7 2579	4 2296	1	1
7 2579	0 3648	1	1
7 2579	1 763	1	1
7 2579	3 3534	1	1
7 2580	1 3059	1	1
7 2580	3 4542	1	1
7 2580	3 1944	1	1
7 2580	0 4446	1	1
7 2580	5 2045	1	1
7 2580	1 3502	1	1
7 2581	3 4333	1	1
7 2581	2 4991	1	1
7 2581	4 835	1	1
7 2581	5 4151	1	1
7 2581	2 736	1	1
7 2581	3 3506	1	1
7 2582	7 1112	1	1
7 2582	5 1029	1	1
7 2582	2 4012	1	1
7 2582	6 1379	1	1
7 2582	4 3257	1	1
7 2582	5 2401	1	1
7 2583	7 1354	1	1
7 2583	0 3258	1	1
7 2583	6 2091	1	1
7 2583	5 2309	1	1
7 2583	3 586	1	1
7 2583	2 1148	1	1
7 2584	1 2502	1	1
7 2584	3 339	1	1
7 2584	6 2602	1	1
7 2584	4 3647	1	1
7 2584	2 1858	1	1
7 2584	4 4312	1	1
7 2585	7 3041	1	1
7 2585	2 394	1	1
7 2585	0 481	1	1
7 2585	1 4686	1	1
7 2585	3 495	1	1
7 2585	4 4285	1	1
7 2586	7 1948	1	1
7 2586	2 332	1	1
7 2586	6 4868	1	1
7 2586	5 4171	1	1
7 2586	5 2683	1	1
7 2586	6 4017	1	1
7 2587	7 742	1	1
7 2587	4 4716	1	1
7 2587	0 4477	1	1
7 2587	3 1360	1	1
7 2587	6 2359	1	1
7 2587	3 3618	1	1
7 2588	7 2119	1	1
7 2588	6 1829	1	1
7 2588	3 2952	1	1
7 2588	0 2345	1	1
7 2588	3 3262	1	1
7 2588	1 165	1	1
7 2589	4 4228	1	1
7 2589	6 3165	1	1
7 2589	5 847	1	1
7 2589	1 180	1	1
7 2589	6 3833	1	1
7 2589	0 3195	1	1
7 2590	7 733	1	1
7 2590	2 2768	1	1
7 2590	5 2086	1	1
7 2590	4 1473	1	1
7 2590	1 1418	1	1
7 2590	4 1994	1	1
7 2591	0 1848	1	1
7 2591	1 546	1	1
7 2591	3 4403	1	1
7 2591	2 1619	1	1
7 2591	4 1874	1	1
7 2591	1 2888	1	1
7 2592	7 384	1	1
7 2592	3 1752	1	1
7 2592	1 3540	1	1
7 2592	1 1061	1	1
7 2592	1 4233	1	1
7 2592	1 1763	1	1
7 2593	7 4672	1	1
7 2593	7 1032	1	1
7 2593	7 3097	1	1
7 2593	3 1625	1	1
7 2593	6 1557	1	1
7 2593	1 1653	1	1
7 2594	7 4088	1	1
7 2594	2 2397	1	1
7 2594	0 2899	1	1
7 2594	1 1675	1	1
7 2594	1 152	1	1
7 2594	6 3737	1	1
7 2595	1 4610	1	1
7 2595	6 2594	1	1
7 2595	2 3981	1	1
7 2595	5 1176	1	1
7 2595	5 688	1	1
7 2595	2 4724	1	1
7 2596	7 2294	1	1
7 2596	6 2040	1	1
7 2596	4 4948	1	1
7 2596	6 742	1	1
7 2596	0 3586	1	1
7 2596	3 4906	1	1
7 2597	3 207	1	1
7 2597	0 3532	1	1
7 2597	3 879	1	1
7 2597	6 4278	1	1
7 2597	1 2265	1	1
7 2597	2 1270	1	1
7 2598	7 4974	1	1
7 2598	6 4745	1	1
7 2598	0 2008	1	1
7 2598	0 4914	1	1
7 2598	1 338	1	1
7 2598	0 2052	1	1
7 2599	2 995	1	1
7 2599	6 1596	1	1
7 2599	1 4575	1	1
7 2599	2 4513	1	1
7 2599	2 1864	1	1
7 2599	0 4697	1	1
7 2600	0 807	1	1
7 2600	6 1201	1	1
7 2600	6 1409	1	1
7 2600	0 508	1	1
7 2600	2 4616	1	1
7 2600	1 2554	1	1
7 2601	1 3526	1	1
7 2601	1 1918	1	1
7 2601	1 2628	1	1
7 2601	2 4118	1	1
7 2601	5 694	1	1
7 2601	1 1070	1	1
7 2602	2 3208	1	1
7 2602	1 2604	1	1
7 2602	4 4893	1	1
7 2602	4 1066	1	1
7 2602	3 2368	1	1
7 2602	1 2656	1	1
7 2603	3 226	1	1
7 2603	4 265	1	1
7 2603	3 1566	1	1
7 2603	0 306	1	1
7 2603	1 942	1	1
7 2603	3 3854	1	1
7 2604	4 4562	1	1
7 2604	2 1012	1	1
7 2604	2 803	1	1
7 2604	1 1974	1	1
7 2604	3 3036	1	1
7 2604	3 1441	1	1
7 2605	7 986	1	1
7 2605	3 3426	1	1
7 2605	0 3103	1	1
7 2605	5 115	1	1
7 2605	5 130	1	1
7 2605	0 1400	1	1
7 2606	7 4634	1	1
7 2606	2 4983	1	1
7 2606	4 4439	1	1
7 2606	4 2159	1	1
7 2606	1 2848	1	1
7 2606	3 839	1	1
7 2607	7 2044	1	1
7 2607	6 1771	1	1
7 2607	3 2958	1	1
7 2607	6 1102	1	1
7 2607	2 2910	1	1
7 2607	3 2528	1	1
7 2608	7 4641	1	1
7 2608	6 4967	1	1
7 2608	6 1238	1	1
7 2608	3 2327	1	1
7 2608	0 3042	1	1
7 2608	4 610	1	1
7 2609	5 826	1	1
7 2609	1 453	1	1
7 2609	0 2591	1	1
7 2609	2 4235	1	1
7 2609	0 145	1	1
7 2609	3 2148	1	1
7 2610	7 4445	1	1
7 2610	7 1393	1	1
7 2610	1 2412	1	1
7 2610	5 2634	1	1
7 2610	5 31	1	1
7 2610	6 2000	1	1
7 2611	6 2028	1	1
7 2611	1 945	1	1
7 2611	5 4541	1	1
7 2611	6 1328	1	1
7 2611	5 2888	1	1
7 2611	1 1945	1	1
7 2612	4 441	1	1
7 2612	3 2942	1	1
7 2612	3 2288	1	1
7 2612	3 1073	1	1
7 2612	4 4469	1	1
7 2612	6 2522	1	1
7 2613	5 3549	1	1
7 2613	2 468	1	1
7 2613	5 1376	1	1
7 2613	0 3643	1	1
7 2613	6 1583	1	1
7 2613	5 9	1	1
7 2614	7 2587	1	1
7 2614	4 2159	1	1
7 2614	2 3134	1	1
7 2614	5 288	1	1
7 2614	3 4455	1	1
7 2614	2 748	1	1
7 2615	7 4279	1	1
7 2615	1 2575	1	1
7 2615	1 1386	1	1
7 2615	1 3900	1	1
7 2615	4 1987	1	1
7 2615	4 4655	1	1
7 2616	4 319	1	1
7 2616	0 819	1	1
7 2616	4 4123	1	1
7 2616	1 580	1	1
7 2616	4 497	1	1
7 2616	6 98	1	1
7 2617	7 2992	1	1
7 2617	7 3433	1	1
7 2617	1 1718	1	1
7 2617	5 4899	1	1
7 2617	3 4287	1	1
7 2617	5 1026	1	1
7 2618	1 918	1	1
7 2618	4 4399	1	1
7 2618	0 920	1	1
7 2618	3 4560	1	1
7 2618	5 4749	1	1
7 2618	6 417	1	1
7 2619	7 2951	1	1
7 2619	4 1008	1	1
7 2619	0 4541	1	1
7 2619	1 3408	1	1
7 2619	1 4015	1	1
7 2619	0 4931	1	1
7 2620	1 2226	1	1
7 2620	3 1487	1	1
7 2620	6 1708	1	1
7 2620	5 4198	1	1
7 2620	2 266	1	1
7 2620	4 1597	1	1
7 2621	7 1868	1	1
7 2621	5 381	1	1
7 2621	4 4057	1	1
7 2621	1 1244	1	1
7 2621	0 1265	1	1
7 2621	6 4231	1	1
7 2622	7 332	1	1
7 2622	2 4170	1	1
7 2622	1 2385	1	1
7 2622	1 3703	1	1
7 2622	2 265	1	1
7 2622	1 1857	1	1
7 2623	7 1391	1	1
7 2623	1 1371	1	1
7 2623	1 1827	1	1
7 2623	3 357	1	1
7 2623	0 4981	1	1
7 2623	2 1100	1	1
7 2624	5 219	1	1
7 2624	6 1607	1	1
7 2624	5 1469	1	1
7 2624	3 1577	1	1
7 2624	3 2697	1	1
7 2624	3 440	1	1
7 2625	2 2681	1	1
7 2625	0 2965	1	1
7 2625	2 2964	1	1
7 2625	5 1316	1	1
7 2625	4 1429	1	1
7 2625	0 2016	1	1
7 2626	5 3568	1	1
7 2626	1 2853	1	1
7 2626	0 3804	1	1
7 2626	2 4156	1	1
7 2626	2 3805	1	1
7 2626	2 4195	1	1
7 2627	7 1437	1	1
7 2627	1 4429	1	1
7 2627	4 2936	1	1
7 2627	4 902	1	1
7 2627	2 1046	1	1
7 2627	5 2273	1	1
7 2628	7 3251	1	1
7 2628	3 1576	1	1
7 2628	3 2238	1	1
7 2628	5 760	1	1
7 2628	5 2853	1	1
7 2628	1 1111	1	1
7 2629	7 3412	1	1
7 2629	7 1561	1	1
7 2629	7 1622	1	1
7 2629	5 481	1	1
7 2629	3 1736	1	1
7 2629	1 2324	1	1
7 2630	3 3794	1	1
7 2630	4 4657	1	1
7 2630	2 4281	1	1
7 2630	6 2630	1	1
7 2630	3 3514	1	1
7 2630	4 4913	1	1
7 2631	2 3863	1	1
7 2631	5 418	1	1
7 2631	1 3621	1	1
7 2631	4 4218	1	1
7 2631	4 1721	1	1
7 2631	3 3448	1	1
7 2632	6 276	1	1
7 2632	2 2356	1	1
7 2632	0 1962	1	1
7 2632	4 726	1	1
7 2632	2 1203	1	1
7 2632	4 3655	1	1
7 2633	3 1908	1	1
7 2633	0 2528	1	1
7 2633	4 4102	1	1
7 2633	2 4932	1	1
7 2633	0 1888	1	1
7 2633	1 3234	1	1
7 2634	7 3649	1	1
7 2634	6 1428	1	1
7 2634	2 1845	1	1
7 2634	3 2021	1	1
7 2634	6 2525	1	1
7 2634	3 617	1	1
7 2635	7 4519	1	1
7 2635	2 3969	1	1
7 2635	5 1214	1	1
7 2635	0 3533	1	1
7 2635	0 644	1	1
7 2635	2 1088	1	1
7 2636	5 2281	1	1
7 2636	0 3324	1	1
7 2636	3 4527	1	1
7 2636	1 39	1	1
7 2636	3 683	1	1
7 2636	4 1165	1	1
7 2637	2 3389	1	1
7 2637	5 3560	1	1
7 2637	0 4344	1	1
7 2637	3 4601	1	1
7 2637	6 2072	1	1
7 2637	3 1380	1	1
7 2638	7 907	1	1
7 2638	3 3391	1	1
7 2638	4 763	1	1
7 2638	0 1292	1	1
7 2638	4 1572	1	1
7 2638	0 2828	1	1
7 2639	2 272	1	1
7 2639	2 2199	1	1
7 2639	4 2368	1	1
7 2639	1 4586	1	1
7 2639	1 360	1	1
7 2639	0 2522	1	1
7 2640	1 1260	1	1
7 2640	1 2837	1	1
7 2640	4 3547	1	1
7 2640	2 4301	1	1
7 2640	4 4026	1	1
7 2640	1 2429	1	1
7 2641	6 4591	1	1
7 2641	2 4536	1	1
7 2641	4 3031	1	1
7 2641	2 1694	1	1
7 2641	5 818	1	1
7 2641	3 1034	1	1
7 2642	7 4345	1	1
7 2642	0 3145	1	1
7 2642	0 560	1	1
7 2642	2 2482	1	1
7 2642	3 4314	1	1
7 2642	6 1459	1	1
7 2643	7 1082	1	1
7 2643	6 3380	1	1
7 2643	2 4969	1	1
7 2643	1 1076	1	1
7 2643	4 2604	1	1
7 2643	5 2989	1	1
7 2644	1 71	1	1
7 2644	4 2596	1	1
7 2644	2 1768	1	1
7 2644	1 3557	1	1
7 2644	0 3283	1	1
7 2644	3 2318	1	1
7 2645	4 2491	1	1
7 2645	5 4351	1	1
7 2645	2 2513	1	1
7 2645	6 2644	1	1
7 2645	3 3977	1	1
7 2645	4 2899	1	1
7 2646	7 4855	1	1
7 2646	7 2197	1	1
7 2646	2 4266	1	1
7 2646	1 4301	1	1
7 2646	6 4779	1	1
7 2646	3 2194	1	1
7 2647	7 696	1	1
7 2647	3 4778	1	1
7 2647	4 2367	1	1
7 2647	4 2518	1	1
7 2647	5 4293	1	1
7 2647	4 769	1	1
7 2648	7 1087	1	1
7 2648	1 4011	1	1
7 2648	4 1248	1	1
7 2648	5 125	1	1
7 2648	3 2769	1	1
7 2648	6 1077	1	1
7 2649	1 4033	1	1
7 2649	6 1783	1	1
7 2649	6 990	1	1
7 2649	4 2095	1	1
7 2649	3 1403	1	1
7 2649	5 711	1	1
7 2650	7 2445	1	1
7 2650	2 4848	1	1
7 2650	0 4228	1	1
7 2650	3 3661	1	1
7 2650	6 4902	1	1
7 2650	2 1350	1	1
7 2651	7 4463	1	1
7 2651	0 1534	1	1
7 2651	3 2788	1	1
7 2651	1 3738	1	1
7 2651	1 2755	1	1
7 2651	3 2161	1	1
7 2652	2 1004	1	1
7 2652	5 1174	1	1
7 2652	1 4508	1	1
7 2652	5 242	1	1
7 2652	4 77	1	1
7 2652	1 2115	1	1
7 2653	7 1253	1	1
7 2653	2 1118	1	1
7 2653	2 133	1	1
7 2653	3 2992	1	1
7 2653	3 3531	1	1
7 2653	0 2093	1	1
7 2654	6 241	1	1
7 2654	5 4600	1	1
7 2654	5 66	1	1
7 2654	6 3856	1	1
7 2654	0 4534	1	1
7 2654	3 2644	1	1
7 2655	3 2544	1	1
7 2655	2 3622	1	1
7 2655	3 569	1	1
7 2655	2 2831	1	1
7 2655	4 1765	1	1
7 2655	3 4614	1	1
7 2656	7 3206	1	1
7 2656	5 3005	1	1
7 2656	4 2093	1	1
7 2656	6 1118	1	1
7 2656	1 2995	1	1
7 2656	4 2519	1	1
7 2657	7 2112	1	1
7 2657	4 4121	1	1
7 2657	2 4282	1	1
7 2657	6 421	1	1
7 2657	6 3459	1	1
7 2657	1 1704	1	1
7 2658	7 1613	1	1
7 2658	2 1888	1	1
7 2658	0 1361	1	1
7 2658	3 4392	1	1
7 2658	0 4324	1	1
7 2658	6 2207	1	1
7 2659	1 3893	1	1
7 2659	2 366	1	1
7 2659	4 1125	1	1
7 2659	1 1616	1	1
7 2659	4 4514	1	1
7 2659	3 4858	1	1
7 2660	2 1339	1	1
7 2660	0 1465	1	1
7 2660	5 3449	1	1
7 2660	4 3880	1	1
7 2660	0 1099	1	1
7 2660	6 3314	1	1
7 2661	7 3712	1	1
7 2661	2 3169	1	1
7 2661	4 2940	1	1
7 2661	3 3698	1	1
7 2661	6 2236	1	1
7 2661	1 711	1	1
7 2662	7 2078	1	1
7 2662	0 1943	1	1
7 2662	6 2754	1	1
7 2662	3 2120	1	1
7 2662	4 40	1	1
7 2662	4 3525	1	1
7 2663	7 769	1	1
7 2663	2 1552	1	1
7 2663	0 3878	1	1
7 2663	6 4783	1	1
7 2663	6 4012	1	1
7 2663	0 3721	1	1
7 2664	5 4787	1	1
7 2664	3 1923	1	1
7 2664	6 2061	1	1
7 2664	5 3981	1	1
7 2664	4 1142	1	1
7 2664	3 4175	1	1
7 2665	3 1179	1	1
7 2665	6 166	1	1
7 2665	3 232	1	1
7 2665	6 3825	1	1
7 2665	2 4480	1	1
7 2665	6 4325	1	1
7 2666	6 2113	1	1
7 2666	3 1074	1	1
7 2666	0 1591	1	1
7 2666	5 1487	1	1
7 2666	5 140	1	1
7 2666	6 2180	1	1
7 2667	1 1818	1	1
7 2667	6 746	1	1
7 2667	4 4949	1	1
7 2667	4 4681	1	1
7 2667	1 142	1	1
7 2667	1 3448	1	1
7 2668	0 4853	1	1
7 2668	3 1499	1	1
7 2668	2 4468	1	1
7 2668	4 2227	1	1
7 2668	1 62	1	1
7 2668	6 2159	1	1
7 2669	7 267	1	1
7 2669	3 498	1	1
7 2669	3 2441	1	1
7 2669	4 1437	1	1
7 2669	0 562	1	1
7 2669	6 1490	1	1
7 2670	4 876	1	1
7 2670	4 1256	1	1
7 2670	3 4482	1	1
7 2670	1 368	1	1
7 2670	6 4707	1	1
7 2670	1 129	1	1
7 2671	7 413	1	1
7 2671	2 4229	1	1
7 2671	0 1018	1	1
7 2671	3 3180	1	1
7 2671	5 1550	1	1
7 2671	0 2329	1	1
7 2672	4 727	1	1
7 2672	0 881	1	1
7 2672	4 1430	1	1
7 2672	1 3798	1	1
7 2672	3 4351	1	1
7 2672	3 2628	1	1
7 2673	7 2163	1	1
7 2673	0 3593	1	1
7 2673	0 1712	1	1
7 2673	4 2005	1	1
7 2673	4 4909	1	1
7 2673	3 2283	1	1
7 2674	7 4696	1	1
7 2674	1 3219	1	1
7 2674	5 4167	1	1
7 2674	6 3372	1	1
7 2674	4 3918	1	1
7 2674	2 4259	1	1
7 2675	7 323	1	1
7 2675	5 4621	1	1
7 2675	3 3919	1	1
7 2675	5 4053	1	1
7 2675	1 3911	1	1
7 2675	5 2153	1	1
7 2676	7 3724	1	1
7 2676	4 2532	1	1
7 2676	2 4079	1	1
7 2676	6 944	1	1
7 2676	6 928	1	1
7 2676	1 4057	1	1
7 2677	2 3731	1	1
7 2677	2 4996	1	1
7 2677	4 966	1	1
7 2677	2 3875	1	1
7 2677	5 2624	1	1
7 2677	5 3233	1	1
7 2678	7 2967	1	1
7 2678	2 4369	1	1
7 2678	5 3162	1	1
7 2678	0 534	1	1
7 2678	0 1165	1	1
7 2678	5 2390	1	1
7 2679	7 3021	1	1
7 2679	1 1991	1	1
7 2679	6 4445	1	1
7 2679	1 289	1	1
7 2679	0 4119	1	1
7 2679	3 222	1	1
7 2680	6 4516	1	1
7 2680	3 4557	1	1
7 2680	2 2183	1	1
7 2680	4 2030	1	1
7 2680	4 2162	1	1
7 2680	1 2296	1	1
7 2681	4 4741	1	1
7 2681	6 2964	1	1
7 2681	2 4073	1	1
7 2681	3 1976	1	1
7 2681	2 3540	1	1
7 2681	0 1720	1	1
7 2682	0 1843	1	1
7 2682	1 4634	1	1
7 2682	3 3102	1	1
7 2682	2 1099	1	1
7 2682	3 4816	1	1
7 2682	1 4307	1	1
7 2683	7 2568	1	1
7 2683	3 3552	1	1
7 2683	0 1367	1	1
7 2683	3 3535	1	1
7 2683	3 1330	1	1
7 2683	3 3648	1	1
7 2684	7 3814	1	1
7 2684	5 447	1	1
7 2684	6 29	1	1
7 2684	6 3535	1	1
7 2684	4 756	1	1
7 2684	5 1892	1	1
7 2685	4 4704	1	1
7 2685	1 2346	1	1
7 2685	0 2263	1	1
7 2685	5 2189	1	1
7 2685	6 1199	1	1
7 2685	6 4976	1	1
7 2686	7 3909	1	1
7 2686	3 2845	1	1
7 2686	0 3063	1	1
7 2686	5 3016	1	1
7 2686	3 4962	1	1
7 2686	1 3579	1	1
7 2687	7 4847	1	1
7 2687	7 4545	1	1
7 2687	7 1192	1	1
7 2687	5 4926	1	1
7 2687	4 1702	1	1
7 2687	4 3962	1	1
7 2688	5 3203	1	1
7 2688	4 650	1	1
7 2688	3 2156	1	1
7 2688	2 2993	1	1
7 2688	2 4813	1	1
7 2688	2 998	1	1
7 2689	7 4343	1	1
7 2689	7 3059	1	1
7 2689	2 3282	1	1
7 2689	6 2934	1	1
7 2689	3 638	1	1
7 2689	0 250	1	1
7 2690	3 2586	1	1
7 2690	3 3514	1	1
7 2690	2 4173	1	1
7 2690	6 1041	1	1
7 2690	1 3772	1	1
7 2690	3 231	1	1
7 2691	7 3755	1	1
7 2691	4 4233	1	1
7 2691	0 3983	1	1
7 2691	6 479	1	1
7 2691	5 3399	1	1
7 2691	0 1574	1	1
7 2692	7 3225	1	1
7 2692	7 4420	1	1
7 2692	6 3894	1	1
7 2692	3 2777	1	1
7 2692	2 4444	1	1
7 2692	0 1918	1	1
7 2693	1 2127	1	1
7 2693	6 2128	1	1
7 2693	2 902	1	1
7 2693	4 3746	1	1
7 2693	3 2642	1	1
7 2693	6 1259	1	1
7 2694	3 2581	1	1
7 2694	0 2571	1	1
7 2694	0 977	1	1
7 2694	4 1650	1	1
7 2694	4 573	1	1
7 2694	3 1096	1	1
7 2695	7 4351	1	1
7 2695	5 3964	1	1
7 2695	5 3407	1	1
7 2695	1 647	1	1
7 2695	1 3226	1	1
7 2695	5 462	1	1
7 2696	7 3941	1	1
7 2696	7 2924	1	1
7 2696	7 4692	1	1
7 2696	6 1606	1	1
7 2696	5 3602	1	1
7 2696	0 1119	1	1
7 2697	7 2173	1	1
7 2697	0 2157	1	1
7 2697	4 2110	1	1
7 2697	4 3025	1	1
7 2697	3 4435	1	1
7 2697	2 4732	1	1
7 2698	7 900	1	1
7 2698	6 1672	1	1
7 2698	4 3832	1	1
7 2698	3 1648	1	1
7 2698	2 3707	1	1
7 2698	1 2325	1	1
7 2699	7 4740	1	1
7 2699	5 1269	1	1
7 2699	2 3527	1	1
7 2699	0 1780	1	1
7 2699	5 1769	1	1
7 2699	0 2843	1	1
7 2700	3 3493	1	1
7 2700	6 4507	1	1
7 2700	1 2644	1	1
7 2700	4 664	1	1
7 2700	1 3216	1	1
7 2700	4 3542	1	1
7 2701	0 448	1	1
7 2701	3 1170	1	1
7 2701	5 4681	1	1
7 2701	4 268	1	1
7 2701	2 911	1	1
7 2701	5 868	1	1
7 2702	7 3006	1	1
7 2702	7 2398	1	1
7 2702	1 87	1	1
7 2702	1 2786	1	1
7 2702	6 607	1	1
7 2702	1 1742	1	1
7 2703	2 3328	1	1
7 2703	6 3799	1	1
7 2703	3 134	1	1
7 2703	1 4727	1	1
7 2703	5 2121	1	1
7 2703	6 1943	1	1
7 2704	1 4126	1	1
7 2704	2 168	1	1
7 2704	4 2300	1	1
7 2704	0 4200	1	1
7 2704	3 3836	1	1
7 2704	3 1126	1	1
7 2705	4 4813	1	1
7 2705	5 1239	1	1
7 2705	6 575	1	1
7 2705	3 4624	1	1
7 2705	5 4494	1	1
7 2705	0 3712	1	1
7 2706	5 4910	1	1
7 2706	2 457	1	1
7 2706	6 2911	1	1
7 2706	2 2314	1	1
7 2706	6 1123	1	1
7 2706	3 941	1	1
7 2707	7 1318	1	1
7 2707	0 3494	1	1
7 2707	1 3141	1	1
7 2707	2 3320	1	1
7 2707	2 1321	1	1
7 2707	1 4059	1	1
7 2708	7 847	1	1
7 2708	7 3308	1	1
7 2708	4 4810	1	1
7 2708	5 3891	1	1
7 2708	1 4390	1	1
7 2708	6 3310	1	1
7 2709	6 1638	1	1
7 2709	3 3019	1	1
7 2709	6 4541	1	1
7 2709	2 4032	1	1
7 2709	4 2292	1	1
7 2709	5 1195	1	1
7 2710	4 4443	1	1
7 2710	4 2235	1	1
7 2710	4 4390	1	1
7 2710	3 4409	1	1
7 2710	6 3364	1	1
7 2710	5 3896	1	1
7 2711	7 4382	1	1
7 2711	5 4099	1	1
7 2711	2 1288	1	1
7 2711	4 1841	1	1
7 2711	0 4289	1	1
7 2711	6 395	1	1
7 2712	5 4212	1	1
7 2712	0 1872	1	1
7 2712	3 4162	1	1
7 2712	3 336	1	1
7 2712	3 1129	1	1
7 2712	5 3875	1	1
7 2713	1 41	1	1
7 2713	6 2545	1	1
7 2713	1 45	1	1
7 2713	2 433	1	1
7 2713	1 315	1	1
7 2713	3 3146	1	1
7 2714	6 1810	1	1
7 2714	0 4124	1	1
7 2714	1 1838	1	1
7 2714	1 3545	1	1
7 2714	3 1924	1	1
7 2714	1 3001	1	1
7 2715	6 2018	1	1
7 2715	0 4518	1	1
7 2715	3 1729	1	1
7 2715	2 2153	1	1
7 2715	4 504	1	1
7 2715	3 1234	1	1
7 2716	7 1711	1	1
7 2716	7 1021	1	1
7 2716	5 3826	1	1
7 2716	4 3152	1	1
7 2716	2 2460	1	1
7 2716	1 4872	1	1
7 2717	7 4540	1	1
7 2717	7 349	1	1
7 2717	7 2120	1	1
7 2717	5 3346	1	1
7 2717	0 269	1	1
7 2717	6 4889	1	1
7 2718	1 2918	1	1
7 2718	6 3453	1	1
7 2718	6 2604	1	1
7 2718	0 2986	1	1
7 2718	3 760	1	1
7 2718	4 3436	1	1
7 2719	1 678	1	1
7 2719	6 4835	1	1
7 2719	4 899	1	1
7 2719	4 2060	1	1
7 2719	2 454	1	1
7 2719	1 1024	1	1
7 2720	6 3151	1	1
7 2720	2 1415	1	1
7 2720	6 4817	1	1
7 2720	3 3250	1	1
7 2720	6 1984	1	1
7 2720	4 4630	1	1
7 2721	1 4762	1	1
7 2721	6 2448	1	1
7 2721	6 3140	1	1
7 2721	3 4917	1	1
7 2721	2 4969	1	1
7 2721	6 3958	1	1
7 2722	7 2534	1	1
7 2722	4 4389	1	1
7 2722	6 4992	1	1
7 2722	4 4275	1	1
7 2722	0 1181	1	1
7 2722	3 1688	1	1
7 2723	7 2402	1	1
7 2723	3 25	1	1
7 2723	0 2000	1	1
7 2723	1 2971	1	1
7 2723	5 3713	1	1
7 2723	5 3517	1	1
7 2724	6 2024	1	1
7 2724	4 4747	1	1
7 2724	6 3592	1	1
7 2724	4 766	1	1
7 2724	4 4791	1	1
7 2724	1 1342	1	1
7 2725	7 563	1	1
7 2725	6 1472	1	1
7 2725	5 4991	1	1
7 2725	5 3835	1	1
7 2725	4 2762	1	1
7 2725	6 586	1	1
7 2726	3 4654	1	1
7 2726	4 4320	1	1
7 2726	5 622	1	1
7 2726	4 2263	1	1
7 2726	2 1873	1	1
7 2726	3 210	1	1
7 2727	5 2022	1	1
7 2727	5 538	1	1
7 2727	5 3547	1	1
7 2727	1 1671	1	1
7 2727	5 1611	1	1
7 2727	6 3220	1	1
7 2728	7 4596	1	1
7 2728	7 2881	1	1
7 2728	5 3281	1	1
7 2728	0 1180	1	1
7 2728	4 3319	1	1
7 2728	5 1329	1	1
7 2729	5 468	1	1
7 2729	5 313	1	1
7 2729	2 4223	1	1
7 2729	2 4005	1	1
7 2729	3 4079	1	1
7 2729	4 1653	1	1
7 2730	3 44	1	1
7 2730	6 752	1	1
7 2730	3 62	1	1
7 2730	4 1995	1	1
7 2730	3 4967	1	1
7 2730	6 4947	1	1
7 2731	4 4476	1	1
7 2731	1 4024	1	1
7 2731	6 3218	1	1
7 2731	6 4138	1	1
7 2731	2 3649	1	1
7 2731	4 4606	1	1
7 2732	7 692	1	1
7 2732	7 3468	1	1
7 2732	6 427	1	1
7 2732	0 363	1	1
7 2732	4 4838	1	1
7 2732	6 1366	1	1
7 2733	4 1252	1	1
7 2733	5 3028	1	1
7 2733	1 4533	1	1
7 2733	6 2941	1	1
7 2733	1 3229	1	1
7 2733	4 1933	1	1
7 2734	7 1569	1	1
7 2734	7 1200	1	1
7 2734	4 1472	1	1
7 2734	6 163	1	1
7 2734	2 2619	1	1
7 2734	2 2788	1	1
7 2735	7 3672	1	1
7 2735	6 1040	1	1
7 2735	5 2900	1	1
7 2735	3 1325	1	1
7 2735	5 216	1	1
7 2735	1 2635	1	1
7 2736	7 3147	1	1
7 2736	7 4558	1	1
7 2736	5 3266	1	1
7 2736	5 2860	1	1
7 2736	2 187	1	1
7 2736	1 2595	1	1
7 2737	7 1443	1	1
7 2737	2 708	1	1
7 2737	6 256	1	1
7 2737	3 1861	1	1
7 2737	4 2122	1	1
7 2737	0 1261	1	1
7 2738	7 4199	1	1
7 2738	7 3793	1	1
7 2738	4 4891	1	1
7 2738	4 2152	1	1
7 2738	1 1151	1	1
7 2738	1 1381	1	1
7 2739	7 289	1	1
7 2739	0 1787	1	1
7 2739	1 3063	1	1
7 2739	0 3472	1	1
7 2739	5 31	1	1
7 2739	2 3299	1	1
7 2740	7 2758	1	1
7 2740	7 1095	1	1
7 2740	0 268	1	1
7 2740	3 2369	1	1
7 2740	5 185	1	1
7 2740	0 3110	1	1
7 2741	7 3247	1	1
7 2741	0 1972	1	1
7 2741	5 337	1	1
7 2741	4 1382	1	1
7 2741	0 3563	1	1
7 2741	5 3349	1	1
7 2742	7 2801	1	1
7 2742	4 4284	1	1
7 2742	0 2825	1	1
7 2742	2 4422	1	1
7 2742	1 2536	1	1
7 2742	5 4737	1	1
7 2743	5 4158	1	1
7 2743	2 2557	1	1
7 2743	6 1576	1	1
7 2743	0 1486	1	1
7 2743	3 2991	1	1
7 2743	4 4074	1	1
7 2744	7 674	1	1
7 2744	4 126	1	1
7 2744	4 1260	1	1
7 2744	2 2039	1	1
7 2744	1 3924	1	1
7 2744	5 4902	1	1
7 2745	5 3323	1	1
7 2745	1 2953	1	1
7 2745	4 148	1	1
7 2745	3 2661	1	1
7 2745	3 1935	1	1
7 2745	5 1443	1	1
7 2746	5 1359	1	1
7 2746	3 869	1	1
7 2746	1 3855	1	1
7 2746	1 413	1	1
7 2746	0 2447	1	1
7 2746	6 3401	1	1
7 2747	2 4667	1	1
7 2747	6 357	1	1
7 2747	5 1001	1	1
7 2747	2 2291	1	1
7 2747	5 2023	1	1
7 2747	1 150	1	1
7 2748	7 302	1	1
7 2748	7 4259	1	1
7 2748	0 4127	1	1
7 2748	1 1920	1	1
7 2748	2 352	1	1
7 2748	4 327	1	1
7 2749	7 1015	1	1
7 2749	7 1040	1	1
7 2749	4 1633	1	1
7 2749	5 3145	1	1
7 2749	2 1240	1	1
7 2749	0 1125	1	1
7 2750	5 2412	1	1
7 2750	4 2507	1	1
7 2750	3 3124	1	1
7 2750	0 2676	1	1
7 2750	4 2876	1	1
7 2750	0 120	1	1
7 2751	7 3381	1	1
7 2751	7 3480	1	1
7 2751	3 4460	1	1
7 2751	3 3081	1	1
7 2751	2 4113	1	1
7 2751	5 399	1	1
7 2752	7 4482	1	1
7 2752	5 2036	1	1
7 2752	4 1460	1	1
7 2752	1 4933	1	1
7 2752	3 1558	1	1
7 2752	5 614	1	1
7 2753	7 2917	1	1
7 2753	7 4650	1	1
7 2753	6 2716	1	1
7 2753	4 2705	1	1
7 2753	5 4287	1	1
7 2753	1 584	1	1
7 2754	7 2196	1	1
7 2754	3 3914	1	1
7 2754	5 78	1	1
7 2754	5 3924	1	1
7 2754	4 780	1	1
7 2754	1 3111	1	1
7 2755	6 2980	1	1
7 2755	5 2406	1	1
7 2755	5 4129	1	1
7 2755	6 4874	1	1
7 2755	6 2668	1	1
7 2755	2 2711	1	1
7 2756	5 4394	1	1
7 2756	0 4173	1	1
7 2756	2 2024	1	1
7 2756	3 3171	1	1
7 2756	1 4551	1	1
7 2756	0 3142	1	1
7 2757	7 4374	1	1
7 2757	1 2217	1	1
7 2757	6 3206	1	1
7 2757	5 4662	1	1
7 2757	0 2019	1	1
7 2757	3 3050	1	1
7 2758	3 3533	1	1
7 2758	0 1640	1	1
7 2758	6 4661	1	1
7 2758	5 3568	1	1
7 2758	1 4471	1	1
7 2758	2 27	1	1
7 2759	7 3887	1	1
7 2759	6 3394	1	1
7 2759	3 4190	1	1
7 2759	5 3453	1	1
7 2759	3 2082	1	1
7 2759	6 2567	1	1
7 2760	1 2366	1	1
7 2760	0 3191	1	1
7 2760	5 1065	1	1
7 2760	1 4508	1	1
7 2760	3 4045	1	1
7 2760	1 3065	1	1
7 2761	0 2989	1	1
7 2761	4 3991	1	1
7 2761	5 950	1	1
7 2761	5 4785	1	1
7 2761	6 3422	1	1
7 2761	2 2760	1	1
7 2762	7 2834	1	1
7 2762	2 4313	1	1
7 2762	5 2110	1	1
7 2762	1 1306	1	1
7 2762	2 1911	1	1
7 2762	1 4758	1	1
7 2763	7 2317	1	1
7 2763	0 841	1	1
7 2763	5 260	1	1
7 2763	6 3969	1	1
7 2763	2 1257	1	1
7 2763	1 405	1	1
7 2764	2 4773	1	1
7 2764	0 651	1	1
7 2764	6 4925	1	1
7 2764	6 1703	1	1
7 2764	3 107	1	1
7 2764	1 3446	1	1
7 2765	7 4714	1	1
7 2765	7 466	1	1
7 2765	6 1819	1	1
7 2765	2 1534	1	1
7 2765	5 1347	1	1
7 2765	6 258	1	1
7 2766	0 3406	1	1
7 2766	6 2670	1	1
7 2766	5 1389	1	1
7 2766	4 4483	1	1
7 2766	3 246	1	1
7 2766	2 1456	1	1
7 2767	7 3810	1	1
7 2767	2 720	1	1
7 2767	2 3013	1	1
7 2767	1 108	1	1
7 2767	3 2483	1	1
7 2767	0 4691	1	1
7 2768	7 319	1	1
7 2768	0 3741	1	1
7 2768	4 273	1	1
7 2768	0 78	1	1
7 2768	1 2570	1	1
7 2768	6 95	1	1
7 2769	7 1953	1	1
7 2769	4 2383	1	1
7 2769	3 1857	1	1
7 2769	6 1729	1	1
7 2769	2 186	1	1
7 2769	2 4040	1	1
7 2770	6 722	1	1
7 2770	2 1589	1	1
7 2770	1 2796	1	1
7 2770	4 1021	1	1
7 2770	4 1065	1	1
7 2770	0 2905	1	1
7 2771	7 1500	1	1
7 2771	0 3096	1	1
7 2771	3 1364	1	1
7 2771	3 1659	1	1
7 2771	0 1748	1	1
7 2771	6 2839	1	1
7 2772	0 3451	1	1
7 2772	1 1834	1	1
7 2772	1 4936	1	1
7 2772	1 4309	1	1
7 2772	6 4525	1	1
7 2772	6 4029	1	1
7 2773	7 2988	1	1
7 2773	7 2649	1	1
7 2773	4 4925	1	1
7 2773	0 61	1	1
7 2773	5 2862	1	1
7 2773	4 4344	1	1
7 2774	2 3473	1	1
7 2774	6 2703	1	1
7 2774	1 4401	1	1
7 2774	5 451	1	1
7 2774	4 1155	1	1
7 2774	6 688	1	1
7 2775	3 2648	1	1
7 2775	4 4028	1	1
7 2775	3 2696	1	1
7 2775	6 3549	1	1
7 2775	2 2347	1	1
7 2775	4 2718	1	1
7 2776	1 888	1	1
7 2776	5 691	1	1
7 2776	4 1099	1	1
7 2776	6 2348	1	1
7 2776	6 2705	1	1
7 2776	1 4505	1	1
7 2777	7 634	1	1
7 2777	5 1	1	1
7 2777	4 2866	1	1
7 2777	3 4422	1	1
7 2777	2 3265	1	1
7 2777	6 1039	1	1
7 2778	7 2507	1	1
7 2778	7 3617	1	1
7 2778	7 4323	1	1
7 2778	6 41	1	1
7 2778	4 4985	1	1
7 2778	5 1748	1	1
7 2779	7 4268	1	1
7 2779	5 3259	1	1
7 2779	5 2705	1	1
7 2779	4 3255	1	1
7 2779	2 1344	1	1
7 2779	3 2151	1	1
7 2780	5 251	1	1
7 2780	2 3808	1	1
7 2780	6 2124	1	1
7 2780	6 1801	1	1
7 2780	2 3701	1	1
7 2780	1 40	1	1
7 2781	7 574	1	1
7 2781	7 3507	1	1
7 2781	2 3118	1	1
7 2781	5 438	1	1
7 2781	5 1076	1	1
7 2781	0 2190	1	1
7 2782	2 2096	1	1
7 2782	1 485	1	1
7 2782	3 173	1	1
7 2782	3 4748	1	1
7 2782	2 3758	1	1
7 2782	3 4874	1	1
7 2783	7 817	1	1
7 2783	7 114	1	1
7 2783	2 1383	1	1
7 2783	1 4243	1	1
7 2783	1 4557	1	1
7 2783	6 4785	1	1
7 2784	7 3572	1	1
7 2784	4 450	1	1
7 2784	3 3533	1	1
7 2784	5 841	1	1
7 2784	4 342	1	1
7 2784	3 1705	1	1
7 2785	7 1104	1	1
7 2785	6 4287	1	1
7 2785	0 1474	1	1
7 2785	1 2310	1	1
7 2785	1 2152	1	1
7 2785	6 4944	1	1
7 2786	7 84	1	1
7 2786	6 937	1	1
7 2786	1 4545	1	1
7 2786	3 2681	1	1
7 2786	2 499	1	1
7 2786	3 3602	1	1
7 2787	4 881	1	1
7 2787	1 3076	1	1
7 2787	1 2052	1	1
7 2787	6 817	1	1
7 2787	1 921	1	1
7 2787	1 2630	1	1
7 2788	6 3828	1	1
7 2788	3 943	1	1
7 2788	1 2673	1	1
7 2788	4 3482	1	1
7 2788	3 2412	1	1
7 2788	5 3525	1	1
7 2789	7 3178	1	1
7 2789	7 3908	1	1
7 2789	7 3484	1	1
7 2789	5 573	1	1
7 2789	4 3940	1	1
7 2789	1 4512	1	1
7 2790	7 587	1	1
7 2790	6 78	1	1
7 2790	2 552	1	1
7 2790	5 1377	1	1
7 2790	3 698	1	1
7 2790	0 764	1	1
7 2791	1 1587	1	1
7 2791	2 1136	1	1
7 2791	1 3730	1	1
7 2791	2 2744	1	1
7 2791	3 686	1	1
7 2791	5 3473	1	1
7 2792	0 2239	1	1
7 2792	3 2864	1	1
7 2792	3 4555	1	1
7 2792	5 3030	1	1
7 2792	3 4663	1	1
7 2792	5 3118	1	1
7 2793	7 4125	1	1
7 2793	4 2437	1	1
7 2793	1 715	1	1
7 2793	1 2183	1	1
7 2793	2 1976	1	1
7 2793	5 1857	1	1
7 2794	2 3560	1	1
7 2794	6 3445	1	1
7 2794	2 1527	1	1
7 2794	5 2223	1	1
7 2794	4 3837	1	1
7 2794	5 2559	1	1
7 2795	7 4943	1	1
7 2795	1 2187	1	1
7 2795	4 330	1	1
7 2795	2 3256	1	1
7 2795	1 120	1	1
7 2795	1 2610	1	1
7 2796	7 1308	1	1
7 2796	7 3115	1	1
7 2796	7 2838	1	1
7 2796	0 2045	1	1
7 2796	2 4271	1	1
7 2796	0 2267	1	1
7 2797	4 3331	1	1
7 2797	3 2524	1	1
7 2797	5 3676	1	1
7 2797	3 2344	1	1
7 2797	0 4674	1	1
7 2797	4 812	1	1
7 2798	1 2023	1	1
7 2798	1 4054	1	1
7 2798	3 1692	1	1
7 2798	4 4523	1	1
7 2798	6 380	1	1
7 2798	0 449	1	1
7 2799	2 1716	1	1
7 2799	0 1900	1	1
7 2799	6 1877	1	1
7 2799	4 570	1	1
7 2799	6 1031	1	1
7 2799	0 2848	1	1
7 2800	7 1872	1	1
7 2800	3 3848	1	1
7 2800	2 433	1	1
7 2800	1 2144	1	1
7 2800	4 4369	1	1
7 2800	6 1161	1	1
7 2801	7 2678	1	1
7 2801	0 4577	1	1
7 2801	5 665	1	1
7 2801	6 2543	1	1
7 2801	2 1481	1	1
7 2801	3 2283	1	1
7 2802	0 1472	1	1
7 2802	3 4412	1	1
7 2802	0 4139	1	1
7 2802	4 1830	1	1
7 2802	5 3233	1	1
7 2802	0 802	1	1
7 2803	7 3354	1	1
7 2803	2 4981	1	1
7 2803	3 2671	1	1
7 2803	6 3191	1	1
7 2803	1 309	1	1
7 2803	6 2469	1	1
7 2804	7 998	1	1
7 2804	6 2871	1	1
7 2804	1 1145	1	1
7 2804	0 3836	1	1
7 2804	4 1185	1	1
7 2804	3 629	1	1
7 2805	7 1208	1	1
7 2805	7 2629	1	1
7 2805	0 3113	1	1
7 2805	4 887	1	1
7 2805	2 4264	1	1
7 2805	4 2369	1	1
7 2806	7 2682	1	1
7 2806	7 1212	1	1
7 2806	1 416	1	1
7 2806	3 3190	1	1
7 2806	3 3128	1	1
7 2806	5 1174	1	1
7 2807	6 2309	1	1
7 2807	3 4453	1	1
7 2807	1 2746	1	1
7 2807	5 1790	1	1
7 2807	6 1248	1	1
7 2807	6 2850	1	1
7 2808	7 3227	1	1
7 2808	3 4306	1	1
7 2808	3 3851	1	1
7 2808	4 2803	1	1
7 2808	6 4361	1	1
7 2808	6 885	1	1
7 2809	7 388	1	1
7 2809	7 3417	1	1
7 2809	5 3463	1	1
7 2809	3 3947	1	1
7 2809	0 4692	1	1
7 2809	4 866	1	1
7 2810	5 1852	1	1
7 2810	5 4306	1	1
7 2810	3 1953	1	1
7 2810	1 42	1	1
7 2810	0 2201	1	1
7 2810	1 4623	1	1
7 2811	0 3287	1	1
7 2811	4 2812	1	1
7 2811	0 4900	1	1
7 2811	6 1454	1	1
7 2811	4 3943	1	1
7 2811	5 2377	1	1
7 2812	7 982	1	1
7 2812	7 2336	1	1
7 2812	4 1611	1	1
7 2812	0 2162	1	1
7 2812	6 4438	1	1
7 2812	4 414	1	1
7 2813	1 103	1	1
7 2813	3 164	1	1
7 2813	4 1299	1	1
7 2813	5 637	1	1
7 2813	5 4342	1	1
7 2813	2 1868	1	1
7 2814	5 2123	1	1
7 2814	5 1813	1	1
7 2814	0 2420	1	1
7 2814	6 1220	1	1
7 2814	2 100	1	1
7 2814	4 1434	1	1
7 2815	7 4667	1	1
7 2815	2 3136	1	1
7 2815	1 1749	1	1
7 2815	6 3454	1	1
7 2815	2 3684	1	1
7 2815	2 3111	1	1
7 2816	3 3088	1	1
7 2816	0 3308	1	1
7 2816	6 4896	1	1
7 2816	1 77	1	1
7 2816	5 3950	1	1
7 2816	1 254	1	1
7 2817	5 1600	1	1
7 2817	6 4234	1	1
7 2817	1 2153	1	1
7 2817	3 3988	1	1
7 2817	0 3247	1	1
7 2817	3 3621	1	1
7 2818	7 551	1	1
7 2818	4 3937	1	1
7 2818	2 4348	1	1
7 2818	3 1520	1	1
7 2818	5 4601	1	1
7 2818	4 3650	1	1
7 2819	7 1822	1	1
7 2819	1 58	1	1
7 2819	2 348	1	1
7 2819	6 4440	1	1
7 2819	5 258	1	1
7 2819	6 1502	1	1
7 2820	7 4635	1	1
7 2820	6 305	1	1
7 2820	6 2164	1	1
7 2820	5 4189	1	1
7 2820	5 181	1	1
7 2820	0 282	1	1
7 2821	5 1579	1	1
7 2821	0 9	1	1
7 2821	2 3359	1	1
7 2821	6 1997	1	1
7 2821	0 2224	1	1
7 2821	5 4624	1	1
7 2822	7 578	1	1
7 2822	4 706	1	1
7 2822	2 1120	1	1
7 2822	4 2317	1	1
7 2822	1 3275	1	1
7 2822	6 4382	1	1
7 2823	1 3829	1	1
7 2823	6 287	1	1
7 2823	1 916	1	1
7 2823	4 1266	1	1
7 2823	0 1542	1	1
7 2823	1 4785	1	1
7 2824	7 3744	1	1
7 2824	1 38	1	1
7 2824	0 4014	1	1
7 2824	0 3362	1	1
7 2824	5 2035	1	1
7 2824	4 1185	1	1
7 2825	7 2683	1	1
7 2825	3 2121	1	1
7 2825	3 333	1	1
7 2825	5 4341	1	1
7 2825	3 1300	1	1
7 2825	2 4287	1	1
7 2826	7 656	1	1
7 2826	5 430	1	1
7 2826	3 820	1	1
7 2826	3 4564	1	1
7 2826	0 642	1	1
7 2826	1 3976	1	1
7 2827	7 2483	1	1
7 2827	1 1049	1	1
7 2827	5 4720	1	1
7 2827	3 241	1	1
7 2827	5 3450	1	1
7 2827	6 1122	1	1
7 2828	3 3360	1	1
7 2828	4 434	1	1
7 2828	6 2841	1	1
7 2828	3 3409	1	1
7 2828	3 2127	1	1
7 2828	6 3134	1	1
7 2829	7 443	1	1
7 2829	2 291	1	1
7 2829	0 1345	1	1
7 2829	5 628	1	1
7 2829	0 4646	1	1
7 2829	1 2951	1	1
7 2830	7 4332	1	1
7 2830	2 3055	1	1
7 2830	0 3005	1	1
7 2830	5 4758	1	1
7 2830	5 1179	1	1
7 2830	5 64	1	1
7 2831	0 2498	1	1
7 2831	6 349	1	1
7 2831	1 4387	1	1
7 2831	1 4021	1	1
7 2831	3 1978	1	1
7 2831	3 3782	1	1
7 2832	4 3750	1	1
7 2832	6 4213	1	1
7 2832	0 2003	1	1
7 2832	6 1712	1	1
7 2832	2 2438	1	1
7 2832	6 1523	1	1
7 2833	2 1371	1	1
7 2833	4 3906	1	1
7 2833	4 4536	1	1
7 2833	2 2222	1	1
7 2833	3 4276	1	1
7 2833	6 3534	1	1
7 2834	5 3061	1	1
7 2834	0 2459	1	1
7 2834	5 719	1	1
7 2834	6 2100	1	1
7 2834	0 3457	1	1
7 2834	5 4289	1	1
7 2835	7 4434	1	1
7 2835	2 4402	1	1
7 2835	3 252	1	1
7 2835	2 3866	1	1
7 2835	3 1113	1	1
7 2835	5 4848	1	1
7 2836	7 1988	1	1
7 2836	0 2132	1	1
7 2836	3 1106	1	1
7 2836	6 1264	1	1
7 2836	3 1	1	1
7 2836	4 2285	1	1
7 2837	7 1990	1	1
7 2837	7 1580	1	1
7 2837	4 1126	1	1
7 2837	0 4527	1	1
7 2837	3 3659	1	1
7 2837	4 3783	1	1
7 2838	5 2381	1	1
7 2838	0 1918	1	1
7 2838	6 4060	1	1
7 2838	6 1452	1	1
7 2838	3 2350	1	1
7 2838	6 2907	1	1
7 2839	7 269	1	1
7 2839	6 3028	1	1
7 2839	2 276	1	1
7 2839	5 4550	1	1
7 2839	3 2599	1	1
7 2839	0 3772	1	1
7 2840	7 4895	1	1
7 2840	7 4825	1	1
7 2840	6 348	1	1
7 2840	5 1138	1	1
7 2840	1 1916	1	1
7 2840	1 611	1	1
7 2841	7 972	1	1
7 2841	5 1304	1	1
7 2841	2 4065	1	1
7 2841	3 3940	1	1
7 2841	5 4284	1	1
7 2841	3 2791	1	1
7 2842	7 230	1	1
7 2842	2 677	1	1
7 2842	3 252	1	1
7 2842	5 74	1	1
7 2842	2 929	1	1
7 2842	0 1649	1	1
7 2843	7 4047	1	1
7 2843	7 1044	1	1
7 2843	1 4070	1	1
7 2843	5 2147	1	1
7 2843	0 3783	1	1
7 2843	2 4531	1	1
7 2844	7 3236	1	1
7 2844	7 4943	1	1
7 2844	0 3225	1	1
7 2844	3 4377	1	1
7 2844	5 767	1	1
7 2844	4 3157	1	1
7 2845	7 434	1	1
7 2845	6 3618	1	1
7 2845	3 1841	1	1
7 2845	6 4359	1	1
7 2845	0 2885	1	1
7 2845	2 748	1	1
7 2846	3 4842	1	1
7 2846	3 3333	1	1
7 2846	4 2358	1	1
7 2846	0 4239	1	1
7 2846	6 824	1	1
7 2846	0 1682	1	1
7 2847	1 3820	1	1
7 2847	1 3535	1	1
7 2847	0 2530	1	1
7 2847	5 3138	1	1
7 2847	2 842	1	1
7 2847	4 3477	1	1
7 2848	1 154	1	1
7 2848	3 4718	1	1
7 2848	0 3924	1	1
7 2848	2 3199	1	1
7 2848	6 3634	1	1
7 2848	6 4867	1	1
7 2849	7 3473	1	1
7 2849	7 2464	1	1
7 2849	4 953	1	1
7 2849	4 873	1	1
7 2849	5 2364	1	1
7 2849	1 2357	1	1
7 2850	0 4969	1	1
7 2850	3 462	1	1
7 2850	5 923	1	1
7 2850	5 1632	1	1
7 2850	5 1387	1	1
7 2850	1 1189	1	1
7 2851	7 3215	1	1
7 2851	2 2230	1	1
7 2851	5 1432	1	1
7 2851	2 3280	1	1
7 2851	0 2720	1	1
7 2851	6 1757	1	1
7 2852	1 1775	1	1
7 2852	2 2152	1	1
7 2852	0 2329	1	1
7 2852	5 2391	1	1
7 2852	5 2115	1	1
7 2852	3 1154	1	1
7 2853	7 2928	1	1
7 2853	3 1282	1	1
7 2853	4 2388	1	1
7 2853	1 2758	1	1
7 2853	4 1046	1	1
7 2853	4 4687	1	1
7 2854	7 2431	1	1
7 2854	7 3671	1	1
7 2854	1 2938	1	1
7 2854	2 2507	1	1
7 2854	5 4049	1	1
7 2854	4 2615	1	1
7 2855	0 315	1	1
7 2855	5 1721	1	1
7 2855	4 3404	1	1
7 2855	5 4041	1	1
7 2855	6 4299	1	1
7 2855	2 191	1	1
7 2856	7 394	1	1
7 2856	7 1524	1	1
7 2856	6 1992	1	1
7 2856	1 2737	1	1
7 2856	4 4991	1	1
7 2856	1 3675	1	1
7 2857	2 286	1	1
7 2857	6 1293	1	1
7 2857	3 1052	1	1
7 2857	5 2664	1	1
7 2857	0 3137	1	1
7 2857	6 3973	1	1
7 2858	7 1189	1	1
7 2858	2 1279	1	1
7 2858	4 2415	1	1
7 2858	5 809	1	1
7 2858	4 3580	1	1
7 2858	6 3061	1	1
7 2859	7 2849	1	1
7 2859	1 2858	1	1
7 2859	4 361	1	1
7 2859	2 1793	1	1
7 2859	0 1783	1	1
7 2859	6 3168	1	1
7 2860	4 294	1	1
7 2860	5 2686	1	1
7 2860	6 1156	1	1
7 2860	5 4943	1	1
7 2860	4 3492	1	1
7 2860	2 3581	1	1
7 2861	7 3913	1	1
7 2861	3 2619	1	1
7 2861	4 56	1	1
7 2861	0 1909	1	1
7 2861	0 3605	1	1
7 2861	5 2961	1	1
7 2862	4 4041	1	1
7 2862	5 131	1	1
7 2862	0 4889	1	1
7 2862	6 4553	1	1
7 2862	2 3842	1	1
7 2862	3 3130	1	1
7 2863	4 1019	1	1
7 2863	3 4700	1	1
7 2863	2 1284	1	1
7 2863	2 4692	1	1
7 2863	6 2352	1	1
7 2863	0 1087	1	1
7 2864	7 2791	1	1
7 2864	6 536	1	1
7 2864	6 1433	1	1
7 2864	2 1357	1	1
7 2864	2 3337	1	1
7 2864	4 3862	1	1
7 2865	3 130	1	1
7 2865	4 3868	1	1
7 2865	3 2965	1	1
7 2865	6 2768	1	1
7 2865	5 827	1	1
7 2865	1 458	1	1
7 2866	3 3140	1	1
7 2866	2 2366	1	1
7 2866	5 4064	1	1
7 2866	5 471	1	1
7 2866	5 2877	1	1
7 2866	3 1513	1	1
7 2867	6 1437	1	1
7 2867	5 3581	1	1
7 2867	3 884	1	1
7 2867	6 2869	1	1
7 2867	3 4817	1	1
7 2867	5 52	1	1
7 2868	7 2378	1	1
7 2868	7 4529	1	1
7 2868	6 1087	1	1
7 2868	0 1407	1	1
7 2868	1 951	1	1
7 2868	4 2926	1	1
7 2869	7 876	1	1
7 2869	5 2804	1	1
7 2869	3 4535	1	1
7 2869	6 689	1	1
7 2869	4 3802	1	1
7 2869	2 3630	1	1
7 2870	0 25	1	1
7 2870	5 4401	1	1
7 2870	0 329	1	1
7 2870	1 2416	1	1
7 2870	5 2575	1	1
7 2870	6 4012	1	1
7 2871	7 2992	1	1
7 2871	7 4719	1	1
7 2871	0 1112	1	1
7 2871	6 4019	1	1
7 2871	6 4852	1	1
7 2871	2 1822	1	1
7 2872	7 4189	1	1
7 2872	0 1881	1	1
7 2872	1 2298	1	1
7 2872	1 3089	1	1
7 2872	0 1515	1	1
7 2872	5 2576	1	1
7 2873	1 4241	1	1
7 2873	1 1310	1	1
7 2873	5 505	1	1
7 2873	4 1271	1	1
7 2873	3 2943	1	1
7 2873	4 2185	1	1
7 2874	7 3987	1	1
7 2874	7 1109	1	1
7 2874	7 4159	1	1
7 2874	6 944	1	1
7 2874	6 657	1	1
7 2874	5 2730	1	1
7 2875	2 4004	1	1
7 2875	3 1579	1	1
7 2875	6 3945	1	1
7 2875	0 384	1	1
7 2875	2 1565	1	1
7 2875	0 3781	1	1
7 2876	2 219	1	1
7 2876	4 871	1	1
7 2876	5 1988	1	1
7 2876	1 2013	1	1
7 2876	3 3563	1	1
7 2876	6 3916	1	1
7 2877	4 1686	1	1
7 2877	0 84	1	1
7 2877	6 2330	1	1
7 2877	2 2129	1	1
7 2877	0 528	1	1
7 2877	4 763	1	1
7 2878	4 4097	1	1
7 2878	1 1275	1	1
7 2878	2 313	1	1
7 2878	0 1239	1	1
7 2878	6 3535	1	1
7 2878	0 2470	1	1
7 2879	1 1283	1	1
7 2879	4 4316	1	1
7 2879	2 3014	1	1
7 2879	5 1889	1	1
7 2879	2 2975	1	1
7 2879	2 245	1	1
7 2880	0 4050	1	1
7 2880	1 4100	1	1
7 2880	5 634	1	1
7 2880	5 4876	1	1
7 2880	2 502	1	1
7 2880	6 253	1	1
7 2881	5 4666	1	1
7 2881	5 4696	1	1
7 2881	4 4003	1	1
7 2881	0 3456	1	1
7 2881	2 3850	1	1
7 2881	0 2904	1	1
7 2882	7 3700	1	1
7 2882	7 3777	1	1
7 2882	6 920	1	1
7 2882	1 4166	1	1
7 2882	4 3669	1	1
7 2882	6 811	1	1
7 2883	2 39	1	1
7 2883	6 483	1	1
7 2883	1 1370	1	1
7 2883	4 4405	1	1
7 2883	6 2030	1	1
7 2883	2 4275	1	1
7 2884	7 2055	1	1
7 2884	1 851	1	1
7 2884	4 645	1	1
7 2884	5 1742	1	1
7 2884	1 4889	1	1
7 2884	6 2874	1	1
7 2885	7 1235	1	1
7 2885	0 1890	1	1
7 2885	5 1092	1	1
7 2885	2 4725	1	1
7 2885	6 2005	1	1
7 2885	1 2148	1	1
7 2886	1 2437	1	1
7 2886	2 312	1	1
7 2886	6 220	1	1
7 2886	0 2302	1	1
7 2886	1 1694	1	1
7 2886	1 1947	1	1
7 2887	7 3568	1	1
7 2887	0 2328	1	1
7 2887	0 3524	1	1
7 2887	0 2384	1	1
7 2887	5 584	1	1
7 2887	3 19	1	1
7 2888	7 3693	1	1
7 2888	3 3614	1	1
7 2888	4 4980	1	1
7 2888	4 4962	1	1
7 2888	6 601	1	1
7 2888	1 2800	1	1
7 2889	7 64	1	1
7 2889	6 2378	1	1
7 2889	5 4607	1	1
7 2889	5 4083	1	1
7 2889	2 1836	1	1
7 2889	2 3131	1	1
7 2890	7 2422	1	1
7 2890	6 4234	1	1
7 2890	4 2904	1	1
7 2890	4 1979	1	1
7 2890	6 4601	1	1
7 2890	6 1909	1	1
7 2891	7 386	1	1
7 2891	1 3992	1	1
7 2891	3 3077	1	1
7 2891	6 1993	1	1
7 2891	0 1195	1	1
7 2891	6 3555	1	1
7 2892	7 4515	1	1
7 2892	1 85	1	1
7 2892	3 236	1	1
7 2892	3 3599	1	1
7 2892	0 1633	1	1
7 2892	4 2813	1	1
7 2893	1 1219	1	1
7 2893	1 2030	1	1
7 2893	5 275	1	1
7 2893	2 4829	1	1
7 2893	6 177	1	1
7 2893	1 367	1	1
7 2894	7 3206	1	1
7 2894	1 88	1	1
7 2894	0 3458	1	1
7 2894	3 4645	1	1
7 2894	6 771	1	1
7 2894	3 1191	1	1
7 2895	7 4862	1	1
7 2895	1 2365	1	1
7 2895	3 72	1	1
7 2895	3 4291	1	1
7 2895	1 785	1	1
7 2895	5 3371	1	1
7 2896	2 4275	1	1
7 2896	2 1778	1	1
7 2896	2 4154	1	1
7 2896	2 1035	1	1
7 2896	2 1499	1	1
7 2896	5 4504	1	1
7 2897	7 3194	1	1
7 2897	0 4340	1	1
7 2897	2 4705	1	1
7 2897	4 4231	1	1
7 2897	3 1769	1	1
7 2897	1 2275	1	1
7 2898	3 3085	1	1
7 2898	4 2326	1	1
7 2898	5 4419	1	1
7 2898	3 4284	1	1
7 2898	5 729	1	1
7 2898	3 3335	1	1
7 2899	5 3002	1	1
7 2899	0 4783	1	1
7 2899	3 152	1	1
7 2899	4 2856	1	1
7 2899	0 2996	1	1
7 2899	3 2937	1	1
7 2900	7 2733	1	1
7 2900	3 1512	1	1
7 2900	5 2170	1	1
7 2900	1 2323	1	1
7 2900	5 4044	1	1
7 2900	1 1328	1	1
7 2901	1 3627	1	1
7 2901	2 3993	1	1
7 2901	0 1042	1	1
7 2901	1 179	1	1
7 2901	5 168	1	1
7 2901	3 904	1	1
7 2902	0 3669	1	1
7 2902	0 3470	1	1
7 2902	3 576	1	1
7 2902	0 712	1	1
7 2902	0 3120	1	1
7 2902	0 1580	1	1
7 2903	3 1700	1	1
7 2903	3 4693	1	1
7 2903	3 1327	1	1
7 2903	2 644	1	1
7 2903	6 571	1	1
7 2903	0 3022	1	1
7 2904	2 2849	1	1
7 2904	6 3485	1	1
7 2904	1 1671	1	1
7 2904	4 3822	1	1
7 2904	0 477	1	1
7 2904	5 2513	1	1
7 2905	3 4353	1	1
7 2905	1 3297	1	1
7 2905	2 3274	1	1
7 2905	4 4387	1	1
7 2905	3 1238	1	1
7 2905	1 4561	1	1
7 2906	0 2906	1	1
7 2906	5 1687	1	1
7 2906	0 4249	1	1
7 2906	5 2972	1	1
7 2906	1 4287	1	1
7 2906	4 4853	1	1
7 2907	7 4774	1	1
7 2907	4 188	1	1
7 2907	5 2337	1	1
7 2907	6 1862	1	1
7 2907	1 1400	1	1
7 2907	0 3993	1	1
7 2908	7 3009	1	1
7 2908	6 3293	1	1
7 2908	6 2577	1	1
7 2908	1 1375	1	1
7 2908	2 4701	1	1
7 2908	6 355	1	1
7 2909	1 1963	1	1
7 2909	2 966	1	1
7 2909	5 3938	1	1
7 2909	4 4965	1	1
7 2909	6 3686	1	1
7 2909	1 128	1	1
7 2910	0 3007	1	1
7 2910	0 388	1	1
7 2910	4 2049	1	1
7 2910	6 1043	1	1
7 2910	3 1300	1	1
7 2910	1 3053	1	1
7 2911	7 2683	1	1
7 2911	1 3706	1	1
7 2911	5 427	1	1
7 2911	3 2656	1	1
7 2911	6 3526	1	1
7 2911	6 263	1	1
7 2912	4 4766	1	1
7 2912	3 4281	1	1
7 2912	0 3670	1	1
7 2912	3 3825	1	1
7 2912	4 3369	1	1
7 2912	1 4402	1	1
7 2913	0 185	1	1
7 2913	4 1547	1	1
7 2913	2 4256	1	1
7 2913	3 1429	1	1
7 2913	3 2301	1	1
7 2913	0 1249	1	1
7 2914	7 3751	1	1
7 2914	7 1663	1	1
7 2914	6 4498	1	1
7 2914	2 462	1	1
7 2914	2 4505	1	1
7 2914	2 1746	1	1
7 2915	4 1456	1	1
7 2915	3 4853	1	1
7 2915	5 3189	1	1
7 2915	6 4128	1	1
7 2915	4 2259	1	1
7 2915	4 4118	1	1
7 2916	7 3225	1	1
7 2916	7 1707	1	1
7 2916	7 1830	1	1
7 2916	5 3769	1	1
7 2916	1 5	1	1
7 2916	3 2438	1	1
7 2917	7 1593	1	1
7 2917	7 93	1	1
7 2917	7 2879	1	1
7 2917	6 789	1	1
7 2917	3 1825	1	1
7 2917	5 4121	1	1
7 2918	5 2971	1	1
7 2918	2 731	1	1
7 2918	1 2101	1	1
7 2918	2 4399	1	1
7 2918	6 2419	1	1
7 2918	4 4830	1	1
7 2919	7 4176	1	1
7 2919	0 3412	1	1
7 2919	0 1677	1	1
7 2919	3 128	1	1
7 2919	4 42	1	1
7 2919	6 2867	1	1
7 2920	7 2871	1	1
7 2920	4 4712	1	1
7 2920	2 2981	1	1
7 2920	5 704	1	1
7 2920	0 2364	1	1
7 2920	1 1118	1	1
7 2921	7 2584	1	1
7 2921	7 2578	1	1
7 2921	4 3207	1	1
7 2921	3 3992	1	1
7 2921	5 741	1	1
7 2921	6 1991	1	1
7 2922	5 172	1	1
7 2922	0 3710	1	1
7 2922	2 2149	1	1
7 2922	4 1394	1	1
7 2922	1 1103	1	1
7 2922	5 2893	1	1
7 2923	0 4200	1	1
7 2923	5 3267	1	1
7 2923	2 2698	1	1
7 2923	4 2375	1	1
7 2923	4 238	1	1
7 2923	0 1939	1	1
7 2924	7 1582	1	1
7 2924	7 613	1	1
7 2924	6 2934	1	1
7 2924	4 2280	1	1
7 2924	4 2477	1	1
7 2924	6 953	1	1
7 2925	0 439	1	1
7 2925	6 2676	1	1
7 2925	0 180	1	1
7 2925	3 831	1	1
7 2925	2 3884	1	1
7 2925	4 4211	1	1
7 2926	2 4651	1	1
7 2926	0 4526	1	1
7 2926	5 1103	1	1
7 2926	0 2594	1	1
7 2926	2 1038	1	1
7 2926	0 4093	1	1
7 2927	7 1759	1	1
7 2927	7 690	1	1
7 2927	7 3454	1	1
7 2927	0 3945	1	1
7 2927	5 2995	1	1
7 2927	1 3269	1	1
7 2928	1 538	1	1
7 2928	0 1275	1	1
7 2928	3 3517	1	1
7 2928	6 3610	1	1
7 2928	5 1586	1	1
7 2928	2 1343	1	1
7 2929	4 4142	1	1
7 2929	3 2809	1	1
7 2929	6 3836	1	1
7 2929	0 2343	1	1
7 2929	3 1030	1	1
7 2929	1 3495	1	1
7 2930	5 826	1	1
7 2930	5 3019	1	1
7 2930	1 1389	1	1
7 2930	3 1706	1	1
7 2930	2 4876	1	1
7 2930	6 4073	1	1
7 2931	4 22	1	1
7 2931	5 4055	1	1
7 2931	6 4535	1	1
7 2931	2 2289	1	1
7 2931	1 3894	1	1
7 2931	5 216	1	1
7 2932	3 2520	1	1
7 2932	1 2928	1	1
7 2932	5 1565	1	1
7 2932	4 3222	1	1
7 2932	2 268	1	1
7 2932	4 775	1	1
7 2933	5 4101	1	1
7 2933	4 1560	1	1
7 2933	3 3748	1	1
7 2933	4 2253	1	1
7 2933	6 2197	1	1
7 2933	5 2120	1	1
7 2934	2 1979	1	1
7 2934	1 4487	1	1
7 2934	4 2243	1	1
7 2934	2 3361	1	1
7 2934	4 4994	1	1
7 2934	1 340	1	1
7 2935	4 889	1	1
7 2935	2 2298	1	1
7 2935	5 681	1	1
7 2935	2 133	1	1
7 2935	5 473	1	1
7 2935	0 3751	1	1
7 2936	7 272	1	1
7 2936	7 4945	1	1
7 2936	7 1557	1	1
7 2936	0 3996	1	1
7 2936	0 4008	1	1
7 2936	6 4662	1	1
7 2937	7 4390	1	1
7 2937	7 896	1	1
7 2937	4 2577	1	1
7 2937	3 3632	1	1
7 2937	2 2106	1	1
7 2937	1 4308	1	1
7 2938	1 4383	1	1
7 2938	4 335	1	1
7 2938	5 382	1	1
7 2938	0 350	1	1
7 2938	2 2060	1	1
7 2938	6 4344	1	1
7 2939	6 637	1	1
7 2939	4 1779	1	1
7 2939	2 3143	1	1
7 2939	6 4892	1	1
7 2939	4 2032	1	1
7 2939	2 68	1	1
7 2940	7 3469	1	1
7 2940	3 4342	1	1
7 2940	6 2505	1	1
7 2940	2 3811	1	1
7 2940	6 1658	1	1
7 2940	6 1122	1	1
7 2941	7 3542	1	1
7 2941	7 3758	1	1
7 2941	1 4361	1	1
7 2941	3 4830	1	1
7 2941	5 2695	1	1
7 2941	6 1279	1	1
7 2942	5 4197	1	1
7 2942	5 3052	1	1
7 2942	0 2851	1	1
7 2942	0 401	1	1
7 2942	2 210	1	1
7 2942	0 3787	1	1
7 2943	7 1482	1	1
7 2943	7 515	1	1
7 2943	0 208	1	1
7 2943	6 2071	1	1
7 2943	5 3867	1	1
7 2943	6 4181	1	1
7 2944	7 4647	1	1
7 2944	7 2309	1	1
7 2944	3 4875	1	1
7 2944	1 4785	1	1
7 2944	1 2705	1	1
7 2944	1 32	1	1
7 2945	7 1013	1	1
7 2945	7 4301	1	1
7 2945	3 27	1	1
7 2945	4 4713	1	1
7 2945	6 1109	1	1
7 2945	6 2479	1	1
7 2946	2 4337	1	1
7 2946	0 1513	1	1
7 2946	6 2360	1	1
7 2946	3 3635	1	1
7 2946	5 4884	1	1
7 2946	2 616	1	1
7 2947	7 3196	1	1
7 2947	7 4528	1	1
7 2947	3 86	1	1
7 2947	2 1755	1	1
7 2947	1 3264	1	1
7 2947	4 3950	1	1
7 2948	3 1741	1	1
7 2948	5 2643	1	1
7 2948	3 414	1	1
7 2948	3 4911	1	1
7 2948	5 2545	1	1
7 2948	4 1279	1	1
7 2949	1 1767	1	1
7 2949	6 532	1	1
7 2949	5 2641	1	1
7 2949	2 4187	1	1
7 2949	1 3591	1	1
7 2949	0 3406	1	1
7 2950	7 163	1	1
7 2950	7 455	1	1
7 2950	5 4928	1	1
7 2950	4 353	1	1
7 2950	4 2467	1	1
7 2950	5 3771	1	1
7 2951	7 1153	1	1
7 2951	0 2376	1	1
7 2951	0 4207	1	1
7 2951	0 4542	1	1
7 2951	1 1771	1	1
7 2951	1 684	1	1
7 2952	3 4323	1	1
7 2952	1 3221	1	1
7 2952	3 3856	1	1
7 2952	6 2805	1	1
7 2952	0 1722	1	1
7 2952	2 2615	1	1
7 2953	7 2098	1	1
7 2953	7 191	1	1
7 2953	1 4468	1	1
7 2953	5 3232	1	1
7 2953	2 4573	1	1
7 2953	4 2627	1	1
7 2954	6 591	1	1
7 2954	3 2258	1	1
7 2954	4 2926	1	1
7 2954	4 428	1	1
7 2954	6 1506	1	1
7 2954	2 124	1	1
7 2955	6 2223	1	1
7 2955	6 295	1	1
7 2955	0 2369	1	1
7 2955	3 4568	1	1
7 2955	1 205	1	1
7 2955	2 2466	1	1
7 2956	0 4774	1	1
7 2956	0 4249	1	1
7 2956	1 3529	1	1
7 2956	0 4630	1	1
7 2956	6 266	1	1
7 2956	3 1979	1	1
7 2957	7 776	1	1
7 2957	3 1099	1	1
7 2957	2 91	1	1
7 2957	5 4298	1	1
7 2957	6 3647	1	1
7 2957	0 2303	1	1
7 2958	7 1580	1	1
7 2958	1 3838	1	1
7 2958	3 819	1	1
7 2958	3 2195	1	1
7 2958	1 4943	1	1
7 2958	5 3803	1	1
7 2959	2 4950	1	1
7 2959	0 2181	1	1
7 2959	0 974	1	1
7 2959	4 1450	1	1
7 2959	4 1255	1	1
7 2959	2 1025	1	1
7 2960	7 2460	1	1
7 2960	7 392	1	1
7 2960	1 3038	1	1
7 2960	6 3181	1	1
7 2960	4 4903	1	1
7 2960	1 333	1	1
7 2961	6 2410	1	1
7 2961	3 4371	1	1
7 2961	0 2760	1	1
7 2961	4 963	1	1
7 2961	2 3941	1	1
7 2961	6 454	1	1
7 2962	4 2583	1	1
7 2962	2 36	1	1
7 2962	3 833	1	1
7 2962	6 2156	1	1
7 2962	4 3963	1	1
7 2962	2 4577	1	1
7 2963	7 3762	1	1
7 2963	5 1999	1	1
7 2963	6 2392	1	1
7 2963	3 4028	1	1
7 2963	6 3987	1	1
7 2963	6 857	1	1
7 2964	7 75	1	1
7 2964	6 2017	1	1
7 2964	6 3841	1	1
7 2964	5 2690	1	1
7 2964	2 4056	1	1
7 2964	3 416	1	1
7 2965	6 4553	1	1
7 2965	2 2632	1	1
7 2965	0 1742	1	1
7 2965	4 4365	1	1
7 2965	5 2552	1	1
7 2965	2 2107	1	1
7 2966	5 4959	1	1
7 2966	6 4561	1	1
7 2966	1 1433	1	1
7 2966	1 1241	1	1
7 2966	1 4477	1	1
7 2966	3 4782	1	1
7 2967	7 2692	1	1
7 2967	6 4742	1	1
7 2967	5 3985	1	1
7 2967	3 247	1	1
7 2967	0 681	1	1
7 2967	5 4444	1	1
7 2968	6 4473	1	1
7 2968	0 877	1	1
7 2968	0 592	1	1
7 2968	4 4879	1	1
7 2968	0 2540	1	1
7 2968	6 1082	1	1
7 2969	7 2730	1	1
7 2969	7 3874	1	1
7 2969	4 2910	1	1
7 2969	2 4858	1	1
7 2969	3 2455	1	1
7 2969	5 1746	1	1
7 2970	6 3217	1	1
7 2970	3 2218	1	1
7 2970	3 4778	1	1
7 2970	3 2195	1	1
7 2970	5 4799	1	1
7 2970	6 2076	1	1
7 2971	7 1212	1	1
7 2971	3 1362	1	1
7 2971	6 3637	1	1
7 2971	1 239	1	1
7 2971	3 797	1	1
7 2971	5 1317	1	1
7 2972	3 3355	1	1
7 2972	5 2104	1	1
7 2972	4 3319	1	1
7 2972	1 2487	1	1
7 2972	4 4462	1	1
7 2972	1 13	1	1
7 2973	7 4643	1	1
7 2973	0 3262	1	1
7 2973	2 142	1	1
7 2973	4 1852	1	1
7 2973	1 3638	1	1
7 2973	4 4885	1	1
7 2974	6 4060	1	1
7 2974	0 1531	1	1
7 2974	4 2205	1	1
7 2974	6 3774	1	1
7 2974	1 642	1	1
7 2974	0 351	1	1
7 2975	7 176	1	1
7 2975	4 2393	1	1
7 2975	0 4019	1	1
7 2975	0 753	1	1
7 2975	6 604	1	1
7 2975	5 182	1	1
7 2976	7 3249	1	1
7 2976	7 4956	1	1
7 2976	0 237	1	1
7 2976	6 4815	1	1
7 2976	4 4727	1	1
7 2976	5 791	1	1
7 2977	7 39	1	1
7 2977	7 3393	1	1
7 2977	7 627	1	1
7 2977	3 2614	1	1
7 2977	4 3555	1	1
7 2977	1 3319	1	1
7 2978	3 3612	1	1
7 2978	2 254	1	1
7 2978	0 3444	1	1
7 2978	4 4569	1	1
7 2978	3 1400	1	1
7 2978	4 6	1	1
7 2979	7 1370	1	1
7 2979	4 1277	1	1
7 2979	2 109	1	1
7 2979	0 564	1	1
7 2979	1 2175	1	1
7 2979	5 4075	1	1
7 2980	3 727	1	1
7 2980	5 3095	1	1
7 2980	5 4120	1	1
7 2980	6 1751	1	1
7 2980	4 4668	1	1
7 2980	2 3421	1	1
7 2981	4 1563	1	1
7 2981	2 1861	1	1
7 2981	6 1189	1	1
7 2981	1 3558	1	1
7 2981	6 4847	1	1
7 2981	5 2776	1	1
7 2982	7 3297	1	1
7 2982	5 1135	1	1
7 2982	5 3352	1	1
7 2982	2 3807	1	1
7 2982	4 3412	1	1
7 2982	4 4164	1	1
7 2983	7 3632	1	1
7 2983	7 4103	1	1
7 2983	5 3204	1	1
7 2983	4 2917	1	1
7 2983	3 2843	1	1
7 2983	1 2940	1	1
7 2984	3 3832	1	1
7 2984	6 2061	1	1
7 2984	3 1171	1	1
7 2984	5 572	1	1
7 2984	5 1088	1	1
7 2984	1 4173	1	1
7 2985	7 959	1	1
7 2985	6 3636	1	1
7 2985	5 3914	1	1
7 2985	5 4878	1	1
7 2985	2 1162	1	1
7 2985	5 2259	1	1
7 2986	7 2090	1	1
7 2986	7 4834	1	1
7 2986	2 6	1	1
7 2986	6 3951	1	1
7 2986	5 2353	1	1
7 2986	2 2053	1	1
7 2987	6 3063	1	1
7 2987	3 1477	1	1
7 2987	3 4010	1	1
7 2987	2 1222	1	1
7 2987	4 536	1	1
7 2987	3 4673	1	1
7 2988	5 1693	1	1
7 2988	2 4368	1	1
7 2988	6 4966	1	1
7 2988	0 3721	1	1
7 2988	6 4756	1	1
7 2988	5 2450	1	1
7 2989	7 1064	1	1
7 2989	6 2669	1	1
7 2989	0 760	1	1
7 2989	2 2571	1	1
7 2989	6 2077	1	1
7 2989	3 3373	1	1
7 2990	7 3648	1	1
7 2990	7 4607	1	1
7 2990	2 3440	1	1
7 2990	2 1962	1	1
7 2990	2 3081	1	1
7 2990	2 755	1	1
7 2991	7 3242	1	1
7 2991	2 4231	1	1
7 2991	6 728	1	1
7 2991	2 3598	1	1
7 2991	0 1589	1	1
7 2991	1 1756	1	1
7 2992	7 2534	1	1
7 2992	6 3650	1	1
7 2992	2 1976	1	1
7 2992	3 314	1	1
7 2992	4 3430	1	1
7 2992	3 1228	1	1
7 2993	3 3490	1	1
7 2993	5 4990	1	1
7 2993	0 4399	1	1
7 2993	4 2181	1	1
7 2993	5 4706	1	1
7 2993	4 4550	1	1
7 2994	7 2246	1	1
7 2994	5 313	1	1
7 2994	3 2249	1	1
7 2994	0 2084	1	1
7 2994	6 216	1	1
7 2994	6 4965	1	1
7 2995	7 4377	1	1
7 2995	0 2627	1	1
7 2995	6 3206	1	1
7 2995	6 772	1	1
7 2995	1 2866	1	1
7 2995	5 4036	1	1
7 2996	7 1879	1	1
7 2996	5 2140	1	1
7 2996	2 4892	1	1
7 2996	4 3144	1	1
7 2996	4 1783	1	1
7 2996	1 833	1	1
7 2997	7 4144	1	1
7 2997	4 2372	1	1
7 2997	4 4728	1	1
7 2997	6 614	1	1
7 2997	0 135	1	1
7 2997	4 1047	1	1
7 2998	2 3274	1	1
7 2998	0 1658	1	1
7 2998	0 3226	1	1
7 2998	3 331	1	1
7 2998	5 1498	1	1
7 2998	1 182	1	1
7 2999	7 3146	1	1
7 2999	0 4489	1	1
7 2999	0 2777	1	1
7 2999	3 2883	1	1
7 2999	5 2417	1	1
7 2999	1 699	1	1
7 3000	7 729	1	1
7 3000	0 2863	1	1
7 3000	2 1843	1	1
7 3000	1 4871	1	1
7 3000	5 4432	1	1
7 3000	4 1776	1	1
7 3001	7 3394	1	1
7 3001	5 1431	1	1
7 3001	1 4088	1	1
7 3001	6 1729	1	1
7 3001	3 1984	1	1
7 3001	2 4063	1	1
7 3002	7 2284	1	1
7 3002	7 2031	1	1
7 3002	5 2282	1	1
7 3002	2 4796	1	1
7 3002	1 1351	1	1
7 3002	4 4888	1	1
7 3003	7 1838	1	1
7 3003	1 158	1	1
7 3003	1 1281	1	1
7 3003	5 3142	1	1
7 3003	5 3810	1	1
7 3003	2 3087	1	1
7 3004	3 4668	1	1
7 3004	5 1080	1	1
7 3004	6 3096	1	1
7 3004	4 3414	1	1
7 3004	0 4445	1	1
7 3004	6 3838	1	1
7 3005	4 4382	1	1
7 3005	0 4718	1	1
7 3005	5 4479	1	1
7 3005	2 4106	1	1
7 3005	5 1318	1	1
7 3005	1 1138	1	1
7 3006	7 719	1	1
7 3006	5 2662	1	1
7 3006	0 2005	1	1
7 3006	0 3910	1	1
7 3006	4 2432	1	1
7 3006	2 2433	1	1
7 3007	7 996	1	1
7 3007	4 3098	1	1
7 3007	4 4982	1	1
7 3007	3 444	1	1
7 3007	3 645	1	1
7 3007	4 4383	1	1
7 3008	5 3020	1	1
7 3008	1 1141	1	1
7 3008	0 280	1	1
7 3008	2 4508	1	1
7 3008	5 3481	1	1
7 3008	3 3815	1	1
7 3009	7 967	1	1
7 3009	7 4799	1	1
7 3009	0 3044	1	1
7 3009	5 4959	1	1
7 3009	0 2144	1	1
7 3009	6 2565	1	1
7 3010	1 4083	1	1
7 3010	1 1514	1	1
7 3010	2 275	1	1
7 3010	0 4807	1	1
7 3010	6 3347	1	1
7 3010	1 4937	1	1
7 3011	7 4031	1	1
7 3011	7 4942	1	1
7 3011	7 2418	1	1
7 3011	1 1060	1	1
7 3011	4 3800	1	1
7 3011	6 2922	1	1
7 3012	7 4533	1	1
7 3012	7 3619	1	1
7 3012	4 2060	1	1
7 3012	3 1871	1	1
7 3012	2 2770	1	1
7 3012	4 3021	1	1
7 3013	7 1655	1	1
7 3013	1 4839	1	1
7 3013	3 497	1	1
7 3013	3 4096	1	1
7 3013	4 4764	1	1
7 3013	1 4538	1	1
7 3014	4 2031	1	1
7 3014	3 1215	1	1
7 3014	1 3816	1	1
7 3014	6 4841	1	1
7 3014	3 4958	1	1
7 3014	5 325	1	1
7 3015	1 3798	1	1
7 3015	6 1620	1	1
7 3015	4 3020	1	1
7 3015	3 3211	1	1
7 3015	1 4825	1	1
7 3015	0 2656	1	1
7 3016	7 2595	1	1
7 3016	7 645	1	1
7 3016	3 880	1	1
7 3016	0 88	1	1
7 3016	0 2312	1	1
7 3016	5 2536	1	1
7 3017	7 1302	1	1
7 3017	4 4362	1	1
7 3017	3 2795	1	1
7 3017	6 3257	1	1
7 3017	0 1691	1	1
7 3017	5 2773	1	1
7 3018	7 204	1	1
7 3018	0 2477	1	1
7 3018	6 3777	1	1
7 3018	2 1568	1	1
7 3018	2 873	1	1
7 3018	5 821	1	1
7 3019	6 2023	1	1
7 3019	6 2131	1	1
7 3019	6 4724	1	1
7 3019	6 2780	1	1
7 3019	5 1828	1	1
7 3019	2 1867	1	1
7 3020	7 2926	1	1
7 3020	6 4313	1	1
7 3020	1 3913	1	1
7 3020	0 3461	1	1
7 3020	0 2734	1	1
7 3020	6 2581	1	1
7 3021	1 3411	1	1
7 3021	6 4263	1	1
7 3021	2 4697	1	1
7 3021	5 110	1	1
7 3021	3 4521	1	1
7 3021	6 3237	1	1
7 3022	7 1642	1	1
7 3022	1 207	1	1
7 3022	6 2586	1	1
7 3022	6 4448	1	1
7 3022	5 4434	1	1
7 3022	2 3953	1	1
7 3023	7 3096	1	1
7 3023	7 1865	1	1
7 3023	2 402	1	1
7 3023	2 4390	1	1
7 3023	5 1634	1	1
7 3023	3 713	1	1
7 3024	7 1199	1	1
7 3024	0 3175	1	1
7 3024	5 3552	1	1
7 3024	6 3473	1	1
7 3024	0 2805	1	1
7 3024	5 2138	1	1
7 3025	0 3382	1	1
7 3025	6 3435	1	1
7 3025	5 2254	1	1
7 3025	6 4644	1	1
7 3025	5 3024	1	1
7 3025	3 2607	1	1
7 3026	4 3484	1	1
7 3026	6 2454	1	1
7 3026	2 1113	1	1
7 3026	2 3248	1	1
7 3026	4 466	1	1
7 3026	4 406	1	1
7 3027	4 1361	1	1
7 3027	5 1258	1	1
7 3027	1 3549	1	1
7 3027	3 992	1	1
7 3027	2 340	1	1
7 3027	4 771	1	1
7 3028	1 4840	1	1
7 3028	4 1396	1	1
7 3028	2 434	1	1
7 3028	0 2633	1	1
7 3028	4 869	1	1
7 3028	4 2378	1	1
7 3029	7 121	1	1
7 3029	4 3105	1	1
7 3029	3 2057	1	1
7 3029	0 1502	1	1
7 3029	4 2870	1	1
7 3029	4 2538	1	1
7 3030	1 1745	1	1
7 3030	2 1055	1	1
7 3030	5 3767	1	1
7 3030	0 4773	1	1
7 3030	2 2087	1	1
7 3030	2 2709	1	1
7 3031	7 2107	1	1
7 3031	7 285	1	1
7 3031	1 2860	1	1
7 3031	1 4697	1	1
7 3031	3 4793	1	1
7 3031	3 2009	1	1
7 3032	7 2971	1	1
7 3032	7 512	1	1
7 3032	4 3678	1	1
7 3032	3 1308	1	1
7 3032	3 1600	1	1
7 3032	3 341	1	1
7 3033	7 1217	1	1
7 3033	6 87	1	1
7 3033	0 3833	1	1
7 3033	2 2499	1	1
7 3033	3 4877	1	1
7 3033	5 2758	1	1
7 3034	3 3704	1	1
7 3034	4 2409	1	1
7 3034	5 363	1	1
7 3034	6 3900	1	1
7 3034	4 2138	1	1
7 3034	2 1179	1	1
7 3035	3 3650	1	1
7 3035	0 2716	1	1
7 3035	2 1929	1	1
7 3035	4 4618	1	1
7 3035	0 3399	1	1
7 3035	3 4635	1	1
7 3036	7 27	1	1
7 3036	1 399	1	1
7 3036	6 790	1	1
7 3036	3 3582	1	1
7 3036	5 2386	1	1
7 3036	2 752	1	1
7 3037	7 2441	1	1
7 3037	1 4652	1	1
7 3037	3 830	1	1
7 3037	1 382	1	1
7 3037	4 2560	1	1
7 3037	6 961	1	1
7 3038	7 2165	1	1
7 3038	7 3828	1	1
7 3038	3 2351	1	1
7 3038	3 1217	1	1
7 3038	4 1516	1	1
7 3038	5 88	1	1
7 3039	7 4543	1	1
7 3039	4 1494	1	1
7 3039	1 1704	1	1
7 3039	0 840	1	1
7 3039	6 4812	1	1
7 3039	3 1124	1	1
7 3040	6 3372	1	1
7 3040	0 1431	1	1
7 3040	3 2514	1	1
7 3040	0 1150	1	1
7 3040	0 1721	1	1
7 3040	0 1203	1	1
7 3041	3 3179	1	1
7 3041	1 3171	1	1
7 3041	1 486	1	1
7 3041	0 2941	1	1
7 3041	3 3487	1	1
7 3041	5 4463	1	1
7 3042	7 1707	1	1
7 3042	7 2360	1	1
7 3042	3 3144	1	1
7 3042	0 1126	1	1
7 3042	0 9	1	1
7 3042	1 3434	1	1
7 3043	2 3908	1	1
7 3043	3 4498	1	1
7 3043	5 1136	1	1
7 3043	2 709	1	1
7 3043	4 4195	1	1
7 3043	6 3731	1	1
7 3044	6 4086	1	1
7 3044	5 2409	1	1
7 3044	0 4309	1	1
7 3044	0 2926	1	1
7 3044	6 4913	1	1
7 3044	3 4751	1	1
7 3045	3 1527	1	1
7 3045	4 1970	1	1
7 3045	5 2747	1	1
7 3045	5 2370	1	1
7 3045	4 4181	1	1
7 3045	3 2501	1	1
7 3046	7 1667	1	1
7 3046	7 1888	1	1
7 3046	3 4824	1	1
7 3046	4 3988	1	1
7 3046	4 418	1	1
7 3046	2 2569	1	1
7 3047	7 811	1	1
7 3047	3 857	1	1
7 3047	1 1227	1	1
7 3047	0 318	1	1
7 3047	5 739	1	1
7 3047	2 97	1	1
7 3048	7 4155	1	1
7 3048	7 4908	1	1
7 3048	1 31	1	1
7 3048	3 4796	1	1
7 3048	6 3014	1	1
7 3048	3 1482	1	1
7 3049	7 757	1	1
7 3049	7 1682	1	1
7 3049	5 3876	1	1
7 3049	5 304	1	1
7 3049	4 4106	1	1
7 3049	4 124	1	1
7 3050	7 3347	1	1
7 3050	1 106	1	1
7 3050	0 424	1	1
7 3050	1 3461	1	1
7 3050	2 1251	1	1
7 3050	0 3408	1	1
7 3051	7 3699	1	1
7 3051	3 4352	1	1
7 3051	5 4175	1	1
7 3051	3 2512	1	1
7 3051	4 913	1	1
7 3051	6 1150	1	1
7 3052	5 4655	1	1
7 3052	1 1851	1	1
7 3052	3 4141	1	1
7 3052	6 4421	1	1
7 3052	3 4980	1	1
7 3052	2 2473	1	1
7 3053	7 1954	1	1
7 3053	2 395	1	1
7 3053	1 628	1	1
7 3053	4 4342	1	1
7 3053	5 1729	1	1
7 3053	1 3461	1	1
7 3054	5 434	1	1
7 3054	5 1707	1	1
7 3054	2 1351	1	1
7 3054	6 3479	1	1
7 3054	2 2624	1	1
7 3054	5 3232	1	1
7 3055	2 4130	1	1
7 3055	0 2851	1	1
7 3055	4 539	1	1
7 3055	3 4965	1	1
7 3055	3 1842	1	1
7 3055	0 1111	1	1
7 3056	7 4757	1	1
7 3056	5 2582	1	1
7 3056	1 1314	1	1
7 3056	4 2450	1	1
7 3056	0 2962	1	1
7 3056	3 243	1	1
7 3057	7 2751	1	1
7 3057	7 2552	1	1
7 3057	3 1378	1	1
7 3057	6 1359	1	1
7 3057	5 1349	1	1
7 3057	0 4326	1	1
7 3058	3 1507	1	1
7 3058	6 1037	1	1
7 3058	5 3274	1	1
7 3058	1 3582	1	1
7 3058	5 3281	1	1
7 3058	1 305	1	1
7 3059	1 4131	1	1
7 3059	4 3799	1	1
7 3059	2 1630	1	1
7 3059	2 4161	1	1
7 3059	0 346	1	1
7 3059	4 3874	1	1
7 3060	7 3660	1	1
7 3060	7 3122	1	1
7 3060	4 988	1	1
7 3060	5 1595	1	1
7 3060	2 105	1	1
7 3060	2 648	1	1
7 3061	7 3549	1	1
7 3061	7 4104	1	1
7 3061	5 1531	1	1
7 3061	3 1231	1	1
7 3061	5 4406	1	1
7 3061	1 1340	1	1
7 3062	7 3806	1	1
7 3062	0 3106	1	1
7 3062	6 3374	1	1
7 3062	4 3963	1	1
7 3062	4 608	1	1
7 3062	3 2647	1	1
7 3063	7 4118	1	1
7 3063	3 3675	1	1
7 3063	5 2853	1	1
7 3063	1 2560	1	1
7 3063	0 1242	1	1
7 3063	1 3159	1	1
7 3064	7 3591	1	1
7 3064	0 3238	1	1
7 3064	3 797	1	1
7 3064	0 1465	1	1
7 3064	1 4452	1	1
7 3064	1 1473	1	1
7 3065	5 4246	1	1
7 3065	1 3709	1	1
7 3065	6 2857	1	1
7 3065	0 2298	1	1
7 3065	0 4452	1	1
7 3065	0 463	1	1
7 3066	3 499	1	1
7 3066	5 2023	1	1
7 3066	6 1808	1	1
7 3066	3 2659	1	1
7 3066	4 1210	1	1
7 3066	2 1119	1	1
7 3067	7 4979	1	1
7 3067	7 1738	1	1
7 3067	7 3256	1	1
7 3067	0 2159	1	1
7 3067	1 3795	1	1
7 3067	1 3997	1	1
7 3068	7 403	1	1
7 3068	1 4275	1	1
7 3068	2 1373	1	1
7 3068	5 4396	1	1
7 3068	3 1705	1	1
7 3068	0 478	1	1
7 3069	7 4020	1	1
7 3069	7 4216	1	1
7 3069	6 1732	1	1
7 3069	3 326	1	1
7 3069	0 4804	1	1
7 3069	2 3881	1	1
7 3070	3 530	1	1
7 3070	0 1368	1	1
7 3070	3 3575	1	1
7 3070	3 3289	1	1
7 3070	1 4166	1	1
7 3070	1 3510	1	1
7 3071	5 1140	1	1
7 3071	2 270	1	1
7 3071	4 4498	1	1
7 3071	0 3191	1	1
7 3071	3 9	1	1
7 3071	4 1923	1	1
7 3072	7 4974	1	1
7 3072	1 1561	1	1
7 3072	5 1124	1	1
7 3072	4 4938	1	1
7 3072	4 3743	1	1
7 3072	6 17	1	1
7 3073	7 3812	1	1
7 3073	3 3251	1	1
7 3073	2 2437	1	1
7 3073	4 1855	1	1
7 3073	4 915	1	1
7 3073	4 881	1	1
7 3074	7 3831	1	1
7 3074	7 4729	1	1
7 3074	2 2876	1	1
7 3074	2 3838	1	1
7 3074	2 203	1	1
7 3074	5 4348	1	1
7 3075	0 1751	1	1
7 3075	2 86	1	1
7 3075	1 1117	1	1
7 3075	1 3918	1	1
7 3075	5 1372	1	1
7 3075	2 3858	1	1
7 3076	7 1725	1	1
7 3076	2 3768	1	1
7 3076	0 4831	1	1
7 3076	6 223	1	1
7 3076	6 1718	1	1
7 3076	4 4723	1	1
7 3077	7 3376	1	1
7 3077	3 4150	1	1
7 3077	2 2899	1	1
7 3077	1 851	1	1
7 3077	4 2160	1	1
7 3077	4 4432	1	1
7 3078	7 594	1	1
7 3078	1 3223	1	1
7 3078	3 2485	1	1
7 3078	2 2550	1	1
7 3078	0 3202	1	1
7 3078	1 1791	1	1
7 3079	7 4611	1	1
7 3079	6 3274	1	1
7 3079	0 2057	1	1
7 3079	5 3025	1	1
7 3079	0 2293	1	1
7 3079	3 153	1	1
7 3080	4 4006	1	1
7 3080	0 138	1	1
7 3080	6 3706	1	1
7 3080	3 2603	1	1
7 3080	6 2251	1	1
7 3080	4 3350	1	1
7 3081	7 2441	1	1
7 3081	1 780	1	1
7 3081	5 2130	1	1
7 3081	3 2564	1	1
7 3081	3 1296	1	1
7 3081	0 2490	1	1
7 3082	7 2543	1	1
7 3082	3 4866	1	1
7 3082	6 4372	1	1
7 3082	4 1900	1	1
7 3082	2 413	1	1
7 3082	6 3898	1	1
7 3083	2 172	1	1
7 3083	5 770	1	1
7 3083	0 1723	1	1
7 3083	0 3295	1	1
7 3083	0 486	1	1
7 3083	3 2020	1	1
7 3084	0 168	1	1
7 3084	6 2522	1	1
7 3084	0 3680	1	1
7 3084	6 4456	1	1
7 3084	3 2328	1	1
7 3084	4 3975	1	1
7 3085	7 3795	1	1
7 3085	5 577	1	1
7 3085	5 856	1	1
7 3085	3 3822	1	1
7 3085	5 4462	1	1
7 3085	0 747	1	1
7 3086	7 3158	1	1
7 3086	6 3950	1	1
7 3086	6 4114	1	1
7 3086	1 3623	1	1
7 3086	5 66	1	1
7 3086	2 1864	1	1
7 3087	5 608	1	1
7 3087	3 3580	1	1
7 3087	2 1198	1	1
7 3087	2 1110	1	1
7 3087	1 443	1	1
7 3087	6 1238	1	1
7 3088	6 998	1	1
7 3088	0 2939	1	1
7 3088	1 2892	1	1
7 3088	2 2909	1	1
7 3088	5 3101	1	1
7 3088	4 2659	1	1
7 3089	6 4838	1	1
7 3089	6 2015	1	1
7 3089	2 4915	1	1
7 3089	4 3296	1	1
7 3089	4 392	1	1
7 3089	2 2787	1	1
7 3090	2 2609	1	1
7 3090	1 763	1	1
7 3090	6 4377	1	1
7 3090	2 3434	1	1
7 3090	6 2844	1	1
7 3090	2 296	1	1
7 3091	7 4067	1	1
7 3091	7 3093	1	1
7 3091	6 2324	1	1
7 3091	4 4179	1	1
7 3091	2 563	1	1
7 3091	0 542	1	1
7 3092	7 2768	1	1
7 3092	7 1475	1	1
7 3092	4 343	1	1
7 3092	6 1413	1	1
7 3092	2 3128	1	1
7 3092	6 712	1	1
7 3093	5 4311	1	1
7 3093	2 635	1	1
7 3093	4 1069	1	1
7 3093	4 472	1	1
7 3093	5 3244	1	1
7 3093	5 2271	1	1
7 3094	0 3448	1	1
7 3094	3 1938	1	1
7 3094	1 288	1	1
7 3094	3 4794	1	1
7 3094	6 4102	1	1
7 3094	0 457	1	1
7 3095	5 804	1	1
7 3095	3 4078	1	1
7 3095	6 2374	1	1
7 3095	4 1906	1	1
7 3095	6 4151	1	1
7 3095	2 4485	1	1
7 3096	7 2982	1	1
7 3096	7 2258	1	1
7 3096	5 808	1	1
7 3096	4 442	1	1
7 3096	0 1059	1	1
7 3096	5 4312	1	1
7 3097	7 2478	1	1
7 3097	4 3473	1	1
7 3097	4 2639	1	1
7 3097	3 381	1	1
7 3097	3 258	1	1
7 3097	4 4718	1	1
7 3098	6 3873	1	1
7 3098	0 397	1	1
7 3098	5 4008	1	1
7 3098	4 1116	1	1
7 3098	5 3355	1	1
7 3098	5 4335	1	1
7 3099	5 65	1	1
7 3099	5 4859	1	1
7 3099	6 1009	1	1
7 3099	6 4417	1	1
7 3099	6 3156	1	1
7 3099	3 2102	1	1
7 3100	1 1944	1	1
7 3100	5 2669	1	1
7 3100	0 2014	1	1
7 3100	5 4673	1	1
7 3100	6 428	1	1
7 3100	1 1234	1	1
7 3101	1 1475	1	1
7 3101	6 758	1	1
7 3101	3 4110	1	1
7 3101	4 1056	1	1
7 3101	3 3542	1	1
7 3101	1 3740	1	1
7 3102	6 2648	1	1
7 3102	3 3323	1	1
7 3102	0 2708	1	1
7 3102	5 3868	1	1
7 3102	5 3201	1	1
7 3102	6 959	1	1
7 3103	7 3394	1	1
7 3103	1 4501	1	1
7 3103	5 2285	1	1
7 3103	6 3395	1	1
7 3103	5 4524	1	1
7 3103	3 4148	1	1
7 3104	5 1120	1	1
7 3104	3 2650	1	1
7 3104	4 3631	1	1
7 3104	6 3210	1	1
7 3104	0 3022	1	1
7 3104	5 67	1	1
7 3105	4 4941	1	1
7 3105	5 4824	1	1
7 3105	4 3045	1	1
7 3105	6 3292	1	1
7 3105	6 3919	1	1
7 3105	5 2137	1	1
7 3106	7 4877	1	1
7 3106	5 1332	1	1
7 3106	0 4125	1	1
7 3106	3 2999	1	1
7 3106	6 232	1	1
7 3106	5 2042	1	1
7 3107	4 3610	1	1
7 3107	3 1977	1	1
7 3107	2 2198	1	1
7 3107	6 4396	1	1
7 3107	4 1859	1	1
7 3107	0 2975	1	1
7 3108	7 840	1	1
7 3108	7 3716	1	1
7 3108	7 4898	1	1
7 3108	7 353	1	1
7 3108	7 700	1	1
7 3108	3 2102	1	1
7 3109	7 749	1	1
7 3109	7 4724	1	1
7 3109	2 1043	1	1
7 3109	2 4281	1	1
7 3109	4 348	1	1
7 3109	5 4437	1	1
7 3110	6 1254	1	1
7 3110	3 4339	1	1
7 3110	5 4197	1	1
7 3110	2 3408	1	1
7 3110	5 90	1	1
7 3110	4 4056	1	1
7 3111	1 410	1	1
7 3111	4 8	1	1
7 3111	1 596	1	1
7 3111	6 690	1	1
7 3111	3 2751	1	1
7 3111	0 1602	1	1
7 3112	7 2916	1	1
7 3112	1 205	1	1
7 3112	2 996	1	1
7 3112	5 2991	1	1
7 3112	0 1074	1	1
7 3112	4 1952	1	1
7 3113	4 2169	1	1
7 3113	3 2863	1	1
7 3113	2 1873	1	1
7 3113	2 3765	1	1
7 3113	1 5	1	1
7 3113	5 516	1	1
7 3114	0 3813	1	1
7 3114	5 2820	1	1
7 3114	2 838	1	1
7 3114	2 4627	1	1
7 3114	1 3651	1	1
7 3114	3 1410	1	1
7 3115	7 2349	1	1
7 3115	6 1952	1	1
7 3115	1 2680	1	1
7 3115	3 4785	1	1
7 3115	1 3943	1	1
7 3115	5 2607	1	1
7 3116	1 2044	1	1
7 3116	5 2872	1	1
7 3116	3 1806	1	1
7 3116	3 4485	1	1
7 3116	0 416	1	1
7 3116	1 4119	1	1
7 3117	1 4728	1	1
7 3117	5 583	1	1
7 3117	6 1987	1	1
7 3117	1 1349	1	1
7 3117	0 1485	1	1
7 3117	4 677	1	1
7 3118	6 4963	1	1
7 3118	4 3629	1	1
7 3118	1 4701	1	1
7 3118	6 4739	1	1
7 3118	1 2549	1	1
7 3118	2 3612	1	1
7 3119	7 753	1	1
7 3119	0 159	1	1
7 3119	2 4560	1	1
7 3119	3 4973	1	1
7 3119	1 1015	1	1
7 3119	1 3195	1	1
7 3120	7 466	1	1
7 3120	7 1584	1	1
7 3120	5 656	1	1
7 3120	5 435	1	1
7 3120	2 3301	1	1
7 3120	4 3999	1	1
7 3121	7 23	1	1
7 3121	7 4298	1	1
7 3121	7 887	1	1
7 3121	1 3642	1	1
7 3121	4 654	1	1
7 3121	4 2160	1	1
7 3122	0 1669	1	1
7 3122	2 3049	1	1
7 3122	4 2753	1	1
7 3122	3 2376	1	1
7 3122	0 4352	1	1
7 3122	6 1862	1	1
7 3123	7 3581	1	1
7 3123	0 1357	1	1
7 3123	2 1960	1	1
7 3123	1 2464	1	1
7 3123	5 4145	1	1
7 3123	2 3820	1	1
7 3124	3 862	1	1
7 3124	3 3877	1	1
7 3124	3 2130	1	1
7 3124	1 2362	1	1
7 3124	1 2662	1	1
7 3124	0 4373	1	1
7 3125	1 4550	1	1
7 3125	4 3201	1	1
7 3125	6 1144	1	1
7 3125	6 1630	1	1
7 3125	4 2709	1	1
7 3125	2 332	1	1
7 3126	7 1119	1	1
7 3126	6 2397	1	1
7 3126	5 2288	1	1
7 3126	1 134	1	1
7 3126	1 2598	1	1
7 3126	5 3210	1	1
7 3127	4 1057	1	1
7 3127	0 3938	1	1
7 3127	0 1693	1	1
7 3127	6 1345	1	1
7 3127	5 478	1	1
7 3127	6 135	1	1
7 3128	0 918	1	1
7 3128	1 3995	1	1
7 3128	2 535	1	1
7 3128	5 3073	1	1
7 3128	2 2471	1	1
7 3128	0 4335	1	1
7 3129	7 866	1	1
7 3129	7 577	1	1
7 3129	4 894	1	1
7 3129	5 2943	1	1
7 3129	4 3508	1	1
7 3129	3 3068	1	1
7 3130	3 1063	1	1
7 3130	2 857	1	1
7 3130	6 4232	1	1
7 3130	3 2865	1	1
7 3130	5 2127	1	1
7 3130	6 4450	1	1
7 3131	7 714	1	1
7 3131	7 3154	1	1
7 3131	1 2671	1	1
7 3131	4 1012	1	1
7 3131	5 1095	1	1
7 3131	3 3873	1	1
7 3132	7 3011	1	1
7 3132	2 3592	1	1
7 3132	0 2038	1	1
7 3132	4 1061	1	1
7 3132	3 951	1	1
7 3132	4 695	1	1
7 3133	7 514	1	1
7 3133	6 1061	1	1
7 3133	2 4763	1	1
7 3133	4 4936	1	1
7 3133	1 293	1	1
7 3133	3 1557	1	1
7 3134	7 3285	1	1
7 3134	7 3937	1	1
7 3134	5 122	1	1
7 3134	2 4514	1	1
7 3134	1 3656	1	1
7 3134	4 4755	1	1
7 3135	7 3402	1	1
7 3135	1 2115	1	1
7 3135	1 37	1	1
7 3135	4 456	1	1
7 3135	6 3964	1	1
7 3135	1 4078	1	1
7 3136	1 4852	1	1
7 3136	6 4222	1	1
7 3136	1 306	1	1
7 3136	1 4959	1	1
7 3136	3 1315	1	1
7 3136	0 2439	1	1
7 3137	7 1120	1	1
7 3137	7 2408	1	1
7 3137	5 2829	1	1
7 3137	4 360	1	1
7 3137	1 1683	1	1
7 3137	3 4831	1	1
7 3138	4 3228	1	1
7 3138	2 3200	1	1
7 3138	3 2317	1	1
7 3138	4 3512	1	1
7 3138	6 3516	1	1
7 3138	0 1956	1	1
7 3139	7 601	1	1
7 3139	6 1728	1	1
7 3139	2 1023	1	1
7 3139	0 4349	1	1
7 3139	0 3445	1	1
7 3139	5 685	1	1
7 3140	1 4170	1	1
7 3140	5 3783	1	1
7 3140	0 1196	1	1
7 3140	4 1498	1	1
7 3140	4 2496	1	1
7 3140	6 4246	1	1
7 3141	7 2709	1	1
7 3141	0 516	1	1
7 3141	0 4020	1	1
7 3141	1 3315	1	1
7 3141	1 2373	1	1
7 3141	4 546	1	1
7 3142	6 1330	1	1
7 3142	5 4856	1	1
7 3142	1 362	1	1
7 3142	0 22	1	1
7 3142	3 2310	1	1
7 3142	4 1435	1	1
7 3143	4 3240	1	1
7 3143	2 4279	1	1
7 3143	1 2196	1	1
7 3143	2 2887	1	1
7 3143	2 2877	1	1
7 3143	6 4147	1	1
7 3144	7 2603	1	1
7 3144	4 1045	1	1
7 3144	0 3149	1	1
7 3144	3 3776	1	1
7 3144	1 1485	1	1
7 3144	0 3875	1	1
7 3145	7 3484	1	1
7 3145	7 1855	1	1
7 3145	6 3788	1	1
7 3145	1 1980	1	1
7 3145	5 2683	1	1
7 3145	4 341	1	1
7 3146	7 4066	1	1
7 3146	7 3296	1	1
7 3146	2 359	1	1
7 3146	4 3204	1	1
7 3146	0 1461	1	1
7 3146	3 1729	1	1
7 3147	7 2651	1	1
7 3147	7 4929	1	1
7 3147	0 3620	1	1
7 3147	6 3509	1	1
7 3147	0 3065	1	1
7 3147	5 316	1	1
7 3148	1 4159	1	1
7 3148	1 2016	1	1
7 3148	5 992	1	1
7 3148	5 4171	1	1
7 3148	1 2547	1	1
7 3148	1 515	1	1
7 3149	6 4430	1	1
7 3149	1 1351	1	1
7 3149	6 3651	1	1
7 3149	2 688	1	1
7 3149	6 4349	1	1
7 3149	4 1468	1	1
7 3150	3 863	1	1
7 3150	3 4676	1	1
7 3150	2 4280	1	1
7 3150	1 4455	1	1
7 3150	1 4134	1	1
7 3150	1 412	1	1
7 3151	7 2646	1	1
7 3151	7 1876	1	1
7 3151	5 435	1	1
7 3151	1 3552	1	1
7 3151	0 3793	1	1
7 3151	6 1393	1	1
7 3152	7 3053	1	1
7 3152	7 1887	1	1
7 3152	0 1117	1	1
7 3152	4 4988	1	1
7 3152	3 2792	1	1
7 3152	4 4331	1	1
7 3153	7 716	1	1
7 3153	3 2067	1	1
7 3153	2 1782	1	1
7 3153	0 173	1	1
7 3153	0 1469	1	1
7 3153	5 1625	1	1
7 3154	7 2305	1	1
7 3154	7 879	1	1
7 3154	6 313	1	1
7 3154	2 2140	1	1
7 3154	0 1902	1	1
7 3154	4 2659	1	1
7 3155	7 700	1	1
7 3155	7 3316	1	1
7 3155	7 3236	1	1
7 3155	1 749	1	1
7 3155	5 3094	1	1
7 3155	5 3802	1	1
7 3156	3 3323	1	1
7 3156	5 1421	1	1
7 3156	6 3249	1	1
7 3156	0 696	1	1
7 3156	1 2015	1	1
7 3156	6 4539	1	1
7 3157	7 2084	1	1
7 3157	7 3234	1	1
7 3157	3 2185	1	1
7 3157	1 3486	1	1
7 3157	4 4260	1	1
7 3157	5 773	1	1
7 3158	5 4656	1	1
7 3158	0 2695	1	1
7 3158	2 4097	1	1
7 3158	5 654	1	1
7 3158	5 2514	1	1
7 3158	1 4943	1	1
7 3159	2 4882	1	1
7 3159	4 3447	1	1
7 3159	3 2266	1	1
7 3159	2 3248	1	1
7 3159	2 600	1	1
7 3159	3 4869	1	1
7 3160	3 3281	1	1
7 3160	3 2148	1	1
7 3160	5 3660	1	1
7 3160	1 649	1	1
7 3160	5 297	1	1
7 3160	0 3580	1	1
7 3161	7 2255	1	1
7 3161	5 2692	1	1
7 3161	5 3712	1	1
7 3161	6 4277	1	1
7 3161	1 2574	1	1
7 3161	6 1356	1	1
7 3162	7 474	1	1
7 3162	4 4901	1	1
7 3162	1 1678	1	1
7 3162	0 2298	1	1
7 3162	1 770	1	1
7 3162	4 2799	1	1
7 3163	3 3127	1	1
7 3163	1 1313	1	1
7 3163	1 1903	1	1
7 3163	3 4237	1	1
7 3163	4 2047	1	1
7 3163	6 288	1	1
7 3164	1 2133	1	1
7 3164	3 283	1	1
7 3164	0 3319	1	1
7 3164	4 3298	1	1
7 3164	2 3019	1	1
7 3164	1 1016	1	1
7 3165	7 1688	1	1
7 3165	7 3493	1	1
7 3165	6 3537	1	1
7 3165	0 2212	1	1
7 3165	5 2973	1	1
7 3165	4 227	1	1
7 3166	7 1372	1	1
7 3166	7 2964	1	1
7 3166	4 1420	1	1
7 3166	4 1380	1	1
7 3166	2 4239	1	1
7 3166	6 562	1	1
7 3167	7 2879	1	1
7 3167	0 2449	1	1
7 3167	1 4342	1	1
7 3167	2 1240	1	1
7 3167	6 1146	1	1
7 3167	4 2464	1	1
7 3168	7 1410	1	1
7 3168	7 327	1	1
7 3168	3 1852	1	1
7 3168	4 1038	1	1
7 3168	5 2526	1	1
7 3168	3 1645	1	1
7 3169	6 2657	1	1
7 3169	5 965	1	1
7 3169	2 2029	1	1
7 3169	0 2276	1	1
7 3169	4 1387	1	1
7 3169	1 3170	1	1
7 3170	7 2111	1	1
7 3170	4 516	1	1
7 3170	2 4899	1	1
7 3170	0 2550	1	1
7 3170	0 851	1	1
7 3170	3 2060	1	1
7 3171	7 1677	1	1
7 3171	7 3505	1	1
7 3171	1 445	1	1
7 3171	0 117	1	1
7 3171	2 2602	1	1
7 3171	3 2009	1	1
7 3172	5 686	1	1
7 3172	5 706	1	1
7 3172	3 564	1	1
7 3172	6 3767	1	1
7 3172	1 995	1	1
7 3172	0 4421	1	1
7 3173	7 4116	1	1
7 3173	5 2684	1	1
7 3173	1 4796	1	1
7 3173	1 4877	1	1
7 3173	4 1443	1	1
7 3173	1 4906	1	1
7 3174	4 470	1	1
7 3174	6 1560	1	1
7 3174	0 503	1	1
7 3174	2 4530	1	1
7 3174	5 841	1	1
7 3174	0 1559	1	1
7 3175	0 3161	1	1
7 3175	0 2164	1	1
7 3175	5 4665	1	1
7 3175	0 1265	1	1
7 3175	3 2917	1	1
7 3175	4 1282	1	1
7 3176	7 916	1	1
7 3176	3 4572	1	1
7 3176	1 2041	1	1
7 3176	0 2314	1	1
7 3176	3 1926	1	1
7 3176	5 4688	1	1
7 3177	7 4141	1	1
7 3177	7 2852	1	1
7 3177	2 4890	1	1
7 3177	0 1349	1	1
7 3177	2 1280	1	1
7 3177	2 3535	1	1
7 3178	7 778	1	1
7 3178	7 2213	1	1
7 3178	6 2478	1	1
7 3178	3 2674	1	1
7 3178	4 4837	1	1
7 3178	0 4314	1	1
7 3179	7 3011	1	1
7 3179	3 3839	1	1
7 3179	3 732	1	1
7 3179	5 3089	1	1
7 3179	2 1740	1	1
7 3179	6 1193	1	1
7 3180	7 2181	1	1
7 3180	3 3235	1	1
7 3180	5 986	1	1
7 3180	1 2454	1	1
7 3180	1 4876	1	1
7 3180	2 4129	1	1
7 3181	7 2953	1	1
7 3181	7 223	1	1
7 3181	5 4052	1	1
7 3181	6 2591	1	1
7 3181	6 4898	1	1
7 3181	2 195	1	1
7 3182	0 4381	1	1
7 3182	1 4793	1	1
7 3182	1 2653	1	1
7 3182	1 2953	1	1
7 3182	4 3819	1	1
7 3182	3 553	1	1
7 3183	0 2802	1	1
7 3183	6 3624	1	1
7 3183	6 4007	1	1
7 3183	1 3758	1	1
7 3183	6 1475	1	1
7 3183	6 4978	1	1
7 3184	7 2376	1	1
7 3184	0 2375	1	1
7 3184	6 4181	1	1
7 3184	2 2485	1	1
7 3184	6 2545	1	1
7 3184	5 4566	1	1
7 3185	4 731	1	1
7 3185	0 1155	1	1
7 3185	6 4758	1	1
7 3185	0 1357	1	1
7 3185	4 2229	1	1
7 3185	4 3566	1	1
7 3186	7 4423	1	1
7 3186	7 3617	1	1
7 3186	7 1099	1	1
7 3186	1 1298	1	1
7 3186	4 4519	1	1
7 3186	2 3636	1	1
7 3187	6 4505	1	1
7 3187	1 235	1	1
7 3187	1 4595	1	1
7 3187	6 1814	1	1
7 3187	4 2198	1	1
7 3187	3 1998	1	1
7 3188	7 1071	1	1
7 3188	7 1408	1	1
7 3188	6 1187	1	1
7 3188	2 4957	1	1
7 3188	4 1053	1	1
7 3188	3 3302	1	1
7 3189	7 3501	1	1
7 3189	7 4603	1	1
7 3189	4 3523	1	1
7 3189	3 634	1	1
7 3189	0 3263	1	1
7 3189	6 566	1	1
7 3190	7 4563	1	1
7 3190	0 2076	1	1
7 3190	5 1027	1	1
7 3190	4 3114	1	1
7 3190	2 4246	1	1
7 3190	6 4273	1	1
7 3191	4 2801	1	1
7 3191	4 1915	1	1
7 3191	4 4490	1	1
7 3191	4 3467	1	1
7 3191	2 3747	1	1
7 3191	1 4003	1	1
7 3192	3 1800	1	1
7 3192	4 1332	1	1
7 3192	0 4008	1	1
7 3192	2 3058	1	1
7 3192	6 3318	1	1
7 3192	0 2768	1	1
7 3193	7 3564	1	1
7 3193	5 824	1	1
7 3193	4 1733	1	1
7 3193	1 1738	1	1
7 3193	0 3220	1	1
7 3193	2 46	1	1
7 3194	5 1238	1	1
7 3194	0 2601	1	1
7 3194	6 526	1	1
7 3194	0 1536	1	1
7 3194	4 2003	1	1
7 3194	4 3531	1	1
7 3195	7 4544	1	1
7 3195	6 4251	1	1
7 3195	4 4110	1	1
7 3195	1 3177	1	1
7 3195	5 1488	1	1
7 3195	1 2855	1	1
7 3196	7 2172	1	1
7 3196	7 1378	1	1
7 3196	0 1805	1	1
7 3196	5 132	1	1
7 3196	1 2167	1	1
7 3196	1 4337	1	1
7 3197	0 4675	1	1
7 3197	0 928	1	1
7 3197	0 2927	1	1
7 3197	4 879	1	1
7 3197	1 1225	1	1
7 3197	3 1512	1	1
7 3198	7 4665	1	1
7 3198	7 1889	1	1
7 3198	5 2558	1	1
7 3198	5 1576	1	1
7 3198	4 4236	1	1
7 3198	0 1589	1	1
7 3199	7 469	1	1
7 3199	3 3727	1	1
7 3199	1 1281	1	1
7 3199	3 1287	1	1
7 3199	6 873	1	1
7 3199	6 3626	1	1
7 3200	7 2372	1	1
7 3200	2 4557	1	1
7 3200	5 2902	1	1
7 3200	4 818	1	1
7 3200	6 2243	1	1
7 3200	4 1366	1	1
7 3201	5 3954	1	1
7 3201	3 2215	1	1
7 3201	5 466	1	1
7 3201	4 4124	1	1
7 3201	1 843	1	1
7 3201	2 3888	1	1
7 3202	6 764	1	1
7 3202	5 3499	1	1
7 3202	3 4925	1	1
7 3202	1 3027	1	1
7 3202	5 3158	1	1
7 3202	3 2276	1	1
7 3203	6 2549	1	1
7 3203	2 1884	1	1
7 3203	3 1471	1	1
7 3203	0 722	1	1
7 3203	3 321	1	1
7 3203	4 1596	1	1
7 3204	3 3278	1	1
7 3204	6 3508	1	1
7 3204	6 2503	1	1
7 3204	2 1399	1	1
7 3204	1 346	1	1
7 3204	4 4214	1	1
7 3205	2 834	1	1
7 3205	0 4086	1	1
7 3205	0 163	1	1
7 3205	6 3819	1	1
7 3205	0 4754	1	1
7 3205	3 2028	1	1
7 3206	7 4590	1	1
7 3206	7 1409	1	1
7 3206	7 363	1	1
7 3206	7 2945	1	1
7 3206	3 662	1	1
7 3206	2 2783	1	1
7 3207	7 4390	1	1
7 3207	3 4446	1	1
7 3207	1 1007	1	1
7 3207	6 2760	1	1
7 3207	3 2524	1	1
7 3207	5 3737	1	1
7 3208	2 238	1	1
7 3208	5 50	1	1
7 3208	4 3022	1	1
7 3208	0 1134	1	1
7 3208	0 953	1	1
7 3208	3 3877	1	1
7 3209	7 1550	1	1
7 3209	5 21	1	1
7 3209	5 1179	1	1
7 3209	3 2893	1	1
7 3209	6 3795	1	1
7 3209	1 4161	1	1
7 3210	2 1224	1	1
7 3210	3 975	1	1
7 3210	0 2209	1	1
7 3210	6 4135	1	1
7 3210	5 2954	1	1
7 3210	4 4048	1	1
7 3211	7 2972	1	1
7 3211	6 1041	1	1
7 3211	4 1986	1	1
7 3211	0 4876	1	1
7 3211	4 2931	1	1
7 3211	1 1482	1	1
7 3212	7 3934	1	1
7 3212	6 4334	1	1
7 3212	6 1148	1	1
7 3212	5 2857	1	1
7 3212	3 4791	1	1
7 3212	2 2544	1	1
7 3213	3 2690	1	1
7 3213	6 4836	1	1
7 3213	6 2879	1	1
7 3213	6 2837	1	1
7 3213	2 3262	1	1
7 3213	0 4679	1	1
7 3214	5 3651	1	1
7 3214	1 1971	1	1
7 3214	6 1862	1	1
7 3214	4 2908	1	1
7 3214	5 4182	1	1
7 3214	6 2084	1	1
7 3215	7 1434	1	1
7 3215	2 202	1	1
7 3215	5 3479	1	1
7 3215	0 1464	1	1
7 3215	1 3264	1	1
7 3215	0 1273	1	1
7 3216	7 3571	1	1
7 3216	6 659	1	1
7 3216	4 3404	1	1
7 3216	2 2330	1	1
7 3216	5 400	1	1
7 3216	2 2466	1	1
7 3217	1 2352	1	1
7 3217	2 3485	1	1
7 3217	2 4620	1	1
7 3217	0 3831	1	1
7 3217	3 1977	1	1
7 3217	1 895	1	1
7 3218	6 3548	1	1
7 3218	5 3198	1	1
7 3218	3 571	1	1
7 3218	6 1575	1	1
7 3218	3 3897	1	1
7 3218	1 2837	1	1
7 3219	7 2750	1	1
7 3219	4 2152	1	1
7 3219	6 679	1	1
7 3219	2 718	1	1
7 3219	5 3372	1	1
7 3219	1 89	1	1
7 3220	7 3550	1	1
7 3220	7 406	1	1
7 3220	6 1141	1	1
7 3220	6 3928	1	1
7 3220	1 3553	1	1
7 3220	2 2448	1	1
7 3221	7 3591	1	1
7 3221	7 4423	1	1
7 3221	4 4994	1	1
7 3221	1 400	1	1
7 3221	0 4404	1	1
7 3221	5 1840	1	1
7 3222	1 1167	1	1
7 3222	4 4449	1	1
7 3222	5 4131	1	1
7 3222	2 4115	1	1
7 3222	5 429	1	1
7 3222	2 2746	1	1
7 3223	1 3084	1	1
7 3223	6 167	1	1
7 3223	2 4394	1	1
7 3223	4 403	1	1
7 3223	5 1466	1	1
7 3223	5 4838	1	1
7 3224	7 1125	1	1
7 3224	3 2749	1	1
7 3224	1 4075	1	1
7 3224	5 513	1	1
7 3224	4 4030	1	1
7 3224	3 938	1	1
7 3225	7 3474	1	1
7 3225	7 2212	1	1
7 3225	0 3256	1	1
7 3225	5 2462	1	1
7 3225	5 2704	1	1
7 3225	6 2213	1	1
7 3226	7 2848	1	1
7 3226	7 298	1	1
7 3226	2 2009	1	1
7 3226	6 1571	1	1
7 3226	3 385	1	1
7 3226	4 4816	1	1
7 3227	7 98	1	1
7 3227	7 2089	1	1
7 3227	4 2041	1	1
7 3227	3 1821	1	1
7 3227	3 1788	1	1
7 3227	4 3775	1	1
7 3228	7 3353	1	1
7 3228	0 2620	1	1
7 3228	2 1456	1	1
7 3228	2 207	1	1
7 3228	1 4128	1	1
7 3228	0 3811	1	1
7 3229	4 416	1	1
7 3229	4 2755	1	1
7 3229	4 1583	1	1
7 3229	3 3266	1	1
7 3229	0 1694	1	1
7 3229	1 1027	1	1
7 3230	3 2945	1	1
7 3230	6 4283	1	1
7 3230	4 884	1	1
7 3230	4 3117	1	1
7 3230	3 1379	1	1
7 3230	0 409	1	1
7 3231	7 4915	1	1
7 3231	3 833	1	1
7 3231	3 11	1	1
7 3231	2 1059	1	1
7 3231	0 1855	1	1
7 3231	0 2269	1	1
7 3232	1 978	1	1
7 3232	2 4046	1	1
7 3232	0 4618	1	1
7 3232	2 2197	1	1
7 3232	3 2585	1	1
7 3232	3 431	1	1
7 3233	7 1905	1	1
7 3233	7 4535	1	1
7 3233	7 2010	1	1
7 3233	2 2582	1	1
7 3233	1 226	1	1
7 3233	6 2160	1	1
7 3234	7 1355	1	1
7 3234	1 3045	1	1
7 3234	4 4841	1	1
7 3234	6 3511	1	1
7 3234	5 4013	1	1
7 3234	4 2514	1	1
7 3235	5 181	1	1
7 3235	4 4704	1	1
7 3235	3 3988	1	1
7 3235	4 3887	1	1
7 3235	5 3833	1	1
7 3235	1 1094	1	1
7 3236	5 4903	1	1
7 3236	5 1505	1	1
7 3236	6 1441	1	1
7 3236	1 4081	1	1
7 3236	2 2994	1	1
7 3236	6 1479	1	1
7 3237	4 1239	1	1
7 3237	3 206	1	1
7 3237	4 590	1	1
7 3237	6 4134	1	1
7 3237	5 4344	1	1
7 3237	6 771	1	1
7 3238	7 3170	1	1
7 3238	2 4054	1	1
7 3238	0 3883	1	1
7 3238	6 3261	1	1
7 3238	4 3605	1	1
7 3238	5 544	1	1
7 3239	7 299	1	1
7 3239	7 4145	1	1
7 3239	2 552	1	1
7 3239	5 3331	1	1
7 3239	4 1988	1	1
7 3239	3 1734	1	1
7 3240	1 4343	1	1
7 3240	1 4509	1	1
7 3240	4 1421	1	1
7 3240	4 4873	1	1
7 3240	1 4918	1	1
7 3240	4 3147	1	1
7 3241	4 2438	1	1
7 3241	0 3672	1	1
7 3241	0 2334	1	1
7 3241	5 2835	1	1
7 3241	6 4849	1	1
7 3241	2 4633	1	1
7 3242	0 1817	1	1
7 3242	5 3565	1	1
7 3242	4 3480	1	1
7 3242	6 1395	1	1
7 3242	5 3342	1	1
7 3242	1 3323	1	1
7 3243	7 914	1	1
7 3243	7 232	1	1
7 3243	6 655	1	1
7 3243	3 4609	1	1
7 3243	4 3329	1	1
7 3243	6 1057	1	1
7 3244	7 2282	1	1
7 3244	4 3979	1	1
7 3244	3 4171	1	1
7 3244	4 1672	1	1
7 3244	0 2378	1	1
7 3244	6 2171	1	1
7 3245	4 2756	1	1
7 3245	6 2802	1	1
7 3245	0 1735	1	1
7 3245	2 2430	1	1
7 3245	0 2353	1	1
7 3245	1 3882	1	1
7 3246	4 426	1	1
7 3246	6 1259	1	1
7 3246	0 3309	1	1
7 3246	0 4653	1	1
7 3246	3 2983	1	1
7 3246	3 3282	1	1
7 3247	7 3700	1	1
7 3247	7 3369	1	1
7 3247	0 675	1	1
7 3247	5 4364	1	1
7 3247	3 2434	1	1
7 3247	5 3827	1	1
7 3248	7 2828	1	1
7 3248	4 4904	1	1
7 3248	4 1846	1	1
7 3248	2 3767	1	1
7 3248	4 2427	1	1
7 3248	5 3051	1	1
7 3249	5 3025	1	1
7 3249	1 1178	1	1
7 3249	6 2784	1	1
7 3249	0 4967	1	1
7 3249	2 2052	1	1
7 3249	3 4524	1	1
7 3250	7 3538	1	1
7 3250	7 4654	1	1
7 3250	3 2350	1	1
7 3250	2 1278	1	1
7 3250	1 908	1	1
7 3250	4 4473	1	1
7 3251	7 1559	1	1
7 3251	3 2584	1	1
7 3251	5 1684	1	1
7 3251	5 2718	1	1
7 3251	2 4252	1	1
7 3251	6 3927	1	1
7 3252	3 1755	1	1
7 3252	2 4189	1	1
7 3252	2 3289	1	1
7 3252	6 816	1	1
7 3252	6 1735	1	1
7 3252	1 3444	1	1
7 3253	7 4437	1	1
7 3253	7 2556	1	1
7 3253	5 2403	1	1
7 3253	0 3378	1	1
7 3253	3 1272	1	1
7 3253	1 371	1	1
7 3254	7 3569	1	1
7 3254	7 860	1	1
7 3254	5 4834	1	1
7 3254	4 2785	1	1
7 3254	0 766	1	1
7 3254	6 13	1	1
7 3255	7 248	1	1
7 3255	0 161	1	1
7 3255	5 1093	1	1
7 3255	3 1556	1	1
7 3255	4 1263	1	1
7 3255	5 1344	1	1
7 3256	7 3947	1	1
7 3256	7 3449	1	1
7 3256	7 1080	1	1
7 3256	3 706	1	1
7 3256	5 2728	1	1
7 3256	4 309	1	1
7 3257	7 2009	1	1
7 3257	7 1843	1	1
7 3257	6 390	1	1
7 3257	6 3793	1	1
7 3257	0 4856	1	1
7 3257	1 4928	1	1
7 3258	7 4425	1	1
7 3258	0 554	1	1
7 3258	4 1672	1	1
7 3258	6 1592	1	1
7 3258	2 2982	1	1
7 3258	1 3561	1	1
7 3259	7 3367	1	1
7 3259	6 4148	1	1
7 3259	4 78	1	1
7 3259	1 4609	1	1
7 3259	6 2816	1	1
7 3259	1 242	1	1
7 3260	7 4782	1	1
7 3260	1 3222	1	1
7 3260	3 4058	1	1
7 3260	3 4008	1	1
7 3260	2 136	1	1
7 3260	2 3777	1	1
7 3261	7 758	1	1
7 3261	0 3884	1	1
7 3261	3 2717	1	1
7 3261	4 4254	1	1
7 3261	2 650	1	1
7 3261	5 3711	1	1
7 3262	7 919	1	1
7 3262	5 2754	1	1
7 3262	4 423	1	1
7 3262	1 3183	1	1
7 3262	5 4378	1	1
7 3262	2 202	1	1
7 3263	7 3898	1	1
7 3263	3 2720	1	1
7 3263	2 4141	1	1
7 3263	6 4547	1	1
7 3263	6 2633	1	1
7 3263	3 4658	1	1
7 3264	1 2782	1	1
7 3264	4 2172	1	1
7 3264	4 2482	1	1
7 3264	1 3770	1	1
7 3264	2 1269	1	1
7 3264	6 4673	1	1
7 3265	7 2655	1	1
7 3265	7 3332	1	1
7 3265	1 4327	1	1
7 3265	1 1198	1	1
7 3265	3 569	1	1
7 3265	5 3212	1	1
7 3266	4 2587	1	1
7 3266	4 1258	1	1
7 3266	1 285	1	1
7 3266	2 150	1	1
7 3266	0 2641	1	1
7 3266	3 22	1	1
7 3267	3 304	1	1
7 3267	6 277	1	1
7 3267	5 1793	1	1
7 3267	3 3121	1	1
7 3267	0 793	1	1
7 3267	1 4849	1	1
7 3268	7 4751	1	1
7 3268	3 106	1	1
7 3268	1 1812	1	1
7 3268	2 1773	1	1
7 3268	6 3753	1	1
7 3268	6 4153	1	1
7 3269	7 2096	1	1
7 3269	3 3118	1	1
7 3269	5 1152	1	1
7 3269	2 4350	1	1
7 3269	1 4079	1	1
7 3269	6 3608	1	1
7 3270	1 3942	1	1
7 3270	6 3974	1	1
7 3270	0 4043	1	1
7 3270	4 2921	1	1
7 3270	6 2727	1	1
7 3270	1 496	1	1
7 3271	7 927	1	1
7 3271	1 2447	1	1
7 3271	0 3406	1	1
7 3271	5 3512	1	1
7 3271	5 2866	1	1
7 3271	6 2953	1	1
7 3272	7 119	1	1
7 3272	0 141	1	1
7 3272	4 4105	1	1
7 3272	5 4517	1	1
7 3272	1 1341	1	1
7 3272	4 1389	1	1
7 3273	5 2971	1	1
7 3273	1 359	1	1
7 3273	6 4184	1	1
7 3273	5 2733	1	1
7 3273	5 618	1	1
7 3273	5 3707	1	1
7 3274	3 24	1	1
7 3274	1 1894	1	1
7 3274	4 3977	1	1
7 3274	3 1146	1	1
7 3274	2 3306	1	1
7 3274	0 52	1	1
7 3275	5 3007	1	1
7 3275	2 4989	1	1
7 3275	5 4572	1	1
7 3275	1 3040	1	1
7 3275	5 2891	1	1
7 3275	2 789	1	1
7 3276	7 865	1	1
7 3276	7 3946	1	1
7 3276	5 4490	1	1
7 3276	5 495	1	1
7 3276	1 834	1	1
7 3276	5 3482	1	1
7 3277	1 4111	1	1
7 3277	5 574	1	1
7 3277	1 424	1	1
7 3277	3 3544	1	1
7 3277	5 3260	1	1
7 3277	5 4333	1	1
7 3278	1 172	1	1
7 3278	1 366	1	1
7 3278	6 3458	1	1
7 3278	0 3951	1	1
7 3278	6 723	1	1
7 3278	3 3965	1	1
7 3279	7 4163	1	1
7 3279	3 2337	1	1
7 3279	2 4165	1	1
7 3279	1 2213	1	1
7 3279	2 704	1	1
7 3279	4 2321	1	1
7 3280	1 2749	1	1
7 3280	2 3283	1	1
7 3280	4 3857	1	1
7 3280	4 504	1	1
7 3280	2 2202	1	1
7 3280	1 211	1	1
7 3281	7 2698	1	1
7 3281	7 4745	1	1
7 3281	7 2428	1	1
7 3281	2 285	1	1
7 3281	1 1724	1	1
7 3281	0 3904	1	1
7 3282	7 2985	1	1
7 3282	7 896	1	1
7 3282	2 4834	1	1
7 3282	5 390	1	1
7 3282	6 489	1	1
7 3282	6 4662	1	1
7 3283	7 266	1	1
7 3283	7 1060	1	1
7 3283	4 3095	1	1
7 3283	3 2368	1	1
7 3283	3 961	1	1
7 3283	2 411	1	1
7 3284	0 4645	1	1
7 3284	6 896	1	1
7 3284	0 634	1	1
7 3284	5 3955	1	1
7 3284	6 2330	1	1
7 3284	2 2414	1	1
7 3285	6 1515	1	1
7 3285	0 1853	1	1
7 3285	3 1917	1	1
7 3285	0 4509	1	1
7 3285	6 6	1	1
7 3285	2 4387	1	1
7 3286	4 4661	1	1
7 3286	1 145	1	1
7 3286	5 1448	1	1
7 3286	4 3897	1	1
7 3286	3 231	1	1
7 3286	2 175	1	1
7 3287	7 2618	1	1
7 3287	6 2197	1	1
7 3287	3 2891	1	1
7 3287	0 4779	1	1
7 3287	1 4503	1	1
7 3287	6 597	1	1
7 3288	5 1871	1	1
7 3288	4 3399	1	1
7 3288	0 3706	1	1
7 3288	2 519	1	1
7 3288	4 3953	1	1
7 3288	4 4020	1	1
7 3289	7 2998	1	1
7 3289	4 4740	1	1
7 3289	3 1820	1	1
7 3289	1 3987	1	1
7 3289	3 1245	1	1
7 3289	5 1852	1	1
7 3290	1 803	1	1
7 3290	0 3242	1	1
7 3290	3 4024	1	1
7 3290	2 4321	1	1
7 3290	1 1588	1	1
7 3290	4 3981	1	1
7 3291	4 1988	1	1
7 3291	4 3597	1	1
7 3291	2 4288	1	1
7 3291	2 4564	1	1
7 3291	0 3853	1	1
7 3291	1 940	1	1
7 3292	2 4368	1	1
7 3292	3 1093	1	1
7 3292	1 1458	1	1
7 3292	5 2595	1	1
7 3292	6 4827	1	1
7 3292	0 3951	1	1
7 3293	3 2949	1	1
7 3293	4 4167	1	1
7 3293	4 1182	1	1
7 3293	6 2833	1	1
7 3293	0 1791	1	1
7 3293	5 909	1	1
7 3294	3 2885	1	1
7 3294	5 4704	1	1
7 3294	1 566	1	1
7 3294	1 1962	1	1
7 3294	6 1024	1	1
7 3294	3 141	1	1
7 3295	7 13	1	1
7 3295	6 4808	1	1
7 3295	4 4781	1	1
7 3295	1 398	1	1
7 3295	6 4526	1	1
7 3295	1 4969	1	1
7 3296	5 1339	1	1
7 3296	6 1857	1	1
7 3296	5 526	1	1
7 3296	6 4817	1	1
7 3296	2 3678	1	1
7 3296	1 2470	1	1
7 3297	7 2336	1	1
7 3297	5 3358	1	1
7 3297	0 2921	1	1
7 3297	3 4125	1	1
7 3297	6 4341	1	1
7 3297	1 1891	1	1
7 3298	7 4946	1	1
7 3298	3 848	1	1
7 3298	6 722	1	1
7 3298	0 3967	1	1
7 3298	5 4992	1	1
7 3298	5 4713	1	1
7 3299	0 2720	1	1
7 3299	3 1862	1	1
7 3299	1 408	1	1
7 3299	6 1476	1	1
7 3299	0 2738	1	1
7 3299	0 1859	1	1
7 3300	5 2149	1	1
7 3300	4 2420	1	1
7 3300	1 3888	1	1
7 3300	5 2274	1	1
7 3300	2 1308	1	1
7 3300	0 497	1	1
7 3301	7 3295	1	1
7 3301	1 2397	1	1
7 3301	6 3923	1	1
7 3301	6 3037	1	1
7 3301	4 4733	1	1
7 3301	3 1905	1	1
7 3302	5 47	1	1
7 3302	5 2885	1	1
7 3302	0 1787	1	1
7 3302	3 4712	1	1
7 3302	6 4636	1	1
7 3302	4 1449	1	1
7 3303	7 2360	1	1
7 3303	1 2089	1	1
7 3303	1 3113	1	1
7 3303	1 1148	1	1
7 3303	6 4585	1	1
7 3303	1 3278	1	1
7 3304	2 4446	1	1
7 3304	3 4165	1	1
7 3304	2 141	1	1
7 3304	2 2415	1	1
7 3304	6 2420	1	1
7 3304	2 2703	1	1
7 3305	1 3364	1	1
7 3305	5 955	1	1
7 3305	3 3656	1	1
7 3305	3 1943	1	1
7 3305	0 4980	1	1
7 3305	6 2974	1	1
7 3306	7 1774	1	1
7 3306	5 1162	1	1
7 3306	0 2466	1	1
7 3306	2 1113	1	1
7 3306	4 4664	1	1
7 3306	3 4235	1	1
7 3307	3 2054	1	1
7 3307	3 1390	1	1
7 3307	4 4288	1	1
7 3307	4 1487	1	1
7 3307	2 3852	1	1
7 3307	3 3899	1	1
7 3308	7 4891	1	1
7 3308	3 2411	1	1
7 3308	2 853	1	1
7 3308	3 2530	1	1
7 3308	4 1010	1	1
7 3308	0 1070	1	1
7 3309	7 691	1	1
7 3309	7 3300	1	1
7 3309	1 3775	1	1
7 3309	3 4808	1	1
7 3309	5 3270	1	1
7 3309	3 2048	1	1
7 3310	7 1015	1	1
7 3310	3 1608	1	1
7 3310	2 3946	1	1
7 3310	2 4453	1	1
7 3310	2 3194	1	1
7 3310	1 2797	1	1
7 3311	7 793	1	1
7 3311	4 1538	1	1
7 3311	5 1490	1	1
7 3311	1 2742	1	1
7 3311	2 1762	1	1
7 3311	5 2698	1	1
7 3312	3 2173	1	1
7 3312	5 3083	1	1
7 3312	4 1971	1	1
7 3312	5 1190	1	1
7 3312	0 4353	1	1
7 3312	6 374	1	1
7 3313	2 4782	1	1
7 3313	0 590	1	1
7 3313	6 2792	1	1
7 3313	0 1283	1	1
7 3313	0 45	1	1
7 3313	1 1318	1	1
7 3314	7 1311	1	1
7 3314	7 4181	1	1
7 3314	3 4503	1	1
7 3314	1 4589	1	1
7 3314	2 3661	1	1
7 3314	2 2095	1	1
7 3315	7 360	1	1
7 3315	2 3927	1	1
7 3315	0 98	1	1
7 3315	6 4454	1	1
7 3315	0 3393	1	1
7 3315	5 3997	1	1
7 3316	7 4632	1	1
7 3316	7 1499	1	1
7 3316	3 146	1	1
7 3316	6 4455	1	1
7 3316	4 3721	1	1
7 3316	2 1589	1	1
7 3317	1 4638	1	1
7 3317	6 3452	1	1
7 3317	2 3521	1	1
7 3317	6 562	1	1
7 3317	2 4317	1	1
7 3317	3 2337	1	1
7 3318	1 2703	1	1
7 3318	2 1546	1	1
7 3318	2 4394	1	1
7 3318	5 2434	1	1
7 3318	1 3387	1	1
7 3318	2 2741	1	1
7 3319	7 1854	1	1
7 3319	5 3844	1	1
7 3319	3 3675	1	1
7 3319	2 1576	1	1
7 3319	3 1218	1	1
7 3319	2 1357	1	1
7 3320	7 2213	1	1
7 3320	5 3955	1	1
7 3320	2 3558	1	1
7 3320	3 384	1	1
7 3320	2 3555	1	1
7 3320	5 1622	1	1
7 3321	2 1179	1	1
7 3321	0 2913	1	1
7 3321	1 2762	1	1
7 3321	5 745	1	1
7 3321	2 4548	1	1
7 3321	6 883	1	1
7 3322	3 4393	1	1
7 3322	3 2625	1	1
7 3322	3 1038	1	1
7 3322	1 4505	1	1
7 3322	6 869	1	1
7 3322	0 2120	1	1
7 3323	4 2184	1	1
7 3323	3 3274	1	1
7 3323	2 3202	1	1
7 3323	3 2647	1	1
7 3323	4 4087	1	1
7 3323	0 1684	1	1
7 3324	7 355	1	1
7 3324	7 2284	1	1
7 3324	4 3389	1	1
7 3324	2 3029	1	1
7 3324	6 3067	1	1
7 3324	3 3049	1	1
7 3325	7 1014	1	1
7 3325	4 3521	1	1
7 3325	0 4418	1	1
7 3325	6 1723	1	1
7 3325	0 3991	1	1
7 3325	3 2670	1	1
7 3326	7 1032	1	1
7 3326	3 765	1	1
7 3326	3 1856	1	1
7 3326	5 4999	1	1
7 3326	4 638	1	1
7 3326	5 1783	1	1
7 3327	7 3255	1	1
7 3327	1 2483	1	1
7 3327	1 154	1	1
7 3327	6 3559	1	1
7 3327	5 3182	1	1
7 3327	6 1276	1	1
7 3328	7 1429	1	1
7 3328	5 438	1	1
7 3328	0 2193	1	1
7 3328	5 18	1	1
7 3328	5 130	1	1
7 3328	6 4085	1	1
7 3329	7 3227	1	1
7 3329	0 843	1	1
7 3329	0 315	1	1
7 3329	4 1535	1	1
7 3329	5 2802	1	1
7 3329	5 413	1	1
7 3330	7 3208	1	1
7 3330	7 4374	1	1
7 3330	7 382	1	1
7 3330	6 3507	1	1
7 3330	2 1178	1	1
7 3330	3 4300	1	1
7 3331	7 2148	1	1
7 3331	7 439	1	1
7 3331	1 2875	1	1
7 3331	2 2611	1	1
7 3331	1 267	1	1
7 3331	5 1785	1	1
7 3332	3 3369	1	1
7 3332	4 1877	1	1
7 3332	0 4535	1	1
7 3332	6 2386	1	1
7 3332	4 1201	1	1
7 3332	1 3861	1	1
7 3333	4 2512	1	1
7 3333	2 3759	1	1
7 3333	5 1694	1	1
7 3333	2 3470	1	1
7 3333	0 1659	1	1
7 3333	0 4902	1	1
7 3334	7 3421	1	1
7 3334	7 2417	1	1
7 3334	7 86	1	1
7 3334	1 178	1	1
7 3334	5 3885	1	1
7 3334	1 3824	1	1
7 3335	6 2387	1	1
7 3335	3 1477	1	1
7 3335	0 4252	1	1
7 3335	4 1943	1	1
7 3335	1 2807	1	1
7 3335	5 848	1	1
7 3336	7 880	1	1
7 3336	1 2781	1	1
7 3336	3 4839	1	1
7 3336	1 1282	1	1
7 3336	1 728	1	1
7 3336	5 1384	1	1
7 3337	2 716	1	1
7 3337	3 1310	1	1
7 3337	4 2412	1	1
7 3337	0 1498	1	1
7 3337	6 507	1	1
7 3337	1 3378	1	1
7 3338	7 951	1	1
7 3338	5 3160	1	1
7 3338	1 1284	1	1
7 3338	6 3897	1	1
7 3338	0 867	1	1
7 3338	4 4950	1	1
7 3339	3 1015	1	1
7 3339	6 836	1	1
7 3339	0 3663	1	1
7 3339	6 2078	1	1
7 3339	0 1014	1	1
7 3339	0 3723	1	1
7 3340	7 2368	1	1
7 3340	4 795	1	1
7 3340	4 2687	1	1
7 3340	5 1388	1	1
7 3340	2 4701	1	1
7 3340	4 2998	1	1
7 3341	7 3809	1	1
7 3341	0 3896	1	1
7 3341	0 1573	1	1
7 3341	5 3261	1	1
7 3341	3 3345	1	1
7 3341	4 2586	1	1
7 3342	7 1512	1	1
7 3342	4 4303	1	1
7 3342	3 3561	1	1
7 3342	2 650	1	1
7 3342	3 122	1	1
7 3342	2 1471	1	1
7 3343	7 1641	1	1
7 3343	4 1527	1	1
7 3343	5 2520	1	1
7 3343	6 3401	1	1
7 3343	5 1805	1	1
7 3343	3 1947	1	1
7 3344	7 3844	1	1
7 3344	6 2657	1	1
7 3344	6 3480	1	1
7 3344	6 2019	1	1
7 3344	3 2423	1	1
7 3344	3 1716	1	1
7 3345	7 1257	1	1
7 3345	1 1783	1	1
7 3345	5 1830	1	1
7 3345	1 4637	1	1
7 3345	6 1757	1	1
7 3345	1 2707	1	1
7 3346	7 324	1	1
7 3346	0 100	1	1
7 3346	4 1174	1	1
7 3346	3 1261	1	1
7 3346	3 1008	1	1
7 3346	4 4090	1	1
7 3347	1 2061	1	1
7 3347	3 174	1	1
7 3347	4 567	1	1
7 3347	4 1779	1	1
7 3347	2 1949	1	1
7 3347	2 4184	1	1
7 3348	7 3475	1	1
7 3348	6 4657	1	1
7 3348	2 4299	1	1
7 3348	5 2811	1	1
7 3348	0 2024	1	1
7 3348	6 1664	1	1
7 3349	1 2610	1	1
7 3349	4 1172	1	1
7 3349	3 2847	1	1
7 3349	4 1918	1	1
7 3349	6 3702	1	1
7 3349	4 2387	1	1
7 3350	1 779	1	1
7 3350	6 4003	1	1
7 3350	3 523	1	1
7 3350	6 375	1	1
7 3350	0 1509	1	1
7 3350	0 1339	1	1
7 3351	7 2864	1	1
7 3351	7 1489	1	1
7 3351	5 84	1	1
7 3351	3 1073	1	1
7 3351	2 4500	1	1
7 3351	1 1559	1	1
7 3352	7 3638	1	1
7 3352	0 3761	1	1
7 3352	1 1527	1	1
7 3352	4 1203	1	1
7 3352	4 244	1	1
7 3352	2 2418	1	1
7 3353	0 3537	1	1
7 3353	2 2631	1	1
7 3353	0 4035	1	1
7 3353	4 1781	1	1
7 3353	3 3417	1	1
7 3353	3 3192	1	1
7 3354	7 3306	1	1
7 3354	7 2973	1	1
7 3354	7 1479	1	1
7 3354	0 4796	1	1
7 3354	5 2897	1	1
7 3354	1 3258	1	1
7 3355	7 1842	1	1
7 3355	0 2997	1	1
7 3355	6 2678	1	1
7 3355	0 3014	1	1
7 3355	0 4502	1	1
7 3355	5 404	1	1
7 3356	3 1927	1	1
7 3356	3 4769	1	1
7 3356	2 2499	1	1
7 3356	6 4001	1	1
7 3356	0 2830	1	1
7 3356	6 182	1	1
7 3357	7 3580	1	1
7 3357	0 1382	1	1
7 3357	6 1547	1	1
7 3357	0 1688	1	1
7 3357	1 1310	1	1
7 3357	0 2749	1	1
7 3358	6 2439	1	1
7 3358	5 4831	1	1
7 3358	5 3066	1	1
7 3358	5 631	1	1
7 3358	4 4356	1	1
7 3358	1 4633	1	1
7 3359	7 1459	1	1
7 3359	3 3451	1	1
7 3359	1 3406	1	1
7 3359	1 3036	1	1
7 3359	3 3613	1	1
7 3359	1 4325	1	1
7 3360	3 4616	1	1
7 3360	6 795	1	1
7 3360	1 1642	1	1
7 3360	6 4193	1	1
7 3360	3 3503	1	1
7 3360	5 1122	1	1
7 3361	7 2218	1	1
7 3361	2 1642	1	1
7 3361	3 4577	1	1
7 3361	3 366	1	1
7 3361	0 511	1	1
7 3361	4 1263	1	1
7 3362	7 3788	1	1
7 3362	5 1818	1	1
7 3362	2 210	1	1
7 3362	4 64	1	1
7 3362	2 3274	1	1
7 3362	1 514	1	1
7 3363	7 2450	1	1
7 3363	1 2150	1	1
7 3363	4 633	1	1
7 3363	3 947	1	1
7 3363	3 4701	1	1
7 3363	3 1909	1	1
7 3364	7 4311	1	1
7 3364	4 3837	1	1
7 3364	3 2941	1	1
7 3364	2 1255	1	1
7 3364	4 1655	1	1
7 3364	1 2088	1	1
7 3365	7 518	1	1
7 3365	7 4901	1	1
7 3365	2 586	1	1
7 3365	5 1771	1	1
7 3365	0 2814	1	1
7 3365	4 3391	1	1
7 3366	7 2278	1	1
7 3366	1 1164	1	1
7 3366	3 2411	1	1
7 3366	4 3948	1	1
7 3366	4 4527	1	1
7 3366	0 4132	1	1
7 3367	2 3183	1	1
7 3367	5 59	1	1
7 3367	0 2335	1	1
7 3367	3 635	1	1
7 3367	5 3364	1	1
7 3367	3 815	1	1
7 3368	7 3506	1	1
7 3368	2 2141	1	1
7 3368	6 1820	1	1
7 3368	3 4486	1	1
7 3368	5 1128	1	1
7 3368	1 4663	1	1
7 3369	0 4047	1	1
7 3369	3 2284	1	1
7 3369	6 4757	1	1
7 3369	0 3401	1	1
7 3369	2 2613	1	1
7 3369	2 4312	1	1
7 3370	7 3666	1	1
7 3370	0 974	1	1
7 3370	2 2785	1	1
7 3370	0 861	1	1
7 3370	5 348	1	1
7 3370	4 340	1	1
7 3371	2 3764	1	1
7 3371	2 3129	1	1
7 3371	5 4395	1	1
7 3371	0 3658	1	1
7 3371	0 67	1	1
7 3371	3 4579	1	1
7 3372	7 4915	1	1
7 3372	7 1173	1	1
7 3372	7 4869	1	1
7 3372	6 3017	1	1
7 3372	6 4690	1	1
7 3372	1 2619	1	1
7 3373	7 843	1	1
7 3373	2 3485	1	1
7 3373	1 3695	1	1
7 3373	0 3266	1	1
7 3373	0 2882	1	1
7 3373	2 1876	1	1
7 3374	7 1121	1	1
7 3374	4 1366	1	1
7 3374	4 901	1	1
7 3374	1 3710	1	1
7 3374	1 2963	1	1
7 3374	1 1469	1	1
7 3375	7 4062	1	1
7 3375	2 1717	1	1
7 3375	6 423	1	1
7 3375	0 2244	1	1
7 3375	3 3149	1	1
7 3375	0 2976	1	1
7 3376	5 1837	1	1
7 3376	0 4671	1	1
7 3376	2 129	1	1
7 3376	3 773	1	1
7 3376	5 4076	1	1
7 3376	3 4256	1	1
7 3377	3 3998	1	1
7 3377	6 150	1	1
7 3377	1 1999	1	1
7 3377	3 3605	1	1
7 3377	6 989	1	1
7 3377	3 3082	1	1
7 3378	4 416	1	1
7 3378	3 4282	1	1
7 3378	0 44	1	1
7 3378	3 2400	1	1
7 3378	0 4281	1	1
7 3378	0 3377	1	1
7 3379	7 21	1	1
7 3379	5 3192	1	1
7 3379	0 2272	1	1
7 3379	6 2281	1	1
7 3379	2 4389	1	1
7 3379	4 1042	1	1
7 3380	7 2408	1	1
7 3380	4 3271	1	1
7 3380	4 1056	1	1
7 3380	2 311	1	1
7 3380	4 3217	1	1
7 3380	2 3879	1	1
7 3381	7 264	1	1
7 3381	3 2926	1	1
7 3381	4 2650	1	1
7 3381	0 1006	1	1
7 3381	4 3307	1	1
7 3381	5 657	1	1
7 3382	0 3860	1	1
7 3382	1 3896	1	1
7 3382	2 608	1	1
7 3382	1 1631	1	1
7 3382	6 2683	1	1
7 3382	2 4002	1	1
7 3383	7 3326	1	1
7 3383	7 932	1	1
7 3383	0 4432	1	1
7 3383	5 2903	1	1
7 3383	2 4270	1	1
7 3383	1 1050	1	1
7 3384	7 1164	1	1
7 3384	4 3776	1	1
7 3384	1 2063	1	1
7 3384	5 3457	1	1
7 3384	3 2225	1	1
7 3384	6 75	1	1
7 3385	7 1794	1	1
7 3385	7 1066	1	1
7 3385	3 1503	1	1
7 3385	2 3548	1	1
7 3385	4 2125	1	1
7 3385	2 691	1	1
7 3386	7 2183	1	1
7 3386	4 2547	1	1
7 3386	5 4589	1	1
7 3386	6 3209	1	1
7 3386	3 4822	1	1
7 3386	1 2784	1	1
7 3387	7 3601	1	1
7 3387	4 834	1	1
7 3387	3 1989	1	1
7 3387	5 1088	1	1
7 3387	0 3619	1	1
7 3387	6 4338	1	1
7 3388	7 2597	1	1
7 3388	0 1542	1	1
7 3388	0 2164	1	1
7 3388	3 1121	1	1
7 3388	6 3116	1	1
7 3388	5 1173	1	1
7 3389	7 3031	1	1
7 3389	2 146	1	1
7 3389	2 1353	1	1
7 3389	3 4760	1	1
7 3389	1 4080	1	1
7 3389	4 3588	1	1
7 3390	7 3518	1	1
7 3390	2 63	1	1
7 3390	1 3849	1	1
7 3390	2 2881	1	1
7 3390	4 4882	1	1
7 3390	1 3455	1	1
7 3391	7 576	1	1
7 3391	6 4602	1	1
7 3391	1 320	1	1
7 3391	3 2389	1	1
7 3391	0 3087	1	1
7 3391	1 2056	1	1
7 3392	0 3384	1	1
7 3392	2 4664	1	1
7 3392	0 1424	1	1
7 3392	1 2274	1	1
7 3392	1 1829	1	1
7 3392	2 2815	1	1
7 3393	7 4247	1	1
7 3393	1 3345	1	1
7 3393	2 3380	1	1
7 3393	1 7	1	1
7 3393	5 1276	1	1
7 3393	3 3096	1	1
7 3394	2 705	1	1
7 3394	4 3655	1	1
7 3394	6 2094	1	1
7 3394	5 344	1	1
7 3394	2 925	1	1
7 3394	4 4952	1	1
7 3395	7 1458	1	1
7 3395	1 3202	1	1
7 3395	3 4316	1	1
7 3395	6 4978	1	1
7 3395	3 4123	1	1
7 3395	3 2135	1	1
7 3396	7 2998	1	1
7 3396	7 4993	1	1
7 3396	4 3973	1	1
7 3396	2 1782	1	1
7 3396	5 329	1	1
7 3396	2 646	1	1
7 3397	6 3599	1	1
7 3397	4 315	1	1
7 3397	4 4932	1	1
7 3397	3 4914	1	1
7 3397	1 14	1	1
7 3397	1 4890	1	1
7 3398	3 164	1	1
7 3398	2 240	1	1
7 3398	3 3978	1	1
7 3398	1 3260	1	1
7 3398	2 687	1	1
7 3398	0 1832	1	1
7 3399	7 1168	1	1
7 3399	7 856	1	1
7 3399	7 3538	1	1
7 3399	7 4782	1	1
7 3399	3 755	1	1
7 3399	6 37	1	1
7 3400	7 2508	1	1
7 3400	7 2820	1	1
7 3400	6 1894	1	1
7 3400	0 3215	1	1
7 3400	1 3992	1	1
7 3400	2 1478	1	1
7 3401	6 4012	1	1
7 3401	0 688	1	1
7 3401	5 2700	1	1
7 3401	6 2417	1	1
7 3401	1 1523	1	1
7 3401	1 3105	1	1
7 3402	3 4729	1	1
7 3402	0 2343	1	1
7 3402	2 4478	1	1
7 3402	1 761	1	1
7 3402	6 2550	1	1
7 3402	0 1685	1	1
7 3403	0 3954	1	1
7 3403	5 3678	1	1
7 3403	5 4554	1	1
7 3403	6 108	1	1
7 3403	4 1260	1	1
7 3403	6 4002	1	1
7 3404	7 2694	1	1
7 3404	1 4941	1	1
7 3404	0 1465	1	1
7 3404	4 4476	1	1
7 3404	6 103	1	1
7 3404	6 31	1	1
7 3405	7 3355	1	1
7 3405	0 2886	1	1
7 3405	3 4521	1	1
7 3405	3 3854	1	1
7 3405	1 4237	1	1
7 3405	0 4035	1	1
7 3406	4 270	1	1
7 3406	5 1603	1	1
7 3406	3 2332	1	1
7 3406	4 2197	1	1
7 3406	0 987	1	1
7 3406	0 3297	1	1
7 3407	4 1000	1	1
7 3407	3 1748	1	1
7 3407	6 4104	1	1
7 3407	4 973	1	1
7 3407	3 4767	1	1
7 3407	1 4906	1	1
7 3408	3 1485	1	1
7 3408	5 4946	1	1
7 3408	6 2732	1	1
7 3408	5 76	1	1
7 3408	0 581	1	1
7 3408	3 383	1	1
7 3409	7 4598	1	1
7 3409	4 3473	1	1
7 3409	6 3360	1	1
7 3409	0 3420	1	1
7 3409	3 4939	1	1
7 3409	0 3963	1	1
7 3410	7 4506	1	1
7 3410	7 643	1	1
7 3410	1 2436	1	1
7 3410	2 3766	1	1
7 3410	5 298	1	1
7 3410	6 176	1	1
7 3411	7 4373	1	1
7 3411	7 3794	1	1
7 3411	7 3254	1	1
7 3411	5 2395	1	1
7 3411	2 3947	1	1
7 3411	3 2097	1	1
7 3412	7 4641	1	1
7 3412	3 793	1	1
7 3412	1 4443	1	1
7 3412	4 3588	1	1
7 3412	4 899	1	1
7 3412	1 4637	1	1
7 3413	5 12	1	1
7 3413	3 4630	1	1
7 3413	3 4473	1	1
7 3413	5 1183	1	1
7 3413	0 4130	1	1
7 3413	4 4835	1	1
7 3414	5 1239	1	1
7 3414	6 4299	1	1
7 3414	4 2269	1	1
7 3414	3 223	1	1
7 3414	0 854	1	1
7 3414	2 3345	1	1
7 3415	7 2912	1	1
7 3415	1 1893	1	1
7 3415	2 4898	1	1
7 3415	4 848	1	1
7 3415	2 2080	1	1
7 3415	2 1351	1	1
7 3416	1 665	1	1
7 3416	0 2309	1	1
7 3416	1 830	1	1
7 3416	4 4385	1	1
7 3416	6 838	1	1
7 3416	1 3093	1	1
7 3417	7 3993	1	1
7 3417	6 3685	1	1
7 3417	2 164	1	1
7 3417	2 2374	1	1
7 3417	5 2842	1	1
7 3417	0 3825	1	1
7 3418	5 2168	1	1
7 3418	1 3957	1	1
7 3418	0 4760	1	1
7 3418	5 4592	1	1
7 3418	4 1694	1	1
7 3418	6 3623	1	1
7 3419	7 726	1	1
7 3419	7 4061	1	1
7 3419	4 3007	1	1
7 3419	0 845	1	1
7 3419	1 829	1	1
7 3419	5 3941	1	1
7 3420	7 323	1	1
7 3420	5 898	1	1
7 3420	5 2759	1	1
7 3420	3 1409	1	1
7 3420	3 3953	1	1
7 3420	2 2910	1	1
7 3421	6 3943	1	1
7 3421	4 918	1	1
7 3421	0 2391	1	1
7 3421	5 2766	1	1
7 3421	0 3728	1	1
7 3421	5 2272	1	1
7 3422	7 3187	1	1
7 3422	7 735	1	1
7 3422	5 3372	1	1
7 3422	2 4209	1	1
7 3422	6 1192	1	1
7 3422	1 2015	1	1
7 3423	1 1022	1	1
7 3423	5 4477	1	1
7 3423	6 2862	1	1
7 3423	4 948	1	1
7 3423	0 1387	1	1
7 3423	5 4771	1	1
7 3424	2 3211	1	1
7 3424	5 3035	1	1
7 3424	2 2998	1	1
7 3424	3 4927	1	1
7 3424	2 3263	1	1
7 3424	1 3526	1	1
7 3425	7 3551	1	1
7 3425	4 1012	1	1
7 3425	0 3209	1	1
7 3425	1 1863	1	1
7 3425	4 4723	1	1
7 3425	4 3109	1	1
7 3426	7 3467	1	1
7 3426	5 4459	1	1
7 3426	1 3020	1	1
7 3426	3 4570	1	1
7 3426	5 93	1	1
7 3426	2 1013	1	1
7 3427	7 4909	1	1
7 3427	2 703	1	1
7 3427	0 247	1	1
7 3427	3 1451	1	1
7 3427	6 4839	1	1
7 3427	3 2230	1	1
7 3428	5 4428	1	1
7 3428	6 2164	1	1
7 3428	5 1459	1	1
7 3428	2 3898	1	1
7 3428	4 3993	1	1
7 3428	4 3828	1	1
7 3429	7 729	1	1
7 3429	2 3867	1	1
7 3429	0 2462	1	1
7 3429	2 3564	1	1
7 3429	3 698	1	1
7 3429	0 4449	1	1
7 3430	7 506	1	1
7 3430	0 3187	1	1
7 3430	3 2554	1	1
7 3430	2 359	1	1
7 3430	4 2123	1	1
7 3430	0 4611	1	1
7 3431	7 3549	1	1
7 3431	0 3927	1	1
7 3431	6 2291	1	1
7 3431	3 1039	1	1
7 3431	3 4894	1	1
7 3431	3 3246	1	1
7 3432	7 355	1	1
7 3432	6 3151	1	1
7 3432	2 2416	1	1
7 3432	5 3543	1	1
7 3432	0 4306	1	1
7 3432	4 2401	1	1
7 3433	1 58	1	1
7 3433	0 1671	1	1
7 3433	1 911	1	1
7 3433	0 4539	1	1
7 3433	5 2563	1	1
7 3433	4 1870	1	1
7 3434	7 2178	1	1
7 3434	7 3068	1	1
7 3434	2 4429	1	1
7 3434	2 3281	1	1
7 3434	1 4882	1	1
7 3434	6 3556	1	1
7 3435	0 4686	1	1
7 3435	2 1321	1	1
7 3435	5 1119	1	1
7 3435	5 4334	1	1
7 3435	4 1134	1	1
7 3435	3 647	1	1
7 3436	7 1986	1	1
7 3436	4 2237	1	1
7 3436	2 3257	1	1
7 3436	4 498	1	1
7 3436	2 4626	1	1
7 3436	5 1519	1	1
7 3437	6 2200	1	1
7 3437	0 2421	1	1
7 3437	2 2433	1	1
7 3437	6 2453	1	1
7 3437	5 4978	1	1
7 3437	5 3431	1	1
7 3438	7 2059	1	1
7 3438	7 4824	1	1
7 3438	3 2912	1	1
7 3438	4 959	1	1
7 3438	5 3205	1	1
7 3438	1 2225	1	1
7 3439	7 4403	1	1
7 3439	3 1544	1	1
7 3439	4 1973	1	1
7 3439	5 3230	1	1
7 3439	5 1667	1	1
7 3439	6 3770	1	1
7 3440	7 4480	1	1
7 3440	0 1803	1	1
7 3440	6 2642	1	1
7 3440	2 4564	1	1
7 3440	3 3224	1	1
7 3440	5 1107	1	1
7 3441	6 193	1	1
7 3441	5 3388	1	1
7 3441	4 3488	1	1
7 3441	4 2669	1	1
7 3441	5 3999	1	1
7 3441	4 74	1	1
7 3442	2 3142	1	1
7 3442	0 2114	1	1
7 3442	6 131	1	1
7 3442	3 4440	1	1
7 3442	4 2099	1	1
7 3442	5 1830	1	1
7 3443	4 1507	1	1
7 3443	1 2706	1	1
7 3443	3 1159	1	1
7 3443	2 3121	1	1
7 3443	2 3519	1	1
7 3443	2 298	1	1
7 3444	7 3698	1	1
7 3444	7 4638	1	1
7 3444	6 1743	1	1
7 3444	0 902	1	1
7 3444	1 350	1	1
7 3444	2 3705	1	1
7 3445	3 4002	1	1
7 3445	3 814	1	1
7 3445	2 1971	1	1
7 3445	6 484	1	1
7 3445	1 2210	1	1
7 3445	6 4519	1	1
7 3446	7 2919	1	1
7 3446	6 4100	1	1
7 3446	1 63	1	1
7 3446	6 3405	1	1
7 3446	3 271	1	1
7 3446	6 4778	1	1
7 3447	7 2511	1	1
7 3447	3 2283	1	1
7 3447	6 2437	1	1
7 3447	3 4180	1	1
7 3447	5 64	1	1
7 3447	4 3914	1	1
7 3448	2 4403	1	1
7 3448	4 4015	1	1
7 3448	1 54	1	1
7 3448	6 4732	1	1
7 3448	2 1980	1	1
7 3448	1 4659	1	1
7 3449	7 3284	1	1
7 3449	7 892	1	1
7 3449	1 992	1	1
7 3449	1 2536	1	1
7 3449	1 4862	1	1
7 3449	6 4561	1	1
7 3450	7 1680	1	1
7 3450	4 1665	1	1
7 3450	0 1299	1	1
7 3450	3 852	1	1
7 3450	1 4203	1	1
7 3450	1 1528	1	1
7 3451	3 1739	1	1
7 3451	4 2195	1	1
7 3451	0 196	1	1
7 3451	3 1269	1	1
7 3451	4 2644	1	1
7 3451	5 3337	1	1
7 3452	1 4252	1	1
7 3452	0 90	1	1
7 3452	6 1921	1	1
7 3452	3 1803	1	1
7 3452	1 1360	1	1
7 3452	6 712	1	1
7 3453	7 821	1	1
7 3453	4 2406	1	1
7 3453	5 1458	1	1
7 3453	5 3179	1	1
7 3453	5 2924	1	1
7 3453	2 2551	1	1
7 3454	7 2146	1	1
7 3454	0 198	1	1
7 3454	1 3659	1	1
7 3454	3 190	1	1
7 3454	5 4107	1	1
7 3454	5 2723	1	1
7 3455	5 2437	1	1
7 3455	1 4457	1	1
7 3455	6 1053	1	1
7 3455	3 109	1	1
7 3455	0 647	1	1
7 3455	0 1564	1	1
7 3456	5 1272	1	1
7 3456	4 3111	1	1
7 3456	4 2246	1	1
7 3456	1 1711	1	1
7 3456	1 1266	1	1
7 3456	2 2733	1	1
7 3457	0 1321	1	1
7 3457	5 256	1	1
7 3457	1 768	1	1
7 3457	6 1508	1	1
7 3457	3 2063	1	1
7 3457	2 912	1	1
7 3458	0 3837	1	1
7 3458	0 2056	1	1
7 3458	0 2640	1	1
7 3458	3 3897	1	1
7 3458	1 3303	1	1
7 3458	6 4316	1	1
7 3459	7 1968	1	1
7 3459	5 2123	1	1
7 3459	3 1764	1	1
7 3459	6 329	1	1
7 3459	6 3295	1	1
7 3459	0 2025	1	1
7 3460	2 3358	1	1
7 3460	1 1408	1	1
7 3460	0 2356	1	1
7 3460	3 766	1	1
7 3460	3 4374	1	1
7 3460	0 4922	1	1
7 3461	5 3362	1	1
7 3461	3 167	1	1
7 3461	1 1264	1	1
7 3461	4 2719	1	1
7 3461	6 4317	1	1
7 3461	3 1517	1	1
7 3462	2 1953	1	1
7 3462	0 1376	1	1
7 3462	3 4404	1	1
7 3462	3 795	1	1
7 3462	4 955	1	1
7 3462	5 3313	1	1
7 3463	2 4306	1	1
7 3463	6 648	1	1
7 3463	0 1331	1	1
7 3463	2 4594	1	1
7 3463	6 2056	1	1
7 3463	0 434	1	1
7 3464	2 851	1	1
7 3464	3 3980	1	1
7 3464	0 3452	1	1
7 3464	1 1067	1	1
7 3464	5 3609	1	1
7 3464	4 740	1	1
7 3465	7 4580	1	1
7 3465	2 1812	1	1
7 3465	0 2469	1	1
7 3465	3 566	1	1
7 3465	4 3804	1	1
7 3465	5 1031	1	1
7 3466	7 3672	1	1
7 3466	7 4752	1	1
7 3466	7 3451	1	1
7 3466	7 3995	1	1
7 3466	3 3972	1	1
7 3466	5 4890	1	1
7 3467	3 743	1	1
7 3467	0 585	1	1
7 3467	2 2560	1	1
7 3467	5 1209	1	1
7 3467	4 1507	1	1
7 3467	3 2162	1	1
7 3468	5 317	1	1
7 3468	4 3406	1	1
7 3468	3 3036	1	1
7 3468	1 2917	1	1
7 3468	4 4160	1	1
7 3468	6 2909	1	1
7 3469	7 3656	1	1
7 3469	3 4602	1	1
7 3469	6 293	1	1
7 3469	5 3921	1	1
7 3469	5 1191	1	1
7 3469	4 1771	1	1
7 3470	7 798	1	1
7 3470	1 4982	1	1
7 3470	0 1863	1	1
7 3470	6 1540	1	1
7 3470	6 4129	1	1
7 3470	3 1639	1	1
7 3471	7 1975	1	1
7 3471	2 1925	1	1
7 3471	5 4627	1	1
7 3471	4 2474	1	1
7 3471	1 3338	1	1
7 3471	3 1659	1	1
7 3472	7 3036	1	1
7 3472	4 3171	1	1
7 3472	2 945	1	1
7 3472	5 1040	1	1
7 3472	6 3466	1	1
7 3472	2 4648	1	1
7 3473	7 1391	1	1
7 3473	7 4940	1	1
7 3473	7 2093	1	1
7 3473	2 2163	1	1
7 3473	0 813	1	1
7 3473	2 883	1	1
7 3474	1 3209	1	1
7 3474	5 594	1	1
7 3474	1 1013	1	1
7 3474	2 3179	1	1
7 3474	4 2620	1	1
7 3474	6 3950	1	1
7 3475	7 4028	1	1
7 3475	3 4086	1	1
7 3475	2 1752	1	1
7 3475	3 3298	1	1
7 3475	4 1408	1	1
7 3475	4 1078	1	1
7 3476	7 3303	1	1
7 3476	2 3739	1	1
7 3476	1 4220	1	1
7 3476	3 2335	1	1
7 3476	3 3406	1	1
7 3476	0 2499	1	1
7 3477	1 4106	1	1
7 3477	6 2731	1	1
7 3477	2 1821	1	1
7 3477	2 3514	1	1
7 3477	6 4637	1	1
7 3477	5 1850	1	1
7 3478	0 3045	1	1
7 3478	4 169	1	1
7 3478	3 3752	1	1
7 3478	2 2236	1	1
7 3478	3 1437	1	1
7 3478	0 1079	1	1
7 3479	6 4876	1	1
7 3479	3 3681	1	1
7 3479	1 2881	1	1
7 3479	4 4563	1	1
7 3479	0 3999	1	1
7 3479	4 472	1	1
7 3480	7 2853	1	1
7 3480	4 2004	1	1
7 3480	6 1536	1	1
7 3480	3 3748	1	1
7 3480	6 428	1	1
7 3480	2 1503	1	1
7 3481	0 910	1	1
7 3481	0 1534	1	1
7 3481	3 275	1	1
7 3481	0 3624	1	1
7 3481	6 3884	1	1
7 3481	2 3259	1	1
7 3482	5 1736	1	1
7 3482	6 3910	1	1
7 3482	5 1632	1	1
7 3482	6 3874	1	1
7 3482	6 175	1	1
7 3482	0 1749	1	1
7 3483	3 185	1	1
7 3483	6 459	1	1
7 3483	2 977	1	1
7 3483	0 2900	1	1
7 3483	0 71	1	1
7 3483	4 1469	1	1
7 3484	7 742	1	1
7 3484	7 2619	1	1
7 3484	2 1552	1	1
7 3484	4 911	1	1
7 3484	6 1028	1	1
7 3484	6 815	1	1
7 3485	7 1840	1	1
7 3485	7 1055	1	1
7 3485	5 2324	1	1
7 3485	5 3753	1	1
7 3485	2 891	1	1
7 3485	4 3839	1	1
7 3486	6 3907	1	1
7 3486	1 777	1	1
7 3486	6 1948	1	1
7 3486	3 3037	1	1
7 3486	4 4866	1	1
7 3486	5 4334	1	1
7 3487	3 1296	1	1
7 3487	5 379	1	1
7 3487	2 4072	1	1
7 3487	6 2618	1	1
7 3487	6 967	1	1
7 3487	0 3093	1	1
7 3488	3 1035	1	1
7 3488	0 3700	1	1
7 3488	1 1891	1	1
7 3488	4 4158	1	1
7 3488	5 1742	1	1
7 3488	2 2514	1	1
7 3489	5 1974	1	1
7 3489	0 2665	1	1
7 3489	3 2453	1	1
7 3489	5 3286	1	1
7 3489	0 2657	1	1
7 3489	5 2464	1	1
7 3490	7 2359	1	1
7 3490	0 1698	1	1
7 3490	6 4727	1	1
7 3490	3 4384	1	1
7 3490	0 3900	1	1
7 3490	6 169	1	1
7 3491	2 1805	1	1
7 3491	5 3914	1	1
7 3491	5 1047	1	1
7 3491	0 764	1	1
7 3491	4 1843	1	1
7 3491	4 4229	1	1
7 3492	4 2216	1	1
7 3492	4 1336	1	1
7 3492	3 3916	1	1
7 3492	0 1054	1	1
7 3492	5 1050	1	1
7 3492	1 4407	1	1
7 3493	5 543	1	1
7 3493	1 115	1	1
7 3493	0 4223	1	1
7 3493	1 2667	1	1
7 3493	6 531	1	1
7 3493	2 135	1	1
7 3494	7 4313	1	1
7 3494	6 4198	1	1
7 3494	3 4372	1	1
7 3494	1 3705	1	1
7 3494	1 3061	1	1
7 3494	5 4043	1	1
7 3495	0 3933	1	1
7 3495	1 2224	1	1
7 3495	0 3957	1	1
7 3495	4 2675	1	1
7 3495	2 2071	1	1
7 3495	3 4979	1	1
7 3496	7 2780	1	1
7 3496	6 1286	1	1
7 3496	6 367	1	1
7 3496	0 3715	1	1
7 3496	2 4007	1	1
7 3496	4 82	1	1
7 3497	7 1958	1	1
7 3497	7 2020	1	1
7 3497	1 3194	1	1
7 3497	5 1763	1	1
7 3497	6 4077	1	1
7 3497	3 505	1	1
7 3498	7 2743	1	1
7 3498	2 4245	1	1
7 3498	2 3639	1	1
7 3498	6 4309	1	1
7 3498	1 1889	1	1
7 3498	5 2400	1	1
7 3499	7 3790	1	1
7 3499	6 2161	1	1
7 3499	6 253	1	1
7 3499	5 4451	1	1
7 3499	0 1871	1	1
7 3499	1 502	1	1
7 3500	7 4188	1	1
7 3500	7 2996	1	1
7 3500	3 2898	1	1
7 3500	6 4792	1	1
7 3500	4 3985	1	1
7 3500	4 591	1	1
7 3501	4 4143	1	1
7 3501	1 681	1	1
7 3501	6 3353	1	1
7 3501	4 3801	1	1
7 3501	2 1117	1	1
7 3501	2 3637	1	1
7 3502	7 453	1	1
7 3502	2 2783	1	1
7 3502	6 3596	1	1
7 3502	2 790	1	1
7 3502	0 2585	1	1
7 3502	3 2884	1	1
7 3503	7 2931	1	1
7 3503	7 1274	1	1
7 3503	1 6	1	1
7 3503	5 1707	1	1
7 3503	2 2813	1	1
7 3503	3 2461	1	1
7 3504	7 2020	1	1
7 3504	6 3327	1	1
7 3504	0 2167	1	1
7 3504	5 2171	1	1
7 3504	6 3148	1	1
7 3504	1 3304	1	1
7 3505	3 1458	1	1
7 3505	5 1003	1	1
7 3505	4 1851	1	1
7 3505	1 1423	1	1
7 3505	3 2733	1	1
7 3505	5 2943	1	1
7 3506	6 1328	1	1
7 3506	1 3870	1	1
7 3506	6 401	1	1
7 3506	2 3366	1	1
7 3506	1 4388	1	1
7 3506	6 3505	1	1
7 3507	0 2803	1	1
7 3507	2 1809	1	1
7 3507	2 2949	1	1
7 3507	4 111	1	1
7 3507	6 4909	1	1
7 3507	5 4714	1	1
7 3508	7 365	1	1
7 3508	0 4190	1	1
7 3508	0 249	1	1
7 3508	6 4937	1	1
7 3508	5 4430	1	1
7 3508	1 1443	1	1
7 3509	7 44	1	1
7 3509	7 2582	1	1
7 3509	7 2732	1	1
7 3509	4 2282	1	1
7 3509	1 201	1	1
7 3509	5 4380	1	1
7 3510	7 1081	1	1
7 3510	7 3880	1	1
7 3510	2 3433	1	1
7 3510	5 3201	1	1
7 3510	4 1301	1	1
7 3510	4 2932	1	1
7 3511	1 1518	1	1
7 3511	4 1590	1	1
7 3511	4 4800	1	1
7 3511	6 2981	1	1
7 3511	6 641	1	1
7 3511	1 1713	1	1
7 3512	7 487	1	1
7 3512	7 955	1	1
7 3512	5 905	1	1
7 3512	2 3772	1	1
7 3512	4 2838	1	1
7 3512	4 2940	1	1
7 3513	7 1158	1	1
7 3513	6 1863	1	1
7 3513	3 2088	1	1
7 3513	4 2949	1	1
7 3513	3 4247	1	1
7 3513	1 3555	1	1
7 3514	7 2171	1	1
7 3514	0 1254	1	1
7 3514	3 555	1	1
7 3514	2 1258	1	1
7 3514	1 2071	1	1
7 3514	4 1895	1	1
7 3515	7 3196	1	1
7 3515	0 825	1	1
7 3515	5 4156	1	1
7 3515	0 797	1	1
7 3515	2 3461	1	1
7 3515	4 3468	1	1
7 3516	7 736	1	1
7 3516	1 3931	1	1
7 3516	2 3321	1	1
7 3516	3 43	1	1
7 3516	2 551	1	1
7 3516	5 910	1	1
7 3517	4 2243	1	1
7 3517	5 3959	1	1
7 3517	1 1830	1	1
7 3517	5 2379	1	1
7 3517	2 2180	1	1
7 3517	5 1872	1	1
7 3518	3 4720	1	1
7 3518	2 3466	1	1
7 3518	3 2317	1	1
7 3518	4 3631	1	1
7 3518	5 545	1	1
7 3518	1 1956	1	1
7 3519	6 2745	1	1
7 3519	3 3727	1	1
7 3519	2 3983	1	1
7 3519	0 4322	1	1
7 3519	4 4863	1	1
7 3519	6 189	1	1
7 3520	7 3031	1	1
7 3520	5 1071	1	1
7 3520	4 1350	1	1
7 3520	6 2986	1	1
7 3520	6 3394	1	1
7 3520	5 2112	1	1
7 3521	0 4045	1	1
7 3521	5 2937	1	1
7 3521	5 4535	1	1
7 3521	1 605	1	1
7 3521	2 3719	1	1
7 3521	3 3891	1	1
7 3522	7 313	1	1
7 3522	5 1486	1	1
7 3522	5 4499	1	1
7 3522	0 1927	1	1
7 3522	3 4248	1	1
7 3522	0 3606	1	1
7 3523	0 190	1	1
7 3523	2 3261	1	1
7 3523	1 4482	1	1
7 3523	1 979	1	1
7 3523	2 464	1	1
7 3523	5 2147	1	1
7 3524	7 4169	1	1
7 3524	2 848	1	1
7 3524	0 4663	1	1
7 3524	5 1902	1	1
7 3524	3 2075	1	1
7 3524	2 3031	1	1
7 3525	7 451	1	1
7 3525	3 2664	1	1
7 3525	0 2657	1	1
7 3525	0 2334	1	1
7 3525	4 4804	1	1
7 3525	3 342	1	1
7 3526	2 524	1	1
7 3526	0 407	1	1
7 3526	0 3367	1	1
7 3526	2 2834	1	1
7 3526	2 4240	1	1
7 3526	2 1939	1	1
7 3527	7 2077	1	1
7 3527	4 2649	1	1
7 3527	1 2937	1	1
7 3527	1 1940	1	1
7 3527	4 1527	1	1
7 3527	1 390	1	1
7 3528	4 4411	1	1
7 3528	5 2049	1	1
7 3528	0 4378	1	1
7 3528	4 4520	1	1
7 3528	4 548	1	1
7 3528	6 955	1	1
7 3529	7 4747	1	1
7 3529	1 1372	1	1
7 3529	3 1044	1	1
7 3529	1 3832	1	1
7 3529	3 4325	1	1
7 3529	4 60	1	1
7 3530	7 4854	1	1
7 3530	3 2469	1	1
7 3530	3 1234	1	1
7 3530	3 1346	1	1
7 3530	4 1702	1	1
7 3530	4 1999	1	1
7 3531	3 3880	1	1
7 3531	1 577	1	1
7 3531	0 4630	1	1
7 3531	6 3541	1	1
7 3531	0 4907	1	1
7 3531	5 2274	1	1
7 3532	7 4799	1	1
7 3532	1 502	1	1
7 3532	1 917	1	1
7 3532	1 3584	1	1
7 3532	0 4364	1	1
7 3532	5 4750	1	1
7 3533	7 1471	1	1
7 3533	0 1269	1	1
7 3533	0 4491	1	1
7 3533	1 3085	1	1
7 3533	4 357	1	1
7 3533	3 19	1	1
7 3534	7 3014	1	1
7 3534	5 1666	1	1
7 3534	4 497	1	1
7 3534	5 434	1	1
7 3534	1 4468	1	1
7 3534	3 618	1	1
7 3535	3 3368	1	1
7 3535	5 4534	1	1
7 3535	5 1986	1	1
7 3535	1 2111	1	1
7 3535	1 2870	1	1
7 3535	2 1194	1	1
7 3536	7 2293	1	1
7 3536	4 1384	1	1
7 3536	4 2345	1	1
7 3536	4 2013	1	1
7 3536	2 4033	1	1
7 3536	6 3857	1	1
7 3537	3 1147	1	1
7 3537	3 1078	1	1
7 3537	1 1560	1	1
7 3537	0 1673	1	1
7 3537	0 2541	1	1
7 3537	1 4175	1	1
7 3538	7 106	1	1
7 3538	7 1330	1	1
7 3538	7 4477	1	1
7 3538	7 860	1	1
7 3538	3 4823	1	1
7 3538	6 2810	1	1
7 3539	7 1149	1	1
7 3539	3 1061	1	1
7 3539	2 1767	1	1
7 3539	4 2644	1	1
7 3539	0 3801	1	1
7 3539	2 3194	1	1
7 3540	0 3048	1	1
7 3540	5 2523	1	1
7 3540	4 3311	1	1
7 3540	1 3201	1	1
7 3540	2 3729	1	1
7 3540	6 2863	1	1
7 3541	6 3141	1	1
7 3541	3 1233	1	1
7 3541	0 3445	1	1
7 3541	6 1580	1	1
7 3541	0 2503	1	1
7 3541	2 1927	1	1
7 3542	2 4589	1	1
7 3542	0 4471	1	1
7 3542	6 2438	1	1
7 3542	6 2752	1	1
7 3542	0 1466	1	1
7 3542	5 4611	1	1
7 3543	5 4513	1	1
7 3543	2 4848	1	1
7 3543	5 1497	1	1
7 3543	0 4880	1	1
7 3543	3 3429	1	1
7 3543	1 3498	1	1
7 3544	4 936	1	1
7 3544	2 1990	1	1
7 3544	4 1687	1	1
7 3544	2 4315	1	1
7 3544	1 2286	1	1
7 3544	2 3946	1	1
7 3545	5 2486	1	1
7 3545	2 190	1	1
7 3545	1 4075	1	1
7 3545	2 539	1	1
7 3545	5 4935	1	1
7 3545	6 733	1	1
7 3546	2 3081	1	1
7 3546	1 3879	1	1
7 3546	3 3431	1	1
7 3546	2 1493	1	1
7 3546	1 1443	1	1
7 3546	4 4098	1	1
7 3547	7 1558	1	1
7 3547	1 4462	1	1
7 3547	4 1116	1	1
7 3547	5 1267	1	1
7 3547	6 182	1	1
7 3547	1 1845	1	1
7 3548	5 728	1	1
7 3548	1 72	1	1
7 3548	2 782	1	1
7 3548	5 954	1	1
7 3548	1 3363	1	1
7 3548	0 532	1	1
7 3549	7 4175	1	1
7 3549	4 3090	1	1
7 3549	5 134	1	1
7 3549	2 1718	1	1
7 3549	6 1429	1	1
7 3549	5 126	1	1
7 3550	4 422	1	1
7 3550	6 4425	1	1
7 3550	2 4441	1	1
7 3550	6 4969	1	1
7 3550	0 2958	1	1
7 3550	4 3325	1	1
7 3551	7 624	1	1
7 3551	4 3568	1	1
7 3551	1 556	1	1
7 3551	2 3802	1	1
7 3551	2 2879	1	1
7 3551	0 2722	1	1
7 3552	7 4287	1	1
7 3552	7 630	1	1
7 3552	0 3597	1	1
7 3552	0 3656	1	1
7 3552	1 2223	1	1
7 3552	4 2428	1	1
7 3553	7 1219	1	1
7 3553	0 2458	1	1
7 3553	6 193	1	1
7 3553	5 465	1	1
7 3553	3 613	1	1
7 3553	4 2510	1	1
7 3554	0 3698	1	1
7 3554	5 1030	1	1
7 3554	0 4339	1	1
7 3554	3 4138	1	1
7 3554	6 4435	1	1
7 3554	0 3001	1	1
7 3555	7 685	1	1
7 3555	7 2602	1	1
7 3555	3 3798	1	1
7 3555	4 1039	1	1
7 3555	0 3410	1	1
7 3555	2 4632	1	1
7 3556	6 3625	1	1
7 3556	1 413	1	1
7 3556	5 3010	1	1
7 3556	4 1562	1	1
7 3556	0 1188	1	1
7 3556	4 494	1	1
7 3557	7 4680	1	1
7 3557	7 2164	1	1
7 3557	7 2905	1	1
7 3557	2 2449	1	1
7 3557	3 1279	1	1
7 3557	2 3506	1	1
7 3558	0 1370	1	1
7 3558	4 4578	1	1
7 3558	1 3622	1	1
7 3558	0 789	1	1
7 3558	6 106	1	1
7 3558	6 2262	1	1
7 3559	7 4723	1	1
7 3559	7 1289	1	1
7 3559	0 2069	1	1
7 3559	3 2696	1	1
7 3559	5 2785	1	1
7 3559	3 259	1	1
7 3560	7 1751	1	1
7 3560	7 1700	1	1
7 3560	7 1506	1	1
7 3560	2 1923	1	1
7 3560	1 2962	1	1
7 3560	0 403	1	1
7 3561	1 3527	1	1
7 3561	0 1068	1	1
7 3561	2 2183	1	1
7 3561	6 2392	1	1
7 3561	0 1929	1	1
7 3561	2 2686	1	1
7 3562	5 1698	1	1
7 3562	2 1105	1	1
7 3562	6 1428	1	1
7 3562	0 634	1	1
7 3562	4 168	1	1
7 3562	2 2528	1	1
7 3563	7 3545	1	1
7 3563	6 1816	1	1
7 3563	5 957	1	1
7 3563	3 1202	1	1
7 3563	0 3719	1	1
7 3563	5 990	1	1
7 3564	7 2400	1	1
7 3564	1 116	1	1
7 3564	3 3478	1	1
7 3564	6 189	1	1
7 3564	1 4549	1	1
7 3564	3 3829	1	1
7 3565	7 784	1	1
7 3565	4 1553	1	1
7 3565	5 638	1	1
7 3565	1 302	1	1
7 3565	5 1488	1	1
7 3565	1 2275	1	1
7 3566	2 326	1	1
7 3566	3 3830	1	1
7 3566	6 837	1	1
7 3566	0 1694	1	1
7 3566	0 2493	1	1
7 3566	2 1373	1	1
7 3567	1 1495	1	1
7 3567	3 4273	1	1
7 3567	3 1179	1	1
7 3567	2 4419	1	1
7 3567	5 436	1	1
7 3567	2 1849	1	1
7 3568	7 3855	1	1
7 3568	7 1986	1	1
7 3568	5 571	1	1
7 3568	6 4560	1	1
7 3568	4 59	1	1
7 3568	0 4197	1	1
7 3569	7 2161	1	1
7 3569	6 994	1	1
7 3569	6 3872	1	1
7 3569	6 875	1	1
7 3569	4 2535	1	1
7 3569	3 259	1	1
7 3570	3 376	1	1
7 3570	6 1885	1	1
7 3570	5 1552	1	1
7 3570	4 4784	1	1
7 3570	4 4797	1	1
7 3570	4 959	1	1
7 3571	2 4435	1	1
7 3571	3 4731	1	1
7 3571	4 195	1	1
7 3571	2 1968	1	1
7 3571	2 3091	1	1
7 3571	3 65	1	1
7 3572	7 315	1	1
7 3572	2 4356	1	1
7 3572	6 4227	1	1
7 3572	2 1477	1	1
7 3572	1 4783	1	1
7 3572	6 3360	1	1
7 3573	2 409	1	1
7 3573	0 2445	1	1
7 3573	4 3844	1	1
7 3573	4 2775	1	1
7 3573	5 3412	1	1
7 3573	2 2494	1	1
7 3574	4 156	1	1
7 3574	4 322	1	1
7 3574	3 142	1	1
7 3574	1 4177	1	1
7 3574	0 3337	1	1
7 3574	4 165	1	1
7 3575	7 4480	1	1
7 3575	7 859	1	1
7 3575	4 4816	1	1
7 3575	5 2085	1	1
7 3575	3 4303	1	1
7 3575	2 4388	1	1
7 3576	7 4072	1	1
7 3576	1 2430	1	1
7 3576	1 109	1	1
7 3576	4 3602	1	1
7 3576	5 1992	1	1
7 3576	2 1272	1	1
7 3577	7 9	1	1
7 3577	4 2626	1	1
7 3577	5 4641	1	1
7 3577	4 1610	1	1
7 3577	0 3963	1	1
7 3577	1 276	1	1
7 3578	4 3829	1	1
7 3578	0 129	1	1
7 3578	3 3047	1	1
7 3578	6 581	1	1
7 3578	6 1008	1	1
7 3578	1 4304	1	1
7 3579	5 416	1	1
7 3579	5 738	1	1
7 3579	0 3654	1	1
7 3579	2 3488	1	1
7 3579	5 2241	1	1
7 3579	4 2115	1	1
7 3580	5 3986	1	1
7 3580	3 687	1	1
7 3580	3 3173	1	1
7 3580	4 4777	1	1
7 3580	1 4291	1	1
7 3580	2 182	1	1
7 3581	7 3922	1	1
7 3581	5 1022	1	1
7 3581	5 2903	1	1
7 3581	3 4031	1	1
7 3581	2 144	1	1
7 3581	3 385	1	1
7 3582	6 2016	1	1
7 3582	5 10	1	1
7 3582	1 2873	1	1
7 3582	5 1206	1	1
7 3582	1 779	1	1
7 3582	5 1800	1	1
7 3583	7 4796	1	1
7 3583	7 3577	1	1
7 3583	4 1466	1	1
7 3583	3 4398	1	1
7 3583	5 2819	1	1
7 3583	6 652	1	1
7 3584	7 3873	1	1
7 3584	6 2875	1	1
7 3584	2 2103	1	1
7 3584	3 3209	1	1
7 3584	0 3709	1	1
7 3584	5 3647	1	1
7 3585	7 1400	1	1
7 3585	7 2391	1	1
7 3585	5 3900	1	1
7 3585	4 913	1	1
7 3585	3 2917	1	1
7 3585	5 3692	1	1
7 3586	7 1385	1	1
7 3586	7 3165	1	1
7 3586	6 736	1	1
7 3586	4 4561	1	1
7 3586	3 3120	1	1
7 3586	5 3089	1	1
7 3587	0 4192	1	1
7 3587	5 1275	1	1
7 3587	6 784	1	1
7 3587	6 3705	1	1
7 3587	2 2119	1	1
7 3587	4 3110	1	1
7 3588	5 4791	1	1
7 3588	5 1583	1	1
7 3588	0 2536	1	1
7 3588	0 3378	1	1
7 3588	1 494	1	1
7 3588	2 4497	1	1
7 3589	2 1959	1	1
7 3589	6 3553	1	1
7 3589	4 4271	1	1
7 3589	1 1659	1	1
7 3589	3 2093	1	1
7 3589	5 4831	1	1
7 3590	7 399	1	1
7 3590	4 2046	1	1
7 3590	6 2497	1	1
7 3590	1 1235	1	1
7 3590	1 1914	1	1
7 3590	6 2536	1	1
7 3591	0 3840	1	1
7 3591	1 3631	1	1
7 3591	6 532	1	1
7 3591	3 2765	1	1
7 3591	1 2444	1	1
7 3591	1 1382	1	1
7 3592	7 1797	1	1
7 3592	6 153	1	1
7 3592	3 3129	1	1
7 3592	4 3394	1	1
7 3592	2 4546	1	1
7 3592	2 2031	1	1
7 3593	7 2099	1	1
7 3593	0 2301	1	1
7 3593	1 2673	1	1
7 3593	0 3664	1	1
7 3593	3 1222	1	1
7 3593	6 3030	1	1
7 3594	7 3379	1	1
7 3594	6 4305	1	1
7 3594	0 2570	1	1
7 3594	2 4351	1	1
7 3594	0 4861	1	1
7 3594	1 2610	1	1
7 3595	7 2039	1	1
7 3595	3 4620	1	1
7 3595	1 1747	1	1
7 3595	5 3957	1	1
7 3595	2 132	1	1
7 3595	2 1010	1	1
7 3596	7 1501	1	1
7 3596	7 141	1	1
7 3596	7 665	1	1
7 3596	2 1212	1	1
7 3596	3 418	1	1
7 3596	5 3417	1	1
7 3597	3 4387	1	1
7 3597	4 2869	1	1
7 3597	6 3528	1	1
7 3597	3 4766	1	1
7 3597	2 2525	1	1
7 3597	2 453	1	1
7 3598	7 3366	1	1
7 3598	1 2253	1	1
7 3598	0 3398	1	1
7 3598	2 4248	1	1
7 3598	4 334	1	1
7 3598	0 3839	1	1
7 3599	7 3718	1	1
7 3599	7 2359	1	1
7 3599	6 1991	1	1
7 3599	1 4635	1	1
7 3599	2 595	1	1
7 3599	6 2880	1	1
7 3600	1 2285	1	1
7 3600	4 405	1	1
7 3600	3 2529	1	1
7 3600	4 585	1	1
7 3600	6 3246	1	1
7 3600	4 3774	1	1
7 3601	7 3034	1	1
7 3601	2 2413	1	1
7 3601	2 1239	1	1
7 3601	5 4368	1	1
7 3601	3 2701	1	1
7 3601	2 888	1	1
7 3602	5 871	1	1
7 3602	1 4709	1	1
7 3602	6 1257	1	1
7 3602	4 4852	1	1
7 3602	1 3745	1	1
7 3602	4 2081	1	1
7 3603	3 2132	1	1
7 3603	6 3498	1	1
7 3603	3 670	1	1
7 3603	4 4704	1	1
7 3603	4 2359	1	1
7 3603	1 1483	1	1
7 3604	7 3333	1	1
7 3604	2 3105	1	1
7 3604	2 2585	1	1
7 3604	0 4378	1	1
7 3604	6 3471	1	1
7 3604	1 3976	1	1
7 3605	3 3993	1	1
7 3605	1 4157	1	1
7 3605	6 3403	1	1
7 3605	4 648	1	1
7 3605	6 3174	1	1
7 3605	6 2728	1	1
7 3606	6 2499	1	1
7 3606	6 487	1	1
7 3606	4 2781	1	1
7 3606	2 4354	1	1
7 3606	1 382	1	1
7 3606	5 1033	1	1
7 3607	7 883	1	1
7 3607	7 1449	1	1
7 3607	7 4619	1	1
7 3607	1 3748	1	1
7 3607	3 4061	1	1
7 3607	1 2802	1	1
7 3608	4 756	1	1
7 3608	2 3677	1	1
7 3608	3 784	1	1
7 3608	0 613	1	1
7 3608	2 1495	1	1
7 3608	4 1161	1	1
7 3609	2 1541	1	1
7 3609	5 2404	1	1
7 3609	4 4151	1	1
7 3609	0 2353	1	1
7 3609	6 3702	1	1
7 3609	0 587	1	1
7 3610	7 656	1	1
7 3610	2 4215	1	1
7 3610	3 1753	1	1
7 3610	3 4693	1	1
7 3610	4 822	1	1
7 3610	1 2298	1	1
7 3611	7 649	1	1
7 3611	5 2087	1	1
7 3611	6 3291	1	1
7 3611	5 1959	1	1
7 3611	4 2266	1	1
7 3611	1 2343	1	1
7 3612	7 1021	1	1
7 3612	2 521	1	1
7 3612	6 2510	1	1
7 3612	3 371	1	1
7 3612	3 4216	1	1
7 3612	4 19	1	1
7 3613	4 1381	1	1
7 3613	6 183	1	1
7 3613	6 2637	1	1
7 3613	0 4988	1	1
7 3613	3 1250	1	1
7 3613	1 3249	1	1
7 3614	7 2931	1	1
7 3614	5 4947	1	1
7 3614	6 3330	1	1
7 3614	6 1831	1	1
7 3614	6 620	1	1
7 3614	3 2841	1	1
7 3615	7 3941	1	1
7 3615	4 1244	1	1
7 3615	6 3267	1	1
7 3615	3 1659	1	1
7 3615	3 2417	1	1
7 3615	1 2221	1	1
7 3616	7 2671	1	1
7 3616	7 33	1	1
7 3616	3 3394	1	1
7 3616	3 2576	1	1
7 3616	3 4097	1	1
7 3616	5 4268	1	1
7 3617	5 2325	1	1
7 3617	0 213	1	1
7 3617	2 3439	1	1
7 3617	2 4547	1	1
7 3617	0 1468	1	1
7 3617	4 2463	1	1
7 3618	1 3814	1	1
7 3618	5 2501	1	1
7 3618	2 1652	1	1
7 3618	5 4122	1	1
7 3618	4 2231	1	1
7 3618	6 2542	1	1
7 3619	7 584	1	1
7 3619	6 4111	1	1
7 3619	2 3610	1	1
7 3619	2 1612	1	1
7 3619	0 2540	1	1
7 3619	0 4728	1	1
7 3620	4 1139	1	1
7 3620	4 1195	1	1
7 3620	3 1480	1	1
7 3620	5 3296	1	1
7 3620	4 2964	1	1
7 3620	3 15	1	1
7 3621	4 434	1	1
7 3621	2 2857	1	1
7 3621	2 1376	1	1
7 3621	2 3255	1	1
7 3621	0 4410	1	1
7 3621	1 2751	1	1
7 3622	7 1861	1	1
7 3622	1 4995	1	1
7 3622	1 2838	1	1
7 3622	1 1950	1	1
7 3622	0 4366	1	1
7 3622	1 2169	1	1
7 3623	1 3692	1	1
7 3623	1 3735	1	1
7 3623	3 2503	1	1
7 3623	0 2733	1	1
7 3623	3 2274	1	1
7 3623	3 2777	1	1
7 3624	7 3758	1	1
7 3624	7 957	1	1
7 3624	5 533	1	1
7 3624	0 3012	1	1
7 3624	4 1684	1	1
7 3624	3 4872	1	1
7 3625	2 3512	1	1
7 3625	1 177	1	1
7 3625	2 3193	1	1
7 3625	4 3743	1	1
7 3625	0 3920	1	1
7 3625	0 3748	1	1
7 3626	6 4309	1	1
7 3626	0 1111	1	1
7 3626	5 10	1	1
7 3626	2 2185	1	1
7 3626	2 997	1	1
7 3626	3 4025	1	1
7 3627	2 3960	1	1
7 3627	5 3276	1	1
7 3627	0 4044	1	1
7 3627	0 2130	1	1
7 3627	2 4636	1	1
7 3627	3 3163	1	1
7 3628	7 1890	1	1
7 3628	3 4875	1	1
7 3628	3 4132	1	1
7 3628	3 1710	1	1
7 3628	2 4897	1	1
7 3628	2 197	1	1
7 3629	6 3187	1	1
7 3629	3 2540	1	1
7 3629	2 3694	1	1
7 3629	4 1838	1	1
7 3629	4 4196	1	1
7 3629	2 3662	1	1
7 3630	7 3727	1	1
7 3630	7 226	1	1
7 3630	3 644	1	1
7 3630	3 3837	1	1
7 3630	4 2613	1	1
7 3630	4 4013	1	1
7 3631	7 1052	1	1
7 3631	7 2525	1	1
7 3631	7 4183	1	1
7 3631	6 4959	1	1
7 3631	5 960	1	1
7 3631	0 4738	1	1
7 3632	4 4608	1	1
7 3632	0 759	1	1
7 3632	2 1403	1	1
7 3632	3 2097	1	1
7 3632	2 4227	1	1
7 3632	5 3285	1	1
7 3633	7 3626	1	1
7 3633	2 2215	1	1
7 3633	6 2271	1	1
7 3633	4 3918	1	1
7 3633	0 279	1	1
7 3633	0 3633	1	1
7 3634	7 4970	1	1
7 3634	6 4293	1	1
7 3634	2 3171	1	1
7 3634	2 4496	1	1
7 3634	3 3696	1	1
7 3634	0 1899	1	1
7 3635	7 1502	1	1
7 3635	7 4161	1	1
7 3635	1 1239	1	1
7 3635	0 3659	1	1
7 3635	3 2952	1	1
7 3635	3 1648	1	1
7 3636	7 820	1	1
7 3636	7 819	1	1
7 3636	1 141	1	1
7 3636	2 4065	1	1
7 3636	0 3861	1	1
7 3636	4 3476	1	1
7 3637	4 2499	1	1
7 3637	1 2479	1	1
7 3637	3 2415	1	1
7 3637	6 2090	1	1
7 3637	4 3340	1	1
7 3637	6 1371	1	1
7 3638	2 4963	1	1
7 3638	3 2438	1	1
7 3638	3 342	1	1
7 3638	2 4204	1	1
7 3638	0 3452	1	1
7 3638	1 4404	1	1
7 3639	1 1261	1	1
7 3639	2 505	1	1
7 3639	5 1226	1	1
7 3639	6 1659	1	1
7 3639	1 891	1	1
7 3639	6 1737	1	1
7 3640	7 1137	1	1
7 3640	3 1582	1	1
7 3640	0 4720	1	1
7 3640	2 4549	1	1
7 3640	2 931	1	1
7 3640	1 2206	1	1
7 3641	7 4660	1	1
7 3641	7 4010	1	1
7 3641	2 4751	1	1
7 3641	6 668	1	1
7 3641	0 4489	1	1
7 3641	2 4342	1	1
7 3642	6 2939	1	1
7 3642	2 1018	1	1
7 3642	0 2469	1	1
7 3642	2 4637	1	1
7 3642	1 549	1	1
7 3642	4 569	1	1
7 3643	2 2801	1	1
7 3643	3 4447	1	1
7 3643	3 1071	1	1
7 3643	6 991	1	1
7 3643	1 3701	1	1
7 3643	5 1356	1	1
7 3644	6 3734	1	1
7 3644	0 594	1	1
7 3644	4 4101	1	1
7 3644	1 1253	1	1
7 3644	2 1896	1	1
7 3644	1 4213	1	1
7 3645	3 4959	1	1
7 3645	6 4759	1	1
7 3645	5 2285	1	1
7 3645	1 4378	1	1
7 3645	6 2706	1	1
7 3645	6 272	1	1
7 3646	7 2452	1	1
7 3646	1 4786	1	1
7 3646	5 1396	1	1
7 3646	4 4283	1	1
7 3646	0 4049	1	1
7 3646	3 3654	1	1
7 3647	7 943	1	1
7 3647	7 658	1	1
7 3647	2 370	1	1
7 3647	0 2221	1	1
7 3647	6 258	1	1
7 3647	0 715	1	1
7 3648	7 1617	1	1
7 3648	4 1816	1	1
7 3648	1 2062	1	1
7 3648	6 4092	1	1
7 3648	1 3849	1	1
7 3648	4 3824	1	1
7 3649	7 4043	1	1
7 3649	5 4109	1	1
7 3649	3 2952	1	1
7 3649	6 609	1	1
7 3649	2 2260	1	1
7 3649	5 3942	1	1
7 3650	7 1831	1	1
7 3650	6 3396	1	1
7 3650	3 432	1	1
7 3650	4 3759	1	1
7 3650	3 3257	1	1
7 3650	4 1747	1	1
7 3651	4 818	1	1
7 3651	4 1873	1	1
7 3651	6 2218	1	1
7 3651	3 1347	1	1
7 3651	5 1859	1	1
7 3651	3 2135	1	1
7 3652	5 4375	1	1
7 3652	2 3210	1	1
7 3652	2 2461	1	1
7 3652	2 3610	1	1
7 3652	1 2666	1	1
7 3652	5 1851	1	1
7 3653	2 4307	1	1
7 3653	6 4818	1	1
7 3653	3 878	1	1
7 3653	2 4598	1	1
7 3653	3 3220	1	1
7 3653	4 792	1	1
7 3654	3 4358	1	1
7 3654	4 4339	1	1
7 3654	4 1453	1	1
7 3654	5 2628	1	1
7 3654	3 128	1	1
7 3654	2 758	1	1
7 3655	7 844	1	1
7 3655	3 4716	1	1
7 3655	1 1523	1	1
7 3655	1 2196	1	1
7 3655	5 4616	1	1
7 3655	2 802	1	1
7 3656	7 534	1	1
7 3656	5 2577	1	1
7 3656	4 2657	1	1
7 3656	2 4208	1	1
7 3656	5 681	1	1
7 3656	5 4379	1	1
7 3657	0 4974	1	1
7 3657	4 2714	1	1
7 3657	1 1528	1	1
7 3657	2 3823	1	1
7 3657	1 1300	1	1
7 3657	4 4766	1	1
7 3658	2 3369	1	1
7 3658	2 4403	1	1
7 3658	4 1324	1	1
7 3658	2 3848	1	1
7 3658	0 3016	1	1
7 3658	2 284	1	1
7 3659	5 2882	1	1
7 3659	6 4792	1	1
7 3659	0 3406	1	1
7 3659	0 4663	1	1
7 3659	3 3789	1	1
7 3659	1 1985	1	1
7 3660	7 3385	1	1
7 3660	1 1099	1	1
7 3660	2 1929	1	1
7 3660	6 1827	1	1
7 3660	0 4974	1	1
7 3660	5 1967	1	1
7 3661	7 1478	1	1
7 3661	1 3841	1	1
7 3661	5 4233	1	1
7 3661	4 4164	1	1
7 3661	1 3253	1	1
7 3661	0 2863	1	1
7 3662	7 345	1	1
7 3662	3 1949	1	1
7 3662	3 672	1	1
7 3662	6 3525	1	1
7 3662	4 1073	1	1
7 3662	3 3786	1	1
7 3663	7 4037	1	1
7 3663	4 4089	1	1
7 3663	4 2738	1	1
7 3663	5 754	1	1
7 3663	0 1386	1	1
7 3663	0 3949	1	1
7 3664	2 91	1	1
7 3664	5 1504	1	1
7 3664	2 1282	1	1
7 3664	4 3538	1	1
7 3664	6 4812	1	1
7 3664	1 3332	1	1
7 3665	7 4884	1	1
7 3665	2 2996	1	1
7 3665	1 2994	1	1
7 3665	4 4888	1	1
7 3665	4 2563	1	1
7 3665	6 2761	1	1
7 3666	7 211	1	1
7 3666	4 4769	1	1
7 3666	0 1885	1	1
7 3666	2 4683	1	1
7 3666	2 1859	1	1
7 3666	3 3412	1	1
7 3667	7 3851	1	1
7 3667	2 2835	1	1
7 3667	0 3316	1	1
7 3667	6 660	1	1
7 3667	6 1556	1	1
7 3667	6 1869	1	1
7 3668	1 2344	1	1
7 3668	5 1280	1	1
7 3668	4 1350	1	1
7 3668	2 4914	1	1
7 3668	6 4022	1	1
7 3668	3 1724	1	1
7 3669	2 57	1	1
7 3669	5 53	1	1
7 3669	6 3775	1	1
7 3669	4 1613	1	1
7 3669	0 3468	1	1
7 3669	3 2386	1	1
7 3670	4 804	1	1
7 3670	6 530	1	1
7 3670	6 2971	1	1
7 3670	5 2379	1	1
7 3670	6 4975	1	1
7 3670	2 310	1	1
7 3671	4 1344	1	1
7 3671	2 3385	1	1
7 3671	1 2608	1	1
7 3671	4 3850	1	1
7 3671	5 1983	1	1
7 3671	2 1512	1	1
7 3672	3 242	1	1
7 3672	1 118	1	1
7 3672	6 1367	1	1
7 3672	1 849	1	1
7 3672	3 1295	1	1
7 3672	4 3591	1	1
7 3673	7 56	1	1
7 3673	2 2639	1	1
7 3673	1 4225	1	1
7 3673	2 905	1	1
7 3673	3 3648	1	1
7 3673	0 4666	1	1
7 3674	7 302	1	1
7 3674	4 4771	1	1
7 3674	0 4905	1	1
7 3674	4 1735	1	1
7 3674	0 4991	1	1
7 3674	1 3181	1	1
7 3675	7 4086	1	1
7 3675	4 3437	1	1
7 3675	3 2057	1	1
7 3675	0 342	1	1
7 3675	1 3181	1	1
7 3675	2 1787	1	1
7 3676	2 3379	1	1
7 3676	4 4212	1	1
7 3676	4 1414	1	1
7 3676	0 1005	1	1
7 3676	0 1318	1	1
7 3676	0 1315	1	1
7 3677	7 4539	1	1
7 3677	2 4411	1	1
7 3677	5 1832	1	1
7 3677	5 4799	1	1
7 3677	1 2404	1	1
7 3677	5 3314	1	1
7 3678	7 374	1	1
7 3678	4 1339	1	1
7 3678	1 3674	1	1
7 3678	6 4605	1	1
7 3678	0 1268	1	1
7 3678	4 307	1	1
7 3679	7 3712	1	1
7 3679	7 707	1	1
7 3679	2 1544	1	1
7 3679	4 4445	1	1
7 3679	4 190	1	1
7 3679	5 1537	1	1
7 3680	3 123	1	1
7 3680	6 4462	1	1
7 3680	0 1042	1	1
7 3680	2 3583	1	1
7 3680	1 4881	1	1
7 3680	2 1583	1	1
7 3681	7 161	1	1
7 3681	7 3974	1	1
7 3681	1 4856	1	1
7 3681	4 1894	1	1
7 3681	3 4651	1	1
7 3681	0 1093	1	1
7 3682	3 4319	1	1
7 3682	6 2151	1	1
7 3682	1 2137	1	1
7 3682	2 4416	1	1
7 3682	1 4519	1	1
7 3682	3 3055	1	1
7 3683	7 4144	1	1
7 3683	3 4978	1	1
7 3683	0 230	1	1
7 3683	4 1812	1	1
7 3683	1 742	1	1
7 3683	6 3959	1	1
7 3684	7 1020	1	1
7 3684	7 705	1	1
7 3684	1 3506	1	1
7 3684	4 2053	1	1
7 3684	0 3151	1	1
7 3684	4 1717	1	1
7 3685	7 3745	1	1
7 3685	3 2336	1	1
7 3685	1 2674	1	1
7 3685	3 3987	1	1
7 3685	2 4257	1	1
7 3685	2 3828	1	1
7 3686	7 3380	1	1
7 3686	2 1342	1	1
7 3686	1 2115	1	1
7 3686	5 869	1	1
7 3686	0 1705	1	1
7 3686	2 4710	1	1
7 3687	7 288	1	1
7 3687	6 179	1	1
7 3687	4 348	1	1
7 3687	1 136	1	1
7 3687	6 2050	1	1
7 3687	2 87	1	1
7 3688	4 3813	1	1
7 3688	4 1456	1	1
7 3688	2 1718	1	1
7 3688	2 3159	1	1
7 3688	5 2992	1	1
7 3688	3 3475	1	1
7 3689	3 4800	1	1
7 3689	6 3819	1	1
7 3689	2 1656	1	1
7 3689	0 4574	1	1
7 3689	5 1285	1	1
7 3689	2 4525	1	1
7 3690	5 3063	1	1
7 3690	3 3385	1	1
7 3690	5 2522	1	1
7 3690	2 1164	1	1
7 3690	6 1391	1	1
7 3690	1 1582	1	1
7 3691	6 2239	1	1
7 3691	6 4247	1	1
7 3691	5 2616	1	1
7 3691	0 3766	1	1
7 3691	1 105	1	1
7 3691	1 4666	1	1
7 3692	3 2534	1	1
7 3692	3 4010	1	1
7 3692	0 1771	1	1
7 3692	6 1521	1	1
7 3692	5 747	1	1
7 3692	0 3535	1	1
7 3693	7 2281	1	1
7 3693	3 2051	1	1
7 3693	2 2545	1	1
7 3693	1 3552	1	1
7 3693	0 2479	1	1
7 3693	0 1766	1	1
7 3694	7 3166	1	1
7 3694	5 270	1	1
7 3694	3 2633	1	1
7 3694	4 3450	1	1
7 3694	2 4308	1	1
7 3694	5 1594	1	1
7 3695	4 4289	1	1
7 3695	5 367	1	1
7 3695	6 2161	1	1
7 3695	2 3428	1	1
7 3695	5 2706	1	1
7 3695	4 2905	1	1
7 3696	7 1490	1	1
7 3696	3 228	1	1
7 3696	5 63	1	1
7 3696	5 1278	1	1
7 3696	6 3018	1	1
7 3696	0 306	1	1
7 3697	1 603	1	1
7 3697	4 2084	1	1
7 3697	4 2612	1	1
7 3697	5 620	1	1
7 3697	4 810	1	1
7 3697	0 652	1	1
7 3698	4 2604	1	1
7 3698	1 4125	1	1
7 3698	5 2870	1	1
7 3698	5 1503	1	1
7 3698	0 4805	1	1
7 3698	1 1287	1	1
7 3699	7 3882	1	1
7 3699	5 3504	1	1
7 3699	0 290	1	1
7 3699	4 2054	1	1
7 3699	1 2181	1	1
7 3699	5 3036	1	1
7 3700	7 4255	1	1
7 3700	7 3537	1	1
7 3700	3 313	1	1
7 3700	6 2280	1	1
7 3700	0 543	1	1
7 3700	4 485	1	1
7 3701	5 1249	1	1
7 3701	6 1480	1	1
7 3701	3 2005	1	1
7 3701	2 841	1	1
7 3701	1 4290	1	1
7 3701	5 2975	1	1
7 3702	7 2717	1	1
7 3702	5 4879	1	1
7 3702	2 4138	1	1
7 3702	4 1057	1	1
7 3702	6 1297	1	1
7 3702	3 577	1	1
7 3703	4 2490	1	1
7 3703	3 4330	1	1
7 3703	3 1246	1	1
7 3703	2 2346	1	1
7 3703	2 3622	1	1
7 3703	6 3147	1	1
7 3704	7 3213	1	1
7 3704	6 551	1	1
7 3704	1 789	1	1
7 3704	0 4013	1	1
7 3704	6 1717	1	1
7 3704	3 4211	1	1
7 3705	7 14	1	1
7 3705	7 3723	1	1
7 3705	1 392	1	1
7 3705	4 4119	1	1
7 3705	2 1340	1	1
7 3705	6 1881	1	1
7 3706	3 2857	1	1
7 3706	2 1222	1	1
7 3706	1 279	1	1
7 3706	0 3297	1	1
7 3706	5 703	1	1
7 3706	1 614	1	1
7 3707	7 2465	1	1
7 3707	0 4269	1	1
7 3707	0 4273	1	1
7 3707	6 2243	1	1
7 3707	4 1049	1	1
7 3707	2 3945	1	1
7 3708	7 3406	1	1
7 3708	3 3488	1	1
7 3708	6 2666	1	1
7 3708	3 2806	1	1
7 3708	5 3648	1	1
7 3708	6 3373	1	1
7 3709	5 36	1	1
7 3709	3 1768	1	1
7 3709	4 2719	1	1
7 3709	0 2919	1	1
7 3709	3 2090	1	1
7 3709	3 4427	1	1
7 3710	7 1469	1	1
7 3710	2 3747	1	1
7 3710	3 997	1	1
7 3710	2 4764	1	1
7 3710	2 947	1	1
7 3710	4 4133	1	1
7 3711	4 4878	1	1
7 3711	0 1082	1	1
7 3711	6 124	1	1
7 3711	0 2925	1	1
7 3711	1 4834	1	1
7 3711	4 3903	1	1
7 3712	3 2190	1	1
7 3712	3 2296	1	1
7 3712	3 3100	1	1
7 3712	1 4271	1	1
7 3712	6 4586	1	1
7 3712	6 2550	1	1
7 3713	7 289	1	1
7 3713	3 4707	1	1
7 3713	4 3062	1	1
7 3713	3 2587	1	1
7 3713	4 36	1	1
7 3713	3 851	1	1
7 3714	7 4686	1	1
7 3714	2 2259	1	1
7 3714	3 4288	1	1
7 3714	2 199	1	1
7 3714	2 4647	1	1
7 3714	5 3240	1	1
7 3715	7 3474	1	1
7 3715	3 1230	1	1
7 3715	5 1834	1	1
7 3715	2 2146	1	1
7 3715	0 611	1	1
7 3715	1 3629	1	1
7 3716	2 3355	1	1
7 3716	5 2093	1	1
7 3716	3 663	1	1
7 3716	0 332	1	1
7 3716	6 496	1	1
7 3716	0 2562	1	1
7 3717	0 3429	1	1
7 3717	2 2648	1	1
7 3717	0 4199	1	1
7 3717	6 3585	1	1
7 3717	3 4598	1	1
7 3717	5 1056	1	1
7 3718	7 4211	1	1
7 3718	3 2895	1	1
7 3718	5 2497	1	1
7 3718	0 2047	1	1
7 3718	3 3155	1	1
7 3718	2 2270	1	1
7 3719	7 2711	1	1
7 3719	4 731	1	1
7 3719	3 1778	1	1
7 3719	6 4666	1	1
7 3719	4 173	1	1
7 3719	5 696	1	1
7 3720	7 2253	1	1
7 3720	7 4048	1	1
7 3720	7 3263	1	1
7 3720	2 1691	1	1
7 3720	3 1940	1	1
7 3720	4 2749	1	1
7 3721	7 1755	1	1
7 3721	7 558	1	1
7 3721	0 1534	1	1
7 3721	5 4302	1	1
7 3721	0 3825	1	1
7 3721	4 2239	1	1
7 3722	4 3729	1	1
7 3722	6 3862	1	1
7 3722	6 1579	1	1
7 3722	4 3765	1	1
7 3722	4 3832	1	1
7 3722	0 1091	1	1
7 3723	7 2777	1	1
7 3723	2 1089	1	1
7 3723	2 3203	1	1
7 3723	0 2964	1	1
7 3723	4 4779	1	1
7 3723	2 2106	1	1
7 3724	3 1479	1	1
7 3724	3 3695	1	1
7 3724	5 624	1	1
7 3724	3 1775	1	1
7 3724	1 3534	1	1
7 3724	4 697	1	1
7 3725	4 58	1	1
7 3725	4 1909	1	1
7 3725	6 2280	1	1
7 3725	2 4769	1	1
7 3725	1 601	1	1
7 3725	4 923	1	1
7 3726	3 4487	1	1
7 3726	5 751	1	1
7 3726	4 284	1	1
7 3726	3 4794	1	1
7 3726	3 3940	1	1
7 3726	0 363	1	1
7 3727	7 1326	1	1
7 3727	2 340	1	1
7 3727	1 4571	1	1
7 3727	3 2423	1	1
7 3727	3 2181	1	1
7 3727	4 4894	1	1
7 3728	7 85	1	1
7 3728	2 1281	1	1
7 3728	0 1980	1	1
7 3728	5 2572	1	1
7 3728	2 3525	1	1
7 3728	4 4703	1	1
7 3729	5 1709	1	1
7 3729	6 3293	1	1
7 3729	5 1912	1	1
7 3729	4 820	1	1
7 3729	1 2185	1	1
7 3729	3 1798	1	1
7 3730	6 1528	1	1
7 3730	1 2192	1	1
7 3730	0 884	1	1
7 3730	4 4946	1	1
7 3730	0 3450	1	1
7 3730	5 4529	1	1
7 3731	7 1535	1	1
7 3731	4 3934	1	1
7 3731	0 4620	1	1
7 3731	0 4898	1	1
7 3731	4 760	1	1
7 3731	3 2929	1	1
7 3732	7 1838	1	1
7 3732	7 13	1	1
7 3732	3 522	1	1
7 3732	4 586	1	1
7 3732	6 3661	1	1
7 3732	5 3844	1	1
7 3733	7 2645	1	1
7 3733	0 2803	1	1
7 3733	0 2903	1	1
7 3733	5 1338	1	1
7 3733	3 3026	1	1
7 3733	3 4749	1	1
7 3734	2 2906	1	1
7 3734	5 3025	1	1
7 3734	2 3288	1	1
7 3734	1 4965	1	1
7 3734	4 1970	1	1
7 3734	1 1865	1	1
7 3735	7 2709	1	1
7 3735	2 4338	1	1
7 3735	2 4274	1	1
7 3735	3 465	1	1
7 3735	1 386	1	1
7 3735	0 4170	1	1
7 3736	7 3806	1	1
7 3736	5 732	1	1
7 3736	4 3356	1	1
7 3736	5 52	1	1
7 3736	2 2674	1	1
7 3736	0 1070	1	1
7 3737	7 1654	1	1
7 3737	1 684	1	1
7 3737	6 4280	1	1
7 3737	4 245	1	1
7 3737	0 1168	1	1
7 3737	5 3387	1	1
7 3738	7 4255	1	1
7 3738	1 646	1	1
7 3738	4 4844	1	1
7 3738	5 2647	1	1
7 3738	5 2232	1	1
7 3738	0 3466	1	1
7 3739	5 161	1	1
7 3739	4 746	1	1
7 3739	2 177	1	1
7 3739	5 4021	1	1
7 3739	2 4908	1	1
7 3739	1 1958	1	1
7 3740	5 622	1	1
7 3740	3 1174	1	1
7 3740	5 2644	1	1
7 3740	6 3370	1	1
7 3740	2 3754	1	1
7 3740	1 3303	1	1
7 3741	7 3999	1	1
7 3741	7 4782	1	1
7 3741	6 2645	1	1
7 3741	5 392	1	1
7 3741	4 3589	1	1
7 3741	1 1673	1	1
7 3742	6 4459	1	1
7 3742	0 2185	1	1
7 3742	6 561	1	1
7 3742	2 2638	1	1
7 3742	5 4731	1	1
7 3742	3 2581	1	1
7 3743	7 4402	1	1
7 3743	0 1410	1	1
7 3743	2 2881	1	1
7 3743	6 1622	1	1
7 3743	5 2813	1	1
7 3743	4 375	1	1
7 3744	7 4152	1	1
7 3744	7 637	1	1
7 3744	6 385	1	1
7 3744	6 4965	1	1
7 3744	0 3945	1	1
7 3744	5 3618	1	1
7 3745	4 3547	1	1
7 3745	3 198	1	1
7 3745	1 3446	1	1
7 3745	3 69	1	1
7 3745	6 632	1	1
7 3745	6 492	1	1
7 3746	7 1514	1	1
7 3746	5 867	1	1
7 3746	6 2577	1	1
7 3746	6 1326	1	1
7 3746	3 3338	1	1
7 3746	3 4124	1	1
7 3747	4 1754	1	1
7 3747	0 3745	1	1
7 3747	2 656	1	1
7 3747	1 122	1	1
7 3747	3 4758	1	1
7 3747	4 1974	1	1
7 3748	7 4172	1	1
7 3748	3 26	1	1
7 3748	6 2661	1	1
7 3748	5 907	1	1
7 3748	6 1080	1	1
7 3748	2 1988	1	1
7 3749	7 4196	1	1
7 3749	4 1707	1	1
7 3749	4 1513	1	1
7 3749	3 453	1	1
7 3749	5 658	1	1
7 3749	2 253	1	1
7 3750	7 3232	1	1
7 3750	2 1571	1	1
7 3750	3 4289	1	1
7 3750	2 2669	1	1
7 3750	0 4976	1	1
7 3750	6 1270	1	1
7 3751	7 2844	1	1
7 3751	7 1962	1	1
7 3751	0 2504	1	1
7 3751	6 2141	1	1
7 3751	6 1989	1	1
7 3751	0 584	1	1
7 3752	0 2111	1	1
7 3752	1 1768	1	1
7 3752	5 3576	1	1
7 3752	3 3357	1	1
7 3752	1 2056	1	1
7 3752	4 2635	1	1
7 3753	5 3667	1	1
7 3753	4 2114	1	1
7 3753	5 415	1	1
7 3753	4 1598	1	1
7 3753	1 189	1	1
7 3753	5 4382	1	1
7 3754	7 1546	1	1
7 3754	5 3715	1	1
7 3754	4 3220	1	1
7 3754	4 1918	1	1
7 3754	1 1088	1	1
7 3754	2 1978	1	1
7 3755	4 3504	1	1
7 3755	6 4510	1	1
7 3755	5 4498	1	1
7 3755	2 1709	1	1
7 3755	6 1095	1	1
7 3755	4 278	1	1
7 3756	7 4756	1	1
7 3756	3 3948	1	1
7 3756	6 3465	1	1
7 3756	6 3611	1	1
7 3756	5 4482	1	1
7 3756	2 2878	1	1
7 3757	7 3785	1	1
7 3757	2 3384	1	1
7 3757	2 2200	1	1
7 3757	5 2898	1	1
7 3757	0 3318	1	1
7 3757	2 598	1	1
7 3758	6 3562	1	1
7 3758	4 3560	1	1
7 3758	3 1683	1	1
7 3758	2 1956	1	1
7 3758	3 501	1	1
7 3758	6 4567	1	1
7 3759	7 3948	1	1
7 3759	6 706	1	1
7 3759	1 257	1	1
7 3759	2 3417	1	1
7 3759	3 3635	1	1
7 3759	4 3798	1	1
7 3760	1 1986	1	1
7 3760	0 3049	1	1
7 3760	5 3632	1	1
7 3760	1 2096	1	1
7 3760	4 1712	1	1
7 3760	0 3157	1	1
7 3761	0 4719	1	1
7 3761	6 1080	1	1
7 3761	6 4558	1	1
7 3761	6 4185	1	1
7 3761	6 3018	1	1
7 3761	2 1099	1	1
7 3762	5 2922	1	1
7 3762	1 536	1	1
7 3762	5 2841	1	1
7 3762	4 1651	1	1
7 3762	0 2929	1	1
7 3762	2 4217	1	1
7 3763	7 3099	1	1
7 3763	3 3714	1	1
7 3763	6 1779	1	1
7 3763	0 1480	1	1
7 3763	2 4742	1	1
7 3763	1 4913	1	1
7 3764	7 4818	1	1
7 3764	3 3072	1	1
7 3764	4 4674	1	1
7 3764	1 1303	1	1
7 3764	5 4925	1	1
7 3764	0 2743	1	1
7 3765	2 2644	1	1
7 3765	2 412	1	1
7 3765	1 1744	1	1
7 3765	4 2871	1	1
7 3765	2 951	1	1
7 3765	6 1397	1	1
7 3766	2 300	1	1
7 3766	0 158	1	1
7 3766	5 2299	1	1
7 3766	0 292	1	1
7 3766	2 1855	1	1
7 3766	6 2310	1	1
7 3767	7 1326	1	1
7 3767	4 2093	1	1
7 3767	1 3546	1	1
7 3767	1 777	1	1
7 3767	3 4701	1	1
7 3767	0 3864	1	1
7 3768	2 4613	1	1
7 3768	4 2052	1	1
7 3768	2 3171	1	1
7 3768	2 399	1	1
7 3768	0 2207	1	1
7 3768	5 765	1	1
7 3769	7 4182	1	1
7 3769	7 1306	1	1
7 3769	2 110	1	1
7 3769	4 3110	1	1
7 3769	2 2099	1	1
7 3769	5 4372	1	1
7 3770	7 2921	1	1
7 3770	3 1206	1	1
7 3770	2 3755	1	1
7 3770	1 1538	1	1
7 3770	0 3846	1	1
7 3770	1 4550	1	1
7 3771	7 1364	1	1
7 3771	0 232	1	1
7 3771	0 4407	1	1
7 3771	6 1548	1	1
7 3771	1 2968	1	1
7 3771	4 2043	1	1
7 3772	4 1677	1	1
7 3772	4 2944	1	1
7 3772	2 523	1	1
7 3772	1 3116	1	1
7 3772	4 3297	1	1
7 3772	1 2012	1	1
7 3773	2 1446	1	1
7 3773	5 4147	1	1
7 3773	5 2070	1	1
7 3773	1 2690	1	1
7 3773	2 2361	1	1
7 3773	0 3674	1	1
7 3774	7 2955	1	1
7 3774	7 1769	1	1
7 3774	1 1280	1	1
7 3774	4 2255	1	1
7 3774	6 1391	1	1
7 3774	1 2817	1	1
7 3775	7 390	1	1
7 3775	0 99	1	1
7 3775	5 561	1	1
7 3775	2 2372	1	1
7 3775	3 4353	1	1
7 3775	6 4602	1	1
7 3776	7 2845	1	1
7 3776	0 343	1	1
7 3776	1 4911	1	1
7 3776	5 3568	1	1
7 3776	1 636	1	1
7 3776	2 1335	1	1
7 3777	7 1114	1	1
7 3777	0 1949	1	1
7 3777	1 1551	1	1
7 3777	6 2198	1	1
7 3777	2 2317	1	1
7 3777	0 4834	1	1
7 3778	4 1021	1	1
7 3778	3 3014	1	1
7 3778	6 4830	1	1
7 3778	3 1525	1	1
7 3778	4 3516	1	1
7 3778	2 3256	1	1
7 3779	7 601	1	1
7 3779	0 1911	1	1
7 3779	1 2097	1	1
7 3779	2 819	1	1
7 3779	6 2797	1	1
7 3779	6 4708	1	1
7 3780	2 4916	1	1
7 3780	4 153	1	1
7 3780	3 4028	1	1
7 3780	1 4739	1	1
7 3780	4 3064	1	1
7 3780	3 1224	1	1
7 3781	7 367	1	1
7 3781	7 4892	1	1
7 3781	7 4019	1	1
7 3781	5 1348	1	1
7 3781	6 2518	1	1
7 3781	1 1686	1	1
7 3782	7 2785	1	1
7 3782	7 2502	1	1
7 3782	7 1036	1	1
7 3782	4 1889	1	1
7 3782	1 1832	1	1
7 3782	5 4937	1	1
7 3783	6 16	1	1
7 3783	0 4834	1	1
7 3783	2 3470	1	1
7 3783	4 3100	1	1
7 3783	6 1411	1	1
7 3783	4 4093	1	1
7 3784	1 4888	1	1
7 3784	1 987	1	1
7 3784	2 3838	1	1
7 3784	0 976	1	1
7 3784	1 2915	1	1
7 3784	6 4551	1	1
7 3785	7 2672	1	1
7 3785	4 3731	1	1
7 3785	6 4506	1	1
7 3785	2 85	1	1
7 3785	1 3164	1	1
7 3785	5 1665	1	1
7 3786	7 2229	1	1
7 3786	3 2752	1	1
7 3786	2 4468	1	1
7 3786	5 2201	1	1
7 3786	0 2436	1	1
7 3786	3 1324	1	1
7 3787	0 2929	1	1
7 3787	6 3721	1	1
7 3787	3 1471	1	1
7 3787	6 2922	1	1
7 3787	3 666	1	1
7 3787	6 1357	1	1
7 3788	7 2109	1	1
7 3788	7 31	1	1
7 3788	5 1190	1	1
7 3788	5 2016	1	1
7 3788	6 2803	1	1
7 3788	1 925	1	1
7 3789	1 3403	1	1
7 3789	1 2237	1	1
7 3789	1 238	1	1
7 3789	0 4150	1	1
7 3789	0 2883	1	1
7 3789	1 3360	1	1
7 3790	7 4243	1	1
7 3790	1 4109	1	1
7 3790	0 2792	1	1
7 3790	6 3775	1	1
7 3790	0 2457	1	1
7 3790	0 2274	1	1
7 3791	3 3439	1	1
7 3791	0 3681	1	1
7 3791	0 2010	1	1
7 3791	5 2655	1	1
7 3791	0 1464	1	1
7 3791	0 2412	1	1
7 3792	7 355	1	1
7 3792	0 4824	1	1
7 3792	3 3276	1	1
7 3792	0 4393	1	1
7 3792	2 3780	1	1
7 3792	3 2621	1	1
7 3793	2 4164	1	1
7 3793	5 2600	1	1
7 3793	1 4210	1	1
7 3793	2 3628	1	1
7 3793	3 4640	1	1
7 3793	1 1146	1	1
7 3794	7 2198	1	1
7 3794	7 3490	1	1
7 3794	6 607	1	1
7 3794	3 1228	1	1
7 3794	4 4882	1	1
7 3794	2 3807	1	1
7 3795	7 2895	1	1
7 3795	0 599	1	1
7 3795	3 475	1	1
7 3795	1 3484	1	1
7 3795	4 609	1	1
7 3795	2 2981	1	1
7 3796	7 1000	1	1
7 3796	7 2530	1	1
7 3796	2 214	1	1
7 3796	0 4833	1	1
7 3796	6 4443	1	1
7 3796	2 1101	1	1
7 3797	7 1662	1	1
7 3797	1 4153	1	1
7 3797	2 1411	1	1
7 3797	6 449	1	1
7 3797	6 3556	1	1
7 3797	3 1051	1	1
7 3798	6 2719	1	1
7 3798	5 1391	1	1
7 3798	5 2820	1	1
7 3798	4 248	1	1
7 3798	5 3572	1	1
7 3798	5 4916	1	1
7 3799	7 1974	1	1
7 3799	0 862	1	1
7 3799	3 550	1	1
7 3799	4 4544	1	1
7 3799	5 2350	1	1
7 3799	4 900	1	1
7 3800	7 1921	1	1
7 3800	7 1649	1	1
7 3800	7 4468	1	1
7 3800	0 74	1	1
7 3800	6 4953	1	1
7 3800	6 104	1	1
7 3801	7 2990	1	1
7 3801	6 20	1	1
7 3801	2 4838	1	1
7 3801	6 2220	1	1
7 3801	2 413	1	1
7 3801	0 2024	1	1
7 3802	7 2192	1	1
7 3802	7 2431	1	1
7 3802	7 1930	1	1
7 3802	4 2726	1	1
7 3802	0 452	1	1
7 3802	1 1570	1	1
7 3803	7 2593	1	1
7 3803	7 1222	1	1
7 3803	1 1530	1	1
7 3803	0 695	1	1
7 3803	5 2881	1	1
7 3803	0 2663	1	1
7 3804	7 4629	1	1
7 3804	0 954	1	1
7 3804	2 2527	1	1
7 3804	5 1937	1	1
7 3804	3 3847	1	1
7 3804	6 1624	1	1
7 3805	6 2445	1	1
7 3805	1 588	1	1
7 3805	3 1448	1	1
7 3805	5 2484	1	1
7 3805	6 1799	1	1
7 3805	2 4329	1	1
7 3806	7 536	1	1
7 3806	6 4827	1	1
7 3806	1 4582	1	1
7 3806	5 3496	1	1
7 3806	4 236	1	1
7 3806	3 3649	1	1
7 3807	7 4996	1	1
7 3807	0 3716	1	1
7 3807	4 3342	1	1
7 3807	4 4032	1	1
7 3807	6 3720	1	1
7 3807	3 691	1	1
7 3808	7 2559	1	1
7 3808	6 933	1	1
7 3808	6 1164	1	1
7 3808	0 4740	1	1
7 3808	2 3444	1	1
7 3808	4 1716	1	1
7 3809	1 3492	1	1
7 3809	3 445	1	1
7 3809	1 4845	1	1
7 3809	2 582	1	1
7 3809	0 1027	1	1
7 3809	4 427	1	1
7 3810	7 63	1	1
7 3810	0 509	1	1
7 3810	3 1517	1	1
7 3810	2 815	1	1
7 3810	5 2691	1	1
7 3810	5 1375	1	1
7 3811	7 991	1	1
7 3811	3 2546	1	1
7 3811	4 107	1	1
7 3811	1 2018	1	1
7 3811	6 1037	1	1
7 3811	1 3977	1	1
7 3812	7 2736	1	1
7 3812	7 2569	1	1
7 3812	6 1954	1	1
7 3812	2 2315	1	1
7 3812	4 3741	1	1
7 3812	0 4367	1	1
7 3813	7 416	1	1
7 3813	7 4469	1	1
7 3813	5 749	1	1
7 3813	5 4365	1	1
7 3813	5 355	1	1
7 3813	3 4014	1	1
7 3814	7 197	1	1
7 3814	2 2995	1	1
7 3814	5 2064	1	1
7 3814	0 3815	1	1
7 3814	5 795	1	1
7 3814	4 3613	1	1
7 3815	7 4090	1	1
7 3815	7 1060	1	1
7 3815	7 3574	1	1
7 3815	5 625	1	1
7 3815	1 2680	1	1
7 3815	1 1349	1	1
7 3816	7 4268	1	1
7 3816	5 1023	1	1
7 3816	0 3076	1	1
7 3816	1 3094	1	1
7 3816	3 4273	1	1
7 3816	2 3153	1	1
7 3817	7 334	1	1
7 3817	7 4897	1	1
7 3817	2 2232	1	1
7 3817	4 4306	1	1
7 3817	4 2843	1	1
7 3817	3 4121	1	1
7 3818	7 2594	1	1
7 3818	0 2758	1	1
7 3818	2 1992	1	1
7 3818	1 317	1	1
7 3818	5 4935	1	1
7 3818	6 2057	1	1
7 3819	0 3656	1	1
7 3819	2 52	1	1
7 3819	0 358	1	1
7 3819	4 2165	1	1
7 3819	3 1609	1	1
7 3819	2 353	1	1
7 3820	7 2954	1	1
7 3820	1 138	1	1
7 3820	2 3125	1	1
7 3820	6 3799	1	1
7 3820	3 3392	1	1
7 3820	6 4224	1	1
7 3821	3 2681	1	1
7 3821	3 2775	1	1
7 3821	2 4126	1	1
7 3821	1 3445	1	1
7 3821	5 949	1	1
7 3821	6 1293	1	1
7 3822	7 1141	1	1
7 3822	0 4188	1	1
7 3822	2 4114	1	1
7 3822	1 1647	1	1
7 3822	3 3944	1	1
7 3822	4 694	1	1
7 3823	7 1470	1	1
7 3823	6 4730	1	1
7 3823	0 4373	1	1
7 3823	5 3901	1	1
7 3823	0 1110	1	1
7 3823	2 1721	1	1
7 3824	7 3529	1	1
7 3824	1 1416	1	1
7 3824	0 2624	1	1
7 3824	0 2604	1	1
7 3824	0 2976	1	1
7 3824	5 3025	1	1
7 3825	3 1895	1	1
7 3825	1 4394	1	1
7 3825	5 115	1	1
7 3825	0 1348	1	1
7 3825	2 3624	1	1
7 3825	5 3701	1	1
7 3826	0 2953	1	1
7 3826	0 691	1	1
7 3826	0 1855	1	1
7 3826	6 3776	1	1
7 3826	1 2013	1	1
7 3826	6 4002	1	1
7 3827	2 726	1	1
7 3827	0 1653	1	1
7 3827	3 4518	1	1
7 3827	4 152	1	1
7 3827	1 3745	1	1
7 3827	4 2681	1	1
7 3828	2 3099	1	1
7 3828	5 4178	1	1
7 3828	4 609	1	1
7 3828	4 602	1	1
7 3828	2 2059	1	1
7 3828	2 4892	1	1
7 3829	4 634	1	1
7 3829	4 3834	1	1
7 3829	2 973	1	1
7 3829	4 2701	1	1
7 3829	4 4398	1	1
7 3829	0 4275	1	1
7 3830	4 1128	1	1
7 3830	1 2542	1	1
7 3830	0 1932	1	1
7 3830	1 4230	1	1
7 3830	5 105	1	1
7 3830	5 3975	1	1
7 3831	7 2354	1	1
7 3831	2 2216	1	1
7 3831	2 4875	1	1
7 3831	5 4069	1	1
7 3831	6 600	1	1
7 3831	6 2820	1	1
7 3832	7 4287	1	1
7 3832	7 661	1	1
7 3832	7 1045	1	1
7 3832	0 4031	1	1
7 3832	1 3348	1	1
7 3832	4 1402	1	1
7 3833	7 621	1	1
7 3833	4 2534	1	1
7 3833	6 3888	1	1
7 3833	0 2959	1	1
7 3833	0 3962	1	1
7 3833	5 4455	1	1
7 3834	7 3346	1	1
7 3834	0 3990	1	1
7 3834	3 4615	1	1
7 3834	2 580	1	1
7 3834	2 2235	1	1
7 3834	2 4651	1	1
7 3835	7 3349	1	1
7 3835	2 2899	1	1
7 3835	1 55	1	1
7 3835	4 4614	1	1
7 3835	1 2493	1	1
7 3835	5 4594	1	1
7 3836	7 4264	1	1
7 3836	7 4366	1	1
7 3836	7 731	1	1
7 3836	4 3351	1	1
7 3836	6 4735	1	1
7 3836	1 3763	1	1
7 3837	0 2128	1	1
7 3837	4 2534	1	1
7 3837	0 1005	1	1
7 3837	1 4102	1	1
7 3837	5 2828	1	1
7 3837	1 1691	1	1
7 3838	3 2356	1	1
7 3838	4 4441	1	1
7 3838	0 3920	1	1
7 3838	6 3149	1	1
7 3838	5 3532	1	1
7 3838	6 3035	1	1
7 3839	7 2859	1	1
7 3839	3 3552	1	1
7 3839	6 1299	1	1
7 3839	4 641	1	1
7 3839	0 1854	1	1
7 3839	6 4195	1	1
7 3840	7 2214	1	1
7 3840	3 4422	1	1
7 3840	6 2654	1	1
7 3840	3 74	1	1
7 3840	3 730	1	1
7 3840	4 633	1	1
7 3841	7 3258	1	1
7 3841	6 1520	1	1
7 3841	2 4665	1	1
7 3841	4 1713	1	1
7 3841	4 759	1	1
7 3841	4 2260	1	1
7 3842	7 1150	1	1
7 3842	1 4494	1	1
7 3842	2 2818	1	1
7 3842	3 3706	1	1
7 3842	1 4205	1	1
7 3842	1 4109	1	1
7 3843	0 1634	1	1
7 3843	2 3547	1	1
7 3843	4 4104	1	1
7 3843	3 3129	1	1
7 3843	6 1273	1	1
7 3843	5 3556	1	1
7 3844	3 4404	1	1
7 3844	4 3287	1	1
7 3844	3 2287	1	1
7 3844	0 1408	1	1
7 3844	2 1653	1	1
7 3844	3 899	1	1
7 3845	7 2611	1	1
7 3845	7 2135	1	1
7 3845	7 1653	1	1
7 3845	0 1442	1	1
7 3845	4 33	1	1
7 3845	1 3996	1	1
7 3846	2 3966	1	1
7 3846	4 1849	1	1
7 3846	3 2302	1	1
7 3846	3 4305	1	1
7 3846	5 3340	1	1
7 3846	5 152	1	1
7 3847	7 3553	1	1
7 3847	5 4433	1	1
7 3847	4 2479	1	1
7 3847	0 2443	1	1
7 3847	1 4552	1	1
7 3847	2 970	1	1
7 3848	7 533	1	1
7 3848	0 1519	1	1
7 3848	5 1838	1	1
7 3848	3 1291	1	1
7 3848	6 1912	1	1
7 3848	0 4420	1	1
7 3849	2 2754	1	1
7 3849	3 4339	1	1
7 3849	1 4405	1	1
7 3849	4 4308	1	1
7 3849	1 3563	1	1
7 3849	2 4181	1	1
7 3850	7 706	1	1
7 3850	7 3190	1	1
7 3850	5 3269	1	1
7 3850	6 3935	1	1
7 3850	2 1124	1	1
7 3850	0 4955	1	1
7 3851	7 3621	1	1
7 3851	6 2322	1	1
7 3851	5 1142	1	1
7 3851	3 2467	1	1
7 3851	6 4771	1	1
7 3851	4 2847	1	1
7 3852	6 1325	1	1
7 3852	0 2255	1	1
7 3852	5 2837	1	1
7 3852	3 565	1	1
7 3852	3 3153	1	1
7 3852	5 4965	1	1
7 3853	7 3952	1	1
7 3853	2 2710	1	1
7 3853	3 3616	1	1
7 3853	3 2636	1	1
7 3853	5 4781	1	1
7 3853	5 1028	1	1
7 3854	7 3905	1	1
7 3854	6 1327	1	1
7 3854	2 3135	1	1
7 3854	0 947	1	1
7 3854	1 2334	1	1
7 3854	4 863	1	1
7 3855	0 2070	1	1
7 3855	2 1615	1	1
7 3855	6 3366	1	1
7 3855	2 3316	1	1
7 3855	3 4360	1	1
7 3855	0 956	1	1
7 3856	6 2925	1	1
7 3856	4 2089	1	1
7 3856	1 1545	1	1
7 3856	5 1823	1	1
7 3856	4 3974	1	1
7 3856	0 4326	1	1
7 3857	5 1819	1	1
7 3857	5 841	1	1
7 3857	4 4054	1	1
7 3857	3 4360	1	1
7 3857	2 1250	1	1
7 3857	6 996	1	1
7 3858	7 72	1	1
7 3858	3 3608	1	1
7 3858	5 1624	1	1
7 3858	5 4012	1	1
7 3858	3 78	1	1
7 3858	2 1938	1	1
7 3859	0 2451	1	1
7 3859	3 2776	1	1
7 3859	6 2517	1	1
7 3859	2 1206	1	1
7 3859	3 2036	1	1
7 3859	0 2464	1	1
7 3860	7 1092	1	1
7 3860	7 1062	1	1
7 3860	6 1477	1	1
7 3860	1 4559	1	1
7 3860	4 4950	1	1
7 3860	0 445	1	1
7 3861	0 817	1	1
7 3861	3 3603	1	1
7 3861	4 2430	1	1
7 3861	4 593	1	1
7 3861	2 4586	1	1
7 3861	6 3436	1	1
7 3862	7 2482	1	1
7 3862	2 2455	1	1
7 3862	5 2381	1	1
7 3862	2 879	1	1
7 3862	3 4961	1	1
7 3862	6 4051	1	1
7 3863	1 1855	1	1
7 3863	6 1595	1	1
7 3863	5 2114	1	1
7 3863	6 1893	1	1
7 3863	3 4430	1	1
7 3863	1 79	1	1
7 3864	7 3234	1	1
7 3864	7 795	1	1
7 3864	7 4880	1	1
7 3864	5 3982	1	1
7 3864	0 513	1	1
7 3864	6 2775	1	1
7 3865	1 3313	1	1
7 3865	6 982	1	1
7 3865	5 958	1	1
7 3865	6 3404	1	1
7 3865	5 3998	1	1
7 3865	3 3521	1	1
7 3866	1 1860	1	1
7 3866	5 1220	1	1
7 3866	5 3767	1	1
7 3866	0 1532	1	1
7 3866	0 160	1	1
7 3866	1 3671	1	1
7 3867	7 1078	1	1
7 3867	6 2809	1	1
7 3867	1 3666	1	1
7 3867	6 2981	1	1
7 3867	0 1031	1	1
7 3867	0 584	1	1
7 3868	4 25	1	1
7 3868	0 4626	1	1
7 3868	3 3269	1	1
7 3868	3 1372	1	1
7 3868	3 1095	1	1
7 3868	3 571	1	1
7 3869	7 3728	1	1
7 3869	3 1821	1	1
7 3869	4 2397	1	1
7 3869	4 332	1	1
7 3869	5 1078	1	1
7 3869	5 2831	1	1
7 3870	5 1590	1	1
7 3870	0 1607	1	1
7 3870	2 1744	1	1
7 3870	0 2191	1	1
7 3870	5 1100	1	1
7 3870	3 3017	1	1
7 3871	3 1225	1	1
7 3871	2 1083	1	1
7 3871	1 3371	1	1
7 3871	1 4549	1	1
7 3871	6 4738	1	1
7 3871	0 1371	1	1
7 3872	7 2841	1	1
7 3872	2 1377	1	1
7 3872	1 3482	1	1
7 3872	5 3449	1	1
7 3872	4 13	1	1
7 3872	4 1275	1	1
7 3873	7 3397	1	1
7 3873	5 1009	1	1
7 3873	0 2326	1	1
7 3873	4 2798	1	1
7 3873	3 4512	1	1
7 3873	3 345	1	1
7 3874	3 4163	1	1
7 3874	4 3137	1	1
7 3874	6 256	1	1
7 3874	6 261	1	1
7 3874	1 3296	1	1
7 3874	0 2110	1	1
7 3875	5 2978	1	1
7 3875	2 2824	1	1
7 3875	0 406	1	1
7 3875	1 4293	1	1
7 3875	0 1772	1	1
7 3875	4 3136	1	1
7 3876	4 2397	1	1
7 3876	5 2603	1	1
7 3876	6 696	1	1
7 3876	5 4625	1	1
7 3876	5 4863	1	1
7 3876	0 1724	1	1
7 3877	7 1279	1	1
7 3877	4 2149	1	1
7 3877	6 2998	1	1
7 3877	1 4708	1	1
7 3877	2 1085	1	1
7 3877	4 2463	1	1
7 3878	7 2343	1	1
7 3878	3 2219	1	1
7 3878	3 1775	1	1
7 3878	2 1504	1	1
7 3878	1 3191	1	1
7 3878	4 1811	1	1
7 3879	4 3075	1	1
7 3879	6 3227	1	1
7 3879	5 3125	1	1
7 3879	1 4425	1	1
7 3879	2 3722	1	1
7 3879	6 3909	1	1
7 3880	7 4337	1	1
7 3880	7 2205	1	1
7 3880	5 3527	1	1
7 3880	3 866	1	1
7 3880	6 1782	1	1
7 3880	1 1878	1	1
7 3881	7 1779	1	1
7 3881	6 1236	1	1
7 3881	0 4253	1	1
7 3881	5 2359	1	1
7 3881	4 1985	1	1
7 3881	3 2529	1	1
7 3882	4 4706	1	1
7 3882	6 2800	1	1
7 3882	3 1888	1	1
7 3882	4 581	1	1
7 3882	0 4102	1	1
7 3882	3 535	1	1
7 3883	6 485	1	1
7 3883	5 2825	1	1
7 3883	4 2493	1	1
7 3883	3 4153	1	1
7 3883	4 2258	1	1
7 3883	4 2157	1	1
7 3884	7 860	1	1
7 3884	3 4928	1	1
7 3884	6 1187	1	1
7 3884	3 431	1	1
7 3884	6 3591	1	1
7 3884	3 2094	1	1
7 3885	1 4704	1	1
7 3885	4 2224	1	1
7 3885	5 4254	1	1
7 3885	6 3679	1	1
7 3885	4 1857	1	1
7 3885	5 3129	1	1
7 3886	4 1573	1	1
7 3886	5 4210	1	1
7 3886	4 4288	1	1
7 3886	4 49	1	1
7 3886	4 241	1	1
7 3886	1 2317	1	1
7 3887	7 2224	1	1
7 3887	2 3874	1	1
7 3887	4 4190	1	1
7 3887	5 2840	1	1
7 3887	3 4234	1	1
7 3887	5 3149	1	1
7 3888	3 4434	1	1
7 3888	6 1438	1	1
7 3888	0 4139	1	1
7 3888	2 1024	1	1
7 3888	1 4899	1	1
7 3888	2 152	1	1
7 3889	7 4424	1	1
7 3889	5 322	1	1
7 3889	4 2157	1	1
7 3889	2 3411	1	1
7 3889	1 2751	1	1
7 3889	3 4040	1	1
7 3890	2 1227	1	1
7 3890	3 4548	1	1
7 3890	3 1314	1	1
7 3890	3 49	1	1
7 3890	3 4064	1	1
7 3890	6 4197	1	1
7 3891	7 72	1	1
7 3891	0 2535	1	1
7 3891	4 2695	1	1
7 3891	3 3634	1	1
7 3891	1 1228	1	1
7 3891	2 1725	1	1
7 3892	7 2969	1	1
7 3892	4 3628	1	1
7 3892	4 2166	1	1
7 3892	2 28	1	1
7 3892	1 4165	1	1
7 3892	1 2243	1	1
7 3893	2 4316	1	1
7 3893	5 1644	1	1
7 3893	3 3644	1	1
7 3893	1 1780	1	1
7 3893	4 3976	1	1
7 3893	5 361	1	1
7 3894	7 4234	1	1
7 3894	4 1426	1	1
7 3894	0 2330	1	1
7 3894	4 304	1	1
7 3894	1 292	1	1
7 3894	1 1091	1	1
7 3895	6 4685	1	1
7 3895	3 1379	1	1
7 3895	2 1203	1	1
7 3895	2 2033	1	1
7 3895	6 2773	1	1
7 3895	4 3795	1	1
7 3896	7 1651	1	1
7 3896	3 4882	1	1
7 3896	4 1791	1	1
7 3896	4 4295	1	1
7 3896	0 875	1	1
7 3896	4 4263	1	1
7 3897	3 2774	1	1
7 3897	1 2191	1	1
7 3897	2 2032	1	1
7 3897	5 4642	1	1
7 3897	3 3144	1	1
7 3897	0 3073	1	1
7 3898	7 3035	1	1
7 3898	4 4424	1	1
7 3898	6 2843	1	1
7 3898	4 4908	1	1
7 3898	6 3078	1	1
7 3898	4 4832	1	1
7 3899	7 825	1	1
7 3899	5 1479	1	1
7 3899	2 2348	1	1
7 3899	3 203	1	1
7 3899	5 2995	1	1
7 3899	4 3147	1	1
7 3900	7 3468	1	1
7 3900	1 1476	1	1
7 3900	5 4978	1	1
7 3900	0 2879	1	1
7 3900	6 4491	1	1
7 3900	3 2718	1	1
7 3901	7 2385	1	1
7 3901	0 465	1	1
7 3901	1 507	1	1
7 3901	3 1745	1	1
7 3901	1 3186	1	1
7 3901	1 2657	1	1
7 3902	0 3010	1	1
7 3902	5 2039	1	1
7 3902	3 3385	1	1
7 3902	2 1336	1	1
7 3902	5 147	1	1
7 3902	5 392	1	1
7 3903	7 2527	1	1
7 3903	6 2641	1	1
7 3903	1 4221	1	1
7 3903	3 516	1	1
7 3903	4 2427	1	1
7 3903	2 2078	1	1
7 3904	6 2542	1	1
7 3904	3 4470	1	1
7 3904	2 1488	1	1
7 3904	2 52	1	1
7 3904	5 4133	1	1
7 3904	6 1456	1	1
7 3905	0 4592	1	1
7 3905	1 1330	1	1
7 3905	0 1738	1	1
7 3905	5 1923	1	1
7 3905	3 2820	1	1
7 3905	1 4838	1	1
7 3906	5 3581	1	1
7 3906	5 4510	1	1
7 3906	6 3701	1	1
7 3906	4 1471	1	1
7 3906	5 1216	1	1
7 3906	4 1058	1	1
7 3907	0 3159	1	1
7 3907	4 1985	1	1
7 3907	1 3902	1	1
7 3907	3 1466	1	1
7 3907	0 3449	1	1
7 3907	2 2286	1	1
7 3908	7 3778	1	1
7 3908	3 2183	1	1
7 3908	0 2870	1	1
7 3908	1 3029	1	1
7 3908	6 439	1	1
7 3908	0 2101	1	1
7 3909	4 1506	1	1
7 3909	3 219	1	1
7 3909	6 4756	1	1
7 3909	6 4242	1	1
7 3909	4 3013	1	1
7 3909	6 2093	1	1
7 3910	0 1608	1	1
7 3910	5 397	1	1
7 3910	3 2684	1	1
7 3910	1 3495	1	1
7 3910	2 38	1	1
7 3910	5 1138	1	1
7 3911	7 4467	1	1
7 3911	7 768	1	1
7 3911	1 2811	1	1
7 3911	1 2451	1	1
7 3911	1 3107	1	1
7 3911	3 815	1	1
7 3912	7 1691	1	1
7 3912	7 2579	1	1
7 3912	7 880	1	1
7 3912	2 663	1	1
7 3912	5 3180	1	1
7 3912	4 4958	1	1
7 3913	7 2253	1	1
7 3913	7 873	1	1
7 3913	2 2173	1	1
7 3913	0 4757	1	1
7 3913	4 1673	1	1
7 3913	4 2569	1	1
7 3914	1 1612	1	1
7 3914	3 2317	1	1
7 3914	2 1788	1	1
7 3914	2 2962	1	1
7 3914	0 2769	1	1
7 3914	2 938	1	1
7 3915	7 4429	1	1
7 3915	0 4395	1	1
7 3915	5 2070	1	1
7 3915	0 2779	1	1
7 3915	3 468	1	1
7 3915	4 4868	1	1
7 3916	1 707	1	1
7 3916	5 3250	1	1
7 3916	0 4893	1	1
7 3916	4 2555	1	1
7 3916	6 986	1	1
7 3916	3 163	1	1
7 3917	5 543	1	1
7 3917	2 96	1	1
7 3917	6 3318	1	1
7 3917	3 2688	1	1
7 3917	6 1447	1	1
7 3917	3 1575	1	1
7 3918	1 3899	1	1
7 3918	3 4093	1	1
7 3918	2 3552	1	1
7 3918	0 763	1	1
7 3918	3 2817	1	1
7 3918	4 2916	1	1
7 3919	7 1546	1	1
7 3919	7 3261	1	1
7 3919	4 73	1	1
7 3919	2 4596	1	1
7 3919	0 3511	1	1
7 3919	6 1460	1	1
7 3920	0 3082	1	1
7 3920	5 1808	1	1
7 3920	5 4383	1	1
7 3920	5 895	1	1
7 3920	4 2875	1	1
7 3920	0 4468	1	1
7 3921	7 4156	1	1
7 3921	6 519	1	1
7 3921	4 1903	1	1
7 3921	6 411	1	1
7 3921	4 3275	1	1
7 3921	5 3422	1	1
7 3922	7 4719	1	1
7 3922	1 551	1	1
7 3922	2 2040	1	1
7 3922	1 3398	1	1
7 3922	0 1846	1	1
7 3922	5 2011	1	1
7 3923	7 2753	1	1
7 3923	6 1378	1	1
7 3923	6 2701	1	1
7 3923	4 4355	1	1
7 3923	6 2353	1	1
7 3923	6 1262	1	1
7 3924	7 111	1	1
7 3924	7 1968	1	1
7 3924	3 3475	1	1
7 3924	1 304	1	1
7 3924	2 3173	1	1
7 3924	0 2765	1	1
7 3925	7 2034	1	1
7 3925	0 2467	1	1
7 3925	1 766	1	1
7 3925	1 1937	1	1
7 3925	2 3631	1	1
7 3925	5 3229	1	1
7 3926	7 2201	1	1
7 3926	2 2191	1	1
7 3926	5 2104	1	1
7 3926	0 1499	1	1
7 3926	3 1406	1	1
7 3926	4 3820	1	1
7 3927	7 2429	1	1
7 3927	0 2804	1	1
7 3927	2 985	1	1
7 3927	4 2076	1	1
7 3927	3 2030	1	1
7 3927	5 4662	1	1
7 3928	7 112	1	1
7 3928	3 2792	1	1
7 3928	4 372	1	1
7 3928	6 1162	1	1
7 3928	4 4011	1	1
7 3928	6 1012	1	1
7 3929	3 4802	1	1
7 3929	4 2682	1	1
7 3929	5 3665	1	1
7 3929	1 2115	1	1
7 3929	3 2781	1	1
7 3929	2 3847	1	1
7 3930	3 46	1	1
7 3930	5 4752	1	1
7 3930	1 452	1	1
7 3930	2 3346	1	1
7 3930	3 2190	1	1
7 3930	4 775	1	1
7 3931	7 1015	1	1
7 3931	7 4294	1	1
7 3931	7 369	1	1
7 3931	7 914	1	1
7 3931	1 755	1	1
7 3931	5 1304	1	1
7 3932	7 4859	1	1
7 3932	3 81	1	1
7 3932	2 1055	1	1
7 3932	0 2403	1	1
7 3932	6 1597	1	1
7 3932	0 2490	1	1
7 3933	7 4914	1	1
7 3933	6 4056	1	1
7 3933	3 4559	1	1
7 3933	6 451	1	1
7 3933	2 4149	1	1
7 3933	0 4693	1	1
7 3934	7 918	1	1
7 3934	4 1438	1	1
7 3934	6 3565	1	1
7 3934	6 4830	1	1
7 3934	5 1668	1	1
7 3934	0 253	1	1
7 3935	4 2405	1	1
7 3935	6 354	1	1
7 3935	1 4337	1	1
7 3935	3 3257	1	1
7 3935	2 3480	1	1
7 3935	2 4833	1	1
7 3936	7 2791	1	1
7 3936	7 467	1	1
7 3936	6 225	1	1
7 3936	1 2961	1	1
7 3936	3 3071	1	1
7 3936	3 1626	1	1
7 3937	4 2757	1	1
7 3937	6 3669	1	1
7 3937	4 2584	1	1
7 3937	0 4652	1	1
7 3937	5 3818	1	1
7 3937	0 1266	1	1
7 3938	6 2574	1	1
7 3938	1 2921	1	1
7 3938	2 4785	1	1
7 3938	3 4635	1	1
7 3938	4 3576	1	1
7 3938	4 3389	1	1
7 3939	7 1504	1	1
7 3939	2 4473	1	1
7 3939	2 3096	1	1
7 3939	3 4770	1	1
7 3939	2 2997	1	1
7 3939	0 3125	1	1
7 3940	2 2076	1	1
7 3940	2 3951	1	1
7 3940	3 3556	1	1
7 3940	4 213	1	1
7 3940	3 1239	1	1
7 3940	4 4535	1	1
7 3941	7 1910	1	1
7 3941	3 812	1	1
7 3941	2 1638	1	1
7 3941	0 487	1	1
7 3941	0 3026	1	1
7 3941	5 3603	1	1
7 3942	7 3865	1	1
7 3942	3 4151	1	1
7 3942	0 2080	1	1
7 3942	6 2634	1	1
7 3942	6 641	1	1
7 3942	1 4661	1	1
7 3943	2 4521	1	1
7 3943	0 4972	1	1
7 3943	0 4369	1	1
7 3943	5 860	1	1
7 3943	4 1035	1	1
7 3943	5 2736	1	1
7 3944	3 570	1	1
7 3944	0 4890	1	1
7 3944	6 1619	1	1
7 3944	2 1384	1	1
7 3944	0 3567	1	1
7 3944	0 935	1	1
7 3945	7 4227	1	1
7 3945	1 809	1	1
7 3945	6 1768	1	1
7 3945	6 2412	1	1
7 3945	3 2743	1	1
7 3945	6 2260	1	1
7 3946	5 1402	1	1
7 3946	5 1656	1	1
7 3946	4 4320	1	1
7 3946	6 877	1	1
7 3946	0 4844	1	1
7 3946	1 3730	1	1
7 3947	7 1468	1	1
7 3947	6 3095	1	1
7 3947	6 4007	1	1
7 3947	3 2599	1	1
7 3947	1 4648	1	1
7 3947	2 4481	1	1
7 3948	7 4628	1	1
7 3948	7 1113	1	1
7 3948	6 296	1	1
7 3948	1 3100	1	1
7 3948	0 4701	1	1
7 3948	6 3989	1	1
7 3949	7 1651	1	1
7 3949	1 4327	1	1
7 3949	3 1066	1	1
7 3949	3 3092	1	1
7 3949	4 3340	1	1
7 3949	1 3525	1	1
7 3950	7 1975	1	1
7 3950	7 340	1	1
7 3950	7 4739	1	1
7 3950	2 827	1	1
7 3950	6 4876	1	1
7 3950	4 1052	1	1
7 3951	7 1357	1	1
7 3951	7 3258	1	1
7 3951	7 126	1	1
7 3951	0 4149	1	1
7 3951	3 4432	1	1
7 3951	2 2790	1	1
7 3952	7 4845	1	1
7 3952	7 2132	1	1
7 3952	7 1508	1	1
7 3952	1 72	1	1
7 3952	6 897	1	1
7 3952	4 997	1	1
7 3953	1 1919	1	1
7 3953	2 2704	1	1
7 3953	5 2395	1	1
7 3953	1 3715	1	1
7 3953	0 4190	1	1
7 3953	4 2433	1	1
7 3954	7 618	1	1
7 3954	7 3008	1	1
7 3954	6 3305	1	1
7 3954	1 3585	1	1
7 3954	1 1428	1	1
7 3954	4 433	1	1
7 3955	7 1655	1	1
7 3955	6 2772	1	1
7 3955	5 4963	1	1
7 3955	1 659	1	1
7 3955	5 3985	1	1
7 3955	5 838	1	1
7 3956	1 91	1	1
7 3956	4 1229	1	1
7 3956	0 4040	1	1
7 3956	3 4166	1	1
7 3956	5 3867	1	1
7 3956	3 2962	1	1
7 3957	7 3882	1	1
7 3957	7 699	1	1
7 3957	2 1002	1	1
7 3957	0 1298	1	1
7 3957	4 817	1	1
7 3957	4 4835	1	1
7 3958	7 3242	1	1
7 3958	2 3237	1	1
7 3958	2 4567	1	1
7 3958	3 2811	1	1
7 3958	0 3116	1	1
7 3958	4 3649	1	1
7 3959	5 4282	1	1
7 3959	1 2901	1	1
7 3959	6 4215	1	1
7 3959	2 1100	1	1
7 3959	4 1734	1	1
7 3959	0 1733	1	1
7 3960	1 4039	1	1
7 3960	1 277	1	1
7 3960	5 4228	1	1
7 3960	5 3077	1	1
7 3960	0 1080	1	1
7 3960	6 420	1	1
7 3961	7 2578	1	1
7 3961	3 2640	1	1
7 3961	6 2073	1	1
7 3961	6 1657	1	1
7 3961	2 4967	1	1
7 3961	6 905	1	1
7 3962	7 4578	1	1
7 3962	7 1977	1	1
7 3962	4 2596	1	1
7 3962	3 689	1	1
7 3962	4 2881	1	1
7 3962	4 4901	1	1
7 3963	7 1843	1	1
7 3963	3 610	1	1
7 3963	1 4130	1	1
7 3963	3 421	1	1
7 3963	1 1308	1	1
7 3963	6 486	1	1
7 3964	7 1255	1	1
7 3964	7 3629	1	1
7 3964	2 4918	1	1
7 3964	2 1299	1	1
7 3964	6 2165	1	1
7 3964	4 4854	1	1
7 3965	7 572	1	1
7 3965	2 1536	1	1
7 3965	1 605	1	1
7 3965	3 302	1	1
7 3965	4 1601	1	1
7 3965	3 4519	1	1
7 3966	1 3584	1	1
7 3966	4 964	1	1
7 3966	1 2993	1	1
7 3966	3 2535	1	1
7 3966	5 4926	1	1
7 3966	4 4980	1	1
7 3967	7 2595	1	1
7 3967	4 2669	1	1
7 3967	6 4312	1	1
7 3967	6 2779	1	1
7 3967	4 362	1	1
7 3967	1 1396	1	1
7 3968	4 3411	1	1
7 3968	4 1336	1	1
7 3968	5 171	1	1
7 3968	6 987	1	1
7 3968	5 3419	1	1
7 3968	0 762	1	1
7 3969	2 1306	1	1
7 3969	3 3456	1	1
7 3969	5 1534	1	1
7 3969	0 3595	1	1
7 3969	3 3246	1	1
7 3969	6 4712	1	1
7 3970	1 1123	1	1
7 3970	6 1368	1	1
7 3970	5 71	1	1
7 3970	2 2547	1	1
7 3970	1 2864	1	1
7 3970	2 4482	1	1
7 3971	2 3132	1	1
7 3971	2 435	1	1
7 3971	4 2371	1	1
7 3971	6 3864	1	1
7 3971	4 1610	1	1
7 3971	3 141	1	1
7 3972	4 3723	1	1
7 3972	3 2856	1	1
7 3972	2 3876	1	1
7 3972	0 2192	1	1
7 3972	6 3547	1	1
7 3972	1 4359	1	1
7 3973	7 1024	1	1
7 3973	2 2979	1	1
7 3973	3 176	1	1
7 3973	2 1042	1	1
7 3973	5 2231	1	1
7 3973	5 2198	1	1
7 3974	3 767	1	1
7 3974	0 71	1	1
7 3974	6 3304	1	1
7 3974	0 1571	1	1
7 3974	4 3972	1	1
7 3974	6 1263	1	1
7 3975	7 3168	1	1
7 3975	0 4470	1	1
7 3975	0 2894	1	1
7 3975	0 4766	1	1
7 3975	4 4329	1	1
7 3975	0 1377	1	1
7 3976	3 4806	1	1
7 3976	6 4483	1	1
7 3976	4 1769	1	1
7 3976	0 105	1	1
7 3976	1 485	1	1
7 3976	0 3267	1	1
7 3977	7 3644	1	1
7 3977	0 1379	1	1
7 3977	1 1555	1	1
7 3977	6 2555	1	1
7 3977	2 3664	1	1
7 3977	5 629	1	1
7 3978	3 2858	1	1
7 3978	1 3719	1	1
7 3978	2 1239	1	1
7 3978	3 4778	1	1
7 3978	6 2804	1	1
7 3978	1 4725	1	1
7 3979	7 2557	1	1
7 3979	2 123	1	1
7 3979	6 4934	1	1
7 3979	4 1748	1	1
7 3979	3 490	1	1
7 3979	4 2775	1	1
7 3980	7 1870	1	1
7 3980	6 3943	1	1
7 3980	6 1647	1	1
7 3980	1 62	1	1
7 3980	0 4363	1	1
7 3980	4 4204	1	1
7 3981	5 4840	1	1
7 3981	6 1924	1	1
7 3981	1 4893	1	1
7 3981	3 1127	1	1
7 3981	1 429	1	1
7 3981	2 3485	1	1
7 3982	7 2924	1	1
7 3982	6 2626	1	1
7 3982	5 1504	1	1
7 3982	1 3088	1	1
7 3982	0 863	1	1
7 3982	6 2654	1	1
7 3983	0 4079	1	1
7 3983	1 3154	1	1
7 3983	4 782	1	1
7 3983	5 301	1	1
7 3983	0 1136	1	1
7 3983	4 1908	1	1
7 3984	7 2418	1	1
7 3984	5 1341	1	1
7 3984	5 4465	1	1
7 3984	5 1684	1	1
7 3984	6 759	1	1
7 3984	0 1070	1	1
7 3985	6 3108	1	1
7 3985	5 3640	1	1
7 3985	6 2463	1	1
7 3985	5 4686	1	1
7 3985	1 3312	1	1
7 3985	3 941	1	1
7 3986	7 3895	1	1
7 3986	7 732	1	1
7 3986	1 2575	1	1
7 3986	3 4431	1	1
7 3986	4 572	1	1
7 3986	4 419	1	1
7 3987	2 4614	1	1
7 3987	6 2553	1	1
7 3987	2 1530	1	1
7 3987	3 1452	1	1
7 3987	2 2523	1	1
7 3987	6 4252	1	1
7 3988	0 4909	1	1
7 3988	4 3248	1	1
7 3988	4 187	1	1
7 3988	0 3648	1	1
7 3988	1 1589	1	1
7 3988	3 1551	1	1
7 3989	1 1085	1	1
7 3989	4 337	1	1
7 3989	2 50	1	1
7 3989	2 2150	1	1
7 3989	1 4560	1	1
7 3989	1 3183	1	1
7 3990	7 237	1	1
7 3990	0 842	1	1
7 3990	2 1775	1	1
7 3990	0 3679	1	1
7 3990	1 3019	1	1
7 3990	6 615	1	1
7 3991	7 4535	1	1
7 3991	1 1149	1	1
7 3991	3 3613	1	1
7 3991	5 735	1	1
7 3991	1 1955	1	1
7 3991	2 2438	1	1
7 3992	7 1974	1	1
7 3992	3 4628	1	1
7 3992	2 3679	1	1
7 3992	4 2559	1	1
7 3992	3 744	1	1
7 3992	3 4123	1	1
7 3993	1 1223	1	1
7 3993	4 1129	1	1
7 3993	0 3563	1	1
7 3993	6 4851	1	1
7 3993	3 2707	1	1
7 3993	0 2621	1	1
7 3994	7 2438	1	1
7 3994	4 429	1	1
7 3994	0 1728	1	1
7 3994	5 2525	1	1
7 3994	4 4115	1	1
7 3994	2 1491	1	1
7 3995	7 4549	1	1
7 3995	0 3469	1	1
7 3995	6 1839	1	1
7 3995	4 4275	1	1
7 3995	0 4046	1	1
7 3995	6 223	1	1
7 3996	7 1095	1	1
7 3996	7 1365	1	1
7 3996	7 3823	1	1
7 3996	2 665	1	1
7 3996	4 803	1	1
7 3996	4 2296	1	1
7 3997	3 3657	1	1
7 3997	5 3235	1	1
7 3997	0 3791	1	1
7 3997	4 1755	1	1
7 3997	5 4013	1	1
7 3997	1 3284	1	1
7 3998	7 4595	1	1
7 3998	7 3763	1	1
7 3998	7 4351	1	1
7 3998	4 1333	1	1
7 3998	5 4745	1	1
7 3998	2 4459	1	1
7 3999	7 2230	1	1
7 3999	7 955	1	1
7 3999	0 4991	1	1
7 3999	6 2938	1	1
7 3999	4 2817	1	1
7 3999	5 4108	1	1
7 4000	7 4607	1	1
7 4000	7 906	1	1
7 4000	3 1740	1	1
7 4000	5 2545	1	1
7 4000	2 3307	1	1
7 4000	5 2899	1	1
7 4001	0 2549	1	1
7 4001	2 4868	1	1
7 4001	4 3146	1	1
7 4001	2 1008	1	1
7 4001	4 1858	1	1
7 4001	6 4345	1	1
7 4002	7 3621	1	1
7 4002	2 1445	1	1
7 4002	5 2260	1	1
7 4002	6 5000	1	1
7 4002	5 247	1	1
7 4002	4 1508	1	1
7 4003	7 2784	1	1
7 4003	2 4135	1	1
7 4003	2 4781	1	1
7 4003	2 318	1	1
7 4003	6 2262	1	1
7 4003	3 3689	1	1
7 4004	5 1147	1	1
7 4004	6 3718	1	1
7 4004	2 375	1	1
7 4004	3 3411	1	1
7 4004	3 2966	1	1
7 4004	2 3744	1	1
7 4005	7 4960	1	1
7 4005	7 2193	1	1
7 4005	7 3946	1	1
7 4005	0 1604	1	1
7 4005	6 3809	1	1
7 4005	5 4741	1	1
7 4006	7 3244	1	1
7 4006	2 1657	1	1
7 4006	3 18	1	1
7 4006	0 1372	1	1
7 4006	1 648	1	1
7 4006	4 4061	1	1
7 4007	0 1038	1	1
7 4007	0 4068	1	1
7 4007	2 1505	1	1
7 4007	4 649	1	1
7 4007	2 248	1	1
7 4007	4 2575	1	1
7 4008	5 3830	1	1
7 4008	5 1658	1	1
7 4008	2 4244	1	1
7 4008	0 4135	1	1
7 4008	5 4552	1	1
7 4008	1 2620	1	1
7 4009	6 2826	1	1
7 4009	2 3747	1	1
7 4009	6 3963	1	1
7 4009	6 4390	1	1
7 4009	1 3562	1	1
7 4009	4 1696	1	1
7 4010	7 2764	1	1
7 4010	2 141	1	1
7 4010	5 834	1	1
7 4010	3 1767	1	1
7 4010	0 2432	1	1
7 4010	6 527	1	1
7 4011	0 1128	1	1
7 4011	0 2780	1	1
7 4011	0 3792	1	1
7 4011	0 4593	1	1
7 4011	2 4206	1	1
7 4011	5 4774	1	1
7 4012	7 3330	1	1
7 4012	0 3682	1	1
7 4012	5 2760	1	1
7 4012	6 3489	1	1
7 4012	3 2135	1	1
7 4012	6 558	1	1
7 4013	7 16	1	1
7 4013	6 1760	1	1
7 4013	6 4126	1	1
7 4013	1 3230	1	1
7 4013	3 275	1	1
7 4013	1 923	1	1
7 4014	7 4453	1	1
7 4014	0 4271	1	1
7 4014	2 4484	1	1
7 4014	5 4909	1	1
7 4014	1 597	1	1
7 4014	3 2835	1	1
7 4015	7 2348	1	1
7 4015	7 1792	1	1
7 4015	3 1858	1	1
7 4015	1 357	1	1
7 4015	6 3538	1	1
7 4015	1 1421	1	1
7 4016	7 1	1	1
7 4016	2 4732	1	1
7 4016	4 381	1	1
7 4016	1 567	1	1
7 4016	3 3372	1	1
7 4016	6 4210	1	1
7 4017	4 4379	1	1
7 4017	0 2717	1	1
7 4017	4 3276	1	1
7 4017	2 651	1	1
7 4017	5 3023	1	1
7 4017	1 2117	1	1
7 4018	7 709	1	1
7 4018	5 377	1	1
7 4018	4 1496	1	1
7 4018	5 459	1	1
7 4018	6 3861	1	1
7 4018	3 4478	1	1
7 4019	1 4489	1	1
7 4019	6 3880	1	1
7 4019	0 384	1	1
7 4019	1 2945	1	1
7 4019	5 1171	1	1
7 4019	1 4323	1	1
7 4020	7 1730	1	1
7 4020	7 2041	1	1
7 4020	6 312	1	1
7 4020	4 2895	1	1
7 4020	3 241	1	1
7 4020	2 2619	1	1
7 4021	7 4624	1	1
7 4021	0 3165	1	1
7 4021	3 1728	1	1
7 4021	3 488	1	1
7 4021	0 1528	1	1
7 4021	1 507	1	1
7 4022	6 3044	1	1
7 4022	6 4905	1	1
7 4022	2 4205	1	1
7 4022	5 2386	1	1
7 4022	4 1345	1	1
7 4022	5 1157	1	1
7 4023	5 1370	1	1
7 4023	0 3114	1	1
7 4023	6 1493	1	1
7 4023	6 670	1	1
7 4023	5 2554	1	1
7 4023	0 1146	1	1
7 4024	7 1474	1	1
7 4024	4 1845	1	1
7 4024	4 71	1	1
7 4024	5 1827	1	1
7 4024	2 641	1	1
7 4024	5 4158	1	1
7 4025	7 2580	1	1
7 4025	0 1351	1	1
7 4025	3 4329	1	1
7 4025	3 1093	1	1
7 4025	5 257	1	1
7 4025	6 4776	1	1
7 4026	0 4759	1	1
7 4026	6 4550	1	1
7 4026	4 1487	1	1
7 4026	1 1662	1	1
7 4026	4 3108	1	1
7 4026	6 4810	1	1
7 4027	7 4963	1	1
7 4027	4 2300	1	1
7 4027	6 4200	1	1
7 4027	1 563	1	1
7 4027	4 3863	1	1
7 4027	4 2585	1	1
7 4028	7 996	1	1
7 4028	3 4756	1	1
7 4028	6 883	1	1
7 4028	0 3520	1	1
7 4028	5 766	1	1
7 4028	4 1499	1	1
7 4029	7 1031	1	1
7 4029	7 3808	1	1
7 4029	7 953	1	1
7 4029	4 161	1	1
7 4029	4 1722	1	1
7 4029	0 1180	1	1
7 4030	7 4971	1	1
7 4030	0 136	1	1
7 4030	5 2719	1	1
7 4030	5 4885	1	1
7 4030	0 2964	1	1
7 4030	6 2498	1	1
7 4031	4 4709	1	1
7 4031	4 4327	1	1
7 4031	5 43	1	1
7 4031	6 3093	1	1
7 4031	0 3768	1	1
7 4031	5 1060	1	1
7 4032	7 184	1	1
7 4032	7 2604	1	1
7 4032	6 1411	1	1
7 4032	2 4530	1	1
7 4032	3 2615	1	1
7 4032	3 1843	1	1
7 4033	4 4201	1	1
7 4033	4 4825	1	1
7 4033	2 4757	1	1
7 4033	6 3056	1	1
7 4033	3 4201	1	1
7 4033	0 1092	1	1
7 4034	2 1392	1	1
7 4034	3 2469	1	1
7 4034	2 2377	1	1
7 4034	4 4441	1	1
7 4034	4 325	1	1
7 4034	6 4534	1	1
7 4035	5 4695	1	1
7 4035	3 2275	1	1
7 4035	2 4274	1	1
7 4035	6 4010	1	1
7 4035	0 1302	1	1
7 4035	5 2682	1	1
7 4036	4 4067	1	1
7 4036	0 1482	1	1
7 4036	3 4508	1	1
7 4036	6 1009	1	1
7 4036	4 2993	1	1
7 4036	0 37	1	1
7 4037	7 2009	1	1
7 4037	6 2766	1	1
7 4037	0 4524	1	1
7 4037	2 1722	1	1
7 4037	4 3075	1	1
7 4037	2 1579	1	1
7 4038	2 1760	1	1
7 4038	0 2897	1	1
7 4038	2 958	1	1
7 4038	3 624	1	1
7 4038	2 2269	1	1
7 4038	0 2233	1	1
7 4039	5 1928	1	1
7 4039	0 3783	1	1
7 4039	1 818	1	1
7 4039	4 3466	1	1
7 4039	6 2377	1	1
7 4039	5 1477	1	1
7 4040	7 1553	1	1
7 4040	4 699	1	1
7 4040	6 3215	1	1
7 4040	5 2661	1	1
7 4040	2 4292	1	1
7 4040	2 3008	1	1
7 4041	7 483	1	1
7 4041	3 1031	1	1
7 4041	0 4595	1	1
7 4041	3 2788	1	1
7 4041	3 240	1	1
7 4041	4 366	1	1
7 4042	7 3934	1	1
7 4042	5 1610	1	1
7 4042	1 4926	1	1
7 4042	5 2991	1	1
7 4042	5 3258	1	1
7 4042	4 3258	1	1
7 4043	3 3801	1	1
7 4043	4 2914	1	1
7 4043	5 3925	1	1
7 4043	6 4981	1	1
7 4043	6 1430	1	1
7 4043	6 782	1	1
7 4044	7 3019	1	1
7 4044	5 1988	1	1
7 4044	3 189	1	1
7 4044	3 3629	1	1
7 4044	1 1706	1	1
7 4044	4 717	1	1
7 4045	5 1955	1	1
7 4045	1 2568	1	1
7 4045	3 1947	1	1
7 4045	5 4028	1	1
7 4045	5 1599	1	1
7 4045	6 2662	1	1
7 4046	2 2367	1	1
7 4046	5 1393	1	1
7 4046	6 3383	1	1
7 4046	5 2590	1	1
7 4046	5 1923	1	1
7 4046	6 2235	1	1
7 4047	3 1800	1	1
7 4047	1 643	1	1
7 4047	3 3416	1	1
7 4047	1 3599	1	1
7 4047	1 162	1	1
7 4047	6 2612	1	1
7 4048	2 4881	1	1
7 4048	6 2038	1	1
7 4048	6 3402	1	1
7 4048	5 4828	1	1
7 4048	1 938	1	1
7 4048	4 2031	1	1
7 4049	7 2552	1	1
7 4049	3 3587	1	1
7 4049	1 90	1	1
7 4049	6 469	1	1
7 4049	0 4481	1	1
7 4049	0 4590	1	1
7 4050	6 1440	1	1
7 4050	5 166	1	1
7 4050	3 409	1	1
7 4050	3 3343	1	1
7 4050	5 452	1	1
7 4050	0 3998	1	1
7 4051	7 604	1	1
7 4051	7 1571	1	1
7 4051	0 4191	1	1
7 4051	6 4569	1	1
7 4051	0 2861	1	1
7 4051	3 2415	1	1
7 4052	5 3556	1	1
7 4052	2 107	1	1
7 4052	5 1583	1	1
7 4052	5 1749	1	1
7 4052	4 3106	1	1
7 4052	1 913	1	1
7 4053	7 922	1	1
7 4053	5 2202	1	1
7 4053	3 261	1	1
7 4053	4 1597	1	1
7 4053	6 863	1	1
7 4053	0 1272	1	1
7 4054	3 742	1	1
7 4054	0 631	1	1
7 4054	1 583	1	1
7 4054	0 1405	1	1
7 4054	3 1236	1	1
7 4054	3 4247	1	1
7 4055	7 3684	1	1
7 4055	4 1295	1	1
7 4055	4 300	1	1
7 4055	5 3749	1	1
7 4055	6 3821	1	1
7 4055	2 1261	1	1
7 4056	0 4715	1	1
7 4056	2 3576	1	1
7 4056	3 1987	1	1
7 4056	2 2440	1	1
7 4056	1 2096	1	1
7 4056	1 3657	1	1
7 4057	7 2569	1	1
7 4057	4 3710	1	1
7 4057	3 3871	1	1
7 4057	3 777	1	1
7 4057	1 709	1	1
7 4057	4 4528	1	1
7 4058	2 1381	1	1
7 4058	4 1133	1	1
7 4058	2 2867	1	1
7 4058	6 2655	1	1
7 4058	1 4791	1	1
7 4058	5 4871	1	1
7 4059	7 3064	1	1
7 4059	7 633	1	1
7 4059	7 1527	1	1
7 4059	7 3073	1	1
7 4059	4 1669	1	1
7 4059	0 2421	1	1
7 4060	7 3560	1	1
7 4060	7 2365	1	1
7 4060	6 3768	1	1
7 4060	1 1412	1	1
7 4060	0 3092	1	1
7 4060	6 2702	1	1
7 4061	7 1264	1	1
7 4061	3 3640	1	1
7 4061	3 1570	1	1
7 4061	0 4745	1	1
7 4061	1 1402	1	1
7 4061	4 1157	1	1
7 4062	7 2975	1	1
7 4062	3 3583	1	1
7 4062	4 1212	1	1
7 4062	4 1145	1	1
7 4062	5 4407	1	1
7 4062	1 3857	1	1
7 4063	7 721	1	1
7 4063	7 2903	1	1
7 4063	1 414	1	1
7 4063	0 3063	1	1
7 4063	5 659	1	1
7 4063	2 3517	1	1
7 4064	7 2803	1	1
7 4064	5 3567	1	1
7 4064	0 1171	1	1
7 4064	0 4796	1	1
7 4064	6 2007	1	1
7 4064	5 4701	1	1
7 4065	7 1430	1	1
7 4065	7 458	1	1
7 4065	2 4267	1	1
7 4065	1 1658	1	1
7 4065	6 794	1	1
7 4065	1 4374	1	1
7 4066	2 399	1	1
7 4066	4 1144	1	1
7 4066	5 2468	1	1
7 4066	3 490	1	1
7 4066	2 512	1	1
7 4066	5 3370	1	1
7 4067	3 400	1	1
7 4067	0 731	1	1
7 4067	0 2139	1	1
7 4067	3 3031	1	1
7 4067	1 1783	1	1
7 4067	1 1025	1	1
7 4068	7 617	1	1
7 4068	0 4676	1	1
7 4068	3 1308	1	1
7 4068	2 225	1	1
7 4068	6 767	1	1
7 4068	4 2668	1	1
7 4069	2 3763	1	1
7 4069	3 3099	1	1
7 4069	5 3172	1	1
7 4069	5 2115	1	1
7 4069	0 3817	1	1
7 4069	2 1801	1	1
7 4070	7 3752	1	1
7 4070	1 1756	1	1
7 4070	4 2120	1	1
7 4070	0 4718	1	1
7 4070	3 1989	1	1
7 4070	2 1726	1	1
7 4071	3 3265	1	1
7 4071	3 2855	1	1
7 4071	6 1183	1	1
7 4071	2 2917	1	1
7 4071	4 2229	1	1
7 4071	2 4867	1	1
7 4072	5 895	1	1
7 4072	1 4534	1	1
7 4072	3 677	1	1
7 4072	2 930	1	1
7 4072	0 4801	1	1
7 4072	0 987	1	1
7 4073	5 1541	1	1
7 4073	0 4688	1	1
7 4073	6 4011	1	1
7 4073	4 1244	1	1
7 4073	1 3457	1	1
7 4073	0 1433	1	1
7 4074	0 3727	1	1
7 4074	1 3174	1	1
7 4074	5 196	1	1
7 4074	2 1849	1	1
7 4074	0 1838	1	1
7 4074	6 4037	1	1
7 4075	7 315	1	1
7 4075	7 1324	1	1
7 4075	5 3688	1	1
7 4075	3 3241	1	1
7 4075	3 1336	1	1
7 4075	3 1384	1	1
7 4076	7 2062	1	1
7 4076	4 3718	1	1
7 4076	3 3808	1	1
7 4076	0 2673	1	1
7 4076	2 1847	1	1
7 4076	5 1041	1	1
7 4077	0 893	1	1
7 4077	2 1907	1	1
7 4077	1 2743	1	1
7 4077	0 3492	1	1
7 4077	2 4004	1	1
7 4077	0 791	1	1
7 4078	7 3321	1	1
7 4078	6 2670	1	1
7 4078	2 4677	1	1
7 4078	4 2772	1	1
7 4078	2 1686	1	1
7 4078	4 3236	1	1
7 4079	7 1009	1	1
7 4079	6 3571	1	1
7 4079	5 2458	1	1
7 4079	3 2767	1	1
7 4079	6 2956	1	1
7 4079	2 2434	1	1
7 4080	4 1372	1	1
7 4080	0 4780	1	1
7 4080	1 2440	1	1
7 4080	0 3259	1	1
7 4080	2 2171	1	1
7 4080	3 801	1	1
7 4081	1 283	1	1
7 4081	5 3530	1	1
7 4081	6 4779	1	1
7 4081	2 3211	1	1
7 4081	2 3462	1	1
7 4081	0 1871	1	1
7 4082	7 4116	1	1
7 4082	0 4064	1	1
7 4082	0 2171	1	1
7 4082	5 2608	1	1
7 4082	2 2056	1	1
7 4082	3 2258	1	1
7 4083	7 1893	1	1
7 4083	7 2800	1	1
7 4083	4 3006	1	1
7 4083	1 3108	1	1
7 4083	2 1094	1	1
7 4083	0 525	1	1
7 4084	7 2464	1	1
7 4084	6 3935	1	1
7 4084	6 2376	1	1
7 4084	5 1474	1	1
7 4084	2 588	1	1
7 4084	0 3277	1	1
7 4085	5 3685	1	1
7 4085	6 53	1	1
7 4085	1 2926	1	1
7 4085	1 3536	1	1
7 4085	5 1226	1	1
7 4085	0 3262	1	1
7 4086	1 3680	1	1
7 4086	5 3053	1	1
7 4086	4 4228	1	1
7 4086	5 4981	1	1
7 4086	5 1243	1	1
7 4086	3 3073	1	1
7 4087	7 2445	1	1
7 4087	2 4906	1	1
7 4087	0 3033	1	1
7 4087	6 4192	1	1
7 4087	1 2054	1	1
7 4087	1 3609	1	1
7 4088	7 3759	1	1
7 4088	7 873	1	1
7 4088	0 2128	1	1
7 4088	2 2956	1	1
7 4088	3 4675	1	1
7 4088	4 3231	1	1
7 4089	0 2869	1	1
7 4089	2 4411	1	1
7 4089	3 3301	1	1
7 4089	0 1395	1	1
7 4089	3 4155	1	1
7 4089	5 2069	1	1
7 4090	1 4710	1	1
7 4090	6 3997	1	1
7 4090	2 2306	1	1
7 4090	3 1154	1	1
7 4090	4 4200	1	1
7 4090	4 2834	1	1
7 4091	2 4919	1	1
7 4091	5 2087	1	1
7 4091	1 414	1	1
7 4091	2 676	1	1
7 4091	1 2468	1	1
7 4091	0 3901	1	1
7 4092	7 2518	1	1
7 4092	6 2640	1	1
7 4092	3 2763	1	1
7 4092	4 2703	1	1
7 4092	5 4423	1	1
7 4092	0 1671	1	1
7 4093	4 237	1	1
7 4093	1 4484	1	1
7 4093	6 2596	1	1
7 4093	6 4685	1	1
7 4093	2 611	1	1
7 4093	4 2453	1	1
7 4094	7 1029	1	1
7 4094	5 4667	1	1
7 4094	4 921	1	1
7 4094	2 1112	1	1
7 4094	0 3523	1	1
7 4094	1 674	1	1
7 4095	3 2706	1	1
7 4095	6 764	1	1
7 4095	5 3420	1	1
7 4095	3 24	1	1
7 4095	0 1675	1	1
7 4095	4 4667	1	1
7 4096	7 707	1	1
7 4096	7 3418	1	1
7 4096	5 1223	1	1
7 4096	2 1743	1	1
7 4096	2 1489	1	1
7 4096	2 1058	1	1
7 4097	7 1229	1	1
7 4097	6 241	1	1
7 4097	4 2255	1	1
7 4097	5 4531	1	1
7 4097	4 4999	1	1
7 4097	1 291	1	1
7 4098	3 3941	1	1
7 4098	5 816	1	1
7 4098	1 1857	1	1
7 4098	4 1451	1	1
7 4098	0 1551	1	1
7 4098	6 3976	1	1
7 4099	7 4878	1	1
7 4099	7 3099	1	1
7 4099	2 4729	1	1
7 4099	6 3030	1	1
7 4099	3 4034	1	1
7 4099	1 285	1	1
7 4100	4 2057	1	1
7 4100	1 1871	1	1
7 4100	0 4440	1	1
7 4100	2 4557	1	1
7 4100	6 2724	1	1
7 4100	5 2646	1	1
7 4101	7 1864	1	1
7 4101	6 198	1	1
7 4101	1 4947	1	1
7 4101	2 3575	1	1
7 4101	6 2856	1	1
7 4101	1 280	1	1
7 4102	7 3677	1	1
7 4102	7 2245	1	1
7 4102	5 3644	1	1
7 4102	4 3042	1	1
7 4102	1 4484	1	1
7 4102	6 3160	1	1
7 4103	7 3835	1	1
7 4103	7 1495	1	1
7 4103	6 3474	1	1
7 4103	5 551	1	1
7 4103	3 2669	1	1
7 4103	6 3490	1	1
7 4104	3 4645	1	1
7 4104	1 1893	1	1
7 4104	1 1827	1	1
7 4104	0 1960	1	1
7 4104	2 1800	1	1
7 4104	6 2162	1	1
7 4105	0 1415	1	1
7 4105	3 3457	1	1
7 4105	1 4547	1	1
7 4105	3 1002	1	1
7 4105	5 973	1	1
7 4105	3 392	1	1
7 4106	7 1035	1	1
7 4106	7 4583	1	1
7 4106	4 1388	1	1
7 4106	0 2195	1	1
7 4106	2 2312	1	1
7 4106	1 4326	1	1
7 4107	7 3139	1	1
7 4107	7 3188	1	1
7 4107	4 562	1	1
7 4107	5 1511	1	1
7 4107	2 3837	1	1
7 4107	6 1071	1	1
7 4108	7 2722	1	1
7 4108	1 3574	1	1
7 4108	4 4154	1	1
7 4108	0 4492	1	1
7 4108	5 4681	1	1
7 4108	3 1858	1	1
7 4109	6 4848	1	1
7 4109	0 1639	1	1
7 4109	0 506	1	1
7 4109	4 145	1	1
7 4109	6 1717	1	1
7 4109	5 1654	1	1
7 4110	1 123	1	1
7 4110	0 2919	1	1
7 4110	6 2034	1	1
7 4110	1 897	1	1
7 4110	5 1674	1	1
7 4110	5 3090	1	1
7 4111	7 1674	1	1
7 4111	4 1704	1	1
7 4111	6 56	1	1
7 4111	6 3154	1	1
7 4111	6 1675	1	1
7 4111	3 3318	1	1
7 4112	7 1159	1	1
7 4112	5 112	1	1
7 4112	1 2870	1	1
7 4112	4 4065	1	1
7 4112	2 134	1	1
7 4112	6 3264	1	1
7 4113	7 1882	1	1
7 4113	7 4606	1	1
7 4113	2 1662	1	1
7 4113	0 1934	1	1
7 4113	3 1678	1	1
7 4113	0 1502	1	1
7 4114	7 3507	1	1
7 4114	7 1713	1	1
7 4114	2 2519	1	1
7 4114	3 2775	1	1
7 4114	6 4651	1	1
7 4114	4 1552	1	1
7 4115	5 246	1	1
7 4115	4 876	1	1
7 4115	5 3809	1	1
7 4115	3 1065	1	1
7 4115	3 4727	1	1
7 4115	3 2926	1	1
7 4116	0 993	1	1
7 4116	3 4576	1	1
7 4116	0 635	1	1
7 4116	1 1591	1	1
7 4116	5 1170	1	1
7 4116	4 1579	1	1
7 4117	7 1435	1	1
7 4117	6 445	1	1
7 4117	5 2058	1	1
7 4117	1 3968	1	1
7 4117	0 2795	1	1
7 4117	5 2948	1	1
7 4118	7 2637	1	1
7 4118	4 812	1	1
7 4118	4 3649	1	1
7 4118	0 4897	1	1
7 4118	0 3447	1	1
7 4118	3 937	1	1
7 4119	7 2750	1	1
7 4119	5 390	1	1
7 4119	1 3966	1	1
7 4119	1 3645	1	1
7 4119	2 1453	1	1
7 4119	3 4689	1	1
7 4120	7 1603	1	1
7 4120	2 4179	1	1
7 4120	3 202	1	1
7 4120	6 1582	1	1
7 4120	6 3811	1	1
7 4120	0 2271	1	1
7 4121	4 3817	1	1
7 4121	5 2184	1	1
7 4121	6 3873	1	1
7 4121	1 2679	1	1
7 4121	5 1391	1	1
7 4121	6 4884	1	1
7 4122	7 3190	1	1
7 4122	4 1248	1	1
7 4122	1 4442	1	1
7 4122	5 2302	1	1
7 4122	0 2763	1	1
7 4122	1 2394	1	1
7 4123	7 1169	1	1
7 4123	6 1331	1	1
7 4123	6 823	1	1
7 4123	2 1201	1	1
7 4123	2 3840	1	1
7 4123	1 2002	1	1
7 4124	2 1607	1	1
7 4124	0 4853	1	1
7 4124	1 2670	1	1
7 4124	3 4674	1	1
7 4124	2 1353	1	1
7 4124	1 1401	1	1
7 4125	2 2491	1	1
7 4125	0 1856	1	1
7 4125	1 2468	1	1
7 4125	5 2111	1	1
7 4125	0 1148	1	1
7 4125	1 1723	1	1
7 4126	6 878	1	1
7 4126	6 2741	1	1
7 4126	2 1592	1	1
7 4126	0 3475	1	1
7 4126	2 2563	1	1
7 4126	3 1091	1	1
7 4127	7 174	1	1
7 4127	4 1478	1	1
7 4127	4 1544	1	1
7 4127	0 188	1	1
7 4127	5 45	1	1
7 4127	1 1375	1	1
7 4128	5 1582	1	1
7 4128	6 4067	1	1
7 4128	3 261	1	1
7 4128	6 2177	1	1
7 4128	5 1266	1	1
7 4128	6 342	1	1
7 4129	7 2883	1	1
7 4129	6 2194	1	1
7 4129	5 3679	1	1
7 4129	2 2351	1	1
7 4129	5 1176	1	1
7 4129	4 1460	1	1
7 4130	5 3090	1	1
7 4130	6 1687	1	1
7 4130	0 3420	1	1
7 4130	0 4753	1	1
7 4130	0 2180	1	1
7 4130	2 356	1	1
7 4131	4 94	1	1
7 4131	3 3734	1	1
7 4131	0 1356	1	1
7 4131	6 1148	1	1
7 4131	5 181	1	1
7 4131	3 272	1	1
7 4132	1 2264	1	1
7 4132	4 1290	1	1
7 4132	6 320	1	1
7 4132	0 2310	1	1
7 4132	2 4339	1	1
7 4132	6 2964	1	1
7 4133	7 2031	1	1
7 4133	6 1565	1	1
7 4133	4 4191	1	1
7 4133	6 1476	1	1
7 4133	3 4708	1	1
7 4133	6 1329	1	1
7 4134	7 3371	1	1
7 4134	7 2956	1	1
7 4134	1 2862	1	1
7 4134	3 1347	1	1
7 4134	6 3928	1	1
7 4134	3 3769	1	1
7 4135	7 2690	1	1
7 4135	2 3683	1	1
7 4135	0 1068	1	1
7 4135	2 1406	1	1
7 4135	4 4468	1	1
7 4135	0 4722	1	1
7 4136	7 1116	1	1
7 4136	3 1735	1	1
7 4136	6 3574	1	1
7 4136	0 1019	1	1
7 4136	2 649	1	1
7 4136	1 1029	1	1
7 4137	7 3131	1	1
7 4137	3 2633	1	1
7 4137	1 2289	1	1
7 4137	6 2140	1	1
7 4137	0 202	1	1
7 4137	6 797	1	1
7 4138	3 3062	1	1
7 4138	5 1120	1	1
7 4138	4 3600	1	1
7 4138	5 1993	1	1
7 4138	6 323	1	1
7 4138	1 3133	1	1
7 4139	2 3612	1	1
7 4139	0 1381	1	1
7 4139	1 4014	1	1
7 4139	6 3144	1	1
7 4139	0 4420	1	1
7 4139	5 4952	1	1
7 4140	1 1912	1	1
7 4140	0 2763	1	1
7 4140	1 2605	1	1
7 4140	3 516	1	1
7 4140	5 3523	1	1
7 4140	0 2814	1	1
7 4141	1 4980	1	1
7 4141	3 3718	1	1
7 4141	4 693	1	1
7 4141	2 2488	1	1
7 4141	0 3323	1	1
7 4141	6 3004	1	1
7 4142	1 359	1	1
7 4142	6 599	1	1
7 4142	1 4004	1	1
7 4142	5 2442	1	1
7 4142	3 2299	1	1
7 4142	6 579	1	1
7 4143	7 2579	1	1
7 4143	0 337	1	1
7 4143	4 579	1	1
7 4143	3 260	1	1
7 4143	2 3293	1	1
7 4143	1 2098	1	1
7 4144	7 853	1	1
7 4144	3 1206	1	1
7 4144	4 1906	1	1
7 4144	5 4471	1	1
7 4144	0 3919	1	1
7 4144	5 2737	1	1
7 4145	7 3858	1	1
7 4145	1 1480	1	1
7 4145	1 2799	1	1
7 4145	0 2457	1	1
7 4145	1 1666	1	1
7 4145	4 1705	1	1
7 4146	2 2045	1	1
7 4146	2 73	1	1
7 4146	1 62	1	1
7 4146	3 1875	1	1
7 4146	3 3690	1	1
7 4146	4 3125	1	1
7 4147	7 4084	1	1
7 4147	2 439	1	1
7 4147	6 224	1	1
7 4147	3 4834	1	1
7 4147	1 1902	1	1
7 4147	5 1522	1	1
7 4148	7 3200	1	1
7 4148	2 4600	1	1
7 4148	5 3592	1	1
7 4148	4 3519	1	1
7 4148	5 118	1	1
7 4148	3 3700	1	1
7 4149	7 2706	1	1
7 4149	1 439	1	1
7 4149	0 1690	1	1
7 4149	6 1865	1	1
7 4149	0 470	1	1
7 4149	6 2807	1	1
7 4150	5 551	1	1
7 4150	3 4112	1	1
7 4150	3 1447	1	1
7 4150	5 4678	1	1
7 4150	1 2171	1	1
7 4150	5 2455	1	1
7 4151	7 3217	1	1
7 4151	0 3568	1	1
7 4151	5 2616	1	1
7 4151	6 1678	1	1
7 4151	3 3502	1	1
7 4151	0 4891	1	1
7 4152	7 3968	1	1
7 4152	1 4041	1	1
7 4152	4 2080	1	1
7 4152	3 2890	1	1
7 4152	4 1533	1	1
7 4152	2 2759	1	1
7 4153	7 2665	1	1
7 4153	7 1531	1	1
7 4153	1 3439	1	1
7 4153	0 4755	1	1
7 4153	6 506	1	1
7 4153	1 4834	1	1
7 4154	7 1872	1	1
7 4154	5 65	1	1
7 4154	6 2140	1	1
7 4154	2 2404	1	1
7 4154	1 4019	1	1
7 4154	2 302	1	1
7 4155	4 1654	1	1
7 4155	6 1989	1	1
7 4155	1 4656	1	1
7 4155	0 3153	1	1
7 4155	1 3640	1	1
7 4155	3 466	1	1
7 4156	0 2863	1	1
7 4156	1 1670	1	1
7 4156	3 55	1	1
7 4156	1 655	1	1
7 4156	2 4237	1	1
7 4156	1 4025	1	1
7 4157	7 2264	1	1
7 4157	4 4406	1	1
7 4157	1 4894	1	1
7 4157	4 1852	1	1
7 4157	5 1778	1	1
7 4157	2 2018	1	1
7 4158	7 946	1	1
7 4158	4 3599	1	1
7 4158	5 3203	1	1
7 4158	4 3760	1	1
7 4158	3 2405	1	1
7 4158	0 2447	1	1
7 4159	1 2367	1	1
7 4159	6 1758	1	1
7 4159	2 3616	1	1
7 4159	0 1913	1	1
7 4159	4 238	1	1
7 4159	2 4746	1	1
7 4160	5 1713	1	1
7 4160	2 401	1	1
7 4160	6 2452	1	1
7 4160	2 3936	1	1
7 4160	4 2523	1	1
7 4160	4 4987	1	1
7 4161	3 138	1	1
7 4161	6 3167	1	1
7 4161	3 1202	1	1
7 4161	0 4499	1	1
7 4161	4 395	1	1
7 4161	5 4746	1	1
7 4162	5 4907	1	1
7 4162	1 3218	1	1
7 4162	1 2562	1	1
7 4162	5 2524	1	1
7 4162	6 378	1	1
7 4162	3 4624	1	1
7 4163	7 2002	1	1
7 4163	7 1290	1	1
7 4163	7 2694	1	1
7 4163	7 172	1	1
7 4163	6 2472	1	1
7 4163	0 2748	1	1
7 4164	7 2735	1	1
7 4164	0 2976	1	1
7 4164	6 2134	1	1
7 4164	5 2668	1	1
7 4164	4 3209	1	1
7 4164	5 3994	1	1
7 4165	7 690	1	1
7 4165	2 3990	1	1
7 4165	1 5000	1	1
7 4165	5 263	1	1
7 4165	4 3475	1	1
7 4165	2 911	1	1
7 4166	7 239	1	1
7 4166	7 866	1	1
7 4166	7 1428	1	1
7 4166	7 4479	1	1
7 4166	5 3674	1	1
7 4166	4 2858	1	1
7 4167	7 4779	1	1
7 4167	7 1610	1	1
7 4167	6 3520	1	1
7 4167	5 550	1	1
7 4167	4 4658	1	1
7 4167	2 858	1	1
7 4168	4 1881	1	1
7 4168	5 870	1	1
7 4168	0 2266	1	1
7 4168	0 3856	1	1
7 4168	3 535	1	1
7 4168	5 2978	1	1
7 4169	2 2072	1	1
7 4169	0 3988	1	1
7 4169	6 529	1	1
7 4169	3 2787	1	1
7 4169	2 2262	1	1
7 4169	0 2136	1	1
7 4170	7 1640	1	1
7 4170	6 3654	1	1
7 4170	0 3265	1	1
7 4170	6 1836	1	1
7 4170	2 1111	1	1
7 4170	3 3859	1	1
7 4171	7 4466	1	1
7 4171	4 2634	1	1
7 4171	1 2060	1	1
7 4171	1 2757	1	1
7 4171	2 808	1	1
7 4171	4 606	1	1
7 4172	7 1422	1	1
7 4172	4 4228	1	1
7 4172	6 2370	1	1
7 4172	3 665	1	1
7 4172	2 3472	1	1
7 4172	0 4084	1	1
7 4173	1 1147	1	1
7 4173	0 4696	1	1
7 4173	4 3428	1	1
7 4173	5 1400	1	1
7 4173	6 3716	1	1
7 4173	1 3421	1	1
7 4174	0 1647	1	1
7 4174	5 3782	1	1
7 4174	2 3182	1	1
7 4174	5 4085	1	1
7 4174	5 3721	1	1
7 4174	4 1651	1	1
7 4175	7 4699	1	1
7 4175	2 4463	1	1
7 4175	1 14	1	1
7 4175	1 2847	1	1
7 4175	4 1764	1	1
7 4175	2 2353	1	1
7 4176	7 394	1	1
7 4176	7 2187	1	1
7 4176	5 3798	1	1
7 4176	5 2200	1	1
7 4176	4 4968	1	1
7 4176	2 735	1	1
7 4177	5 3510	1	1
7 4177	6 3667	1	1
7 4177	6 4269	1	1
7 4177	5 3792	1	1
7 4177	4 3910	1	1
7 4177	0 3975	1	1
7 4178	4 3403	1	1
7 4178	2 4791	1	1
7 4178	1 875	1	1
7 4178	2 2677	1	1
7 4178	2 4198	1	1
7 4178	5 1728	1	1
7 4179	5 42	1	1
7 4179	1 4567	1	1
7 4179	2 3426	1	1
7 4179	1 4709	1	1
7 4179	6 4609	1	1
7 4179	3 4838	1	1
7 4180	7 3646	1	1
7 4180	7 1868	1	1
7 4180	5 2020	1	1
7 4180	2 4178	1	1
7 4180	5 1435	1	1
7 4180	2 4464	1	1
7 4181	7 693	1	1
7 4181	1 4872	1	1
7 4181	0 3517	1	1
7 4181	3 1598	1	1
7 4181	2 4721	1	1
7 4181	5 1930	1	1
7 4182	5 1835	1	1
7 4182	4 3923	1	1
7 4182	6 245	1	1
7 4182	1 559	1	1
7 4182	1 2589	1	1
7 4182	2 3063	1	1
7 4183	7 1656	1	1
7 4183	4 297	1	1
7 4183	5 712	1	1
7 4183	0 4051	1	1
7 4183	5 3698	1	1
7 4183	6 3060	1	1
7 4184	1 442	1	1
7 4184	3 3273	1	1
7 4184	5 3925	1	1
7 4184	0 3423	1	1
7 4184	1 2382	1	1
7 4184	6 1063	1	1
7 4185	2 384	1	1
7 4185	5 3867	1	1
7 4185	3 3122	1	1
7 4185	2 1579	1	1
7 4185	2 1489	1	1
7 4185	4 4676	1	1
7 4186	4 2879	1	1
7 4186	4 1572	1	1
7 4186	5 4386	1	1
7 4186	2 56	1	1
7 4186	4 3314	1	1
7 4186	4 4244	1	1
7 4187	7 4918	1	1
7 4187	5 4501	1	1
7 4187	4 3534	1	1
7 4187	4 2435	1	1
7 4187	5 1561	1	1
7 4187	4 3493	1	1
7 4188	6 4218	1	1
7 4188	2 2680	1	1
7 4188	2 4913	1	1
7 4188	4 2507	1	1
7 4188	0 1144	1	1
7 4188	2 694	1	1
7 4189	0 3518	1	1
7 4189	6 2741	1	1
7 4189	1 3155	1	1
7 4189	0 1232	1	1
7 4189	6 1635	1	1
7 4189	5 36	1	1
7 4190	1 3343	1	1
7 4190	2 497	1	1
7 4190	3 1421	1	1
7 4190	3 2692	1	1
7 4190	5 4875	1	1
7 4190	4 2510	1	1
7 4191	3 3084	1	1
7 4191	4 3720	1	1
7 4191	6 63	1	1
7 4191	3 2450	1	1
7 4191	4 4482	1	1
7 4191	6 1700	1	1
7 4192	7 3199	1	1
7 4192	3 1431	1	1
7 4192	1 4544	1	1
7 4192	6 3393	1	1
7 4192	2 57	1	1
7 4192	3 1436	1	1
7 4193	7 2825	1	1
7 4193	4 1295	1	1
7 4193	6 741	1	1
7 4193	1 247	1	1
7 4193	1 2201	1	1
7 4193	4 3820	1	1
7 4194	7 1911	1	1
7 4194	1 3407	1	1
7 4194	0 1349	1	1
7 4194	5 2212	1	1
7 4194	1 1531	1	1
7 4194	1 4830	1	1
7 4195	1 4823	1	1
7 4195	0 1964	1	1
7 4195	2 367	1	1
7 4195	0 3143	1	1
7 4195	0 3148	1	1
7 4195	4 495	1	1
7 4196	2 4454	1	1
7 4196	4 2909	1	1
7 4196	2 3766	1	1
7 4196	4 1895	1	1
7 4196	5 3249	1	1
7 4196	4 1366	1	1
7 4197	4 4407	1	1
7 4197	0 494	1	1
7 4197	6 1523	1	1
7 4197	6 10	1	1
7 4197	6 753	1	1
7 4197	3 640	1	1
7 4198	0 4310	1	1
7 4198	4 4485	1	1
7 4198	5 1942	1	1
7 4198	3 2143	1	1
7 4198	6 4850	1	1
7 4198	3 258	1	1
7 4199	7 4402	1	1
7 4199	7 768	1	1
7 4199	7 3470	1	1
7 4199	2 3980	1	1
7 4199	3 2268	1	1
7 4199	2 3810	1	1
7 4200	7 3449	1	1
7 4200	2 4570	1	1
7 4200	1 1611	1	1
7 4200	3 2866	1	1
7 4200	3 3953	1	1
7 4200	4 1970	1	1
7 4201	7 4534	1	1
7 4201	3 2274	1	1
7 4201	2 3828	1	1
7 4201	6 527	1	1
7 4201	6 1646	1	1
7 4201	3 3385	1	1
7 4202	7 1025	1	1
7 4202	7 3613	1	1
7 4202	0 4647	1	1
7 4202	6 2464	1	1
7 4202	2 3364	1	1
7 4202	5 153	1	1
7 4203	1 1803	1	1
7 4203	0 2592	1	1
7 4203	1 3506	1	1
7 4203	2 3119	1	1
7 4203	1 1007	1	1
7 4203	0 4064	1	1
7 4204	1 2581	1	1
7 4204	0 2766	1	1
7 4204	4 3236	1	1
7 4204	4 105	1	1
7 4204	2 3127	1	1
7 4204	1 4278	1	1
7 4205	7 256	1	1
7 4205	7 1330	1	1
7 4205	6 80	1	1
7 4205	6 220	1	1
7 4205	4 2809	1	1
7 4205	0 934	1	1
7 4206	7 2464	1	1
7 4206	3 1339	1	1
7 4206	3 572	1	1
7 4206	1 1339	1	1
7 4206	6 3788	1	1
7 4206	6 3638	1	1
7 4207	7 252	1	1
7 4207	6 4885	1	1
7 4207	3 3188	1	1
7 4207	4 2856	1	1
7 4207	5 104	1	1
7 4207	5 926	1	1
7 4208	7 1102	1	1
7 4208	4 303	1	1
7 4208	3 3755	1	1
7 4208	4 679	1	1
7 4208	2 1389	1	1
7 4208	1 1015	1	1
7 4209	7 1150	1	1
7 4209	4 2356	1	1
7 4209	1 4226	1	1
7 4209	1 319	1	1
7 4209	3 4192	1	1
7 4209	1 1457	1	1
7 4210	7 395	1	1
7 4210	3 3448	1	1
7 4210	5 153	1	1
7 4210	6 912	1	1
7 4210	2 1100	1	1
7 4210	6 3373	1	1
7 4211	6 4529	1	1
7 4211	5 279	1	1
7 4211	4 3903	1	1
7 4211	3 4505	1	1
7 4211	5 3976	1	1
7 4211	4 2983	1	1
7 4212	7 407	1	1
7 4212	7 840	1	1
7 4212	7 942	1	1
7 4212	6 4339	1	1
7 4212	0 1373	1	1
7 4212	2 4587	1	1
7 4213	7 1473	1	1
7 4213	6 2926	1	1
7 4213	1 2053	1	1
7 4213	3 437	1	1
7 4213	4 1921	1	1
7 4213	3 1361	1	1
7 4214	2 3201	1	1
7 4214	3 435	1	1
7 4214	6 1575	1	1
7 4214	4 2498	1	1
7 4214	5 2297	1	1
7 4214	0 2046	1	1
7 4215	7 3569	1	1
7 4215	4 556	1	1
7 4215	3 4971	1	1
7 4215	6 4990	1	1
7 4215	5 4334	1	1
7 4215	4 708	1	1
7 4216	7 396	1	1
7 4216	0 3802	1	1
7 4216	6 4145	1	1
7 4216	2 3111	1	1
7 4216	3 4692	1	1
7 4216	6 3003	1	1
7 4217	7 647	1	1
7 4217	7 4819	1	1
7 4217	7 573	1	1
7 4217	6 4317	1	1
7 4217	1 2955	1	1
7 4217	5 2181	1	1
7 4218	7 4458	1	1
7 4218	0 4295	1	1
7 4218	2 3191	1	1
7 4218	2 541	1	1
7 4218	0 4819	1	1
7 4218	2 702	1	1
7 4219	4 2695	1	1
7 4219	1 493	1	1
7 4219	6 2184	1	1
7 4219	2 2963	1	1
7 4219	4 1031	1	1
7 4219	5 224	1	1
7 4220	2 2389	1	1
7 4220	1 2199	1	1
7 4220	2 1908	1	1
7 4220	5 1628	1	1
7 4220	4 3022	1	1
7 4220	6 3517	1	1
7 4221	7 1041	1	1
7 4221	7 1207	1	1
7 4221	6 3367	1	1
7 4221	6 2685	1	1
7 4221	6 4910	1	1
7 4221	2 2633	1	1
7 4222	7 2221	1	1
7 4222	0 3155	1	1
7 4222	2 195	1	1
7 4222	2 3177	1	1
7 4222	1 4917	1	1
7 4222	4 3882	1	1
7 4223	5 4803	1	1
7 4223	4 4242	1	1
7 4223	0 1131	1	1
7 4223	1 2480	1	1
7 4223	6 4803	1	1
7 4223	2 4533	1	1
7 4224	7 4548	1	1
7 4224	5 3882	1	1
7 4224	1 759	1	1
7 4224	5 4773	1	1
7 4224	4 581	1	1
7 4224	1 3673	1	1
7 4225	4 752	1	1
7 4225	0 846	1	1
7 4225	6 2820	1	1
7 4225	5 4549	1	1
7 4225	2 3244	1	1
7 4225	0 1183	1	1
7 4226	3 4964	1	1
7 4226	3 2106	1	1
7 4226	6 3736	1	1
7 4226	6 3311	1	1
7 4226	6 596	1	1
7 4226	3 174	1	1
7 4227	7 2547	1	1
7 4227	4 4633	1	1
7 4227	2 652	1	1
7 4227	6 2293	1	1
7 4227	6 1201	1	1
7 4227	0 2439	1	1
7 4228	7 4652	1	1
7 4228	2 4364	1	1
7 4228	4 1726	1	1
7 4228	4 4079	1	1
7 4228	0 3408	1	1
7 4228	4 1697	1	1
7 4229	3 1443	1	1
7 4229	4 522	1	1
7 4229	5 3933	1	1
7 4229	3 4850	1	1
7 4229	4 2670	1	1
7 4229	6 1310	1	1
7 4230	5 2415	1	1
7 4230	0 4965	1	1
7 4230	3 3377	1	1
7 4230	1 4210	1	1
7 4230	4 481	1	1
7 4230	0 258	1	1
7 4231	7 476	1	1
7 4231	1 4113	1	1
7 4231	2 246	1	1
7 4231	5 4104	1	1
7 4231	3 4580	1	1
7 4231	5 2784	1	1
7 4232	7 1243	1	1
7 4232	7 4415	1	1
7 4232	0 4118	1	1
7 4232	1 772	1	1
7 4232	2 3930	1	1
7 4232	1 2402	1	1
7 4233	4 1215	1	1
7 4233	4 4800	1	1
7 4233	6 710	1	1
7 4233	4 2697	1	1
7 4233	5 562	1	1
7 4233	4 1651	1	1
7 4234	0 4069	1	1
7 4234	6 100	1	1
7 4234	3 2614	1	1
7 4234	6 333	1	1
7 4234	4 2196	1	1
7 4234	3 2660	1	1
7 4235	7 197	1	1
7 4235	7 892	1	1
7 4235	3 4750	1	1
7 4235	4 721	1	1
7 4235	0 2410	1	1
7 4235	6 1282	1	1
7 4236	3 3123	1	1
7 4236	2 2708	1	1
7 4236	1 3150	1	1
7 4236	2 319	1	1
7 4236	2 203	1	1
7 4236	2 4895	1	1
7 4237	7 4242	1	1
7 4237	4 884	1	1
7 4237	4 4681	1	1
7 4237	6 3848	1	1
7 4237	3 3546	1	1
7 4237	2 192	1	1
7 4238	7 557	1	1
7 4238	4 1411	1	1
7 4238	0 2347	1	1
7 4238	3 1778	1	1
7 4238	0 4007	1	1
7 4238	3 2024	1	1
7 4239	7 4356	1	1
7 4239	5 2586	1	1
7 4239	3 2485	1	1
7 4239	0 1135	1	1
7 4239	4 536	1	1
7 4239	5 2602	1	1
7 4240	7 2632	1	1
7 4240	6 3410	1	1
7 4240	2 2812	1	1
7 4240	5 1570	1	1
7 4240	0 1026	1	1
7 4240	4 2318	1	1
7 4241	7 4200	1	1
7 4241	0 1016	1	1
7 4241	5 625	1	1
7 4241	3 3433	1	1
7 4241	1 4577	1	1
7 4241	1 890	1	1
7 4242	7 4268	1	1
7 4242	2 3302	1	1
7 4242	1 708	1	1
7 4242	2 4905	1	1
7 4242	2 2823	1	1
7 4242	1 1011	1	1
7 4243	1 4075	1	1
7 4243	0 734	1	1
7 4243	3 2477	1	1
7 4243	0 3888	1	1
7 4243	2 303	1	1
7 4243	0 1205	1	1
7 4244	3 2518	1	1
7 4244	2 4521	1	1
7 4244	6 3251	1	1
7 4244	4 2847	1	1
7 4244	5 3657	1	1
7 4244	2 4760	1	1
7 4245	7 1602	1	1
7 4245	3 2874	1	1
7 4245	2 1593	1	1
7 4245	1 2869	1	1
7 4245	1 659	1	1
7 4245	1 2171	1	1
7 4246	1 3802	1	1
7 4246	1 3608	1	1
7 4246	1 3756	1	1
7 4246	1 1794	1	1
7 4246	4 2300	1	1
7 4246	6 3364	1	1
7 4247	7 283	1	1
7 4247	5 2014	1	1
7 4247	0 4327	1	1
7 4247	2 4883	1	1
7 4247	1 3512	1	1
7 4247	6 4277	1	1
7 4248	3 764	1	1
7 4248	3 321	1	1
7 4248	3 3998	1	1
7 4248	6 4611	1	1
7 4248	0 2731	1	1
7 4248	1 476	1	1
7 4249	6 715	1	1
7 4249	6 3804	1	1
7 4249	6 3088	1	1
7 4249	3 4540	1	1
7 4249	6 168	1	1
7 4249	3 1618	1	1
7 4250	7 4443	1	1
7 4250	0 3680	1	1
7 4250	0 870	1	1
7 4250	3 2436	1	1
7 4250	2 310	1	1
7 4250	5 929	1	1
7 4251	7 34	1	1
7 4251	6 1311	1	1
7 4251	0 3188	1	1
7 4251	2 1786	1	1
7 4251	2 2202	1	1
7 4251	6 1463	1	1
7 4252	7 812	1	1
7 4252	2 3211	1	1
7 4252	1 4590	1	1
7 4252	4 954	1	1
7 4252	0 2252	1	1
7 4252	5 2623	1	1
7 4253	7 3824	1	1
7 4253	6 634	1	1
7 4253	4 3049	1	1
7 4253	6 241	1	1
7 4253	6 4822	1	1
7 4253	2 631	1	1
7 4254	6 691	1	1
7 4254	1 2928	1	1
7 4254	0 322	1	1
7 4254	5 3855	1	1
7 4254	4 4038	1	1
7 4254	0 1470	1	1
7 4255	7 4301	1	1
7 4255	7 904	1	1
7 4255	0 4822	1	1
7 4255	0 4622	1	1
7 4255	5 969	1	1
7 4255	1 2017	1	1
7 4256	5 1574	1	1
7 4256	0 1368	1	1
7 4256	0 2921	1	1
7 4256	4 3771	1	1
7 4256	2 1470	1	1
7 4256	3 87	1	1
7 4257	0 2092	1	1
7 4257	4 988	1	1
7 4257	5 4004	1	1
7 4257	3 3880	1	1
7 4257	4 1224	1	1
7 4257	5 1586	1	1
7 4258	7 3280	1	1
7 4258	6 4001	1	1
7 4258	1 3657	1	1
7 4258	2 3408	1	1
7 4258	3 2932	1	1
7 4258	2 4875	1	1
7 4259	7 3873	1	1
7 4259	6 4455	1	1
7 4259	6 1444	1	1
7 4259	5 4911	1	1
7 4259	6 1580	1	1
7 4259	4 2679	1	1
7 4260	7 4339	1	1
7 4260	1 1475	1	1
7 4260	4 3145	1	1
7 4260	5 14	1	1
7 4260	0 4155	1	1
7 4260	0 2822	1	1
7 4261	7 358	1	1
7 4261	5 2548	1	1
7 4261	2 4532	1	1
7 4261	4 3130	1	1
7 4261	2 2703	1	1
7 4261	1 786	1	1
7 4262	0 1896	1	1
7 4262	6 2778	1	1
7 4262	5 4936	1	1
7 4262	5 4973	1	1
7 4262	0 3704	1	1
7 4262	4 3880	1	1
7 4263	3 2156	1	1
7 4263	1 4884	1	1
7 4263	2 4711	1	1
7 4263	5 3059	1	1
7 4263	4 2987	1	1
7 4263	3 3692	1	1
7 4264	7 4145	1	1
7 4264	6 1428	1	1
7 4264	6 1509	1	1
7 4264	1 1670	1	1
7 4264	0 281	1	1
7 4264	6 2406	1	1
7 4265	4 1314	1	1
7 4265	3 4467	1	1
7 4265	0 4387	1	1
7 4265	1 1	1	1
7 4265	0 4139	1	1
7 4265	4 4662	1	1
7 4266	0 252	1	1
7 4266	0 272	1	1
7 4266	0 3047	1	1
7 4266	0 7	1	1
7 4266	4 3088	1	1
7 4266	6 3550	1	1
7 4267	4 2663	1	1
7 4267	2 3474	1	1
7 4267	4 2897	1	1
7 4267	5 2311	1	1
7 4267	2 4936	1	1
7 4267	2 49	1	1
7 4268	6 1476	1	1
7 4268	2 1365	1	1
7 4268	1 2506	1	1
7 4268	2 142	1	1
7 4268	5 3573	1	1
7 4268	4 1982	1	1
7 4269	1 38	1	1
7 4269	5 1719	1	1
7 4269	2 4919	1	1
7 4269	1 4160	1	1
7 4269	6 4808	1	1
7 4269	0 3618	1	1
7 4270	0 4502	1	1
7 4270	5 4039	1	1
7 4270	1 3997	1	1
7 4270	2 158	1	1
7 4270	4 4622	1	1
7 4270	6 4162	1	1
7 4271	7 1072	1	1
7 4271	3 1333	1	1
7 4271	0 4178	1	1
7 4271	0 4597	1	1
7 4271	2 719	1	1
7 4271	0 2453	1	1
7 4272	7 270	1	1
7 4272	4 1729	1	1
7 4272	5 4490	1	1
7 4272	2 2802	1	1
7 4272	3 3021	1	1
7 4272	4 1856	1	1
7 4273	7 1426	1	1
7 4273	4 3242	1	1
7 4273	5 1701	1	1
7 4273	2 1927	1	1
7 4273	2 4314	1	1
7 4273	5 472	1	1
7 4274	7 461	1	1
7 4274	7 2256	1	1
7 4274	1 4091	1	1
7 4274	0 4341	1	1
7 4274	6 981	1	1
7 4274	1 246	1	1
7 4275	1 3915	1	1
7 4275	5 3559	1	1
7 4275	1 2568	1	1
7 4275	2 293	1	1
7 4275	5 4767	1	1
7 4275	0 4465	1	1
7 4276	7 497	1	1
7 4276	3 53	1	1
7 4276	6 2697	1	1
7 4276	3 2828	1	1
7 4276	6 1754	1	1
7 4276	1 2887	1	1
7 4277	7 739	1	1
7 4277	4 3681	1	1
7 4277	3 4139	1	1
7 4277	3 1841	1	1
7 4277	5 4891	1	1
7 4277	5 4511	1	1
7 4278	7 2707	1	1
7 4278	7 1818	1	1
7 4278	5 4820	1	1
7 4278	3 1086	1	1
7 4278	3 1786	1	1
7 4278	2 3367	1	1
7 4279	3 854	1	1
7 4279	4 3561	1	1
7 4279	4 570	1	1
7 4279	1 2435	1	1
7 4279	0 4784	1	1
7 4279	3 3853	1	1
7 4280	4 4018	1	1
7 4280	6 4365	1	1
7 4280	6 1867	1	1
7 4280	3 2617	1	1
7 4280	2 1163	1	1
7 4280	6 3228	1	1
7 4281	7 3377	1	1
7 4281	1 1383	1	1
7 4281	5 987	1	1
7 4281	6 1051	1	1
7 4281	5 417	1	1
7 4281	3 1640	1	1
7 4282	7 2183	1	1
7 4282	7 2579	1	1
7 4282	1 1414	1	1
7 4282	5 668	1	1
7 4282	5 2247	1	1
7 4282	5 1313	1	1
7 4283	5 1792	1	1
7 4283	6 224	1	1
7 4283	4 1564	1	1
7 4283	1 879	1	1
7 4283	6 252	1	1
7 4283	6 2645	1	1
7 4284	2 208	1	1
7 4284	0 1342	1	1
7 4284	6 2427	1	1
7 4284	2 1943	1	1
7 4284	0 4456	1	1
7 4284	3 943	1	1
7 4285	5 4154	1	1
7 4285	1 416	1	1
7 4285	2 4617	1	1
7 4285	3 4665	1	1
7 4285	0 570	1	1
7 4285	4 4386	1	1
7 4286	7 4319	1	1
7 4286	7 4959	1	1
7 4286	3 3313	1	1
7 4286	5 1546	1	1
7 4286	1 3763	1	1
7 4286	5 1274	1	1
7 4287	7 3200	1	1
7 4287	5 4857	1	1
7 4287	0 1668	1	1
7 4287	3 2909	1	1
7 4287	3 2553	1	1
7 4287	1 177	1	1
7 4288	1 1872	1	1
7 4288	0 4389	1	1
7 4288	6 2837	1	1
7 4288	6 4220	1	1
7 4288	5 3472	1	1
7 4288	3 4179	1	1
7 4289	4 1248	1	1
7 4289	5 3134	1	1
7 4289	2 115	1	1
7 4289	4 4237	1	1
7 4289	1 188	1	1
7 4289	3 1770	1	1
7 4290	3 3939	1	1
7 4290	2 3183	1	1
7 4290	2 479	1	1
7 4290	2 3202	1	1
7 4290	4 693	1	1
7 4290	2 3671	1	1
7 4291	2 1955	1	1
7 4291	3 4426	1	1
7 4291	0 4089	1	1
7 4291	1 896	1	1
7 4291	3 2164	1	1
7 4291	4 3848	1	1
7 4292	7 4222	1	1
7 4292	7 3923	1	1
7 4292	0 3509	1	1
7 4292	0 2786	1	1
7 4292	5 3798	1	1
7 4292	4 118	1	1
7 4293	7 2255	1	1
7 4293	6 2430	1	1
7 4293	6 4230	1	1
7 4293	4 4999	1	1
7 4293	3 2194	1	1
7 4293	2 1404	1	1
7 4294	7 3321	1	1
7 4294	0 4933	1	1
7 4294	4 829	1	1
7 4294	3 4292	1	1
7 4294	4 1796	1	1
7 4294	3 1278	1	1
7 4295	3 2468	1	1
7 4295	2 4731	1	1
7 4295	4 4458	1	1
7 4295	2 3677	1	1
7 4295	4 3977	1	1
7 4295	5 703	1	1
7 4296	1 2452	1	1
7 4296	4 497	1	1
7 4296	6 4335	1	1
7 4296	0 1732	1	1
7 4296	5 2299	1	1
7 4296	3 1169	1	1
7 4297	1 1825	1	1
7 4297	6 3007	1	1
7 4297	3 4823	1	1
7 4297	1 1966	1	1
7 4297	4 1511	1	1
7 4297	1 636	1	1
7 4298	7 3840	1	1
7 4298	7 4557	1	1
7 4298	7 130	1	1
7 4298	1 711	1	1
7 4298	1 1797	1	1
7 4298	1 4953	1	1
7 4299	7 366	1	1
7 4299	5 2941	1	1
7 4299	5 1788	1	1
7 4299	3 3802	1	1
7 4299	3 108	1	1
7 4299	1 2492	1	1
7 4300	7 4263	1	1
7 4300	1 3205	1	1
7 4300	1 1695	1	1
7 4300	1 4720	1	1
7 4300	6 2319	1	1
7 4300	5 3629	1	1
7 4301	7 4420	1	1
7 4301	5 4404	1	1
7 4301	1 192	1	1
7 4301	4 1302	1	1
7 4301	5 3421	1	1
7 4301	2 4898	1	1
7 4302	7 264	1	1
7 4302	6 2651	1	1
7 4302	6 3101	1	1
7 4302	1 1374	1	1
7 4302	6 4945	1	1
7 4302	3 1036	1	1
7 4303	1 4544	1	1
7 4303	3 1235	1	1
7 4303	1 1483	1	1
7 4303	2 4390	1	1
7 4303	0 680	1	1
7 4303	1 911	1	1
7 4304	7 4692	1	1
7 4304	3 4142	1	1
7 4304	2 1450	1	1
7 4304	5 3671	1	1
7 4304	3 474	1	1
7 4304	6 1202	1	1
7 4305	7 2775	1	1
7 4305	7 2782	1	1
7 4305	6 2802	1	1
7 4305	2 1431	1	1
7 4305	4 479	1	1
7 4305	4 4533	1	1
7 4306	7 2434	1	1
7 4306	6 4375	1	1
7 4306	4 2225	1	1
7 4306	6 3730	1	1
7 4306	3 4714	1	1
7 4306	2 3144	1	1
7 4307	4 4586	1	1
7 4307	2 1685	1	1
7 4307	3 19	1	1
7 4307	3 3276	1	1
7 4307	2 2056	1	1
7 4307	4 3880	1	1
7 4308	7 1281	1	1
7 4308	7 2000	1	1
7 4308	0 3888	1	1
7 4308	2 4122	1	1
7 4308	5 2293	1	1
7 4308	6 2068	1	1
7 4309	5 3321	1	1
7 4309	0 2078	1	1
7 4309	6 2298	1	1
7 4309	5 2868	1	1
7 4309	3 2103	1	1
7 4309	5 2491	1	1
7 4310	7 3666	1	1
7 4310	7 2717	1	1
7 4310	4 2748	1	1
7 4310	5 1148	1	1
7 4310	4 4727	1	1
7 4310	6 3581	1	1
7 4311	2 1642	1	1
7 4311	5 3885	1	1
7 4311	4 1219	1	1
7 4311	5 3240	1	1
7 4311	1 13	1	1
7 4311	3 4901	1	1
7 4312	7 3967	1	1
7 4312	7 1533	1	1
7 4312	0 621	1	1
7 4312	0 1099	1	1
7 4312	0 4431	1	1
7 4312	6 3862	1	1
7 4313	7 606	1	1
7 4313	4 2367	1	1
7 4313	6 2203	1	1
7 4313	4 1321	1	1
7 4313	0 4777	1	1
7 4313	6 3186	1	1
7 4314	7 2266	1	1
7 4314	0 1298	1	1
7 4314	2 19	1	1
7 4314	2 2657	1	1
7 4314	4 929	1	1
7 4314	5 3842	1	1
7 4315	3 2909	1	1
7 4315	1 3187	1	1
7 4315	2 859	1	1
7 4315	1 2098	1	1
7 4315	3 871	1	1
7 4315	1 1723	1	1
7 4316	7 1094	1	1
7 4316	2 4567	1	1
7 4316	2 3548	1	1
7 4316	4 1311	1	1
7 4316	4 214	1	1
7 4316	6 1980	1	1
7 4317	7 3615	1	1
7 4317	6 570	1	1
7 4317	4 8	1	1
7 4317	0 3445	1	1
7 4317	5 4644	1	1
7 4317	2 1708	1	1
7 4318	7 1025	1	1
7 4318	1 1406	1	1
7 4318	5 436	1	1
7 4318	0 908	1	1
7 4318	5 892	1	1
7 4318	3 461	1	1
7 4319	7 2794	1	1
7 4319	0 1950	1	1
7 4319	4 3217	1	1
7 4319	0 3914	1	1
7 4319	0 14	1	1
7 4319	0 3201	1	1
7 4320	7 3147	1	1
7 4320	1 325	1	1
7 4320	5 1209	1	1
7 4320	3 4285	1	1
7 4320	0 2560	1	1
7 4320	1 4829	1	1
7 4321	6 2694	1	1
7 4321	1 540	1	1
7 4321	1 4933	1	1
7 4321	5 3334	1	1
7 4321	6 709	1	1
7 4321	6 117	1	1
7 4322	7 134	1	1
7 4322	2 97	1	1
7 4322	1 3160	1	1
7 4322	4 606	1	1
7 4322	4 3087	1	1
7 4322	2 3415	1	1
7 4323	1 1458	1	1
7 4323	5 38	1	1
7 4323	6 750	1	1
7 4323	0 4147	1	1
7 4323	5 2240	1	1
7 4323	0 2326	1	1
7 4324	1 1392	1	1
7 4324	6 4139	1	1
7 4324	6 3419	1	1
7 4324	2 3918	1	1
7 4324	6 2084	1	1
7 4324	6 3037	1	1
7 4325	6 3692	1	1
7 4325	5 3629	1	1
7 4325	1 3762	1	1
7 4325	3 4589	1	1
7 4325	1 1198	1	1
7 4325	2 1107	1	1
7 4326	7 3312	1	1
7 4326	6 1625	1	1
7 4326	4 4781	1	1
7 4326	4 1520	1	1
7 4326	5 3650	1	1
7 4326	4 4086	1	1
7 4327	5 2469	1	1
7 4327	1 2958	1	1
7 4327	3 2104	1	1
7 4327	4 4014	1	1
7 4327	3 4972	1	1
7 4327	2 3094	1	1
7 4328	5 3256	1	1
7 4328	0 3525	1	1
7 4328	4 4039	1	1
7 4328	6 1197	1	1
7 4328	1 2095	1	1
7 4328	4 1175	1	1
7 4329	3 224	1	1
7 4329	6 3284	1	1
7 4329	3 2221	1	1
7 4329	0 4845	1	1
7 4329	1 2810	1	1
7 4329	2 273	1	1
7 4330	3 1131	1	1
7 4330	5 4815	1	1
7 4330	0 649	1	1
7 4330	1 1004	1	1
7 4330	0 3630	1	1
7 4330	1 507	1	1
7 4331	7 4338	1	1
7 4331	2 1056	1	1
7 4331	5 2630	1	1
7 4331	6 1094	1	1
7 4331	1 4429	1	1
7 4331	6 1022	1	1
7 4332	4 4142	1	1
7 4332	6 294	1	1
7 4332	0 686	1	1
7 4332	5 1907	1	1
7 4332	2 3084	1	1
7 4332	1 1061	1	1
7 4333	7 2995	1	1
7 4333	5 2582	1	1
7 4333	4 2763	1	1
7 4333	1 1230	1	1
7 4333	3 4563	1	1
7 4333	5 2113	1	1
7 4334	7 3351	1	1
7 4334	7 1925	1	1
7 4334	4 528	1	1
7 4334	1 4803	1	1
7 4334	0 1005	1	1
7 4334	4 3493	1	1
7 4335	0 3011	1	1
7 4335	4 1235	1	1
7 4335	3 152	1	1
7 4335	4 2533	1	1
7 4335	5 321	1	1
7 4335	2 1198	1	1
7 4336	7 4252	1	1
7 4336	0 1748	1	1
7 4336	6 2313	1	1
7 4336	2 267	1	1
7 4336	1 4302	1	1
7 4336	5 1628	1	1
7 4337	3 2276	1	1
7 4337	4 1076	1	1
7 4337	6 4621	1	1
7 4337	0 3780	1	1
7 4337	6 897	1	1
7 4337	4 670	1	1
7 4338	4 4496	1	1
7 4338	0 4919	1	1
7 4338	0 2091	1	1
7 4338	4 4292	1	1
7 4338	4 693	1	1
7 4338	3 314	1	1
7 4339	7 2470	1	1
7 4339	4 432	1	1
7 4339	3 234	1	1
7 4339	3 4891	1	1
7 4339	2 677	1	1
7 4339	6 4365	1	1
7 4340	1 1489	1	1
7 4340	5 4221	1	1
7 4340	0 2455	1	1
7 4340	6 4841	1	1
7 4340	4 2447	1	1
7 4340	4 4075	1	1
7 4341	7 1503	1	1
7 4341	1 4316	1	1
7 4341	1 2829	1	1
7 4341	4 4155	1	1
7 4341	6 1230	1	1
7 4341	6 1614	1	1
7 4342	7 556	1	1
7 4342	1 794	1	1
7 4342	4 73	1	1
7 4342	3 1684	1	1
7 4342	0 4573	1	1
7 4342	6 3511	1	1
7 4343	5 2945	1	1
7 4343	0 2327	1	1
7 4343	4 4210	1	1
7 4343	0 45	1	1
7 4343	2 2549	1	1
7 4343	4 4821	1	1
7 4344	7 4890	1	1
7 4344	1 1702	1	1
7 4344	1 1222	1	1
7 4344	0 2668	1	1
7 4344	4 3514	1	1
7 4344	5 1365	1	1
7 4345	7 3870	1	1
7 4345	1 2774	1	1
7 4345	1 696	1	1
7 4345	3 4679	1	1
7 4345	6 1172	1	1
7 4345	6 869	1	1
7 4346	3 4885	1	1
7 4346	2 1709	1	1
7 4346	5 4527	1	1
7 4346	6 4572	1	1
7 4346	2 3123	1	1
7 4346	6 402	1	1
7 4347	6 703	1	1
7 4347	3 4513	1	1
7 4347	5 4702	1	1
7 4347	2 4084	1	1
7 4347	4 397	1	1
7 4347	2 1556	1	1
7 4348	7 3355	1	1
7 4348	2 4574	1	1
7 4348	4 2015	1	1
7 4348	6 1531	1	1
7 4348	2 4774	1	1
7 4348	3 175	1	1
7 4349	7 4484	1	1
7 4349	3 1535	1	1
7 4349	2 2347	1	1
7 4349	6 2093	1	1
7 4349	2 899	1	1
7 4349	6 2032	1	1
7 4350	7 135	1	1
7 4350	5 3610	1	1
7 4350	6 4547	1	1
7 4350	6 2890	1	1
7 4350	0 3235	1	1
7 4350	6 2987	1	1
7 4351	0 523	1	1
7 4351	0 4127	1	1
7 4351	0 3113	1	1
7 4351	2 953	1	1
7 4351	1 2097	1	1
7 4351	1 3881	1	1
7 4352	2 4589	1	1
7 4352	1 3941	1	1
7 4352	1 4388	1	1
7 4352	6 3292	1	1
7 4352	4 3504	1	1
7 4352	6 1268	1	1
7 4353	2 3804	1	1
7 4353	3 485	1	1
7 4353	2 2450	1	1
7 4353	1 362	1	1
7 4353	3 1034	1	1
7 4353	0 4892	1	1
7 4354	7 4628	1	1
7 4354	7 3658	1	1
7 4354	5 1683	1	1
7 4354	2 2469	1	1
7 4354	2 2346	1	1
7 4354	3 1144	1	1
7 4355	6 4599	1	1
7 4355	6 4027	1	1
7 4355	6 391	1	1
7 4355	1 3866	1	1
7 4355	3 4482	1	1
7 4355	3 3484	1	1
7 4356	0 4507	1	1
7 4356	1 4952	1	1
7 4356	6 3138	1	1
7 4356	2 3102	1	1
7 4356	5 3723	1	1
7 4356	0 3074	1	1
7 4357	5 35	1	1
7 4357	5 1605	1	1
7 4357	4 4019	1	1
7 4357	6 2029	1	1
7 4357	2 2408	1	1
7 4357	5 3525	1	1
7 4358	7 4479	1	1
7 4358	7 3689	1	1
7 4358	7 3887	1	1
7 4358	7 1649	1	1
7 4358	2 3215	1	1
7 4358	2 360	1	1
7 4359	7 4140	1	1
7 4359	4 4907	1	1
7 4359	1 550	1	1
7 4359	0 3189	1	1
7 4359	3 1272	1	1
7 4359	6 3230	1	1
7 4360	7 3470	1	1
7 4360	7 2214	1	1
7 4360	4 3456	1	1
7 4360	0 4212	1	1
7 4360	0 3565	1	1
7 4360	0 3635	1	1
7 4361	7 3323	1	1
7 4361	2 2453	1	1
7 4361	1 2452	1	1
7 4361	4 3460	1	1
7 4361	0 582	1	1
7 4361	6 3881	1	1
7 4362	2 1936	1	1
7 4362	2 2533	1	1
7 4362	4 4272	1	1
7 4362	0 4304	1	1
7 4362	3 1111	1	1
7 4362	2 1893	1	1
7 4363	7 696	1	1
7 4363	6 3336	1	1
7 4363	5 2086	1	1
7 4363	2 3811	1	1
7 4363	6 4753	1	1
7 4363	3 4909	1	1
7 4364	2 4292	1	1
7 4364	5 3951	1	1
7 4364	0 4215	1	1
7 4364	0 3296	1	1
7 4364	0 4154	1	1
7 4364	0 4921	1	1
7 4365	7 2906	1	1
7 4365	0 4775	1	1
7 4365	5 2615	1	1
7 4365	3 644	1	1
7 4365	3 1591	1	1
7 4365	1 1526	1	1
7 4366	7 1772	1	1
7 4366	7 2644	1	1
7 4366	6 1629	1	1
7 4366	5 1364	1	1
7 4366	3 618	1	1
7 4366	6 2551	1	1
7 4367	5 240	1	1
7 4367	2 2969	1	1
7 4367	3 438	1	1
7 4367	2 2895	1	1
7 4367	4 1717	1	1
7 4367	6 767	1	1
7 4368	7 2819	1	1
7 4368	2 3896	1	1
7 4368	0 1416	1	1
7 4368	1 2726	1	1
7 4368	3 1257	1	1
7 4368	3 3168	1	1
7 4369	7 4797	1	1
7 4369	3 3140	1	1
7 4369	5 9	1	1
7 4369	1 3892	1	1
7 4369	3 546	1	1
7 4369	5 2684	1	1
7 4370	7 1179	1	1
7 4370	7 497	1	1
7 4370	4 4881	1	1
7 4370	0 2230	1	1
7 4370	0 4556	1	1
7 4370	5 862	1	1
7 4371	1 1394	1	1
7 4371	0 2449	1	1
7 4371	5 133	1	1
7 4371	3 248	1	1
7 4371	3 657	1	1
7 4371	1 1970	1	1
7 4372	7 2558	1	1
7 4372	7 1631	1	1
7 4372	4 3088	1	1
7 4372	2 1961	1	1
7 4372	3 4668	1	1
7 4372	3 341	1	1
7 4373	7 4894	1	1
7 4373	7 438	1	1
7 4373	7 3333	1	1
7 4373	0 4694	1	1
7 4373	5 3662	1	1
7 4373	1 2923	1	1
7 4374	7 3835	1	1
7 4374	0 1239	1	1
7 4374	0 828	1	1
7 4374	0 2487	1	1
7 4374	6 242	1	1
7 4374	5 3708	1	1
7 4375	3 4094	1	1
7 4375	4 3833	1	1
7 4375	3 4781	1	1
7 4375	4 3699	1	1
7 4375	1 1221	1	1
7 4375	1 907	1	1
7 4376	0 3268	1	1
7 4376	6 2057	1	1
7 4376	6 1158	1	1
7 4376	1 1459	1	1
7 4376	3 4245	1	1
7 4376	5 3653	1	1
7 4377	7 1490	1	1
7 4377	7 964	1	1
7 4377	6 3975	1	1
7 4377	1 2533	1	1
7 4377	2 1515	1	1
7 4377	4 925	1	1
7 4378	5 915	1	1
7 4378	2 3634	1	1
7 4378	5 2183	1	1
7 4378	6 80	1	1
7 4378	6 4394	1	1
7 4378	4 2279	1	1
7 4379	7 1664	1	1
7 4379	3 82	1	1
7 4379	3 1167	1	1
7 4379	3 4471	1	1
7 4379	5 51	1	1
7 4379	1 2974	1	1
7 4380	6 4199	1	1
7 4380	2 2294	1	1
7 4380	2 4452	1	1
7 4380	2 4843	1	1
7 4380	5 1690	1	1
7 4380	5 336	1	1
7 4381	5 1182	1	1
7 4381	4 2664	1	1
7 4381	4 2681	1	1
7 4381	2 475	1	1
7 4381	2 2619	1	1
7 4381	2 342	1	1
7 4382	7 2749	1	1
7 4382	2 1650	1	1
7 4382	0 58	1	1
7 4382	3 74	1	1
7 4382	5 4561	1	1
7 4382	6 806	1	1
7 4383	7 271	1	1
7 4383	0 4578	1	1
7 4383	6 774	1	1
7 4383	6 3597	1	1
7 4383	0 16	1	1
7 4383	0 3424	1	1
7 4384	7 4281	1	1
7 4384	3 3212	1	1
7 4384	3 4998	1	1
7 4384	6 2581	1	1
7 4384	6 4494	1	1
7 4384	1 2996	1	1
7 4385	7 3837	1	1
7 4385	0 1075	1	1
7 4385	3 302	1	1
7 4385	4 2938	1	1
7 4385	6 1843	1	1
7 4385	0 4933	1	1
7 4386	1 2484	1	1
7 4386	0 1558	1	1
7 4386	0 2340	1	1
7 4386	4 4144	1	1
7 4386	0 1967	1	1
7 4386	5 2406	1	1
7 4387	3 1079	1	1
7 4387	4 2793	1	1
7 4387	6 1316	1	1
7 4387	2 1549	1	1
7 4387	4 2693	1	1
7 4387	3 3868	1	1
7 4388	7 1891	1	1
7 4388	0 3510	1	1
7 4388	1 2660	1	1
7 4388	2 2268	1	1
7 4388	3 2283	1	1
7 4388	6 1881	1	1
7 4389	7 1956	1	1
7 4389	3 2286	1	1
7 4389	1 1106	1	1
7 4389	1 371	1	1
7 4389	1 3884	1	1
7 4389	1 4283	1	1
7 4390	0 4586	1	1
7 4390	5 2585	1	1
7 4390	3 347	1	1
7 4390	6 4277	1	1
7 4390	5 3552	1	1
7 4390	1 4465	1	1
7 4391	0 2299	1	1
7 4391	1 437	1	1
7 4391	5 2905	1	1
7 4391	6 3765	1	1
7 4391	0 3260	1	1
7 4391	2 4311	1	1
7 4392	7 1194	1	1
7 4392	5 4240	1	1
7 4392	1 544	1	1
7 4392	4 4377	1	1
7 4392	0 1973	1	1
7 4392	1 1880	1	1
7 4393	4 3002	1	1
7 4393	1 756	1	1
7 4393	5 331	1	1
7 4393	3 4650	1	1
7 4393	1 486	1	1
7 4393	4 4964	1	1
7 4394	3 883	1	1
7 4394	3 3342	1	1
7 4394	3 2960	1	1
7 4394	6 2166	1	1
7 4394	2 860	1	1
7 4394	1 3648	1	1
7 4395	3 731	1	1
7 4395	2 1511	1	1
7 4395	5 3546	1	1
7 4395	1 1231	1	1
7 4395	6 2931	1	1
7 4395	0 4694	1	1
7 4396	7 1167	1	1
7 4396	0 2274	1	1
7 4396	6 4922	1	1
7 4396	3 4659	1	1
7 4396	6 4324	1	1
7 4396	6 357	1	1
7 4397	0 2886	1	1
7 4397	6 2036	1	1
7 4397	3 4127	1	1
7 4397	3 3691	1	1
7 4397	6 3109	1	1
7 4397	6 1739	1	1
7 4398	7 122	1	1
7 4398	6 1206	1	1
7 4398	5 4971	1	1
7 4398	0 970	1	1
7 4398	3 559	1	1
7 4398	0 759	1	1
7 4399	5 2186	1	1
7 4399	4 2480	1	1
7 4399	2 2960	1	1
7 4399	1 2704	1	1
7 4399	6 1412	1	1
7 4399	4 1489	1	1
7 4400	2 2153	1	1
7 4400	6 4941	1	1
7 4400	1 3969	1	1
7 4400	1 3068	1	1
7 4400	2 4219	1	1
7 4400	3 3116	1	1
7 4401	0 1148	1	1
7 4401	0 463	1	1
7 4401	0 1022	1	1
7 4401	2 1862	1	1
7 4401	5 4993	1	1
7 4401	4 4552	1	1
7 4402	1 200	1	1
7 4402	4 1395	1	1
7 4402	0 2212	1	1
7 4402	4 3981	1	1
7 4402	6 2224	1	1
7 4402	6 2371	1	1
7 4403	5 897	1	1
7 4403	5 3601	1	1
7 4403	3 2886	1	1
7 4403	2 3702	1	1
7 4403	4 377	1	1
7 4403	2 1341	1	1
7 4404	0 462	1	1
7 4404	5 474	1	1
7 4404	4 1552	1	1
7 4404	6 3364	1	1
7 4404	1 2325	1	1
7 4404	3 1711	1	1
7 4405	7 4046	1	1
7 4405	1 138	1	1
7 4405	6 1115	1	1
7 4405	5 4765	1	1
7 4405	1 502	1	1
7 4405	6 1999	1	1
7 4406	7 4569	1	1
7 4406	7 4183	1	1
7 4406	2 700	1	1
7 4406	3 3367	1	1
7 4406	6 3676	1	1
7 4406	3 1302	1	1
7 4407	7 3756	1	1
7 4407	5 2340	1	1
7 4407	3 286	1	1
7 4407	2 3391	1	1
7 4407	2 3198	1	1
7 4407	5 4080	1	1
7 4408	6 2635	1	1
7 4408	6 3116	1	1
7 4408	2 1345	1	1
7 4408	3 4799	1	1
7 4408	5 2923	1	1
7 4408	6 2026	1	1
7 4409	7 925	1	1
7 4409	1 4961	1	1
7 4409	0 2684	1	1
7 4409	6 4157	1	1
7 4409	6 3607	1	1
7 4409	1 4441	1	1
7 4410	4 3512	1	1
7 4410	0 105	1	1
7 4410	5 2274	1	1
7 4410	6 3665	1	1
7 4410	0 4418	1	1
7 4410	1 2285	1	1
7 4411	3 3055	1	1
7 4411	6 2447	1	1
7 4411	4 367	1	1
7 4411	3 2300	1	1
7 4411	0 2506	1	1
7 4411	4 4223	1	1
7 4412	4 4221	1	1
7 4412	3 4335	1	1
7 4412	4 4789	1	1
7 4412	2 2741	1	1
7 4412	0 4360	1	1
7 4412	6 2273	1	1
7 4413	7 399	1	1
7 4413	3 4402	1	1
7 4413	3 1438	1	1
7 4413	5 1629	1	1
7 4413	6 2362	1	1
7 4413	3 3622	1	1
7 4414	7 2303	1	1
7 4414	4 1280	1	1
7 4414	0 3260	1	1
7 4414	6 1006	1	1
7 4414	3 421	1	1
7 4414	3 4722	1	1
7 4415	7 4249	1	1
7 4415	7 3937	1	1
7 4415	6 2095	1	1
7 4415	5 3093	1	1
7 4415	4 4144	1	1
7 4415	6 2940	1	1
7 4416	2 160	1	1
7 4416	3 54	1	1
7 4416	2 4693	1	1
7 4416	6 2413	1	1
7 4416	6 2941	1	1
7 4416	1 2258	1	1
7 4417	6 2096	1	1
7 4417	1 4641	1	1
7 4417	4 2442	1	1
7 4417	1 4447	1	1
7 4417	5 707	1	1
7 4417	4 633	1	1
7 4418	7 4618	1	1
7 4418	5 1641	1	1
7 4418	1 3782	1	1
7 4418	2 1270	1	1
7 4418	6 4096	1	1
7 4418	6 3022	1	1
7 4419	7 179	1	1
7 4419	7 4506	1	1
7 4419	4 1006	1	1
7 4419	6 2053	1	1
7 4419	5 4399	1	1
7 4419	4 2023	1	1
7 4420	5 1789	1	1
7 4420	0 4909	1	1
7 4420	3 1141	1	1
7 4420	6 1776	1	1
7 4420	0 1453	1	1
7 4420	1 3455	1	1
7 4421	7 666	1	1
7 4421	4 2769	1	1
7 4421	4 2538	1	1
7 4421	6 687	1	1
7 4421	4 1727	1	1
7 4421	2 2439	1	1
7 4422	7 615	1	1
7 4422	7 511	1	1
7 4422	6 2634	1	1
7 4422	4 674	1	1
7 4422	4 3414	1	1
7 4422	2 265	1	1
7 4423	7 1760	1	1
7 4423	2 406	1	1
7 4423	5 2690	1	1
7 4423	2 1198	1	1
7 4423	3 2818	1	1
7 4423	5 75	1	1
7 4424	4 4845	1	1
7 4424	2 3521	1	1
7 4424	5 4233	1	1
7 4424	5 3076	1	1
7 4424	0 2835	1	1
7 4424	5 4184	1	1
7 4425	7 2594	1	1
7 4425	2 2134	1	1
7 4425	5 814	1	1
7 4425	5 3766	1	1
7 4425	0 1519	1	1
7 4425	4 4864	1	1
7 4426	7 3198	1	1
7 4426	2 3840	1	1
7 4426	5 3386	1	1
7 4426	1 3764	1	1
7 4426	1 4024	1	1
7 4426	2 2849	1	1
7 4427	5 2453	1	1
7 4427	5 1136	1	1
7 4427	5 2290	1	1
7 4427	4 2830	1	1
7 4427	4 2867	1	1
7 4427	5 2325	1	1
7 4428	7 1476	1	1
7 4428	4 961	1	1
7 4428	3 1604	1	1
7 4428	5 463	1	1
7 4428	4 2695	1	1
7 4428	0 695	1	1
7 4429	7 3582	1	1
7 4429	5 3035	1	1
7 4429	3 4874	1	1
7 4429	2 2890	1	1
7 4429	2 3233	1	1
7 4429	5 473	1	1
7 4430	7 1353	1	1
7 4430	4 2318	1	1
7 4430	0 763	1	1
7 4430	1 4062	1	1
7 4430	0 1220	1	1
7 4430	4 742	1	1
7 4431	5 2578	1	1
7 4431	3 3899	1	1
7 4431	4 1495	1	1
7 4431	1 2553	1	1
7 4431	3 283	1	1
7 4431	5 1266	1	1
7 4432	7 2936	1	1
7 4432	7 4078	1	1
7 4432	5 3345	1	1
7 4432	0 1953	1	1
7 4432	0 4350	1	1
7 4432	0 4999	1	1
7 4433	6 633	1	1
7 4433	4 588	1	1
7 4433	5 671	1	1
7 4433	6 1731	1	1
7 4433	4 3810	1	1
7 4433	2 4964	1	1
7 4434	7 1259	1	1
7 4434	2 4143	1	1
7 4434	5 3216	1	1
7 4434	5 2267	1	1
7 4434	0 2672	1	1
7 4434	4 3205	1	1
7 4435	0 1843	1	1
7 4435	4 1550	1	1
7 4435	2 4674	1	1
7 4435	2 1263	1	1
7 4435	1 1667	1	1
7 4435	4 851	1	1
7 4436	7 4259	1	1
7 4436	7 2037	1	1
7 4436	7 2381	1	1
7 4436	6 2068	1	1
7 4436	2 3121	1	1
7 4436	6 2328	1	1
7 4437	5 2301	1	1
7 4437	5 1763	1	1
7 4437	5 1348	1	1
7 4437	3 4221	1	1
7 4437	1 969	1	1
7 4437	5 3904	1	1
7 4438	5 3806	1	1
7 4438	1 3395	1	1
7 4438	1 451	1	1
7 4438	1 4611	1	1
7 4438	4 2293	1	1
7 4438	0 2366	1	1
7 4439	7 3710	1	1
7 4439	1 4515	1	1
7 4439	0 513	1	1
7 4439	1 3396	1	1
7 4439	4 483	1	1
7 4439	2 30	1	1
7 4440	1 576	1	1
7 4440	6 2915	1	1
7 4440	6 3413	1	1
7 4440	4 2437	1	1
7 4440	4 2426	1	1
7 4440	4 2139	1	1
7 4441	7 3692	1	1
7 4441	3 4584	1	1
7 4441	3 4374	1	1
7 4441	2 4898	1	1
7 4441	3 4868	1	1
7 4441	3 4898	1	1
7 4442	7 2207	1	1
7 4442	7 1530	1	1
7 4442	1 3464	1	1
7 4442	3 506	1	1
7 4442	1 2617	1	1
7 4442	5 4041	1	1
7 4443	5 23	1	1
7 4443	5 3459	1	1
7 4443	6 1755	1	1
7 4443	6 974	1	1
7 4443	5 402	1	1
7 4443	5 2240	1	1
7 4444	2 4984	1	1
7 4444	4 3104	1	1
7 4444	1 3994	1	1
7 4444	5 3825	1	1
7 4444	3 4774	1	1
7 4444	3 689	1	1
7 4445	7 4665	1	1
7 4445	1 2173	1	1
7 4445	2 2471	1	1
7 4445	2 3508	1	1
7 4445	4 4490	1	1
7 4445	5 2948	1	1
7 4446	3 1313	1	1
7 4446	5 4593	1	1
7 4446	2 174	1	1
7 4446	3 2172	1	1
7 4446	1 1547	1	1
7 4446	1 1377	1	1
7 4447	7 4050	1	1
7 4447	6 1106	1	1
7 4447	1 2403	1	1
7 4447	5 2628	1	1
7 4447	4 1058	1	1
7 4447	5 2338	1	1
7 4448	1 2984	1	1
7 4448	6 2060	1	1
7 4448	0 503	1	1
7 4448	4 1346	1	1
7 4448	5 4600	1	1
7 4448	2 2582	1	1
7 4449	7 3796	1	1
7 4449	6 208	1	1
7 4449	0 4350	1	1
7 4449	5 972	1	1
7 4449	6 2758	1	1
7 4449	5 1290	1	1
7 4450	7 4730	1	1
7 4450	7 3805	1	1
7 4450	5 2765	1	1
7 4450	3 3335	1	1
7 4450	3 4956	1	1
7 4450	5 3037	1	1
7 4451	7 2170	1	1
7 4451	7 4447	1	1
7 4451	5 3483	1	1
7 4451	6 566	1	1
7 4451	4 2656	1	1
7 4451	5 4725	1	1
7 4452	7 942	1	1
7 4452	7 3339	1	1
7 4452	7 4821	1	1
7 4452	4 2064	1	1
7 4452	1 4851	1	1
7 4452	3 2491	1	1
7 4453	6 4380	1	1
7 4453	1 4534	1	1
7 4453	0 936	1	1
7 4453	5 2957	1	1
7 4453	6 2456	1	1
7 4453	3 4863	1	1
7 4454	2 3528	1	1
7 4454	5 2973	1	1
7 4454	2 331	1	1
7 4454	2 2711	1	1
7 4454	3 3546	1	1
7 4454	1 4652	1	1
7 4455	7 1672	1	1
7 4455	4 1433	1	1
7 4455	0 4408	1	1
7 4455	1 3944	1	1
7 4455	5 3185	1	1
7 4455	0 3519	1	1
7 4456	4 3178	1	1
7 4456	0 2161	1	1
7 4456	1 3580	1	1
7 4456	5 3418	1	1
7 4456	3 3233	1	1
7 4456	6 150	1	1
7 4457	4 3016	1	1
7 4457	6 1447	1	1
7 4457	4 669	1	1
7 4457	3 4104	1	1
7 4457	3 280	1	1
7 4457	5 4579	1	1
7 4458	7 3989	1	1
7 4458	1 1074	1	1
7 4458	6 318	1	1
7 4458	1 4471	1	1
7 4458	1 1161	1	1
7 4458	2 4873	1	1
7 4459	7 1802	1	1
7 4459	7 805	1	1
7 4459	1 3955	1	1
7 4459	3 3434	1	1
7 4459	3 4245	1	1
7 4459	1 4947	1	1
7 4460	7 130	1	1
7 4460	0 2136	1	1
7 4460	3 4525	1	1
7 4460	5 4418	1	1
7 4460	0 186	1	1
7 4460	3 2913	1	1
7 4461	7 3397	1	1
7 4461	7 2802	1	1
7 4461	7 416	1	1
7 4461	1 2740	1	1
7 4461	1 1408	1	1
7 4461	6 3703	1	1
7 4462	7 3780	1	1
7 4462	1 877	1	1
7 4462	3 1325	1	1
7 4462	1 2372	1	1
7 4462	6 2315	1	1
7 4462	4 2170	1	1
7 4463	7 465	1	1
7 4463	2 1539	1	1
7 4463	1 4696	1	1
7 4463	5 4358	1	1
7 4463	4 385	1	1
7 4463	5 1600	1	1
7 4464	7 2108	1	1
7 4464	1 963	1	1
7 4464	6 808	1	1
7 4464	0 3444	1	1
7 4464	4 1682	1	1
7 4464	4 4894	1	1
7 4465	7 1359	1	1
7 4465	7 4350	1	1
7 4465	5 2936	1	1
7 4465	1 993	1	1
7 4465	6 1070	1	1
7 4465	3 3607	1	1
7 4466	2 397	1	1
7 4466	3 3143	1	1
7 4466	1 2566	1	1
7 4466	6 4681	1	1
7 4466	0 4919	1	1
7 4466	5 322	1	1
7 4467	7 4125	1	1
7 4467	1 4609	1	1
7 4467	4 3927	1	1
7 4467	1 4678	1	1
7 4467	1 3507	1	1
7 4467	3 4779	1	1
7 4468	0 2537	1	1
7 4468	0 2186	1	1
7 4468	6 2502	1	1
7 4468	4 1122	1	1
7 4468	4 1776	1	1
7 4468	1 1861	1	1
7 4469	7 3371	1	1
7 4469	7 1205	1	1
7 4469	7 4487	1	1
7 4469	1 2953	1	1
7 4469	2 1848	1	1
7 4469	0 4081	1	1
7 4470	1 189	1	1
7 4470	2 3987	1	1
7 4470	6 1198	1	1
7 4470	4 3664	1	1
7 4470	6 4971	1	1
7 4470	5 258	1	1
7 4471	5 850	1	1
7 4471	0 3682	1	1
7 4471	3 4102	1	1
7 4471	3 1328	1	1
7 4471	3 1037	1	1
7 4471	0 4598	1	1
7 4472	7 2772	1	1
7 4472	3 287	1	1
7 4472	2 4386	1	1
7 4472	3 3285	1	1
7 4472	1 3737	1	1
7 4472	4 3424	1	1
7 4473	3 1622	1	1
7 4473	6 4601	1	1
7 4473	2 1825	1	1
7 4473	1 4839	1	1
7 4473	2 3504	1	1
7 4473	2 2686	1	1
7 4474	5 3349	1	1
7 4474	4 3991	1	1
7 4474	0 3462	1	1
7 4474	2 1932	1	1
7 4474	3 3954	1	1
7 4474	2 4298	1	1
7 4475	7 3014	1	1
7 4475	3 2001	1	1
7 4475	1 3980	1	1
7 4475	2 3445	1	1
7 4475	1 1884	1	1
7 4475	4 4073	1	1
7 4476	7 3362	1	1
7 4476	5 508	1	1
7 4476	4 113	1	1
7 4476	5 2110	1	1
7 4476	5 3200	1	1
7 4476	4 1480	1	1
7 4477	7 1787	1	1
7 4477	0 3576	1	1
7 4477	4 4310	1	1
7 4477	6 2771	1	1
7 4477	0 504	1	1
7 4477	3 1893	1	1
7 4478	7 4695	1	1
7 4478	3 2814	1	1
7 4478	5 3469	1	1
7 4478	2 2344	1	1
7 4478	1 4547	1	1
7 4478	6 3677	1	1
7 4479	2 1750	1	1
7 4479	1 2030	1	1
7 4479	4 3867	1	1
7 4479	0 1680	1	1
7 4479	0 369	1	1
7 4479	0 2657	1	1
7 4480	7 1153	1	1
7 4480	7 2160	1	1
7 4480	0 3743	1	1
7 4480	3 2235	1	1
7 4480	5 3644	1	1
7 4480	0 3641	1	1
7 4481	7 4593	1	1
7 4481	7 4173	1	1
7 4481	0 3169	1	1
7 4481	6 1477	1	1
7 4481	5 1287	1	1
7 4481	2 541	1	1
7 4482	2 3919	1	1
7 4482	6 2086	1	1
7 4482	4 2685	1	1
7 4482	6 4804	1	1
7 4482	1 3883	1	1
7 4482	3 293	1	1
7 4483	7 2110	1	1
7 4483	1 3155	1	1
7 4483	2 3861	1	1
7 4483	6 215	1	1
7 4483	3 3513	1	1
7 4483	4 1800	1	1
7 4484	7 93	1	1
7 4484	4 2486	1	1
7 4484	1 346	1	1
7 4484	3 3086	1	1
7 4484	0 3837	1	1
7 4484	6 1875	1	1
7 4485	5 4206	1	1
7 4485	1 422	1	1
7 4485	1 2017	1	1
7 4485	0 988	1	1
7 4485	5 3771	1	1
7 4485	6 3926	1	1
7 4486	7 2626	1	1
7 4486	7 3252	1	1
7 4486	7 2631	1	1
7 4486	7 2333	1	1
7 4486	0 2617	1	1
7 4486	0 2179	1	1
7 4487	2 2105	1	1
7 4487	3 3584	1	1
7 4487	4 3264	1	1
7 4487	6 2889	1	1
7 4487	2 792	1	1
7 4487	0 2530	1	1
7 4488	7 4495	1	1
7 4488	3 519	1	1
7 4488	3 238	1	1
7 4488	0 575	1	1
7 4488	3 43	1	1
7 4488	1 3665	1	1
7 4489	5 2099	1	1
7 4489	0 1590	1	1
7 4489	1 1240	1	1
7 4489	5 3055	1	1
7 4489	4 4627	1	1
7 4489	5 4033	1	1
7 4490	7 1103	1	1
7 4490	2 1106	1	1
7 4490	1 3619	1	1
7 4490	5 4839	1	1
7 4490	5 1307	1	1
7 4490	0 2712	1	1
7 4491	7 4399	1	1
7 4491	0 1762	1	1
7 4491	4 4288	1	1
7 4491	2 3430	1	1
7 4491	2 3487	1	1
7 4491	3 2085	1	1
7 4492	1 1947	1	1
7 4492	4 4843	1	1
7 4492	0 4071	1	1
7 4492	5 2390	1	1
7 4492	6 1390	1	1
7 4492	5 1767	1	1
7 4493	6 773	1	1
7 4493	2 4012	1	1
7 4493	0 3273	1	1
7 4493	4 1084	1	1
7 4493	2 2007	1	1
7 4493	4 3208	1	1
7 4494	6 3368	1	1
7 4494	2 2030	1	1
7 4494	5 3371	1	1
7 4494	1 2987	1	1
7 4494	0 2491	1	1
7 4494	3 4731	1	1
7 4495	5 4484	1	1
7 4495	1 3226	1	1
7 4495	4 593	1	1
7 4495	4 934	1	1
7 4495	1 4146	1	1
7 4495	1 4298	1	1
7 4496	7 4199	1	1
7 4496	1 1424	1	1
7 4496	1 927	1	1
7 4496	4 4075	1	1
7 4496	0 3194	1	1
7 4496	0 2132	1	1
7 4497	7 2270	1	1
7 4497	3 1311	1	1
7 4497	6 31	1	1
7 4497	1 2634	1	1
7 4497	6 2632	1	1
7 4497	2 870	1	1
7 4498	7 2226	1	1
7 4498	0 3108	1	1
7 4498	4 2507	1	1
7 4498	1 2573	1	1
7 4498	3 2794	1	1
7 4498	6 3460	1	1
7 4499	7 41	1	1
7 4499	1 4448	1	1
7 4499	0 1517	1	1
7 4499	0 1039	1	1
7 4499	3 3883	1	1
7 4499	4 2321	1	1
7 4500	7 891	1	1
7 4500	1 2544	1	1
7 4500	0 1369	1	1
7 4500	1 463	1	1
7 4500	2 506	1	1
7 4500	0 3781	1	1
7 4501	6 3183	1	1
7 4501	4 3862	1	1
7 4501	3 3296	1	1
7 4501	3 810	1	1
7 4501	3 2257	1	1
7 4501	0 2669	1	1
7 4502	7 2907	1	1
7 4502	6 177	1	1
7 4502	3 1551	1	1
7 4502	0 3449	1	1
7 4502	2 2715	1	1
7 4502	1 985	1	1
7 4503	0 2811	1	1
7 4503	3 4320	1	1
7 4503	5 132	1	1
7 4503	0 4371	1	1
7 4503	2 1781	1	1
7 4503	0 3462	1	1
7 4504	7 2876	1	1
7 4504	4 2963	1	1
7 4504	3 1696	1	1
7 4504	0 3826	1	1
7 4504	6 2897	1	1
7 4504	4 2821	1	1
7 4505	7 815	1	1
7 4505	1 2621	1	1
7 4505	5 2327	1	1
7 4505	4 1303	1	1
7 4505	4 122	1	1
7 4505	3 3922	1	1
7 4506	7 2470	1	1
7 4506	4 1733	1	1
7 4506	5 4500	1	1
7 4506	6 2730	1	1
7 4506	3 3131	1	1
7 4506	5 646	1	1
7 4507	7 4350	1	1
7 4507	7 4949	1	1
7 4507	6 2288	1	1
7 4507	4 2660	1	1
7 4507	2 3164	1	1
7 4507	2 4671	1	1
7 4508	4 724	1	1
7 4508	1 668	1	1
7 4508	6 3157	1	1
7 4508	2 2455	1	1
7 4508	1 2021	1	1
7 4508	5 24	1	1
7 4509	3 4108	1	1
7 4509	4 789	1	1
7 4509	2 1407	1	1
7 4509	3 3782	1	1
7 4509	3 1258	1	1
7 4509	1 2945	1	1
7 4510	7 3368	1	1
7 4510	5 832	1	1
7 4510	6 3216	1	1
7 4510	2 1098	1	1
7 4510	5 2839	1	1
7 4510	5 64	1	1
7 4511	7 2273	1	1
7 4511	7 1524	1	1
7 4511	2 2821	1	1
7 4511	6 2986	1	1
7 4511	3 1063	1	1
7 4511	6 3179	1	1
7 4512	6 2309	1	1
7 4512	1 2236	1	1
7 4512	6 3347	1	1
7 4512	5 15	1	1
7 4512	3 717	1	1
7 4512	0 176	1	1
7 4513	5 717	1	1
7 4513	6 845	1	1
7 4513	5 3823	1	1
7 4513	4 2908	1	1
7 4513	6 3056	1	1
7 4513	3 1995	1	1
7 4514	7 1587	1	1
7 4514	1 393	1	1
7 4514	2 1715	1	1
7 4514	6 3953	1	1
7 4514	2 2496	1	1
7 4514	0 2358	1	1
7 4515	7 137	1	1
7 4515	6 4275	1	1
7 4515	0 4357	1	1
7 4515	1 3246	1	1
7 4515	3 2268	1	1
7 4515	2 4016	1	1
7 4516	7 2149	1	1
7 4516	7 896	1	1
7 4516	4 3484	1	1
7 4516	2 907	1	1
7 4516	3 519	1	1
7 4516	6 759	1	1
7 4517	7 2791	1	1
7 4517	6 1963	1	1
7 4517	6 3146	1	1
7 4517	4 4043	1	1
7 4517	5 3829	1	1
7 4517	1 1076	1	1
7 4518	6 2997	1	1
7 4518	1 1587	1	1
7 4518	5 2253	1	1
7 4518	1 3364	1	1
7 4518	0 3873	1	1
7 4518	2 3956	1	1
7 4519	3 4948	1	1
7 4519	3 3824	1	1
7 4519	1 2485	1	1
7 4519	0 1050	1	1
7 4519	0 3597	1	1
7 4519	2 1145	1	1
7 4520	7 1244	1	1
7 4520	5 2319	1	1
7 4520	4 807	1	1
7 4520	1 4640	1	1
7 4520	1 1786	1	1
7 4520	0 3436	1	1
7 4521	5 4388	1	1
7 4521	5 4208	1	1
7 4521	2 4725	1	1
7 4521	4 1458	1	1
7 4521	4 653	1	1
7 4521	4 3771	1	1
7 4522	7 3151	1	1
7 4522	7 2459	1	1
7 4522	2 2135	1	1
7 4522	4 4704	1	1
7 4522	2 637	1	1
7 4522	4 1317	1	1
7 4523	7 2623	1	1
7 4523	4 3531	1	1
7 4523	2 2137	1	1
7 4523	6 2276	1	1
7 4523	0 1359	1	1
7 4523	2 4696	1	1
7 4524	3 3275	1	1
7 4524	6 3349	1	1
7 4524	0 4467	1	1
7 4524	0 822	1	1
7 4524	1 4303	1	1
7 4524	0 569	1	1
7 4525	0 1251	1	1
7 4525	3 3929	1	1
7 4525	6 2035	1	1
7 4525	6 4879	1	1
7 4525	6 7	1	1
7 4525	1 2794	1	1
7 4526	7 1573	1	1
7 4526	6 4252	1	1
7 4526	4 2862	1	1
7 4526	5 220	1	1
7 4526	1 1419	1	1
7 4526	3 1065	1	1
7 4527	7 1878	1	1
7 4527	0 3376	1	1
7 4527	3 3543	1	1
7 4527	0 3544	1	1
7 4527	6 4309	1	1
7 4527	4 4364	1	1
7 4528	7 2515	1	1
7 4528	3 2009	1	1
7 4528	2 527	1	1
7 4528	0 4334	1	1
7 4528	6 2455	1	1
7 4528	5 1305	1	1
7 4529	7 1885	1	1
7 4529	2 2767	1	1
7 4529	2 3471	1	1
7 4529	2 3011	1	1
7 4529	1 4033	1	1
7 4529	5 4280	1	1
7 4530	7 4253	1	1
7 4530	2 2293	1	1
7 4530	6 3988	1	1
7 4530	6 3719	1	1
7 4530	0 3787	1	1
7 4530	3 1187	1	1
7 4531	2 1448	1	1
7 4531	3 3855	1	1
7 4531	5 367	1	1
7 4531	5 2812	1	1
7 4531	6 4232	1	1
7 4531	5 2508	1	1
7 4532	7 1310	1	1
7 4532	2 3697	1	1
7 4532	2 1466	1	1
7 4532	5 3659	1	1
7 4532	2 2571	1	1
7 4532	6 1723	1	1
7 4533	7 945	1	1
7 4533	7 1686	1	1
7 4533	2 920	1	1
7 4533	2 1540	1	1
7 4533	4 2014	1	1
7 4533	3 3898	1	1
7 4534	1 1563	1	1
7 4534	6 2951	1	1
7 4534	3 3654	1	1
7 4534	6 2459	1	1
7 4534	6 1926	1	1
7 4534	4 2652	1	1
7 4535	4 3645	1	1
7 4535	5 4351	1	1
7 4535	5 4324	1	1
7 4535	5 2213	1	1
7 4535	2 645	1	1
7 4535	5 1068	1	1
7 4536	7 4367	1	1
7 4536	5 1130	1	1
7 4536	1 4204	1	1
7 4536	2 549	1	1
7 4536	1 3688	1	1
7 4536	5 3445	1	1
7 4537	7 3367	1	1
7 4537	3 433	1	1
7 4537	0 4259	1	1
7 4537	4 2975	1	1
7 4537	2 3982	1	1
7 4537	4 4152	1	1
7 4538	6 1068	1	1
7 4538	2 3171	1	1
7 4538	0 543	1	1
7 4538	5 2136	1	1
7 4538	6 4638	1	1
7 4538	3 2872	1	1
7 4539	7 3492	1	1
7 4539	6 3856	1	1
7 4539	3 4446	1	1
7 4539	5 3483	1	1
7 4539	2 4501	1	1
7 4539	6 86	1	1
7 4540	4 2641	1	1
7 4540	6 1895	1	1
7 4540	0 2928	1	1
7 4540	3 4508	1	1
7 4540	5 2816	1	1
7 4540	5 3437	1	1
7 4541	2 2748	1	1
7 4541	4 2540	1	1
7 4541	6 1431	1	1
7 4541	2 4658	1	1
7 4541	4 1437	1	1
7 4541	5 1170	1	1
7 4542	7 2119	1	1
7 4542	7 4309	1	1
7 4542	0 2254	1	1
7 4542	1 4102	1	1
7 4542	4 1070	1	1
7 4542	3 1132	1	1
7 4543	1 1712	1	1
7 4543	0 960	1	1
7 4543	0 208	1	1
7 4543	4 1237	1	1
7 4543	4 3053	1	1
7 4543	0 460	1	1
7 4544	0 3174	1	1
7 4544	6 3514	1	1
7 4544	4 2435	1	1
7 4544	1 1502	1	1
7 4544	1 38	1	1
7 4544	0 4576	1	1
7 4545	7 804	1	1
7 4545	1 4530	1	1
7 4545	3 2979	1	1
7 4545	0 1570	1	1
7 4545	4 4810	1	1
7 4545	0 4819	1	1
7 4546	7 1546	1	1
7 4546	7 1029	1	1
7 4546	5 1481	1	1
7 4546	1 1926	1	1
7 4546	5 990	1	1
7 4546	3 3554	1	1
7 4547	0 4588	1	1
7 4547	1 3491	1	1
7 4547	6 49	1	1
7 4547	6 1175	1	1
7 4547	4 2079	1	1
7 4547	0 4505	1	1
7 4548	0 103	1	1
7 4548	1 3205	1	1
7 4548	2 173	1	1
7 4548	0 3133	1	1
7 4548	3 1767	1	1
7 4548	1 2795	1	1
7 4549	3 2930	1	1
7 4549	2 3727	1	1
7 4549	4 2346	1	1
7 4549	4 2603	1	1
7 4549	6 3802	1	1
7 4549	5 928	1	1
7 4550	7 1680	1	1
7 4550	4 4082	1	1
7 4550	5 1072	1	1
7 4550	3 974	1	1
7 4550	6 3406	1	1
7 4550	0 229	1	1
7 4551	7 3381	1	1
7 4551	2 1920	1	1
7 4551	0 623	1	1
7 4551	4 2117	1	1
7 4551	5 3242	1	1
7 4551	1 2973	1	1
7 4552	1 4633	1	1
7 4552	5 223	1	1
7 4552	1 3152	1	1
7 4552	5 1372	1	1
7 4552	1 1826	1	1
7 4552	2 3139	1	1
7 4553	7 3785	1	1
7 4553	1 1417	1	1
7 4553	0 212	1	1
7 4553	3 581	1	1
7 4553	0 122	1	1
7 4553	2 1160	1	1
7 4554	7 104	1	1
7 4554	5 3988	1	1
7 4554	0 1446	1	1
7 4554	1 3761	1	1
7 4554	0 1303	1	1
7 4554	5 2564	1	1
7 4555	7 2626	1	1
7 4555	0 3931	1	1
7 4555	1 4802	1	1
7 4555	3 2956	1	1
7 4555	3 490	1	1
7 4555	1 1234	1	1
7 4556	1 1767	1	1
7 4556	0 3511	1	1
7 4556	2 3799	1	1
7 4556	1 1666	1	1
7 4556	5 1378	1	1
7 4556	6 4755	1	1
7 4557	0 825	1	1
7 4557	2 4190	1	1
7 4557	4 3990	1	1
7 4557	6 2601	1	1
7 4557	6 1749	1	1
7 4557	5 4244	1	1
7 4558	5 3572	1	1
7 4558	0 1082	1	1
7 4558	5 2068	1	1
7 4558	6 3397	1	1
7 4558	5 416	1	1
7 4558	6 4244	1	1
7 4559	3 139	1	1
7 4559	1 305	1	1
7 4559	1 3942	1	1
7 4559	4 2497	1	1
7 4559	2 3824	1	1
7 4559	3 198	1	1
7 4560	4 393	1	1
7 4560	0 3880	1	1
7 4560	0 1719	1	1
7 4560	6 1245	1	1
7 4560	1 316	1	1
7 4560	5 643	1	1
7 4561	7 3268	1	1
7 4561	7 4594	1	1
7 4561	5 4138	1	1
7 4561	1 3250	1	1
7 4561	4 3561	1	1
7 4561	1 4364	1	1
7 4562	4 196	1	1
7 4562	6 1514	1	1
7 4562	0 3547	1	1
7 4562	1 924	1	1
7 4562	4 4080	1	1
7 4562	2 2838	1	1
7 4563	6 1260	1	1
7 4563	3 2365	1	1
7 4563	3 2573	1	1
7 4563	4 4047	1	1
7 4563	1 831	1	1
7 4563	3 1079	1	1
7 4564	2 882	1	1
7 4564	0 1781	1	1
7 4564	5 2170	1	1
7 4564	5 4936	1	1
7 4564	5 4727	1	1
7 4564	2 3894	1	1
7 4565	6 2252	1	1
7 4565	5 4481	1	1
7 4565	0 4839	1	1
7 4565	1 85	1	1
7 4565	0 343	1	1
7 4565	1 2832	1	1
7 4566	7 933	1	1
7 4566	4 104	1	1
7 4566	4 405	1	1
7 4566	1 113	1	1
7 4566	1 3963	1	1
7 4566	4 4118	1	1
7 4567	7 2910	1	1
7 4567	3 3666	1	1
7 4567	0 4742	1	1
7 4567	1 1680	1	1
7 4567	3 2809	1	1
7 4567	0 307	1	1
7 4568	7 4779	1	1
7 4568	4 2690	1	1
7 4568	1 4827	1	1
7 4568	1 3947	1	1
7 4568	3 4095	1	1
7 4568	4 4465	1	1
7 4569	1 2134	1	1
7 4569	4 3971	1	1
7 4569	4 4026	1	1
7 4569	1 4098	1	1
7 4569	1 1207	1	1
7 4569	3 4501	1	1
7 4570	4 3846	1	1
7 4570	3 4183	1	1
7 4570	5 2672	1	1
7 4570	2 1574	1	1
7 4570	6 4777	1	1
7 4570	4 1650	1	1
7 4571	6 2929	1	1
7 4571	3 4870	1	1
7 4571	2 4440	1	1
7 4571	5 3175	1	1
7 4571	5 1241	1	1
7 4571	3 2186	1	1
7 4572	7 1770	1	1
7 4572	3 13	1	1
7 4572	1 2022	1	1
7 4572	4 1569	1	1
7 4572	3 4389	1	1
7 4572	2 3541	1	1
7 4573	0 2119	1	1
7 4573	1 1038	1	1
7 4573	0 1526	1	1
7 4573	0 177	1	1
7 4573	4 4548	1	1
7 4573	5 3079	1	1
7 4574	7 1898	1	1
7 4574	2 4882	1	1
7 4574	3 3055	1	1
7 4574	4 4138	1	1
7 4574	0 1401	1	1
7 4574	0 3170	1	1
7 4575	6 1045	1	1
7 4575	1 1690	1	1
7 4575	0 1812	1	1
7 4575	1 2264	1	1
7 4575	6 243	1	1
7 4575	6 3453	1	1
7 4576	5 1217	1	1
7 4576	5 2665	1	1
7 4576	0 4814	1	1
7 4576	2 1952	1	1
7 4576	5 2058	1	1
7 4576	2 3502	1	1
7 4577	7 3308	1	1
7 4577	0 1968	1	1
7 4577	6 4099	1	1
7 4577	1 48	1	1
7 4577	0 4464	1	1
7 4577	3 4947	1	1
7 4578	7 1525	1	1
7 4578	7 3244	1	1
7 4578	6 4420	1	1
7 4578	3 3517	1	1
7 4578	1 3369	1	1
7 4578	5 2769	1	1
7 4579	0 3798	1	1
7 4579	1 1664	1	1
7 4579	2 2555	1	1
7 4579	5 470	1	1
7 4579	0 2796	1	1
7 4579	6 4108	1	1
7 4580	0 2409	1	1
7 4580	3 4778	1	1
7 4580	4 2143	1	1
7 4580	6 1526	1	1
7 4580	2 3089	1	1
7 4580	3 642	1	1
7 4581	1 298	1	1
7 4581	5 3787	1	1
7 4581	3 3982	1	1
7 4581	3 2961	1	1
7 4581	6 4665	1	1
7 4581	3 3771	1	1
7 4582	4 140	1	1
7 4582	0 3200	1	1
7 4582	2 588	1	1
7 4582	4 2043	1	1
7 4582	1 2198	1	1
7 4582	1 4381	1	1
7 4583	4 1944	1	1
7 4583	6 792	1	1
7 4583	0 4803	1	1
7 4583	0 692	1	1
7 4583	3 1823	1	1
7 4583	0 1153	1	1
7 4584	7 3597	1	1
7 4584	2 4745	1	1
7 4584	2 2465	1	1
7 4584	2 2664	1	1
7 4584	5 4152	1	1
7 4584	5 3797	1	1
7 4585	7 1712	1	1
7 4585	5 484	1	1
7 4585	5 995	1	1
7 4585	0 2803	1	1
7 4585	1 3764	1	1
7 4585	6 776	1	1
7 4586	0 1755	1	1
7 4586	6 3655	1	1
7 4586	3 1536	1	1
7 4586	1 2429	1	1
7 4586	5 1518	1	1
7 4586	6 3586	1	1
7 4587	6 1283	1	1
7 4587	3 4137	1	1
7 4587	3 1677	1	1
7 4587	2 463	1	1
7 4587	6 226	1	1
7 4587	5 4739	1	1
7 4588	7 3185	1	1
7 4588	7 2311	1	1
7 4588	5 4135	1	1
7 4588	3 2235	1	1
7 4588	6 4576	1	1
7 4588	0 3139	1	1
7 4589	3 2950	1	1
7 4589	3 4799	1	1
7 4589	3 575	1	1
7 4589	5 2580	1	1
7 4589	2 1439	1	1
7 4589	2 3341	1	1
7 4590	7 4822	1	1
7 4590	1 77	1	1
7 4590	1 4276	1	1
7 4590	5 2927	1	1
7 4590	5 4948	1	1
7 4590	3 2325	1	1
7 4591	1 4163	1	1
7 4591	4 1556	1	1
7 4591	1 1572	1	1
7 4591	1 3755	1	1
7 4591	2 2025	1	1
7 4591	2 2893	1	1
7 4592	7 4670	1	1
7 4592	7 4548	1	1
7 4592	3 1732	1	1
7 4592	6 1237	1	1
7 4592	3 361	1	1
7 4592	6 4300	1	1
7 4593	7 2242	1	1
7 4593	6 2018	1	1
7 4593	2 808	1	1
7 4593	6 4178	1	1
7 4593	4 3091	1	1
7 4593	4 4912	1	1
7 4594	1 3213	1	1
7 4594	4 2264	1	1
7 4594	4 1872	1	1
7 4594	1 3714	1	1
7 4594	6 3419	1	1
7 4594	5 966	1	1
7 4595	3 3186	1	1
7 4595	3 2153	1	1
7 4595	4 906	1	1
7 4595	6 741	1	1
7 4595	2 3140	1	1
7 4595	1 1913	1	1
7 4596	7 3633	1	1
7 4596	7 1739	1	1
7 4596	6 515	1	1
7 4596	3 1390	1	1
7 4596	6 3898	1	1
7 4596	6 3539	1	1
7 4597	0 2296	1	1
7 4597	2 3414	1	1
7 4597	0 853	1	1
7 4597	5 3649	1	1
7 4597	6 4823	1	1
7 4597	0 4842	1	1
7 4598	0 582	1	1
7 4598	5 1784	1	1
7 4598	1 3238	1	1
7 4598	2 139	1	1
7 4598	2 1921	1	1
7 4598	6 3542	1	1
7 4599	7 3821	1	1
7 4599	7 4754	1	1
7 4599	0 767	1	1
7 4599	5 3785	1	1
7 4599	5 2709	1	1
7 4599	0 2357	1	1
7 4600	5 3269	1	1
7 4600	5 3510	1	1
7 4600	0 1182	1	1
7 4600	6 1651	1	1
7 4600	1 2759	1	1
7 4600	4 2213	1	1
7 4601	7 2127	1	1
7 4601	5 2225	1	1
7 4601	5 1313	1	1
7 4601	6 4245	1	1
7 4601	4 336	1	1
7 4601	1 2086	1	1
7 4602	7 673	1	1
7 4602	4 805	1	1
7 4602	3 4692	1	1
7 4602	5 1004	1	1
7 4602	6 2416	1	1
7 4602	0 4128	1	1
7 4603	7 413	1	1
7 4603	7 691	1	1
7 4603	1 4155	1	1
7 4603	1 2072	1	1
7 4603	5 2060	1	1
7 4603	4 2415	1	1
7 4604	7 2432	1	1
7 4604	2 2116	1	1
7 4604	2 1026	1	1
7 4604	3 4281	1	1
7 4604	1 1047	1	1
7 4604	5 4088	1	1
7 4605	4 2271	1	1
7 4605	5 3273	1	1
7 4605	1 4739	1	1
7 4605	2 126	1	1
7 4605	4 1345	1	1
7 4605	4 4137	1	1
7 4606	2 3983	1	1
7 4606	5 2738	1	1
7 4606	4 3016	1	1
7 4606	1 642	1	1
7 4606	2 2502	1	1
7 4606	4 2875	1	1
7 4607	0 567	1	1
7 4607	5 2202	1	1
7 4607	1 2387	1	1
7 4607	6 4729	1	1
7 4607	5 236	1	1
7 4607	2 4670	1	1
7 4608	7 1107	1	1
7 4608	4 3645	1	1
7 4608	4 1831	1	1
7 4608	6 2965	1	1
7 4608	5 2273	1	1
7 4608	2 757	1	1
7 4609	7 4840	1	1
7 4609	1 1909	1	1
7 4609	6 528	1	1
7 4609	0 2185	1	1
7 4609	0 4209	1	1
7 4609	0 3919	1	1
7 4610	2 3007	1	1
7 4610	1 2386	1	1
7 4610	4 532	1	1
7 4610	5 4970	1	1
7 4610	6 1312	1	1
7 4610	0 4701	1	1
7 4611	7 4137	1	1
7 4611	2 4745	1	1
7 4611	1 911	1	1
7 4611	1 124	1	1
7 4611	0 3282	1	1
7 4611	0 2220	1	1
7 4612	1 3346	1	1
7 4612	6 3450	1	1
7 4612	5 705	1	1
7 4612	0 2486	1	1
7 4612	1 2456	1	1
7 4612	4 4731	1	1
7 4613	7 1208	1	1
7 4613	2 3967	1	1
7 4613	6 4535	1	1
7 4613	0 1309	1	1
7 4613	4 649	1	1
7 4613	1 4981	1	1
7 4614	7 2170	1	1
7 4614	3 3022	1	1
7 4614	4 2585	1	1
7 4614	2 291	1	1
7 4614	4 3709	1	1
7 4614	0 1395	1	1
7 4615	7 3148	1	1
7 4615	3 4789	1	1
7 4615	1 3435	1	1
7 4615	4 4972	1	1
7 4615	2 4825	1	1
7 4615	5 1216	1	1
7 4616	7 4381	1	1
7 4616	0 515	1	1
7 4616	3 324	1	1
7 4616	3 1634	1	1
7 4616	1 2834	1	1
7 4616	6 4444	1	1
7 4617	7 142	1	1
7 4617	6 1143	1	1
7 4617	0 3499	1	1
7 4617	3 4842	1	1
7 4617	2 4936	1	1
7 4617	6 2474	1	1
7 4618	7 1783	1	1
7 4618	2 1099	1	1
7 4618	4 3532	1	1
7 4618	5 3672	1	1
7 4618	6 188	1	1
7 4618	4 931	1	1
7 4619	0 4946	1	1
7 4619	1 3615	1	1
7 4619	0 723	1	1
7 4619	1 20	1	1
7 4619	4 3978	1	1
7 4619	4 3295	1	1
7 4620	6 574	1	1
7 4620	3 4674	1	1
7 4620	0 3826	1	1
7 4620	3 107	1	1
7 4620	4 726	1	1
7 4620	6 4559	1	1
7 4621	7 1174	1	1
7 4621	4 2534	1	1
7 4621	6 1255	1	1
7 4621	1 3359	1	1
7 4621	1 3946	1	1
7 4621	6 3793	1	1
7 4622	0 373	1	1
7 4622	0 1551	1	1
7 4622	1 3215	1	1
7 4622	2 2044	1	1
7 4622	4 668	1	1
7 4622	2 1739	1	1
7 4623	1 4012	1	1
7 4623	3 3844	1	1
7 4623	2 1291	1	1
7 4623	6 4637	1	1
7 4623	1 4001	1	1
7 4623	3 1484	1	1
7 4624	7 180	1	1
7 4624	7 2462	1	1
7 4624	3 1788	1	1
7 4624	1 2788	1	1
7 4624	2 3287	1	1
7 4624	2 4806	1	1
7 4625	4 3619	1	1
7 4625	5 3777	1	1
7 4625	1 2421	1	1
7 4625	1 1999	1	1
7 4625	0 1731	1	1
7 4625	0 4696	1	1
7 4626	7 3742	1	1
7 4626	0 4323	1	1
7 4626	6 2821	1	1
7 4626	4 1302	1	1
7 4626	5 4984	1	1
7 4626	0 1298	1	1
7 4627	7 4629	1	1
7 4627	0 1507	1	1
7 4627	0 1488	1	1
7 4627	5 2764	1	1
7 4627	2 562	1	1
7 4627	3 2419	1	1
7 4628	7 3962	1	1
7 4628	0 1740	1	1
7 4628	1 3505	1	1
7 4628	0 4138	1	1
7 4628	5 1957	1	1
7 4628	0 2418	1	1
7 4629	7 360	1	1
7 4629	2 784	1	1
7 4629	6 1175	1	1
7 4629	0 2076	1	1
7 4629	0 4498	1	1
7 4629	1 2176	1	1
7 4630	7 1477	1	1
7 4630	1 394	1	1
7 4630	2 4013	1	1
7 4630	3 4399	1	1
7 4630	5 2884	1	1
7 4630	5 1327	1	1
7 4631	7 3688	1	1
7 4631	7 1413	1	1
7 4631	1 188	1	1
7 4631	1 1019	1	1
7 4631	2 1681	1	1
7 4631	4 4609	1	1
7 4632	1 3981	1	1
7 4632	3 1688	1	1
7 4632	2 4793	1	1
7 4632	3 4510	1	1
7 4632	4 4063	1	1
7 4632	5 3007	1	1
7 4633	7 1375	1	1
7 4633	1 3894	1	1
7 4633	0 2242	1	1
7 4633	0 1	1	1
7 4633	2 2316	1	1
7 4633	4 1601	1	1
7 4634	3 3463	1	1
7 4634	2 3600	1	1
7 4634	0 2712	1	1
7 4634	1 3502	1	1
7 4634	4 4258	1	1
7 4634	5 966	1	1
7 4635	7 342	1	1
7 4635	2 1219	1	1
7 4635	4 3189	1	1
7 4635	1 520	1	1
7 4635	5 4819	1	1
7 4635	3 1489	1	1
7 4636	4 2134	1	1
7 4636	1 3549	1	1
7 4636	3 3676	1	1
7 4636	0 1031	1	1
7 4636	3 4848	1	1
7 4636	1 3698	1	1
7 4637	2 3093	1	1
7 4637	4 264	1	1
7 4637	5 817	1	1
7 4637	4 4310	1	1
7 4637	0 1820	1	1
7 4637	1 911	1	1
7 4638	0 3782	1	1
7 4638	5 374	1	1
7 4638	2 2967	1	1
7 4638	5 2696	1	1
7 4638	0 4022	1	1
7 4638	5 2494	1	1
7 4639	7 2015	1	1
7 4639	5 3628	1	1
7 4639	0 3712	1	1
7 4639	6 4311	1	1
7 4639	0 4737	1	1
7 4639	2 841	1	1
7 4640	7 3230	1	1
7 4640	6 3561	1	1
7 4640	2 1569	1	1
7 4640	4 4472	1	1
7 4640	1 4239	1	1
7 4640	5 3189	1	1
7 4641	6 2399	1	1
7 4641	5 4495	1	1
7 4641	1 4062	1	1
7 4641	2 390	1	1
7 4641	2 3189	1	1
7 4641	6 3746	1	1
7 4642	7 2344	1	1
7 4642	2 3071	1	1
7 4642	1 1456	1	1
7 4642	5 3312	1	1
7 4642	3 4137	1	1
7 4642	6 875	1	1
7 4643	6 1536	1	1
7 4643	3 3663	1	1
7 4643	6 2553	1	1
7 4643	0 3823	1	1
7 4643	0 839	1	1
7 4643	2 1107	1	1
7 4644	7 1677	1	1
7 4644	7 4860	1	1
7 4644	4 1186	1	1
7 4644	6 1527	1	1
7 4644	0 2762	1	1
7 4644	0 3771	1	1
7 4645	1 1513	1	1
7 4645	3 2990	1	1
7 4645	2 1520	1	1
7 4645	2 1214	1	1
7 4645	6 2381	1	1
7 4645	1 4426	1	1
7 4646	7 4521	1	1
7 4646	2 4875	1	1
7 4646	4 1756	1	1
7 4646	3 2619	1	1
7 4646	5 1143	1	1
7 4646	2 4822	1	1
7 4647	7 1030	1	1
7 4647	4 262	1	1
7 4647	1 165	1	1
7 4647	5 2770	1	1
7 4647	0 2037	1	1
7 4647	0 3810	1	1
7 4648	7 2087	1	1
7 4648	2 4829	1	1
7 4648	2 2099	1	1
7 4648	0 1908	1	1
7 4648	5 2422	1	1
7 4648	1 3837	1	1
7 4649	7 4536	1	1
7 4649	4 252	1	1
7 4649	6 2876	1	1
7 4649	1 2833	1	1
7 4649	0 1552	1	1
7 4649	4 182	1	1
7 4650	1 4399	1	1
7 4650	0 4113	1	1
7 4650	2 1508	1	1
7 4650	3 1818	1	1
7 4650	0 4085	1	1
7 4650	3 2217	1	1
7 4651	3 1024	1	1
7 4651	0 1355	1	1
7 4651	0 440	1	1
7 4651	2 4702	1	1
7 4651	6 610	1	1
7 4651	4 3782	1	1
7 4652	2 3995	1	1
7 4652	2 4681	1	1
7 4652	1 4285	1	1
7 4652	4 884	1	1
7 4652	2 2063	1	1
7 4652	0 2390	1	1
7 4653	0 3859	1	1
7 4653	5 1141	1	1
7 4653	2 2205	1	1
7 4653	5 4087	1	1
7 4653	6 2356	1	1
7 4653	3 3340	1	1
7 4654	3 4349	1	1
7 4654	5 996	1	1
7 4654	3 1564	1	1
7 4654	0 2170	1	1
7 4654	6 3897	1	1
7 4654	3 3788	1	1
7 4655	7 1216	1	1
7 4655	0 2282	1	1
7 4655	6 833	1	1
7 4655	5 798	1	1
7 4655	0 4848	1	1
7 4655	0 3354	1	1
7 4656	6 2215	1	1
7 4656	2 1554	1	1
7 4656	4 1445	1	1
7 4656	3 1211	1	1
7 4656	5 1473	1	1
7 4656	3 3643	1	1
7 4657	7 1241	1	1
7 4657	2 1281	1	1
7 4657	3 418	1	1
7 4657	2 2691	1	1
7 4657	6 1785	1	1
7 4657	1 2347	1	1
7 4658	7 937	1	1
7 4658	7 3939	1	1
7 4658	2 4559	1	1
7 4658	3 1808	1	1
7 4658	6 598	1	1
7 4658	2 576	1	1
7 4659	7 1582	1	1
7 4659	1 1142	1	1
7 4659	4 3112	1	1
7 4659	1 2062	1	1
7 4659	3 4675	1	1
7 4659	4 2862	1	1
7 4660	7 3407	1	1
7 4660	6 3449	1	1
7 4660	5 2869	1	1
7 4660	0 2649	1	1
7 4660	2 2522	1	1
7 4660	6 4531	1	1
7 4661	7 334	1	1
7 4661	4 2753	1	1
7 4661	6 332	1	1
7 4661	1 3657	1	1
7 4661	1 3700	1	1
7 4661	3 2652	1	1
7 4662	7 1139	1	1
7 4662	4 3900	1	1
7 4662	2 3368	1	1
7 4662	2 156	1	1
7 4662	3 231	1	1
7 4662	6 4502	1	1
7 4663	7 1431	1	1
7 4663	7 4990	1	1
7 4663	4 3311	1	1
7 4663	1 192	1	1
7 4663	6 4802	1	1
7 4663	5 4019	1	1
7 4664	3 3414	1	1
7 4664	2 30	1	1
7 4664	2 2604	1	1
7 4664	3 3720	1	1
7 4664	4 3453	1	1
7 4664	0 237	1	1
7 4665	7 1822	1	1
7 4665	0 2694	1	1
7 4665	4 828	1	1
7 4665	0 4141	1	1
7 4665	5 3833	1	1
7 4665	3 211	1	1
7 4666	7 2536	1	1
7 4666	6 583	1	1
7 4666	4 2157	1	1
7 4666	2 3959	1	1
7 4666	3 4340	1	1
7 4666	0 1416	1	1
7 4667	7 2462	1	1
7 4667	5 2787	1	1
7 4667	1 4317	1	1
7 4667	6 1909	1	1
7 4667	2 583	1	1
7 4667	1 428	1	1
7 4668	7 2260	1	1
7 4668	0 2814	1	1
7 4668	1 938	1	1
7 4668	1 365	1	1
7 4668	6 3455	1	1
7 4668	4 3530	1	1
7 4669	7 455	1	1
7 4669	7 4040	1	1
7 4669	0 26	1	1
7 4669	3 897	1	1
7 4669	6 1780	1	1
7 4669	5 341	1	1
7 4670	7 3127	1	1
7 4670	1 1911	1	1
7 4670	2 4031	1	1
7 4670	5 1086	1	1
7 4670	2 1038	1	1
7 4670	6 1546	1	1
7 4671	7 3717	1	1
7 4671	7 526	1	1
7 4671	3 4660	1	1
7 4671	6 4452	1	1
7 4671	6 2091	1	1
7 4671	0 4888	1	1
7 4672	7 2268	1	1
7 4672	7 2865	1	1
7 4672	2 1327	1	1
7 4672	0 337	1	1
7 4672	0 3100	1	1
7 4672	6 2579	1	1
7 4673	6 3506	1	1
7 4673	1 4996	1	1
7 4673	1 4695	1	1
7 4673	1 4178	1	1
7 4673	1 4847	1	1
7 4673	3 1150	1	1
7 4674	4 4993	1	1
7 4674	1 692	1	1
7 4674	5 4215	1	1
7 4674	0 3128	1	1
7 4674	4 590	1	1
7 4674	0 43	1	1
7 4675	2 1346	1	1
7 4675	3 945	1	1
7 4675	0 1196	1	1
7 4675	2 589	1	1
7 4675	1 1369	1	1
7 4675	1 3840	1	1
7 4676	7 1534	1	1
7 4676	7 3690	1	1
7 4676	3 1974	1	1
7 4676	0 665	1	1
7 4676	3 3694	1	1
7 4676	1 3536	1	1
7 4677	3 2930	1	1
7 4677	0 1761	1	1
7 4677	1 4150	1	1
7 4677	0 312	1	1
7 4677	6 3324	1	1
7 4677	0 1200	1	1
7 4678	7 3930	1	1
7 4678	4 3747	1	1
7 4678	4 1957	1	1
7 4678	5 408	1	1
7 4678	5 1589	1	1
7 4678	1 2497	1	1
7 4679	6 2749	1	1
7 4679	6 4445	1	1
7 4679	1 3695	1	1
7 4679	6 1414	1	1
7 4679	2 2913	1	1
7 4679	4 1688	1	1
7 4680	5 4054	1	1
7 4680	2 3972	1	1
7 4680	1 4756	1	1
7 4680	2 848	1	1
7 4680	1 4562	1	1
7 4680	3 4276	1	1
7 4681	6 2977	1	1
7 4681	2 2297	1	1
7 4681	5 1717	1	1
7 4681	4 4680	1	1
7 4681	3 3277	1	1
7 4681	6 3865	1	1
7 4682	3 2852	1	1
7 4682	6 3431	1	1
7 4682	5 3961	1	1
7 4682	4 2469	1	1
7 4682	6 4273	1	1
7 4682	2 4063	1	1
7 4683	5 3013	1	1
7 4683	0 2119	1	1
7 4683	6 2861	1	1
7 4683	5 1509	1	1
7 4683	1 1236	1	1
7 4683	4 2450	1	1
7 4684	7 1755	1	1
7 4684	4 3299	1	1
7 4684	1 1514	1	1
7 4684	6 888	1	1
7 4684	4 1876	1	1
7 4684	6 1982	1	1
7 4685	7 1739	1	1
7 4685	7 2098	1	1
7 4685	1 3380	1	1
7 4685	2 838	1	1
7 4685	6 3496	1	1
7 4685	1 2621	1	1
7 4686	2 435	1	1
7 4686	5 4296	1	1
7 4686	5 890	1	1
7 4686	1 1838	1	1
7 4686	0 3109	1	1
7 4686	4 4623	1	1
7 4687	7 993	1	1
7 4687	7 2359	1	1
7 4687	0 4919	1	1
7 4687	4 2488	1	1
7 4687	4 3298	1	1
7 4687	4 956	1	1
7 4688	7 1896	1	1
7 4688	4 2859	1	1
7 4688	2 857	1	1
7 4688	0 741	1	1
7 4688	1 3065	1	1
7 4688	6 4085	1	1
7 4689	4 1624	1	1
7 4689	6 3711	1	1
7 4689	5 2821	1	1
7 4689	1 3969	1	1
7 4689	0 3731	1	1
7 4689	1 4724	1	1
7 4690	0 4490	1	1
7 4690	1 2174	1	1
7 4690	3 1783	1	1
7 4690	6 1001	1	1
7 4690	2 1946	1	1
7 4690	2 4849	1	1
7 4691	7 4027	1	1
7 4691	6 4500	1	1
7 4691	3 1518	1	1
7 4691	0 2139	1	1
7 4691	3 456	1	1
7 4691	6 1893	1	1
7 4692	0 2931	1	1
7 4692	4 583	1	1
7 4692	6 4444	1	1
7 4692	4 1172	1	1
7 4692	4 4025	1	1
7 4692	6 3963	1	1
7 4693	5 3512	1	1
7 4693	0 3608	1	1
7 4693	0 3599	1	1
7 4693	6 3104	1	1
7 4693	5 4374	1	1
7 4693	4 4519	1	1
7 4694	4 3163	1	1
7 4694	6 1620	1	1
7 4694	4 3606	1	1
7 4694	4 2102	1	1
7 4694	6 2148	1	1
7 4694	0 1570	1	1
7 4695	7 402	1	1
7 4695	7 1501	1	1
7 4695	1 2230	1	1
7 4695	6 2450	1	1
7 4695	2 4316	1	1
7 4695	4 4726	1	1
7 4696	7 2755	1	1
7 4696	4 3189	1	1
7 4696	5 826	1	1
7 4696	4 4480	1	1
7 4696	5 1533	1	1
7 4696	6 518	1	1
7 4697	7 2244	1	1
7 4697	5 497	1	1
7 4697	6 369	1	1
7 4697	2 646	1	1
7 4697	1 4157	1	1
7 4697	6 1800	1	1
7 4698	7 3038	1	1
7 4698	5 1686	1	1
7 4698	5 4195	1	1
7 4698	4 3398	1	1
7 4698	2 2824	1	1
7 4698	3 706	1	1
7 4699	7 2692	1	1
7 4699	0 1343	1	1
7 4699	5 3278	1	1
7 4699	0 3243	1	1
7 4699	2 1102	1	1
7 4699	2 1005	1	1
7 4700	1 4662	1	1
7 4700	4 2380	1	1
7 4700	5 1896	1	1
7 4700	0 3293	1	1
7 4700	5 74	1	1
7 4700	1 2794	1	1
7 4701	1 611	1	1
7 4701	0 397	1	1
7 4701	5 135	1	1
7 4701	5 136	1	1
7 4701	4 3032	1	1
7 4701	5 3717	1	1
7 4702	7 1282	1	1
7 4702	4 474	1	1
7 4702	6 303	1	1
7 4702	1 2229	1	1
7 4702	5 1364	1	1
7 4702	2 3864	1	1
7 4703	7 2741	1	1
7 4703	5 1894	1	1
7 4703	4 2533	1	1
7 4703	2 228	1	1
7 4703	5 883	1	1
7 4703	5 1216	1	1
7 4704	2 3691	1	1
7 4704	3 318	1	1
7 4704	5 1084	1	1
7 4704	1 1160	1	1
7 4704	6 2394	1	1
7 4704	2 3113	1	1
7 4705	7 2984	1	1
7 4705	4 2701	1	1
7 4705	6 3172	1	1
7 4705	1 293	1	1
7 4705	6 2906	1	1
7 4705	5 4031	1	1
7 4706	7 3340	1	1
7 4706	1 4347	1	1
7 4706	6 3051	1	1
7 4706	0 1303	1	1
7 4706	6 2176	1	1
7 4706	1 4450	1	1
7 4707	6 2804	1	1
7 4707	2 2181	1	1
7 4707	1 4398	1	1
7 4707	2 4041	1	1
7 4707	2 1355	1	1
7 4707	1 3662	1	1
7 4708	6 1493	1	1
7 4708	5 672	1	1
7 4708	6 504	1	1
7 4708	3 1045	1	1
7 4708	6 1987	1	1
7 4708	6 247	1	1
7 4709	7 3694	1	1
7 4709	5 2514	1	1
7 4709	5 4097	1	1
7 4709	2 3663	1	1
7 4709	6 3074	1	1
7 4709	0 708	1	1
7 4710	7 3872	1	1
7 4710	7 4144	1	1
7 4710	2 4555	1	1
7 4710	1 178	1	1
7 4710	6 4487	1	1
7 4710	5 377	1	1
7 4711	7 4823	1	1
7 4711	7 3951	1	1
7 4711	7 532	1	1
7 4711	7 1232	1	1
7 4711	3 572	1	1
7 4711	3 476	1	1
7 4712	7 2162	1	1
7 4712	5 1088	1	1
7 4712	1 2590	1	1
7 4712	4 471	1	1
7 4712	6 517	1	1
7 4712	6 3272	1	1
7 4713	7 838	1	1
7 4713	7 1789	1	1
7 4713	2 251	1	1
7 4713	0 1680	1	1
7 4713	6 1238	1	1
7 4713	5 3545	1	1
7 4714	4 287	1	1
7 4714	1 195	1	1
7 4714	6 1832	1	1
7 4714	3 4251	1	1
7 4714	4 1196	1	1
7 4714	3 4506	1	1
7 4715	7 4592	1	1
7 4715	0 2297	1	1
7 4715	4 3754	1	1
7 4715	3 4889	1	1
7 4715	0 3042	1	1
7 4715	1 358	1	1
7 4716	7 331	1	1
7 4716	4 4941	1	1
7 4716	3 608	1	1
7 4716	2 4406	1	1
7 4716	2 1052	1	1
7 4716	4 3960	1	1
7 4717	2 3394	1	1
7 4717	3 98	1	1
7 4717	1 3029	1	1
7 4717	1 809	1	1
7 4717	2 4798	1	1
7 4717	2 2708	1	1
7 4718	7 2957	1	1
7 4718	5 1762	1	1
7 4718	4 3374	1	1
7 4718	6 3611	1	1
7 4718	0 3838	1	1
7 4718	0 2501	1	1
7 4719	5 774	1	1
7 4719	0 3293	1	1
7 4719	1 893	1	1
7 4719	5 3903	1	1
7 4719	0 4084	1	1
7 4719	2 4372	1	1
7 4720	7 300	1	1
7 4720	6 593	1	1
7 4720	4 575	1	1
7 4720	4 1733	1	1
7 4720	6 1173	1	1
7 4720	4 3265	1	1
7 4721	7 3139	1	1
7 4721	7 4827	1	1
7 4721	7 562	1	1
7 4721	6 2777	1	1
7 4721	6 4227	1	1
7 4721	2 2666	1	1
7 4722	2 3499	1	1
7 4722	6 3539	1	1
7 4722	1 1932	1	1
7 4722	3 1586	1	1
7 4722	2 2377	1	1
7 4722	3 1564	1	1
7 4723	4 3630	1	1
7 4723	6 4639	1	1
7 4723	6 2759	1	1
7 4723	0 1234	1	1
7 4723	6 3078	1	1
7 4723	5 2426	1	1
7 4724	7 2195	1	1
7 4724	5 4370	1	1
7 4724	4 4251	1	1
7 4724	1 3232	1	1
7 4724	0 1822	1	1
7 4724	5 879	1	1
7 4725	7 4805	1	1
7 4725	5 1096	1	1
7 4725	3 1687	1	1
7 4725	6 4705	1	1
7 4725	2 3634	1	1
7 4725	3 1632	1	1
7 4726	4 2959	1	1
7 4726	3 3024	1	1
7 4726	5 2969	1	1
7 4726	5 587	1	1
7 4726	4 539	1	1
7 4726	2 778	1	1
7 4727	7 2242	1	1
7 4727	1 3483	1	1
7 4727	6 2840	1	1
7 4727	3 4910	1	1
7 4727	4 2191	1	1
7 4727	3 594	1	1
7 4728	7 804	1	1
7 4728	7 3306	1	1
7 4728	1 4779	1	1
7 4728	1 3375	1	1
7 4728	6 2501	1	1
7 4728	2 4129	1	1
7 4729	6 1547	1	1
7 4729	2 1873	1	1
7 4729	4 276	1	1
7 4729	1 2168	1	1
7 4729	3 41	1	1
7 4729	1 2073	1	1
7 4730	0 1392	1	1
7 4730	1 2205	1	1
7 4730	0 457	1	1
7 4730	2 4440	1	1
7 4730	5 1291	1	1
7 4730	4 4455	1	1
7 4731	0 3844	1	1
7 4731	6 2608	1	1
7 4731	5 3769	1	1
7 4731	0 1478	1	1
7 4731	0 1900	1	1
7 4731	2 4	1	1
7 4732	5 4986	1	1
7 4732	1 4253	1	1
7 4732	3 3191	1	1
7 4732	3 3016	1	1
7 4732	5 4360	1	1
7 4732	0 3729	1	1
7 4733	7 3503	1	1
7 4733	7 2520	1	1
7 4733	4 4543	1	1
7 4733	1 1175	1	1
7 4733	1 2627	1	1
7 4733	3 318	1	1
7 4734	7 120	1	1
7 4734	7 226	1	1
7 4734	4 1191	1	1
7 4734	1 4694	1	1
7 4734	5 4024	1	1
7 4734	3 3142	1	1
7 4735	7 3738	1	1
7 4735	7 4633	1	1
7 4735	6 3479	1	1
7 4735	2 464	1	1
7 4735	3 439	1	1
7 4735	2 4939	1	1
7 4736	0 3611	1	1
7 4736	4 1238	1	1
7 4736	3 4478	1	1
7 4736	6 2510	1	1
7 4736	6 2203	1	1
7 4736	6 4421	1	1
7 4737	7 2513	1	1
7 4737	3 2425	1	1
7 4737	6 2826	1	1
7 4737	0 2496	1	1
7 4737	5 1285	1	1
7 4737	6 4693	1	1
7 4738	5 4493	1	1
7 4738	5 282	1	1
7 4738	0 1089	1	1
7 4738	5 1003	1	1
7 4738	5 1197	1	1
7 4738	3 2630	1	1
7 4739	2 1789	1	1
7 4739	5 2499	1	1
7 4739	1 207	1	1
7 4739	0 2775	1	1
7 4739	0 1139	1	1
7 4739	0 995	1	1
7 4740	7 1316	1	1
7 4740	5 4795	1	1
7 4740	3 2144	1	1
7 4740	2 3206	1	1
7 4740	0 3150	1	1
7 4740	5 2784	1	1
7 4741	0 1019	1	1
7 4741	3 2543	1	1
7 4741	3 557	1	1
7 4741	1 40	1	1
7 4741	6 4077	1	1
7 4741	5 3717	1	1
7 4742	7 113	1	1
7 4742	6 2431	1	1
7 4742	6 3179	1	1
7 4742	0 3383	1	1
7 4742	2 4143	1	1
7 4742	1 1803	1	1
7 4743	7 4694	1	1
7 4743	3 360	1	1
7 4743	5 491	1	1
7 4743	5 2931	1	1
7 4743	4 1730	1	1
7 4743	6 2687	1	1
7 4744	4 490	1	1
7 4744	2 3285	1	1
7 4744	1 1765	1	1
7 4744	3 1207	1	1
7 4744	3 305	1	1
7 4744	5 3993	1	1
7 4745	6 849	1	1
7 4745	5 3895	1	1
7 4745	0 1370	1	1
7 4745	4 3609	1	1
7 4745	1 1215	1	1
7 4745	2 2859	1	1
7 4746	5 4681	1	1
7 4746	4 219	1	1
7 4746	5 3356	1	1
7 4746	5 4558	1	1
7 4746	6 1925	1	1
7 4746	6 2928	1	1
7 4747	7 1790	1	1
7 4747	7 601	1	1
7 4747	0 4283	1	1
7 4747	1 3478	1	1
7 4747	2 2413	1	1
7 4747	3 270	1	1
7 4748	7 449	1	1
7 4748	7 2860	1	1
7 4748	2 4603	1	1
7 4748	3 1237	1	1
7 4748	1 610	1	1
7 4748	2 3592	1	1
7 4749	4 3460	1	1
7 4749	2 2547	1	1
7 4749	2 2636	1	1
7 4749	6 3485	1	1
7 4749	0 3271	1	1
7 4749	3 3328	1	1
7 4750	7 162	1	1
7 4750	2 1660	1	1
7 4750	2 3875	1	1
7 4750	1 4899	1	1
7 4750	4 3728	1	1
7 4750	3 2138	1	1
7 4751	7 1655	1	1
7 4751	6 4437	1	1
7 4751	0 4790	1	1
7 4751	4 4346	1	1
7 4751	3 2196	1	1
7 4751	5 3191	1	1
7 4752	7 4098	1	1
7 4752	4 1864	1	1
7 4752	5 1851	1	1
7 4752	5 4196	1	1
7 4752	3 1444	1	1
7 4752	3 1888	1	1
7 4753	7 2586	1	1
7 4753	7 658	1	1
7 4753	2 555	1	1
7 4753	2 3989	1	1
7 4753	1 2991	1	1
7 4753	0 4538	1	1
7 4754	5 3465	1	1
7 4754	2 3903	1	1
7 4754	3 917	1	1
7 4754	6 1154	1	1
7 4754	6 4098	1	1
7 4754	3 376	1	1
7 4755	7 2749	1	1
7 4755	7 3711	1	1
7 4755	1 3113	1	1
7 4755	4 1948	1	1
7 4755	0 1011	1	1
7 4755	4 4231	1	1
7 4756	7 520	1	1
7 4756	7 2520	1	1
7 4756	5 1385	1	1
7 4756	2 781	1	1
7 4756	4 975	1	1
7 4756	1 3147	1	1
7 4757	7 2074	1	1
7 4757	5 2233	1	1
7 4757	6 1929	1	1
7 4757	3 196	1	1
7 4757	6 4575	1	1
7 4757	1 3653	1	1
7 4758	5 2543	1	1
7 4758	3 4742	1	1
7 4758	4 4046	1	1
7 4758	6 4877	1	1
7 4758	4 1679	1	1
7 4758	0 2096	1	1
7 4759	2 4856	1	1
7 4759	4 4109	1	1
7 4759	2 3712	1	1
7 4759	3 1171	1	1
7 4759	3 614	1	1
7 4759	4 4482	1	1
7 4760	7 1830	1	1
7 4760	7 2824	1	1
7 4760	0 557	1	1
7 4760	3 547	1	1
7 4760	0 3019	1	1
7 4760	1 1917	1	1
7 4761	7 720	1	1
7 4761	4 2638	1	1
7 4761	5 4231	1	1
7 4761	5 426	1	1
7 4761	1 3970	1	1
7 4761	3 1208	1	1
7 4762	7 2679	1	1
7 4762	7 2085	1	1
7 4762	6 344	1	1
7 4762	1 619	1	1
7 4762	0 165	1	1
7 4762	3 1147	1	1
7 4763	7 4952	1	1
7 4763	3 4439	1	1
7 4763	2 1685	1	1
7 4763	2 2316	1	1
7 4763	0 819	1	1
7 4763	1 557	1	1
7 4764	3 422	1	1
7 4764	3 2624	1	1
7 4764	5 1621	1	1
7 4764	6 3158	1	1
7 4764	1 4700	1	1
7 4764	2 4208	1	1
7 4765	7 3814	1	1
7 4765	0 2548	1	1
7 4765	6 4081	1	1
7 4765	4 839	1	1
7 4765	3 2434	1	1
7 4765	4 4410	1	1
7 4766	7 2559	1	1
7 4766	7 2271	1	1
7 4766	1 3184	1	1
7 4766	0 1080	1	1
7 4766	2 104	1	1
7 4766	1 4275	1	1
7 4767	7 3901	1	1
7 4767	7 254	1	1
7 4767	6 1036	1	1
7 4767	1 4450	1	1
7 4767	5 59	1	1
7 4767	6 2636	1	1
7 4768	5 2797	1	1
7 4768	5 2843	1	1
7 4768	2 3984	1	1
7 4768	4 3321	1	1
7 4768	2 792	1	1
7 4768	4 427	1	1
7 4769	7 2227	1	1
7 4769	7 1898	1	1
7 4769	1 4750	1	1
7 4769	2 4835	1	1
7 4769	2 873	1	1
7 4769	3 4993	1	1
7 4770	0 4827	1	1
7 4770	2 4801	1	1
7 4770	1 1911	1	1
7 4770	6 1600	1	1
7 4770	2 1538	1	1
7 4770	5 46	1	1
7 4771	7 3331	1	1
7 4771	7 2276	1	1
7 4771	4 238	1	1
7 4771	4 1637	1	1
7 4771	0 1118	1	1
7 4771	1 4610	1	1
7 4772	0 2344	1	1
7 4772	4 2492	1	1
7 4772	4 2317	1	1
7 4772	3 4809	1	1
7 4772	1 2702	1	1
7 4772	4 32	1	1
7 4773	7 2441	1	1
7 4773	6 3105	1	1
7 4773	6 927	1	1
7 4773	6 4468	1	1
7 4773	0 1603	1	1
7 4773	3 3668	1	1
7 4774	3 2045	1	1
7 4774	4 1608	1	1
7 4774	3 4548	1	1
7 4774	0 470	1	1
7 4774	5 2635	1	1
7 4774	5 2815	1	1
7 4775	7 4732	1	1
7 4775	4 59	1	1
7 4775	1 2243	1	1
7 4775	5 746	1	1
7 4775	3 1290	1	1
7 4775	5 4689	1	1
7 4776	7 562	1	1
7 4776	0 3875	1	1
7 4776	4 3431	1	1
7 4776	1 2319	1	1
7 4776	2 3793	1	1
7 4776	1 2218	1	1
7 4777	7 3699	1	1
7 4777	7 4547	1	1
7 4777	0 1912	1	1
7 4777	0 3185	1	1
7 4777	1 1811	1	1
7 4777	1 3788	1	1
7 4778	7 4616	1	1
7 4778	5 3511	1	1
7 4778	0 2746	1	1
7 4778	3 3297	1	1
7 4778	5 3922	1	1
7 4778	4 3382	1	1
7 4779	7 96	1	1
7 4779	4 3687	1	1
7 4779	2 1641	1	1
7 4779	2 2259	1	1
7 4779	3 545	1	1
7 4779	2 2405	1	1
7 4780	7 1444	1	1
7 4780	3 2577	1	1
7 4780	0 3841	1	1
7 4780	0 603	1	1
7 4780	3 3591	1	1
7 4780	4 1695	1	1
7 4781	7 2791	1	1
7 4781	1 2193	1	1
7 4781	4 3082	1	1
7 4781	1 3337	1	1
7 4781	4 2344	1	1
7 4781	4 22	1	1
7 4782	2 2244	1	1
7 4782	5 3286	1	1
7 4782	6 2128	1	1
7 4782	1 4801	1	1
7 4782	0 3399	1	1
7 4782	4 2696	1	1
7 4783	7 1246	1	1
7 4783	2 1644	1	1
7 4783	6 3610	1	1
7 4783	6 3208	1	1
7 4783	6 2109	1	1
7 4783	0 1033	1	1
7 4784	7 3041	1	1
7 4784	5 3991	1	1
7 4784	1 448	1	1
7 4784	2 74	1	1
7 4784	2 4699	1	1
7 4784	2 2854	1	1
7 4785	7 4820	1	1
7 4785	1 3461	1	1
7 4785	1 3238	1	1
7 4785	4 3161	1	1
7 4785	1 1588	1	1
7 4785	2 498	1	1
7 4786	7 2838	1	1
7 4786	5 1816	1	1
7 4786	3 2107	1	1
7 4786	6 2439	1	1
7 4786	0 4606	1	1
7 4786	3 2060	1	1
7 4787	2 591	1	1
7 4787	5 4593	1	1
7 4787	2 2980	1	1
7 4787	6 4750	1	1
7 4787	6 4434	1	1
7 4787	4 3107	1	1
7 4788	4 2794	1	1
7 4788	6 2925	1	1
7 4788	3 3926	1	1
7 4788	4 1243	1	1
7 4788	4 2593	1	1
7 4788	6 1615	1	1
7 4789	7 1759	1	1
7 4789	2 324	1	1
7 4789	4 2601	1	1
7 4789	4 939	1	1
7 4789	5 346	1	1
7 4789	1 4243	1	1
7 4790	7 1927	1	1
7 4790	1 4630	1	1
7 4790	3 4034	1	1
7 4790	5 3527	1	1
7 4790	4 4193	1	1
7 4790	5 1143	1	1
7 4791	7 3678	1	1
7 4791	7 1300	1	1
7 4791	5 4829	1	1
7 4791	1 3141	1	1
7 4791	6 1398	1	1
7 4791	2 4963	1	1
7 4792	6 4056	1	1
7 4792	6 3082	1	1
7 4792	3 2672	1	1
7 4792	4 792	1	1
7 4792	6 2216	1	1
7 4792	5 3976	1	1
7 4793	6 3444	1	1
7 4793	4 1439	1	1
7 4793	3 2401	1	1
7 4793	6 1192	1	1
7 4793	5 1184	1	1
7 4793	2 1401	1	1
7 4794	7 3026	1	1
7 4794	2 1471	1	1
7 4794	4 626	1	1
7 4794	5 3195	1	1
7 4794	3 74	1	1
7 4794	0 1046	1	1
7 4795	7 1011	1	1
7 4795	7 4017	1	1
7 4795	5 77	1	1
7 4795	1 3755	1	1
7 4795	5 4937	1	1
7 4795	0 1835	1	1
7 4796	3 1112	1	1
7 4796	0 1494	1	1
7 4796	1 4217	1	1
7 4796	5 1648	1	1
7 4796	6 2594	1	1
7 4796	2 1393	1	1
7 4797	7 3631	1	1
7 4797	2 108	1	1
7 4797	5 4200	1	1
7 4797	4 4785	1	1
7 4797	2 2029	1	1
7 4797	3 4421	1	1
7 4798	0 3222	1	1
7 4798	2 4520	1	1
7 4798	1 3110	1	1
7 4798	3 1618	1	1
7 4798	5 1352	1	1
7 4798	3 4117	1	1
7 4799	7 701	1	1
7 4799	7 1065	1	1
7 4799	3 1563	1	1
7 4799	2 4837	1	1
7 4799	0 1491	1	1
7 4799	2 353	1	1
7 4800	7 286	1	1
7 4800	0 2868	1	1
7 4800	0 493	1	1
7 4800	2 2193	1	1
7 4800	3 3374	1	1
7 4800	0 4972	1	1
7 4801	4 2190	1	1
7 4801	0 972	1	1
7 4801	4 4565	1	1
7 4801	4 1746	1	1
7 4801	3 4336	1	1
7 4801	1 1367	1	1
7 4802	5 2281	1	1
7 4802	6 1628	1	1
7 4802	1 1149	1	1
7 4802	4 4541	1	1
7 4802	4 4542	1	1
7 4802	6 699	1	1
7 4803	7 6	1	1
7 4803	6 2522	1	1
7 4803	3 4314	1	1
7 4803	4 489	1	1
7 4803	3 4261	1	1
7 4803	1 4398	1	1
7 4804	6 550	1	1
7 4804	1 4044	1	1
7 4804	4 4396	1	1
7 4804	1 2853	1	1
7 4804	5 1555	1	1
7 4804	1 835	1	1
7 4805	7 3925	1	1
7 4805	1 1017	1	1
7 4805	1 2513	1	1
7 4805	1 1767	1	1
7 4805	2 3226	1	1
7 4805	0 4835	1	1
7 4806	7 1008	1	1
7 4806	7 4079	1	1
7 4806	6 3714	1	1
7 4806	3 116	1	1
7 4806	6 282	1	1
7 4806	1 958	1	1
7 4807	7 3713	1	1
7 4807	1 2156	1	1
7 4807	1 2640	1	1
7 4807	4 3359	1	1
7 4807	5 250	1	1
7 4807	1 667	1	1
7 4808	7 1379	1	1
7 4808	5 4768	1	1
7 4808	2 4094	1	1
7 4808	4 2722	1	1
7 4808	0 88	1	1
7 4808	4 2286	1	1
7 4809	6 2054	1	1
7 4809	5 1846	1	1
7 4809	2 4828	1	1
7 4809	2 615	1	1
7 4809	5 807	1	1
7 4809	6 1260	1	1
7 4810	7 297	1	1
7 4810	7 1606	1	1
7 4810	5 4519	1	1
7 4810	4 3939	1	1
7 4810	4 2715	1	1
7 4810	3 726	1	1
7 4811	7 1568	1	1
7 4811	7 4478	1	1
7 4811	3 1942	1	1
7 4811	4 2918	1	1
7 4811	6 1530	1	1
7 4811	2 4464	1	1
7 4812	7 2147	1	1
7 4812	1 417	1	1
7 4812	0 1492	1	1
7 4812	4 3344	1	1
7 4812	2 4065	1	1
7 4812	0 744	1	1
7 4813	5 1819	1	1
7 4813	0 178	1	1
7 4813	5 120	1	1
7 4813	6 669	1	1
7 4813	4 1041	1	1
7 4813	2 4018	1	1
7 4814	4 2078	1	1
7 4814	4 1040	1	1
7 4814	6 1083	1	1
7 4814	1 1799	1	1
7 4814	0 72	1	1
7 4814	0 3028	1	1
7 4815	6 2210	1	1
7 4815	6 4180	1	1
7 4815	0 828	1	1
7 4815	1 3441	1	1
7 4815	1 3694	1	1
7 4815	0 963	1	1
7 4816	6 669	1	1
7 4816	5 2099	1	1
7 4816	1 2108	1	1
7 4816	0 400	1	1
7 4816	0 4923	1	1
7 4816	1 4413	1	1
7 4817	0 4202	1	1
7 4817	0 1750	1	1
7 4817	2 2248	1	1
7 4817	2 4450	1	1
7 4817	5 974	1	1
7 4817	5 3739	1	1
7 4818	7 796	1	1
7 4818	7 2389	1	1
7 4818	1 1343	1	1
7 4818	5 1282	1	1
7 4818	5 433	1	1
7 4818	1 201	1	1
7 4819	0 1931	1	1
7 4819	2 4888	1	1
7 4819	1 1362	1	1
7 4819	0 2559	1	1
7 4819	4 4618	1	1
7 4819	1 3283	1	1
7 4820	7 2791	1	1
7 4820	5 3231	1	1
7 4820	1 762	1	1
7 4820	4 57	1	1
7 4820	2 3072	1	1
7 4820	4 4980	1	1
7 4821	7 1025	1	1
7 4821	7 1558	1	1
7 4821	0 860	1	1
7 4821	3 1714	1	1
7 4821	2 1070	1	1
7 4821	0 3429	1	1
7 4822	7 2285	1	1
7 4822	5 1208	1	1
7 4822	5 46	1	1
7 4822	6 3904	1	1
7 4822	5 4888	1	1
7 4822	4 4376	1	1
7 4823	7 1746	1	1
7 4823	6 2127	1	1
7 4823	4 602	1	1
7 4823	3 2997	1	1
7 4823	0 1288	1	1
7 4823	5 4967	1	1
7 4824	0 1901	1	1
7 4824	2 4057	1	1
7 4824	4 1086	1	1
7 4824	5 138	1	1
7 4824	3 1753	1	1
7 4824	0 143	1	1
7 4825	7 881	1	1
7 4825	1 3645	1	1
7 4825	1 3365	1	1
7 4825	6 948	1	1
7 4825	4 3690	1	1
7 4825	3 1937	1	1
7 4826	4 4602	1	1
7 4826	2 4034	1	1
7 4826	0 844	1	1
7 4826	4 3462	1	1
7 4826	5 2571	1	1
7 4826	3 1667	1	1
7 4827	7 4717	1	1
7 4827	7 3143	1	1
7 4827	1 3634	1	1
7 4827	1 1858	1	1
7 4827	0 2987	1	1
7 4827	1 3494	1	1
7 4828	7 634	1	1
7 4828	7 705	1	1
7 4828	7 3980	1	1
7 4828	5 4430	1	1
7 4828	1 2633	1	1
7 4828	4 917	1	1
7 4829	1 261	1	1
7 4829	0 3125	1	1
7 4829	1 4493	1	1
7 4829	0 3079	1	1
7 4829	5 3203	1	1
7 4829	1 3550	1	1
7 4830	7 2891	1	1
7 4830	0 4777	1	1
7 4830	2 3297	1	1
7 4830	4 2443	1	1
7 4830	4 3501	1	1
7 4830	0 1524	1	1
7 4831	7 470	1	1
7 4831	6 3069	1	1
7 4831	2 2257	1	1
7 4831	6 772	1	1
7 4831	3 3062	1	1
7 4831	0 1496	1	1
7 4832	0 149	1	1
7 4832	4 1513	1	1
7 4832	1 682	1	1
7 4832	6 602	1	1
7 4832	3 4267	1	1
7 4832	2 1464	1	1
7 4833	7 3095	1	1
7 4833	1 1457	1	1
7 4833	5 3392	1	1
7 4833	0 4461	1	1
7 4833	0 2385	1	1
7 4833	0 3894	1	1
7 4834	6 2111	1	1
7 4834	5 4282	1	1
7 4834	3 1728	1	1
7 4834	0 418	1	1
7 4834	2 802	1	1
7 4834	5 3375	1	1
7 4835	7 3675	1	1
7 4835	7 3740	1	1
7 4835	3 4933	1	1
7 4835	5 4692	1	1
7 4835	5 406	1	1
7 4835	1 1547	1	1
7 4836	3 10	1	1
7 4836	3 2560	1	1
7 4836	4 2422	1	1
7 4836	0 3370	1	1
7 4836	3 3295	1	1
7 4836	1 3128	1	1
7 4837	7 238	1	1
7 4837	7 2622	1	1
7 4837	0 928	1	1
7 4837	6 443	1	1
7 4837	1 2766	1	1
7 4837	6 3318	1	1
7 4838	7 3469	1	1
7 4838	7 4186	1	1
7 4838	7 4064	1	1
7 4838	6 4384	1	1
7 4838	4 4303	1	1
7 4838	4 847	1	1
7 4839	7 3659	1	1
7 4839	5 1722	1	1
7 4839	6 4197	1	1
7 4839	3 4391	1	1
7 4839	2 2200	1	1
7 4839	3 2838	1	1
7 4840	3 795	1	1
7 4840	4 3348	1	1
7 4840	1 1130	1	1
7 4840	1 2975	1	1
7 4840	6 3442	1	1
7 4840	5 3725	1	1
7 4841	6 1385	1	1
7 4841	1 2328	1	1
7 4841	4 1054	1	1
7 4841	0 4333	1	1
7 4841	6 1685	1	1
7 4841	5 940	1	1
7 4842	7 554	1	1
7 4842	3 2704	1	1
7 4842	5 3673	1	1
7 4842	6 2728	1	1
7 4842	3 3904	1	1
7 4842	0 3409	1	1
7 4843	5 4253	1	1
7 4843	6 3498	1	1
7 4843	0 2772	1	1
7 4843	1 4982	1	1
7 4843	5 1985	1	1
7 4843	6 1846	1	1
7 4844	2 3280	1	1
7 4844	2 3567	1	1
7 4844	5 657	1	1
7 4844	2 3925	1	1
7 4844	6 1271	1	1
7 4844	2 1240	1	1
7 4845	7 4685	1	1
7 4845	5 780	1	1
7 4845	5 3711	1	1
7 4845	1 1073	1	1
7 4845	6 3298	1	1
7 4845	6 1841	1	1
7 4846	3 2010	1	1
7 4846	6 4699	1	1
7 4846	0 3711	1	1
7 4846	1 4387	1	1
7 4846	2 4822	1	1
7 4846	5 2809	1	1
7 4847	7 545	1	1
7 4847	5 3203	1	1
7 4847	6 3216	1	1
7 4847	4 489	1	1
7 4847	6 3680	1	1
7 4847	5 3017	1	1
7 4848	7 3623	1	1
7 4848	4 2250	1	1
7 4848	0 422	1	1
7 4848	5 1447	1	1
7 4848	4 4103	1	1
7 4848	3 2551	1	1
7 4849	7 3452	1	1
7 4849	4 3481	1	1
7 4849	5 1263	1	1
7 4849	3 166	1	1
7 4849	6 2043	1	1
7 4849	6 2409	1	1
7 4850	7 3311	1	1
7 4850	7 1967	1	1
7 4850	3 3325	1	1
7 4850	1 2408	1	1
7 4850	6 3790	1	1
7 4850	3 1335	1	1
7 4851	7 2394	1	1
7 4851	1 3461	1	1
7 4851	2 4182	1	1
7 4851	5 568	1	1
7 4851	6 4059	1	1
7 4851	1 4611	1	1
7 4852	7 2947	1	1
7 4852	7 3698	1	1
7 4852	7 2887	1	1
7 4852	0 2027	1	1
7 4852	2 656	1	1
7 4852	4 1793	1	1
7 4853	7 3905	1	1
7 4853	3 4120	1	1
7 4853	5 1916	1	1
7 4853	6 2691	1	1
7 4853	6 2883	1	1
7 4853	1 4742	1	1
7 4854	2 1038	1	1
7 4854	2 181	1	1
7 4854	6 3419	1	1
7 4854	2 3000	1	1
7 4854	4 789	1	1
7 4854	6 1738	1	1
7 4855	4 4170	1	1
7 4855	2 2290	1	1
7 4855	6 3682	1	1
7 4855	3 4101	1	1
7 4855	2 152	1	1
7 4855	3 2358	1	1
7 4856	7 4090	1	1
7 4856	7 295	1	1
7 4856	0 1455	1	1
7 4856	1 1786	1	1
7 4856	6 2039	1	1
7 4856	3 4659	1	1
7 4857	6 1400	1	1
7 4857	1 2921	1	1
7 4857	4 1258	1	1
7 4857	2 472	1	1
7 4857	6 4083	1	1
7 4857	2 4892	1	1
7 4858	3 2714	1	1
7 4858	0 1074	1	1
7 4858	2 2019	1	1
7 4858	3 406	1	1
7 4858	6 4536	1	1
7 4858	3 4297	1	1
7 4859	7 1090	1	1
7 4859	0 4865	1	1
7 4859	1 4840	1	1
7 4859	4 3327	1	1
7 4859	5 1741	1	1
7 4859	3 3327	1	1
7 4860	3 2615	1	1
7 4860	2 4248	1	1
7 4860	6 2401	1	1
7 4860	0 96	1	1
7 4860	5 2265	1	1
7 4860	1 2260	1	1
7 4861	7 2908	1	1
7 4861	6 2108	1	1
7 4861	1 2512	1	1
7 4861	4 4106	1	1
7 4861	4 1929	1	1
7 4861	5 4220	1	1
7 4862	1 2105	1	1
7 4862	3 4130	1	1
7 4862	5 3175	1	1
7 4862	4 4489	1	1
7 4862	4 306	1	1
7 4862	5 2642	1	1
7 4863	2 4244	1	1
7 4863	5 4949	1	1
7 4863	1 567	1	1
7 4863	4 4556	1	1
7 4863	1 60	1	1
7 4863	2 2087	1	1
7 4864	7 923	1	1
7 4864	2 4710	1	1
7 4864	6 4663	1	1
7 4864	4 695	1	1
7 4864	1 864	1	1
7 4864	6 200	1	1
7 4865	7 4174	1	1
7 4865	6 3256	1	1
7 4865	2 817	1	1
7 4865	5 1391	1	1
7 4865	1 4417	1	1
7 4865	3 2109	1	1
7 4866	7 1531	1	1
7 4866	7 4358	1	1
7 4866	4 4689	1	1
7 4866	3 3823	1	1
7 4866	2 2695	1	1
7 4866	0 2055	1	1
7 4867	7 3289	1	1
7 4867	1 2721	1	1
7 4867	1 3255	1	1
7 4867	5 2053	1	1
7 4867	4 2781	1	1
7 4867	1 1042	1	1
7 4868	7 3154	1	1
7 4868	5 3337	1	1
7 4868	6 4155	1	1
7 4868	0 536	1	1
7 4868	2 4243	1	1
7 4868	2 2625	1	1
7 4869	7 4553	1	1
7 4869	7 4562	1	1
7 4869	7 913	1	1
7 4869	1 206	1	1
7 4869	5 1635	1	1
7 4869	0 2281	1	1
7 4870	7 3375	1	1
7 4870	6 324	1	1
7 4870	4 1464	1	1
7 4870	2 1109	1	1
7 4870	1 957	1	1
7 4870	3 4841	1	1
7 4871	5 2470	1	1
7 4871	3 1935	1	1
7 4871	4 4904	1	1
7 4871	1 4333	1	1
7 4871	6 4163	1	1
7 4871	5 1563	1	1
7 4872	7 3	1	1
7 4872	4 4152	1	1
7 4872	2 981	1	1
7 4872	3 4331	1	1
7 4872	2 672	1	1
7 4872	6 36	1	1
7 4873	7 4182	1	1
7 4873	7 3424	1	1
7 4873	3 1051	1	1
7 4873	5 4861	1	1
7 4873	5 2428	1	1
7 4873	3 1106	1	1
7 4874	7 205	1	1
7 4874	2 4645	1	1
7 4874	5 3546	1	1
7 4874	0 4748	1	1
7 4874	0 3004	1	1
7 4874	4 2647	1	1
7 4875	3 1085	1	1
7 4875	2 3316	1	1
7 4875	5 2516	1	1
7 4875	2 3071	1	1
7 4875	4 2648	1	1
7 4875	0 239	1	1
7 4876	2 3452	1	1
7 4876	6 1457	1	1
7 4876	6 3684	1	1
7 4876	6 371	1	1
7 4876	5 1889	1	1
7 4876	3 2411	1	1
7 4877	0 3265	1	1
7 4877	1 4889	1	1
7 4877	0 3978	1	1
7 4877	3 3504	1	1
7 4877	4 3096	1	1
7 4877	5 1745	1	1
7 4878	7 4073	1	1
7 4878	6 1993	1	1
7 4878	6 2528	1	1
7 4878	4 1765	1	1
7 4878	0 2257	1	1
7 4878	5 2219	1	1
7 4879	7 3877	1	1
7 4879	4 4573	1	1
7 4879	3 913	1	1
7 4879	3 1580	1	1
7 4879	6 1607	1	1
7 4879	2 3680	1	1
7 4880	0 2574	1	1
7 4880	3 3406	1	1
7 4880	3 1736	1	1
7 4880	5 4051	1	1
7 4880	1 4569	1	1
7 4880	5 2268	1	1
7 4881	7 4395	1	1
7 4881	7 707	1	1
7 4881	1 4382	1	1
7 4881	4 2788	1	1
7 4881	3 2106	1	1
7 4881	6 394	1	1
7 4882	7 1003	1	1
7 4882	7 4947	1	1
7 4882	3 4985	1	1
7 4882	1 1048	1	1
7 4882	6 1733	1	1
7 4882	3 4353	1	1
7 4883	7 3193	1	1
7 4883	3 1774	1	1
7 4883	6 4002	1	1
7 4883	0 2826	1	1
7 4883	6 668	1	1
7 4883	3 3832	1	1
7 4884	7 4573	1	1
7 4884	6 3359	1	1
7 4884	1 4631	1	1
7 4884	0 1247	1	1
7 4884	2 4464	1	1
7 4884	5 1135	1	1
7 4885	7 3876	1	1
7 4885	1 1714	1	1
7 4885	2 4921	1	1
7 4885	4 4897	1	1
7 4885	6 2009	1	1
7 4885	0 1736	1	1
7 4886	0 3927	1	1
7 4886	6 1646	1	1
7 4886	5 2977	1	1
7 4886	6 1221	1	1
7 4886	0 338	1	1
7 4886	2 2829	1	1
7 4887	7 4742	1	1
7 4887	7 4494	1	1
7 4887	4 4053	1	1
7 4887	4 2841	1	1
7 4887	3 1934	1	1
7 4887	3 2182	1	1
7 4888	5 757	1	1
7 4888	2 3418	1	1
7 4888	4 2019	1	1
7 4888	6 2396	1	1
7 4888	0 2989	1	1
7 4888	1 2829	1	1
7 4889	4 4699	1	1
7 4889	5 3469	1	1
7 4889	3 1722	1	1
7 4889	4 433	1	1
7 4889	2 31	1	1
7 4889	5 1173	1	1
7 4890	7 1542	1	1
7 4890	7 2908	1	1
7 4890	2 318	1	1
7 4890	3 503	1	1
7 4890	3 2931	1	1
7 4890	0 1999	1	1
7 4891	7 4583	1	1
7 4891	1 1889	1	1
7 4891	3 742	1	1
7 4891	1 3207	1	1
7 4891	3 2036	1	1
7 4891	5 4070	1	1
7 4892	7 1683	1	1
7 4892	1 1001	1	1
7 4892	3 438	1	1
7 4892	2 789	1	1
7 4892	6 4137	1	1
7 4892	1 935	1	1
7 4893	7 3799	1	1
7 4893	0 78	1	1
7 4893	0 3616	1	1
7 4893	3 341	1	1
7 4893	2 216	1	1
7 4893	4 4038	1	1
7 4894	2 3666	1	1
7 4894	5 2682	1	1
7 4894	5 4213	1	1
7 4894	0 226	1	1
7 4894	2 4701	1	1
7 4894	6 345	1	1
7 4895	1 972	1	1
7 4895	2 875	1	1
7 4895	0 3037	1	1
7 4895	5 1088	1	1
7 4895	3 723	1	1
7 4895	4 2486	1	1
7 4896	7 1539	1	1
7 4896	6 3756	1	1
7 4896	3 3638	1	1
7 4896	5 1942	1	1
7 4896	3 1130	1	1
7 4896	2 3448	1	1
7 4897	7 4234	1	1
7 4897	7 2180	1	1
7 4897	4 552	1	1
7 4897	0 1909	1	1
7 4897	3 458	1	1
7 4897	0 4065	1	1
7 4898	5 713	1	1
7 4898	2 447	1	1
7 4898	3 4528	1	1
7 4898	6 399	1	1
7 4898	0 2187	1	1
7 4898	1 1390	1	1
7 4899	3 457	1	1
7 4899	3 2624	1	1
7 4899	0 3438	1	1
7 4899	6 130	1	1
7 4899	1 1142	1	1
7 4899	6 625	1	1
7 4900	7 3213	1	1
7 4900	6 1733	1	1
7 4900	2 4567	1	1
7 4900	6 1044	1	1
7 4900	3 3960	1	1
7 4900	2 4767	1	1
7 4901	7 1495	1	1
7 4901	5 3862	1	1
7 4901	2 3617	1	1
7 4901	2 1807	1	1
7 4901	6 3974	1	1
7 4901	2 2431	1	1
7 4902	7 3790	1	1
7 4902	2 1270	1	1
7 4902	2 2413	1	1
7 4902	0 583	1	1
7 4902	0 1303	1	1
7 4902	0 889	1	1
7 4903	5 1714	1	1
7 4903	5 2141	1	1
7 4903	0 4898	1	1
7 4903	3 3299	1	1
7 4903	6 640	1	1
7 4903	5 24	1	1
7 4904	4 264	1	1
7 4904	6 3700	1	1
7 4904	5 1597	1	1
7 4904	3 4207	1	1
7 4904	2 304	1	1
7 4904	6 2960	1	1
7 4905	7 284	1	1
7 4905	6 1377	1	1
7 4905	2 1999	1	1
7 4905	2 4076	1	1
7 4905	6 19	1	1
7 4905	1 3436	1	1
7 4906	6 25	1	1
7 4906	2 3944	1	1
7 4906	3 2909	1	1
7 4906	1 2527	1	1
7 4906	0 718	1	1
7 4906	3 2272	1	1
7 4907	7 4625	1	1
7 4907	7 3314	1	1
7 4907	5 962	1	1
7 4907	6 2342	1	1
7 4907	6 2824	1	1
7 4907	5 3105	1	1
7 4908	7 404	1	1
7 4908	0 127	1	1
7 4908	5 4760	1	1
7 4908	0 3260	1	1
7 4908	0 4052	1	1
7 4908	0 4061	1	1
7 4909	7 1718	1	1
7 4909	0 4495	1	1
7 4909	0 3006	1	1
7 4909	6 1303	1	1
7 4909	6 1908	1	1
7 4909	4 1908	1	1
7 4910	7 4255	1	1
7 4910	3 1834	1	1
7 4910	1 189	1	1
7 4910	6 298	1	1
7 4910	1 4133	1	1
7 4910	3 4827	1	1
7 4911	7 2514	1	1
7 4911	7 2926	1	1
7 4911	5 3481	1	1
7 4911	0 2496	1	1
7 4911	2 170	1	1
7 4911	3 2517	1	1
7 4912	4 4350	1	1
7 4912	6 410	1	1
7 4912	6 2829	1	1
7 4912	3 2487	1	1
7 4912	1 1330	1	1
7 4912	3 3371	1	1
7 4913	7 214	1	1
7 4913	7 829	1	1
7 4913	7 4192	1	1
7 4913	2 3385	1	1
7 4913	3 3678	1	1
7 4913	0 1276	1	1
7 4914	7 710	1	1
7 4914	3 3362	1	1
7 4914	6 524	1	1
7 4914	4 3383	1	1
7 4914	3 4899	1	1
7 4914	4 2742	1	1
7 4915	7 967	1	1
7 4915	7 3898	1	1
7 4915	3 1343	1	1
7 4915	6 1970	1	1
7 4915	3 56	1	1
7 4915	4 3480	1	1
7 4916	4 3847	1	1
7 4916	2 157	1	1
7 4916	4 478	1	1
7 4916	1 3750	1	1
7 4916	2 1483	1	1
7 4916	1 2616	1	1
7 4917	7 2378	1	1
7 4917	5 496	1	1
7 4917	5 1546	1	1
7 4917	0 925	1	1
7 4917	1 1175	1	1
7 4917	5 2078	1	1
7 4918	3 2432	1	1
7 4918	3 4559	1	1
7 4918	2 1725	1	1
7 4918	0 4219	1	1
7 4918	2 3877	1	1
7 4918	0 1282	1	1
7 4919	7 4752	1	1
7 4919	2 1008	1	1
7 4919	5 4123	1	1
7 4919	4 2660	1	1
7 4919	1 3831	1	1
7 4919	5 2482	1	1
7 4920	7 3343	1	1
7 4920	4 2449	1	1
7 4920	5 513	1	1
7 4920	4 875	1	1
7 4920	0 3847	1	1
7 4920	6 2381	1	1
7 4921	1 2553	1	1
7 4921	4 3691	1	1
7 4921	0 1680	1	1
7 4921	6 1263	1	1
7 4921	3 4179	1	1
7 4921	1 984	1	1
7 4922	7 1033	1	1
7 4922	4 4969	1	1
7 4922	0 4802	1	1
7 4922	4 2152	1	1
7 4922	1 1558	1	1
7 4922	5 423	1	1
7 4923	0 1178	1	1
7 4923	4 2510	1	1
7 4923	4 4381	1	1
7 4923	0 4121	1	1
7 4923	3 4532	1	1
7 4923	6 4425	1	1
7 4924	7 804	1	1
7 4924	7 605	1	1
7 4924	3 574	1	1
7 4924	0 687	1	1
7 4924	2 1064	1	1
7 4924	1 1773	1	1
7 4925	7 2276	1	1
7 4925	6 484	1	1
7 4925	4 1017	1	1
7 4925	4 2444	1	1
7 4925	0 4727	1	1
7 4925	4 3433	1	1
7 4926	2 4674	1	1
7 4926	5 745	1	1
7 4926	2 2337	1	1
7 4926	5 1416	1	1
7 4926	5 4198	1	1
7 4926	4 1957	1	1
7 4927	3 4826	1	1
7 4927	5 1643	1	1
7 4927	1 948	1	1
7 4927	4 3110	1	1
7 4927	0 1200	1	1
7 4927	0 2885	1	1
7 4928	7 359	1	1
7 4928	2 669	1	1
7 4928	3 315	1	1
7 4928	2 4136	1	1
7 4928	1 4166	1	1
7 4928	3 337	1	1
7 4929	1 4957	1	1
7 4929	5 2998	1	1
7 4929	0 482	1	1
7 4929	6 3335	1	1
7 4929	0 44	1	1
7 4929	2 2556	1	1
7 4930	6 2852	1	1
7 4930	1 933	1	1
7 4930	2 2854	1	1
7 4930	0 4001	1	1
7 4930	1 1722	1	1
7 4930	2 1694	1	1
7 4931	7 843	1	1
7 4931	7 1316	1	1
7 4931	6 2208	1	1
7 4931	0 4300	1	1
7 4931	6 3515	1	1
7 4931	3 2204	1	1
7 4932	5 4579	1	1
7 4932	6 2464	1	1
7 4932	6 816	1	1
7 4932	3 4686	1	1
7 4932	3 1910	1	1
7 4932	6 4730	1	1
7 4933	7 4165	1	1
7 4933	6 176	1	1
7 4933	0 1582	1	1
7 4933	2 2057	1	1
7 4933	4 3773	1	1
7 4933	6 423	1	1
7 4934	6 1508	1	1
7 4934	2 2721	1	1
7 4934	2 1992	1	1
7 4934	5 974	1	1
7 4934	5 3528	1	1
7 4934	4 234	1	1
7 4935	7 1570	1	1
7 4935	7 1332	1	1
7 4935	7 4377	1	1
7 4935	4 3485	1	1
7 4935	2 667	1	1
7 4935	6 1234	1	1
7 4936	5 718	1	1
7 4936	5 2803	1	1
7 4936	4 1333	1	1
7 4936	4 1088	1	1
7 4936	1 4302	1	1
7 4936	4 4838	1	1
7 4937	6 320	1	1
7 4937	5 1795	1	1
7 4937	5 3763	1	1
7 4937	5 1814	1	1
7 4937	5 2503	1	1
7 4937	6 4212	1	1
7 4938	7 2651	1	1
7 4938	0 4485	1	1
7 4938	2 1764	1	1
7 4938	2 1326	1	1
7 4938	6 4225	1	1
7 4938	6 880	1	1
7 4939	3 1440	1	1
7 4939	6 3371	1	1
7 4939	2 2162	1	1
7 4939	1 4976	1	1
7 4939	5 3973	1	1
7 4939	0 1067	1	1
7 4940	7 4980	1	1
7 4940	4 1585	1	1
7 4940	1 4059	1	1
7 4940	3 1961	1	1
7 4940	2 3370	1	1
7 4940	0 2399	1	1
7 4941	7 4038	1	1
7 4941	1 140	1	1
7 4941	4 1833	1	1
7 4941	2 2144	1	1
7 4941	0 3683	1	1
7 4941	3 3195	1	1
7 4942	7 2489	1	1
7 4942	2 1892	1	1
7 4942	6 4775	1	1
7 4942	3 1989	1	1
7 4942	2 238	1	1
7 4942	5 4988	1	1
7 4943	5 2540	1	1
7 4943	6 2223	1	1
7 4943	0 2976	1	1
7 4943	3 3945	1	1
7 4943	2 935	1	1
7 4943	1 4986	1	1
7 4944	3 2022	1	1
7 4944	3 146	1	1
7 4944	1 1896	1	1
7 4944	0 4921	1	1
7 4944	2 4932	1	1
7 4944	6 400	1	1
7 4945	2 3979	1	1
7 4945	5 2578	1	1
7 4945	6 1153	1	1
7 4945	3 2620	1	1
7 4945	5 2553	1	1
7 4945	2 2421	1	1
7 4946	7 3359	1	1
7 4946	7 567	1	1
7 4946	7 2449	1	1
7 4946	5 4555	1	1
7 4946	3 4060	1	1
7 4946	1 745	1	1
7 4947	5 4037	1	1
7 4947	0 120	1	1
7 4947	2 2755	1	1
7 4947	0 2051	1	1
7 4947	0 2104	1	1
7 4947	1 1108	1	1
7 4948	4 4393	1	1
7 4948	5 2418	1	1
7 4948	5 4231	1	1
7 4948	4 3505	1	1
7 4948	1 1288	1	1
7 4948	1 1198	1	1
7 4949	7 504	1	1
7 4949	3 300	1	1
7 4949	3 4585	1	1
7 4949	5 3807	1	1
7 4949	1 3835	1	1
7 4949	0 2995	1	1
7 4950	3 1844	1	1
7 4950	4 2997	1	1
7 4950	4 2276	1	1
7 4950	1 3151	1	1
7 4950	2 2540	1	1
7 4950	0 32	1	1
7 4951	6 1106	1	1
7 4951	4 3322	1	1
7 4951	5 880	1	1
7 4951	4 241	1	1
7 4951	3 1337	1	1
7 4951	1 4256	1	1
7 4952	6 316	1	1
7 4952	2 3439	1	1
7 4952	6 2889	1	1
7 4952	2 2695	1	1
7 4952	5 1866	1	1
7 4952	1 3854	1	1
7 4953	7 1932	1	1
7 4953	5 1513	1	1
7 4953	0 2295	1	1
7 4953	0 2365	1	1
7 4953	1 615	1	1
7 4953	4 4486	1	1
7 4954	5 2315	1	1
7 4954	4 3438	1	1
7 4954	3 1713	1	1
7 4954	5 2918	1	1
7 4954	6 4894	1	1
7 4954	0 1109	1	1
7 4955	1 3561	1	1
7 4955	4 4249	1	1
7 4955	6 2871	1	1
7 4955	6 4428	1	1
7 4955	5 2072	1	1
7 4955	4 2017	1	1
7 4956	7 272	1	1
7 4956	3 3423	1	1
7 4956	5 2686	1	1
7 4956	2 1411	1	1
7 4956	6 3676	1	1
7 4956	4 3113	1	1
7 4957	3 689	1	1
7 4957	2 2011	1	1
7 4957	5 1254	1	1
7 4957	1 2451	1	1
7 4957	4 2364	1	1
7 4957	6 1075	1	1
7 4958	1 826	1	1
7 4958	4 2805	1	1
7 4958	4 512	1	1
7 4958	5 3109	1	1
7 4958	3 3112	1	1
7 4958	3 1129	1	1
7 4959	7 3631	1	1
7 4959	7 3129	1	1
7 4959	4 3893	1	1
7 4959	1 4207	1	1
7 4959	2 4446	1	1
7 4959	0 642	1	1
7 4960	7 2663	1	1
7 4960	2 4124	1	1
7 4960	5 3348	1	1
7 4960	4 2572	1	1
7 4960	0 1811	1	1
7 4960	5 948	1	1
7 4961	4 2585	1	1
7 4961	1 1883	1	1
7 4961	3 1754	1	1
7 4961	1 4114	1	1
7 4961	0 2392	1	1
7 4961	2 4467	1	1
7 4962	7 4090	1	1
7 4962	7 4886	1	1
7 4962	2 1142	1	1
7 4962	1 2463	1	1
7 4962	4 2637	1	1
7 4962	3 4436	1	1
7 4963	4 4466	1	1
7 4963	6 2930	1	1
7 4963	5 3502	1	1
7 4963	3 1643	1	1
7 4963	5 1510	1	1
7 4963	6 2589	1	1
7 4964	7 3910	1	1
7 4964	1 4145	1	1
7 4964	2 1170	1	1
7 4964	5 2006	1	1
7 4964	1 447	1	1
7 4964	1 1290	1	1
7 4965	7 779	1	1
7 4965	2 3591	1	1
7 4965	6 2	1	1
7 4965	3 1545	1	1
7 4965	5 4330	1	1
7 4965	1 4348	1	1
7 4966	5 4220	1	1
7 4966	0 1416	1	1
7 4966	1 2481	1	1
7 4966	2 3376	1	1
7 4966	2 917	1	1
7 4966	2 169	1	1
7 4967	7 665	1	1
7 4967	1 3683	1	1
7 4967	5 803	1	1
7 4967	5 4965	1	1
7 4967	0 1595	1	1
7 4967	1 3018	1	1
7 4968	7 3250	1	1
7 4968	6 1016	1	1
7 4968	4 4925	1	1
7 4968	5 237	1	1
7 4968	5 3514	1	1
7 4968	0 1108	1	1
7 4969	2 4716	1	1
7 4969	2 1460	1	1
7 4969	4 2600	1	1
7 4969	4 2433	1	1
7 4969	2 4123	1	1
7 4969	1 1808	1	1
7 4970	7 231	1	1
7 4970	5 4585	1	1
7 4970	1 2795	1	1
7 4970	6 1573	1	1
7 4970	2 1227	1	1
7 4970	2 3943	1	1
7 4971	7 2688	1	1
7 4971	4 1047	1	1
7 4971	5 253	1	1
7 4971	4 797	1	1
7 4971	2 2532	1	1
7 4971	6 1260	1	1
7 4972	7 3350	1	1
7 4972	0 1117	1	1
7 4972	3 2810	1	1
7 4972	4 3291	1	1
7 4972	1 8	1	1
7 4972	2 3942	1	1
7 4973	7 3334	1	1
7 4973	7 2776	1	1
7 4973	4 684	1	1
7 4973	5 620	1	1
7 4973	2 4137	1	1
7 4973	2 2982	1	1
7 4974	7 4814	1	1
7 4974	5 234	1	1
7 4974	4 1651	1	1
7 4974	1 1735	1	1
7 4974	5 4914	1	1
7 4974	0 444	1	1
7 4975	7 4720	1	1
7 4975	4 1893	1	1
7 4975	2 2503	1	1
7 4975	6 65	1	1
7 4975	4 1380	1	1
7 4975	2 293	1	1
7 4976	7 2008	1	1
7 4976	4 2544	1	1
7 4976	3 4647	1	1
7 4976	0 2644	1	1
7 4976	0 3259	1	1
7 4976	1 1989	1	1
7 4977	1 2435	1	1
7 4977	4 2341	1	1
7 4977	0 1255	1	1
7 4977	2 4127	1	1
7 4977	3 554	1	1
7 4977	6 1373	1	1
7 4978	7 3730	1	1
7 4978	6 2593	1	1
7 4978	1 3236	1	1
7 4978	3 982	1	1
7 4978	6 3994	1	1
7 4978	2 338	1	1
7 4979	7 535	1	1
7 4979	3 4409	1	1
7 4979	0 1735	1	1
7 4979	3 3096	1	1
7 4979	1 5000	1	1
7 4979	2 1049	1	1
7 4980	7 3472	1	1
7 4980	2 2740	1	1
7 4980	6 194	1	1
7 4980	6 2119	1	1
7 4980	2 763	1	1
7 4980	3 3437	1	1
7 4981	7 3963	1	1
7 4981	4 4505	1	1
7 4981	1 3017	1	1
7 4981	2 4883	1	1
7 4981	0 547	1	1
7 4981	5 1193	1	1
7 4982	7 524	1	1
7 4982	3 1424	1	1
7 4982	0 638	1	1
7 4982	2 279	1	1
7 4982	5 3047	1	1
7 4982	6 2393	1	1
7 4983	7 4149	1	1
7 4983	2 567	1	1
7 4983	3 2523	1	1
7 4983	1 1264	1	1
7 4983	2 3325	1	1
7 4983	2 1665	1	1
7 4984	7 3829	1	1
7 4984	3 3609	1	1
7 4984	4 4209	1	1
7 4984	3 2886	1	1
7 4984	3 2556	1	1
7 4984	5 4933	1	1
7 4985	0 467	1	1
7 4985	6 2993	1	1
7 4985	0 1977	1	1
7 4985	2 3271	1	1
7 4985	3 3090	1	1
7 4985	2 1117	1	1
7 4986	7 3704	1	1
7 4986	4 1327	1	1
7 4986	3 2312	1	1
7 4986	1 808	1	1
7 4986	5 3796	1	1
7 4986	0 2377	1	1
7 4987	2 1237	1	1
7 4987	5 771	1	1
7 4987	0 371	1	1
7 4987	4 1587	1	1
7 4987	5 1870	1	1
7 4987	1 3192	1	1
7 4988	7 4486	1	1
7 4988	5 3548	1	1
7 4988	4 1963	1	1
7 4988	1 4760	1	1
7 4988	2 4559	1	1
7 4988	6 585	1	1
7 4989	7 3472	1	1
7 4989	7 543	1	1
7 4989	7 4310	1	1
7 4989	0 3366	1	1
7 4989	3 3858	1	1
7 4989	2 2558	1	1
7 4990	3 1500	1	1
7 4990	3 1454	1	1
7 4990	2 4823	1	1
7 4990	2 1381	1	1
7 4990	6 3486	1	1
7 4990	2 4252	1	1
7 4991	7 2886	1	1
7 4991	2 3445	1	1
7 4991	1 549	1	1
7 4991	2 1058	1	1
7 4991	4 323	1	1
7 4991	1 2140	1	1
7 4992	3 4354	1	1
7 4992	1 3592	1	1
7 4992	2 4492	1	1
7 4992	0 4610	1	1
7 4992	2 1826	1	1
7 4992	6 2781	1	1
7 4993	2 4814	1	1
7 4993	6 1101	1	1
7 4993	2 3705	1	1
7 4993	0 2590	1	1
7 4993	3 2583	1	1
7 4993	2 1770	1	1
7 4994	0 1241	1	1
7 4994	2 2715	1	1
7 4994	1 1336	1	1
7 4994	6 144	1	1
7 4994	4 3201	1	1
7 4994	1 892	1	1
7 4995	3 80	1	1
7 4995	2 3918	1	1
7 4995	0 491	1	1
7 4995	6 1822	1	1
7 4995	4 4870	1	1
7 4995	1 4527	1	1
7 4996	7 4734	1	1
7 4996	7 1877	1	1
7 4996	3 687	1	1
7 4996	3 4944	1	1
7 4996	1 1750	1	1
7 4996	6 4434	1	1
7 4997	4 2066	1	1
7 4997	5 1679	1	1
7 4997	5 2449	1	1
7 4997	5 819	1	1
7 4997	2 4542	1	1
7 4997	4 920	1	1
7 4998	7 76	1	1
7 4998	4 1860	1	1
7 4998	0 4515	1	1
7 4998	1 1044	1	1
7 4998	2 4896	1	1
7 4998	4 1640	1	1
7 4999	7 3539	1	1
7 4999	1 909	1	1
7 4999	3 3028	1	1
7 4999	5 3946	1	1
7 4999	1 2822	1	1
7 4999	6 3101	1	1
7 5000	7 1533	1	1
7 5000	3 3585	1	1
7 5000	6 732	1	1
7 5000	5 2926	1	1
7 5000	3 3190	1	1
7 5000	0 97	1	1

