# Total number neurons: 40000
# Local number neurons: 5000
# Number MPI ranks: 8
# Current simulation step: 2002
# <target rank> <target neuron id>	<source rank> <source neuron id>	<weight>	<plastic>
5 1	5 3130	1	1
5 1	7 3455	1	1
5 1	2 1537	1	1
5 1	4 2697	1	1
5 1	0 3001	1	1
5 1	2 3412	1	1
5 2	5 3728	1	1
5 2	5 3854	1	1
5 2	7 4725	1	1
5 2	7 722	1	1
5 2	7 154	1	1
5 2	6 2190	1	1
5 3	1 4540	1	1
5 3	3 3003	1	1
5 3	1 1503	1	1
5 3	4 1107	1	1
5 3	3 2965	1	1
5 3	6 1102	1	1
5 4	5 4628	1	1
5 4	5 2917	1	1
5 4	5 4548	1	1
5 4	3 3960	1	1
5 4	7 3135	1	1
5 4	7 4473	1	1
5 5	5 1074	1	1
5 5	3 1469	1	1
5 5	6 4423	1	1
5 5	1 329	1	1
5 5	3 3013	1	1
5 5	3 292	1	1
5 6	3 4431	1	1
5 6	7 3132	1	1
5 6	1 4283	1	1
5 6	4 3883	1	1
5 6	0 2704	1	1
5 6	0 2252	1	1
5 7	3 3841	1	1
5 7	2 2066	1	1
5 7	2 1371	1	1
5 7	0 3655	1	1
5 7	0 720	1	1
5 7	0 2509	1	1
5 8	2 4431	1	1
5 8	3 98	1	1
5 8	1 3407	1	1
5 8	0 1544	1	1
5 8	2 1694	1	1
5 8	2 2679	1	1
5 9	5 2153	1	1
5 9	7 3373	1	1
5 9	0 2253	1	1
5 9	3 779	1	1
5 9	3 4453	1	1
5 9	4 599	1	1
5 10	2 4642	1	1
5 10	4 4344	1	1
5 10	4 4448	1	1
5 10	1 1977	1	1
5 10	2 4999	1	1
5 10	3 3139	1	1
5 11	1 4260	1	1
5 11	0 1566	1	1
5 11	3 4160	1	1
5 11	0 757	1	1
5 11	3 4658	1	1
5 11	4 3876	1	1
5 12	1 2031	1	1
5 12	6 1116	1	1
5 12	4 1509	1	1
5 12	3 1998	1	1
5 12	1 2437	1	1
5 12	2 2059	1	1
5 13	1 2520	1	1
5 13	1 1611	1	1
5 13	3 3189	1	1
5 13	4 3608	1	1
5 13	1 242	1	1
5 13	1 4482	1	1
5 14	5 3282	1	1
5 14	4 4831	1	1
5 14	1 3251	1	1
5 14	7 411	1	1
5 14	0 407	1	1
5 14	2 1234	1	1
5 15	5 3785	1	1
5 15	5 1679	1	1
5 15	5 2215	1	1
5 15	1 1125	1	1
5 15	2 3668	1	1
5 15	7 1929	1	1
5 16	5 810	1	1
5 16	0 1226	1	1
5 16	0 1681	1	1
5 16	4 4694	1	1
5 16	2 251	1	1
5 16	4 2331	1	1
5 17	5 3872	1	1
5 17	6 2248	1	1
5 17	7 2617	1	1
5 17	6 2000	1	1
5 17	4 3388	1	1
5 17	7 464	1	1
5 18	5 3472	1	1
5 18	5 4447	1	1
5 18	1 3292	1	1
5 18	3 3363	1	1
5 18	6 2880	1	1
5 18	7 1436	1	1
5 19	2 1165	1	1
5 19	7 802	1	1
5 19	4 3853	1	1
5 19	4 4327	1	1
5 19	7 4026	1	1
5 19	0 3312	1	1
5 20	5 3288	1	1
5 20	4 3195	1	1
5 20	2 205	1	1
5 20	6 2276	1	1
5 20	0 1716	1	1
5 20	2 2615	1	1
5 21	5 434	1	1
5 21	3 752	1	1
5 21	2 1837	1	1
5 21	6 3879	1	1
5 21	2 4270	1	1
5 21	7 3277	1	1
5 22	5 3349	1	1
5 22	4 3600	1	1
5 22	0 2959	1	1
5 22	4 4997	1	1
5 22	0 151	1	1
5 22	0 12	1	1
5 23	4 2268	1	1
5 23	2 4614	1	1
5 23	6 4855	1	1
5 23	2 3662	1	1
5 23	6 622	1	1
5 23	1 75	1	1
5 24	5 901	1	1
5 24	3 263	1	1
5 24	7 390	1	1
5 24	7 432	1	1
5 24	4 2046	1	1
5 24	6 4268	1	1
5 25	3 37	1	1
5 25	3 4111	1	1
5 25	6 4122	1	1
5 25	3 3692	1	1
5 25	0 3681	1	1
5 25	2 2419	1	1
5 26	5 316	1	1
5 26	1 1392	1	1
5 26	6 2326	1	1
5 26	1 3184	1	1
5 26	3 4389	1	1
5 26	7 4958	1	1
5 27	1 2789	1	1
5 27	6 4073	1	1
5 27	7 3955	1	1
5 27	3 1631	1	1
5 27	2 4325	1	1
5 27	1 2073	1	1
5 28	5 2489	1	1
5 28	5 4968	1	1
5 28	3 1858	1	1
5 28	1 2577	1	1
5 28	6 951	1	1
5 28	2 4715	1	1
5 29	5 402	1	1
5 29	5 1715	1	1
5 29	6 3883	1	1
5 29	3 1774	1	1
5 29	1 3623	1	1
5 29	4 804	1	1
5 30	5 4455	1	1
5 30	1 1648	1	1
5 30	1 232	1	1
5 30	4 4960	1	1
5 30	6 3646	1	1
5 30	1 1193	1	1
5 31	5 3117	1	1
5 31	4 3634	1	1
5 31	4 3978	1	1
5 31	3 3293	1	1
5 31	1 1608	1	1
5 31	7 1496	1	1
5 32	4 1631	1	1
5 32	7 3059	1	1
5 32	2 1681	1	1
5 32	2 29	1	1
5 32	7 2800	1	1
5 32	7 1428	1	1
5 33	6 4962	1	1
5 33	0 504	1	1
5 33	4 2127	1	1
5 33	4 1346	1	1
5 33	3 2590	1	1
5 33	3 4287	1	1
5 34	4 2653	1	1
5 34	6 4764	1	1
5 34	7 326	1	1
5 34	2 927	1	1
5 34	2 4027	1	1
5 34	6 3190	1	1
5 35	5 4826	1	1
5 35	3 3750	1	1
5 35	6 3309	1	1
5 35	2 4430	1	1
5 35	3 384	1	1
5 35	3 2754	1	1
5 36	5 4181	1	1
5 36	5 3539	1	1
5 36	0 29	1	1
5 36	7 3429	1	1
5 36	3 3421	1	1
5 36	7 1700	1	1
5 37	6 234	1	1
5 37	3 1053	1	1
5 37	6 3566	1	1
5 37	3 4135	1	1
5 37	0 861	1	1
5 37	3 4456	1	1
5 38	5 4506	1	1
5 38	5 4134	1	1
5 38	5 2259	1	1
5 38	4 3052	1	1
5 38	7 1929	1	1
5 38	4 2729	1	1
5 39	5 3131	1	1
5 39	3 4229	1	1
5 39	2 65	1	1
5 39	1 651	1	1
5 39	7 1187	1	1
5 39	4 4404	1	1
5 40	5 2474	1	1
5 40	5 4105	1	1
5 40	7 629	1	1
5 40	4 4605	1	1
5 40	6 2073	1	1
5 40	2 2490	1	1
5 41	1 774	1	1
5 41	1 4526	1	1
5 41	1 1379	1	1
5 41	7 1451	1	1
5 41	0 18	1	1
5 41	1 4150	1	1
5 42	5 2755	1	1
5 42	7 3468	1	1
5 42	1 4189	1	1
5 42	2 4670	1	1
5 42	6 4550	1	1
5 42	0 84	1	1
5 43	5 3684	1	1
5 43	5 2372	1	1
5 43	3 3384	1	1
5 43	1 808	1	1
5 43	3 2456	1	1
5 43	3 4397	1	1
5 44	6 767	1	1
5 44	2 111	1	1
5 44	6 4921	1	1
5 44	3 2083	1	1
5 44	0 4932	1	1
5 44	3 3426	1	1
5 45	1 3836	1	1
5 45	3 3389	1	1
5 45	3 2546	1	1
5 45	0 50	1	1
5 45	1 2829	1	1
5 45	3 4680	1	1
5 46	3 1732	1	1
5 46	4 3867	1	1
5 46	3 1824	1	1
5 46	3 2527	1	1
5 46	1 1167	1	1
5 46	1 3067	1	1
5 47	5 4218	1	1
5 47	2 327	1	1
5 47	6 4971	1	1
5 47	1 4117	1	1
5 47	3 171	1	1
5 47	0 3181	1	1
5 48	5 330	1	1
5 48	5 4414	1	1
5 48	0 1275	1	1
5 48	3 3415	1	1
5 48	7 4556	1	1
5 48	0 4183	1	1
5 49	6 4255	1	1
5 49	6 3243	1	1
5 49	6 663	1	1
5 49	6 1315	1	1
5 49	7 1762	1	1
5 49	0 1899	1	1
5 50	4 4626	1	1
5 50	3 2071	1	1
5 50	4 1218	1	1
5 50	2 711	1	1
5 50	2 3472	1	1
5 50	3 1421	1	1
5 51	1 1416	1	1
5 51	3 1086	1	1
5 51	3 4526	1	1
5 51	7 1001	1	1
5 51	1 4364	1	1
5 51	2 2623	1	1
5 52	1 1668	1	1
5 52	1 870	1	1
5 52	3 4625	1	1
5 52	2 1963	1	1
5 52	1 455	1	1
5 52	0 2974	1	1
5 53	1 1570	1	1
5 53	6 3443	1	1
5 53	1 3462	1	1
5 53	1 4181	1	1
5 53	3 3649	1	1
5 53	6 4039	1	1
5 54	2 856	1	1
5 54	7 3284	1	1
5 54	2 3739	1	1
5 54	0 140	1	1
5 54	6 689	1	1
5 54	6 1131	1	1
5 55	5 498	1	1
5 55	0 3441	1	1
5 55	4 4924	1	1
5 55	1 2823	1	1
5 55	0 1268	1	1
5 55	6 4934	1	1
5 56	2 1792	1	1
5 56	1 1737	1	1
5 56	1 3026	1	1
5 56	2 4071	1	1
5 56	7 2917	1	1
5 56	6 2447	1	1
5 57	6 596	1	1
5 57	2 1297	1	1
5 57	2 615	1	1
5 57	6 139	1	1
5 57	2 3258	1	1
5 57	7 2522	1	1
5 58	5 3199	1	1
5 58	7 796	1	1
5 58	0 4794	1	1
5 58	6 4505	1	1
5 58	6 3965	1	1
5 58	3 924	1	1
5 59	5 4254	1	1
5 59	1 4880	1	1
5 59	7 3825	1	1
5 59	7 2383	1	1
5 59	2 242	1	1
5 59	3 3508	1	1
5 60	2 1309	1	1
5 60	1 2202	1	1
5 60	0 1096	1	1
5 60	1 535	1	1
5 60	7 23	1	1
5 60	4 1934	1	1
5 61	0 4767	1	1
5 61	6 656	1	1
5 61	4 3150	1	1
5 61	2 130	1	1
5 61	3 4887	1	1
5 61	1 1370	1	1
5 62	5 257	1	1
5 62	6 3993	1	1
5 62	7 3241	1	1
5 62	4 4200	1	1
5 62	2 1948	1	1
5 62	7 4765	1	1
5 63	3 3687	1	1
5 63	4 3147	1	1
5 63	0 229	1	1
5 63	0 1546	1	1
5 63	7 3682	1	1
5 63	7 2765	1	1
5 64	5 3892	1	1
5 64	7 4386	1	1
5 64	6 880	1	1
5 64	7 1607	1	1
5 64	3 642	1	1
5 64	7 4433	1	1
5 65	5 2845	1	1
5 65	1 3885	1	1
5 65	7 1050	1	1
5 65	3 2288	1	1
5 65	3 4369	1	1
5 65	0 26	1	1
5 66	7 4895	1	1
5 66	2 1232	1	1
5 66	2 3059	1	1
5 66	1 2903	1	1
5 66	3 1888	1	1
5 66	3 538	1	1
5 67	5 2327	1	1
5 67	2 3682	1	1
5 67	3 1806	1	1
5 67	3 1902	1	1
5 67	2 647	1	1
5 67	4 1567	1	1
5 68	6 3951	1	1
5 68	4 2808	1	1
5 68	1 2489	1	1
5 68	0 3032	1	1
5 68	7 3459	1	1
5 68	1 1948	1	1
5 69	7 1861	1	1
5 69	0 1085	1	1
5 69	3 1828	1	1
5 69	1 1030	1	1
5 69	3 2428	1	1
5 69	1 4155	1	1
5 70	3 2466	1	1
5 70	3 405	1	1
5 70	2 1867	1	1
5 70	0 1889	1	1
5 70	3 2989	1	1
5 70	1 1929	1	1
5 71	5 4867	1	1
5 71	0 2484	1	1
5 71	7 1986	1	1
5 71	1 4887	1	1
5 71	7 211	1	1
5 71	6 681	1	1
5 72	5 856	1	1
5 72	1 4624	1	1
5 72	7 466	1	1
5 72	0 3612	1	1
5 72	2 3650	1	1
5 72	1 1163	1	1
5 73	5 3416	1	1
5 73	2 3074	1	1
5 73	1 622	1	1
5 73	7 2872	1	1
5 73	6 333	1	1
5 73	4 349	1	1
5 74	3 342	1	1
5 74	0 3523	1	1
5 74	2 3419	1	1
5 74	4 1382	1	1
5 74	6 2792	1	1
5 74	3 1593	1	1
5 75	5 3692	1	1
5 75	2 3871	1	1
5 75	6 4240	1	1
5 75	7 3551	1	1
5 75	2 2041	1	1
5 75	2 3430	1	1
5 76	5 1965	1	1
5 76	2 1854	1	1
5 76	7 3294	1	1
5 76	1 3197	1	1
5 76	7 1292	1	1
5 76	2 2872	1	1
5 77	4 170	1	1
5 77	1 3045	1	1
5 77	0 2781	1	1
5 77	0 4977	1	1
5 77	1 3357	1	1
5 77	6 1873	1	1
5 78	4 4287	1	1
5 78	7 2264	1	1
5 78	2 4438	1	1
5 78	2 3805	1	1
5 78	6 775	1	1
5 78	0 4520	1	1
5 79	5 1506	1	1
5 79	7 4977	1	1
5 79	4 2341	1	1
5 79	6 4575	1	1
5 79	0 20	1	1
5 79	1 38	1	1
5 80	7 187	1	1
5 80	4 2025	1	1
5 80	6 4847	1	1
5 80	1 440	1	1
5 80	2 3036	1	1
5 80	3 3947	1	1
5 81	5 4792	1	1
5 81	5 4889	1	1
5 81	2 1161	1	1
5 81	1 3847	1	1
5 81	4 4262	1	1
5 81	4 3553	1	1
5 82	6 4813	1	1
5 82	6 335	1	1
5 82	3 1168	1	1
5 82	2 3569	1	1
5 82	0 4395	1	1
5 82	7 1922	1	1
5 83	5 3699	1	1
5 83	2 3578	1	1
5 83	4 4638	1	1
5 83	6 3366	1	1
5 83	1 2351	1	1
5 83	7 867	1	1
5 84	2 4849	1	1
5 84	2 3073	1	1
5 84	0 730	1	1
5 84	0 3954	1	1
5 84	4 3086	1	1
5 84	3 1902	1	1
5 85	5 462	1	1
5 85	5 2806	1	1
5 85	2 2875	1	1
5 85	2 4679	1	1
5 85	1 3454	1	1
5 85	3 3217	1	1
5 86	5 2586	1	1
5 86	7 4250	1	1
5 86	1 883	1	1
5 86	3 1633	1	1
5 86	7 1012	1	1
5 86	3 4831	1	1
5 87	7 3401	1	1
5 87	0 4822	1	1
5 87	6 1030	1	1
5 87	1 1760	1	1
5 87	2 2796	1	1
5 87	1 4139	1	1
5 88	5 1011	1	1
5 88	2 4754	1	1
5 88	2 568	1	1
5 88	3 1626	1	1
5 88	7 1891	1	1
5 88	2 4333	1	1
5 89	6 4650	1	1
5 89	1 677	1	1
5 89	2 2656	1	1
5 89	4 4856	1	1
5 89	1 4969	1	1
5 89	2 1905	1	1
5 90	5 4117	1	1
5 90	4 3672	1	1
5 90	3 2047	1	1
5 90	4 3416	1	1
5 90	6 2843	1	1
5 90	3 4941	1	1
5 91	6 3239	1	1
5 91	0 4405	1	1
5 91	2 3133	1	1
5 91	6 1133	1	1
5 91	6 2312	1	1
5 91	2 1587	1	1
5 92	2 3412	1	1
5 92	4 4957	1	1
5 92	0 4846	1	1
5 92	0 2917	1	1
5 92	3 2989	1	1
5 92	4 982	1	1
5 93	5 2764	1	1
5 93	5 1228	1	1
5 93	5 1985	1	1
5 93	4 311	1	1
5 93	7 3998	1	1
5 93	0 1733	1	1
5 94	5 21	1	1
5 94	0 3885	1	1
5 94	6 3784	1	1
5 94	2 805	1	1
5 94	2 1525	1	1
5 94	3 2189	1	1
5 95	7 3967	1	1
5 95	4 3145	1	1
5 95	6 4287	1	1
5 95	6 2328	1	1
5 95	1 2156	1	1
5 95	1 2264	1	1
5 96	2 3396	1	1
5 96	7 1723	1	1
5 96	7 4426	1	1
5 96	0 1500	1	1
5 96	3 32	1	1
5 96	6 3151	1	1
5 97	5 897	1	1
5 97	5 2714	1	1
5 97	6 4902	1	1
5 97	0 1444	1	1
5 97	0 2747	1	1
5 97	3 2409	1	1
5 98	5 2041	1	1
5 98	3 34	1	1
5 98	2 3829	1	1
5 98	3 989	1	1
5 98	2 196	1	1
5 98	3 1127	1	1
5 99	3 760	1	1
5 99	7 3019	1	1
5 99	7 2203	1	1
5 99	0 1211	1	1
5 99	1 522	1	1
5 99	2 3940	1	1
5 100	3 3310	1	1
5 100	7 451	1	1
5 100	3 3838	1	1
5 100	4 3141	1	1
5 100	7 3090	1	1
5 100	6 4396	1	1
5 101	5 626	1	1
5 101	0 2881	1	1
5 101	1 3954	1	1
5 101	4 2646	1	1
5 101	4 3667	1	1
5 101	1 1226	1	1
5 102	5 2887	1	1
5 102	5 1738	1	1
5 102	1 4651	1	1
5 102	7 1129	1	1
5 102	6 2618	1	1
5 102	7 3346	1	1
5 103	1 1045	1	1
5 103	1 3780	1	1
5 103	7 4001	1	1
5 103	1 3864	1	1
5 103	2 2702	1	1
5 103	1 2592	1	1
5 104	2 4948	1	1
5 104	0 2007	1	1
5 104	6 1995	1	1
5 104	0 1903	1	1
5 104	7 340	1	1
5 104	6 1905	1	1
5 105	5 3591	1	1
5 105	5 706	1	1
5 105	5 3599	1	1
5 105	6 1561	1	1
5 105	7 1103	1	1
5 105	0 250	1	1
5 106	0 1084	1	1
5 106	0 3864	1	1
5 106	6 3442	1	1
5 106	1 484	1	1
5 106	6 2509	1	1
5 106	4 4409	1	1
5 107	1 3813	1	1
5 107	3 4813	1	1
5 107	4 2102	1	1
5 107	3 3375	1	1
5 107	2 4576	1	1
5 107	4 1455	1	1
5 108	1 4754	1	1
5 108	0 569	1	1
5 108	2 3999	1	1
5 108	3 4705	1	1
5 108	0 1171	1	1
5 108	0 2075	1	1
5 109	5 3932	1	1
5 109	7 1266	1	1
5 109	0 3750	1	1
5 109	3 35	1	1
5 109	1 584	1	1
5 109	4 2743	1	1
5 110	5 117	1	1
5 110	5 4574	1	1
5 110	3 4266	1	1
5 110	0 2223	1	1
5 110	1 1546	1	1
5 110	4 347	1	1
5 111	5 3458	1	1
5 111	2 3877	1	1
5 111	0 3002	1	1
5 111	4 3706	1	1
5 111	0 3111	1	1
5 111	2 3830	1	1
5 112	5 3904	1	1
5 112	1 3425	1	1
5 112	0 4693	1	1
5 112	1 1666	1	1
5 112	1 3329	1	1
5 112	7 2932	1	1
5 113	1 389	1	1
5 113	6 1810	1	1
5 113	7 3064	1	1
5 113	0 1178	1	1
5 113	2 1884	1	1
5 113	4 1638	1	1
5 114	2 669	1	1
5 114	6 729	1	1
5 114	2 563	1	1
5 114	6 757	1	1
5 114	6 3093	1	1
5 114	6 4405	1	1
5 115	5 2909	1	1
5 115	7 2119	1	1
5 115	1 571	1	1
5 115	4 1358	1	1
5 115	4 4452	1	1
5 115	1 2968	1	1
5 116	2 862	1	1
5 116	3 4768	1	1
5 116	6 3906	1	1
5 116	0 2091	1	1
5 116	7 3855	1	1
5 116	6 1090	1	1
5 117	7 4356	1	1
5 117	3 1401	1	1
5 117	6 1770	1	1
5 117	1 1940	1	1
5 117	6 2929	1	1
5 117	2 719	1	1
5 118	5 3787	1	1
5 118	5 4464	1	1
5 118	0 2524	1	1
5 118	4 4568	1	1
5 118	7 3022	1	1
5 118	4 3847	1	1
5 119	5 1794	1	1
5 119	7 2316	1	1
5 119	1 4533	1	1
5 119	6 1865	1	1
5 119	6 3648	1	1
5 119	6 4175	1	1
5 120	4 3044	1	1
5 120	4 3443	1	1
5 120	7 640	1	1
5 120	1 4990	1	1
5 120	7 2947	1	1
5 120	3 352	1	1
5 121	5 1229	1	1
5 121	5 331	1	1
5 121	0 2992	1	1
5 121	7 2433	1	1
5 121	1 2537	1	1
5 121	2 393	1	1
5 122	5 2582	1	1
5 122	1 1044	1	1
5 122	3 1788	1	1
5 122	4 2569	1	1
5 122	3 3362	1	1
5 122	7 1398	1	1
5 123	5 2336	1	1
5 123	1 680	1	1
5 123	4 3401	1	1
5 123	1 3633	1	1
5 123	0 1460	1	1
5 123	0 2235	1	1
5 124	5 2718	1	1
5 124	5 2081	1	1
5 124	6 3654	1	1
5 124	6 1467	1	1
5 124	0 2891	1	1
5 124	6 1964	1	1
5 125	0 644	1	1
5 125	1 4873	1	1
5 125	1 689	1	1
5 125	6 3168	1	1
5 125	6 1457	1	1
5 125	3 4804	1	1
5 126	4 111	1	1
5 126	4 2341	1	1
5 126	2 2945	1	1
5 126	0 3618	1	1
5 126	3 976	1	1
5 126	3 559	1	1
5 127	7 571	1	1
5 127	3 595	1	1
5 127	3 443	1	1
5 127	6 3696	1	1
5 127	3 4292	1	1
5 127	4 1576	1	1
5 128	5 2802	1	1
5 128	6 1917	1	1
5 128	6 583	1	1
5 128	4 2465	1	1
5 128	3 3928	1	1
5 128	7 975	1	1
5 129	3 4871	1	1
5 129	3 3407	1	1
5 129	2 1817	1	1
5 129	3 4026	1	1
5 129	0 2378	1	1
5 129	6 1500	1	1
5 130	5 4971	1	1
5 130	5 1817	1	1
5 130	6 3878	1	1
5 130	4 4482	1	1
5 130	4 3889	1	1
5 130	0 924	1	1
5 131	5 30	1	1
5 131	5 2086	1	1
5 131	2 1040	1	1
5 131	0 1399	1	1
5 131	1 3508	1	1
5 131	7 557	1	1
5 132	5 428	1	1
5 132	5 4388	1	1
5 132	6 4511	1	1
5 132	2 1883	1	1
5 132	0 1901	1	1
5 132	2 1144	1	1
5 133	5 971	1	1
5 133	0 110	1	1
5 133	0 909	1	1
5 133	4 533	1	1
5 133	0 2939	1	1
5 133	2 1356	1	1
5 134	2 2506	1	1
5 134	0 3003	1	1
5 134	7 2282	1	1
5 134	3 2030	1	1
5 134	7 3815	1	1
5 134	0 1515	1	1
5 135	4 2345	1	1
5 135	7 970	1	1
5 135	1 4128	1	1
5 135	1 754	1	1
5 135	2 4848	1	1
5 135	4 3629	1	1
5 136	0 1575	1	1
5 136	0 2761	1	1
5 136	7 3000	1	1
5 136	1 3997	1	1
5 136	2 1362	1	1
5 136	1 3858	1	1
5 137	3 4277	1	1
5 137	0 4560	1	1
5 137	3 3094	1	1
5 137	7 114	1	1
5 137	1 2503	1	1
5 137	3 2305	1	1
5 138	4 2930	1	1
5 138	6 128	1	1
5 138	2 4992	1	1
5 138	2 220	1	1
5 138	4 692	1	1
5 138	2 4542	1	1
5 139	6 2734	1	1
5 139	4 4534	1	1
5 139	0 1337	1	1
5 139	6 3233	1	1
5 139	1 1367	1	1
5 139	3 513	1	1
5 140	3 2520	1	1
5 140	3 13	1	1
5 140	0 1345	1	1
5 140	1 1884	1	1
5 140	4 947	1	1
5 140	1 4028	1	1
5 141	2 3000	1	1
5 141	3 2243	1	1
5 141	1 3628	1	1
5 141	2 4855	1	1
5 141	2 4498	1	1
5 141	2 2239	1	1
5 142	5 3287	1	1
5 142	2 2627	1	1
5 142	1 2215	1	1
5 142	7 428	1	1
5 142	4 3353	1	1
5 142	0 3616	1	1
5 143	5 1123	1	1
5 143	0 2440	1	1
5 143	2 3503	1	1
5 143	6 898	1	1
5 143	3 4814	1	1
5 143	4 1600	1	1
5 144	5 3621	1	1
5 144	5 1368	1	1
5 144	7 500	1	1
5 144	1 1564	1	1
5 144	3 3662	1	1
5 144	3 4102	1	1
5 145	5 3803	1	1
5 145	7 996	1	1
5 145	3 2978	1	1
5 145	7 1990	1	1
5 145	1 2922	1	1
5 145	2 2224	1	1
5 146	5 313	1	1
5 146	7 4031	1	1
5 146	2 4300	1	1
5 146	1 2759	1	1
5 146	0 4062	1	1
5 146	1 1669	1	1
5 147	5 4813	1	1
5 147	7 2253	1	1
5 147	1 1013	1	1
5 147	4 4329	1	1
5 147	2 765	1	1
5 147	7 95	1	1
5 148	5 1848	1	1
5 148	6 169	1	1
5 148	3 1982	1	1
5 148	7 1117	1	1
5 148	1 1174	1	1
5 148	3 4988	1	1
5 149	4 3211	1	1
5 149	4 3519	1	1
5 149	6 817	1	1
5 149	2 2577	1	1
5 149	4 3883	1	1
5 149	3 4	1	1
5 150	4 346	1	1
5 150	7 1750	1	1
5 150	6 672	1	1
5 150	1 1662	1	1
5 150	7 3775	1	1
5 150	4 2829	1	1
5 151	4 2850	1	1
5 151	7 249	1	1
5 151	0 4608	1	1
5 151	0 2954	1	1
5 151	4 788	1	1
5 151	6 2012	1	1
5 152	3 1722	1	1
5 152	2 1388	1	1
5 152	0 884	1	1
5 152	3 281	1	1
5 152	0 1738	1	1
5 152	0 4667	1	1
5 153	5 4041	1	1
5 153	5 777	1	1
5 153	0 4382	1	1
5 153	6 3987	1	1
5 153	3 831	1	1
5 153	2 3631	1	1
5 154	5 1728	1	1
5 154	5 3452	1	1
5 154	5 931	1	1
5 154	4 2147	1	1
5 154	3 121	1	1
5 154	1 3218	1	1
5 155	5 2213	1	1
5 155	7 3245	1	1
5 155	4 3871	1	1
5 155	2 4335	1	1
5 155	3 3364	1	1
5 155	2 157	1	1
5 156	5 3310	1	1
5 156	5 1334	1	1
5 156	0 390	1	1
5 156	0 2280	1	1
5 156	6 2378	1	1
5 156	2 4428	1	1
5 157	1 4661	1	1
5 157	0 2852	1	1
5 157	0 2855	1	1
5 157	6 1402	1	1
5 157	7 4073	1	1
5 157	3 1130	1	1
5 158	2 3401	1	1
5 158	7 1717	1	1
5 158	4 258	1	1
5 158	0 4163	1	1
5 158	3 4383	1	1
5 158	3 3080	1	1
5 159	0 172	1	1
5 159	1 1952	1	1
5 159	7 3906	1	1
5 159	2 4249	1	1
5 159	4 442	1	1
5 159	3 4434	1	1
5 160	5 4902	1	1
5 160	7 237	1	1
5 160	6 3329	1	1
5 160	1 4333	1	1
5 160	6 2211	1	1
5 160	1 4197	1	1
5 161	5 76	1	1
5 161	5 3665	1	1
5 161	6 1405	1	1
5 161	4 4909	1	1
5 161	0 1348	1	1
5 161	2 4121	1	1
5 162	7 1367	1	1
5 162	2 91	1	1
5 162	6 1769	1	1
5 162	1 1859	1	1
5 162	1 3824	1	1
5 162	2 3424	1	1
5 163	5 693	1	1
5 163	6 571	1	1
5 163	0 233	1	1
5 163	3 366	1	1
5 163	1 492	1	1
5 163	6 3910	1	1
5 164	5 3583	1	1
5 164	5 2915	1	1
5 164	4 4449	1	1
5 164	1 4579	1	1
5 164	1 640	1	1
5 164	2 1808	1	1
5 165	5 4690	1	1
5 165	6 2045	1	1
5 165	1 1177	1	1
5 165	2 4344	1	1
5 165	0 4769	1	1
5 165	3 4826	1	1
5 166	2 4505	1	1
5 166	0 3954	1	1
5 166	3 1538	1	1
5 166	6 4891	1	1
5 166	7 154	1	1
5 166	0 1890	1	1
5 167	5 2326	1	1
5 167	7 771	1	1
5 167	0 4537	1	1
5 167	7 4464	1	1
5 167	2 4161	1	1
5 167	6 3036	1	1
5 168	5 3614	1	1
5 168	5 4981	1	1
5 168	1 3321	1	1
5 168	3 4232	1	1
5 168	3 3858	1	1
5 168	3 4129	1	1
5 169	5 3414	1	1
5 169	3 2103	1	1
5 169	3 4230	1	1
5 169	3 4041	1	1
5 169	4 3888	1	1
5 169	7 985	1	1
5 170	0 1860	1	1
5 170	2 730	1	1
5 170	1 253	1	1
5 170	1 2957	1	1
5 170	7 4489	1	1
5 170	2 3876	1	1
5 171	5 4574	1	1
5 171	3 2461	1	1
5 171	1 3126	1	1
5 171	0 3692	1	1
5 171	6 3939	1	1
5 171	1 361	1	1
5 172	2 3342	1	1
5 172	4 2511	1	1
5 172	3 212	1	1
5 172	2 2618	1	1
5 172	2 62	1	1
5 172	6 361	1	1
5 173	7 245	1	1
5 173	7 1714	1	1
5 173	0 1988	1	1
5 173	3 980	1	1
5 173	6 2382	1	1
5 173	0 771	1	1
5 174	6 4706	1	1
5 174	2 3777	1	1
5 174	7 3357	1	1
5 174	2 995	1	1
5 174	7 4361	1	1
5 174	7 2661	1	1
5 175	6 4185	1	1
5 175	7 593	1	1
5 175	0 3977	1	1
5 175	3 4633	1	1
5 175	2 4395	1	1
5 175	4 1352	1	1
5 176	1 2286	1	1
5 176	1 1274	1	1
5 176	2 4993	1	1
5 176	2 749	1	1
5 176	2 4580	1	1
5 176	2 4331	1	1
5 177	2 794	1	1
5 177	4 3748	1	1
5 177	4 4570	1	1
5 177	0 1786	1	1
5 177	6 239	1	1
5 177	4 1856	1	1
5 178	5 812	1	1
5 178	5 1305	1	1
5 178	0 1375	1	1
5 178	0 2296	1	1
5 178	0 2823	1	1
5 178	2 4423	1	1
5 179	5 1452	1	1
5 179	1 4541	1	1
5 179	3 3794	1	1
5 179	3 4052	1	1
5 179	7 2920	1	1
5 179	1 4046	1	1
5 180	5 1807	1	1
5 180	7 3196	1	1
5 180	2 2204	1	1
5 180	6 4699	1	1
5 180	7 1720	1	1
5 180	7 4945	1	1
5 181	5 4499	1	1
5 181	6 3281	1	1
5 181	0 2193	1	1
5 181	4 465	1	1
5 181	0 1366	1	1
5 181	7 2347	1	1
5 182	7 3807	1	1
5 182	2 3422	1	1
5 182	4 1234	1	1
5 182	2 3458	1	1
5 182	2 3651	1	1
5 182	0 1840	1	1
5 183	5 406	1	1
5 183	0 3481	1	1
5 183	1 919	1	1
5 183	6 3529	1	1
5 183	2 1717	1	1
5 183	3 2035	1	1
5 184	5 1476	1	1
5 184	6 3734	1	1
5 184	7 2119	1	1
5 184	2 2028	1	1
5 184	7 831	1	1
5 184	1 4050	1	1
5 185	1 4665	1	1
5 185	4 1600	1	1
5 185	3 860	1	1
5 185	7 3200	1	1
5 185	4 686	1	1
5 185	0 2551	1	1
5 186	0 2847	1	1
5 186	1 3554	1	1
5 186	6 4320	1	1
5 186	0 1328	1	1
5 186	6 1577	1	1
5 186	0 2614	1	1
5 187	5 649	1	1
5 187	4 2328	1	1
5 187	3 3220	1	1
5 187	2 3544	1	1
5 187	1 1211	1	1
5 187	3 3140	1	1
5 188	5 4775	1	1
5 188	3 3528	1	1
5 188	7 3263	1	1
5 188	7 1053	1	1
5 188	4 4058	1	1
5 188	3 892	1	1
5 189	4 584	1	1
5 189	3 780	1	1
5 189	6 361	1	1
5 189	1 1739	1	1
5 189	7 2617	1	1
5 189	7 3594	1	1
5 190	5 4588	1	1
5 190	0 2015	1	1
5 190	0 2124	1	1
5 190	0 4769	1	1
5 190	6 3308	1	1
5 190	4 4071	1	1
5 191	6 2120	1	1
5 191	6 798	1	1
5 191	0 2616	1	1
5 191	7 4092	1	1
5 191	7 277	1	1
5 191	1 929	1	1
5 192	5 4955	1	1
5 192	4 1323	1	1
5 192	4 324	1	1
5 192	6 2047	1	1
5 192	2 3157	1	1
5 192	6 3687	1	1
5 193	5 2715	1	1
5 193	6 853	1	1
5 193	4 3398	1	1
5 193	1 2992	1	1
5 193	6 3393	1	1
5 193	1 2213	1	1
5 194	6 376	1	1
5 194	6 4057	1	1
5 194	7 3016	1	1
5 194	3 1312	1	1
5 194	7 3457	1	1
5 194	6 4066	1	1
5 195	4 4390	1	1
5 195	3 3501	1	1
5 195	6 3279	1	1
5 195	7 2709	1	1
5 195	0 1655	1	1
5 195	7 636	1	1
5 196	5 4897	1	1
5 196	4 4382	1	1
5 196	4 4494	1	1
5 196	2 4160	1	1
5 196	7 2427	1	1
5 196	1 221	1	1
5 197	6 1354	1	1
5 197	2 892	1	1
5 197	4 1781	1	1
5 197	3 1772	1	1
5 197	3 1936	1	1
5 197	4 4869	1	1
5 198	1 613	1	1
5 198	6 2564	1	1
5 198	2 2121	1	1
5 198	4 3826	1	1
5 198	7 1773	1	1
5 198	2 4281	1	1
5 199	5 1329	1	1
5 199	2 4019	1	1
5 199	3 3149	1	1
5 199	4 413	1	1
5 199	4 1936	1	1
5 199	1 3618	1	1
5 200	5 596	1	1
5 200	1 1425	1	1
5 200	6 4199	1	1
5 200	3 3660	1	1
5 200	0 2489	1	1
5 200	0 4036	1	1
5 201	0 4953	1	1
5 201	2 1398	1	1
5 201	4 3526	1	1
5 201	1 1551	1	1
5 201	7 2912	1	1
5 201	6 3961	1	1
5 202	3 3106	1	1
5 202	2 4344	1	1
5 202	0 1688	1	1
5 202	0 459	1	1
5 202	3 2627	1	1
5 202	7 4735	1	1
5 203	5 3924	1	1
5 203	4 4789	1	1
5 203	7 786	1	1
5 203	2 139	1	1
5 203	7 1202	1	1
5 203	7 890	1	1
5 204	5 2514	1	1
5 204	3 4454	1	1
5 204	6 2222	1	1
5 204	4 4035	1	1
5 204	2 2872	1	1
5 204	0 685	1	1
5 205	5 4562	1	1
5 205	5 1617	1	1
5 205	5 3578	1	1
5 205	1 1005	1	1
5 205	4 2601	1	1
5 205	3 3621	1	1
5 206	5 3315	1	1
5 206	4 4531	1	1
5 206	4 2829	1	1
5 206	1 3717	1	1
5 206	6 755	1	1
5 206	4 1524	1	1
5 207	5 93	1	1
5 207	0 4505	1	1
5 207	6 11	1	1
5 207	2 2868	1	1
5 207	0 1462	1	1
5 207	6 4636	1	1
5 208	5 4495	1	1
5 208	5 1476	1	1
5 208	6 45	1	1
5 208	7 4465	1	1
5 208	4 3399	1	1
5 208	0 2453	1	1
5 209	5 1520	1	1
5 209	1 2027	1	1
5 209	0 2708	1	1
5 209	0 4051	1	1
5 209	3 600	1	1
5 209	0 1761	1	1
5 210	7 4967	1	1
5 210	4 3325	1	1
5 210	3 1064	1	1
5 210	1 3061	1	1
5 210	7 2725	1	1
5 210	2 1014	1	1
5 211	1 1269	1	1
5 211	3 3401	1	1
5 211	0 2024	1	1
5 211	6 4775	1	1
5 211	4 3989	1	1
5 211	0 2583	1	1
5 212	5 3905	1	1
5 212	3 1539	1	1
5 212	7 3426	1	1
5 212	2 1070	1	1
5 212	1 1781	1	1
5 212	3 1877	1	1
5 213	6 2767	1	1
5 213	2 107	1	1
5 213	6 469	1	1
5 213	0 2625	1	1
5 213	0 826	1	1
5 213	2 3228	1	1
5 214	5 1436	1	1
5 214	6 761	1	1
5 214	4 1936	1	1
5 214	1 2620	1	1
5 214	2 1572	1	1
5 214	2 4514	1	1
5 215	4 2501	1	1
5 215	0 4102	1	1
5 215	2 3805	1	1
5 215	1 12	1	1
5 215	2 2342	1	1
5 215	0 4959	1	1
5 216	3 334	1	1
5 216	4 2441	1	1
5 216	1 798	1	1
5 216	1 1186	1	1
5 216	0 1398	1	1
5 216	2 4357	1	1
5 217	5 1113	1	1
5 217	2 2368	1	1
5 217	0 4598	1	1
5 217	0 2841	1	1
5 217	0 3797	1	1
5 217	4 2624	1	1
5 218	5 2260	1	1
5 218	5 3922	1	1
5 218	2 4710	1	1
5 218	4 576	1	1
5 218	4 1472	1	1
5 218	6 2578	1	1
5 219	5 3369	1	1
5 219	2 2875	1	1
5 219	7 2514	1	1
5 219	4 584	1	1
5 219	3 4726	1	1
5 219	1 2256	1	1
5 220	3 2022	1	1
5 220	2 2442	1	1
5 220	0 331	1	1
5 220	4 3843	1	1
5 220	4 1516	1	1
5 220	6 48	1	1
5 221	5 202	1	1
5 221	1 1288	1	1
5 221	6 1846	1	1
5 221	6 448	1	1
5 221	3 1038	1	1
5 221	7 1338	1	1
5 222	5 2740	1	1
5 222	0 4078	1	1
5 222	0 1207	1	1
5 222	2 3695	1	1
5 222	4 104	1	1
5 222	7 1366	1	1
5 223	4 3287	1	1
5 223	4 1738	1	1
5 223	1 1779	1	1
5 223	3 744	1	1
5 223	3 424	1	1
5 223	0 4763	1	1
5 224	5 2247	1	1
5 224	0 1456	1	1
5 224	7 3411	1	1
5 224	3 3715	1	1
5 224	1 4091	1	1
5 224	0 372	1	1
5 225	4 4294	1	1
5 225	2 638	1	1
5 225	1 568	1	1
5 225	1 3404	1	1
5 225	3 1497	1	1
5 225	7 796	1	1
5 226	5 3291	1	1
5 226	5 1128	1	1
5 226	2 3224	1	1
5 226	1 3962	1	1
5 226	2 1980	1	1
5 226	0 4476	1	1
5 227	5 1058	1	1
5 227	3 2876	1	1
5 227	6 2831	1	1
5 227	0 1295	1	1
5 227	4 2327	1	1
5 227	7 2149	1	1
5 228	5 1437	1	1
5 228	6 4739	1	1
5 228	7 3987	1	1
5 228	7 4948	1	1
5 228	6 4631	1	1
5 228	3 4702	1	1
5 229	1 4644	1	1
5 229	3 2624	1	1
5 229	4 1575	1	1
5 229	7 1	1	1
5 229	6 1677	1	1
5 229	2 3183	1	1
5 230	6 984	1	1
5 230	2 3729	1	1
5 230	2 4011	1	1
5 230	2 426	1	1
5 230	6 3599	1	1
5 230	2 3391	1	1
5 231	1 4195	1	1
5 231	3 4097	1	1
5 231	6 1777	1	1
5 231	7 4576	1	1
5 231	4 457	1	1
5 231	1 735	1	1
5 232	2 511	1	1
5 232	0 1640	1	1
5 232	4 2981	1	1
5 232	7 4516	1	1
5 232	7 759	1	1
5 232	0 4297	1	1
5 233	1 4565	1	1
5 233	7 3568	1	1
5 233	7 3297	1	1
5 233	0 1813	1	1
5 233	3 4236	1	1
5 233	4 2157	1	1
5 234	1 1219	1	1
5 234	2 2126	1	1
5 234	2 4895	1	1
5 234	4 2361	1	1
5 234	0 917	1	1
5 234	3 224	1	1
5 235	5 2149	1	1
5 235	0 929	1	1
5 235	3 2380	1	1
5 235	6 485	1	1
5 235	0 1863	1	1
5 235	2 863	1	1
5 236	1 4718	1	1
5 236	1 2981	1	1
5 236	4 4644	1	1
5 236	0 2969	1	1
5 236	4 2398	1	1
5 236	7 269	1	1
5 237	5 4307	1	1
5 237	5 1531	1	1
5 237	4 4362	1	1
5 237	6 4146	1	1
5 237	1 3324	1	1
5 237	1 930	1	1
5 238	5 4309	1	1
5 238	5 2157	1	1
5 238	2 3495	1	1
5 238	3 4905	1	1
5 238	7 1770	1	1
5 238	2 2883	1	1
5 239	3 2924	1	1
5 239	4 3855	1	1
5 239	0 2249	1	1
5 239	4 4808	1	1
5 239	6 4717	1	1
5 239	3 1422	1	1
5 240	3 4104	1	1
5 240	7 3324	1	1
5 240	2 4171	1	1
5 240	0 1695	1	1
5 240	2 858	1	1
5 240	4 616	1	1
5 241	3 2483	1	1
5 241	7 4977	1	1
5 241	4 2063	1	1
5 241	4 1934	1	1
5 241	7 4970	1	1
5 241	0 1258	1	1
5 242	5 1982	1	1
5 242	6 2322	1	1
5 242	2 3117	1	1
5 242	3 3955	1	1
5 242	4 4929	1	1
5 242	3 1021	1	1
5 243	6 1612	1	1
5 243	0 4390	1	1
5 243	6 1443	1	1
5 243	1 776	1	1
5 243	3 3049	1	1
5 243	1 1722	1	1
5 244	5 1113	1	1
5 244	1 3634	1	1
5 244	3 1342	1	1
5 244	4 4230	1	1
5 244	7 3904	1	1
5 244	2 3996	1	1
5 245	7 477	1	1
5 245	0 2197	1	1
5 245	7 2610	1	1
5 245	2 4057	1	1
5 245	4 1066	1	1
5 245	0 1268	1	1
5 246	5 4698	1	1
5 246	6 3093	1	1
5 246	6 471	1	1
5 246	2 1764	1	1
5 246	6 4923	1	1
5 246	2 2313	1	1
5 247	5 2767	1	1
5 247	4 709	1	1
5 247	2 4606	1	1
5 247	1 4338	1	1
5 247	3 2332	1	1
5 247	7 3906	1	1
5 248	7 1611	1	1
5 248	2 1860	1	1
5 248	3 4628	1	1
5 248	3 3432	1	1
5 248	4 533	1	1
5 248	7 1494	1	1
5 249	5 676	1	1
5 249	4 225	1	1
5 249	1 760	1	1
5 249	2 1003	1	1
5 249	4 3754	1	1
5 249	6 485	1	1
5 250	0 1642	1	1
5 250	2 334	1	1
5 250	2 878	1	1
5 250	1 437	1	1
5 250	0 89	1	1
5 250	3 2215	1	1
5 251	0 3763	1	1
5 251	0 4185	1	1
5 251	4 1517	1	1
5 251	1 497	1	1
5 251	3 2245	1	1
5 251	6 4157	1	1
5 252	5 2902	1	1
5 252	2 2526	1	1
5 252	0 4886	1	1
5 252	6 1127	1	1
5 252	1 2418	1	1
5 252	0 215	1	1
5 253	5 4605	1	1
5 253	7 4738	1	1
5 253	3 3273	1	1
5 253	3 1690	1	1
5 253	1 4761	1	1
5 253	4 1416	1	1
5 254	0 4674	1	1
5 254	6 2787	1	1
5 254	0 1486	1	1
5 254	2 4866	1	1
5 254	0 39	1	1
5 254	6 2652	1	1
5 255	5 4111	1	1
5 255	5 3939	1	1
5 255	2 3020	1	1
5 255	4 4411	1	1
5 255	6 123	1	1
5 255	6 4540	1	1
5 256	5 2361	1	1
5 256	4 1790	1	1
5 256	0 2538	1	1
5 256	4 3681	1	1
5 256	1 2149	1	1
5 256	2 2873	1	1
5 257	5 1570	1	1
5 257	0 4825	1	1
5 257	7 3102	1	1
5 257	0 630	1	1
5 257	7 2103	1	1
5 257	3 2066	1	1
5 258	5 4101	1	1
5 258	2 1954	1	1
5 258	4 4621	1	1
5 258	7 48	1	1
5 258	2 2843	1	1
5 258	4 3722	1	1
5 259	5 440	1	1
5 259	5 4136	1	1
5 259	5 776	1	1
5 259	4 512	1	1
5 259	6 2081	1	1
5 259	3 85	1	1
5 260	5 3466	1	1
5 260	2 2050	1	1
5 260	0 4082	1	1
5 260	0 4479	1	1
5 260	2 2464	1	1
5 260	7 4048	1	1
5 261	1 2380	1	1
5 261	1 1081	1	1
5 261	1 2240	1	1
5 261	1 594	1	1
5 261	4 2351	1	1
5 261	6 3007	1	1
5 262	2 3050	1	1
5 262	0 4458	1	1
5 262	4 3277	1	1
5 262	0 4225	1	1
5 262	0 4515	1	1
5 262	7 3290	1	1
5 263	5 2455	1	1
5 263	6 2050	1	1
5 263	2 586	1	1
5 263	4 4564	1	1
5 263	1 3337	1	1
5 263	6 4673	1	1
5 264	2 2210	1	1
5 264	3 1040	1	1
5 264	2 1545	1	1
5 264	1 4641	1	1
5 264	6 4152	1	1
5 264	7 663	1	1
5 265	5 4005	1	1
5 265	5 3434	1	1
5 265	5 832	1	1
5 265	5 863	1	1
5 265	4 311	1	1
5 265	4 3061	1	1
5 266	5 3016	1	1
5 266	5 3424	1	1
5 266	1 885	1	1
5 266	1 3570	1	1
5 266	3 4543	1	1
5 266	0 4705	1	1
5 267	5 2409	1	1
5 267	7 1765	1	1
5 267	2 2201	1	1
5 267	1 3988	1	1
5 267	7 3375	1	1
5 267	2 4049	1	1
5 268	5 534	1	1
5 268	7 4561	1	1
5 268	4 750	1	1
5 268	4 3382	1	1
5 268	7 3876	1	1
5 268	2 1209	1	1
5 269	6 2760	1	1
5 269	2 136	1	1
5 269	6 2581	1	1
5 269	0 674	1	1
5 269	6 3147	1	1
5 269	0 1890	1	1
5 270	5 2476	1	1
5 270	3 4806	1	1
5 270	7 4722	1	1
5 270	3 1368	1	1
5 270	3 829	1	1
5 270	6 3845	1	1
5 271	4 4874	1	1
5 271	2 2179	1	1
5 271	6 664	1	1
5 271	6 4227	1	1
5 271	3 919	1	1
5 271	6 3318	1	1
5 272	1 1404	1	1
5 272	7 4907	1	1
5 272	7 3611	1	1
5 272	1 133	1	1
5 272	6 920	1	1
5 272	6 4950	1	1
5 273	5 798	1	1
5 273	5 1276	1	1
5 273	5 4188	1	1
5 273	0 1255	1	1
5 273	3 3874	1	1
5 273	1 1078	1	1
5 274	7 3017	1	1
5 274	3 821	1	1
5 274	2 3930	1	1
5 274	0 4942	1	1
5 274	1 1499	1	1
5 274	3 1336	1	1
5 275	3 3795	1	1
5 275	0 2652	1	1
5 275	4 2731	1	1
5 275	4 2939	1	1
5 275	1 2952	1	1
5 275	0 3998	1	1
5 276	7 4344	1	1
5 276	3 4671	1	1
5 276	4 411	1	1
5 276	2 80	1	1
5 276	0 4539	1	1
5 276	6 3996	1	1
5 277	5 509	1	1
5 277	7 2506	1	1
5 277	1 4376	1	1
5 277	2 3582	1	1
5 277	3 147	1	1
5 277	4 1882	1	1
5 278	5 2366	1	1
5 278	5 1864	1	1
5 278	1 2876	1	1
5 278	7 1817	1	1
5 278	1 1087	1	1
5 278	2 3880	1	1
5 279	5 608	1	1
5 279	0 1388	1	1
5 279	2 4623	1	1
5 279	7 3624	1	1
5 279	4 2184	1	1
5 279	3 4858	1	1
5 280	6 231	1	1
5 280	1 1776	1	1
5 280	7 1201	1	1
5 280	6 2112	1	1
5 280	4 370	1	1
5 280	6 2804	1	1
5 281	7 2995	1	1
5 281	2 3868	1	1
5 281	7 3583	1	1
5 281	7 941	1	1
5 281	3 912	1	1
5 281	7 3833	1	1
5 282	5 2037	1	1
5 282	5 3458	1	1
5 282	5 846	1	1
5 282	7 2545	1	1
5 282	7 457	1	1
5 282	0 4775	1	1
5 283	5 4162	1	1
5 283	5 465	1	1
5 283	2 788	1	1
5 283	4 968	1	1
5 283	4 4645	1	1
5 283	2 592	1	1
5 284	5 395	1	1
5 284	4 4694	1	1
5 284	1 791	1	1
5 284	4 160	1	1
5 284	2 3363	1	1
5 284	3 3916	1	1
5 285	0 4360	1	1
5 285	6 640	1	1
5 285	6 983	1	1
5 285	2 1587	1	1
5 285	1 1673	1	1
5 285	2 3845	1	1
5 286	7 1711	1	1
5 286	0 3985	1	1
5 286	7 2695	1	1
5 286	4 4042	1	1
5 286	6 3129	1	1
5 286	0 1377	1	1
5 287	5 3464	1	1
5 287	5 404	1	1
5 287	1 325	1	1
5 287	6 88	1	1
5 287	0 1102	1	1
5 287	0 927	1	1
5 288	5 597	1	1
5 288	2 3986	1	1
5 288	6 467	1	1
5 288	7 1321	1	1
5 288	7 2398	1	1
5 288	7 4445	1	1
5 289	5 1794	1	1
5 289	7 1260	1	1
5 289	2 3812	1	1
5 289	3 1457	1	1
5 289	2 4619	1	1
5 289	2 998	1	1
5 290	5 4465	1	1
5 290	5 4572	1	1
5 290	1 2037	1	1
5 290	6 3335	1	1
5 290	3 3405	1	1
5 290	0 1807	1	1
5 291	0 2935	1	1
5 291	4 1525	1	1
5 291	3 399	1	1
5 291	0 2185	1	1
5 291	3 1018	1	1
5 291	7 927	1	1
5 292	1 4064	1	1
5 292	3 273	1	1
5 292	3 2203	1	1
5 292	1 4134	1	1
5 292	2 1930	1	1
5 292	3 4788	1	1
5 293	5 675	1	1
5 293	6 392	1	1
5 293	1 3713	1	1
5 293	0 3989	1	1
5 293	0 85	1	1
5 293	0 3360	1	1
5 294	7 2751	1	1
5 294	3 4863	1	1
5 294	1 4184	1	1
5 294	2 4885	1	1
5 294	2 4821	1	1
5 294	1 4871	1	1
5 295	5 2007	1	1
5 295	5 1825	1	1
5 295	2 4133	1	1
5 295	2 112	1	1
5 295	7 126	1	1
5 295	6 1882	1	1
5 296	6 2283	1	1
5 296	7 606	1	1
5 296	2 3929	1	1
5 296	7 2641	1	1
5 296	6 4620	1	1
5 296	7 4776	1	1
5 297	0 2624	1	1
5 297	7 4045	1	1
5 297	3 4450	1	1
5 297	0 4144	1	1
5 297	7 4986	1	1
5 297	4 3781	1	1
5 298	5 4404	1	1
5 298	4 135	1	1
5 298	4 4982	1	1
5 298	6 928	1	1
5 298	6 3057	1	1
5 298	4 863	1	1
5 299	2 3242	1	1
5 299	3 96	1	1
5 299	1 494	1	1
5 299	1 2794	1	1
5 299	4 2960	1	1
5 299	6 1396	1	1
5 300	5 2680	1	1
5 300	4 4905	1	1
5 300	3 4918	1	1
5 300	3 4084	1	1
5 300	7 4673	1	1
5 300	6 1110	1	1
5 301	5 1311	1	1
5 301	7 777	1	1
5 301	7 1355	1	1
5 301	1 1574	1	1
5 301	0 1925	1	1
5 301	2 2220	1	1
5 302	2 1559	1	1
5 302	0 391	1	1
5 302	6 4819	1	1
5 302	4 110	1	1
5 302	2 2980	1	1
5 302	4 3363	1	1
5 303	1 1490	1	1
5 303	2 343	1	1
5 303	0 4617	1	1
5 303	1 3869	1	1
5 303	6 1407	1	1
5 303	4 3639	1	1
5 304	3 2766	1	1
5 304	7 2863	1	1
5 304	2 3589	1	1
5 304	0 2874	1	1
5 304	4 2703	1	1
5 304	7 484	1	1
5 305	5 1621	1	1
5 305	2 2906	1	1
5 305	4 231	1	1
5 305	4 2913	1	1
5 305	6 2696	1	1
5 305	0 912	1	1
5 306	7 571	1	1
5 306	3 411	1	1
5 306	3 3343	1	1
5 306	0 1081	1	1
5 306	4 2256	1	1
5 306	6 3292	1	1
5 307	5 3440	1	1
5 307	0 868	1	1
5 307	1 267	1	1
5 307	4 4949	1	1
5 307	6 1446	1	1
5 307	1 2873	1	1
5 308	0 4766	1	1
5 308	0 324	1	1
5 308	6 2798	1	1
5 308	4 1381	1	1
5 308	6 4923	1	1
5 308	0 1213	1	1
5 309	4 693	1	1
5 309	4 4510	1	1
5 309	2 1523	1	1
5 309	4 2426	1	1
5 309	4 733	1	1
5 309	4 2685	1	1
5 310	1 116	1	1
5 310	7 435	1	1
5 310	6 1869	1	1
5 310	3 2854	1	1
5 310	1 1008	1	1
5 310	3 1573	1	1
5 311	3 2391	1	1
5 311	7 2961	1	1
5 311	0 2636	1	1
5 311	0 2051	1	1
5 311	1 4205	1	1
5 311	4 1894	1	1
5 312	5 1072	1	1
5 312	5 1155	1	1
5 312	4 2520	1	1
5 312	6 1786	1	1
5 312	6 1107	1	1
5 312	3 367	1	1
5 313	5 1690	1	1
5 313	3 2088	1	1
5 313	7 1170	1	1
5 313	3 4066	1	1
5 313	2 658	1	1
5 313	7 1456	1	1
5 314	7 3376	1	1
5 314	2 1626	1	1
5 314	1 2248	1	1
5 314	4 905	1	1
5 314	0 354	1	1
5 314	7 4494	1	1
5 315	5 76	1	1
5 315	2 4428	1	1
5 315	0 962	1	1
5 315	2 1954	1	1
5 315	2 3775	1	1
5 315	1 413	1	1
5 316	5 834	1	1
5 316	4 1050	1	1
5 316	7 4707	1	1
5 316	6 48	1	1
5 316	3 3093	1	1
5 316	7 775	1	1
5 317	5 3550	1	1
5 317	1 3	1	1
5 317	2 3467	1	1
5 317	2 2102	1	1
5 317	1 1382	1	1
5 317	4 4811	1	1
5 318	5 1863	1	1
5 318	5 4745	1	1
5 318	1 308	1	1
5 318	6 2321	1	1
5 318	1 862	1	1
5 318	6 1020	1	1
5 319	6 4188	1	1
5 319	4 702	1	1
5 319	4 4067	1	1
5 319	1 3066	1	1
5 319	4 4148	1	1
5 319	4 2737	1	1
5 320	5 2870	1	1
5 320	5 4186	1	1
5 320	6 4705	1	1
5 320	1 964	1	1
5 320	7 999	1	1
5 320	7 4141	1	1
5 321	5 3332	1	1
5 321	0 3687	1	1
5 321	0 1051	1	1
5 321	3 586	1	1
5 321	6 633	1	1
5 321	7 674	1	1
5 322	7 1466	1	1
5 322	2 4404	1	1
5 322	1 2648	1	1
5 322	7 714	1	1
5 322	2 546	1	1
5 322	4 140	1	1
5 323	5 217	1	1
5 323	7 2361	1	1
5 323	0 1898	1	1
5 323	7 2697	1	1
5 323	3 3732	1	1
5 323	4 2027	1	1
5 324	6 1531	1	1
5 324	6 181	1	1
5 324	7 4261	1	1
5 324	2 2814	1	1
5 324	2 831	1	1
5 324	7 2040	1	1
5 325	6 2795	1	1
5 325	0 3458	1	1
5 325	4 932	1	1
5 325	4 2936	1	1
5 325	4 441	1	1
5 325	2 2270	1	1
5 326	0 1974	1	1
5 326	0 2809	1	1
5 326	1 4607	1	1
5 326	6 208	1	1
5 326	0 1515	1	1
5 326	4 650	1	1
5 327	0 2062	1	1
5 327	3 528	1	1
5 327	3 4745	1	1
5 327	3 4178	1	1
5 327	7 4625	1	1
5 327	1 3636	1	1
5 328	3 3185	1	1
5 328	0 4122	1	1
5 328	1 3218	1	1
5 328	0 2983	1	1
5 328	7 361	1	1
5 328	4 4045	1	1
5 329	5 7	1	1
5 329	1 4517	1	1
5 329	7 3055	1	1
5 329	3 1866	1	1
5 329	4 690	1	1
5 329	2 2253	1	1
5 330	5 2917	1	1
5 330	7 3552	1	1
5 330	0 2792	1	1
5 330	7 715	1	1
5 330	2 1305	1	1
5 330	4 778	1	1
5 331	6 4594	1	1
5 331	1 2032	1	1
5 331	1 2117	1	1
5 331	1 3983	1	1
5 331	4 4759	1	1
5 331	6 333	1	1
5 332	5 3784	1	1
5 332	2 765	1	1
5 332	7 2935	1	1
5 332	6 1438	1	1
5 332	7 620	1	1
5 332	0 4413	1	1
5 333	5 1257	1	1
5 333	0 2106	1	1
5 333	4 1704	1	1
5 333	2 2189	1	1
5 333	7 4019	1	1
5 333	0 3097	1	1
5 334	5 812	1	1
5 334	3 2032	1	1
5 334	6 2488	1	1
5 334	4 3782	1	1
5 334	3 2626	1	1
5 334	4 522	1	1
5 335	4 2474	1	1
5 335	6 365	1	1
5 335	6 518	1	1
5 335	6 3937	1	1
5 335	1 1038	1	1
5 335	6 1760	1	1
5 336	0 4314	1	1
5 336	7 4362	1	1
5 336	1 2657	1	1
5 336	7 4825	1	1
5 336	4 1700	1	1
5 336	7 605	1	1
5 337	6 240	1	1
5 337	2 2469	1	1
5 337	2 2988	1	1
5 337	0 2320	1	1
5 337	2 4237	1	1
5 337	6 2368	1	1
5 338	5 1227	1	1
5 338	0 2341	1	1
5 338	0 19	1	1
5 338	3 3577	1	1
5 338	6 4202	1	1
5 338	1 49	1	1
5 339	5 2695	1	1
5 339	5 1302	1	1
5 339	2 4221	1	1
5 339	7 4146	1	1
5 339	2 3999	1	1
5 339	4 1410	1	1
5 340	5 2173	1	1
5 340	3 3286	1	1
5 340	7 2386	1	1
5 340	2 3586	1	1
5 340	0 2111	1	1
5 340	6 3462	1	1
5 341	5 85	1	1
5 341	2 1781	1	1
5 341	2 3349	1	1
5 341	7 2170	1	1
5 341	2 1806	1	1
5 341	1 4324	1	1
5 342	5 3540	1	1
5 342	0 4905	1	1
5 342	0 4573	1	1
5 342	3 4601	1	1
5 342	3 918	1	1
5 342	0 4284	1	1
5 343	5 2463	1	1
5 343	2 3674	1	1
5 343	6 892	1	1
5 343	7 3721	1	1
5 343	7 3708	1	1
5 343	3 1807	1	1
5 344	3 628	1	1
5 344	2 4756	1	1
5 344	0 21	1	1
5 344	6 736	1	1
5 344	0 1226	1	1
5 344	3 2396	1	1
5 345	1 1967	1	1
5 345	4 4011	1	1
5 345	4 4440	1	1
5 345	7 1697	1	1
5 345	2 3230	1	1
5 345	2 2011	1	1
5 346	5 2414	1	1
5 346	5 4995	1	1
5 346	2 1665	1	1
5 346	1 3131	1	1
5 346	2 621	1	1
5 346	2 423	1	1
5 347	6 4372	1	1
5 347	1 675	1	1
5 347	1 3211	1	1
5 347	1 4593	1	1
5 347	0 664	1	1
5 347	1 3250	1	1
5 348	5 2775	1	1
5 348	4 140	1	1
5 348	4 2200	1	1
5 348	2 2208	1	1
5 348	7 2092	1	1
5 348	0 2547	1	1
5 349	5 2104	1	1
5 349	0 4058	1	1
5 349	7 3681	1	1
5 349	3 580	1	1
5 349	3 3427	1	1
5 349	4 28	1	1
5 350	5 3272	1	1
5 350	5 4817	1	1
5 350	5 1803	1	1
5 350	1 4217	1	1
5 350	0 952	1	1
5 350	4 2504	1	1
5 351	5 2779	1	1
5 351	5 4834	1	1
5 351	5 1217	1	1
5 351	2 1839	1	1
5 351	1 1166	1	1
5 351	2 860	1	1
5 352	5 3978	1	1
5 352	5 2582	1	1
5 352	7 3933	1	1
5 352	4 1250	1	1
5 352	3 606	1	1
5 352	4 3338	1	1
5 353	7 643	1	1
5 353	0 4870	1	1
5 353	1 2038	1	1
5 353	2 3576	1	1
5 353	0 3606	1	1
5 353	1 2821	1	1
5 354	5 4537	1	1
5 354	5 2352	1	1
5 354	3 4723	1	1
5 354	2 637	1	1
5 354	3 2347	1	1
5 354	1 2717	1	1
5 355	2 1666	1	1
5 355	6 4139	1	1
5 355	0 4640	1	1
5 355	7 2567	1	1
5 355	4 2673	1	1
5 355	3 4023	1	1
5 356	5 3127	1	1
5 356	2 3725	1	1
5 356	4 2017	1	1
5 356	7 1590	1	1
5 356	0 3960	1	1
5 356	0 4490	1	1
5 357	5 3528	1	1
5 357	7 2182	1	1
5 357	6 3411	1	1
5 357	4 3941	1	1
5 357	6 4066	1	1
5 357	6 102	1	1
5 358	5 2628	1	1
5 358	0 3125	1	1
5 358	3 3616	1	1
5 358	6 1570	1	1
5 358	7 2284	1	1
5 358	4 1480	1	1
5 359	4 751	1	1
5 359	1 4987	1	1
5 359	7 299	1	1
5 359	6 1458	1	1
5 359	2 3802	1	1
5 359	1 4392	1	1
5 360	5 2981	1	1
5 360	4 2190	1	1
5 360	2 4761	1	1
5 360	6 4869	1	1
5 360	6 3612	1	1
5 360	4 1157	1	1
5 361	1 4713	1	1
5 361	1 1083	1	1
5 361	1 1333	1	1
5 361	4 4886	1	1
5 361	0 2239	1	1
5 361	7 751	1	1
5 362	5 1120	1	1
5 362	3 3412	1	1
5 362	1 1303	1	1
5 362	6 2766	1	1
5 362	0 4970	1	1
5 362	6 2246	1	1
5 363	5 1170	1	1
5 363	6 4375	1	1
5 363	3 3702	1	1
5 363	0 4639	1	1
5 363	6 3632	1	1
5 363	4 2975	1	1
5 364	7 1963	1	1
5 364	3 4862	1	1
5 364	6 2422	1	1
5 364	7 936	1	1
5 364	3 358	1	1
5 364	7 1457	1	1
5 365	5 1052	1	1
5 365	3 2458	1	1
5 365	6 167	1	1
5 365	1 1994	1	1
5 365	3 4119	1	1
5 365	0 1712	1	1
5 366	5 3343	1	1
5 366	6 3182	1	1
5 366	2 1059	1	1
5 366	3 2858	1	1
5 366	2 1842	1	1
5 366	4 605	1	1
5 367	5 3055	1	1
5 367	5 792	1	1
5 367	0 1425	1	1
5 367	1 4706	1	1
5 367	4 4240	1	1
5 367	6 4272	1	1
5 368	5 221	1	1
5 368	3 1698	1	1
5 368	3 2587	1	1
5 368	6 4357	1	1
5 368	4 173	1	1
5 368	4 582	1	1
5 369	5 961	1	1
5 369	4 3300	1	1
5 369	7 3221	1	1
5 369	4 3652	1	1
5 369	2 303	1	1
5 369	4 1931	1	1
5 370	5 2146	1	1
5 370	4 2253	1	1
5 370	4 737	1	1
5 370	6 3500	1	1
5 370	4 31	1	1
5 370	3 212	1	1
5 371	5 29	1	1
5 371	5 2313	1	1
5 371	7 534	1	1
5 371	1 1774	1	1
5 371	1 1141	1	1
5 371	2 2726	1	1
5 372	0 3515	1	1
5 372	0 1541	1	1
5 372	3 4591	1	1
5 372	4 2199	1	1
5 372	2 3553	1	1
5 372	6 2071	1	1
5 373	5 30	1	1
5 373	5 1562	1	1
5 373	7 864	1	1
5 373	0 496	1	1
5 373	0 602	1	1
5 373	1 4924	1	1
5 374	6 4383	1	1
5 374	1 1082	1	1
5 374	6 3658	1	1
5 374	2 4957	1	1
5 374	1 1358	1	1
5 374	4 4720	1	1
5 375	0 1768	1	1
5 375	2 4739	1	1
5 375	1 874	1	1
5 375	6 4799	1	1
5 375	4 4437	1	1
5 375	7 3547	1	1
5 376	7 779	1	1
5 376	1 2293	1	1
5 376	2 7	1	1
5 376	6 1416	1	1
5 376	1 2446	1	1
5 376	0 515	1	1
5 377	5 3003	1	1
5 377	7 106	1	1
5 377	1 4098	1	1
5 377	7 1681	1	1
5 377	3 2676	1	1
5 377	0 2780	1	1
5 378	1 2967	1	1
5 378	3 2505	1	1
5 378	6 3463	1	1
5 378	4 4392	1	1
5 378	2 4909	1	1
5 378	2 1151	1	1
5 379	3 1833	1	1
5 379	1 2283	1	1
5 379	7 2645	1	1
5 379	4 3375	1	1
5 379	3 4759	1	1
5 379	4 2752	1	1
5 380	5 1967	1	1
5 380	6 3875	1	1
5 380	1 2138	1	1
5 380	0 4455	1	1
5 380	4 2485	1	1
5 380	0 110	1	1
5 381	2 4153	1	1
5 381	0 530	1	1
5 381	4 4809	1	1
5 381	6 859	1	1
5 381	4 3574	1	1
5 381	1 1883	1	1
5 382	1 886	1	1
5 382	3 684	1	1
5 382	2 304	1	1
5 382	1 381	1	1
5 382	7 3390	1	1
5 382	7 463	1	1
5 383	3 2565	1	1
5 383	1 4029	1	1
5 383	3 1392	1	1
5 383	1 1476	1	1
5 383	1 3650	1	1
5 383	6 731	1	1
5 384	5 3707	1	1
5 384	6 2562	1	1
5 384	2 2526	1	1
5 384	2 2480	1	1
5 384	2 1981	1	1
5 384	4 353	1	1
5 385	5 3738	1	1
5 385	5 1727	1	1
5 385	3 3551	1	1
5 385	6 4922	1	1
5 385	0 3323	1	1
5 385	0 1454	1	1
5 386	5 2176	1	1
5 386	3 416	1	1
5 386	0 29	1	1
5 386	7 4568	1	1
5 386	6 4399	1	1
5 386	2 2236	1	1
5 387	5 1756	1	1
5 387	5 4638	1	1
5 387	3 2796	1	1
5 387	3 4210	1	1
5 387	6 4781	1	1
5 387	1 3498	1	1
5 388	3 3836	1	1
5 388	6 3735	1	1
5 388	3 172	1	1
5 388	0 2099	1	1
5 388	2 4689	1	1
5 388	4 2174	1	1
5 389	2 2733	1	1
5 389	2 2391	1	1
5 389	6 3144	1	1
5 389	0 1981	1	1
5 389	6 854	1	1
5 389	4 1078	1	1
5 390	3 3059	1	1
5 390	4 921	1	1
5 390	0 2828	1	1
5 390	2 789	1	1
5 390	0 3764	1	1
5 390	6 3644	1	1
5 391	0 998	1	1
5 391	1 4312	1	1
5 391	0 1210	1	1
5 391	4 4223	1	1
5 391	1 4245	1	1
5 391	7 4209	1	1
5 392	2 4046	1	1
5 392	0 4108	1	1
5 392	3 4452	1	1
5 392	7 1333	1	1
5 392	7 1293	1	1
5 392	0 89	1	1
5 393	5 1291	1	1
5 393	5 3767	1	1
5 393	4 2351	1	1
5 393	0 4229	1	1
5 393	0 3994	1	1
5 393	2 572	1	1
5 394	5 768	1	1
5 394	5 2969	1	1
5 394	5 3914	1	1
5 394	3 1480	1	1
5 394	0 4840	1	1
5 394	7 2105	1	1
5 395	0 701	1	1
5 395	1 4655	1	1
5 395	2 980	1	1
5 395	1 376	1	1
5 395	4 1476	1	1
5 395	2 2585	1	1
5 396	2 60	1	1
5 396	0 2019	1	1
5 396	6 252	1	1
5 396	6 1531	1	1
5 396	6 1112	1	1
5 396	4 283	1	1
5 397	5 2548	1	1
5 397	5 4752	1	1
5 397	2 2689	1	1
5 397	7 2605	1	1
5 397	4 245	1	1
5 397	3 3116	1	1
5 398	5 4145	1	1
5 398	7 1771	1	1
5 398	6 1900	1	1
5 398	6 3541	1	1
5 398	4 4601	1	1
5 398	3 546	1	1
5 399	2 4424	1	1
5 399	0 3832	1	1
5 399	6 497	1	1
5 399	3 351	1	1
5 399	6 4368	1	1
5 399	3 2102	1	1
5 400	4 2930	1	1
5 400	2 2970	1	1
5 400	0 4575	1	1
5 400	4 655	1	1
5 400	0 665	1	1
5 400	6 1308	1	1
5 401	0 3327	1	1
5 401	4 2457	1	1
5 401	7 4528	1	1
5 401	1 3512	1	1
5 401	1 3875	1	1
5 401	3 2609	1	1
5 402	5 1400	1	1
5 402	7 2527	1	1
5 402	2 1989	1	1
5 402	0 1541	1	1
5 402	0 4324	1	1
5 402	0 3442	1	1
5 403	5 4104	1	1
5 403	5 1716	1	1
5 403	2 2767	1	1
5 403	2 4072	1	1
5 403	2 4762	1	1
5 403	4 3450	1	1
5 404	5 4733	1	1
5 404	5 1804	1	1
5 404	5 2354	1	1
5 404	2 612	1	1
5 404	7 1573	1	1
5 404	7 543	1	1
5 405	5 3707	1	1
5 405	4 3736	1	1
5 405	4 2405	1	1
5 405	0 1420	1	1
5 405	4 4073	1	1
5 405	3 3048	1	1
5 406	3 4378	1	1
5 406	0 169	1	1
5 406	6 3383	1	1
5 406	6 873	1	1
5 406	2 2846	1	1
5 406	1 1307	1	1
5 407	1 2658	1	1
5 407	1 1814	1	1
5 407	4 4066	1	1
5 407	6 3011	1	1
5 407	0 222	1	1
5 407	4 1087	1	1
5 408	5 3735	1	1
5 408	7 4150	1	1
5 408	1 2546	1	1
5 408	7 3292	1	1
5 408	3 1010	1	1
5 408	3 4098	1	1
5 409	5 4945	1	1
5 409	4 1258	1	1
5 409	1 4915	1	1
5 409	3 4314	1	1
5 409	2 1487	1	1
5 409	7 4841	1	1
5 410	2 3103	1	1
5 410	6 1749	1	1
5 410	3 845	1	1
5 410	6 2299	1	1
5 410	7 4663	1	1
5 410	3 3707	1	1
5 411	1 2587	1	1
5 411	7 4576	1	1
5 411	3 2023	1	1
5 411	4 3094	1	1
5 411	7 3431	1	1
5 411	7 1258	1	1
5 412	5 3687	1	1
5 412	4 2338	1	1
5 412	3 4315	1	1
5 412	0 628	1	1
5 412	0 2830	1	1
5 412	1 3177	1	1
5 413	4 800	1	1
5 413	7 4304	1	1
5 413	4 4796	1	1
5 413	3 978	1	1
5 413	1 4270	1	1
5 413	4 2008	1	1
5 414	1 1908	1	1
5 414	6 3208	1	1
5 414	2 1678	1	1
5 414	4 802	1	1
5 414	1 538	1	1
5 414	0 3422	1	1
5 415	0 2198	1	1
5 415	3 3939	1	1
5 415	7 1418	1	1
5 415	7 1416	1	1
5 415	6 2773	1	1
5 415	6 3413	1	1
5 416	5 1716	1	1
5 416	3 2218	1	1
5 416	1 331	1	1
5 416	4 4430	1	1
5 416	3 4365	1	1
5 416	0 1388	1	1
5 417	0 3371	1	1
5 417	7 437	1	1
5 417	7 2699	1	1
5 417	2 3031	1	1
5 417	3 1982	1	1
5 417	1 1647	1	1
5 418	5 2609	1	1
5 418	7 3915	1	1
5 418	7 166	1	1
5 418	4 3282	1	1
5 418	3 4421	1	1
5 418	2 1108	1	1
5 419	4 150	1	1
5 419	0 4739	1	1
5 419	0 554	1	1
5 419	7 4189	1	1
5 419	2 1349	1	1
5 419	2 720	1	1
5 420	4 474	1	1
5 420	1 4371	1	1
5 420	0 787	1	1
5 420	1 4214	1	1
5 420	4 4112	1	1
5 420	7 1070	1	1
5 421	3 2061	1	1
5 421	0 3296	1	1
5 421	6 1380	1	1
5 421	2 861	1	1
5 421	4 4858	1	1
5 421	6 1422	1	1
5 422	6 2167	1	1
5 422	1 2743	1	1
5 422	1 3767	1	1
5 422	1 1449	1	1
5 422	2 3489	1	1
5 422	3 3966	1	1
5 423	5 2966	1	1
5 423	0 1594	1	1
5 423	4 3269	1	1
5 423	6 3937	1	1
5 423	2 1354	1	1
5 423	6 1683	1	1
5 424	0 1895	1	1
5 424	7 4087	1	1
5 424	0 685	1	1
5 424	4 780	1	1
5 424	1 2081	1	1
5 424	3 1283	1	1
5 425	6 1272	1	1
5 425	1 3832	1	1
5 425	1 411	1	1
5 425	3 1280	1	1
5 425	3 1467	1	1
5 425	4 1026	1	1
5 426	3 4199	1	1
5 426	4 740	1	1
5 426	1 4164	1	1
5 426	3 2785	1	1
5 426	3 2847	1	1
5 426	1 1990	1	1
5 427	4 1311	1	1
5 427	1 1455	1	1
5 427	7 1654	1	1
5 427	0 1068	1	1
5 427	2 4064	1	1
5 427	3 4604	1	1
5 428	3 1014	1	1
5 428	3 3137	1	1
5 428	1 3021	1	1
5 428	3 3347	1	1
5 428	1 1066	1	1
5 428	7 1700	1	1
5 429	5 1955	1	1
5 429	3 3063	1	1
5 429	6 4109	1	1
5 429	3 4040	1	1
5 429	2 201	1	1
5 429	7 1534	1	1
5 430	3 2096	1	1
5 430	2 4740	1	1
5 430	3 4415	1	1
5 430	3 4980	1	1
5 430	6 4423	1	1
5 430	3 3369	1	1
5 431	5 358	1	1
5 431	5 3939	1	1
5 431	7 3454	1	1
5 431	7 2576	1	1
5 431	2 2450	1	1
5 431	0 3457	1	1
5 432	0 4738	1	1
5 432	7 1498	1	1
5 432	0 2674	1	1
5 432	7 4330	1	1
5 432	1 342	1	1
5 432	7 4230	1	1
5 433	5 1158	1	1
5 433	5 2798	1	1
5 433	0 4426	1	1
5 433	1 830	1	1
5 433	3 1969	1	1
5 433	0 4539	1	1
5 434	1 4651	1	1
5 434	3 1151	1	1
5 434	1 2194	1	1
5 434	1 1500	1	1
5 434	1 4681	1	1
5 434	3 4480	1	1
5 435	5 586	1	1
5 435	6 1455	1	1
5 435	0 261	1	1
5 435	7 3937	1	1
5 435	1 4591	1	1
5 435	2 1514	1	1
5 436	3 4325	1	1
5 436	0 1659	1	1
5 436	6 2731	1	1
5 436	1 1207	1	1
5 436	4 3395	1	1
5 436	2 2753	1	1
5 437	7 1907	1	1
5 437	4 3228	1	1
5 437	3 3110	1	1
5 437	3 3472	1	1
5 437	7 1806	1	1
5 437	6 2016	1	1
5 438	5 2283	1	1
5 438	2 511	1	1
5 438	0 1882	1	1
5 438	0 4383	1	1
5 438	4 897	1	1
5 438	1 1116	1	1
5 439	5 4212	1	1
5 439	4 4510	1	1
5 439	0 174	1	1
5 439	3 2348	1	1
5 439	3 2433	1	1
5 439	3 575	1	1
5 440	5 915	1	1
5 440	1 4106	1	1
5 440	7 3116	1	1
5 440	6 3404	1	1
5 440	3 3934	1	1
5 440	1 335	1	1
5 441	5 1224	1	1
5 441	7 4695	1	1
5 441	1 4458	1	1
5 441	6 2144	1	1
5 441	4 4486	1	1
5 441	4 2055	1	1
5 442	5 317	1	1
5 442	4 3619	1	1
5 442	1 1000	1	1
5 442	1 1500	1	1
5 442	4 838	1	1
5 442	0 3121	1	1
5 443	5 4406	1	1
5 443	0 1172	1	1
5 443	6 2654	1	1
5 443	4 2695	1	1
5 443	7 1723	1	1
5 443	1 1133	1	1
5 444	3 408	1	1
5 444	2 383	1	1
5 444	1 995	1	1
5 444	3 3142	1	1
5 444	2 513	1	1
5 444	6 3085	1	1
5 445	5 4884	1	1
5 445	6 726	1	1
5 445	0 1618	1	1
5 445	0 4687	1	1
5 445	0 3485	1	1
5 445	1 1090	1	1
5 446	5 4793	1	1
5 446	7 3360	1	1
5 446	4 748	1	1
5 446	2 525	1	1
5 446	7 4684	1	1
5 446	1 460	1	1
5 447	2 4150	1	1
5 447	4 1950	1	1
5 447	1 190	1	1
5 447	4 74	1	1
5 447	1 4364	1	1
5 447	6 2973	1	1
5 448	3 2474	1	1
5 448	7 1469	1	1
5 448	0 4868	1	1
5 448	7 2485	1	1
5 448	1 2637	1	1
5 448	6 3604	1	1
5 449	4 4998	1	1
5 449	6 4952	1	1
5 449	4 696	1	1
5 449	1 4664	1	1
5 449	2 3783	1	1
5 449	1 2878	1	1
5 450	5 1430	1	1
5 450	0 3722	1	1
5 450	6 1546	1	1
5 450	1 4979	1	1
5 450	6 1320	1	1
5 450	1 3975	1	1
5 451	6 2005	1	1
5 451	4 3691	1	1
5 451	3 3451	1	1
5 451	3 3048	1	1
5 451	4 4329	1	1
5 451	2 674	1	1
5 452	6 1394	1	1
5 452	2 4687	1	1
5 452	2 1615	1	1
5 452	7 3477	1	1
5 452	1 4451	1	1
5 452	7 2317	1	1
5 453	5 2820	1	1
5 453	0 3045	1	1
5 453	6 4933	1	1
5 453	4 4624	1	1
5 453	1 1356	1	1
5 453	7 220	1	1
5 454	5 2264	1	1
5 454	5 3395	1	1
5 454	6 2747	1	1
5 454	7 3488	1	1
5 454	1 2378	1	1
5 454	1 3600	1	1
5 455	0 3595	1	1
5 455	4 1052	1	1
5 455	2 1114	1	1
5 455	6 2455	1	1
5 455	2 634	1	1
5 455	4 2587	1	1
5 456	5 375	1	1
5 456	4 1732	1	1
5 456	6 4914	1	1
5 456	0 2975	1	1
5 456	6 1510	1	1
5 456	2 2732	1	1
5 457	6 1271	1	1
5 457	3 3487	1	1
5 457	0 2103	1	1
5 457	1 823	1	1
5 457	1 3566	1	1
5 457	6 4761	1	1
5 458	4 3635	1	1
5 458	2 633	1	1
5 458	6 4175	1	1
5 458	6 2821	1	1
5 458	1 4911	1	1
5 458	4 1119	1	1
5 459	5 2465	1	1
5 459	7 3228	1	1
5 459	2 1737	1	1
5 459	4 2056	1	1
5 459	4 4143	1	1
5 459	4 2476	1	1
5 460	5 1493	1	1
5 460	1 1259	1	1
5 460	3 624	1	1
5 460	0 3674	1	1
5 460	6 3974	1	1
5 460	0 3890	1	1
5 461	5 1940	1	1
5 461	5 1856	1	1
5 461	5 4286	1	1
5 461	1 1512	1	1
5 461	3 2154	1	1
5 461	1 4689	1	1
5 462	7 2681	1	1
5 462	4 1012	1	1
5 462	0 1661	1	1
5 462	4 4195	1	1
5 462	3 3814	1	1
5 462	2 4732	1	1
5 463	4 1213	1	1
5 463	1 3362	1	1
5 463	0 362	1	1
5 463	2 3005	1	1
5 463	1 656	1	1
5 463	6 3528	1	1
5 464	1 398	1	1
5 464	1 2878	1	1
5 464	4 3874	1	1
5 464	2 1255	1	1
5 464	6 4503	1	1
5 464	4 3672	1	1
5 465	5 3951	1	1
5 465	2 3249	1	1
5 465	0 2772	1	1
5 465	7 4965	1	1
5 465	2 4636	1	1
5 465	3 2113	1	1
5 466	1 149	1	1
5 466	7 4525	1	1
5 466	3 4073	1	1
5 466	6 2047	1	1
5 466	6 4169	1	1
5 466	0 3150	1	1
5 467	1 4257	1	1
5 467	1 4764	1	1
5 467	3 3795	1	1
5 467	1 4168	1	1
5 467	7 2542	1	1
5 467	4 1072	1	1
5 468	6 4158	1	1
5 468	4 1991	1	1
5 468	3 1401	1	1
5 468	4 4842	1	1
5 468	1 2140	1	1
5 468	6 2905	1	1
5 469	3 3941	1	1
5 469	4 4630	1	1
5 469	2 4842	1	1
5 469	2 3185	1	1
5 469	2 1703	1	1
5 469	7 1825	1	1
5 470	4 1458	1	1
5 470	6 2102	1	1
5 470	4 80	1	1
5 470	4 4940	1	1
5 470	7 1710	1	1
5 470	4 3360	1	1
5 471	0 432	1	1
5 471	7 4574	1	1
5 471	4 167	1	1
5 471	6 1116	1	1
5 471	2 4051	1	1
5 471	0 3291	1	1
5 472	5 3938	1	1
5 472	6 1889	1	1
5 472	1 3281	1	1
5 472	1 3729	1	1
5 472	2 2131	1	1
5 472	4 2670	1	1
5 473	4 2680	1	1
5 473	6 3581	1	1
5 473	2 2629	1	1
5 473	1 2260	1	1
5 473	4 3864	1	1
5 473	6 67	1	1
5 474	5 1722	1	1
5 474	5 2144	1	1
5 474	1 2515	1	1
5 474	2 2247	1	1
5 474	3 2269	1	1
5 474	1 127	1	1
5 475	2 2859	1	1
5 475	2 411	1	1
5 475	0 1387	1	1
5 475	7 1831	1	1
5 475	7 2455	1	1
5 475	6 3994	1	1
5 476	5 2709	1	1
5 476	7 3240	1	1
5 476	6 3532	1	1
5 476	6 3853	1	1
5 476	2 1299	1	1
5 476	3 24	1	1
5 477	5 427	1	1
5 477	7 3730	1	1
5 477	7 2500	1	1
5 477	0 4088	1	1
5 477	1 3499	1	1
5 477	7 1755	1	1
5 478	5 1686	1	1
5 478	5 3486	1	1
5 478	3 2648	1	1
5 478	2 3847	1	1
5 478	6 3294	1	1
5 478	1 4803	1	1
5 479	4 1566	1	1
5 479	3 4920	1	1
5 479	2 2132	1	1
5 479	4 3707	1	1
5 479	6 2945	1	1
5 479	2 390	1	1
5 480	6 1687	1	1
5 480	0 976	1	1
5 480	3 865	1	1
5 480	6 4491	1	1
5 480	3 4431	1	1
5 480	7 3593	1	1
5 481	1 3469	1	1
5 481	0 4837	1	1
5 481	3 1920	1	1
5 481	4 4480	1	1
5 481	1 1500	1	1
5 481	2 4246	1	1
5 482	5 4418	1	1
5 482	1 815	1	1
5 482	1 461	1	1
5 482	6 3953	1	1
5 482	6 4215	1	1
5 482	0 1123	1	1
5 483	5 3617	1	1
5 483	5 15	1	1
5 483	3 2920	1	1
5 483	3 840	1	1
5 483	3 4426	1	1
5 483	1 4504	1	1
5 484	2 4984	1	1
5 484	0 1999	1	1
5 484	2 2821	1	1
5 484	0 4036	1	1
5 484	4 3005	1	1
5 484	7 1885	1	1
5 485	3 2528	1	1
5 485	7 1657	1	1
5 485	1 3706	1	1
5 485	0 848	1	1
5 485	7 4493	1	1
5 485	1 157	1	1
5 486	5 914	1	1
5 486	0 2950	1	1
5 486	2 3866	1	1
5 486	6 3048	1	1
5 486	7 1499	1	1
5 486	2 3900	1	1
5 487	5 3124	1	1
5 487	6 2473	1	1
5 487	6 1167	1	1
5 487	6 1535	1	1
5 487	2 4556	1	1
5 487	3 765	1	1
5 488	5 1708	1	1
5 488	0 2568	1	1
5 488	6 1669	1	1
5 488	6 4574	1	1
5 488	6 1988	1	1
5 488	7 662	1	1
5 489	5 3670	1	1
5 489	5 1069	1	1
5 489	5 2963	1	1
5 489	6 3454	1	1
5 489	6 4723	1	1
5 489	4 1084	1	1
5 490	6 3254	1	1
5 490	6 4392	1	1
5 490	6 1852	1	1
5 490	4 4555	1	1
5 490	3 3128	1	1
5 490	7 170	1	1
5 491	5 3410	1	1
5 491	1 4429	1	1
5 491	3 4139	1	1
5 491	6 3799	1	1
5 491	3 4768	1	1
5 491	0 1909	1	1
5 492	0 799	1	1
5 492	1 2062	1	1
5 492	1 3488	1	1
5 492	0 2981	1	1
5 492	3 3862	1	1
5 492	6 2972	1	1
5 493	0 1115	1	1
5 493	4 4647	1	1
5 493	0 27	1	1
5 493	3 1610	1	1
5 493	0 728	1	1
5 493	6 421	1	1
5 494	5 3657	1	1
5 494	6 2788	1	1
5 494	4 4426	1	1
5 494	2 4754	1	1
5 494	0 333	1	1
5 494	0 3421	1	1
5 495	5 4977	1	1
5 495	5 3196	1	1
5 495	1 1101	1	1
5 495	4 1160	1	1
5 495	4 1871	1	1
5 495	6 4275	1	1
5 496	3 4893	1	1
5 496	4 2997	1	1
5 496	6 1861	1	1
5 496	0 1881	1	1
5 496	7 1453	1	1
5 496	6 1774	1	1
5 497	5 4360	1	1
5 497	2 4373	1	1
5 497	7 2807	1	1
5 497	6 3283	1	1
5 497	0 2243	1	1
5 497	1 771	1	1
5 498	0 3622	1	1
5 498	4 4368	1	1
5 498	6 648	1	1
5 498	3 3631	1	1
5 498	1 3663	1	1
5 498	3 1253	1	1
5 499	2 1216	1	1
5 499	3 159	1	1
5 499	3 3219	1	1
5 499	3 66	1	1
5 499	0 2163	1	1
5 499	0 736	1	1
5 500	2 691	1	1
5 500	0 3679	1	1
5 500	1 298	1	1
5 500	7 2206	1	1
5 500	4 3498	1	1
5 500	3 1695	1	1
5 501	2 905	1	1
5 501	2 407	1	1
5 501	1 58	1	1
5 501	2 3882	1	1
5 501	2 2827	1	1
5 501	1 4138	1	1
5 502	0 4557	1	1
5 502	6 3527	1	1
5 502	0 783	1	1
5 502	2 3101	1	1
5 502	3 2225	1	1
5 502	2 1634	1	1
5 503	5 3250	1	1
5 503	3 3942	1	1
5 503	3 2843	1	1
5 503	0 4068	1	1
5 503	3 4846	1	1
5 503	2 4973	1	1
5 504	4 4738	1	1
5 504	3 233	1	1
5 504	6 1255	1	1
5 504	6 393	1	1
5 504	1 2742	1	1
5 504	3 320	1	1
5 505	5 571	1	1
5 505	7 5	1	1
5 505	6 1056	1	1
5 505	2 4010	1	1
5 505	3 4264	1	1
5 505	1 4	1	1
5 506	5 4170	1	1
5 506	5 4289	1	1
5 506	0 4048	1	1
5 506	4 3002	1	1
5 506	1 1433	1	1
5 506	1 1886	1	1
5 507	5 1649	1	1
5 507	5 439	1	1
5 507	5 2344	1	1
5 507	2 3369	1	1
5 507	1 3420	1	1
5 507	7 3401	1	1
5 508	5 490	1	1
5 508	6 3454	1	1
5 508	6 1303	1	1
5 508	2 3511	1	1
5 508	2 3095	1	1
5 508	2 1915	1	1
5 509	5 4057	1	1
5 509	5 661	1	1
5 509	1 3233	1	1
5 509	0 3792	1	1
5 509	4 1007	1	1
5 509	6 2720	1	1
5 510	5 1675	1	1
5 510	4 1090	1	1
5 510	1 329	1	1
5 510	4 3073	1	1
5 510	3 2923	1	1
5 510	4 1088	1	1
5 511	5 4841	1	1
5 511	6 4177	1	1
5 511	7 3731	1	1
5 511	6 3605	1	1
5 511	2 4773	1	1
5 511	4 3012	1	1
5 512	6 866	1	1
5 512	3 1820	1	1
5 512	6 777	1	1
5 512	1 3052	1	1
5 512	0 3042	1	1
5 512	3 3791	1	1
5 513	3 77	1	1
5 513	1 4573	1	1
5 513	3 3596	1	1
5 513	0 3587	1	1
5 513	3 4400	1	1
5 513	4 4585	1	1
5 514	4 1897	1	1
5 514	2 4211	1	1
5 514	6 3537	1	1
5 514	4 3238	1	1
5 514	3 2383	1	1
5 514	4 52	1	1
5 515	5 4643	1	1
5 515	2 4115	1	1
5 515	1 490	1	1
5 515	2 1024	1	1
5 515	2 44	1	1
5 515	4 902	1	1
5 516	5 3638	1	1
5 516	0 3361	1	1
5 516	6 2313	1	1
5 516	2 2007	1	1
5 516	2 3732	1	1
5 516	4 3547	1	1
5 517	2 3820	1	1
5 517	4 2677	1	1
5 517	1 1507	1	1
5 517	4 4501	1	1
5 517	2 1006	1	1
5 517	0 2224	1	1
5 518	3 1704	1	1
5 518	6 4038	1	1
5 518	7 439	1	1
5 518	3 1795	1	1
5 518	2 2014	1	1
5 518	4 4927	1	1
5 519	7 3645	1	1
5 519	0 3785	1	1
5 519	6 2035	1	1
5 519	3 1265	1	1
5 519	3 1256	1	1
5 519	1 3899	1	1
5 520	2 2472	1	1
5 520	1 1396	1	1
5 520	0 428	1	1
5 520	0 3792	1	1
5 520	2 3207	1	1
5 520	1 1938	1	1
5 521	4 202	1	1
5 521	6 3589	1	1
5 521	4 2837	1	1
5 521	3 106	1	1
5 521	0 353	1	1
5 521	6 2235	1	1
5 522	5 3006	1	1
5 522	2 262	1	1
5 522	2 4365	1	1
5 522	3 3032	1	1
5 522	7 4344	1	1
5 522	6 2100	1	1
5 523	5 3240	1	1
5 523	5 4618	1	1
5 523	1 1361	1	1
5 523	7 445	1	1
5 523	6 2891	1	1
5 523	7 874	1	1
5 524	0 3015	1	1
5 524	4 288	1	1
5 524	4 3752	1	1
5 524	0 4938	1	1
5 524	4 2519	1	1
5 524	2 1679	1	1
5 525	5 2954	1	1
5 525	5 1097	1	1
5 525	0 3476	1	1
5 525	6 889	1	1
5 525	2 2214	1	1
5 525	6 3305	1	1
5 526	1 4432	1	1
5 526	1 1684	1	1
5 526	1 3416	1	1
5 526	6 2152	1	1
5 526	3 3337	1	1
5 526	2 132	1	1
5 527	6 2502	1	1
5 527	2 3820	1	1
5 527	3 2868	1	1
5 527	0 1259	1	1
5 527	0 2726	1	1
5 527	3 3055	1	1
5 528	5 1761	1	1
5 528	3 3627	1	1
5 528	2 1387	1	1
5 528	1 4989	1	1
5 528	7 597	1	1
5 528	0 3992	1	1
5 529	4 200	1	1
5 529	6 4421	1	1
5 529	1 2071	1	1
5 529	2 4243	1	1
5 529	7 3007	1	1
5 529	0 3117	1	1
5 530	3 4086	1	1
5 530	3 2432	1	1
5 530	0 353	1	1
5 530	2 2210	1	1
5 530	3 4134	1	1
5 530	6 2185	1	1
5 531	6 1113	1	1
5 531	2 2365	1	1
5 531	4 1022	1	1
5 531	0 3162	1	1
5 531	4 1987	1	1
5 531	6 4116	1	1
5 532	5 4977	1	1
5 532	6 592	1	1
5 532	1 309	1	1
5 532	2 3933	1	1
5 532	7 1341	1	1
5 532	0 4591	1	1
5 533	2 3762	1	1
5 533	1 1239	1	1
5 533	0 3586	1	1
5 533	3 1138	1	1
5 533	1 70	1	1
5 533	2 2153	1	1
5 534	5 1405	1	1
5 534	5 2521	1	1
5 534	0 1597	1	1
5 534	6 4203	1	1
5 534	6 4571	1	1
5 534	7 2129	1	1
5 535	5 4411	1	1
5 535	1 3233	1	1
5 535	6 1210	1	1
5 535	6 2365	1	1
5 535	0 2097	1	1
5 535	4 616	1	1
5 536	7 1114	1	1
5 536	0 1428	1	1
5 536	0 4450	1	1
5 536	6 2796	1	1
5 536	0 4359	1	1
5 536	3 2276	1	1
5 537	5 2530	1	1
5 537	7 4590	1	1
5 537	3 4568	1	1
5 537	2 3834	1	1
5 537	1 4680	1	1
5 537	0 4401	1	1
5 538	5 1336	1	1
5 538	5 1231	1	1
5 538	5 3734	1	1
5 538	6 3707	1	1
5 538	6 2819	1	1
5 538	7 3307	1	1
5 539	5 4612	1	1
5 539	3 3433	1	1
5 539	7 3427	1	1
5 539	2 3808	1	1
5 539	0 23	1	1
5 539	3 193	1	1
5 540	7 2510	1	1
5 540	0 1549	1	1
5 540	3 1050	1	1
5 540	3 2088	1	1
5 540	6 1710	1	1
5 540	0 4009	1	1
5 541	5 3873	1	1
5 541	4 2208	1	1
5 541	4 1613	1	1
5 541	7 666	1	1
5 541	7 212	1	1
5 541	2 4035	1	1
5 542	2 2932	1	1
5 542	6 4840	1	1
5 542	1 3046	1	1
5 542	2 2985	1	1
5 542	6 305	1	1
5 542	0 2398	1	1
5 543	4 4436	1	1
5 543	1 4785	1	1
5 543	6 3079	1	1
5 543	0 2258	1	1
5 543	3 3860	1	1
5 543	0 643	1	1
5 544	5 3911	1	1
5 544	7 1188	1	1
5 544	1 2498	1	1
5 544	7 2325	1	1
5 544	3 2935	1	1
5 544	2 951	1	1
5 545	5 3066	1	1
5 545	5 2041	1	1
5 545	7 2195	1	1
5 545	4 3507	1	1
5 545	2 2846	1	1
5 545	3 346	1	1
5 546	1 1439	1	1
5 546	1 2064	1	1
5 546	1 3346	1	1
5 546	4 2537	1	1
5 546	6 3158	1	1
5 546	4 3706	1	1
5 547	7 2178	1	1
5 547	6 2364	1	1
5 547	7 139	1	1
5 547	2 4937	1	1
5 547	3 2925	1	1
5 547	0 25	1	1
5 548	5 1637	1	1
5 548	5 4140	1	1
5 548	3 697	1	1
5 548	3 3203	1	1
5 548	6 4952	1	1
5 548	7 1341	1	1
5 549	4 3377	1	1
5 549	2 2630	1	1
5 549	3 2569	1	1
5 549	0 2302	1	1
5 549	4 3869	1	1
5 549	6 2192	1	1
5 550	5 4823	1	1
5 550	1 961	1	1
5 550	3 1114	1	1
5 550	7 4730	1	1
5 550	4 4963	1	1
5 550	6 3755	1	1
5 551	6 3968	1	1
5 551	0 3508	1	1
5 551	3 703	1	1
5 551	0 3929	1	1
5 551	1 3347	1	1
5 551	2 3715	1	1
5 552	5 4827	1	1
5 552	5 4564	1	1
5 552	4 4263	1	1
5 552	1 2279	1	1
5 552	0 3330	1	1
5 552	4 1632	1	1
5 553	5 2793	1	1
5 553	5 4343	1	1
5 553	6 2689	1	1
5 553	3 205	1	1
5 553	0 3111	1	1
5 553	1 2652	1	1
5 554	5 1910	1	1
5 554	1 1495	1	1
5 554	6 4231	1	1
5 554	0 2079	1	1
5 554	2 2968	1	1
5 554	7 111	1	1
5 555	5 3672	1	1
5 555	0 3965	1	1
5 555	3 1212	1	1
5 555	4 3180	1	1
5 555	7 3993	1	1
5 555	4 1556	1	1
5 556	5 1838	1	1
5 556	5 3419	1	1
5 556	5 4626	1	1
5 556	4 4022	1	1
5 556	3 327	1	1
5 556	0 406	1	1
5 557	1 4172	1	1
5 557	2 3835	1	1
5 557	2 4873	1	1
5 557	4 379	1	1
5 557	7 1476	1	1
5 557	6 1529	1	1
5 558	5 4041	1	1
5 558	5 4880	1	1
5 558	1 82	1	1
5 558	4 2395	1	1
5 558	1 290	1	1
5 558	2 639	1	1
5 559	5 4396	1	1
5 559	1 1435	1	1
5 559	0 4652	1	1
5 559	1 4003	1	1
5 559	3 4223	1	1
5 559	0 4791	1	1
5 560	3 971	1	1
5 560	7 1756	1	1
5 560	1 278	1	1
5 560	3 2603	1	1
5 560	3 4088	1	1
5 560	4 227	1	1
5 561	7 2727	1	1
5 561	4 3267	1	1
5 561	3 2635	1	1
5 561	0 3687	1	1
5 561	0 1361	1	1
5 561	4 3483	1	1
5 562	1 3176	1	1
5 562	2 3908	1	1
5 562	2 2954	1	1
5 562	2 3855	1	1
5 562	6 4538	1	1
5 562	0 639	1	1
5 563	2 178	1	1
5 563	1 1925	1	1
5 563	1 1179	1	1
5 563	6 1679	1	1
5 563	4 3901	1	1
5 563	3 4220	1	1
5 564	1 2774	1	1
5 564	3 4611	1	1
5 564	1 2650	1	1
5 564	7 3863	1	1
5 564	2 4098	1	1
5 564	4 1322	1	1
5 565	5 719	1	1
5 565	0 2467	1	1
5 565	3 1083	1	1
5 565	0 4262	1	1
5 565	4 3556	1	1
5 565	4 690	1	1
5 566	1 388	1	1
5 566	1 1841	1	1
5 566	3 4440	1	1
5 566	0 2327	1	1
5 566	7 3759	1	1
5 566	7 124	1	1
5 567	5 2279	1	1
5 567	7 1091	1	1
5 567	4 3293	1	1
5 567	2 1539	1	1
5 567	3 3308	1	1
5 567	7 4590	1	1
5 568	6 3899	1	1
5 568	7 2248	1	1
5 568	3 2295	1	1
5 568	4 956	1	1
5 568	2 2587	1	1
5 568	4 968	1	1
5 569	5 2005	1	1
5 569	2 537	1	1
5 569	4 400	1	1
5 569	6 346	1	1
5 569	6 2553	1	1
5 569	1 3461	1	1
5 570	2 827	1	1
5 570	3 2415	1	1
5 570	7 4620	1	1
5 570	4 570	1	1
5 570	3 2824	1	1
5 570	1 1941	1	1
5 571	3 2082	1	1
5 571	1 409	1	1
5 571	2 2279	1	1
5 571	6 2636	1	1
5 571	4 3865	1	1
5 571	0 4705	1	1
5 572	5 2707	1	1
5 572	2 3249	1	1
5 572	0 2004	1	1
5 572	6 1755	1	1
5 572	1 3267	1	1
5 572	3 4189	1	1
5 573	1 2131	1	1
5 573	4 4117	1	1
5 573	2 3902	1	1
5 573	7 4701	1	1
5 573	1 4848	1	1
5 573	6 2162	1	1
5 574	5 4705	1	1
5 574	6 2685	1	1
5 574	4 440	1	1
5 574	6 366	1	1
5 574	1 3783	1	1
5 574	3 2975	1	1
5 575	5 3275	1	1
5 575	3 3978	1	1
5 575	3 3174	1	1
5 575	4 2104	1	1
5 575	6 3723	1	1
5 575	0 1845	1	1
5 576	0 1379	1	1
5 576	3 4174	1	1
5 576	7 396	1	1
5 576	2 1262	1	1
5 576	6 4837	1	1
5 576	1 2268	1	1
5 577	5 560	1	1
5 577	5 4889	1	1
5 577	1 1897	1	1
5 577	1 675	1	1
5 577	4 3491	1	1
5 577	1 1985	1	1
5 578	1 2694	1	1
5 578	7 4993	1	1
5 578	0 2626	1	1
5 578	1 4211	1	1
5 578	3 4824	1	1
5 578	3 3986	1	1
5 579	5 4388	1	1
5 579	5 4494	1	1
5 579	2 948	1	1
5 579	6 2540	1	1
5 579	7 1635	1	1
5 579	0 3170	1	1
5 580	0 4471	1	1
5 580	0 1020	1	1
5 580	2 382	1	1
5 580	1 230	1	1
5 580	6 2743	1	1
5 580	6 4728	1	1
5 581	5 3049	1	1
5 581	3 53	1	1
5 581	2 4020	1	1
5 581	0 4729	1	1
5 581	0 285	1	1
5 581	3 1179	1	1
5 582	5 2361	1	1
5 582	5 4774	1	1
5 582	6 1174	1	1
5 582	6 864	1	1
5 582	7 3297	1	1
5 582	0 2201	1	1
5 583	5 545	1	1
5 583	5 4214	1	1
5 583	2 3007	1	1
5 583	7 2215	1	1
5 583	4 3184	1	1
5 583	2 1508	1	1
5 584	5 3459	1	1
5 584	5 524	1	1
5 584	0 3419	1	1
5 584	2 4089	1	1
5 584	2 735	1	1
5 584	7 1941	1	1
5 585	3 634	1	1
5 585	2 2976	1	1
5 585	1 723	1	1
5 585	7 2498	1	1
5 585	3 2697	1	1
5 585	4 2457	1	1
5 586	5 4093	1	1
5 586	5 3658	1	1
5 586	2 944	1	1
5 586	6 566	1	1
5 586	1 1042	1	1
5 586	0 4803	1	1
5 587	1 3525	1	1
5 587	4 506	1	1
5 587	0 4563	1	1
5 587	2 4819	1	1
5 587	0 3051	1	1
5 587	4 3226	1	1
5 588	5 4570	1	1
5 588	4 3115	1	1
5 588	3 475	1	1
5 588	0 3290	1	1
5 588	0 4063	1	1
5 588	1 3145	1	1
5 589	2 3014	1	1
5 589	6 341	1	1
5 589	0 2807	1	1
5 589	6 2704	1	1
5 589	4 4462	1	1
5 589	0 371	1	1
5 590	2 2594	1	1
5 590	7 4007	1	1
5 590	3 425	1	1
5 590	6 4651	1	1
5 590	1 88	1	1
5 590	0 4515	1	1
5 591	5 4483	1	1
5 591	6 2916	1	1
5 591	2 2388	1	1
5 591	1 2977	1	1
5 591	0 1834	1	1
5 591	1 3716	1	1
5 592	3 2618	1	1
5 592	3 3051	1	1
5 592	6 1147	1	1
5 592	2 2828	1	1
5 592	3 1741	1	1
5 592	3 4159	1	1
5 593	5 2053	1	1
5 593	0 1773	1	1
5 593	2 2911	1	1
5 593	7 2267	1	1
5 593	6 4737	1	1
5 593	0 320	1	1
5 594	3 1880	1	1
5 594	2 3647	1	1
5 594	4 4837	1	1
5 594	7 1782	1	1
5 594	2 2650	1	1
5 594	7 186	1	1
5 595	5 658	1	1
5 595	7 3512	1	1
5 595	3 704	1	1
5 595	0 1761	1	1
5 595	2 3590	1	1
5 595	2 4319	1	1
5 596	5 2661	1	1
5 596	2 492	1	1
5 596	0 1042	1	1
5 596	6 245	1	1
5 596	3 1036	1	1
5 596	4 291	1	1
5 597	1 936	1	1
5 597	7 1871	1	1
5 597	2 1751	1	1
5 597	0 4363	1	1
5 597	7 1086	1	1
5 597	7 4289	1	1
5 598	5 23	1	1
5 598	5 1892	1	1
5 598	3 194	1	1
5 598	0 381	1	1
5 598	1 4016	1	1
5 598	4 4363	1	1
5 599	6 1611	1	1
5 599	3 130	1	1
5 599	6 37	1	1
5 599	6 995	1	1
5 599	7 3528	1	1
5 599	6 779	1	1
5 600	5 808	1	1
5 600	6 3940	1	1
5 600	3 17	1	1
5 600	2 471	1	1
5 600	4 1700	1	1
5 600	2 3860	1	1
5 601	5 2082	1	1
5 601	5 4210	1	1
5 601	5 264	1	1
5 601	3 184	1	1
5 601	7 1015	1	1
5 601	6 3997	1	1
5 602	7 2408	1	1
5 602	7 2110	1	1
5 602	1 4253	1	1
5 602	4 4241	1	1
5 602	4 2891	1	1
5 602	3 2776	1	1
5 603	5 1658	1	1
5 603	7 239	1	1
5 603	0 4256	1	1
5 603	7 1734	1	1
5 603	3 3172	1	1
5 603	0 4349	1	1
5 604	5 3743	1	1
5 604	2 3395	1	1
5 604	2 3359	1	1
5 604	3 669	1	1
5 604	3 904	1	1
5 604	0 4391	1	1
5 605	3 1284	1	1
5 605	3 212	1	1
5 605	0 4517	1	1
5 605	0 3765	1	1
5 605	2 4338	1	1
5 605	0 4997	1	1
5 606	5 4387	1	1
5 606	5 908	1	1
5 606	2 662	1	1
5 606	1 154	1	1
5 606	1 3786	1	1
5 606	1 236	1	1
5 607	1 2044	1	1
5 607	7 3289	1	1
5 607	7 9	1	1
5 607	3 3278	1	1
5 607	0 4061	1	1
5 607	6 80	1	1
5 608	5 3968	1	1
5 608	7 4100	1	1
5 608	1 2861	1	1
5 608	2 1777	1	1
5 608	7 2715	1	1
5 608	7 1634	1	1
5 609	5 1442	1	1
5 609	0 2784	1	1
5 609	4 1894	1	1
5 609	4 983	1	1
5 609	2 1691	1	1
5 609	3 889	1	1
5 610	2 1377	1	1
5 610	2 3655	1	1
5 610	1 252	1	1
5 610	6 2671	1	1
5 610	0 1162	1	1
5 610	7 1100	1	1
5 611	5 3859	1	1
5 611	3 1285	1	1
5 611	6 2709	1	1
5 611	4 4268	1	1
5 611	6 2997	1	1
5 611	1 3535	1	1
5 612	7 3251	1	1
5 612	0 1953	1	1
5 612	2 3471	1	1
5 612	1 2560	1	1
5 612	4 3518	1	1
5 612	1 3945	1	1
5 613	2 2120	1	1
5 613	6 1975	1	1
5 613	4 2619	1	1
5 613	3 1764	1	1
5 613	7 261	1	1
5 613	6 77	1	1
5 614	5 3588	1	1
5 614	0 1513	1	1
5 614	0 2449	1	1
5 614	6 4955	1	1
5 614	0 1088	1	1
5 614	6 1994	1	1
5 615	5 873	1	1
5 615	5 137	1	1
5 615	1 2228	1	1
5 615	2 4422	1	1
5 615	2 2493	1	1
5 615	0 4045	1	1
5 616	5 4409	1	1
5 616	6 92	1	1
5 616	3 1727	1	1
5 616	4 146	1	1
5 616	7 2608	1	1
5 616	7 3508	1	1
5 617	5 3800	1	1
5 617	5 914	1	1
5 617	6 707	1	1
5 617	0 4480	1	1
5 617	3 1717	1	1
5 617	4 2854	1	1
5 618	1 4797	1	1
5 618	6 2151	1	1
5 618	1 3516	1	1
5 618	4 874	1	1
5 618	2 25	1	1
5 618	1 813	1	1
5 619	5 1212	1	1
5 619	1 3614	1	1
5 619	6 1132	1	1
5 619	2 1754	1	1
5 619	6 3829	1	1
5 619	7 683	1	1
5 620	5 3152	1	1
5 620	2 3271	1	1
5 620	4 4560	1	1
5 620	6 2098	1	1
5 620	4 2711	1	1
5 620	4 3275	1	1
5 621	5 1874	1	1
5 621	5 1153	1	1
5 621	5 407	1	1
5 621	2 3193	1	1
5 621	4 720	1	1
5 621	1 3362	1	1
5 622	5 796	1	1
5 622	0 3937	1	1
5 622	0 2265	1	1
5 622	2 3341	1	1
5 622	4 860	1	1
5 622	0 4433	1	1
5 623	5 2422	1	1
5 623	4 3080	1	1
5 623	4 493	1	1
5 623	4 4346	1	1
5 623	0 4998	1	1
5 623	1 2828	1	1
5 624	7 4198	1	1
5 624	0 3130	1	1
5 624	2 741	1	1
5 624	7 2056	1	1
5 624	2 4198	1	1
5 624	7 2244	1	1
5 625	5 1695	1	1
5 625	1 844	1	1
5 625	4 151	1	1
5 625	0 1942	1	1
5 625	1 3932	1	1
5 625	7 882	1	1
5 626	2 3709	1	1
5 626	0 3040	1	1
5 626	3 124	1	1
5 626	2 1608	1	1
5 626	7 927	1	1
5 626	2 4336	1	1
5 627	3 3050	1	1
5 627	7 4946	1	1
5 627	6 2237	1	1
5 627	3 2697	1	1
5 627	2 2316	1	1
5 627	6 4744	1	1
5 628	6 2996	1	1
5 628	1 298	1	1
5 628	0 4089	1	1
5 628	4 404	1	1
5 628	7 1820	1	1
5 628	0 2797	1	1
5 629	0 1021	1	1
5 629	4 4809	1	1
5 629	6 1552	1	1
5 629	1 1928	1	1
5 629	4 1828	1	1
5 629	6 2852	1	1
5 630	5 1551	1	1
5 630	7 3803	1	1
5 630	3 766	1	1
5 630	6 2048	1	1
5 630	6 1739	1	1
5 630	2 4518	1	1
5 631	5 3113	1	1
5 631	6 3554	1	1
5 631	7 4026	1	1
5 631	0 1615	1	1
5 631	0 2913	1	1
5 631	3 494	1	1
5 632	5 1234	1	1
5 632	5 2380	1	1
5 632	4 176	1	1
5 632	2 1081	1	1
5 632	0 1686	1	1
5 632	2 3720	1	1
5 633	6 4917	1	1
5 633	0 1142	1	1
5 633	3 1875	1	1
5 633	6 3035	1	1
5 633	4 3246	1	1
5 633	0 382	1	1
5 634	5 197	1	1
5 634	5 954	1	1
5 634	2 2096	1	1
5 634	3 4956	1	1
5 634	7 3220	1	1
5 634	7 605	1	1
5 635	6 574	1	1
5 635	3 1194	1	1
5 635	2 4027	1	1
5 635	4 1218	1	1
5 635	4 4958	1	1
5 635	7 2905	1	1
5 636	7 1645	1	1
5 636	1 1028	1	1
5 636	4 1751	1	1
5 636	0 3382	1	1
5 636	6 2870	1	1
5 636	4 516	1	1
5 637	5 792	1	1
5 637	7 3343	1	1
5 637	7 1738	1	1
5 637	2 3140	1	1
5 637	6 2973	1	1
5 637	0 2119	1	1
5 638	5 4849	1	1
5 638	3 373	1	1
5 638	7 4278	1	1
5 638	1 4089	1	1
5 638	6 1451	1	1
5 638	2 3783	1	1
5 639	5 1623	1	1
5 639	3 2657	1	1
5 639	4 3945	1	1
5 639	2 3494	1	1
5 639	7 4822	1	1
5 639	3 4485	1	1
5 640	5 4014	1	1
5 640	7 4053	1	1
5 640	3 444	1	1
5 640	0 3320	1	1
5 640	0 411	1	1
5 640	0 4820	1	1
5 641	5 3236	1	1
5 641	6 4383	1	1
5 641	6 444	1	1
5 641	0 4277	1	1
5 641	0 1347	1	1
5 641	0 302	1	1
5 642	4 4484	1	1
5 642	0 2604	1	1
5 642	0 4910	1	1
5 642	7 4035	1	1
5 642	0 1249	1	1
5 642	0 2309	1	1
5 643	2 3444	1	1
5 643	0 3383	1	1
5 643	0 3790	1	1
5 643	6 658	1	1
5 643	3 1951	1	1
5 643	1 2793	1	1
5 644	5 1099	1	1
5 644	1 187	1	1
5 644	7 4340	1	1
5 644	7 3191	1	1
5 644	1 1326	1	1
5 644	4 2402	1	1
5 645	5 1477	1	1
5 645	0 1050	1	1
5 645	3 2163	1	1
5 645	1 139	1	1
5 645	1 1294	1	1
5 645	7 3865	1	1
5 646	6 4893	1	1
5 646	2 2442	1	1
5 646	0 4714	1	1
5 646	4 351	1	1
5 646	6 581	1	1
5 646	2 3494	1	1
5 647	5 4621	1	1
5 647	5 946	1	1
5 647	0 476	1	1
5 647	6 3156	1	1
5 647	7 2846	1	1
5 647	7 3782	1	1
5 648	5 2981	1	1
5 648	0 1487	1	1
5 648	1 2686	1	1
5 648	4 4211	1	1
5 648	1 1070	1	1
5 648	2 3588	1	1
5 649	5 900	1	1
5 649	3 3550	1	1
5 649	3 922	1	1
5 649	2 960	1	1
5 649	2 3850	1	1
5 649	0 3840	1	1
5 650	1 1549	1	1
5 650	7 2798	1	1
5 650	7 4189	1	1
5 650	7 1235	1	1
5 650	7 626	1	1
5 650	3 4015	1	1
5 651	5 371	1	1
5 651	5 4456	1	1
5 651	5 3814	1	1
5 651	5 4112	1	1
5 651	4 3354	1	1
5 651	1 2701	1	1
5 652	5 2300	1	1
5 652	5 3600	1	1
5 652	4 315	1	1
5 652	3 1849	1	1
5 652	2 2136	1	1
5 652	7 567	1	1
5 653	0 1190	1	1
5 653	0 4002	1	1
5 653	7 3846	1	1
5 653	2 2846	1	1
5 653	7 3593	1	1
5 653	6 946	1	1
5 654	2 2129	1	1
5 654	1 691	1	1
5 654	3 2381	1	1
5 654	2 1967	1	1
5 654	3 2912	1	1
5 654	2 2005	1	1
5 655	2 3352	1	1
5 655	1 3297	1	1
5 655	0 2585	1	1
5 655	2 3270	1	1
5 655	7 1207	1	1
5 655	7 371	1	1
5 656	3 2111	1	1
5 656	2 314	1	1
5 656	3 1372	1	1
5 656	4 4942	1	1
5 656	3 568	1	1
5 656	6 44	1	1
5 657	5 4791	1	1
5 657	1 4461	1	1
5 657	3 2036	1	1
5 657	3 3088	1	1
5 657	2 688	1	1
5 657	3 3599	1	1
5 658	5 4905	1	1
5 658	2 4989	1	1
5 658	0 2695	1	1
5 658	3 2413	1	1
5 658	0 3270	1	1
5 658	7 1824	1	1
5 659	5 4793	1	1
5 659	5 1845	1	1
5 659	5 3769	1	1
5 659	2 2444	1	1
5 659	3 834	1	1
5 659	2 1839	1	1
5 660	2 2608	1	1
5 660	6 1442	1	1
5 660	6 1358	1	1
5 660	4 542	1	1
5 660	1 2814	1	1
5 660	1 4581	1	1
5 661	1 2304	1	1
5 661	3 2346	1	1
5 661	7 725	1	1
5 661	0 666	1	1
5 661	2 2261	1	1
5 661	2 4168	1	1
5 662	5 3978	1	1
5 662	1 383	1	1
5 662	6 887	1	1
5 662	7 700	1	1
5 662	4 4015	1	1
5 662	6 667	1	1
5 663	4 474	1	1
5 663	7 1370	1	1
5 663	2 1177	1	1
5 663	0 2974	1	1
5 663	4 4678	1	1
5 663	0 3744	1	1
5 664	3 4922	1	1
5 664	7 3009	1	1
5 664	3 3628	1	1
5 664	4 996	1	1
5 664	3 1974	1	1
5 664	2 1423	1	1
5 665	4 282	1	1
5 665	6 4003	1	1
5 665	4 4779	1	1
5 665	0 1575	1	1
5 665	7 4272	1	1
5 665	4 4764	1	1
5 666	1 17	1	1
5 666	1 2726	1	1
5 666	6 2647	1	1
5 666	6 1069	1	1
5 666	0 4609	1	1
5 666	7 2176	1	1
5 667	2 648	1	1
5 667	3 1662	1	1
5 667	4 3878	1	1
5 667	4 3502	1	1
5 667	4 1858	1	1
5 667	0 1736	1	1
5 668	5 206	1	1
5 668	5 2517	1	1
5 668	0 1040	1	1
5 668	2 2744	1	1
5 668	1 4085	1	1
5 668	0 769	1	1
5 669	5 975	1	1
5 669	5 851	1	1
5 669	7 2687	1	1
5 669	7 3562	1	1
5 669	4 1944	1	1
5 669	4 2928	1	1
5 670	4 2089	1	1
5 670	1 1465	1	1
5 670	4 2667	1	1
5 670	2 4787	1	1
5 670	1 4023	1	1
5 670	7 3649	1	1
5 671	5 1893	1	1
5 671	6 949	1	1
5 671	2 2784	1	1
5 671	3 1994	1	1
5 671	0 3337	1	1
5 671	0 2223	1	1
5 672	1 2792	1	1
5 672	0 3881	1	1
5 672	2 1281	1	1
5 672	0 299	1	1
5 672	0 2931	1	1
5 672	2 1051	1	1
5 673	0 1554	1	1
5 673	4 2475	1	1
5 673	0 4339	1	1
5 673	0 2762	1	1
5 673	2 2051	1	1
5 673	3 3437	1	1
5 674	3 1843	1	1
5 674	2 1902	1	1
5 674	1 2694	1	1
5 674	2 3291	1	1
5 674	3 1157	1	1
5 674	6 2410	1	1
5 675	5 3432	1	1
5 675	7 2394	1	1
5 675	6 1465	1	1
5 675	6 3139	1	1
5 675	0 4547	1	1
5 675	4 3350	1	1
5 676	1 4282	1	1
5 676	1 4586	1	1
5 676	4 2110	1	1
5 676	1 1627	1	1
5 676	0 2259	1	1
5 676	0 24	1	1
5 677	5 558	1	1
5 677	4 999	1	1
5 677	0 3158	1	1
5 677	7 3506	1	1
5 677	6 4469	1	1
5 677	2 2016	1	1
5 678	5 4683	1	1
5 678	0 3189	1	1
5 678	4 4412	1	1
5 678	0 4354	1	1
5 678	4 1734	1	1
5 678	7 2774	1	1
5 679	4 1752	1	1
5 679	0 3096	1	1
5 679	7 3882	1	1
5 679	1 1362	1	1
5 679	0 4400	1	1
5 679	1 990	1	1
5 680	5 3838	1	1
5 680	2 4933	1	1
5 680	1 2350	1	1
5 680	1 533	1	1
5 680	2 1954	1	1
5 680	2 3341	1	1
5 681	5 4966	1	1
5 681	5 741	1	1
5 681	2 2002	1	1
5 681	1 2562	1	1
5 681	0 2793	1	1
5 681	3 4040	1	1
5 682	7 67	1	1
5 682	4 3629	1	1
5 682	3 3599	1	1
5 682	6 2609	1	1
5 682	2 4449	1	1
5 682	3 1150	1	1
5 683	7 1824	1	1
5 683	1 3481	1	1
5 683	3 1312	1	1
5 683	1 841	1	1
5 683	3 4925	1	1
5 683	2 2356	1	1
5 684	5 4781	1	1
5 684	5 4906	1	1
5 684	3 132	1	1
5 684	6 572	1	1
5 684	2 4807	1	1
5 684	3 1843	1	1
5 685	5 2610	1	1
5 685	3 3053	1	1
5 685	2 4851	1	1
5 685	6 4951	1	1
5 685	2 764	1	1
5 685	2 3541	1	1
5 686	5 4693	1	1
5 686	4 2602	1	1
5 686	0 2721	1	1
5 686	2 1364	1	1
5 686	4 3936	1	1
5 686	6 1714	1	1
5 687	5 3643	1	1
5 687	5 4796	1	1
5 687	4 3187	1	1
5 687	6 201	1	1
5 687	1 181	1	1
5 687	2 1361	1	1
5 688	5 2709	1	1
5 688	4 1304	1	1
5 688	3 2568	1	1
5 688	3 2486	1	1
5 688	7 2032	1	1
5 688	4 4687	1	1
5 689	2 3298	1	1
5 689	1 4737	1	1
5 689	1 1616	1	1
5 689	2 2535	1	1
5 689	1 3108	1	1
5 689	0 3592	1	1
5 690	1 3912	1	1
5 690	7 4559	1	1
5 690	6 3044	1	1
5 690	2 931	1	1
5 690	2 807	1	1
5 690	6 2770	1	1
5 691	6 652	1	1
5 691	3 2473	1	1
5 691	7 1848	1	1
5 691	6 1196	1	1
5 691	6 1875	1	1
5 691	7 1757	1	1
5 692	5 3414	1	1
5 692	5 4516	1	1
5 692	2 2935	1	1
5 692	2 3835	1	1
5 692	3 2572	1	1
5 692	4 177	1	1
5 693	5 1673	1	1
5 693	6 3130	1	1
5 693	1 749	1	1
5 693	7 4247	1	1
5 693	3 1753	1	1
5 693	3 729	1	1
5 694	0 3768	1	1
5 694	0 3332	1	1
5 694	0 4005	1	1
5 694	0 3924	1	1
5 694	2 1375	1	1
5 694	2 293	1	1
5 695	0 2294	1	1
5 695	3 4367	1	1
5 695	7 2566	1	1
5 695	1 3826	1	1
5 695	1 3062	1	1
5 695	0 2040	1	1
5 696	3 856	1	1
5 696	4 273	1	1
5 696	4 1395	1	1
5 696	0 3565	1	1
5 696	0 3521	1	1
5 696	1 2504	1	1
5 697	5 73	1	1
5 697	7 1143	1	1
5 697	1 893	1	1
5 697	6 2349	1	1
5 697	0 3163	1	1
5 697	2 2364	1	1
5 698	6 3918	1	1
5 698	3 4941	1	1
5 698	1 3973	1	1
5 698	7 3587	1	1
5 698	2 2614	1	1
5 698	4 3686	1	1
5 699	0 600	1	1
5 699	0 2410	1	1
5 699	3 480	1	1
5 699	0 4116	1	1
5 699	0 1131	1	1
5 699	4 1639	1	1
5 700	5 4541	1	1
5 700	0 4304	1	1
5 700	6 2956	1	1
5 700	6 885	1	1
5 700	0 1623	1	1
5 700	4 353	1	1
5 701	5 2998	1	1
5 701	6 2255	1	1
5 701	6 2597	1	1
5 701	7 2632	1	1
5 701	6 1007	1	1
5 701	1 4030	1	1
5 702	5 3437	1	1
5 702	5 3300	1	1
5 702	5 762	1	1
5 702	0 3249	1	1
5 702	1 4246	1	1
5 702	0 1532	1	1
5 703	6 4951	1	1
5 703	3 1590	1	1
5 703	7 3223	1	1
5 703	1 3209	1	1
5 703	7 799	1	1
5 703	3 4006	1	1
5 704	5 2760	1	1
5 704	2 932	1	1
5 704	4 4917	1	1
5 704	6 3507	1	1
5 704	7 3911	1	1
5 704	2 2917	1	1
5 705	6 1649	1	1
5 705	6 3529	1	1
5 705	1 1818	1	1
5 705	2 555	1	1
5 705	4 3375	1	1
5 705	0 3668	1	1
5 706	0 2247	1	1
5 706	7 124	1	1
5 706	1 2258	1	1
5 706	2 4173	1	1
5 706	0 4161	1	1
5 706	7 631	1	1
5 707	7 373	1	1
5 707	1 4067	1	1
5 707	1 4602	1	1
5 707	6 4335	1	1
5 707	0 230	1	1
5 707	3 3226	1	1
5 708	5 2222	1	1
5 708	6 3410	1	1
5 708	0 2219	1	1
5 708	1 3348	1	1
5 708	1 3772	1	1
5 708	7 2026	1	1
5 709	5 4881	1	1
5 709	0 2725	1	1
5 709	2 2115	1	1
5 709	2 3947	1	1
5 709	2 334	1	1
5 709	4 1347	1	1
5 710	5 1445	1	1
5 710	3 3867	1	1
5 710	7 3187	1	1
5 710	1 1809	1	1
5 710	7 3265	1	1
5 710	6 3113	1	1
5 711	3 1456	1	1
5 711	3 3103	1	1
5 711	2 2449	1	1
5 711	1 546	1	1
5 711	3 2759	1	1
5 711	4 1068	1	1
5 712	7 2403	1	1
5 712	1 55	1	1
5 712	3 4713	1	1
5 712	3 1959	1	1
5 712	3 3751	1	1
5 712	6 3257	1	1
5 713	7 1797	1	1
5 713	1 4382	1	1
5 713	7 1088	1	1
5 713	3 4132	1	1
5 713	3 4314	1	1
5 713	0 396	1	1
5 714	5 82	1	1
5 714	5 4882	1	1
5 714	6 3278	1	1
5 714	3 2236	1	1
5 714	6 2158	1	1
5 714	1 3502	1	1
5 715	3 877	1	1
5 715	7 4992	1	1
5 715	1 2081	1	1
5 715	2 4035	1	1
5 715	6 1647	1	1
5 715	7 546	1	1
5 716	5 1269	1	1
5 716	6 3657	1	1
5 716	3 3566	1	1
5 716	1 3900	1	1
5 716	7 3747	1	1
5 716	6 2778	1	1
5 717	7 4813	1	1
5 717	7 3016	1	1
5 717	7 4584	1	1
5 717	3 2552	1	1
5 717	2 1684	1	1
5 717	1 1548	1	1
5 718	5 1705	1	1
5 718	4 1428	1	1
5 718	7 4215	1	1
5 718	7 1661	1	1
5 718	7 1913	1	1
5 718	1 2226	1	1
5 719	7 2624	1	1
5 719	6 2033	1	1
5 719	1 2950	1	1
5 719	3 3892	1	1
5 719	1 1295	1	1
5 719	2 3300	1	1
5 720	1 3620	1	1
5 720	4 3770	1	1
5 720	6 3851	1	1
5 720	2 1054	1	1
5 720	2 373	1	1
5 720	3 119	1	1
5 721	7 4689	1	1
5 721	2 2788	1	1
5 721	7 4798	1	1
5 721	2 2293	1	1
5 721	3 4149	1	1
5 721	4 1198	1	1
5 722	5 3519	1	1
5 722	4 2163	1	1
5 722	3 3271	1	1
5 722	1 614	1	1
5 722	4 3149	1	1
5 722	0 4298	1	1
5 723	5 2979	1	1
5 723	2 3363	1	1
5 723	7 1267	1	1
5 723	4 3818	1	1
5 723	6 2495	1	1
5 723	7 420	1	1
5 724	4 4266	1	1
5 724	1 721	1	1
5 724	4 4818	1	1
5 724	2 4529	1	1
5 724	6 4346	1	1
5 724	1 2654	1	1
5 725	5 1900	1	1
5 725	3 4930	1	1
5 725	6 338	1	1
5 725	1 2896	1	1
5 725	0 1430	1	1
5 725	6 3468	1	1
5 726	6 4008	1	1
5 726	1 2252	1	1
5 726	1 4088	1	1
5 726	3 3676	1	1
5 726	7 1340	1	1
5 726	3 4472	1	1
5 727	7 2146	1	1
5 727	3 4046	1	1
5 727	4 4875	1	1
5 727	6 2939	1	1
5 727	6 2522	1	1
5 727	6 3884	1	1
5 728	5 3918	1	1
5 728	5 3805	1	1
5 728	4 167	1	1
5 728	7 987	1	1
5 728	3 504	1	1
5 728	3 359	1	1
5 729	7 3582	1	1
5 729	4 2548	1	1
5 729	2 589	1	1
5 729	7 1129	1	1
5 729	2 149	1	1
5 729	3 4896	1	1
5 730	5 2567	1	1
5 730	3 3716	1	1
5 730	0 4058	1	1
5 730	2 1021	1	1
5 730	6 4173	1	1
5 730	2 424	1	1
5 731	0 973	1	1
5 731	7 1186	1	1
5 731	1 2805	1	1
5 731	0 3722	1	1
5 731	3 1546	1	1
5 731	2 1575	1	1
5 732	1 1301	1	1
5 732	0 4379	1	1
5 732	0 612	1	1
5 732	6 23	1	1
5 732	3 3255	1	1
5 732	2 3124	1	1
5 733	2 852	1	1
5 733	2 2731	1	1
5 733	4 1117	1	1
5 733	0 1385	1	1
5 733	1 3730	1	1
5 733	0 1739	1	1
5 734	5 3914	1	1
5 734	7 1669	1	1
5 734	3 2385	1	1
5 734	6 672	1	1
5 734	2 260	1	1
5 734	0 3777	1	1
5 735	7 249	1	1
5 735	2 553	1	1
5 735	0 3172	1	1
5 735	7 3035	1	1
5 735	6 4864	1	1
5 735	4 3277	1	1
5 736	4 708	1	1
5 736	7 702	1	1
5 736	1 4752	1	1
5 736	0 2323	1	1
5 736	3 2608	1	1
5 736	0 3189	1	1
5 737	5 829	1	1
5 737	1 3091	1	1
5 737	2 4879	1	1
5 737	4 1001	1	1
5 737	7 2308	1	1
5 737	4 1850	1	1
5 738	5 595	1	1
5 738	3 3488	1	1
5 738	2 4458	1	1
5 738	7 2383	1	1
5 738	4 962	1	1
5 738	7 3710	1	1
5 739	5 932	1	1
5 739	5 3113	1	1
5 739	7 2013	1	1
5 739	0 403	1	1
5 739	7 2114	1	1
5 739	2 1603	1	1
5 740	5 2571	1	1
5 740	0 2581	1	1
5 740	4 1032	1	1
5 740	4 3772	1	1
5 740	0 3066	1	1
5 740	7 1093	1	1
5 741	5 1077	1	1
5 741	5 1785	1	1
5 741	1 4963	1	1
5 741	0 70	1	1
5 741	6 4165	1	1
5 741	4 480	1	1
5 742	5 4305	1	1
5 742	3 109	1	1
5 742	2 196	1	1
5 742	4 3019	1	1
5 742	1 1017	1	1
5 742	4 4719	1	1
5 743	3 4879	1	1
5 743	2 233	1	1
5 743	0 2900	1	1
5 743	0 2354	1	1
5 743	7 2526	1	1
5 743	0 1041	1	1
5 744	5 1663	1	1
5 744	5 3044	1	1
5 744	5 797	1	1
5 744	2 3680	1	1
5 744	2 3389	1	1
5 744	3 4892	1	1
5 745	5 2740	1	1
5 745	1 2399	1	1
5 745	3 3151	1	1
5 745	7 4954	1	1
5 745	3 3266	1	1
5 745	2 2819	1	1
5 746	6 4470	1	1
5 746	2 495	1	1
5 746	4 4213	1	1
5 746	4 1210	1	1
5 746	0 4517	1	1
5 746	4 2447	1	1
5 747	5 2141	1	1
5 747	4 1774	1	1
5 747	1 3337	1	1
5 747	0 923	1	1
5 747	0 2626	1	1
5 747	3 314	1	1
5 748	5 854	1	1
5 748	6 2872	1	1
5 748	4 3805	1	1
5 748	2 2236	1	1
5 748	7 3060	1	1
5 748	2 2015	1	1
5 749	5 509	1	1
5 749	5 2352	1	1
5 749	6 1124	1	1
5 749	2 4162	1	1
5 749	0 3785	1	1
5 749	4 2553	1	1
5 750	1 3199	1	1
5 750	1 96	1	1
5 750	3 1938	1	1
5 750	0 4852	1	1
5 750	6 3741	1	1
5 750	3 3790	1	1
5 751	5 1029	1	1
5 751	3 4969	1	1
5 751	7 4440	1	1
5 751	6 2286	1	1
5 751	4 448	1	1
5 751	2 4019	1	1
5 752	0 4166	1	1
5 752	1 1056	1	1
5 752	7 2512	1	1
5 752	7 3166	1	1
5 752	6 1647	1	1
5 752	3 532	1	1
5 753	0 3124	1	1
5 753	1 691	1	1
5 753	7 1076	1	1
5 753	3 4810	1	1
5 753	6 2493	1	1
5 753	1 4406	1	1
5 754	5 2029	1	1
5 754	3 4515	1	1
5 754	0 747	1	1
5 754	7 1067	1	1
5 754	6 4628	1	1
5 754	4 4523	1	1
5 755	0 3361	1	1
5 755	1 1802	1	1
5 755	0 3087	1	1
5 755	6 3991	1	1
5 755	1 3001	1	1
5 755	6 4213	1	1
5 756	5 635	1	1
5 756	5 4248	1	1
5 756	6 1847	1	1
5 756	0 1043	1	1
5 756	0 1901	1	1
5 756	6 8	1	1
5 757	5 698	1	1
5 757	5 4174	1	1
5 757	2 1793	1	1
5 757	1 4437	1	1
5 757	7 1014	1	1
5 757	2 1932	1	1
5 758	5 3438	1	1
5 758	1 4099	1	1
5 758	4 786	1	1
5 758	2 1570	1	1
5 758	2 1571	1	1
5 758	7 3375	1	1
5 759	5 2190	1	1
5 759	5 551	1	1
5 759	2 1076	1	1
5 759	7 352	1	1
5 759	6 64	1	1
5 759	4 4859	1	1
5 760	5 1714	1	1
5 760	5 3009	1	1
5 760	0 1004	1	1
5 760	2 1115	1	1
5 760	2 4545	1	1
5 760	3 3500	1	1
5 761	7 2332	1	1
5 761	0 278	1	1
5 761	6 2788	1	1
5 761	2 266	1	1
5 761	3 4241	1	1
5 761	6 1639	1	1
5 762	0 4301	1	1
5 762	4 3278	1	1
5 762	2 3717	1	1
5 762	4 4961	1	1
5 762	6 1356	1	1
5 762	0 1237	1	1
5 763	5 946	1	1
5 763	6 768	1	1
5 763	2 4020	1	1
5 763	7 1343	1	1
5 763	4 1557	1	1
5 763	7 2074	1	1
5 764	3 3129	1	1
5 764	3 896	1	1
5 764	3 4638	1	1
5 764	1 979	1	1
5 764	3 1975	1	1
5 764	7 4344	1	1
5 765	5 4154	1	1
5 765	5 763	1	1
5 765	7 1836	1	1
5 765	4 1144	1	1
5 765	3 2313	1	1
5 765	4 4924	1	1
5 766	5 3230	1	1
5 766	5 2761	1	1
5 766	5 2169	1	1
5 766	0 814	1	1
5 766	2 2451	1	1
5 766	2 1063	1	1
5 767	0 4836	1	1
5 767	2 1019	1	1
5 767	4 3729	1	1
5 767	4 1038	1	1
5 767	4 2085	1	1
5 767	2 3891	1	1
5 768	7 1608	1	1
5 768	0 2877	1	1
5 768	6 2627	1	1
5 768	0 4911	1	1
5 768	6 3623	1	1
5 768	6 4782	1	1
5 769	7 2334	1	1
5 769	2 3310	1	1
5 769	0 3311	1	1
5 769	0 1712	1	1
5 769	1 2446	1	1
5 769	6 4299	1	1
5 770	3 2739	1	1
5 770	1 3623	1	1
5 770	2 1812	1	1
5 770	1 3415	1	1
5 770	0 2336	1	1
5 770	7 3497	1	1
5 771	5 4943	1	1
5 771	7 4166	1	1
5 771	4 2075	1	1
5 771	7 4922	1	1
5 771	6 2820	1	1
5 771	4 1289	1	1
5 772	6 2555	1	1
5 772	7 2708	1	1
5 772	2 2444	1	1
5 772	0 1692	1	1
5 772	2 4721	1	1
5 772	1 3952	1	1
5 773	2 2558	1	1
5 773	1 4713	1	1
5 773	1 2405	1	1
5 773	2 2186	1	1
5 773	4 1190	1	1
5 773	7 3715	1	1
5 774	3 3363	1	1
5 774	1 1354	1	1
5 774	6 3704	1	1
5 774	4 1826	1	1
5 774	7 773	1	1
5 774	1 763	1	1
5 775	5 729	1	1
5 775	4 4531	1	1
5 775	7 4385	1	1
5 775	6 2756	1	1
5 775	2 1740	1	1
5 775	6 3793	1	1
5 776	7 646	1	1
5 776	3 1582	1	1
5 776	4 1486	1	1
5 776	6 1783	1	1
5 776	6 1195	1	1
5 776	7 1351	1	1
5 777	5 90	1	1
5 777	4 3402	1	1
5 777	2 1783	1	1
5 777	1 2513	1	1
5 777	7 4557	1	1
5 777	1 3401	1	1
5 778	5 1514	1	1
5 778	6 2629	1	1
5 778	4 1803	1	1
5 778	0 2730	1	1
5 778	3 4159	1	1
5 778	3 1837	1	1
5 779	5 2807	1	1
5 779	7 644	1	1
5 779	6 770	1	1
5 779	2 1340	1	1
5 779	2 393	1	1
5 779	6 2845	1	1
5 780	3 1236	1	1
5 780	7 3256	1	1
5 780	6 815	1	1
5 780	3 1836	1	1
5 780	6 4843	1	1
5 780	6 4681	1	1
5 781	5 393	1	1
5 781	0 3591	1	1
5 781	2 3559	1	1
5 781	4 1492	1	1
5 781	3 4840	1	1
5 781	3 808	1	1
5 782	5 3341	1	1
5 782	5 65	1	1
5 782	5 349	1	1
5 782	1 912	1	1
5 782	6 3128	1	1
5 782	0 2572	1	1
5 783	2 4348	1	1
5 783	6 1311	1	1
5 783	7 4498	1	1
5 783	3 2203	1	1
5 783	1 1964	1	1
5 783	1 496	1	1
5 784	3 348	1	1
5 784	6 3424	1	1
5 784	1 2683	1	1
5 784	6 767	1	1
5 784	2 3800	1	1
5 784	4 154	1	1
5 785	5 904	1	1
5 785	0 4302	1	1
5 785	2 3420	1	1
5 785	2 1323	1	1
5 785	2 610	1	1
5 785	4 676	1	1
5 786	5 775	1	1
5 786	5 1444	1	1
5 786	4 4191	1	1
5 786	3 4444	1	1
5 786	7 3360	1	1
5 786	6 1367	1	1
5 787	5 2434	1	1
5 787	3 3656	1	1
5 787	4 4717	1	1
5 787	6 2822	1	1
5 787	1 1913	1	1
5 787	1 3323	1	1
5 788	5 3315	1	1
5 788	7 3228	1	1
5 788	1 3117	1	1
5 788	7 1108	1	1
5 788	0 4732	1	1
5 788	0 1889	1	1
5 789	5 4751	1	1
5 789	3 4480	1	1
5 789	4 782	1	1
5 789	6 3392	1	1
5 789	4 3948	1	1
5 789	0 4516	1	1
5 790	3 3466	1	1
5 790	7 279	1	1
5 790	6 4756	1	1
5 790	2 2872	1	1
5 790	2 3267	1	1
5 790	3 1963	1	1
5 791	5 3131	1	1
5 791	2 88	1	1
5 791	4 1624	1	1
5 791	4 2045	1	1
5 791	1 236	1	1
5 791	6 4760	1	1
5 792	2 1931	1	1
5 792	0 816	1	1
5 792	6 1667	1	1
5 792	7 4707	1	1
5 792	2 3024	1	1
5 792	0 130	1	1
5 793	3 1213	1	1
5 793	4 1772	1	1
5 793	7 1669	1	1
5 793	6 2199	1	1
5 793	1 1750	1	1
5 793	6 2043	1	1
5 794	3 3572	1	1
5 794	7 4910	1	1
5 794	0 2266	1	1
5 794	4 4684	1	1
5 794	6 4579	1	1
5 794	3 2788	1	1
5 795	5 4368	1	1
5 795	3 266	1	1
5 795	6 3720	1	1
5 795	6 4576	1	1
5 795	2 4634	1	1
5 795	4 4324	1	1
5 796	1 4528	1	1
5 796	2 1739	1	1
5 796	6 2208	1	1
5 796	2 1545	1	1
5 796	1 1350	1	1
5 796	6 3743	1	1
5 797	5 486	1	1
5 797	5 2949	1	1
5 797	7 4659	1	1
5 797	4 952	1	1
5 797	6 2336	1	1
5 797	6 3330	1	1
5 798	5 3380	1	1
5 798	0 2508	1	1
5 798	7 187	1	1
5 798	2 4090	1	1
5 798	0 1544	1	1
5 798	2 362	1	1
5 799	7 222	1	1
5 799	1 4243	1	1
5 799	7 2837	1	1
5 799	0 447	1	1
5 799	2 4528	1	1
5 799	4 1926	1	1
5 800	5 2974	1	1
5 800	0 1101	1	1
5 800	1 2095	1	1
5 800	3 836	1	1
5 800	6 1467	1	1
5 800	4 1644	1	1
5 801	5 3770	1	1
5 801	6 3759	1	1
5 801	0 3603	1	1
5 801	7 1536	1	1
5 801	6 3830	1	1
5 801	2 1051	1	1
5 802	0 4788	1	1
5 802	1 2875	1	1
5 802	6 3427	1	1
5 802	0 1664	1	1
5 802	1 3573	1	1
5 802	7 1255	1	1
5 803	5 179	1	1
5 803	5 4103	1	1
5 803	1 4466	1	1
5 803	7 387	1	1
5 803	7 376	1	1
5 803	0 335	1	1
5 804	3 2649	1	1
5 804	1 1645	1	1
5 804	7 2204	1	1
5 804	7 4941	1	1
5 804	7 1312	1	1
5 804	0 3690	1	1
5 805	1 1239	1	1
5 805	4 1097	1	1
5 805	4 1645	1	1
5 805	1 2333	1	1
5 805	3 1305	1	1
5 805	6 147	1	1
5 806	5 1373	1	1
5 806	2 179	1	1
5 806	7 2542	1	1
5 806	3 2437	1	1
5 806	0 1033	1	1
5 806	1 4662	1	1
5 807	5 770	1	1
5 807	6 4333	1	1
5 807	2 3027	1	1
5 807	1 2558	1	1
5 807	0 1477	1	1
5 807	0 2404	1	1
5 808	1 3048	1	1
5 808	6 3564	1	1
5 808	4 2175	1	1
5 808	7 1107	1	1
5 808	3 1360	1	1
5 808	1 4488	1	1
5 809	5 1927	1	1
5 809	5 3779	1	1
5 809	6 2662	1	1
5 809	7 3493	1	1
5 809	0 2043	1	1
5 809	1 4657	1	1
5 810	5 1534	1	1
5 810	3 1514	1	1
5 810	1 1323	1	1
5 810	0 1694	1	1
5 810	3 3984	1	1
5 810	6 1758	1	1
5 811	5 797	1	1
5 811	6 13	1	1
5 811	6 3888	1	1
5 811	2 3863	1	1
5 811	7 4043	1	1
5 811	1 4624	1	1
5 812	7 1335	1	1
5 812	1 1181	1	1
5 812	3 2038	1	1
5 812	4 3866	1	1
5 812	3 2309	1	1
5 812	1 3400	1	1
5 813	4 4011	1	1
5 813	4 666	1	1
5 813	3 2091	1	1
5 813	4 1452	1	1
5 813	4 2414	1	1
5 813	6 813	1	1
5 814	5 2526	1	1
5 814	2 3946	1	1
5 814	0 3698	1	1
5 814	7 1464	1	1
5 814	0 3455	1	1
5 814	3 4457	1	1
5 815	5 3145	1	1
5 815	7 4253	1	1
5 815	2 196	1	1
5 815	2 859	1	1
5 815	7 4818	1	1
5 815	2 2931	1	1
5 816	1 4920	1	1
5 816	6 2455	1	1
5 816	0 2529	1	1
5 816	6 4220	1	1
5 816	0 2263	1	1
5 816	2 3490	1	1
5 817	5 2013	1	1
5 817	0 2429	1	1
5 817	2 4429	1	1
5 817	1 475	1	1
5 817	7 2472	1	1
5 817	4 1200	1	1
5 818	5 1635	1	1
5 818	7 4792	1	1
5 818	1 1604	1	1
5 818	1 4347	1	1
5 818	2 123	1	1
5 818	3 572	1	1
5 819	4 2172	1	1
5 819	4 3596	1	1
5 819	6 3184	1	1
5 819	0 4261	1	1
5 819	1 207	1	1
5 819	6 1442	1	1
5 820	5 3924	1	1
5 820	2 4494	1	1
5 820	0 1768	1	1
5 820	7 2797	1	1
5 820	7 4261	1	1
5 820	0 2220	1	1
5 821	7 4702	1	1
5 821	0 3365	1	1
5 821	7 3754	1	1
5 821	0 2240	1	1
5 821	0 4364	1	1
5 821	7 2345	1	1
5 822	5 2518	1	1
5 822	1 3404	1	1
5 822	0 4934	1	1
5 822	3 3494	1	1
5 822	7 2996	1	1
5 822	4 961	1	1
5 823	5 4704	1	1
5 823	0 2260	1	1
5 823	1 108	1	1
5 823	2 2287	1	1
5 823	7 3932	1	1
5 823	2 1249	1	1
5 824	5 1486	1	1
5 824	1 3079	1	1
5 824	4 509	1	1
5 824	4 504	1	1
5 824	0 4978	1	1
5 824	3 4885	1	1
5 825	6 2991	1	1
5 825	6 3361	1	1
5 825	3 21	1	1
5 825	0 48	1	1
5 825	2 2371	1	1
5 825	2 4804	1	1
5 826	5 177	1	1
5 826	4 4577	1	1
5 826	0 4945	1	1
5 826	2 1097	1	1
5 826	3 3976	1	1
5 826	2 3072	1	1
5 827	5 4277	1	1
5 827	2 4109	1	1
5 827	4 4617	1	1
5 827	0 2107	1	1
5 827	6 125	1	1
5 827	2 1748	1	1
5 828	5 62	1	1
5 828	5 160	1	1
5 828	2 751	1	1
5 828	7 4847	1	1
5 828	2 3734	1	1
5 828	7 3851	1	1
5 829	5 1141	1	1
5 829	4 890	1	1
5 829	4 592	1	1
5 829	6 3113	1	1
5 829	7 3359	1	1
5 829	1 3198	1	1
5 830	5 605	1	1
5 830	6 4580	1	1
5 830	0 4543	1	1
5 830	0 2501	1	1
5 830	3 3885	1	1
5 830	3 1750	1	1
5 831	5 630	1	1
5 831	6 860	1	1
5 831	7 1618	1	1
5 831	1 1550	1	1
5 831	7 4842	1	1
5 831	3 4183	1	1
5 832	5 2554	1	1
5 832	5 4254	1	1
5 832	0 4348	1	1
5 832	6 697	1	1
5 832	6 1545	1	1
5 832	2 3734	1	1
5 833	5 4981	1	1
5 833	0 2385	1	1
5 833	0 837	1	1
5 833	4 472	1	1
5 833	6 4264	1	1
5 833	2 2802	1	1
5 834	5 625	1	1
5 834	1 795	1	1
5 834	6 619	1	1
5 834	2 2310	1	1
5 834	1 2161	1	1
5 834	0 4490	1	1
5 835	3 3969	1	1
5 835	1 1596	1	1
5 835	3 3112	1	1
5 835	6 3944	1	1
5 835	0 1579	1	1
5 835	6 2092	1	1
5 836	5 2452	1	1
5 836	1 2622	1	1
5 836	6 3656	1	1
5 836	6 3135	1	1
5 836	7 4124	1	1
5 836	3 972	1	1
5 837	6 640	1	1
5 837	2 423	1	1
5 837	6 4057	1	1
5 837	4 3447	1	1
5 837	4 4662	1	1
5 837	2 1310	1	1
5 838	0 2160	1	1
5 838	7 1665	1	1
5 838	7 4443	1	1
5 838	6 3162	1	1
5 838	2 3253	1	1
5 838	0 1700	1	1
5 839	2 4866	1	1
5 839	7 4160	1	1
5 839	3 572	1	1
5 839	2 4650	1	1
5 839	1 2847	1	1
5 839	0 2941	1	1
5 840	0 2073	1	1
5 840	2 1255	1	1
5 840	6 3767	1	1
5 840	1 1679	1	1
5 840	1 3182	1	1
5 840	3 1223	1	1
5 841	5 3804	1	1
5 841	2 3822	1	1
5 841	3 3076	1	1
5 841	7 4711	1	1
5 841	2 3798	1	1
5 841	7 2103	1	1
5 842	5 186	1	1
5 842	2 4967	1	1
5 842	1 1760	1	1
5 842	1 1271	1	1
5 842	6 512	1	1
5 842	0 3650	1	1
5 843	5 3008	1	1
5 843	4 3364	1	1
5 843	0 590	1	1
5 843	4 1114	1	1
5 843	0 2071	1	1
5 843	4 3709	1	1
5 844	5 345	1	1
5 844	1 3252	1	1
5 844	1 899	1	1
5 844	2 1939	1	1
5 844	0 3645	1	1
5 844	7 4255	1	1
5 845	5 3513	1	1
5 845	0 3649	1	1
5 845	1 364	1	1
5 845	3 1060	1	1
5 845	4 4055	1	1
5 845	2 104	1	1
5 846	3 807	1	1
5 846	6 2270	1	1
5 846	0 2915	1	1
5 846	2 4534	1	1
5 846	7 2150	1	1
5 846	7 4783	1	1
5 847	7 1632	1	1
5 847	4 1951	1	1
5 847	7 2378	1	1
5 847	6 1764	1	1
5 847	2 3498	1	1
5 847	6 5000	1	1
5 848	5 2009	1	1
5 848	1 2534	1	1
5 848	4 3410	1	1
5 848	2 4081	1	1
5 848	3 2017	1	1
5 848	6 3964	1	1
5 849	6 4403	1	1
5 849	7 2227	1	1
5 849	2 3566	1	1
5 849	4 2133	1	1
5 849	1 4714	1	1
5 849	7 3100	1	1
5 850	5 1261	1	1
5 850	4 1840	1	1
5 850	4 3136	1	1
5 850	4 194	1	1
5 850	7 4450	1	1
5 850	3 3755	1	1
5 851	5 457	1	1
5 851	3 4659	1	1
5 851	0 3791	1	1
5 851	7 1819	1	1
5 851	7 3715	1	1
5 851	2 4657	1	1
5 852	5 791	1	1
5 852	6 1981	1	1
5 852	7 1289	1	1
5 852	1 495	1	1
5 852	7 1592	1	1
5 852	0 1010	1	1
5 853	5 4438	1	1
5 853	5 309	1	1
5 853	5 4350	1	1
5 853	4 1698	1	1
5 853	6 2095	1	1
5 853	7 4406	1	1
5 854	5 4898	1	1
5 854	1 2135	1	1
5 854	3 4079	1	1
5 854	2 2974	1	1
5 854	7 2905	1	1
5 854	1 2926	1	1
5 855	5 328	1	1
5 855	0 1821	1	1
5 855	6 3451	1	1
5 855	2 2408	1	1
5 855	2 4238	1	1
5 855	3 3773	1	1
5 856	5 1095	1	1
5 856	3 864	1	1
5 856	4 3439	1	1
5 856	6 2398	1	1
5 856	2 2190	1	1
5 856	4 157	1	1
5 857	4 1226	1	1
5 857	7 3213	1	1
5 857	4 4392	1	1
5 857	2 2033	1	1
5 857	3 4818	1	1
5 857	2 996	1	1
5 858	5 1499	1	1
5 858	5 2846	1	1
5 858	3 236	1	1
5 858	3 3696	1	1
5 858	0 976	1	1
5 858	7 701	1	1
5 859	5 3029	1	1
5 859	4 3637	1	1
5 859	4 3931	1	1
5 859	3 3392	1	1
5 859	7 4119	1	1
5 859	7 1034	1	1
5 860	5 2243	1	1
5 860	5 4089	1	1
5 860	4 603	1	1
5 860	2 4662	1	1
5 860	6 3928	1	1
5 860	4 591	1	1
5 861	4 4478	1	1
5 861	6 3053	1	1
5 861	6 3415	1	1
5 861	1 805	1	1
5 861	4 2758	1	1
5 861	0 1887	1	1
5 862	5 908	1	1
5 862	5 3005	1	1
5 862	7 703	1	1
5 862	2 1516	1	1
5 862	0 2138	1	1
5 862	2 2167	1	1
5 863	5 4985	1	1
5 863	5 4634	1	1
5 863	2 1048	1	1
5 863	0 3806	1	1
5 863	4 526	1	1
5 863	1 4371	1	1
5 864	5 3045	1	1
5 864	0 1190	1	1
5 864	0 476	1	1
5 864	6 942	1	1
5 864	1 4199	1	1
5 864	1 2080	1	1
5 865	4 1482	1	1
5 865	0 2573	1	1
5 865	7 3118	1	1
5 865	6 510	1	1
5 865	0 507	1	1
5 865	7 296	1	1
5 866	3 4048	1	1
5 866	3 3221	1	1
5 866	7 4770	1	1
5 866	6 3240	1	1
5 866	0 2677	1	1
5 866	3 4354	1	1
5 867	7 3083	1	1
5 867	3 4788	1	1
5 867	3 506	1	1
5 867	3 3673	1	1
5 867	1 4122	1	1
5 867	6 3514	1	1
5 868	6 3809	1	1
5 868	1 3132	1	1
5 868	0 1705	1	1
5 868	3 2090	1	1
5 868	2 1564	1	1
5 868	2 4217	1	1
5 869	3 1745	1	1
5 869	7 4754	1	1
5 869	6 3940	1	1
5 869	4 4651	1	1
5 869	2 1431	1	1
5 869	3 461	1	1
5 870	5 1190	1	1
5 870	5 2745	1	1
5 870	3 3682	1	1
5 870	6 812	1	1
5 870	1 1761	1	1
5 870	2 3277	1	1
5 871	5 4710	1	1
5 871	7 2065	1	1
5 871	0 469	1	1
5 871	1 652	1	1
5 871	6 4335	1	1
5 871	4 4036	1	1
5 872	5 4043	1	1
5 872	5 627	1	1
5 872	4 790	1	1
5 872	3 3676	1	1
5 872	6 3610	1	1
5 872	3 1240	1	1
5 873	1 2014	1	1
5 873	4 2971	1	1
5 873	7 3823	1	1
5 873	2 4865	1	1
5 873	4 4493	1	1
5 873	2 3761	1	1
5 874	5 4692	1	1
5 874	5 2399	1	1
5 874	5 730	1	1
5 874	3 4007	1	1
5 874	1 4506	1	1
5 874	7 1142	1	1
5 875	5 4442	1	1
5 875	1 2588	1	1
5 875	4 4110	1	1
5 875	3 2171	1	1
5 875	6 860	1	1
5 875	1 4474	1	1
5 876	6 4735	1	1
5 876	2 67	1	1
5 876	4 2374	1	1
5 876	4 4331	1	1
5 876	2 3017	1	1
5 876	0 1921	1	1
5 877	5 416	1	1
5 877	5 1478	1	1
5 877	2 4472	1	1
5 877	1 1332	1	1
5 877	1 2257	1	1
5 877	0 2796	1	1
5 878	5 1657	1	1
5 878	3 3608	1	1
5 878	2 3973	1	1
5 878	2 4351	1	1
5 878	3 3615	1	1
5 878	4 2708	1	1
5 879	5 791	1	1
5 879	5 1557	1	1
5 879	6 3017	1	1
5 879	7 3619	1	1
5 879	4 2760	1	1
5 879	1 3251	1	1
5 880	5 3167	1	1
5 880	5 3681	1	1
5 880	2 3914	1	1
5 880	6 109	1	1
5 880	6 218	1	1
5 880	2 1557	1	1
5 881	5 3720	1	1
5 881	0 3620	1	1
5 881	7 1524	1	1
5 881	3 3216	1	1
5 881	2 4444	1	1
5 881	7 3370	1	1
5 882	1 2185	1	1
5 882	3 944	1	1
5 882	7 609	1	1
5 882	6 1667	1	1
5 882	3 145	1	1
5 882	1 1945	1	1
5 883	5 4096	1	1
5 883	4 4776	1	1
5 883	2 3797	1	1
5 883	3 507	1	1
5 883	2 4419	1	1
5 883	2 4438	1	1
5 884	7 1495	1	1
5 884	0 378	1	1
5 884	6 4393	1	1
5 884	2 953	1	1
5 884	0 4610	1	1
5 884	2 2862	1	1
5 885	5 1315	1	1
5 885	5 689	1	1
5 885	2 3373	1	1
5 885	1 3505	1	1
5 885	0 1491	1	1
5 885	1 4843	1	1
5 886	5 4806	1	1
5 886	3 301	1	1
5 886	4 3415	1	1
5 886	1 300	1	1
5 886	4 3287	1	1
5 886	3 977	1	1
5 887	5 1745	1	1
5 887	5 4146	1	1
5 887	3 1044	1	1
5 887	7 4330	1	1
5 887	3 2974	1	1
5 887	1 1955	1	1
5 888	2 2078	1	1
5 888	6 494	1	1
5 888	0 1201	1	1
5 888	4 1870	1	1
5 888	7 961	1	1
5 888	2 2192	1	1
5 889	5 4916	1	1
5 889	6 2698	1	1
5 889	6 4098	1	1
5 889	6 1387	1	1
5 889	7 1704	1	1
5 889	1 3121	1	1
5 890	5 4077	1	1
5 890	5 3081	1	1
5 890	7 3609	1	1
5 890	4 3847	1	1
5 890	6 533	1	1
5 890	6 4831	1	1
5 891	4 3474	1	1
5 891	0 4837	1	1
5 891	6 4428	1	1
5 891	4 4387	1	1
5 891	0 3178	1	1
5 891	6 1217	1	1
5 892	0 2451	1	1
5 892	7 680	1	1
5 892	2 2889	1	1
5 892	4 4182	1	1
5 892	2 3949	1	1
5 892	3 2011	1	1
5 893	5 2818	1	1
5 893	7 568	1	1
5 893	7 576	1	1
5 893	0 2056	1	1
5 893	1 3984	1	1
5 893	2 4523	1	1
5 894	5 3492	1	1
5 894	3 4946	1	1
5 894	0 4225	1	1
5 894	1 675	1	1
5 894	2 4018	1	1
5 894	0 3942	1	1
5 895	5 2408	1	1
5 895	5 3330	1	1
5 895	3 1164	1	1
5 895	2 1211	1	1
5 895	1 4003	1	1
5 895	4 673	1	1
5 896	5 1100	1	1
5 896	7 4864	1	1
5 896	0 1567	1	1
5 896	6 4607	1	1
5 896	4 2239	1	1
5 896	7 4431	1	1
5 897	5 231	1	1
5 897	5 1394	1	1
5 897	6 3478	1	1
5 897	6 4929	1	1
5 897	4 2957	1	1
5 897	6 3536	1	1
5 898	1 4927	1	1
5 898	0 3599	1	1
5 898	3 4870	1	1
5 898	3 3526	1	1
5 898	2 1056	1	1
5 898	6 1858	1	1
5 899	6 379	1	1
5 899	4 1766	1	1
5 899	3 2664	1	1
5 899	3 3074	1	1
5 899	2 3005	1	1
5 899	3 2393	1	1
5 900	4 3883	1	1
5 900	1 1906	1	1
5 900	1 3541	1	1
5 900	2 2545	1	1
5 900	7 1665	1	1
5 900	0 3360	1	1
5 901	2 3975	1	1
5 901	6 3758	1	1
5 901	1 3450	1	1
5 901	4 1534	1	1
5 901	2 743	1	1
5 901	6 3641	1	1
5 902	5 2747	1	1
5 902	6 1861	1	1
5 902	3 3469	1	1
5 902	7 2362	1	1
5 902	3 2335	1	1
5 902	1 1219	1	1
5 903	2 7	1	1
5 903	4 2884	1	1
5 903	1 2614	1	1
5 903	2 2593	1	1
5 903	6 2493	1	1
5 903	2 2950	1	1
5 904	4 3318	1	1
5 904	4 1748	1	1
5 904	2 95	1	1
5 904	3 4683	1	1
5 904	7 4578	1	1
5 904	7 958	1	1
5 905	5 1335	1	1
5 905	0 2971	1	1
5 905	0 1689	1	1
5 905	2 4332	1	1
5 905	2 4887	1	1
5 905	0 3948	1	1
5 906	5 1498	1	1
5 906	5 747	1	1
5 906	5 855	1	1
5 906	6 4455	1	1
5 906	2 4975	1	1
5 906	0 3423	1	1
5 907	5 30	1	1
5 907	3 3407	1	1
5 907	0 2722	1	1
5 907	3 960	1	1
5 907	1 1384	1	1
5 907	0 2533	1	1
5 908	3 4154	1	1
5 908	2 2155	1	1
5 908	7 1122	1	1
5 908	4 3052	1	1
5 908	2 503	1	1
5 908	7 2029	1	1
5 909	5 3086	1	1
5 909	6 415	1	1
5 909	0 2084	1	1
5 909	3 3048	1	1
5 909	3 4700	1	1
5 909	1 2053	1	1
5 910	5 1161	1	1
5 910	5 4026	1	1
5 910	1 2956	1	1
5 910	3 200	1	1
5 910	4 4868	1	1
5 910	3 4417	1	1
5 911	5 4738	1	1
5 911	5 1429	1	1
5 911	5 4338	1	1
5 911	6 2826	1	1
5 911	4 2557	1	1
5 911	2 2597	1	1
5 912	6 2691	1	1
5 912	0 2579	1	1
5 912	1 72	1	1
5 912	4 1340	1	1
5 912	2 250	1	1
5 912	4 3448	1	1
5 913	4 2407	1	1
5 913	7 1977	1	1
5 913	1 4635	1	1
5 913	1 3676	1	1
5 913	3 3065	1	1
5 913	3 316	1	1
5 914	2 2065	1	1
5 914	4 364	1	1
5 914	4 4984	1	1
5 914	7 4516	1	1
5 914	6 3694	1	1
5 914	6 3557	1	1
5 915	5 821	1	1
5 915	7 155	1	1
5 915	0 4919	1	1
5 915	3 1914	1	1
5 915	1 271	1	1
5 915	1 791	1	1
5 916	5 1824	1	1
5 916	3 3021	1	1
5 916	7 4042	1	1
5 916	7 4673	1	1
5 916	3 4704	1	1
5 916	7 3432	1	1
5 917	5 3662	1	1
5 917	5 4113	1	1
5 917	2 4419	1	1
5 917	0 814	1	1
5 917	7 182	1	1
5 917	3 1188	1	1
5 918	1 2475	1	1
5 918	4 3390	1	1
5 918	7 1629	1	1
5 918	4 3417	1	1
5 918	7 3947	1	1
5 918	1 4944	1	1
5 919	5 2688	1	1
5 919	3 1923	1	1
5 919	3 4649	1	1
5 919	0 964	1	1
5 919	1 4524	1	1
5 919	1 1652	1	1
5 920	7 495	1	1
5 920	4 3010	1	1
5 920	3 2899	1	1
5 920	3 1604	1	1
5 920	4 2204	1	1
5 920	3 4545	1	1
5 921	6 4745	1	1
5 921	6 1245	1	1
5 921	6 1499	1	1
5 921	2 1630	1	1
5 921	0 2711	1	1
5 921	6 3938	1	1
5 922	0 4663	1	1
5 922	6 1405	1	1
5 922	6 390	1	1
5 922	3 1170	1	1
5 922	3 683	1	1
5 922	6 3360	1	1
5 923	5 1415	1	1
5 923	5 1893	1	1
5 923	1 2669	1	1
5 923	1 1014	1	1
5 923	6 2848	1	1
5 923	6 4799	1	1
5 924	4 3904	1	1
5 924	7 1760	1	1
5 924	4 4198	1	1
5 924	1 2127	1	1
5 924	3 249	1	1
5 924	4 4481	1	1
5 925	5 3174	1	1
5 925	3 4726	1	1
5 925	7 4250	1	1
5 925	1 1335	1	1
5 925	4 2833	1	1
5 925	4 2589	1	1
5 926	5 1021	1	1
5 926	5 2714	1	1
5 926	6 2893	1	1
5 926	2 4009	1	1
5 926	6 4237	1	1
5 926	3 2662	1	1
5 927	5 2428	1	1
5 927	6 1735	1	1
5 927	3 4915	1	1
5 927	2 172	1	1
5 927	2 817	1	1
5 927	4 1427	1	1
5 928	5 4999	1	1
5 928	5 4591	1	1
5 928	5 2229	1	1
5 928	0 1938	1	1
5 928	6 2672	1	1
5 928	7 4607	1	1
5 929	5 4648	1	1
5 929	7 681	1	1
5 929	6 2688	1	1
5 929	1 3890	1	1
5 929	3 3331	1	1
5 929	3 4725	1	1
5 930	3 2539	1	1
5 930	2 2738	1	1
5 930	3 162	1	1
5 930	0 148	1	1
5 930	2 114	1	1
5 930	7 3233	1	1
5 931	5 3154	1	1
5 931	5 1889	1	1
5 931	6 97	1	1
5 931	7 4910	1	1
5 931	0 1438	1	1
5 931	0 3040	1	1
5 932	4 3099	1	1
5 932	0 4077	1	1
5 932	3 4981	1	1
5 932	0 4213	1	1
5 932	6 4440	1	1
5 932	3 614	1	1
5 933	0 107	1	1
5 933	3 3125	1	1
5 933	1 960	1	1
5 933	0 1459	1	1
5 933	3 2505	1	1
5 933	7 1018	1	1
5 934	5 4109	1	1
5 934	1 345	1	1
5 934	4 4654	1	1
5 934	1 2291	1	1
5 934	4 1784	1	1
5 934	6 1818	1	1
5 935	5 1309	1	1
5 935	3 3020	1	1
5 935	7 2716	1	1
5 935	2 2642	1	1
5 935	1 702	1	1
5 935	3 1127	1	1
5 936	5 258	1	1
5 936	1 2785	1	1
5 936	0 2595	1	1
5 936	3 734	1	1
5 936	4 1299	1	1
5 936	3 1228	1	1
5 937	6 4312	1	1
5 937	0 1372	1	1
5 937	7 143	1	1
5 937	6 1301	1	1
5 937	3 3354	1	1
5 937	7 850	1	1
5 938	5 4796	1	1
5 938	5 1657	1	1
5 938	5 3793	1	1
5 938	7 2337	1	1
5 938	6 4337	1	1
5 938	4 1773	1	1
5 939	5 1816	1	1
5 939	7 4678	1	1
5 939	4 2925	1	1
5 939	2 4196	1	1
5 939	4 535	1	1
5 939	6 3488	1	1
5 940	5 522	1	1
5 940	1 2939	1	1
5 940	2 4203	1	1
5 940	3 2782	1	1
5 940	0 4672	1	1
5 940	3 3519	1	1
5 941	7 1065	1	1
5 941	4 4690	1	1
5 941	7 3673	1	1
5 941	7 2223	1	1
5 941	6 2596	1	1
5 941	3 3128	1	1
5 942	2 1826	1	1
5 942	6 3840	1	1
5 942	6 1961	1	1
5 942	2 3110	1	1
5 942	7 4373	1	1
5 942	2 4850	1	1
5 943	3 3057	1	1
5 943	3 4666	1	1
5 943	2 2989	1	1
5 943	7 485	1	1
5 943	7 420	1	1
5 943	2 2419	1	1
5 944	5 4508	1	1
5 944	5 3591	1	1
5 944	4 2370	1	1
5 944	4 2161	1	1
5 944	2 2626	1	1
5 944	2 1033	1	1
5 945	2 588	1	1
5 945	3 4203	1	1
5 945	7 1978	1	1
5 945	4 2306	1	1
5 945	3 4696	1	1
5 945	2 1348	1	1
5 946	3 1952	1	1
5 946	7 4881	1	1
5 946	0 1619	1	1
5 946	4 3935	1	1
5 946	1 4814	1	1
5 946	3 4330	1	1
5 947	5 4462	1	1
5 947	2 4756	1	1
5 947	1 4582	1	1
5 947	3 4227	1	1
5 947	1 2042	1	1
5 947	0 2421	1	1
5 948	5 1026	1	1
5 948	7 2909	1	1
5 948	6 3673	1	1
5 948	4 1268	1	1
5 948	7 2121	1	1
5 948	7 2564	1	1
5 949	6 3680	1	1
5 949	0 1395	1	1
5 949	2 1353	1	1
5 949	7 3973	1	1
5 949	4 2813	1	1
5 949	0 1883	1	1
5 950	5 1992	1	1
5 950	5 2982	1	1
5 950	0 2763	1	1
5 950	4 4942	1	1
5 950	2 3667	1	1
5 950	0 4888	1	1
5 951	5 1815	1	1
5 951	5 2556	1	1
5 951	0 3652	1	1
5 951	3 602	1	1
5 951	6 1636	1	1
5 951	0 4615	1	1
5 952	5 4233	1	1
5 952	4 989	1	1
5 952	1 379	1	1
5 952	3 1800	1	1
5 952	3 3274	1	1
5 952	3 1879	1	1
5 953	4 4787	1	1
5 953	0 1988	1	1
5 953	0 4617	1	1
5 953	4 3387	1	1
5 953	2 1035	1	1
5 953	2 2935	1	1
5 954	0 4316	1	1
5 954	2 4356	1	1
5 954	2 1777	1	1
5 954	6 2934	1	1
5 954	7 4937	1	1
5 954	3 667	1	1
5 955	7 3161	1	1
5 955	7 653	1	1
5 955	6 4409	1	1
5 955	6 152	1	1
5 955	2 3548	1	1
5 955	4 661	1	1
5 956	4 3082	1	1
5 956	4 3065	1	1
5 956	6 275	1	1
5 956	3 1268	1	1
5 956	2 3552	1	1
5 956	2 2105	1	1
5 957	6 3087	1	1
5 957	0 3646	1	1
5 957	4 3028	1	1
5 957	0 3149	1	1
5 957	6 3609	1	1
5 957	4 4036	1	1
5 958	3 3715	1	1
5 958	2 1404	1	1
5 958	4 3153	1	1
5 958	2 1063	1	1
5 958	6 2049	1	1
5 958	1 4684	1	1
5 959	5 3539	1	1
5 959	2 2812	1	1
5 959	0 107	1	1
5 959	3 4928	1	1
5 959	3 1864	1	1
5 959	6 1788	1	1
5 960	5 1185	1	1
5 960	4 4921	1	1
5 960	7 3443	1	1
5 960	7 519	1	1
5 960	0 3306	1	1
5 960	4 3315	1	1
5 961	5 923	1	1
5 961	4 1254	1	1
5 961	4 1213	1	1
5 961	4 1499	1	1
5 961	4 24	1	1
5 961	7 2135	1	1
5 962	5 1711	1	1
5 962	5 4906	1	1
5 962	6 4613	1	1
5 962	1 106	1	1
5 962	0 1799	1	1
5 962	1 2433	1	1
5 963	5 3669	1	1
5 963	3 3772	1	1
5 963	6 1382	1	1
5 963	1 1807	1	1
5 963	7 2270	1	1
5 963	2 4820	1	1
5 964	5 591	1	1
5 964	4 2645	1	1
5 964	0 2554	1	1
5 964	4 2126	1	1
5 964	6 1129	1	1
5 964	1 2255	1	1
5 965	2 1489	1	1
5 965	0 4170	1	1
5 965	1 1989	1	1
5 965	0 2708	1	1
5 965	0 4536	1	1
5 965	7 3853	1	1
5 966	5 2951	1	1
5 966	5 629	1	1
5 966	7 2822	1	1
5 966	7 1264	1	1
5 966	6 2051	1	1
5 966	7 1280	1	1
5 967	3 4943	1	1
5 967	2 4828	1	1
5 967	6 40	1	1
5 967	3 3104	1	1
5 967	1 812	1	1
5 967	2 4869	1	1
5 968	2 4538	1	1
5 968	7 2250	1	1
5 968	4 1287	1	1
5 968	0 597	1	1
5 968	7 3828	1	1
5 968	1 3219	1	1
5 969	7 2596	1	1
5 969	2 1407	1	1
5 969	7 2426	1	1
5 969	3 1802	1	1
5 969	1 2542	1	1
5 969	4 2369	1	1
5 970	3 225	1	1
5 970	2 4295	1	1
5 970	2 744	1	1
5 970	2 3073	1	1
5 970	7 640	1	1
5 970	1 2719	1	1
5 971	5 4875	1	1
5 971	5 3377	1	1
5 971	6 1661	1	1
5 971	6 1317	1	1
5 971	4 439	1	1
5 971	3 3175	1	1
5 972	4 3809	1	1
5 972	4 3071	1	1
5 972	0 426	1	1
5 972	7 711	1	1
5 972	6 3112	1	1
5 972	3 1591	1	1
5 973	6 4644	1	1
5 973	3 3447	1	1
5 973	0 2448	1	1
5 973	1 4641	1	1
5 973	4 4687	1	1
5 973	2 486	1	1
5 974	2 3770	1	1
5 974	0 3889	1	1
5 974	1 519	1	1
5 974	2 975	1	1
5 974	4 137	1	1
5 974	3 1912	1	1
5 975	5 2350	1	1
5 975	6 4915	1	1
5 975	0 4022	1	1
5 975	3 2497	1	1
5 975	4 3945	1	1
5 975	3 4950	1	1
5 976	7 4380	1	1
5 976	6 2499	1	1
5 976	6 2202	1	1
5 976	7 2210	1	1
5 976	0 287	1	1
5 976	0 1992	1	1
5 977	5 3038	1	1
5 977	5 600	1	1
5 977	0 3677	1	1
5 977	0 3733	1	1
5 977	1 4282	1	1
5 977	2 3326	1	1
5 978	5 669	1	1
5 978	5 3874	1	1
5 978	7 988	1	1
5 978	6 2875	1	1
5 978	3 3240	1	1
5 978	2 4781	1	1
5 979	0 2844	1	1
5 979	3 3954	1	1
5 979	2 1475	1	1
5 979	3 1587	1	1
5 979	6 3662	1	1
5 979	1 4096	1	1
5 980	5 4238	1	1
5 980	1 1424	1	1
5 980	1 1675	1	1
5 980	4 400	1	1
5 980	7 3121	1	1
5 980	1 1216	1	1
5 981	6 4218	1	1
5 981	2 4417	1	1
5 981	1 1958	1	1
5 981	4 4165	1	1
5 981	0 2631	1	1
5 981	2 4127	1	1
5 982	5 4283	1	1
5 982	1 3362	1	1
5 982	3 3000	1	1
5 982	0 401	1	1
5 982	1 1866	1	1
5 982	1 3118	1	1
5 983	5 575	1	1
5 983	2 2648	1	1
5 983	4 3443	1	1
5 983	0 2083	1	1
5 983	1 806	1	1
5 983	0 4861	1	1
5 984	5 441	1	1
5 984	5 2898	1	1
5 984	1 2651	1	1
5 984	2 677	1	1
5 984	6 3931	1	1
5 984	4 3416	1	1
5 985	4 516	1	1
5 985	0 2423	1	1
5 985	0 1352	1	1
5 985	7 3723	1	1
5 985	1 2391	1	1
5 985	6 300	1	1
5 986	5 2290	1	1
5 986	5 4878	1	1
5 986	3 582	1	1
5 986	2 3699	1	1
5 986	0 953	1	1
5 986	4 2742	1	1
5 987	1 3401	1	1
5 987	1 3294	1	1
5 987	4 338	1	1
5 987	7 2595	1	1
5 987	4 2688	1	1
5 987	0 3428	1	1
5 988	5 4469	1	1
5 988	5 4524	1	1
5 988	4 691	1	1
5 988	0 4475	1	1
5 988	7 302	1	1
5 988	1 235	1	1
5 989	5 2211	1	1
5 989	6 4323	1	1
5 989	4 1326	1	1
5 989	6 285	1	1
5 989	2 4060	1	1
5 989	2 1338	1	1
5 990	4 2359	1	1
5 990	2 2089	1	1
5 990	2 1077	1	1
5 990	7 2854	1	1
5 990	1 4497	1	1
5 990	1 2444	1	1
5 991	0 1334	1	1
5 991	1 23	1	1
5 991	1 4458	1	1
5 991	1 4211	1	1
5 991	4 302	1	1
5 991	4 342	1	1
5 992	6 26	1	1
5 992	2 1550	1	1
5 992	7 1614	1	1
5 992	2 3195	1	1
5 992	4 516	1	1
5 992	2 1617	1	1
5 993	5 3436	1	1
5 993	3 3699	1	1
5 993	4 181	1	1
5 993	1 1355	1	1
5 993	2 1910	1	1
5 993	1 3232	1	1
5 994	1 2330	1	1
5 994	0 1192	1	1
5 994	0 139	1	1
5 994	7 1382	1	1
5 994	3 2820	1	1
5 994	1 3918	1	1
5 995	5 1529	1	1
5 995	7 3361	1	1
5 995	0 506	1	1
5 995	4 2225	1	1
5 995	7 2072	1	1
5 995	4 2222	1	1
5 996	5 1210	1	1
5 996	5 2778	1	1
5 996	4 611	1	1
5 996	4 259	1	1
5 996	7 465	1	1
5 996	4 1375	1	1
5 997	5 2258	1	1
5 997	5 4421	1	1
5 997	1 3477	1	1
5 997	1 2395	1	1
5 997	0 1712	1	1
5 997	6 838	1	1
5 998	1 1375	1	1
5 998	6 3330	1	1
5 998	1 3750	1	1
5 998	1 2851	1	1
5 998	0 2287	1	1
5 998	3 205	1	1
5 999	7 2082	1	1
5 999	6 3608	1	1
5 999	6 1870	1	1
5 999	6 2717	1	1
5 999	2 2491	1	1
5 999	2 4899	1	1
5 1000	0 21	1	1
5 1000	0 4613	1	1
5 1000	3 2931	1	1
5 1000	3 652	1	1
5 1000	2 4011	1	1
5 1000	0 1058	1	1
5 1001	5 2726	1	1
5 1001	1 4609	1	1
5 1001	1 4531	1	1
5 1001	2 111	1	1
5 1001	6 2142	1	1
5 1001	0 4176	1	1
5 1002	3 2342	1	1
5 1002	6 1564	1	1
5 1002	0 1557	1	1
5 1002	7 1198	1	1
5 1002	3 2484	1	1
5 1002	2 842	1	1
5 1003	7 1472	1	1
5 1003	2 980	1	1
5 1003	1 3289	1	1
5 1003	6 1437	1	1
5 1003	6 2518	1	1
5 1003	6 310	1	1
5 1004	5 2695	1	1
5 1004	2 4005	1	1
5 1004	2 908	1	1
5 1004	6 4379	1	1
5 1004	1 1586	1	1
5 1004	0 4914	1	1
5 1005	7 3988	1	1
5 1005	3 1203	1	1
5 1005	4 544	1	1
5 1005	7 2745	1	1
5 1005	7 1648	1	1
5 1005	1 4303	1	1
5 1006	1 3649	1	1
5 1006	6 534	1	1
5 1006	2 1466	1	1
5 1006	3 3834	1	1
5 1006	1 4714	1	1
5 1006	6 4927	1	1
5 1007	0 3740	1	1
5 1007	2 2919	1	1
5 1007	6 2986	1	1
5 1007	1 4975	1	1
5 1007	7 1368	1	1
5 1007	7 1824	1	1
5 1008	5 1611	1	1
5 1008	0 3519	1	1
5 1008	3 4069	1	1
5 1008	0 3889	1	1
5 1008	1 205	1	1
5 1008	7 2118	1	1
5 1009	4 1221	1	1
5 1009	3 2744	1	1
5 1009	4 3400	1	1
5 1009	3 2515	1	1
5 1009	2 1223	1	1
5 1009	1 2567	1	1
5 1010	6 3402	1	1
5 1010	7 2915	1	1
5 1010	2 3803	1	1
5 1010	2 346	1	1
5 1010	6 3027	1	1
5 1010	3 4995	1	1
5 1011	5 553	1	1
5 1011	5 4441	1	1
5 1011	0 1617	1	1
5 1011	2 1104	1	1
5 1011	6 3812	1	1
5 1011	2 3551	1	1
5 1012	5 3304	1	1
5 1012	5 3607	1	1
5 1012	5 4015	1	1
5 1012	3 157	1	1
5 1012	3 3468	1	1
5 1012	7 1650	1	1
5 1013	3 2709	1	1
5 1013	3 1546	1	1
5 1013	1 960	1	1
5 1013	1 1153	1	1
5 1013	6 3650	1	1
5 1013	0 4368	1	1
5 1014	5 1436	1	1
5 1014	4 918	1	1
5 1014	4 4089	1	1
5 1014	4 4320	1	1
5 1014	2 697	1	1
5 1014	7 871	1	1
5 1015	5 413	1	1
5 1015	0 2413	1	1
5 1015	3 526	1	1
5 1015	7 491	1	1
5 1015	6 2900	1	1
5 1015	2 445	1	1
5 1016	5 75	1	1
5 1016	7 288	1	1
5 1016	7 1978	1	1
5 1016	0 2227	1	1
5 1016	7 2475	1	1
5 1016	2 305	1	1
5 1017	5 2023	1	1
5 1017	1 2646	1	1
5 1017	7 4629	1	1
5 1017	4 198	1	1
5 1017	2 3069	1	1
5 1017	1 2620	1	1
5 1018	5 2814	1	1
5 1018	2 4822	1	1
5 1018	3 3604	1	1
5 1018	0 949	1	1
5 1018	3 2869	1	1
5 1018	6 448	1	1
5 1019	3 1469	1	1
5 1019	3 1738	1	1
5 1019	7 4519	1	1
5 1019	7 2719	1	1
5 1019	3 1716	1	1
5 1019	6 1663	1	1
5 1020	5 118	1	1
5 1020	3 147	1	1
5 1020	6 3148	1	1
5 1020	2 3947	1	1
5 1020	0 2962	1	1
5 1020	3 1828	1	1
5 1021	5 3461	1	1
5 1021	6 3434	1	1
5 1021	6 3771	1	1
5 1021	7 2414	1	1
5 1021	0 3675	1	1
5 1021	3 1931	1	1
5 1022	1 1102	1	1
5 1022	1 3158	1	1
5 1022	3 2812	1	1
5 1022	0 4290	1	1
5 1022	1 2002	1	1
5 1022	3 612	1	1
5 1023	5 2276	1	1
5 1023	5 2283	1	1
5 1023	3 2212	1	1
5 1023	4 2747	1	1
5 1023	1 724	1	1
5 1023	0 3920	1	1
5 1024	5 2206	1	1
5 1024	1 3551	1	1
5 1024	1 2506	1	1
5 1024	3 1854	1	1
5 1024	4 4525	1	1
5 1024	6 2688	1	1
5 1025	3 3780	1	1
5 1025	1 1150	1	1
5 1025	0 3140	1	1
5 1025	4 3966	1	1
5 1025	3 1891	1	1
5 1025	1 697	1	1
5 1026	7 3429	1	1
5 1026	4 3203	1	1
5 1026	2 4244	1	1
5 1026	3 3112	1	1
5 1026	6 87	1	1
5 1026	6 2570	1	1
5 1027	5 1354	1	1
5 1027	5 1619	1	1
5 1027	4 3778	1	1
5 1027	3 2294	1	1
5 1027	7 3548	1	1
5 1027	6 1057	1	1
5 1028	5 2105	1	1
5 1028	1 4674	1	1
5 1028	0 4162	1	1
5 1028	2 1865	1	1
5 1028	0 3258	1	1
5 1028	6 4011	1	1
5 1029	5 3316	1	1
5 1029	7 2748	1	1
5 1029	7 1486	1	1
5 1029	0 4873	1	1
5 1029	6 3526	1	1
5 1029	6 4641	1	1
5 1030	5 2841	1	1
5 1030	5 4269	1	1
5 1030	3 1883	1	1
5 1030	7 2430	1	1
5 1030	7 3964	1	1
5 1030	4 907	1	1
5 1031	2 824	1	1
5 1031	7 2219	1	1
5 1031	3 2790	1	1
5 1031	3 719	1	1
5 1031	6 1001	1	1
5 1031	1 499	1	1
5 1032	0 4609	1	1
5 1032	3 2244	1	1
5 1032	1 2619	1	1
5 1032	6 2502	1	1
5 1032	0 3970	1	1
5 1032	3 2404	1	1
5 1033	5 2230	1	1
5 1033	3 3329	1	1
5 1033	0 2932	1	1
5 1033	0 1985	1	1
5 1033	2 4294	1	1
5 1033	7 4907	1	1
5 1034	7 3182	1	1
5 1034	2 3580	1	1
5 1034	0 2560	1	1
5 1034	0 4033	1	1
5 1034	0 1795	1	1
5 1034	0 1972	1	1
5 1035	4 3596	1	1
5 1035	3 1110	1	1
5 1035	2 2109	1	1
5 1035	3 3680	1	1
5 1035	1 1292	1	1
5 1035	1 1782	1	1
5 1036	5 3768	1	1
5 1036	5 2018	1	1
5 1036	1 3748	1	1
5 1036	1 3703	1	1
5 1036	1 538	1	1
5 1036	2 4378	1	1
5 1037	5 2541	1	1
5 1037	5 549	1	1
5 1037	7 3304	1	1
5 1037	3 4731	1	1
5 1037	0 699	1	1
5 1037	6 2718	1	1
5 1038	5 314	1	1
5 1038	5 3815	1	1
5 1038	1 821	1	1
5 1038	3 2524	1	1
5 1038	4 2524	1	1
5 1038	1 1681	1	1
5 1039	5 3119	1	1
5 1039	7 3714	1	1
5 1039	6 4802	1	1
5 1039	4 3311	1	1
5 1039	0 3684	1	1
5 1039	2 3985	1	1
5 1040	5 612	1	1
5 1040	4 2886	1	1
5 1040	1 1077	1	1
5 1040	6 2254	1	1
5 1040	1 2364	1	1
5 1040	3 2902	1	1
5 1041	5 4833	1	1
5 1041	2 1577	1	1
5 1041	2 804	1	1
5 1041	7 722	1	1
5 1041	2 3803	1	1
5 1041	4 3520	1	1
5 1042	5 2106	1	1
5 1042	5 3587	1	1
5 1042	7 2023	1	1
5 1042	2 2162	1	1
5 1042	6 4873	1	1
5 1042	1 556	1	1
5 1043	6 18	1	1
5 1043	1 3590	1	1
5 1043	7 3346	1	1
5 1043	0 4739	1	1
5 1043	6 893	1	1
5 1043	7 3940	1	1
5 1044	5 544	1	1
5 1044	2 945	1	1
5 1044	0 336	1	1
5 1044	4 1240	1	1
5 1044	4 3499	1	1
5 1044	7 4466	1	1
5 1045	4 613	1	1
5 1045	2 2538	1	1
5 1045	1 1930	1	1
5 1045	3 1100	1	1
5 1045	6 4588	1	1
5 1045	3 1561	1	1
5 1046	5 79	1	1
5 1046	5 361	1	1
5 1046	2 4545	1	1
5 1046	7 1764	1	1
5 1046	2 1607	1	1
5 1046	0 2960	1	1
5 1047	5 4971	1	1
5 1047	1 3105	1	1
5 1047	2 4538	1	1
5 1047	7 1741	1	1
5 1047	6 4189	1	1
5 1047	7 291	1	1
5 1048	5 1929	1	1
5 1048	4 3406	1	1
5 1048	4 3087	1	1
5 1048	0 4277	1	1
5 1048	2 3588	1	1
5 1048	0 2328	1	1
5 1049	7 2270	1	1
5 1049	3 925	1	1
5 1049	4 538	1	1
5 1049	2 2276	1	1
5 1049	4 3221	1	1
5 1049	7 1549	1	1
5 1050	5 4655	1	1
5 1050	1 2931	1	1
5 1050	7 1427	1	1
5 1050	3 1812	1	1
5 1050	2 2596	1	1
5 1050	3 2852	1	1
5 1051	0 3236	1	1
5 1051	1 4379	1	1
5 1051	0 1371	1	1
5 1051	1 2903	1	1
5 1051	0 4194	1	1
5 1051	7 1262	1	1
5 1052	5 1751	1	1
5 1052	5 2636	1	1
5 1052	7 3556	1	1
5 1052	7 1661	1	1
5 1052	3 3555	1	1
5 1052	0 4038	1	1
5 1053	1 2613	1	1
5 1053	4 4663	1	1
5 1053	3 4235	1	1
5 1053	3 2605	1	1
5 1053	1 1636	1	1
5 1053	4 2210	1	1
5 1054	5 4323	1	1
5 1054	3 1457	1	1
5 1054	1 770	1	1
5 1054	4 3899	1	1
5 1054	6 2781	1	1
5 1054	0 655	1	1
5 1055	3 2264	1	1
5 1055	0 2429	1	1
5 1055	2 1922	1	1
5 1055	1 1435	1	1
5 1055	1 647	1	1
5 1055	7 2929	1	1
5 1056	5 3536	1	1
5 1056	5 3755	1	1
5 1056	5 2318	1	1
5 1056	1 128	1	1
5 1056	4 3607	1	1
5 1056	7 119	1	1
5 1057	1 4483	1	1
5 1057	6 4461	1	1
5 1057	6 2202	1	1
5 1057	7 3495	1	1
5 1057	2 3516	1	1
5 1057	7 2787	1	1
5 1058	5 2179	1	1
5 1058	4 3002	1	1
5 1058	6 2325	1	1
5 1058	7 3500	1	1
5 1058	1 2634	1	1
5 1058	0 2017	1	1
5 1059	5 3356	1	1
5 1059	4 184	1	1
5 1059	6 632	1	1
5 1059	3 3294	1	1
5 1059	6 2095	1	1
5 1059	1 1097	1	1
5 1060	5 3427	1	1
5 1060	0 1	1	1
5 1060	3 410	1	1
5 1060	2 4250	1	1
5 1060	0 2974	1	1
5 1060	7 3536	1	1
5 1061	5 3165	1	1
5 1061	0 1478	1	1
5 1061	1 4332	1	1
5 1061	3 1267	1	1
5 1061	3 4709	1	1
5 1061	4 978	1	1
5 1062	5 3834	1	1
5 1062	0 1608	1	1
5 1062	7 4908	1	1
5 1062	6 3781	1	1
5 1062	2 828	1	1
5 1062	4 3737	1	1
5 1063	5 3405	1	1
5 1063	4 2334	1	1
5 1063	1 2826	1	1
5 1063	1 4792	1	1
5 1063	0 2386	1	1
5 1063	2 1482	1	1
5 1064	5 2981	1	1
5 1064	5 1276	1	1
5 1064	3 4907	1	1
5 1064	2 3079	1	1
5 1064	1 328	1	1
5 1064	2 1902	1	1
5 1065	5 1593	1	1
5 1065	5 446	1	1
5 1065	4 1245	1	1
5 1065	7 2948	1	1
5 1065	4 2018	1	1
5 1065	1 1286	1	1
5 1066	0 2718	1	1
5 1066	3 3641	1	1
5 1066	3 2313	1	1
5 1066	4 2747	1	1
5 1066	2 3689	1	1
5 1066	4 2890	1	1
5 1067	3 874	1	1
5 1067	0 3977	1	1
5 1067	7 4010	1	1
5 1067	7 712	1	1
5 1067	7 1446	1	1
5 1067	1 3722	1	1
5 1068	5 104	1	1
5 1068	4 707	1	1
5 1068	6 2354	1	1
5 1068	6 3627	1	1
5 1068	4 1246	1	1
5 1068	0 1821	1	1
5 1069	2 1570	1	1
5 1069	4 2096	1	1
5 1069	3 952	1	1
5 1069	7 1951	1	1
5 1069	1 292	1	1
5 1069	3 4886	1	1
5 1070	5 39	1	1
5 1070	4 1668	1	1
5 1070	1 2761	1	1
5 1070	1 2035	1	1
5 1070	0 2961	1	1
5 1070	7 1639	1	1
5 1071	2 1892	1	1
5 1071	1 2047	1	1
5 1071	7 86	1	1
5 1071	3 4302	1	1
5 1071	4 4000	1	1
5 1071	4 1065	1	1
5 1072	5 3709	1	1
5 1072	2 2613	1	1
5 1072	6 4359	1	1
5 1072	3 782	1	1
5 1072	2 23	1	1
5 1072	3 1481	1	1
5 1073	5 3664	1	1
5 1073	5 599	1	1
5 1073	6 949	1	1
5 1073	1 947	1	1
5 1073	6 4096	1	1
5 1073	6 1582	1	1
5 1074	1 1312	1	1
5 1074	0 4833	1	1
5 1074	0 2802	1	1
5 1074	1 937	1	1
5 1074	2 811	1	1
5 1074	0 4192	1	1
5 1075	6 1702	1	1
5 1075	0 956	1	1
5 1075	1 4225	1	1
5 1075	6 4355	1	1
5 1075	0 3941	1	1
5 1075	3 3432	1	1
5 1076	2 3600	1	1
5 1076	4 2029	1	1
5 1076	2 1973	1	1
5 1076	6 2573	1	1
5 1076	1 751	1	1
5 1076	6 1812	1	1
5 1077	5 3912	1	1
5 1077	0 2449	1	1
5 1077	6 2895	1	1
5 1077	0 3293	1	1
5 1077	2 3752	1	1
5 1077	4 39	1	1
5 1078	5 3299	1	1
5 1078	1 4708	1	1
5 1078	3 1771	1	1
5 1078	1 3244	1	1
5 1078	7 3958	1	1
5 1078	0 1129	1	1
5 1079	5 3969	1	1
5 1079	2 2578	1	1
5 1079	2 771	1	1
5 1079	0 4244	1	1
5 1079	3 1914	1	1
5 1079	6 2062	1	1
5 1080	5 3631	1	1
5 1080	0 49	1	1
5 1080	3 3865	1	1
5 1080	1 2747	1	1
5 1080	1 768	1	1
5 1080	0 156	1	1
5 1081	5 3850	1	1
5 1081	2 3253	1	1
5 1081	3 2957	1	1
5 1081	1 2176	1	1
5 1081	1 835	1	1
5 1081	4 1660	1	1
5 1082	5 4268	1	1
5 1082	3 165	1	1
5 1082	4 4165	1	1
5 1082	1 1036	1	1
5 1082	6 4440	1	1
5 1082	0 3636	1	1
5 1083	2 3196	1	1
5 1083	1 2710	1	1
5 1083	7 3395	1	1
5 1083	7 1739	1	1
5 1083	6 326	1	1
5 1083	4 4825	1	1
5 1084	5 4369	1	1
5 1084	5 741	1	1
5 1084	3 4828	1	1
5 1084	6 4938	1	1
5 1084	2 1214	1	1
5 1084	7 4764	1	1
5 1085	1 2895	1	1
5 1085	2 942	1	1
5 1085	3 445	1	1
5 1085	1 1783	1	1
5 1085	6 2241	1	1
5 1085	4 82	1	1
5 1086	2 2565	1	1
5 1086	2 1121	1	1
5 1086	6 192	1	1
5 1086	3 1652	1	1
5 1086	1 4299	1	1
5 1086	4 2858	1	1
5 1087	5 3758	1	1
5 1087	6 2486	1	1
5 1087	6 4541	1	1
5 1087	0 24	1	1
5 1087	2 3577	1	1
5 1087	1 1841	1	1
5 1088	4 2301	1	1
5 1088	0 2713	1	1
5 1088	1 1603	1	1
5 1088	7 3670	1	1
5 1088	7 2765	1	1
5 1088	2 875	1	1
5 1089	5 3923	1	1
5 1089	6 2389	1	1
5 1089	4 2166	1	1
5 1089	6 437	1	1
5 1089	0 3134	1	1
5 1089	3 4461	1	1
5 1090	5 2294	1	1
5 1090	1 249	1	1
5 1090	0 3269	1	1
5 1090	4 4927	1	1
5 1090	1 1760	1	1
5 1090	2 1329	1	1
5 1091	5 4591	1	1
5 1091	5 4527	1	1
5 1091	0 4619	1	1
5 1091	2 1571	1	1
5 1091	2 4481	1	1
5 1091	7 3146	1	1
5 1092	5 2395	1	1
5 1092	7 400	1	1
5 1092	2 4800	1	1
5 1092	4 3170	1	1
5 1092	6 213	1	1
5 1092	0 4093	1	1
5 1093	7 2973	1	1
5 1093	2 4639	1	1
5 1093	4 2506	1	1
5 1093	2 4115	1	1
5 1093	6 3969	1	1
5 1093	1 4249	1	1
5 1094	4 1806	1	1
5 1094	4 510	1	1
5 1094	0 1687	1	1
5 1094	4 1756	1	1
5 1094	1 2986	1	1
5 1094	6 3549	1	1
5 1095	5 4872	1	1
5 1095	7 2925	1	1
5 1095	1 3637	1	1
5 1095	1 835	1	1
5 1095	2 4005	1	1
5 1095	0 3940	1	1
5 1096	5 1070	1	1
5 1096	5 1067	1	1
5 1096	0 4746	1	1
5 1096	0 4716	1	1
5 1096	4 763	1	1
5 1096	7 784	1	1
5 1097	1 3229	1	1
5 1097	1 4459	1	1
5 1097	7 2288	1	1
5 1097	2 4918	1	1
5 1097	0 1373	1	1
5 1097	7 3879	1	1
5 1098	5 4368	1	1
5 1098	5 3703	1	1
5 1098	6 4683	1	1
5 1098	0 2306	1	1
5 1098	1 2300	1	1
5 1098	1 2294	1	1
5 1099	5 3219	1	1
5 1099	6 693	1	1
5 1099	7 2617	1	1
5 1099	4 687	1	1
5 1099	6 867	1	1
5 1099	6 370	1	1
5 1100	5 2301	1	1
5 1100	4 4197	1	1
5 1100	0 2392	1	1
5 1100	1 628	1	1
5 1100	2 1653	1	1
5 1100	6 2529	1	1
5 1101	5 1067	1	1
5 1101	1 2493	1	1
5 1101	4 2558	1	1
5 1101	3 4583	1	1
5 1101	7 3635	1	1
5 1101	4 1989	1	1
5 1102	5 3208	1	1
5 1102	3 1151	1	1
5 1102	3 3014	1	1
5 1102	2 3612	1	1
5 1102	4 1208	1	1
5 1102	7 2024	1	1
5 1103	5 3744	1	1
5 1103	7 2871	1	1
5 1103	2 398	1	1
5 1103	0 4580	1	1
5 1103	3 1321	1	1
5 1103	1 2841	1	1
5 1104	7 3354	1	1
5 1104	0 3301	1	1
5 1104	1 4751	1	1
5 1104	1 118	1	1
5 1104	6 1619	1	1
5 1104	7 1647	1	1
5 1105	7 1214	1	1
5 1105	6 3523	1	1
5 1105	0 2829	1	1
5 1105	3 306	1	1
5 1105	7 655	1	1
5 1105	7 1628	1	1
5 1106	4 4996	1	1
5 1106	0 3457	1	1
5 1106	4 185	1	1
5 1106	4 3231	1	1
5 1106	1 969	1	1
5 1106	6 3591	1	1
5 1107	5 3339	1	1
5 1107	7 1177	1	1
5 1107	3 251	1	1
5 1107	7 2641	1	1
5 1107	2 2431	1	1
5 1107	7 4167	1	1
5 1108	2 4821	1	1
5 1108	1 806	1	1
5 1108	2 607	1	1
5 1108	7 555	1	1
5 1108	7 1656	1	1
5 1108	6 164	1	1
5 1109	2 4835	1	1
5 1109	1 2175	1	1
5 1109	6 3443	1	1
5 1109	1 3102	1	1
5 1109	3 3601	1	1
5 1109	4 1497	1	1
5 1110	3 2065	1	1
5 1110	1 3008	1	1
5 1110	3 36	1	1
5 1110	2 2036	1	1
5 1110	4 4177	1	1
5 1110	1 3908	1	1
5 1111	0 2419	1	1
5 1111	0 3000	1	1
5 1111	7 2568	1	1
5 1111	7 2622	1	1
5 1111	6 2615	1	1
5 1111	4 1171	1	1
5 1112	5 913	1	1
5 1112	6 3103	1	1
5 1112	4 3851	1	1
5 1112	3 2057	1	1
5 1112	6 2579	1	1
5 1112	0 1784	1	1
5 1113	5 3692	1	1
5 1113	3 452	1	1
5 1113	1 3214	1	1
5 1113	6 4882	1	1
5 1113	7 3931	1	1
5 1113	7 3802	1	1
5 1114	1 2080	1	1
5 1114	1 3868	1	1
5 1114	4 2403	1	1
5 1114	6 775	1	1
5 1114	6 79	1	1
5 1114	2 1311	1	1
5 1115	4 4336	1	1
5 1115	0 978	1	1
5 1115	3 4039	1	1
5 1115	1 2714	1	1
5 1115	2 2455	1	1
5 1115	3 1703	1	1
5 1116	7 1840	1	1
5 1116	1 528	1	1
5 1116	1 4243	1	1
5 1116	4 3270	1	1
5 1116	3 3705	1	1
5 1116	4 531	1	1
5 1117	5 2148	1	1
5 1117	2 937	1	1
5 1117	1 4068	1	1
5 1117	2 4555	1	1
5 1117	4 1998	1	1
5 1117	3 3306	1	1
5 1118	5 3034	1	1
5 1118	5 1886	1	1
5 1118	2 4013	1	1
5 1118	6 178	1	1
5 1118	6 834	1	1
5 1118	3 500	1	1
5 1119	5 3916	1	1
5 1119	6 2638	1	1
5 1119	4 445	1	1
5 1119	3 3686	1	1
5 1119	7 2775	1	1
5 1119	7 301	1	1
5 1120	0 4110	1	1
5 1120	4 4224	1	1
5 1120	6 1989	1	1
5 1120	4 826	1	1
5 1120	4 4012	1	1
5 1120	6 4789	1	1
5 1121	5 1767	1	1
5 1121	5 1970	1	1
5 1121	1 3423	1	1
5 1121	0 4607	1	1
5 1121	3 1025	1	1
5 1121	1 3178	1	1
5 1122	5 625	1	1
5 1122	5 3359	1	1
5 1122	6 4308	1	1
5 1122	0 2254	1	1
5 1122	4 1568	1	1
5 1122	3 3082	1	1
5 1123	5 1177	1	1
5 1123	3 4271	1	1
5 1123	4 1434	1	1
5 1123	4 4189	1	1
5 1123	6 1997	1	1
5 1123	7 3577	1	1
5 1124	4 2068	1	1
5 1124	0 3375	1	1
5 1124	1 2494	1	1
5 1124	6 2206	1	1
5 1124	0 1971	1	1
5 1124	0 586	1	1
5 1125	1 3734	1	1
5 1125	2 866	1	1
5 1125	6 2639	1	1
5 1125	2 3535	1	1
5 1125	7 4913	1	1
5 1125	0 2848	1	1
5 1126	5 4526	1	1
5 1126	7 289	1	1
5 1126	4 3853	1	1
5 1126	1 1140	1	1
5 1126	2 2187	1	1
5 1126	4 2778	1	1
5 1127	1 101	1	1
5 1127	2 280	1	1
5 1127	2 217	1	1
5 1127	1 3456	1	1
5 1127	0 3938	1	1
5 1127	3 1839	1	1
5 1128	2 2403	1	1
5 1128	4 2323	1	1
5 1128	6 4888	1	1
5 1128	7 2599	1	1
5 1128	6 1302	1	1
5 1128	7 1197	1	1
5 1129	4 1581	1	1
5 1129	6 4809	1	1
5 1129	0 1587	1	1
5 1129	2 4674	1	1
5 1129	1 4089	1	1
5 1129	3 973	1	1
5 1130	5 3205	1	1
5 1130	5 765	1	1
5 1130	5 631	1	1
5 1130	0 1308	1	1
5 1130	4 3011	1	1
5 1130	4 1346	1	1
5 1131	5 2639	1	1
5 1131	3 2713	1	1
5 1131	4 3691	1	1
5 1131	1 1384	1	1
5 1131	4 3327	1	1
5 1131	6 2457	1	1
5 1132	5 3396	1	1
5 1132	0 3149	1	1
5 1132	4 3118	1	1
5 1132	2 1434	1	1
5 1132	3 1226	1	1
5 1132	3 1981	1	1
5 1133	5 3176	1	1
5 1133	3 55	1	1
5 1133	6 1494	1	1
5 1133	6 3369	1	1
5 1133	2 531	1	1
5 1133	0 1606	1	1
5 1134	2 4978	1	1
5 1134	3 1212	1	1
5 1134	3 3234	1	1
5 1134	4 2933	1	1
5 1134	2 4845	1	1
5 1134	7 748	1	1
5 1135	4 4718	1	1
5 1135	4 1893	1	1
5 1135	4 2999	1	1
5 1135	1 4858	1	1
5 1135	6 258	1	1
5 1135	7 2643	1	1
5 1136	5 1120	1	1
5 1136	0 321	1	1
5 1136	2 2791	1	1
5 1136	3 909	1	1
5 1136	2 3669	1	1
5 1136	4 2251	1	1
5 1137	5 1841	1	1
5 1137	7 1928	1	1
5 1137	3 724	1	1
5 1137	1 2791	1	1
5 1137	1 10	1	1
5 1137	0 3103	1	1
5 1138	4 4459	1	1
5 1138	7 563	1	1
5 1138	1 1205	1	1
5 1138	0 593	1	1
5 1138	1 1650	1	1
5 1138	1 4733	1	1
5 1139	5 1980	1	1
5 1139	6 555	1	1
5 1139	2 2830	1	1
5 1139	6 236	1	1
5 1139	7 4079	1	1
5 1139	4 2457	1	1
5 1140	4 2893	1	1
5 1140	2 3563	1	1
5 1140	2 186	1	1
5 1140	7 2385	1	1
5 1140	6 3059	1	1
5 1140	7 1995	1	1
5 1141	3 3968	1	1
5 1141	3 1793	1	1
5 1141	4 980	1	1
5 1141	4 842	1	1
5 1141	7 909	1	1
5 1141	3 2243	1	1
5 1142	5 981	1	1
5 1142	2 3293	1	1
5 1142	2 781	1	1
5 1142	2 317	1	1
5 1142	0 1557	1	1
5 1142	6 4923	1	1
5 1143	5 2334	1	1
5 1143	5 794	1	1
5 1143	0 544	1	1
5 1143	3 1909	1	1
5 1143	7 4589	1	1
5 1143	2 444	1	1
5 1144	2 3597	1	1
5 1144	4 1410	1	1
5 1144	3 979	1	1
5 1144	7 3203	1	1
5 1144	2 4867	1	1
5 1144	3 3455	1	1
5 1145	6 3389	1	1
5 1145	1 1757	1	1
5 1145	7 4914	1	1
5 1145	6 4824	1	1
5 1145	1 2039	1	1
5 1145	6 1130	1	1
5 1146	5 3739	1	1
5 1146	4 4273	1	1
5 1146	1 2549	1	1
5 1146	7 841	1	1
5 1146	1 169	1	1
5 1146	1 1536	1	1
5 1147	3 2717	1	1
5 1147	0 2468	1	1
5 1147	6 3609	1	1
5 1147	2 2902	1	1
5 1147	1 1181	1	1
5 1147	6 3250	1	1
5 1148	7 3566	1	1
5 1148	4 2038	1	1
5 1148	6 3493	1	1
5 1148	0 874	1	1
5 1148	0 2143	1	1
5 1148	0 2182	1	1
5 1149	1 2835	1	1
5 1149	4 4160	1	1
5 1149	3 2910	1	1
5 1149	7 3241	1	1
5 1149	6 642	1	1
5 1149	3 3376	1	1
5 1150	1 4412	1	1
5 1150	7 4245	1	1
5 1150	0 3273	1	1
5 1150	2 805	1	1
5 1150	2 4894	1	1
5 1150	7 1979	1	1
5 1151	5 3291	1	1
5 1151	5 1978	1	1
5 1151	6 4278	1	1
5 1151	6 2458	1	1
5 1151	3 4813	1	1
5 1151	7 3618	1	1
5 1152	0 1020	1	1
5 1152	0 3556	1	1
5 1152	6 4083	1	1
5 1152	2 1753	1	1
5 1152	6 1301	1	1
5 1152	3 2029	1	1
5 1153	5 1877	1	1
5 1153	6 1081	1	1
5 1153	6 2116	1	1
5 1153	7 2216	1	1
5 1153	2 4673	1	1
5 1153	7 4265	1	1
5 1154	5 4198	1	1
5 1154	5 3457	1	1
5 1154	3 622	1	1
5 1154	7 4107	1	1
5 1154	0 4062	1	1
5 1154	0 154	1	1
5 1155	2 2607	1	1
5 1155	3 1400	1	1
5 1155	4 2301	1	1
5 1155	1 1539	1	1
5 1155	6 1370	1	1
5 1155	7 4161	1	1
5 1156	4 792	1	1
5 1156	2 3377	1	1
5 1156	4 2511	1	1
5 1156	1 1791	1	1
5 1156	6 2736	1	1
5 1156	3 1735	1	1
5 1157	1 4086	1	1
5 1157	3 4675	1	1
5 1157	1 3000	1	1
5 1157	1 4703	1	1
5 1157	7 4906	1	1
5 1157	4 4777	1	1
5 1158	7 1004	1	1
5 1158	4 2872	1	1
5 1158	7 478	1	1
5 1158	7 4377	1	1
5 1158	2 3316	1	1
5 1158	6 1584	1	1
5 1159	5 1422	1	1
5 1159	5 4058	1	1
5 1159	5 3708	1	1
5 1159	4 2434	1	1
5 1159	4 256	1	1
5 1159	7 2773	1	1
5 1160	4 4005	1	1
5 1160	6 4549	1	1
5 1160	2 3160	1	1
5 1160	2 2853	1	1
5 1160	1 1655	1	1
5 1160	0 3261	1	1
5 1161	5 4983	1	1
5 1161	6 2523	1	1
5 1161	1 2332	1	1
5 1161	6 2699	1	1
5 1161	7 2894	1	1
5 1161	2 4945	1	1
5 1162	5 3940	1	1
5 1162	3 4696	1	1
5 1162	6 3424	1	1
5 1162	1 3956	1	1
5 1162	6 2928	1	1
5 1162	7 645	1	1
5 1163	2 4862	1	1
5 1163	0 788	1	1
5 1163	6 1853	1	1
5 1163	2 2448	1	1
5 1163	0 1652	1	1
5 1163	3 619	1	1
5 1164	5 1868	1	1
5 1164	3 2182	1	1
5 1164	4 3334	1	1
5 1164	6 790	1	1
5 1164	7 1090	1	1
5 1164	0 3887	1	1
5 1165	5 4423	1	1
5 1165	1 58	1	1
5 1165	2 1128	1	1
5 1165	1 1652	1	1
5 1165	4 862	1	1
5 1165	7 1896	1	1
5 1166	1 119	1	1
5 1166	7 2183	1	1
5 1166	3 4925	1	1
5 1166	1 433	1	1
5 1166	4 3689	1	1
5 1166	0 3884	1	1
5 1167	7 538	1	1
5 1167	4 3454	1	1
5 1167	2 3473	1	1
5 1167	1 4654	1	1
5 1167	0 1750	1	1
5 1167	7 326	1	1
5 1168	5 1296	1	1
5 1168	4 2679	1	1
5 1168	6 3253	1	1
5 1168	2 2681	1	1
5 1168	2 1592	1	1
5 1168	7 2621	1	1
5 1169	5 849	1	1
5 1169	5 2942	1	1
5 1169	1 2186	1	1
5 1169	7 4839	1	1
5 1169	1 2432	1	1
5 1169	1 3306	1	1
5 1170	5 804	1	1
5 1170	6 4043	1	1
5 1170	4 1762	1	1
5 1170	1 3961	1	1
5 1170	2 163	1	1
5 1170	1 4165	1	1
5 1171	6 3402	1	1
5 1171	6 1589	1	1
5 1171	6 1283	1	1
5 1171	4 4911	1	1
5 1171	0 4502	1	1
5 1171	4 4298	1	1
5 1172	5 4162	1	1
5 1172	5 909	1	1
5 1172	1 1856	1	1
5 1172	6 1372	1	1
5 1172	7 1811	1	1
5 1172	6 3414	1	1
5 1173	5 818	1	1
5 1173	5 2534	1	1
5 1173	6 85	1	1
5 1173	4 2730	1	1
5 1173	0 1102	1	1
5 1173	2 4936	1	1
5 1174	4 50	1	1
5 1174	2 4168	1	1
5 1174	0 2140	1	1
5 1174	4 2581	1	1
5 1174	1 4781	1	1
5 1174	2 333	1	1
5 1175	6 572	1	1
5 1175	4 2999	1	1
5 1175	4 2996	1	1
5 1175	1 4834	1	1
5 1175	0 1045	1	1
5 1175	7 4464	1	1
5 1176	5 1097	1	1
5 1176	6 1526	1	1
5 1176	1 1987	1	1
5 1176	2 819	1	1
5 1176	2 1886	1	1
5 1176	6 3418	1	1
5 1177	7 2605	1	1
5 1177	1 876	1	1
5 1177	0 4167	1	1
5 1177	3 2104	1	1
5 1177	6 783	1	1
5 1177	3 2675	1	1
5 1178	0 2835	1	1
5 1178	6 3152	1	1
5 1178	6 4091	1	1
5 1178	7 677	1	1
5 1178	7 1069	1	1
5 1178	7 523	1	1
5 1179	1 2800	1	1
5 1179	4 3600	1	1
5 1179	0 2789	1	1
5 1179	1 616	1	1
5 1179	0 2527	1	1
5 1179	2 2889	1	1
5 1180	4 2250	1	1
5 1180	2 4472	1	1
5 1180	2 3725	1	1
5 1180	7 4488	1	1
5 1180	1 3334	1	1
5 1180	0 2885	1	1
5 1181	7 1523	1	1
5 1181	7 2562	1	1
5 1181	7 1247	1	1
5 1181	4 563	1	1
5 1181	2 2790	1	1
5 1181	2 2988	1	1
5 1182	5 4730	1	1
5 1182	5 3787	1	1
5 1182	5 4068	1	1
5 1182	6 1206	1	1
5 1182	1 18	1	1
5 1182	1 4841	1	1
5 1183	0 2477	1	1
5 1183	2 1766	1	1
5 1183	6 4677	1	1
5 1183	6 585	1	1
5 1183	7 4659	1	1
5 1183	2 1686	1	1
5 1184	5 4386	1	1
5 1184	6 2667	1	1
5 1184	0 680	1	1
5 1184	6 568	1	1
5 1184	7 4394	1	1
5 1184	3 1956	1	1
5 1185	7 566	1	1
5 1185	4 4021	1	1
5 1185	4 3400	1	1
5 1185	2 975	1	1
5 1185	4 2341	1	1
5 1185	1 2578	1	1
5 1186	2 4353	1	1
5 1186	4 4021	1	1
5 1186	6 2445	1	1
5 1186	4 1425	1	1
5 1186	4 252	1	1
5 1186	7 1416	1	1
5 1187	5 285	1	1
5 1187	1 3674	1	1
5 1187	1 1127	1	1
5 1187	6 1633	1	1
5 1187	3 2115	1	1
5 1187	0 246	1	1
5 1188	1 2226	1	1
5 1188	7 290	1	1
5 1188	2 2311	1	1
5 1188	6 4288	1	1
5 1188	0 3674	1	1
5 1188	3 4029	1	1
5 1189	5 3583	1	1
5 1189	6 1117	1	1
5 1189	7 2298	1	1
5 1189	6 80	1	1
5 1189	7 2148	1	1
5 1189	4 2310	1	1
5 1190	5 4331	1	1
5 1190	5 4211	1	1
5 1190	4 1309	1	1
5 1190	2 1164	1	1
5 1190	1 3850	1	1
5 1190	3 620	1	1
5 1191	4 2173	1	1
5 1191	1 2756	1	1
5 1191	0 4789	1	1
5 1191	4 3996	1	1
5 1191	4 1746	1	1
5 1191	0 3394	1	1
5 1192	5 183	1	1
5 1192	5 526	1	1
5 1192	6 2970	1	1
5 1192	1 4880	1	1
5 1192	0 3192	1	1
5 1192	2 1873	1	1
5 1193	7 3400	1	1
5 1193	2 1662	1	1
5 1193	3 3182	1	1
5 1193	4 1861	1	1
5 1193	6 1607	1	1
5 1193	6 17	1	1
5 1194	0 833	1	1
5 1194	0 4989	1	1
5 1194	3 2216	1	1
5 1194	6 464	1	1
5 1194	3 1326	1	1
5 1194	1 2811	1	1
5 1195	5 1953	1	1
5 1195	0 2585	1	1
5 1195	7 3366	1	1
5 1195	3 3639	1	1
5 1195	3 3005	1	1
5 1195	7 116	1	1
5 1196	2 1979	1	1
5 1196	4 3614	1	1
5 1196	3 4557	1	1
5 1196	7 4257	1	1
5 1196	0 4174	1	1
5 1196	3 1347	1	1
5 1197	5 3718	1	1
5 1197	0 623	1	1
5 1197	7 3006	1	1
5 1197	6 2950	1	1
5 1197	4 719	1	1
5 1197	1 2124	1	1
5 1198	4 2026	1	1
5 1198	6 3062	1	1
5 1198	4 4377	1	1
5 1198	1 4761	1	1
5 1198	1 64	1	1
5 1198	4 2362	1	1
5 1199	5 28	1	1
5 1199	7 3737	1	1
5 1199	0 1761	1	1
5 1199	7 2306	1	1
5 1199	0 182	1	1
5 1199	6 856	1	1
5 1200	5 3897	1	1
5 1200	5 1580	1	1
5 1200	0 671	1	1
5 1200	1 390	1	1
5 1200	3 769	1	1
5 1200	2 599	1	1
5 1201	0 1713	1	1
5 1201	0 3982	1	1
5 1201	0 305	1	1
5 1201	4 4270	1	1
5 1201	0 2062	1	1
5 1201	6 4377	1	1
5 1202	2 681	1	1
5 1202	4 2389	1	1
5 1202	0 4360	1	1
5 1202	6 4092	1	1
5 1202	1 1339	1	1
5 1202	2 2043	1	1
5 1203	5 1928	1	1
5 1203	7 1587	1	1
5 1203	1 975	1	1
5 1203	3 231	1	1
5 1203	2 2217	1	1
5 1203	3 3436	1	1
5 1204	5 3082	1	1
5 1204	6 1802	1	1
5 1204	1 1762	1	1
5 1204	2 4569	1	1
5 1204	1 1392	1	1
5 1204	3 2424	1	1
5 1205	7 1423	1	1
5 1205	7 4553	1	1
5 1205	1 2780	1	1
5 1205	4 2876	1	1
5 1205	4 2911	1	1
5 1205	3 355	1	1
5 1206	6 1767	1	1
5 1206	6 4415	1	1
5 1206	4 369	1	1
5 1206	6 381	1	1
5 1206	7 3451	1	1
5 1206	2 2166	1	1
5 1207	5 4048	1	1
5 1207	3 312	1	1
5 1207	7 1617	1	1
5 1207	1 1249	1	1
5 1207	3 326	1	1
5 1207	3 4697	1	1
5 1208	5 4418	1	1
5 1208	5 1272	1	1
5 1208	5 3295	1	1
5 1208	3 4841	1	1
5 1208	6 2979	1	1
5 1208	0 1463	1	1
5 1209	1 1050	1	1
5 1209	1 2703	1	1
5 1209	1 4192	1	1
5 1209	7 475	1	1
5 1209	1 571	1	1
5 1209	1 3431	1	1
5 1210	7 4096	1	1
5 1210	7 2857	1	1
5 1210	1 378	1	1
5 1210	3 4006	1	1
5 1210	2 636	1	1
5 1210	2 4574	1	1
5 1211	4 3990	1	1
5 1211	3 3402	1	1
5 1211	2 1286	1	1
5 1211	7 1751	1	1
5 1211	3 2240	1	1
5 1211	0 1358	1	1
5 1212	5 952	1	1
5 1212	0 863	1	1
5 1212	0 4060	1	1
5 1212	1 285	1	1
5 1212	4 858	1	1
5 1212	1 793	1	1
5 1213	5 3829	1	1
5 1213	5 3075	1	1
5 1213	0 583	1	1
5 1213	2 215	1	1
5 1213	0 3482	1	1
5 1213	4 327	1	1
5 1214	3 1540	1	1
5 1214	7 1305	1	1
5 1214	6 4813	1	1
5 1214	2 605	1	1
5 1214	1 585	1	1
5 1214	6 2424	1	1
5 1215	5 3860	1	1
5 1215	5 2543	1	1
5 1215	5 4090	1	1
5 1215	2 1374	1	1
5 1215	3 3123	1	1
5 1215	2 3375	1	1
5 1216	7 659	1	1
5 1216	4 4677	1	1
5 1216	3 3230	1	1
5 1216	3 721	1	1
5 1216	3 1322	1	1
5 1216	4 133	1	1
5 1217	3 2319	1	1
5 1217	7 4411	1	1
5 1217	7 4136	1	1
5 1217	3 957	1	1
5 1217	2 1568	1	1
5 1217	7 3152	1	1
5 1218	2 3412	1	1
5 1218	3 605	1	1
5 1218	1 1580	1	1
5 1218	4 4130	1	1
5 1218	4 2899	1	1
5 1218	1 1381	1	1
5 1219	5 3846	1	1
5 1219	5 4946	1	1
5 1219	4 2592	1	1
5 1219	0 1570	1	1
5 1219	4 4221	1	1
5 1219	1 2137	1	1
5 1220	0 487	1	1
5 1220	4 3767	1	1
5 1220	1 1503	1	1
5 1220	1 3314	1	1
5 1220	0 3642	1	1
5 1220	3 530	1	1
5 1221	5 1204	1	1
5 1221	5 1750	1	1
5 1221	5 4727	1	1
5 1221	7 4614	1	1
5 1221	2 2626	1	1
5 1221	2 2772	1	1
5 1222	5 1954	1	1
5 1222	0 3929	1	1
5 1222	4 3025	1	1
5 1222	7 2348	1	1
5 1222	7 4162	1	1
5 1222	7 849	1	1
5 1223	7 4107	1	1
5 1223	0 2163	1	1
5 1223	6 2862	1	1
5 1223	3 1511	1	1
5 1223	7 1	1	1
5 1223	0 1000	1	1
5 1224	5 866	1	1
5 1224	5 4292	1	1
5 1224	5 4667	1	1
5 1224	4 3105	1	1
5 1224	1 2050	1	1
5 1224	2 518	1	1
5 1225	6 1944	1	1
5 1225	7 179	1	1
5 1225	4 3735	1	1
5 1225	6 2254	1	1
5 1225	2 4245	1	1
5 1225	1 2969	1	1
5 1226	4 713	1	1
5 1226	2 963	1	1
5 1226	3 3308	1	1
5 1226	3 1431	1	1
5 1226	1 1545	1	1
5 1226	2 3318	1	1
5 1227	5 3947	1	1
5 1227	5 592	1	1
5 1227	1 2340	1	1
5 1227	6 1273	1	1
5 1227	4 2322	1	1
5 1227	6 1704	1	1
5 1228	5 2572	1	1
5 1228	4 201	1	1
5 1228	6 2150	1	1
5 1228	2 4485	1	1
5 1228	7 4656	1	1
5 1228	0 597	1	1
5 1229	1 1113	1	1
5 1229	7 1177	1	1
5 1229	2 2115	1	1
5 1229	3 3617	1	1
5 1229	1 4240	1	1
5 1229	4 2888	1	1
5 1230	2 1263	1	1
5 1230	4 1395	1	1
5 1230	6 2532	1	1
5 1230	1 2460	1	1
5 1230	4 2797	1	1
5 1230	3 923	1	1
5 1231	1 1731	1	1
5 1231	2 1130	1	1
5 1231	2 4759	1	1
5 1231	3 1654	1	1
5 1231	4 2887	1	1
5 1231	2 1367	1	1
5 1232	5 4078	1	1
5 1232	5 2299	1	1
5 1232	0 4336	1	1
5 1232	7 1484	1	1
5 1232	2 1074	1	1
5 1232	1 4847	1	1
5 1233	0 2632	1	1
5 1233	6 501	1	1
5 1233	2 3405	1	1
5 1233	4 1761	1	1
5 1233	0 4266	1	1
5 1233	7 597	1	1
5 1234	5 2245	1	1
5 1234	0 4915	1	1
5 1234	2 566	1	1
5 1234	3 3540	1	1
5 1234	7 1355	1	1
5 1234	7 1729	1	1
5 1235	4 4068	1	1
5 1235	3 4015	1	1
5 1235	4 4251	1	1
5 1235	1 15	1	1
5 1235	6 4657	1	1
5 1235	4 2588	1	1
5 1236	4 956	1	1
5 1236	2 787	1	1
5 1236	3 2355	1	1
5 1236	6 2175	1	1
5 1236	3 3205	1	1
5 1236	0 4962	1	1
5 1237	5 2777	1	1
5 1237	7 368	1	1
5 1237	6 2781	1	1
5 1237	4 4202	1	1
5 1237	0 4594	1	1
5 1237	6 4789	1	1
5 1238	5 2267	1	1
5 1238	2 2130	1	1
5 1238	4 4724	1	1
5 1238	0 108	1	1
5 1238	7 4482	1	1
5 1238	2 1609	1	1
5 1239	6 1405	1	1
5 1239	3 679	1	1
5 1239	1 908	1	1
5 1239	1 2071	1	1
5 1239	3 2251	1	1
5 1239	7 2549	1	1
5 1240	5 3641	1	1
5 1240	4 2151	1	1
5 1240	7 4476	1	1
5 1240	6 3120	1	1
5 1240	4 3390	1	1
5 1240	1 2958	1	1
5 1241	5 1683	1	1
5 1241	2 2816	1	1
5 1241	1 3774	1	1
5 1241	0 3339	1	1
5 1241	7 531	1	1
5 1241	6 4728	1	1
5 1242	5 2664	1	1
5 1242	6 3689	1	1
5 1242	2 2609	1	1
5 1242	6 4139	1	1
5 1242	0 2553	1	1
5 1242	3 117	1	1
5 1243	0 1250	1	1
5 1243	0 161	1	1
5 1243	7 2642	1	1
5 1243	3 16	1	1
5 1243	6 943	1	1
5 1243	6 4969	1	1
5 1244	5 4969	1	1
5 1244	3 4866	1	1
5 1244	0 930	1	1
5 1244	0 2523	1	1
5 1244	3 3583	1	1
5 1244	3 2142	1	1
5 1245	3 2622	1	1
5 1245	1 2114	1	1
5 1245	3 3971	1	1
5 1245	3 2674	1	1
5 1245	4 2088	1	1
5 1245	4 3205	1	1
5 1246	5 3623	1	1
5 1246	5 90	1	1
5 1246	7 3671	1	1
5 1246	7 880	1	1
5 1246	0 4882	1	1
5 1246	6 3133	1	1
5 1247	5 1430	1	1
5 1247	4 1365	1	1
5 1247	2 2326	1	1
5 1247	6 950	1	1
5 1247	7 2095	1	1
5 1247	2 3293	1	1
5 1248	7 3400	1	1
5 1248	1 1629	1	1
5 1248	0 698	1	1
5 1248	3 1440	1	1
5 1248	0 3079	1	1
5 1248	6 1078	1	1
5 1249	0 3972	1	1
5 1249	7 264	1	1
5 1249	2 4302	1	1
5 1249	4 3672	1	1
5 1249	4 39	1	1
5 1249	1 1312	1	1
5 1250	0 4754	1	1
5 1250	0 3074	1	1
5 1250	1 1336	1	1
5 1250	7 3457	1	1
5 1250	1 2047	1	1
5 1250	2 106	1	1
5 1251	5 1869	1	1
5 1251	0 3901	1	1
5 1251	6 723	1	1
5 1251	2 3087	1	1
5 1251	1 3911	1	1
5 1251	4 2865	1	1
5 1252	7 336	1	1
5 1252	1 2340	1	1
5 1252	1 2171	1	1
5 1252	4 1480	1	1
5 1252	0 4844	1	1
5 1252	3 4296	1	1
5 1253	5 300	1	1
5 1253	1 52	1	1
5 1253	3 4430	1	1
5 1253	7 4671	1	1
5 1253	2 1443	1	1
5 1253	6 4430	1	1
5 1254	5 2787	1	1
5 1254	6 3288	1	1
5 1254	7 1957	1	1
5 1254	3 2716	1	1
5 1254	0 4531	1	1
5 1254	4 609	1	1
5 1255	5 3366	1	1
5 1255	1 3100	1	1
5 1255	3 1124	1	1
5 1255	7 2560	1	1
5 1255	2 4924	1	1
5 1255	4 4303	1	1
5 1256	5 169	1	1
5 1256	2 4977	1	1
5 1256	6 408	1	1
5 1256	3 4186	1	1
5 1256	2 1726	1	1
5 1256	1 2032	1	1
5 1257	5 4229	1	1
5 1257	3 1955	1	1
5 1257	6 4165	1	1
5 1257	2 1142	1	1
5 1257	2 350	1	1
5 1257	1 1356	1	1
5 1258	5 1827	1	1
5 1258	7 4222	1	1
5 1258	4 2131	1	1
5 1258	6 4674	1	1
5 1258	1 4445	1	1
5 1258	0 3917	1	1
5 1259	5 2462	1	1
5 1259	4 991	1	1
5 1259	1 1970	1	1
5 1259	2 2657	1	1
5 1259	7 617	1	1
5 1259	2 3643	1	1
5 1260	4 1071	1	1
5 1260	7 3892	1	1
5 1260	2 4815	1	1
5 1260	0 3427	1	1
5 1260	2 936	1	1
5 1260	1 2715	1	1
5 1261	1 2495	1	1
5 1261	6 3831	1	1
5 1261	0 3921	1	1
5 1261	7 4611	1	1
5 1261	0 269	1	1
5 1261	1 2455	1	1
5 1262	5 741	1	1
5 1262	0 233	1	1
5 1262	3 1404	1	1
5 1262	6 33	1	1
5 1262	4 3092	1	1
5 1262	7 3584	1	1
5 1263	5 3070	1	1
5 1263	2 1479	1	1
5 1263	1 506	1	1
5 1263	6 1496	1	1
5 1263	6 2898	1	1
5 1263	7 3309	1	1
5 1264	5 213	1	1
5 1264	0 524	1	1
5 1264	2 3686	1	1
5 1264	3 4605	1	1
5 1264	0 3097	1	1
5 1264	3 885	1	1
5 1265	5 1491	1	1
5 1265	4 3921	1	1
5 1265	4 1008	1	1
5 1265	3 2078	1	1
5 1265	6 3475	1	1
5 1265	4 3718	1	1
5 1266	5 1458	1	1
5 1266	0 2170	1	1
5 1266	6 1430	1	1
5 1266	3 3336	1	1
5 1266	2 3140	1	1
5 1266	7 788	1	1
5 1267	1 4805	1	1
5 1267	7 1087	1	1
5 1267	1 3950	1	1
5 1267	0 1129	1	1
5 1267	0 2708	1	1
5 1267	3 796	1	1
5 1268	5 4946	1	1
5 1268	4 3164	1	1
5 1268	4 4297	1	1
5 1268	7 2156	1	1
5 1268	0 4616	1	1
5 1268	7 1112	1	1
5 1269	7 1121	1	1
5 1269	2 993	1	1
5 1269	0 4072	1	1
5 1269	0 985	1	1
5 1269	0 780	1	1
5 1269	6 3824	1	1
5 1270	0 129	1	1
5 1270	2 4621	1	1
5 1270	4 2552	1	1
5 1270	6 3302	1	1
5 1270	6 1216	1	1
5 1270	2 2946	1	1
5 1271	5 3117	1	1
5 1271	0 3643	1	1
5 1271	0 4927	1	1
5 1271	4 1539	1	1
5 1271	6 3395	1	1
5 1271	2 1268	1	1
5 1272	2 593	1	1
5 1272	6 4019	1	1
5 1272	2 3553	1	1
5 1272	1 1941	1	1
5 1272	2 1397	1	1
5 1272	2 2063	1	1
5 1273	5 779	1	1
5 1273	5 4790	1	1
5 1273	4 1894	1	1
5 1273	2 2888	1	1
5 1273	4 4182	1	1
5 1273	4 3460	1	1
5 1274	3 3425	1	1
5 1274	7 911	1	1
5 1274	7 3676	1	1
5 1274	0 321	1	1
5 1274	6 654	1	1
5 1274	1 4717	1	1
5 1275	5 2637	1	1
5 1275	5 2968	1	1
5 1275	1 2959	1	1
5 1275	3 3156	1	1
5 1275	0 4466	1	1
5 1275	1 3069	1	1
5 1276	2 174	1	1
5 1276	4 1780	1	1
5 1276	0 761	1	1
5 1276	1 3728	1	1
5 1276	3 4429	1	1
5 1276	3 4615	1	1
5 1277	2 683	1	1
5 1277	7 2709	1	1
5 1277	4 3646	1	1
5 1277	7 1835	1	1
5 1277	4 4456	1	1
5 1277	3 4444	1	1
5 1278	3 748	1	1
5 1278	7 1614	1	1
5 1278	7 3296	1	1
5 1278	6 473	1	1
5 1278	3 4554	1	1
5 1278	0 1524	1	1
5 1279	3 2898	1	1
5 1279	1 946	1	1
5 1279	4 1922	1	1
5 1279	3 3220	1	1
5 1279	1 1731	1	1
5 1279	7 3231	1	1
5 1280	0 835	1	1
5 1280	7 2972	1	1
5 1280	0 1247	1	1
5 1280	1 4952	1	1
5 1280	7 236	1	1
5 1280	2 2111	1	1
5 1281	5 1121	1	1
5 1281	2 4786	1	1
5 1281	4 2922	1	1
5 1281	1 4783	1	1
5 1281	3 4654	1	1
5 1281	0 4767	1	1
5 1282	1 4040	1	1
5 1282	0 4799	1	1
5 1282	0 329	1	1
5 1282	6 3204	1	1
5 1282	4 4606	1	1
5 1282	2 2770	1	1
5 1283	5 737	1	1
5 1283	5 2399	1	1
5 1283	1 2884	1	1
5 1283	4 1522	1	1
5 1283	3 2618	1	1
5 1283	6 4591	1	1
5 1284	3 580	1	1
5 1284	1 4993	1	1
5 1284	2 1454	1	1
5 1284	0 2565	1	1
5 1284	2 3797	1	1
5 1284	1 1354	1	1
5 1285	6 3278	1	1
5 1285	2 3437	1	1
5 1285	7 4604	1	1
5 1285	3 3483	1	1
5 1285	7 1315	1	1
5 1285	6 1885	1	1
5 1286	6 2638	1	1
5 1286	2 3985	1	1
5 1286	1 2764	1	1
5 1286	0 93	1	1
5 1286	0 3683	1	1
5 1286	7 1218	1	1
5 1287	4 4935	1	1
5 1287	0 3301	1	1
5 1287	7 2843	1	1
5 1287	3 549	1	1
5 1287	4 2896	1	1
5 1287	3 2126	1	1
5 1288	5 2312	1	1
5 1288	6 2418	1	1
5 1288	4 473	1	1
5 1288	1 2015	1	1
5 1288	2 3209	1	1
5 1288	4 4750	1	1
5 1289	5 4250	1	1
5 1289	1 4326	1	1
5 1289	1 2438	1	1
5 1289	0 2498	1	1
5 1289	2 4773	1	1
5 1289	4 3006	1	1
5 1290	5 1149	1	1
5 1290	5 3742	1	1
5 1290	0 402	1	1
5 1290	1 227	1	1
5 1290	0 1266	1	1
5 1290	1 3995	1	1
5 1291	2 707	1	1
5 1291	1 2739	1	1
5 1291	4 4953	1	1
5 1291	0 2526	1	1
5 1291	1 4594	1	1
5 1291	7 1361	1	1
5 1292	5 3653	1	1
5 1292	0 4436	1	1
5 1292	4 938	1	1
5 1292	1 1079	1	1
5 1292	2 4639	1	1
5 1292	3 256	1	1
5 1293	3 2053	1	1
5 1293	1 4475	1	1
5 1293	0 792	1	1
5 1293	4 4913	1	1
5 1293	2 1437	1	1
5 1293	0 3955	1	1
5 1294	0 832	1	1
5 1294	4 3921	1	1
5 1294	2 1419	1	1
5 1294	1 4387	1	1
5 1294	2 2480	1	1
5 1294	1 4487	1	1
5 1295	5 1022	1	1
5 1295	5 3809	1	1
5 1295	1 2468	1	1
5 1295	2 1211	1	1
5 1295	2 490	1	1
5 1295	4 2317	1	1
5 1296	5 3208	1	1
5 1296	2 4676	1	1
5 1296	7 2355	1	1
5 1296	3 3225	1	1
5 1296	7 4577	1	1
5 1296	4 4316	1	1
5 1297	4 2967	1	1
5 1297	4 1523	1	1
5 1297	0 4060	1	1
5 1297	6 4628	1	1
5 1297	7 1390	1	1
5 1297	7 2731	1	1
5 1298	5 2936	1	1
5 1298	2 2065	1	1
5 1298	4 3232	1	1
5 1298	7 1244	1	1
5 1298	4 2156	1	1
5 1298	3 2439	1	1
5 1299	0 2245	1	1
5 1299	4 1377	1	1
5 1299	1 694	1	1
5 1299	6 4237	1	1
5 1299	0 1152	1	1
5 1299	4 1854	1	1
5 1300	5 3112	1	1
5 1300	4 1490	1	1
5 1300	0 3503	1	1
5 1300	6 625	1	1
5 1300	3 2425	1	1
5 1300	1 1242	1	1
5 1301	6 1595	1	1
5 1301	2 1485	1	1
5 1301	1 2642	1	1
5 1301	1 4292	1	1
5 1301	7 4356	1	1
5 1301	1 4505	1	1
5 1302	5 1804	1	1
5 1302	5 3308	1	1
5 1302	1 4417	1	1
5 1302	3 669	1	1
5 1302	2 3121	1	1
5 1302	3 2870	1	1
5 1303	5 4522	1	1
5 1303	3 4405	1	1
5 1303	1 1302	1	1
5 1303	2 1626	1	1
5 1303	7 2300	1	1
5 1303	6 2713	1	1
5 1304	4 2549	1	1
5 1304	4 4733	1	1
5 1304	4 2558	1	1
5 1304	0 3325	1	1
5 1304	2 2295	1	1
5 1304	4 2767	1	1
5 1305	5 386	1	1
5 1305	5 4586	1	1
5 1305	1 1087	1	1
5 1305	0 879	1	1
5 1305	6 3189	1	1
5 1305	2 864	1	1
5 1306	5 1285	1	1
5 1306	1 984	1	1
5 1306	6 4911	1	1
5 1306	1 1778	1	1
5 1306	3 117	1	1
5 1306	2 1573	1	1
5 1307	0 1610	1	1
5 1307	7 386	1	1
5 1307	6 4112	1	1
5 1307	7 3117	1	1
5 1307	2 4539	1	1
5 1307	3 3370	1	1
5 1308	7 3589	1	1
5 1308	3 1792	1	1
5 1308	3 3200	1	1
5 1308	0 1158	1	1
5 1308	6 1963	1	1
5 1308	7 1006	1	1
5 1309	5 3020	1	1
5 1309	0 3801	1	1
5 1309	3 3616	1	1
5 1309	2 4881	1	1
5 1309	4 2984	1	1
5 1309	1 2255	1	1
5 1310	5 3408	1	1
5 1310	5 4895	1	1
5 1310	0 1978	1	1
5 1310	4 3913	1	1
5 1310	2 3248	1	1
5 1310	4 2698	1	1
5 1311	5 2380	1	1
5 1311	4 2138	1	1
5 1311	0 21	1	1
5 1311	3 1265	1	1
5 1311	4 4014	1	1
5 1311	1 4577	1	1
5 1312	0 1794	1	1
5 1312	4 3995	1	1
5 1312	0 156	1	1
5 1312	7 49	1	1
5 1312	2 3071	1	1
5 1312	2 292	1	1
5 1313	5 4387	1	1
5 1313	4 2061	1	1
5 1313	3 3221	1	1
5 1313	3 1389	1	1
5 1313	1 4087	1	1
5 1313	0 1974	1	1
5 1314	1 1192	1	1
5 1314	1 498	1	1
5 1314	3 3444	1	1
5 1314	7 4527	1	1
5 1314	2 1536	1	1
5 1314	1 3063	1	1
5 1315	7 2612	1	1
5 1315	4 2690	1	1
5 1315	0 613	1	1
5 1315	6 3925	1	1
5 1315	0 1344	1	1
5 1315	6 3464	1	1
5 1316	2 3342	1	1
5 1316	1 4973	1	1
5 1316	3 3928	1	1
5 1316	1 4275	1	1
5 1316	7 1344	1	1
5 1316	7 2664	1	1
5 1317	2 2863	1	1
5 1317	1 4188	1	1
5 1317	4 2727	1	1
5 1317	4 1695	1	1
5 1317	7 3867	1	1
5 1317	7 850	1	1
5 1318	5 3572	1	1
5 1318	5 2407	1	1
5 1318	0 743	1	1
5 1318	1 3390	1	1
5 1318	7 4120	1	1
5 1318	3 1256	1	1
5 1319	5 532	1	1
5 1319	5 563	1	1
5 1319	0 3786	1	1
5 1319	2 494	1	1
5 1319	7 306	1	1
5 1319	7 4481	1	1
5 1320	4 2386	1	1
5 1320	3 2999	1	1
5 1320	2 4380	1	1
5 1320	2 2568	1	1
5 1320	7 845	1	1
5 1320	1 3661	1	1
5 1321	5 2953	1	1
5 1321	2 40	1	1
5 1321	3 2805	1	1
5 1321	6 1518	1	1
5 1321	4 4610	1	1
5 1321	0 2356	1	1
5 1322	5 4772	1	1
5 1322	7 2829	1	1
5 1322	3 209	1	1
5 1322	6 1780	1	1
5 1322	4 2826	1	1
5 1322	4 2548	1	1
5 1323	5 1164	1	1
5 1323	0 1483	1	1
5 1323	7 1461	1	1
5 1323	1 2621	1	1
5 1323	4 1986	1	1
5 1323	0 4244	1	1
5 1324	5 1340	1	1
5 1324	4 256	1	1
5 1324	0 899	1	1
5 1324	4 1590	1	1
5 1324	6 4559	1	1
5 1324	3 4300	1	1
5 1325	3 2353	1	1
5 1325	1 2903	1	1
5 1325	4 2123	1	1
5 1325	6 4188	1	1
5 1325	2 4506	1	1
5 1325	6 29	1	1
5 1326	5 3870	1	1
5 1326	0 210	1	1
5 1326	3 4535	1	1
5 1326	4 1237	1	1
5 1326	4 4743	1	1
5 1326	7 1950	1	1
5 1327	3 275	1	1
5 1327	0 4274	1	1
5 1327	2 1534	1	1
5 1327	3 234	1	1
5 1327	7 4419	1	1
5 1327	3 4277	1	1
5 1328	5 378	1	1
5 1328	2 4004	1	1
5 1328	1 1333	1	1
5 1328	6 901	1	1
5 1328	1 1095	1	1
5 1328	0 777	1	1
5 1329	5 3280	1	1
5 1329	7 1804	1	1
5 1329	6 1668	1	1
5 1329	7 572	1	1
5 1329	2 686	1	1
5 1329	4 3965	1	1
5 1330	0 1231	1	1
5 1330	7 391	1	1
5 1330	1 4212	1	1
5 1330	2 2957	1	1
5 1330	7 2638	1	1
5 1330	4 1930	1	1
5 1331	2 4431	1	1
5 1331	4 3940	1	1
5 1331	1 1831	1	1
5 1331	2 2285	1	1
5 1331	6 1911	1	1
5 1331	2 1090	1	1
5 1332	2 3235	1	1
5 1332	7 3398	1	1
5 1332	4 469	1	1
5 1332	1 4004	1	1
5 1332	4 3898	1	1
5 1332	0 1277	1	1
5 1333	5 2758	1	1
5 1333	0 3722	1	1
5 1333	6 1421	1	1
5 1333	0 2552	1	1
5 1333	0 2537	1	1
5 1333	0 3314	1	1
5 1334	5 3893	1	1
5 1334	3 3238	1	1
5 1334	1 2736	1	1
5 1334	0 2534	1	1
5 1334	2 4705	1	1
5 1334	2 1412	1	1
5 1335	5 1356	1	1
5 1335	6 3563	1	1
5 1335	0 2621	1	1
5 1335	2 3080	1	1
5 1335	6 1437	1	1
5 1335	6 3503	1	1
5 1336	3 1707	1	1
5 1336	6 2561	1	1
5 1336	0 4768	1	1
5 1336	3 4413	1	1
5 1336	1 4317	1	1
5 1336	2 3612	1	1
5 1337	6 2113	1	1
5 1337	1 2481	1	1
5 1337	3 141	1	1
5 1337	1 277	1	1
5 1337	6 3878	1	1
5 1337	2 2690	1	1
5 1338	5 1334	1	1
5 1338	7 1617	1	1
5 1338	7 603	1	1
5 1338	2 4509	1	1
5 1338	4 4193	1	1
5 1338	7 599	1	1
5 1339	2 143	1	1
5 1339	1 2978	1	1
5 1339	6 3119	1	1
5 1339	3 3495	1	1
5 1339	2 4853	1	1
5 1339	0 2575	1	1
5 1340	0 4090	1	1
5 1340	7 1648	1	1
5 1340	1 183	1	1
5 1340	3 4269	1	1
5 1340	2 39	1	1
5 1340	3 894	1	1
5 1341	2 1846	1	1
5 1341	6 1850	1	1
5 1341	6 3971	1	1
5 1341	3 2190	1	1
5 1341	0 1954	1	1
5 1341	6 2401	1	1
5 1342	5 3109	1	1
5 1342	0 3413	1	1
5 1342	2 1840	1	1
5 1342	1 3774	1	1
5 1342	1 841	1	1
5 1342	1 4541	1	1
5 1343	2 1283	1	1
5 1343	7 2663	1	1
5 1343	4 4302	1	1
5 1343	7 3511	1	1
5 1343	0 4279	1	1
5 1343	7 2219	1	1
5 1344	1 3801	1	1
5 1344	6 3743	1	1
5 1344	0 1232	1	1
5 1344	6 3667	1	1
5 1344	2 2947	1	1
5 1344	4 319	1	1
5 1345	2 2973	1	1
5 1345	0 3359	1	1
5 1345	2 4214	1	1
5 1345	2 1786	1	1
5 1345	0 2927	1	1
5 1345	7 218	1	1
5 1346	5 3841	1	1
5 1346	7 3229	1	1
5 1346	4 1819	1	1
5 1346	2 4077	1	1
5 1346	2 3319	1	1
5 1346	1 3925	1	1
5 1347	5 3315	1	1
5 1347	5 3985	1	1
5 1347	6 4028	1	1
5 1347	4 677	1	1
5 1347	3 1328	1	1
5 1347	2 1043	1	1
5 1348	5 1133	1	1
5 1348	0 1512	1	1
5 1348	6 4405	1	1
5 1348	7 4308	1	1
5 1348	6 2913	1	1
5 1348	6 2613	1	1
5 1349	3 4858	1	1
5 1349	0 3999	1	1
5 1349	4 3801	1	1
5 1349	3 4246	1	1
5 1349	3 1909	1	1
5 1349	4 3679	1	1
5 1350	7 3227	1	1
5 1350	7 3557	1	1
5 1350	1 3468	1	1
5 1350	4 1941	1	1
5 1350	3 3684	1	1
5 1350	6 2178	1	1
5 1351	1 4562	1	1
5 1351	2 3344	1	1
5 1351	1 1211	1	1
5 1351	7 1354	1	1
5 1351	2 1535	1	1
5 1351	0 3288	1	1
5 1352	3 1924	1	1
5 1352	4 1551	1	1
5 1352	7 1460	1	1
5 1352	4 4378	1	1
5 1352	7 4041	1	1
5 1352	1 1156	1	1
5 1353	5 3134	1	1
5 1353	5 2485	1	1
5 1353	7 1046	1	1
5 1353	0 1953	1	1
5 1353	4 1322	1	1
5 1353	1 2787	1	1
5 1354	5 2711	1	1
5 1354	0 643	1	1
5 1354	1 2003	1	1
5 1354	6 1074	1	1
5 1354	2 4356	1	1
5 1354	0 4460	1	1
5 1355	5 3847	1	1
5 1355	6 3409	1	1
5 1355	0 2374	1	1
5 1355	7 3124	1	1
5 1355	4 420	1	1
5 1355	1 204	1	1
5 1356	5 4086	1	1
5 1356	7 4882	1	1
5 1356	7 2950	1	1
5 1356	7 2388	1	1
5 1356	4 4653	1	1
5 1356	4 1746	1	1
5 1357	5 1776	1	1
5 1357	5 4649	1	1
5 1357	3 3999	1	1
5 1357	7 2444	1	1
5 1357	4 2260	1	1
5 1357	0 3393	1	1
5 1358	5 3471	1	1
5 1358	4 3024	1	1
5 1358	3 3943	1	1
5 1358	6 45	1	1
5 1358	7 2633	1	1
5 1358	3 4556	1	1
5 1359	5 1871	1	1
5 1359	5 4760	1	1
5 1359	5 3950	1	1
5 1359	1 4525	1	1
5 1359	3 2265	1	1
5 1359	4 2554	1	1
5 1360	3 2481	1	1
5 1360	6 1621	1	1
5 1360	2 4365	1	1
5 1360	4 4452	1	1
5 1360	2 3131	1	1
5 1360	0 852	1	1
5 1361	0 2653	1	1
5 1361	1 506	1	1
5 1361	0 2038	1	1
5 1361	1 13	1	1
5 1361	2 4239	1	1
5 1361	3 2398	1	1
5 1362	6 4791	1	1
5 1362	7 3837	1	1
5 1362	4 2183	1	1
5 1362	7 3189	1	1
5 1362	0 3084	1	1
5 1362	2 540	1	1
5 1363	5 864	1	1
5 1363	0 209	1	1
5 1363	0 2007	1	1
5 1363	2 1671	1	1
5 1363	3 654	1	1
5 1363	6 3905	1	1
5 1364	5 4719	1	1
5 1364	2 4288	1	1
5 1364	6 2053	1	1
5 1364	6 4638	1	1
5 1364	6 3392	1	1
5 1364	0 3656	1	1
5 1365	3 3667	1	1
5 1365	4 1445	1	1
5 1365	0 422	1	1
5 1365	0 82	1	1
5 1365	3 2249	1	1
5 1365	7 3205	1	1
5 1366	2 3494	1	1
5 1366	4 4564	1	1
5 1366	7 3389	1	1
5 1366	1 3724	1	1
5 1366	6 1944	1	1
5 1366	6 4861	1	1
5 1367	0 2675	1	1
5 1367	3 3966	1	1
5 1367	4 3849	1	1
5 1367	7 2200	1	1
5 1367	6 1555	1	1
5 1367	7 2813	1	1
5 1368	5 4956	1	1
5 1368	2 1438	1	1
5 1368	4 3800	1	1
5 1368	4 4541	1	1
5 1368	2 339	1	1
5 1368	3 1593	1	1
5 1369	3 1359	1	1
5 1369	2 2426	1	1
5 1369	4 1607	1	1
5 1369	3 4523	1	1
5 1369	7 4387	1	1
5 1369	3 2833	1	1
5 1370	5 3090	1	1
5 1370	1 3426	1	1
5 1370	0 2217	1	1
5 1370	0 1399	1	1
5 1370	7 657	1	1
5 1370	0 2558	1	1
5 1371	7 4948	1	1
5 1371	3 4359	1	1
5 1371	4 1058	1	1
5 1371	6 4870	1	1
5 1371	0 3418	1	1
5 1371	4 1278	1	1
5 1372	3 2645	1	1
5 1372	1 2302	1	1
5 1372	2 3718	1	1
5 1372	4 2081	1	1
5 1372	6 416	1	1
5 1372	2 3531	1	1
5 1373	5 2805	1	1
5 1373	5 1948	1	1
5 1373	0 4475	1	1
5 1373	4 3796	1	1
5 1373	1 4295	1	1
5 1373	6 533	1	1
5 1374	5 599	1	1
5 1374	2 1908	1	1
5 1374	2 35	1	1
5 1374	2 3279	1	1
5 1374	1 858	1	1
5 1374	1 3792	1	1
5 1375	5 2089	1	1
5 1375	5 1298	1	1
5 1375	1 579	1	1
5 1375	0 2067	1	1
5 1375	6 3234	1	1
5 1375	3 27	1	1
5 1376	6 1658	1	1
5 1376	4 2590	1	1
5 1376	1 1411	1	1
5 1376	0 3772	1	1
5 1376	7 3681	1	1
5 1376	7 3085	1	1
5 1377	7 3050	1	1
5 1377	6 3626	1	1
5 1377	0 2308	1	1
5 1377	7 58	1	1
5 1377	3 2601	1	1
5 1377	7 4600	1	1
5 1378	5 1356	1	1
5 1378	1 2984	1	1
5 1378	1 3897	1	1
5 1378	2 2415	1	1
5 1378	4 532	1	1
5 1378	2 2498	1	1
5 1379	5 2482	1	1
5 1379	7 278	1	1
5 1379	1 4139	1	1
5 1379	6 4921	1	1
5 1379	0 1041	1	1
5 1379	1 3092	1	1
5 1380	5 4769	1	1
5 1380	5 2659	1	1
5 1380	3 4176	1	1
5 1380	6 4976	1	1
5 1380	2 1310	1	1
5 1380	1 539	1	1
5 1381	5 1031	1	1
5 1381	5 825	1	1
5 1381	3 349	1	1
5 1381	3 1848	1	1
5 1381	0 1013	1	1
5 1381	0 4014	1	1
5 1382	5 3942	1	1
5 1382	2 3313	1	1
5 1382	6 630	1	1
5 1382	7 4903	1	1
5 1382	4 3436	1	1
5 1382	1 1718	1	1
5 1383	6 3492	1	1
5 1383	7 312	1	1
5 1383	4 2206	1	1
5 1383	0 3799	1	1
5 1383	3 175	1	1
5 1383	4 2263	1	1
5 1384	5 4000	1	1
5 1384	4 4312	1	1
5 1384	3 2285	1	1
5 1384	3 2288	1	1
5 1384	0 4196	1	1
5 1384	3 4889	1	1
5 1385	5 2813	1	1
5 1385	4 2444	1	1
5 1385	0 3292	1	1
5 1385	6 1541	1	1
5 1385	0 446	1	1
5 1385	3 4028	1	1
5 1386	5 4007	1	1
5 1386	5 3430	1	1
5 1386	1 2775	1	1
5 1386	6 2281	1	1
5 1386	6 1695	1	1
5 1386	6 2596	1	1
5 1387	3 1748	1	1
5 1387	6 2250	1	1
5 1387	0 1329	1	1
5 1387	7 3123	1	1
5 1387	3 2943	1	1
5 1387	1 3233	1	1
5 1388	3 3776	1	1
5 1388	0 4698	1	1
5 1388	0 3410	1	1
5 1388	7 4157	1	1
5 1388	3 294	1	1
5 1388	0 2473	1	1
5 1389	0 2867	1	1
5 1389	7 3256	1	1
5 1389	4 3054	1	1
5 1389	3 2368	1	1
5 1389	3 2532	1	1
5 1389	1 1792	1	1
5 1390	5 3187	1	1
5 1390	5 2482	1	1
5 1390	2 46	1	1
5 1390	3 1120	1	1
5 1390	4 4247	1	1
5 1390	4 2308	1	1
5 1391	5 654	1	1
5 1391	2 1616	1	1
5 1391	1 1717	1	1
5 1391	3 1653	1	1
5 1391	1 2474	1	1
5 1391	1 1195	1	1
5 1392	5 4948	1	1
5 1392	6 686	1	1
5 1392	1 2029	1	1
5 1392	6 2815	1	1
5 1392	4 2190	1	1
5 1392	2 451	1	1
5 1393	7 4327	1	1
5 1393	7 3900	1	1
5 1393	1 122	1	1
5 1393	4 4200	1	1
5 1393	7 3045	1	1
5 1393	4 799	1	1
5 1394	5 627	1	1
5 1394	5 1315	1	1
5 1394	7 2370	1	1
5 1394	3 3607	1	1
5 1394	1 1305	1	1
5 1394	7 653	1	1
5 1395	6 486	1	1
5 1395	7 241	1	1
5 1395	3 38	1	1
5 1395	3 1058	1	1
5 1395	4 3480	1	1
5 1395	7 3604	1	1
5 1396	5 3165	1	1
5 1396	2 2152	1	1
5 1396	4 4616	1	1
5 1396	2 870	1	1
5 1396	1 2602	1	1
5 1396	1 1221	1	1
5 1397	5 372	1	1
5 1397	0 1949	1	1
5 1397	4 4502	1	1
5 1397	0 25	1	1
5 1397	6 4579	1	1
5 1397	4 3774	1	1
5 1398	6 1921	1	1
5 1398	6 667	1	1
5 1398	6 1841	1	1
5 1398	3 3067	1	1
5 1398	7 2636	1	1
5 1398	1 875	1	1
5 1399	1 41	1	1
5 1399	6 588	1	1
5 1399	2 3	1	1
5 1399	2 969	1	1
5 1399	6 1655	1	1
5 1399	6 2715	1	1
5 1400	3 2202	1	1
5 1400	4 4380	1	1
5 1400	1 810	1	1
5 1400	0 2410	1	1
5 1400	6 3230	1	1
5 1400	3 2304	1	1
5 1401	6 483	1	1
5 1401	6 4713	1	1
5 1401	4 2957	1	1
5 1401	2 2958	1	1
5 1401	0 3431	1	1
5 1401	1 1982	1	1
5 1402	5 3146	1	1
5 1402	0 4058	1	1
5 1402	2 4302	1	1
5 1402	2 610	1	1
5 1402	6 4435	1	1
5 1402	1 4928	1	1
5 1403	5 4062	1	1
5 1403	1 2812	1	1
5 1403	2 4413	1	1
5 1403	6 3229	1	1
5 1403	7 2468	1	1
5 1403	1 1194	1	1
5 1404	5 3601	1	1
5 1404	3 3080	1	1
5 1404	4 3196	1	1
5 1404	0 364	1	1
5 1404	0 3392	1	1
5 1404	1 158	1	1
5 1405	4 2020	1	1
5 1405	2 4224	1	1
5 1405	1 4622	1	1
5 1405	1 3527	1	1
5 1405	3 2797	1	1
5 1405	6 2950	1	1
5 1406	5 664	1	1
5 1406	5 3199	1	1
5 1406	2 3607	1	1
5 1406	4 3361	1	1
5 1406	7 3071	1	1
5 1406	4 2205	1	1
5 1407	5 925	1	1
5 1407	5 2323	1	1
5 1407	1 4925	1	1
5 1407	6 3426	1	1
5 1407	0 635	1	1
5 1407	3 4621	1	1
5 1408	5 3992	1	1
5 1408	0 2426	1	1
5 1408	1 2285	1	1
5 1408	1 916	1	1
5 1408	6 2896	1	1
5 1408	6 3553	1	1
5 1409	5 1952	1	1
5 1409	6 3013	1	1
5 1409	3 4883	1	1
5 1409	0 4351	1	1
5 1409	4 4930	1	1
5 1409	0 125	1	1
5 1410	5 1503	1	1
5 1410	4 1629	1	1
5 1410	1 863	1	1
5 1410	3 2832	1	1
5 1410	1 4784	1	1
5 1410	1 1740	1	1
5 1411	5 1765	1	1
5 1411	3 2344	1	1
5 1411	1 1754	1	1
5 1411	2 653	1	1
5 1411	1 3901	1	1
5 1411	7 3904	1	1
5 1412	2 3554	1	1
5 1412	7 3010	1	1
5 1412	7 2524	1	1
5 1412	4 2327	1	1
5 1412	7 338	1	1
5 1412	3 4477	1	1
5 1413	5 1258	1	1
5 1413	2 4799	1	1
5 1413	1 4234	1	1
5 1413	6 30	1	1
5 1413	7 2355	1	1
5 1413	1 1083	1	1
5 1414	5 2241	1	1
5 1414	5 3693	1	1
5 1414	0 1807	1	1
5 1414	4 49	1	1
5 1414	7 1134	1	1
5 1414	1 918	1	1
5 1415	5 217	1	1
5 1415	4 3866	1	1
5 1415	3 2454	1	1
5 1415	1 524	1	1
5 1415	3 3847	1	1
5 1415	6 1566	1	1
5 1416	5 3186	1	1
5 1416	4 1552	1	1
5 1416	4 3154	1	1
5 1416	6 2239	1	1
5 1416	2 96	1	1
5 1416	4 3049	1	1
5 1417	2 2391	1	1
5 1417	1 4301	1	1
5 1417	0 3926	1	1
5 1417	3 3768	1	1
5 1417	2 1517	1	1
5 1417	2 4852	1	1
5 1418	2 276	1	1
5 1418	2 1794	1	1
5 1418	4 2792	1	1
5 1418	0 2592	1	1
5 1418	1 574	1	1
5 1418	0 3205	1	1
5 1419	5 4022	1	1
5 1419	1 2607	1	1
5 1419	1 1688	1	1
5 1419	3 4445	1	1
5 1419	7 1991	1	1
5 1419	7 1183	1	1
5 1420	5 3821	1	1
5 1420	0 4525	1	1
5 1420	4 4657	1	1
5 1420	6 5	1	1
5 1420	4 354	1	1
5 1420	1 2043	1	1
5 1421	5 2771	1	1
5 1421	0 4875	1	1
5 1421	2 4244	1	1
5 1421	4 436	1	1
5 1421	3 1986	1	1
5 1421	7 1399	1	1
5 1422	5 2434	1	1
5 1422	1 307	1	1
5 1422	1 1841	1	1
5 1422	7 1325	1	1
5 1422	0 1812	1	1
5 1422	7 2657	1	1
5 1423	5 4600	1	1
5 1423	0 2188	1	1
5 1423	1 2077	1	1
5 1423	0 2451	1	1
5 1423	2 4366	1	1
5 1423	6 2443	1	1
5 1424	5 4709	1	1
5 1424	5 4237	1	1
5 1424	1 1000	1	1
5 1424	3 3516	1	1
5 1424	2 1537	1	1
5 1424	0 2266	1	1
5 1425	2 1207	1	1
5 1425	7 1352	1	1
5 1425	7 4299	1	1
5 1425	2 1950	1	1
5 1425	4 3260	1	1
5 1425	3 163	1	1
5 1426	0 1632	1	1
5 1426	0 2742	1	1
5 1426	6 1673	1	1
5 1426	4 2378	1	1
5 1426	2 4193	1	1
5 1426	1 282	1	1
5 1427	2 628	1	1
5 1427	2 224	1	1
5 1427	4 2505	1	1
5 1427	1 230	1	1
5 1427	1 280	1	1
5 1427	2 1902	1	1
5 1428	3 4060	1	1
5 1428	6 988	1	1
5 1428	3 4531	1	1
5 1428	3 480	1	1
5 1428	7 4717	1	1
5 1428	7 2274	1	1
5 1429	6 952	1	1
5 1429	4 1464	1	1
5 1429	0 237	1	1
5 1429	6 3567	1	1
5 1429	0 382	1	1
5 1429	0 2477	1	1
5 1430	3 4947	1	1
5 1430	7 1431	1	1
5 1430	3 3143	1	1
5 1430	0 560	1	1
5 1430	6 709	1	1
5 1430	4 4828	1	1
5 1431	5 2187	1	1
5 1431	3 3575	1	1
5 1431	6 4141	1	1
5 1431	6 695	1	1
5 1431	4 2244	1	1
5 1431	4 4477	1	1
5 1432	3 4350	1	1
5 1432	2 2455	1	1
5 1432	0 3532	1	1
5 1432	6 2347	1	1
5 1432	6 1831	1	1
5 1432	7 4457	1	1
5 1433	3 3023	1	1
5 1433	6 4643	1	1
5 1433	1 2065	1	1
5 1433	3 2131	1	1
5 1433	0 1479	1	1
5 1433	0 4937	1	1
5 1434	5 2399	1	1
5 1434	3 1072	1	1
5 1434	3 3906	1	1
5 1434	0 3824	1	1
5 1434	7 4332	1	1
5 1434	2 1335	1	1
5 1435	5 3211	1	1
5 1435	2 3723	1	1
5 1435	0 4981	1	1
5 1435	1 2368	1	1
5 1435	2 3915	1	1
5 1435	4 3381	1	1
5 1436	2 4708	1	1
5 1436	2 2882	1	1
5 1436	6 719	1	1
5 1436	1 1720	1	1
5 1436	0 2310	1	1
5 1436	6 1866	1	1
5 1437	5 932	1	1
5 1437	4 4910	1	1
5 1437	3 4038	1	1
5 1437	3 4123	1	1
5 1437	1 180	1	1
5 1437	0 3592	1	1
5 1438	4 705	1	1
5 1438	4 4856	1	1
5 1438	4 883	1	1
5 1438	7 3435	1	1
5 1438	4 820	1	1
5 1438	6 3806	1	1
5 1439	5 2297	1	1
5 1439	7 2723	1	1
5 1439	0 2513	1	1
5 1439	4 1153	1	1
5 1439	2 3904	1	1
5 1439	2 3551	1	1
5 1440	0 2686	1	1
5 1440	3 2690	1	1
5 1440	1 2997	1	1
5 1440	1 78	1	1
5 1440	7 2229	1	1
5 1440	1 505	1	1
5 1441	5 4535	1	1
5 1441	3 4361	1	1
5 1441	1 1433	1	1
5 1441	7 654	1	1
5 1441	3 3615	1	1
5 1441	6 1722	1	1
5 1442	5 3862	1	1
5 1442	0 768	1	1
5 1442	0 3345	1	1
5 1442	2 200	1	1
5 1442	6 3572	1	1
5 1442	3 4480	1	1
5 1443	4 2701	1	1
5 1443	1 2427	1	1
5 1443	1 427	1	1
5 1443	1 2381	1	1
5 1443	4 218	1	1
5 1443	2 2937	1	1
5 1444	5 2834	1	1
5 1444	5 334	1	1
5 1444	1 4851	1	1
5 1444	0 378	1	1
5 1444	4 3323	1	1
5 1444	4 151	1	1
5 1445	5 1297	1	1
5 1445	0 746	1	1
5 1445	1 4797	1	1
5 1445	4 3255	1	1
5 1445	0 3228	1	1
5 1445	2 3779	1	1
5 1446	5 2720	1	1
5 1446	5 1671	1	1
5 1446	5 3825	1	1
5 1446	4 407	1	1
5 1446	7 783	1	1
5 1446	0 2450	1	1
5 1447	5 2584	1	1
5 1447	5 1468	1	1
5 1447	2 2662	1	1
5 1447	2 3130	1	1
5 1447	6 4598	1	1
5 1447	2 124	1	1
5 1448	5 1483	1	1
5 1448	6 3260	1	1
5 1448	4 1495	1	1
5 1448	2 2067	1	1
5 1448	6 649	1	1
5 1448	4 1288	1	1
5 1449	5 4428	1	1
5 1449	2 4381	1	1
5 1449	4 1916	1	1
5 1449	6 1798	1	1
5 1449	1 4663	1	1
5 1449	4 1732	1	1
5 1450	5 135	1	1
5 1450	5 3697	1	1
5 1450	5 2989	1	1
5 1450	2 4581	1	1
5 1450	4 3180	1	1
5 1450	7 3444	1	1
5 1451	5 4931	1	1
5 1451	6 2400	1	1
5 1451	0 1278	1	1
5 1451	7 1968	1	1
5 1451	2 3308	1	1
5 1451	2 402	1	1
5 1452	5 3110	1	1
5 1452	0 1	1	1
5 1452	6 3087	1	1
5 1452	3 545	1	1
5 1452	0 347	1	1
5 1452	2 3742	1	1
5 1453	4 2448	1	1
5 1453	4 1008	1	1
5 1453	1 3682	1	1
5 1453	3 2669	1	1
5 1453	6 2666	1	1
5 1453	0 273	1	1
5 1454	0 553	1	1
5 1454	7 2152	1	1
5 1454	2 3393	1	1
5 1454	4 1556	1	1
5 1454	1 2937	1	1
5 1454	7 1901	1	1
5 1455	5 4873	1	1
5 1455	0 549	1	1
5 1455	1 4952	1	1
5 1455	4 253	1	1
5 1455	2 327	1	1
5 1455	6 236	1	1
5 1456	5 4355	1	1
5 1456	7 3858	1	1
5 1456	0 3490	1	1
5 1456	3 4616	1	1
5 1456	6 263	1	1
5 1456	3 841	1	1
5 1457	6 3247	1	1
5 1457	4 53	1	1
5 1457	6 2070	1	1
5 1457	6 744	1	1
5 1457	7 701	1	1
5 1457	6 1334	1	1
5 1458	6 644	1	1
5 1458	3 3884	1	1
5 1458	2 1514	1	1
5 1458	2 438	1	1
5 1458	1 1824	1	1
5 1458	7 1889	1	1
5 1459	1 1114	1	1
5 1459	2 1771	1	1
5 1459	1 3454	1	1
5 1459	4 3977	1	1
5 1459	1 84	1	1
5 1459	3 2966	1	1
5 1460	5 2250	1	1
5 1460	5 4573	1	1
5 1460	6 1540	1	1
5 1460	3 4868	1	1
5 1460	2 1054	1	1
5 1460	3 1694	1	1
5 1461	0 3521	1	1
5 1461	2 376	1	1
5 1461	6 4852	1	1
5 1461	2 1470	1	1
5 1461	2 198	1	1
5 1461	6 2154	1	1
5 1462	0 2230	1	1
5 1462	6 1393	1	1
5 1462	7 3583	1	1
5 1462	3 1675	1	1
5 1462	7 1916	1	1
5 1462	3 3030	1	1
5 1463	5 2003	1	1
5 1463	1 2730	1	1
5 1463	0 3072	1	1
5 1463	1 4135	1	1
5 1463	7 1268	1	1
5 1463	4 1844	1	1
5 1464	5 4723	1	1
5 1464	5 3668	1	1
5 1464	7 957	1	1
5 1464	2 1014	1	1
5 1464	3 3812	1	1
5 1464	3 3262	1	1
5 1465	5 1236	1	1
5 1465	7 1461	1	1
5 1465	4 604	1	1
5 1465	7 763	1	1
5 1465	1 1915	1	1
5 1465	3 1163	1	1
5 1466	4 3003	1	1
5 1466	6 4634	1	1
5 1466	4 1902	1	1
5 1466	0 839	1	1
5 1466	4 2189	1	1
5 1466	3 1298	1	1
5 1467	5 1811	1	1
5 1467	5 2854	1	1
5 1467	5 4645	1	1
5 1467	6 1125	1	1
5 1467	4 2830	1	1
5 1467	1 2424	1	1
5 1468	5 1846	1	1
5 1468	0 434	1	1
5 1468	3 3135	1	1
5 1468	3 3270	1	1
5 1468	3 3855	1	1
5 1468	3 651	1	1
5 1469	2 1538	1	1
5 1469	3 1163	1	1
5 1469	1 1667	1	1
5 1469	0 2962	1	1
5 1469	3 4366	1	1
5 1469	1 1577	1	1
5 1470	2 299	1	1
5 1470	0 913	1	1
5 1470	3 4372	1	1
5 1470	6 3696	1	1
5 1470	6 1072	1	1
5 1470	2 4858	1	1
5 1471	7 2851	1	1
5 1471	6 4468	1	1
5 1471	3 397	1	1
5 1471	7 224	1	1
5 1471	7 3635	1	1
5 1471	7 3807	1	1
5 1472	7 4587	1	1
5 1472	3 2855	1	1
5 1472	3 4977	1	1
5 1472	2 3876	1	1
5 1472	3 2778	1	1
5 1472	4 3220	1	1
5 1473	5 3158	1	1
5 1473	5 1573	1	1
5 1473	0 510	1	1
5 1473	1 2385	1	1
5 1473	1 1653	1	1
5 1473	2 2061	1	1
5 1474	5 2505	1	1
5 1474	5 2994	1	1
5 1474	0 744	1	1
5 1474	6 4890	1	1
5 1474	0 2530	1	1
5 1474	7 2044	1	1
5 1475	6 4997	1	1
5 1475	2 4331	1	1
5 1475	3 4465	1	1
5 1475	4 1667	1	1
5 1475	2 3211	1	1
5 1475	7 4227	1	1
5 1476	0 2289	1	1
5 1476	7 3780	1	1
5 1476	4 1221	1	1
5 1476	4 711	1	1
5 1476	7 231	1	1
5 1476	6 1131	1	1
5 1477	5 4995	1	1
5 1477	2 4480	1	1
5 1477	4 2981	1	1
5 1477	2 3749	1	1
5 1477	2 1883	1	1
5 1477	1 508	1	1
5 1478	3 3169	1	1
5 1478	4 1874	1	1
5 1478	3 1951	1	1
5 1478	0 2786	1	1
5 1478	1 2674	1	1
5 1478	0 4073	1	1
5 1479	5 391	1	1
5 1479	2 2469	1	1
5 1479	1 3847	1	1
5 1479	6 2492	1	1
5 1479	3 4262	1	1
5 1479	3 2838	1	1
5 1480	5 3158	1	1
5 1480	4 4606	1	1
5 1480	3 3423	1	1
5 1480	4 130	1	1
5 1480	1 1478	1	1
5 1480	4 1035	1	1
5 1481	0 528	1	1
5 1481	0 1074	1	1
5 1481	0 4206	1	1
5 1481	4 4614	1	1
5 1481	6 2506	1	1
5 1481	7 4266	1	1
5 1482	5 2069	1	1
5 1482	6 1264	1	1
5 1482	2 4755	1	1
5 1482	6 4753	1	1
5 1482	6 2134	1	1
5 1482	1 4672	1	1
5 1483	4 3120	1	1
5 1483	4 1179	1	1
5 1483	2 1728	1	1
5 1483	2 3280	1	1
5 1483	3 2511	1	1
5 1483	3 1852	1	1
5 1484	5 4658	1	1
5 1484	1 4886	1	1
5 1484	4 969	1	1
5 1484	4 1463	1	1
5 1484	7 2296	1	1
5 1484	6 2696	1	1
5 1485	4 2576	1	1
5 1485	7 1023	1	1
5 1485	0 228	1	1
5 1485	4 3031	1	1
5 1485	6 357	1	1
5 1485	3 3606	1	1
5 1486	3 1920	1	1
5 1486	4 2900	1	1
5 1486	4 2967	1	1
5 1486	4 1602	1	1
5 1486	3 3187	1	1
5 1486	4 2778	1	1
5 1487	2 3329	1	1
5 1487	6 3120	1	1
5 1487	4 1646	1	1
5 1487	6 3148	1	1
5 1487	6 268	1	1
5 1487	4 2079	1	1
5 1488	5 2434	1	1
5 1488	6 1618	1	1
5 1488	1 4313	1	1
5 1488	0 4549	1	1
5 1488	1 466	1	1
5 1488	6 2194	1	1
5 1489	2 4929	1	1
5 1489	3 3942	1	1
5 1489	4 3546	1	1
5 1489	0 3639	1	1
5 1489	6 4612	1	1
5 1489	7 4460	1	1
5 1490	5 981	1	1
5 1490	5 213	1	1
5 1490	5 3268	1	1
5 1490	3 2984	1	1
5 1490	0 714	1	1
5 1490	7 3572	1	1
5 1491	6 4685	1	1
5 1491	1 3456	1	1
5 1491	1 1438	1	1
5 1491	0 3605	1	1
5 1491	7 2515	1	1
5 1491	1 3238	1	1
5 1492	5 4966	1	1
5 1492	6 2552	1	1
5 1492	2 4131	1	1
5 1492	2 3867	1	1
5 1492	4 217	1	1
5 1492	1 2444	1	1
5 1493	5 1750	1	1
5 1493	5 4667	1	1
5 1493	1 1736	1	1
5 1493	2 4596	1	1
5 1493	6 2913	1	1
5 1493	2 1488	1	1
5 1494	4 1215	1	1
5 1494	0 1032	1	1
5 1494	7 4189	1	1
5 1494	7 2596	1	1
5 1494	6 3914	1	1
5 1494	4 4317	1	1
5 1495	5 2823	1	1
5 1495	7 1226	1	1
5 1495	4 2499	1	1
5 1495	0 615	1	1
5 1495	0 3347	1	1
5 1495	7 1866	1	1
5 1496	5 4157	1	1
5 1496	5 2103	1	1
5 1496	0 3446	1	1
5 1496	3 311	1	1
5 1496	2 1267	1	1
5 1496	6 2285	1	1
5 1497	5 1639	1	1
5 1497	1 4246	1	1
5 1497	0 4276	1	1
5 1497	3 1441	1	1
5 1497	1 918	1	1
5 1497	0 453	1	1
5 1498	5 895	1	1
5 1498	3 599	1	1
5 1498	0 356	1	1
5 1498	6 3252	1	1
5 1498	1 4767	1	1
5 1498	7 3176	1	1
5 1499	5 978	1	1
5 1499	3 3345	1	1
5 1499	6 2765	1	1
5 1499	4 828	1	1
5 1499	1 1107	1	1
5 1499	4 1310	1	1
5 1500	4 2571	1	1
5 1500	2 4063	1	1
5 1500	7 2737	1	1
5 1500	1 354	1	1
5 1500	4 1830	1	1
5 1500	7 3054	1	1
5 1501	5 54	1	1
5 1501	6 1008	1	1
5 1501	6 3446	1	1
5 1501	3 4201	1	1
5 1501	3 2254	1	1
5 1501	0 2777	1	1
5 1502	2 495	1	1
5 1502	6 405	1	1
5 1502	7 3478	1	1
5 1502	3 1867	1	1
5 1502	4 3669	1	1
5 1502	7 2902	1	1
5 1503	7 321	1	1
5 1503	4 2765	1	1
5 1503	7 4968	1	1
5 1503	4 797	1	1
5 1503	4 3558	1	1
5 1503	4 4336	1	1
5 1504	5 276	1	1
5 1504	4 3551	1	1
5 1504	4 3175	1	1
5 1504	4 447	1	1
5 1504	7 4270	1	1
5 1504	4 3433	1	1
5 1505	5 4457	1	1
5 1505	5 2392	1	1
5 1505	5 2197	1	1
5 1505	6 1838	1	1
5 1505	6 969	1	1
5 1505	0 531	1	1
5 1506	2 14	1	1
5 1506	3 229	1	1
5 1506	0 2891	1	1
5 1506	6 2833	1	1
5 1506	0 325	1	1
5 1506	6 2726	1	1
5 1507	3 4851	1	1
5 1507	2 4822	1	1
5 1507	6 480	1	1
5 1507	2 3427	1	1
5 1507	7 1415	1	1
5 1507	6 1383	1	1
5 1508	5 574	1	1
5 1508	3 4373	1	1
5 1508	2 3711	1	1
5 1508	3 102	1	1
5 1508	7 3607	1	1
5 1508	0 4961	1	1
5 1509	7 2155	1	1
5 1509	7 53	1	1
5 1509	1 66	1	1
5 1509	7 945	1	1
5 1509	0 4242	1	1
5 1509	7 901	1	1
5 1510	5 2458	1	1
5 1510	5 3871	1	1
5 1510	3 2136	1	1
5 1510	3 4265	1	1
5 1510	2 1582	1	1
5 1510	6 1387	1	1
5 1511	4 2514	1	1
5 1511	4 1279	1	1
5 1511	7 3293	1	1
5 1511	7 51	1	1
5 1511	0 1141	1	1
5 1511	7 753	1	1
5 1512	3 4396	1	1
5 1512	2 4561	1	1
5 1512	3 2098	1	1
5 1512	4 1940	1	1
5 1512	1 4497	1	1
5 1512	2 2136	1	1
5 1513	1 356	1	1
5 1513	6 3349	1	1
5 1513	7 3368	1	1
5 1513	7 1035	1	1
5 1513	1 3909	1	1
5 1513	7 203	1	1
5 1514	7 2870	1	1
5 1514	1 4452	1	1
5 1514	3 3343	1	1
5 1514	4 2385	1	1
5 1514	7 4986	1	1
5 1514	3 291	1	1
5 1515	4 1052	1	1
5 1515	3 439	1	1
5 1515	4 1284	1	1
5 1515	3 2958	1	1
5 1515	3 3226	1	1
5 1515	1 3376	1	1
5 1516	5 2193	1	1
5 1516	5 1777	1	1
5 1516	3 305	1	1
5 1516	4 3339	1	1
5 1516	3 3065	1	1
5 1516	2 1584	1	1
5 1517	3 2774	1	1
5 1517	6 2297	1	1
5 1517	7 1132	1	1
5 1517	3 2131	1	1
5 1517	0 536	1	1
5 1517	3 4302	1	1
5 1518	5 1767	1	1
5 1518	5 4832	1	1
5 1518	1 2240	1	1
5 1518	0 3766	1	1
5 1518	2 2058	1	1
5 1518	1 4844	1	1
5 1519	3 3620	1	1
5 1519	6 3650	1	1
5 1519	3 4133	1	1
5 1519	6 2632	1	1
5 1519	7 3874	1	1
5 1519	1 263	1	1
5 1520	5 2426	1	1
5 1520	1 1652	1	1
5 1520	4 1835	1	1
5 1520	1 4860	1	1
5 1520	6 1231	1	1
5 1520	3 464	1	1
5 1521	7 3488	1	1
5 1521	7 4985	1	1
5 1521	0 2359	1	1
5 1521	2 3767	1	1
5 1521	1 3230	1	1
5 1521	2 4837	1	1
5 1522	4 2797	1	1
5 1522	6 4651	1	1
5 1522	2 914	1	1
5 1522	3 2638	1	1
5 1522	0 1138	1	1
5 1522	2 502	1	1
5 1523	0 1788	1	1
5 1523	3 820	1	1
5 1523	2 2148	1	1
5 1523	6 1651	1	1
5 1523	3 2469	1	1
5 1523	0 3039	1	1
5 1524	1 4097	1	1
5 1524	0 3103	1	1
5 1524	6 2511	1	1
5 1524	2 349	1	1
5 1524	1 1653	1	1
5 1524	6 1893	1	1
5 1525	5 2818	1	1
5 1525	4 2962	1	1
5 1525	2 1494	1	1
5 1525	2 1011	1	1
5 1525	0 1333	1	1
5 1525	1 288	1	1
5 1526	5 335	1	1
5 1526	6 308	1	1
5 1526	6 4903	1	1
5 1526	7 3235	1	1
5 1526	0 819	1	1
5 1526	6 3241	1	1
5 1527	6 3489	1	1
5 1527	7 4245	1	1
5 1527	2 959	1	1
5 1527	1 4630	1	1
5 1527	2 4660	1	1
5 1527	4 4988	1	1
5 1528	5 3539	1	1
5 1528	5 1189	1	1
5 1528	7 1647	1	1
5 1528	2 2861	1	1
5 1528	1 1932	1	1
5 1528	2 557	1	1
5 1529	5 1695	1	1
5 1529	7 1632	1	1
5 1529	4 1430	1	1
5 1529	1 1249	1	1
5 1529	2 4980	1	1
5 1529	0 3896	1	1
5 1530	2 3330	1	1
5 1530	0 3770	1	1
5 1530	3 1847	1	1
5 1530	1 2908	1	1
5 1530	0 834	1	1
5 1530	1 3116	1	1
5 1531	5 271	1	1
5 1531	6 1980	1	1
5 1531	4 4461	1	1
5 1531	2 2676	1	1
5 1531	7 1424	1	1
5 1531	0 2434	1	1
5 1532	4 2357	1	1
5 1532	0 4214	1	1
5 1532	4 211	1	1
5 1532	6 2138	1	1
5 1532	2 3176	1	1
5 1532	0 4938	1	1
5 1533	6 2473	1	1
5 1533	7 2711	1	1
5 1533	2 414	1	1
5 1533	7 608	1	1
5 1533	3 3562	1	1
5 1533	4 1750	1	1
5 1534	5 2235	1	1
5 1534	5 4187	1	1
5 1534	4 1373	1	1
5 1534	6 2191	1	1
5 1534	1 3664	1	1
5 1534	2 3874	1	1
5 1535	5 3380	1	1
5 1535	3 4138	1	1
5 1535	6 3421	1	1
5 1535	4 3557	1	1
5 1535	0 2368	1	1
5 1535	1 2321	1	1
5 1536	1 3810	1	1
5 1536	0 3383	1	1
5 1536	7 3591	1	1
5 1536	6 3536	1	1
5 1536	7 4874	1	1
5 1536	7 2179	1	1
5 1537	1 441	1	1
5 1537	6 4829	1	1
5 1537	7 503	1	1
5 1537	7 1926	1	1
5 1537	6 4179	1	1
5 1537	0 2626	1	1
5 1538	7 2914	1	1
5 1538	2 3743	1	1
5 1538	7 4071	1	1
5 1538	0 2677	1	1
5 1538	7 1180	1	1
5 1538	6 3120	1	1
5 1539	5 3193	1	1
5 1539	3 790	1	1
5 1539	3 3300	1	1
5 1539	4 4949	1	1
5 1539	0 38	1	1
5 1539	3 351	1	1
5 1540	5 78	1	1
5 1540	5 3309	1	1
5 1540	1 3090	1	1
5 1540	7 4088	1	1
5 1540	2 604	1	1
5 1540	3 1736	1	1
5 1541	1 1109	1	1
5 1541	6 4564	1	1
5 1541	3 3967	1	1
5 1541	4 4527	1	1
5 1541	4 3549	1	1
5 1541	2 3149	1	1
5 1542	0 4165	1	1
5 1542	0 2269	1	1
5 1542	1 541	1	1
5 1542	2 815	1	1
5 1542	3 3080	1	1
5 1542	1 1622	1	1
5 1543	5 1396	1	1
5 1543	2 2596	1	1
5 1543	4 2827	1	1
5 1543	1 121	1	1
5 1543	1 3122	1	1
5 1543	4 2800	1	1
5 1544	6 1911	1	1
5 1544	4 3026	1	1
5 1544	0 3419	1	1
5 1544	3 627	1	1
5 1544	2 2127	1	1
5 1544	2 48	1	1
5 1545	5 738	1	1
5 1545	5 4859	1	1
5 1545	6 2413	1	1
5 1545	3 857	1	1
5 1545	1 1252	1	1
5 1545	6 114	1	1
5 1546	5 2012	1	1
5 1546	6 1933	1	1
5 1546	6 4633	1	1
5 1546	7 1327	1	1
5 1546	6 1854	1	1
5 1546	2 265	1	1
5 1547	1 4031	1	1
5 1547	7 4599	1	1
5 1547	0 1753	1	1
5 1547	4 3696	1	1
5 1547	4 2517	1	1
5 1547	7 4570	1	1
5 1548	7 2725	1	1
5 1548	3 3909	1	1
5 1548	6 1033	1	1
5 1548	7 2817	1	1
5 1548	7 1010	1	1
5 1548	3 3137	1	1
5 1549	5 288	1	1
5 1549	5 2674	1	1
5 1549	6 2358	1	1
5 1549	7 688	1	1
5 1549	3 3867	1	1
5 1549	4 413	1	1
5 1550	5 336	1	1
5 1550	7 4190	1	1
5 1550	1 1497	1	1
5 1550	2 4401	1	1
5 1550	6 455	1	1
5 1550	7 3864	1	1
5 1551	0 4739	1	1
5 1551	2 4268	1	1
5 1551	4 1328	1	1
5 1551	0 4204	1	1
5 1551	2 1602	1	1
5 1551	1 2758	1	1
5 1552	5 2278	1	1
5 1552	5 1209	1	1
5 1552	7 1547	1	1
5 1552	6 1149	1	1
5 1552	7 2301	1	1
5 1552	2 3393	1	1
5 1553	4 1797	1	1
5 1553	7 2235	1	1
5 1553	1 813	1	1
5 1553	4 1502	1	1
5 1553	3 1587	1	1
5 1553	0 3390	1	1
5 1554	7 4176	1	1
5 1554	4 3211	1	1
5 1554	1 553	1	1
5 1554	4 4245	1	1
5 1554	3 82	1	1
5 1554	6 381	1	1
5 1555	5 1371	1	1
5 1555	0 3580	1	1
5 1555	7 250	1	1
5 1555	6 1901	1	1
5 1555	7 3396	1	1
5 1555	3 2523	1	1
5 1556	5 600	1	1
5 1556	1 3235	1	1
5 1556	2 2405	1	1
5 1556	2 2724	1	1
5 1556	7 84	1	1
5 1556	1 126	1	1
5 1557	5 3733	1	1
5 1557	0 2035	1	1
5 1557	7 3385	1	1
5 1557	2 560	1	1
5 1557	3 2106	1	1
5 1557	6 3286	1	1
5 1558	6 3992	1	1
5 1558	4 4787	1	1
5 1558	2 4767	1	1
5 1558	3 92	1	1
5 1558	3 905	1	1
5 1558	2 954	1	1
5 1559	5 3050	1	1
5 1559	2 4626	1	1
5 1559	7 1238	1	1
5 1559	7 4246	1	1
5 1559	4 2035	1	1
5 1559	2 4353	1	1
5 1560	2 3785	1	1
5 1560	0 1056	1	1
5 1560	0 631	1	1
5 1560	6 918	1	1
5 1560	0 4930	1	1
5 1560	6 2850	1	1
5 1561	7 3534	1	1
5 1561	6 2513	1	1
5 1561	3 3320	1	1
5 1561	1 4558	1	1
5 1561	6 1389	1	1
5 1561	6 1343	1	1
5 1562	3 873	1	1
5 1562	2 2277	1	1
5 1562	3 2461	1	1
5 1562	7 3279	1	1
5 1562	3 429	1	1
5 1562	6 1657	1	1
5 1563	5 2291	1	1
5 1563	1 1595	1	1
5 1563	7 4381	1	1
5 1563	3 3704	1	1
5 1563	7 2766	1	1
5 1563	0 1196	1	1
5 1564	5 3365	1	1
5 1564	3 2496	1	1
5 1564	1 4263	1	1
5 1564	7 1073	1	1
5 1564	6 402	1	1
5 1564	2 4466	1	1
5 1565	7 4416	1	1
5 1565	0 1578	1	1
5 1565	7 2250	1	1
5 1565	6 4908	1	1
5 1565	2 3916	1	1
5 1565	3 3990	1	1
5 1566	1 3415	1	1
5 1566	0 1008	1	1
5 1566	2 1609	1	1
5 1566	7 3189	1	1
5 1566	4 3077	1	1
5 1566	2 883	1	1
5 1567	5 4887	1	1
5 1567	5 1831	1	1
5 1567	2 2353	1	1
5 1567	3 4243	1	1
5 1567	7 3131	1	1
5 1567	2 1080	1	1
5 1568	5 3199	1	1
5 1568	5 4546	1	1
5 1568	2 2079	1	1
5 1568	6 489	1	1
5 1568	3 147	1	1
5 1568	1 2111	1	1
5 1569	4 4604	1	1
5 1569	3 562	1	1
5 1569	2 249	1	1
5 1569	1 1075	1	1
5 1569	6 1443	1	1
5 1569	4 4018	1	1
5 1570	6 5	1	1
5 1570	2 4758	1	1
5 1570	1 612	1	1
5 1570	3 2358	1	1
5 1570	4 911	1	1
5 1570	3 4119	1	1
5 1571	1 361	1	1
5 1571	6 87	1	1
5 1571	6 1149	1	1
5 1571	4 569	1	1
5 1571	3 292	1	1
5 1571	4 1859	1	1
5 1572	5 1391	1	1
5 1572	0 2948	1	1
5 1572	4 2569	1	1
5 1572	1 2162	1	1
5 1572	4 379	1	1
5 1572	2 326	1	1
5 1573	5 3029	1	1
5 1573	4 587	1	1
5 1573	7 1510	1	1
5 1573	6 1340	1	1
5 1573	0 3184	1	1
5 1573	7 4542	1	1
5 1574	5 612	1	1
5 1574	5 578	1	1
5 1574	6 1793	1	1
5 1574	4 3308	1	1
5 1574	7 493	1	1
5 1574	4 1453	1	1
5 1575	6 2230	1	1
5 1575	2 2254	1	1
5 1575	3 4990	1	1
5 1575	1 1525	1	1
5 1575	0 805	1	1
5 1575	0 1061	1	1
5 1576	5 2459	1	1
5 1576	4 696	1	1
5 1576	0 1461	1	1
5 1576	6 3689	1	1
5 1576	1 2683	1	1
5 1576	7 155	1	1
5 1577	5 780	1	1
5 1577	4 1990	1	1
5 1577	2 2729	1	1
5 1577	7 2402	1	1
5 1577	4 3936	1	1
5 1577	4 2401	1	1
5 1578	0 4391	1	1
5 1578	2 1853	1	1
5 1578	0 2261	1	1
5 1578	2 2924	1	1
5 1578	1 72	1	1
5 1578	2 4026	1	1
5 1579	5 2579	1	1
5 1579	0 1456	1	1
5 1579	7 710	1	1
5 1579	6 1566	1	1
5 1579	2 3418	1	1
5 1579	0 365	1	1
5 1580	7 1655	1	1
5 1580	1 702	1	1
5 1580	1 4121	1	1
5 1580	2 1174	1	1
5 1580	1 242	1	1
5 1580	2 2957	1	1
5 1581	0 4663	1	1
5 1581	4 3668	1	1
5 1581	7 1454	1	1
5 1581	3 1756	1	1
5 1581	1 693	1	1
5 1581	6 4391	1	1
5 1582	0 662	1	1
5 1582	0 4307	1	1
5 1582	3 980	1	1
5 1582	3 1746	1	1
5 1582	7 1334	1	1
5 1582	6 3786	1	1
5 1583	5 3174	1	1
5 1583	0 1539	1	1
5 1583	0 2023	1	1
5 1583	2 3231	1	1
5 1583	4 3156	1	1
5 1583	3 1285	1	1
5 1584	7 3304	1	1
5 1584	3 423	1	1
5 1584	2 97	1	1
5 1584	3 4399	1	1
5 1584	4 246	1	1
5 1584	4 1206	1	1
5 1585	4 4080	1	1
5 1585	1 9	1	1
5 1585	1 3332	1	1
5 1585	1 844	1	1
5 1585	3 979	1	1
5 1585	4 179	1	1
5 1586	7 2393	1	1
5 1586	2 703	1	1
5 1586	2 974	1	1
5 1586	3 2025	1	1
5 1586	4 3557	1	1
5 1586	4 2024	1	1
5 1587	5 3958	1	1
5 1587	1 1302	1	1
5 1587	1 2431	1	1
5 1587	7 403	1	1
5 1587	6 727	1	1
5 1587	7 4690	1	1
5 1588	4 3224	1	1
5 1588	6 2380	1	1
5 1588	4 1911	1	1
5 1588	1 3764	1	1
5 1588	6 577	1	1
5 1588	2 4991	1	1
5 1589	2 385	1	1
5 1589	4 1003	1	1
5 1589	1 119	1	1
5 1589	7 4762	1	1
5 1589	4 1469	1	1
5 1589	0 3383	1	1
5 1590	5 2512	1	1
5 1590	5 2017	1	1
5 1590	0 4624	1	1
5 1590	1 4260	1	1
5 1590	4 112	1	1
5 1590	1 3716	1	1
5 1591	5 2655	1	1
5 1591	6 970	1	1
5 1591	6 1291	1	1
5 1591	1 3566	1	1
5 1591	6 3516	1	1
5 1591	3 256	1	1
5 1592	5 586	1	1
5 1592	4 3897	1	1
5 1592	3 2275	1	1
5 1592	1 1429	1	1
5 1592	7 3210	1	1
5 1592	1 2102	1	1
5 1593	5 1308	1	1
5 1593	3 1494	1	1
5 1593	4 287	1	1
5 1593	1 3802	1	1
5 1593	2 2927	1	1
5 1593	2 2492	1	1
5 1594	5 2670	1	1
5 1594	7 4077	1	1
5 1594	4 3805	1	1
5 1594	3 2649	1	1
5 1594	7 4071	1	1
5 1594	1 1288	1	1
5 1595	5 2299	1	1
5 1595	3 2066	1	1
5 1595	3 3034	1	1
5 1595	4 1945	1	1
5 1595	0 1342	1	1
5 1595	6 4742	1	1
5 1596	5 3072	1	1
5 1596	5 2872	1	1
5 1596	1 2670	1	1
5 1596	0 4416	1	1
5 1596	0 4696	1	1
5 1596	3 4586	1	1
5 1597	5 3893	1	1
5 1597	2 2741	1	1
5 1597	4 271	1	1
5 1597	3 3531	1	1
5 1597	6 4095	1	1
5 1597	0 1154	1	1
5 1598	6 2451	1	1
5 1598	6 2570	1	1
5 1598	0 953	1	1
5 1598	0 516	1	1
5 1598	1 500	1	1
5 1598	6 4182	1	1
5 1599	5 2588	1	1
5 1599	5 2017	1	1
5 1599	4 3761	1	1
5 1599	7 3665	1	1
5 1599	7 2434	1	1
5 1599	4 3569	1	1
5 1600	4 740	1	1
5 1600	0 1959	1	1
5 1600	6 304	1	1
5 1600	4 4322	1	1
5 1600	0 4577	1	1
5 1600	7 3513	1	1
5 1601	5 1745	1	1
5 1601	5 4863	1	1
5 1601	7 2802	1	1
5 1601	6 4553	1	1
5 1601	0 129	1	1
5 1601	3 1163	1	1
5 1602	5 2632	1	1
5 1602	0 3416	1	1
5 1602	0 4760	1	1
5 1602	3 1951	1	1
5 1602	0 532	1	1
5 1602	4 2928	1	1
5 1603	5 1724	1	1
5 1603	5 2452	1	1
5 1603	7 3916	1	1
5 1603	0 2256	1	1
5 1603	2 909	1	1
5 1603	6 1439	1	1
5 1604	0 4083	1	1
5 1604	1 1448	1	1
5 1604	3 1485	1	1
5 1604	0 4180	1	1
5 1604	6 2556	1	1
5 1604	3 3433	1	1
5 1605	5 3435	1	1
5 1605	5 4871	1	1
5 1605	6 3987	1	1
5 1605	1 3278	1	1
5 1605	2 429	1	1
5 1605	2 603	1	1
5 1606	4 1278	1	1
5 1606	6 3831	1	1
5 1606	6 204	1	1
5 1606	4 2606	1	1
5 1606	6 3868	1	1
5 1606	4 1884	1	1
5 1607	0 1879	1	1
5 1607	0 1957	1	1
5 1607	6 2137	1	1
5 1607	3 4127	1	1
5 1607	0 2098	1	1
5 1607	7 423	1	1
5 1608	5 2204	1	1
5 1608	5 911	1	1
5 1608	3 1345	1	1
5 1608	0 3895	1	1
5 1608	7 1720	1	1
5 1608	2 769	1	1
5 1609	5 3393	1	1
5 1609	4 4210	1	1
5 1609	4 2826	1	1
5 1609	3 717	1	1
5 1609	1 1903	1	1
5 1609	0 779	1	1
5 1610	6 3587	1	1
5 1610	7 2744	1	1
5 1610	0 789	1	1
5 1610	0 1938	1	1
5 1610	4 3894	1	1
5 1610	2 3764	1	1
5 1611	7 940	1	1
5 1611	4 863	1	1
5 1611	6 2150	1	1
5 1611	6 4094	1	1
5 1611	0 3471	1	1
5 1611	7 4609	1	1
5 1612	3 3483	1	1
5 1612	6 4444	1	1
5 1612	1 3332	1	1
5 1612	1 10	1	1
5 1612	3 509	1	1
5 1612	7 2282	1	1
5 1613	5 3768	1	1
5 1613	5 2774	1	1
5 1613	5 2137	1	1
5 1613	4 3587	1	1
5 1613	0 4618	1	1
5 1613	2 897	1	1
5 1614	5 128	1	1
5 1614	5 1480	1	1
5 1614	0 632	1	1
5 1614	3 2413	1	1
5 1614	2 3632	1	1
5 1614	6 686	1	1
5 1615	5 902	1	1
5 1615	6 2471	1	1
5 1615	7 146	1	1
5 1615	0 4805	1	1
5 1615	0 3982	1	1
5 1615	7 908	1	1
5 1616	5 2717	1	1
5 1616	3 710	1	1
5 1616	6 3665	1	1
5 1616	7 989	1	1
5 1616	2 764	1	1
5 1616	2 4917	1	1
5 1617	5 3481	1	1
5 1617	7 4605	1	1
5 1617	0 3900	1	1
5 1617	1 3865	1	1
5 1617	4 761	1	1
5 1617	3 4836	1	1
5 1618	6 213	1	1
5 1618	3 1863	1	1
5 1618	6 4053	1	1
5 1618	1 3588	1	1
5 1618	2 3823	1	1
5 1618	2 3789	1	1
5 1619	5 2227	1	1
5 1619	0 1244	1	1
5 1619	6 1432	1	1
5 1619	2 811	1	1
5 1619	3 3020	1	1
5 1619	0 2402	1	1
5 1620	6 2817	1	1
5 1620	7 3531	1	1
5 1620	1 1057	1	1
5 1620	4 1224	1	1
5 1620	4 3043	1	1
5 1620	3 962	1	1
5 1621	5 2053	1	1
5 1621	2 94	1	1
5 1621	7 3660	1	1
5 1621	6 1515	1	1
5 1621	6 3376	1	1
5 1621	1 74	1	1
5 1622	5 3346	1	1
5 1622	5 2355	1	1
5 1622	7 4931	1	1
5 1622	3 3502	1	1
5 1622	7 313	1	1
5 1622	4 1628	1	1
5 1623	5 3481	1	1
5 1623	5 2971	1	1
5 1623	3 354	1	1
5 1623	3 969	1	1
5 1623	7 3774	1	1
5 1623	2 4469	1	1
5 1624	0 1703	1	1
5 1624	7 4202	1	1
5 1624	0 460	1	1
5 1624	4 1433	1	1
5 1624	2 2164	1	1
5 1624	6 2314	1	1
5 1625	5 2873	1	1
5 1625	6 3732	1	1
5 1625	3 4515	1	1
5 1625	3 4572	1	1
5 1625	0 1231	1	1
5 1625	6 4963	1	1
5 1626	5 1347	1	1
5 1626	3 3736	1	1
5 1626	0 1905	1	1
5 1626	2 3132	1	1
5 1626	3 343	1	1
5 1626	1 3315	1	1
5 1627	3 4915	1	1
5 1627	3 541	1	1
5 1627	7 3775	1	1
5 1627	1 1633	1	1
5 1627	1 4953	1	1
5 1627	4 276	1	1
5 1628	5 2455	1	1
5 1628	1 177	1	1
5 1628	1 2386	1	1
5 1628	2 3732	1	1
5 1628	1 3621	1	1
5 1628	4 1016	1	1
5 1629	6 4858	1	1
5 1629	1 2135	1	1
5 1629	7 4012	1	1
5 1629	7 4581	1	1
5 1629	2 627	1	1
5 1629	4 3502	1	1
5 1630	2 1333	1	1
5 1630	2 2925	1	1
5 1630	7 3698	1	1
5 1630	7 3067	1	1
5 1630	0 4227	1	1
5 1630	1 2037	1	1
5 1631	5 3891	1	1
5 1631	7 598	1	1
5 1631	6 2791	1	1
5 1631	6 556	1	1
5 1631	1 2107	1	1
5 1631	3 4710	1	1
5 1632	4 2424	1	1
5 1632	3 3353	1	1
5 1632	4 4454	1	1
5 1632	4 4624	1	1
5 1632	7 3766	1	1
5 1632	1 2784	1	1
5 1633	2 4507	1	1
5 1633	6 650	1	1
5 1633	7 3601	1	1
5 1633	7 2239	1	1
5 1633	7 4587	1	1
5 1633	1 3249	1	1
5 1634	1 552	1	1
5 1634	4 2671	1	1
5 1634	7 1271	1	1
5 1634	7 4886	1	1
5 1634	6 3422	1	1
5 1634	1 2840	1	1
5 1635	7 1348	1	1
5 1635	6 2952	1	1
5 1635	7 4069	1	1
5 1635	4 1269	1	1
5 1635	0 2467	1	1
5 1635	1 3135	1	1
5 1636	5 2195	1	1
5 1636	5 2781	1	1
5 1636	1 4904	1	1
5 1636	1 3943	1	1
5 1636	3 268	1	1
5 1636	7 224	1	1
5 1637	0 267	1	1
5 1637	1 2717	1	1
5 1637	2 4562	1	1
5 1637	1 3966	1	1
5 1637	3 2121	1	1
5 1637	3 2837	1	1
5 1638	5 4735	1	1
5 1638	0 166	1	1
5 1638	4 176	1	1
5 1638	4 4335	1	1
5 1638	0 4199	1	1
5 1638	3 3901	1	1
5 1639	5 4187	1	1
5 1639	2 3714	1	1
5 1639	0 1063	1	1
5 1639	6 4989	1	1
5 1639	1 1444	1	1
5 1639	1 2384	1	1
5 1640	5 1881	1	1
5 1640	2 2792	1	1
5 1640	1 2423	1	1
5 1640	3 895	1	1
5 1640	4 3068	1	1
5 1640	1 832	1	1
5 1641	3 4051	1	1
5 1641	4 3692	1	1
5 1641	4 705	1	1
5 1641	2 451	1	1
5 1641	2 1311	1	1
5 1641	7 4360	1	1
5 1642	5 924	1	1
5 1642	1 454	1	1
5 1642	7 982	1	1
5 1642	2 2050	1	1
5 1642	3 1530	1	1
5 1642	7 2057	1	1
5 1643	7 4092	1	1
5 1643	0 1698	1	1
5 1643	2 1939	1	1
5 1643	1 4975	1	1
5 1643	3 1990	1	1
5 1643	3 1725	1	1
5 1644	5 4101	1	1
5 1644	0 884	1	1
5 1644	7 2853	1	1
5 1644	1 4485	1	1
5 1644	4 94	1	1
5 1644	2 116	1	1
5 1645	5 2935	1	1
5 1645	5 4874	1	1
5 1645	6 3888	1	1
5 1645	2 1008	1	1
5 1645	7 3114	1	1
5 1645	2 226	1	1
5 1646	5 521	1	1
5 1646	1 3487	1	1
5 1646	7 83	1	1
5 1646	3 846	1	1
5 1646	4 2558	1	1
5 1646	0 4699	1	1
5 1647	5 215	1	1
5 1647	0 1261	1	1
5 1647	2 3324	1	1
5 1647	7 3672	1	1
5 1647	2 2256	1	1
5 1647	0 3709	1	1
5 1648	5 3043	1	1
5 1648	1 1110	1	1
5 1648	7 271	1	1
5 1648	1 4758	1	1
5 1648	0 757	1	1
5 1648	0 949	1	1
5 1649	5 3270	1	1
5 1649	0 1365	1	1
5 1649	3 1373	1	1
5 1649	2 3398	1	1
5 1649	6 1756	1	1
5 1649	1 3204	1	1
5 1650	7 4710	1	1
5 1650	3 1650	1	1
5 1650	2 4347	1	1
5 1650	0 3813	1	1
5 1650	0 4638	1	1
5 1650	7 3924	1	1
5 1651	1 3570	1	1
5 1651	3 1739	1	1
5 1651	3 4382	1	1
5 1651	1 2539	1	1
5 1651	1 4238	1	1
5 1651	1 3350	1	1
5 1652	5 3714	1	1
5 1652	3 3826	1	1
5 1652	1 968	1	1
5 1652	1 386	1	1
5 1652	3 99	1	1
5 1652	4 2861	1	1
5 1653	5 1318	1	1
5 1653	3 2970	1	1
5 1653	0 2623	1	1
5 1653	6 829	1	1
5 1653	3 4059	1	1
5 1653	7 1234	1	1
5 1654	5 2301	1	1
5 1654	3 1558	1	1
5 1654	4 3599	1	1
5 1654	0 3898	1	1
5 1654	4 2282	1	1
5 1654	4 1596	1	1
5 1655	0 1681	1	1
5 1655	2 3305	1	1
5 1655	0 618	1	1
5 1655	0 2786	1	1
5 1655	0 2511	1	1
5 1655	6 4337	1	1
5 1656	5 1901	1	1
5 1656	5 1756	1	1
5 1656	6 1748	1	1
5 1656	1 659	1	1
5 1656	6 2653	1	1
5 1656	1 772	1	1
5 1657	2 4089	1	1
5 1657	7 4190	1	1
5 1657	2 4219	1	1
5 1657	0 2961	1	1
5 1657	1 3747	1	1
5 1657	0 1026	1	1
5 1658	5 3218	1	1
5 1658	7 3480	1	1
5 1658	2 4886	1	1
5 1658	1 3137	1	1
5 1658	0 973	1	1
5 1658	0 4690	1	1
5 1659	6 1961	1	1
5 1659	7 1435	1	1
5 1659	2 4215	1	1
5 1659	4 1596	1	1
5 1659	2 4813	1	1
5 1659	1 3910	1	1
5 1660	5 2946	1	1
5 1660	0 4969	1	1
5 1660	0 4629	1	1
5 1660	0 1637	1	1
5 1660	7 67	1	1
5 1660	1 2709	1	1
5 1661	2 3411	1	1
5 1661	7 3105	1	1
5 1661	4 369	1	1
5 1661	0 1778	1	1
5 1661	7 4033	1	1
5 1661	4 3278	1	1
5 1662	7 3286	1	1
5 1662	0 1176	1	1
5 1662	0 3024	1	1
5 1662	1 803	1	1
5 1662	0 4042	1	1
5 1662	2 1362	1	1
5 1663	5 4565	1	1
5 1663	2 3890	1	1
5 1663	1 3426	1	1
5 1663	1 4795	1	1
5 1663	4 1500	1	1
5 1663	6 2302	1	1
5 1664	3 1078	1	1
5 1664	1 1021	1	1
5 1664	0 679	1	1
5 1664	4 1958	1	1
5 1664	2 3846	1	1
5 1664	6 1542	1	1
5 1665	5 229	1	1
5 1665	5 3223	1	1
5 1665	7 4639	1	1
5 1665	0 360	1	1
5 1665	3 2556	1	1
5 1665	4 3441	1	1
5 1666	5 2954	1	1
5 1666	5 3125	1	1
5 1666	1 3744	1	1
5 1666	0 909	1	1
5 1666	4 117	1	1
5 1666	7 4510	1	1
5 1667	5 2288	1	1
5 1667	5 4873	1	1
5 1667	5 2241	1	1
5 1667	7 573	1	1
5 1667	0 1128	1	1
5 1667	2 4015	1	1
5 1668	5 4207	1	1
5 1668	3 1638	1	1
5 1668	6 3722	1	1
5 1668	0 1261	1	1
5 1668	2 4823	1	1
5 1668	2 865	1	1
5 1669	2 973	1	1
5 1669	6 1168	1	1
5 1669	3 2927	1	1
5 1669	6 3410	1	1
5 1669	4 1292	1	1
5 1669	0 3396	1	1
5 1670	5 1428	1	1
5 1670	7 562	1	1
5 1670	0 4268	1	1
5 1670	2 4239	1	1
5 1670	3 3025	1	1
5 1670	6 4954	1	1
5 1671	5 2538	1	1
5 1671	7 3947	1	1
5 1671	1 4705	1	1
5 1671	1 3929	1	1
5 1671	0 4233	1	1
5 1671	2 1284	1	1
5 1672	5 2636	1	1
5 1672	2 3912	1	1
5 1672	2 2998	1	1
5 1672	6 4332	1	1
5 1672	0 835	1	1
5 1672	3 4010	1	1
5 1673	5 4822	1	1
5 1673	5 4435	1	1
5 1673	5 4711	1	1
5 1673	2 3610	1	1
5 1673	6 3318	1	1
5 1673	1 1323	1	1
5 1674	6 2876	1	1
5 1674	6 4983	1	1
5 1674	2 440	1	1
5 1674	7 1838	1	1
5 1674	3 2959	1	1
5 1674	4 2810	1	1
5 1675	5 3595	1	1
5 1675	5 535	1	1
5 1675	0 3789	1	1
5 1675	7 489	1	1
5 1675	3 4870	1	1
5 1675	1 3558	1	1
5 1676	5 2989	1	1
5 1676	5 1777	1	1
5 1676	4 2758	1	1
5 1676	0 1674	1	1
5 1676	6 1407	1	1
5 1676	7 2409	1	1
5 1677	6 3749	1	1
5 1677	2 3409	1	1
5 1677	6 3097	1	1
5 1677	6 4087	1	1
5 1677	7 2659	1	1
5 1677	3 1340	1	1
5 1678	6 4154	1	1
5 1678	6 4733	1	1
5 1678	4 1132	1	1
5 1678	3 1347	1	1
5 1678	0 449	1	1
5 1678	6 378	1	1
5 1679	2 3706	1	1
5 1679	0 4242	1	1
5 1679	3 1293	1	1
5 1679	0 1004	1	1
5 1679	7 1854	1	1
5 1679	7 3336	1	1
5 1680	5 4081	1	1
5 1680	5 2614	1	1
5 1680	5 3198	1	1
5 1680	7 1531	1	1
5 1680	4 4059	1	1
5 1680	1 4510	1	1
5 1681	5 2557	1	1
5 1681	6 808	1	1
5 1681	2 2034	1	1
5 1681	3 4022	1	1
5 1681	3 3291	1	1
5 1681	2 2394	1	1
5 1682	0 3946	1	1
5 1682	3 78	1	1
5 1682	3 2646	1	1
5 1682	0 1869	1	1
5 1682	6 2787	1	1
5 1682	7 4537	1	1
5 1683	7 126	1	1
5 1683	3 2029	1	1
5 1683	2 2194	1	1
5 1683	0 382	1	1
5 1683	7 3679	1	1
5 1683	6 2657	1	1
5 1684	3 1351	1	1
5 1684	3 3251	1	1
5 1684	2 4668	1	1
5 1684	4 4709	1	1
5 1684	2 4731	1	1
5 1684	1 3188	1	1
5 1685	6 1512	1	1
5 1685	2 4371	1	1
5 1685	0 279	1	1
5 1685	3 3980	1	1
5 1685	3 2779	1	1
5 1685	7 10	1	1
5 1686	1 1312	1	1
5 1686	3 4085	1	1
5 1686	3 4363	1	1
5 1686	1 2728	1	1
5 1686	1 3276	1	1
5 1686	3 1976	1	1
5 1687	5 647	1	1
5 1687	0 1559	1	1
5 1687	2 4338	1	1
5 1687	0 2180	1	1
5 1687	7 4677	1	1
5 1687	4 3507	1	1
5 1688	4 977	1	1
5 1688	2 18	1	1
5 1688	4 4595	1	1
5 1688	1 1636	1	1
5 1688	2 1473	1	1
5 1688	3 1655	1	1
5 1689	5 3073	1	1
5 1689	5 976	1	1
5 1689	0 2006	1	1
5 1689	7 1724	1	1
5 1689	1 4540	1	1
5 1689	0 1923	1	1
5 1690	5 2213	1	1
5 1690	0 4550	1	1
5 1690	0 1808	1	1
5 1690	6 1013	1	1
5 1690	3 4454	1	1
5 1690	7 1839	1	1
5 1691	5 135	1	1
5 1691	0 2322	1	1
5 1691	0 679	1	1
5 1691	4 3084	1	1
5 1691	1 831	1	1
5 1691	4 1939	1	1
5 1692	5 1490	1	1
5 1692	7 696	1	1
5 1692	6 3463	1	1
5 1692	0 2044	1	1
5 1692	0 1667	1	1
5 1692	6 4577	1	1
5 1693	5 2146	1	1
5 1693	5 4681	1	1
5 1693	3 3253	1	1
5 1693	4 4021	1	1
5 1693	3 2531	1	1
5 1693	1 1346	1	1
5 1694	5 1822	1	1
5 1694	5 451	1	1
5 1694	5 1079	1	1
5 1694	6 261	1	1
5 1694	1 608	1	1
5 1694	0 169	1	1
5 1695	2 1706	1	1
5 1695	3 4221	1	1
5 1695	3 1047	1	1
5 1695	4 2161	1	1
5 1695	7 4613	1	1
5 1695	4 60	1	1
5 1696	5 3041	1	1
5 1696	5 3712	1	1
5 1696	0 605	1	1
5 1696	4 4151	1	1
5 1696	2 2013	1	1
5 1696	2 195	1	1
5 1697	5 1987	1	1
5 1697	4 4258	1	1
5 1697	7 1219	1	1
5 1697	1 854	1	1
5 1697	6 2165	1	1
5 1697	2 4876	1	1
5 1698	5 249	1	1
5 1698	0 2357	1	1
5 1698	0 1686	1	1
5 1698	6 1901	1	1
5 1698	0 1798	1	1
5 1698	6 1065	1	1
5 1699	5 2291	1	1
5 1699	6 3657	1	1
5 1699	7 1398	1	1
5 1699	0 1634	1	1
5 1699	4 1318	1	1
5 1699	7 1370	1	1
5 1700	5 107	1	1
5 1700	6 1940	1	1
5 1700	4 2685	1	1
5 1700	7 2695	1	1
5 1700	3 1855	1	1
5 1700	0 820	1	1
5 1701	1 2580	1	1
5 1701	1 4707	1	1
5 1701	4 3598	1	1
5 1701	1 2069	1	1
5 1701	6 4407	1	1
5 1701	0 2480	1	1
5 1702	5 368	1	1
5 1702	2 3100	1	1
5 1702	1 4476	1	1
5 1702	7 1775	1	1
5 1702	4 582	1	1
5 1702	7 3083	1	1
5 1703	3 1497	1	1
5 1703	4 3118	1	1
5 1703	7 117	1	1
5 1703	1 857	1	1
5 1703	2 1605	1	1
5 1703	4 277	1	1
5 1704	5 3080	1	1
5 1704	5 262	1	1
5 1704	4 2268	1	1
5 1704	4 4375	1	1
5 1704	2 21	1	1
5 1704	0 3435	1	1
5 1705	2 229	1	1
5 1705	7 4253	1	1
5 1705	7 3943	1	1
5 1705	0 212	1	1
5 1705	2 2531	1	1
5 1705	7 540	1	1
5 1706	5 4336	1	1
5 1706	2 44	1	1
5 1706	2 3970	1	1
5 1706	0 3861	1	1
5 1706	7 519	1	1
5 1706	7 968	1	1
5 1707	5 3516	1	1
5 1707	1 4131	1	1
5 1707	2 595	1	1
5 1707	3 237	1	1
5 1707	2 2718	1	1
5 1707	7 755	1	1
5 1708	5 614	1	1
5 1708	0 4726	1	1
5 1708	1 2883	1	1
5 1708	4 914	1	1
5 1708	2 2262	1	1
5 1708	6 608	1	1
5 1709	5 2773	1	1
5 1709	0 251	1	1
5 1709	1 1468	1	1
5 1709	0 2601	1	1
5 1709	7 1559	1	1
5 1709	1 1771	1	1
5 1710	0 4380	1	1
5 1710	6 2367	1	1
5 1710	4 709	1	1
5 1710	6 1124	1	1
5 1710	0 702	1	1
5 1710	4 1328	1	1
5 1711	7 929	1	1
5 1711	6 4730	1	1
5 1711	7 381	1	1
5 1711	3 4745	1	1
5 1711	7 884	1	1
5 1711	0 4149	1	1
5 1712	7 3939	1	1
5 1712	3 2109	1	1
5 1712	0 2876	1	1
5 1712	3 1513	1	1
5 1712	3 1109	1	1
5 1712	0 2013	1	1
5 1713	5 2914	1	1
5 1713	1 955	1	1
5 1713	1 3125	1	1
5 1713	3 236	1	1
5 1713	3 2690	1	1
5 1713	7 4905	1	1
5 1714	1 2460	1	1
5 1714	6 1956	1	1
5 1714	1 724	1	1
5 1714	7 1846	1	1
5 1714	6 3463	1	1
5 1714	6 1739	1	1
5 1715	5 4063	1	1
5 1715	7 4364	1	1
5 1715	2 2815	1	1
5 1715	4 1221	1	1
5 1715	1 1873	1	1
5 1715	7 1821	1	1
5 1716	6 1586	1	1
5 1716	4 576	1	1
5 1716	4 4622	1	1
5 1716	2 3437	1	1
5 1716	1 13	1	1
5 1716	4 4134	1	1
5 1717	5 4786	1	1
5 1717	5 2930	1	1
5 1717	0 2049	1	1
5 1717	7 4415	1	1
5 1717	2 1496	1	1
5 1717	0 4651	1	1
5 1718	5 237	1	1
5 1718	1 4123	1	1
5 1718	7 1272	1	1
5 1718	1 2332	1	1
5 1718	6 2644	1	1
5 1718	3 4854	1	1
5 1719	5 2276	1	1
5 1719	6 2569	1	1
5 1719	2 1912	1	1
5 1719	7 3269	1	1
5 1719	6 3880	1	1
5 1719	1 1139	1	1
5 1720	5 2269	1	1
5 1720	7 2427	1	1
5 1720	0 1643	1	1
5 1720	6 497	1	1
5 1720	0 246	1	1
5 1720	4 3666	1	1
5 1721	5 1525	1	1
5 1721	5 1300	1	1
5 1721	3 3370	1	1
5 1721	1 2234	1	1
5 1721	6 1119	1	1
5 1721	0 67	1	1
5 1722	5 919	1	1
5 1722	5 4625	1	1
5 1722	0 1434	1	1
5 1722	4 1612	1	1
5 1722	1 4266	1	1
5 1722	3 1296	1	1
5 1723	5 1105	1	1
5 1723	1 3318	1	1
5 1723	1 582	1	1
5 1723	0 4893	1	1
5 1723	6 2265	1	1
5 1723	3 928	1	1
5 1724	0 4883	1	1
5 1724	4 4023	1	1
5 1724	7 4228	1	1
5 1724	2 4740	1	1
5 1724	3 1807	1	1
5 1724	1 4013	1	1
5 1725	6 844	1	1
5 1725	7 2913	1	1
5 1725	7 4801	1	1
5 1725	6 248	1	1
5 1725	2 320	1	1
5 1725	1 899	1	1
5 1726	5 1149	1	1
5 1726	2 2351	1	1
5 1726	3 3625	1	1
5 1726	7 45	1	1
5 1726	3 1227	1	1
5 1726	0 3268	1	1
5 1727	5 4520	1	1
5 1727	6 4980	1	1
5 1727	1 1201	1	1
5 1727	4 3567	1	1
5 1727	4 2487	1	1
5 1727	3 1333	1	1
5 1728	6 4715	1	1
5 1728	7 2308	1	1
5 1728	0 579	1	1
5 1728	6 3068	1	1
5 1728	1 3704	1	1
5 1728	1 1535	1	1
5 1729	5 1384	1	1
5 1729	5 4669	1	1
5 1729	1 1004	1	1
5 1729	0 2991	1	1
5 1729	2 2379	1	1
5 1729	4 1024	1	1
5 1730	3 2378	1	1
5 1730	1 3611	1	1
5 1730	3 166	1	1
5 1730	2 1625	1	1
5 1730	6 4918	1	1
5 1730	7 2392	1	1
5 1731	4 761	1	1
5 1731	4 4074	1	1
5 1731	2 742	1	1
5 1731	1 454	1	1
5 1731	7 1397	1	1
5 1731	0 3076	1	1
5 1732	5 2781	1	1
5 1732	7 1584	1	1
5 1732	0 531	1	1
5 1732	0 1563	1	1
5 1732	3 342	1	1
5 1732	6 3862	1	1
5 1733	6 968	1	1
5 1733	6 3780	1	1
5 1733	1 769	1	1
5 1733	4 1484	1	1
5 1733	3 1041	1	1
5 1733	7 2532	1	1
5 1734	6 6	1	1
5 1734	7 375	1	1
5 1734	3 1739	1	1
5 1734	3 4350	1	1
5 1734	6 2255	1	1
5 1734	2 2737	1	1
5 1735	5 4831	1	1
5 1735	2 3321	1	1
5 1735	6 2965	1	1
5 1735	4 3558	1	1
5 1735	6 1583	1	1
5 1735	7 2834	1	1
5 1736	4 3647	1	1
5 1736	4 4564	1	1
5 1736	2 542	1	1
5 1736	3 2	1	1
5 1736	7 925	1	1
5 1736	1 2172	1	1
5 1737	2 936	1	1
5 1737	6 1365	1	1
5 1737	1 50	1	1
5 1737	6 3624	1	1
5 1737	0 565	1	1
5 1737	2 2880	1	1
5 1738	5 1699	1	1
5 1738	7 3616	1	1
5 1738	4 1048	1	1
5 1738	3 3883	1	1
5 1738	3 4035	1	1
5 1738	1 495	1	1
5 1739	5 1249	1	1
5 1739	6 4205	1	1
5 1739	0 4759	1	1
5 1739	1 1352	1	1
5 1739	0 609	1	1
5 1739	4 432	1	1
5 1740	5 1117	1	1
5 1740	5 236	1	1
5 1740	6 776	1	1
5 1740	3 4073	1	1
5 1740	3 4566	1	1
5 1740	6 2761	1	1
5 1741	1 3029	1	1
5 1741	4 2864	1	1
5 1741	0 32	1	1
5 1741	6 1015	1	1
5 1741	6 721	1	1
5 1741	2 3041	1	1
5 1742	5 3533	1	1
5 1742	4 3791	1	1
5 1742	0 1263	1	1
5 1742	6 4519	1	1
5 1742	0 4373	1	1
5 1742	6 3053	1	1
5 1743	5 1348	1	1
5 1743	5 4690	1	1
5 1743	6 3510	1	1
5 1743	3 908	1	1
5 1743	2 2596	1	1
5 1743	7 1312	1	1
5 1744	4 1181	1	1
5 1744	1 1508	1	1
5 1744	1 650	1	1
5 1744	3 4222	1	1
5 1744	4 3268	1	1
5 1744	6 648	1	1
5 1745	3 1035	1	1
5 1745	3 3816	1	1
5 1745	7 4366	1	1
5 1745	3 823	1	1
5 1745	7 1600	1	1
5 1745	4 956	1	1
5 1746	6 1373	1	1
5 1746	7 427	1	1
5 1746	3 3745	1	1
5 1746	4 4621	1	1
5 1746	4 2399	1	1
5 1746	7 4127	1	1
5 1747	5 532	1	1
5 1747	2 1360	1	1
5 1747	2 710	1	1
5 1747	0 4618	1	1
5 1747	6 4016	1	1
5 1747	4 2957	1	1
5 1748	4 4082	1	1
5 1748	6 108	1	1
5 1748	0 2864	1	1
5 1748	3 550	1	1
5 1748	2 2194	1	1
5 1748	4 3589	1	1
5 1749	5 1766	1	1
5 1749	0 887	1	1
5 1749	2 4524	1	1
5 1749	3 4988	1	1
5 1749	2 673	1	1
5 1749	1 3503	1	1
5 1750	5 208	1	1
5 1750	0 1620	1	1
5 1750	0 2690	1	1
5 1750	7 3811	1	1
5 1750	2 2468	1	1
5 1750	4 4770	1	1
5 1751	2 4545	1	1
5 1751	4 4425	1	1
5 1751	1 184	1	1
5 1751	6 3227	1	1
5 1751	2 2248	1	1
5 1751	3 400	1	1
5 1752	3 692	1	1
5 1752	3 884	1	1
5 1752	1 2218	1	1
5 1752	1 3387	1	1
5 1752	7 886	1	1
5 1752	1 4262	1	1
5 1753	5 4713	1	1
5 1753	2 66	1	1
5 1753	0 3861	1	1
5 1753	4 3628	1	1
5 1753	3 4002	1	1
5 1753	7 4655	1	1
5 1754	2 2433	1	1
5 1754	7 722	1	1
5 1754	2 4562	1	1
5 1754	3 1426	1	1
5 1754	6 3499	1	1
5 1754	2 1285	1	1
5 1755	5 2108	1	1
5 1755	5 2353	1	1
5 1755	2 2476	1	1
5 1755	2 2058	1	1
5 1755	4 2603	1	1
5 1755	4 4206	1	1
5 1756	5 4404	1	1
5 1756	7 798	1	1
5 1756	0 3521	1	1
5 1756	4 1563	1	1
5 1756	3 4953	1	1
5 1756	2 2403	1	1
5 1757	5 4453	1	1
5 1757	5 4529	1	1
5 1757	0 3957	1	1
5 1757	2 2343	1	1
5 1757	2 1976	1	1
5 1757	1 4292	1	1
5 1758	5 3451	1	1
5 1758	1 2663	1	1
5 1758	0 2267	1	1
5 1758	4 2797	1	1
5 1758	7 1753	1	1
5 1758	1 3193	1	1
5 1759	2 2504	1	1
5 1759	6 832	1	1
5 1759	3 805	1	1
5 1759	4 3204	1	1
5 1759	6 3728	1	1
5 1759	6 848	1	1
5 1760	4 1164	1	1
5 1760	2 4828	1	1
5 1760	3 3893	1	1
5 1760	7 2902	1	1
5 1760	0 2315	1	1
5 1760	1 2095	1	1
5 1761	5 4543	1	1
5 1761	5 4464	1	1
5 1761	5 3404	1	1
5 1761	1 2142	1	1
5 1761	1 1193	1	1
5 1761	7 2213	1	1
5 1762	4 4715	1	1
5 1762	0 3807	1	1
5 1762	4 855	1	1
5 1762	6 1074	1	1
5 1762	6 1507	1	1
5 1762	4 833	1	1
5 1763	5 1931	1	1
5 1763	6 852	1	1
5 1763	3 82	1	1
5 1763	0 3570	1	1
5 1763	4 3865	1	1
5 1763	7 481	1	1
5 1764	2 3965	1	1
5 1764	1 1588	1	1
5 1764	0 1137	1	1
5 1764	2 2289	1	1
5 1764	3 4861	1	1
5 1764	6 3320	1	1
5 1765	7 1618	1	1
5 1765	3 931	1	1
5 1765	1 3711	1	1
5 1765	6 815	1	1
5 1765	0 2275	1	1
5 1765	6 2386	1	1
5 1766	0 4624	1	1
5 1766	1 4393	1	1
5 1766	1 2552	1	1
5 1766	2 1568	1	1
5 1766	7 3343	1	1
5 1766	1 79	1	1
5 1767	1 1431	1	1
5 1767	6 3125	1	1
5 1767	2 1166	1	1
5 1767	4 494	1	1
5 1767	1 3087	1	1
5 1767	3 4711	1	1
5 1768	5 3337	1	1
5 1768	3 3905	1	1
5 1768	1 2491	1	1
5 1768	2 882	1	1
5 1768	6 330	1	1
5 1768	4 3125	1	1
5 1769	2 450	1	1
5 1769	1 1208	1	1
5 1769	4 3015	1	1
5 1769	1 4046	1	1
5 1769	1 2427	1	1
5 1769	1 2205	1	1
5 1770	5 4644	1	1
5 1770	7 1313	1	1
5 1770	2 2636	1	1
5 1770	0 3203	1	1
5 1770	4 4608	1	1
5 1770	7 3277	1	1
5 1771	2 3932	1	1
5 1771	3 2961	1	1
5 1771	4 3649	1	1
5 1771	4 3388	1	1
5 1771	3 4283	1	1
5 1771	3 2529	1	1
5 1772	7 4359	1	1
5 1772	2 930	1	1
5 1772	1 1651	1	1
5 1772	3 2358	1	1
5 1772	6 2467	1	1
5 1772	6 3714	1	1
5 1773	5 4027	1	1
5 1773	7 2125	1	1
5 1773	4 338	1	1
5 1773	7 4347	1	1
5 1773	2 800	1	1
5 1773	6 3097	1	1
5 1774	5 4472	1	1
5 1774	0 1281	1	1
5 1774	0 3685	1	1
5 1774	1 4942	1	1
5 1774	2 4167	1	1
5 1774	0 1675	1	1
5 1775	5 1850	1	1
5 1775	1 2286	1	1
5 1775	7 2402	1	1
5 1775	6 2530	1	1
5 1775	6 3034	1	1
5 1775	2 1899	1	1
5 1776	5 909	1	1
5 1776	4 3233	1	1
5 1776	2 4367	1	1
5 1776	7 584	1	1
5 1776	6 3552	1	1
5 1776	1 3793	1	1
5 1777	4 2543	1	1
5 1777	4 3391	1	1
5 1777	1 2178	1	1
5 1777	3 2404	1	1
5 1777	2 1322	1	1
5 1777	3 4195	1	1
5 1778	5 2102	1	1
5 1778	5 2333	1	1
5 1778	6 3711	1	1
5 1778	4 1421	1	1
5 1778	6 3467	1	1
5 1778	6 3562	1	1
5 1779	5 4314	1	1
5 1779	5 1112	1	1
5 1779	5 3095	1	1
5 1779	2 991	1	1
5 1779	3 2668	1	1
5 1779	6 4838	1	1
5 1780	3 1304	1	1
5 1780	6 1181	1	1
5 1780	1 1955	1	1
5 1780	4 1531	1	1
5 1780	2 2658	1	1
5 1780	7 935	1	1
5 1781	5 4370	1	1
5 1781	2 3665	1	1
5 1781	1 2060	1	1
5 1781	4 657	1	1
5 1781	2 928	1	1
5 1781	6 15	1	1
5 1782	2 4994	1	1
5 1782	1 547	1	1
5 1782	6 797	1	1
5 1782	2 2470	1	1
5 1782	0 1892	1	1
5 1782	3 3776	1	1
5 1783	5 2594	1	1
5 1783	2 1318	1	1
5 1783	2 3888	1	1
5 1783	1 2714	1	1
5 1783	3 483	1	1
5 1783	0 4388	1	1
5 1784	5 4683	1	1
5 1784	6 261	1	1
5 1784	2 30	1	1
5 1784	6 2076	1	1
5 1784	4 2189	1	1
5 1784	0 914	1	1
5 1785	5 420	1	1
5 1785	5 4995	1	1
5 1785	2 4887	1	1
5 1785	4 682	1	1
5 1785	7 643	1	1
5 1785	1 1369	1	1
5 1786	5 3476	1	1
5 1786	3 1923	1	1
5 1786	0 4428	1	1
5 1786	7 4715	1	1
5 1786	3 425	1	1
5 1786	7 2865	1	1
5 1787	0 4781	1	1
5 1787	0 331	1	1
5 1787	3 4546	1	1
5 1787	7 3666	1	1
5 1787	2 4494	1	1
5 1787	6 3127	1	1
5 1788	0 3175	1	1
5 1788	7 1542	1	1
5 1788	2 4319	1	1
5 1788	4 4187	1	1
5 1788	1 1714	1	1
5 1788	6 601	1	1
5 1789	5 921	1	1
5 1789	4 354	1	1
5 1789	0 4023	1	1
5 1789	1 4545	1	1
5 1789	1 651	1	1
5 1789	3 4798	1	1
5 1790	5 2941	1	1
5 1790	1 3197	1	1
5 1790	6 495	1	1
5 1790	6 1048	1	1
5 1790	7 1400	1	1
5 1790	6 4680	1	1
5 1791	5 3761	1	1
5 1791	4 3237	1	1
5 1791	2 3309	1	1
5 1791	7 3827	1	1
5 1791	4 2529	1	1
5 1791	2 1169	1	1
5 1792	5 2585	1	1
5 1792	0 266	1	1
5 1792	2 1957	1	1
5 1792	0 4013	1	1
5 1792	0 3111	1	1
5 1792	2 4686	1	1
5 1793	1 2230	1	1
5 1793	4 1745	1	1
5 1793	3 2278	1	1
5 1793	1 770	1	1
5 1793	0 374	1	1
5 1793	1 3437	1	1
5 1794	5 4393	1	1
5 1794	5 146	1	1
5 1794	5 4202	1	1
5 1794	3 4112	1	1
5 1794	1 3591	1	1
5 1794	2 693	1	1
5 1795	0 3979	1	1
5 1795	4 2683	1	1
5 1795	1 3010	1	1
5 1795	7 1753	1	1
5 1795	1 2767	1	1
5 1795	0 675	1	1
5 1796	6 2619	1	1
5 1796	4 1330	1	1
5 1796	0 2013	1	1
5 1796	0 2286	1	1
5 1796	0 1599	1	1
5 1796	0 357	1	1
5 1797	5 2668	1	1
5 1797	3 3331	1	1
5 1797	2 1419	1	1
5 1797	4 2847	1	1
5 1797	1 4368	1	1
5 1797	7 2312	1	1
5 1798	2 2327	1	1
5 1798	0 509	1	1
5 1798	3 52	1	1
5 1798	6 1305	1	1
5 1798	7 3659	1	1
5 1798	1 4978	1	1
5 1799	5 557	1	1
5 1799	4 4581	1	1
5 1799	2 4203	1	1
5 1799	6 1806	1	1
5 1799	0 3313	1	1
5 1799	7 2598	1	1
5 1800	5 4226	1	1
5 1800	7 2783	1	1
5 1800	0 2943	1	1
5 1800	4 3116	1	1
5 1800	1 444	1	1
5 1800	7 3616	1	1
5 1801	5 1789	1	1
5 1801	5 1997	1	1
5 1801	3 1658	1	1
5 1801	6 699	1	1
5 1801	4 2973	1	1
5 1801	7 4280	1	1
5 1802	5 3411	1	1
5 1802	2 3191	1	1
5 1802	0 1069	1	1
5 1802	4 3532	1	1
5 1802	3 2554	1	1
5 1802	1 3575	1	1
5 1803	5 174	1	1
5 1803	5 4295	1	1
5 1803	3 1275	1	1
5 1803	2 1577	1	1
5 1803	4 3461	1	1
5 1803	1 4855	1	1
5 1804	5 3468	1	1
5 1804	5 1492	1	1
5 1804	0 1841	1	1
5 1804	3 2133	1	1
5 1804	6 1664	1	1
5 1804	7 2567	1	1
5 1805	2 3301	1	1
5 1805	7 1806	1	1
5 1805	1 1582	1	1
5 1805	7 4121	1	1
5 1805	4 1273	1	1
5 1805	1 2442	1	1
5 1806	2 3417	1	1
5 1806	2 3186	1	1
5 1806	2 2974	1	1
5 1806	7 3832	1	1
5 1806	6 4560	1	1
5 1806	1 810	1	1
5 1807	7 3388	1	1
5 1807	7 363	1	1
5 1807	2 430	1	1
5 1807	7 1099	1	1
5 1807	1 4822	1	1
5 1807	3 4575	1	1
5 1808	7 1420	1	1
5 1808	2 1846	1	1
5 1808	4 2663	1	1
5 1808	4 4836	1	1
5 1808	6 3933	1	1
5 1808	3 972	1	1
5 1809	5 2158	1	1
5 1809	5 394	1	1
5 1809	7 2867	1	1
5 1809	4 1605	1	1
5 1809	0 275	1	1
5 1809	7 1188	1	1
5 1810	5 226	1	1
5 1810	5 2823	1	1
5 1810	0 2723	1	1
5 1810	2 2135	1	1
5 1810	3 4057	1	1
5 1810	2 1566	1	1
5 1811	5 4671	1	1
5 1811	4 1124	1	1
5 1811	3 1556	1	1
5 1811	2 2486	1	1
5 1811	0 242	1	1
5 1811	4 2175	1	1
5 1812	5 4199	1	1
5 1812	7 3334	1	1
5 1812	4 1589	1	1
5 1812	1 2032	1	1
5 1812	6 543	1	1
5 1812	4 4156	1	1
5 1813	6 593	1	1
5 1813	4 616	1	1
5 1813	7 2477	1	1
5 1813	1 1929	1	1
5 1813	2 4702	1	1
5 1813	1 1096	1	1
5 1814	5 4940	1	1
5 1814	5 2685	1	1
5 1814	7 3811	1	1
5 1814	6 1428	1	1
5 1814	6 2622	1	1
5 1814	4 3857	1	1
5 1815	5 3688	1	1
5 1815	6 3738	1	1
5 1815	3 3672	1	1
5 1815	3 3517	1	1
5 1815	3 2416	1	1
5 1815	7 1167	1	1
5 1816	0 3611	1	1
5 1816	1 1640	1	1
5 1816	0 2866	1	1
5 1816	6 1901	1	1
5 1816	1 3647	1	1
5 1816	4 3377	1	1
5 1817	0 1102	1	1
5 1817	3 61	1	1
5 1817	7 493	1	1
5 1817	7 1472	1	1
5 1817	4 2224	1	1
5 1817	4 383	1	1
5 1818	5 2966	1	1
5 1818	5 2388	1	1
5 1818	2 2242	1	1
5 1818	4 620	1	1
5 1818	4 2792	1	1
5 1818	4 3898	1	1
5 1819	6 3785	1	1
5 1819	2 2610	1	1
5 1819	4 4965	1	1
5 1819	1 1617	1	1
5 1819	1 289	1	1
5 1819	6 4167	1	1
5 1820	2 3122	1	1
5 1820	1 2687	1	1
5 1820	1 2647	1	1
5 1820	2 3585	1	1
5 1820	7 1171	1	1
5 1820	0 4629	1	1
5 1821	5 4624	1	1
5 1821	5 1953	1	1
5 1821	1 685	1	1
5 1821	2 22	1	1
5 1821	0 4126	1	1
5 1821	4 1272	1	1
5 1822	2 53	1	1
5 1822	0 565	1	1
5 1822	0 4068	1	1
5 1822	1 2600	1	1
5 1822	2 995	1	1
5 1822	7 3687	1	1
5 1823	5 4592	1	1
5 1823	5 1725	1	1
5 1823	6 36	1	1
5 1823	7 2487	1	1
5 1823	0 968	1	1
5 1823	6 1905	1	1
5 1824	5 1107	1	1
5 1824	0 2117	1	1
5 1824	0 4321	1	1
5 1824	4 2779	1	1
5 1824	2 3898	1	1
5 1824	7 3524	1	1
5 1825	5 3576	1	1
5 1825	1 1176	1	1
5 1825	0 206	1	1
5 1825	6 2873	1	1
5 1825	0 2242	1	1
5 1825	4 3674	1	1
5 1826	2 2166	1	1
5 1826	2 421	1	1
5 1826	0 1641	1	1
5 1826	4 1801	1	1
5 1826	7 2595	1	1
5 1826	3 2455	1	1
5 1827	5 1105	1	1
5 1827	7 2816	1	1
5 1827	6 4554	1	1
5 1827	2 4799	1	1
5 1827	1 3169	1	1
5 1827	1 807	1	1
5 1828	7 1020	1	1
5 1828	7 4281	1	1
5 1828	4 2046	1	1
5 1828	4 4372	1	1
5 1828	7 920	1	1
5 1828	7 1620	1	1
5 1829	5 3015	1	1
5 1829	5 2121	1	1
5 1829	0 1338	1	1
5 1829	7 3661	1	1
5 1829	6 4043	1	1
5 1829	1 4897	1	1
5 1830	5 4198	1	1
5 1830	5 3517	1	1
5 1830	0 418	1	1
5 1830	7 1958	1	1
5 1830	2 214	1	1
5 1830	1 2989	1	1
5 1831	3 4035	1	1
5 1831	4 3043	1	1
5 1831	4 1149	1	1
5 1831	7 260	1	1
5 1831	0 249	1	1
5 1831	2 1687	1	1
5 1832	5 3205	1	1
5 1832	5 4450	1	1
5 1832	5 3887	1	1
5 1832	0 4760	1	1
5 1832	2 151	1	1
5 1832	6 1678	1	1
5 1833	5 402	1	1
5 1833	6 2765	1	1
5 1833	0 943	1	1
5 1833	3 4906	1	1
5 1833	2 2918	1	1
5 1833	4 420	1	1
5 1834	1 778	1	1
5 1834	0 2899	1	1
5 1834	4 2376	1	1
5 1834	0 1636	1	1
5 1834	3 3017	1	1
5 1834	0 2806	1	1
5 1835	5 534	1	1
5 1835	5 3530	1	1
5 1835	3 2310	1	1
5 1835	0 3812	1	1
5 1835	1 4020	1	1
5 1835	4 1098	1	1
5 1836	5 323	1	1
5 1836	4 1813	1	1
5 1836	2 1998	1	1
5 1836	4 300	1	1
5 1836	3 722	1	1
5 1836	7 4161	1	1
5 1837	3 1017	1	1
5 1837	1 4753	1	1
5 1837	2 2978	1	1
5 1837	3 2264	1	1
5 1837	4 1574	1	1
5 1837	7 2743	1	1
5 1838	5 3757	1	1
5 1838	4 1191	1	1
5 1838	1 1020	1	1
5 1838	6 655	1	1
5 1838	4 826	1	1
5 1838	0 1566	1	1
5 1839	5 4152	1	1
5 1839	6 1649	1	1
5 1839	3 1355	1	1
5 1839	0 1906	1	1
5 1839	7 2824	1	1
5 1839	4 1563	1	1
5 1840	4 4947	1	1
5 1840	4 888	1	1
5 1840	4 1434	1	1
5 1840	3 2884	1	1
5 1840	3 4766	1	1
5 1840	7 3360	1	1
5 1841	5 4517	1	1
5 1841	0 1360	1	1
5 1841	2 2706	1	1
5 1841	0 959	1	1
5 1841	2 3794	1	1
5 1841	4 4202	1	1
5 1842	5 1269	1	1
5 1842	5 2905	1	1
5 1842	4 4094	1	1
5 1842	1 93	1	1
5 1842	4 4463	1	1
5 1842	7 4831	1	1
5 1843	5 2133	1	1
5 1843	4 654	1	1
5 1843	6 2939	1	1
5 1843	7 4771	1	1
5 1843	1 611	1	1
5 1843	2 783	1	1
5 1844	5 3338	1	1
5 1844	4 3463	1	1
5 1844	1 4472	1	1
5 1844	7 4786	1	1
5 1844	7 2959	1	1
5 1844	0 3786	1	1
5 1845	0 2412	1	1
5 1845	2 3061	1	1
5 1845	4 3493	1	1
5 1845	3 3399	1	1
5 1845	6 360	1	1
5 1845	6 4738	1	1
5 1846	5 4758	1	1
5 1846	2 280	1	1
5 1846	1 4715	1	1
5 1846	6 3223	1	1
5 1846	6 4784	1	1
5 1846	6 333	1	1
5 1847	3 3759	1	1
5 1847	6 4693	1	1
5 1847	4 3313	1	1
5 1847	0 1954	1	1
5 1847	0 4016	1	1
5 1847	1 306	1	1
5 1848	5 4181	1	1
5 1848	4 1698	1	1
5 1848	0 3240	1	1
5 1848	1 658	1	1
5 1848	7 1512	1	1
5 1848	3 4078	1	1
5 1849	4 2174	1	1
5 1849	4 2708	1	1
5 1849	0 1586	1	1
5 1849	3 4296	1	1
5 1849	2 540	1	1
5 1849	7 2620	1	1
5 1850	5 3492	1	1
5 1850	6 588	1	1
5 1850	7 1282	1	1
5 1850	3 4943	1	1
5 1850	0 4578	1	1
5 1850	7 4519	1	1
5 1851	5 1419	1	1
5 1851	7 170	1	1
5 1851	0 478	1	1
5 1851	2 2568	1	1
5 1851	2 3721	1	1
5 1851	7 3303	1	1
5 1852	5 4965	1	1
5 1852	1 4618	1	1
5 1852	7 4069	1	1
5 1852	2 4666	1	1
5 1852	2 3923	1	1
5 1852	2 2028	1	1
5 1853	5 4781	1	1
5 1853	5 4628	1	1
5 1853	1 3256	1	1
5 1853	7 227	1	1
5 1853	6 4222	1	1
5 1853	4 3282	1	1
5 1854	6 3930	1	1
5 1854	6 196	1	1
5 1854	6 399	1	1
5 1854	1 3060	1	1
5 1854	3 2997	1	1
5 1854	4 3468	1	1
5 1855	5 3561	1	1
5 1855	0 527	1	1
5 1855	4 1584	1	1
5 1855	6 3065	1	1
5 1855	0 567	1	1
5 1855	7 3820	1	1
5 1856	5 2037	1	1
5 1856	3 945	1	1
5 1856	3 2114	1	1
5 1856	1 1772	1	1
5 1856	0 2400	1	1
5 1856	2 3390	1	1
5 1857	3 232	1	1
5 1857	4 698	1	1
5 1857	3 2079	1	1
5 1857	2 4025	1	1
5 1857	4 1147	1	1
5 1857	2 3317	1	1
5 1858	0 2594	1	1
5 1858	1 3651	1	1
5 1858	6 1435	1	1
5 1858	2 4203	1	1
5 1858	6 2168	1	1
5 1858	0 3461	1	1
5 1859	5 3816	1	1
5 1859	6 465	1	1
5 1859	1 2682	1	1
5 1859	3 3851	1	1
5 1859	7 3575	1	1
5 1859	1 1668	1	1
5 1860	1 4763	1	1
5 1860	4 3652	1	1
5 1860	1 1888	1	1
5 1860	7 4436	1	1
5 1860	0 2140	1	1
5 1860	1 944	1	1
5 1861	0 3907	1	1
5 1861	0 1447	1	1
5 1861	2 3176	1	1
5 1861	6 35	1	1
5 1861	1 114	1	1
5 1861	7 3530	1	1
5 1862	0 2177	1	1
5 1862	3 4413	1	1
5 1862	1 379	1	1
5 1862	4 3812	1	1
5 1862	4 538	1	1
5 1862	2 835	1	1
5 1863	1 2081	1	1
5 1863	7 4410	1	1
5 1863	0 4618	1	1
5 1863	1 3591	1	1
5 1863	7 2929	1	1
5 1863	7 1258	1	1
5 1864	5 2648	1	1
5 1864	2 4744	1	1
5 1864	7 391	1	1
5 1864	6 4827	1	1
5 1864	0 487	1	1
5 1864	2 3402	1	1
5 1865	5 1521	1	1
5 1865	2 340	1	1
5 1865	3 4178	1	1
5 1865	2 850	1	1
5 1865	7 3839	1	1
5 1865	7 4934	1	1
5 1866	5 1819	1	1
5 1866	4 3885	1	1
5 1866	4 1482	1	1
5 1866	3 3020	1	1
5 1866	6 4523	1	1
5 1866	0 3810	1	1
5 1867	5 3229	1	1
5 1867	1 368	1	1
5 1867	7 2631	1	1
5 1867	1 318	1	1
5 1867	1 1871	1	1
5 1867	6 4556	1	1
5 1868	4 4955	1	1
5 1868	0 4943	1	1
5 1868	2 600	1	1
5 1868	0 4336	1	1
5 1868	1 1493	1	1
5 1868	2 1791	1	1
5 1869	5 1370	1	1
5 1869	3 2791	1	1
5 1869	2 1229	1	1
5 1869	4 4639	1	1
5 1869	7 1496	1	1
5 1869	2 968	1	1
5 1870	7 722	1	1
5 1870	7 1457	1	1
5 1870	2 349	1	1
5 1870	7 3905	1	1
5 1870	7 4253	1	1
5 1870	3 3144	1	1
5 1871	1 1862	1	1
5 1871	3 4935	1	1
5 1871	2 2594	1	1
5 1871	6 1481	1	1
5 1871	4 3371	1	1
5 1871	2 3741	1	1
5 1872	4 3941	1	1
5 1872	7 132	1	1
5 1872	7 4550	1	1
5 1872	0 1509	1	1
5 1872	3 2650	1	1
5 1872	4 1754	1	1
5 1873	5 3759	1	1
5 1873	7 1776	1	1
5 1873	0 3876	1	1
5 1873	2 2470	1	1
5 1873	2 2006	1	1
5 1873	7 3923	1	1
5 1874	5 1553	1	1
5 1874	4 2094	1	1
5 1874	2 2249	1	1
5 1874	6 2733	1	1
5 1874	4 2683	1	1
5 1874	1 4698	1	1
5 1875	5 3406	1	1
5 1875	1 1612	1	1
5 1875	4 2236	1	1
5 1875	1 4647	1	1
5 1875	2 417	1	1
5 1875	2 2522	1	1
5 1876	5 1972	1	1
5 1876	3 134	1	1
5 1876	0 2669	1	1
5 1876	4 848	1	1
5 1876	3 2450	1	1
5 1876	2 398	1	1
5 1877	2 1672	1	1
5 1877	3 2831	1	1
5 1877	0 2749	1	1
5 1877	1 119	1	1
5 1877	0 4541	1	1
5 1877	7 4723	1	1
5 1878	0 3858	1	1
5 1878	7 3673	1	1
5 1878	2 3164	1	1
5 1878	7 2572	1	1
5 1878	4 4801	1	1
5 1878	6 3153	1	1
5 1879	5 1044	1	1
5 1879	3 1454	1	1
5 1879	4 2363	1	1
5 1879	2 4441	1	1
5 1879	1 4916	1	1
5 1879	4 3863	1	1
5 1880	6 937	1	1
5 1880	2 384	1	1
5 1880	6 954	1	1
5 1880	3 2508	1	1
5 1880	0 3938	1	1
5 1880	2 3570	1	1
5 1881	5 1066	1	1
5 1881	5 3304	1	1
5 1881	3 4151	1	1
5 1881	2 3158	1	1
5 1881	1 850	1	1
5 1881	3 2903	1	1
5 1882	1 906	1	1
5 1882	6 708	1	1
5 1882	1 3227	1	1
5 1882	1 2650	1	1
5 1882	7 883	1	1
5 1882	7 1907	1	1
5 1883	6 1395	1	1
5 1883	7 338	1	1
5 1883	1 3164	1	1
5 1883	3 4388	1	1
5 1883	2 2046	1	1
5 1883	2 2716	1	1
5 1884	5 1447	1	1
5 1884	3 1389	1	1
5 1884	1 3840	1	1
5 1884	1 3582	1	1
5 1884	7 2062	1	1
5 1884	7 3084	1	1
5 1885	5 2801	1	1
5 1885	1 1459	1	1
5 1885	1 4134	1	1
5 1885	4 1559	1	1
5 1885	4 367	1	1
5 1885	2 2777	1	1
5 1886	5 4046	1	1
5 1886	5 2997	1	1
5 1886	0 4061	1	1
5 1886	2 1386	1	1
5 1886	0 3099	1	1
5 1886	1 4118	1	1
5 1887	4 3839	1	1
5 1887	3 758	1	1
5 1887	7 2911	1	1
5 1887	0 1752	1	1
5 1887	4 2693	1	1
5 1887	4 1	1	1
5 1888	5 1328	1	1
5 1888	0 4708	1	1
5 1888	2 179	1	1
5 1888	6 4295	1	1
5 1888	0 2680	1	1
5 1888	0 3040	1	1
5 1889	5 1759	1	1
5 1889	2 3970	1	1
5 1889	6 1299	1	1
5 1889	7 921	1	1
5 1889	4 821	1	1
5 1889	0 4734	1	1
5 1890	7 3901	1	1
5 1890	3 770	1	1
5 1890	6 3163	1	1
5 1890	7 2636	1	1
5 1890	7 3866	1	1
5 1890	2 703	1	1
5 1891	5 2295	1	1
5 1891	4 1168	1	1
5 1891	1 4788	1	1
5 1891	4 2765	1	1
5 1891	6 2903	1	1
5 1891	3 4146	1	1
5 1892	6 866	1	1
5 1892	0 2235	1	1
5 1892	6 402	1	1
5 1892	7 4672	1	1
5 1892	7 743	1	1
5 1892	1 3961	1	1
5 1893	3 2829	1	1
5 1893	0 4353	1	1
5 1893	4 3283	1	1
5 1893	4 1404	1	1
5 1893	3 4390	1	1
5 1893	4 2632	1	1
5 1894	5 1681	1	1
5 1894	5 3912	1	1
5 1894	4 1608	1	1
5 1894	0 1577	1	1
5 1894	1 804	1	1
5 1894	7 40	1	1
5 1895	5 2700	1	1
5 1895	5 391	1	1
5 1895	4 3263	1	1
5 1895	2 802	1	1
5 1895	0 3326	1	1
5 1895	3 4326	1	1
5 1896	5 1095	1	1
5 1896	6 4389	1	1
5 1896	0 424	1	1
5 1896	7 4909	1	1
5 1896	7 85	1	1
5 1896	4 1787	1	1
5 1897	7 3827	1	1
5 1897	1 1774	1	1
5 1897	0 4307	1	1
5 1897	3 2600	1	1
5 1897	6 269	1	1
5 1897	0 2779	1	1
5 1898	5 1649	1	1
5 1898	6 1755	1	1
5 1898	1 1093	1	1
5 1898	0 2146	1	1
5 1898	3 657	1	1
5 1898	7 3843	1	1
5 1899	5 3627	1	1
5 1899	7 2140	1	1
5 1899	1 4233	1	1
5 1899	2 1791	1	1
5 1899	4 2178	1	1
5 1899	1 2500	1	1
5 1900	5 2654	1	1
5 1900	6 4671	1	1
5 1900	7 2035	1	1
5 1900	3 3700	1	1
5 1900	7 1080	1	1
5 1900	7 881	1	1
5 1901	5 3024	1	1
5 1901	1 3425	1	1
5 1901	3 3420	1	1
5 1901	6 3643	1	1
5 1901	2 1457	1	1
5 1901	3 4780	1	1
5 1902	5 4036	1	1
5 1902	0 3112	1	1
5 1902	1 347	1	1
5 1902	2 4876	1	1
5 1902	0 2190	1	1
5 1902	6 4990	1	1
5 1903	4 4386	1	1
5 1903	0 3932	1	1
5 1903	2 2249	1	1
5 1903	0 3502	1	1
5 1903	3 2727	1	1
5 1903	1 3492	1	1
5 1904	5 869	1	1
5 1904	7 757	1	1
5 1904	0 3426	1	1
5 1904	4 3982	1	1
5 1904	4 2964	1	1
5 1904	0 1583	1	1
5 1905	1 3029	1	1
5 1905	3 1986	1	1
5 1905	1 196	1	1
5 1905	6 2986	1	1
5 1905	1 2763	1	1
5 1905	0 838	1	1
5 1906	5 3653	1	1
5 1906	5 1864	1	1
5 1906	0 4607	1	1
5 1906	0 3378	1	1
5 1906	3 1260	1	1
5 1906	6 504	1	1
5 1907	4 1668	1	1
5 1907	1 4185	1	1
5 1907	7 956	1	1
5 1907	2 3687	1	1
5 1907	7 904	1	1
5 1907	4 3066	1	1
5 1908	5 4127	1	1
5 1908	5 2046	1	1
5 1908	5 3326	1	1
5 1908	0 2888	1	1
5 1908	4 297	1	1
5 1908	4 2901	1	1
5 1909	5 3708	1	1
5 1909	0 2094	1	1
5 1909	1 2361	1	1
5 1909	3 2848	1	1
5 1909	4 3989	1	1
5 1909	0 2759	1	1
5 1910	0 4853	1	1
5 1910	6 1938	1	1
5 1910	4 573	1	1
5 1910	2 930	1	1
5 1910	1 3571	1	1
5 1910	1 366	1	1
5 1911	5 4193	1	1
5 1911	6 3542	1	1
5 1911	4 2045	1	1
5 1911	4 286	1	1
5 1911	2 181	1	1
5 1911	2 4968	1	1
5 1912	6 4076	1	1
5 1912	2 436	1	1
5 1912	6 2107	1	1
5 1912	3 262	1	1
5 1912	4 3858	1	1
5 1912	3 2398	1	1
5 1913	1 2033	1	1
5 1913	1 480	1	1
5 1913	4 2597	1	1
5 1913	3 1220	1	1
5 1913	7 4812	1	1
5 1913	1 1494	1	1
5 1914	5 1125	1	1
5 1914	1 935	1	1
5 1914	3 1634	1	1
5 1914	4 3009	1	1
5 1914	4 3295	1	1
5 1914	4 923	1	1
5 1915	5 358	1	1
5 1915	0 4741	1	1
5 1915	0 580	1	1
5 1915	6 1462	1	1
5 1915	0 3250	1	1
5 1915	0 3471	1	1
5 1916	5 3381	1	1
5 1916	2 2106	1	1
5 1916	1 3982	1	1
5 1916	0 1384	1	1
5 1916	0 3901	1	1
5 1916	1 1327	1	1
5 1917	5 2266	1	1
5 1917	5 3250	1	1
5 1917	3 3481	1	1
5 1917	1 3891	1	1
5 1917	4 41	1	1
5 1917	1 3796	1	1
5 1918	5 4639	1	1
5 1918	0 4265	1	1
5 1918	6 4075	1	1
5 1918	6 433	1	1
5 1918	7 4223	1	1
5 1918	2 1621	1	1
5 1919	5 772	1	1
5 1919	5 1905	1	1
5 1919	2 2307	1	1
5 1919	0 2717	1	1
5 1919	7 2389	1	1
5 1919	3 1412	1	1
5 1920	5 1360	1	1
5 1920	0 4457	1	1
5 1920	6 3268	1	1
5 1920	2 2791	1	1
5 1920	7 3124	1	1
5 1920	2 1222	1	1
5 1921	5 1474	1	1
5 1921	4 3119	1	1
5 1921	4 855	1	1
5 1921	3 1259	1	1
5 1921	6 1393	1	1
5 1921	4 318	1	1
5 1922	4 3168	1	1
5 1922	7 193	1	1
5 1922	3 1465	1	1
5 1922	4 3464	1	1
5 1922	4 3682	1	1
5 1922	7 2412	1	1
5 1923	5 1270	1	1
5 1923	3 479	1	1
5 1923	7 1071	1	1
5 1923	6 3311	1	1
5 1923	4 3013	1	1
5 1923	3 830	1	1
5 1924	5 1467	1	1
5 1924	5 1584	1	1
5 1924	1 1688	1	1
5 1924	7 545	1	1
5 1924	2 4405	1	1
5 1924	6 2507	1	1
5 1925	5 4695	1	1
5 1925	5 4557	1	1
5 1925	1 4560	1	1
5 1925	2 4043	1	1
5 1925	2 3331	1	1
5 1925	4 2919	1	1
5 1926	7 368	1	1
5 1926	1 3949	1	1
5 1926	0 1348	1	1
5 1926	3 2031	1	1
5 1926	7 1903	1	1
5 1926	1 958	1	1
5 1927	2 4928	1	1
5 1927	0 4031	1	1
5 1927	2 2441	1	1
5 1927	4 1436	1	1
5 1927	4 3560	1	1
5 1927	0 174	1	1
5 1928	5 2990	1	1
5 1928	5 2888	1	1
5 1928	6 367	1	1
5 1928	1 4836	1	1
5 1928	2 2246	1	1
5 1928	1 3224	1	1
5 1929	1 2224	1	1
5 1929	7 4215	1	1
5 1929	7 2374	1	1
5 1929	3 4129	1	1
5 1929	2 3074	1	1
5 1929	2 3270	1	1
5 1930	5 1880	1	1
5 1930	4 4936	1	1
5 1930	3 22	1	1
5 1930	0 2081	1	1
5 1930	7 4195	1	1
5 1930	3 415	1	1
5 1931	5 4018	1	1
5 1931	5 1855	1	1
5 1931	2 3417	1	1
5 1931	4 1034	1	1
5 1931	1 2948	1	1
5 1931	4 1491	1	1
5 1932	5 4972	1	1
5 1932	1 1260	1	1
5 1932	6 2029	1	1
5 1932	2 4074	1	1
5 1932	7 2430	1	1
5 1932	0 4192	1	1
5 1933	5 4051	1	1
5 1933	3 2139	1	1
5 1933	3 4376	1	1
5 1933	3 2540	1	1
5 1933	6 1731	1	1
5 1933	4 319	1	1
5 1934	5 3042	1	1
5 1934	1 2066	1	1
5 1934	0 3210	1	1
5 1934	7 1137	1	1
5 1934	4 2999	1	1
5 1934	2 368	1	1
5 1935	5 3615	1	1
5 1935	7 1188	1	1
5 1935	1 1849	1	1
5 1935	7 4535	1	1
5 1935	2 3342	1	1
5 1935	3 2564	1	1
5 1936	5 1535	1	1
5 1936	1 2361	1	1
5 1936	7 4640	1	1
5 1936	0 2391	1	1
5 1936	2 2457	1	1
5 1936	3 1144	1	1
5 1937	5 4838	1	1
5 1937	3 1581	1	1
5 1937	6 1103	1	1
5 1937	7 211	1	1
5 1937	2 4098	1	1
5 1937	1 2549	1	1
5 1938	5 3302	1	1
5 1938	0 4236	1	1
5 1938	4 3783	1	1
5 1938	1 2548	1	1
5 1938	7 3833	1	1
5 1938	2 65	1	1
5 1939	5 2799	1	1
5 1939	2 1776	1	1
5 1939	1 2045	1	1
5 1939	3 4328	1	1
5 1939	3 2970	1	1
5 1939	4 2171	1	1
5 1940	3 622	1	1
5 1940	0 311	1	1
5 1940	3 3670	1	1
5 1940	2 3994	1	1
5 1940	0 2228	1	1
5 1940	3 1867	1	1
5 1941	5 4147	1	1
5 1941	4 1450	1	1
5 1941	0 448	1	1
5 1941	6 1747	1	1
5 1941	1 3668	1	1
5 1941	0 4865	1	1
5 1942	5 410	1	1
5 1942	1 858	1	1
5 1942	0 1911	1	1
5 1942	1 2154	1	1
5 1942	4 4220	1	1
5 1942	1 2801	1	1
5 1943	5 861	1	1
5 1943	4 4417	1	1
5 1943	1 1501	1	1
5 1943	0 4973	1	1
5 1943	0 3549	1	1
5 1943	4 4844	1	1
5 1944	5 1799	1	1
5 1944	6 2595	1	1
5 1944	4 4684	1	1
5 1944	7 3976	1	1
5 1944	0 350	1	1
5 1944	4 1984	1	1
5 1945	5 2587	1	1
5 1945	3 1306	1	1
5 1945	1 252	1	1
5 1945	4 1248	1	1
5 1945	1 968	1	1
5 1945	2 3486	1	1
5 1946	5 305	1	1
5 1946	7 2819	1	1
5 1946	4 2232	1	1
5 1946	2 2448	1	1
5 1946	1 983	1	1
5 1946	3 700	1	1
5 1947	5 2148	1	1
5 1947	1 712	1	1
5 1947	1 1068	1	1
5 1947	1 3336	1	1
5 1947	7 351	1	1
5 1947	7 2304	1	1
5 1948	7 1570	1	1
5 1948	7 2127	1	1
5 1948	7 2475	1	1
5 1948	6 2678	1	1
5 1948	3 2209	1	1
5 1948	4 544	1	1
5 1949	5 1493	1	1
5 1949	6 4947	1	1
5 1949	3 2865	1	1
5 1949	0 4895	1	1
5 1949	1 351	1	1
5 1949	0 61	1	1
5 1950	5 1643	1	1
5 1950	4 4352	1	1
5 1950	3 196	1	1
5 1950	1 4066	1	1
5 1950	4 45	1	1
5 1950	6 4228	1	1
5 1951	5 1588	1	1
5 1951	1 3562	1	1
5 1951	6 4514	1	1
5 1951	1 4877	1	1
5 1951	1 2929	1	1
5 1951	2 3179	1	1
5 1952	7 2667	1	1
5 1952	2 3452	1	1
5 1952	4 1867	1	1
5 1952	7 4930	1	1
5 1952	4 3398	1	1
5 1952	4 3994	1	1
5 1953	5 112	1	1
5 1953	0 1024	1	1
5 1953	6 2840	1	1
5 1953	6 1237	1	1
5 1953	7 638	1	1
5 1953	1 4190	1	1
5 1954	4 4585	1	1
5 1954	3 4156	1	1
5 1954	0 4297	1	1
5 1954	3 113	1	1
5 1954	7 2960	1	1
5 1954	4 1053	1	1
5 1955	5 5000	1	1
5 1955	0 4555	1	1
5 1955	7 3356	1	1
5 1955	4 4503	1	1
5 1955	6 4319	1	1
5 1955	1 3490	1	1
5 1956	5 4675	1	1
5 1956	2 1147	1	1
5 1956	0 2397	1	1
5 1956	4 2212	1	1
5 1956	7 1722	1	1
5 1956	0 1112	1	1
5 1957	5 2772	1	1
5 1957	6 1894	1	1
5 1957	4 1265	1	1
5 1957	4 3057	1	1
5 1957	6 1359	1	1
5 1957	0 1370	1	1
5 1958	3 865	1	1
5 1958	2 4216	1	1
5 1958	0 4420	1	1
5 1958	7 2365	1	1
5 1958	1 3211	1	1
5 1958	3 3928	1	1
5 1959	5 1626	1	1
5 1959	0 3564	1	1
5 1959	0 1695	1	1
5 1959	7 999	1	1
5 1959	6 943	1	1
5 1959	0 4230	1	1
5 1960	5 903	1	1
5 1960	0 385	1	1
5 1960	3 2785	1	1
5 1960	2 2922	1	1
5 1960	3 32	1	1
5 1960	2 1780	1	1
5 1961	5 1735	1	1
5 1961	6 3880	1	1
5 1961	1 2345	1	1
5 1961	7 4946	1	1
5 1961	6 3337	1	1
5 1961	4 3473	1	1
5 1962	2 555	1	1
5 1962	2 4447	1	1
5 1962	3 1461	1	1
5 1962	3 3974	1	1
5 1962	0 3493	1	1
5 1962	6 7	1	1
5 1963	5 4344	1	1
5 1963	3 2952	1	1
5 1963	7 3034	1	1
5 1963	2 751	1	1
5 1963	3 2181	1	1
5 1963	4 2668	1	1
5 1964	5 369	1	1
5 1964	3 593	1	1
5 1964	7 2723	1	1
5 1964	1 2228	1	1
5 1964	3 4175	1	1
5 1964	0 4614	1	1
5 1965	5 2958	1	1
5 1965	6 1232	1	1
5 1965	3 2580	1	1
5 1965	6 1881	1	1
5 1965	6 3368	1	1
5 1965	7 4628	1	1
5 1966	6 2815	1	1
5 1966	2 4152	1	1
5 1966	0 1285	1	1
5 1966	0 1371	1	1
5 1966	4 489	1	1
5 1966	0 4890	1	1
5 1967	5 4588	1	1
5 1967	5 358	1	1
5 1967	2 432	1	1
5 1967	1 3403	1	1
5 1967	2 1120	1	1
5 1967	3 2076	1	1
5 1968	5 1308	1	1
5 1968	4 1821	1	1
5 1968	6 4935	1	1
5 1968	6 509	1	1
5 1968	6 1851	1	1
5 1968	6 1178	1	1
5 1969	5 4486	1	1
5 1969	4 4473	1	1
5 1969	6 285	1	1
5 1969	0 4066	1	1
5 1969	1 2228	1	1
5 1969	4 247	1	1
5 1970	5 1695	1	1
5 1970	5 3155	1	1
5 1970	0 3981	1	1
5 1970	1 1898	1	1
5 1970	0 2684	1	1
5 1970	3 4835	1	1
5 1971	5 4113	1	1
5 1971	4 3393	1	1
5 1971	6 3120	1	1
5 1971	3 2253	1	1
5 1971	1 1881	1	1
5 1971	1 4555	1	1
5 1972	5 2997	1	1
5 1972	3 2934	1	1
5 1972	6 2587	1	1
5 1972	4 1084	1	1
5 1972	1 2231	1	1
5 1972	0 411	1	1
5 1973	5 1553	1	1
5 1973	1 3914	1	1
5 1973	4 1083	1	1
5 1973	2 2610	1	1
5 1973	4 1521	1	1
5 1973	6 1148	1	1
5 1974	3 2532	1	1
5 1974	7 2185	1	1
5 1974	2 1497	1	1
5 1974	0 2792	1	1
5 1974	6 2456	1	1
5 1974	7 202	1	1
5 1975	5 2208	1	1
5 1975	5 2844	1	1
5 1975	7 3834	1	1
5 1975	7 4041	1	1
5 1975	2 2563	1	1
5 1975	0 1633	1	1
5 1976	5 4361	1	1
5 1976	5 3355	1	1
5 1976	7 2108	1	1
5 1976	3 2019	1	1
5 1976	7 11	1	1
5 1976	7 3755	1	1
5 1977	4 4652	1	1
5 1977	6 2046	1	1
5 1977	2 3911	1	1
5 1977	6 1174	1	1
5 1977	0 3865	1	1
5 1977	0 2550	1	1
5 1978	3 1447	1	1
5 1978	2 223	1	1
5 1978	2 4577	1	1
5 1978	1 4720	1	1
5 1978	0 1874	1	1
5 1978	3 2106	1	1
5 1979	5 2635	1	1
5 1979	1 4358	1	1
5 1979	1 3693	1	1
5 1979	1 3613	1	1
5 1979	3 4570	1	1
5 1979	0 3412	1	1
5 1980	3 2499	1	1
5 1980	0 4707	1	1
5 1980	1 3624	1	1
5 1980	7 1648	1	1
5 1980	4 4062	1	1
5 1980	6 4211	1	1
5 1981	5 273	1	1
5 1981	1 409	1	1
5 1981	6 1900	1	1
5 1981	2 2140	1	1
5 1981	4 4939	1	1
5 1981	0 4306	1	1
5 1982	0 1688	1	1
5 1982	2 137	1	1
5 1982	6 2317	1	1
5 1982	6 4011	1	1
5 1982	3 1256	1	1
5 1982	2 2388	1	1
5 1983	5 1845	1	1
5 1983	2 475	1	1
5 1983	6 482	1	1
5 1983	6 60	1	1
5 1983	6 3226	1	1
5 1983	1 487	1	1
5 1984	7 4795	1	1
5 1984	1 621	1	1
5 1984	2 730	1	1
5 1984	1 4709	1	1
5 1984	4 1546	1	1
5 1984	4 2314	1	1
5 1985	5 594	1	1
5 1985	7 921	1	1
5 1985	2 1468	1	1
5 1985	4 834	1	1
5 1985	7 154	1	1
5 1985	7 2008	1	1
5 1986	3 4500	1	1
5 1986	1 627	1	1
5 1986	7 3489	1	1
5 1986	3 709	1	1
5 1986	6 2245	1	1
5 1986	0 1160	1	1
5 1987	5 3153	1	1
5 1987	5 4189	1	1
5 1987	5 2878	1	1
5 1987	7 4676	1	1
5 1987	6 4226	1	1
5 1987	0 3149	1	1
5 1988	5 1552	1	1
5 1988	0 1639	1	1
5 1988	1 2469	1	1
5 1988	3 526	1	1
5 1988	1 4116	1	1
5 1988	6 290	1	1
5 1989	5 92	1	1
5 1989	6 2367	1	1
5 1989	6 2209	1	1
5 1989	6 1468	1	1
5 1989	0 2728	1	1
5 1989	6 3238	1	1
5 1990	5 4423	1	1
5 1990	3 3560	1	1
5 1990	6 3725	1	1
5 1990	0 4682	1	1
5 1990	6 826	1	1
5 1990	1 2182	1	1
5 1991	5 2353	1	1
5 1991	5 3266	1	1
5 1991	0 1991	1	1
5 1991	7 1137	1	1
5 1991	0 1769	1	1
5 1991	3 4608	1	1
5 1992	0 2524	1	1
5 1992	6 2690	1	1
5 1992	3 4154	1	1
5 1992	3 3243	1	1
5 1992	4 1579	1	1
5 1992	7 3848	1	1
5 1993	2 3317	1	1
5 1993	3 1224	1	1
5 1993	0 2425	1	1
5 1993	2 33	1	1
5 1993	4 3080	1	1
5 1993	7 1607	1	1
5 1994	5 4489	1	1
5 1994	5 1716	1	1
5 1994	2 1678	1	1
5 1994	2 3622	1	1
5 1994	1 4808	1	1
5 1994	7 1141	1	1
5 1995	4 481	1	1
5 1995	1 3882	1	1
5 1995	1 3825	1	1
5 1995	6 398	1	1
5 1995	2 2115	1	1
5 1995	7 1150	1	1
5 1996	0 2406	1	1
5 1996	1 3844	1	1
5 1996	3 777	1	1
5 1996	4 174	1	1
5 1996	7 486	1	1
5 1996	0 1631	1	1
5 1997	1 4518	1	1
5 1997	2 2924	1	1
5 1997	7 1859	1	1
5 1997	0 1485	1	1
5 1997	7 4847	1	1
5 1997	3 1733	1	1
5 1998	0 2773	1	1
5 1998	1 667	1	1
5 1998	1 2594	1	1
5 1998	6 2884	1	1
5 1998	2 4500	1	1
5 1998	0 819	1	1
5 1999	5 1438	1	1
5 1999	4 1575	1	1
5 1999	6 3572	1	1
5 1999	7 3082	1	1
5 1999	3 3886	1	1
5 1999	0 2018	1	1
5 2000	5 2158	1	1
5 2000	7 2672	1	1
5 2000	3 2760	1	1
5 2000	3 2702	1	1
5 2000	0 1001	1	1
5 2000	2 613	1	1
5 2001	5 3491	1	1
5 2001	0 4963	1	1
5 2001	4 1725	1	1
5 2001	4 3450	1	1
5 2001	2 125	1	1
5 2001	2 2667	1	1
5 2002	5 3079	1	1
5 2002	2 4615	1	1
5 2002	6 1219	1	1
5 2002	4 3251	1	1
5 2002	0 4095	1	1
5 2002	6 3414	1	1
5 2003	1 4478	1	1
5 2003	2 294	1	1
5 2003	7 2698	1	1
5 2003	3 2945	1	1
5 2003	3 2840	1	1
5 2003	3 4051	1	1
5 2004	5 4877	1	1
5 2004	0 370	1	1
5 2004	4 951	1	1
5 2004	4 2920	1	1
5 2004	0 950	1	1
5 2004	2 4636	1	1
5 2005	4 1683	1	1
5 2005	4 3814	1	1
5 2005	6 3267	1	1
5 2005	1 4955	1	1
5 2005	4 3424	1	1
5 2005	1 723	1	1
5 2006	5 4008	1	1
5 2006	0 3305	1	1
5 2006	0 4509	1	1
5 2006	0 2909	1	1
5 2006	6 3093	1	1
5 2006	7 3083	1	1
5 2007	0 2423	1	1
5 2007	6 4177	1	1
5 2007	7 369	1	1
5 2007	3 1734	1	1
5 2007	7 4657	1	1
5 2007	3 4136	1	1
5 2008	5 2021	1	1
5 2008	6 1149	1	1
5 2008	7 3119	1	1
5 2008	6 467	1	1
5 2008	7 2125	1	1
5 2008	0 4495	1	1
5 2009	5 1617	1	1
5 2009	6 2783	1	1
5 2009	4 3350	1	1
5 2009	6 2373	1	1
5 2009	7 2855	1	1
5 2009	1 161	1	1
5 2010	5 4764	1	1
5 2010	5 2159	1	1
5 2010	4 4323	1	1
5 2010	4 287	1	1
5 2010	7 2423	1	1
5 2010	4 2302	1	1
5 2011	2 678	1	1
5 2011	2 2916	1	1
5 2011	6 1804	1	1
5 2011	4 4149	1	1
5 2011	3 3559	1	1
5 2011	4 1924	1	1
5 2012	5 410	1	1
5 2012	1 2121	1	1
5 2012	7 3450	1	1
5 2012	7 1877	1	1
5 2012	7 3002	1	1
5 2012	0 3812	1	1
5 2013	4 3536	1	1
5 2013	3 3410	1	1
5 2013	6 3170	1	1
5 2013	2 719	1	1
5 2013	6 2420	1	1
5 2013	3 751	1	1
5 2014	5 2024	1	1
5 2014	7 644	1	1
5 2014	4 3593	1	1
5 2014	3 2920	1	1
5 2014	4 2265	1	1
5 2014	0 4469	1	1
5 2015	5 2207	1	1
5 2015	5 1340	1	1
5 2015	2 2808	1	1
5 2015	1 4290	1	1
5 2015	1 2459	1	1
5 2015	0 3874	1	1
5 2016	5 4608	1	1
5 2016	1 1250	1	1
5 2016	3 1965	1	1
5 2016	6 813	1	1
5 2016	0 4963	1	1
5 2016	7 2569	1	1
5 2017	5 1756	1	1
5 2017	0 2076	1	1
5 2017	3 4676	1	1
5 2017	6 4026	1	1
5 2017	6 2102	1	1
5 2017	0 4295	1	1
5 2018	5 3512	1	1
5 2018	0 907	1	1
5 2018	7 4150	1	1
5 2018	1 4029	1	1
5 2018	6 3819	1	1
5 2018	7 3726	1	1
5 2019	4 3015	1	1
5 2019	3 4230	1	1
5 2019	2 4856	1	1
5 2019	6 2662	1	1
5 2019	3 3904	1	1
5 2019	2 1338	1	1
5 2020	4 2892	1	1
5 2020	1 866	1	1
5 2020	6 1680	1	1
5 2020	0 3259	1	1
5 2020	0 2152	1	1
5 2020	2 1058	1	1
5 2021	6 2363	1	1
5 2021	4 3271	1	1
5 2021	4 1594	1	1
5 2021	7 4665	1	1
5 2021	1 4771	1	1
5 2021	6 2612	1	1
5 2022	5 4817	1	1
5 2022	5 4943	1	1
5 2022	7 4023	1	1
5 2022	0 1176	1	1
5 2022	1 1462	1	1
5 2022	3 4331	1	1
5 2023	7 98	1	1
5 2023	4 1435	1	1
5 2023	4 245	1	1
5 2023	7 1335	1	1
5 2023	0 4037	1	1
5 2023	1 3389	1	1
5 2024	5 3709	1	1
5 2024	4 3502	1	1
5 2024	6 4161	1	1
5 2024	7 2738	1	1
5 2024	3 3758	1	1
5 2024	7 318	1	1
5 2025	5 98	1	1
5 2025	5 1226	1	1
5 2025	3 2578	1	1
5 2025	6 4870	1	1
5 2025	7 4936	1	1
5 2025	6 3047	1	1
5 2026	7 2067	1	1
5 2026	3 3814	1	1
5 2026	3 819	1	1
5 2026	6 3066	1	1
5 2026	6 4840	1	1
5 2026	7 4887	1	1
5 2027	5 1849	1	1
5 2027	5 962	1	1
5 2027	2 2396	1	1
5 2027	1 883	1	1
5 2027	4 4728	1	1
5 2027	6 822	1	1
5 2028	4 1365	1	1
5 2028	0 732	1	1
5 2028	1 4603	1	1
5 2028	4 4247	1	1
5 2028	7 2813	1	1
5 2028	4 3745	1	1
5 2029	2 1201	1	1
5 2029	3 1353	1	1
5 2029	7 521	1	1
5 2029	0 3214	1	1
5 2029	0 4384	1	1
5 2029	7 1468	1	1
5 2030	5 4716	1	1
5 2030	5 328	1	1
5 2030	4 299	1	1
5 2030	0 3516	1	1
5 2030	7 1206	1	1
5 2030	7 3984	1	1
5 2031	0 2475	1	1
5 2031	6 4170	1	1
5 2031	7 474	1	1
5 2031	6 1635	1	1
5 2031	7 587	1	1
5 2031	1 1446	1	1
5 2032	4 2855	1	1
5 2032	2 4959	1	1
5 2032	3 2954	1	1
5 2032	7 2406	1	1
5 2032	1 4097	1	1
5 2032	0 3802	1	1
5 2033	5 3223	1	1
5 2033	5 4034	1	1
5 2033	3 4288	1	1
5 2033	6 2406	1	1
5 2033	3 1281	1	1
5 2033	7 2656	1	1
5 2034	5 2439	1	1
5 2034	0 817	1	1
5 2034	0 1646	1	1
5 2034	2 4116	1	1
5 2034	4 1732	1	1
5 2034	0 4470	1	1
5 2035	5 4887	1	1
5 2035	7 2569	1	1
5 2035	2 524	1	1
5 2035	6 3676	1	1
5 2035	3 4118	1	1
5 2035	7 2601	1	1
5 2036	5 1084	1	1
5 2036	5 4155	1	1
5 2036	4 4839	1	1
5 2036	1 1056	1	1
5 2036	1 3778	1	1
5 2036	2 3184	1	1
5 2037	5 3549	1	1
5 2037	2 3182	1	1
5 2037	6 2067	1	1
5 2037	6 4411	1	1
5 2037	7 3728	1	1
5 2037	3 4703	1	1
5 2038	5 436	1	1
5 2038	5 4870	1	1
5 2038	3 3280	1	1
5 2038	7 918	1	1
5 2038	1 2118	1	1
5 2038	2 2411	1	1
5 2039	5 4353	1	1
5 2039	5 1791	1	1
5 2039	1 408	1	1
5 2039	1 1634	1	1
5 2039	4 3764	1	1
5 2039	3 765	1	1
5 2040	5 1560	1	1
5 2040	5 3995	1	1
5 2040	4 4096	1	1
5 2040	3 2418	1	1
5 2040	6 4937	1	1
5 2040	0 2032	1	1
5 2041	5 154	1	1
5 2041	7 3023	1	1
5 2041	1 4660	1	1
5 2041	3 1778	1	1
5 2041	2 3708	1	1
5 2041	2 3054	1	1
5 2042	5 1373	1	1
5 2042	7 1254	1	1
5 2042	2 1454	1	1
5 2042	6 1891	1	1
5 2042	6 293	1	1
5 2042	0 275	1	1
5 2043	3 3098	1	1
5 2043	4 904	1	1
5 2043	2 904	1	1
5 2043	0 3463	1	1
5 2043	0 4299	1	1
5 2043	0 3989	1	1
5 2044	5 2735	1	1
5 2044	2 4547	1	1
5 2044	1 2817	1	1
5 2044	0 4407	1	1
5 2044	7 2509	1	1
5 2044	3 3	1	1
5 2045	3 2443	1	1
5 2045	0 1100	1	1
5 2045	7 4025	1	1
5 2045	3 319	1	1
5 2045	1 3721	1	1
5 2045	6 2717	1	1
5 2046	5 2871	1	1
5 2046	1 4061	1	1
5 2046	3 3425	1	1
5 2046	0 720	1	1
5 2046	6 1149	1	1
5 2046	3 3281	1	1
5 2047	5 3724	1	1
5 2047	5 728	1	1
5 2047	4 339	1	1
5 2047	0 3641	1	1
5 2047	0 4248	1	1
5 2047	4 4700	1	1
5 2048	4 1401	1	1
5 2048	4 4871	1	1
5 2048	6 2760	1	1
5 2048	2 4237	1	1
5 2048	6 2859	1	1
5 2048	0 4885	1	1
5 2049	5 1151	1	1
5 2049	1 2911	1	1
5 2049	1 447	1	1
5 2049	7 2783	1	1
5 2049	0 215	1	1
5 2049	4 2676	1	1
5 2050	5 4286	1	1
5 2050	0 149	1	1
5 2050	4 1785	1	1
5 2050	7 1741	1	1
5 2050	2 1680	1	1
5 2050	7 104	1	1
5 2051	5 3353	1	1
5 2051	6 759	1	1
5 2051	2 4207	1	1
5 2051	7 1406	1	1
5 2051	7 3323	1	1
5 2051	1 4450	1	1
5 2052	5 654	1	1
5 2052	5 1517	1	1
5 2052	6 2715	1	1
5 2052	1 4677	1	1
5 2052	2 100	1	1
5 2052	3 3189	1	1
5 2053	5 4636	1	1
5 2053	3 2867	1	1
5 2053	0 1291	1	1
5 2053	1 4908	1	1
5 2053	0 1406	1	1
5 2053	7 3253	1	1
5 2054	3 827	1	1
5 2054	2 561	1	1
5 2054	1 625	1	1
5 2054	4 2966	1	1
5 2054	0 4690	1	1
5 2054	4 925	1	1
5 2055	4 3978	1	1
5 2055	4 1732	1	1
5 2055	7 1389	1	1
5 2055	2 2289	1	1
5 2055	6 618	1	1
5 2055	7 3512	1	1
5 2056	5 2338	1	1
5 2056	2 2971	1	1
5 2056	0 1720	1	1
5 2056	7 1665	1	1
5 2056	2 3109	1	1
5 2056	3 2978	1	1
5 2057	6 615	1	1
5 2057	2 3785	1	1
5 2057	1 1033	1	1
5 2057	1 4240	1	1
5 2057	2 146	1	1
5 2057	7 3424	1	1
5 2058	5 1514	1	1
5 2058	5 4940	1	1
5 2058	5 2787	1	1
5 2058	5 4054	1	1
5 2058	3 2621	1	1
5 2058	3 3695	1	1
5 2059	1 4290	1	1
5 2059	1 3003	1	1
5 2059	2 2765	1	1
5 2059	0 2875	1	1
5 2059	0 3674	1	1
5 2059	4 1996	1	1
5 2060	5 2623	1	1
5 2060	4 2377	1	1
5 2060	6 1445	1	1
5 2060	2 3217	1	1
5 2060	7 4184	1	1
5 2060	0 4878	1	1
5 2061	4 4934	1	1
5 2061	3 4625	1	1
5 2061	0 2198	1	1
5 2061	4 2436	1	1
5 2061	3 3485	1	1
5 2061	7 4439	1	1
5 2062	5 227	1	1
5 2062	6 1720	1	1
5 2062	4 123	1	1
5 2062	7 3471	1	1
5 2062	7 1039	1	1
5 2062	2 1779	1	1
5 2063	6 1496	1	1
5 2063	6 3441	1	1
5 2063	6 2148	1	1
5 2063	0 253	1	1
5 2063	0 292	1	1
5 2063	6 2936	1	1
5 2064	5 663	1	1
5 2064	2 1693	1	1
5 2064	6 1515	1	1
5 2064	3 4221	1	1
5 2064	4 3464	1	1
5 2064	3 4590	1	1
5 2065	3 2100	1	1
5 2065	3 1550	1	1
5 2065	2 4357	1	1
5 2065	6 3236	1	1
5 2065	1 357	1	1
5 2065	7 2733	1	1
5 2066	1 3682	1	1
5 2066	7 331	1	1
5 2066	1 4102	1	1
5 2066	7 4135	1	1
5 2066	7 1925	1	1
5 2066	3 3052	1	1
5 2067	5 26	1	1
5 2067	5 2828	1	1
5 2067	3 3897	1	1
5 2067	6 2543	1	1
5 2067	4 2723	1	1
5 2067	7 4491	1	1
5 2068	5 4354	1	1
5 2068	7 1739	1	1
5 2068	1 4089	1	1
5 2068	6 1909	1	1
5 2068	7 2617	1	1
5 2068	3 2830	1	1
5 2069	5 1351	1	1
5 2069	5 4754	1	1
5 2069	6 1053	1	1
5 2069	4 2365	1	1
5 2069	2 967	1	1
5 2069	2 936	1	1
5 2070	0 3595	1	1
5 2070	4 1372	1	1
5 2070	7 1615	1	1
5 2070	2 2199	1	1
5 2070	3 4232	1	1
5 2070	4 888	1	1
5 2071	0 3839	1	1
5 2071	4 2637	1	1
5 2071	3 2721	1	1
5 2071	7 2363	1	1
5 2071	3 872	1	1
5 2071	6 2583	1	1
5 2072	5 1653	1	1
5 2072	5 1779	1	1
5 2072	7 1795	1	1
5 2072	7 1523	1	1
5 2072	6 1721	1	1
5 2072	0 2069	1	1
5 2073	7 1096	1	1
5 2073	7 855	1	1
5 2073	4 27	1	1
5 2073	2 21	1	1
5 2073	2 802	1	1
5 2073	3 3515	1	1
5 2074	5 3367	1	1
5 2074	5 4477	1	1
5 2074	5 2033	1	1
5 2074	2 198	1	1
5 2074	7 4416	1	1
5 2074	2 1048	1	1
5 2075	3 3212	1	1
5 2075	3 1475	1	1
5 2075	6 3221	1	1
5 2075	1 875	1	1
5 2075	1 1645	1	1
5 2075	6 2921	1	1
5 2076	5 3098	1	1
5 2076	5 1967	1	1
5 2076	7 3161	1	1
5 2076	0 3275	1	1
5 2076	6 4772	1	1
5 2076	3 4785	1	1
5 2077	3 2011	1	1
5 2077	7 2100	1	1
5 2077	7 1873	1	1
5 2077	0 2317	1	1
5 2077	0 4221	1	1
5 2077	6 249	1	1
5 2078	5 80	1	1
5 2078	5 3256	1	1
5 2078	0 696	1	1
5 2078	4 994	1	1
5 2078	4 1728	1	1
5 2078	1 1476	1	1
5 2079	1 328	1	1
5 2079	2 1973	1	1
5 2079	7 479	1	1
5 2079	6 1448	1	1
5 2079	1 4009	1	1
5 2079	7 2446	1	1
5 2080	5 1114	1	1
5 2080	5 4788	1	1
5 2080	2 2332	1	1
5 2080	6 1714	1	1
5 2080	2 1181	1	1
5 2080	0 3380	1	1
5 2081	5 1342	1	1
5 2081	6 451	1	1
5 2081	6 2087	1	1
5 2081	3 1442	1	1
5 2081	0 3456	1	1
5 2081	4 1914	1	1
5 2082	5 4483	1	1
5 2082	5 1386	1	1
5 2082	0 1108	1	1
5 2082	2 3646	1	1
5 2082	2 452	1	1
5 2082	2 1313	1	1
5 2083	0 739	1	1
5 2083	3 4169	1	1
5 2083	1 1921	1	1
5 2083	7 3465	1	1
5 2083	6 4984	1	1
5 2083	3 1481	1	1
5 2084	5 4360	1	1
5 2084	0 573	1	1
5 2084	0 1276	1	1
5 2084	3 2669	1	1
5 2084	6 4980	1	1
5 2084	3 2223	1	1
5 2085	0 2706	1	1
5 2085	3 4235	1	1
5 2085	6 1093	1	1
5 2085	7 3869	1	1
5 2085	4 2365	1	1
5 2085	4 1272	1	1
5 2086	5 4180	1	1
5 2086	0 812	1	1
5 2086	6 3205	1	1
5 2086	0 2395	1	1
5 2086	6 2118	1	1
5 2086	7 1322	1	1
5 2087	5 2811	1	1
5 2087	7 1758	1	1
5 2087	0 1385	1	1
5 2087	4 4923	1	1
5 2087	4 758	1	1
5 2087	3 294	1	1
5 2088	5 4001	1	1
5 2088	6 4387	1	1
5 2088	3 1500	1	1
5 2088	3 2489	1	1
5 2088	0 687	1	1
5 2088	3 832	1	1
5 2089	5 3047	1	1
5 2089	0 4557	1	1
5 2089	7 3412	1	1
5 2089	1 3086	1	1
5 2089	2 1208	1	1
5 2089	7 472	1	1
5 2090	5 194	1	1
5 2090	6 4935	1	1
5 2090	6 3412	1	1
5 2090	4 1963	1	1
5 2090	0 2476	1	1
5 2090	6 3530	1	1
5 2091	4 3763	1	1
5 2091	0 3757	1	1
5 2091	0 4333	1	1
5 2091	7 2077	1	1
5 2091	3 4031	1	1
5 2091	7 4466	1	1
5 2092	5 3835	1	1
5 2092	2 2360	1	1
5 2092	1 3283	1	1
5 2092	6 3296	1	1
5 2092	3 1785	1	1
5 2092	4 1006	1	1
5 2093	7 4597	1	1
5 2093	7 3836	1	1
5 2093	0 3244	1	1
5 2093	2 877	1	1
5 2093	7 1674	1	1
5 2093	2 654	1	1
5 2094	5 3534	1	1
5 2094	7 4744	1	1
5 2094	6 1004	1	1
5 2094	4 4897	1	1
5 2094	4 1933	1	1
5 2094	3 1063	1	1
5 2095	1 3494	1	1
5 2095	7 219	1	1
5 2095	6 4612	1	1
5 2095	1 3164	1	1
5 2095	1 3172	1	1
5 2095	6 628	1	1
5 2096	6 642	1	1
5 2096	0 2314	1	1
5 2096	2 950	1	1
5 2096	0 3419	1	1
5 2096	3 2885	1	1
5 2096	0 1509	1	1
5 2097	5 2845	1	1
5 2097	5 3160	1	1
5 2097	1 3610	1	1
5 2097	4 3574	1	1
5 2097	4 361	1	1
5 2097	0 1831	1	1
5 2098	5 3820	1	1
5 2098	6 2524	1	1
5 2098	0 1643	1	1
5 2098	6 2159	1	1
5 2098	6 4399	1	1
5 2098	2 3506	1	1
5 2099	7 3348	1	1
5 2099	2 1240	1	1
5 2099	6 4465	1	1
5 2099	4 4188	1	1
5 2099	2 4185	1	1
5 2099	6 3301	1	1
5 2100	5 2224	1	1
5 2100	3 299	1	1
5 2100	3 2422	1	1
5 2100	2 1556	1	1
5 2100	1 1912	1	1
5 2100	3 1230	1	1
5 2101	3 2711	1	1
5 2101	4 3325	1	1
5 2101	6 3596	1	1
5 2101	4 3332	1	1
5 2101	7 2528	1	1
5 2101	0 1771	1	1
5 2102	5 4709	1	1
5 2102	6 3646	1	1
5 2102	3 2174	1	1
5 2102	2 4867	1	1
5 2102	0 2263	1	1
5 2102	3 4014	1	1
5 2103	5 3793	1	1
5 2103	5 615	1	1
5 2103	1 2155	1	1
5 2103	7 28	1	1
5 2103	2 4406	1	1
5 2103	3 831	1	1
5 2104	5 1910	1	1
5 2104	0 2042	1	1
5 2104	3 2094	1	1
5 2104	3 2174	1	1
5 2104	7 371	1	1
5 2104	1 2616	1	1
5 2105	0 1790	1	1
5 2105	2 1382	1	1
5 2105	1 143	1	1
5 2105	0 2108	1	1
5 2105	7 660	1	1
5 2105	0 3724	1	1
5 2106	2 1377	1	1
5 2106	7 1956	1	1
5 2106	4 3939	1	1
5 2106	7 622	1	1
5 2106	0 4254	1	1
5 2106	4 996	1	1
5 2107	5 449	1	1
5 2107	7 2855	1	1
5 2107	2 3117	1	1
5 2107	3 1482	1	1
5 2107	1 3523	1	1
5 2107	4 3952	1	1
5 2108	1 2546	1	1
5 2108	0 639	1	1
5 2108	3 3903	1	1
5 2108	7 1892	1	1
5 2108	1 4288	1	1
5 2108	4 2853	1	1
5 2109	5 4136	1	1
5 2109	5 4022	1	1
5 2109	4 1267	1	1
5 2109	0 2162	1	1
5 2109	4 2267	1	1
5 2109	0 1404	1	1
5 2110	0 1368	1	1
5 2110	7 2485	1	1
5 2110	0 3338	1	1
5 2110	4 4284	1	1
5 2110	3 430	1	1
5 2110	6 1307	1	1
5 2111	2 4378	1	1
5 2111	1 765	1	1
5 2111	1 2795	1	1
5 2111	3 1983	1	1
5 2111	3 3632	1	1
5 2111	4 367	1	1
5 2112	5 1146	1	1
5 2112	5 3210	1	1
5 2112	3 3345	1	1
5 2112	0 4294	1	1
5 2112	1 2088	1	1
5 2112	3 1940	1	1
5 2113	4 3886	1	1
5 2113	6 486	1	1
5 2113	6 1059	1	1
5 2113	4 3116	1	1
5 2113	4 3022	1	1
5 2113	4 3005	1	1
5 2114	5 3831	1	1
5 2114	4 4184	1	1
5 2114	3 617	1	1
5 2114	3 1353	1	1
5 2114	3 2863	1	1
5 2114	2 1644	1	1
5 2115	5 4021	1	1
5 2115	5 682	1	1
5 2115	1 874	1	1
5 2115	3 778	1	1
5 2115	1 1975	1	1
5 2115	3 400	1	1
5 2116	7 289	1	1
5 2116	0 2872	1	1
5 2116	7 143	1	1
5 2116	2 3488	1	1
5 2116	4 2429	1	1
5 2116	1 3800	1	1
5 2117	3 3359	1	1
5 2117	2 859	1	1
5 2117	7 4585	1	1
5 2117	4 3679	1	1
5 2117	3 2643	1	1
5 2117	3 3662	1	1
5 2118	1 75	1	1
5 2118	2 4887	1	1
5 2118	6 3095	1	1
5 2118	3 1017	1	1
5 2118	6 307	1	1
5 2118	6 3618	1	1
5 2119	2 2154	1	1
5 2119	0 2991	1	1
5 2119	0 1396	1	1
5 2119	6 1835	1	1
5 2119	6 2693	1	1
5 2119	2 425	1	1
5 2120	0 4734	1	1
5 2120	4 2161	1	1
5 2120	0 3050	1	1
5 2120	2 1368	1	1
5 2120	2 4333	1	1
5 2120	4 4636	1	1
5 2121	5 804	1	1
5 2121	5 4380	1	1
5 2121	1 3924	1	1
5 2121	6 2196	1	1
5 2121	3 1397	1	1
5 2121	7 3796	1	1
5 2122	3 4748	1	1
5 2122	3 3246	1	1
5 2122	1 695	1	1
5 2122	2 2606	1	1
5 2122	2 2844	1	1
5 2122	4 1171	1	1
5 2123	5 2986	1	1
5 2123	5 554	1	1
5 2123	0 2893	1	1
5 2123	2 653	1	1
5 2123	1 402	1	1
5 2123	7 4797	1	1
5 2124	1 740	1	1
5 2124	0 617	1	1
5 2124	2 1072	1	1
5 2124	7 2471	1	1
5 2124	0 3308	1	1
5 2124	4 1004	1	1
5 2125	5 2445	1	1
5 2125	5 4275	1	1
5 2125	2 1596	1	1
5 2125	0 2296	1	1
5 2125	4 1842	1	1
5 2125	1 2573	1	1
5 2126	5 2207	1	1
5 2126	5 547	1	1
5 2126	4 2873	1	1
5 2126	2 4425	1	1
5 2126	4 1675	1	1
5 2126	3 1867	1	1
5 2127	5 3573	1	1
5 2127	4 4134	1	1
5 2127	1 4970	1	1
5 2127	3 2431	1	1
5 2127	7 4504	1	1
5 2127	3 2732	1	1
5 2128	6 2749	1	1
5 2128	0 1713	1	1
5 2128	1 4935	1	1
5 2128	4 4778	1	1
5 2128	1 492	1	1
5 2128	4 3357	1	1
5 2129	5 4044	1	1
5 2129	7 4102	1	1
5 2129	6 1916	1	1
5 2129	7 4851	1	1
5 2129	4 1912	1	1
5 2129	2 1973	1	1
5 2130	1 3537	1	1
5 2130	3 3787	1	1
5 2130	2 3492	1	1
5 2130	3 2522	1	1
5 2130	7 3489	1	1
5 2130	6 1286	1	1
5 2131	4 3230	1	1
5 2131	3 2522	1	1
5 2131	0 1870	1	1
5 2131	4 4425	1	1
5 2131	1 2423	1	1
5 2131	2 1661	1	1
5 2132	0 3407	1	1
5 2132	6 953	1	1
5 2132	4 624	1	1
5 2132	2 1320	1	1
5 2132	3 543	1	1
5 2132	4 1701	1	1
5 2133	5 557	1	1
5 2133	1 2610	1	1
5 2133	7 140	1	1
5 2133	1 2712	1	1
5 2133	6 3217	1	1
5 2133	0 121	1	1
5 2134	5 1413	1	1
5 2134	5 1084	1	1
5 2134	7 2052	1	1
5 2134	1 337	1	1
5 2134	3 4391	1	1
5 2134	4 4226	1	1
5 2135	0 1149	1	1
5 2135	1 2060	1	1
5 2135	4 3511	1	1
5 2135	2 977	1	1
5 2135	3 3181	1	1
5 2135	2 308	1	1
5 2136	3 1857	1	1
5 2136	2 3939	1	1
5 2136	7 2226	1	1
5 2136	6 1917	1	1
5 2136	1 3849	1	1
5 2136	2 4637	1	1
5 2137	1 4552	1	1
5 2137	0 4953	1	1
5 2137	2 2136	1	1
5 2137	3 1421	1	1
5 2137	0 2960	1	1
5 2137	6 4879	1	1
5 2138	5 2397	1	1
5 2138	5 496	1	1
5 2138	5 1737	1	1
5 2138	1 1391	1	1
5 2138	3 1290	1	1
5 2138	0 2639	1	1
5 2139	5 1541	1	1
5 2139	4 3570	1	1
5 2139	6 3809	1	1
5 2139	1 266	1	1
5 2139	2 4268	1	1
5 2139	4 2998	1	1
5 2140	5 639	1	1
5 2140	6 2384	1	1
5 2140	4 3898	1	1
5 2140	0 4111	1	1
5 2140	7 1017	1	1
5 2140	1 3959	1	1
5 2141	1 4731	1	1
5 2141	6 2950	1	1
5 2141	4 282	1	1
5 2141	2 1442	1	1
5 2141	6 398	1	1
5 2141	4 4360	1	1
5 2142	5 2320	1	1
5 2142	6 2181	1	1
5 2142	6 663	1	1
5 2142	4 2080	1	1
5 2142	0 587	1	1
5 2142	0 134	1	1
5 2143	5 4724	1	1
5 2143	1 337	1	1
5 2143	7 292	1	1
5 2143	0 357	1	1
5 2143	1 3406	1	1
5 2143	7 450	1	1
5 2144	0 4400	1	1
5 2144	6 3445	1	1
5 2144	6 1523	1	1
5 2144	2 3671	1	1
5 2144	4 1610	1	1
5 2144	1 514	1	1
5 2145	7 4931	1	1
5 2145	4 279	1	1
5 2145	3 2597	1	1
5 2145	3 3555	1	1
5 2145	2 4166	1	1
5 2145	3 2477	1	1
5 2146	5 2810	1	1
5 2146	1 1023	1	1
5 2146	2 3091	1	1
5 2146	0 2993	1	1
5 2146	0 3247	1	1
5 2146	7 756	1	1
5 2147	1 3360	1	1
5 2147	3 2016	1	1
5 2147	2 538	1	1
5 2147	7 4329	1	1
5 2147	1 54	1	1
5 2147	4 2833	1	1
5 2148	5 586	1	1
5 2148	6 1138	1	1
5 2148	7 3620	1	1
5 2148	6 2972	1	1
5 2148	4 742	1	1
5 2148	3 2333	1	1
5 2149	4 4265	1	1
5 2149	7 2130	1	1
5 2149	7 178	1	1
5 2149	2 2206	1	1
5 2149	7 2387	1	1
5 2149	4 1120	1	1
5 2150	6 894	1	1
5 2150	6 982	1	1
5 2150	7 3291	1	1
5 2150	7 1733	1	1
5 2150	0 397	1	1
5 2150	2 4615	1	1
5 2151	0 66	1	1
5 2151	1 2593	1	1
5 2151	7 4231	1	1
5 2151	2 4062	1	1
5 2151	4 4777	1	1
5 2151	4 4397	1	1
5 2152	5 4265	1	1
5 2152	5 2715	1	1
5 2152	6 469	1	1
5 2152	0 566	1	1
5 2152	0 4523	1	1
5 2152	7 4676	1	1
5 2153	5 1176	1	1
5 2153	7 4790	1	1
5 2153	4 3342	1	1
5 2153	7 1235	1	1
5 2153	1 3185	1	1
5 2153	4 1005	1	1
5 2154	5 1985	1	1
5 2154	6 3258	1	1
5 2154	0 4659	1	1
5 2154	1 4347	1	1
5 2154	7 644	1	1
5 2154	4 1417	1	1
5 2155	1 905	1	1
5 2155	7 804	1	1
5 2155	7 3307	1	1
5 2155	7 4086	1	1
5 2155	2 4385	1	1
5 2155	6 33	1	1
5 2156	0 726	1	1
5 2156	1 3543	1	1
5 2156	0 2954	1	1
5 2156	1 3120	1	1
5 2156	2 1457	1	1
5 2156	6 4470	1	1
5 2157	0 845	1	1
5 2157	0 4748	1	1
5 2157	1 2737	1	1
5 2157	2 2005	1	1
5 2157	1 1670	1	1
5 2157	4 4418	1	1
5 2158	5 4149	1	1
5 2158	6 4706	1	1
5 2158	6 3781	1	1
5 2158	3 3204	1	1
5 2158	3 2311	1	1
5 2158	1 1259	1	1
5 2159	4 4921	1	1
5 2159	6 260	1	1
5 2159	3 785	1	1
5 2159	3 1046	1	1
5 2159	7 3082	1	1
5 2159	7 4639	1	1
5 2160	5 4603	1	1
5 2160	3 3813	1	1
5 2160	6 4241	1	1
5 2160	3 1427	1	1
5 2160	0 3526	1	1
5 2160	1 1161	1	1
5 2161	5 4033	1	1
5 2161	1 4673	1	1
5 2161	0 3702	1	1
5 2161	4 859	1	1
5 2161	4 1093	1	1
5 2161	3 1291	1	1
5 2162	3 1813	1	1
5 2162	2 1204	1	1
5 2162	6 4673	1	1
5 2162	2 4618	1	1
5 2162	7 1591	1	1
5 2162	3 1562	1	1
5 2163	6 3752	1	1
5 2163	7 4926	1	1
5 2163	6 2896	1	1
5 2163	0 2553	1	1
5 2163	0 4143	1	1
5 2163	3 1973	1	1
5 2164	4 3669	1	1
5 2164	1 3459	1	1
5 2164	2 1328	1	1
5 2164	2 1647	1	1
5 2164	4 1580	1	1
5 2164	7 1711	1	1
5 2165	5 2203	1	1
5 2165	1 907	1	1
5 2165	3 3609	1	1
5 2165	7 1059	1	1
5 2165	1 345	1	1
5 2165	7 3231	1	1
5 2166	5 3984	1	1
5 2166	6 1698	1	1
5 2166	3 764	1	1
5 2166	6 4336	1	1
5 2166	1 679	1	1
5 2166	3 1108	1	1
5 2167	5 4816	1	1
5 2167	3 653	1	1
5 2167	2 1852	1	1
5 2167	3 1018	1	1
5 2167	7 3561	1	1
5 2167	4 1155	1	1
5 2168	6 2805	1	1
5 2168	3 4764	1	1
5 2168	7 3902	1	1
5 2168	0 432	1	1
5 2168	1 1847	1	1
5 2168	4 4450	1	1
5 2169	7 3066	1	1
5 2169	1 2204	1	1
5 2169	6 3715	1	1
5 2169	4 3376	1	1
5 2169	6 1644	1	1
5 2169	3 2483	1	1
5 2170	6 2470	1	1
5 2170	0 3640	1	1
5 2170	1 2731	1	1
5 2170	4 2329	1	1
5 2170	0 386	1	1
5 2170	1 2286	1	1
5 2171	5 4188	1	1
5 2171	5 2362	1	1
5 2171	4 1641	1	1
5 2171	7 4129	1	1
5 2171	7 1129	1	1
5 2171	2 584	1	1
5 2172	5 3477	1	1
5 2172	7 2374	1	1
5 2172	7 2086	1	1
5 2172	0 2757	1	1
5 2172	3 292	1	1
5 2172	3 3724	1	1
5 2173	5 267	1	1
5 2173	2 871	1	1
5 2173	0 2308	1	1
5 2173	0 4909	1	1
5 2173	1 2014	1	1
5 2173	3 601	1	1
5 2174	7 620	1	1
5 2174	3 3307	1	1
5 2174	1 1854	1	1
5 2174	6 3996	1	1
5 2174	0 3078	1	1
5 2174	4 4757	1	1
5 2175	5 606	1	1
5 2175	5 984	1	1
5 2175	4 1537	1	1
5 2175	0 1691	1	1
5 2175	3 1182	1	1
5 2175	2 1897	1	1
5 2176	5 2895	1	1
5 2176	5 3227	1	1
5 2176	3 2407	1	1
5 2176	1 1173	1	1
5 2176	2 925	1	1
5 2176	3 1424	1	1
5 2177	5 4563	1	1
5 2177	0 1645	1	1
5 2177	6 3490	1	1
5 2177	2 4627	1	1
5 2177	6 2161	1	1
5 2177	7 3802	1	1
5 2178	2 3308	1	1
5 2178	2 1942	1	1
5 2178	7 364	1	1
5 2178	2 1047	1	1
5 2178	3 4859	1	1
5 2178	0 3471	1	1
5 2179	2 1108	1	1
5 2179	2 855	1	1
5 2179	0 4373	1	1
5 2179	1 1971	1	1
5 2179	7 1082	1	1
5 2179	0 1421	1	1
5 2180	0 812	1	1
5 2180	6 3822	1	1
5 2180	7 4745	1	1
5 2180	2 4886	1	1
5 2180	4 3707	1	1
5 2180	4 2299	1	1
5 2181	5 1800	1	1
5 2181	5 2404	1	1
5 2181	4 1764	1	1
5 2181	2 3816	1	1
5 2181	2 3118	1	1
5 2181	0 3346	1	1
5 2182	5 4082	1	1
5 2182	0 4887	1	1
5 2182	0 907	1	1
5 2182	2 4529	1	1
5 2182	2 4579	1	1
5 2182	1 608	1	1
5 2183	1 3086	1	1
5 2183	1 1683	1	1
5 2183	7 3646	1	1
5 2183	7 3357	1	1
5 2183	4 4809	1	1
5 2183	2 4915	1	1
5 2184	1 1649	1	1
5 2184	0 4907	1	1
5 2184	6 2522	1	1
5 2184	7 3576	1	1
5 2184	0 3142	1	1
5 2184	7 1378	1	1
5 2185	7 1655	1	1
5 2185	1 2904	1	1
5 2185	6 3469	1	1
5 2185	0 2756	1	1
5 2185	0 625	1	1
5 2185	2 3859	1	1
5 2186	5 3948	1	1
5 2186	1 2988	1	1
5 2186	1 199	1	1
5 2186	4 1518	1	1
5 2186	4 4594	1	1
5 2186	7 2809	1	1
5 2187	5 1142	1	1
5 2187	5 331	1	1
5 2187	0 2832	1	1
5 2187	2 3981	1	1
5 2187	3 2509	1	1
5 2187	1 4799	1	1
5 2188	2 91	1	1
5 2188	7 4430	1	1
5 2188	4 1278	1	1
5 2188	1 2587	1	1
5 2188	2 3035	1	1
5 2188	1 917	1	1
5 2189	3 3242	1	1
5 2189	6 3426	1	1
5 2189	1 4005	1	1
5 2189	4 875	1	1
5 2189	2 3318	1	1
5 2189	7 1392	1	1
5 2190	5 2731	1	1
5 2190	7 3720	1	1
5 2190	7 593	1	1
5 2190	0 4830	1	1
5 2190	1 1712	1	1
5 2190	2 728	1	1
5 2191	3 369	1	1
5 2191	0 1980	1	1
5 2191	1 346	1	1
5 2191	4 4272	1	1
5 2191	4 416	1	1
5 2191	7 33	1	1
5 2192	1 4698	1	1
5 2192	1 3617	1	1
5 2192	4 540	1	1
5 2192	1 738	1	1
5 2192	4 1328	1	1
5 2192	4 3742	1	1
5 2193	5 4482	1	1
5 2193	7 1829	1	1
5 2193	0 3235	1	1
5 2193	6 1602	1	1
5 2193	4 4490	1	1
5 2193	0 2444	1	1
5 2194	1 4159	1	1
5 2194	0 3510	1	1
5 2194	6 4289	1	1
5 2194	3 2968	1	1
5 2194	7 632	1	1
5 2194	4 2635	1	1
5 2195	5 4466	1	1
5 2195	5 1034	1	1
5 2195	1 2008	1	1
5 2195	2 4373	1	1
5 2195	1 3641	1	1
5 2195	3 2362	1	1
5 2196	6 4784	1	1
5 2196	0 1202	1	1
5 2196	3 709	1	1
5 2196	3 1475	1	1
5 2196	1 3195	1	1
5 2196	6 855	1	1
5 2197	4 3670	1	1
5 2197	6 1981	1	1
5 2197	4 2937	1	1
5 2197	1 1234	1	1
5 2197	0 4077	1	1
5 2197	1 3077	1	1
5 2198	7 4485	1	1
5 2198	2 4473	1	1
5 2198	4 2159	1	1
5 2198	7 3557	1	1
5 2198	3 4020	1	1
5 2198	3 2685	1	1
5 2199	6 4667	1	1
5 2199	7 880	1	1
5 2199	6 547	1	1
5 2199	2 2662	1	1
5 2199	1 2487	1	1
5 2199	6 612	1	1
5 2200	5 4465	1	1
5 2200	5 2920	1	1
5 2200	1 3449	1	1
5 2200	6 4497	1	1
5 2200	2 3707	1	1
5 2200	4 3303	1	1
5 2201	5 1303	1	1
5 2201	0 3014	1	1
5 2201	1 582	1	1
5 2201	3 415	1	1
5 2201	2 3662	1	1
5 2201	2 4664	1	1
5 2202	0 1227	1	1
5 2202	1 3815	1	1
5 2202	4 2840	1	1
5 2202	6 658	1	1
5 2202	0 4062	1	1
5 2202	1 1994	1	1
5 2203	5 4319	1	1
5 2203	5 3754	1	1
5 2203	4 4956	1	1
5 2203	4 114	1	1
5 2203	6 2494	1	1
5 2203	4 1805	1	1
5 2204	3 426	1	1
5 2204	0 3064	1	1
5 2204	7 2585	1	1
5 2204	3 2187	1	1
5 2204	3 2235	1	1
5 2204	6 1612	1	1
5 2205	3 855	1	1
5 2205	6 1507	1	1
5 2205	0 442	1	1
5 2205	0 3981	1	1
5 2205	4 496	1	1
5 2205	4 544	1	1
5 2206	1 1031	1	1
5 2206	0 2289	1	1
5 2206	3 2174	1	1
5 2206	2 2865	1	1
5 2206	0 3446	1	1
5 2206	2 4809	1	1
5 2207	2 863	1	1
5 2207	0 1488	1	1
5 2207	7 846	1	1
5 2207	1 588	1	1
5 2207	7 2221	1	1
5 2207	6 4669	1	1
5 2208	5 2408	1	1
5 2208	3 1543	1	1
5 2208	3 2542	1	1
5 2208	0 1408	1	1
5 2208	0 4211	1	1
5 2208	4 1683	1	1
5 2209	5 4093	1	1
5 2209	5 1370	1	1
5 2209	0 464	1	1
5 2209	7 2053	1	1
5 2209	6 2066	1	1
5 2209	4 2858	1	1
5 2210	2 2107	1	1
5 2210	1 4376	1	1
5 2210	1 4413	1	1
5 2210	4 1682	1	1
5 2210	6 2764	1	1
5 2210	1 3474	1	1
5 2211	3 3514	1	1
5 2211	3 4527	1	1
5 2211	7 3704	1	1
5 2211	7 3649	1	1
5 2211	3 2994	1	1
5 2211	2 3501	1	1
5 2212	5 48	1	1
5 2212	3 3767	1	1
5 2212	4 4188	1	1
5 2212	0 1914	1	1
5 2212	2 1689	1	1
5 2212	4 327	1	1
5 2213	5 739	1	1
5 2213	0 2145	1	1
5 2213	3 70	1	1
5 2213	3 3231	1	1
5 2213	4 2503	1	1
5 2213	7 1669	1	1
5 2214	5 3097	1	1
5 2214	5 4687	1	1
5 2214	4 1712	1	1
5 2214	6 4797	1	1
5 2214	6 591	1	1
5 2214	2 655	1	1
5 2215	5 1913	1	1
5 2215	5 1046	1	1
5 2215	3 2735	1	1
5 2215	0 201	1	1
5 2215	0 4603	1	1
5 2215	3 4215	1	1
5 2216	5 249	1	1
5 2216	0 4115	1	1
5 2216	2 1227	1	1
5 2216	1 603	1	1
5 2216	3 2449	1	1
5 2216	3 3856	1	1
5 2217	5 1420	1	1
5 2217	5 3620	1	1
5 2217	2 812	1	1
5 2217	2 3244	1	1
5 2217	7 2756	1	1
5 2217	2 3413	1	1
5 2218	7 3991	1	1
5 2218	3 2123	1	1
5 2218	7 4320	1	1
5 2218	2 2003	1	1
5 2218	2 4724	1	1
5 2218	4 1409	1	1
5 2219	7 3073	1	1
5 2219	0 4898	1	1
5 2219	6 880	1	1
5 2219	6 1302	1	1
5 2219	0 2924	1	1
5 2219	3 250	1	1
5 2220	2 2047	1	1
5 2220	6 197	1	1
5 2220	1 4046	1	1
5 2220	6 446	1	1
5 2220	0 4108	1	1
5 2220	4 2047	1	1
5 2221	5 2132	1	1
5 2221	1 3681	1	1
5 2221	1 4331	1	1
5 2221	4 3705	1	1
5 2221	0 3010	1	1
5 2221	4 2986	1	1
5 2222	5 4815	1	1
5 2222	2 3434	1	1
5 2222	6 4967	1	1
5 2222	1 2545	1	1
5 2222	1 2406	1	1
5 2222	3 2703	1	1
5 2223	6 3692	1	1
5 2223	2 1987	1	1
5 2223	2 1298	1	1
5 2223	1 3284	1	1
5 2223	2 4431	1	1
5 2223	4 3194	1	1
5 2224	5 1126	1	1
5 2224	7 4206	1	1
5 2224	7 1092	1	1
5 2224	1 1344	1	1
5 2224	7 4814	1	1
5 2224	7 4241	1	1
5 2225	5 505	1	1
5 2225	0 2331	1	1
5 2225	0 1491	1	1
5 2225	7 2777	1	1
5 2225	6 3108	1	1
5 2225	2 2952	1	1
5 2226	0 2362	1	1
5 2226	0 4500	1	1
5 2226	4 2028	1	1
5 2226	4 2746	1	1
5 2226	3 4903	1	1
5 2226	4 937	1	1
5 2227	5 4435	1	1
5 2227	7 4315	1	1
5 2227	2 2427	1	1
5 2227	7 4967	1	1
5 2227	1 3078	1	1
5 2227	1 1004	1	1
5 2228	1 1782	1	1
5 2228	0 1810	1	1
5 2228	1 1720	1	1
5 2228	7 740	1	1
5 2228	3 2734	1	1
5 2228	6 3601	1	1
5 2229	5 2725	1	1
5 2229	7 4738	1	1
5 2229	3 1147	1	1
5 2229	4 1505	1	1
5 2229	2 2826	1	1
5 2229	4 3665	1	1
5 2230	6 1537	1	1
5 2230	1 2732	1	1
5 2230	2 1668	1	1
5 2230	7 4456	1	1
5 2230	2 4791	1	1
5 2230	1 4028	1	1
5 2231	4 43	1	1
5 2231	4 2943	1	1
5 2231	1 1990	1	1
5 2231	2 45	1	1
5 2231	7 4830	1	1
5 2231	3 4138	1	1
5 2232	0 2703	1	1
5 2232	7 2884	1	1
5 2232	1 3083	1	1
5 2232	0 3781	1	1
5 2232	0 2409	1	1
5 2232	4 106	1	1
5 2233	3 4750	1	1
5 2233	4 2796	1	1
5 2233	2 2469	1	1
5 2233	6 1912	1	1
5 2233	4 1616	1	1
5 2233	6 1274	1	1
5 2234	5 1002	1	1
5 2234	2 1879	1	1
5 2234	3 1737	1	1
5 2234	0 1018	1	1
5 2234	7 3305	1	1
5 2234	1 3684	1	1
5 2235	5 848	1	1
5 2235	3 4919	1	1
5 2235	0 4451	1	1
5 2235	6 1103	1	1
5 2235	7 2969	1	1
5 2235	0 3548	1	1
5 2236	5 1711	1	1
5 2236	4 1282	1	1
5 2236	2 884	1	1
5 2236	7 1909	1	1
5 2236	2 4437	1	1
5 2236	1 4719	1	1
5 2237	5 2958	1	1
5 2237	0 2502	1	1
5 2237	7 2089	1	1
5 2237	2 3383	1	1
5 2237	2 1380	1	1
5 2237	0 1922	1	1
5 2238	7 1234	1	1
5 2238	1 695	1	1
5 2238	1 3882	1	1
5 2238	3 3185	1	1
5 2238	3 4370	1	1
5 2238	6 3930	1	1
5 2239	4 1929	1	1
5 2239	4 3271	1	1
5 2239	7 4023	1	1
5 2239	4 4131	1	1
5 2239	2 2560	1	1
5 2239	4 381	1	1
5 2240	5 2336	1	1
5 2240	7 3201	1	1
5 2240	4 849	1	1
5 2240	4 3644	1	1
5 2240	6 4786	1	1
5 2240	1 3203	1	1
5 2241	6 1845	1	1
5 2241	1 1502	1	1
5 2241	3 4465	1	1
5 2241	3 483	1	1
5 2241	1 2412	1	1
5 2241	7 3734	1	1
5 2242	0 4666	1	1
5 2242	1 1837	1	1
5 2242	6 149	1	1
5 2242	6 4790	1	1
5 2242	4 511	1	1
5 2242	2 1923	1	1
5 2243	5 4616	1	1
5 2243	4 3321	1	1
5 2243	2 2759	1	1
5 2243	0 2988	1	1
5 2243	1 2356	1	1
5 2243	0 2320	1	1
5 2244	7 2468	1	1
5 2244	7 449	1	1
5 2244	6 3489	1	1
5 2244	3 2430	1	1
5 2244	0 44	1	1
5 2244	4 1773	1	1
5 2245	6 2390	1	1
5 2245	1 4827	1	1
5 2245	0 2142	1	1
5 2245	4 1412	1	1
5 2245	2 922	1	1
5 2245	1 431	1	1
5 2246	5 29	1	1
5 2246	5 1814	1	1
5 2246	5 938	1	1
5 2246	3 1129	1	1
5 2246	4 1197	1	1
5 2246	3 2271	1	1
5 2247	2 1941	1	1
5 2247	2 2803	1	1
5 2247	4 2825	1	1
5 2247	7 4995	1	1
5 2247	3 2519	1	1
5 2247	2 3383	1	1
5 2248	6 4570	1	1
5 2248	6 1020	1	1
5 2248	2 361	1	1
5 2248	0 1298	1	1
5 2248	2 85	1	1
5 2248	2 1704	1	1
5 2249	5 2885	1	1
5 2249	1 1041	1	1
5 2249	2 369	1	1
5 2249	2 4014	1	1
5 2249	6 4521	1	1
5 2249	3 3001	1	1
5 2250	7 2552	1	1
5 2250	0 3946	1	1
5 2250	6 4244	1	1
5 2250	2 1532	1	1
5 2250	1 1766	1	1
5 2250	0 1190	1	1
5 2251	5 2931	1	1
5 2251	0 1962	1	1
5 2251	4 3519	1	1
5 2251	3 4436	1	1
5 2251	0 1683	1	1
5 2251	2 4913	1	1
5 2252	5 1852	1	1
5 2252	5 1754	1	1
5 2252	1 557	1	1
5 2252	3 2117	1	1
5 2252	4 1536	1	1
5 2252	6 3213	1	1
5 2253	5 2602	1	1
5 2253	5 259	1	1
5 2253	5 593	1	1
5 2253	3 1801	1	1
5 2253	4 1060	1	1
5 2253	0 3776	1	1
5 2254	5 703	1	1
5 2254	5 1330	1	1
5 2254	2 2836	1	1
5 2254	7 3063	1	1
5 2254	6 1381	1	1
5 2254	1 630	1	1
5 2255	7 4285	1	1
5 2255	4 4940	1	1
5 2255	6 2182	1	1
5 2255	4 3226	1	1
5 2255	4 832	1	1
5 2255	7 4163	1	1
5 2256	5 1088	1	1
5 2256	3 2073	1	1
5 2256	4 667	1	1
5 2256	1 4675	1	1
5 2256	4 2673	1	1
5 2256	0 408	1	1
5 2257	5 2461	1	1
5 2257	4 2241	1	1
5 2257	0 28	1	1
5 2257	1 260	1	1
5 2257	4 2974	1	1
5 2257	6 722	1	1
5 2258	5 4298	1	1
5 2258	2 2605	1	1
5 2258	2 247	1	1
5 2258	0 1750	1	1
5 2258	6 1192	1	1
5 2258	0 1565	1	1
5 2259	5 1008	1	1
5 2259	6 343	1	1
5 2259	7 1247	1	1
5 2259	0 4010	1	1
5 2259	4 2048	1	1
5 2259	4 4265	1	1
5 2260	4 1050	1	1
5 2260	6 1854	1	1
5 2260	7 4059	1	1
5 2260	3 1238	1	1
5 2260	1 4180	1	1
5 2260	3 3325	1	1
5 2261	5 4444	1	1
5 2261	5 4673	1	1
5 2261	5 3211	1	1
5 2261	1 1692	1	1
5 2261	0 366	1	1
5 2261	7 3944	1	1
5 2262	5 1995	1	1
5 2262	4 4176	1	1
5 2262	6 4261	1	1
5 2262	6 1358	1	1
5 2262	4 864	1	1
5 2262	3 3113	1	1
5 2263	5 4115	1	1
5 2263	0 4102	1	1
5 2263	2 2600	1	1
5 2263	3 3758	1	1
5 2263	0 2088	1	1
5 2263	0 4450	1	1
5 2264	5 2570	1	1
5 2264	6 3784	1	1
5 2264	1 4226	1	1
5 2264	2 3821	1	1
5 2264	4 2365	1	1
5 2264	1 1502	1	1
5 2265	5 921	1	1
5 2265	5 1448	1	1
5 2265	7 3939	1	1
5 2265	6 2636	1	1
5 2265	1 1181	1	1
5 2265	6 2894	1	1
5 2266	3 3455	1	1
5 2266	3 808	1	1
5 2266	1 4148	1	1
5 2266	0 4643	1	1
5 2266	2 4225	1	1
5 2266	7 532	1	1
5 2267	5 3019	1	1
5 2267	4 2608	1	1
5 2267	1 4705	1	1
5 2267	1 234	1	1
5 2267	2 430	1	1
5 2267	6 4723	1	1
5 2268	5 4028	1	1
5 2268	5 3038	1	1
5 2268	3 4631	1	1
5 2268	3 3705	1	1
5 2268	7 4146	1	1
5 2268	7 1215	1	1
5 2269	1 1626	1	1
5 2269	1 1273	1	1
5 2269	4 4506	1	1
5 2269	7 4182	1	1
5 2269	3 1799	1	1
5 2269	3 824	1	1
5 2270	5 3909	1	1
5 2270	5 3237	1	1
5 2270	4 1547	1	1
5 2270	3 1877	1	1
5 2270	4 1526	1	1
5 2270	7 4434	1	1
5 2271	5 3811	1	1
5 2271	1 3409	1	1
5 2271	2 1017	1	1
5 2271	1 3139	1	1
5 2271	6 4032	1	1
5 2271	2 1222	1	1
5 2272	4 3232	1	1
5 2272	3 3141	1	1
5 2272	0 3047	1	1
5 2272	0 2173	1	1
5 2272	3 4115	1	1
5 2272	0 3634	1	1
5 2273	5 1377	1	1
5 2273	1 1818	1	1
5 2273	3 3034	1	1
5 2273	2 1800	1	1
5 2273	3 1820	1	1
5 2273	0 2030	1	1
5 2274	5 1018	1	1
5 2274	4 2647	1	1
5 2274	4 301	1	1
5 2274	3 950	1	1
5 2274	1 3801	1	1
5 2274	1 1800	1	1
5 2275	5 525	1	1
5 2275	5 3443	1	1
5 2275	3 251	1	1
5 2275	3 397	1	1
5 2275	6 1826	1	1
5 2275	0 4304	1	1
5 2276	7 3275	1	1
5 2276	3 2095	1	1
5 2276	1 4921	1	1
5 2276	1 2886	1	1
5 2276	3 2460	1	1
5 2276	7 1170	1	1
5 2277	7 1382	1	1
5 2277	0 251	1	1
5 2277	2 4654	1	1
5 2277	6 4397	1	1
5 2277	6 3043	1	1
5 2277	6 1026	1	1
5 2278	5 2844	1	1
5 2278	5 3192	1	1
5 2278	6 1491	1	1
5 2278	7 475	1	1
5 2278	0 4669	1	1
5 2278	2 3706	1	1
5 2279	1 4959	1	1
5 2279	1 2225	1	1
5 2279	6 1374	1	1
5 2279	4 634	1	1
5 2279	7 1267	1	1
5 2279	6 2231	1	1
5 2280	3 4618	1	1
5 2280	0 4213	1	1
5 2280	0 3271	1	1
5 2280	6 21	1	1
5 2280	3 3040	1	1
5 2280	1 855	1	1
5 2281	1 3391	1	1
5 2281	0 1464	1	1
5 2281	0 4197	1	1
5 2281	7 894	1	1
5 2281	6 3193	1	1
5 2281	6 1990	1	1
5 2282	5 975	1	1
5 2282	1 1614	1	1
5 2282	4 197	1	1
5 2282	7 4387	1	1
5 2282	7 2874	1	1
5 2282	4 4463	1	1
5 2283	2 1806	1	1
5 2283	0 1073	1	1
5 2283	7 4143	1	1
5 2283	7 4609	1	1
5 2283	6 873	1	1
5 2283	3 2678	1	1
5 2284	4 2734	1	1
5 2284	2 3467	1	1
5 2284	0 191	1	1
5 2284	3 309	1	1
5 2284	2 163	1	1
5 2284	1 2415	1	1
5 2285	3 889	1	1
5 2285	6 4501	1	1
5 2285	4 2149	1	1
5 2285	4 3875	1	1
5 2285	0 1406	1	1
5 2285	7 1943	1	1
5 2286	2 3810	1	1
5 2286	6 4152	1	1
5 2286	3 2337	1	1
5 2286	0 2060	1	1
5 2286	7 2734	1	1
5 2286	7 3348	1	1
5 2287	1 1408	1	1
5 2287	1 4098	1	1
5 2287	1 1416	1	1
5 2287	4 2505	1	1
5 2287	1 1980	1	1
5 2287	4 4571	1	1
5 2288	5 1339	1	1
5 2288	5 1399	1	1
5 2288	6 4464	1	1
5 2288	3 2168	1	1
5 2288	7 3667	1	1
5 2288	2 22	1	1
5 2289	6 3700	1	1
5 2289	3 1046	1	1
5 2289	7 3447	1	1
5 2289	1 2047	1	1
5 2289	7 3396	1	1
5 2289	0 42	1	1
5 2290	3 376	1	1
5 2290	7 2207	1	1
5 2290	1 3315	1	1
5 2290	6 1922	1	1
5 2290	3 1659	1	1
5 2290	6 1605	1	1
5 2291	6 3023	1	1
5 2291	7 2854	1	1
5 2291	4 4170	1	1
5 2291	0 4249	1	1
5 2291	2 271	1	1
5 2291	4 2673	1	1
5 2292	5 1019	1	1
5 2292	6 819	1	1
5 2292	1 3546	1	1
5 2292	0 1855	1	1
5 2292	7 3215	1	1
5 2292	6 4498	1	1
5 2293	4 4587	1	1
5 2293	2 103	1	1
5 2293	6 2855	1	1
5 2293	6 2189	1	1
5 2293	6 2844	1	1
5 2293	2 4349	1	1
5 2294	5 1554	1	1
5 2294	5 3343	1	1
5 2294	7 1112	1	1
5 2294	7 3652	1	1
5 2294	3 839	1	1
5 2294	2 1710	1	1
5 2295	5 390	1	1
5 2295	7 999	1	1
5 2295	6 70	1	1
5 2295	1 1136	1	1
5 2295	3 148	1	1
5 2295	1 781	1	1
5 2296	5 1507	1	1
5 2296	6 1944	1	1
5 2296	1 4385	1	1
5 2296	6 2532	1	1
5 2296	2 679	1	1
5 2296	3 2563	1	1
5 2297	5 1891	1	1
5 2297	5 4399	1	1
5 2297	5 1171	1	1
5 2297	7 1553	1	1
5 2297	2 3492	1	1
5 2297	7 4113	1	1
5 2298	5 3890	1	1
5 2298	5 4026	1	1
5 2298	0 4795	1	1
5 2298	6 616	1	1
5 2298	2 4496	1	1
5 2298	3 3136	1	1
5 2299	2 4453	1	1
5 2299	3 877	1	1
5 2299	6 3929	1	1
5 2299	7 1000	1	1
5 2299	4 4513	1	1
5 2299	2 2887	1	1
5 2300	3 3718	1	1
5 2300	0 3973	1	1
5 2300	0 471	1	1
5 2300	2 1591	1	1
5 2300	2 2442	1	1
5 2300	6 4079	1	1
5 2301	5 943	1	1
5 2301	3 4203	1	1
5 2301	1 192	1	1
5 2301	4 162	1	1
5 2301	4 3662	1	1
5 2301	4 4239	1	1
5 2302	0 2128	1	1
5 2302	1 4019	1	1
5 2302	7 2279	1	1
5 2302	4 2804	1	1
5 2302	1 3628	1	1
5 2302	0 2683	1	1
5 2303	6 3785	1	1
5 2303	4 3142	1	1
5 2303	0 4571	1	1
5 2303	1 4645	1	1
5 2303	0 3591	1	1
5 2303	3 1271	1	1
5 2304	4 2037	1	1
5 2304	4 331	1	1
5 2304	3 2716	1	1
5 2304	3 3975	1	1
5 2304	7 2257	1	1
5 2304	1 1724	1	1
5 2305	6 3289	1	1
5 2305	0 4906	1	1
5 2305	4 693	1	1
5 2305	2 816	1	1
5 2305	0 350	1	1
5 2305	0 4817	1	1
5 2306	2 4463	1	1
5 2306	6 1353	1	1
5 2306	7 1612	1	1
5 2306	3 960	1	1
5 2306	6 3635	1	1
5 2306	1 2477	1	1
5 2307	5 2117	1	1
5 2307	0 2207	1	1
5 2307	7 1307	1	1
5 2307	1 955	1	1
5 2307	7 2147	1	1
5 2307	2 2522	1	1
5 2308	5 3012	1	1
5 2308	1 1410	1	1
5 2308	3 1508	1	1
5 2308	1 2508	1	1
5 2308	6 2033	1	1
5 2308	6 1173	1	1
5 2309	1 1885	1	1
5 2309	0 4999	1	1
5 2309	6 1126	1	1
5 2309	0 1833	1	1
5 2309	7 1748	1	1
5 2309	0 4365	1	1
5 2310	4 4568	1	1
5 2310	3 1759	1	1
5 2310	1 352	1	1
5 2310	4 4255	1	1
5 2310	1 1098	1	1
5 2310	4 4108	1	1
5 2311	2 4707	1	1
5 2311	0 146	1	1
5 2311	3 4517	1	1
5 2311	7 3663	1	1
5 2311	7 4013	1	1
5 2311	0 2724	1	1
5 2312	6 3775	1	1
5 2312	3 3829	1	1
5 2312	3 4242	1	1
5 2312	3 2758	1	1
5 2312	7 77	1	1
5 2312	0 4006	1	1
5 2313	5 2221	1	1
5 2313	5 2308	1	1
5 2313	4 3382	1	1
5 2313	1 2679	1	1
5 2313	3 3984	1	1
5 2313	4 2970	1	1
5 2314	4 4149	1	1
5 2314	2 1542	1	1
5 2314	1 1345	1	1
5 2314	2 2655	1	1
5 2314	0 1765	1	1
5 2314	6 2853	1	1
5 2315	4 4736	1	1
5 2315	6 2051	1	1
5 2315	3 4758	1	1
5 2315	3 1443	1	1
5 2315	3 4526	1	1
5 2315	4 4961	1	1
5 2316	5 2960	1	1
5 2316	7 3636	1	1
5 2316	4 290	1	1
5 2316	7 1419	1	1
5 2316	6 2245	1	1
5 2316	1 1570	1	1
5 2317	5 4952	1	1
5 2317	3 1824	1	1
5 2317	2 4556	1	1
5 2317	0 3841	1	1
5 2317	4 3233	1	1
5 2317	2 1626	1	1
5 2318	1 508	1	1
5 2318	2 246	1	1
5 2318	4 1251	1	1
5 2318	0 4650	1	1
5 2318	7 1576	1	1
5 2318	0 3672	1	1
5 2319	0 2153	1	1
5 2319	7 2028	1	1
5 2319	2 1013	1	1
5 2319	0 4102	1	1
5 2319	0 2101	1	1
5 2319	7 1897	1	1
5 2320	5 2367	1	1
5 2320	3 1910	1	1
5 2320	1 545	1	1
5 2320	6 3493	1	1
5 2320	6 4789	1	1
5 2320	3 1926	1	1
5 2321	7 2026	1	1
5 2321	2 796	1	1
5 2321	0 2933	1	1
5 2321	7 1383	1	1
5 2321	7 3940	1	1
5 2321	4 1802	1	1
5 2322	6 2552	1	1
5 2322	7 2009	1	1
5 2322	3 2628	1	1
5 2322	6 263	1	1
5 2322	7 3910	1	1
5 2322	1 221	1	1
5 2323	5 3981	1	1
5 2323	5 4360	1	1
5 2323	1 1652	1	1
5 2323	7 130	1	1
5 2323	3 3418	1	1
5 2323	3 2814	1	1
5 2324	0 2867	1	1
5 2324	1 31	1	1
5 2324	6 605	1	1
5 2324	2 3948	1	1
5 2324	3 3465	1	1
5 2324	3 4719	1	1
5 2325	3 2908	1	1
5 2325	4 4971	1	1
5 2325	6 3908	1	1
5 2325	4 704	1	1
5 2325	1 2892	1	1
5 2325	3 1957	1	1
5 2326	0 1856	1	1
5 2326	4 3900	1	1
5 2326	4 189	1	1
5 2326	3 4613	1	1
5 2326	0 776	1	1
5 2326	1 919	1	1
5 2327	5 1622	1	1
5 2327	7 507	1	1
5 2327	0 4787	1	1
5 2327	3 968	1	1
5 2327	4 577	1	1
5 2327	6 1450	1	1
5 2328	7 232	1	1
5 2328	4 2405	1	1
5 2328	2 3724	1	1
5 2328	6 3981	1	1
5 2328	7 4221	1	1
5 2328	4 101	1	1
5 2329	5 21	1	1
5 2329	3 2745	1	1
5 2329	2 1154	1	1
5 2329	0 2067	1	1
5 2329	2 1588	1	1
5 2329	2 3800	1	1
5 2330	2 1378	1	1
5 2330	6 1708	1	1
5 2330	0 2465	1	1
5 2330	2 3985	1	1
5 2330	2 2234	1	1
5 2330	6 2637	1	1
5 2331	5 2410	1	1
5 2331	4 2906	1	1
5 2331	1 4571	1	1
5 2331	0 3300	1	1
5 2331	6 3801	1	1
5 2331	3 968	1	1
5 2332	5 4308	1	1
5 2332	2 4780	1	1
5 2332	3 1628	1	1
5 2332	2 2820	1	1
5 2332	2 3507	1	1
5 2332	0 3266	1	1
5 2333	5 3842	1	1
5 2333	3 1762	1	1
5 2333	7 2685	1	1
5 2333	2 2902	1	1
5 2333	2 3247	1	1
5 2333	3 3452	1	1
5 2334	0 1277	1	1
5 2334	6 519	1	1
5 2334	0 4894	1	1
5 2334	3 3449	1	1
5 2334	1 2586	1	1
5 2334	2 3735	1	1
5 2335	3 1836	1	1
5 2335	7 374	1	1
5 2335	2 1095	1	1
5 2335	4 549	1	1
5 2335	6 4222	1	1
5 2335	0 4371	1	1
5 2336	5 999	1	1
5 2336	4 2426	1	1
5 2336	2 498	1	1
5 2336	2 3224	1	1
5 2336	3 3118	1	1
5 2336	7 972	1	1
5 2337	5 1132	1	1
5 2337	6 453	1	1
5 2337	2 78	1	1
5 2337	2 543	1	1
5 2337	2 1649	1	1
5 2337	6 1259	1	1
5 2338	6 2637	1	1
5 2338	6 1981	1	1
5 2338	1 3190	1	1
5 2338	0 3254	1	1
5 2338	0 4896	1	1
5 2338	1 673	1	1
5 2339	0 608	1	1
5 2339	6 268	1	1
5 2339	2 571	1	1
5 2339	0 3286	1	1
5 2339	7 2687	1	1
5 2339	6 340	1	1
5 2340	5 4978	1	1
5 2340	0 300	1	1
5 2340	7 270	1	1
5 2340	3 2461	1	1
5 2340	2 4540	1	1
5 2340	2 741	1	1
5 2341	0 3861	1	1
5 2341	0 2642	1	1
5 2341	1 1436	1	1
5 2341	4 4998	1	1
5 2341	3 4460	1	1
5 2341	1 4747	1	1
5 2342	5 3466	1	1
5 2342	5 4304	1	1
5 2342	6 1837	1	1
5 2342	7 3866	1	1
5 2342	2 2740	1	1
5 2342	7 2750	1	1
5 2343	5 2254	1	1
5 2343	2 796	1	1
5 2343	7 2802	1	1
5 2343	7 82	1	1
5 2343	2 4397	1	1
5 2343	2 3201	1	1
5 2344	1 650	1	1
5 2344	6 1251	1	1
5 2344	3 2170	1	1
5 2344	0 2880	1	1
5 2344	2 4472	1	1
5 2344	4 2548	1	1
5 2345	5 1482	1	1
5 2345	2 4901	1	1
5 2345	3 3714	1	1
5 2345	3 4223	1	1
5 2345	0 1666	1	1
5 2345	7 2984	1	1
5 2346	2 424	1	1
5 2346	4 868	1	1
5 2346	0 1173	1	1
5 2346	0 619	1	1
5 2346	4 1230	1	1
5 2346	6 4867	1	1
5 2347	5 297	1	1
5 2347	4 396	1	1
5 2347	2 2979	1	1
5 2347	2 2398	1	1
5 2347	3 4226	1	1
5 2347	3 3814	1	1
5 2348	5 3611	1	1
5 2348	1 4321	1	1
5 2348	3 2056	1	1
5 2348	6 2811	1	1
5 2348	1 1748	1	1
5 2348	2 2288	1	1
5 2349	6 2931	1	1
5 2349	7 2707	1	1
5 2349	6 4683	1	1
5 2349	3 595	1	1
5 2349	0 656	1	1
5 2349	1 2712	1	1
5 2350	0 1820	1	1
5 2350	1 721	1	1
5 2350	1 174	1	1
5 2350	4 2232	1	1
5 2350	3 3423	1	1
5 2350	4 4086	1	1
5 2351	2 4201	1	1
5 2351	2 3510	1	1
5 2351	3 1817	1	1
5 2351	0 1905	1	1
5 2351	0 4083	1	1
5 2351	3 3410	1	1
5 2352	5 484	1	1
5 2352	5 4432	1	1
5 2352	7 2602	1	1
5 2352	7 3975	1	1
5 2352	6 4491	1	1
5 2352	2 361	1	1
5 2353	0 3214	1	1
5 2353	0 3042	1	1
5 2353	6 1737	1	1
5 2353	0 1791	1	1
5 2353	6 1023	1	1
5 2353	0 3597	1	1
5 2354	7 3503	1	1
5 2354	0 2726	1	1
5 2354	6 71	1	1
5 2354	2 3709	1	1
5 2354	7 661	1	1
5 2354	0 1343	1	1
5 2355	5 3263	1	1
5 2355	5 761	1	1
5 2355	1 280	1	1
5 2355	1 2421	1	1
5 2355	7 776	1	1
5 2355	6 2192	1	1
5 2356	7 3952	1	1
5 2356	3 1804	1	1
5 2356	4 1093	1	1
5 2356	2 3236	1	1
5 2356	2 2117	1	1
5 2356	6 543	1	1
5 2357	5 993	1	1
5 2357	4 800	1	1
5 2357	1 297	1	1
5 2357	1 1436	1	1
5 2357	0 2927	1	1
5 2357	3 4698	1	1
5 2358	5 1858	1	1
5 2358	6 571	1	1
5 2358	0 4998	1	1
5 2358	6 3111	1	1
5 2358	2 4815	1	1
5 2358	2 1858	1	1
5 2359	2 1222	1	1
5 2359	3 19	1	1
5 2359	6 1239	1	1
5 2359	2 4017	1	1
5 2359	2 4516	1	1
5 2359	2 923	1	1
5 2360	5 2877	1	1
5 2360	5 2232	1	1
5 2360	3 4109	1	1
5 2360	4 2001	1	1
5 2360	1 2247	1	1
5 2360	0 229	1	1
5 2361	0 3020	1	1
5 2361	0 2545	1	1
5 2361	2 2612	1	1
5 2361	2 2408	1	1
5 2361	1 1553	1	1
5 2361	0 3319	1	1
5 2362	0 3554	1	1
5 2362	2 3657	1	1
5 2362	4 4449	1	1
5 2362	0 1454	1	1
5 2362	3 4943	1	1
5 2362	6 1986	1	1
5 2363	4 1443	1	1
5 2363	1 971	1	1
5 2363	1 736	1	1
5 2363	3 4701	1	1
5 2363	2 4593	1	1
5 2363	3 4157	1	1
5 2364	2 2366	1	1
5 2364	2 881	1	1
5 2364	0 3682	1	1
5 2364	6 4010	1	1
5 2364	6 1527	1	1
5 2364	3 1025	1	1
5 2365	0 3147	1	1
5 2365	0 931	1	1
5 2365	3 4429	1	1
5 2365	0 1939	1	1
5 2365	6 2860	1	1
5 2365	4 2955	1	1
5 2366	5 4379	1	1
5 2366	0 2197	1	1
5 2366	4 3956	1	1
5 2366	2 1582	1	1
5 2366	7 225	1	1
5 2366	0 2985	1	1
5 2367	5 1000	1	1
5 2367	7 1691	1	1
5 2367	3 4023	1	1
5 2367	2 4357	1	1
5 2367	1 49	1	1
5 2367	7 3482	1	1
5 2368	5 4005	1	1
5 2368	5 2735	1	1
5 2368	2 2353	1	1
5 2368	6 3815	1	1
5 2368	0 467	1	1
5 2368	3 22	1	1
5 2369	5 840	1	1
5 2369	0 3974	1	1
5 2369	7 2675	1	1
5 2369	2 1854	1	1
5 2369	0 266	1	1
5 2369	4 3535	1	1
5 2370	5 1958	1	1
5 2370	1 4279	1	1
5 2370	2 2012	1	1
5 2370	4 1560	1	1
5 2370	0 1845	1	1
5 2370	2 1184	1	1
5 2371	6 702	1	1
5 2371	1 1663	1	1
5 2371	4 887	1	1
5 2371	3 3991	1	1
5 2371	7 257	1	1
5 2371	3 4478	1	1
5 2372	5 126	1	1
5 2372	5 3791	1	1
5 2372	6 3916	1	1
5 2372	7 3282	1	1
5 2372	7 2373	1	1
5 2372	7 4012	1	1
5 2373	5 2157	1	1
5 2373	3 4922	1	1
5 2373	2 383	1	1
5 2373	0 367	1	1
5 2373	6 2355	1	1
5 2373	6 1741	1	1
5 2374	5 806	1	1
5 2374	6 4566	1	1
5 2374	6 3305	1	1
5 2374	4 3872	1	1
5 2374	2 946	1	1
5 2374	0 227	1	1
5 2375	3 2815	1	1
5 2375	6 2339	1	1
5 2375	7 3446	1	1
5 2375	7 2542	1	1
5 2375	3 2351	1	1
5 2375	7 3230	1	1
5 2376	6 3563	1	1
5 2376	1 3248	1	1
5 2376	7 4013	1	1
5 2376	2 4830	1	1
5 2376	1 2443	1	1
5 2376	0 4681	1	1
5 2377	5 1707	1	1
5 2377	0 4077	1	1
5 2377	0 2116	1	1
5 2377	6 3356	1	1
5 2377	1 878	1	1
5 2377	4 4714	1	1
5 2378	6 1090	1	1
5 2378	2 4155	1	1
5 2378	6 3739	1	1
5 2378	0 3777	1	1
5 2378	2 1682	1	1
5 2378	3 3833	1	1
5 2379	5 4544	1	1
5 2379	5 963	1	1
5 2379	2 4564	1	1
5 2379	0 477	1	1
5 2379	2 1775	1	1
5 2379	1 3144	1	1
5 2380	5 2111	1	1
5 2380	2 1475	1	1
5 2380	6 243	1	1
5 2380	2 4696	1	1
5 2380	1 3773	1	1
5 2380	7 3544	1	1
5 2381	5 474	1	1
5 2381	3 2677	1	1
5 2381	6 4568	1	1
5 2381	1 1927	1	1
5 2381	0 3414	1	1
5 2381	3 4046	1	1
5 2382	5 606	1	1
5 2382	6 404	1	1
5 2382	6 2564	1	1
5 2382	0 1182	1	1
5 2382	3 4708	1	1
5 2382	4 2801	1	1
5 2383	7 2290	1	1
5 2383	0 1237	1	1
5 2383	0 676	1	1
5 2383	2 2393	1	1
5 2383	4 983	1	1
5 2383	6 4320	1	1
5 2384	5 97	1	1
5 2384	1 880	1	1
5 2384	4 1630	1	1
5 2384	7 4997	1	1
5 2384	1 4298	1	1
5 2384	6 2069	1	1
5 2385	5 248	1	1
5 2385	4 3010	1	1
5 2385	4 4430	1	1
5 2385	4 4967	1	1
5 2385	7 1862	1	1
5 2385	4 650	1	1
5 2386	5 3129	1	1
5 2386	6 4821	1	1
5 2386	3 3118	1	1
5 2386	6 4895	1	1
5 2386	6 4954	1	1
5 2386	0 1689	1	1
5 2387	5 2413	1	1
5 2387	6 4366	1	1
5 2387	1 4578	1	1
5 2387	3 1792	1	1
5 2387	0 1397	1	1
5 2387	7 1633	1	1
5 2388	5 4202	1	1
5 2388	5 1869	1	1
5 2388	2 1805	1	1
5 2388	1 1255	1	1
5 2388	6 1424	1	1
5 2388	3 2229	1	1
5 2389	5 4665	1	1
5 2389	3 4477	1	1
5 2389	2 634	1	1
5 2389	0 3737	1	1
5 2389	4 1762	1	1
5 2389	1 1426	1	1
5 2390	7 474	1	1
5 2390	3 3373	1	1
5 2390	1 4639	1	1
5 2390	1 838	1	1
5 2390	2 1424	1	1
5 2390	0 4116	1	1
5 2391	6 172	1	1
5 2391	6 3692	1	1
5 2391	4 1209	1	1
5 2391	4 1759	1	1
5 2391	7 1736	1	1
5 2391	7 2977	1	1
5 2392	5 3466	1	1
5 2392	0 663	1	1
5 2392	2 985	1	1
5 2392	7 1450	1	1
5 2392	6 3647	1	1
5 2392	7 1884	1	1
5 2393	0 4375	1	1
5 2393	0 2244	1	1
5 2393	0 2366	1	1
5 2393	7 2584	1	1
5 2393	1 2058	1	1
5 2393	7 759	1	1
5 2394	5 3388	1	1
5 2394	4 4959	1	1
5 2394	4 2096	1	1
5 2394	4 2287	1	1
5 2394	6 1348	1	1
5 2394	4 4034	1	1
5 2395	5 4002	1	1
5 2395	5 389	1	1
5 2395	6 2943	1	1
5 2395	3 840	1	1
5 2395	0 4280	1	1
5 2395	0 3968	1	1
5 2396	5 169	1	1
5 2396	6 4610	1	1
5 2396	7 4020	1	1
5 2396	4 3451	1	1
5 2396	1 3746	1	1
5 2396	2 2847	1	1
5 2397	5 4701	1	1
5 2397	5 4940	1	1
5 2397	0 1392	1	1
5 2397	1 791	1	1
5 2397	3 75	1	1
5 2397	2 1303	1	1
5 2398	5 3339	1	1
5 2398	3 1871	1	1
5 2398	3 1110	1	1
5 2398	3 1735	1	1
5 2398	2 3003	1	1
5 2398	0 2127	1	1
5 2399	5 2076	1	1
5 2399	7 3989	1	1
5 2399	7 2493	1	1
5 2399	6 541	1	1
5 2399	7 883	1	1
5 2399	4 3334	1	1
5 2400	5 1467	1	1
5 2400	3 1750	1	1
5 2400	2 2506	1	1
5 2400	1 4154	1	1
5 2400	0 2542	1	1
5 2400	4 3638	1	1
5 2401	5 4701	1	1
5 2401	3 2059	1	1
5 2401	7 4341	1	1
5 2401	0 2113	1	1
5 2401	0 690	1	1
5 2401	7 994	1	1
5 2402	5 4157	1	1
5 2402	7 4940	1	1
5 2402	3 1636	1	1
5 2402	4 1106	1	1
5 2402	6 886	1	1
5 2402	6 4659	1	1
5 2403	4 2330	1	1
5 2403	1 4757	1	1
5 2403	2 2138	1	1
5 2403	0 2819	1	1
5 2403	4 2315	1	1
5 2403	1 3027	1	1
5 2404	6 3446	1	1
5 2404	0 1702	1	1
5 2404	6 291	1	1
5 2404	3 2800	1	1
5 2404	3 4520	1	1
5 2404	7 361	1	1
5 2405	5 1272	1	1
5 2405	0 1811	1	1
5 2405	0 377	1	1
5 2405	7 4308	1	1
5 2405	1 4211	1	1
5 2405	1 1195	1	1
5 2406	1 3468	1	1
5 2406	4 281	1	1
5 2406	2 1315	1	1
5 2406	7 2433	1	1
5 2406	3 3375	1	1
5 2406	6 3076	1	1
5 2407	6 1295	1	1
5 2407	2 2199	1	1
5 2407	7 4150	1	1
5 2407	3 1282	1	1
5 2407	0 4818	1	1
5 2407	0 1865	1	1
5 2408	7 1155	1	1
5 2408	6 3640	1	1
5 2408	1 3864	1	1
5 2408	7 2787	1	1
5 2408	4 4863	1	1
5 2408	7 3310	1	1
5 2409	5 2633	1	1
5 2409	5 816	1	1
5 2409	1 2596	1	1
5 2409	1 3890	1	1
5 2409	2 2673	1	1
5 2409	3 1288	1	1
5 2410	5 4029	1	1
5 2410	5 106	1	1
5 2410	6 4662	1	1
5 2410	2 1847	1	1
5 2410	1 4002	1	1
5 2410	2 2974	1	1
5 2411	4 3509	1	1
5 2411	2 1171	1	1
5 2411	6 2886	1	1
5 2411	2 1807	1	1
5 2411	3 1524	1	1
5 2411	7 3630	1	1
5 2412	0 2059	1	1
5 2412	6 289	1	1
5 2412	2 1406	1	1
5 2412	6 3191	1	1
5 2412	6 2290	1	1
5 2412	4 2496	1	1
5 2413	6 848	1	1
5 2413	4 1591	1	1
5 2413	6 1854	1	1
5 2413	7 1369	1	1
5 2413	1 3613	1	1
5 2413	3 639	1	1
5 2414	5 4231	1	1
5 2414	4 969	1	1
5 2414	4 4875	1	1
5 2414	0 2556	1	1
5 2414	1 4596	1	1
5 2414	1 1700	1	1
5 2415	6 2898	1	1
5 2415	6 1744	1	1
5 2415	1 1600	1	1
5 2415	0 1515	1	1
5 2415	1 1348	1	1
5 2415	6 4027	1	1
5 2416	5 4144	1	1
5 2416	7 4468	1	1
5 2416	1 4570	1	1
5 2416	6 2030	1	1
5 2416	0 3685	1	1
5 2416	4 4426	1	1
5 2417	7 4036	1	1
5 2417	0 1174	1	1
5 2417	6 2881	1	1
5 2417	7 216	1	1
5 2417	7 209	1	1
5 2417	1 1171	1	1
5 2418	5 4024	1	1
5 2418	5 4917	1	1
5 2418	4 4975	1	1
5 2418	4 2829	1	1
5 2418	3 266	1	1
5 2418	0 3443	1	1
5 2419	7 3523	1	1
5 2419	2 1707	1	1
5 2419	3 2811	1	1
5 2419	2 1411	1	1
5 2419	4 92	1	1
5 2419	1 3501	1	1
5 2420	5 3155	1	1
5 2420	2 2257	1	1
5 2420	2 4120	1	1
5 2420	0 3348	1	1
5 2420	2 3114	1	1
5 2420	3 1819	1	1
5 2421	6 2002	1	1
5 2421	0 2545	1	1
5 2421	7 4282	1	1
5 2421	7 546	1	1
5 2421	6 743	1	1
5 2421	2 255	1	1
5 2422	5 2592	1	1
5 2422	2 219	1	1
5 2422	3 1419	1	1
5 2422	7 1778	1	1
5 2422	2 2288	1	1
5 2422	7 2742	1	1
5 2423	5 560	1	1
5 2423	5 2984	1	1
5 2423	7 761	1	1
5 2423	0 112	1	1
5 2423	6 4836	1	1
5 2423	1 1429	1	1
5 2424	2 4902	1	1
5 2424	2 1715	1	1
5 2424	4 3362	1	1
5 2424	3 2158	1	1
5 2424	7 4947	1	1
5 2424	2 4429	1	1
5 2425	1 2999	1	1
5 2425	3 382	1	1
5 2425	7 1839	1	1
5 2425	0 399	1	1
5 2425	2 4443	1	1
5 2425	1 4894	1	1
5 2426	2 213	1	1
5 2426	3 1810	1	1
5 2426	6 4334	1	1
5 2426	6 36	1	1
5 2426	4 3600	1	1
5 2426	0 4468	1	1
5 2427	7 99	1	1
5 2427	1 1180	1	1
5 2427	0 1790	1	1
5 2427	3 367	1	1
5 2427	1 2050	1	1
5 2427	7 599	1	1
5 2428	4 2324	1	1
5 2428	1 2726	1	1
5 2428	2 2924	1	1
5 2428	1 2600	1	1
5 2428	2 4638	1	1
5 2428	6 2658	1	1
5 2429	5 42	1	1
5 2429	2 3599	1	1
5 2429	1 4886	1	1
5 2429	2 2172	1	1
5 2429	1 1898	1	1
5 2429	0 2405	1	1
5 2430	7 2711	1	1
5 2430	3 1394	1	1
5 2430	6 1810	1	1
5 2430	2 2939	1	1
5 2430	1 1605	1	1
5 2430	1 3567	1	1
5 2431	4 2420	1	1
5 2431	0 1731	1	1
5 2431	3 4169	1	1
5 2431	2 4699	1	1
5 2431	6 4864	1	1
5 2431	3 4469	1	1
5 2432	7 4113	1	1
5 2432	7 310	1	1
5 2432	7 2968	1	1
5 2432	4 363	1	1
5 2432	6 65	1	1
5 2432	3 3900	1	1
5 2433	2 1483	1	1
5 2433	6 131	1	1
5 2433	1 3468	1	1
5 2433	0 2169	1	1
5 2433	3 1462	1	1
5 2433	2 1221	1	1
5 2434	0 1613	1	1
5 2434	3 2514	1	1
5 2434	7 1869	1	1
5 2434	2 4560	1	1
5 2434	1 4872	1	1
5 2434	0 2755	1	1
5 2435	1 1224	1	1
5 2435	4 1673	1	1
5 2435	4 3470	1	1
5 2435	3 3925	1	1
5 2435	1 3833	1	1
5 2435	6 521	1	1
5 2436	4 3249	1	1
5 2436	4 1023	1	1
5 2436	7 464	1	1
5 2436	4 4080	1	1
5 2436	1 4361	1	1
5 2436	3 3864	1	1
5 2437	2 1852	1	1
5 2437	4 266	1	1
5 2437	1 3782	1	1
5 2437	7 2005	1	1
5 2437	0 2468	1	1
5 2437	4 4385	1	1
5 2438	5 2963	1	1
5 2438	5 430	1	1
5 2438	2 1848	1	1
5 2438	3 352	1	1
5 2438	2 924	1	1
5 2438	3 4232	1	1
5 2439	5 3646	1	1
5 2439	5 304	1	1
5 2439	4 3924	1	1
5 2439	2 1461	1	1
5 2439	2 4112	1	1
5 2439	4 361	1	1
5 2440	5 1449	1	1
5 2440	7 1075	1	1
5 2440	3 2856	1	1
5 2440	4 4181	1	1
5 2440	0 4675	1	1
5 2440	2 1858	1	1
5 2441	7 2594	1	1
5 2441	3 552	1	1
5 2441	1 2379	1	1
5 2441	6 3840	1	1
5 2441	0 1642	1	1
5 2441	1 3727	1	1
5 2442	6 985	1	1
5 2442	2 1438	1	1
5 2442	6 1745	1	1
5 2442	0 1412	1	1
5 2442	4 3369	1	1
5 2442	7 123	1	1
5 2443	5 779	1	1
5 2443	2 406	1	1
5 2443	4 3867	1	1
5 2443	2 3035	1	1
5 2443	6 3218	1	1
5 2443	2 697	1	1
5 2444	6 2057	1	1
5 2444	0 2662	1	1
5 2444	3 4717	1	1
5 2444	7 120	1	1
5 2444	6 4013	1	1
5 2444	3 4362	1	1
5 2445	5 1300	1	1
5 2445	5 1649	1	1
5 2445	5 1783	1	1
5 2445	0 249	1	1
5 2445	7 1604	1	1
5 2445	4 311	1	1
5 2446	5 4222	1	1
5 2446	1 3735	1	1
5 2446	6 967	1	1
5 2446	2 3718	1	1
5 2446	7 201	1	1
5 2446	1 3339	1	1
5 2447	4 2181	1	1
5 2447	6 1230	1	1
5 2447	1 820	1	1
5 2447	2 4900	1	1
5 2447	3 990	1	1
5 2447	3 460	1	1
5 2448	5 673	1	1
5 2448	6 2224	1	1
5 2448	6 3601	1	1
5 2448	3 2056	1	1
5 2448	2 421	1	1
5 2448	1 4624	1	1
5 2449	0 1861	1	1
5 2449	0 3808	1	1
5 2449	0 929	1	1
5 2449	1 1616	1	1
5 2449	0 222	1	1
5 2449	3 2428	1	1
5 2450	5 3122	1	1
5 2450	1 2797	1	1
5 2450	4 4400	1	1
5 2450	0 669	1	1
5 2450	1 621	1	1
5 2450	3 409	1	1
5 2451	5 587	1	1
5 2451	5 2522	1	1
5 2451	5 1726	1	1
5 2451	0 1393	1	1
5 2451	6 1589	1	1
5 2451	4 2990	1	1
5 2452	0 2547	1	1
5 2452	6 3633	1	1
5 2452	6 4336	1	1
5 2452	3 2341	1	1
5 2452	0 2346	1	1
5 2452	3 4524	1	1
5 2453	5 3319	1	1
5 2453	3 2378	1	1
5 2453	6 3037	1	1
5 2453	2 3725	1	1
5 2453	1 2826	1	1
5 2453	0 4336	1	1
5 2454	6 3382	1	1
5 2454	4 393	1	1
5 2454	4 1464	1	1
5 2454	6 616	1	1
5 2454	0 4025	1	1
5 2454	2 4664	1	1
5 2455	5 3828	1	1
5 2455	4 64	1	1
5 2455	0 3361	1	1
5 2455	7 1182	1	1
5 2455	6 2056	1	1
5 2455	4 3750	1	1
5 2456	7 4787	1	1
5 2456	6 2026	1	1
5 2456	7 3088	1	1
5 2456	0 2670	1	1
5 2456	7 4694	1	1
5 2456	6 540	1	1
5 2457	5 1475	1	1
5 2457	5 1339	1	1
5 2457	5 4766	1	1
5 2457	1 2038	1	1
5 2457	2 3907	1	1
5 2457	6 422	1	1
5 2458	5 779	1	1
5 2458	4 604	1	1
5 2458	7 4846	1	1
5 2458	3 166	1	1
5 2458	3 532	1	1
5 2458	4 96	1	1
5 2459	1 4637	1	1
5 2459	4 61	1	1
5 2459	7 2053	1	1
5 2459	3 284	1	1
5 2459	6 4429	1	1
5 2459	3 977	1	1
5 2460	5 3402	1	1
5 2460	5 544	1	1
5 2460	5 1502	1	1
5 2460	0 1612	1	1
5 2460	6 3718	1	1
5 2460	0 1752	1	1
5 2461	6 210	1	1
5 2461	7 4651	1	1
5 2461	4 525	1	1
5 2461	2 4418	1	1
5 2461	2 3889	1	1
5 2461	1 3585	1	1
5 2462	5 816	1	1
5 2462	4 484	1	1
5 2462	1 262	1	1
5 2462	3 4507	1	1
5 2462	6 4350	1	1
5 2462	6 3909	1	1
5 2463	5 2320	1	1
5 2463	7 3725	1	1
5 2463	4 2871	1	1
5 2463	6 2141	1	1
5 2463	6 3712	1	1
5 2463	2 1070	1	1
5 2464	4 1854	1	1
5 2464	0 81	1	1
5 2464	2 2281	1	1
5 2464	3 3961	1	1
5 2464	7 2238	1	1
5 2464	7 1263	1	1
5 2465	0 2775	1	1
5 2465	2 1743	1	1
5 2465	2 4811	1	1
5 2465	1 4714	1	1
5 2465	2 1703	1	1
5 2465	4 4979	1	1
5 2466	6 604	1	1
5 2466	3 159	1	1
5 2466	7 2330	1	1
5 2466	2 1142	1	1
5 2466	3 4579	1	1
5 2466	1 3171	1	1
5 2467	5 2151	1	1
5 2467	5 3252	1	1
5 2467	0 3116	1	1
5 2467	1 1319	1	1
5 2467	1 3191	1	1
5 2467	4 281	1	1
5 2468	3 3269	1	1
5 2468	6 1697	1	1
5 2468	3 3609	1	1
5 2468	3 4489	1	1
5 2468	6 529	1	1
5 2468	4 3980	1	1
5 2469	3 4237	1	1
5 2469	7 3014	1	1
5 2469	4 3727	1	1
5 2469	0 43	1	1
5 2469	0 1810	1	1
5 2469	2 1926	1	1
5 2470	4 1065	1	1
5 2470	2 3509	1	1
5 2470	7 26	1	1
5 2470	2 4376	1	1
5 2470	1 3888	1	1
5 2470	3 4381	1	1
5 2471	1 2469	1	1
5 2471	7 2268	1	1
5 2471	7 4668	1	1
5 2471	6 1822	1	1
5 2471	1 3181	1	1
5 2471	7 4521	1	1
5 2472	5 2391	1	1
5 2472	3 870	1	1
5 2472	7 1288	1	1
5 2472	6 2265	1	1
5 2472	4 3550	1	1
5 2472	2 1346	1	1
5 2473	1 2685	1	1
5 2473	2 1135	1	1
5 2473	4 762	1	1
5 2473	6 4927	1	1
5 2473	4 4506	1	1
5 2473	7 2153	1	1
5 2474	5 4860	1	1
5 2474	1 2007	1	1
5 2474	7 751	1	1
5 2474	3 3838	1	1
5 2474	3 1380	1	1
5 2474	1 3048	1	1
5 2475	4 1038	1	1
5 2475	2 4741	1	1
5 2475	0 2158	1	1
5 2475	4 1663	1	1
5 2475	4 2186	1	1
5 2475	0 987	1	1
5 2476	5 194	1	1
5 2476	0 2644	1	1
5 2476	3 358	1	1
5 2476	6 1309	1	1
5 2476	2 4844	1	1
5 2476	1 2001	1	1
5 2477	4 522	1	1
5 2477	0 3266	1	1
5 2477	0 1833	1	1
5 2477	3 3614	1	1
5 2477	2 1604	1	1
5 2477	1 1721	1	1
5 2478	5 3391	1	1
5 2478	3 1531	1	1
5 2478	1 2501	1	1
5 2478	4 2882	1	1
5 2478	3 4663	1	1
5 2478	2 4508	1	1
5 2479	5 4601	1	1
5 2479	3 342	1	1
5 2479	4 4276	1	1
5 2479	2 2997	1	1
5 2479	6 3631	1	1
5 2479	7 4304	1	1
5 2480	5 3756	1	1
5 2480	5 171	1	1
5 2480	1 3478	1	1
5 2480	4 3861	1	1
5 2480	7 2573	1	1
5 2480	3 2829	1	1
5 2481	3 2362	1	1
5 2481	2 351	1	1
5 2481	0 3417	1	1
5 2481	2 1442	1	1
5 2481	4 3508	1	1
5 2481	4 1622	1	1
5 2482	5 4400	1	1
5 2482	5 3003	1	1
5 2482	6 3983	1	1
5 2482	4 3426	1	1
5 2482	3 946	1	1
5 2482	3 3584	1	1
5 2483	5 1862	1	1
5 2483	2 916	1	1
5 2483	0 120	1	1
5 2483	7 1558	1	1
5 2483	6 3736	1	1
5 2483	2 2843	1	1
5 2484	0 4026	1	1
5 2484	6 4749	1	1
5 2484	1 4714	1	1
5 2484	0 386	1	1
5 2484	3 1016	1	1
5 2484	7 3612	1	1
5 2485	5 4340	1	1
5 2485	3 4209	1	1
5 2485	4 813	1	1
5 2485	4 4725	1	1
5 2485	2 1068	1	1
5 2485	1 3875	1	1
5 2486	6 3041	1	1
5 2486	2 2120	1	1
5 2486	4 3744	1	1
5 2486	4 21	1	1
5 2486	1 3027	1	1
5 2486	1 3784	1	1
5 2487	3 4525	1	1
5 2487	6 4773	1	1
5 2487	7 3273	1	1
5 2487	3 1327	1	1
5 2487	3 3806	1	1
5 2487	3 2603	1	1
5 2488	5 4292	1	1
5 2488	3 1651	1	1
5 2488	7 3738	1	1
5 2488	3 4681	1	1
5 2488	7 2190	1	1
5 2488	7 3805	1	1
5 2489	5 2529	1	1
5 2489	5 4405	1	1
5 2489	4 3900	1	1
5 2489	6 3868	1	1
5 2489	7 4124	1	1
5 2489	7 3610	1	1
5 2490	2 2557	1	1
5 2490	4 4679	1	1
5 2490	3 1922	1	1
5 2490	1 925	1	1
5 2490	1 297	1	1
5 2490	6 4248	1	1
5 2491	5 3625	1	1
5 2491	7 756	1	1
5 2491	6 1244	1	1
5 2491	3 698	1	1
5 2491	3 2332	1	1
5 2491	7 2123	1	1
5 2492	2 4930	1	1
5 2492	4 1657	1	1
5 2492	0 1842	1	1
5 2492	6 3582	1	1
5 2492	3 1257	1	1
5 2492	3 3109	1	1
5 2493	2 3015	1	1
5 2493	2 4508	1	1
5 2493	2 3674	1	1
5 2493	1 2472	1	1
5 2493	1 2900	1	1
5 2493	0 582	1	1
5 2494	4 3401	1	1
5 2494	3 1956	1	1
5 2494	7 3035	1	1
5 2494	2 4447	1	1
5 2494	7 3059	1	1
5 2494	2 3001	1	1
5 2495	5 1397	1	1
5 2495	5 365	1	1
5 2495	0 2136	1	1
5 2495	3 1103	1	1
5 2495	7 2437	1	1
5 2495	0 742	1	1
5 2496	0 872	1	1
5 2496	1 2281	1	1
5 2496	2 1686	1	1
5 2496	6 199	1	1
5 2496	0 4269	1	1
5 2496	1 3638	1	1
5 2497	0 553	1	1
5 2497	7 3638	1	1
5 2497	2 1440	1	1
5 2497	7 2047	1	1
5 2497	1 2151	1	1
5 2497	1 4626	1	1
5 2498	5 1411	1	1
5 2498	4 1410	1	1
5 2498	4 3151	1	1
5 2498	6 1425	1	1
5 2498	6 4111	1	1
5 2498	7 2990	1	1
5 2499	5 3884	1	1
5 2499	4 4861	1	1
5 2499	6 4869	1	1
5 2499	1 3231	1	1
5 2499	2 4456	1	1
5 2499	4 2973	1	1
5 2500	5 2569	1	1
5 2500	1 525	1	1
5 2500	0 444	1	1
5 2500	7 2797	1	1
5 2500	2 435	1	1
5 2500	1 3036	1	1
5 2501	5 257	1	1
5 2501	0 608	1	1
5 2501	3 619	1	1
5 2501	6 2066	1	1
5 2501	0 1062	1	1
5 2501	4 412	1	1
5 2502	2 3836	1	1
5 2502	6 638	1	1
5 2502	2 4803	1	1
5 2502	7 1752	1	1
5 2502	6 784	1	1
5 2502	6 1619	1	1
5 2503	1 3914	1	1
5 2503	6 2171	1	1
5 2503	2 31	1	1
5 2503	3 3380	1	1
5 2503	0 2748	1	1
5 2503	6 214	1	1
5 2504	5 4388	1	1
5 2504	2 4662	1	1
5 2504	7 1279	1	1
5 2504	2 417	1	1
5 2504	3 1366	1	1
5 2504	6 1452	1	1
5 2505	5 33	1	1
5 2505	5 4399	1	1
5 2505	4 1346	1	1
5 2505	2 2832	1	1
5 2505	6 2904	1	1
5 2505	7 2587	1	1
5 2506	7 3908	1	1
5 2506	0 2511	1	1
5 2506	2 3928	1	1
5 2506	7 2650	1	1
5 2506	0 3459	1	1
5 2506	7 761	1	1
5 2507	5 2924	1	1
5 2507	4 1344	1	1
5 2507	3 4546	1	1
5 2507	3 3856	1	1
5 2507	0 3236	1	1
5 2507	6 1066	1	1
5 2508	5 2536	1	1
5 2508	0 692	1	1
5 2508	4 1286	1	1
5 2508	6 3762	1	1
5 2508	7 4394	1	1
5 2508	4 2250	1	1
5 2509	5 3831	1	1
5 2509	6 2102	1	1
5 2509	6 1114	1	1
5 2509	3 3626	1	1
5 2509	2 4814	1	1
5 2509	1 958	1	1
5 2510	5 4452	1	1
5 2510	4 1883	1	1
5 2510	0 119	1	1
5 2510	0 1571	1	1
5 2510	1 4694	1	1
5 2510	7 2260	1	1
5 2511	6 4088	1	1
5 2511	1 2924	1	1
5 2511	3 4204	1	1
5 2511	2 3298	1	1
5 2511	1 768	1	1
5 2511	1 2699	1	1
5 2512	2 79	1	1
5 2512	2 2719	1	1
5 2512	6 402	1	1
5 2512	3 2909	1	1
5 2512	4 2421	1	1
5 2512	2 2407	1	1
5 2513	5 1462	1	1
5 2513	4 4590	1	1
5 2513	4 726	1	1
5 2513	4 1855	1	1
5 2513	0 4386	1	1
5 2513	2 3431	1	1
5 2514	6 4029	1	1
5 2514	2 2779	1	1
5 2514	4 2963	1	1
5 2514	6 3472	1	1
5 2514	4 961	1	1
5 2514	1 1761	1	1
5 2515	0 2565	1	1
5 2515	6 2462	1	1
5 2515	2 365	1	1
5 2515	2 664	1	1
5 2515	7 3430	1	1
5 2515	7 2953	1	1
5 2516	1 3466	1	1
5 2516	3 4619	1	1
5 2516	3 1670	1	1
5 2516	4 1126	1	1
5 2516	2 3231	1	1
5 2516	2 3573	1	1
5 2517	5 3906	1	1
5 2517	5 1501	1	1
5 2517	0 4524	1	1
5 2517	1 231	1	1
5 2517	2 154	1	1
5 2517	1 3617	1	1
5 2518	5 1504	1	1
5 2518	1 3619	1	1
5 2518	6 3830	1	1
5 2518	7 4055	1	1
5 2518	7 881	1	1
5 2518	4 2175	1	1
5 2519	5 115	1	1
5 2519	6 1828	1	1
5 2519	1 4914	1	1
5 2519	3 1819	1	1
5 2519	0 2473	1	1
5 2519	4 4317	1	1
5 2520	0 2206	1	1
5 2520	4 2148	1	1
5 2520	4 3599	1	1
5 2520	2 4477	1	1
5 2520	7 3052	1	1
5 2520	2 1248	1	1
5 2521	5 1259	1	1
5 2521	0 4688	1	1
5 2521	7 4918	1	1
5 2521	2 162	1	1
5 2521	4 4352	1	1
5 2521	2 4580	1	1
5 2522	6 1369	1	1
5 2522	0 2122	1	1
5 2522	2 2577	1	1
5 2522	0 2134	1	1
5 2522	2 1634	1	1
5 2522	7 39	1	1
5 2523	5 1180	1	1
5 2523	5 2344	1	1
5 2523	4 4558	1	1
5 2523	7 1769	1	1
5 2523	4 1368	1	1
5 2523	4 4780	1	1
5 2524	7 1204	1	1
5 2524	3 2026	1	1
5 2524	7 981	1	1
5 2524	3 1339	1	1
5 2524	4 4722	1	1
5 2524	2 606	1	1
5 2525	7 2171	1	1
5 2525	2 2718	1	1
5 2525	4 2676	1	1
5 2525	1 2632	1	1
5 2525	4 3655	1	1
5 2525	6 1609	1	1
5 2526	5 4848	1	1
5 2526	3 1257	1	1
5 2526	0 3385	1	1
5 2526	2 2024	1	1
5 2526	7 124	1	1
5 2526	4 4307	1	1
5 2527	3 409	1	1
5 2527	3 2795	1	1
5 2527	0 3112	1	1
5 2527	2 4031	1	1
5 2527	6 1941	1	1
5 2527	2 333	1	1
5 2528	6 4096	1	1
5 2528	2 4188	1	1
5 2528	4 3100	1	1
5 2528	6 4314	1	1
5 2528	3 682	1	1
5 2528	1 814	1	1
5 2529	7 2775	1	1
5 2529	3 1001	1	1
5 2529	7 183	1	1
5 2529	7 4949	1	1
5 2529	0 1314	1	1
5 2529	6 3954	1	1
5 2530	5 3138	1	1
5 2530	4 2505	1	1
5 2530	3 3667	1	1
5 2530	1 1232	1	1
5 2530	0 86	1	1
5 2530	1 3469	1	1
5 2531	5 1661	1	1
5 2531	2 2108	1	1
5 2531	2 1617	1	1
5 2531	1 1062	1	1
5 2531	1 2083	1	1
5 2531	3 1469	1	1
5 2532	4 2901	1	1
5 2532	7 2563	1	1
5 2532	1 2482	1	1
5 2532	4 4604	1	1
5 2532	2 476	1	1
5 2532	1 1629	1	1
5 2533	5 2574	1	1
5 2533	5 4777	1	1
5 2533	5 4387	1	1
5 2533	3 1068	1	1
5 2533	6 1401	1	1
5 2533	0 4263	1	1
5 2534	5 675	1	1
5 2534	4 2781	1	1
5 2534	4 3109	1	1
5 2534	7 2459	1	1
5 2534	7 2740	1	1
5 2534	7 1328	1	1
5 2535	2 2829	1	1
5 2535	1 439	1	1
5 2535	7 4303	1	1
5 2535	1 2772	1	1
5 2535	6 1662	1	1
5 2535	0 1826	1	1
5 2536	0 3818	1	1
5 2536	2 1802	1	1
5 2536	2 2039	1	1
5 2536	7 2758	1	1
5 2536	0 2385	1	1
5 2536	3 4911	1	1
5 2537	5 2792	1	1
5 2537	1 2312	1	1
5 2537	1 310	1	1
5 2537	3 3073	1	1
5 2537	6 4228	1	1
5 2537	0 4521	1	1
5 2538	5 4198	1	1
5 2538	7 201	1	1
5 2538	1 459	1	1
5 2538	6 2773	1	1
5 2538	1 1776	1	1
5 2538	1 1903	1	1
5 2539	5 3241	1	1
5 2539	1 4973	1	1
5 2539	6 1539	1	1
5 2539	1 4420	1	1
5 2539	3 293	1	1
5 2539	3 1134	1	1
5 2540	5 1353	1	1
5 2540	1 3465	1	1
5 2540	0 2925	1	1
5 2540	0 1089	1	1
5 2540	3 4845	1	1
5 2540	0 267	1	1
5 2541	0 2990	1	1
5 2541	3 190	1	1
5 2541	0 896	1	1
5 2541	4 3772	1	1
5 2541	6 2106	1	1
5 2541	4 555	1	1
5 2542	5 3414	1	1
5 2542	1 3816	1	1
5 2542	1 2305	1	1
5 2542	0 3285	1	1
5 2542	1 1831	1	1
5 2542	6 2612	1	1
5 2543	5 2861	1	1
5 2543	6 3503	1	1
5 2543	0 1218	1	1
5 2543	6 434	1	1
5 2543	1 3262	1	1
5 2543	2 2109	1	1
5 2544	4 2703	1	1
5 2544	7 1483	1	1
5 2544	3 202	1	1
5 2544	6 3314	1	1
5 2544	6 1765	1	1
5 2544	4 2376	1	1
5 2545	1 900	1	1
5 2545	4 4784	1	1
5 2545	4 1928	1	1
5 2545	1 2560	1	1
5 2545	3 897	1	1
5 2545	1 2159	1	1
5 2546	5 3826	1	1
5 2546	1 1889	1	1
5 2546	2 1251	1	1
5 2546	3 2972	1	1
5 2546	1 1501	1	1
5 2546	7 3389	1	1
5 2547	4 2653	1	1
5 2547	7 146	1	1
5 2547	7 3901	1	1
5 2547	3 2910	1	1
5 2547	2 4362	1	1
5 2547	4 4345	1	1
5 2548	3 3938	1	1
5 2548	0 1888	1	1
5 2548	3 387	1	1
5 2548	7 458	1	1
5 2548	0 2692	1	1
5 2548	7 4678	1	1
5 2549	5 4290	1	1
5 2549	4 4371	1	1
5 2549	4 4928	1	1
5 2549	3 2673	1	1
5 2549	0 635	1	1
5 2549	7 4210	1	1
5 2550	2 4552	1	1
5 2550	1 3149	1	1
5 2550	3 4247	1	1
5 2550	1 248	1	1
5 2550	1 1865	1	1
5 2550	6 1393	1	1
5 2551	2 1040	1	1
5 2551	6 1618	1	1
5 2551	3 1840	1	1
5 2551	0 2319	1	1
5 2551	3 2144	1	1
5 2551	2 409	1	1
5 2552	3 144	1	1
5 2552	6 4797	1	1
5 2552	7 3929	1	1
5 2552	3 2687	1	1
5 2552	4 3869	1	1
5 2552	7 1421	1	1
5 2553	5 464	1	1
5 2553	2 912	1	1
5 2553	1 4852	1	1
5 2553	2 3760	1	1
5 2553	1 4873	1	1
5 2553	7 2844	1	1
5 2554	5 683	1	1
5 2554	5 1828	1	1
5 2554	0 1552	1	1
5 2554	0 1198	1	1
5 2554	4 486	1	1
5 2554	4 1140	1	1
5 2555	2 708	1	1
5 2555	3 3664	1	1
5 2555	2 4913	1	1
5 2555	0 3161	1	1
5 2555	6 3560	1	1
5 2555	3 3925	1	1
5 2556	1 4595	1	1
5 2556	4 950	1	1
5 2556	6 945	1	1
5 2556	6 1941	1	1
5 2556	7 4462	1	1
5 2556	2 978	1	1
5 2557	5 691	1	1
5 2557	4 4187	1	1
5 2557	2 2671	1	1
5 2557	6 2187	1	1
5 2557	1 1937	1	1
5 2557	1 2842	1	1
5 2558	5 1240	1	1
5 2558	3 4888	1	1
5 2558	1 281	1	1
5 2558	2 3763	1	1
5 2558	4 2314	1	1
5 2558	4 2250	1	1
5 2559	5 1701	1	1
5 2559	7 3252	1	1
5 2559	6 3191	1	1
5 2559	4 1023	1	1
5 2559	1 2829	1	1
5 2559	1 2453	1	1
5 2560	5 4144	1	1
5 2560	6 3448	1	1
5 2560	6 2890	1	1
5 2560	1 87	1	1
5 2560	1 1314	1	1
5 2560	2 2320	1	1
5 2561	5 3116	1	1
5 2561	1 4369	1	1
5 2561	7 3324	1	1
5 2561	7 4058	1	1
5 2561	3 707	1	1
5 2561	2 306	1	1
5 2562	6 1200	1	1
5 2562	7 3259	1	1
5 2562	0 4161	1	1
5 2562	3 4054	1	1
5 2562	7 1251	1	1
5 2562	2 4051	1	1
5 2563	1 4769	1	1
5 2563	2 2705	1	1
5 2563	6 3684	1	1
5 2563	3 4028	1	1
5 2563	0 2770	1	1
5 2563	4 4259	1	1
5 2564	1 4120	1	1
5 2564	1 753	1	1
5 2564	3 4639	1	1
5 2564	2 3260	1	1
5 2564	4 383	1	1
5 2564	0 629	1	1
5 2565	4 2750	1	1
5 2565	2 1886	1	1
5 2565	4 559	1	1
5 2565	1 3320	1	1
5 2565	3 2377	1	1
5 2565	3 4743	1	1
5 2566	5 567	1	1
5 2566	2 2409	1	1
5 2566	7 2076	1	1
5 2566	3 1755	1	1
5 2566	7 802	1	1
5 2566	3 4621	1	1
5 2567	2 2634	1	1
5 2567	6 4162	1	1
5 2567	2 2185	1	1
5 2567	0 591	1	1
5 2567	1 4991	1	1
5 2567	4 847	1	1
5 2568	5 4271	1	1
5 2568	2 2016	1	1
5 2568	3 1289	1	1
5 2568	7 1992	1	1
5 2568	4 1005	1	1
5 2568	3 4490	1	1
5 2569	5 3938	1	1
5 2569	5 515	1	1
5 2569	5 2265	1	1
5 2569	7 3309	1	1
5 2569	0 87	1	1
5 2569	7 1053	1	1
5 2570	2 86	1	1
5 2570	1 232	1	1
5 2570	3 4628	1	1
5 2570	2 3875	1	1
5 2570	3 3978	1	1
5 2570	6 2861	1	1
5 2571	0 468	1	1
5 2571	0 670	1	1
5 2571	3 75	1	1
5 2571	4 4395	1	1
5 2571	3 1659	1	1
5 2571	6 309	1	1
5 2572	5 1452	1	1
5 2572	4 1581	1	1
5 2572	0 2744	1	1
5 2572	6 3007	1	1
5 2572	3 4894	1	1
5 2572	2 2301	1	1
5 2573	5 1265	1	1
5 2573	0 4265	1	1
5 2573	3 2959	1	1
5 2573	2 2165	1	1
5 2573	4 345	1	1
5 2573	3 1933	1	1
5 2574	2 1282	1	1
5 2574	2 4868	1	1
5 2574	7 3575	1	1
5 2574	4 1896	1	1
5 2574	6 4649	1	1
5 2574	4 1763	1	1
5 2575	5 380	1	1
5 2575	5 4744	1	1
5 2575	6 959	1	1
5 2575	6 4141	1	1
5 2575	4 2495	1	1
5 2575	1 2843	1	1
5 2576	5 4398	1	1
5 2576	0 2979	1	1
5 2576	7 190	1	1
5 2576	0 1204	1	1
5 2576	1 2941	1	1
5 2576	7 4879	1	1
5 2577	2 4930	1	1
5 2577	6 792	1	1
5 2577	0 2688	1	1
5 2577	0 3207	1	1
5 2577	1 1354	1	1
5 2577	4 4522	1	1
5 2578	5 3230	1	1
5 2578	6 48	1	1
5 2578	0 759	1	1
5 2578	6 677	1	1
5 2578	2 430	1	1
5 2578	1 3388	1	1
5 2579	5 507	1	1
5 2579	5 4131	1	1
5 2579	5 4140	1	1
5 2579	3 2557	1	1
5 2579	0 2533	1	1
5 2579	7 4729	1	1
5 2580	5 3689	1	1
5 2580	5 4870	1	1
5 2580	5 3041	1	1
5 2580	2 1205	1	1
5 2580	0 4552	1	1
5 2580	4 4409	1	1
5 2581	5 500	1	1
5 2581	7 4207	1	1
5 2581	7 2763	1	1
5 2581	1 229	1	1
5 2581	6 3664	1	1
5 2581	6 4757	1	1
5 2582	1 4984	1	1
5 2582	2 4938	1	1
5 2582	3 2969	1	1
5 2582	3 308	1	1
5 2582	1 2242	1	1
5 2582	3 258	1	1
5 2583	5 4415	1	1
5 2583	5 4567	1	1
5 2583	7 60	1	1
5 2583	2 4501	1	1
5 2583	0 3384	1	1
5 2583	1 1839	1	1
5 2584	4 3359	1	1
5 2584	7 4521	1	1
5 2584	4 617	1	1
5 2584	2 2814	1	1
5 2584	1 3322	1	1
5 2584	6 2030	1	1
5 2585	5 1403	1	1
5 2585	6 3743	1	1
5 2585	6 296	1	1
5 2585	7 3873	1	1
5 2585	3 1570	1	1
5 2585	6 3784	1	1
5 2586	5 83	1	1
5 2586	5 1112	1	1
5 2586	6 3128	1	1
5 2586	7 4609	1	1
5 2586	7 3860	1	1
5 2586	2 3366	1	1
5 2587	5 2104	1	1
5 2587	2 4180	1	1
5 2587	4 2539	1	1
5 2587	2 1125	1	1
5 2587	1 765	1	1
5 2587	4 1896	1	1
5 2588	5 2028	1	1
5 2588	5 2748	1	1
5 2588	0 333	1	1
5 2588	3 691	1	1
5 2588	7 113	1	1
5 2588	7 1247	1	1
5 2589	5 4865	1	1
5 2589	3 4141	1	1
5 2589	6 1588	1	1
5 2589	6 2008	1	1
5 2589	6 4590	1	1
5 2589	6 4148	1	1
5 2590	6 1218	1	1
5 2590	1 2964	1	1
5 2590	7 2713	1	1
5 2590	3 1836	1	1
5 2590	2 1649	1	1
5 2590	6 3315	1	1
5 2591	4 1818	1	1
5 2591	0 2098	1	1
5 2591	7 3549	1	1
5 2591	1 2161	1	1
5 2591	7 1427	1	1
5 2591	0 4389	1	1
5 2592	3 3821	1	1
5 2592	0 2704	1	1
5 2592	0 62	1	1
5 2592	4 120	1	1
5 2592	3 4802	1	1
5 2592	6 2533	1	1
5 2593	6 3335	1	1
5 2593	6 4442	1	1
5 2593	7 595	1	1
5 2593	1 3098	1	1
5 2593	7 3327	1	1
5 2593	2 2262	1	1
5 2594	5 3779	1	1
5 2594	1 307	1	1
5 2594	3 1618	1	1
5 2594	7 1340	1	1
5 2594	2 2171	1	1
5 2594	2 4509	1	1
5 2595	5 1726	1	1
5 2595	7 314	1	1
5 2595	0 2005	1	1
5 2595	6 1027	1	1
5 2595	4 2642	1	1
5 2595	3 2178	1	1
5 2596	5 1817	1	1
5 2596	5 3981	1	1
5 2596	6 4320	1	1
5 2596	2 2707	1	1
5 2596	7 4379	1	1
5 2596	2 1446	1	1
5 2597	7 2135	1	1
5 2597	2 4599	1	1
5 2597	7 42	1	1
5 2597	7 2514	1	1
5 2597	7 2026	1	1
5 2597	7 4225	1	1
5 2598	5 4350	1	1
5 2598	7 300	1	1
5 2598	4 4084	1	1
5 2598	6 67	1	1
5 2598	3 2821	1	1
5 2598	6 3668	1	1
5 2599	4 1358	1	1
5 2599	0 4145	1	1
5 2599	4 3062	1	1
5 2599	1 80	1	1
5 2599	4 1936	1	1
5 2599	2 4862	1	1
5 2600	5 133	1	1
5 2600	1 2562	1	1
5 2600	7 925	1	1
5 2600	2 572	1	1
5 2600	3 1077	1	1
5 2600	1 4340	1	1
5 2601	4 4250	1	1
5 2601	0 2172	1	1
5 2601	0 2715	1	1
5 2601	1 4065	1	1
5 2601	3 2145	1	1
5 2601	3 377	1	1
5 2602	2 4360	1	1
5 2602	1 3613	1	1
5 2602	3 164	1	1
5 2602	2 3141	1	1
5 2602	3 380	1	1
5 2602	7 4622	1	1
5 2603	6 3500	1	1
5 2603	2 3359	1	1
5 2603	3 3587	1	1
5 2603	6 3904	1	1
5 2603	0 1434	1	1
5 2603	7 259	1	1
5 2604	2 2520	1	1
5 2604	1 2584	1	1
5 2604	7 3050	1	1
5 2604	4 3757	1	1
5 2604	3 3946	1	1
5 2604	6 4582	1	1
5 2605	5 3833	1	1
5 2605	0 2097	1	1
5 2605	1 4984	1	1
5 2605	3 2656	1	1
5 2605	0 4876	1	1
5 2605	6 2924	1	1
5 2606	7 4663	1	1
5 2606	1 1519	1	1
5 2606	3 3410	1	1
5 2606	2 1327	1	1
5 2606	0 1322	1	1
5 2606	6 4545	1	1
5 2607	4 2387	1	1
5 2607	3 1216	1	1
5 2607	7 3752	1	1
5 2607	7 3090	1	1
5 2607	3 890	1	1
5 2607	7 2646	1	1
5 2608	5 441	1	1
5 2608	2 3597	1	1
5 2608	2 3507	1	1
5 2608	0 517	1	1
5 2608	7 365	1	1
5 2608	2 362	1	1
5 2609	5 699	1	1
5 2609	5 2716	1	1
5 2609	0 4778	1	1
5 2609	3 4018	1	1
5 2609	7 2907	1	1
5 2609	4 2631	1	1
5 2610	4 1772	1	1
5 2610	7 2416	1	1
5 2610	0 3834	1	1
5 2610	6 3807	1	1
5 2610	2 244	1	1
5 2610	3 3564	1	1
5 2611	5 1606	1	1
5 2611	5 935	1	1
5 2611	5 3782	1	1
5 2611	3 883	1	1
5 2611	2 248	1	1
5 2611	3 2002	1	1
5 2612	1 2582	1	1
5 2612	2 337	1	1
5 2612	2 4847	1	1
5 2612	2 1500	1	1
5 2612	0 778	1	1
5 2612	1 333	1	1
5 2613	5 2439	1	1
5 2613	7 603	1	1
5 2613	0 2693	1	1
5 2613	1 3590	1	1
5 2613	1 3218	1	1
5 2613	6 558	1	1
5 2614	5 3375	1	1
5 2614	0 4198	1	1
5 2614	2 1217	1	1
5 2614	2 3572	1	1
5 2614	0 2053	1	1
5 2614	6 4008	1	1
5 2615	5 324	1	1
5 2615	6 2092	1	1
5 2615	7 4467	1	1
5 2615	3 2948	1	1
5 2615	1 2077	1	1
5 2615	0 44	1	1
5 2616	5 663	1	1
5 2616	3 980	1	1
5 2616	7 3318	1	1
5 2616	2 2787	1	1
5 2616	4 2875	1	1
5 2616	6 4150	1	1
5 2617	5 4787	1	1
5 2617	5 1380	1	1
5 2617	2 4979	1	1
5 2617	4 4961	1	1
5 2617	3 465	1	1
5 2617	4 4637	1	1
5 2618	5 3215	1	1
5 2618	6 4530	1	1
5 2618	6 4783	1	1
5 2618	2 3288	1	1
5 2618	7 669	1	1
5 2618	7 2243	1	1
5 2619	5 4118	1	1
5 2619	0 3390	1	1
5 2619	7 218	1	1
5 2619	0 1864	1	1
5 2619	6 480	1	1
5 2619	1 2454	1	1
5 2620	6 1559	1	1
5 2620	3 3914	1	1
5 2620	7 4035	1	1
5 2620	3 4329	1	1
5 2620	4 1287	1	1
5 2620	4 1000	1	1
5 2621	5 354	1	1
5 2621	6 114	1	1
5 2621	0 2432	1	1
5 2621	2 3926	1	1
5 2621	4 3160	1	1
5 2621	6 4686	1	1
5 2622	5 2523	1	1
5 2622	4 198	1	1
5 2622	1 2499	1	1
5 2622	6 2457	1	1
5 2622	0 505	1	1
5 2622	1 223	1	1
5 2623	0 1099	1	1
5 2623	4 1957	1	1
5 2623	0 45	1	1
5 2623	2 4062	1	1
5 2623	4 2595	1	1
5 2623	0 712	1	1
5 2624	5 3952	1	1
5 2624	2 3543	1	1
5 2624	4 2964	1	1
5 2624	2 1455	1	1
5 2624	6 3942	1	1
5 2624	6 1978	1	1
5 2625	5 147	1	1
5 2625	4 4385	1	1
5 2625	4 3384	1	1
5 2625	2 2561	1	1
5 2625	0 747	1	1
5 2625	2 1522	1	1
5 2626	5 239	1	1
5 2626	6 3265	1	1
5 2626	2 1096	1	1
5 2626	0 1935	1	1
5 2626	1 2161	1	1
5 2626	7 3696	1	1
5 2627	3 4311	1	1
5 2627	0 4527	1	1
5 2627	4 38	1	1
5 2627	4 3778	1	1
5 2627	4 87	1	1
5 2627	7 4499	1	1
5 2628	5 4461	1	1
5 2628	0 2875	1	1
5 2628	0 2538	1	1
5 2628	6 3651	1	1
5 2628	1 3274	1	1
5 2628	3 2083	1	1
5 2629	2 1042	1	1
5 2629	1 69	1	1
5 2629	7 875	1	1
5 2629	3 362	1	1
5 2629	7 4745	1	1
5 2629	2 2585	1	1
5 2630	5 2701	1	1
5 2630	0 2844	1	1
5 2630	3 3153	1	1
5 2630	0 3867	1	1
5 2630	7 2607	1	1
5 2630	2 3675	1	1
5 2631	1 1493	1	1
5 2631	4 4983	1	1
5 2631	1 313	1	1
5 2631	0 3940	1	1
5 2631	2 2386	1	1
5 2631	1 4170	1	1
5 2632	5 171	1	1
5 2632	7 3980	1	1
5 2632	2 2378	1	1
5 2632	6 4426	1	1
5 2632	0 613	1	1
5 2632	4 888	1	1
5 2633	0 3394	1	1
5 2633	2 4593	1	1
5 2633	0 2658	1	1
5 2633	3 4366	1	1
5 2633	3 2303	1	1
5 2633	7 547	1	1
5 2634	5 2788	1	1
5 2634	1 162	1	1
5 2634	0 975	1	1
5 2634	1 2410	1	1
5 2634	6 2879	1	1
5 2634	1 4126	1	1
5 2635	5 778	1	1
5 2635	5 615	1	1
5 2635	1 562	1	1
5 2635	0 3046	1	1
5 2635	7 1832	1	1
5 2635	4 1218	1	1
5 2636	2 4818	1	1
5 2636	4 348	1	1
5 2636	0 2561	1	1
5 2636	0 1383	1	1
5 2636	7 571	1	1
5 2636	6 2390	1	1
5 2637	5 3358	1	1
5 2637	5 2567	1	1
5 2637	0 1345	1	1
5 2637	2 3100	1	1
5 2637	2 3442	1	1
5 2637	0 2518	1	1
5 2638	5 2002	1	1
5 2638	7 46	1	1
5 2638	1 3857	1	1
5 2638	2 2589	1	1
5 2638	3 3497	1	1
5 2638	1 4446	1	1
5 2639	5 3086	1	1
5 2639	5 1476	1	1
5 2639	3 3523	1	1
5 2639	4 2114	1	1
5 2639	2 2968	1	1
5 2639	4 1589	1	1
5 2640	5 4092	1	1
5 2640	3 3569	1	1
5 2640	1 1990	1	1
5 2640	0 2248	1	1
5 2640	1 975	1	1
5 2640	7 2928	1	1
5 2641	5 501	1	1
5 2641	7 398	1	1
5 2641	6 4967	1	1
5 2641	0 2088	1	1
5 2641	7 4343	1	1
5 2641	4 2003	1	1
5 2642	6 4218	1	1
5 2642	0 4215	1	1
5 2642	7 4774	1	1
5 2642	7 1914	1	1
5 2642	7 298	1	1
5 2642	0 1064	1	1
5 2643	4 3387	1	1
5 2643	4 766	1	1
5 2643	3 1291	1	1
5 2643	7 4532	1	1
5 2643	1 2969	1	1
5 2643	3 2767	1	1
5 2644	5 4110	1	1
5 2644	6 4074	1	1
5 2644	1 4164	1	1
5 2644	0 339	1	1
5 2644	0 760	1	1
5 2644	3 1916	1	1
5 2645	5 3470	1	1
5 2645	2 3858	1	1
5 2645	6 3170	1	1
5 2645	6 1540	1	1
5 2645	2 4662	1	1
5 2645	6 1947	1	1
5 2646	6 4603	1	1
5 2646	3 892	1	1
5 2646	3 3970	1	1
5 2646	7 797	1	1
5 2646	6 3093	1	1
5 2646	4 4433	1	1
5 2647	5 3878	1	1
5 2647	7 3089	1	1
5 2647	3 1485	1	1
5 2647	7 50	1	1
5 2647	3 3721	1	1
5 2647	6 2838	1	1
5 2648	3 1518	1	1
5 2648	1 4355	1	1
5 2648	3 3330	1	1
5 2648	1 4741	1	1
5 2648	7 4053	1	1
5 2648	3 2601	1	1
5 2649	5 4451	1	1
5 2649	3 2787	1	1
5 2649	2 4372	1	1
5 2649	4 4487	1	1
5 2649	4 933	1	1
5 2649	6 380	1	1
5 2650	2 1531	1	1
5 2650	1 1318	1	1
5 2650	1 884	1	1
5 2650	0 525	1	1
5 2650	1 1322	1	1
5 2650	6 75	1	1
5 2651	5 2844	1	1
5 2651	3 2258	1	1
5 2651	2 4490	1	1
5 2651	0 799	1	1
5 2651	6 3789	1	1
5 2651	3 2890	1	1
5 2652	5 4949	1	1
5 2652	5 1592	1	1
5 2652	4 3522	1	1
5 2652	6 3770	1	1
5 2652	6 374	1	1
5 2652	0 4195	1	1
5 2653	5 4597	1	1
5 2653	1 3650	1	1
5 2653	6 2643	1	1
5 2653	6 2543	1	1
5 2653	3 4309	1	1
5 2653	0 3622	1	1
5 2654	5 2327	1	1
5 2654	0 3981	1	1
5 2654	4 2628	1	1
5 2654	0 3140	1	1
5 2654	3 2567	1	1
5 2654	2 694	1	1
5 2655	5 4506	1	1
5 2655	7 2752	1	1
5 2655	3 1882	1	1
5 2655	3 3627	1	1
5 2655	7 3102	1	1
5 2655	7 980	1	1
5 2656	6 316	1	1
5 2656	7 1964	1	1
5 2656	6 1010	1	1
5 2656	4 3528	1	1
5 2656	2 1916	1	1
5 2656	7 2243	1	1
5 2657	5 1681	1	1
5 2657	6 136	1	1
5 2657	3 3215	1	1
5 2657	7 4642	1	1
5 2657	4 2630	1	1
5 2657	0 716	1	1
5 2658	5 4530	1	1
5 2658	5 558	1	1
5 2658	0 3721	1	1
5 2658	4 891	1	1
5 2658	0 4498	1	1
5 2658	0 3555	1	1
5 2659	4 3978	1	1
5 2659	7 1142	1	1
5 2659	1 4772	1	1
5 2659	7 2699	1	1
5 2659	4 141	1	1
5 2659	4 2161	1	1
5 2660	5 2008	1	1
5 2660	3 2983	1	1
5 2660	0 2947	1	1
5 2660	3 804	1	1
5 2660	4 3380	1	1
5 2660	7 2792	1	1
5 2661	5 953	1	1
5 2661	6 3314	1	1
5 2661	1 3234	1	1
5 2661	6 3726	1	1
5 2661	3 2923	1	1
5 2661	3 372	1	1
5 2662	1 3717	1	1
5 2662	2 4226	1	1
5 2662	7 1672	1	1
5 2662	2 2420	1	1
5 2662	3 3389	1	1
5 2662	2 3423	1	1
5 2663	5 1146	1	1
5 2663	1 4975	1	1
5 2663	4 69	1	1
5 2663	6 1332	1	1
5 2663	1 388	1	1
5 2663	3 3787	1	1
5 2664	5 4002	1	1
5 2664	4 1862	1	1
5 2664	7 4249	1	1
5 2664	4 3796	1	1
5 2664	3 4951	1	1
5 2664	1 4234	1	1
5 2665	4 4294	1	1
5 2665	3 2224	1	1
5 2665	1 916	1	1
5 2665	2 2742	1	1
5 2665	1 344	1	1
5 2665	6 1209	1	1
5 2666	1 4757	1	1
5 2666	0 48	1	1
5 2666	4 4517	1	1
5 2666	1 2898	1	1
5 2666	0 572	1	1
5 2666	1 4833	1	1
5 2667	3 4524	1	1
5 2667	6 3940	1	1
5 2667	0 3538	1	1
5 2667	4 3938	1	1
5 2667	4 1187	1	1
5 2667	0 2164	1	1
5 2668	5 4736	1	1
5 2668	5 2134	1	1
5 2668	5 387	1	1
5 2668	1 4611	1	1
5 2668	6 2483	1	1
5 2668	4 3366	1	1
5 2669	2 4261	1	1
5 2669	6 3497	1	1
5 2669	2 795	1	1
5 2669	2 3723	1	1
5 2669	2 1830	1	1
5 2669	1 3708	1	1
5 2670	6 2076	1	1
5 2670	4 4130	1	1
5 2670	7 3966	1	1
5 2670	7 2603	1	1
5 2670	3 3539	1	1
5 2670	4 2033	1	1
5 2671	5 822	1	1
5 2671	5 2255	1	1
5 2671	2 1556	1	1
5 2671	3 1873	1	1
5 2671	2 995	1	1
5 2671	3 2558	1	1
5 2672	5 2533	1	1
5 2672	1 3054	1	1
5 2672	6 3430	1	1
5 2672	7 2637	1	1
5 2672	7 4461	1	1
5 2672	0 3403	1	1
5 2673	6 3891	1	1
5 2673	2 407	1	1
5 2673	4 4245	1	1
5 2673	3 3708	1	1
5 2673	1 3982	1	1
5 2673	1 3710	1	1
5 2674	5 4990	1	1
5 2674	4 1579	1	1
5 2674	7 366	1	1
5 2674	7 4237	1	1
5 2674	2 61	1	1
5 2674	4 4372	1	1
5 2675	4 2373	1	1
5 2675	2 3699	1	1
5 2675	6 3028	1	1
5 2675	2 4882	1	1
5 2675	3 1241	1	1
5 2675	1 2652	1	1
5 2676	1 1146	1	1
5 2676	1 3441	1	1
5 2676	7 1821	1	1
5 2676	0 1743	1	1
5 2676	6 4413	1	1
5 2676	1 3937	1	1
5 2677	3 12	1	1
5 2677	3 2141	1	1
5 2677	1 313	1	1
5 2677	6 3658	1	1
5 2677	6 1223	1	1
5 2677	3 2562	1	1
5 2678	3 2924	1	1
5 2678	6 1079	1	1
5 2678	0 3973	1	1
5 2678	2 4024	1	1
5 2678	3 3707	1	1
5 2678	1 1800	1	1
5 2679	5 1593	1	1
5 2679	4 3798	1	1
5 2679	4 30	1	1
5 2679	1 127	1	1
5 2679	7 1157	1	1
5 2679	0 2565	1	1
5 2680	6 1322	1	1
5 2680	3 1465	1	1
5 2680	0 4909	1	1
5 2680	2 4305	1	1
5 2680	7 935	1	1
5 2680	6 3043	1	1
5 2681	7 4579	1	1
5 2681	3 1904	1	1
5 2681	6 4487	1	1
5 2681	0 3114	1	1
5 2681	7 759	1	1
5 2681	0 1660	1	1
5 2682	5 4578	1	1
5 2682	5 2275	1	1
5 2682	7 3849	1	1
5 2682	4 4921	1	1
5 2682	3 3445	1	1
5 2682	2 286	1	1
5 2683	6 4183	1	1
5 2683	0 2308	1	1
5 2683	3 3485	1	1
5 2683	6 3336	1	1
5 2683	2 1549	1	1
5 2683	7 192	1	1
5 2684	5 1282	1	1
5 2684	5 4737	1	1
5 2684	7 4036	1	1
5 2684	7 622	1	1
5 2684	2 4283	1	1
5 2684	4 2464	1	1
5 2685	4 2876	1	1
5 2685	3 4761	1	1
5 2685	1 4596	1	1
5 2685	2 1637	1	1
5 2685	4 1073	1	1
5 2685	1 3488	1	1
5 2686	5 1502	1	1
5 2686	4 193	1	1
5 2686	3 3987	1	1
5 2686	0 1015	1	1
5 2686	6 433	1	1
5 2686	7 3303	1	1
5 2687	5 3223	1	1
5 2687	2 3849	1	1
5 2687	0 159	1	1
5 2687	6 891	1	1
5 2687	1 4660	1	1
5 2687	0 1876	1	1
5 2688	4 2642	1	1
5 2688	6 1031	1	1
5 2688	3 174	1	1
5 2688	2 3446	1	1
5 2688	0 1001	1	1
5 2688	0 2517	1	1
5 2689	5 709	1	1
5 2689	3 976	1	1
5 2689	3 3670	1	1
5 2689	7 3924	1	1
5 2689	1 677	1	1
5 2689	6 3387	1	1
5 2690	5 2192	1	1
5 2690	0 3600	1	1
5 2690	1 4630	1	1
5 2690	2 123	1	1
5 2690	2 4876	1	1
5 2690	6 3977	1	1
5 2691	5 1485	1	1
5 2691	5 3462	1	1
5 2691	3 1428	1	1
5 2691	4 2126	1	1
5 2691	2 4575	1	1
5 2691	2 4033	1	1
5 2692	5 2530	1	1
5 2692	0 904	1	1
5 2692	4 607	1	1
5 2692	7 1239	1	1
5 2692	0 1859	1	1
5 2692	1 3501	1	1
5 2693	3 4695	1	1
5 2693	4 2880	1	1
5 2693	3 3949	1	1
5 2693	1 2659	1	1
5 2693	0 2532	1	1
5 2693	3 3063	1	1
5 2694	5 2617	1	1
5 2694	5 4519	1	1
5 2694	1 3747	1	1
5 2694	7 2314	1	1
5 2694	2 2272	1	1
5 2694	2 3953	1	1
5 2695	7 1858	1	1
5 2695	1 4929	1	1
5 2695	2 414	1	1
5 2695	0 1220	1	1
5 2695	0 3996	1	1
5 2695	3 1617	1	1
5 2696	7 794	1	1
5 2696	6 1253	1	1
5 2696	0 3313	1	1
5 2696	7 4597	1	1
5 2696	0 1279	1	1
5 2696	1 206	1	1
5 2697	0 4372	1	1
5 2697	3 1595	1	1
5 2697	0 1620	1	1
5 2697	7 1692	1	1
5 2697	3 3581	1	1
5 2697	3 91	1	1
5 2698	6 851	1	1
5 2698	3 4739	1	1
5 2698	1 2200	1	1
5 2698	7 1598	1	1
5 2698	2 3526	1	1
5 2698	6 3946	1	1
5 2699	5 3038	1	1
5 2699	5 3583	1	1
5 2699	5 4700	1	1
5 2699	2 2228	1	1
5 2699	6 2922	1	1
5 2699	6 3787	1	1
5 2700	5 2517	1	1
5 2700	5 3906	1	1
5 2700	5 2611	1	1
5 2700	7 2381	1	1
5 2700	4 362	1	1
5 2700	0 4897	1	1
5 2701	5 4514	1	1
5 2701	1 4138	1	1
5 2701	7 602	1	1
5 2701	6 203	1	1
5 2701	3 1038	1	1
5 2701	7 282	1	1
5 2702	5 247	1	1
5 2702	1 1140	1	1
5 2702	2 3924	1	1
5 2702	4 4332	1	1
5 2702	1 1799	1	1
5 2702	4 265	1	1
5 2703	5 1628	1	1
5 2703	5 3562	1	1
5 2703	4 3571	1	1
5 2703	2 948	1	1
5 2703	0 4481	1	1
5 2703	1 3001	1	1
5 2704	5 4972	1	1
5 2704	4 2403	1	1
5 2704	4 3842	1	1
5 2704	7 2013	1	1
5 2704	3 150	1	1
5 2704	6 4542	1	1
5 2705	2 3538	1	1
5 2705	7 56	1	1
5 2705	6 539	1	1
5 2705	7 786	1	1
5 2705	1 4470	1	1
5 2705	6 768	1	1
5 2706	3 66	1	1
5 2706	4 4875	1	1
5 2706	6 3468	1	1
5 2706	2 3017	1	1
5 2706	2 4862	1	1
5 2706	6 611	1	1
5 2707	5 2260	1	1
5 2707	2 1605	1	1
5 2707	2 2480	1	1
5 2707	1 2633	1	1
5 2707	2 2860	1	1
5 2707	2 2542	1	1
5 2708	5 1973	1	1
5 2708	4 783	1	1
5 2708	7 862	1	1
5 2708	4 2164	1	1
5 2708	7 2545	1	1
5 2708	1 2726	1	1
5 2709	5 4762	1	1
5 2709	6 1105	1	1
5 2709	1 1564	1	1
5 2709	7 3181	1	1
5 2709	1 3262	1	1
5 2709	2 3447	1	1
5 2710	2 3735	1	1
5 2710	7 2536	1	1
5 2710	3 3212	1	1
5 2710	6 2563	1	1
5 2710	7 3965	1	1
5 2710	2 3766	1	1
5 2711	2 1366	1	1
5 2711	2 4156	1	1
5 2711	4 4115	1	1
5 2711	7 1958	1	1
5 2711	0 3499	1	1
5 2711	0 3148	1	1
5 2712	5 3633	1	1
5 2712	5 951	1	1
5 2712	4 768	1	1
5 2712	4 3029	1	1
5 2712	7 1432	1	1
5 2712	3 725	1	1
5 2713	5 3584	1	1
5 2713	5 4855	1	1
5 2713	2 3760	1	1
5 2713	2 3445	1	1
5 2713	4 1349	1	1
5 2713	6 3403	1	1
5 2714	0 676	1	1
5 2714	1 185	1	1
5 2714	2 547	1	1
5 2714	1 1511	1	1
5 2714	4 44	1	1
5 2714	1 2925	1	1
5 2715	5 175	1	1
5 2715	6 694	1	1
5 2715	0 4054	1	1
5 2715	7 4533	1	1
5 2715	6 1186	1	1
5 2715	3 1521	1	1
5 2716	5 1949	1	1
5 2716	5 3173	1	1
5 2716	7 373	1	1
5 2716	0 1961	1	1
5 2716	1 3689	1	1
5 2716	7 4026	1	1
5 2717	2 3375	1	1
5 2717	6 4355	1	1
5 2717	4 3496	1	1
5 2717	7 2011	1	1
5 2717	7 1768	1	1
5 2717	2 684	1	1
5 2718	5 4902	1	1
5 2718	1 784	1	1
5 2718	1 1144	1	1
5 2718	6 704	1	1
5 2718	3 2049	1	1
5 2718	3 973	1	1
5 2719	5 3713	1	1
5 2719	6 830	1	1
5 2719	4 1302	1	1
5 2719	2 3273	1	1
5 2719	0 304	1	1
5 2719	2 1321	1	1
5 2720	7 1311	1	1
5 2720	1 1204	1	1
5 2720	2 1703	1	1
5 2720	0 4885	1	1
5 2720	4 4786	1	1
5 2720	3 2530	1	1
5 2721	5 342	1	1
5 2721	2 2005	1	1
5 2721	3 1876	1	1
5 2721	7 4335	1	1
5 2721	4 393	1	1
5 2721	6 4613	1	1
5 2722	5 1241	1	1
5 2722	5 1641	1	1
5 2722	2 688	1	1
5 2722	4 1971	1	1
5 2722	6 3575	1	1
5 2722	3 1979	1	1
5 2723	5 2484	1	1
5 2723	5 2131	1	1
5 2723	3 1139	1	1
5 2723	3 1547	1	1
5 2723	0 1341	1	1
5 2723	7 3701	1	1
5 2724	5 1962	1	1
5 2724	5 2921	1	1
5 2724	6 3413	1	1
5 2724	3 2313	1	1
5 2724	4 2568	1	1
5 2724	1 410	1	1
5 2725	4 4545	1	1
5 2725	3 371	1	1
5 2725	6 2714	1	1
5 2725	0 2338	1	1
5 2725	6 700	1	1
5 2725	3 2394	1	1
5 2726	5 350	1	1
5 2726	1 4713	1	1
5 2726	6 3447	1	1
5 2726	0 141	1	1
5 2726	3 448	1	1
5 2726	0 690	1	1
5 2727	5 4018	1	1
5 2727	0 4480	1	1
5 2727	4 4381	1	1
5 2727	7 138	1	1
5 2727	4 281	1	1
5 2727	3 1040	1	1
5 2728	4 229	1	1
5 2728	0 3673	1	1
5 2728	7 4785	1	1
5 2728	0 3167	1	1
5 2728	1 4768	1	1
5 2728	3 3802	1	1
5 2729	2 4915	1	1
5 2729	6 1958	1	1
5 2729	2 1994	1	1
5 2729	4 3404	1	1
5 2729	6 1455	1	1
5 2729	6 1929	1	1
5 2730	5 4774	1	1
5 2730	2 125	1	1
5 2730	1 1804	1	1
5 2730	6 4920	1	1
5 2730	0 661	1	1
5 2730	4 1783	1	1
5 2731	5 4861	1	1
5 2731	5 1765	1	1
5 2731	3 4873	1	1
5 2731	3 1129	1	1
5 2731	2 2321	1	1
5 2731	7 909	1	1
5 2732	3 3989	1	1
5 2732	4 175	1	1
5 2732	6 2040	1	1
5 2732	0 3453	1	1
5 2732	6 3243	1	1
5 2732	0 2113	1	1
5 2733	5 1508	1	1
5 2733	5 3795	1	1
5 2733	4 334	1	1
5 2733	0 2707	1	1
5 2733	0 4891	1	1
5 2733	0 3630	1	1
5 2734	4 3988	1	1
5 2734	4 518	1	1
5 2734	7 2967	1	1
5 2734	2 4551	1	1
5 2734	6 4044	1	1
5 2734	7 1628	1	1
5 2735	5 4495	1	1
5 2735	1 787	1	1
5 2735	3 4206	1	1
5 2735	0 3373	1	1
5 2735	3 3257	1	1
5 2735	1 1914	1	1
5 2736	5 1141	1	1
5 2736	2 880	1	1
5 2736	0 807	1	1
5 2736	4 301	1	1
5 2736	6 1128	1	1
5 2736	1 2509	1	1
5 2737	6 3846	1	1
5 2737	4 707	1	1
5 2737	6 2983	1	1
5 2737	2 2572	1	1
5 2737	4 2287	1	1
5 2737	6 4495	1	1
5 2738	6 2590	1	1
5 2738	3 3515	1	1
5 2738	2 234	1	1
5 2738	4 1498	1	1
5 2738	4 1176	1	1
5 2738	1 2512	1	1
5 2739	0 2666	1	1
5 2739	6 4096	1	1
5 2739	6 4698	1	1
5 2739	7 2655	1	1
5 2739	3 55	1	1
5 2739	1 1755	1	1
5 2740	5 2155	1	1
5 2740	2 4991	1	1
5 2740	0 4480	1	1
5 2740	7 3074	1	1
5 2740	1 1463	1	1
5 2740	2 99	1	1
5 2741	5 1941	1	1
5 2741	1 2060	1	1
5 2741	4 424	1	1
5 2741	1 2644	1	1
5 2741	1 500	1	1
5 2741	7 2848	1	1
5 2742	6 951	1	1
5 2742	3 2282	1	1
5 2742	7 1073	1	1
5 2742	1 793	1	1
5 2742	3 3734	1	1
5 2742	4 1612	1	1
5 2743	0 1618	1	1
5 2743	2 3134	1	1
5 2743	6 2600	1	1
5 2743	1 4897	1	1
5 2743	3 187	1	1
5 2743	7 4063	1	1
5 2744	5 4498	1	1
5 2744	1 463	1	1
5 2744	1 2780	1	1
5 2744	7 1537	1	1
5 2744	6 3999	1	1
5 2744	3 4307	1	1
5 2745	5 2800	1	1
5 2745	0 723	1	1
5 2745	4 1667	1	1
5 2745	7 529	1	1
5 2745	4 3686	1	1
5 2745	3 4050	1	1
5 2746	5 2627	1	1
5 2746	2 89	1	1
5 2746	1 1602	1	1
5 2746	2 4674	1	1
5 2746	2 4418	1	1
5 2746	4 2381	1	1
5 2747	5 1384	1	1
5 2747	2 3831	1	1
5 2747	2 2948	1	1
5 2747	6 2885	1	1
5 2747	2 69	1	1
5 2747	1 3944	1	1
5 2748	5 4532	1	1
5 2748	5 1147	1	1
5 2748	5 1013	1	1
5 2748	7 2322	1	1
5 2748	1 1651	1	1
5 2748	7 2737	1	1
5 2749	2 915	1	1
5 2749	0 4628	1	1
5 2749	4 3378	1	1
5 2749	0 1140	1	1
5 2749	1 1844	1	1
5 2749	4 1981	1	1
5 2750	2 1201	1	1
5 2750	7 1597	1	1
5 2750	6 1631	1	1
5 2750	1 3453	1	1
5 2750	2 2383	1	1
5 2750	3 4901	1	1
5 2751	5 4656	1	1
5 2751	6 1253	1	1
5 2751	3 3597	1	1
5 2751	0 2364	1	1
5 2751	2 3610	1	1
5 2751	7 3959	1	1
5 2752	5 2598	1	1
5 2752	3 3902	1	1
5 2752	2 2660	1	1
5 2752	2 4132	1	1
5 2752	1 1388	1	1
5 2752	4 1605	1	1
5 2753	5 3862	1	1
5 2753	6 4166	1	1
5 2753	7 3685	1	1
5 2753	3 2771	1	1
5 2753	6 3942	1	1
5 2753	3 4717	1	1
5 2754	7 4777	1	1
5 2754	7 4713	1	1
5 2754	1 4615	1	1
5 2754	1 2972	1	1
5 2754	1 2486	1	1
5 2754	2 4090	1	1
5 2755	5 523	1	1
5 2755	0 2789	1	1
5 2755	4 1168	1	1
5 2755	7 919	1	1
5 2755	0 754	1	1
5 2755	0 2966	1	1
5 2756	5 858	1	1
5 2756	5 4068	1	1
5 2756	0 2101	1	1
5 2756	3 3318	1	1
5 2756	0 850	1	1
5 2756	4 1713	1	1
5 2757	4 3986	1	1
5 2757	3 3564	1	1
5 2757	3 678	1	1
5 2757	1 3516	1	1
5 2757	3 2512	1	1
5 2757	7 2440	1	1
5 2758	5 3892	1	1
5 2758	4 3367	1	1
5 2758	2 725	1	1
5 2758	4 927	1	1
5 2758	4 4584	1	1
5 2758	2 3691	1	1
5 2759	5 2652	1	1
5 2759	5 2443	1	1
5 2759	1 2672	1	1
5 2759	2 134	1	1
5 2759	3 926	1	1
5 2759	2 4186	1	1
5 2760	3 160	1	1
5 2760	1 4535	1	1
5 2760	7 1777	1	1
5 2760	4 1303	1	1
5 2760	7 4164	1	1
5 2760	6 66	1	1
5 2761	5 2224	1	1
5 2761	1 4693	1	1
5 2761	1 859	1	1
5 2761	1 1692	1	1
5 2761	3 4083	1	1
5 2761	0 1203	1	1
5 2762	0 4184	1	1
5 2762	3 3474	1	1
5 2762	7 3403	1	1
5 2762	2 4786	1	1
5 2762	2 1163	1	1
5 2762	3 1211	1	1
5 2763	5 2197	1	1
5 2763	3 3231	1	1
5 2763	2 1562	1	1
5 2763	6 3958	1	1
5 2763	2 1810	1	1
5 2763	7 2484	1	1
5 2764	5 740	1	1
5 2764	5 4	1	1
5 2764	6 3901	1	1
5 2764	7 1971	1	1
5 2764	2 2830	1	1
5 2764	4 984	1	1
5 2765	5 239	1	1
5 2765	6 2731	1	1
5 2765	6 693	1	1
5 2765	4 2528	1	1
5 2765	1 1046	1	1
5 2765	6 2584	1	1
5 2766	3 3420	1	1
5 2766	7 1933	1	1
5 2766	2 796	1	1
5 2766	6 180	1	1
5 2766	2 3668	1	1
5 2766	6 2032	1	1
5 2767	0 424	1	1
5 2767	0 2620	1	1
5 2767	1 4517	1	1
5 2767	1 4210	1	1
5 2767	4 2321	1	1
5 2767	4 2765	1	1
5 2768	1 2206	1	1
5 2768	7 3911	1	1
5 2768	4 2588	1	1
5 2768	2 417	1	1
5 2768	7 3284	1	1
5 2768	7 708	1	1
5 2769	5 4133	1	1
5 2769	3 1953	1	1
5 2769	4 2369	1	1
5 2769	6 4702	1	1
5 2769	1 2061	1	1
5 2769	0 4450	1	1
5 2770	5 4067	1	1
5 2770	2 1974	1	1
5 2770	2 2962	1	1
5 2770	1 3695	1	1
5 2770	4 1180	1	1
5 2770	4 3410	1	1
5 2771	5 2309	1	1
5 2771	1 4888	1	1
5 2771	4 490	1	1
5 2771	0 555	1	1
5 2771	2 4681	1	1
5 2771	1 539	1	1
5 2772	5 4380	1	1
5 2772	3 1426	1	1
5 2772	0 4862	1	1
5 2772	4 3320	1	1
5 2772	3 3317	1	1
5 2772	2 156	1	1
5 2773	5 2528	1	1
5 2773	6 2075	1	1
5 2773	3 296	1	1
5 2773	3 633	1	1
5 2773	2 4734	1	1
5 2773	4 450	1	1
5 2774	1 4079	1	1
5 2774	3 2319	1	1
5 2774	2 2951	1	1
5 2774	3 1084	1	1
5 2774	0 16	1	1
5 2774	6 4281	1	1
5 2775	7 1886	1	1
5 2775	7 2344	1	1
5 2775	7 960	1	1
5 2775	1 1605	1	1
5 2775	2 4483	1	1
5 2775	4 3317	1	1
5 2776	0 41	1	1
5 2776	6 4687	1	1
5 2776	4 991	1	1
5 2776	1 2146	1	1
5 2776	3 1078	1	1
5 2776	1 2203	1	1
5 2777	5 2797	1	1
5 2777	5 4212	1	1
5 2777	0 2245	1	1
5 2777	2 2309	1	1
5 2777	7 1646	1	1
5 2777	2 500	1	1
5 2778	6 3536	1	1
5 2778	2 2641	1	1
5 2778	1 2346	1	1
5 2778	0 4112	1	1
5 2778	4 3352	1	1
5 2778	1 3971	1	1
5 2779	5 2886	1	1
5 2779	2 2346	1	1
5 2779	7 926	1	1
5 2779	4 667	1	1
5 2779	4 3069	1	1
5 2779	6 3929	1	1
5 2780	7 3766	1	1
5 2780	3 1290	1	1
5 2780	7 4970	1	1
5 2780	2 2240	1	1
5 2780	4 3985	1	1
5 2780	6 1465	1	1
5 2781	5 4663	1	1
5 2781	5 2139	1	1
5 2781	7 1230	1	1
5 2781	4 2917	1	1
5 2781	4 1063	1	1
5 2781	2 905	1	1
5 2782	5 4506	1	1
5 2782	3 1428	1	1
5 2782	2 2262	1	1
5 2782	2 2351	1	1
5 2782	1 3428	1	1
5 2782	7 2599	1	1
5 2783	6 2952	1	1
5 2783	7 1529	1	1
5 2783	2 4127	1	1
5 2783	3 2861	1	1
5 2783	1 4048	1	1
5 2783	0 847	1	1
5 2784	5 2987	1	1
5 2784	7 1960	1	1
5 2784	2 451	1	1
5 2784	6 3558	1	1
5 2784	1 3358	1	1
5 2784	6 2478	1	1
5 2785	5 139	1	1
5 2785	5 4500	1	1
5 2785	4 2717	1	1
5 2785	3 3351	1	1
5 2785	0 763	1	1
5 2785	2 609	1	1
5 2786	5 146	1	1
5 2786	7 181	1	1
5 2786	3 208	1	1
5 2786	2 1885	1	1
5 2786	2 4827	1	1
5 2786	4 3140	1	1
5 2787	4 4667	1	1
5 2787	6 2171	1	1
5 2787	2 3311	1	1
5 2787	2 2204	1	1
5 2787	7 2458	1	1
5 2787	1 1614	1	1
5 2788	5 762	1	1
5 2788	6 1291	1	1
5 2788	2 3453	1	1
5 2788	3 4342	1	1
5 2788	3 1720	1	1
5 2788	4 732	1	1
5 2789	5 1321	1	1
5 2789	5 3546	1	1
5 2789	5 3194	1	1
5 2789	3 4073	1	1
5 2789	1 2210	1	1
5 2789	4 3387	1	1
5 2790	5 1723	1	1
5 2790	7 3700	1	1
5 2790	4 2354	1	1
5 2790	0 3199	1	1
5 2790	6 4499	1	1
5 2790	1 1940	1	1
5 2791	5 645	1	1
5 2791	5 4998	1	1
5 2791	5 18	1	1
5 2791	2 4993	1	1
5 2791	7 1240	1	1
5 2791	0 1584	1	1
5 2792	5 4123	1	1
5 2792	3 2790	1	1
5 2792	3 3860	1	1
5 2792	6 3018	1	1
5 2792	6 718	1	1
5 2792	6 4684	1	1
5 2793	5 1857	1	1
5 2793	4 1253	1	1
5 2793	2 2077	1	1
5 2793	4 4042	1	1
5 2793	0 935	1	1
5 2793	4 359	1	1
5 2794	3 1396	1	1
5 2794	7 3748	1	1
5 2794	6 2108	1	1
5 2794	3 2291	1	1
5 2794	0 2913	1	1
5 2794	7 839	1	1
5 2795	5 2589	1	1
5 2795	7 3623	1	1
5 2795	3 2386	1	1
5 2795	0 1629	1	1
5 2795	2 4436	1	1
5 2795	2 1613	1	1
5 2796	1 2415	1	1
5 2796	0 4563	1	1
5 2796	7 2220	1	1
5 2796	2 120	1	1
5 2796	4 1605	1	1
5 2796	3 4982	1	1
5 2797	5 4260	1	1
5 2797	5 2018	1	1
5 2797	5 3507	1	1
5 2797	4 3079	1	1
5 2797	3 1599	1	1
5 2797	7 2543	1	1
5 2798	5 4120	1	1
5 2798	0 2057	1	1
5 2798	1 1748	1	1
5 2798	4 4040	1	1
5 2798	2 4880	1	1
5 2798	1 2670	1	1
5 2799	5 675	1	1
5 2799	5 1694	1	1
5 2799	0 4416	1	1
5 2799	2 2223	1	1
5 2799	3 3985	1	1
5 2799	4 3022	1	1
5 2800	5 2106	1	1
5 2800	5 857	1	1
5 2800	1 3416	1	1
5 2800	3 1057	1	1
5 2800	7 4042	1	1
5 2800	7 4081	1	1
5 2801	5 158	1	1
5 2801	0 3161	1	1
5 2801	0 2090	1	1
5 2801	2 2488	1	1
5 2801	2 2883	1	1
5 2801	3 3252	1	1
5 2802	5 2204	1	1
5 2802	4 1024	1	1
5 2802	0 3756	1	1
5 2802	6 4247	1	1
5 2802	7 2291	1	1
5 2802	2 1527	1	1
5 2803	5 3376	1	1
5 2803	7 3229	1	1
5 2803	0 1009	1	1
5 2803	6 957	1	1
5 2803	1 4636	1	1
5 2803	3 2111	1	1
5 2804	6 1649	1	1
5 2804	4 615	1	1
5 2804	2 2721	1	1
5 2804	3 2528	1	1
5 2804	4 4108	1	1
5 2804	7 1940	1	1
5 2805	5 3437	1	1
5 2805	2 1527	1	1
5 2805	6 1434	1	1
5 2805	2 4970	1	1
5 2805	2 2506	1	1
5 2805	4 2012	1	1
5 2806	5 718	1	1
5 2806	7 2515	1	1
5 2806	0 1088	1	1
5 2806	3 2175	1	1
5 2806	6 3468	1	1
5 2806	1 4378	1	1
5 2807	5 2437	1	1
5 2807	5 4084	1	1
5 2807	0 3296	1	1
5 2807	6 1876	1	1
5 2807	2 3515	1	1
5 2807	6 837	1	1
5 2808	3 507	1	1
5 2808	4 565	1	1
5 2808	6 1323	1	1
5 2808	6 4641	1	1
5 2808	1 1793	1	1
5 2808	6 1701	1	1
5 2809	3 783	1	1
5 2809	0 2069	1	1
5 2809	2 1156	1	1
5 2809	4 2359	1	1
5 2809	4 991	1	1
5 2809	3 1486	1	1
5 2810	1 1834	1	1
5 2810	6 1798	1	1
5 2810	7 2121	1	1
5 2810	6 262	1	1
5 2810	6 484	1	1
5 2810	3 1997	1	1
5 2811	3 3801	1	1
5 2811	0 2529	1	1
5 2811	7 105	1	1
5 2811	2 398	1	1
5 2811	7 3243	1	1
5 2811	2 744	1	1
5 2812	5 1935	1	1
5 2812	4 4659	1	1
5 2812	3 1231	1	1
5 2812	6 4645	1	1
5 2812	3 1743	1	1
5 2812	7 1561	1	1
5 2813	5 2005	1	1
5 2813	5 4304	1	1
5 2813	3 3124	1	1
5 2813	7 2091	1	1
5 2813	2 1726	1	1
5 2813	6 3058	1	1
5 2814	4 4651	1	1
5 2814	2 1276	1	1
5 2814	6 2344	1	1
5 2814	4 3564	1	1
5 2814	4 4462	1	1
5 2814	0 3611	1	1
5 2815	3 1664	1	1
5 2815	3 35	1	1
5 2815	0 2155	1	1
5 2815	0 2669	1	1
5 2815	2 1981	1	1
5 2815	7 4838	1	1
5 2816	5 4634	1	1
5 2816	6 4648	1	1
5 2816	2 4224	1	1
5 2816	4 1237	1	1
5 2816	0 3942	1	1
5 2816	0 2738	1	1
5 2817	5 2855	1	1
5 2817	2 3106	1	1
5 2817	4 2360	1	1
5 2817	2 1983	1	1
5 2817	7 2022	1	1
5 2817	2 957	1	1
5 2818	5 2152	1	1
5 2818	0 2971	1	1
5 2818	4 4689	1	1
5 2818	3 658	1	1
5 2818	6 2752	1	1
5 2818	6 460	1	1
5 2819	5 3599	1	1
5 2819	2 416	1	1
5 2819	0 2010	1	1
5 2819	1 1884	1	1
5 2819	7 365	1	1
5 2819	6 4329	1	1
5 2820	5 627	1	1
5 2820	4 4821	1	1
5 2820	4 1061	1	1
5 2820	7 3822	1	1
5 2820	3 3027	1	1
5 2820	2 3521	1	1
5 2821	5 4264	1	1
5 2821	5 3648	1	1
5 2821	3 1313	1	1
5 2821	6 4381	1	1
5 2821	0 4531	1	1
5 2821	2 498	1	1
5 2822	5 4389	1	1
5 2822	2 1151	1	1
5 2822	2 4513	1	1
5 2822	4 788	1	1
5 2822	7 4657	1	1
5 2822	4 1096	1	1
5 2823	7 2999	1	1
5 2823	0 992	1	1
5 2823	3 1984	1	1
5 2823	6 4064	1	1
5 2823	2 3523	1	1
5 2823	7 3274	1	1
5 2824	5 3972	1	1
5 2824	6 3361	1	1
5 2824	6 4548	1	1
5 2824	6 4687	1	1
5 2824	6 1734	1	1
5 2824	6 2946	1	1
5 2825	6 652	1	1
5 2825	6 4756	1	1
5 2825	1 2480	1	1
5 2825	4 3524	1	1
5 2825	7 4202	1	1
5 2825	7 1388	1	1
5 2826	0 593	1	1
5 2826	3 1043	1	1
5 2826	6 1278	1	1
5 2826	4 3683	1	1
5 2826	4 3149	1	1
5 2826	4 4042	1	1
5 2827	7 3184	1	1
5 2827	1 3629	1	1
5 2827	3 1983	1	1
5 2827	3 4733	1	1
5 2827	1 2791	1	1
5 2827	3 3195	1	1
5 2828	7 281	1	1
5 2828	3 4992	1	1
5 2828	2 2794	1	1
5 2828	4 191	1	1
5 2828	2 4049	1	1
5 2828	2 3345	1	1
5 2829	5 3977	1	1
5 2829	5 4222	1	1
5 2829	0 1148	1	1
5 2829	0 2722	1	1
5 2829	7 2698	1	1
5 2829	0 4970	1	1
5 2830	3 1242	1	1
5 2830	7 455	1	1
5 2830	2 4763	1	1
5 2830	6 1266	1	1
5 2830	1 4953	1	1
5 2830	4 3816	1	1
5 2831	5 2754	1	1
5 2831	5 1924	1	1
5 2831	6 1982	1	1
5 2831	1 4499	1	1
5 2831	6 4296	1	1
5 2831	4 1574	1	1
5 2832	7 2836	1	1
5 2832	3 407	1	1
5 2832	6 3998	1	1
5 2832	3 392	1	1
5 2832	0 4715	1	1
5 2832	2 3602	1	1
5 2833	5 4228	1	1
5 2833	5 3635	1	1
5 2833	6 1721	1	1
5 2833	0 2202	1	1
5 2833	1 881	1	1
5 2833	4 3767	1	1
5 2834	5 3023	1	1
5 2834	7 4833	1	1
5 2834	2 2817	1	1
5 2834	4 3318	1	1
5 2834	1 1680	1	1
5 2834	2 1080	1	1
5 2835	6 662	1	1
5 2835	4 4233	1	1
5 2835	0 2976	1	1
5 2835	4 3727	1	1
5 2835	1 3471	1	1
5 2835	3 4839	1	1
5 2836	5 2649	1	1
5 2836	2 1846	1	1
5 2836	0 3012	1	1
5 2836	2 5	1	1
5 2836	6 4468	1	1
5 2836	7 1156	1	1
5 2837	5 3120	1	1
5 2837	5 3946	1	1
5 2837	7 4802	1	1
5 2837	4 1066	1	1
5 2837	3 4185	1	1
5 2837	6 1169	1	1
5 2838	5 3475	1	1
5 2838	5 1342	1	1
5 2838	1 4868	1	1
5 2838	2 2954	1	1
5 2838	2 3811	1	1
5 2838	1 246	1	1
5 2839	5 3058	1	1
5 2839	6 3345	1	1
5 2839	2 2179	1	1
5 2839	3 1135	1	1
5 2839	3 2402	1	1
5 2839	6 661	1	1
5 2840	7 4418	1	1
5 2840	3 2009	1	1
5 2840	6 109	1	1
5 2840	3 2786	1	1
5 2840	7 1256	1	1
5 2840	0 1595	1	1
5 2841	7 2021	1	1
5 2841	4 4976	1	1
5 2841	2 3681	1	1
5 2841	6 3901	1	1
5 2841	0 3158	1	1
5 2841	2 3913	1	1
5 2842	5 574	1	1
5 2842	2 2325	1	1
5 2842	4 2620	1	1
5 2842	6 2621	1	1
5 2842	4 2493	1	1
5 2842	7 2994	1	1
5 2843	5 4905	1	1
5 2843	2 4259	1	1
5 2843	0 4207	1	1
5 2843	7 2024	1	1
5 2843	3 2663	1	1
5 2843	7 343	1	1
5 2844	2 3392	1	1
5 2844	1 1529	1	1
5 2844	0 2806	1	1
5 2844	6 194	1	1
5 2844	2 32	1	1
5 2844	0 204	1	1
5 2845	3 1840	1	1
5 2845	4 2332	1	1
5 2845	7 4762	1	1
5 2845	7 1850	1	1
5 2845	0 1733	1	1
5 2845	7 4149	1	1
5 2846	6 1117	1	1
5 2846	3 3470	1	1
5 2846	2 1078	1	1
5 2846	1 3	1	1
5 2846	6 969	1	1
5 2846	1 199	1	1
5 2847	6 2454	1	1
5 2847	4 1095	1	1
5 2847	6 4379	1	1
5 2847	2 3780	1	1
5 2847	6 68	1	1
5 2847	3 4396	1	1
5 2848	0 2989	1	1
5 2848	2 3473	1	1
5 2848	6 4190	1	1
5 2848	7 3158	1	1
5 2848	3 1650	1	1
5 2848	7 917	1	1
5 2849	5 1259	1	1
5 2849	7 444	1	1
5 2849	0 2740	1	1
5 2849	1 4548	1	1
5 2849	3 2279	1	1
5 2849	3 1368	1	1
5 2850	5 1221	1	1
5 2850	1 3075	1	1
5 2850	7 4285	1	1
5 2850	1 1095	1	1
5 2850	6 3999	1	1
5 2850	2 1950	1	1
5 2851	1 149	1	1
5 2851	6 4050	1	1
5 2851	4 2886	1	1
5 2851	1 895	1	1
5 2851	0 896	1	1
5 2851	2 3899	1	1
5 2852	5 3841	1	1
5 2852	7 5000	1	1
5 2852	6 2744	1	1
5 2852	7 3803	1	1
5 2852	6 1832	1	1
5 2852	0 1249	1	1
5 2853	5 3329	1	1
5 2853	2 1005	1	1
5 2853	2 4519	1	1
5 2853	2 1170	1	1
5 2853	1 1393	1	1
5 2853	6 545	1	1
5 2854	2 3047	1	1
5 2854	4 1863	1	1
5 2854	2 1525	1	1
5 2854	4 391	1	1
5 2854	0 4782	1	1
5 2854	0 2469	1	1
5 2855	5 1843	1	1
5 2855	1 4320	1	1
5 2855	3 4487	1	1
5 2855	2 4332	1	1
5 2855	1 867	1	1
5 2855	6 2335	1	1
5 2856	2 2698	1	1
5 2856	0 3903	1	1
5 2856	7 2398	1	1
5 2856	2 3247	1	1
5 2856	3 502	1	1
5 2856	7 3625	1	1
5 2857	6 4886	1	1
5 2857	4 2868	1	1
5 2857	6 1244	1	1
5 2857	0 2532	1	1
5 2857	2 3130	1	1
5 2857	3 1464	1	1
5 2858	1 4510	1	1
5 2858	3 1313	1	1
5 2858	7 4291	1	1
5 2858	2 135	1	1
5 2858	3 4131	1	1
5 2858	2 2686	1	1
5 2859	5 2012	1	1
5 2859	0 3544	1	1
5 2859	0 4998	1	1
5 2859	6 2146	1	1
5 2859	4 4574	1	1
5 2859	3 2349	1	1
5 2860	5 3913	1	1
5 2860	5 1496	1	1
5 2860	1 4691	1	1
5 2860	1 1775	1	1
5 2860	3 3976	1	1
5 2860	0 1744	1	1
5 2861	5 1791	1	1
5 2861	4 1192	1	1
5 2861	0 458	1	1
5 2861	4 2488	1	1
5 2861	7 2911	1	1
5 2861	6 3924	1	1
5 2862	5 2699	1	1
5 2862	7 4341	1	1
5 2862	2 4165	1	1
5 2862	2 1602	1	1
5 2862	0 1694	1	1
5 2862	6 2424	1	1
5 2863	2 1114	1	1
5 2863	6 2803	1	1
5 2863	3 2860	1	1
5 2863	3 4085	1	1
5 2863	3 2116	1	1
5 2863	1 1150	1	1
5 2864	5 4593	1	1
5 2864	5 2502	1	1
5 2864	7 3558	1	1
5 2864	4 4274	1	1
5 2864	4 4679	1	1
5 2864	6 4887	1	1
5 2865	5 4295	1	1
5 2865	3 1596	1	1
5 2865	3 2878	1	1
5 2865	4 2571	1	1
5 2865	3 2137	1	1
5 2865	3 3155	1	1
5 2866	5 3763	1	1
5 2866	5 4615	1	1
5 2866	2 2273	1	1
5 2866	1 4560	1	1
5 2866	2 3168	1	1
5 2866	7 4830	1	1
5 2867	5 4460	1	1
5 2867	1 3650	1	1
5 2867	7 4215	1	1
5 2867	3 2198	1	1
5 2867	1 2752	1	1
5 2867	4 3402	1	1
5 2868	3 1931	1	1
5 2868	1 1674	1	1
5 2868	1 3991	1	1
5 2868	6 3106	1	1
5 2868	1 493	1	1
5 2868	1 3660	1	1
5 2869	1 3515	1	1
5 2869	6 2460	1	1
5 2869	3 3746	1	1
5 2869	2 2977	1	1
5 2869	1 3584	1	1
5 2869	0 1150	1	1
5 2870	5 3756	1	1
5 2870	4 40	1	1
5 2870	6 1797	1	1
5 2870	7 4338	1	1
5 2870	1 3061	1	1
5 2870	3 4626	1	1
5 2871	6 1157	1	1
5 2871	3 1317	1	1
5 2871	6 3129	1	1
5 2871	3 3945	1	1
5 2871	1 2816	1	1
5 2871	0 4819	1	1
5 2872	5 295	1	1
5 2872	5 1233	1	1
5 2872	5 4213	1	1
5 2872	6 4306	1	1
5 2872	4 2572	1	1
5 2872	7 78	1	1
5 2873	7 3718	1	1
5 2873	7 694	1	1
5 2873	1 1762	1	1
5 2873	3 51	1	1
5 2873	2 1717	1	1
5 2873	3 863	1	1
5 2874	5 4104	1	1
5 2874	2 1697	1	1
5 2874	1 2662	1	1
5 2874	4 4765	1	1
5 2874	2 2666	1	1
5 2874	1 2665	1	1
5 2875	5 3754	1	1
5 2875	1 4527	1	1
5 2875	0 3622	1	1
5 2875	1 862	1	1
5 2875	2 3777	1	1
5 2875	3 3392	1	1
5 2876	4 370	1	1
5 2876	7 2581	1	1
5 2876	2 4089	1	1
5 2876	6 284	1	1
5 2876	7 1589	1	1
5 2876	0 1868	1	1
5 2877	7 4386	1	1
5 2877	6 3414	1	1
5 2877	3 2258	1	1
5 2877	6 4523	1	1
5 2877	1 994	1	1
5 2877	3 3256	1	1
5 2878	1 258	1	1
5 2878	0 1985	1	1
5 2878	7 1063	1	1
5 2878	4 243	1	1
5 2878	2 3849	1	1
5 2878	1 4084	1	1
5 2879	5 470	1	1
5 2879	5 382	1	1
5 2879	4 3784	1	1
5 2879	7 4369	1	1
5 2879	2 1652	1	1
5 2879	4 3241	1	1
5 2880	0 1994	1	1
5 2880	6 4271	1	1
5 2880	2 2246	1	1
5 2880	0 2803	1	1
5 2880	6 4517	1	1
5 2880	0 3764	1	1
5 2881	5 4582	1	1
5 2881	4 1816	1	1
5 2881	7 1291	1	1
5 2881	2 768	1	1
5 2881	2 4704	1	1
5 2881	3 1177	1	1
5 2882	0 2335	1	1
5 2882	3 3328	1	1
5 2882	3 1620	1	1
5 2882	3 2979	1	1
5 2882	3 345	1	1
5 2882	3 3041	1	1
5 2883	5 1292	1	1
5 2883	0 292	1	1
5 2883	3 2464	1	1
5 2883	7 2430	1	1
5 2883	1 2637	1	1
5 2883	0 633	1	1
5 2884	6 195	1	1
5 2884	6 3405	1	1
5 2884	4 2748	1	1
5 2884	7 1123	1	1
5 2884	1 344	1	1
5 2884	2 1649	1	1
5 2885	0 1229	1	1
5 2885	3 1015	1	1
5 2885	4 4179	1	1
5 2885	2 4524	1	1
5 2885	3 2234	1	1
5 2885	1 4495	1	1
5 2886	5 1103	1	1
5 2886	7 3487	1	1
5 2886	7 3120	1	1
5 2886	3 2796	1	1
5 2886	0 369	1	1
5 2886	6 1213	1	1
5 2887	7 1070	1	1
5 2887	4 2764	1	1
5 2887	2 3442	1	1
5 2887	1 3825	1	1
5 2887	1 3788	1	1
5 2887	1 162	1	1
5 2888	5 3741	1	1
5 2888	1 1938	1	1
5 2888	6 2559	1	1
5 2888	7 3997	1	1
5 2888	1 2461	1	1
5 2888	6 1960	1	1
5 2889	5 620	1	1
5 2889	3 1259	1	1
5 2889	7 1128	1	1
5 2889	3 4446	1	1
5 2889	7 905	1	1
5 2889	6 3385	1	1
5 2890	5 4825	1	1
5 2890	3 2015	1	1
5 2890	7 1288	1	1
5 2890	4 4852	1	1
5 2890	2 2525	1	1
5 2890	1 1931	1	1
5 2891	7 3407	1	1
5 2891	0 3853	1	1
5 2891	3 2808	1	1
5 2891	7 141	1	1
5 2891	1 4875	1	1
5 2891	4 1884	1	1
5 2892	4 1394	1	1
5 2892	4 4219	1	1
5 2892	1 4450	1	1
5 2892	1 2275	1	1
5 2892	1 1216	1	1
5 2892	1 2594	1	1
5 2893	7 3330	1	1
5 2893	0 4696	1	1
5 2893	7 1584	1	1
5 2893	0 4820	1	1
5 2893	3 2058	1	1
5 2893	2 2094	1	1
5 2894	5 1142	1	1
5 2894	2 4921	1	1
5 2894	0 1722	1	1
5 2894	4 1185	1	1
5 2894	3 1425	1	1
5 2894	7 3961	1	1
5 2895	5 2292	1	1
5 2895	1 4224	1	1
5 2895	6 3427	1	1
5 2895	7 539	1	1
5 2895	1 2304	1	1
5 2895	4 2658	1	1
5 2896	5 419	1	1
5 2896	3 2118	1	1
5 2896	6 94	1	1
5 2896	7 3870	1	1
5 2896	0 926	1	1
5 2896	2 4624	1	1
5 2897	5 1444	1	1
5 2897	5 530	1	1
5 2897	2 2764	1	1
5 2897	7 4939	1	1
5 2897	7 4206	1	1
5 2897	1 995	1	1
5 2898	3 1449	1	1
5 2898	0 2174	1	1
5 2898	1 3260	1	1
5 2898	3 3115	1	1
5 2898	7 2289	1	1
5 2898	7 4100	1	1
5 2899	3 2143	1	1
5 2899	2 2523	1	1
5 2899	6 2018	1	1
5 2899	7 4428	1	1
5 2899	1 4195	1	1
5 2899	4 1471	1	1
5 2900	4 1006	1	1
5 2900	7 1888	1	1
5 2900	4 337	1	1
5 2900	1 747	1	1
5 2900	6 4930	1	1
5 2900	6 2444	1	1
5 2901	6 3184	1	1
5 2901	3 1789	1	1
5 2901	4 907	1	1
5 2901	7 2194	1	1
5 2901	6 224	1	1
5 2901	2 4086	1	1
5 2902	4 3802	1	1
5 2902	6 976	1	1
5 2902	3 1928	1	1
5 2902	6 800	1	1
5 2902	0 1106	1	1
5 2902	7 236	1	1
5 2903	5 1612	1	1
5 2903	4 617	1	1
5 2903	2 3097	1	1
5 2903	2 3516	1	1
5 2903	1 1751	1	1
5 2903	1 3542	1	1
5 2904	1 1619	1	1
5 2904	4 737	1	1
5 2904	6 1957	1	1
5 2904	3 2085	1	1
5 2904	2 4947	1	1
5 2904	1 1604	1	1
5 2905	5 304	1	1
5 2905	1 1875	1	1
5 2905	1 4647	1	1
5 2905	3 2038	1	1
5 2905	0 546	1	1
5 2905	0 1782	1	1
5 2906	4 4753	1	1
5 2906	7 1657	1	1
5 2906	3 2592	1	1
5 2906	3 4971	1	1
5 2906	7 4977	1	1
5 2906	4 4154	1	1
5 2907	4 2517	1	1
5 2907	3 4218	1	1
5 2907	3 634	1	1
5 2907	0 1740	1	1
5 2907	0 2931	1	1
5 2907	2 4804	1	1
5 2908	5 4950	1	1
5 2908	7 1409	1	1
5 2908	1 2284	1	1
5 2908	7 3797	1	1
5 2908	2 3523	1	1
5 2908	6 4792	1	1
5 2909	5 3668	1	1
5 2909	4 513	1	1
5 2909	7 4022	1	1
5 2909	2 224	1	1
5 2909	2 1314	1	1
5 2909	4 4410	1	1
5 2910	6 448	1	1
5 2910	1 129	1	1
5 2910	4 2478	1	1
5 2910	2 1908	1	1
5 2910	7 3847	1	1
5 2910	4 3082	1	1
5 2911	0 1265	1	1
5 2911	0 2647	1	1
5 2911	2 4178	1	1
5 2911	1 3570	1	1
5 2911	7 350	1	1
5 2911	6 3092	1	1
5 2912	6 1769	1	1
5 2912	2 4455	1	1
5 2912	6 1614	1	1
5 2912	4 4301	1	1
5 2912	6 835	1	1
5 2912	0 2689	1	1
5 2913	1 1899	1	1
5 2913	0 2053	1	1
5 2913	7 4519	1	1
5 2913	6 3991	1	1
5 2913	7 4143	1	1
5 2913	0 2406	1	1
5 2914	5 4935	1	1
5 2914	0 3854	1	1
5 2914	1 392	1	1
5 2914	4 1620	1	1
5 2914	2 4120	1	1
5 2914	7 2260	1	1
5 2915	5 4271	1	1
5 2915	0 2223	1	1
5 2915	0 3301	1	1
5 2915	6 188	1	1
5 2915	1 1708	1	1
5 2915	7 4875	1	1
5 2916	5 1422	1	1
5 2916	5 2231	1	1
5 2916	3 840	1	1
5 2916	1 4794	1	1
5 2916	7 2755	1	1
5 2916	3 4650	1	1
5 2917	5 2726	1	1
5 2917	5 1842	1	1
5 2917	5 3048	1	1
5 2917	3 4599	1	1
5 2917	1 2168	1	1
5 2917	0 447	1	1
5 2918	6 476	1	1
5 2918	7 2932	1	1
5 2918	0 1706	1	1
5 2918	3 3164	1	1
5 2918	4 4462	1	1
5 2918	6 4531	1	1
5 2919	5 4487	1	1
5 2919	5 1807	1	1
5 2919	0 714	1	1
5 2919	7 429	1	1
5 2919	2 2886	1	1
5 2919	4 4067	1	1
5 2920	5 3417	1	1
5 2920	1 2966	1	1
5 2920	6 1002	1	1
5 2920	6 873	1	1
5 2920	7 4987	1	1
5 2920	2 1658	1	1
5 2921	2 1713	1	1
5 2921	0 2218	1	1
5 2921	4 2525	1	1
5 2921	7 3732	1	1
5 2921	0 3102	1	1
5 2921	7 4641	1	1
5 2922	5 3057	1	1
5 2922	6 919	1	1
5 2922	6 4273	1	1
5 2922	2 2867	1	1
5 2922	7 440	1	1
5 2922	6 843	1	1
5 2923	2 4801	1	1
5 2923	3 257	1	1
5 2923	2 4686	1	1
5 2923	0 4782	1	1
5 2923	6 3662	1	1
5 2923	0 4562	1	1
5 2924	2 2813	1	1
5 2924	2 4879	1	1
5 2924	7 1003	1	1
5 2924	0 310	1	1
5 2924	1 1786	1	1
5 2924	6 3255	1	1
5 2925	5 296	1	1
5 2925	5 4284	1	1
5 2925	3 2314	1	1
5 2925	0 2259	1	1
5 2925	4 1881	1	1
5 2925	1 3001	1	1
5 2926	5 683	1	1
5 2926	5 513	1	1
5 2926	5 4122	1	1
5 2926	1 3465	1	1
5 2926	1 1105	1	1
5 2926	2 2895	1	1
5 2927	4 2131	1	1
5 2927	3 2508	1	1
5 2927	3 4637	1	1
5 2927	3 3767	1	1
5 2927	3 3267	1	1
5 2927	2 4744	1	1
5 2928	5 756	1	1
5 2928	6 3451	1	1
5 2928	6 1085	1	1
5 2928	3 3957	1	1
5 2928	0 4287	1	1
5 2928	6 699	1	1
5 2929	5 2130	1	1
5 2929	4 1186	1	1
5 2929	0 3387	1	1
5 2929	4 527	1	1
5 2929	0 2888	1	1
5 2929	4 4980	1	1
5 2930	2 3384	1	1
5 2930	2 1140	1	1
5 2930	1 4512	1	1
5 2930	1 141	1	1
5 2930	4 2794	1	1
5 2930	1 1926	1	1
5 2931	5 3778	1	1
5 2931	0 4869	1	1
5 2931	1 4371	1	1
5 2931	6 147	1	1
5 2931	7 629	1	1
5 2931	4 70	1	1
5 2932	5 4108	1	1
5 2932	1 2479	1	1
5 2932	4 4001	1	1
5 2932	3 2152	1	1
5 2932	7 18	1	1
5 2932	2 3163	1	1
5 2933	2 687	1	1
5 2933	6 2643	1	1
5 2933	3 3145	1	1
5 2933	1 4415	1	1
5 2933	7 4101	1	1
5 2933	3 2837	1	1
5 2934	5 1274	1	1
5 2934	5 3304	1	1
5 2934	1 43	1	1
5 2934	4 1600	1	1
5 2934	0 4028	1	1
5 2934	1 811	1	1
5 2935	2 1823	1	1
5 2935	1 1285	1	1
5 2935	7 3285	1	1
5 2935	6 4010	1	1
5 2935	1 2767	1	1
5 2935	6 1304	1	1
5 2936	3 3440	1	1
5 2936	1 2608	1	1
5 2936	4 3642	1	1
5 2936	2 252	1	1
5 2936	4 3675	1	1
5 2936	6 2149	1	1
5 2937	5 2976	1	1
5 2937	5 4270	1	1
5 2937	6 4662	1	1
5 2937	7 3263	1	1
5 2937	3 1830	1	1
5 2937	7 1487	1	1
5 2938	5 3844	1	1
5 2938	3 1216	1	1
5 2938	4 3181	1	1
5 2938	0 2674	1	1
5 2938	7 489	1	1
5 2938	4 4373	1	1
5 2939	5 4414	1	1
5 2939	6 342	1	1
5 2939	4 1932	1	1
5 2939	1 2018	1	1
5 2939	4 2789	1	1
5 2939	4 2613	1	1
5 2940	5 357	1	1
5 2940	4 2907	1	1
5 2940	4 60	1	1
5 2940	1 1533	1	1
5 2940	0 2822	1	1
5 2940	3 849	1	1
5 2941	5 3731	1	1
5 2941	3 1650	1	1
5 2941	0 1306	1	1
5 2941	7 4599	1	1
5 2941	3 2749	1	1
5 2941	1 4299	1	1
5 2942	2 3455	1	1
5 2942	1 2938	1	1
5 2942	3 3494	1	1
5 2942	0 3190	1	1
5 2942	0 4266	1	1
5 2942	2 1158	1	1
5 2943	5 2166	1	1
5 2943	5 3637	1	1
5 2943	4 3558	1	1
5 2943	6 3078	1	1
5 2943	2 1861	1	1
5 2943	0 1943	1	1
5 2944	5 1994	1	1
5 2944	5 339	1	1
5 2944	4 806	1	1
5 2944	2 3	1	1
5 2944	1 629	1	1
5 2944	2 612	1	1
5 2945	6 1992	1	1
5 2945	3 2140	1	1
5 2945	7 411	1	1
5 2945	0 179	1	1
5 2945	6 1295	1	1
5 2945	6 761	1	1
5 2946	5 3899	1	1
5 2946	0 2508	1	1
5 2946	3 2944	1	1
5 2946	7 4682	1	1
5 2946	4 3135	1	1
5 2946	2 2328	1	1
5 2947	5 887	1	1
5 2947	0 2485	1	1
5 2947	6 4414	1	1
5 2947	2 2560	1	1
5 2947	2 2024	1	1
5 2947	1 1192	1	1
5 2948	3 1207	1	1
5 2948	0 265	1	1
5 2948	1 577	1	1
5 2948	0 650	1	1
5 2948	6 1398	1	1
5 2948	2 140	1	1
5 2949	1 3203	1	1
5 2949	3 3822	1	1
5 2949	7 3677	1	1
5 2949	1 1885	1	1
5 2949	0 2194	1	1
5 2949	3 2821	1	1
5 2950	5 411	1	1
5 2950	5 3730	1	1
5 2950	2 4998	1	1
5 2950	3 3456	1	1
5 2950	4 3827	1	1
5 2950	1 2432	1	1
5 2951	5 948	1	1
5 2951	4 4269	1	1
5 2951	7 2021	1	1
5 2951	4 878	1	1
5 2951	6 4980	1	1
5 2951	4 892	1	1
5 2952	0 2724	1	1
5 2952	2 2670	1	1
5 2952	2 1636	1	1
5 2952	4 616	1	1
5 2952	4 2056	1	1
5 2952	6 2907	1	1
5 2953	5 1297	1	1
5 2953	5 207	1	1
5 2953	5 4970	1	1
5 2953	0 4788	1	1
5 2953	3 1723	1	1
5 2953	6 3337	1	1
5 2954	6 3232	1	1
5 2954	1 453	1	1
5 2954	4 3350	1	1
5 2954	1 962	1	1
5 2954	4 925	1	1
5 2954	4 460	1	1
5 2955	5 3705	1	1
5 2955	4 1049	1	1
5 2955	1 4795	1	1
5 2955	7 3726	1	1
5 2955	1 1667	1	1
5 2955	1 1831	1	1
5 2956	0 1381	1	1
5 2956	1 97	1	1
5 2956	7 4948	1	1
5 2956	3 2152	1	1
5 2956	0 233	1	1
5 2956	7 4714	1	1
5 2957	5 2788	1	1
5 2957	1 3811	1	1
5 2957	1 1141	1	1
5 2957	0 1066	1	1
5 2957	7 3784	1	1
5 2957	2 56	1	1
5 2958	1 4970	1	1
5 2958	7 4570	1	1
5 2958	0 777	1	1
5 2958	2 1029	1	1
5 2958	3 4298	1	1
5 2958	3 2273	1	1
5 2959	5 1358	1	1
5 2959	5 803	1	1
5 2959	7 2435	1	1
5 2959	4 3019	1	1
5 2959	3 2074	1	1
5 2959	0 1558	1	1
5 2960	2 1769	1	1
5 2960	6 4591	1	1
5 2960	7 3742	1	1
5 2960	7 307	1	1
5 2960	6 1044	1	1
5 2960	1 4343	1	1
5 2961	2 1418	1	1
5 2961	7 2038	1	1
5 2961	6 1995	1	1
5 2961	2 3065	1	1
5 2961	6 2800	1	1
5 2961	2 3327	1	1
5 2962	5 2591	1	1
5 2962	5 4395	1	1
5 2962	3 1184	1	1
5 2962	2 4410	1	1
5 2962	3 4649	1	1
5 2962	4 2396	1	1
5 2963	4 526	1	1
5 2963	7 3906	1	1
5 2963	3 1251	1	1
5 2963	3 1549	1	1
5 2963	4 2638	1	1
5 2963	6 1622	1	1
5 2964	5 1355	1	1
5 2964	0 4804	1	1
5 2964	3 3053	1	1
5 2964	3 64	1	1
5 2964	6 2021	1	1
5 2964	2 1369	1	1
5 2965	4 4493	1	1
5 2965	4 147	1	1
5 2965	4 2466	1	1
5 2965	3 1953	1	1
5 2965	1 2435	1	1
5 2965	2 503	1	1
5 2966	5 4875	1	1
5 2966	4 817	1	1
5 2966	7 1209	1	1
5 2966	0 790	1	1
5 2966	0 4452	1	1
5 2966	6 4292	1	1
5 2967	5 1774	1	1
5 2967	2 4479	1	1
5 2967	3 1256	1	1
5 2967	6 3341	1	1
5 2967	4 1337	1	1
5 2967	7 1062	1	1
5 2968	3 463	1	1
5 2968	0 2583	1	1
5 2968	4 18	1	1
5 2968	3 1452	1	1
5 2968	3 4367	1	1
5 2968	3 4670	1	1
5 2969	7 2626	1	1
5 2969	4 2948	1	1
5 2969	0 1310	1	1
5 2969	0 4650	1	1
5 2969	1 3873	1	1
5 2969	7 261	1	1
5 2970	5 4251	1	1
5 2970	1 1000	1	1
5 2970	2 1113	1	1
5 2970	3 2234	1	1
5 2970	6 3360	1	1
5 2970	0 1467	1	1
5 2971	5 1389	1	1
5 2971	4 567	1	1
5 2971	4 2529	1	1
5 2971	3 455	1	1
5 2971	2 4038	1	1
5 2971	6 1746	1	1
5 2972	5 3312	1	1
5 2972	1 3655	1	1
5 2972	6 4466	1	1
5 2972	6 1169	1	1
5 2972	4 4661	1	1
5 2972	3 3700	1	1
5 2973	7 4933	1	1
5 2973	7 897	1	1
5 2973	6 2778	1	1
5 2973	3 2196	1	1
5 2973	2 734	1	1
5 2973	3 1991	1	1
5 2974	5 2566	1	1
5 2974	2 2503	1	1
5 2974	7 3679	1	1
5 2974	3 3570	1	1
5 2974	3 2539	1	1
5 2974	4 2622	1	1
5 2975	6 2901	1	1
5 2975	4 2098	1	1
5 2975	3 4325	1	1
5 2975	3 4462	1	1
5 2975	0 77	1	1
5 2975	0 1462	1	1
5 2976	5 3097	1	1
5 2976	7 4560	1	1
5 2976	2 3398	1	1
5 2976	0 3038	1	1
5 2976	3 1176	1	1
5 2976	7 462	1	1
5 2977	7 2299	1	1
5 2977	7 4276	1	1
5 2977	7 2880	1	1
5 2977	6 851	1	1
5 2977	6 4759	1	1
5 2977	7 1856	1	1
5 2978	5 1338	1	1
5 2978	5 3433	1	1
5 2978	3 1448	1	1
5 2978	7 2874	1	1
5 2978	6 2071	1	1
5 2978	2 1245	1	1
5 2979	5 4227	1	1
5 2979	5 4693	1	1
5 2979	6 518	1	1
5 2979	1 3400	1	1
5 2979	6 2112	1	1
5 2979	1 4462	1	1
5 2980	5 16	1	1
5 2980	6 849	1	1
5 2980	2 3736	1	1
5 2980	0 4806	1	1
5 2980	4 4409	1	1
5 2980	2 1409	1	1
5 2981	5 2022	1	1
5 2981	5 3797	1	1
5 2981	6 96	1	1
5 2981	3 3922	1	1
5 2981	3 2827	1	1
5 2981	7 3687	1	1
5 2982	0 4614	1	1
5 2982	6 451	1	1
5 2982	6 3558	1	1
5 2982	7 1422	1	1
5 2982	4 3748	1	1
5 2982	2 4891	1	1
5 2983	5 395	1	1
5 2983	5 2759	1	1
5 2983	0 3500	1	1
5 2983	4 1003	1	1
5 2983	3 1075	1	1
5 2983	1 110	1	1
5 2984	5 2337	1	1
5 2984	2 1504	1	1
5 2984	3 2083	1	1
5 2984	2 1705	1	1
5 2984	1 1584	1	1
5 2984	6 2786	1	1
5 2985	5 2796	1	1
5 2985	5 3408	1	1
5 2985	6 3859	1	1
5 2985	7 2832	1	1
5 2985	2 4985	1	1
5 2985	6 4267	1	1
5 2986	6 3861	1	1
5 2986	4 2279	1	1
5 2986	2 3801	1	1
5 2986	6 1767	1	1
5 2986	1 4273	1	1
5 2986	3 2279	1	1
5 2987	4 1459	1	1
5 2987	1 1968	1	1
5 2987	3 4579	1	1
5 2987	1 1677	1	1
5 2987	0 918	1	1
5 2987	3 3772	1	1
5 2988	3 4777	1	1
5 2988	4 1170	1	1
5 2988	7 3520	1	1
5 2988	0 1966	1	1
5 2988	1 3480	1	1
5 2988	1 2121	1	1
5 2989	4 194	1	1
5 2989	3 2748	1	1
5 2989	2 3144	1	1
5 2989	6 4953	1	1
5 2989	1 2181	1	1
5 2989	3 4622	1	1
5 2990	0 1796	1	1
5 2990	6 1692	1	1
5 2990	2 4222	1	1
5 2990	1 3585	1	1
5 2990	7 1407	1	1
5 2990	3 2130	1	1
5 2991	5 4815	1	1
5 2991	5 858	1	1
5 2991	2 548	1	1
5 2991	1 2068	1	1
5 2991	0 3918	1	1
5 2991	1 4752	1	1
5 2992	5 1191	1	1
5 2992	7 2004	1	1
5 2992	6 4419	1	1
5 2992	7 2449	1	1
5 2992	4 4091	1	1
5 2992	6 3706	1	1
5 2993	5 4584	1	1
5 2993	5 2549	1	1
5 2993	7 3420	1	1
5 2993	0 1758	1	1
5 2993	6 4670	1	1
5 2993	0 2142	1	1
5 2994	7 4453	1	1
5 2994	7 4613	1	1
5 2994	7 2127	1	1
5 2994	7 1753	1	1
5 2994	2 1790	1	1
5 2994	1 3380	1	1
5 2995	5 629	1	1
5 2995	5 1264	1	1
5 2995	2 2898	1	1
5 2995	7 4006	1	1
5 2995	4 80	1	1
5 2995	1 3098	1	1
5 2996	5 3207	1	1
5 2996	4 3124	1	1
5 2996	1 1767	1	1
5 2996	7 3043	1	1
5 2996	6 1665	1	1
5 2996	6 3199	1	1
5 2997	5 4580	1	1
5 2997	2 4044	1	1
5 2997	0 69	1	1
5 2997	4 3664	1	1
5 2997	1 1146	1	1
5 2997	3 4411	1	1
5 2998	4 386	1	1
5 2998	0 3392	1	1
5 2998	7 1074	1	1
5 2998	0 2208	1	1
5 2998	2 1356	1	1
5 2998	7 632	1	1
5 2999	3 4469	1	1
5 2999	6 4892	1	1
5 2999	3 3394	1	1
5 2999	1 252	1	1
5 2999	6 1017	1	1
5 2999	1 2489	1	1
5 3000	3 76	1	1
5 3000	3 363	1	1
5 3000	1 3220	1	1
5 3000	2 2156	1	1
5 3000	1 49	1	1
5 3000	0 4000	1	1
5 3001	0 4402	1	1
5 3001	1 2937	1	1
5 3001	1 2632	1	1
5 3001	7 2443	1	1
5 3001	6 4598	1	1
5 3001	7 2949	1	1
5 3002	7 1115	1	1
5 3002	1 3467	1	1
5 3002	1 1830	1	1
5 3002	7 4254	1	1
5 3002	1 2390	1	1
5 3002	0 1035	1	1
5 3003	5 2802	1	1
5 3003	3 2835	1	1
5 3003	6 90	1	1
5 3003	6 4360	1	1
5 3003	3 4357	1	1
5 3003	3 2252	1	1
5 3004	0 3514	1	1
5 3004	7 947	1	1
5 3004	6 3304	1	1
5 3004	4 799	1	1
5 3004	4 1329	1	1
5 3004	1 2655	1	1
5 3005	0 1972	1	1
5 3005	6 1340	1	1
5 3005	4 314	1	1
5 3005	1 3987	1	1
5 3005	1 355	1	1
5 3005	4 2973	1	1
5 3006	2 4175	1	1
5 3006	1 4711	1	1
5 3006	3 2719	1	1
5 3006	1 2957	1	1
5 3006	6 3354	1	1
5 3006	2 3590	1	1
5 3007	5 4178	1	1
5 3007	5 1609	1	1
5 3007	0 830	1	1
5 3007	7 1547	1	1
5 3007	7 854	1	1
5 3007	6 3977	1	1
5 3008	5 3363	1	1
5 3008	0 2660	1	1
5 3008	1 2918	1	1
5 3008	2 456	1	1
5 3008	6 49	1	1
5 3008	6 3087	1	1
5 3009	3 1628	1	1
5 3009	3 2625	1	1
5 3009	1 358	1	1
5 3009	3 4294	1	1
5 3009	7 1238	1	1
5 3009	6 4275	1	1
5 3010	6 2173	1	1
5 3010	2 4269	1	1
5 3010	7 714	1	1
5 3010	3 3103	1	1
5 3010	0 3152	1	1
5 3010	3 3186	1	1
5 3011	4 2439	1	1
5 3011	3 426	1	1
5 3011	3 3642	1	1
5 3011	1 144	1	1
5 3011	0 2414	1	1
5 3011	3 143	1	1
5 3012	5 4436	1	1
5 3012	2 770	1	1
5 3012	2 2720	1	1
5 3012	0 958	1	1
5 3012	4 710	1	1
5 3012	1 468	1	1
5 3013	5 865	1	1
5 3013	1 4901	1	1
5 3013	6 257	1	1
5 3013	7 805	1	1
5 3013	2 3775	1	1
5 3013	4 922	1	1
5 3014	2 1337	1	1
5 3014	4 587	1	1
5 3014	3 4457	1	1
5 3014	6 3206	1	1
5 3014	0 636	1	1
5 3014	0 3934	1	1
5 3015	1 3339	1	1
5 3015	3 1207	1	1
5 3015	3 1500	1	1
5 3015	4 176	1	1
5 3015	4 335	1	1
5 3015	1 3695	1	1
5 3016	1 4498	1	1
5 3016	6 4467	1	1
5 3016	4 1441	1	1
5 3016	1 2699	1	1
5 3016	7 824	1	1
5 3016	4 424	1	1
5 3017	5 3143	1	1
5 3017	4 1988	1	1
5 3017	3 1758	1	1
5 3017	2 889	1	1
5 3017	7 1140	1	1
5 3017	6 573	1	1
5 3018	5 4031	1	1
5 3018	5 1157	1	1
5 3018	5 2022	1	1
5 3018	6 1218	1	1
5 3018	6 2982	1	1
5 3018	2 3561	1	1
5 3019	5 4814	1	1
5 3019	4 1248	1	1
5 3019	3 447	1	1
5 3019	4 2017	1	1
5 3019	2 1657	1	1
5 3019	6 1674	1	1
5 3020	2 2372	1	1
5 3020	6 4311	1	1
5 3020	7 972	1	1
5 3020	6 3294	1	1
5 3020	3 1681	1	1
5 3020	2 3989	1	1
5 3021	5 3379	1	1
5 3021	5 2092	1	1
5 3021	1 3481	1	1
5 3021	1 1825	1	1
5 3021	3 2579	1	1
5 3021	0 2589	1	1
5 3022	6 3406	1	1
5 3022	2 3619	1	1
5 3022	2 3160	1	1
5 3022	6 1408	1	1
5 3022	3 2165	1	1
5 3022	1 3577	1	1
5 3023	5 1230	1	1
5 3023	5 3871	1	1
5 3023	5 364	1	1
5 3023	2 3459	1	1
5 3023	4 2981	1	1
5 3023	7 4891	1	1
5 3024	5 1451	1	1
5 3024	7 3980	1	1
5 3024	4 2433	1	1
5 3024	0 1921	1	1
5 3024	4 1539	1	1
5 3024	1 1266	1	1
5 3025	5 3629	1	1
5 3025	5 3021	1	1
5 3025	2 4474	1	1
5 3025	3 3012	1	1
5 3025	4 3102	1	1
5 3025	0 813	1	1
5 3026	1 4861	1	1
5 3026	3 1227	1	1
5 3026	1 3428	1	1
5 3026	6 4419	1	1
5 3026	4 1743	1	1
5 3026	4 2684	1	1
5 3027	5 4455	1	1
5 3027	1 4155	1	1
5 3027	2 2446	1	1
5 3027	4 1236	1	1
5 3027	1 3722	1	1
5 3027	4 1427	1	1
5 3028	5 1550	1	1
5 3028	0 1151	1	1
5 3028	0 3353	1	1
5 3028	1 657	1	1
5 3028	2 4655	1	1
5 3028	1 2293	1	1
5 3029	5 1834	1	1
5 3029	6 3082	1	1
5 3029	4 2934	1	1
5 3029	6 3153	1	1
5 3029	2 4297	1	1
5 3029	3 1182	1	1
5 3030	1 3158	1	1
5 3030	1 42	1	1
5 3030	1 1245	1	1
5 3030	3 2250	1	1
5 3030	7 2904	1	1
5 3030	3 3798	1	1
5 3031	5 2708	1	1
5 3031	7 1443	1	1
5 3031	6 2873	1	1
5 3031	2 3154	1	1
5 3031	2 2983	1	1
5 3031	3 1782	1	1
5 3032	5 2335	1	1
5 3032	3 1204	1	1
5 3032	7 860	1	1
5 3032	1 3330	1	1
5 3032	6 4767	1	1
5 3032	1 1111	1	1
5 3033	5 3370	1	1
5 3033	3 643	1	1
5 3033	2 3174	1	1
5 3033	1 1214	1	1
5 3033	3 3434	1	1
5 3033	2 4978	1	1
5 3034	1 942	1	1
5 3034	3 2086	1	1
5 3034	7 1082	1	1
5 3034	6 4685	1	1
5 3034	3 712	1	1
5 3034	4 3264	1	1
5 3035	5 20	1	1
5 3035	5 4074	1	1
5 3035	5 1201	1	1
5 3035	3 2015	1	1
5 3035	4 3755	1	1
5 3035	1 52	1	1
5 3036	5 1293	1	1
5 3036	1 4659	1	1
5 3036	7 2736	1	1
5 3036	2 4951	1	1
5 3036	7 1148	1	1
5 3036	2 4370	1	1
5 3037	5 4837	1	1
5 3037	7 3578	1	1
5 3037	2 4649	1	1
5 3037	3 335	1	1
5 3037	7 3769	1	1
5 3037	1 405	1	1
5 3038	5 1664	1	1
5 3038	5 1106	1	1
5 3038	3 3619	1	1
5 3038	2 1512	1	1
5 3038	7 541	1	1
5 3038	0 860	1	1
5 3039	6 451	1	1
5 3039	7 3975	1	1
5 3039	4 3605	1	1
5 3039	4 546	1	1
5 3039	4 2090	1	1
5 3039	3 51	1	1
5 3040	5 4171	1	1
5 3040	3 1255	1	1
5 3040	3 3504	1	1
5 3040	6 3670	1	1
5 3040	2 4669	1	1
5 3040	4 2813	1	1
5 3041	6 3285	1	1
5 3041	1 1811	1	1
5 3041	7 4146	1	1
5 3041	4 2823	1	1
5 3041	4 3700	1	1
5 3041	2 1155	1	1
5 3042	3 4768	1	1
5 3042	7 1859	1	1
5 3042	1 313	1	1
5 3042	1 2217	1	1
5 3042	2 3472	1	1
5 3042	7 3245	1	1
5 3043	5 4076	1	1
5 3043	2 2417	1	1
5 3043	2 4673	1	1
5 3043	2 2371	1	1
5 3043	0 2436	1	1
5 3043	0 600	1	1
5 3044	5 2501	1	1
5 3044	0 3614	1	1
5 3044	4 3720	1	1
5 3044	4 318	1	1
5 3044	2 277	1	1
5 3044	0 4858	1	1
5 3045	5 664	1	1
5 3045	0 4991	1	1
5 3045	4 4755	1	1
5 3045	7 2638	1	1
5 3045	2 2568	1	1
5 3045	6 1428	1	1
5 3046	5 754	1	1
5 3046	4 3466	1	1
5 3046	1 3253	1	1
5 3046	1 4049	1	1
5 3046	3 4240	1	1
5 3046	0 1249	1	1
5 3047	5 4208	1	1
5 3047	5 3695	1	1
5 3047	3 4714	1	1
5 3047	7 4545	1	1
5 3047	2 4257	1	1
5 3047	2 4494	1	1
5 3048	2 2403	1	1
5 3048	4 2535	1	1
5 3048	7 2164	1	1
5 3048	4 484	1	1
5 3048	3 657	1	1
5 3048	4 4131	1	1
5 3049	5 639	1	1
5 3049	3 1238	1	1
5 3049	2 10	1	1
5 3049	1 474	1	1
5 3049	2 2041	1	1
5 3049	1 857	1	1
5 3050	5 309	1	1
5 3050	2 3973	1	1
5 3050	2 548	1	1
5 3050	2 344	1	1
5 3050	6 950	1	1
5 3050	6 4820	1	1
5 3051	5 2312	1	1
5 3051	5 4967	1	1
5 3051	2 4155	1	1
5 3051	0 246	1	1
5 3051	6 3766	1	1
5 3051	1 3975	1	1
5 3052	2 4923	1	1
5 3052	4 4070	1	1
5 3052	0 726	1	1
5 3052	6 1039	1	1
5 3052	2 4221	1	1
5 3052	2 1309	1	1
5 3053	5 1273	1	1
5 3053	3 1474	1	1
5 3053	2 1123	1	1
5 3053	4 1487	1	1
5 3053	2 2550	1	1
5 3053	0 496	1	1
5 3054	5 2796	1	1
5 3054	2 1510	1	1
5 3054	7 645	1	1
5 3054	6 4985	1	1
5 3054	2 3603	1	1
5 3054	6 2688	1	1
5 3055	5 2632	1	1
5 3055	5 4819	1	1
5 3055	1 3222	1	1
5 3055	7 1678	1	1
5 3055	2 963	1	1
5 3055	7 1045	1	1
5 3056	1 1927	1	1
5 3056	6 4511	1	1
5 3056	0 1486	1	1
5 3056	2 4107	1	1
5 3056	1 695	1	1
5 3056	7 1099	1	1
5 3057	5 4235	1	1
5 3057	1 21	1	1
5 3057	6 4347	1	1
5 3057	2 3297	1	1
5 3057	2 833	1	1
5 3057	3 862	1	1
5 3058	5 1193	1	1
5 3058	5 2026	1	1
5 3058	7 4105	1	1
5 3058	1 1936	1	1
5 3058	6 4370	1	1
5 3058	6 1950	1	1
5 3059	5 1195	1	1
5 3059	5 800	1	1
5 3059	2 4303	1	1
5 3059	3 3623	1	1
5 3059	1 183	1	1
5 3059	2 1700	1	1
5 3060	5 3475	1	1
5 3060	3 4175	1	1
5 3060	2 3005	1	1
5 3060	6 877	1	1
5 3060	4 1889	1	1
5 3060	4 368	1	1
5 3061	4 4868	1	1
5 3061	1 4475	1	1
5 3061	2 3951	1	1
5 3061	0 3499	1	1
5 3061	0 711	1	1
5 3061	3 2681	1	1
5 3062	1 1128	1	1
5 3062	3 3385	1	1
5 3062	6 1050	1	1
5 3062	7 526	1	1
5 3062	7 2152	1	1
5 3062	4 2012	1	1
5 3063	7 2549	1	1
5 3063	4 520	1	1
5 3063	7 2720	1	1
5 3063	0 2628	1	1
5 3063	6 4168	1	1
5 3063	2 4832	1	1
5 3064	5 3257	1	1
5 3064	5 1106	1	1
5 3064	5 3099	1	1
5 3064	3 414	1	1
5 3064	0 1314	1	1
5 3064	6 2142	1	1
5 3065	5 2035	1	1
5 3065	5 877	1	1
5 3065	1 2473	1	1
5 3065	0 2561	1	1
5 3065	7 3252	1	1
5 3065	1 432	1	1
5 3066	6 1192	1	1
5 3066	3 1946	1	1
5 3066	3 3180	1	1
5 3066	1 3602	1	1
5 3066	7 3087	1	1
5 3066	3 963	1	1
5 3067	5 4382	1	1
5 3067	6 4107	1	1
5 3067	6 2560	1	1
5 3067	6 981	1	1
5 3067	0 121	1	1
5 3067	1 4022	1	1
5 3068	4 129	1	1
5 3068	2 3240	1	1
5 3068	2 4653	1	1
5 3068	1 2528	1	1
5 3068	6 3055	1	1
5 3068	3 599	1	1
5 3069	4 1767	1	1
5 3069	3 856	1	1
5 3069	7 222	1	1
5 3069	1 2705	1	1
5 3069	2 561	1	1
5 3069	0 2923	1	1
5 3070	3 480	1	1
5 3070	6 2713	1	1
5 3070	1 3069	1	1
5 3070	3 136	1	1
5 3070	2 1740	1	1
5 3070	0 4023	1	1
5 3071	6 4678	1	1
5 3071	2 2812	1	1
5 3071	2 3746	1	1
5 3071	1 52	1	1
5 3071	2 3957	1	1
5 3071	7 4163	1	1
5 3072	7 3487	1	1
5 3072	7 2510	1	1
5 3072	1 4531	1	1
5 3072	1 2805	1	1
5 3072	6 1056	1	1
5 3072	6 3758	1	1
5 3073	1 1291	1	1
5 3073	2 2311	1	1
5 3073	2 1054	1	1
5 3073	6 1385	1	1
5 3073	7 723	1	1
5 3073	7 2315	1	1
5 3074	5 3882	1	1
5 3074	1 901	1	1
5 3074	2 579	1	1
5 3074	3 4272	1	1
5 3074	7 68	1	1
5 3074	2 2263	1	1
5 3075	1 3248	1	1
5 3075	6 4594	1	1
5 3075	7 4980	1	1
5 3075	4 2905	1	1
5 3075	6 4865	1	1
5 3075	4 3407	1	1
5 3076	3 2480	1	1
5 3076	2 4348	1	1
5 3076	4 1308	1	1
5 3076	1 1087	1	1
5 3076	2 784	1	1
5 3076	2 4547	1	1
5 3077	2 3525	1	1
5 3077	1 3407	1	1
5 3077	0 908	1	1
5 3077	4 3622	1	1
5 3077	2 3700	1	1
5 3077	7 215	1	1
5 3078	5 457	1	1
5 3078	6 580	1	1
5 3078	7 3436	1	1
5 3078	7 672	1	1
5 3078	1 3495	1	1
5 3078	2 3731	1	1
5 3079	5 4812	1	1
5 3079	0 494	1	1
5 3079	6 4513	1	1
5 3079	6 4478	1	1
5 3079	6 325	1	1
5 3079	7 923	1	1
5 3080	1 327	1	1
5 3080	6 2004	1	1
5 3080	2 1498	1	1
5 3080	4 2789	1	1
5 3080	6 840	1	1
5 3080	1 4802	1	1
5 3081	5 322	1	1
5 3081	5 2967	1	1
5 3081	1 2866	1	1
5 3081	2 2594	1	1
5 3081	3 3046	1	1
5 3081	2 2359	1	1
5 3082	5 3727	1	1
5 3082	5 1934	1	1
5 3082	5 4438	1	1
5 3082	4 1175	1	1
5 3082	2 3785	1	1
5 3082	0 133	1	1
5 3083	0 758	1	1
5 3083	6 2069	1	1
5 3083	3 1783	1	1
5 3083	0 302	1	1
5 3083	7 362	1	1
5 3083	7 3002	1	1
5 3084	2 4890	1	1
5 3084	3 592	1	1
5 3084	0 4294	1	1
5 3084	2 2849	1	1
5 3084	4 1598	1	1
5 3084	3 3633	1	1
5 3085	5 2718	1	1
5 3085	6 2132	1	1
5 3085	2 3795	1	1
5 3085	4 3888	1	1
5 3085	3 4671	1	1
5 3085	2 9	1	1
5 3086	5 465	1	1
5 3086	6 4094	1	1
5 3086	3 701	1	1
5 3086	4 2087	1	1
5 3086	2 2172	1	1
5 3086	4 2192	1	1
5 3087	5 1846	1	1
5 3087	5 506	1	1
5 3087	3 4054	1	1
5 3087	2 385	1	1
5 3087	3 2713	1	1
5 3087	2 3477	1	1
5 3088	6 2900	1	1
5 3088	0 440	1	1
5 3088	0 289	1	1
5 3088	3 466	1	1
5 3088	0 2401	1	1
5 3088	7 1642	1	1
5 3089	0 4921	1	1
5 3089	0 3054	1	1
5 3089	7 3985	1	1
5 3089	0 3339	1	1
5 3089	2 4805	1	1
5 3089	1 707	1	1
5 3090	1 757	1	1
5 3090	6 1376	1	1
5 3090	0 3557	1	1
5 3090	3 3156	1	1
5 3090	3 3751	1	1
5 3090	3 2985	1	1
5 3091	0 2260	1	1
5 3091	2 1499	1	1
5 3091	6 3947	1	1
5 3091	4 4028	1	1
5 3091	2 1102	1	1
5 3091	6 1979	1	1
5 3092	5 2544	1	1
5 3092	5 1563	1	1
5 3092	5 4759	1	1
5 3092	7 2830	1	1
5 3092	4 2432	1	1
5 3092	6 4928	1	1
5 3093	5 2648	1	1
5 3093	2 4392	1	1
5 3093	1 2755	1	1
5 3093	4 1362	1	1
5 3093	0 4700	1	1
5 3093	1 4897	1	1
5 3094	5 2285	1	1
5 3094	5 4047	1	1
5 3094	2 3749	1	1
5 3094	3 3706	1	1
5 3094	2 568	1	1
5 3094	2 1791	1	1
5 3095	5 4318	1	1
5 3095	0 929	1	1
5 3095	7 829	1	1
5 3095	2 4382	1	1
5 3095	4 4168	1	1
5 3095	2 3106	1	1
5 3096	5 4782	1	1
5 3096	6 4659	1	1
5 3096	4 4264	1	1
5 3096	2 652	1	1
5 3096	7 2932	1	1
5 3096	7 2564	1	1
5 3097	5 2493	1	1
5 3097	4 3167	1	1
5 3097	1 836	1	1
5 3097	6 3135	1	1
5 3097	2 2175	1	1
5 3097	1 2105	1	1
5 3098	4 2550	1	1
5 3098	1 1701	1	1
5 3098	2 3978	1	1
5 3098	4 715	1	1
5 3098	7 3580	1	1
5 3098	4 4702	1	1
5 3099	5 1002	1	1
5 3099	5 1839	1	1
5 3099	5 1895	1	1
5 3099	7 3559	1	1
5 3099	3 2943	1	1
5 3099	4 2562	1	1
5 3100	4 4061	1	1
5 3100	6 822	1	1
5 3100	6 191	1	1
5 3100	6 720	1	1
5 3100	7 4407	1	1
5 3100	6 4837	1	1
5 3101	7 1657	1	1
5 3101	6 1684	1	1
5 3101	3 2813	1	1
5 3101	7 1519	1	1
5 3101	7 1799	1	1
5 3101	1 3557	1	1
5 3102	2 4251	1	1
5 3102	6 985	1	1
5 3102	0 3179	1	1
5 3102	2 2582	1	1
5 3102	0 2922	1	1
5 3102	4 2219	1	1
5 3103	4 4521	1	1
5 3103	7 2137	1	1
5 3103	2 2964	1	1
5 3103	2 4619	1	1
5 3103	1 1084	1	1
5 3103	0 1069	1	1
5 3104	7 177	1	1
5 3104	0 2313	1	1
5 3104	1 850	1	1
5 3104	4 4722	1	1
5 3104	0 4594	1	1
5 3104	4 3582	1	1
5 3105	3 4462	1	1
5 3105	7 1589	1	1
5 3105	3 1712	1	1
5 3105	0 505	1	1
5 3105	4 3843	1	1
5 3105	2 4850	1	1
5 3106	7 153	1	1
5 3106	2 1822	1	1
5 3106	7 2262	1	1
5 3106	1 2808	1	1
5 3106	2 2991	1	1
5 3106	2 1747	1	1
5 3107	5 3813	1	1
5 3107	7 3249	1	1
5 3107	2 1844	1	1
5 3107	0 3800	1	1
5 3107	7 904	1	1
5 3107	0 682	1	1
5 3108	5 530	1	1
5 3108	3 4142	1	1
5 3108	0 3109	1	1
5 3108	0 2411	1	1
5 3108	7 4768	1	1
5 3108	0 4988	1	1
5 3109	5 4897	1	1
5 3109	0 350	1	1
5 3109	0 1433	1	1
5 3109	7 4589	1	1
5 3109	6 1463	1	1
5 3109	0 3940	1	1
5 3110	5 3313	1	1
5 3110	3 3354	1	1
5 3110	1 4080	1	1
5 3110	2 3850	1	1
5 3110	2 4772	1	1
5 3110	3 1877	1	1
5 3111	5 2740	1	1
5 3111	5 2879	1	1
5 3111	2 1676	1	1
5 3111	4 2146	1	1
5 3111	0 843	1	1
5 3111	6 2902	1	1
5 3112	0 1789	1	1
5 3112	7 2540	1	1
5 3112	1 672	1	1
5 3112	6 4702	1	1
5 3112	2 4232	1	1
5 3112	2 3870	1	1
5 3113	7 2773	1	1
5 3113	2 4322	1	1
5 3113	6 78	1	1
5 3113	6 3748	1	1
5 3113	6 841	1	1
5 3113	2 602	1	1
5 3114	3 410	1	1
5 3114	2 1986	1	1
5 3114	1 2824	1	1
5 3114	4 2855	1	1
5 3114	1 1407	1	1
5 3114	6 3937	1	1
5 3115	6 3234	1	1
5 3115	3 4156	1	1
5 3115	0 725	1	1
5 3115	7 370	1	1
5 3115	4 1907	1	1
5 3115	0 1262	1	1
5 3116	5 619	1	1
5 3116	4 2114	1	1
5 3116	3 463	1	1
5 3116	4 3261	1	1
5 3116	1 3946	1	1
5 3116	1 4443	1	1
5 3117	0 1112	1	1
5 3117	2 3976	1	1
5 3117	0 4376	1	1
5 3117	6 4696	1	1
5 3117	1 1810	1	1
5 3117	4 3263	1	1
5 3118	4 368	1	1
5 3118	6 2485	1	1
5 3118	0 3763	1	1
5 3118	7 1019	1	1
5 3118	0 4952	1	1
5 3118	3 2379	1	1
5 3119	7 3735	1	1
5 3119	7 215	1	1
5 3119	4 3615	1	1
5 3119	2 1506	1	1
5 3119	6 1150	1	1
5 3119	2 600	1	1
5 3120	5 1486	1	1
5 3120	1 1420	1	1
5 3120	4 2773	1	1
5 3120	0 2999	1	1
5 3120	4 742	1	1
5 3120	3 3894	1	1
5 3121	4 2898	1	1
5 3121	7 3541	1	1
5 3121	0 4291	1	1
5 3121	7 49	1	1
5 3121	7 3972	1	1
5 3121	0 1106	1	1
5 3122	5 2961	1	1
5 3122	3 4146	1	1
5 3122	7 4869	1	1
5 3122	4 1621	1	1
5 3122	0 3788	1	1
5 3122	0 4743	1	1
5 3123	5 3100	1	1
5 3123	4 147	1	1
5 3123	1 855	1	1
5 3123	4 3204	1	1
5 3123	6 1825	1	1
5 3123	0 2577	1	1
5 3124	4 1713	1	1
5 3124	6 3393	1	1
5 3124	7 1670	1	1
5 3124	1 514	1	1
5 3124	0 4335	1	1
5 3124	6 886	1	1
5 3125	6 3189	1	1
5 3125	3 2024	1	1
5 3125	7 3204	1	1
5 3125	0 2949	1	1
5 3125	7 3481	1	1
5 3125	6 1367	1	1
5 3126	5 3040	1	1
5 3126	5 167	1	1
5 3126	6 636	1	1
5 3126	3 1217	1	1
5 3126	0 4030	1	1
5 3126	4 4413	1	1
5 3127	5 4826	1	1
5 3127	5 1832	1	1
5 3127	5 555	1	1
5 3127	3 1948	1	1
5 3127	3 1602	1	1
5 3127	4 4842	1	1
5 3128	1 3316	1	1
5 3128	2 1943	1	1
5 3128	1 3596	1	1
5 3128	0 3377	1	1
5 3128	6 4226	1	1
5 3128	2 881	1	1
5 3129	5 4610	1	1
5 3129	2 3255	1	1
5 3129	2 4859	1	1
5 3129	4 920	1	1
5 3129	7 2260	1	1
5 3129	0 3902	1	1
5 3130	0 1859	1	1
5 3130	7 648	1	1
5 3130	0 1929	1	1
5 3130	0 2154	1	1
5 3130	7 2866	1	1
5 3130	3 607	1	1
5 3131	5 1119	1	1
5 3131	3 1893	1	1
5 3131	3 322	1	1
5 3131	2 2352	1	1
5 3131	7 2850	1	1
5 3131	0 3668	1	1
5 3132	5 3614	1	1
5 3132	5 2487	1	1
5 3132	4 1378	1	1
5 3132	4 1413	1	1
5 3132	1 4055	1	1
5 3132	1 2771	1	1
5 3133	5 3521	1	1
5 3133	5 1052	1	1
5 3133	3 3614	1	1
5 3133	1 4308	1	1
5 3133	3 2322	1	1
5 3133	7 1934	1	1
5 3134	5 349	1	1
5 3134	4 3174	1	1
5 3134	4 4264	1	1
5 3134	3 1982	1	1
5 3134	4 3489	1	1
5 3134	6 1515	1	1
5 3135	5 1517	1	1
5 3135	4 3047	1	1
5 3135	3 2338	1	1
5 3135	7 676	1	1
5 3135	6 609	1	1
5 3135	4 4324	1	1
5 3136	5 4850	1	1
5 3136	0 1383	1	1
5 3136	4 314	1	1
5 3136	1 4676	1	1
5 3136	1 3753	1	1
5 3136	7 2258	1	1
5 3137	5 3169	1	1
5 3137	5 3013	1	1
5 3137	3 1303	1	1
5 3137	1 1179	1	1
5 3137	2 3534	1	1
5 3137	1 4991	1	1
5 3138	5 2922	1	1
5 3138	2 2199	1	1
5 3138	6 857	1	1
5 3138	4 4906	1	1
5 3138	2 1211	1	1
5 3138	6 2142	1	1
5 3139	5 381	1	1
5 3139	3 2050	1	1
5 3139	1 2777	1	1
5 3139	1 4680	1	1
5 3139	1 2603	1	1
5 3139	1 3709	1	1
5 3140	5 489	1	1
5 3140	5 720	1	1
5 3140	4 3927	1	1
5 3140	2 619	1	1
5 3140	1 3769	1	1
5 3140	6 2167	1	1
5 3141	5 1009	1	1
5 3141	4 4590	1	1
5 3141	4 669	1	1
5 3141	3 1433	1	1
5 3141	2 2691	1	1
5 3141	0 4165	1	1
5 3142	5 4305	1	1
5 3142	2 2027	1	1
5 3142	7 3284	1	1
5 3142	0 765	1	1
5 3142	3 2624	1	1
5 3142	1 4030	1	1
5 3143	5 4448	1	1
5 3143	1 3299	1	1
5 3143	1 1460	1	1
5 3143	3 4464	1	1
5 3143	6 748	1	1
5 3143	4 852	1	1
5 3144	5 2823	1	1
5 3144	0 1527	1	1
5 3144	4 1519	1	1
5 3144	3 1759	1	1
5 3144	1 3070	1	1
5 3144	2 3737	1	1
5 3145	5 3296	1	1
5 3145	5 3943	1	1
5 3145	7 4988	1	1
5 3145	3 1256	1	1
5 3145	0 4704	1	1
5 3145	7 1423	1	1
5 3146	5 1412	1	1
5 3146	0 1129	1	1
5 3146	4 373	1	1
5 3146	4 2623	1	1
5 3146	1 1524	1	1
5 3146	3 781	1	1
5 3147	2 4320	1	1
5 3147	0 258	1	1
5 3147	2 3249	1	1
5 3147	0 1490	1	1
5 3147	4 2037	1	1
5 3147	4 3383	1	1
5 3148	7 3163	1	1
5 3148	1 2304	1	1
5 3148	4 887	1	1
5 3148	7 4706	1	1
5 3148	0 817	1	1
5 3148	1 2566	1	1
5 3149	5 3740	1	1
5 3149	4 260	1	1
5 3149	2 3928	1	1
5 3149	6 3564	1	1
5 3149	0 1654	1	1
5 3149	0 4999	1	1
5 3150	4 4600	1	1
5 3150	2 4444	1	1
5 3150	6 3254	1	1
5 3150	3 1737	1	1
5 3150	6 1559	1	1
5 3150	2 3601	1	1
5 3151	5 4584	1	1
5 3151	5 1039	1	1
5 3151	0 3094	1	1
5 3151	2 374	1	1
5 3151	7 1637	1	1
5 3151	0 3095	1	1
5 3152	5 38	1	1
5 3152	4 1511	1	1
5 3152	4 361	1	1
5 3152	7 1114	1	1
5 3152	4 4751	1	1
5 3152	7 2256	1	1
5 3153	5 1192	1	1
5 3153	5 2858	1	1
5 3153	6 2612	1	1
5 3153	6 4328	1	1
5 3153	1 4749	1	1
5 3153	4 1542	1	1
5 3154	5 1932	1	1
5 3154	5 2869	1	1
5 3154	6 4544	1	1
5 3154	1 3361	1	1
5 3154	2 2539	1	1
5 3154	2 3907	1	1
5 3155	0 4275	1	1
5 3155	0 2977	1	1
5 3155	0 220	1	1
5 3155	0 201	1	1
5 3155	4 2884	1	1
5 3155	7 1886	1	1
5 3156	5 1154	1	1
5 3156	6 2458	1	1
5 3156	1 4652	1	1
5 3156	2 1519	1	1
5 3156	4 287	1	1
5 3156	0 1440	1	1
5 3157	3 4655	1	1
5 3157	6 4437	1	1
5 3157	6 3138	1	1
5 3157	1 922	1	1
5 3157	4 1336	1	1
5 3157	3 4323	1	1
5 3158	1 3510	1	1
5 3158	2 2443	1	1
5 3158	3 816	1	1
5 3158	7 260	1	1
5 3158	4 3781	1	1
5 3158	0 3544	1	1
5 3159	5 4918	1	1
5 3159	6 3180	1	1
5 3159	4 2325	1	1
5 3159	4 4986	1	1
5 3159	1 3430	1	1
5 3159	2 4144	1	1
5 3160	3 4235	1	1
5 3160	1 2014	1	1
5 3160	1 418	1	1
5 3160	3 2561	1	1
5 3160	3 4876	1	1
5 3160	2 1136	1	1
5 3161	4 4552	1	1
5 3161	0 2722	1	1
5 3161	7 4608	1	1
5 3161	3 4222	1	1
5 3161	0 4126	1	1
5 3161	2 2897	1	1
5 3162	5 4985	1	1
5 3162	5 3851	1	1
5 3162	1 1156	1	1
5 3162	3 429	1	1
5 3162	7 1060	1	1
5 3162	2 3787	1	1
5 3163	5 1932	1	1
5 3163	5 1899	1	1
5 3163	2 2773	1	1
5 3163	1 1099	1	1
5 3163	6 3994	1	1
5 3163	4 4660	1	1
5 3164	0 3723	1	1
5 3164	1 4766	1	1
5 3164	1 1621	1	1
5 3164	6 458	1	1
5 3164	6 828	1	1
5 3164	2 1410	1	1
5 3165	5 4879	1	1
5 3165	6 4820	1	1
5 3165	7 4757	1	1
5 3165	6 44	1	1
5 3165	1 3365	1	1
5 3165	4 4133	1	1
5 3166	5 3285	1	1
5 3166	5 4056	1	1
5 3166	5 1924	1	1
5 3166	5 3663	1	1
5 3166	4 1461	1	1
5 3166	4 4833	1	1
5 3167	5 4625	1	1
5 3167	7 1036	1	1
5 3167	3 1323	1	1
5 3167	2 718	1	1
5 3167	3 4266	1	1
5 3167	3 3631	1	1
5 3168	2 292	1	1
5 3168	4 1776	1	1
5 3168	7 3638	1	1
5 3168	0 90	1	1
5 3168	7 3762	1	1
5 3168	1 4475	1	1
5 3169	2 3349	1	1
5 3169	3 2699	1	1
5 3169	2 1669	1	1
5 3169	2 632	1	1
5 3169	3 4267	1	1
5 3169	6 747	1	1
5 3170	6 1918	1	1
5 3170	3 3617	1	1
5 3170	4 1971	1	1
5 3170	6 325	1	1
5 3170	6 408	1	1
5 3170	3 1066	1	1
5 3171	4 4006	1	1
5 3171	7 2331	1	1
5 3171	6 1758	1	1
5 3171	4 4487	1	1
5 3171	0 669	1	1
5 3171	3 3194	1	1
5 3172	5 492	1	1
5 3172	3 4134	1	1
5 3172	6 290	1	1
5 3172	6 1976	1	1
5 3172	3 4978	1	1
5 3172	1 976	1	1
5 3173	7 2818	1	1
5 3173	6 4823	1	1
5 3173	4 3932	1	1
5 3173	6 2859	1	1
5 3173	2 1170	1	1
5 3173	6 1570	1	1
5 3174	5 3116	1	1
5 3174	2 4330	1	1
5 3174	3 85	1	1
5 3174	1 1017	1	1
5 3174	2 1215	1	1
5 3174	2 1839	1	1
5 3175	5 3843	1	1
5 3175	2 185	1	1
5 3175	2 2460	1	1
5 3175	7 434	1	1
5 3175	7 6	1	1
5 3175	1 4130	1	1
5 3176	7 2811	1	1
5 3176	2 1664	1	1
5 3176	2 1334	1	1
5 3176	6 2156	1	1
5 3176	0 2259	1	1
5 3176	1 3811	1	1
5 3177	5 4333	1	1
5 3177	6 4047	1	1
5 3177	4 4607	1	1
5 3177	7 542	1	1
5 3177	4 4284	1	1
5 3177	4 1018	1	1
5 3178	5 4486	1	1
5 3178	1 2252	1	1
5 3178	7 3860	1	1
5 3178	6 1776	1	1
5 3178	3 2860	1	1
5 3178	7 1431	1	1
5 3179	5 3386	1	1
5 3179	6 3686	1	1
5 3179	4 4830	1	1
5 3179	4 378	1	1
5 3179	2 1800	1	1
5 3179	7 3243	1	1
5 3180	5 1153	1	1
5 3180	7 3657	1	1
5 3180	7 1927	1	1
5 3180	2 3720	1	1
5 3180	1 3345	1	1
5 3180	1 1881	1	1
5 3181	5 1981	1	1
5 3181	7 4987	1	1
5 3181	7 2398	1	1
5 3181	2 2659	1	1
5 3181	4 2719	1	1
5 3181	2 4254	1	1
5 3182	5 742	1	1
5 3182	5 4307	1	1
5 3182	0 4403	1	1
5 3182	6 4844	1	1
5 3182	6 4845	1	1
5 3182	3 4674	1	1
5 3183	5 2253	1	1
5 3183	6 4974	1	1
5 3183	6 4725	1	1
5 3183	0 3862	1	1
5 3183	0 2941	1	1
5 3183	1 1231	1	1
5 3184	6 2219	1	1
5 3184	4 4033	1	1
5 3184	4 2416	1	1
5 3184	2 2966	1	1
5 3184	3 1846	1	1
5 3184	7 2822	1	1
5 3185	2 1338	1	1
5 3185	1 1627	1	1
5 3185	7 2346	1	1
5 3185	3 3828	1	1
5 3185	0 2903	1	1
5 3185	6 1401	1	1
5 3186	6 559	1	1
5 3186	4 906	1	1
5 3186	2 166	1	1
5 3186	2 3509	1	1
5 3186	4 1998	1	1
5 3186	7 3395	1	1
5 3187	5 4193	1	1
5 3187	2 3842	1	1
5 3187	6 1545	1	1
5 3187	0 1306	1	1
5 3187	3 3409	1	1
5 3187	7 1780	1	1
5 3188	5 3801	1	1
5 3188	4 4138	1	1
5 3188	1 3744	1	1
5 3188	6 4013	1	1
5 3188	0 4487	1	1
5 3188	1 3619	1	1
5 3189	2 2987	1	1
5 3189	3 1081	1	1
5 3189	3 3345	1	1
5 3189	1 4692	1	1
5 3189	2 2513	1	1
5 3189	0 4351	1	1
5 3190	5 535	1	1
5 3190	2 3159	1	1
5 3190	3 855	1	1
5 3190	7 4041	1	1
5 3190	3 453	1	1
5 3190	4 262	1	1
5 3191	5 610	1	1
5 3191	5 2216	1	1
5 3191	5 2596	1	1
5 3191	3 2420	1	1
5 3191	2 880	1	1
5 3191	3 2570	1	1
5 3192	1 4292	1	1
5 3192	3 3451	1	1
5 3192	1 3492	1	1
5 3192	7 1004	1	1
5 3192	6 3792	1	1
5 3192	7 1877	1	1
5 3193	5 992	1	1
5 3193	1 3727	1	1
5 3193	7 2596	1	1
5 3193	4 3361	1	1
5 3193	6 1680	1	1
5 3193	1 3904	1	1
5 3194	6 4390	1	1
5 3194	0 2773	1	1
5 3194	0 2975	1	1
5 3194	2 589	1	1
5 3194	4 4095	1	1
5 3194	2 160	1	1
5 3195	5 2663	1	1
5 3195	5 1562	1	1
5 3195	6 2269	1	1
5 3195	4 3286	1	1
5 3195	7 3328	1	1
5 3195	3 1435	1	1
5 3196	5 66	1	1
5 3196	3 3784	1	1
5 3196	6 318	1	1
5 3196	1 1942	1	1
5 3196	7 2171	1	1
5 3196	7 2609	1	1
5 3197	5 3590	1	1
5 3197	6 4629	1	1
5 3197	2 3821	1	1
5 3197	4 3517	1	1
5 3197	6 4263	1	1
5 3197	7 3117	1	1
5 3198	6 4066	1	1
5 3198	6 954	1	1
5 3198	4 1402	1	1
5 3198	6 4284	1	1
5 3198	7 1566	1	1
5 3198	3 1868	1	1
5 3199	5 800	1	1
5 3199	5 3982	1	1
5 3199	6 3406	1	1
5 3199	7 1581	1	1
5 3199	6 271	1	1
5 3199	2 542	1	1
5 3200	3 4360	1	1
5 3200	0 2783	1	1
5 3200	6 3090	1	1
5 3200	4 1389	1	1
5 3200	2 918	1	1
5 3200	7 577	1	1
5 3201	6 531	1	1
5 3201	1 4722	1	1
5 3201	7 2960	1	1
5 3201	3 1715	1	1
5 3201	1 4348	1	1
5 3201	6 180	1	1
5 3202	1 957	1	1
5 3202	6 787	1	1
5 3202	2 530	1	1
5 3202	7 52	1	1
5 3202	3 1902	1	1
5 3202	0 2472	1	1
5 3203	5 4235	1	1
5 3203	5 1402	1	1
5 3203	3 2657	1	1
5 3203	3 1285	1	1
5 3203	7 4613	1	1
5 3203	6 1861	1	1
5 3204	0 3969	1	1
5 3204	2 4159	1	1
5 3204	1 516	1	1
5 3204	1 4163	1	1
5 3204	1 1817	1	1
5 3204	6 1855	1	1
5 3205	5 1744	1	1
5 3205	5 4164	1	1
5 3205	1 4231	1	1
5 3205	4 4660	1	1
5 3205	4 1709	1	1
5 3205	6 2709	1	1
5 3206	5 4310	1	1
5 3206	2 1305	1	1
5 3206	7 811	1	1
5 3206	3 1677	1	1
5 3206	1 956	1	1
5 3206	2 4677	1	1
5 3207	0 1417	1	1
5 3207	3 4852	1	1
5 3207	4 706	1	1
5 3207	4 3795	1	1
5 3207	4 4277	1	1
5 3207	2 1369	1	1
5 3208	5 3022	1	1
5 3208	0 2383	1	1
5 3208	0 866	1	1
5 3208	1 4885	1	1
5 3208	7 4489	1	1
5 3208	1 2040	1	1
5 3209	0 499	1	1
5 3209	3 2589	1	1
5 3209	6 3638	1	1
5 3209	6 956	1	1
5 3209	0 3816	1	1
5 3209	6 3152	1	1
5 3210	5 2380	1	1
5 3210	4 3434	1	1
5 3210	4 1132	1	1
5 3210	0 3570	1	1
5 3210	3 3785	1	1
5 3210	6 2071	1	1
5 3211	5 2905	1	1
5 3211	3 1662	1	1
5 3211	2 3269	1	1
5 3211	1 961	1	1
5 3211	7 1203	1	1
5 3211	6 4282	1	1
5 3212	4 4751	1	1
5 3212	7 915	1	1
5 3212	2 3142	1	1
5 3212	4 3872	1	1
5 3212	0 2094	1	1
5 3212	7 3386	1	1
5 3213	0 2588	1	1
5 3213	3 2072	1	1
5 3213	2 1687	1	1
5 3213	1 512	1	1
5 3213	1 1237	1	1
5 3213	2 1591	1	1
5 3214	7 4839	1	1
5 3214	7 4746	1	1
5 3214	1 1341	1	1
5 3214	6 3135	1	1
5 3214	3 3438	1	1
5 3214	0 1546	1	1
5 3215	5 2388	1	1
5 3215	4 75	1	1
5 3215	3 439	1	1
5 3215	1 4366	1	1
5 3215	2 4997	1	1
5 3215	7 841	1	1
5 3216	5 3745	1	1
5 3216	1 4241	1	1
5 3216	7 4446	1	1
5 3216	2 3424	1	1
5 3216	4 649	1	1
5 3216	7 4553	1	1
5 3217	7 4024	1	1
5 3217	4 2471	1	1
5 3217	1 3724	1	1
5 3217	3 477	1	1
5 3217	0 2319	1	1
5 3217	2 31	1	1
5 3218	5 863	1	1
5 3218	1 4965	1	1
5 3218	4 3996	1	1
5 3218	4 2282	1	1
5 3218	4 4663	1	1
5 3218	1 1641	1	1
5 3219	5 4555	1	1
5 3219	0 1258	1	1
5 3219	1 748	1	1
5 3219	6 52	1	1
5 3219	1 4073	1	1
5 3219	0 2038	1	1
5 3220	5 3060	1	1
5 3220	5 4746	1	1
5 3220	4 2037	1	1
5 3220	6 365	1	1
5 3220	7 1102	1	1
5 3220	0 3930	1	1
5 3221	5 43	1	1
5 3221	2 3897	1	1
5 3221	6 4470	1	1
5 3221	0 1334	1	1
5 3221	6 2280	1	1
5 3221	1 790	1	1
5 3222	5 2894	1	1
5 3222	4 2430	1	1
5 3222	6 172	1	1
5 3222	3 540	1	1
5 3222	6 3471	1	1
5 3222	4 4532	1	1
5 3223	2 1956	1	1
5 3223	7 203	1	1
5 3223	0 2330	1	1
5 3223	3 95	1	1
5 3223	3 4420	1	1
5 3223	3 3246	1	1
5 3224	5 3866	1	1
5 3224	3 2249	1	1
5 3224	2 1600	1	1
5 3224	6 4412	1	1
5 3224	4 3763	1	1
5 3224	7 198	1	1
5 3225	5 1800	1	1
5 3225	6 3673	1	1
5 3225	1 4453	1	1
5 3225	0 561	1	1
5 3225	6 1352	1	1
5 3225	6 2207	1	1
5 3226	5 1936	1	1
5 3226	3 3450	1	1
5 3226	7 4463	1	1
5 3226	0 2000	1	1
5 3226	2 3443	1	1
5 3226	6 3581	1	1
5 3227	7 3750	1	1
5 3227	3 4646	1	1
5 3227	7 3933	1	1
5 3227	6 1874	1	1
5 3227	4 2558	1	1
5 3227	4 4961	1	1
5 3228	5 53	1	1
5 3228	4 2763	1	1
5 3228	4 2269	1	1
5 3228	7 1996	1	1
5 3228	7 1188	1	1
5 3228	4 4076	1	1
5 3229	1 1583	1	1
5 3229	7 159	1	1
5 3229	6 1836	1	1
5 3229	3 3293	1	1
5 3229	2 4735	1	1
5 3229	7 1543	1	1
5 3230	7 4294	1	1
5 3230	6 2467	1	1
5 3230	2 2261	1	1
5 3230	6 1186	1	1
5 3230	3 3212	1	1
5 3230	4 1636	1	1
5 3231	0 1759	1	1
5 3231	3 2767	1	1
5 3231	6 1476	1	1
5 3231	3 2616	1	1
5 3231	7 79	1	1
5 3231	7 4284	1	1
5 3232	5 2706	1	1
5 3232	5 2227	1	1
5 3232	4 4327	1	1
5 3232	4 3277	1	1
5 3232	4 1803	1	1
5 3232	6 139	1	1
5 3233	5 518	1	1
5 3233	6 4725	1	1
5 3233	4 127	1	1
5 3233	1 768	1	1
5 3233	0 682	1	1
5 3233	0 827	1	1
5 3234	5 1330	1	1
5 3234	4 802	1	1
5 3234	1 2711	1	1
5 3234	2 4522	1	1
5 3234	2 2404	1	1
5 3234	7 3316	1	1
5 3235	5 2004	1	1
5 3235	3 2281	1	1
5 3235	3 3516	1	1
5 3235	6 2059	1	1
5 3235	7 1871	1	1
5 3235	2 3422	1	1
5 3236	1 1137	1	1
5 3236	3 4503	1	1
5 3236	3 1849	1	1
5 3236	1 2466	1	1
5 3236	3 2881	1	1
5 3236	0 3216	1	1
5 3237	7 3616	1	1
5 3237	0 2363	1	1
5 3237	1 2536	1	1
5 3237	6 412	1	1
5 3237	3 4426	1	1
5 3237	2 1640	1	1
5 3238	3 4297	1	1
5 3238	0 75	1	1
5 3238	4 3557	1	1
5 3238	4 3034	1	1
5 3238	0 2276	1	1
5 3238	3 2990	1	1
5 3239	5 4495	1	1
5 3239	3 2926	1	1
5 3239	0 4285	1	1
5 3239	1 2707	1	1
5 3239	4 1538	1	1
5 3239	1 4151	1	1
5 3240	5 1508	1	1
5 3240	5 3149	1	1
5 3240	4 2130	1	1
5 3240	6 2146	1	1
5 3240	2 1601	1	1
5 3240	1 4984	1	1
5 3241	1 495	1	1
5 3241	6 1676	1	1
5 3241	1 730	1	1
5 3241	3 2576	1	1
5 3241	3 630	1	1
5 3241	7 3535	1	1
5 3242	7 871	1	1
5 3242	2 967	1	1
5 3242	1 4842	1	1
5 3242	3 1563	1	1
5 3242	6 1527	1	1
5 3242	7 533	1	1
5 3243	2 1724	1	1
5 3243	2 2649	1	1
5 3243	1 4372	1	1
5 3243	0 470	1	1
5 3243	6 2785	1	1
5 3243	2 318	1	1
5 3244	5 458	1	1
5 3244	7 4474	1	1
5 3244	0 1451	1	1
5 3244	0 2736	1	1
5 3244	0 3976	1	1
5 3244	4 2580	1	1
5 3245	5 1433	1	1
5 3245	3 1655	1	1
5 3245	0 591	1	1
5 3245	6 2725	1	1
5 3245	3 531	1	1
5 3245	3 405	1	1
5 3246	5 3804	1	1
5 3246	3 4189	1	1
5 3246	4 1635	1	1
5 3246	1 2127	1	1
5 3246	4 4888	1	1
5 3246	3 4128	1	1
5 3247	5 4656	1	1
5 3247	0 2313	1	1
5 3247	2 2941	1	1
5 3247	3 4333	1	1
5 3247	4 2107	1	1
5 3247	1 2818	1	1
5 3248	5 685	1	1
5 3248	2 2953	1	1
5 3248	6 4426	1	1
5 3248	6 1901	1	1
5 3248	4 3265	1	1
5 3248	3 2195	1	1
5 3249	5 571	1	1
5 3249	1 2348	1	1
5 3249	0 3224	1	1
5 3249	0 2022	1	1
5 3249	7 4795	1	1
5 3249	3 2033	1	1
5 3250	2 269	1	1
5 3250	2 3421	1	1
5 3250	6 960	1	1
5 3250	3 1353	1	1
5 3250	4 3046	1	1
5 3250	7 4473	1	1
5 3251	5 512	1	1
5 3251	3 37	1	1
5 3251	7 1520	1	1
5 3251	4 3090	1	1
5 3251	3 3668	1	1
5 3251	6 2067	1	1
5 3252	5 650	1	1
5 3252	1 543	1	1
5 3252	6 2746	1	1
5 3252	2 2971	1	1
5 3252	1 394	1	1
5 3252	6 3180	1	1
5 3253	1 1269	1	1
5 3253	0 1589	1	1
5 3253	6 3324	1	1
5 3253	7 3472	1	1
5 3253	4 3330	1	1
5 3253	0 612	1	1
5 3254	5 1454	1	1
5 3254	7 3762	1	1
5 3254	3 291	1	1
5 3254	2 4761	1	1
5 3254	4 2516	1	1
5 3254	1 2427	1	1
5 3255	4 1351	1	1
5 3255	2 4602	1	1
5 3255	3 1143	1	1
5 3255	6 1585	1	1
5 3255	4 2919	1	1
5 3255	4 793	1	1
5 3256	1 1764	1	1
5 3256	3 1472	1	1
5 3256	6 2209	1	1
5 3256	7 872	1	1
5 3256	1 2879	1	1
5 3256	4 735	1	1
5 3257	5 159	1	1
5 3257	2 1459	1	1
5 3257	2 732	1	1
5 3257	2 4390	1	1
5 3257	6 4557	1	1
5 3257	6 1608	1	1
5 3258	5 32	1	1
5 3258	5 1406	1	1
5 3258	6 4854	1	1
5 3258	4 2706	1	1
5 3258	4 4014	1	1
5 3258	2 1372	1	1
5 3259	3 3407	1	1
5 3259	2 1601	1	1
5 3259	6 1346	1	1
5 3259	2 1229	1	1
5 3259	1 2954	1	1
5 3259	6 1250	1	1
5 3260	2 2871	1	1
5 3260	4 2707	1	1
5 3260	6 4721	1	1
5 3260	0 1562	1	1
5 3260	1 2417	1	1
5 3260	7 556	1	1
5 3261	5 103	1	1
5 3261	5 3447	1	1
5 3261	6 62	1	1
5 3261	0 3351	1	1
5 3261	6 441	1	1
5 3261	1 3474	1	1
5 3262	5 911	1	1
5 3262	4 4279	1	1
5 3262	7 4873	1	1
5 3262	4 665	1	1
5 3262	0 299	1	1
5 3262	1 4778	1	1
5 3263	5 195	1	1
5 3263	2 3447	1	1
5 3263	3 1427	1	1
5 3263	0 3001	1	1
5 3263	3 1929	1	1
5 3263	7 2003	1	1
5 3264	0 4274	1	1
5 3264	4 945	1	1
5 3264	3 2641	1	1
5 3264	2 3070	1	1
5 3264	6 2864	1	1
5 3264	2 523	1	1
5 3265	0 3228	1	1
5 3265	3 1403	1	1
5 3265	4 4692	1	1
5 3265	3 3831	1	1
5 3265	6 4375	1	1
5 3265	3 1892	1	1
5 3266	4 4851	1	1
5 3266	4 3742	1	1
5 3266	1 2888	1	1
5 3266	0 2877	1	1
5 3266	2 2383	1	1
5 3266	6 908	1	1
5 3267	5 2462	1	1
5 3267	6 4208	1	1
5 3267	7 101	1	1
5 3267	7 4009	1	1
5 3267	1 4398	1	1
5 3267	6 2767	1	1
5 3268	5 1421	1	1
5 3268	7 3755	1	1
5 3268	7 2531	1	1
5 3268	4 3612	1	1
5 3268	7 4642	1	1
5 3268	0 4684	1	1
5 3269	3 990	1	1
5 3269	0 3365	1	1
5 3269	3 578	1	1
5 3269	7 547	1	1
5 3269	3 2132	1	1
5 3269	7 3473	1	1
5 3270	5 3860	1	1
5 3270	4 1268	1	1
5 3270	1 3472	1	1
5 3270	2 2221	1	1
5 3270	0 1685	1	1
5 3270	4 4154	1	1
5 3271	5 2939	1	1
5 3271	5 4536	1	1
5 3271	1 98	1	1
5 3271	6 326	1	1
5 3271	4 1707	1	1
5 3271	1 1705	1	1
5 3272	5 3068	1	1
5 3272	6 2315	1	1
5 3272	6 1779	1	1
5 3272	6 2375	1	1
5 3272	3 405	1	1
5 3272	3 779	1	1
5 3273	5 3189	1	1
5 3273	2 3284	1	1
5 3273	1 1259	1	1
5 3273	6 1528	1	1
5 3273	1 2890	1	1
5 3273	7 3926	1	1
5 3274	5 1206	1	1
5 3274	7 4251	1	1
5 3274	0 2184	1	1
5 3274	2 4184	1	1
5 3274	1 1528	1	1
5 3274	3 2154	1	1
5 3275	2 3103	1	1
5 3275	4 3503	1	1
5 3275	1 1713	1	1
5 3275	2 4623	1	1
5 3275	6 1935	1	1
5 3275	2 4610	1	1
5 3276	0 1451	1	1
5 3276	4 554	1	1
5 3276	4 1611	1	1
5 3276	6 713	1	1
5 3276	7 1977	1	1
5 3276	4 739	1	1
5 3277	5 1998	1	1
5 3277	6 4048	1	1
5 3277	0 1864	1	1
5 3277	4 2508	1	1
5 3277	7 2721	1	1
5 3277	2 3496	1	1
5 3278	5 2432	1	1
5 3278	5 4398	1	1
5 3278	4 3779	1	1
5 3278	2 3521	1	1
5 3278	1 3979	1	1
5 3278	0 2418	1	1
5 3279	6 3929	1	1
5 3279	3 271	1	1
5 3279	2 2303	1	1
5 3279	1 1519	1	1
5 3279	4 2070	1	1
5 3279	7 3012	1	1
5 3280	5 1854	1	1
5 3280	0 3237	1	1
5 3280	6 4682	1	1
5 3280	1 443	1	1
5 3280	4 23	1	1
5 3280	2 3608	1	1
5 3281	3 1189	1	1
5 3281	4 4953	1	1
5 3281	4 2206	1	1
5 3281	7 4923	1	1
5 3281	4 3445	1	1
5 3281	3 4603	1	1
5 3282	7 1945	1	1
5 3282	7 3373	1	1
5 3282	0 3534	1	1
5 3282	0 3656	1	1
5 3282	1 4590	1	1
5 3282	0 3145	1	1
5 3283	3 1395	1	1
5 3283	6 3903	1	1
5 3283	1 802	1	1
5 3283	4 1002	1	1
5 3283	7 3018	1	1
5 3283	6 2610	1	1
5 3284	5 4663	1	1
5 3284	4 1637	1	1
5 3284	2 2524	1	1
5 3284	1 950	1	1
5 3284	1 3344	1	1
5 3284	6 2381	1	1
5 3285	5 4514	1	1
5 3285	5 343	1	1
5 3285	4 1003	1	1
5 3285	0 859	1	1
5 3285	2 598	1	1
5 3285	0 1496	1	1
5 3286	5 4806	1	1
5 3286	5 2764	1	1
5 3286	0 4917	1	1
5 3286	2 4155	1	1
5 3286	0 2923	1	1
5 3286	6 1412	1	1
5 3287	5 3569	1	1
5 3287	5 2616	1	1
5 3287	2 459	1	1
5 3287	0 1340	1	1
5 3287	4 3585	1	1
5 3287	3 4027	1	1
5 3288	5 2171	1	1
5 3288	0 1818	1	1
5 3288	7 4441	1	1
5 3288	0 4417	1	1
5 3288	4 97	1	1
5 3288	1 2176	1	1
5 3289	5 681	1	1
5 3289	3 2831	1	1
5 3289	1 4861	1	1
5 3289	3 1153	1	1
5 3289	1 4747	1	1
5 3289	4 4648	1	1
5 3290	5 3436	1	1
5 3290	2 1448	1	1
5 3290	4 1440	1	1
5 3290	3 2762	1	1
5 3290	7 1012	1	1
5 3290	6 2123	1	1
5 3291	5 3714	1	1
5 3291	0 858	1	1
5 3291	1 4187	1	1
5 3291	1 3328	1	1
5 3291	3 2233	1	1
5 3291	4 1847	1	1
5 3292	7 2729	1	1
5 3292	4 3984	1	1
5 3292	3 1939	1	1
5 3292	2 2308	1	1
5 3292	6 3057	1	1
5 3292	6 3841	1	1
5 3293	5 3082	1	1
5 3293	1 4430	1	1
5 3293	1 808	1	1
5 3293	7 441	1	1
5 3293	2 3649	1	1
5 3293	7 431	1	1
5 3294	3 2400	1	1
5 3294	0 1992	1	1
5 3294	6 693	1	1
5 3294	6 4527	1	1
5 3294	6 3511	1	1
5 3294	4 194	1	1
5 3295	3 4147	1	1
5 3295	0 362	1	1
5 3295	3 3888	1	1
5 3295	0 1681	1	1
5 3295	1 3342	1	1
5 3295	0 3450	1	1
5 3296	1 1972	1	1
5 3296	7 1920	1	1
5 3296	2 1673	1	1
5 3296	0 4372	1	1
5 3296	0 899	1	1
5 3296	3 3661	1	1
5 3297	5 3088	1	1
5 3297	3 2965	1	1
5 3297	4 660	1	1
5 3297	1 1691	1	1
5 3297	3 448	1	1
5 3297	3 223	1	1
5 3298	6 939	1	1
5 3298	0 3262	1	1
5 3298	1 4837	1	1
5 3298	6 1670	1	1
5 3298	1 2349	1	1
5 3298	6 2962	1	1
5 3299	5 4361	1	1
5 3299	2 2180	1	1
5 3299	2 3394	1	1
5 3299	6 4178	1	1
5 3299	7 142	1	1
5 3299	6 3952	1	1
5 3300	3 3199	1	1
5 3300	2 3736	1	1
5 3300	2 1886	1	1
5 3300	2 3600	1	1
5 3300	7 2492	1	1
5 3300	3 1474	1	1
5 3301	2 4694	1	1
5 3301	2 1054	1	1
5 3301	6 4237	1	1
5 3301	6 3077	1	1
5 3301	7 3357	1	1
5 3301	7 1964	1	1
5 3302	5 3980	1	1
5 3302	5 1634	1	1
5 3302	6 1896	1	1
5 3302	4 4496	1	1
5 3302	6 2655	1	1
5 3302	1 3671	1	1
5 3303	0 2749	1	1
5 3303	0 3918	1	1
5 3303	7 3063	1	1
5 3303	1 558	1	1
5 3303	6 1196	1	1
5 3303	0 1655	1	1
5 3304	5 4372	1	1
5 3304	7 4345	1	1
5 3304	0 1919	1	1
5 3304	4 1792	1	1
5 3304	0 4904	1	1
5 3304	2 2260	1	1
5 3305	4 781	1	1
5 3305	4 4990	1	1
5 3305	6 3166	1	1
5 3305	7 263	1	1
5 3305	7 74	1	1
5 3305	3 1495	1	1
5 3306	5 693	1	1
5 3306	5 3598	1	1
5 3306	0 4627	1	1
5 3306	2 4033	1	1
5 3306	4 3574	1	1
5 3306	6 2710	1	1
5 3307	5 3859	1	1
5 3307	3 828	1	1
5 3307	7 1275	1	1
5 3307	4 144	1	1
5 3307	4 3936	1	1
5 3307	2 4789	1	1
5 3308	4 1500	1	1
5 3308	2 2296	1	1
5 3308	7 3368	1	1
5 3308	6 4898	1	1
5 3308	7 552	1	1
5 3308	3 4921	1	1
5 3309	7 2577	1	1
5 3309	2 2370	1	1
5 3309	7 3889	1	1
5 3309	7 62	1	1
5 3309	3 4355	1	1
5 3309	1 1811	1	1
5 3310	5 2371	1	1
5 3310	0 1703	1	1
5 3310	1 2187	1	1
5 3310	4 3624	1	1
5 3310	3 4545	1	1
5 3310	4 3578	1	1
5 3311	5 4606	1	1
5 3311	0 1353	1	1
5 3311	3 1976	1	1
5 3311	4 4782	1	1
5 3311	4 1499	1	1
5 3311	2 4230	1	1
5 3312	5 2432	1	1
5 3312	5 2984	1	1
5 3312	6 1711	1	1
5 3312	6 1327	1	1
5 3312	4 4963	1	1
5 3312	3 1270	1	1
5 3313	5 1447	1	1
5 3313	3 3447	1	1
5 3313	6 772	1	1
5 3313	1 100	1	1
5 3313	7 1844	1	1
5 3313	1 1895	1	1
5 3314	3 4676	1	1
5 3314	2 602	1	1
5 3314	7 4205	1	1
5 3314	6 1569	1	1
5 3314	7 1858	1	1
5 3314	6 2118	1	1
5 3315	5 891	1	1
5 3315	5 1397	1	1
5 3315	2 222	1	1
5 3315	6 3524	1	1
5 3315	2 695	1	1
5 3315	4 3038	1	1
5 3316	5 19	1	1
5 3316	7 2900	1	1
5 3316	1 238	1	1
5 3316	6 3894	1	1
5 3316	4 3197	1	1
5 3316	1 935	1	1
5 3317	7 4491	1	1
5 3317	1 1729	1	1
5 3317	1 2734	1	1
5 3317	0 2469	1	1
5 3317	3 4150	1	1
5 3317	1 2411	1	1
5 3318	5 3581	1	1
5 3318	1 4500	1	1
5 3318	4 2913	1	1
5 3318	3 4897	1	1
5 3318	7 4502	1	1
5 3318	2 2799	1	1
5 3319	2 1520	1	1
5 3319	2 2771	1	1
5 3319	2 1211	1	1
5 3319	6 1499	1	1
5 3319	2 4953	1	1
5 3319	7 3556	1	1
5 3320	5 4141	1	1
5 3320	2 2060	1	1
5 3320	1 620	1	1
5 3320	7 2174	1	1
5 3320	6 367	1	1
5 3320	1 222	1	1
5 3321	5 1964	1	1
5 3321	2 1576	1	1
5 3321	1 4938	1	1
5 3321	2 2826	1	1
5 3321	4 2278	1	1
5 3321	4 1752	1	1
5 3322	5 2830	1	1
5 3322	6 1406	1	1
5 3322	3 4722	1	1
5 3322	0 4275	1	1
5 3322	6 349	1	1
5 3322	7 1182	1	1
5 3323	0 4099	1	1
5 3323	1 4969	1	1
5 3323	7 1571	1	1
5 3323	6 1874	1	1
5 3323	4 3769	1	1
5 3323	7 2181	1	1
5 3324	5 454	1	1
5 3324	5 2010	1	1
5 3324	0 2622	1	1
5 3324	0 2868	1	1
5 3324	0 1824	1	1
5 3324	7 2172	1	1
5 3325	5 1495	1	1
5 3325	4 1768	1	1
5 3325	0 9	1	1
5 3325	6 3114	1	1
5 3325	4 343	1	1
5 3325	3 292	1	1
5 3326	5 1261	1	1
5 3326	5 467	1	1
5 3326	7 4574	1	1
5 3326	7 484	1	1
5 3326	1 3312	1	1
5 3326	4 1765	1	1
5 3327	7 1273	1	1
5 3327	2 4387	1	1
5 3327	4 3302	1	1
5 3327	6 3014	1	1
5 3327	3 2338	1	1
5 3327	1 2777	1	1
5 3328	2 2610	1	1
5 3328	1 2984	1	1
5 3328	4 720	1	1
5 3328	1 1390	1	1
5 3328	0 1479	1	1
5 3328	2 1091	1	1
5 3329	5 4794	1	1
5 3329	5 1515	1	1
5 3329	7 2985	1	1
5 3329	3 4750	1	1
5 3329	1 261	1	1
5 3329	3 2836	1	1
5 3330	7 4115	1	1
5 3330	4 4918	1	1
5 3330	6 1177	1	1
5 3330	6 494	1	1
5 3330	7 2570	1	1
5 3330	6 197	1	1
5 3331	2 4586	1	1
5 3331	1 3295	1	1
5 3331	3 1025	1	1
5 3331	0 64	1	1
5 3331	6 2515	1	1
5 3331	0 1739	1	1
5 3332	5 4300	1	1
5 3332	1 552	1	1
5 3332	1 29	1	1
5 3332	4 1632	1	1
5 3332	2 1604	1	1
5 3332	7 2824	1	1
5 3333	5 4354	1	1
5 3333	2 2338	1	1
5 3333	2 1070	1	1
5 3333	4 4109	1	1
5 3333	7 1133	1	1
5 3333	4 4761	1	1
5 3334	1 3917	1	1
5 3334	7 2225	1	1
5 3334	0 426	1	1
5 3334	7 3321	1	1
5 3334	4 2581	1	1
5 3334	7 1259	1	1
5 3335	0 1073	1	1
5 3335	1 1898	1	1
5 3335	6 3202	1	1
5 3335	6 4885	1	1
5 3335	2 1217	1	1
5 3335	6 2316	1	1
5 3336	5 4598	1	1
5 3336	4 2915	1	1
5 3336	6 1661	1	1
5 3336	6 690	1	1
5 3336	4 2179	1	1
5 3336	6 4987	1	1
5 3337	5 2863	1	1
5 3337	6 565	1	1
5 3337	7 3363	1	1
5 3337	1 1654	1	1
5 3337	1 1216	1	1
5 3337	7 469	1	1
5 3338	5 3216	1	1
5 3338	5 1895	1	1
5 3338	2 1451	1	1
5 3338	6 1525	1	1
5 3338	6 1237	1	1
5 3338	4 2335	1	1
5 3339	6 3439	1	1
5 3339	6 3260	1	1
5 3339	6 3576	1	1
5 3339	1 3916	1	1
5 3339	7 166	1	1
5 3339	2 1809	1	1
5 3340	5 3922	1	1
5 3340	7 3371	1	1
5 3340	3 1136	1	1
5 3340	4 3247	1	1
5 3340	3 2099	1	1
5 3340	1 4970	1	1
5 3341	5 3364	1	1
5 3341	2 1019	1	1
5 3341	4 2350	1	1
5 3341	7 3159	1	1
5 3341	1 3648	1	1
5 3341	0 3874	1	1
5 3342	6 3690	1	1
5 3342	2 4098	1	1
5 3342	1 157	1	1
5 3342	4 2498	1	1
5 3342	0 1928	1	1
5 3342	6 9	1	1
5 3343	4 993	1	1
5 3343	7 310	1	1
5 3343	0 1063	1	1
5 3343	3 4165	1	1
5 3343	1 2778	1	1
5 3343	6 3396	1	1
5 3344	5 3265	1	1
5 3344	1 1631	1	1
5 3344	4 1498	1	1
5 3344	6 4325	1	1
5 3344	0 1958	1	1
5 3344	6 4334	1	1
5 3345	5 4539	1	1
5 3345	7 3473	1	1
5 3345	3 1865	1	1
5 3345	7 4105	1	1
5 3345	1 3620	1	1
5 3345	4 858	1	1
5 3346	5 603	1	1
5 3346	1 472	1	1
5 3346	7 4819	1	1
5 3346	0 1819	1	1
5 3346	0 4960	1	1
5 3346	7 4771	1	1
5 3347	2 1609	1	1
5 3347	0 4444	1	1
5 3347	4 3726	1	1
5 3347	6 3817	1	1
5 3347	7 1042	1	1
5 3347	3 4686	1	1
5 3348	5 1074	1	1
5 3348	5 15	1	1
5 3348	0 1177	1	1
5 3348	0 80	1	1
5 3348	0 2445	1	1
5 3348	6 2600	1	1
5 3349	0 2758	1	1
5 3349	1 3980	1	1
5 3349	0 2175	1	1
5 3349	6 3074	1	1
5 3349	0 4003	1	1
5 3349	6 2283	1	1
5 3350	5 2965	1	1
5 3350	1 1817	1	1
5 3350	0 2542	1	1
5 3350	3 3018	1	1
5 3350	6 2744	1	1
5 3350	4 4349	1	1
5 3351	5 3930	1	1
5 3351	4 3229	1	1
5 3351	1 3050	1	1
5 3351	7 4649	1	1
5 3351	6 951	1	1
5 3351	0 3036	1	1
5 3352	5 972	1	1
5 3352	1 259	1	1
5 3352	3 1665	1	1
5 3352	3 3521	1	1
5 3352	3 3304	1	1
5 3352	2 4255	1	1
5 3353	5 4853	1	1
5 3353	5 3069	1	1
5 3353	3 1907	1	1
5 3353	0 3701	1	1
5 3353	0 2190	1	1
5 3353	0 3815	1	1
5 3354	5 1087	1	1
5 3354	2 2412	1	1
5 3354	4 690	1	1
5 3354	1 1726	1	1
5 3354	1 3596	1	1
5 3354	6 2634	1	1
5 3355	6 4051	1	1
5 3355	7 2515	1	1
5 3355	7 3517	1	1
5 3355	0 1022	1	1
5 3355	2 2863	1	1
5 3355	1 116	1	1
5 3356	5 3380	1	1
5 3356	6 1322	1	1
5 3356	0 1924	1	1
5 3356	3 4097	1	1
5 3356	2 806	1	1
5 3356	6 3989	1	1
5 3357	5 612	1	1
5 3357	5 4063	1	1
5 3357	4 3456	1	1
5 3357	3 1866	1	1
5 3357	4 4261	1	1
5 3357	2 2725	1	1
5 3358	5 2961	1	1
5 3358	7 2842	1	1
5 3358	4 2564	1	1
5 3358	3 3378	1	1
5 3358	0 3856	1	1
5 3358	1 3874	1	1
5 3359	5 3051	1	1
5 3359	7 3680	1	1
5 3359	0 392	1	1
5 3359	2 2402	1	1
5 3359	6 1249	1	1
5 3359	0 3428	1	1
5 3360	5 223	1	1
5 3360	3 4491	1	1
5 3360	7 1511	1	1
5 3360	4 285	1	1
5 3360	3 4611	1	1
5 3360	7 4794	1	1
5 3361	7 3978	1	1
5 3361	6 2624	1	1
5 3361	2 3405	1	1
5 3361	6 4362	1	1
5 3361	6 4516	1	1
5 3361	3 3934	1	1
5 3362	5 3933	1	1
5 3362	0 827	1	1
5 3362	3 2655	1	1
5 3362	0 458	1	1
5 3362	1 3285	1	1
5 3362	1 2143	1	1
5 3363	2 297	1	1
5 3363	7 2850	1	1
5 3363	1 197	1	1
5 3363	7 1036	1	1
5 3363	6 1686	1	1
5 3363	1 1144	1	1
5 3364	5 4563	1	1
5 3364	1 3866	1	1
5 3364	0 806	1	1
5 3364	3 4769	1	1
5 3364	1 4129	1	1
5 3364	3 3268	1	1
5 3365	1 1043	1	1
5 3365	7 333	1	1
5 3365	7 3656	1	1
5 3365	7 3783	1	1
5 3365	4 1292	1	1
5 3365	6 273	1	1
5 3366	5 3102	1	1
5 3366	5 1893	1	1
5 3366	3 1402	1	1
5 3366	7 3107	1	1
5 3366	2 2069	1	1
5 3366	4 2752	1	1
5 3367	3 2388	1	1
5 3367	1 3573	1	1
5 3367	7 4283	1	1
5 3367	4 4843	1	1
5 3367	7 997	1	1
5 3367	7 910	1	1
5 3368	5 4758	1	1
5 3368	1 2873	1	1
5 3368	3 37	1	1
5 3368	7 3741	1	1
5 3368	1 1674	1	1
5 3368	1 2070	1	1
5 3369	0 1493	1	1
5 3369	7 2914	1	1
5 3369	6 1882	1	1
5 3369	6 3725	1	1
5 3369	0 260	1	1
5 3369	2 1431	1	1
5 3370	3 716	1	1
5 3370	1 701	1	1
5 3370	1 4799	1	1
5 3370	2 1435	1	1
5 3370	0 4986	1	1
5 3370	0 3254	1	1
5 3371	4 3470	1	1
5 3371	2 2508	1	1
5 3371	4 168	1	1
5 3371	7 481	1	1
5 3371	7 1694	1	1
5 3371	2 3158	1	1
5 3372	5 615	1	1
5 3372	5 2614	1	1
5 3372	4 154	1	1
5 3372	4 922	1	1
5 3372	3 163	1	1
5 3372	6 3084	1	1
5 3373	5 4900	1	1
5 3373	5 2854	1	1
5 3373	3 2880	1	1
5 3373	6 1029	1	1
5 3373	2 2654	1	1
5 3373	1 1107	1	1
5 3374	6 2324	1	1
5 3374	7 1398	1	1
5 3374	7 2000	1	1
5 3374	4 2602	1	1
5 3374	1 4592	1	1
5 3374	1 2314	1	1
5 3375	5 4352	1	1
5 3375	1 2664	1	1
5 3375	4 707	1	1
5 3375	6 525	1	1
5 3375	7 2261	1	1
5 3375	6 762	1	1
5 3376	5 1240	1	1
5 3376	2 227	1	1
5 3376	7 2210	1	1
5 3376	3 4089	1	1
5 3376	1 181	1	1
5 3376	6 3229	1	1
5 3377	5 2171	1	1
5 3377	6 2938	1	1
5 3377	1 3010	1	1
5 3377	0 4386	1	1
5 3377	7 3051	1	1
5 3377	2 820	1	1
5 3378	5 2379	1	1
5 3378	6 2233	1	1
5 3378	7 2138	1	1
5 3378	3 1425	1	1
5 3378	0 2375	1	1
5 3378	2 1418	1	1
5 3379	5 1079	1	1
5 3379	5 4962	1	1
5 3379	1 4021	1	1
5 3379	4 1077	1	1
5 3379	4 2391	1	1
5 3379	2 1757	1	1
5 3380	5 2900	1	1
5 3380	6 4106	1	1
5 3380	7 67	1	1
5 3380	0 2574	1	1
5 3380	4 3385	1	1
5 3380	4 3652	1	1
5 3381	7 1245	1	1
5 3381	2 989	1	1
5 3381	4 211	1	1
5 3381	0 4213	1	1
5 3381	6 2116	1	1
5 3381	6 2285	1	1
5 3382	5 947	1	1
5 3382	5 4126	1	1
5 3382	0 4508	1	1
5 3382	3 826	1	1
5 3382	3 1683	1	1
5 3382	1 347	1	1
5 3383	5 2836	1	1
5 3383	4 877	1	1
5 3383	0 2135	1	1
5 3383	3 2408	1	1
5 3383	1 3115	1	1
5 3383	1 1705	1	1
5 3384	5 3043	1	1
5 3384	3 3413	1	1
5 3384	1 2068	1	1
5 3384	4 4753	1	1
5 3384	4 3790	1	1
5 3384	7 2673	1	1
5 3385	5 4740	1	1
5 3385	7 3190	1	1
5 3385	7 761	1	1
5 3385	1 175	1	1
5 3385	6 3641	1	1
5 3385	2 1935	1	1
5 3386	7 3459	1	1
5 3386	4 1513	1	1
5 3386	6 4686	1	1
5 3386	7 2882	1	1
5 3386	6 3617	1	1
5 3386	7 1111	1	1
5 3387	5 4043	1	1
5 3387	3 1565	1	1
5 3387	0 3030	1	1
5 3387	7 4403	1	1
5 3387	4 192	1	1
5 3387	7 3841	1	1
5 3388	1 1882	1	1
5 3388	4 953	1	1
5 3388	0 3962	1	1
5 3388	3 2004	1	1
5 3388	7 2525	1	1
5 3388	1 3855	1	1
5 3389	3 789	1	1
5 3389	0 3370	1	1
5 3389	2 2811	1	1
5 3389	0 3030	1	1
5 3389	7 4534	1	1
5 3389	3 3870	1	1
5 3390	5 397	1	1
5 3390	2 4228	1	1
5 3390	6 2796	1	1
5 3390	6 1898	1	1
5 3390	4 471	1	1
5 3390	7 3361	1	1
5 3391	3 2324	1	1
5 3391	0 260	1	1
5 3391	4 4188	1	1
5 3391	7 2831	1	1
5 3391	4 410	1	1
5 3391	1 3142	1	1
5 3392	5 2107	1	1
5 3392	5 3614	1	1
5 3392	3 2851	1	1
5 3392	6 3634	1	1
5 3392	3 1533	1	1
5 3392	4 3980	1	1
5 3393	3 3751	1	1
5 3393	3 1619	1	1
5 3393	1 2696	1	1
5 3393	0 102	1	1
5 3393	1 3457	1	1
5 3393	1 2759	1	1
5 3394	5 1905	1	1
5 3394	6 2089	1	1
5 3394	6 2813	1	1
5 3394	3 928	1	1
5 3394	0 913	1	1
5 3394	1 1434	1	1
5 3395	5 1362	1	1
5 3395	2 2269	1	1
5 3395	2 1051	1	1
5 3395	3 1437	1	1
5 3395	1 910	1	1
5 3395	2 4242	1	1
5 3396	5 4674	1	1
5 3396	5 3289	1	1
5 3396	4 193	1	1
5 3396	2 129	1	1
5 3396	0 4835	1	1
5 3396	0 2788	1	1
5 3397	0 215	1	1
5 3397	6 1575	1	1
5 3397	7 579	1	1
5 3397	0 1275	1	1
5 3397	0 1059	1	1
5 3397	7 3781	1	1
5 3398	7 4992	1	1
5 3398	1 2303	1	1
5 3398	3 3958	1	1
5 3398	6 3587	1	1
5 3398	2 4324	1	1
5 3398	0 3216	1	1
5 3399	6 4753	1	1
5 3399	2 4611	1	1
5 3399	3 4027	1	1
5 3399	3 3435	1	1
5 3399	3 2744	1	1
5 3399	1 101	1	1
5 3400	7 860	1	1
5 3400	1 2729	1	1
5 3400	6 229	1	1
5 3400	7 4337	1	1
5 3400	2 3430	1	1
5 3400	3 1689	1	1
5 3401	2 1172	1	1
5 3401	2 260	1	1
5 3401	2 4283	1	1
5 3401	7 1738	1	1
5 3401	6 230	1	1
5 3401	2 492	1	1
5 3402	5 3224	1	1
5 3402	5 3968	1	1
5 3402	3 1613	1	1
5 3402	2 2945	1	1
5 3402	2 4308	1	1
5 3402	1 3446	1	1
5 3403	5 19	1	1
5 3403	4 1539	1	1
5 3403	1 2564	1	1
5 3403	6 824	1	1
5 3403	2 4339	1	1
5 3403	1 2721	1	1
5 3404	5 3660	1	1
5 3404	6 1902	1	1
5 3404	1 1294	1	1
5 3404	2 34	1	1
5 3404	4 4536	1	1
5 3404	6 2803	1	1
5 3405	5 2932	1	1
5 3405	7 1252	1	1
5 3405	6 596	1	1
5 3405	3 1511	1	1
5 3405	2 4797	1	1
5 3405	4 523	1	1
5 3406	2 3983	1	1
5 3406	2 1274	1	1
5 3406	2 2929	1	1
5 3406	1 3504	1	1
5 3406	4 4763	1	1
5 3406	4 4717	1	1
5 3407	5 695	1	1
5 3407	1 1463	1	1
5 3407	7 1544	1	1
5 3407	1 1993	1	1
5 3407	6 2080	1	1
5 3407	3 522	1	1
5 3408	1 3489	1	1
5 3408	3 4981	1	1
5 3408	2 3711	1	1
5 3408	4 2555	1	1
5 3408	4 548	1	1
5 3408	2 985	1	1
5 3409	5 3820	1	1
5 3409	5 1299	1	1
5 3409	6 2651	1	1
5 3409	0 2659	1	1
5 3409	7 2660	1	1
5 3409	7 2457	1	1
5 3410	3 4375	1	1
5 3410	2 4894	1	1
5 3410	1 1167	1	1
5 3410	4 4266	1	1
5 3410	1 2259	1	1
5 3410	6 2382	1	1
5 3411	2 1478	1	1
5 3411	0 3211	1	1
5 3411	0 1180	1	1
5 3411	1 3671	1	1
5 3411	3 2021	1	1
5 3411	2 3927	1	1
5 3412	3 3607	1	1
5 3412	7 529	1	1
5 3412	0 4857	1	1
5 3412	4 1199	1	1
5 3412	2 1113	1	1
5 3412	0 2573	1	1
5 3413	5 3071	1	1
5 3413	3 1071	1	1
5 3413	1 2123	1	1
5 3413	0 3949	1	1
5 3413	3 4900	1	1
5 3413	0 4469	1	1
5 3414	5 727	1	1
5 3414	6 2782	1	1
5 3414	3 2937	1	1
5 3414	6 1111	1	1
5 3414	6 1985	1	1
5 3414	3 426	1	1
5 3415	6 1836	1	1
5 3415	3 217	1	1
5 3415	0 3392	1	1
5 3415	0 3519	1	1
5 3415	0 1087	1	1
5 3415	0 1860	1	1
5 3416	5 98	1	1
5 3416	0 1763	1	1
5 3416	2 4916	1	1
5 3416	3 1528	1	1
5 3416	4 37	1	1
5 3416	3 4680	1	1
5 3417	0 4819	1	1
5 3417	3 98	1	1
5 3417	2 4768	1	1
5 3417	6 1482	1	1
5 3417	3 1926	1	1
5 3417	0 3753	1	1
5 3418	5 3923	1	1
5 3418	5 4497	1	1
5 3418	5 3791	1	1
5 3418	0 4296	1	1
5 3418	1 3516	1	1
5 3418	4 3552	1	1
5 3419	5 1461	1	1
5 3419	7 2022	1	1
5 3419	7 4529	1	1
5 3419	7 1443	1	1
5 3419	4 4133	1	1
5 3419	6 1729	1	1
5 3420	5 716	1	1
5 3420	7 915	1	1
5 3420	1 3666	1	1
5 3420	1 3466	1	1
5 3420	0 4571	1	1
5 3420	6 1678	1	1
5 3421	5 3494	1	1
5 3421	5 2057	1	1
5 3421	3 2198	1	1
5 3421	0 2042	1	1
5 3421	3 3261	1	1
5 3421	1 791	1	1
5 3422	5 141	1	1
5 3422	4 2592	1	1
5 3422	7 1220	1	1
5 3422	1 401	1	1
5 3422	4 2906	1	1
5 3422	6 3458	1	1
5 3423	5 3530	1	1
5 3423	1 11	1	1
5 3423	0 4139	1	1
5 3423	7 1928	1	1
5 3423	6 4340	1	1
5 3423	4 2189	1	1
5 3424	6 4835	1	1
5 3424	4 1150	1	1
5 3424	3 3558	1	1
5 3424	1 4619	1	1
5 3424	6 2063	1	1
5 3424	7 3986	1	1
5 3425	5 2839	1	1
5 3425	7 4132	1	1
5 3425	0 1665	1	1
5 3425	0 3159	1	1
5 3425	3 2	1	1
5 3425	4 1023	1	1
5 3426	5 3906	1	1
5 3426	4 4603	1	1
5 3426	2 981	1	1
5 3426	0 2120	1	1
5 3426	0 1050	1	1
5 3426	6 1804	1	1
5 3427	5 3959	1	1
5 3427	5 4953	1	1
5 3427	4 2043	1	1
5 3427	1 2780	1	1
5 3427	6 3025	1	1
5 3427	0 1040	1	1
5 3428	3 4648	1	1
5 3428	4 240	1	1
5 3428	4 1898	1	1
5 3428	3 313	1	1
5 3428	6 1772	1	1
5 3428	1 903	1	1
5 3429	2 4416	1	1
5 3429	3 4317	1	1
5 3429	0 4586	1	1
5 3429	1 504	1	1
5 3429	2 2165	1	1
5 3429	3 4975	1	1
5 3430	2 4587	1	1
5 3430	6 1292	1	1
5 3430	0 166	1	1
5 3430	1 63	1	1
5 3430	3 4506	1	1
5 3430	2 3181	1	1
5 3431	5 253	1	1
5 3431	3 4291	1	1
5 3431	6 1698	1	1
5 3431	4 2367	1	1
5 3431	7 3266	1	1
5 3431	3 1616	1	1
5 3432	5 4513	1	1
5 3432	1 1804	1	1
5 3432	2 693	1	1
5 3432	7 461	1	1
5 3432	3 4681	1	1
5 3432	4 4959	1	1
5 3433	7 1475	1	1
5 3433	1 557	1	1
5 3433	3 4712	1	1
5 3433	4 168	1	1
5 3433	0 2752	1	1
5 3433	0 2253	1	1
5 3434	5 502	1	1
5 3434	0 791	1	1
5 3434	2 1334	1	1
5 3434	2 4881	1	1
5 3434	2 421	1	1
5 3434	4 846	1	1
5 3435	5 4179	1	1
5 3435	3 3828	1	1
5 3435	7 1379	1	1
5 3435	0 1111	1	1
5 3435	1 3479	1	1
5 3435	6 2868	1	1
5 3436	6 3293	1	1
5 3436	6 3731	1	1
5 3436	0 2169	1	1
5 3436	7 3519	1	1
5 3436	2 433	1	1
5 3436	1 4175	1	1
5 3437	5 4594	1	1
5 3437	5 1308	1	1
5 3437	7 3986	1	1
5 3437	0 3972	1	1
5 3437	0 2390	1	1
5 3437	6 3540	1	1
5 3438	4 2069	1	1
5 3438	6 2988	1	1
5 3438	7 3935	1	1
5 3438	0 305	1	1
5 3438	1 4456	1	1
5 3438	7 761	1	1
5 3439	2 511	1	1
5 3439	7 4942	1	1
5 3439	4 3811	1	1
5 3439	1 1178	1	1
5 3439	7 4081	1	1
5 3439	3 2489	1	1
5 3440	7 826	1	1
5 3440	4 794	1	1
5 3440	0 780	1	1
5 3440	3 2299	1	1
5 3440	6 4206	1	1
5 3440	1 3812	1	1
5 3441	4 2835	1	1
5 3441	3 2236	1	1
5 3441	6 3109	1	1
5 3441	7 4867	1	1
5 3441	7 83	1	1
5 3441	7 1315	1	1
5 3442	1 3933	1	1
5 3442	7 257	1	1
5 3442	6 4473	1	1
5 3442	7 1428	1	1
5 3442	7 1328	1	1
5 3442	0 745	1	1
5 3443	5 4757	1	1
5 3443	0 2154	1	1
5 3443	1 2776	1	1
5 3443	6 4127	1	1
5 3443	4 1147	1	1
5 3443	6 1484	1	1
5 3444	5 702	1	1
5 3444	6 2123	1	1
5 3444	6 3693	1	1
5 3444	1 4726	1	1
5 3444	1 1101	1	1
5 3444	4 3307	1	1
5 3445	6 191	1	1
5 3445	2 859	1	1
5 3445	3 4776	1	1
5 3445	1 2159	1	1
5 3445	3 547	1	1
5 3445	1 500	1	1
5 3446	5 739	1	1
5 3446	5 1985	1	1
5 3446	2 3439	1	1
5 3446	4 2788	1	1
5 3446	4 3328	1	1
5 3446	7 4675	1	1
5 3447	5 4818	1	1
5 3447	1 3779	1	1
5 3447	4 4884	1	1
5 3447	4 4246	1	1
5 3447	4 2924	1	1
5 3447	7 738	1	1
5 3448	3 3355	1	1
5 3448	1 3639	1	1
5 3448	4 1545	1	1
5 3448	0 159	1	1
5 3448	3 4245	1	1
5 3448	3 1317	1	1
5 3449	5 500	1	1
5 3449	6 3097	1	1
5 3449	7 3771	1	1
5 3449	7 1250	1	1
5 3449	7 3538	1	1
5 3449	1 3456	1	1
5 3450	5 3713	1	1
5 3450	3 1475	1	1
5 3450	2 2452	1	1
5 3450	0 2367	1	1
5 3450	7 2110	1	1
5 3450	1 2734	1	1
5 3451	4 4432	1	1
5 3451	7 4393	1	1
5 3451	3 4246	1	1
5 3451	1 4863	1	1
5 3451	0 3321	1	1
5 3451	4 4922	1	1
5 3452	5 442	1	1
5 3452	7 3291	1	1
5 3452	4 2252	1	1
5 3452	6 3220	1	1
5 3452	0 921	1	1
5 3452	2 2616	1	1
5 3453	5 1266	1	1
5 3453	5 2703	1	1
5 3453	3 2153	1	1
5 3453	4 2835	1	1
5 3453	3 1948	1	1
5 3453	0 3100	1	1
5 3454	4 1529	1	1
5 3454	3 4556	1	1
5 3454	1 18	1	1
5 3454	6 2280	1	1
5 3454	3 4824	1	1
5 3454	2 4328	1	1
5 3455	5 1805	1	1
5 3455	5 1128	1	1
5 3455	2 4299	1	1
5 3455	4 2339	1	1
5 3455	7 2466	1	1
5 3455	3 2437	1	1
5 3456	5 3640	1	1
5 3456	3 524	1	1
5 3456	0 4666	1	1
5 3456	4 3490	1	1
5 3456	7 2948	1	1
5 3456	2 1133	1	1
5 3457	5 3390	1	1
5 3457	3 3435	1	1
5 3457	1 424	1	1
5 3457	7 3872	1	1
5 3457	0 2913	1	1
5 3457	0 3199	1	1
5 3458	7 1419	1	1
5 3458	1 1706	1	1
5 3458	2 465	1	1
5 3458	6 1019	1	1
5 3458	2 4099	1	1
5 3458	2 3542	1	1
5 3459	5 4379	1	1
5 3459	3 418	1	1
5 3459	1 2514	1	1
5 3459	7 755	1	1
5 3459	6 3639	1	1
5 3459	0 3091	1	1
5 3460	5 4892	1	1
5 3460	5 1221	1	1
5 3460	1 1790	1	1
5 3460	4 34	1	1
5 3460	2 1103	1	1
5 3460	1 1715	1	1
5 3461	5 1856	1	1
5 3461	1 272	1	1
5 3461	4 3421	1	1
5 3461	1 3550	1	1
5 3461	7 4365	1	1
5 3461	6 2361	1	1
5 3462	5 3331	1	1
5 3462	1 535	1	1
5 3462	1 2977	1	1
5 3462	1 1273	1	1
5 3462	1 709	1	1
5 3462	4 1978	1	1
5 3463	4 2921	1	1
5 3463	6 4513	1	1
5 3463	2 2449	1	1
5 3463	0 2380	1	1
5 3463	0 404	1	1
5 3463	4 2596	1	1
5 3464	5 4240	1	1
5 3464	2 4666	1	1
5 3464	2 2923	1	1
5 3464	3 372	1	1
5 3464	2 876	1	1
5 3464	7 343	1	1
5 3465	1 2990	1	1
5 3465	2 4089	1	1
5 3465	2 149	1	1
5 3465	3 4462	1	1
5 3465	1 3059	1	1
5 3465	6 1422	1	1
5 3466	5 225	1	1
5 3466	3 403	1	1
5 3466	1 4737	1	1
5 3466	1 2523	1	1
5 3466	4 274	1	1
5 3466	2 3274	1	1
5 3467	5 1704	1	1
5 3467	7 4230	1	1
5 3467	1 2708	1	1
5 3467	3 3096	1	1
5 3467	4 538	1	1
5 3467	2 4230	1	1
5 3468	4 2195	1	1
5 3468	6 1982	1	1
5 3468	4 3203	1	1
5 3468	7 3432	1	1
5 3468	4 3192	1	1
5 3468	3 1924	1	1
5 3469	4 1537	1	1
5 3469	6 1110	1	1
5 3469	3 1241	1	1
5 3469	7 2313	1	1
5 3469	2 1306	1	1
5 3469	1 313	1	1
5 3470	5 584	1	1
5 3470	5 49	1	1
5 3470	7 4248	1	1
5 3470	4 3131	1	1
5 3470	2 4316	1	1
5 3470	1 886	1	1
5 3471	5 4670	1	1
5 3471	7 3689	1	1
5 3471	6 3745	1	1
5 3471	6 420	1	1
5 3471	3 79	1	1
5 3471	4 4450	1	1
5 3472	4 3495	1	1
5 3472	7 3455	1	1
5 3472	4 1635	1	1
5 3472	2 3784	1	1
5 3472	0 2303	1	1
5 3472	2 584	1	1
5 3473	6 1088	1	1
5 3473	4 1543	1	1
5 3473	1 3572	1	1
5 3473	3 3025	1	1
5 3473	3 811	1	1
5 3473	7 2283	1	1
5 3474	5 1713	1	1
5 3474	1 286	1	1
5 3474	1 2408	1	1
5 3474	4 4935	1	1
5 3474	2 4343	1	1
5 3474	3 3267	1	1
5 3475	5 164	1	1
5 3475	5 4216	1	1
5 3475	5 1656	1	1
5 3475	2 4047	1	1
5 3475	6 4480	1	1
5 3475	4 1711	1	1
5 3476	5 1609	1	1
5 3476	4 1150	1	1
5 3476	7 45	1	1
5 3476	1 3624	1	1
5 3476	7 3902	1	1
5 3476	0 1923	1	1
5 3477	6 3889	1	1
5 3477	1 4763	1	1
5 3477	7 2020	1	1
5 3477	2 490	1	1
5 3477	6 1075	1	1
5 3477	6 3910	1	1
5 3478	5 1346	1	1
5 3478	5 3139	1	1
5 3478	5 3160	1	1
5 3478	4 1061	1	1
5 3478	3 496	1	1
5 3478	7 3122	1	1
5 3479	1 2800	1	1
5 3479	2 540	1	1
5 3479	1 2678	1	1
5 3479	3 1399	1	1
5 3479	6 2381	1	1
5 3479	3 535	1	1
5 3480	6 2570	1	1
5 3480	6 324	1	1
5 3480	7 604	1	1
5 3480	6 2044	1	1
5 3480	6 2287	1	1
5 3480	4 1724	1	1
5 3481	6 2775	1	1
5 3481	4 1761	1	1
5 3481	3 4856	1	1
5 3481	1 1077	1	1
5 3481	7 4219	1	1
5 3481	4 451	1	1
5 3482	5 1395	1	1
5 3482	6 1720	1	1
5 3482	6 1828	1	1
5 3482	1 4778	1	1
5 3482	0 4075	1	1
5 3482	0 2194	1	1
5 3483	5 2411	1	1
5 3483	5 55	1	1
5 3483	3 3736	1	1
5 3483	7 669	1	1
5 3483	1 234	1	1
5 3483	1 485	1	1
5 3484	4 4508	1	1
5 3484	4 4474	1	1
5 3484	6 703	1	1
5 3484	4 3581	1	1
5 3484	7 2846	1	1
5 3484	6 2248	1	1
5 3485	5 761	1	1
5 3485	0 767	1	1
5 3485	7 4240	1	1
5 3485	2 4739	1	1
5 3485	6 2960	1	1
5 3485	4 3281	1	1
5 3486	3 4745	1	1
5 3486	1 62	1	1
5 3486	7 2363	1	1
5 3486	3 86	1	1
5 3486	6 1288	1	1
5 3486	6 3552	1	1
5 3487	5 4772	1	1
5 3487	1 2369	1	1
5 3487	7 224	1	1
5 3487	7 2690	1	1
5 3487	0 1851	1	1
5 3487	7 3728	1	1
5 3488	5 2709	1	1
5 3488	4 2756	1	1
5 3488	0 2997	1	1
5 3488	2 4784	1	1
5 3488	4 2793	1	1
5 3488	1 1058	1	1
5 3489	4 3611	1	1
5 3489	0 2487	1	1
5 3489	4 1795	1	1
5 3489	7 4739	1	1
5 3489	0 4887	1	1
5 3489	4 4394	1	1
5 3490	5 4326	1	1
5 3490	0 4354	1	1
5 3490	4 4572	1	1
5 3490	3 2	1	1
5 3490	7 4814	1	1
5 3490	2 4143	1	1
5 3491	2 3381	1	1
5 3491	4 405	1	1
5 3491	3 2078	1	1
5 3491	1 3267	1	1
5 3491	7 2812	1	1
5 3491	3 4665	1	1
5 3492	5 3685	1	1
5 3492	3 674	1	1
5 3492	1 1374	1	1
5 3492	3 4721	1	1
5 3492	2 127	1	1
5 3492	4 492	1	1
5 3493	5 2226	1	1
5 3493	5 1210	1	1
5 3493	5 4207	1	1
5 3493	6 4318	1	1
5 3493	7 847	1	1
5 3493	7 2559	1	1
5 3494	4 4852	1	1
5 3494	2 4973	1	1
5 3494	4 3799	1	1
5 3494	6 184	1	1
5 3494	2 2394	1	1
5 3494	1 1476	1	1
5 3495	5 4843	1	1
5 3495	4 425	1	1
5 3495	0 3275	1	1
5 3495	2 1180	1	1
5 3495	3 603	1	1
5 3495	4 2304	1	1
5 3496	1 4578	1	1
5 3496	1 798	1	1
5 3496	7 156	1	1
5 3496	7 904	1	1
5 3496	6 3441	1	1
5 3496	1 1991	1	1
5 3497	5 3428	1	1
5 3497	4 1694	1	1
5 3497	0 278	1	1
5 3497	2 3415	1	1
5 3497	7 3341	1	1
5 3497	4 4200	1	1
5 3498	5 4449	1	1
5 3498	5 3772	1	1
5 3498	2 540	1	1
5 3498	0 2807	1	1
5 3498	1 2767	1	1
5 3498	1 2983	1	1
5 3499	5 1683	1	1
5 3499	3 1360	1	1
5 3499	1 368	1	1
5 3499	3 1227	1	1
5 3499	3 2903	1	1
5 3499	2 2112	1	1
5 3500	1 1473	1	1
5 3500	2 256	1	1
5 3500	3 664	1	1
5 3500	7 3804	1	1
5 3500	4 793	1	1
5 3500	7 2067	1	1
5 3501	5 1160	1	1
5 3501	6 2286	1	1
5 3501	4 2685	1	1
5 3501	1 4236	1	1
5 3501	3 1945	1	1
5 3501	3 215	1	1
5 3502	7 3405	1	1
5 3502	4 2561	1	1
5 3502	7 2690	1	1
5 3502	4 528	1	1
5 3502	3 942	1	1
5 3502	1 1669	1	1
5 3503	5 4795	1	1
5 3503	4 34	1	1
5 3503	4 2666	1	1
5 3503	7 244	1	1
5 3503	7 1866	1	1
5 3503	1 2411	1	1
5 3504	5 2083	1	1
5 3504	7 4328	1	1
5 3504	6 627	1	1
5 3504	0 4411	1	1
5 3504	2 2530	1	1
5 3504	3 2606	1	1
5 3505	6 2736	1	1
5 3505	4 2176	1	1
5 3505	1 1793	1	1
5 3505	0 2721	1	1
5 3505	3 1566	1	1
5 3505	7 4457	1	1
5 3506	5 2189	1	1
5 3506	5 4481	1	1
5 3506	2 3303	1	1
5 3506	3 566	1	1
5 3506	4 4278	1	1
5 3506	1 569	1	1
5 3507	2 4031	1	1
5 3507	4 1329	1	1
5 3507	7 4542	1	1
5 3507	3 4767	1	1
5 3507	1 4439	1	1
5 3507	2 1381	1	1
5 3508	5 2302	1	1
5 3508	0 4056	1	1
5 3508	3 568	1	1
5 3508	2 617	1	1
5 3508	2 3750	1	1
5 3508	1 4711	1	1
5 3509	5 3702	1	1
5 3509	7 635	1	1
5 3509	0 2638	1	1
5 3509	6 4453	1	1
5 3509	6 2540	1	1
5 3509	7 3159	1	1
5 3510	5 982	1	1
5 3510	5 1358	1	1
5 3510	3 3074	1	1
5 3510	4 2776	1	1
5 3510	4 2725	1	1
5 3510	1 975	1	1
5 3511	1 4201	1	1
5 3511	3 901	1	1
5 3511	2 2325	1	1
5 3511	7 2348	1	1
5 3511	7 16	1	1
5 3511	1 4062	1	1
5 3512	0 4135	1	1
5 3512	7 711	1	1
5 3512	2 3414	1	1
5 3512	1 511	1	1
5 3512	6 2804	1	1
5 3512	0 1075	1	1
5 3513	5 2646	1	1
5 3513	1 1415	1	1
5 3513	4 4277	1	1
5 3513	7 3730	1	1
5 3513	0 2948	1	1
5 3513	6 1962	1	1
5 3514	3 926	1	1
5 3514	4 1752	1	1
5 3514	0 3948	1	1
5 3514	3 4372	1	1
5 3514	3 1787	1	1
5 3514	7 2877	1	1
5 3515	5 3058	1	1
5 3515	1 1432	1	1
5 3515	4 2665	1	1
5 3515	1 1796	1	1
5 3515	2 1680	1	1
5 3515	1 4735	1	1
5 3516	5 680	1	1
5 3516	5 3159	1	1
5 3516	6 2441	1	1
5 3516	1 3362	1	1
5 3516	0 1491	1	1
5 3516	2 1708	1	1
5 3517	2 1766	1	1
5 3517	2 668	1	1
5 3517	4 586	1	1
5 3517	3 3686	1	1
5 3517	3 2670	1	1
5 3517	3 2264	1	1
5 3518	3 4327	1	1
5 3518	2 14	1	1
5 3518	2 119	1	1
5 3518	3 2816	1	1
5 3518	7 3695	1	1
5 3518	3 769	1	1
5 3519	5 384	1	1
5 3519	5 2646	1	1
5 3519	1 3373	1	1
5 3519	3 2520	1	1
5 3519	0 1243	1	1
5 3519	2 738	1	1
5 3520	0 963	1	1
5 3520	3 2400	1	1
5 3520	2 766	1	1
5 3520	6 2078	1	1
5 3520	1 716	1	1
5 3520	6 1396	1	1
5 3521	1 1028	1	1
5 3521	4 2062	1	1
5 3521	3 1100	1	1
5 3521	6 801	1	1
5 3521	3 3871	1	1
5 3521	0 2974	1	1
5 3522	4 2630	1	1
5 3522	0 1818	1	1
5 3522	2 4906	1	1
5 3522	4 1273	1	1
5 3522	1 1069	1	1
5 3522	3 2232	1	1
5 3523	7 2331	1	1
5 3523	4 3541	1	1
5 3523	2 1321	1	1
5 3523	1 4553	1	1
5 3523	2 3926	1	1
5 3523	4 2432	1	1
5 3524	5 944	1	1
5 3524	6 1399	1	1
5 3524	1 1689	1	1
5 3524	4 4734	1	1
5 3524	1 4857	1	1
5 3524	6 2488	1	1
5 3525	5 2065	1	1
5 3525	0 473	1	1
5 3525	2 3001	1	1
5 3525	7 1373	1	1
5 3525	3 3245	1	1
5 3525	3 4437	1	1
5 3526	6 4405	1	1
5 3526	6 3255	1	1
5 3526	1 2152	1	1
5 3526	4 3754	1	1
5 3526	2 150	1	1
5 3526	3 905	1	1
5 3527	5 2116	1	1
5 3527	4 1711	1	1
5 3527	2 4546	1	1
5 3527	1 4523	1	1
5 3527	2 3688	1	1
5 3527	3 4628	1	1
5 3528	5 169	1	1
5 3528	7 802	1	1
5 3528	0 491	1	1
5 3528	1 814	1	1
5 3528	0 108	1	1
5 3528	6 607	1	1
5 3529	2 3963	1	1
5 3529	7 4163	1	1
5 3529	7 3924	1	1
5 3529	0 1458	1	1
5 3529	4 4543	1	1
5 3529	4 4245	1	1
5 3530	5 341	1	1
5 3530	5 2256	1	1
5 3530	6 2365	1	1
5 3530	1 3839	1	1
5 3530	2 4303	1	1
5 3530	6 934	1	1
5 3531	5 4073	1	1
5 3531	6 4453	1	1
5 3531	7 2993	1	1
5 3531	1 4056	1	1
5 3531	7 3718	1	1
5 3531	3 3733	1	1
5 3532	5 3837	1	1
5 3532	4 698	1	1
5 3532	0 194	1	1
5 3532	7 1984	1	1
5 3532	7 4629	1	1
5 3532	6 3565	1	1
5 3533	7 4668	1	1
5 3533	2 242	1	1
5 3533	0 1069	1	1
5 3533	6 2687	1	1
5 3533	3 4863	1	1
5 3533	6 4240	1	1
5 3534	4 4070	1	1
5 3534	1 4203	1	1
5 3534	7 4323	1	1
5 3534	7 1692	1	1
5 3534	4 4549	1	1
5 3534	7 2065	1	1
5 3535	4 1654	1	1
5 3535	6 2277	1	1
5 3535	7 3293	1	1
5 3535	2 2488	1	1
5 3535	7 1492	1	1
5 3535	0 3296	1	1
5 3536	6 607	1	1
5 3536	2 2509	1	1
5 3536	2 1109	1	1
5 3536	2 41	1	1
5 3536	4 4698	1	1
5 3536	0 405	1	1
5 3537	0 3930	1	1
5 3537	7 343	1	1
5 3537	2 3372	1	1
5 3537	0 4535	1	1
5 3537	0 4397	1	1
5 3537	3 355	1	1
5 3538	2 672	1	1
5 3538	0 3258	1	1
5 3538	2 3961	1	1
5 3538	3 4966	1	1
5 3538	2 3453	1	1
5 3538	3 3540	1	1
5 3539	6 1176	1	1
5 3539	1 4895	1	1
5 3539	2 3336	1	1
5 3539	7 1236	1	1
5 3539	6 2926	1	1
5 3539	4 1233	1	1
5 3540	5 4202	1	1
5 3540	3 2316	1	1
5 3540	0 4980	1	1
5 3540	0 2084	1	1
5 3540	0 678	1	1
5 3540	0 2588	1	1
5 3541	5 4575	1	1
5 3541	5 4306	1	1
5 3541	6 611	1	1
5 3541	1 4984	1	1
5 3541	6 430	1	1
5 3541	3 828	1	1
5 3542	0 1510	1	1
5 3542	6 293	1	1
5 3542	6 1803	1	1
5 3542	6 340	1	1
5 3542	1 1063	1	1
5 3542	1 1587	1	1
5 3543	5 4218	1	1
5 3543	6 4758	1	1
5 3543	7 4124	1	1
5 3543	6 2220	1	1
5 3543	4 4997	1	1
5 3543	0 4541	1	1
5 3544	5 3238	1	1
5 3544	6 909	1	1
5 3544	6 1680	1	1
5 3544	7 3072	1	1
5 3544	0 1986	1	1
5 3544	0 1786	1	1
5 3545	5 1795	1	1
5 3545	7 2721	1	1
5 3545	4 4040	1	1
5 3545	1 4673	1	1
5 3545	6 2300	1	1
5 3545	3 4553	1	1
5 3546	5 2601	1	1
5 3546	6 4683	1	1
5 3546	2 4057	1	1
5 3546	3 100	1	1
5 3546	7 2150	1	1
5 3546	2 4589	1	1
5 3547	5 2910	1	1
5 3547	5 748	1	1
5 3547	6 151	1	1
5 3547	4 104	1	1
5 3547	2 1182	1	1
5 3547	1 1970	1	1
5 3548	4 239	1	1
5 3548	2 1825	1	1
5 3548	6 831	1	1
5 3548	0 4822	1	1
5 3548	3 2846	1	1
5 3548	1 1787	1	1
5 3549	4 564	1	1
5 3549	3 4957	1	1
5 3549	0 3584	1	1
5 3549	6 1485	1	1
5 3549	7 4991	1	1
5 3549	2 4916	1	1
5 3550	1 4229	1	1
5 3550	2 1178	1	1
5 3550	6 2415	1	1
5 3550	1 3774	1	1
5 3550	7 4778	1	1
5 3550	7 2307	1	1
5 3551	5 3690	1	1
5 3551	5 4632	1	1
5 3551	6 2904	1	1
5 3551	6 2555	1	1
5 3551	3 4866	1	1
5 3551	6 2395	1	1
5 3552	5 4233	1	1
5 3552	1 2080	1	1
5 3552	7 38	1	1
5 3552	6 3423	1	1
5 3552	7 3247	1	1
5 3552	3 3171	1	1
5 3553	5 1955	1	1
5 3553	5 1522	1	1
5 3553	4 48	1	1
5 3553	3 4858	1	1
5 3553	3 4982	1	1
5 3553	6 1708	1	1
5 3554	0 1959	1	1
5 3554	3 2692	1	1
5 3554	3 207	1	1
5 3554	1 4181	1	1
5 3554	6 2105	1	1
5 3554	4 864	1	1
5 3555	2 3354	1	1
5 3555	7 4803	1	1
5 3555	6 2353	1	1
5 3555	3 4048	1	1
5 3555	3 278	1	1
5 3555	0 4346	1	1
5 3556	5 187	1	1
5 3556	5 2446	1	1
5 3556	1 2355	1	1
5 3556	3 1495	1	1
5 3556	7 1575	1	1
5 3556	0 1245	1	1
5 3557	5 2724	1	1
5 3557	5 4594	1	1
5 3557	3 3079	1	1
5 3557	7 1177	1	1
5 3557	3 4685	1	1
5 3557	0 101	1	1
5 3558	5 2691	1	1
5 3558	7 3429	1	1
5 3558	6 1366	1	1
5 3558	2 1695	1	1
5 3558	2 1692	1	1
5 3558	7 4350	1	1
5 3559	1 2369	1	1
5 3559	3 1550	1	1
5 3559	7 2657	1	1
5 3559	1 257	1	1
5 3559	4 3828	1	1
5 3559	4 4700	1	1
5 3560	4 1661	1	1
5 3560	4 4407	1	1
5 3560	3 1096	1	1
5 3560	6 671	1	1
5 3560	1 4681	1	1
5 3560	2 2702	1	1
5 3561	5 3708	1	1
5 3561	5 4232	1	1
5 3561	7 3214	1	1
5 3561	1 2855	1	1
5 3561	2 1788	1	1
5 3561	6 4663	1	1
5 3562	5 1526	1	1
5 3562	6 273	1	1
5 3562	6 1333	1	1
5 3562	4 4027	1	1
5 3562	4 2922	1	1
5 3562	2 35	1	1
5 3563	2 1044	1	1
5 3563	2 2836	1	1
5 3563	7 290	1	1
5 3563	6 4914	1	1
5 3563	2 3997	1	1
5 3563	1 3743	1	1
5 3564	1 4857	1	1
5 3564	2 4525	1	1
5 3564	7 2204	1	1
5 3564	3 4215	1	1
5 3564	4 3167	1	1
5 3564	4 1183	1	1
5 3565	2 1349	1	1
5 3565	1 4216	1	1
5 3565	3 4834	1	1
5 3565	1 580	1	1
5 3565	3 2634	1	1
5 3565	0 3887	1	1
5 3566	5 4252	1	1
5 3566	2 4261	1	1
5 3566	0 1149	1	1
5 3566	0 3759	1	1
5 3566	6 1468	1	1
5 3566	3 1220	1	1
5 3567	5 3544	1	1
5 3567	0 215	1	1
5 3567	2 2130	1	1
5 3567	6 4325	1	1
5 3567	7 4447	1	1
5 3567	3 4920	1	1
5 3568	5 1320	1	1
5 3568	5 1580	1	1
5 3568	1 2578	1	1
5 3568	0 4315	1	1
5 3568	0 1264	1	1
5 3568	3 2552	1	1
5 3569	7 570	1	1
5 3569	0 4941	1	1
5 3569	4 2185	1	1
5 3569	3 2197	1	1
5 3569	7 1935	1	1
5 3569	1 1750	1	1
5 3570	5 2604	1	1
5 3570	7 3356	1	1
5 3570	2 3888	1	1
5 3570	4 2616	1	1
5 3570	3 3820	1	1
5 3570	3 4954	1	1
5 3571	5 1337	1	1
5 3571	5 581	1	1
5 3571	6 388	1	1
5 3571	1 627	1	1
5 3571	1 123	1	1
5 3571	3 3145	1	1
5 3572	5 4381	1	1
5 3572	3 4985	1	1
5 3572	6 839	1	1
5 3572	3 3537	1	1
5 3572	2 825	1	1
5 3572	1 2277	1	1
5 3573	3 1523	1	1
5 3573	2 1698	1	1
5 3573	4 4403	1	1
5 3573	4 3128	1	1
5 3573	3 2825	1	1
5 3573	3 2653	1	1
5 3574	7 3776	1	1
5 3574	6 236	1	1
5 3574	6 4706	1	1
5 3574	2 3659	1	1
5 3574	4 3313	1	1
5 3574	1 4865	1	1
5 3575	5 2052	1	1
5 3575	4 260	1	1
5 3575	0 89	1	1
5 3575	0 2279	1	1
5 3575	7 4407	1	1
5 3575	3 3277	1	1
5 3576	5 2315	1	1
5 3576	7 4396	1	1
5 3576	3 2306	1	1
5 3576	2 4165	1	1
5 3576	1 824	1	1
5 3576	3 4682	1	1
5 3577	5 503	1	1
5 3577	2 3133	1	1
5 3577	4 2701	1	1
5 3577	7 1255	1	1
5 3577	1 2635	1	1
5 3577	6 2679	1	1
5 3578	2 3233	1	1
5 3578	0 542	1	1
5 3578	7 4138	1	1
5 3578	6 4598	1	1
5 3578	2 1384	1	1
5 3578	0 305	1	1
5 3579	0 4406	1	1
5 3579	3 251	1	1
5 3579	3 406	1	1
5 3579	1 1240	1	1
5 3579	3 1464	1	1
5 3579	2 2705	1	1
5 3580	4 3712	1	1
5 3580	2 4625	1	1
5 3580	3 1952	1	1
5 3580	7 624	1	1
5 3580	2 3945	1	1
5 3580	4 4774	1	1
5 3581	2 2485	1	1
5 3581	7 264	1	1
5 3581	6 3004	1	1
5 3581	1 3145	1	1
5 3581	4 4916	1	1
5 3581	2 4931	1	1
5 3582	6 870	1	1
5 3582	7 4346	1	1
5 3582	7 2969	1	1
5 3582	2 3011	1	1
5 3582	6 1123	1	1
5 3582	6 4067	1	1
5 3583	6 2589	1	1
5 3583	3 177	1	1
5 3583	0 461	1	1
5 3583	4 3781	1	1
5 3583	7 1417	1	1
5 3583	3 2294	1	1
5 3584	5 111	1	1
5 3584	1 1816	1	1
5 3584	2 2327	1	1
5 3584	1 99	1	1
5 3584	0 548	1	1
5 3584	3 2727	1	1
5 3585	5 4399	1	1
5 3585	6 3902	1	1
5 3585	2 3856	1	1
5 3585	7 442	1	1
5 3585	6 1482	1	1
5 3585	1 3704	1	1
5 3586	2 1388	1	1
5 3586	7 96	1	1
5 3586	1 598	1	1
5 3586	0 831	1	1
5 3586	4 1798	1	1
5 3586	2 2839	1	1
5 3587	2 1781	1	1
5 3587	0 1304	1	1
5 3587	0 4561	1	1
5 3587	6 2865	1	1
5 3587	4 1770	1	1
5 3587	6 753	1	1
5 3588	4 1866	1	1
5 3588	6 2994	1	1
5 3588	2 1463	1	1
5 3588	4 3245	1	1
5 3588	3 4458	1	1
5 3588	3 3743	1	1
5 3589	5 3718	1	1
5 3589	1 1281	1	1
5 3589	2 1326	1	1
5 3589	3 289	1	1
5 3589	1 607	1	1
5 3589	0 4672	1	1
5 3590	5 695	1	1
5 3590	2 4016	1	1
5 3590	1 460	1	1
5 3590	7 2473	1	1
5 3590	3 2787	1	1
5 3590	1 2756	1	1
5 3591	3 3245	1	1
5 3591	3 2707	1	1
5 3591	1 773	1	1
5 3591	3 430	1	1
5 3591	7 995	1	1
5 3591	4 4332	1	1
5 3592	4 3643	1	1
5 3592	2 1355	1	1
5 3592	4 1877	1	1
5 3592	2 4590	1	1
5 3592	6 2935	1	1
5 3592	3 623	1	1
5 3593	7 133	1	1
5 3593	7 388	1	1
5 3593	2 3049	1	1
5 3593	6 2001	1	1
5 3593	2 1247	1	1
5 3593	3 4879	1	1
5 3594	5 1775	1	1
5 3594	4 845	1	1
5 3594	0 4169	1	1
5 3594	2 4309	1	1
5 3594	0 4809	1	1
5 3594	7 3718	1	1
5 3595	5 2869	1	1
5 3595	1 1915	1	1
5 3595	3 3728	1	1
5 3595	7 4436	1	1
5 3595	0 3026	1	1
5 3595	3 3361	1	1
5 3596	5 3732	1	1
5 3596	5 1139	1	1
5 3596	5 3887	1	1
5 3596	1 2643	1	1
5 3596	0 3199	1	1
5 3596	1 2008	1	1
5 3597	5 490	1	1
5 3597	7 2842	1	1
5 3597	3 2466	1	1
5 3597	1 3281	1	1
5 3597	4 390	1	1
5 3597	0 3787	1	1
5 3598	1 2831	1	1
5 3598	4 1304	1	1
5 3598	0 1613	1	1
5 3598	0 3240	1	1
5 3598	2 4622	1	1
5 3598	6 2316	1	1
5 3599	5 1806	1	1
5 3599	5 3816	1	1
5 3599	4 3614	1	1
5 3599	1 3356	1	1
5 3599	7 3013	1	1
5 3599	0 273	1	1
5 3600	5 1993	1	1
5 3600	7 2145	1	1
5 3600	3 1977	1	1
5 3600	3 2647	1	1
5 3600	1 1510	1	1
5 3600	0 1949	1	1
5 3601	5 3401	1	1
5 3601	0 3568	1	1
5 3601	4 4070	1	1
5 3601	1 2162	1	1
5 3601	7 1858	1	1
5 3601	6 4267	1	1
5 3602	5 339	1	1
5 3602	7 1932	1	1
5 3602	3 628	1	1
5 3602	1 4482	1	1
5 3602	7 1828	1	1
5 3602	1 2633	1	1
5 3603	5 2668	1	1
5 3603	7 2466	1	1
5 3603	3 376	1	1
5 3603	7 473	1	1
5 3603	0 771	1	1
5 3603	2 3593	1	1
5 3604	3 1744	1	1
5 3604	4 3506	1	1
5 3604	1 2753	1	1
5 3604	1 4701	1	1
5 3604	7 703	1	1
5 3604	2 3759	1	1
5 3605	0 2927	1	1
5 3605	3 1677	1	1
5 3605	0 4282	1	1
5 3605	3 4564	1	1
5 3605	4 4259	1	1
5 3605	4 3490	1	1
5 3606	5 1738	1	1
5 3606	1 570	1	1
5 3606	2 3717	1	1
5 3606	3 3318	1	1
5 3606	3 3438	1	1
5 3606	6 3757	1	1
5 3607	7 3702	1	1
5 3607	4 4449	1	1
5 3607	3 2802	1	1
5 3607	7 2597	1	1
5 3607	6 1629	1	1
5 3607	2 1502	1	1
5 3608	6 1874	1	1
5 3608	6 1620	1	1
5 3608	2 1645	1	1
5 3608	4 1252	1	1
5 3608	1 1257	1	1
5 3608	2 552	1	1
5 3609	2 1903	1	1
5 3609	4 3282	1	1
5 3609	7 3250	1	1
5 3609	7 324	1	1
5 3609	1 2120	1	1
5 3609	7 4785	1	1
5 3610	5 1879	1	1
5 3610	1 1329	1	1
5 3610	6 383	1	1
5 3610	0 2187	1	1
5 3610	0 458	1	1
5 3610	0 3460	1	1
5 3611	2 4481	1	1
5 3611	3 3205	1	1
5 3611	2 1494	1	1
5 3611	3 2259	1	1
5 3611	3 493	1	1
5 3611	0 1125	1	1
5 3612	3 3374	1	1
5 3612	1 4107	1	1
5 3612	6 4677	1	1
5 3612	1 1100	1	1
5 3612	1 3243	1	1
5 3612	3 3576	1	1
5 3613	6 2043	1	1
5 3613	6 83	1	1
5 3613	2 849	1	1
5 3613	6 1223	1	1
5 3613	7 1889	1	1
5 3613	2 646	1	1
5 3614	2 3281	1	1
5 3614	4 1641	1	1
5 3614	7 1688	1	1
5 3614	1 3058	1	1
5 3614	2 2401	1	1
5 3614	1 1945	1	1
5 3615	5 631	1	1
5 3615	5 2338	1	1
5 3615	5 1958	1	1
5 3615	3 900	1	1
5 3615	6 84	1	1
5 3615	3 4754	1	1
5 3616	5 2747	1	1
5 3616	5 2913	1	1
5 3616	5 975	1	1
5 3616	7 273	1	1
5 3616	3 4682	1	1
5 3616	7 4600	1	1
5 3617	2 4452	1	1
5 3617	7 2296	1	1
5 3617	4 3156	1	1
5 3617	3 1672	1	1
5 3617	2 212	1	1
5 3617	6 1987	1	1
5 3618	1 3120	1	1
5 3618	1 4235	1	1
5 3618	4 3341	1	1
5 3618	7 2210	1	1
5 3618	7 1169	1	1
5 3618	7 3798	1	1
5 3619	5 2556	1	1
5 3619	1 176	1	1
5 3619	1 3528	1	1
5 3619	6 396	1	1
5 3619	6 4687	1	1
5 3619	7 1035	1	1
5 3620	6 3827	1	1
5 3620	6 3813	1	1
5 3620	6 1645	1	1
5 3620	3 385	1	1
5 3620	2 787	1	1
5 3620	2 1458	1	1
5 3621	1 2944	1	1
5 3621	0 2548	1	1
5 3621	6 4688	1	1
5 3621	3 4923	1	1
5 3621	2 4877	1	1
5 3621	6 1837	1	1
5 3622	0 3582	1	1
5 3622	1 4861	1	1
5 3622	7 97	1	1
5 3622	7 2861	1	1
5 3622	0 3871	1	1
5 3622	6 2422	1	1
5 3623	3 4316	1	1
5 3623	1 1041	1	1
5 3623	1 4969	1	1
5 3623	7 1183	1	1
5 3623	2 620	1	1
5 3623	0 3083	1	1
5 3624	5 2018	1	1
5 3624	0 1999	1	1
5 3624	3 1300	1	1
5 3624	2 2081	1	1
5 3624	4 2854	1	1
5 3624	1 1140	1	1
5 3625	5 2695	1	1
5 3625	0 1728	1	1
5 3625	6 2242	1	1
5 3625	2 890	1	1
5 3625	0 2406	1	1
5 3625	3 1320	1	1
5 3626	5 1039	1	1
5 3626	6 827	1	1
5 3626	6 2325	1	1
5 3626	0 3737	1	1
5 3626	0 2172	1	1
5 3626	4 2096	1	1
5 3627	4 257	1	1
5 3627	2 3365	1	1
5 3627	4 4596	1	1
5 3627	1 2115	1	1
5 3627	7 3931	1	1
5 3627	4 1895	1	1
5 3628	7 3509	1	1
5 3628	6 33	1	1
5 3628	6 760	1	1
5 3628	1 1699	1	1
5 3628	4 885	1	1
5 3628	0 456	1	1
5 3629	6 1070	1	1
5 3629	6 4880	1	1
5 3629	0 2449	1	1
5 3629	2 3336	1	1
5 3629	0 4786	1	1
5 3629	4 2155	1	1
5 3630	5 59	1	1
5 3630	7 1728	1	1
5 3630	7 635	1	1
5 3630	1 2427	1	1
5 3630	2 4032	1	1
5 3630	0 2088	1	1
5 3631	5 2708	1	1
5 3631	5 1201	1	1
5 3631	7 4563	1	1
5 3631	6 211	1	1
5 3631	4 1343	1	1
5 3631	1 4847	1	1
5 3632	6 4218	1	1
5 3632	4 2368	1	1
5 3632	0 2452	1	1
5 3632	2 4419	1	1
5 3632	6 126	1	1
5 3632	1 3733	1	1
5 3633	0 2807	1	1
5 3633	3 2568	1	1
5 3633	4 4947	1	1
5 3633	3 633	1	1
5 3633	7 1697	1	1
5 3633	1 2829	1	1
5 3634	3 1320	1	1
5 3634	1 3795	1	1
5 3634	6 1569	1	1
5 3634	1 860	1	1
5 3634	1 2224	1	1
5 3634	2 4718	1	1
5 3635	7 3168	1	1
5 3635	1 3910	1	1
5 3635	4 1467	1	1
5 3635	7 814	1	1
5 3635	4 4858	1	1
5 3635	2 1893	1	1
5 3636	5 3173	1	1
5 3636	1 455	1	1
5 3636	1 3272	1	1
5 3636	2 3909	1	1
5 3636	4 635	1	1
5 3636	6 4234	1	1
5 3637	3 4347	1	1
5 3637	4 720	1	1
5 3637	6 3056	1	1
5 3637	6 1346	1	1
5 3637	7 3954	1	1
5 3637	3 4695	1	1
5 3638	5 1966	1	1
5 3638	5 3087	1	1
5 3638	1 1202	1	1
5 3638	0 2625	1	1
5 3638	3 4661	1	1
5 3638	1 4578	1	1
5 3639	0 990	1	1
5 3639	7 1426	1	1
5 3639	7 4312	1	1
5 3639	0 3768	1	1
5 3639	3 1688	1	1
5 3639	1 703	1	1
5 3640	5 4479	1	1
5 3640	3 1741	1	1
5 3640	7 4075	1	1
5 3640	4 370	1	1
5 3640	3 1601	1	1
5 3640	7 494	1	1
5 3641	5 2582	1	1
5 3641	0 2615	1	1
5 3641	1 726	1	1
5 3641	0 398	1	1
5 3641	7 4031	1	1
5 3641	4 2472	1	1
5 3642	5 3216	1	1
5 3642	5 4139	1	1
5 3642	5 1840	1	1
5 3642	2 2439	1	1
5 3642	1 3534	1	1
5 3642	4 2370	1	1
5 3643	3 4781	1	1
5 3643	2 4685	1	1
5 3643	7 1077	1	1
5 3643	2 4911	1	1
5 3643	7 3144	1	1
5 3643	7 4974	1	1
5 3644	5 1557	1	1
5 3644	3 4757	1	1
5 3644	0 4058	1	1
5 3644	0 3631	1	1
5 3644	1 2827	1	1
5 3644	0 1848	1	1
5 3645	5 1208	1	1
5 3645	1 5	1	1
5 3645	6 1418	1	1
5 3645	1 3558	1	1
5 3645	4 4247	1	1
5 3645	0 2974	1	1
5 3646	4 4809	1	1
5 3646	1 4352	1	1
5 3646	0 2489	1	1
5 3646	4 4787	1	1
5 3646	6 3764	1	1
5 3646	4 3853	1	1
5 3647	5 2721	1	1
5 3647	5 1262	1	1
5 3647	3 4155	1	1
5 3647	6 4522	1	1
5 3647	0 4813	1	1
5 3647	2 1882	1	1
5 3648	1 1958	1	1
5 3648	1 843	1	1
5 3648	3 266	1	1
5 3648	1 1596	1	1
5 3648	6 963	1	1
5 3648	6 2890	1	1
5 3649	3 4304	1	1
5 3649	1 760	1	1
5 3649	6 3502	1	1
5 3649	0 4410	1	1
5 3649	0 1836	1	1
5 3649	7 4115	1	1
5 3650	2 262	1	1
5 3650	7 764	1	1
5 3650	4 2442	1	1
5 3650	4 51	1	1
5 3650	1 4907	1	1
5 3650	1 3179	1	1
5 3651	5 4170	1	1
5 3651	5 4178	1	1
5 3651	6 53	1	1
5 3651	3 4496	1	1
5 3651	0 241	1	1
5 3651	0 3700	1	1
5 3652	7 10	1	1
5 3652	4 3326	1	1
5 3652	6 1508	1	1
5 3652	4 4018	1	1
5 3652	0 1210	1	1
5 3652	7 3501	1	1
5 3653	4 2934	1	1
5 3653	7 2033	1	1
5 3653	1 265	1	1
5 3653	7 637	1	1
5 3653	2 1464	1	1
5 3653	7 223	1	1
5 3654	1 3176	1	1
5 3654	7 4898	1	1
5 3654	7 777	1	1
5 3654	1 2546	1	1
5 3654	7 3631	1	1
5 3654	1 3286	1	1
5 3655	1 3539	1	1
5 3655	2 2176	1	1
5 3655	7 13	1	1
5 3655	4 3425	1	1
5 3655	3 3131	1	1
5 3655	6 514	1	1
5 3656	5 2281	1	1
5 3656	3 1667	1	1
5 3656	1 4671	1	1
5 3656	3 2694	1	1
5 3656	0 4350	1	1
5 3656	2 723	1	1
5 3657	6 2731	1	1
5 3657	6 4190	1	1
5 3657	0 4128	1	1
5 3657	7 1714	1	1
5 3657	3 835	1	1
5 3657	0 1800	1	1
5 3658	5 221	1	1
5 3658	5 1233	1	1
5 3658	4 530	1	1
5 3658	3 2149	1	1
5 3658	2 1439	1	1
5 3658	3 1784	1	1
5 3659	5 1551	1	1
5 3659	6 1444	1	1
5 3659	6 1145	1	1
5 3659	4 4978	1	1
5 3659	0 1770	1	1
5 3659	3 4623	1	1
5 3660	5 2762	1	1
5 3660	5 3490	1	1
5 3660	0 2460	1	1
5 3660	6 3407	1	1
5 3660	1 4410	1	1
5 3660	6 597	1	1
5 3661	5 2436	1	1
5 3661	5 523	1	1
5 3661	2 1975	1	1
5 3661	3 3553	1	1
5 3661	6 3810	1	1
5 3661	4 4136	1	1
5 3662	5 3252	1	1
5 3662	6 660	1	1
5 3662	2 3149	1	1
5 3662	7 2508	1	1
5 3662	7 27	1	1
5 3662	0 3470	1	1
5 3663	6 2638	1	1
5 3663	7 2661	1	1
5 3663	1 3938	1	1
5 3663	2 301	1	1
5 3663	3 1751	1	1
5 3663	4 1791	1	1
5 3664	5 4585	1	1
5 3664	4 4683	1	1
5 3664	0 1585	1	1
5 3664	0 2063	1	1
5 3664	3 4525	1	1
5 3664	0 2083	1	1
5 3665	5 342	1	1
5 3665	4 3042	1	1
5 3665	6 1352	1	1
5 3665	2 4142	1	1
5 3665	3 4503	1	1
5 3665	7 3503	1	1
5 3666	5 2019	1	1
5 3666	5 1619	1	1
5 3666	2 3769	1	1
5 3666	0 767	1	1
5 3666	2 3145	1	1
5 3666	4 2641	1	1
5 3667	5 2118	1	1
5 3667	2 4616	1	1
5 3667	7 3022	1	1
5 3667	3 1274	1	1
5 3667	6 1901	1	1
5 3667	2 2615	1	1
5 3668	5 2866	1	1
5 3668	0 4156	1	1
5 3668	3 3713	1	1
5 3668	3 2233	1	1
5 3668	4 1040	1	1
5 3668	7 2047	1	1
5 3669	5 3619	1	1
5 3669	7 3351	1	1
5 3669	1 2431	1	1
5 3669	1 3676	1	1
5 3669	1 1577	1	1
5 3669	1 2215	1	1
5 3670	5 4786	1	1
5 3670	2 339	1	1
5 3670	0 3598	1	1
5 3670	0 2105	1	1
5 3670	6 3119	1	1
5 3670	7 2280	1	1
5 3671	3 4771	1	1
5 3671	7 1031	1	1
5 3671	3 1615	1	1
5 3671	6 3821	1	1
5 3671	3 234	1	1
5 3671	6 389	1	1
5 3672	5 1175	1	1
5 3672	5 2242	1	1
5 3672	2 3139	1	1
5 3672	6 4465	1	1
5 3672	4 1294	1	1
5 3672	6 4490	1	1
5 3673	5 1274	1	1
5 3673	7 857	1	1
5 3673	0 996	1	1
5 3673	4 2841	1	1
5 3673	4 2325	1	1
5 3673	7 1788	1	1
5 3674	5 4979	1	1
5 3674	5 910	1	1
5 3674	1 4289	1	1
5 3674	7 3832	1	1
5 3674	4 1941	1	1
5 3674	0 845	1	1
5 3675	5 2081	1	1
5 3675	1 324	1	1
5 3675	3 758	1	1
5 3675	7 899	1	1
5 3675	0 878	1	1
5 3675	4 3694	1	1
5 3676	5 2454	1	1
5 3676	2 2534	1	1
5 3676	7 4590	1	1
5 3676	7 2493	1	1
5 3676	6 3061	1	1
5 3676	1 3647	1	1
5 3677	5 2713	1	1
5 3677	4 3342	1	1
5 3677	7 700	1	1
5 3677	1 1413	1	1
5 3677	2 3751	1	1
5 3677	1 2050	1	1
5 3678	5 899	1	1
5 3678	6 2465	1	1
5 3678	7 513	1	1
5 3678	3 1681	1	1
5 3678	0 4416	1	1
5 3678	2 1294	1	1
5 3679	5 4201	1	1
5 3679	4 4583	1	1
5 3679	1 2014	1	1
5 3679	3 232	1	1
5 3679	3 1970	1	1
5 3679	2 2085	1	1
5 3680	5 3853	1	1
5 3680	7 149	1	1
5 3680	7 4243	1	1
5 3680	0 376	1	1
5 3680	3 2901	1	1
5 3680	6 669	1	1
5 3681	5 45	1	1
5 3681	2 2068	1	1
5 3681	3 1274	1	1
5 3681	2 2759	1	1
5 3681	3 3846	1	1
5 3681	6 189	1	1
5 3682	5 2501	1	1
5 3682	7 4761	1	1
5 3682	7 4506	1	1
5 3682	2 859	1	1
5 3682	2 4220	1	1
5 3682	1 214	1	1
5 3683	5 1833	1	1
5 3683	3 3314	1	1
5 3683	1 3772	1	1
5 3683	7 4750	1	1
5 3683	1 301	1	1
5 3683	3 4008	1	1
5 3684	5 4718	1	1
5 3684	5 4502	1	1
5 3684	7 4729	1	1
5 3684	3 2404	1	1
5 3684	1 2318	1	1
5 3684	2 3712	1	1
5 3685	3 4568	1	1
5 3685	2 3295	1	1
5 3685	2 143	1	1
5 3685	3 3254	1	1
5 3685	1 882	1	1
5 3685	7 2959	1	1
5 3686	5 3515	1	1
5 3686	6 4273	1	1
5 3686	6 2758	1	1
5 3686	7 1487	1	1
5 3686	3 2821	1	1
5 3686	0 4506	1	1
5 3687	6 1226	1	1
5 3687	0 4753	1	1
5 3687	1 336	1	1
5 3687	0 3291	1	1
5 3687	1 4724	1	1
5 3687	6 1277	1	1
5 3688	7 4712	1	1
5 3688	6 2935	1	1
5 3688	2 4269	1	1
5 3688	6 4125	1	1
5 3688	3 1028	1	1
5 3688	7 550	1	1
5 3689	0 4311	1	1
5 3689	2 1557	1	1
5 3689	0 479	1	1
5 3689	7 1796	1	1
5 3689	6 3980	1	1
5 3689	0 4762	1	1
5 3690	2 231	1	1
5 3690	7 95	1	1
5 3690	6 628	1	1
5 3690	2 3960	1	1
5 3690	7 2626	1	1
5 3690	3 3526	1	1
5 3691	5 1821	1	1
5 3691	1 1068	1	1
5 3691	6 3636	1	1
5 3691	1 4563	1	1
5 3691	2 2822	1	1
5 3691	2 2483	1	1
5 3692	5 3813	1	1
5 3692	6 573	1	1
5 3692	7 3510	1	1
5 3692	4 3957	1	1
5 3692	1 310	1	1
5 3692	0 3355	1	1
5 3693	5 3838	1	1
5 3693	5 1822	1	1
5 3693	4 692	1	1
5 3693	6 4276	1	1
5 3693	1 1857	1	1
5 3693	7 1303	1	1
5 3694	6 5000	1	1
5 3694	3 4976	1	1
5 3694	1 2627	1	1
5 3694	2 3785	1	1
5 3694	6 2006	1	1
5 3694	7 2047	1	1
5 3695	5 4788	1	1
5 3695	6 302	1	1
5 3695	1 4956	1	1
5 3695	3 2892	1	1
5 3695	2 1529	1	1
5 3695	6 3113	1	1
5 3696	7 3733	1	1
5 3696	6 3826	1	1
5 3696	2 2622	1	1
5 3696	4 1160	1	1
5 3696	7 2375	1	1
5 3696	1 2852	1	1
5 3697	5 4258	1	1
5 3697	4 777	1	1
5 3697	4 1790	1	1
5 3697	4 1992	1	1
5 3697	6 773	1	1
5 3697	4 3998	1	1
5 3698	5 4985	1	1
5 3698	4 936	1	1
5 3698	1 926	1	1
5 3698	3 3652	1	1
5 3698	3 4925	1	1
5 3698	2 676	1	1
5 3699	2 672	1	1
5 3699	1 411	1	1
5 3699	6 4979	1	1
5 3699	3 4280	1	1
5 3699	3 3777	1	1
5 3699	6 1341	1	1
5 3700	2 4129	1	1
5 3700	1 1443	1	1
5 3700	6 1966	1	1
5 3700	7 264	1	1
5 3700	6 1791	1	1
5 3700	2 3326	1	1
5 3701	5 3211	1	1
5 3701	6 4657	1	1
5 3701	2 1831	1	1
5 3701	1 3581	1	1
5 3701	1 4971	1	1
5 3701	2 3563	1	1
5 3702	5 3500	1	1
5 3702	4 2979	1	1
5 3702	3 4158	1	1
5 3702	4 4159	1	1
5 3702	3 3427	1	1
5 3702	4 3926	1	1
5 3703	3 1925	1	1
5 3703	7 2291	1	1
5 3703	3 4394	1	1
5 3703	6 1307	1	1
5 3703	0 2785	1	1
5 3703	7 122	1	1
5 3704	6 4302	1	1
5 3704	7 1377	1	1
5 3704	3 2676	1	1
5 3704	4 3791	1	1
5 3704	4 2628	1	1
5 3704	3 1885	1	1
5 3705	5 2670	1	1
5 3705	6 4392	1	1
5 3705	0 3612	1	1
5 3705	4 3035	1	1
5 3705	2 3348	1	1
5 3705	7 4502	1	1
5 3706	1 4155	1	1
5 3706	6 2650	1	1
5 3706	6 468	1	1
5 3706	3 711	1	1
5 3706	7 2313	1	1
5 3706	4 3919	1	1
5 3707	3 833	1	1
5 3707	4 1388	1	1
5 3707	3 1282	1	1
5 3707	2 1866	1	1
5 3707	1 861	1	1
5 3707	1 2315	1	1
5 3708	1 3204	1	1
5 3708	2 3525	1	1
5 3708	2 3388	1	1
5 3708	2 4672	1	1
5 3708	6 4391	1	1
5 3708	6 4001	1	1
5 3709	5 983	1	1
5 3709	1 860	1	1
5 3709	4 3338	1	1
5 3709	2 3570	1	1
5 3709	2 4414	1	1
5 3709	0 3227	1	1
5 3710	5 2838	1	1
5 3710	4 4566	1	1
5 3710	6 598	1	1
5 3710	7 4133	1	1
5 3710	6 1703	1	1
5 3710	7 4147	1	1
5 3711	2 3682	1	1
5 3711	4 3255	1	1
5 3711	1 1424	1	1
5 3711	1 2663	1	1
5 3711	0 4528	1	1
5 3711	1 2050	1	1
5 3712	5 3582	1	1
5 3712	5 4327	1	1
5 3712	3 2291	1	1
5 3712	6 2665	1	1
5 3712	1 3715	1	1
5 3712	0 1036	1	1
5 3713	5 1627	1	1
5 3713	6 440	1	1
5 3713	2 3451	1	1
5 3713	3 1577	1	1
5 3713	6 2572	1	1
5 3713	0 3829	1	1
5 3714	5 769	1	1
5 3714	6 3876	1	1
5 3714	4 4571	1	1
5 3714	0 3770	1	1
5 3714	3 1506	1	1
5 3714	2 3914	1	1
5 3715	5 4843	1	1
5 3715	3 2331	1	1
5 3715	2 4059	1	1
5 3715	2 3106	1	1
5 3715	0 4145	1	1
5 3715	0 3938	1	1
5 3716	3 1713	1	1
5 3716	0 2839	1	1
5 3716	4 3168	1	1
5 3716	0 4132	1	1
5 3716	6 3750	1	1
5 3716	3 4639	1	1
5 3717	5 1564	1	1
5 3717	5 1237	1	1
5 3717	3 3054	1	1
5 3717	0 2070	1	1
5 3717	1 3275	1	1
5 3717	3 4053	1	1
5 3718	5 2026	1	1
5 3718	5 3607	1	1
5 3718	7 1813	1	1
5 3718	2 4425	1	1
5 3718	4 3993	1	1
5 3718	6 3747	1	1
5 3719	7 3835	1	1
5 3719	7 4494	1	1
5 3719	6 2098	1	1
5 3719	7 3330	1	1
5 3719	0 2411	1	1
5 3719	2 1181	1	1
5 3720	5 159	1	1
5 3720	5 3585	1	1
5 3720	0 1606	1	1
5 3720	0 4460	1	1
5 3720	1 4116	1	1
5 3720	4 2651	1	1
5 3721	7 3584	1	1
5 3721	2 2121	1	1
5 3721	1 566	1	1
5 3721	0 3567	1	1
5 3721	0 4648	1	1
5 3721	0 4039	1	1
5 3722	5 3697	1	1
5 3722	5 2194	1	1
5 3722	0 3058	1	1
5 3722	7 3394	1	1
5 3722	2 1658	1	1
5 3722	4 2529	1	1
5 3723	7 342	1	1
5 3723	7 1171	1	1
5 3723	3 4506	1	1
5 3723	3 2709	1	1
5 3723	4 982	1	1
5 3723	0 329	1	1
5 3724	6 3565	1	1
5 3724	1 1548	1	1
5 3724	6 2278	1	1
5 3724	4 1574	1	1
5 3724	7 1704	1	1
5 3724	7 3487	1	1
5 3725	5 4630	1	1
5 3725	7 899	1	1
5 3725	7 2023	1	1
5 3725	2 2946	1	1
5 3725	3 2206	1	1
5 3725	3 30	1	1
5 3726	5 4700	1	1
5 3726	5 4283	1	1
5 3726	3 1781	1	1
5 3726	3 1258	1	1
5 3726	3 2137	1	1
5 3726	3 4823	1	1
5 3727	3 481	1	1
5 3727	4 4937	1	1
5 3727	2 4870	1	1
5 3727	0 417	1	1
5 3727	6 23	1	1
5 3727	4 1598	1	1
5 3728	2 1871	1	1
5 3728	2 3916	1	1
5 3728	0 3175	1	1
5 3728	3 3657	1	1
5 3728	6 1767	1	1
5 3728	7 4290	1	1
5 3729	5 2983	1	1
5 3729	7 2271	1	1
5 3729	4 3794	1	1
5 3729	3 4204	1	1
5 3729	7 4084	1	1
5 3729	3 4907	1	1
5 3730	5 4994	1	1
5 3730	2 4916	1	1
5 3730	1 3615	1	1
5 3730	0 3626	1	1
5 3730	4 3390	1	1
5 3730	2 4708	1	1
5 3731	5 2856	1	1
5 3731	5 453	1	1
5 3731	1 3586	1	1
5 3731	7 4194	1	1
5 3731	3 454	1	1
5 3731	1 4194	1	1
5 3732	0 4391	1	1
5 3732	1 3565	1	1
5 3732	2 4615	1	1
5 3732	0 278	1	1
5 3732	1 4322	1	1
5 3732	2 3838	1	1
5 3733	2 3281	1	1
5 3733	2 1700	1	1
5 3733	7 2122	1	1
5 3733	1 934	1	1
5 3733	7 1158	1	1
5 3733	6 4841	1	1
5 3734	5 2481	1	1
5 3734	7 3714	1	1
5 3734	0 4724	1	1
5 3734	2 2566	1	1
5 3734	1 4634	1	1
5 3734	4 2520	1	1
5 3735	5 1855	1	1
5 3735	0 124	1	1
5 3735	2 1453	1	1
5 3735	6 1485	1	1
5 3735	2 1476	1	1
5 3735	0 2891	1	1
5 3736	5 98	1	1
5 3736	2 38	1	1
5 3736	2 1613	1	1
5 3736	6 4736	1	1
5 3736	1 2471	1	1
5 3736	6 2433	1	1
5 3737	6 4110	1	1
5 3737	0 319	1	1
5 3737	4 4974	1	1
5 3737	2 1760	1	1
5 3737	1 2177	1	1
5 3737	7 2177	1	1
5 3738	5 2861	1	1
5 3738	0 235	1	1
5 3738	7 4393	1	1
5 3738	2 3454	1	1
5 3738	7 2612	1	1
5 3738	1 375	1	1
5 3739	2 1665	1	1
5 3739	2 2558	1	1
5 3739	3 3634	1	1
5 3739	1 1887	1	1
5 3739	2 4059	1	1
5 3739	3 925	1	1
5 3740	1 510	1	1
5 3740	4 508	1	1
5 3740	1 3242	1	1
5 3740	4 4064	1	1
5 3740	3 579	1	1
5 3740	3 3296	1	1
5 3741	7 2120	1	1
5 3741	4 3602	1	1
5 3741	3 1718	1	1
5 3741	6 1535	1	1
5 3741	4 3	1	1
5 3741	0 2587	1	1
5 3742	5 3261	1	1
5 3742	1 1635	1	1
5 3742	4 3272	1	1
5 3742	4 2392	1	1
5 3742	6 1955	1	1
5 3742	4 3601	1	1
5 3743	5 1964	1	1
5 3743	7 1160	1	1
5 3743	1 855	1	1
5 3743	2 3886	1	1
5 3743	6 3088	1	1
5 3743	7 4831	1	1
5 3744	2 4466	1	1
5 3744	3 2797	1	1
5 3744	2 1135	1	1
5 3744	7 2837	1	1
5 3744	4 445	1	1
5 3744	2 611	1	1
5 3745	3 4128	1	1
5 3745	2 2549	1	1
5 3745	6 2356	1	1
5 3745	2 4402	1	1
5 3745	6 4058	1	1
5 3745	2 3608	1	1
5 3746	5 1976	1	1
5 3746	5 1418	1	1
5 3746	5 937	1	1
5 3746	1 4142	1	1
5 3746	2 2229	1	1
5 3746	2 1981	1	1
5 3747	5 1	1	1
5 3747	1 4625	1	1
5 3747	7 2476	1	1
5 3747	6 4221	1	1
5 3747	6 3940	1	1
5 3747	3 2960	1	1
5 3748	5 4768	1	1
5 3748	3 3830	1	1
5 3748	1 766	1	1
5 3748	6 1611	1	1
5 3748	6 4474	1	1
5 3748	0 1389	1	1
5 3749	6 530	1	1
5 3749	3 340	1	1
5 3749	3 3468	1	1
5 3749	3 2740	1	1
5 3749	4 2100	1	1
5 3749	2 2158	1	1
5 3750	1 1501	1	1
5 3750	2 1200	1	1
5 3750	7 2759	1	1
5 3750	6 685	1	1
5 3750	7 3846	1	1
5 3750	0 3803	1	1
5 3751	5 1066	1	1
5 3751	3 1011	1	1
5 3751	4 1029	1	1
5 3751	4 1077	1	1
5 3751	0 3326	1	1
5 3751	7 2352	1	1
5 3752	5 3877	1	1
5 3752	0 1349	1	1
5 3752	6 510	1	1
5 3752	4 2911	1	1
5 3752	1 1409	1	1
5 3752	4 3165	1	1
5 3753	4 4859	1	1
5 3753	1 1939	1	1
5 3753	4 775	1	1
5 3753	4 3433	1	1
5 3753	0 3445	1	1
5 3753	7 2652	1	1
5 3754	2 3219	1	1
5 3754	6 4816	1	1
5 3754	4 1172	1	1
5 3754	4 356	1	1
5 3754	1 4533	1	1
5 3754	1 2015	1	1
5 3755	3 1395	1	1
5 3755	0 3793	1	1
5 3755	7 2762	1	1
5 3755	1 152	1	1
5 3755	0 137	1	1
5 3755	2 1498	1	1
5 3756	5 4944	1	1
5 3756	2 2200	1	1
5 3756	7 1039	1	1
5 3756	2 3120	1	1
5 3756	3 475	1	1
5 3756	2 3024	1	1
5 3757	7 340	1	1
5 3757	1 2920	1	1
5 3757	2 1913	1	1
5 3757	3 178	1	1
5 3757	6 3970	1	1
5 3757	3 2773	1	1
5 3758	3 2627	1	1
5 3758	2 3667	1	1
5 3758	2 4636	1	1
5 3758	0 3178	1	1
5 3758	1 4300	1	1
5 3758	6 2832	1	1
5 3759	5 4712	1	1
5 3759	5 4827	1	1
5 3759	7 3424	1	1
5 3759	1 1040	1	1
5 3759	3 2026	1	1
5 3759	3 1264	1	1
5 3760	6 4532	1	1
5 3760	1 169	1	1
5 3760	1 3860	1	1
5 3760	2 4109	1	1
5 3760	0 3757	1	1
5 3760	0 4927	1	1
5 3761	1 3483	1	1
5 3761	4 2694	1	1
5 3761	2 1	1	1
5 3761	2 4696	1	1
5 3761	4 2249	1	1
5 3761	6 4975	1	1
5 3762	5 4700	1	1
5 3762	3 1571	1	1
5 3762	6 3437	1	1
5 3762	6 4892	1	1
5 3762	1 3253	1	1
5 3762	1 3927	1	1
5 3763	3 2124	1	1
5 3763	1 1273	1	1
5 3763	6 4093	1	1
5 3763	1 4412	1	1
5 3763	6 1827	1	1
5 3763	4 1563	1	1
5 3764	5 3813	1	1
5 3764	5 2063	1	1
5 3764	5 2893	1	1
5 3764	0 3932	1	1
5 3764	0 177	1	1
5 3764	6 3988	1	1
5 3765	5 4313	1	1
5 3765	7 1936	1	1
5 3765	3 3596	1	1
5 3765	6 1583	1	1
5 3765	6 1489	1	1
5 3765	7 280	1	1
5 3766	2 36	1	1
5 3766	4 155	1	1
5 3766	3 2184	1	1
5 3766	0 1573	1	1
5 3766	7 4818	1	1
5 3766	6 719	1	1
5 3767	5 2619	1	1
5 3767	5 2279	1	1
5 3767	0 864	1	1
5 3767	1 2406	1	1
5 3767	7 2115	1	1
5 3767	4 705	1	1
5 3768	2 1936	1	1
5 3768	7 4824	1	1
5 3768	3 4462	1	1
5 3768	6 1247	1	1
5 3768	4 3444	1	1
5 3768	4 4935	1	1
5 3769	0 1899	1	1
5 3769	3 4416	1	1
5 3769	6 4472	1	1
5 3769	2 1432	1	1
5 3769	0 1360	1	1
5 3769	2 2864	1	1
5 3770	5 562	1	1
5 3770	1 4490	1	1
5 3770	7 2328	1	1
5 3770	2 2850	1	1
5 3770	6 4073	1	1
5 3770	0 3123	1	1
5 3771	5 1534	1	1
5 3771	5 1090	1	1
5 3771	4 975	1	1
5 3771	7 2143	1	1
5 3771	2 1134	1	1
5 3771	7 1429	1	1
5 3772	5 1372	1	1
5 3772	5 4835	1	1
5 3772	3 1568	1	1
5 3772	1 4043	1	1
5 3772	4 3903	1	1
5 3772	4 799	1	1
5 3773	5 4545	1	1
5 3773	4 284	1	1
5 3773	7 43	1	1
5 3773	4 2996	1	1
5 3773	1 4913	1	1
5 3773	0 4438	1	1
5 3774	5 682	1	1
5 3774	1 4522	1	1
5 3774	0 4368	1	1
5 3774	4 4828	1	1
5 3774	2 3266	1	1
5 3774	1 3917	1	1
5 3775	0 3184	1	1
5 3775	2 3002	1	1
5 3775	0 3637	1	1
5 3775	1 3297	1	1
5 3775	3 659	1	1
5 3775	6 823	1	1
5 3776	5 2009	1	1
5 3776	4 1291	1	1
5 3776	7 4632	1	1
5 3776	7 255	1	1
5 3776	6 247	1	1
5 3776	4 2744	1	1
5 3777	5 1019	1	1
5 3777	4 473	1	1
5 3777	0 4423	1	1
5 3777	6 4487	1	1
5 3777	1 958	1	1
5 3777	4 1604	1	1
5 3778	1 4136	1	1
5 3778	1 4967	1	1
5 3778	7 331	1	1
5 3778	6 3938	1	1
5 3778	7 4192	1	1
5 3778	4 4196	1	1
5 3779	5 4263	1	1
5 3779	5 3076	1	1
5 3779	7 2172	1	1
5 3779	3 2975	1	1
5 3779	0 437	1	1
5 3779	6 2126	1	1
5 3780	5 355	1	1
5 3780	5 139	1	1
5 3780	0 387	1	1
5 3780	2 840	1	1
5 3780	0 4977	1	1
5 3780	0 2499	1	1
5 3781	6 1564	1	1
5 3781	3 1807	1	1
5 3781	2 693	1	1
5 3781	3 2573	1	1
5 3781	6 3697	1	1
5 3781	7 4101	1	1
5 3782	7 4319	1	1
5 3782	4 3765	1	1
5 3782	7 2278	1	1
5 3782	2 1279	1	1
5 3782	6 584	1	1
5 3782	2 2787	1	1
5 3783	4 821	1	1
5 3783	4 3040	1	1
5 3783	2 309	1	1
5 3783	7 2962	1	1
5 3783	6 2177	1	1
5 3783	1 1318	1	1
5 3784	7 3860	1	1
5 3784	4 2970	1	1
5 3784	7 4243	1	1
5 3784	0 781	1	1
5 3784	6 780	1	1
5 3784	2 3797	1	1
5 3785	5 3186	1	1
5 3785	5 2210	1	1
5 3785	1 4729	1	1
5 3785	3 2476	1	1
5 3785	7 2900	1	1
5 3785	1 3034	1	1
5 3786	5 1673	1	1
5 3786	3 355	1	1
5 3786	1 4008	1	1
5 3786	7 1722	1	1
5 3786	7 244	1	1
5 3786	2 2603	1	1
5 3787	6 1069	1	1
5 3787	7 3685	1	1
5 3787	6 3818	1	1
5 3787	2 1608	1	1
5 3787	4 4451	1	1
5 3787	1 872	1	1
5 3788	5 4066	1	1
5 3788	5 2273	1	1
5 3788	4 1276	1	1
5 3788	4 230	1	1
5 3788	7 4810	1	1
5 3788	1 4378	1	1
5 3789	5 1814	1	1
5 3789	6 2049	1	1
5 3789	0 3670	1	1
5 3789	3 3130	1	1
5 3789	4 67	1	1
5 3789	7 3042	1	1
5 3790	5 3672	1	1
5 3790	6 516	1	1
5 3790	3 2418	1	1
5 3790	7 4214	1	1
5 3790	3 420	1	1
5 3790	3 3912	1	1
5 3791	5 2000	1	1
5 3791	1 4916	1	1
5 3791	1 397	1	1
5 3791	1 2585	1	1
5 3791	2 1835	1	1
5 3791	4 2288	1	1
5 3792	1 1365	1	1
5 3792	1 70	1	1
5 3792	4 1643	1	1
5 3792	7 1492	1	1
5 3792	4 2330	1	1
5 3792	6 3027	1	1
5 3793	1 3536	1	1
5 3793	1 1585	1	1
5 3793	2 4853	1	1
5 3793	7 3773	1	1
5 3793	6 4255	1	1
5 3793	4 3916	1	1
5 3794	5 1089	1	1
5 3794	5 2782	1	1
5 3794	0 633	1	1
5 3794	0 1854	1	1
5 3794	2 166	1	1
5 3794	1 2007	1	1
5 3795	5 3507	1	1
5 3795	0 1292	1	1
5 3795	6 575	1	1
5 3795	7 136	1	1
5 3795	7 1088	1	1
5 3795	4 1743	1	1
5 3796	5 725	1	1
5 3796	0 2578	1	1
5 3796	2 4846	1	1
5 3796	3 2559	1	1
5 3796	1 3903	1	1
5 3796	6 674	1	1
5 3797	5 3571	1	1
5 3797	6 2597	1	1
5 3797	7 2184	1	1
5 3797	4 769	1	1
5 3797	6 1866	1	1
5 3797	6 546	1	1
5 3798	6 2358	1	1
5 3798	7 4247	1	1
5 3798	1 1472	1	1
5 3798	6 2195	1	1
5 3798	3 4899	1	1
5 3798	3 4956	1	1
5 3799	5 4658	1	1
5 3799	3 4646	1	1
5 3799	1 1467	1	1
5 3799	6 4042	1	1
5 3799	7 3492	1	1
5 3799	2 4340	1	1
5 3800	5 4213	1	1
5 3800	5 3241	1	1
5 3800	3 1019	1	1
5 3800	3 4816	1	1
5 3800	7 14	1	1
5 3800	7 1028	1	1
5 3801	5 3194	1	1
5 3801	7 2419	1	1
5 3801	3 1629	1	1
5 3801	2 728	1	1
5 3801	0 1648	1	1
5 3801	7 2804	1	1
5 3802	5 2609	1	1
5 3802	0 1965	1	1
5 3802	3 3327	1	1
5 3802	7 4056	1	1
5 3802	2 3397	1	1
5 3802	3 4699	1	1
5 3803	1 1788	1	1
5 3803	1 3763	1	1
5 3803	7 4598	1	1
5 3803	7 2365	1	1
5 3803	3 2841	1	1
5 3803	3 1841	1	1
5 3804	4 1723	1	1
5 3804	0 2043	1	1
5 3804	7 2699	1	1
5 3804	6 4620	1	1
5 3804	0 2943	1	1
5 3804	6 3129	1	1
5 3805	7 4698	1	1
5 3805	1 85	1	1
5 3805	3 3977	1	1
5 3805	3 647	1	1
5 3805	7 2156	1	1
5 3805	6 2709	1	1
5 3806	5 2886	1	1
5 3806	3 2948	1	1
5 3806	2 3865	1	1
5 3806	1 1215	1	1
5 3806	3 4374	1	1
5 3806	6 578	1	1
5 3807	6 3708	1	1
5 3807	4 447	1	1
5 3807	6 4149	1	1
5 3807	2 2437	1	1
5 3807	6 2222	1	1
5 3807	4 1312	1	1
5 3808	5 261	1	1
5 3808	4 267	1	1
5 3808	2 4034	1	1
5 3808	7 3599	1	1
5 3808	1 1718	1	1
5 3808	7 3358	1	1
5 3809	5 2633	1	1
5 3809	3 4837	1	1
5 3809	7 2713	1	1
5 3809	7 697	1	1
5 3809	4 407	1	1
5 3809	0 3697	1	1
5 3810	5 4743	1	1
5 3810	6 1925	1	1
5 3810	7 4410	1	1
5 3810	6 1931	1	1
5 3810	6 983	1	1
5 3810	0 2021	1	1
5 3811	2 3188	1	1
5 3811	3 2958	1	1
5 3811	7 3658	1	1
5 3811	2 4541	1	1
5 3811	2 327	1	1
5 3811	1 4710	1	1
5 3812	5 35	1	1
5 3812	6 1476	1	1
5 3812	7 2979	1	1
5 3812	1 4998	1	1
5 3812	3 3778	1	1
5 3812	4 2541	1	1
5 3813	5 1490	1	1
5 3813	6 2081	1	1
5 3813	4 1218	1	1
5 3813	3 23	1	1
5 3813	2 2855	1	1
5 3813	0 3672	1	1
5 3814	1 4809	1	1
5 3814	2 2241	1	1
5 3814	0 2601	1	1
5 3814	0 475	1	1
5 3814	1 2302	1	1
5 3814	4 431	1	1
5 3815	5 4645	1	1
5 3815	3 2331	1	1
5 3815	7 1670	1	1
5 3815	6 1792	1	1
5 3815	7 4002	1	1
5 3815	0 1991	1	1
5 3816	5 97	1	1
5 3816	5 2276	1	1
5 3816	2 3083	1	1
5 3816	4 286	1	1
5 3816	3 2604	1	1
5 3816	4 2369	1	1
5 3817	5 3277	1	1
5 3817	6 4160	1	1
5 3817	4 298	1	1
5 3817	2 3481	1	1
5 3817	6 2178	1	1
5 3817	7 1771	1	1
5 3818	1 1993	1	1
5 3818	3 81	1	1
5 3818	7 2648	1	1
5 3818	7 2795	1	1
5 3818	2 2039	1	1
5 3818	2 2939	1	1
5 3819	5 216	1	1
5 3819	3 3773	1	1
5 3819	6 4386	1	1
5 3819	0 3790	1	1
5 3819	4 1223	1	1
5 3819	3 4120	1	1
5 3820	5 4076	1	1
5 3820	4 3355	1	1
5 3820	2 2023	1	1
5 3820	1 1293	1	1
5 3820	1 1896	1	1
5 3820	4 922	1	1
5 3821	4 695	1	1
5 3821	1 3123	1	1
5 3821	7 1025	1	1
5 3821	3 2319	1	1
5 3821	0 1985	1	1
5 3821	1 2481	1	1
5 3822	2 3602	1	1
5 3822	6 516	1	1
5 3822	1 4396	1	1
5 3822	0 4883	1	1
5 3822	0 1217	1	1
5 3822	4 1847	1	1
5 3823	5 697	1	1
5 3823	4 1253	1	1
5 3823	7 3658	1	1
5 3823	4 3617	1	1
5 3823	2 2958	1	1
5 3823	1 2606	1	1
5 3824	1 4974	1	1
5 3824	1 654	1	1
5 3824	7 3425	1	1
5 3824	7 461	1	1
5 3824	0 2549	1	1
5 3824	4 565	1	1
5 3825	5 1881	1	1
5 3825	2 4311	1	1
5 3825	3 3268	1	1
5 3825	0 1534	1	1
5 3825	0 689	1	1
5 3825	0 2761	1	1
5 3826	5 4077	1	1
5 3826	5 4843	1	1
5 3826	5 2057	1	1
5 3826	1 4984	1	1
5 3826	0 2054	1	1
5 3826	7 2529	1	1
5 3827	6 3181	1	1
5 3827	2 4011	1	1
5 3827	6 4345	1	1
5 3827	3 715	1	1
5 3827	1 173	1	1
5 3827	1 4034	1	1
5 3828	3 4757	1	1
5 3828	4 1156	1	1
5 3828	1 1644	1	1
5 3828	6 866	1	1
5 3828	2 1303	1	1
5 3828	6 2709	1	1
5 3829	5 4991	1	1
5 3829	3 591	1	1
5 3829	3 4137	1	1
5 3829	1 1169	1	1
5 3829	3 2710	1	1
5 3829	0 2401	1	1
5 3830	7 2767	1	1
5 3830	6 2784	1	1
5 3830	3 2069	1	1
5 3830	0 3171	1	1
5 3830	0 4087	1	1
5 3830	4 10	1	1
5 3831	5 727	1	1
5 3831	6 613	1	1
5 3831	2 3394	1	1
5 3831	7 2832	1	1
5 3831	3 3494	1	1
5 3831	2 1860	1	1
5 3832	5 715	1	1
5 3832	0 3824	1	1
5 3832	7 1810	1	1
5 3832	0 1845	1	1
5 3832	1 4165	1	1
5 3832	0 727	1	1
5 3833	2 1966	1	1
5 3833	7 1164	1	1
5 3833	2 4788	1	1
5 3833	1 109	1	1
5 3833	1 893	1	1
5 3833	3 696	1	1
5 3834	5 4670	1	1
5 3834	4 3708	1	1
5 3834	0 3691	1	1
5 3834	3 2401	1	1
5 3834	4 905	1	1
5 3834	0 1008	1	1
5 3835	5 3786	1	1
5 3835	4 954	1	1
5 3835	1 3374	1	1
5 3835	7 3224	1	1
5 3835	6 4506	1	1
5 3835	3 4292	1	1
5 3836	5 705	1	1
5 3836	2 4445	1	1
5 3836	0 3671	1	1
5 3836	0 419	1	1
5 3836	4 231	1	1
5 3836	6 507	1	1
5 3837	7 2115	1	1
5 3837	0 1926	1	1
5 3837	2 4871	1	1
5 3837	3 3628	1	1
5 3837	7 1888	1	1
5 3837	2 61	1	1
5 3838	5 3055	1	1
5 3838	4 4908	1	1
5 3838	2 4318	1	1
5 3838	7 4469	1	1
5 3838	6 4871	1	1
5 3838	6 3118	1	1
5 3839	5 2150	1	1
5 3839	3 401	1	1
5 3839	3 4038	1	1
5 3839	1 4345	1	1
5 3839	0 4414	1	1
5 3839	6 1130	1	1
5 3840	5 3604	1	1
5 3840	7 1642	1	1
5 3840	6 3546	1	1
5 3840	7 1149	1	1
5 3840	1 4126	1	1
5 3840	3 4182	1	1
5 3841	4 448	1	1
5 3841	3 3231	1	1
5 3841	7 1354	1	1
5 3841	3 4911	1	1
5 3841	6 1067	1	1
5 3841	7 3653	1	1
5 3842	5 4521	1	1
5 3842	5 1559	1	1
5 3842	4 7	1	1
5 3842	2 1461	1	1
5 3842	3 4194	1	1
5 3842	6 2574	1	1
5 3843	5 2991	1	1
5 3843	7 3768	1	1
5 3843	1 2550	1	1
5 3843	7 2318	1	1
5 3843	7 358	1	1
5 3843	2 3220	1	1
5 3844	5 4034	1	1
5 3844	3 3763	1	1
5 3844	0 2051	1	1
5 3844	3 1569	1	1
5 3844	6 1167	1	1
5 3844	2 4653	1	1
5 3845	5 1174	1	1
5 3845	4 2333	1	1
5 3845	7 2623	1	1
5 3845	1 4500	1	1
5 3845	6 2284	1	1
5 3845	6 2754	1	1
5 3846	5 4390	1	1
5 3846	0 2139	1	1
5 3846	2 4635	1	1
5 3846	4 2492	1	1
5 3846	2 2074	1	1
5 3846	0 656	1	1
5 3847	5 4275	1	1
5 3847	6 2055	1	1
5 3847	7 766	1	1
5 3847	2 3666	1	1
5 3847	2 1667	1	1
5 3847	3 2738	1	1
5 3848	7 305	1	1
5 3848	1 4121	1	1
5 3848	2 294	1	1
5 3848	3 4042	1	1
5 3848	7 728	1	1
5 3848	7 684	1	1
5 3849	5 4667	1	1
5 3849	2 4751	1	1
5 3849	3 4742	1	1
5 3849	1 2756	1	1
5 3849	0 4887	1	1
5 3849	2 2114	1	1
5 3850	5 2787	1	1
5 3850	5 3368	1	1
5 3850	6 4501	1	1
5 3850	7 1333	1	1
5 3850	7 1491	1	1
5 3850	4 530	1	1
5 3851	1 869	1	1
5 3851	0 2665	1	1
5 3851	3 1339	1	1
5 3851	0 3362	1	1
5 3851	3 2614	1	1
5 3851	2 3093	1	1
5 3852	5 2301	1	1
5 3852	5 520	1	1
5 3852	4 677	1	1
5 3852	3 187	1	1
5 3852	7 2870	1	1
5 3852	4 405	1	1
5 3853	5 2048	1	1
5 3853	5 1528	1	1
5 3853	6 1138	1	1
5 3853	2 3579	1	1
5 3853	7 821	1	1
5 3853	1 341	1	1
5 3854	6 2222	1	1
5 3854	3 4037	1	1
5 3854	7 2482	1	1
5 3854	2 2447	1	1
5 3854	1 1473	1	1
5 3854	4 46	1	1
5 3855	5 2155	1	1
5 3855	3 4401	1	1
5 3855	0 144	1	1
5 3855	6 1398	1	1
5 3855	6 4211	1	1
5 3855	2 3203	1	1
5 3856	5 3570	1	1
5 3856	1 3998	1	1
5 3856	2 2027	1	1
5 3856	3 4271	1	1
5 3856	2 1015	1	1
5 3856	1 526	1	1
5 3857	1 1742	1	1
5 3857	6 4853	1	1
5 3857	3 4563	1	1
5 3857	2 2601	1	1
5 3857	2 2671	1	1
5 3857	6 1234	1	1
5 3858	5 4674	1	1
5 3858	7 2683	1	1
5 3858	4 4505	1	1
5 3858	3 3663	1	1
5 3858	3 4928	1	1
5 3858	0 1830	1	1
5 3859	6 4206	1	1
5 3859	7 116	1	1
5 3859	3 3592	1	1
5 3859	6 3758	1	1
5 3859	6 2601	1	1
5 3859	0 2110	1	1
5 3860	3 4785	1	1
5 3860	3 3938	1	1
5 3860	2 3948	1	1
5 3860	6 1281	1	1
5 3860	0 2082	1	1
5 3860	3 1331	1	1
5 3861	5 2554	1	1
5 3861	6 1374	1	1
5 3861	3 574	1	1
5 3861	2 2031	1	1
5 3861	4 3181	1	1
5 3861	0 1302	1	1
5 3862	5 1808	1	1
5 3862	6 3084	1	1
5 3862	2 113	1	1
5 3862	2 1240	1	1
5 3862	4 1880	1	1
5 3862	3 305	1	1
5 3863	5 3031	1	1
5 3863	5 1853	1	1
5 3863	5 3382	1	1
5 3863	4 3146	1	1
5 3863	4 203	1	1
5 3863	0 318	1	1
5 3864	0 325	1	1
5 3864	0 1266	1	1
5 3864	7 2901	1	1
5 3864	0 3702	1	1
5 3864	4 2886	1	1
5 3864	1 3374	1	1
5 3865	5 1080	1	1
5 3865	7 4032	1	1
5 3865	2 2189	1	1
5 3865	0 3722	1	1
5 3865	7 2908	1	1
5 3865	7 2403	1	1
5 3866	2 446	1	1
5 3866	6 2342	1	1
5 3866	4 1106	1	1
5 3866	3 2900	1	1
5 3866	2 3034	1	1
5 3866	7 2769	1	1
5 3867	7 1636	1	1
5 3867	2 4114	1	1
5 3867	4 1220	1	1
5 3867	1 1953	1	1
5 3867	4 1275	1	1
5 3867	3 4694	1	1
5 3868	5 4499	1	1
5 3868	6 2537	1	1
5 3868	7 3306	1	1
5 3868	6 254	1	1
5 3868	6 4247	1	1
5 3868	7 4747	1	1
5 3869	7 4510	1	1
5 3869	6 4760	1	1
5 3869	7 3540	1	1
5 3869	4 1828	1	1
5 3869	1 683	1	1
5 3869	6 816	1	1
5 3870	4 4370	1	1
5 3870	6 2596	1	1
5 3870	2 1086	1	1
5 3870	3 3934	1	1
5 3870	1 1332	1	1
5 3870	1 1360	1	1
5 3871	5 2443	1	1
5 3871	1 2630	1	1
5 3871	3 4784	1	1
5 3871	1 2882	1	1
5 3871	2 138	1	1
5 3871	4 4049	1	1
5 3872	1 2878	1	1
5 3872	4 1457	1	1
5 3872	7 2096	1	1
5 3872	0 2953	1	1
5 3872	6 3120	1	1
5 3872	1 2063	1	1
5 3873	2 3551	1	1
5 3873	1 3113	1	1
5 3873	0 2525	1	1
5 3873	3 960	1	1
5 3873	2 2596	1	1
5 3873	3 1969	1	1
5 3874	0 4916	1	1
5 3874	4 553	1	1
5 3874	0 1309	1	1
5 3874	6 4270	1	1
5 3874	4 1082	1	1
5 3874	6 203	1	1
5 3875	2 4769	1	1
5 3875	0 806	1	1
5 3875	1 3291	1	1
5 3875	1 249	1	1
5 3875	1 41	1	1
5 3875	6 4874	1	1
5 3876	5 4507	1	1
5 3876	0 666	1	1
5 3876	7 1347	1	1
5 3876	3 491	1	1
5 3876	4 2954	1	1
5 3876	2 3699	1	1
5 3877	5 3105	1	1
5 3877	1 4447	1	1
5 3877	6 3397	1	1
5 3877	4 365	1	1
5 3877	0 3008	1	1
5 3877	7 2205	1	1
5 3878	3 2590	1	1
5 3878	1 349	1	1
5 3878	4 543	1	1
5 3878	6 4241	1	1
5 3878	7 4223	1	1
5 3878	4 4617	1	1
5 3879	2 2185	1	1
5 3879	6 4133	1	1
5 3879	4 4803	1	1
5 3879	0 318	1	1
5 3879	7 3420	1	1
5 3879	2 991	1	1
5 3880	5 4038	1	1
5 3880	5 56	1	1
5 3880	3 455	1	1
5 3880	7 4924	1	1
5 3880	1 3659	1	1
5 3880	2 4431	1	1
5 3881	6 1662	1	1
5 3881	7 933	1	1
5 3881	0 680	1	1
5 3881	4 2215	1	1
5 3881	2 1785	1	1
5 3881	1 3080	1	1
5 3882	7 989	1	1
5 3882	3 2626	1	1
5 3882	1 2615	1	1
5 3882	4 2840	1	1
5 3882	0 1961	1	1
5 3882	6 511	1	1
5 3883	5 3904	1	1
5 3883	1 4656	1	1
5 3883	4 251	1	1
5 3883	6 3010	1	1
5 3883	6 1114	1	1
5 3883	6 4515	1	1
5 3884	5 1284	1	1
5 3884	2 1173	1	1
5 3884	6 4504	1	1
5 3884	6 920	1	1
5 3884	1 212	1	1
5 3884	7 3536	1	1
5 3885	5 676	1	1
5 3885	5 1171	1	1
5 3885	5 671	1	1
5 3885	4 3960	1	1
5 3885	6 4409	1	1
5 3885	6 2266	1	1
5 3886	5 453	1	1
5 3886	0 777	1	1
5 3886	2 2685	1	1
5 3886	1 4110	1	1
5 3886	2 1672	1	1
5 3886	0 2506	1	1
5 3887	3 3136	1	1
5 3887	4 3440	1	1
5 3887	1 4177	1	1
5 3887	3 3062	1	1
5 3887	3 3805	1	1
5 3887	4 4487	1	1
5 3888	5 4113	1	1
5 3888	4 4854	1	1
5 3888	3 1152	1	1
5 3888	1 4557	1	1
5 3888	7 1927	1	1
5 3888	4 2671	1	1
5 3889	5 4480	1	1
5 3889	2 960	1	1
5 3889	1 1871	1	1
5 3889	1 2043	1	1
5 3889	2 3253	1	1
5 3889	2 1176	1	1
5 3890	5 2634	1	1
5 3890	5 3449	1	1
5 3890	6 3669	1	1
5 3890	4 208	1	1
5 3890	6 4389	1	1
5 3890	7 2176	1	1
5 3891	0 997	1	1
5 3891	1 214	1	1
5 3891	1 158	1	1
5 3891	2 3761	1	1
5 3891	1 4636	1	1
5 3891	6 85	1	1
5 3892	5 4384	1	1
5 3892	2 1844	1	1
5 3892	6 845	1	1
5 3892	4 4023	1	1
5 3892	4 2182	1	1
5 3892	3 4173	1	1
5 3893	4 823	1	1
5 3893	0 2064	1	1
5 3893	7 4251	1	1
5 3893	2 3702	1	1
5 3893	1 1224	1	1
5 3893	6 4754	1	1
5 3894	7 429	1	1
5 3894	1 59	1	1
5 3894	7 1631	1	1
5 3894	4 4853	1	1
5 3894	6 1072	1	1
5 3894	4 4771	1	1
5 3895	7 672	1	1
5 3895	6 3343	1	1
5 3895	1 2417	1	1
5 3895	0 2028	1	1
5 3895	1 365	1	1
5 3895	2 191	1	1
5 3896	7 349	1	1
5 3896	1 4030	1	1
5 3896	4 1688	1	1
5 3896	7 1650	1	1
5 3896	2 4563	1	1
5 3896	7 2236	1	1
5 3897	5 3807	1	1
5 3897	5 4903	1	1
5 3897	3 58	1	1
5 3897	0 4695	1	1
5 3897	0 4540	1	1
5 3897	7 4544	1	1
5 3898	0 3595	1	1
5 3898	7 957	1	1
5 3898	4 2106	1	1
5 3898	4 2624	1	1
5 3898	4 4495	1	1
5 3898	7 298	1	1
5 3899	1 3579	1	1
5 3899	3 3115	1	1
5 3899	0 4766	1	1
5 3899	6 3187	1	1
5 3899	7 96	1	1
5 3899	6 1859	1	1
5 3900	6 3213	1	1
5 3900	6 3050	1	1
5 3900	2 489	1	1
5 3900	4 121	1	1
5 3900	0 2980	1	1
5 3900	6 3366	1	1
5 3901	5 2144	1	1
5 3901	0 3561	1	1
5 3901	4 252	1	1
5 3901	0 558	1	1
5 3901	1 2698	1	1
5 3901	2 4397	1	1
5 3902	2 1814	1	1
5 3902	0 3245	1	1
5 3902	1 3404	1	1
5 3902	2 479	1	1
5 3902	4 685	1	1
5 3902	7 303	1	1
5 3903	6 4767	1	1
5 3903	6 353	1	1
5 3903	3 3250	1	1
5 3903	2 3736	1	1
5 3903	1 1395	1	1
5 3903	6 1336	1	1
5 3904	0 4710	1	1
5 3904	3 4149	1	1
5 3904	1 283	1	1
5 3904	4 3285	1	1
5 3904	7 3489	1	1
5 3904	6 3173	1	1
5 3905	0 4964	1	1
5 3905	1 1344	1	1
5 3905	0 4692	1	1
5 3905	1 3830	1	1
5 3905	6 3749	1	1
5 3905	4 3301	1	1
5 3906	2 372	1	1
5 3906	6 1501	1	1
5 3906	3 140	1	1
5 3906	3 727	1	1
5 3906	3 1215	1	1
5 3906	3 2598	1	1
5 3907	1 4712	1	1
5 3907	2 126	1	1
5 3907	4 2493	1	1
5 3907	3 1381	1	1
5 3907	3 401	1	1
5 3907	4 4291	1	1
5 3908	5 2110	1	1
5 3908	5 1356	1	1
5 3908	4 579	1	1
5 3908	0 2316	1	1
5 3908	6 3425	1	1
5 3908	7 4526	1	1
5 3909	5 1642	1	1
5 3909	4 2448	1	1
5 3909	1 4181	1	1
5 3909	6 1792	1	1
5 3909	6 164	1	1
5 3909	4 4379	1	1
5 3910	7 1000	1	1
5 3910	7 921	1	1
5 3910	1 2262	1	1
5 3910	6 2270	1	1
5 3910	3 533	1	1
5 3910	2 2935	1	1
5 3911	5 3818	1	1
5 3911	5 1783	1	1
5 3911	6 1033	1	1
5 3911	0 2499	1	1
5 3911	4 794	1	1
5 3911	4 4104	1	1
5 3912	7 922	1	1
5 3912	2 755	1	1
5 3912	3 3617	1	1
5 3912	4 386	1	1
5 3912	3 1278	1	1
5 3912	6 4205	1	1
5 3913	5 1126	1	1
5 3913	7 4920	1	1
5 3913	2 1394	1	1
5 3913	6 4371	1	1
5 3913	3 912	1	1
5 3913	0 1934	1	1
5 3914	5 4701	1	1
5 3914	0 3270	1	1
5 3914	0 3336	1	1
5 3914	2 2749	1	1
5 3914	3 1702	1	1
5 3914	3 2041	1	1
5 3915	5 3660	1	1
5 3915	5 458	1	1
5 3915	2 3536	1	1
5 3915	1 2657	1	1
5 3915	1 2123	1	1
5 3915	6 2186	1	1
5 3916	5 1669	1	1
5 3916	0 3529	1	1
5 3916	6 2420	1	1
5 3916	0 4039	1	1
5 3916	3 1250	1	1
5 3916	4 660	1	1
5 3917	5 69	1	1
5 3917	1 1180	1	1
5 3917	1 3758	1	1
5 3917	7 200	1	1
5 3917	1 3617	1	1
5 3917	2 2209	1	1
5 3918	5 1523	1	1
5 3918	4 2374	1	1
5 3918	1 3420	1	1
5 3918	3 2610	1	1
5 3918	6 3267	1	1
5 3918	3 1789	1	1
5 3919	5 2182	1	1
5 3919	1 4667	1	1
5 3919	7 3686	1	1
5 3919	1 2844	1	1
5 3919	3 3129	1	1
5 3919	0 477	1	1
5 3920	0 4655	1	1
5 3920	1 4379	1	1
5 3920	6 3019	1	1
5 3920	0 3177	1	1
5 3920	1 3672	1	1
5 3920	3 776	1	1
5 3921	6 1960	1	1
5 3921	0 4407	1	1
5 3921	7 2507	1	1
5 3921	4 2307	1	1
5 3921	7 4944	1	1
5 3921	1 2801	1	1
5 3922	4 2298	1	1
5 3922	1 3903	1	1
5 3922	6 74	1	1
5 3922	3 1673	1	1
5 3922	4 3166	1	1
5 3922	3 3217	1	1
5 3923	5 2732	1	1
5 3923	1 4305	1	1
5 3923	7 2148	1	1
5 3923	0 2017	1	1
5 3923	7 1921	1	1
5 3923	6 4016	1	1
5 3924	5 4226	1	1
5 3924	5 3341	1	1
5 3924	4 837	1	1
5 3924	3 3324	1	1
5 3924	1 3153	1	1
5 3924	6 4230	1	1
5 3925	5 4919	1	1
5 3925	4 3929	1	1
5 3925	6 3770	1	1
5 3925	1 3258	1	1
5 3925	6 2130	1	1
5 3925	0 4752	1	1
5 3926	7 1055	1	1
5 3926	7 4455	1	1
5 3926	2 3374	1	1
5 3926	4 2959	1	1
5 3926	3 3956	1	1
5 3926	7 1056	1	1
5 3927	5 3316	1	1
5 3927	1 3858	1	1
5 3927	6 1153	1	1
5 3927	6 3983	1	1
5 3927	7 535	1	1
5 3927	0 2608	1	1
5 3928	5 2686	1	1
5 3928	6 1776	1	1
5 3928	7 4729	1	1
5 3928	6 1781	1	1
5 3928	0 272	1	1
5 3928	2 3352	1	1
5 3929	4 1082	1	1
5 3929	1 2121	1	1
5 3929	7 2767	1	1
5 3929	0 3444	1	1
5 3929	7 1303	1	1
5 3929	1 2634	1	1
5 3930	5 2789	1	1
5 3930	7 3389	1	1
5 3930	7 2849	1	1
5 3930	1 4603	1	1
5 3930	7 4497	1	1
5 3930	4 2245	1	1
5 3931	2 2845	1	1
5 3931	0 3814	1	1
5 3931	0 1260	1	1
5 3931	3 650	1	1
5 3931	0 2686	1	1
5 3931	1 2778	1	1
5 3932	5 577	1	1
5 3932	0 1149	1	1
5 3932	0 4041	1	1
5 3932	6 4014	1	1
5 3932	6 1204	1	1
5 3932	4 3917	1	1
5 3933	0 1349	1	1
5 3933	1 1543	1	1
5 3933	0 1117	1	1
5 3933	3 2944	1	1
5 3933	2 1670	1	1
5 3933	3 879	1	1
5 3934	6 2248	1	1
5 3934	0 816	1	1
5 3934	0 4857	1	1
5 3934	6 1191	1	1
5 3934	6 4156	1	1
5 3934	7 3044	1	1
5 3935	1 4064	1	1
5 3935	4 3154	1	1
5 3935	7 2902	1	1
5 3935	0 3741	1	1
5 3935	7 2289	1	1
5 3935	7 621	1	1
5 3936	3 4209	1	1
5 3936	1 4754	1	1
5 3936	7 227	1	1
5 3936	0 502	1	1
5 3936	1 1317	1	1
5 3936	2 1085	1	1
5 3937	7 1040	1	1
5 3937	3 662	1	1
5 3937	6 2422	1	1
5 3937	7 3189	1	1
5 3937	2 387	1	1
5 3937	1 289	1	1
5 3938	0 4623	1	1
5 3938	6 596	1	1
5 3938	3 1172	1	1
5 3938	2 3787	1	1
5 3938	4 4102	1	1
5 3938	1 3865	1	1
5 3939	3 2491	1	1
5 3939	4 4423	1	1
5 3939	4 836	1	1
5 3939	3 2240	1	1
5 3939	7 206	1	1
5 3939	7 3479	1	1
5 3940	5 4727	1	1
5 3940	3 4372	1	1
5 3940	2 1054	1	1
5 3940	2 549	1	1
5 3940	2 2697	1	1
5 3940	3 1047	1	1
5 3941	3 2465	1	1
5 3941	2 3515	1	1
5 3941	6 2760	1	1
5 3941	0 650	1	1
5 3941	1 2420	1	1
5 3941	6 4082	1	1
5 3942	5 2128	1	1
5 3942	1 4049	1	1
5 3942	2 3460	1	1
5 3942	4 3081	1	1
5 3942	1 2435	1	1
5 3942	0 2885	1	1
5 3943	3 4313	1	1
5 3943	6 4546	1	1
5 3943	6 2620	1	1
5 3943	0 4708	1	1
5 3943	3 4294	1	1
5 3943	6 1024	1	1
5 3944	5 3374	1	1
5 3944	0 1244	1	1
5 3944	7 2399	1	1
5 3944	2 2875	1	1
5 3944	1 4489	1	1
5 3944	4 2977	1	1
5 3945	7 1816	1	1
5 3945	7 4447	1	1
5 3945	0 613	1	1
5 3945	1 1801	1	1
5 3945	1 1013	1	1
5 3945	0 2813	1	1
5 3946	2 3907	1	1
5 3946	1 2253	1	1
5 3946	6 3708	1	1
5 3946	7 2088	1	1
5 3946	1 1776	1	1
5 3946	6 3340	1	1
5 3947	2 2217	1	1
5 3947	1 1795	1	1
5 3947	1 3567	1	1
5 3947	6 4991	1	1
5 3947	6 1328	1	1
5 3947	0 3179	1	1
5 3948	5 2191	1	1
5 3948	7 4562	1	1
5 3948	1 422	1	1
5 3948	1 1641	1	1
5 3948	7 2206	1	1
5 3948	6 2142	1	1
5 3949	5 1789	1	1
5 3949	0 2032	1	1
5 3949	0 614	1	1
5 3949	7 2494	1	1
5 3949	7 4711	1	1
5 3949	3 4005	1	1
5 3950	5 1326	1	1
5 3950	6 3695	1	1
5 3950	4 2240	1	1
5 3950	3 1719	1	1
5 3950	7 4024	1	1
5 3950	1 4300	1	1
5 3951	1 3161	1	1
5 3951	4 2603	1	1
5 3951	3 1737	1	1
5 3951	3 1905	1	1
5 3951	7 4878	1	1
5 3951	3 2795	1	1
5 3952	5 3856	1	1
5 3952	6 3469	1	1
5 3952	2 1419	1	1
5 3952	0 236	1	1
5 3952	2 4149	1	1
5 3952	4 182	1	1
5 3953	5 2660	1	1
5 3953	0 811	1	1
5 3953	3 849	1	1
5 3953	2 19	1	1
5 3953	1 3953	1	1
5 3953	1 1069	1	1
5 3954	5 3800	1	1
5 3954	4 1811	1	1
5 3954	4 3530	1	1
5 3954	6 3297	1	1
5 3954	2 2956	1	1
5 3954	3 3596	1	1
5 3955	5 1782	1	1
5 3955	6 1587	1	1
5 3955	4 3616	1	1
5 3955	2 2662	1	1
5 3955	6 3456	1	1
5 3955	4 4012	1	1
5 3956	5 717	1	1
5 3956	4 1705	1	1
5 3956	4 417	1	1
5 3956	0 4036	1	1
5 3956	0 2023	1	1
5 3956	2 2844	1	1
5 3957	0 4776	1	1
5 3957	7 4454	1	1
5 3957	3 1200	1	1
5 3957	7 1586	1	1
5 3957	4 1993	1	1
5 3957	0 2061	1	1
5 3958	2 4970	1	1
5 3958	4 1710	1	1
5 3958	4 838	1	1
5 3958	4 3291	1	1
5 3958	7 1959	1	1
5 3958	1 4940	1	1
5 3959	5 4285	1	1
5 3959	7 1626	1	1
5 3959	0 4702	1	1
5 3959	6 669	1	1
5 3959	3 1209	1	1
5 3959	2 990	1	1
5 3960	0 999	1	1
5 3960	0 1287	1	1
5 3960	0 4640	1	1
5 3960	1 1541	1	1
5 3960	6 446	1	1
5 3960	3 2578	1	1
5 3961	3 3688	1	1
5 3961	1 1473	1	1
5 3961	4 4035	1	1
5 3961	6 1455	1	1
5 3961	6 4023	1	1
5 3961	0 1999	1	1
5 3962	1 177	1	1
5 3962	4 207	1	1
5 3962	0 133	1	1
5 3962	1 3493	1	1
5 3962	1 1333	1	1
5 3962	4 2457	1	1
5 3963	5 3605	1	1
5 3963	5 1332	1	1
5 3963	2 2432	1	1
5 3963	7 3560	1	1
5 3963	0 187	1	1
5 3963	7 313	1	1
5 3964	5 568	1	1
5 3964	6 3125	1	1
5 3964	1 4510	1	1
5 3964	6 1949	1	1
5 3964	4 2916	1	1
5 3964	3 91	1	1
5 3965	5 3435	1	1
5 3965	5 1572	1	1
5 3965	0 2382	1	1
5 3965	7 4978	1	1
5 3965	1 3974	1	1
5 3965	2 1490	1	1
5 3966	5 1884	1	1
5 3966	0 763	1	1
5 3966	7 4094	1	1
5 3966	6 2877	1	1
5 3966	6 808	1	1
5 3966	7 2185	1	1
5 3967	3 2834	1	1
5 3967	7 1250	1	1
5 3967	2 1042	1	1
5 3967	0 4022	1	1
5 3967	4 4436	1	1
5 3967	7 1441	1	1
5 3968	5 4894	1	1
5 3968	5 2182	1	1
5 3968	4 3076	1	1
5 3968	7 2435	1	1
5 3968	2 1704	1	1
5 3968	2 1779	1	1
5 3969	7 4567	1	1
5 3969	7 3201	1	1
5 3969	1 3428	1	1
5 3969	2 4640	1	1
5 3969	3 3586	1	1
5 3969	6 524	1	1
5 3970	5 343	1	1
5 3970	1 4464	1	1
5 3970	7 1058	1	1
5 3970	1 2256	1	1
5 3970	1 1216	1	1
5 3970	2 3053	1	1
5 3971	5 150	1	1
5 3971	7 2105	1	1
5 3971	1 1716	1	1
5 3971	1 1809	1	1
5 3971	1 1277	1	1
5 3971	6 4102	1	1
5 3972	4 4494	1	1
5 3972	1 2980	1	1
5 3972	1 1514	1	1
5 3972	1 246	1	1
5 3972	1 131	1	1
5 3972	7 1502	1	1
5 3973	1 3122	1	1
5 3973	0 3533	1	1
5 3973	6 4773	1	1
5 3973	7 3912	1	1
5 3973	4 3572	1	1
5 3973	4 3913	1	1
5 3974	5 701	1	1
5 3974	1 522	1	1
5 3974	3 978	1	1
5 3974	2 4468	1	1
5 3974	0 33	1	1
5 3974	7 1192	1	1
5 3975	5 3001	1	1
5 3975	4 4358	1	1
5 3975	1 300	1	1
5 3975	3 2469	1	1
5 3975	0 1377	1	1
5 3975	2 2320	1	1
5 3976	5 1153	1	1
5 3976	5 2320	1	1
5 3976	5 1067	1	1
5 3976	2 4943	1	1
5 3976	4 3322	1	1
5 3976	4 1025	1	1
5 3977	6 4388	1	1
5 3977	4 607	1	1
5 3977	3 10	1	1
5 3977	6 1838	1	1
5 3977	6 2732	1	1
5 3977	2 3079	1	1
5 3978	5 4679	1	1
5 3978	5 3863	1	1
5 3978	3 4647	1	1
5 3978	6 772	1	1
5 3978	4 79	1	1
5 3978	6 2672	1	1
5 3979	3 3611	1	1
5 3979	3 2558	1	1
5 3979	1 3787	1	1
5 3979	3 1164	1	1
5 3979	2 1819	1	1
5 3979	3 3215	1	1
5 3980	5 4258	1	1
5 3980	5 2528	1	1
5 3980	2 90	1	1
5 3980	6 3230	1	1
5 3980	7 2708	1	1
5 3980	6 2403	1	1
5 3981	1 1426	1	1
5 3981	3 138	1	1
5 3981	1 1410	1	1
5 3981	0 980	1	1
5 3981	7 902	1	1
5 3981	0 1668	1	1
5 3982	5 421	1	1
5 3982	5 1816	1	1
5 3982	3 4993	1	1
5 3982	3 2299	1	1
5 3982	1 3303	1	1
5 3982	3 198	1	1
5 3983	5 2897	1	1
5 3983	5 3875	1	1
5 3983	5 3665	1	1
5 3983	1 196	1	1
5 3983	6 2091	1	1
5 3983	3 3970	1	1
5 3984	7 4736	1	1
5 3984	0 1199	1	1
5 3984	7 33	1	1
5 3984	6 3008	1	1
5 3984	4 4225	1	1
5 3984	4 2410	1	1
5 3985	6 4550	1	1
5 3985	1 3099	1	1
5 3985	4 1960	1	1
5 3985	3 3053	1	1
5 3985	4 963	1	1
5 3985	2 3699	1	1
5 3986	5 2141	1	1
5 3986	6 4996	1	1
5 3986	7 4872	1	1
5 3986	7 1574	1	1
5 3986	2 585	1	1
5 3986	7 814	1	1
5 3987	5 1651	1	1
5 3987	2 3241	1	1
5 3987	2 1737	1	1
5 3987	6 2680	1	1
5 3987	4 3332	1	1
5 3987	7 4235	1	1
5 3988	1 3029	1	1
5 3988	1 1246	1	1
5 3988	4 399	1	1
5 3988	2 4604	1	1
5 3988	1 3661	1	1
5 3988	3 4530	1	1
5 3989	6 1807	1	1
5 3989	6 206	1	1
5 3989	6 1931	1	1
5 3989	1 175	1	1
5 3989	0 4501	1	1
5 3989	0 3202	1	1
5 3990	5 851	1	1
5 3990	3 4994	1	1
5 3990	4 3658	1	1
5 3990	4 1628	1	1
5 3990	2 2797	1	1
5 3990	7 923	1	1
5 3991	7 1124	1	1
5 3991	7 1811	1	1
5 3991	6 952	1	1
5 3991	7 1749	1	1
5 3991	4 3617	1	1
5 3991	0 4599	1	1
5 3992	5 4253	1	1
5 3992	5 4606	1	1
5 3992	6 4116	1	1
5 3992	7 4278	1	1
5 3992	0 1532	1	1
5 3992	1 3503	1	1
5 3993	5 4447	1	1
5 3993	6 344	1	1
5 3993	0 4313	1	1
5 3993	0 3913	1	1
5 3993	1 1194	1	1
5 3993	1 3229	1	1
5 3994	5 323	1	1
5 3994	5 7	1	1
5 3994	1 1223	1	1
5 3994	1 1424	1	1
5 3994	7 968	1	1
5 3994	7 167	1	1
5 3995	5 2575	1	1
5 3995	0 3628	1	1
5 3995	6 1870	1	1
5 3995	6 3820	1	1
5 3995	7 901	1	1
5 3995	1 1637	1	1
5 3996	5 2184	1	1
5 3996	0 2	1	1
5 3996	1 4856	1	1
5 3996	0 2265	1	1
5 3996	1 1093	1	1
5 3996	4 2993	1	1
5 3997	5 1680	1	1
5 3997	1 1798	1	1
5 3997	2 2084	1	1
5 3997	4 631	1	1
5 3997	3 4584	1	1
5 3997	6 2301	1	1
5 3998	4 3211	1	1
5 3998	6 2880	1	1
5 3998	0 2592	1	1
5 3998	1 1791	1	1
5 3998	3 1032	1	1
5 3998	6 3678	1	1
5 3999	7 664	1	1
5 3999	6 3271	1	1
5 3999	2 1772	1	1
5 3999	1 3083	1	1
5 3999	1 4945	1	1
5 3999	2 3965	1	1
5 4000	5 2051	1	1
5 4000	3 1906	1	1
5 4000	4 4726	1	1
5 4000	6 2434	1	1
5 4000	3 1833	1	1
5 4000	6 3137	1	1
5 4001	5 2192	1	1
5 4001	5 404	1	1
5 4001	1 4240	1	1
5 4001	6 1218	1	1
5 4001	4 4158	1	1
5 4001	4 1878	1	1
5 4002	5 2909	1	1
5 4002	2 1821	1	1
5 4002	7 4830	1	1
5 4002	7 3612	1	1
5 4002	3 140	1	1
5 4002	2 2666	1	1
5 4003	5 3353	1	1
5 4003	2 3866	1	1
5 4003	7 2737	1	1
5 4003	1 2198	1	1
5 4003	0 2938	1	1
5 4003	6 1411	1	1
5 4004	5 4142	1	1
5 4004	5 2563	1	1
5 4004	5 3183	1	1
5 4004	0 3733	1	1
5 4004	7 355	1	1
5 4004	6 1582	1	1
5 4005	5 4808	1	1
5 4005	1 1945	1	1
5 4005	3 604	1	1
5 4005	2 2763	1	1
5 4005	3 668	1	1
5 4005	7 105	1	1
5 4006	3 546	1	1
5 4006	1 1568	1	1
5 4006	0 3525	1	1
5 4006	7 4408	1	1
5 4006	6 1964	1	1
5 4006	2 2707	1	1
5 4007	5 3070	1	1
5 4007	5 2597	1	1
5 4007	3 3681	1	1
5 4007	3 3697	1	1
5 4007	0 1310	1	1
5 4007	3 3613	1	1
5 4008	5 2791	1	1
5 4008	4 4518	1	1
5 4008	7 471	1	1
5 4008	4 4739	1	1
5 4008	1 809	1	1
5 4008	3 3521	1	1
5 4009	1 3539	1	1
5 4009	1 750	1	1
5 4009	3 3267	1	1
5 4009	2 3887	1	1
5 4009	4 4150	1	1
5 4009	1 4183	1	1
5 4010	1 3291	1	1
5 4010	7 1844	1	1
5 4010	4 2863	1	1
5 4010	0 2763	1	1
5 4010	7 5	1	1
5 4010	7 241	1	1
5 4011	5 1548	1	1
5 4011	6 2373	1	1
5 4011	2 4434	1	1
5 4011	6 226	1	1
5 4011	7 1455	1	1
5 4011	3 534	1	1
5 4012	4 1102	1	1
5 4012	3 4849	1	1
5 4012	7 4201	1	1
5 4012	2 3985	1	1
5 4012	1 3789	1	1
5 4012	4 3571	1	1
5 4013	5 4571	1	1
5 4013	1 4874	1	1
5 4013	2 4918	1	1
5 4013	1 2098	1	1
5 4013	7 3853	1	1
5 4013	0 1867	1	1
5 4014	5 376	1	1
5 4014	5 3595	1	1
5 4014	1 714	1	1
5 4014	3 4324	1	1
5 4014	7 2155	1	1
5 4014	1 2066	1	1
5 4015	1 136	1	1
5 4015	6 2223	1	1
5 4015	2 625	1	1
5 4015	3 157	1	1
5 4015	4 4840	1	1
5 4015	2 1790	1	1
5 4016	5 2848	1	1
5 4016	5 3891	1	1
5 4016	3 3753	1	1
5 4016	3 3535	1	1
5 4016	1 3772	1	1
5 4016	2 4728	1	1
5 4017	5 2736	1	1
5 4017	5 2309	1	1
5 4017	0 227	1	1
5 4017	7 1286	1	1
5 4017	6 4353	1	1
5 4017	1 3791	1	1
5 4018	5 3636	1	1
5 4018	1 2157	1	1
5 4018	0 4353	1	1
5 4018	7 1504	1	1
5 4018	1 1795	1	1
5 4018	3 1412	1	1
5 4019	5 2178	1	1
5 4019	7 4725	1	1
5 4019	2 942	1	1
5 4019	0 1913	1	1
5 4019	4 2559	1	1
5 4019	1 3718	1	1
5 4020	5 4355	1	1
5 4020	7 3874	1	1
5 4020	2 1934	1	1
5 4020	0 116	1	1
5 4020	2 2923	1	1
5 4020	2 4623	1	1
5 4021	5 1407	1	1
5 4021	6 1812	1	1
5 4021	0 741	1	1
5 4021	2 4615	1	1
5 4021	0 772	1	1
5 4021	1 3017	1	1
5 4022	0 2314	1	1
5 4022	2 4952	1	1
5 4022	7 979	1	1
5 4022	2 1903	1	1
5 4022	6 1630	1	1
5 4022	7 4503	1	1
5 4023	5 3324	1	1
5 4023	3 3788	1	1
5 4023	3 2941	1	1
5 4023	2 2958	1	1
5 4023	3 3053	1	1
5 4023	2 3369	1	1
5 4024	2 2864	1	1
5 4024	3 4887	1	1
5 4024	2 1180	1	1
5 4024	1 2577	1	1
5 4024	4 2744	1	1
5 4024	4 1293	1	1
5 4025	5 466	1	1
5 4025	1 3963	1	1
5 4025	4 1064	1	1
5 4025	0 3385	1	1
5 4025	1 719	1	1
5 4025	1 3392	1	1
5 4026	5 4417	1	1
5 4026	6 3248	1	1
5 4026	4 1787	1	1
5 4026	4 82	1	1
5 4026	2 3074	1	1
5 4026	7 1779	1	1
5 4027	5 3473	1	1
5 4027	2 1093	1	1
5 4027	1 4595	1	1
5 4027	4 3212	1	1
5 4027	6 2569	1	1
5 4027	4 1971	1	1
5 4028	1 1352	1	1
5 4028	1 4089	1	1
5 4028	1 1442	1	1
5 4028	1 4466	1	1
5 4028	7 4986	1	1
5 4028	4 3395	1	1
5 4029	5 20	1	1
5 4029	1 3037	1	1
5 4029	4 2672	1	1
5 4029	1 3734	1	1
5 4029	2 4912	1	1
5 4029	2 3752	1	1
5 4030	6 2000	1	1
5 4030	6 1014	1	1
5 4030	4 1398	1	1
5 4030	6 4551	1	1
5 4030	0 4072	1	1
5 4030	2 2876	1	1
5 4031	5 2025	1	1
5 4031	5 4051	1	1
5 4031	3 1885	1	1
5 4031	6 2372	1	1
5 4031	4 406	1	1
5 4031	3 759	1	1
5 4032	5 4630	1	1
5 4032	7 667	1	1
5 4032	7 1394	1	1
5 4032	1 700	1	1
5 4032	7 2507	1	1
5 4032	2 963	1	1
5 4033	3 1716	1	1
5 4033	7 563	1	1
5 4033	6 2377	1	1
5 4033	3 4449	1	1
5 4033	4 1506	1	1
5 4033	2 3912	1	1
5 4034	3 1798	1	1
5 4034	6 3267	1	1
5 4034	1 4777	1	1
5 4034	7 479	1	1
5 4034	3 3184	1	1
5 4034	0 3467	1	1
5 4035	4 3440	1	1
5 4035	6 4633	1	1
5 4035	6 51	1	1
5 4035	7 1643	1	1
5 4035	4 2398	1	1
5 4035	1 123	1	1
5 4036	5 6	1	1
5 4036	5 1022	1	1
5 4036	6 923	1	1
5 4036	7 638	1	1
5 4036	6 4337	1	1
5 4036	0 3309	1	1
5 4037	4 3309	1	1
5 4037	1 3500	1	1
5 4037	2 260	1	1
5 4037	0 3693	1	1
5 4037	4 1072	1	1
5 4037	7 3333	1	1
5 4038	5 352	1	1
5 4038	1 3792	1	1
5 4038	6 1412	1	1
5 4038	0 794	1	1
5 4038	0 3035	1	1
5 4038	1 3347	1	1
5 4039	5 2697	1	1
5 4039	2 4771	1	1
5 4039	1 4761	1	1
5 4039	7 1364	1	1
5 4039	4 172	1	1
5 4039	1 3627	1	1
5 4040	5 4702	1	1
5 4040	7 4195	1	1
5 4040	0 4682	1	1
5 4040	7 1412	1	1
5 4040	6 4127	1	1
5 4040	3 591	1	1
5 4041	5 4842	1	1
5 4041	7 1805	1	1
5 4041	6 267	1	1
5 4041	3 1537	1	1
5 4041	2 3348	1	1
5 4041	1 127	1	1
5 4042	6 1246	1	1
5 4042	4 4083	1	1
5 4042	1 1311	1	1
5 4042	2 2332	1	1
5 4042	0 2313	1	1
5 4042	3 2025	1	1
5 4043	5 1976	1	1
5 4043	5 1072	1	1
5 4043	1 1167	1	1
5 4043	3 1895	1	1
5 4043	4 3692	1	1
5 4043	7 2549	1	1
5 4044	0 3214	1	1
5 4044	3 681	1	1
5 4044	0 3536	1	1
5 4044	7 891	1	1
5 4044	2 4008	1	1
5 4044	3 3864	1	1
5 4045	6 2226	1	1
5 4045	2 3831	1	1
5 4045	7 174	1	1
5 4045	0 3746	1	1
5 4045	7 3313	1	1
5 4045	4 4441	1	1
5 4046	2 2380	1	1
5 4046	4 1644	1	1
5 4046	4 877	1	1
5 4046	1 3288	1	1
5 4046	0 1033	1	1
5 4046	6 2651	1	1
5 4047	5 1101	1	1
5 4047	5 221	1	1
5 4047	2 2253	1	1
5 4047	2 541	1	1
5 4047	1 4082	1	1
5 4047	2 3534	1	1
5 4048	5 692	1	1
5 4048	5 1839	1	1
5 4048	3 2414	1	1
5 4048	6 2845	1	1
5 4048	0 2991	1	1
5 4048	6 3591	1	1
5 4049	2 1541	1	1
5 4049	2 824	1	1
5 4049	2 773	1	1
5 4049	4 1980	1	1
5 4049	4 4425	1	1
5 4049	4 3552	1	1
5 4050	5 4306	1	1
5 4050	6 2339	1	1
5 4050	1 4244	1	1
5 4050	0 2476	1	1
5 4050	7 1333	1	1
5 4050	7 4141	1	1
5 4051	5 560	1	1
5 4051	4 4569	1	1
5 4051	0 3927	1	1
5 4051	0 4969	1	1
5 4051	4 3490	1	1
5 4051	3 2068	1	1
5 4052	5 889	1	1
5 4052	3 1324	1	1
5 4052	2 1815	1	1
5 4052	1 4786	1	1
5 4052	4 3766	1	1
5 4052	1 1220	1	1
5 4053	5 3409	1	1
5 4053	6 3743	1	1
5 4053	1 1710	1	1
5 4053	2 3248	1	1
5 4053	2 372	1	1
5 4053	6 3098	1	1
5 4054	5 1792	1	1
5 4054	0 4987	1	1
5 4054	1 3336	1	1
5 4054	3 836	1	1
5 4054	3 229	1	1
5 4054	1 2456	1	1
5 4055	2 239	1	1
5 4055	6 1487	1	1
5 4055	1 4114	1	1
5 4055	0 1839	1	1
5 4055	4 3183	1	1
5 4055	7 888	1	1
5 4056	6 2267	1	1
5 4056	7 1224	1	1
5 4056	4 2116	1	1
5 4056	3 3093	1	1
5 4056	6 884	1	1
5 4056	7 4555	1	1
5 4057	2 36	1	1
5 4057	7 8	1	1
5 4057	0 1849	1	1
5 4057	4 359	1	1
5 4057	1 305	1	1
5 4057	3 935	1	1
5 4058	5 1110	1	1
5 4058	7 4013	1	1
5 4058	6 2541	1	1
5 4058	7 1926	1	1
5 4058	6 3479	1	1
5 4058	1 1709	1	1
5 4059	3 474	1	1
5 4059	3 1457	1	1
5 4059	2 1186	1	1
5 4059	7 3512	1	1
5 4059	3 4779	1	1
5 4059	0 4472	1	1
5 4060	5 2832	1	1
5 4060	4 1118	1	1
5 4060	2 2170	1	1
5 4060	3 3284	1	1
5 4060	7 1181	1	1
5 4060	6 3049	1	1
5 4061	5 3267	1	1
5 4061	2 961	1	1
5 4061	6 1273	1	1
5 4061	3 4938	1	1
5 4061	3 316	1	1
5 4061	7 2347	1	1
5 4062	5 61	1	1
5 4062	5 773	1	1
5 4062	3 4259	1	1
5 4062	0 2367	1	1
5 4062	2 4491	1	1
5 4062	2 722	1	1
5 4063	2 3898	1	1
5 4063	4 64	1	1
5 4063	6 3602	1	1
5 4063	2 3357	1	1
5 4063	7 2547	1	1
5 4063	3 3787	1	1
5 4064	5 4984	1	1
5 4064	5 2278	1	1
5 4064	2 4202	1	1
5 4064	7 839	1	1
5 4064	7 3485	1	1
5 4064	3 3634	1	1
5 4065	5 592	1	1
5 4065	0 293	1	1
5 4065	2 1838	1	1
5 4065	2 2391	1	1
5 4065	4 4521	1	1
5 4065	2 19	1	1
5 4066	5 3465	1	1
5 4066	4 1693	1	1
5 4066	7 430	1	1
5 4066	3 1178	1	1
5 4066	7 4955	1	1
5 4066	2 244	1	1
5 4067	4 2639	1	1
5 4067	2 3926	1	1
5 4067	0 4904	1	1
5 4067	3 3800	1	1
5 4067	3 1603	1	1
5 4067	2 4756	1	1
5 4068	6 2365	1	1
5 4068	6 955	1	1
5 4068	6 635	1	1
5 4068	6 1785	1	1
5 4068	6 4185	1	1
5 4068	2 3632	1	1
5 4069	5 2733	1	1
5 4069	6 2858	1	1
5 4069	4 1501	1	1
5 4069	2 4932	1	1
5 4069	3 4463	1	1
5 4069	4 2834	1	1
5 4070	3 1356	1	1
5 4070	7 4359	1	1
5 4070	0 2880	1	1
5 4070	0 1841	1	1
5 4070	4 4007	1	1
5 4070	4 2652	1	1
5 4071	5 3195	1	1
5 4071	5 1135	1	1
5 4071	2 2052	1	1
5 4071	7 3693	1	1
5 4071	4 3882	1	1
5 4071	3 509	1	1
5 4072	5 4485	1	1
5 4072	7 4384	1	1
5 4072	3 3030	1	1
5 4072	7 356	1	1
5 4072	1 877	1	1
5 4072	3 581	1	1
5 4073	5 862	1	1
5 4073	1 210	1	1
5 4073	4 4982	1	1
5 4073	4 4865	1	1
5 4073	4 1418	1	1
5 4073	2 4317	1	1
5 4074	5 1797	1	1
5 4074	3 4394	1	1
5 4074	7 140	1	1
5 4074	7 3928	1	1
5 4074	1 2355	1	1
5 4074	3 3354	1	1
5 4075	5 4256	1	1
5 4075	0 1514	1	1
5 4075	7 1999	1	1
5 4075	4 2549	1	1
5 4075	2 944	1	1
5 4075	0 3240	1	1
5 4076	1 2925	1	1
5 4076	2 2514	1	1
5 4076	1 1807	1	1
5 4076	4 1641	1	1
5 4076	7 4633	1	1
5 4076	1 1346	1	1
5 4077	3 1292	1	1
5 4077	3 814	1	1
5 4077	6 2827	1	1
5 4077	2 4970	1	1
5 4077	4 1647	1	1
5 4077	7 2161	1	1
5 4078	5 4585	1	1
5 4078	1 1637	1	1
5 4078	0 4053	1	1
5 4078	4 94	1	1
5 4078	0 4994	1	1
5 4078	7 2690	1	1
5 4079	7 4755	1	1
5 4079	1 3376	1	1
5 4079	0 3842	1	1
5 4079	4 1513	1	1
5 4079	1 416	1	1
5 4079	3 1851	1	1
5 4080	5 411	1	1
5 4080	5 644	1	1
5 4080	2 11	1	1
5 4080	6 1529	1	1
5 4080	3 3633	1	1
5 4080	0 1569	1	1
5 4081	5 4730	1	1
5 4081	5 3442	1	1
5 4081	3 154	1	1
5 4081	3 676	1	1
5 4081	0 2248	1	1
5 4081	1 2434	1	1
5 4082	2 1479	1	1
5 4082	0 4387	1	1
5 4082	4 4234	1	1
5 4082	2 3880	1	1
5 4082	3 4828	1	1
5 4082	0 315	1	1
5 4083	3 1141	1	1
5 4083	3 3363	1	1
5 4083	0 1734	1	1
5 4083	6 1080	1	1
5 4083	0 3144	1	1
5 4083	1 3808	1	1
5 4084	1 3687	1	1
5 4084	7 3496	1	1
5 4084	2 1045	1	1
5 4084	1 3510	1	1
5 4084	3 3949	1	1
5 4084	3 4371	1	1
5 4085	0 2302	1	1
5 4085	0 2342	1	1
5 4085	0 2926	1	1
5 4085	3 4321	1	1
5 4085	7 886	1	1
5 4085	4 2941	1	1
5 4086	5 2031	1	1
5 4086	3 3624	1	1
5 4086	2 2642	1	1
5 4086	4 1344	1	1
5 4086	0 4404	1	1
5 4086	6 4518	1	1
5 4087	7 1905	1	1
5 4087	1 3776	1	1
5 4087	7 4374	1	1
5 4087	6 205	1	1
5 4087	6 1151	1	1
5 4087	4 4423	1	1
5 4088	3 1087	1	1
5 4088	2 679	1	1
5 4088	4 4794	1	1
5 4088	4 4427	1	1
5 4088	6 2001	1	1
5 4088	2 949	1	1
5 4089	6 4507	1	1
5 4089	0 1031	1	1
5 4089	7 2169	1	1
5 4089	1 3385	1	1
5 4089	0 214	1	1
5 4089	1 3339	1	1
5 4090	6 2309	1	1
5 4090	3 987	1	1
5 4090	3 1763	1	1
5 4090	0 2022	1	1
5 4090	4 2748	1	1
5 4090	6 4688	1	1
5 4091	5 452	1	1
5 4091	2 590	1	1
5 4091	6 1196	1	1
5 4091	3 1781	1	1
5 4091	2 2241	1	1
5 4091	6 4071	1	1
5 4092	0 3010	1	1
5 4092	0 85	1	1
5 4092	6 326	1	1
5 4092	7 670	1	1
5 4092	1 3472	1	1
5 4092	0 3630	1	1
5 4093	0 1879	1	1
5 4093	4 349	1	1
5 4093	6 3298	1	1
5 4093	6 4193	1	1
5 4093	6 4582	1	1
5 4093	1 4666	1	1
5 4094	0 4631	1	1
5 4094	0 998	1	1
5 4094	6 2687	1	1
5 4094	7 3681	1	1
5 4094	4 2266	1	1
5 4094	7 4203	1	1
5 4095	2 467	1	1
5 4095	4 2316	1	1
5 4095	3 92	1	1
5 4095	4 2420	1	1
5 4095	0 194	1	1
5 4095	7 2044	1	1
5 4096	5 733	1	1
5 4096	4 3341	1	1
5 4096	3 436	1	1
5 4096	7 2259	1	1
5 4096	7 4601	1	1
5 4096	4 4446	1	1
5 4097	5 982	1	1
5 4097	4 1488	1	1
5 4097	0 3849	1	1
5 4097	4 3654	1	1
5 4097	6 2687	1	1
5 4097	7 3533	1	1
5 4098	7 1562	1	1
5 4098	2 863	1	1
5 4098	1 1753	1	1
5 4098	1 2750	1	1
5 4098	4 4846	1	1
5 4098	1 1989	1	1
5 4099	7 4952	1	1
5 4099	7 3572	1	1
5 4099	4 2595	1	1
5 4099	6 3258	1	1
5 4099	3 2693	1	1
5 4099	1 4280	1	1
5 4100	5 658	1	1
5 4100	5 594	1	1
5 4100	2 128	1	1
5 4100	1 2104	1	1
5 4100	3 4374	1	1
5 4100	7 3591	1	1
5 4101	5 4367	1	1
5 4101	5 4682	1	1
5 4101	3 419	1	1
5 4101	6 1388	1	1
5 4101	3 2986	1	1
5 4101	7 3063	1	1
5 4102	5 2376	1	1
5 4102	5 3738	1	1
5 4102	5 4604	1	1
5 4102	0 201	1	1
5 4102	0 2733	1	1
5 4102	3 1576	1	1
5 4103	2 4185	1	1
5 4103	7 4681	1	1
5 4103	7 814	1	1
5 4103	0 2198	1	1
5 4103	0 3384	1	1
5 4103	3 1566	1	1
5 4104	5 705	1	1
5 4104	5 1345	1	1
5 4104	1 3442	1	1
5 4104	3 3915	1	1
5 4104	7 3295	1	1
5 4104	1 4957	1	1
5 4105	0 836	1	1
5 4105	4 99	1	1
5 4105	0 2589	1	1
5 4105	2 4988	1	1
5 4105	7 4695	1	1
5 4105	4 4496	1	1
5 4106	5 133	1	1
5 4106	4 1236	1	1
5 4106	2 1278	1	1
5 4106	3 2894	1	1
5 4106	2 1739	1	1
5 4106	4 3127	1	1
5 4107	5 1973	1	1
5 4107	7 664	1	1
5 4107	7 3530	1	1
5 4107	7 1375	1	1
5 4107	2 1790	1	1
5 4107	7 501	1	1
5 4108	5 148	1	1
5 4108	2 1909	1	1
5 4108	4 1188	1	1
5 4108	0 862	1	1
5 4108	4 1239	1	1
5 4108	2 157	1	1
5 4109	5 3494	1	1
5 4109	5 1199	1	1
5 4109	7 1003	1	1
5 4109	6 4410	1	1
5 4109	7 4792	1	1
5 4109	3 1874	1	1
5 4110	5 4758	1	1
5 4110	5 4777	1	1
5 4110	3 1160	1	1
5 4110	3 1006	1	1
5 4110	6 2192	1	1
5 4110	6 4461	1	1
5 4111	4 3006	1	1
5 4111	1 1805	1	1
5 4111	7 4481	1	1
5 4111	1 1817	1	1
5 4111	1 2089	1	1
5 4111	3 4233	1	1
5 4112	5 1392	1	1
5 4112	5 2044	1	1
5 4112	1 2358	1	1
5 4112	2 1047	1	1
5 4112	7 944	1	1
5 4112	7 2339	1	1
5 4113	5 4862	1	1
5 4113	5 1373	1	1
5 4113	2 393	1	1
5 4113	6 4674	1	1
5 4113	1 1383	1	1
5 4113	2 529	1	1
5 4114	5 4873	1	1
5 4114	0 3930	1	1
5 4114	1 3828	1	1
5 4114	6 681	1	1
5 4114	6 2407	1	1
5 4114	2 2338	1	1
5 4115	5 510	1	1
5 4115	1 3209	1	1
5 4115	0 4453	1	1
5 4115	4 306	1	1
5 4115	7 4813	1	1
5 4115	0 1349	1	1
5 4116	5 1062	1	1
5 4116	2 3272	1	1
5 4116	3 4989	1	1
5 4116	0 3943	1	1
5 4116	7 350	1	1
5 4116	4 1606	1	1
5 4117	1 2357	1	1
5 4117	1 4359	1	1
5 4117	1 377	1	1
5 4117	1 3907	1	1
5 4117	2 1265	1	1
5 4117	0 2181	1	1
5 4118	5 2428	1	1
5 4118	3 892	1	1
5 4118	3 1234	1	1
5 4118	4 3266	1	1
5 4118	6 4939	1	1
5 4118	0 2302	1	1
5 4119	5 2290	1	1
5 4119	2 1457	1	1
5 4119	7 2465	1	1
5 4119	3 1202	1	1
5 4119	6 3225	1	1
5 4119	1 3331	1	1
5 4120	5 1063	1	1
5 4120	5 1791	1	1
5 4120	5 1819	1	1
5 4120	6 4063	1	1
5 4120	3 3018	1	1
5 4120	0 4357	1	1
5 4121	5 2691	1	1
5 4121	4 909	1	1
5 4121	1 4502	1	1
5 4121	7 42	1	1
5 4121	7 1805	1	1
5 4121	4 3477	1	1
5 4122	5 3145	1	1
5 4122	2 2879	1	1
5 4122	7 2719	1	1
5 4122	2 3886	1	1
5 4122	2 3513	1	1
5 4122	7 4030	1	1
5 4123	5 2834	1	1
5 4123	0 1236	1	1
5 4123	0 3737	1	1
5 4123	1 4504	1	1
5 4123	3 1435	1	1
5 4123	7 4864	1	1
5 4124	7 1343	1	1
5 4124	6 2186	1	1
5 4124	4 2252	1	1
5 4124	2 2714	1	1
5 4124	0 1207	1	1
5 4124	4 2425	1	1
5 4125	5 2376	1	1
5 4125	3 4930	1	1
5 4125	0 812	1	1
5 4125	0 2726	1	1
5 4125	2 2044	1	1
5 4125	0 4514	1	1
5 4126	5 3083	1	1
5 4126	0 1514	1	1
5 4126	2 4068	1	1
5 4126	3 655	1	1
5 4126	4 1660	1	1
5 4126	3 808	1	1
5 4127	1 3560	1	1
5 4127	0 319	1	1
5 4127	4 2979	1	1
5 4127	2 2763	1	1
5 4127	3 1026	1	1
5 4127	4 2007	1	1
5 4128	1 3394	1	1
5 4128	3 1171	1	1
5 4128	1 4484	1	1
5 4128	4 4602	1	1
5 4128	4 1043	1	1
5 4128	3 2393	1	1
5 4129	5 680	1	1
5 4129	5 1960	1	1
5 4129	7 3987	1	1
5 4129	6 4620	1	1
5 4129	1 4494	1	1
5 4129	4 3211	1	1
5 4130	7 4997	1	1
5 4130	4 1314	1	1
5 4130	2 2306	1	1
5 4130	1 1640	1	1
5 4130	1 4876	1	1
5 4130	4 671	1	1
5 4131	2 3867	1	1
5 4131	2 2598	1	1
5 4131	7 2358	1	1
5 4131	7 4906	1	1
5 4131	3 2413	1	1
5 4131	0 94	1	1
5 4132	1 495	1	1
5 4132	4 2288	1	1
5 4132	1 3883	1	1
5 4132	1 3408	1	1
5 4132	1 1281	1	1
5 4132	7 978	1	1
5 4133	0 4642	1	1
5 4133	3 2551	1	1
5 4133	7 4006	1	1
5 4133	1 3276	1	1
5 4133	1 4758	1	1
5 4133	7 205	1	1
5 4134	7 1832	1	1
5 4134	6 1001	1	1
5 4134	1 3476	1	1
5 4134	7 2511	1	1
5 4134	6 2864	1	1
5 4134	3 510	1	1
5 4135	2 1167	1	1
5 4135	1 4439	1	1
5 4135	7 3471	1	1
5 4135	6 4690	1	1
5 4135	7 4718	1	1
5 4135	1 34	1	1
5 4136	5 4929	1	1
5 4136	5 3465	1	1
5 4136	0 3349	1	1
5 4136	4 3184	1	1
5 4136	7 441	1	1
5 4136	4 3964	1	1
5 4137	5 279	1	1
5 4137	6 2764	1	1
5 4137	4 4555	1	1
5 4137	0 2660	1	1
5 4137	0 4117	1	1
5 4137	3 2682	1	1
5 4138	5 144	1	1
5 4138	1 2528	1	1
5 4138	6 2296	1	1
5 4138	7 2357	1	1
5 4138	4 1646	1	1
5 4138	7 1815	1	1
5 4139	5 4244	1	1
5 4139	5 4729	1	1
5 4139	0 1622	1	1
5 4139	7 4256	1	1
5 4139	0 4747	1	1
5 4139	1 3063	1	1
5 4140	5 1380	1	1
5 4140	0 3513	1	1
5 4140	1 2801	1	1
5 4140	0 2242	1	1
5 4140	2 2140	1	1
5 4140	3 3192	1	1
5 4141	5 1283	1	1
5 4141	3 1337	1	1
5 4141	1 134	1	1
5 4141	4 1304	1	1
5 4141	6 2786	1	1
5 4141	6 3121	1	1
5 4142	5 2514	1	1
5 4142	5 2297	1	1
5 4142	5 2608	1	1
5 4142	3 3914	1	1
5 4142	4 445	1	1
5 4142	2 4323	1	1
5 4143	7 466	1	1
5 4143	6 1304	1	1
5 4143	6 4968	1	1
5 4143	7 4117	1	1
5 4143	7 2228	1	1
5 4143	4 4615	1	1
5 4144	5 3529	1	1
5 4144	1 1516	1	1
5 4144	3 1260	1	1
5 4144	6 1352	1	1
5 4144	1 1517	1	1
5 4144	1 2465	1	1
5 4145	4 518	1	1
5 4145	2 1796	1	1
5 4145	0 1103	1	1
5 4145	6 1133	1	1
5 4145	0 1664	1	1
5 4145	7 288	1	1
5 4146	5 751	1	1
5 4146	5 1595	1	1
5 4146	6 3447	1	1
5 4146	6 3487	1	1
5 4146	7 1936	1	1
5 4146	6 4437	1	1
5 4147	6 684	1	1
5 4147	7 4860	1	1
5 4147	4 4813	1	1
5 4147	7 751	1	1
5 4147	6 305	1	1
5 4147	3 666	1	1
5 4148	6 4262	1	1
5 4148	1 2608	1	1
5 4148	7 2240	1	1
5 4148	0 2027	1	1
5 4148	1 3929	1	1
5 4148	0 4806	1	1
5 4149	5 4521	1	1
5 4149	5 2389	1	1
5 4149	6 1954	1	1
5 4149	4 4872	1	1
5 4149	0 235	1	1
5 4149	6 490	1	1
5 4150	0 4180	1	1
5 4150	0 2037	1	1
5 4150	7 4488	1	1
5 4150	2 1035	1	1
5 4150	7 4705	1	1
5 4150	6 118	1	1
5 4151	0 3953	1	1
5 4151	6 2520	1	1
5 4151	3 1136	1	1
5 4151	3 3859	1	1
5 4151	0 3339	1	1
5 4151	0 3476	1	1
5 4152	5 1400	1	1
5 4152	0 1201	1	1
5 4152	0 3502	1	1
5 4152	3 3637	1	1
5 4152	2 2111	1	1
5 4152	7 3662	1	1
5 4153	5 3404	1	1
5 4153	0 4869	1	1
5 4153	7 4151	1	1
5 4153	7 2425	1	1
5 4153	0 1452	1	1
5 4153	2 4612	1	1
5 4154	5 815	1	1
5 4154	1 4360	1	1
5 4154	4 2958	1	1
5 4154	3 4162	1	1
5 4154	2 2352	1	1
5 4154	3 4749	1	1
5 4155	5 2834	1	1
5 4155	5 3572	1	1
5 4155	0 2213	1	1
5 4155	7 629	1	1
5 4155	0 2878	1	1
5 4155	4 3735	1	1
5 4156	4 4518	1	1
5 4156	0 4256	1	1
5 4156	1 438	1	1
5 4156	1 2891	1	1
5 4156	2 2080	1	1
5 4156	7 1237	1	1
5 4157	7 2231	1	1
5 4157	2 1861	1	1
5 4157	1 309	1	1
5 4157	6 789	1	1
5 4157	7 3108	1	1
5 4157	6 556	1	1
5 4158	5 2634	1	1
5 4158	5 2122	1	1
5 4158	3 2620	1	1
5 4158	0 2573	1	1
5 4158	1 3341	1	1
5 4158	6 2472	1	1
5 4159	5 397	1	1
5 4159	5 3508	1	1
5 4159	1 3268	1	1
5 4159	6 4785	1	1
5 4159	7 2799	1	1
5 4159	2 1176	1	1
5 4160	5 1020	1	1
5 4160	5 3548	1	1
5 4160	4 1956	1	1
5 4160	3 4773	1	1
5 4160	2 1413	1	1
5 4160	4 4727	1	1
5 4161	5 2822	1	1
5 4161	5 4891	1	1
5 4161	7 471	1	1
5 4161	6 616	1	1
5 4161	1 339	1	1
5 4161	2 4647	1	1
5 4162	7 1115	1	1
5 4162	0 4317	1	1
5 4162	1 4095	1	1
5 4162	2 3023	1	1
5 4162	2 4553	1	1
5 4162	4 1102	1	1
5 4163	5 2767	1	1
5 4163	6 1469	1	1
5 4163	1 958	1	1
5 4163	6 1547	1	1
5 4163	4 1443	1	1
5 4163	0 4945	1	1
5 4164	2 3549	1	1
5 4164	3 183	1	1
5 4164	4 2742	1	1
5 4164	3 2464	1	1
5 4164	4 2818	1	1
5 4164	6 3049	1	1
5 4165	4 68	1	1
5 4165	2 1322	1	1
5 4165	6 4296	1	1
5 4165	4 2699	1	1
5 4165	6 1777	1	1
5 4165	1 1499	1	1
5 4166	5 3275	1	1
5 4166	0 4828	1	1
5 4166	6 3878	1	1
5 4166	2 1636	1	1
5 4166	0 891	1	1
5 4166	0 4369	1	1
5 4167	5 3915	1	1
5 4167	2 1825	1	1
5 4167	0 4602	1	1
5 4167	6 2265	1	1
5 4167	4 4333	1	1
5 4167	6 1575	1	1
5 4168	5 3701	1	1
5 4168	2 115	1	1
5 4168	0 2673	1	1
5 4168	7 2991	1	1
5 4168	3 1876	1	1
5 4168	4 1123	1	1
5 4169	6 2805	1	1
5 4169	2 3882	1	1
5 4169	7 546	1	1
5 4169	7 1800	1	1
5 4169	0 1824	1	1
5 4169	3 3936	1	1
5 4170	5 3243	1	1
5 4170	0 187	1	1
5 4170	4 4605	1	1
5 4170	4 2952	1	1
5 4170	7 4973	1	1
5 4170	3 2446	1	1
5 4171	0 566	1	1
5 4171	1 2447	1	1
5 4171	7 1016	1	1
5 4171	0 778	1	1
5 4171	7 3186	1	1
5 4171	3 4087	1	1
5 4172	2 1916	1	1
5 4172	3 3378	1	1
5 4172	7 4154	1	1
5 4172	3 1934	1	1
5 4172	0 4347	1	1
5 4172	1 4702	1	1
5 4173	5 3184	1	1
5 4173	5 3157	1	1
5 4173	4 4536	1	1
5 4173	0 3623	1	1
5 4173	4 2199	1	1
5 4173	0 673	1	1
5 4174	4 3969	1	1
5 4174	7 4244	1	1
5 4174	6 2450	1	1
5 4174	6 1046	1	1
5 4174	0 2111	1	1
5 4174	4 2655	1	1
5 4175	1 4275	1	1
5 4175	6 576	1	1
5 4175	0 2204	1	1
5 4175	7 2443	1	1
5 4175	3 3754	1	1
5 4175	4 1033	1	1
5 4176	6 1885	1	1
5 4176	1 125	1	1
5 4176	3 2983	1	1
5 4176	2 278	1	1
5 4176	4 3348	1	1
5 4176	2 727	1	1
5 4177	5 2620	1	1
5 4177	4 1736	1	1
5 4177	0 1799	1	1
5 4177	0 2668	1	1
5 4177	6 4577	1	1
5 4177	2 3686	1	1
5 4178	5 231	1	1
5 4178	2 4243	1	1
5 4178	0 640	1	1
5 4178	0 4900	1	1
5 4178	3 3862	1	1
5 4178	1 1223	1	1
5 4179	0 2220	1	1
5 4179	1 2317	1	1
5 4179	1 3452	1	1
5 4179	1 3670	1	1
5 4179	6 562	1	1
5 4179	6 2708	1	1
5 4180	5 4378	1	1
5 4180	7 1829	1	1
5 4180	1 4989	1	1
5 4180	0 638	1	1
5 4180	4 1178	1	1
5 4180	7 3865	1	1
5 4181	5 350	1	1
5 4181	2 4017	1	1
5 4181	6 1822	1	1
5 4181	0 3343	1	1
5 4181	3 148	1	1
5 4181	0 281	1	1
5 4182	5 4317	1	1
5 4182	5 3318	1	1
5 4182	6 1491	1	1
5 4182	2 1126	1	1
5 4182	1 2534	1	1
5 4182	2 3082	1	1
5 4183	7 850	1	1
5 4183	1 3147	1	1
5 4183	7 4747	1	1
5 4183	4 1167	1	1
5 4183	1 1554	1	1
5 4183	1 930	1	1
5 4184	5 2873	1	1
5 4184	5 633	1	1
5 4184	6 1284	1	1
5 4184	4 4484	1	1
5 4184	6 3051	1	1
5 4184	0 964	1	1
5 4185	0 4677	1	1
5 4185	4 1749	1	1
5 4185	7 4723	1	1
5 4185	3 3915	1	1
5 4185	0 480	1	1
5 4185	2 4747	1	1
5 4186	5 4692	1	1
5 4186	0 4447	1	1
5 4186	0 2394	1	1
5 4186	1 3566	1	1
5 4186	2 3397	1	1
5 4186	7 88	1	1
5 4187	5 2175	1	1
5 4187	5 2335	1	1
5 4187	4 2706	1	1
5 4187	3 4524	1	1
5 4187	0 2796	1	1
5 4187	6 1743	1	1
5 4188	6 1135	1	1
5 4188	3 1141	1	1
5 4188	4 893	1	1
5 4188	2 1223	1	1
5 4188	7 4975	1	1
5 4188	0 4912	1	1
5 4189	7 1868	1	1
5 4189	4 4735	1	1
5 4189	1 3659	1	1
5 4189	3 4347	1	1
5 4189	7 4782	1	1
5 4189	4 4720	1	1
5 4190	5 4508	1	1
5 4190	5 4324	1	1
5 4190	1 3856	1	1
5 4190	6 3761	1	1
5 4190	6 172	1	1
5 4190	3 2792	1	1
5 4191	5 3260	1	1
5 4191	7 2520	1	1
5 4191	2 2422	1	1
5 4191	1 578	1	1
5 4191	7 4309	1	1
5 4191	1 4664	1	1
5 4192	5 1359	1	1
5 4192	5 4748	1	1
5 4192	0 4305	1	1
5 4192	4 4682	1	1
5 4192	4 4966	1	1
5 4192	3 2683	1	1
5 4193	2 739	1	1
5 4193	1 2660	1	1
5 4193	4 3481	1	1
5 4193	3 2783	1	1
5 4193	2 4922	1	1
5 4193	3 2066	1	1
5 4194	3 111	1	1
5 4194	6 3934	1	1
5 4194	6 1571	1	1
5 4194	1 2612	1	1
5 4194	2 2846	1	1
5 4194	4 937	1	1
5 4195	5 2986	1	1
5 4195	1 1524	1	1
5 4195	7 4626	1	1
5 4195	0 1057	1	1
5 4195	7 582	1	1
5 4195	1 1100	1	1
5 4196	2 2827	1	1
5 4196	0 4620	1	1
5 4196	6 4798	1	1
5 4196	4 890	1	1
5 4196	2 4520	1	1
5 4196	6 4374	1	1
5 4197	5 4024	1	1
5 4197	1 3720	1	1
5 4197	4 2949	1	1
5 4197	0 474	1	1
5 4197	7 1694	1	1
5 4197	4 1385	1	1
5 4198	5 1899	1	1
5 4198	1 4655	1	1
5 4198	4 3780	1	1
5 4198	0 1597	1	1
5 4198	7 2415	1	1
5 4198	0 3490	1	1
5 4199	2 1140	1	1
5 4199	1 3853	1	1
5 4199	1 4199	1	1
5 4199	0 4134	1	1
5 4199	7 1414	1	1
5 4199	3 214	1	1
5 4200	5 672	1	1
5 4200	5 936	1	1
5 4200	5 2925	1	1
5 4200	5 1173	1	1
5 4200	3 843	1	1
5 4200	0 1621	1	1
5 4201	5 4654	1	1
5 4201	4 2554	1	1
5 4201	2 1992	1	1
5 4201	1 4226	1	1
5 4201	4 2041	1	1
5 4201	2 554	1	1
5 4202	1 316	1	1
5 4202	0 332	1	1
5 4202	7 772	1	1
5 4202	1 372	1	1
5 4202	3 3170	1	1
5 4202	4 4240	1	1
5 4203	5 519	1	1
5 4203	1 623	1	1
5 4203	6 3744	1	1
5 4203	2 2620	1	1
5 4203	3 4336	1	1
5 4203	6 1156	1	1
5 4204	3 1583	1	1
5 4204	2 626	1	1
5 4204	3 189	1	1
5 4204	4 1797	1	1
5 4204	6 2157	1	1
5 4204	6 2106	1	1
5 4205	2 2358	1	1
5 4205	3 3428	1	1
5 4205	1 2189	1	1
5 4205	3 4718	1	1
5 4205	6 4772	1	1
5 4205	7 96	1	1
5 4206	5 1250	1	1
5 4206	7 193	1	1
5 4206	7 175	1	1
5 4206	7 4350	1	1
5 4206	6 3997	1	1
5 4206	4 311	1	1
5 4207	6 3760	1	1
5 4207	1 3646	1	1
5 4207	6 1690	1	1
5 4207	4 1849	1	1
5 4207	2 3399	1	1
5 4207	2 1332	1	1
5 4208	5 2169	1	1
5 4208	5 2158	1	1
5 4208	2 4	1	1
5 4208	4 1737	1	1
5 4208	6 4264	1	1
5 4208	2 2885	1	1
5 4209	5 3428	1	1
5 4209	1 3504	1	1
5 4209	1 260	1	1
5 4209	6 790	1	1
5 4209	2 3740	1	1
5 4209	0 3885	1	1
5 4210	3 971	1	1
5 4210	3 489	1	1
5 4210	2 387	1	1
5 4210	0 4780	1	1
5 4210	1 3198	1	1
5 4210	6 718	1	1
5 4211	5 892	1	1
5 4211	7 4225	1	1
5 4211	7 3888	1	1
5 4211	6 5000	1	1
5 4211	7 4890	1	1
5 4211	0 3077	1	1
5 4212	2 81	1	1
5 4212	1 956	1	1
5 4212	0 4027	1	1
5 4212	6 4376	1	1
5 4212	4 719	1	1
5 4212	1 1746	1	1
5 4213	5 3822	1	1
5 4213	7 2302	1	1
5 4213	7 806	1	1
5 4213	6 3001	1	1
5 4213	6 4247	1	1
5 4213	0 1262	1	1
5 4214	5 1459	1	1
5 4214	5 3525	1	1
5 4214	0 1283	1	1
5 4214	0 4433	1	1
5 4214	3 1493	1	1
5 4214	2 3034	1	1
5 4215	5 2248	1	1
5 4215	6 3726	1	1
5 4215	0 873	1	1
5 4215	7 1378	1	1
5 4215	1 3904	1	1
5 4215	3 107	1	1
5 4216	5 1556	1	1
5 4216	6 2626	1	1
5 4216	2 1035	1	1
5 4216	0 1400	1	1
5 4216	4 1325	1	1
5 4216	4 2070	1	1
5 4217	7 937	1	1
5 4217	2 3226	1	1
5 4217	3 4755	1	1
5 4217	6 3402	1	1
5 4217	4 3047	1	1
5 4217	2 3045	1	1
5 4218	7 1181	1	1
5 4218	2 2240	1	1
5 4218	2 469	1	1
5 4218	7 3141	1	1
5 4218	1 4746	1	1
5 4218	2 964	1	1
5 4219	5 974	1	1
5 4219	5 1104	1	1
5 4219	4 3889	1	1
5 4219	1 4794	1	1
5 4219	7 423	1	1
5 4219	1 39	1	1
5 4220	0 110	1	1
5 4220	4 2667	1	1
5 4220	7 1961	1	1
5 4220	4 2466	1	1
5 4220	0 1463	1	1
5 4220	7 1038	1	1
5 4221	4 384	1	1
5 4221	2 1859	1	1
5 4221	1 1980	1	1
5 4221	3 3942	1	1
5 4221	7 204	1	1
5 4221	6 2413	1	1
5 4222	5 4705	1	1
5 4222	3 1335	1	1
5 4222	1 1190	1	1
5 4222	0 3349	1	1
5 4222	7 1910	1	1
5 4222	2 3419	1	1
5 4223	5 1223	1	1
5 4223	5 2664	1	1
5 4223	1 2871	1	1
5 4223	6 1295	1	1
5 4223	0 3784	1	1
5 4223	3 2767	1	1
5 4224	4 845	1	1
5 4224	7 2929	1	1
5 4224	7 4379	1	1
5 4224	0 304	1	1
5 4224	6 1544	1	1
5 4224	4 4444	1	1
5 4225	5 2013	1	1
5 4225	3 4790	1	1
5 4225	2 3164	1	1
5 4225	2 3072	1	1
5 4225	3 2002	1	1
5 4225	7 1961	1	1
5 4226	5 813	1	1
5 4226	5 1691	1	1
5 4226	0 3231	1	1
5 4226	3 3840	1	1
5 4226	1 3185	1	1
5 4226	6 3407	1	1
5 4227	4 4008	1	1
5 4227	6 4428	1	1
5 4227	0 4532	1	1
5 4227	3 1699	1	1
5 4227	7 1831	1	1
5 4227	0 3800	1	1
5 4228	5 512	1	1
5 4228	4 4512	1	1
5 4228	6 2161	1	1
5 4228	3 3299	1	1
5 4228	6 3091	1	1
5 4228	4 3411	1	1
5 4229	5 891	1	1
5 4229	6 2861	1	1
5 4229	0 1079	1	1
5 4229	0 4444	1	1
5 4229	2 1146	1	1
5 4229	1 3281	1	1
5 4230	5 939	1	1
5 4230	5 1548	1	1
5 4230	0 4157	1	1
5 4230	2 3789	1	1
5 4230	6 2375	1	1
5 4230	0 2195	1	1
5 4231	5 4301	1	1
5 4231	3 2946	1	1
5 4231	0 4372	1	1
5 4231	7 3272	1	1
5 4231	0 3975	1	1
5 4231	7 1572	1	1
5 4232	5 2029	1	1
5 4232	5 4499	1	1
5 4232	5 549	1	1
5 4232	4 2469	1	1
5 4232	0 257	1	1
5 4232	7 4810	1	1
5 4233	5 1324	1	1
5 4233	2 4274	1	1
5 4233	6 3438	1	1
5 4233	4 1623	1	1
5 4233	4 1134	1	1
5 4233	2 2947	1	1
5 4234	2 2729	1	1
5 4234	1 1075	1	1
5 4234	6 324	1	1
5 4234	4 2609	1	1
5 4234	6 3541	1	1
5 4234	6 3716	1	1
5 4235	5 4888	1	1
5 4235	4 4486	1	1
5 4235	3 1460	1	1
5 4235	2 1391	1	1
5 4235	4 3129	1	1
5 4235	6 4504	1	1
5 4236	5 384	1	1
5 4236	2 2656	1	1
5 4236	4 779	1	1
5 4236	4 4192	1	1
5 4236	7 4583	1	1
5 4236	7 1785	1	1
5 4237	4 4724	1	1
5 4237	6 2978	1	1
5 4237	7 3535	1	1
5 4237	0 869	1	1
5 4237	1 2440	1	1
5 4237	2 4694	1	1
5 4238	1 925	1	1
5 4238	1 1990	1	1
5 4238	4 3883	1	1
5 4238	3 1827	1	1
5 4238	2 269	1	1
5 4238	0 1802	1	1
5 4239	5 1010	1	1
5 4239	5 2253	1	1
5 4239	0 4037	1	1
5 4239	2 133	1	1
5 4239	7 1115	1	1
5 4239	1 1511	1	1
5 4240	6 4553	1	1
5 4240	0 708	1	1
5 4240	1 3749	1	1
5 4240	6 329	1	1
5 4240	0 3782	1	1
5 4240	1 4832	1	1
5 4241	5 3010	1	1
5 4241	5 2517	1	1
5 4241	6 2191	1	1
5 4241	3 1278	1	1
5 4241	6 1270	1	1
5 4241	7 2424	1	1
5 4242	5 3227	1	1
5 4242	6 1628	1	1
5 4242	4 2060	1	1
5 4242	0 1700	1	1
5 4242	3 4132	1	1
5 4242	2 991	1	1
5 4243	0 553	1	1
5 4243	1 3729	1	1
5 4243	2 3853	1	1
5 4243	4 1088	1	1
5 4243	4 3959	1	1
5 4243	0 3653	1	1
5 4244	5 944	1	1
5 4244	5 3874	1	1
5 4244	5 1495	1	1
5 4244	5 1230	1	1
5 4244	1 3056	1	1
5 4244	3 4962	1	1
5 4245	3 331	1	1
5 4245	3 4484	1	1
5 4245	1 3011	1	1
5 4245	6 1160	1	1
5 4245	2 4947	1	1
5 4245	4 2388	1	1
5 4246	2 1077	1	1
5 4246	3 1420	1	1
5 4246	4 2450	1	1
5 4246	3 1374	1	1
5 4246	7 2138	1	1
5 4246	3 1508	1	1
5 4247	5 1620	1	1
5 4247	7 4951	1	1
5 4247	1 3636	1	1
5 4247	7 4332	1	1
5 4247	1 1957	1	1
5 4247	3 1765	1	1
5 4248	5 2925	1	1
5 4248	5 2800	1	1
5 4248	7 1256	1	1
5 4248	3 473	1	1
5 4248	2 3534	1	1
5 4248	1 4493	1	1
5 4249	5 2535	1	1
5 4249	0 1929	1	1
5 4249	7 4081	1	1
5 4249	7 827	1	1
5 4249	3 4182	1	1
5 4249	1 1973	1	1
5 4250	5 4525	1	1
5 4250	5 2875	1	1
5 4250	5 4378	1	1
5 4250	7 2139	1	1
5 4250	7 2132	1	1
5 4250	7 678	1	1
5 4251	0 2002	1	1
5 4251	0 2813	1	1
5 4251	7 4848	1	1
5 4251	1 4469	1	1
5 4251	3 3663	1	1
5 4251	1 1213	1	1
5 4252	3 4288	1	1
5 4252	3 4691	1	1
5 4252	7 4199	1	1
5 4252	2 2386	1	1
5 4252	4 3033	1	1
5 4252	4 296	1	1
5 4253	5 3468	1	1
5 4253	4 1071	1	1
5 4253	4 3032	1	1
5 4253	0 809	1	1
5 4253	0 1310	1	1
5 4253	0 4974	1	1
5 4254	7 2571	1	1
5 4254	4 1742	1	1
5 4254	6 63	1	1
5 4254	2 365	1	1
5 4254	2 3496	1	1
5 4254	4 2431	1	1
5 4255	0 3852	1	1
5 4255	6 3863	1	1
5 4255	7 3997	1	1
5 4255	4 3221	1	1
5 4255	1 1225	1	1
5 4255	4 4746	1	1
5 4256	5 292	1	1
5 4256	2 2711	1	1
5 4256	1 3156	1	1
5 4256	2 3177	1	1
5 4256	6 1642	1	1
5 4256	3 1801	1	1
5 4257	5 4668	1	1
5 4257	5 3575	1	1
5 4257	5 1841	1	1
5 4257	2 4510	1	1
5 4257	0 4032	1	1
5 4257	1 1944	1	1
5 4258	6 3526	1	1
5 4258	6 872	1	1
5 4258	6 1374	1	1
5 4258	6 2632	1	1
5 4258	7 790	1	1
5 4258	4 764	1	1
5 4259	6 4209	1	1
5 4259	3 3347	1	1
5 4259	1 4254	1	1
5 4259	3 495	1	1
5 4259	6 4664	1	1
5 4259	7 2262	1	1
5 4260	7 915	1	1
5 4260	6 213	1	1
5 4260	4 668	1	1
5 4260	6 3695	1	1
5 4260	1 3722	1	1
5 4260	0 1500	1	1
5 4261	5 330	1	1
5 4261	7 2757	1	1
5 4261	2 4593	1	1
5 4261	0 2157	1	1
5 4261	6 4747	1	1
5 4261	6 1896	1	1
5 4262	5 2441	1	1
5 4262	2 515	1	1
5 4262	7 442	1	1
5 4262	1 4357	1	1
5 4262	7 4833	1	1
5 4262	0 4422	1	1
5 4263	0 466	1	1
5 4263	4 4759	1	1
5 4263	0 3024	1	1
5 4263	1 2543	1	1
5 4263	4 1540	1	1
5 4263	4 1039	1	1
5 4264	5 3752	1	1
5 4264	1 4634	1	1
5 4264	4 4287	1	1
5 4264	3 4534	1	1
5 4264	4 231	1	1
5 4264	2 2598	1	1
5 4265	5 2342	1	1
5 4265	6 809	1	1
5 4265	3 4877	1	1
5 4265	7 3353	1	1
5 4265	4 116	1	1
5 4265	1 360	1	1
5 4266	5 2231	1	1
5 4266	5 3751	1	1
5 4266	2 2047	1	1
5 4266	0 4445	1	1
5 4266	1 1628	1	1
5 4266	7 3186	1	1
5 4267	4 4336	1	1
5 4267	7 4518	1	1
5 4267	2 2341	1	1
5 4267	3 3908	1	1
5 4267	6 1076	1	1
5 4267	4 2628	1	1
5 4268	5 2242	1	1
5 4268	5 4696	1	1
5 4268	2 4716	1	1
5 4268	6 3714	1	1
5 4268	2 3758	1	1
5 4268	4 2882	1	1
5 4269	0 3408	1	1
5 4269	2 712	1	1
5 4269	0 452	1	1
5 4269	4 308	1	1
5 4269	0 3330	1	1
5 4269	7 2730	1	1
5 4270	5 4540	1	1
5 4270	1 548	1	1
5 4270	4 2035	1	1
5 4270	3 3329	1	1
5 4270	0 2461	1	1
5 4270	3 2070	1	1
5 4271	5 3168	1	1
5 4271	2 2995	1	1
5 4271	1 3765	1	1
5 4271	7 3651	1	1
5 4271	6 4960	1	1
5 4271	6 1822	1	1
5 4272	5 3136	1	1
5 4272	6 587	1	1
5 4272	6 1948	1	1
5 4272	1 2999	1	1
5 4272	1 4092	1	1
5 4272	7 4465	1	1
5 4273	1 2979	1	1
5 4273	1 991	1	1
5 4273	6 129	1	1
5 4273	6 3632	1	1
5 4273	0 1633	1	1
5 4273	4 4241	1	1
5 4274	4 3252	1	1
5 4274	0 758	1	1
5 4274	7 1906	1	1
5 4274	6 1096	1	1
5 4274	7 724	1	1
5 4274	4 2144	1	1
5 4275	5 3320	1	1
5 4275	7 2801	1	1
5 4275	4 4507	1	1
5 4275	6 1333	1	1
5 4275	6 730	1	1
5 4275	0 3283	1	1
5 4276	0 2404	1	1
5 4276	0 2769	1	1
5 4276	4 1678	1	1
5 4276	4 3187	1	1
5 4276	0 4790	1	1
5 4276	0 3632	1	1
5 4277	5 2355	1	1
5 4277	3 3483	1	1
5 4277	2 3832	1	1
5 4277	3 4127	1	1
5 4277	2 496	1	1
5 4277	2 772	1	1
5 4278	5 2842	1	1
5 4278	5 3625	1	1
5 4278	0 2531	1	1
5 4278	0 3149	1	1
5 4278	7 1860	1	1
5 4278	6 161	1	1
5 4279	5 3233	1	1
5 4279	2 2711	1	1
5 4279	6 4456	1	1
5 4279	1 1580	1	1
5 4279	4 1851	1	1
5 4279	6 1796	1	1
5 4280	3 2587	1	1
5 4280	4 350	1	1
5 4280	2 1177	1	1
5 4280	7 4980	1	1
5 4280	0 4402	1	1
5 4280	1 461	1	1
5 4281	0 108	1	1
5 4281	7 2477	1	1
5 4281	0 3868	1	1
5 4281	3 1010	1	1
5 4281	0 4768	1	1
5 4281	0 1229	1	1
5 4282	4 1066	1	1
5 4282	1 3618	1	1
5 4282	7 2571	1	1
5 4282	4 2573	1	1
5 4282	0 2724	1	1
5 4282	2 4826	1	1
5 4283	2 4308	1	1
5 4283	7 4982	1	1
5 4283	2 2372	1	1
5 4283	1 3624	1	1
5 4283	2 1780	1	1
5 4283	3 3584	1	1
5 4284	5 226	1	1
5 4284	2 473	1	1
5 4284	1 4599	1	1
5 4284	7 3542	1	1
5 4284	1 4887	1	1
5 4284	7 3441	1	1
5 4285	7 1719	1	1
5 4285	0 3267	1	1
5 4285	6 51	1	1
5 4285	7 4706	1	1
5 4285	0 854	1	1
5 4285	3 9	1	1
5 4286	1 2200	1	1
5 4286	7 3624	1	1
5 4286	7 3136	1	1
5 4286	3 825	1	1
5 4286	7 347	1	1
5 4286	0 3976	1	1
5 4287	6 600	1	1
5 4287	6 3885	1	1
5 4287	4 3303	1	1
5 4287	1 2333	1	1
5 4287	3 1717	1	1
5 4287	3 1505	1	1
5 4288	5 100	1	1
5 4288	3 2290	1	1
5 4288	3 2978	1	1
5 4288	4 4860	1	1
5 4288	1 1922	1	1
5 4288	3 867	1	1
5 4289	0 2876	1	1
5 4289	1 2677	1	1
5 4289	0 547	1	1
5 4289	2 4644	1	1
5 4289	1 4205	1	1
5 4289	3 214	1	1
5 4290	5 1429	1	1
5 4290	5 3523	1	1
5 4290	5 3785	1	1
5 4290	3 4257	1	1
5 4290	7 447	1	1
5 4290	4 1858	1	1
5 4291	2 3808	1	1
5 4291	1 1506	1	1
5 4291	7 1623	1	1
5 4291	2 3885	1	1
5 4291	6 1939	1	1
5 4291	0 551	1	1
5 4292	3 3095	1	1
5 4292	3 2866	1	1
5 4292	1 1001	1	1
5 4292	3 4774	1	1
5 4292	1 2313	1	1
5 4292	7 3401	1	1
5 4293	5 4729	1	1
5 4293	3 4116	1	1
5 4293	1 1330	1	1
5 4293	0 3893	1	1
5 4293	2 720	1	1
5 4293	0 436	1	1
5 4294	5 4423	1	1
5 4294	1 1309	1	1
5 4294	4 2846	1	1
5 4294	3 3277	1	1
5 4294	3 343	1	1
5 4294	2 1130	1	1
5 4295	2 3239	1	1
5 4295	6 3289	1	1
5 4295	7 2488	1	1
5 4295	1 3934	1	1
5 4295	0 1582	1	1
5 4295	3 4195	1	1
5 4296	5 634	1	1
5 4296	5 1759	1	1
5 4296	0 1756	1	1
5 4296	0 4761	1	1
5 4296	2 400	1	1
5 4296	7 4172	1	1
5 4297	5 1670	1	1
5 4297	5 4404	1	1
5 4297	4 1709	1	1
5 4297	7 4486	1	1
5 4297	3 3653	1	1
5 4297	2 3255	1	1
5 4298	3 912	1	1
5 4298	7 1147	1	1
5 4298	7 4146	1	1
5 4298	1 4073	1	1
5 4298	0 3774	1	1
5 4298	4 4595	1	1
5 4299	5 1874	1	1
5 4299	0 4220	1	1
5 4299	4 3606	1	1
5 4299	2 1119	1	1
5 4299	4 3659	1	1
5 4299	1 2699	1	1
5 4300	5 252	1	1
5 4300	5 3472	1	1
5 4300	4 3435	1	1
5 4300	6 2691	1	1
5 4300	6 2167	1	1
5 4300	2 4509	1	1
5 4301	5 744	1	1
5 4301	4 258	1	1
5 4301	2 4115	1	1
5 4301	6 2998	1	1
5 4301	2 665	1	1
5 4301	3 3151	1	1
5 4302	7 1708	1	1
5 4302	2 1496	1	1
5 4302	1 2564	1	1
5 4302	4 3020	1	1
5 4302	0 2914	1	1
5 4302	1 4354	1	1
5 4303	5 2017	1	1
5 4303	3 2475	1	1
5 4303	0 918	1	1
5 4303	1 2386	1	1
5 4303	1 708	1	1
5 4303	1 3360	1	1
5 4304	3 1379	1	1
5 4304	7 3721	1	1
5 4304	4 4776	1	1
5 4304	2 641	1	1
5 4304	2 363	1	1
5 4304	1 2839	1	1
5 4305	1 1058	1	1
5 4305	0 4010	1	1
5 4305	7 3739	1	1
5 4305	3 1086	1	1
5 4305	2 4998	1	1
5 4305	3 3460	1	1
5 4306	5 4458	1	1
5 4306	6 3686	1	1
5 4306	4 1024	1	1
5 4306	3 1170	1	1
5 4306	4 4419	1	1
5 4306	0 828	1	1
5 4307	5 3561	1	1
5 4307	1 2312	1	1
5 4307	3 3882	1	1
5 4307	7 3600	1	1
5 4307	4 3951	1	1
5 4307	0 1392	1	1
5 4308	5 415	1	1
5 4308	2 706	1	1
5 4308	1 640	1	1
5 4308	6 2508	1	1
5 4308	1 423	1	1
5 4308	2 1742	1	1
5 4309	1 3351	1	1
5 4309	2 1235	1	1
5 4309	4 2547	1	1
5 4309	4 4931	1	1
5 4309	4 1401	1	1
5 4309	3 2443	1	1
5 4310	5 2562	1	1
5 4310	5 1303	1	1
5 4310	3 718	1	1
5 4310	6 1660	1	1
5 4310	4 2186	1	1
5 4310	1 3076	1	1
5 4311	5 2277	1	1
5 4311	5 2271	1	1
5 4311	0 1586	1	1
5 4311	0 407	1	1
5 4311	1 3999	1	1
5 4311	6 1188	1	1
5 4312	6 4958	1	1
5 4312	1 2744	1	1
5 4312	3 4949	1	1
5 4312	0 1255	1	1
5 4312	0 1629	1	1
5 4312	3 2578	1	1
5 4313	5 2626	1	1
5 4313	5 328	1	1
5 4313	3 2104	1	1
5 4313	2 3028	1	1
5 4313	2 1112	1	1
5 4313	3 2741	1	1
5 4314	1 1438	1	1
5 4314	3 4481	1	1
5 4314	7 2789	1	1
5 4314	1 4661	1	1
5 4314	0 1190	1	1
5 4314	6 3119	1	1
5 4315	5 2192	1	1
5 4315	4 3647	1	1
5 4315	1 1311	1	1
5 4315	4 622	1	1
5 4315	1 4941	1	1
5 4315	4 4875	1	1
5 4316	4 2196	1	1
5 4316	4 3505	1	1
5 4316	1 3763	1	1
5 4316	7 4541	1	1
5 4316	3 4559	1	1
5 4316	1 1409	1	1
5 4317	5 3776	1	1
5 4317	6 2895	1	1
5 4317	2 1903	1	1
5 4317	3 103	1	1
5 4317	4 439	1	1
5 4317	3 401	1	1
5 4318	5 773	1	1
5 4318	1 4599	1	1
5 4318	1 3955	1	1
5 4318	6 504	1	1
5 4318	3 2109	1	1
5 4318	7 2196	1	1
5 4319	7 2100	1	1
5 4319	4 857	1	1
5 4319	2 3411	1	1
5 4319	0 4566	1	1
5 4319	4 4552	1	1
5 4319	0 4981	1	1
5 4320	4 4352	1	1
5 4320	1 2126	1	1
5 4320	6 4186	1	1
5 4320	6 1473	1	1
5 4320	7 4938	1	1
5 4320	4 2083	1	1
5 4321	5 281	1	1
5 4321	6 2732	1	1
5 4321	2 3108	1	1
5 4321	2 984	1	1
5 4321	0 1121	1	1
5 4321	6 2916	1	1
5 4322	5 4450	1	1
5 4322	2 1110	1	1
5 4322	6 1660	1	1
5 4322	4 4636	1	1
5 4322	6 3489	1	1
5 4322	6 792	1	1
5 4323	2 1022	1	1
5 4323	2 443	1	1
5 4323	3 1330	1	1
5 4323	1 1751	1	1
5 4323	6 2264	1	1
5 4323	3 604	1	1
5 4324	5 4311	1	1
5 4324	4 3680	1	1
5 4324	7 3969	1	1
5 4324	6 3181	1	1
5 4324	7 2634	1	1
5 4324	3 1757	1	1
5 4325	5 1393	1	1
5 4325	6 271	1	1
5 4325	4 4741	1	1
5 4325	1 1776	1	1
5 4325	7 2357	1	1
5 4325	3 4561	1	1
5 4326	1 4367	1	1
5 4326	2 4997	1	1
5 4326	6 2510	1	1
5 4326	7 3792	1	1
5 4326	4 768	1	1
5 4326	3 2574	1	1
5 4327	5 569	1	1
5 4327	7 2604	1	1
5 4327	6 3724	1	1
5 4327	6 1024	1	1
5 4327	0 3294	1	1
5 4327	2 741	1	1
5 4328	5 1772	1	1
5 4328	5 3766	1	1
5 4328	1 2313	1	1
5 4328	4 1158	1	1
5 4328	1 1663	1	1
5 4328	6 143	1	1
5 4329	6 4431	1	1
5 4329	2 4293	1	1
5 4329	3 4558	1	1
5 4329	3 1630	1	1
5 4329	3 2827	1	1
5 4329	4 2080	1	1
5 4330	5 2000	1	1
5 4330	0 2904	1	1
5 4330	4 1648	1	1
5 4330	7 2361	1	1
5 4330	6 2793	1	1
5 4330	6 4943	1	1
5 4331	1 4058	1	1
5 4331	2 3926	1	1
5 4331	6 4750	1	1
5 4331	3 4105	1	1
5 4331	3 4174	1	1
5 4331	7 99	1	1
5 4332	4 596	1	1
5 4332	2 4305	1	1
5 4332	2 2116	1	1
5 4332	7 914	1	1
5 4332	0 4136	1	1
5 4332	6 1044	1	1
5 4333	5 3371	1	1
5 4333	5 2830	1	1
5 4333	2 4116	1	1
5 4333	6 4181	1	1
5 4333	6 1788	1	1
5 4333	2 2605	1	1
5 4334	5 1659	1	1
5 4334	1 4471	1	1
5 4334	3 2044	1	1
5 4334	0 1453	1	1
5 4334	7 488	1	1
5 4334	3 4741	1	1
5 4335	4 2674	1	1
5 4335	0 3110	1	1
5 4335	3 2552	1	1
5 4335	4 681	1	1
5 4335	4 4166	1	1
5 4335	6 4403	1	1
5 4336	5 2200	1	1
5 4336	6 2737	1	1
5 4336	4 2400	1	1
5 4336	1 1294	1	1
5 4336	3 4791	1	1
5 4336	3 3923	1	1
5 4337	5 3014	1	1
5 4337	0 1675	1	1
5 4337	7 1966	1	1
5 4337	2 2318	1	1
5 4337	4 2234	1	1
5 4337	0 1374	1	1
5 4338	5 99	1	1
5 4338	5 1133	1	1
5 4338	2 3168	1	1
5 4338	7 2459	1	1
5 4338	1 906	1	1
5 4338	3 1161	1	1
5 4339	2 833	1	1
5 4339	0 3305	1	1
5 4339	4 3946	1	1
5 4339	2 2546	1	1
5 4339	7 542	1	1
5 4339	1 1657	1	1
5 4340	5 1951	1	1
5 4340	2 414	1	1
5 4340	4 1263	1	1
5 4340	1 4147	1	1
5 4340	6 639	1	1
5 4340	7 4233	1	1
5 4341	5 1136	1	1
5 4341	5 3262	1	1
5 4341	1 2738	1	1
5 4341	7 2057	1	1
5 4341	3 373	1	1
5 4341	6 3142	1	1
5 4342	7 2986	1	1
5 4342	7 4836	1	1
5 4342	2 2237	1	1
5 4342	2 4569	1	1
5 4342	1 778	1	1
5 4342	4 3259	1	1
5 4343	7 468	1	1
5 4343	3 4643	1	1
5 4343	7 2221	1	1
5 4343	6 1326	1	1
5 4343	3 2756	1	1
5 4343	3 405	1	1
5 4344	6 787	1	1
5 4344	6 2730	1	1
5 4344	0 2567	1	1
5 4344	3 1971	1	1
5 4344	3 1471	1	1
5 4344	4 2287	1	1
5 4345	5 1758	1	1
5 4345	7 2355	1	1
5 4345	1 76	1	1
5 4345	2 1434	1	1
5 4345	2 333	1	1
5 4345	3 4770	1	1
5 4346	2 154	1	1
5 4346	1 3281	1	1
5 4346	7 2148	1	1
5 4346	4 3202	1	1
5 4346	7 1392	1	1
5 4346	7 4181	1	1
5 4347	5 2068	1	1
5 4347	1 2565	1	1
5 4347	3 1330	1	1
5 4347	2 4381	1	1
5 4347	3 1409	1	1
5 4347	6 4313	1	1
5 4348	5 3660	1	1
5 4348	6 3502	1	1
5 4348	2 171	1	1
5 4348	0 8	1	1
5 4348	0 2350	1	1
5 4348	3 4500	1	1
5 4349	5 3861	1	1
5 4349	7 1375	1	1
5 4349	2 1245	1	1
5 4349	6 264	1	1
5 4349	0 3090	1	1
5 4349	0 1105	1	1
5 4350	0 612	1	1
5 4350	0 967	1	1
5 4350	3 459	1	1
5 4350	2 3551	1	1
5 4350	1 2680	1	1
5 4350	2 4398	1	1
5 4351	0 4763	1	1
5 4351	3 1221	1	1
5 4351	6 3506	1	1
5 4351	1 1299	1	1
5 4351	4 2224	1	1
5 4351	4 4557	1	1
5 4352	1 4123	1	1
5 4352	6 2914	1	1
5 4352	1 2596	1	1
5 4352	3 3130	1	1
5 4352	4 4773	1	1
5 4352	3 2413	1	1
5 4353	5 3672	1	1
5 4353	2 2832	1	1
5 4353	1 3181	1	1
5 4353	1 1655	1	1
5 4353	4 2242	1	1
5 4353	4 456	1	1
5 4354	6 791	1	1
5 4354	0 3439	1	1
5 4354	2 251	1	1
5 4354	2 2658	1	1
5 4354	2 1685	1	1
5 4354	0 676	1	1
5 4355	3 511	1	1
5 4355	6 2689	1	1
5 4355	7 4928	1	1
5 4355	4 3831	1	1
5 4355	3 4252	1	1
5 4355	1 4746	1	1
5 4356	5 1807	1	1
5 4356	0 3432	1	1
5 4356	6 4081	1	1
5 4356	3 2538	1	1
5 4356	4 708	1	1
5 4356	0 147	1	1
5 4357	5 2635	1	1
5 4357	6 2795	1	1
5 4357	6 4191	1	1
5 4357	7 1122	1	1
5 4357	0 1477	1	1
5 4357	7 4936	1	1
5 4358	3 4547	1	1
5 4358	0 410	1	1
5 4358	6 4574	1	1
5 4358	3 797	1	1
5 4358	2 4903	1	1
5 4358	3 949	1	1
5 4359	5 649	1	1
5 4359	5 989	1	1
5 4359	6 2852	1	1
5 4359	1 4996	1	1
5 4359	3 2161	1	1
5 4359	0 2125	1	1
5 4360	1 1454	1	1
5 4360	7 1549	1	1
5 4360	2 809	1	1
5 4360	1 4072	1	1
5 4360	1 2803	1	1
5 4360	3 3644	1	1
5 4361	5 4694	1	1
5 4361	5 3998	1	1
5 4361	0 1225	1	1
5 4361	0 4796	1	1
5 4361	1 2685	1	1
5 4361	6 4041	1	1
5 4362	5 2173	1	1
5 4362	7 2746	1	1
5 4362	2 3999	1	1
5 4362	7 3707	1	1
5 4362	2 4289	1	1
5 4362	1 3260	1	1
5 4363	4 3923	1	1
5 4363	0 3090	1	1
5 4363	4 3736	1	1
5 4363	3 817	1	1
5 4363	0 183	1	1
5 4363	1 3498	1	1
5 4364	3 1291	1	1
5 4364	3 3723	1	1
5 4364	3 539	1	1
5 4364	7 3224	1	1
5 4364	3 4202	1	1
5 4364	7 4348	1	1
5 4365	3 1218	1	1
5 4365	1 3424	1	1
5 4365	2 4864	1	1
5 4365	3 3388	1	1
5 4365	4 1617	1	1
5 4365	2 4462	1	1
5 4366	1 4152	1	1
5 4366	0 4770	1	1
5 4366	3 4021	1	1
5 4366	3 2172	1	1
5 4366	6 1063	1	1
5 4366	4 2954	1	1
5 4367	5 4361	1	1
5 4367	2 634	1	1
5 4367	3 917	1	1
5 4367	0 1918	1	1
5 4367	2 30	1	1
5 4367	7 1704	1	1
5 4368	3 2565	1	1
5 4368	4 3169	1	1
5 4368	0 1818	1	1
5 4368	6 1886	1	1
5 4368	7 2739	1	1
5 4368	7 1173	1	1
5 4369	2 2034	1	1
5 4369	7 4133	1	1
5 4369	2 3860	1	1
5 4369	4 4371	1	1
5 4369	1 3486	1	1
5 4369	4 3124	1	1
5 4370	5 3837	1	1
5 4370	0 14	1	1
5 4370	6 2925	1	1
5 4370	4 2198	1	1
5 4370	1 973	1	1
5 4370	7 1565	1	1
5 4371	5 4469	1	1
5 4371	3 2594	1	1
5 4371	1 3389	1	1
5 4371	6 367	1	1
5 4371	1 2122	1	1
5 4371	6 86	1	1
5 4372	5 1630	1	1
5 4372	3 4397	1	1
5 4372	0 2240	1	1
5 4372	0 1056	1	1
5 4372	1 1741	1	1
5 4372	3 2798	1	1
5 4373	5 3597	1	1
5 4373	6 4650	1	1
5 4373	4 731	1	1
5 4373	7 1905	1	1
5 4373	7 3397	1	1
5 4373	1 4295	1	1
5 4374	5 2177	1	1
5 4374	0 358	1	1
5 4374	4 1615	1	1
5 4374	4 4308	1	1
5 4374	4 4832	1	1
5 4374	6 104	1	1
5 4375	5 3134	1	1
5 4375	5 4088	1	1
5 4375	1 3979	1	1
5 4375	2 4654	1	1
5 4375	7 2244	1	1
5 4375	1 1438	1	1
5 4376	1 769	1	1
5 4376	6 3529	1	1
5 4376	2 2146	1	1
5 4376	2 4656	1	1
5 4376	2 185	1	1
5 4376	4 4782	1	1
5 4377	6 3334	1	1
5 4377	3 210	1	1
5 4377	4 727	1	1
5 4377	3 2828	1	1
5 4377	4 3915	1	1
5 4377	2 325	1	1
5 4378	5 4260	1	1
5 4378	3 2988	1	1
5 4378	0 4120	1	1
5 4378	1 1187	1	1
5 4378	3 4495	1	1
5 4378	6 4394	1	1
5 4379	5 510	1	1
5 4379	0 4016	1	1
5 4379	2 4818	1	1
5 4379	7 2070	1	1
5 4379	7 4808	1	1
5 4379	2 2193	1	1
5 4380	5 1572	1	1
5 4380	1 161	1	1
5 4380	6 3826	1	1
5 4380	3 4544	1	1
5 4380	4 4236	1	1
5 4380	7 443	1	1
5 4381	2 1394	1	1
5 4381	0 735	1	1
5 4381	4 3967	1	1
5 4381	2 3276	1	1
5 4381	7 3757	1	1
5 4381	1 2450	1	1
5 4382	6 2254	1	1
5 4382	7 640	1	1
5 4382	7 2815	1	1
5 4382	6 4032	1	1
5 4382	6 512	1	1
5 4382	2 2468	1	1
5 4383	5 3502	1	1
5 4383	7 2713	1	1
5 4383	2 1752	1	1
5 4383	6 2376	1	1
5 4383	0 3337	1	1
5 4383	4 4351	1	1
5 4384	5 4172	1	1
5 4384	5 2426	1	1
5 4384	6 4895	1	1
5 4384	7 1455	1	1
5 4384	4 2974	1	1
5 4384	4 4212	1	1
5 4385	5 1628	1	1
5 4385	4 3806	1	1
5 4385	7 4856	1	1
5 4385	1 387	1	1
5 4385	4 3272	1	1
5 4385	3 4393	1	1
5 4386	5 336	1	1
5 4386	7 4636	1	1
5 4386	6 1350	1	1
5 4386	1 4404	1	1
5 4386	2 383	1	1
5 4386	2 862	1	1
5 4387	5 2657	1	1
5 4387	3 944	1	1
5 4387	6 3168	1	1
5 4387	0 3572	1	1
5 4387	3 1702	1	1
5 4387	3 1194	1	1
5 4388	5 2532	1	1
5 4388	5 603	1	1
5 4388	0 1700	1	1
5 4388	7 2904	1	1
5 4388	4 4792	1	1
5 4388	0 4535	1	1
5 4389	5 1850	1	1
5 4389	0 241	1	1
5 4389	0 1403	1	1
5 4389	6 3551	1	1
5 4389	2 2947	1	1
5 4389	0 3425	1	1
5 4390	5 3945	1	1
5 4390	7 3000	1	1
5 4390	4 3376	1	1
5 4390	1 68	1	1
5 4390	7 1567	1	1
5 4390	6 972	1	1
5 4391	5 458	1	1
5 4391	4 3984	1	1
5 4391	4 4919	1	1
5 4391	0 3976	1	1
5 4391	4 4995	1	1
5 4391	6 24	1	1
5 4392	5 2837	1	1
5 4392	5 3611	1	1
5 4392	3 3508	1	1
5 4392	3 500	1	1
5 4392	1 4168	1	1
5 4392	1 2347	1	1
5 4393	5 4586	1	1
5 4393	2 4366	1	1
5 4393	7 4753	1	1
5 4393	1 279	1	1
5 4393	2 3519	1	1
5 4393	0 2917	1	1
5 4394	5 2396	1	1
5 4394	5 2401	1	1
5 4394	6 2407	1	1
5 4394	3 4710	1	1
5 4394	0 204	1	1
5 4394	0 2351	1	1
5 4395	5 3161	1	1
5 4395	5 4060	1	1
5 4395	5 1962	1	1
5 4395	1 3603	1	1
5 4395	3 576	1	1
5 4395	3 2141	1	1
5 4396	6 1725	1	1
5 4396	6 2313	1	1
5 4396	7 1136	1	1
5 4396	2 3318	1	1
5 4396	3 188	1	1
5 4396	6 2149	1	1
5 4397	1 2244	1	1
5 4397	3 3451	1	1
5 4397	6 328	1	1
5 4397	7 2007	1	1
5 4397	2 4174	1	1
5 4397	1 3194	1	1
5 4398	5 2476	1	1
5 4398	4 3508	1	1
5 4398	2 297	1	1
5 4398	2 4305	1	1
5 4398	6 673	1	1
5 4398	7 4448	1	1
5 4399	5 1698	1	1
5 4399	6 4483	1	1
5 4399	4 372	1	1
5 4399	6 2020	1	1
5 4399	2 3625	1	1
5 4399	0 298	1	1
5 4400	3 4886	1	1
5 4400	3 352	1	1
5 4400	4 435	1	1
5 4400	7 114	1	1
5 4400	6 2263	1	1
5 4400	4 3090	1	1
5 4401	6 1505	1	1
5 4401	1 3702	1	1
5 4401	7 2704	1	1
5 4401	4 1029	1	1
5 4401	3 2293	1	1
5 4401	2 3738	1	1
5 4402	1 1998	1	1
5 4402	4 3162	1	1
5 4402	3 3415	1	1
5 4402	1 1099	1	1
5 4402	7 4204	1	1
5 4402	0 3441	1	1
5 4403	5 559	1	1
5 4403	5 1463	1	1
5 4403	1 4033	1	1
5 4403	6 4522	1	1
5 4403	6 4929	1	1
5 4403	2 4318	1	1
5 4404	5 4969	1	1
5 4404	2 4062	1	1
5 4404	0 3105	1	1
5 4404	2 4231	1	1
5 4404	3 282	1	1
5 4404	6 1577	1	1
5 4405	0 4811	1	1
5 4405	6 3641	1	1
5 4405	2 3796	1	1
5 4405	4 110	1	1
5 4405	3 2449	1	1
5 4405	4 994	1	1
5 4406	5 1245	1	1
5 4406	0 308	1	1
5 4406	4 3877	1	1
5 4406	3 3123	1	1
5 4406	0 440	1	1
5 4406	6 2527	1	1
5 4407	2 2893	1	1
5 4407	1 4104	1	1
5 4407	7 4159	1	1
5 4407	1 1867	1	1
5 4407	2 4039	1	1
5 4407	1 482	1	1
5 4408	4 625	1	1
5 4408	7 1936	1	1
5 4408	0 3262	1	1
5 4408	7 1275	1	1
5 4408	1 3345	1	1
5 4408	0 1914	1	1
5 4409	4 2382	1	1
5 4409	6 4112	1	1
5 4409	7 1831	1	1
5 4409	7 116	1	1
5 4409	7 1707	1	1
5 4409	4 4340	1	1
5 4410	5 1810	1	1
5 4410	5 2820	1	1
5 4410	3 988	1	1
5 4410	6 1761	1	1
5 4410	6 587	1	1
5 4410	3 1534	1	1
5 4411	0 1734	1	1
5 4411	2 161	1	1
5 4411	1 2399	1	1
5 4411	1 4169	1	1
5 4411	0 787	1	1
5 4411	0 197	1	1
5 4412	5 4074	1	1
5 4412	5 63	1	1
5 4412	0 541	1	1
5 4412	7 2147	1	1
5 4412	2 2988	1	1
5 4412	6 2298	1	1
5 4413	7 3475	1	1
5 4413	3 1023	1	1
5 4413	6 4981	1	1
5 4413	1 4743	1	1
5 4413	4 2651	1	1
5 4413	1 3196	1	1
5 4414	5 3786	1	1
5 4414	5 4205	1	1
5 4414	5 3625	1	1
5 4414	1 1634	1	1
5 4414	0 4311	1	1
5 4414	0 812	1	1
5 4415	5 2475	1	1
5 4415	4 44	1	1
5 4415	7 2234	1	1
5 4415	7 2258	1	1
5 4415	7 431	1	1
5 4415	4 4855	1	1
5 4416	5 541	1	1
5 4416	2 3658	1	1
5 4416	7 1989	1	1
5 4416	4 1697	1	1
5 4416	1 4366	1	1
5 4416	4 3296	1	1
5 4417	5 1736	1	1
5 4417	0 1776	1	1
5 4417	4 1630	1	1
5 4417	6 262	1	1
5 4417	3 4445	1	1
5 4417	6 1296	1	1
5 4418	5 3799	1	1
5 4418	7 4180	1	1
5 4418	0 2588	1	1
5 4418	2 3797	1	1
5 4418	4 321	1	1
5 4418	7 261	1	1
5 4419	0 2651	1	1
5 4419	1 225	1	1
5 4419	0 1157	1	1
5 4419	4 148	1	1
5 4419	0 602	1	1
5 4419	7 3223	1	1
5 4420	5 3410	1	1
5 4420	5 2769	1	1
5 4420	5 1111	1	1
5 4420	6 461	1	1
5 4420	1 1422	1	1
5 4420	4 4634	1	1
5 4421	5 2865	1	1
5 4421	5 2492	1	1
5 4421	6 1364	1	1
5 4421	4 677	1	1
5 4421	0 881	1	1
5 4421	7 2274	1	1
5 4422	6 2801	1	1
5 4422	0 1912	1	1
5 4422	2 3520	1	1
5 4422	1 3370	1	1
5 4422	3 4741	1	1
5 4422	2 2919	1	1
5 4423	7 4003	1	1
5 4423	3 668	1	1
5 4423	4 2185	1	1
5 4423	2 130	1	1
5 4423	6 1161	1	1
5 4423	7 504	1	1
5 4424	7 2370	1	1
5 4424	7 1415	1	1
5 4424	6 2587	1	1
5 4424	4 951	1	1
5 4424	6 4979	1	1
5 4424	3 494	1	1
5 4425	1 2164	1	1
5 4425	3 3735	1	1
5 4425	1 2691	1	1
5 4425	1 1135	1	1
5 4425	1 225	1	1
5 4425	2 2682	1	1
5 4426	2 1865	1	1
5 4426	3 1836	1	1
5 4426	4 1339	1	1
5 4426	2 3045	1	1
5 4426	7 2784	1	1
5 4426	0 916	1	1
5 4427	5 1583	1	1
5 4427	4 441	1	1
5 4427	7 4284	1	1
5 4427	1 2238	1	1
5 4427	1 221	1	1
5 4427	4 424	1	1
5 4428	5 172	1	1
5 4428	4 1505	1	1
5 4428	3 1458	1	1
5 4428	2 3223	1	1
5 4428	7 2467	1	1
5 4428	1 3505	1	1
5 4429	3 3715	1	1
5 4429	7 2634	1	1
5 4429	1 3937	1	1
5 4429	6 1528	1	1
5 4429	4 4304	1	1
5 4429	3 4914	1	1
5 4430	5 4925	1	1
5 4430	4 243	1	1
5 4430	1 3144	1	1
5 4430	3 1661	1	1
5 4430	1 4641	1	1
5 4430	7 4987	1	1
5 4431	5 4359	1	1
5 4431	6 655	1	1
5 4431	2 1513	1	1
5 4431	3 3451	1	1
5 4431	7 3428	1	1
5 4431	6 1719	1	1
5 4432	7 416	1	1
5 4432	1 3413	1	1
5 4432	7 4651	1	1
5 4432	2 3278	1	1
5 4432	3 1019	1	1
5 4432	6 208	1	1
5 4433	5 2077	1	1
5 4433	1 4443	1	1
5 4433	1 1864	1	1
5 4433	4 1770	1	1
5 4433	1 176	1	1
5 4433	3 2875	1	1
5 4434	5 2834	1	1
5 4434	5 1803	1	1
5 4434	0 1786	1	1
5 4434	6 2423	1	1
5 4434	1 4744	1	1
5 4434	0 4976	1	1
5 4435	5 588	1	1
5 4435	4 3389	1	1
5 4435	4 3219	1	1
5 4435	4 3553	1	1
5 4435	7 1766	1	1
5 4435	0 3228	1	1
5 4436	6 3721	1	1
5 4436	6 2712	1	1
5 4436	4 3154	1	1
5 4436	4 2953	1	1
5 4436	2 3451	1	1
5 4436	3 1362	1	1
5 4437	5 1168	1	1
5 4437	5 275	1	1
5 4437	6 604	1	1
5 4437	3 4187	1	1
5 4437	0 764	1	1
5 4437	4 1683	1	1
5 4438	2 3137	1	1
5 4438	3 3646	1	1
5 4438	3 4116	1	1
5 4438	7 1801	1	1
5 4438	2 4740	1	1
5 4438	4 4607	1	1
5 4439	3 3444	1	1
5 4439	6 667	1	1
5 4439	1 2685	1	1
5 4439	3 3083	1	1
5 4439	3 4966	1	1
5 4439	7 2091	1	1
5 4440	5 4920	1	1
5 4440	5 3678	1	1
5 4440	0 1459	1	1
5 4440	6 1671	1	1
5 4440	1 2851	1	1
5 4440	4 419	1	1
5 4441	3 2825	1	1
5 4441	1 685	1	1
5 4441	3 2776	1	1
5 4441	4 2129	1	1
5 4441	6 2599	1	1
5 4441	3 2321	1	1
5 4442	5 1419	1	1
5 4442	2 1655	1	1
5 4442	4 3962	1	1
5 4442	4 4016	1	1
5 4442	0 1307	1	1
5 4442	3 430	1	1
5 4443	4 783	1	1
5 4443	0 3369	1	1
5 4443	7 3425	1	1
5 4443	7 1735	1	1
5 4443	3 498	1	1
5 4443	3 744	1	1
5 4444	5 1646	1	1
5 4444	6 2325	1	1
5 4444	7 3438	1	1
5 4444	2 2842	1	1
5 4444	7 1916	1	1
5 4444	7 1368	1	1
5 4445	1 267	1	1
5 4445	2 2718	1	1
5 4445	4 3554	1	1
5 4445	3 2064	1	1
5 4445	3 1264	1	1
5 4445	4 2994	1	1
5 4446	5 4592	1	1
5 4446	5 3237	1	1
5 4446	2 1629	1	1
5 4446	3 4857	1	1
5 4446	2 2358	1	1
5 4446	4 4239	1	1
5 4447	5 31	1	1
5 4447	5 1388	1	1
5 4447	5 393	1	1
5 4447	7 2987	1	1
5 4447	3 1946	1	1
5 4447	3 4656	1	1
5 4448	5 558	1	1
5 4448	1 4607	1	1
5 4448	1 2462	1	1
5 4448	3 4773	1	1
5 4448	1 4912	1	1
5 4448	7 1695	1	1
5 4449	4 2871	1	1
5 4449	4 270	1	1
5 4449	2 1803	1	1
5 4449	2 933	1	1
5 4449	0 1484	1	1
5 4449	6 43	1	1
5 4450	5 40	1	1
5 4450	5 546	1	1
5 4450	5 1377	1	1
5 4450	4 2975	1	1
5 4450	0 1715	1	1
5 4450	6 4637	1	1
5 4451	1 559	1	1
5 4451	1 3621	1	1
5 4451	1 2031	1	1
5 4451	1 1201	1	1
5 4451	6 4895	1	1
5 4451	3 3455	1	1
5 4452	5 3442	1	1
5 4452	6 1883	1	1
5 4452	7 4269	1	1
5 4452	0 2246	1	1
5 4452	3 1998	1	1
5 4452	2 722	1	1
5 4453	7 497	1	1
5 4453	0 981	1	1
5 4453	7 4511	1	1
5 4453	2 2261	1	1
5 4453	6 2159	1	1
5 4453	3 3900	1	1
5 4454	5 2756	1	1
5 4454	4 1792	1	1
5 4454	2 959	1	1
5 4454	1 1216	1	1
5 4454	4 1729	1	1
5 4454	6 975	1	1
5 4455	5 4330	1	1
5 4455	0 2823	1	1
5 4455	2 786	1	1
5 4455	0 168	1	1
5 4455	2 4574	1	1
5 4455	7 4296	1	1
5 4456	0 1865	1	1
5 4456	0 3670	1	1
5 4456	0 1106	1	1
5 4456	6 261	1	1
5 4456	2 3694	1	1
5 4456	6 4290	1	1
5 4457	4 2559	1	1
5 4457	6 1126	1	1
5 4457	3 3922	1	1
5 4457	1 186	1	1
5 4457	1 4249	1	1
5 4457	7 2567	1	1
5 4458	4 4663	1	1
5 4458	0 3911	1	1
5 4458	7 3323	1	1
5 4458	1 2830	1	1
5 4458	2 2080	1	1
5 4458	7 762	1	1
5 4459	5 983	1	1
5 4459	5 1203	1	1
5 4459	7 1967	1	1
5 4459	7 4303	1	1
5 4459	4 2417	1	1
5 4459	6 1272	1	1
5 4460	5 736	1	1
5 4460	4 393	1	1
5 4460	2 1650	1	1
5 4460	4 475	1	1
5 4460	4 1512	1	1
5 4460	1 3790	1	1
5 4461	2 480	1	1
5 4461	7 371	1	1
5 4461	2 2730	1	1
5 4461	0 3022	1	1
5 4461	3 2622	1	1
5 4461	2 2301	1	1
5 4462	3 552	1	1
5 4462	1 2780	1	1
5 4462	0 1911	1	1
5 4462	0 3012	1	1
5 4462	4 3626	1	1
5 4462	1 4185	1	1
5 4463	4 108	1	1
5 4463	6 870	1	1
5 4463	3 2366	1	1
5 4463	2 2016	1	1
5 4463	0 2914	1	1
5 4463	2 886	1	1
5 4464	6 3871	1	1
5 4464	4 4732	1	1
5 4464	2 72	1	1
5 4464	7 2767	1	1
5 4464	6 4302	1	1
5 4464	3 2301	1	1
5 4465	0 10	1	1
5 4465	0 3418	1	1
5 4465	1 4931	1	1
5 4465	1 3356	1	1
5 4465	7 2315	1	1
5 4465	6 2387	1	1
5 4466	5 4969	1	1
5 4466	5 1172	1	1
5 4466	2 4994	1	1
5 4466	4 3309	1	1
5 4466	1 1236	1	1
5 4466	7 2578	1	1
5 4467	1 2551	1	1
5 4467	0 4276	1	1
5 4467	2 2355	1	1
5 4467	6 861	1	1
5 4467	3 849	1	1
5 4467	3 4505	1	1
5 4468	6 2283	1	1
5 4468	1 4896	1	1
5 4468	3 4760	1	1
5 4468	4 4645	1	1
5 4468	1 3689	1	1
5 4468	1 1563	1	1
5 4469	7 4991	1	1
5 4469	7 1321	1	1
5 4469	6 3251	1	1
5 4469	4 1152	1	1
5 4469	4 4316	1	1
5 4469	3 1525	1	1
5 4470	6 3249	1	1
5 4470	0 2223	1	1
5 4470	0 3360	1	1
5 4470	4 2819	1	1
5 4470	4 3744	1	1
5 4470	2 1167	1	1
5 4471	5 3306	1	1
5 4471	0 2510	1	1
5 4471	0 3032	1	1
5 4471	1 2538	1	1
5 4471	4 940	1	1
5 4471	6 527	1	1
5 4472	5 1708	1	1
5 4472	5 2591	1	1
5 4472	4 3985	1	1
5 4472	7 1	1	1
5 4472	6 2175	1	1
5 4472	4 2427	1	1
5 4473	5 1367	1	1
5 4473	7 1914	1	1
5 4473	1 1898	1	1
5 4473	6 3492	1	1
5 4473	1 2276	1	1
5 4473	0 930	1	1
5 4474	5 1972	1	1
5 4474	5 4860	1	1
5 4474	7 1747	1	1
5 4474	2 2712	1	1
5 4474	7 1696	1	1
5 4474	1 144	1	1
5 4475	5 480	1	1
5 4475	2 1919	1	1
5 4475	2 4273	1	1
5 4475	2 1619	1	1
5 4475	0 326	1	1
5 4475	7 2371	1	1
5 4476	5 2713	1	1
5 4476	6 1154	1	1
5 4476	4 59	1	1
5 4476	2 3878	1	1
5 4476	0 2684	1	1
5 4476	6 713	1	1
5 4477	5 4748	1	1
5 4477	0 4540	1	1
5 4477	1 3877	1	1
5 4477	4 1748	1	1
5 4477	1 441	1	1
5 4477	7 35	1	1
5 4478	5 248	1	1
5 4478	2 1287	1	1
5 4478	0 3162	1	1
5 4478	4 688	1	1
5 4478	2 3214	1	1
5 4478	3 4136	1	1
5 4479	0 1418	1	1
5 4479	7 2585	1	1
5 4479	7 4522	1	1
5 4479	1 4534	1	1
5 4479	6 738	1	1
5 4479	2 78	1	1
5 4480	5 2746	1	1
5 4480	4 1683	1	1
5 4480	7 2054	1	1
5 4480	1 1399	1	1
5 4480	3 3693	1	1
5 4480	2 2971	1	1
5 4481	5 2047	1	1
5 4481	3 2649	1	1
5 4481	2 4573	1	1
5 4481	2 2357	1	1
5 4481	2 4687	1	1
5 4481	1 531	1	1
5 4482	4 4408	1	1
5 4482	1 4159	1	1
5 4482	0 1672	1	1
5 4482	3 159	1	1
5 4482	2 4624	1	1
5 4482	7 3271	1	1
5 4483	5 3443	1	1
5 4483	5 1027	1	1
5 4483	6 4028	1	1
5 4483	2 3130	1	1
5 4483	3 2918	1	1
5 4483	2 2490	1	1
5 4484	5 3966	1	1
5 4484	6 1219	1	1
5 4484	7 3544	1	1
5 4484	1 632	1	1
5 4484	2 3425	1	1
5 4484	2 2736	1	1
5 4485	5 2980	1	1
5 4485	5 1290	1	1
5 4485	2 3308	1	1
5 4485	3 1167	1	1
5 4485	2 135	1	1
5 4485	2 4715	1	1
5 4486	3 3257	1	1
5 4486	4 2656	1	1
5 4486	4 814	1	1
5 4486	2 1709	1	1
5 4486	0 3496	1	1
5 4486	4 2548	1	1
5 4487	2 3241	1	1
5 4487	6 524	1	1
5 4487	7 4803	1	1
5 4487	1 3948	1	1
5 4487	2 109	1	1
5 4487	3 692	1	1
5 4488	5 2188	1	1
5 4488	3 3514	1	1
5 4488	3 1641	1	1
5 4488	0 3767	1	1
5 4488	3 403	1	1
5 4488	4 2870	1	1
5 4489	5 1190	1	1
5 4489	5 4415	1	1
5 4489	6 119	1	1
5 4489	0 1390	1	1
5 4489	4 142	1	1
5 4489	1 4905	1	1
5 4490	5 2908	1	1
5 4490	6 3747	1	1
5 4490	0 263	1	1
5 4490	3 4515	1	1
5 4490	0 4923	1	1
5 4490	7 2024	1	1
5 4491	3 8	1	1
5 4491	1 4445	1	1
5 4491	2 2163	1	1
5 4491	3 1019	1	1
5 4491	7 4865	1	1
5 4491	2 2816	1	1
5 4492	5 2851	1	1
5 4492	7 4266	1	1
5 4492	6 1594	1	1
5 4492	1 3193	1	1
5 4492	3 3172	1	1
5 4492	0 4401	1	1
5 4493	0 254	1	1
5 4493	3 4685	1	1
5 4493	3 134	1	1
5 4493	3 616	1	1
5 4493	0 1770	1	1
5 4493	0 3773	1	1
5 4494	5 715	1	1
5 4494	7 3499	1	1
5 4494	0 3862	1	1
5 4494	4 2821	1	1
5 4494	2 904	1	1
5 4494	1 3630	1	1
5 4495	5 270	1	1
5 4495	2 672	1	1
5 4495	3 2069	1	1
5 4495	4 3532	1	1
5 4495	0 826	1	1
5 4495	1 3844	1	1
5 4496	5 4340	1	1
5 4496	3 3119	1	1
5 4496	0 4830	1	1
5 4496	4 1481	1	1
5 4496	1 2880	1	1
5 4496	3 3106	1	1
5 4497	5 3196	1	1
5 4497	2 1868	1	1
5 4497	0 4801	1	1
5 4497	0 928	1	1
5 4497	3 42	1	1
5 4497	1 4588	1	1
5 4498	5 2571	1	1
5 4498	5 1682	1	1
5 4498	5 1917	1	1
5 4498	3 4482	1	1
5 4498	0 3751	1	1
5 4498	1 3826	1	1
5 4499	5 3498	1	1
5 4499	5 1673	1	1
5 4499	6 1251	1	1
5 4499	3 420	1	1
5 4499	0 2512	1	1
5 4499	1 179	1	1
5 4500	5 2849	1	1
5 4500	5 517	1	1
5 4500	2 3465	1	1
5 4500	2 188	1	1
5 4500	7 3365	1	1
5 4500	7 4278	1	1
5 4501	2 3294	1	1
5 4501	7 4566	1	1
5 4501	0 4983	1	1
5 4501	7 992	1	1
5 4501	7 4748	1	1
5 4501	7 3985	1	1
5 4502	6 320	1	1
5 4502	3 3371	1	1
5 4502	3 3814	1	1
5 4502	7 4866	1	1
5 4502	0 3356	1	1
5 4502	2 4852	1	1
5 4503	5 3578	1	1
5 4503	1 3142	1	1
5 4503	2 1936	1	1
5 4503	1 43	1	1
5 4503	0 173	1	1
5 4503	3 1473	1	1
5 4504	5 656	1	1
5 4504	0 1776	1	1
5 4504	6 459	1	1
5 4504	1 1166	1	1
5 4504	4 4015	1	1
5 4504	0 3918	1	1
5 4505	5 897	1	1
5 4505	3 794	1	1
5 4505	7 3664	1	1
5 4505	1 3627	1	1
5 4505	1 4684	1	1
5 4505	6 3438	1	1
5 4506	2 537	1	1
5 4506	7 4422	1	1
5 4506	6 3780	1	1
5 4506	1 1245	1	1
5 4506	0 4250	1	1
5 4506	7 2327	1	1
5 4507	5 4975	1	1
5 4507	6 1084	1	1
5 4507	0 2801	1	1
5 4507	2 4492	1	1
5 4507	2 1160	1	1
5 4507	1 2053	1	1
5 4508	4 4692	1	1
5 4508	7 136	1	1
5 4508	7 3770	1	1
5 4508	7 452	1	1
5 4508	6 1486	1	1
5 4508	1 681	1	1
5 4509	5 474	1	1
5 4509	1 4898	1	1
5 4509	0 4789	1	1
5 4509	7 4874	1	1
5 4509	7 1790	1	1
5 4509	2 3977	1	1
5 4510	4 2575	1	1
5 4510	4 3618	1	1
5 4510	1 619	1	1
5 4510	4 4072	1	1
5 4510	0 4211	1	1
5 4510	3 629	1	1
5 4511	6 3190	1	1
5 4511	1 4972	1	1
5 4511	6 1695	1	1
5 4511	2 4061	1	1
5 4511	1 2075	1	1
5 4511	2 4212	1	1
5 4512	5 3598	1	1
5 4512	2 705	1	1
5 4512	1 112	1	1
5 4512	6 1008	1	1
5 4512	0 1862	1	1
5 4512	7 3881	1	1
5 4513	4 1802	1	1
5 4513	2 3126	1	1
5 4513	0 286	1	1
5 4513	0 4406	1	1
5 4513	7 307	1	1
5 4513	1 3575	1	1
5 4514	6 4450	1	1
5 4514	4 4508	1	1
5 4514	2 2283	1	1
5 4514	1 989	1	1
5 4514	0 4892	1	1
5 4514	3 4663	1	1
5 4515	4 3215	1	1
5 4515	0 3109	1	1
5 4515	7 1208	1	1
5 4515	6 2058	1	1
5 4515	0 2775	1	1
5 4515	7 1904	1	1
5 4516	5 4996	1	1
5 4516	4 3430	1	1
5 4516	1 207	1	1
5 4516	3 2045	1	1
5 4516	3 2362	1	1
5 4516	4 4075	1	1
5 4517	7 558	1	1
5 4517	6 196	1	1
5 4517	2 165	1	1
5 4517	2 986	1	1
5 4517	1 3870	1	1
5 4517	6 203	1	1
5 4518	5 3074	1	1
5 4518	5 1234	1	1
5 4518	5 2808	1	1
5 4518	0 153	1	1
5 4518	7 2828	1	1
5 4518	0 945	1	1
5 4519	1 1618	1	1
5 4519	6 2104	1	1
5 4519	1 4437	1	1
5 4519	4 1127	1	1
5 4519	7 405	1	1
5 4519	4 986	1	1
5 4520	4 235	1	1
5 4520	2 1340	1	1
5 4520	7 257	1	1
5 4520	0 2937	1	1
5 4520	2 3117	1	1
5 4520	6 2474	1	1
5 4521	4 219	1	1
5 4521	7 4862	1	1
5 4521	2 781	1	1
5 4521	2 4560	1	1
5 4521	3 1479	1	1
5 4521	4 1642	1	1
5 4522	2 4749	1	1
5 4522	0 3560	1	1
5 4522	7 4749	1	1
5 4522	4 958	1	1
5 4522	7 3690	1	1
5 4522	7 518	1	1
5 4523	5 1456	1	1
5 4523	5 4051	1	1
5 4523	2 3296	1	1
5 4523	4 2283	1	1
5 4523	2 214	1	1
5 4523	3 4049	1	1
5 4524	2 2916	1	1
5 4524	4 1679	1	1
5 4524	4 1322	1	1
5 4524	4 480	1	1
5 4524	3 4245	1	1
5 4524	3 69	1	1
5 4525	4 2136	1	1
5 4525	6 1709	1	1
5 4525	3 1567	1	1
5 4525	1 4776	1	1
5 4525	7 4952	1	1
5 4525	2 1260	1	1
5 4526	5 1532	1	1
5 4526	5 4655	1	1
5 4526	7 4147	1	1
5 4526	4 4301	1	1
5 4526	3 4610	1	1
5 4526	4 692	1	1
5 4527	2 4022	1	1
5 4527	2 4499	1	1
5 4527	6 984	1	1
5 4527	1 1462	1	1
5 4527	6 2208	1	1
5 4527	3 2596	1	1
5 4528	3 1726	1	1
5 4528	0 2740	1	1
5 4528	6 4143	1	1
5 4528	2 921	1	1
5 4528	6 1877	1	1
5 4528	2 640	1	1
5 4529	5 2596	1	1
5 4529	5 1309	1	1
5 4529	5 2352	1	1
5 4529	6 758	1	1
5 4529	1 1901	1	1
5 4529	3 2958	1	1
5 4530	5 2646	1	1
5 4530	3 67	1	1
5 4530	7 4324	1	1
5 4530	0 3389	1	1
5 4530	1 2170	1	1
5 4530	3 58	1	1
5 4531	5 1651	1	1
5 4531	7 1283	1	1
5 4531	0 831	1	1
5 4531	6 2900	1	1
5 4531	4 1402	1	1
5 4531	2 4003	1	1
5 4532	0 4879	1	1
5 4532	7 4771	1	1
5 4532	3 4908	1	1
5 4532	3 4244	1	1
5 4532	4 4639	1	1
5 4532	4 4393	1	1
5 4533	5 1677	1	1
5 4533	6 3625	1	1
5 4533	1 3226	1	1
5 4533	4 4593	1	1
5 4533	3 3548	1	1
5 4533	0 3610	1	1
5 4534	7 4793	1	1
5 4534	0 1882	1	1
5 4534	4 3721	1	1
5 4534	2 4153	1	1
5 4534	7 876	1	1
5 4534	6 4457	1	1
5 4535	3 1930	1	1
5 4535	7 4435	1	1
5 4535	3 3718	1	1
5 4535	1 1414	1	1
5 4535	4 1306	1	1
5 4535	1 3013	1	1
5 4536	5 3581	1	1
5 4536	5 377	1	1
5 4536	6 2683	1	1
5 4536	7 2864	1	1
5 4536	2 1022	1	1
5 4536	6 1337	1	1
5 4537	5 4902	1	1
5 4537	0 921	1	1
5 4537	1 4255	1	1
5 4537	7 615	1	1
5 4537	3 1647	1	1
5 4537	3 3938	1	1
5 4538	5 3341	1	1
5 4538	2 3618	1	1
5 4538	6 603	1	1
5 4538	3 4485	1	1
5 4538	3 546	1	1
5 4538	7 454	1	1
5 4539	5 3894	1	1
5 4539	6 4365	1	1
5 4539	2 1184	1	1
5 4539	6 1100	1	1
5 4539	4 3697	1	1
5 4539	7 1176	1	1
5 4540	2 782	1	1
5 4540	6 3931	1	1
5 4540	4 4826	1	1
5 4540	1 3564	1	1
5 4540	7 4406	1	1
5 4540	3 2339	1	1
5 4541	2 1328	1	1
5 4541	0 3514	1	1
5 4541	1 468	1	1
5 4541	1 3470	1	1
5 4541	3 4706	1	1
5 4541	0 374	1	1
5 4542	0 1806	1	1
5 4542	4 2811	1	1
5 4542	4 704	1	1
5 4542	0 3939	1	1
5 4542	1 3302	1	1
5 4542	6 697	1	1
5 4543	5 2826	1	1
5 4543	7 3832	1	1
5 4543	0 3644	1	1
5 4543	4 371	1	1
5 4543	6 1879	1	1
5 4543	7 1311	1	1
5 4544	1 1356	1	1
5 4544	2 1385	1	1
5 4544	6 1242	1	1
5 4544	7 3554	1	1
5 4544	3 713	1	1
5 4544	4 1876	1	1
5 4545	5 2947	1	1
5 4545	0 694	1	1
5 4545	1 4265	1	1
5 4545	0 4939	1	1
5 4545	1 1138	1	1
5 4545	0 3326	1	1
5 4546	5 3949	1	1
5 4546	5 3810	1	1
5 4546	1 4679	1	1
5 4546	3 2563	1	1
5 4546	4 2698	1	1
5 4546	3 1460	1	1
5 4547	5 285	1	1
5 4547	2 1307	1	1
5 4547	7 1696	1	1
5 4547	6 2995	1	1
5 4547	3 4830	1	1
5 4547	7 1277	1	1
5 4548	4 3344	1	1
5 4548	0 2646	1	1
5 4548	6 2549	1	1
5 4548	2 4250	1	1
5 4548	4 636	1	1
5 4548	4 2968	1	1
5 4549	5 1970	1	1
5 4549	1 4303	1	1
5 4549	2 777	1	1
5 4549	6 4499	1	1
5 4549	0 4794	1	1
5 4549	6 3115	1	1
5 4550	5 2921	1	1
5 4550	7 4795	1	1
5 4550	4 2030	1	1
5 4550	1 854	1	1
5 4550	2 1600	1	1
5 4550	4 2640	1	1
5 4551	5 1532	1	1
5 4551	4 2074	1	1
5 4551	1 4235	1	1
5 4551	6 3829	1	1
5 4551	3 199	1	1
5 4551	7 1982	1	1
5 4552	5 3879	1	1
5 4552	5 1030	1	1
5 4552	2 3548	1	1
5 4552	4 262	1	1
5 4552	7 1252	1	1
5 4552	4 349	1	1
5 4553	4 1842	1	1
5 4553	6 2683	1	1
5 4553	4 1637	1	1
5 4553	2 2254	1	1
5 4553	3 4588	1	1
5 4553	2 4920	1	1
5 4554	5 1525	1	1
5 4554	2 2026	1	1
5 4554	6 2190	1	1
5 4554	6 3836	1	1
5 4554	2 2600	1	1
5 4554	6 2006	1	1
5 4555	2 1994	1	1
5 4555	0 4131	1	1
5 4555	4 2846	1	1
5 4555	3 466	1	1
5 4555	4 262	1	1
5 4555	4 1871	1	1
5 4556	5 3006	1	1
5 4556	0 649	1	1
5 4556	2 2190	1	1
5 4556	7 1622	1	1
5 4556	4 992	1	1
5 4556	1 2432	1	1
5 4557	3 44	1	1
5 4557	2 1433	1	1
5 4557	6 4452	1	1
5 4557	4 4299	1	1
5 4557	0 3497	1	1
5 4557	0 3178	1	1
5 4558	7 698	1	1
5 4558	1 4018	1	1
5 4558	3 1109	1	1
5 4558	1 393	1	1
5 4558	4 1904	1	1
5 4558	0 2218	1	1
5 4559	1 3524	1	1
5 4559	1 103	1	1
5 4559	4 970	1	1
5 4559	0 2020	1	1
5 4559	1 1025	1	1
5 4559	4 2140	1	1
5 4560	2 678	1	1
5 4560	0 3315	1	1
5 4560	0 1047	1	1
5 4560	1 4348	1	1
5 4560	4 2754	1	1
5 4560	1 3397	1	1
5 4561	5 3274	1	1
5 4561	5 939	1	1
5 4561	3 1439	1	1
5 4561	2 3778	1	1
5 4561	6 623	1	1
5 4561	6 2725	1	1
5 4562	1 3236	1	1
5 4562	1 148	1	1
5 4562	3 426	1	1
5 4562	0 4056	1	1
5 4562	7 750	1	1
5 4562	7 1463	1	1
5 4563	5 981	1	1
5 4563	6 2090	1	1
5 4563	2 3526	1	1
5 4563	0 1605	1	1
5 4563	7 3563	1	1
5 4563	3 2564	1	1
5 4564	5 1406	1	1
5 4564	5 596	1	1
5 4564	3 3801	1	1
5 4564	3 2190	1	1
5 4564	1 3505	1	1
5 4564	2 4405	1	1
5 4565	5 205	1	1
5 4565	3 3152	1	1
5 4565	0 1011	1	1
5 4565	2 1902	1	1
5 4565	6 1770	1	1
5 4565	3 3355	1	1
5 4566	5 4829	1	1
5 4566	7 4763	1	1
5 4566	1 4221	1	1
5 4566	0 4696	1	1
5 4566	2 3235	1	1
5 4566	4 1158	1	1
5 4567	1 3401	1	1
5 4567	6 4733	1	1
5 4567	0 426	1	1
5 4567	7 1854	1	1
5 4567	4 1910	1	1
5 4567	1 4052	1	1
5 4568	6 1811	1	1
5 4568	0 3869	1	1
5 4568	0 895	1	1
5 4568	2 2251	1	1
5 4568	7 2011	1	1
5 4568	1 972	1	1
5 4569	5 4756	1	1
5 4569	0 4810	1	1
5 4569	1 4983	1	1
5 4569	7 4430	1	1
5 4569	6 4769	1	1
5 4569	0 2287	1	1
5 4570	5 4211	1	1
5 4570	0 3780	1	1
5 4570	4 687	1	1
5 4570	0 1801	1	1
5 4570	3 4400	1	1
5 4570	4 3019	1	1
5 4571	1 3180	1	1
5 4571	1 735	1	1
5 4571	1 2117	1	1
5 4571	3 3784	1	1
5 4571	4 4980	1	1
5 4571	3 4167	1	1
5 4572	1 896	1	1
5 4572	4 2686	1	1
5 4572	1 2675	1	1
5 4572	7 3717	1	1
5 4572	1 2721	1	1
5 4572	0 3828	1	1
5 4573	5 565	1	1
5 4573	5 162	1	1
5 4573	2 250	1	1
5 4573	4 1020	1	1
5 4573	3 2817	1	1
5 4573	4 3715	1	1
5 4574	5 4212	1	1
5 4574	6 2246	1	1
5 4574	7 753	1	1
5 4574	3 1970	1	1
5 4574	1 1254	1	1
5 4574	1 3020	1	1
5 4575	4 3695	1	1
5 4575	0 1061	1	1
5 4575	7 1267	1	1
5 4575	4 2845	1	1
5 4575	0 721	1	1
5 4575	3 946	1	1
5 4576	5 1858	1	1
5 4576	4 2023	1	1
5 4576	7 3223	1	1
5 4576	7 1780	1	1
5 4576	3 818	1	1
5 4576	4 2066	1	1
5 4577	5 208	1	1
5 4577	5 3065	1	1
5 4577	7 2089	1	1
5 4577	6 266	1	1
5 4577	3 1301	1	1
5 4577	4 3172	1	1
5 4578	4 1902	1	1
5 4578	2 1823	1	1
5 4578	6 1357	1	1
5 4578	2 4105	1	1
5 4578	0 2081	1	1
5 4578	1 3323	1	1
5 4579	3 2537	1	1
5 4579	1 2193	1	1
5 4579	0 2577	1	1
5 4579	1 4474	1	1
5 4579	1 4521	1	1
5 4579	2 4016	1	1
5 4580	5 3866	1	1
5 4580	1 2425	1	1
5 4580	0 2493	1	1
5 4580	4 1953	1	1
5 4580	6 3878	1	1
5 4580	2 2489	1	1
5 4581	5 3377	1	1
5 4581	0 4072	1	1
5 4581	0 2835	1	1
5 4581	7 3809	1	1
5 4581	7 4184	1	1
5 4581	0 3744	1	1
5 4582	5 4400	1	1
5 4582	4 1614	1	1
5 4582	0 4561	1	1
5 4582	0 1967	1	1
5 4582	3 2179	1	1
5 4582	2 2743	1	1
5 4583	5 2817	1	1
5 4583	3 4051	1	1
5 4583	3 1783	1	1
5 4583	1 4673	1	1
5 4583	4 4899	1	1
5 4583	6 2779	1	1
5 4584	6 1170	1	1
5 4584	0 4925	1	1
5 4584	7 3450	1	1
5 4584	7 1178	1	1
5 4584	2 4030	1	1
5 4584	4 3873	1	1
5 4585	5 3511	1	1
5 4585	4 4782	1	1
5 4585	6 3032	1	1
5 4585	6 3857	1	1
5 4585	3 4348	1	1
5 4585	7 3913	1	1
5 4586	5 4544	1	1
5 4586	5 2705	1	1
5 4586	2 1859	1	1
5 4586	1 2510	1	1
5 4586	2 948	1	1
5 4586	2 2530	1	1
5 4587	7 3486	1	1
5 4587	3 1546	1	1
5 4587	7 2961	1	1
5 4587	4 437	1	1
5 4587	3 3971	1	1
5 4587	3 1892	1	1
5 4588	5 3227	1	1
5 4588	5 1407	1	1
5 4588	0 2163	1	1
5 4588	0 4985	1	1
5 4588	3 4751	1	1
5 4588	4 1022	1	1
5 4589	5 4331	1	1
5 4589	0 1603	1	1
5 4589	6 3971	1	1
5 4589	2 680	1	1
5 4589	4 1297	1	1
5 4589	2 1226	1	1
5 4590	5 874	1	1
5 4590	1 484	1	1
5 4590	3 2189	1	1
5 4590	2 3478	1	1
5 4590	1 1527	1	1
5 4590	0 1908	1	1
5 4591	2 1885	1	1
5 4591	1 4812	1	1
5 4591	7 1826	1	1
5 4591	4 3013	1	1
5 4591	6 3578	1	1
5 4591	2 4343	1	1
5 4592	4 3491	1	1
5 4592	2 3667	1	1
5 4592	3 2730	1	1
5 4592	0 3022	1	1
5 4592	3 2920	1	1
5 4592	3 875	1	1
5 4593	5 4186	1	1
5 4593	5 3824	1	1
5 4593	3 2070	1	1
5 4593	3 380	1	1
5 4593	7 1263	1	1
5 4593	7 3132	1	1
5 4594	5 3717	1	1
5 4594	5 2778	1	1
5 4594	3 1631	1	1
5 4594	4 2272	1	1
5 4594	6 205	1	1
5 4594	2 4441	1	1
5 4595	4 4730	1	1
5 4595	3 142	1	1
5 4595	6 716	1	1
5 4595	7 3554	1	1
5 4595	0 1559	1	1
5 4595	3 1320	1	1
5 4596	5 2189	1	1
5 4596	3 1972	1	1
5 4596	2 1069	1	1
5 4596	2 3049	1	1
5 4596	0 1810	1	1
5 4596	0 3588	1	1
5 4597	6 2148	1	1
5 4597	2 3990	1	1
5 4597	4 1659	1	1
5 4597	7 1444	1	1
5 4597	3 4270	1	1
5 4597	1 546	1	1
5 4598	7 846	1	1
5 4598	0 1322	1	1
5 4598	7 4313	1	1
5 4598	0 2653	1	1
5 4598	6 1209	1	1
5 4598	3 1519	1	1
5 4599	5 3388	1	1
5 4599	3 4577	1	1
5 4599	6 3217	1	1
5 4599	3 4219	1	1
5 4599	6 1967	1	1
5 4599	6 3160	1	1
5 4600	5 3801	1	1
5 4600	6 4445	1	1
5 4600	1 1276	1	1
5 4600	4 4424	1	1
5 4600	2 476	1	1
5 4600	6 850	1	1
5 4601	7 2969	1	1
5 4601	0 1548	1	1
5 4601	7 1079	1	1
5 4601	1 4090	1	1
5 4601	4 1976	1	1
5 4601	0 504	1	1
5 4602	6 586	1	1
5 4602	2 1025	1	1
5 4602	3 1823	1	1
5 4602	2 4785	1	1
5 4602	1 2914	1	1
5 4602	6 4261	1	1
5 4603	5 2891	1	1
5 4603	6 2036	1	1
5 4603	0 2264	1	1
5 4603	1 2652	1	1
5 4603	1 4359	1	1
5 4603	6 94	1	1
5 4604	2 4251	1	1
5 4604	0 4613	1	1
5 4604	7 2237	1	1
5 4604	7 2701	1	1
5 4604	6 2208	1	1
5 4604	6 1894	1	1
5 4605	0 12	1	1
5 4605	1 241	1	1
5 4605	7 233	1	1
5 4605	3 1698	1	1
5 4605	0 487	1	1
5 4605	4 1338	1	1
5 4606	6 1842	1	1
5 4606	0 4364	1	1
5 4606	6 3426	1	1
5 4606	1 4696	1	1
5 4606	6 881	1	1
5 4606	0 3314	1	1
5 4607	1 3209	1	1
5 4607	1 4300	1	1
5 4607	3 4250	1	1
5 4607	7 962	1	1
5 4607	2 2631	1	1
5 4607	0 4538	1	1
5 4608	7 2790	1	1
5 4608	0 4904	1	1
5 4608	0 2519	1	1
5 4608	7 938	1	1
5 4608	2 2273	1	1
5 4608	4 2564	1	1
5 4609	6 4508	1	1
5 4609	6 2817	1	1
5 4609	7 1981	1	1
5 4609	6 1254	1	1
5 4609	0 4472	1	1
5 4609	6 3569	1	1
5 4610	5 495	1	1
5 4610	0 4923	1	1
5 4610	4 4248	1	1
5 4610	0 3382	1	1
5 4610	7 2059	1	1
5 4610	4 663	1	1
5 4611	5 1390	1	1
5 4611	4 3916	1	1
5 4611	0 2404	1	1
5 4611	4 132	1	1
5 4611	2 1807	1	1
5 4611	4 1287	1	1
5 4612	0 1122	1	1
5 4612	7 104	1	1
5 4612	7 2863	1	1
5 4612	7 3169	1	1
5 4612	3 4728	1	1
5 4612	2 3039	1	1
5 4613	5 564	1	1
5 4613	6 3317	1	1
5 4613	2 1630	1	1
5 4613	1 1544	1	1
5 4613	0 2339	1	1
5 4613	4 4478	1	1
5 4614	5 3551	1	1
5 4614	3 114	1	1
5 4614	2 3896	1	1
5 4614	1 3621	1	1
5 4614	6 3887	1	1
5 4614	0 3143	1	1
5 4615	5 1355	1	1
5 4615	6 1042	1	1
5 4615	6 4913	1	1
5 4615	6 1898	1	1
5 4615	2 4874	1	1
5 4615	7 4355	1	1
5 4616	5 354	1	1
5 4616	3 2550	1	1
5 4616	4 227	1	1
5 4616	1 246	1	1
5 4616	6 1342	1	1
5 4616	6 4754	1	1
5 4617	7 4368	1	1
5 4617	6 1295	1	1
5 4617	0 4364	1	1
5 4617	7 1136	1	1
5 4617	6 2695	1	1
5 4617	0 3950	1	1
5 4618	0 3190	1	1
5 4618	1 2910	1	1
5 4618	6 2518	1	1
5 4618	4 2761	1	1
5 4618	3 2159	1	1
5 4618	4 3444	1	1
5 4619	6 1905	1	1
5 4619	7 4688	1	1
5 4619	4 3492	1	1
5 4619	7 3952	1	1
5 4619	0 1183	1	1
5 4619	2 992	1	1
5 4620	5 1056	1	1
5 4620	2 2178	1	1
5 4620	6 986	1	1
5 4620	2 1168	1	1
5 4620	4 4857	1	1
5 4620	6 2591	1	1
5 4621	5 3528	1	1
5 4621	0 2114	1	1
5 4621	6 876	1	1
5 4621	0 364	1	1
5 4621	3 4429	1	1
5 4621	4 1122	1	1
5 4622	5 2691	1	1
5 4622	5 2244	1	1
5 4622	7 2287	1	1
5 4622	1 1937	1	1
5 4622	7 1560	1	1
5 4622	6 1470	1	1
5 4623	5 2846	1	1
5 4623	6 133	1	1
5 4623	4 1163	1	1
5 4623	1 525	1	1
5 4623	1 4675	1	1
5 4623	1 1929	1	1
5 4624	5 4740	1	1
5 4624	4 4491	1	1
5 4624	2 3915	1	1
5 4624	3 839	1	1
5 4624	7 4768	1	1
5 4624	2 4255	1	1
5 4625	5 3174	1	1
5 4625	5 3837	1	1
5 4625	2 446	1	1
5 4625	2 4902	1	1
5 4625	4 2191	1	1
5 4625	7 2830	1	1
5 4626	1 2706	1	1
5 4626	6 4699	1	1
5 4626	0 478	1	1
5 4626	4 270	1	1
5 4626	6 2698	1	1
5 4626	2 4508	1	1
5 4627	0 4911	1	1
5 4627	3 1040	1	1
5 4627	6 3682	1	1
5 4627	3 666	1	1
5 4627	4 2199	1	1
5 4627	1 1251	1	1
5 4628	2 267	1	1
5 4628	4 3745	1	1
5 4628	3 776	1	1
5 4628	6 415	1	1
5 4628	6 3458	1	1
5 4628	2 1289	1	1
5 4629	5 1333	1	1
5 4629	2 488	1	1
5 4629	3 4056	1	1
5 4629	1 1689	1	1
5 4629	1 4251	1	1
5 4629	4 4817	1	1
5 4630	7 1990	1	1
5 4630	3 2287	1	1
5 4630	3 974	1	1
5 4630	3 2007	1	1
5 4630	7 1848	1	1
5 4630	7 4988	1	1
5 4631	0 1054	1	1
5 4631	7 3401	1	1
5 4631	6 3579	1	1
5 4631	2 1608	1	1
5 4631	7 4150	1	1
5 4631	4 1979	1	1
5 4632	5 2794	1	1
5 4632	4 42	1	1
5 4632	7 2976	1	1
5 4632	6 1978	1	1
5 4632	4 1470	1	1
5 4632	1 4501	1	1
5 4633	5 3560	1	1
5 4633	5 4923	1	1
5 4633	3 135	1	1
5 4633	1 2268	1	1
5 4633	6 1000	1	1
5 4633	2 4962	1	1
5 4634	5 3492	1	1
5 4634	2 3879	1	1
5 4634	7 774	1	1
5 4634	0 2899	1	1
5 4634	4 3712	1	1
5 4634	3 4578	1	1
5 4635	5 2058	1	1
5 4635	7 4129	1	1
5 4635	7 3815	1	1
5 4635	1 4129	1	1
5 4635	6 856	1	1
5 4635	1 4837	1	1
5 4636	5 1367	1	1
5 4636	7 3937	1	1
5 4636	0 4689	1	1
5 4636	7 1514	1	1
5 4636	2 2630	1	1
5 4636	2 4039	1	1
5 4637	5 3052	1	1
5 4637	0 1674	1	1
5 4637	1 4426	1	1
5 4637	4 4158	1	1
5 4637	6 1629	1	1
5 4637	7 1394	1	1
5 4638	6 72	1	1
5 4638	1 1577	1	1
5 4638	6 3579	1	1
5 4638	1 4107	1	1
5 4638	4 236	1	1
5 4638	7 4088	1	1
5 4639	7 3378	1	1
5 4639	7 4588	1	1
5 4639	2 4503	1	1
5 4639	3 3012	1	1
5 4639	6 1728	1	1
5 4639	2 2543	1	1
5 4640	5 893	1	1
5 4640	4 841	1	1
5 4640	1 2882	1	1
5 4640	4 1410	1	1
5 4640	4 1269	1	1
5 4640	7 4410	1	1
5 4641	5 1771	1	1
5 4641	6 1724	1	1
5 4641	7 2466	1	1
5 4641	4 2736	1	1
5 4641	4 4334	1	1
5 4641	7 2949	1	1
5 4642	0 4188	1	1
5 4642	2 793	1	1
5 4642	1 1328	1	1
5 4642	6 4854	1	1
5 4642	2 1943	1	1
5 4642	3 2850	1	1
5 4643	5 2133	1	1
5 4643	2 3637	1	1
5 4643	2 3080	1	1
5 4643	0 2928	1	1
5 4643	1 4986	1	1
5 4643	0 2256	1	1
5 4644	5 2296	1	1
5 4644	0 3231	1	1
5 4644	7 4749	1	1
5 4644	0 1447	1	1
5 4644	4 3282	1	1
5 4644	2 715	1	1
5 4645	5 3560	1	1
5 4645	6 4446	1	1
5 4645	1 1061	1	1
5 4645	1 3286	1	1
5 4645	0 4498	1	1
5 4645	0 4756	1	1
5 4646	4 1643	1	1
5 4646	0 1346	1	1
5 4646	0 593	1	1
5 4646	4 2212	1	1
5 4646	4 2133	1	1
5 4646	0 2433	1	1
5 4647	7 2564	1	1
5 4647	0 1940	1	1
5 4647	3 1174	1	1
5 4647	1 4819	1	1
5 4647	6 1321	1	1
5 4647	4 4346	1	1
5 4648	5 4193	1	1
5 4648	7 4291	1	1
5 4648	4 4161	1	1
5 4648	7 3096	1	1
5 4648	7 600	1	1
5 4648	3 1356	1	1
5 4649	5 1756	1	1
5 4649	2 3980	1	1
5 4649	4 664	1	1
5 4649	2 1593	1	1
5 4649	0 4104	1	1
5 4649	7 3227	1	1
5 4650	7 408	1	1
5 4650	6 677	1	1
5 4650	6 3749	1	1
5 4650	1 4328	1	1
5 4650	2 3806	1	1
5 4650	6 1306	1	1
5 4651	5 1596	1	1
5 4651	5 2077	1	1
5 4651	1 4828	1	1
5 4651	6 2666	1	1
5 4651	0 4238	1	1
5 4651	0 1169	1	1
5 4652	5 124	1	1
5 4652	5 4486	1	1
5 4652	5 2721	1	1
5 4652	5 4397	1	1
5 4652	0 795	1	1
5 4652	2 1506	1	1
5 4653	5 3764	1	1
5 4653	2 2461	1	1
5 4653	2 4194	1	1
5 4653	4 2384	1	1
5 4653	7 1845	1	1
5 4653	2 4350	1	1
5 4654	5 4703	1	1
5 4654	6 2371	1	1
5 4654	2 2272	1	1
5 4654	0 4950	1	1
5 4654	7 81	1	1
5 4654	0 2562	1	1
5 4655	5 2258	1	1
5 4655	6 4461	1	1
5 4655	2 3680	1	1
5 4655	6 266	1	1
5 4655	0 2122	1	1
5 4655	3 1553	1	1
5 4656	3 1315	1	1
5 4656	4 587	1	1
5 4656	7 2684	1	1
5 4656	6 3722	1	1
5 4656	2 1553	1	1
5 4656	1 3118	1	1
5 4657	5 2049	1	1
5 4657	5 2910	1	1
5 4657	5 269	1	1
5 4657	7 4918	1	1
5 4657	2 2739	1	1
5 4657	1 2033	1	1
5 4658	5 1236	1	1
5 4658	4 757	1	1
5 4658	3 3332	1	1
5 4658	3 2969	1	1
5 4658	4 1722	1	1
5 4658	4 1366	1	1
5 4659	5 2515	1	1
5 4659	2 159	1	1
5 4659	4 2366	1	1
5 4659	3 274	1	1
5 4659	1 4594	1	1
5 4659	1 4759	1	1
5 4660	5 3034	1	1
5 4660	4 1481	1	1
5 4660	3 1710	1	1
5 4660	4 2633	1	1
5 4660	0 4752	1	1
5 4660	0 3094	1	1
5 4661	5 4061	1	1
5 4661	5 2349	1	1
5 4661	5 2503	1	1
5 4661	7 1561	1	1
5 4661	4 4049	1	1
5 4661	7 2421	1	1
5 4662	0 1374	1	1
5 4662	7 4398	1	1
5 4662	7 2695	1	1
5 4662	2 3919	1	1
5 4662	2 4532	1	1
5 4662	3 2944	1	1
5 4663	2 345	1	1
5 4663	3 3817	1	1
5 4663	1 293	1	1
5 4663	6 4832	1	1
5 4663	6 2292	1	1
5 4663	3 1046	1	1
5 4664	6 4929	1	1
5 4664	1 3664	1	1
5 4664	3 2942	1	1
5 4664	6 1701	1	1
5 4664	3 2081	1	1
5 4664	1 3791	1	1
5 4665	2 636	1	1
5 4665	2 4316	1	1
5 4665	4 3440	1	1
5 4665	1 4277	1	1
5 4665	6 2037	1	1
5 4665	7 259	1	1
5 4666	5 4166	1	1
5 4666	5 1223	1	1
5 4666	2 655	1	1
5 4666	1 3514	1	1
5 4666	1 3924	1	1
5 4666	3 2541	1	1
5 4667	5 3377	1	1
5 4667	0 1109	1	1
5 4667	4 1415	1	1
5 4667	7 1847	1	1
5 4667	6 1954	1	1
5 4667	6 1935	1	1
5 4668	0 2812	1	1
5 4668	4 1554	1	1
5 4668	4 810	1	1
5 4668	3 2967	1	1
5 4668	6 4103	1	1
5 4668	3 3227	1	1
5 4669	5 3225	1	1
5 4669	0 142	1	1
5 4669	3 129	1	1
5 4669	7 1296	1	1
5 4669	6 3976	1	1
5 4669	4 2550	1	1
5 4670	5 4771	1	1
5 4670	3 2710	1	1
5 4670	0 1566	1	1
5 4670	3 2678	1	1
5 4670	3 3861	1	1
5 4670	2 81	1	1
5 4671	2 2562	1	1
5 4671	3 784	1	1
5 4671	0 2411	1	1
5 4671	2 3214	1	1
5 4671	1 4971	1	1
5 4671	1 2884	1	1
5 4672	1 4720	1	1
5 4672	2 4734	1	1
5 4672	7 3430	1	1
5 4672	2 3260	1	1
5 4672	4 2895	1	1
5 4672	1 2376	1	1
5 4673	2 3611	1	1
5 4673	7 743	1	1
5 4673	6 808	1	1
5 4673	2 971	1	1
5 4673	4 1162	1	1
5 4673	0 4459	1	1
5 4674	5 3291	1	1
5 4674	5 2339	1	1
5 4674	4 2758	1	1
5 4674	1 3366	1	1
5 4674	2 1662	1	1
5 4674	1 281	1	1
5 4675	5 310	1	1
5 4675	1 694	1	1
5 4675	2 3333	1	1
5 4675	1 4497	1	1
5 4675	6 4886	1	1
5 4675	2 392	1	1
5 4676	5 2451	1	1
5 4676	2 3906	1	1
5 4676	6 898	1	1
5 4676	2 4451	1	1
5 4676	4 4016	1	1
5 4676	4 455	1	1
5 4677	6 2485	1	1
5 4677	0 2178	1	1
5 4677	7 4168	1	1
5 4677	7 4397	1	1
5 4677	7 1556	1	1
5 4677	4 4341	1	1
5 4678	6 3050	1	1
5 4678	3 3629	1	1
5 4678	2 1831	1	1
5 4678	2 4282	1	1
5 4678	4 4461	1	1
5 4678	4 2901	1	1
5 4679	5 1051	1	1
5 4679	1 2197	1	1
5 4679	7 597	1	1
5 4679	6 352	1	1
5 4679	7 2169	1	1
5 4679	2 3914	1	1
5 4680	5 3202	1	1
5 4680	3 4386	1	1
5 4680	7 2074	1	1
5 4680	2 3669	1	1
5 4680	0 2275	1	1
5 4680	2 4919	1	1
5 4681	6 4953	1	1
5 4681	4 3967	1	1
5 4681	0 4228	1	1
5 4681	6 368	1	1
5 4681	2 2903	1	1
5 4681	2 2098	1	1
5 4682	3 854	1	1
5 4682	0 4144	1	1
5 4682	1 128	1	1
5 4682	3 3837	1	1
5 4682	6 1109	1	1
5 4682	4 4609	1	1
5 4683	2 2725	1	1
5 4683	3 885	1	1
5 4683	6 1117	1	1
5 4683	1 1696	1	1
5 4683	1 512	1	1
5 4683	3 3326	1	1
5 4684	3 3255	1	1
5 4684	2 315	1	1
5 4684	3 2441	1	1
5 4684	2 1416	1	1
5 4684	7 1384	1	1
5 4684	2 4792	1	1
5 4685	5 2833	1	1
5 4685	4 136	1	1
5 4685	0 3167	1	1
5 4685	0 411	1	1
5 4685	2 2910	1	1
5 4685	2 101	1	1
5 4686	5 573	1	1
5 4686	5 2691	1	1
5 4686	0 2452	1	1
5 4686	4 1669	1	1
5 4686	1 1660	1	1
5 4686	2 1428	1	1
5 4687	5 2795	1	1
5 4687	7 205	1	1
5 4687	4 4491	1	1
5 4687	1 4944	1	1
5 4687	6 2152	1	1
5 4687	6 3528	1	1
5 4688	2 4276	1	1
5 4688	4 3622	1	1
5 4688	6 1340	1	1
5 4688	4 2268	1	1
5 4688	6 1246	1	1
5 4688	6 375	1	1
5 4689	3 1874	1	1
5 4689	4 3449	1	1
5 4689	4 3735	1	1
5 4689	4 4967	1	1
5 4689	3 1680	1	1
5 4689	4 3485	1	1
5 4690	6 4961	1	1
5 4690	2 173	1	1
5 4690	4 1807	1	1
5 4690	3 537	1	1
5 4690	1 873	1	1
5 4690	4 86	1	1
5 4691	4 2704	1	1
5 4691	3 2692	1	1
5 4691	3 1592	1	1
5 4691	0 3156	1	1
5 4691	7 3877	1	1
5 4691	1 3524	1	1
5 4692	5 3225	1	1
5 4692	4 2295	1	1
5 4692	0 2009	1	1
5 4692	7 3783	1	1
5 4692	2 1894	1	1
5 4692	4 459	1	1
5 4693	5 4048	1	1
5 4693	6 4621	1	1
5 4693	6 68	1	1
5 4693	6 2915	1	1
5 4693	1 2389	1	1
5 4693	2 1982	1	1
5 4694	4 3502	1	1
5 4694	2 4775	1	1
5 4694	0 3154	1	1
5 4694	3 3174	1	1
5 4694	6 4760	1	1
5 4694	0 4833	1	1
5 4695	5 3896	1	1
5 4695	7 3184	1	1
5 4695	0 534	1	1
5 4695	3 2035	1	1
5 4695	2 3502	1	1
5 4695	6 1347	1	1
5 4696	5 3055	1	1
5 4696	2 229	1	1
5 4696	1 4057	1	1
5 4696	3 2478	1	1
5 4696	7 452	1	1
5 4696	7 3650	1	1
5 4697	5 1256	1	1
5 4697	5 1056	1	1
5 4697	3 1532	1	1
5 4697	4 2244	1	1
5 4697	7 1604	1	1
5 4697	0 439	1	1
5 4698	5 2706	1	1
5 4698	6 1871	1	1
5 4698	2 2679	1	1
5 4698	7 2905	1	1
5 4698	6 234	1	1
5 4698	6 4249	1	1
5 4699	5 3888	1	1
5 4699	1 826	1	1
5 4699	6 3134	1	1
5 4699	7 859	1	1
5 4699	3 3625	1	1
5 4699	0 3849	1	1
5 4700	7 18	1	1
5 4700	4 2454	1	1
5 4700	2 4671	1	1
5 4700	7 4671	1	1
5 4700	6 3480	1	1
5 4700	0 1435	1	1
5 4701	5 3062	1	1
5 4701	2 4448	1	1
5 4701	6 4591	1	1
5 4701	4 1042	1	1
5 4701	6 204	1	1
5 4701	4 950	1	1
5 4702	1 952	1	1
5 4702	3 1060	1	1
5 4702	3 1553	1	1
5 4702	2 3777	1	1
5 4702	1 662	1	1
5 4702	3 1556	1	1
5 4703	2 3528	1	1
5 4703	7 4597	1	1
5 4703	6 489	1	1
5 4703	0 4956	1	1
5 4703	6 4214	1	1
5 4703	6 1251	1	1
5 4704	5 4408	1	1
5 4704	5 3664	1	1
5 4704	7 1143	1	1
5 4704	2 837	1	1
5 4704	2 2457	1	1
5 4704	2 1217	1	1
5 4705	5 3351	1	1
5 4705	2 1077	1	1
5 4705	0 1722	1	1
5 4705	3 4228	1	1
5 4705	7 1597	1	1
5 4705	6 1344	1	1
5 4706	7 2453	1	1
5 4706	4 1310	1	1
5 4706	2 4214	1	1
5 4706	4 3503	1	1
5 4706	1 4699	1	1
5 4706	1 162	1	1
5 4707	5 3960	1	1
5 4707	2 938	1	1
5 4707	0 1838	1	1
5 4707	0 4876	1	1
5 4707	7 1409	1	1
5 4707	2 4522	1	1
5 4708	5 2483	1	1
5 4708	5 47	1	1
5 4708	1 4014	1	1
5 4708	1 1487	1	1
5 4708	4 3256	1	1
5 4708	0 919	1	1
5 4709	5 4357	1	1
5 4709	0 4086	1	1
5 4709	6 4358	1	1
5 4709	6 3105	1	1
5 4709	6 427	1	1
5 4709	6 386	1	1
5 4710	3 4901	1	1
5 4710	2 98	1	1
5 4710	3 3667	1	1
5 4710	2 148	1	1
5 4710	6 10	1	1
5 4710	6 961	1	1
5 4711	3 1186	1	1
5 4711	3 567	1	1
5 4711	1 3391	1	1
5 4711	7 3423	1	1
5 4711	7 3821	1	1
5 4711	1 3497	1	1
5 4712	6 4506	1	1
5 4712	6 1162	1	1
5 4712	3 3049	1	1
5 4712	6 3666	1	1
5 4712	7 2799	1	1
5 4712	6 4181	1	1
5 4713	5 4484	1	1
5 4713	5 3617	1	1
5 4713	6 1454	1	1
5 4713	1 3237	1	1
5 4713	1 1966	1	1
5 4713	2 4717	1	1
5 4714	5 1166	1	1
5 4714	0 4575	1	1
5 4714	1 532	1	1
5 4714	1 3045	1	1
5 4714	0 3703	1	1
5 4714	3 2548	1	1
5 4715	5 1578	1	1
5 4715	0 645	1	1
5 4715	2 2504	1	1
5 4715	4 1981	1	1
5 4715	2 4723	1	1
5 4715	3 4678	1	1
5 4716	0 4236	1	1
5 4716	3 1674	1	1
5 4716	1 2055	1	1
5 4716	1 1696	1	1
5 4716	2 1309	1	1
5 4716	7 2063	1	1
5 4717	1 2094	1	1
5 4717	4 2306	1	1
5 4717	7 3846	1	1
5 4717	0 77	1	1
5 4717	4 4303	1	1
5 4717	4 3421	1	1
5 4718	5 2268	1	1
5 4718	3 285	1	1
5 4718	4 4328	1	1
5 4718	3 1950	1	1
5 4718	1 2878	1	1
5 4718	6 4293	1	1
5 4719	5 3119	1	1
5 4719	2 689	1	1
5 4719	0 1240	1	1
5 4719	1 2865	1	1
5 4719	1 3248	1	1
5 4719	1 3177	1	1
5 4720	5 2581	1	1
5 4720	7 3111	1	1
5 4720	7 4520	1	1
5 4720	4 1802	1	1
5 4720	6 2008	1	1
5 4720	3 4208	1	1
5 4721	5 3538	1	1
5 4721	5 4087	1	1
5 4721	5 1545	1	1
5 4721	1 4848	1	1
5 4721	4 3385	1	1
5 4721	4 1810	1	1
5 4722	0 398	1	1
5 4722	0 824	1	1
5 4722	3 4355	1	1
5 4722	3 605	1	1
5 4722	0 2437	1	1
5 4722	2 3293	1	1
5 4723	5 4624	1	1
5 4723	4 2852	1	1
5 4723	2 1698	1	1
5 4723	0 4299	1	1
5 4723	0 824	1	1
5 4723	4 78	1	1
5 4724	5 821	1	1
5 4724	5 4315	1	1
5 4724	3 4149	1	1
5 4724	3 4438	1	1
5 4724	4 669	1	1
5 4724	4 3129	1	1
5 4725	5 1832	1	1
5 4725	4 3382	1	1
5 4725	2 257	1	1
5 4725	7 4863	1	1
5 4725	2 4465	1	1
5 4725	3 3359	1	1
5 4726	5 2242	1	1
5 4726	5 3247	1	1
5 4726	2 1227	1	1
5 4726	7 587	1	1
5 4726	2 2743	1	1
5 4726	4 3597	1	1
5 4727	7 1263	1	1
5 4727	2 1471	1	1
5 4727	6 1461	1	1
5 4727	6 3564	1	1
5 4727	0 354	1	1
5 4727	2 380	1	1
5 4728	6 407	1	1
5 4728	2 3260	1	1
5 4728	1 4566	1	1
5 4728	4 3659	1	1
5 4728	7 2176	1	1
5 4728	4 2708	1	1
5 4729	6 2932	1	1
5 4729	3 4594	1	1
5 4729	7 2487	1	1
5 4729	3 4443	1	1
5 4729	2 3656	1	1
5 4729	6 2338	1	1
5 4730	5 2290	1	1
5 4730	5 3190	1	1
5 4730	3 843	1	1
5 4730	3 1973	1	1
5 4730	0 18	1	1
5 4730	1 4196	1	1
5 4731	5 3519	1	1
5 4731	4 4874	1	1
5 4731	6 4243	1	1
5 4731	4 1840	1	1
5 4731	3 2337	1	1
5 4731	1 1338	1	1
5 4732	5 195	1	1
5 4732	7 1058	1	1
5 4732	3 2202	1	1
5 4732	7 2015	1	1
5 4732	4 3156	1	1
5 4732	4 1981	1	1
5 4733	3 149	1	1
5 4733	0 196	1	1
5 4733	0 3980	1	1
5 4733	4 1508	1	1
5 4733	3 1696	1	1
5 4733	7 3906	1	1
5 4734	5 4795	1	1
5 4734	1 4539	1	1
5 4734	1 2836	1	1
5 4734	7 51	1	1
5 4734	7 2338	1	1
5 4734	6 925	1	1
5 4735	5 303	1	1
5 4735	5 1280	1	1
5 4735	5 4660	1	1
5 4735	1 2329	1	1
5 4735	7 2742	1	1
5 4735	3 1124	1	1
5 4736	7 1580	1	1
5 4736	1 1934	1	1
5 4736	1 3767	1	1
5 4736	2 2071	1	1
5 4736	7 4469	1	1
5 4736	2 3228	1	1
5 4737	5 305	1	1
5 4737	7 4359	1	1
5 4737	0 387	1	1
5 4737	4 2029	1	1
5 4737	2 1514	1	1
5 4737	2 2209	1	1
5 4738	4 4409	1	1
5 4738	1 4688	1	1
5 4738	6 4284	1	1
5 4738	0 3319	1	1
5 4738	3 736	1	1
5 4738	1 2249	1	1
5 4739	7 4599	1	1
5 4739	4 3301	1	1
5 4739	2 4415	1	1
5 4739	6 21	1	1
5 4739	3 2583	1	1
5 4739	0 3510	1	1
5 4740	5 764	1	1
5 4740	1 1363	1	1
5 4740	3 2379	1	1
5 4740	3 2526	1	1
5 4740	6 4250	1	1
5 4740	7 1046	1	1
5 4741	3 1882	1	1
5 4741	4 1392	1	1
5 4741	7 3245	1	1
5 4741	2 2280	1	1
5 4741	6 2369	1	1
5 4741	6 2425	1	1
5 4742	5 2989	1	1
5 4742	4 3847	1	1
5 4742	4 3388	1	1
5 4742	2 4809	1	1
5 4742	6 1549	1	1
5 4742	2 3499	1	1
5 4743	5 2721	1	1
5 4743	0 3340	1	1
5 4743	0 2827	1	1
5 4743	4 746	1	1
5 4743	6 2157	1	1
5 4743	6 4535	1	1
5 4744	4 4457	1	1
5 4744	2 2581	1	1
5 4744	1 2612	1	1
5 4744	2 3298	1	1
5 4744	4 4992	1	1
5 4744	3 1520	1	1
5 4745	5 4791	1	1
5 4745	3 3576	1	1
5 4745	2 241	1	1
5 4745	1 3274	1	1
5 4745	2 2303	1	1
5 4745	4 1427	1	1
5 4746	3 2648	1	1
5 4746	6 4869	1	1
5 4746	7 1716	1	1
5 4746	0 4371	1	1
5 4746	6 3244	1	1
5 4746	3 734	1	1
5 4747	0 3206	1	1
5 4747	2 1042	1	1
5 4747	7 3329	1	1
5 4747	7 4013	1	1
5 4747	1 4140	1	1
5 4747	7 867	1	1
5 4748	5 2203	1	1
5 4748	2 2169	1	1
5 4748	3 3503	1	1
5 4748	4 4892	1	1
5 4748	4 3904	1	1
5 4748	0 4177	1	1
5 4749	2 4378	1	1
5 4749	4 4018	1	1
5 4749	1 2398	1	1
5 4749	7 2867	1	1
5 4749	6 335	1	1
5 4749	6 4569	1	1
5 4750	5 2904	1	1
5 4750	3 4255	1	1
5 4750	7 3033	1	1
5 4750	1 2998	1	1
5 4750	3 4058	1	1
5 4750	7 4826	1	1
5 4751	5 4096	1	1
5 4751	5 1609	1	1
5 4751	5 4366	1	1
5 4751	5 2703	1	1
5 4751	4 1461	1	1
5 4751	4 899	1	1
5 4752	5 239	1	1
5 4752	6 4130	1	1
5 4752	4 4199	1	1
5 4752	4 2777	1	1
5 4752	7 1082	1	1
5 4752	6 2621	1	1
5 4753	0 4559	1	1
5 4753	2 2574	1	1
5 4753	6 738	1	1
5 4753	6 1108	1	1
5 4753	7 581	1	1
5 4753	6 3955	1	1
5 4754	4 1576	1	1
5 4754	4 3160	1	1
5 4754	4 290	1	1
5 4754	2 1708	1	1
5 4754	6 422	1	1
5 4754	7 3869	1	1
5 4755	7 193	1	1
5 4755	0 2243	1	1
5 4755	7 326	1	1
5 4755	0 4714	1	1
5 4755	7 4811	1	1
5 4755	0 4734	1	1
5 4756	5 4548	1	1
5 4756	3 1202	1	1
5 4756	7 4270	1	1
5 4756	6 1161	1	1
5 4756	1 3984	1	1
5 4756	6 4279	1	1
5 4757	6 4550	1	1
5 4757	6 960	1	1
5 4757	6 1484	1	1
5 4757	0 945	1	1
5 4757	0 2791	1	1
5 4757	3 32	1	1
5 4758	3 1837	1	1
5 4758	3 60	1	1
5 4758	0 3306	1	1
5 4758	4 3364	1	1
5 4758	0 163	1	1
5 4758	3 3395	1	1
5 4759	5 352	1	1
5 4759	2 1315	1	1
5 4759	6 911	1	1
5 4759	4 849	1	1
5 4759	0 2573	1	1
5 4759	7 3593	1	1
5 4760	7 1011	1	1
5 4760	3 1885	1	1
5 4760	2 1036	1	1
5 4760	3 4649	1	1
5 4760	1 3969	1	1
5 4760	0 4967	1	1
5 4761	2 263	1	1
5 4761	4 2665	1	1
5 4761	6 2910	1	1
5 4761	6 1395	1	1
5 4761	0 480	1	1
5 4761	1 297	1	1
5 4762	5 4647	1	1
5 4762	2 2073	1	1
5 4762	3 1235	1	1
5 4762	6 1516	1	1
5 4762	1 567	1	1
5 4762	4 2201	1	1
5 4763	0 271	1	1
5 4763	2 1551	1	1
5 4763	4 4413	1	1
5 4763	4 1265	1	1
5 4763	2 2087	1	1
5 4763	1 3165	1	1
5 4764	5 1379	1	1
5 4764	4 4742	1	1
5 4764	2 3943	1	1
5 4764	6 2888	1	1
5 4764	7 3289	1	1
5 4764	4 363	1	1
5 4765	5 1939	1	1
5 4765	5 3131	1	1
5 4765	7 4154	1	1
5 4765	2 4208	1	1
5 4765	3 1146	1	1
5 4765	7 1147	1	1
5 4766	5 3223	1	1
5 4766	5 22	1	1
5 4766	0 2312	1	1
5 4766	2 2547	1	1
5 4766	7 2534	1	1
5 4766	6 4228	1	1
5 4767	3 1525	1	1
5 4767	4 2268	1	1
5 4767	6 1942	1	1
5 4767	1 4392	1	1
5 4767	7 1230	1	1
5 4767	6 1715	1	1
5 4768	4 4685	1	1
5 4768	2 4941	1	1
5 4768	3 850	1	1
5 4768	0 3041	1	1
5 4768	1 2376	1	1
5 4768	6 1903	1	1
5 4769	5 4262	1	1
5 4769	5 2018	1	1
5 4769	2 2424	1	1
5 4769	7 2112	1	1
5 4769	6 3358	1	1
5 4769	3 1203	1	1
5 4770	5 3781	1	1
5 4770	2 3810	1	1
5 4770	2 2272	1	1
5 4770	3 2402	1	1
5 4770	3 3811	1	1
5 4770	3 4183	1	1
5 4771	5 1865	1	1
5 4771	5 2975	1	1
5 4771	6 4623	1	1
5 4771	4 126	1	1
5 4771	6 2113	1	1
5 4771	2 2943	1	1
5 4772	5 3821	1	1
5 4772	5 2487	1	1
5 4772	4 524	1	1
5 4772	6 1219	1	1
5 4772	6 1896	1	1
5 4772	0 1736	1	1
5 4773	5 4426	1	1
5 4773	5 785	1	1
5 4773	4 3239	1	1
5 4773	1 3172	1	1
5 4773	2 958	1	1
5 4773	0 3312	1	1
5 4774	5 84	1	1
5 4774	6 3438	1	1
5 4774	6 392	1	1
5 4774	4 3686	1	1
5 4774	0 2277	1	1
5 4774	0 1411	1	1
5 4775	5 4549	1	1
5 4775	2 3365	1	1
5 4775	4 3202	1	1
5 4775	6 1464	1	1
5 4775	6 1481	1	1
5 4775	0 4940	1	1
5 4776	6 917	1	1
5 4776	1 1973	1	1
5 4776	3 3520	1	1
5 4776	7 4372	1	1
5 4776	6 4187	1	1
5 4776	7 1014	1	1
5 4777	5 2932	1	1
5 4777	5 1202	1	1
5 4777	0 1917	1	1
5 4777	6 1791	1	1
5 4777	2 258	1	1
5 4777	4 1490	1	1
5 4778	5 79	1	1
5 4778	5 3226	1	1
5 4778	3 4740	1	1
5 4778	7 315	1	1
5 4778	7 3665	1	1
5 4778	2 4349	1	1
5 4779	5 896	1	1
5 4779	4 1288	1	1
5 4779	3 4706	1	1
5 4779	7 2454	1	1
5 4779	6 3415	1	1
5 4779	3 26	1	1
5 4780	6 4993	1	1
5 4780	7 291	1	1
5 4780	7 4391	1	1
5 4780	4 1544	1	1
5 4780	7 3414	1	1
5 4780	6 4039	1	1
5 4781	7 793	1	1
5 4781	7 2014	1	1
5 4781	2 4828	1	1
5 4781	6 1553	1	1
5 4781	2 826	1	1
5 4781	1 3942	1	1
5 4782	7 1497	1	1
5 4782	6 2394	1	1
5 4782	1 3171	1	1
5 4782	3 4900	1	1
5 4782	6 3630	1	1
5 4782	1 3826	1	1
5 4783	5 340	1	1
5 4783	5 4455	1	1
5 4783	2 2520	1	1
5 4783	3 4921	1	1
5 4783	4 127	1	1
5 4783	6 4668	1	1
5 4784	5 1542	1	1
5 4784	1 4517	1	1
5 4784	6 1182	1	1
5 4784	6 1500	1	1
5 4784	7 1197	1	1
5 4784	3 1575	1	1
5 4785	5 2362	1	1
5 4785	1 3894	1	1
5 4785	0 2192	1	1
5 4785	0 3448	1	1
5 4785	3 1097	1	1
5 4785	3 2827	1	1
5 4786	5 348	1	1
5 4786	5 205	1	1
5 4786	6 3004	1	1
5 4786	2 3719	1	1
5 4786	2 1212	1	1
5 4786	0 4752	1	1
5 4787	5 4256	1	1
5 4787	3 2062	1	1
5 4787	7 2375	1	1
5 4787	1 2689	1	1
5 4787	7 886	1	1
5 4787	0 720	1	1
5 4788	5 2898	1	1
5 4788	3 2780	1	1
5 4788	7 657	1	1
5 4788	7 2278	1	1
5 4788	6 3905	1	1
5 4788	3 3785	1	1
5 4789	5 2641	1	1
5 4789	3 727	1	1
5 4789	1 4550	1	1
5 4789	2 3553	1	1
5 4789	2 445	1	1
5 4789	1 231	1	1
5 4790	5 1931	1	1
5 4790	2 2683	1	1
5 4790	4 4882	1	1
5 4790	7 2155	1	1
5 4790	7 1855	1	1
5 4790	1 4981	1	1
5 4791	5 3949	1	1
5 4791	6 2824	1	1
5 4791	1 3923	1	1
5 4791	1 3073	1	1
5 4791	7 3505	1	1
5 4791	1 3092	1	1
5 4792	5 3275	1	1
5 4792	5 2390	1	1
5 4792	7 3432	1	1
5 4792	0 2297	1	1
5 4792	3 2579	1	1
5 4792	6 2447	1	1
5 4793	5 174	1	1
5 4793	5 2988	1	1
5 4793	4 791	1	1
5 4793	3 4762	1	1
5 4793	0 4723	1	1
5 4793	1 2041	1	1
5 4794	0 2271	1	1
5 4794	0 4398	1	1
5 4794	2 4272	1	1
5 4794	6 3765	1	1
5 4794	7 21	1	1
5 4794	2 2762	1	1
5 4795	5 3559	1	1
5 4795	2 4115	1	1
5 4795	0 2176	1	1
5 4795	7 4234	1	1
5 4795	6 3605	1	1
5 4795	0 1139	1	1
5 4796	5 1719	1	1
5 4796	5 2646	1	1
5 4796	6 1827	1	1
5 4796	7 625	1	1
5 4796	2 2397	1	1
5 4796	0 1408	1	1
5 4797	1 3852	1	1
5 4797	0 2137	1	1
5 4797	2 4298	1	1
5 4797	1 119	1	1
5 4797	3 3405	1	1
5 4797	7 2452	1	1
5 4798	5 2698	1	1
5 4798	0 609	1	1
5 4798	0 3095	1	1
5 4798	7 4917	1	1
5 4798	4 3233	1	1
5 4798	6 2107	1	1
5 4799	0 3482	1	1
5 4799	7 1828	1	1
5 4799	6 4481	1	1
5 4799	0 1082	1	1
5 4799	1 3028	1	1
5 4799	2 358	1	1
5 4800	5 4637	1	1
5 4800	5 3703	1	1
5 4800	3 2342	1	1
5 4800	7 356	1	1
5 4800	0 1068	1	1
5 4800	7 21	1	1
5 4801	0 4990	1	1
5 4801	0 359	1	1
5 4801	4 3029	1	1
5 4801	4 4942	1	1
5 4801	3 2551	1	1
5 4801	0 2742	1	1
5 4802	5 1524	1	1
5 4802	4 1375	1	1
5 4802	4 756	1	1
5 4802	1 1241	1	1
5 4802	4 4651	1	1
5 4802	6 4170	1	1
5 4803	6 2686	1	1
5 4803	6 3993	1	1
5 4803	2 1390	1	1
5 4803	3 3332	1	1
5 4803	1 100	1	1
5 4803	4 3992	1	1
5 4804	5 3646	1	1
5 4804	2 3020	1	1
5 4804	0 4965	1	1
5 4804	1 72	1	1
5 4804	6 1706	1	1
5 4804	7 1959	1	1
5 4805	4 229	1	1
5 4805	1 1087	1	1
5 4805	7 4134	1	1
5 4805	6 677	1	1
5 4805	2 3934	1	1
5 4805	4 3262	1	1
5 4806	3 1541	1	1
5 4806	4 4442	1	1
5 4806	2 4507	1	1
5 4806	2 896	1	1
5 4806	6 3186	1	1
5 4806	1 4112	1	1
5 4807	5 613	1	1
5 4807	3 1888	1	1
5 4807	6 2780	1	1
5 4807	3 3366	1	1
5 4807	0 4964	1	1
5 4807	3 2327	1	1
5 4808	5 3921	1	1
5 4808	5 1229	1	1
5 4808	5 1093	1	1
5 4808	0 2670	1	1
5 4808	3 3287	1	1
5 4808	3 257	1	1
5 4809	2 3803	1	1
5 4809	3 2594	1	1
5 4809	2 2691	1	1
5 4809	6 911	1	1
5 4809	3 2882	1	1
5 4809	2 1977	1	1
5 4810	0 2987	1	1
5 4810	7 2251	1	1
5 4810	3 3311	1	1
5 4810	7 3972	1	1
5 4810	1 3123	1	1
5 4810	0 902	1	1
5 4811	5 1280	1	1
5 4811	4 1229	1	1
5 4811	2 2089	1	1
5 4811	3 48	1	1
5 4811	3 4245	1	1
5 4811	3 1383	1	1
5 4812	3 2953	1	1
5 4812	1 3819	1	1
5 4812	3 418	1	1
5 4812	3 394	1	1
5 4812	7 4820	1	1
5 4812	0 4783	1	1
5 4813	5 195	1	1
5 4813	5 4659	1	1
5 4813	5 3478	1	1
5 4813	2 2064	1	1
5 4813	2 376	1	1
5 4813	7 2648	1	1
5 4814	4 2723	1	1
5 4814	6 3373	1	1
5 4814	1 3496	1	1
5 4814	7 3010	1	1
5 4814	7 1961	1	1
5 4814	2 3977	1	1
5 4815	4 4054	1	1
5 4815	2 2208	1	1
5 4815	1 522	1	1
5 4815	3 1169	1	1
5 4815	0 2563	1	1
5 4815	4 3138	1	1
5 4816	5 2240	1	1
5 4816	5 3150	1	1
5 4816	3 4002	1	1
5 4816	6 1606	1	1
5 4816	4 3463	1	1
5 4816	7 2952	1	1
5 4817	5 4078	1	1
5 4817	5 1245	1	1
5 4817	2 25	1	1
5 4817	4 3921	1	1
5 4817	1 188	1	1
5 4817	0 4794	1	1
5 4818	5 2838	1	1
5 4818	5 1044	1	1
5 4818	2 3711	1	1
5 4818	7 4129	1	1
5 4818	4 2905	1	1
5 4818	1 1032	1	1
5 4819	5 744	1	1
5 4819	7 4835	1	1
5 4819	4 4391	1	1
5 4819	4 2794	1	1
5 4819	1 2238	1	1
5 4819	3 3783	1	1
5 4820	5 2790	1	1
5 4820	0 3454	1	1
5 4820	7 636	1	1
5 4820	6 1249	1	1
5 4820	2 1080	1	1
5 4820	6 3015	1	1
5 4821	5 162	1	1
5 4821	5 3808	1	1
5 4821	5 26	1	1
5 4821	3 1026	1	1
5 4821	0 2762	1	1
5 4821	7 3609	1	1
5 4822	6 2914	1	1
5 4822	2 3922	1	1
5 4822	0 983	1	1
5 4822	1 3265	1	1
5 4822	3 2145	1	1
5 4822	0 3509	1	1
5 4823	4 1486	1	1
5 4823	6 1918	1	1
5 4823	3 4913	1	1
5 4823	4 1347	1	1
5 4823	7 3799	1	1
5 4823	1 871	1	1
5 4824	5 4953	1	1
5 4824	6 1423	1	1
5 4824	7 1116	1	1
5 4824	6 4599	1	1
5 4824	0 4454	1	1
5 4824	4 2943	1	1
5 4825	5 893	1	1
5 4825	4 3387	1	1
5 4825	3 828	1	1
5 4825	2 4854	1	1
5 4825	7 1335	1	1
5 4825	6 1855	1	1
5 4826	1 3344	1	1
5 4826	1 1824	1	1
5 4826	6 2342	1	1
5 4826	6 3096	1	1
5 4826	0 3024	1	1
5 4826	0 3078	1	1
5 4827	5 1766	1	1
5 4827	5 869	1	1
5 4827	4 4955	1	1
5 4827	4 1412	1	1
5 4827	7 3406	1	1
5 4827	1 1368	1	1
5 4828	5 1097	1	1
5 4828	1 964	1	1
5 4828	0 3581	1	1
5 4828	1 2413	1	1
5 4828	3 2948	1	1
5 4828	1 1870	1	1
5 4829	5 8	1	1
5 4829	5 2388	1	1
5 4829	2 4058	1	1
5 4829	1 4010	1	1
5 4829	3 4701	1	1
5 4829	7 4892	1	1
5 4830	5 1317	1	1
5 4830	5 59	1	1
5 4830	4 4998	1	1
5 4830	4 1530	1	1
5 4830	0 2800	1	1
5 4830	7 2256	1	1
5 4831	5 3580	1	1
5 4831	3 584	1	1
5 4831	6 756	1	1
5 4831	3 2242	1	1
5 4831	4 1357	1	1
5 4831	7 1588	1	1
5 4832	5 4468	1	1
5 4832	0 1216	1	1
5 4832	1 4864	1	1
5 4832	3 2080	1	1
5 4832	2 4304	1	1
5 4832	6 3751	1	1
5 4833	5 1962	1	1
5 4833	7 1176	1	1
5 4833	1 2893	1	1
5 4833	3 4595	1	1
5 4833	2 3195	1	1
5 4833	2 4855	1	1
5 4834	5 4570	1	1
5 4834	1 3515	1	1
5 4834	2 1454	1	1
5 4834	4 454	1	1
5 4834	7 4130	1	1
5 4834	1 2749	1	1
5 4835	6 1329	1	1
5 4835	2 2006	1	1
5 4835	4 906	1	1
5 4835	2 1216	1	1
5 4835	3 4068	1	1
5 4835	3 304	1	1
5 4836	2 1223	1	1
5 4836	2 1654	1	1
5 4836	6 2259	1	1
5 4836	6 1729	1	1
5 4836	7 2747	1	1
5 4836	0 4531	1	1
5 4837	5 4955	1	1
5 4837	2 109	1	1
5 4837	3 2702	1	1
5 4837	1 1319	1	1
5 4837	3 2555	1	1
5 4837	0 2338	1	1
5 4838	5 979	1	1
5 4838	5 3471	1	1
5 4838	3 943	1	1
5 4838	7 1118	1	1
5 4838	0 985	1	1
5 4838	1 1901	1	1
5 4839	5 220	1	1
5 4839	2 2326	1	1
5 4839	7 4179	1	1
5 4839	1 3615	1	1
5 4839	2 427	1	1
5 4839	6 4470	1	1
5 4840	5 1980	1	1
5 4840	5 4792	1	1
5 4840	2 865	1	1
5 4840	1 1798	1	1
5 4840	0 3025	1	1
5 4840	3 3069	1	1
5 4841	5 2254	1	1
5 4841	5 272	1	1
5 4841	0 3192	1	1
5 4841	7 612	1	1
5 4841	1 2040	1	1
5 4841	0 2161	1	1
5 4842	5 311	1	1
5 4842	3 1322	1	1
5 4842	3 1921	1	1
5 4842	3 898	1	1
5 4842	7 1331	1	1
5 4842	2 1504	1	1
5 4843	5 372	1	1
5 4843	3 1400	1	1
5 4843	7 590	1	1
5 4843	0 1269	1	1
5 4843	0 3723	1	1
5 4843	1 273	1	1
5 4844	5 87	1	1
5 4844	7 2491	1	1
5 4844	3 3358	1	1
5 4844	2 515	1	1
5 4844	6 3373	1	1
5 4844	1 149	1	1
5 4845	5 3946	1	1
5 4845	1 2668	1	1
5 4845	1 3197	1	1
5 4845	7 4867	1	1
5 4845	0 201	1	1
5 4845	2 2586	1	1
5 4846	1 2560	1	1
5 4846	2 1382	1	1
5 4846	4 218	1	1
5 4846	4 395	1	1
5 4846	0 556	1	1
5 4846	7 352	1	1
5 4847	7 342	1	1
5 4847	4 3728	1	1
5 4847	6 1210	1	1
5 4847	4 4973	1	1
5 4847	1 1683	1	1
5 4847	6 1108	1	1
5 4848	4 2844	1	1
5 4848	7 4222	1	1
5 4848	0 1168	1	1
5 4848	3 1471	1	1
5 4848	4 1933	1	1
5 4848	7 2022	1	1
5 4849	5 1698	1	1
5 4849	2 1798	1	1
5 4849	1 1032	1	1
5 4849	1 3533	1	1
5 4849	6 4169	1	1
5 4849	6 2515	1	1
5 4850	5 71	1	1
5 4850	5 4403	1	1
5 4850	1 4609	1	1
5 4850	6 4944	1	1
5 4850	1 1249	1	1
5 4850	2 4361	1	1
5 4851	5 4454	1	1
5 4851	4 2007	1	1
5 4851	3 2048	1	1
5 4851	4 236	1	1
5 4851	6 3497	1	1
5 4851	4 4847	1	1
5 4852	5 1630	1	1
5 4852	0 4458	1	1
5 4852	0 1765	1	1
5 4852	0 3305	1	1
5 4852	4 4163	1	1
5 4852	6 1829	1	1
5 4853	5 2514	1	1
5 4853	5 2147	1	1
5 4853	5 4080	1	1
5 4853	4 3097	1	1
5 4853	0 915	1	1
5 4853	4 1947	1	1
5 4854	5 4384	1	1
5 4854	3 4547	1	1
5 4854	2 4557	1	1
5 4854	0 2161	1	1
5 4854	3 1594	1	1
5 4854	7 1530	1	1
5 4855	5 425	1	1
5 4855	3 3074	1	1
5 4855	0 1195	1	1
5 4855	7 590	1	1
5 4855	1 278	1	1
5 4855	0 3962	1	1
5 4856	5 1596	1	1
5 4856	1 3801	1	1
5 4856	6 4287	1	1
5 4856	6 42	1	1
5 4856	4 2059	1	1
5 4856	3 286	1	1
5 4857	7 2591	1	1
5 4857	1 4001	1	1
5 4857	4 2804	1	1
5 4857	7 456	1	1
5 4857	4 4880	1	1
5 4857	0 3034	1	1
5 4858	1 3604	1	1
5 4858	7 1328	1	1
5 4858	7 2018	1	1
5 4858	1 3969	1	1
5 4858	0 1103	1	1
5 4858	2 4601	1	1
5 4859	5 4883	1	1
5 4859	1 4415	1	1
5 4859	4 4722	1	1
5 4859	1 3106	1	1
5 4859	6 1863	1	1
5 4859	7 4171	1	1
5 4860	5 2391	1	1
5 4860	1 1806	1	1
5 4860	1 370	1	1
5 4860	6 354	1	1
5 4860	6 2228	1	1
5 4860	6 608	1	1
5 4861	5 1068	1	1
5 4861	5 1226	1	1
5 4861	5 1585	1	1
5 4861	0 2694	1	1
5 4861	2 2480	1	1
5 4861	2 3366	1	1
5 4862	5 3934	1	1
5 4862	5 2879	1	1
5 4862	6 2282	1	1
5 4862	2 2230	1	1
5 4862	7 296	1	1
5 4862	2 1065	1	1
5 4863	5 4424	1	1
5 4863	4 1774	1	1
5 4863	2 1201	1	1
5 4863	1 1173	1	1
5 4863	0 1396	1	1
5 4863	7 4030	1	1
5 4864	3 4344	1	1
5 4864	3 3788	1	1
5 4864	2 753	1	1
5 4864	4 1047	1	1
5 4864	6 3549	1	1
5 4864	2 2415	1	1
5 4865	5 2137	1	1
5 4865	5 292	1	1
5 4865	2 885	1	1
5 4865	0 872	1	1
5 4865	4 1878	1	1
5 4865	6 807	1	1
5 4866	1 3169	1	1
5 4866	0 3165	1	1
5 4866	0 2571	1	1
5 4866	3 849	1	1
5 4866	6 1121	1	1
5 4866	6 1077	1	1
5 4867	4 4986	1	1
5 4867	0 467	1	1
5 4867	2 449	1	1
5 4867	0 3221	1	1
5 4867	1 1755	1	1
5 4867	2 1776	1	1
5 4868	6 4072	1	1
5 4868	4 1658	1	1
5 4868	0 594	1	1
5 4868	4 1244	1	1
5 4868	2 2929	1	1
5 4868	4 1660	1	1
5 4869	4 4762	1	1
5 4869	0 3438	1	1
5 4869	1 514	1	1
5 4869	3 1144	1	1
5 4869	3 368	1	1
5 4869	1 3576	1	1
5 4870	3 3057	1	1
5 4870	7 1816	1	1
5 4870	1 3179	1	1
5 4870	1 1423	1	1
5 4870	7 3502	1	1
5 4870	7 4025	1	1
5 4871	5 2338	1	1
5 4871	6 4533	1	1
5 4871	6 3224	1	1
5 4871	4 3071	1	1
5 4871	3 1737	1	1
5 4871	2 3341	1	1
5 4872	5 3973	1	1
5 4872	5 1124	1	1
5 4872	6 4266	1	1
5 4872	7 1907	1	1
5 4872	7 4455	1	1
5 4872	7 2239	1	1
5 4873	7 459	1	1
5 4873	6 3607	1	1
5 4873	1 4214	1	1
5 4873	3 543	1	1
5 4873	0 2273	1	1
5 4873	4 3418	1	1
5 4874	4 2939	1	1
5 4874	2 4947	1	1
5 4874	1 1961	1	1
5 4874	0 2818	1	1
5 4874	7 2777	1	1
5 4874	2 2041	1	1
5 4875	3 2083	1	1
5 4875	6 1447	1	1
5 4875	2 2731	1	1
5 4875	4 4246	1	1
5 4875	3 90	1	1
5 4875	1 3896	1	1
5 4876	3 3202	1	1
5 4876	2 1888	1	1
5 4876	6 2408	1	1
5 4876	1 1841	1	1
5 4876	1 4562	1	1
5 4876	3 1249	1	1
5 4877	5 1880	1	1
5 4877	6 1704	1	1
5 4877	4 3132	1	1
5 4877	3 2495	1	1
5 4877	4 902	1	1
5 4877	1 4805	1	1
5 4878	4 2227	1	1
5 4878	2 517	1	1
5 4878	1 1777	1	1
5 4878	0 2725	1	1
5 4878	7 3671	1	1
5 4878	3 1818	1	1
5 4879	5 4828	1	1
5 4879	6 4251	1	1
5 4879	1 2377	1	1
5 4879	0 3048	1	1
5 4879	4 670	1	1
5 4879	1 4087	1	1
5 4880	5 3488	1	1
5 4880	1 691	1	1
5 4880	0 554	1	1
5 4880	1 4594	1	1
5 4880	7 4173	1	1
5 4880	6 1310	1	1
5 4881	4 585	1	1
5 4881	3 572	1	1
5 4881	2 1537	1	1
5 4881	3 4055	1	1
5 4881	4 2889	1	1
5 4881	0 2599	1	1
5 4882	5 4728	1	1
5 4882	4 2531	1	1
5 4882	7 2442	1	1
5 4882	0 120	1	1
5 4882	2 2891	1	1
5 4882	3 3511	1	1
5 4883	2 4083	1	1
5 4883	2 2104	1	1
5 4883	7 987	1	1
5 4883	7 4540	1	1
5 4883	1 3373	1	1
5 4883	1 1598	1	1
5 4884	0 225	1	1
5 4884	6 3570	1	1
5 4884	1 921	1	1
5 4884	1 778	1	1
5 4884	0 3969	1	1
5 4884	7 3363	1	1
5 4885	5 3435	1	1
5 4885	5 1883	1	1
5 4885	4 2051	1	1
5 4885	3 283	1	1
5 4885	7 4842	1	1
5 4885	6 4169	1	1
5 4886	5 1467	1	1
5 4886	0 3212	1	1
5 4886	7 1634	1	1
5 4886	3 2281	1	1
5 4886	3 646	1	1
5 4886	3 2900	1	1
5 4887	5 282	1	1
5 4887	5 4181	1	1
5 4887	3 4617	1	1
5 4887	6 3076	1	1
5 4887	7 4567	1	1
5 4887	3 4388	1	1
5 4888	3 2699	1	1
5 4888	3 2154	1	1
5 4888	1 144	1	1
5 4888	2 2121	1	1
5 4888	6 2465	1	1
5 4888	1 1819	1	1
5 4889	5 4672	1	1
5 4889	5 4024	1	1
5 4889	1 1365	1	1
5 4889	7 2298	1	1
5 4889	0 82	1	1
5 4889	2 2079	1	1
5 4890	5 3616	1	1
5 4890	2 1322	1	1
5 4890	2 3781	1	1
5 4890	3 1837	1	1
5 4890	4 636	1	1
5 4890	4 3006	1	1
5 4891	5 2356	1	1
5 4891	1 2017	1	1
5 4891	3 3365	1	1
5 4891	3 2573	1	1
5 4891	1 727	1	1
5 4891	2 1125	1	1
5 4892	4 2704	1	1
5 4892	4 1448	1	1
5 4892	1 172	1	1
5 4892	7 580	1	1
5 4892	0 1936	1	1
5 4892	6 1326	1	1
5 4893	1 4792	1	1
5 4893	6 2592	1	1
5 4893	4 3040	1	1
5 4893	4 815	1	1
5 4893	2 3276	1	1
5 4893	6 3521	1	1
5 4894	5 432	1	1
5 4894	2 1469	1	1
5 4894	6 4268	1	1
5 4894	6 4211	1	1
5 4894	1 4030	1	1
5 4894	0 3212	1	1
5 4895	6 3319	1	1
5 4895	7 4869	1	1
5 4895	3 3370	1	1
5 4895	1 230	1	1
5 4895	1 2426	1	1
5 4895	4 3183	1	1
5 4896	5 1587	1	1
5 4896	2 1125	1	1
5 4896	1 1168	1	1
5 4896	2 3072	1	1
5 4896	0 3747	1	1
5 4896	3 4212	1	1
5 4897	5 1127	1	1
5 4897	1 4605	1	1
5 4897	4 4896	1	1
5 4897	1 1968	1	1
5 4897	2 1030	1	1
5 4897	6 2163	1	1
5 4898	5 1572	1	1
5 4898	1 4163	1	1
5 4898	2 4526	1	1
5 4898	7 658	1	1
5 4898	3 551	1	1
5 4898	2 2635	1	1
5 4899	5 162	1	1
5 4899	3 1863	1	1
5 4899	4 2771	1	1
5 4899	2 2546	1	1
5 4899	1 3459	1	1
5 4899	3 2232	1	1
5 4900	1 978	1	1
5 4900	7 1896	1	1
5 4900	2 1689	1	1
5 4900	1 946	1	1
5 4900	6 3756	1	1
5 4900	2 3145	1	1
5 4901	6 992	1	1
5 4901	4 967	1	1
5 4901	6 4833	1	1
5 4901	6 3588	1	1
5 4901	3 1544	1	1
5 4901	0 1587	1	1
5 4902	7 1347	1	1
5 4902	6 3039	1	1
5 4902	2 1239	1	1
5 4902	2 280	1	1
5 4902	4 468	1	1
5 4902	4 376	1	1
5 4903	5 3865	1	1
5 4903	0 2810	1	1
5 4903	2 2733	1	1
5 4903	4 3454	1	1
5 4903	2 1643	1	1
5 4903	6 3594	1	1
5 4904	5 3907	1	1
5 4904	5 2243	1	1
5 4904	0 3785	1	1
5 4904	4 312	1	1
5 4904	7 507	1	1
5 4904	4 4944	1	1
5 4905	1 3899	1	1
5 4905	2 271	1	1
5 4905	6 3049	1	1
5 4905	3 1571	1	1
5 4905	0 3615	1	1
5 4905	1 2080	1	1
5 4906	5 1612	1	1
5 4906	1 4424	1	1
5 4906	4 585	1	1
5 4906	0 2342	1	1
5 4906	0 3755	1	1
5 4906	4 1083	1	1
5 4907	5 4433	1	1
5 4907	7 294	1	1
5 4907	3 2631	1	1
5 4907	3 2592	1	1
5 4907	7 1686	1	1
5 4907	3 4791	1	1
5 4908	2 2815	1	1
5 4908	2 2368	1	1
5 4908	1 948	1	1
5 4908	4 65	1	1
5 4908	1 604	1	1
5 4908	2 149	1	1
5 4909	2 4832	1	1
5 4909	7 2284	1	1
5 4909	4 1652	1	1
5 4909	2 670	1	1
5 4909	3 1199	1	1
5 4909	0 2640	1	1
5 4910	1 2000	1	1
5 4910	1 3814	1	1
5 4910	0 3765	1	1
5 4910	4 4971	1	1
5 4910	2 2449	1	1
5 4910	4 4596	1	1
5 4911	2 3954	1	1
5 4911	6 3612	1	1
5 4911	2 54	1	1
5 4911	4 4087	1	1
5 4911	3 2442	1	1
5 4911	6 4866	1	1
5 4912	5 1416	1	1
5 4912	6 124	1	1
5 4912	6 2013	1	1
5 4912	0 3472	1	1
5 4912	6 3896	1	1
5 4912	0 4071	1	1
5 4913	1 1525	1	1
5 4913	3 1208	1	1
5 4913	2 4612	1	1
5 4913	2 3961	1	1
5 4913	7 3347	1	1
5 4913	2 4107	1	1
5 4914	1 4813	1	1
5 4914	0 3795	1	1
5 4914	6 2282	1	1
5 4914	1 2383	1	1
5 4914	3 4679	1	1
5 4914	3 1375	1	1
5 4915	5 3985	1	1
5 4915	5 2482	1	1
5 4915	3 1925	1	1
5 4915	2 3982	1	1
5 4915	2 671	1	1
5 4915	7 2291	1	1
5 4916	5 896	1	1
5 4916	6 3298	1	1
5 4916	1 4016	1	1
5 4916	0 4372	1	1
5 4916	0 1956	1	1
5 4916	1 2736	1	1
5 4917	3 1434	2	1
5 4917	3 1232	1	1
5 4917	6 385	1	1
5 4917	7 3852	1	1
5 4917	7 2272	1	1
5 4918	5 25	1	1
5 4918	7 2547	1	1
5 4918	2 2776	1	1
5 4918	1 2548	1	1
5 4918	1 193	1	1
5 4918	7 4994	1	1
5 4919	4 1939	1	1
5 4919	0 1184	1	1
5 4919	7 4801	1	1
5 4919	6 4857	1	1
5 4919	1 1097	1	1
5 4919	4 4635	1	1
5 4920	5 1965	1	1
5 4920	6 4413	1	1
5 4920	2 1348	1	1
5 4920	3 763	1	1
5 4920	2 1012	1	1
5 4920	7 1361	1	1
5 4921	4 2066	1	1
5 4921	2 1533	1	1
5 4921	2 3013	1	1
5 4921	4 2531	1	1
5 4921	7 4465	1	1
5 4921	7 6	1	1
5 4922	7 4092	1	1
5 4922	1 2106	1	1
5 4922	4 125	1	1
5 4922	4 1453	1	1
5 4922	1 3273	1	1
5 4922	3 3035	1	1
5 4923	1 2814	1	1
5 4923	2 1874	1	1
5 4923	0 1988	1	1
5 4923	0 4983	1	1
5 4923	4 1073	1	1
5 4923	4 356	1	1
5 4924	5 3072	1	1
5 4924	6 1888	1	1
5 4924	4 4911	1	1
5 4924	0 1158	1	1
5 4924	0 4077	1	1
5 4924	4 1230	1	1
5 4925	5 1633	1	1
5 4925	0 4509	1	1
5 4925	4 1224	1	1
5 4925	6 1232	1	1
5 4925	7 4841	1	1
5 4925	3 3361	1	1
5 4926	5 1677	1	1
5 4926	1 4553	1	1
5 4926	4 2903	1	1
5 4926	7 4297	1	1
5 4926	0 4657	1	1
5 4926	0 2318	1	1
5 4927	5 2351	1	1
5 4927	4 195	1	1
5 4927	2 2951	1	1
5 4927	7 3271	1	1
5 4927	4 2831	1	1
5 4927	6 434	1	1
5 4928	5 4595	1	1
5 4928	2 2967	1	1
5 4928	1 578	1	1
5 4928	7 1062	1	1
5 4928	1 4056	1	1
5 4928	1 3788	1	1
5 4929	5 3853	1	1
5 4929	4 576	1	1
5 4929	0 4035	1	1
5 4929	1 1539	1	1
5 4929	6 3518	1	1
5 4929	1 960	1	1
5 4930	5 214	1	1
5 4930	7 1703	1	1
5 4930	7 1143	1	1
5 4930	3 1690	1	1
5 4930	6 3159	1	1
5 4930	0 4793	1	1
5 4931	5 3270	1	1
5 4931	7 3141	1	1
5 4931	2 2024	1	1
5 4931	2 4782	1	1
5 4931	1 67	1	1
5 4931	4 2040	1	1
5 4932	5 67	1	1
5 4932	0 3376	1	1
5 4932	0 2654	1	1
5 4932	0 3368	1	1
5 4932	1 3507	1	1
5 4932	0 1531	1	1
5 4933	5 3059	1	1
5 4933	5 3258	1	1
5 4933	3 2282	1	1
5 4933	4 2243	1	1
5 4933	0 1373	1	1
5 4933	0 4489	1	1
5 4934	5 4434	1	1
5 4934	2 392	1	1
5 4934	0 2811	1	1
5 4934	6 1141	1	1
5 4934	2 4737	1	1
5 4934	0 2020	1	1
5 4935	2 4409	1	1
5 4935	4 1859	1	1
5 4935	7 2152	1	1
5 4935	3 2308	1	1
5 4935	2 4533	1	1
5 4935	2 2121	1	1
5 4936	2 4553	1	1
5 4936	2 4771	1	1
5 4936	0 1214	1	1
5 4936	1 3923	1	1
5 4936	3 1868	1	1
5 4936	0 65	1	1
5 4937	5 4822	1	1
5 4937	0 586	1	1
5 4937	2 3400	1	1
5 4937	1 1319	1	1
5 4937	2 1047	1	1
5 4937	4 486	1	1
5 4938	7 2639	1	1
5 4938	3 4140	1	1
5 4938	0 2262	1	1
5 4938	6 3760	1	1
5 4938	1 3573	1	1
5 4938	0 1498	1	1
5 4939	4 4527	1	1
5 4939	6 3936	1	1
5 4939	1 206	1	1
5 4939	6 1475	1	1
5 4939	1 1787	1	1
5 4939	2 3361	1	1
5 4940	5 2244	1	1
5 4940	0 1762	1	1
5 4940	6 3757	1	1
5 4940	3 3900	1	1
5 4940	0 917	1	1
5 4940	4 2197	1	1
5 4941	6 2958	1	1
5 4941	4 500	1	1
5 4941	7 3281	1	1
5 4941	2 4191	1	1
5 4941	6 763	1	1
5 4941	6 4243	1	1
5 4942	3 4648	1	1
5 4942	6 1196	1	1
5 4942	3 2123	1	1
5 4942	0 1797	1	1
5 4942	4 4345	1	1
5 4942	1 1012	1	1
5 4943	5 3034	1	1
5 4943	0 2285	1	1
5 4943	4 1783	1	1
5 4943	7 2429	1	1
5 4943	6 2326	1	1
5 4943	1 4270	1	1
5 4944	2 4359	1	1
5 4944	0 3651	1	1
5 4944	4 2167	1	1
5 4944	4 40	1	1
5 4944	1 3656	1	1
5 4944	3 3564	1	1
5 4945	5 3462	1	1
5 4945	5 4033	1	1
5 4945	1 3437	1	1
5 4945	3 4985	1	1
5 4945	6 2529	1	1
5 4945	2 3290	1	1
5 4946	4 288	1	1
5 4946	6 2494	1	1
5 4946	2 953	1	1
5 4946	7 3340	1	1
5 4946	1 4091	1	1
5 4946	2 1501	1	1
5 4947	0 749	1	1
5 4947	4 4263	1	1
5 4947	1 513	1	1
5 4947	0 3315	1	1
5 4947	1 3154	1	1
5 4947	3 4997	1	1
5 4948	5 2173	1	1
5 4948	2 2904	1	1
5 4948	2 2746	1	1
5 4948	0 946	1	1
5 4948	7 254	1	1
5 4948	3 4185	1	1
5 4949	1 4153	1	1
5 4949	0 4027	1	1
5 4949	1 1290	1	1
5 4949	4 4031	1	1
5 4949	1 1621	1	1
5 4949	0 3702	1	1
5 4950	5 1470	1	1
5 4950	2 725	1	1
5 4950	4 3878	1	1
5 4950	3 3835	1	1
5 4950	7 1536	1	1
5 4950	6 3142	1	1
5 4951	6 136	1	1
5 4951	7 4399	1	1
5 4951	7 1262	1	1
5 4951	6 1417	1	1
5 4951	7 2101	1	1
5 4951	2 4791	1	1
5 4952	5 4555	1	1
5 4952	5 2898	1	1
5 4952	6 3904	1	1
5 4952	0 1852	1	1
5 4952	7 4345	1	1
5 4952	1 3498	1	1
5 4953	1 3000	1	1
5 4953	6 4811	1	1
5 4953	7 3047	1	1
5 4953	2 4000	1	1
5 4953	4 2853	1	1
5 4953	7 2150	1	1
5 4954	5 946	1	1
5 4954	4 4427	1	1
5 4954	0 2147	1	1
5 4954	1 3850	1	1
5 4954	7 459	1	1
5 4954	6 2617	1	1
5 4955	1 3025	1	1
5 4955	1 650	1	1
5 4955	1 4009	1	1
5 4955	4 1016	1	1
5 4955	6 718	1	1
5 4955	6 4350	1	1
5 4956	5 422	1	1
5 4956	5 3326	1	1
5 4956	7 1492	1	1
5 4956	6 3769	1	1
5 4956	7 4524	1	1
5 4956	6 1541	1	1
5 4957	5 2112	1	1
5 4957	2 81	1	1
5 4957	0 4297	1	1
5 4957	7 489	1	1
5 4957	7 3457	1	1
5 4957	2 184	1	1
5 4958	1 2987	1	1
5 4958	0 1275	1	1
5 4958	3 4835	1	1
5 4958	0 1649	1	1
5 4958	6 3849	1	1
5 4958	3 3114	1	1
5 4959	2 3502	1	1
5 4959	2 3955	1	1
5 4959	0 1122	1	1
5 4959	3 3580	1	1
5 4959	1 2451	1	1
5 4959	2 1157	1	1
5 4960	5 1564	1	1
5 4960	4 3433	1	1
5 4960	4 2223	1	1
5 4960	1 3742	1	1
5 4960	0 2018	1	1
5 4960	7 1167	1	1
5 4961	5 2206	1	1
5 4961	1 1886	1	1
5 4961	3 2460	1	1
5 4961	7 1993	1	1
5 4961	6 2337	1	1
5 4961	2 2286	1	1
5 4962	4 2740	1	1
5 4962	6 2969	1	1
5 4962	4 2363	1	1
5 4962	6 474	1	1
5 4962	0 1344	1	1
5 4962	6 2019	1	1
5 4963	5 243	1	1
5 4963	5 1530	1	1
5 4963	1 2456	1	1
5 4963	2 938	1	1
5 4963	3 1583	1	1
5 4963	7 1352	1	1
5 4964	5 3318	1	1
5 4964	6 1836	1	1
5 4964	6 1950	1	1
5 4964	0 3693	1	1
5 4964	3 1612	1	1
5 4964	1 4594	1	1
5 4965	4 3500	1	1
5 4965	6 301	1	1
5 4965	2 4530	1	1
5 4965	2 427	1	1
5 4965	1 2391	1	1
5 4965	1 2255	1	1
5 4966	5 623	1	1
5 4966	6 2443	1	1
5 4966	0 617	1	1
5 4966	7 3120	1	1
5 4966	3 2838	1	1
5 4966	4 688	1	1
5 4967	7 2358	1	1
5 4967	6 3218	1	1
5 4967	4 1813	1	1
5 4967	7 4492	1	1
5 4967	2 2865	1	1
5 4967	0 3680	1	1
5 4968	5 4739	1	1
5 4968	5 2488	1	1
5 4968	7 2525	1	1
5 4968	6 1201	1	1
5 4968	4 2455	1	1
5 4968	2 2887	1	1
5 4969	5 447	1	1
5 4969	4 733	1	1
5 4969	3 705	1	1
5 4969	4 3648	1	1
5 4969	2 2910	1	1
5 4969	3 508	1	1
5 4970	5 4283	1	1
5 4970	5 3087	1	1
5 4970	5 2583	1	1
5 4970	7 4513	1	1
5 4970	2 1443	1	1
5 4970	6 238	1	1
5 4971	5 2196	1	1
5 4971	3 3104	1	1
5 4971	7 2241	1	1
5 4971	4 3518	1	1
5 4971	6 1949	1	1
5 4971	4 791	1	1
5 4972	1 646	1	1
5 4972	6 492	1	1
5 4972	3 1109	1	1
5 4972	0 4405	1	1
5 4972	6 2665	1	1
5 4972	4 532	1	1
5 4973	5 1323	1	1
5 4973	3 2052	1	1
5 4973	2 3239	1	1
5 4973	2 1681	1	1
5 4973	1 4178	1	1
5 4973	4 2820	1	1
5 4974	2 1753	1	1
5 4974	6 4755	1	1
5 4974	1 685	1	1
5 4974	6 3178	1	1
5 4974	6 419	1	1
5 4974	2 2583	1	1
5 4975	4 1169	1	1
5 4975	0 4998	1	1
5 4975	3 2471	1	1
5 4975	6 3353	1	1
5 4975	1 2222	1	1
5 4975	2 2744	1	1
5 4976	5 3508	1	1
5 4976	5 1432	1	1
5 4976	1 4612	1	1
5 4976	4 4503	1	1
5 4976	1 4358	1	1
5 4976	2 4111	1	1
5 4977	5 2478	1	1
5 4977	6 4690	1	1
5 4977	3 3230	1	1
5 4977	7 2799	1	1
5 4977	4 215	1	1
5 4977	3 3166	1	1
5 4978	0 1394	1	1
5 4978	7 2126	1	1
5 4978	3 603	1	1
5 4978	4 3513	1	1
5 4978	1 4346	1	1
5 4978	2 1606	1	1
5 4979	5 895	1	1
5 4979	5 88	1	1
5 4979	1 3268	1	1
5 4979	0 2919	1	1
5 4979	7 267	1	1
5 4979	4 3730	1	1
5 4980	4 4560	1	1
5 4980	7 114	1	1
5 4980	6 955	1	1
5 4980	3 230	1	1
5 4980	4 2139	1	1
5 4980	3 4912	1	1
5 4981	7 46	1	1
5 4981	4 1775	1	1
5 4981	1 2132	1	1
5 4981	1 4618	1	1
5 4981	1 4028	1	1
5 4981	6 1517	1	1
5 4982	6 1665	1	1
5 4982	4 4435	1	1
5 4982	6 2246	1	1
5 4982	2 4109	1	1
5 4982	6 983	1	1
5 4982	2 4096	1	1
5 4983	5 1472	1	1
5 4983	2 1028	1	1
5 4983	0 2297	1	1
5 4983	7 2757	1	1
5 4983	2 4010	1	1
5 4983	0 3649	1	1
5 4984	3 1112	1	1
5 4984	4 2900	1	1
5 4984	7 541	1	1
5 4984	4 1773	1	1
5 4984	4 4871	1	1
5 4984	7 1467	1	1
5 4985	5 2093	1	1
5 4985	0 2221	1	1
5 4985	6 3214	1	1
5 4985	3 3234	1	1
5 4985	6 1724	1	1
5 4985	1 2405	1	1
5 4986	7 2064	1	1
5 4986	6 3032	1	1
5 4986	2 3436	1	1
5 4986	1 790	1	1
5 4986	6 3833	1	1
5 4986	4 4025	1	1
5 4987	5 3634	1	1
5 4987	3 279	1	1
5 4987	3 3511	1	1
5 4987	3 3319	1	1
5 4987	4 4363	1	1
5 4987	4 3695	1	1
5 4988	4 1914	1	1
5 4988	1 163	1	1
5 4988	2 4571	1	1
5 4988	1 4066	1	1
5 4988	7 662	1	1
5 4988	3 4234	1	1
5 4989	5 2606	1	1
5 4989	7 4863	1	1
5 4989	1 2187	1	1
5 4989	6 4259	1	1
5 4989	1 1411	1	1
5 4989	1 1593	1	1
5 4990	4 51	1	1
5 4990	0 865	1	1
5 4990	2 1880	1	1
5 4990	7 1673	1	1
5 4990	2 1029	1	1
5 4990	7 3035	1	1
5 4991	5 2777	1	1
5 4991	2 1994	1	1
5 4991	2 1250	1	1
5 4991	6 1559	1	1
5 4991	6 347	1	1
5 4991	1 3855	1	1
5 4992	2 3647	1	1
5 4992	0 376	1	1
5 4992	2 4108	1	1
5 4992	6 4720	1	1
5 4992	0 4025	1	1
5 4992	1 3882	1	1
5 4993	5 2801	1	1
5 4993	5 335	1	1
5 4993	2 1979	1	1
5 4993	2 4028	1	1
5 4993	4 4554	1	1
5 4993	6 4703	1	1
5 4994	5 184	1	1
5 4994	4 197	1	1
5 4994	0 4347	1	1
5 4994	7 4442	1	1
5 4994	0 601	1	1
5 4994	6 3146	1	1
5 4995	2 3343	1	1
5 4995	4 1723	1	1
5 4995	6 3866	1	1
5 4995	4 1996	1	1
5 4995	7 3599	1	1
5 4995	7 1535	1	1
5 4996	0 2887	1	1
5 4996	1 3906	1	1
5 4996	3 1504	1	1
5 4996	2 3365	1	1
5 4996	6 4704	1	1
5 4996	4 3848	1	1
5 4997	5 1060	1	1
5 4997	5 4252	1	1
5 4997	0 4689	1	1
5 4997	2 3667	1	1
5 4997	3 3672	1	1
5 4997	4 2150	1	1
5 4998	1 226	1	1
5 4998	3 2289	1	1
5 4998	0 3192	1	1
5 4998	0 3324	1	1
5 4998	3 156	1	1
5 4998	4 606	1	1
5 4999	3 4327	1	1
5 4999	2 975	1	1
5 4999	6 2719	1	1
5 4999	0 2488	1	1
5 4999	2 1124	1	1
5 4999	3 2738	1	1
5 5000	5 3360	1	1
5 5000	1 3220	1	1
5 5000	7 1185	1	1
5 5000	7 2970	1	1
5 5000	1 1702	1	1
5 5000	4 4205	1	1

