# Total number neurons: 4000
# Local number neurons: 1000
# Number MPI ranks: 4
# Current simulation step: 1003
# <target rank> <target neuron id>	<source rank> <source neuron id>	<weight>	<plastic>
1 1	1 338	1	1
1 1	1 26	1	1
1 1	1 304	1	1
1 1	1 951	1	1
1 1	0 959	1	1
1 1	2 259	1	1
1 1	3 913	1	1
1 1	0 648	1	1
1 1	3 349	1	1
1 1	2 553	1	1
1 1	0 766	1	1
1 1	2 836	1	1
1 1	0 391	1	1
1 1	3 817	1	1
1 1	2 411	1	1
1 1	0 53	1	1
1 1	0 476	1	1
1 2	1 847	1	1
1 2	1 50	1	1
1 2	1 718	1	1
1 2	1 607	1	1
1 2	1 269	1	1
1 2	1 793	1	1
1 2	0 94	1	1
1 2	0 110	1	1
1 2	2 845	1	1
1 2	3 178	1	1
1 2	0 722	1	1
1 2	0 648	1	1
1 2	2 39	1	1
1 2	0 644	1	1
1 2	3 828	1	1
1 2	0 197	1	1
1 2	3 501	1	1
1 3	1 387	1	1
1 3	1 788	1	1
1 3	1 297	1	1
1 3	1 610	1	1
1 3	3 331	1	1
1 3	2 220	1	1
1 3	2 182	1	1
1 3	3 75	1	1
1 3	3 825	1	1
1 3	3 886	1	1
1 3	3 348	1	1
1 3	0 681	1	1
1 3	0 146	1	1
1 3	0 753	1	1
1 3	0 917	1	1
1 3	0 199	1	1
1 3	3 563	1	1
1 4	1 12	1	1
1 4	1 215	1	1
1 4	1 454	1	1
1 4	1 709	1	1
1 4	1 538	1	1
1 4	0 281	1	1
1 4	3 419	1	1
1 4	0 580	1	1
1 4	0 656	1	1
1 4	0 31	1	1
1 4	3 493	1	1
1 4	2 241	1	1
1 4	3 168	1	1
1 4	3 113	1	1
1 4	0 510	1	1
1 4	2 261	1	1
1 4	0 783	1	1
1 5	1 696	1	1
1 5	1 40	1	1
1 5	1 765	1	1
1 5	3 929	1	1
1 5	3 495	1	1
1 5	2 621	1	1
1 5	0 900	1	1
1 5	0 731	1	1
1 5	3 628	1	1
1 5	2 941	1	1
1 5	0 481	1	1
1 5	0 511	1	1
1 5	2 663	1	1
1 5	2 451	1	1
1 5	0 950	1	1
1 5	0 652	1	1
1 5	3 111	1	1
1 6	1 78	1	1
1 6	1 91	1	1
1 6	1 185	1	1
1 6	1 903	1	1
1 6	3 583	1	1
1 6	2 140	1	1
1 6	3 551	1	1
1 6	0 910	1	1
1 6	0 845	1	1
1 6	0 642	1	1
1 6	3 52	1	1
1 6	3 347	1	1
1 6	0 329	1	1
1 6	0 441	1	1
1 6	3 134	1	1
1 6	3 578	1	1
1 6	3 575	1	1
1 7	1 269	1	1
1 7	1 422	1	1
1 7	1 395	1	1
1 7	3 804	1	1
1 7	0 917	1	1
1 7	0 101	1	1
1 7	0 891	1	1
1 7	2 962	1	1
1 7	3 345	1	1
1 7	2 311	1	1
1 7	0 130	1	1
1 7	3 567	1	1
1 7	3 813	1	1
1 7	3 6	1	1
1 7	2 102	1	1
1 7	3 39	1	1
1 7	2 599	1	1
1 8	1 852	1	1
1 8	1 827	1	1
1 8	3 36	1	1
1 8	3 594	1	1
1 8	2 334	1	1
1 8	0 172	1	1
1 8	3 941	1	1
1 8	0 264	1	1
1 8	0 746	1	1
1 8	2 572	1	1
1 8	0 383	1	1
1 8	2 200	1	1
1 8	3 209	1	1
1 8	0 45	1	1
1 8	3 924	1	1
1 8	2 820	1	1
1 8	3 451	1	1
1 9	1 92	1	1
1 9	1 779	1	1
1 9	0 233	1	1
1 9	3 428	1	1
1 9	0 393	1	1
1 9	0 345	1	1
1 9	2 80	1	1
1 9	3 123	1	1
1 9	0 205	1	1
1 9	2 644	1	1
1 9	3 569	1	1
1 9	2 745	1	1
1 9	3 443	1	1
1 9	2 997	1	1
1 9	3 81	1	1
1 9	2 565	1	1
1 9	3 736	1	1
1 10	1 709	1	1
1 10	1 429	1	1
1 10	1 833	1	1
1 10	1 245	1	1
1 10	2 271	1	1
1 10	2 505	1	1
1 10	2 777	1	1
1 10	0 726	1	1
1 10	2 402	1	1
1 10	3 759	1	1
1 10	2 100	1	1
1 10	3 748	1	1
1 10	2 854	1	1
1 10	0 592	1	1
1 10	3 924	1	1
1 10	2 456	1	1
1 10	3 8	1	1
1 11	1 221	1	1
1 11	1 149	1	1
1 11	1 517	1	1
1 11	1 392	1	1
1 11	1 749	1	1
1 11	1 204	1	1
1 11	3 514	1	1
1 11	2 703	1	1
1 11	2 825	1	1
1 11	2 236	1	1
1 11	0 837	1	1
1 11	3 643	1	1
1 11	2 157	1	1
1 11	3 236	1	1
1 11	3 307	1	1
1 11	0 800	1	1
1 11	3 566	1	1
1 12	1 547	1	1
1 12	1 928	1	1
1 12	1 558	1	1
1 12	1 480	1	1
1 12	1 21	1	1
1 12	2 678	1	1
1 12	0 440	1	1
1 12	0 816	1	1
1 12	3 45	1	1
1 12	3 672	1	1
1 12	3 80	1	1
1 12	3 150	1	1
1 12	2 902	1	1
1 12	2 594	1	1
1 12	3 135	1	1
1 12	2 951	1	1
1 12	2 456	1	1
1 13	1 822	1	1
1 13	1 122	1	1
1 13	1 750	1	1
1 13	1 896	1	1
1 13	1 509	1	1
1 13	3 748	1	1
1 13	0 709	1	1
1 13	2 679	1	1
1 13	3 761	1	1
1 13	0 334	1	1
1 13	3 919	1	1
1 13	2 824	1	1
1 13	2 984	1	1
1 13	0 782	1	1
1 13	3 931	1	1
1 13	3 938	1	1
1 13	3 517	1	1
1 14	1 719	1	1
1 14	1 135	1	1
1 14	1 415	1	1
1 14	3 87	1	1
1 14	0 99	1	1
1 14	0 253	1	1
1 14	3 408	1	1
1 14	3 261	1	1
1 14	0 248	1	1
1 14	3 844	1	1
1 14	0 559	1	1
1 14	0 853	1	1
1 14	0 234	1	1
1 14	0 612	1	1
1 14	2 492	1	1
1 14	2 977	1	1
1 14	0 828	1	1
1 15	1 885	1	1
1 15	1 154	1	1
1 15	1 953	1	1
1 15	1 503	1	1
1 15	1 65	1	1
1 15	2 828	1	1
1 15	2 80	1	1
1 15	3 85	1	1
1 15	3 215	1	1
1 15	3 106	1	1
1 15	0 552	1	1
1 15	2 927	1	1
1 15	3 351	1	1
1 15	0 924	1	1
1 15	0 951	1	1
1 15	2 982	1	1
1 15	0 960	1	1
1 16	1 958	1	1
1 16	1 690	1	1
1 16	1 506	1	1
1 16	2 222	1	1
1 16	3 847	1	1
1 16	2 880	1	1
1 16	2 840	1	1
1 16	0 155	1	1
1 16	2 301	1	1
1 16	2 679	1	1
1 16	0 470	1	1
1 16	3 375	1	1
1 16	2 111	1	1
1 16	2 382	1	1
1 16	2 36	1	1
1 16	0 545	1	1
1 16	3 924	1	1
1 17	1 447	1	1
1 17	1 321	1	1
1 17	1 411	1	1
1 17	1 746	1	1
1 17	1 157	1	1
1 17	1 660	1	1
1 17	3 844	1	1
1 17	2 195	1	1
1 17	0 974	1	1
1 17	3 648	1	1
1 17	0 199	1	1
1 17	2 399	1	1
1 17	3 125	1	1
1 17	2 426	1	1
1 17	3 841	1	1
1 17	2 581	1	1
1 17	3 517	1	1
1 18	1 509	1	1
1 18	1 292	1	1
1 18	1 919	1	1
1 18	1 158	2	1
1 18	0 33	1	1
1 18	0 221	1	1
1 18	2 391	1	1
1 18	3 934	1	1
1 18	2 420	1	1
1 18	0 566	1	1
1 18	3 141	1	1
1 18	2 642	1	1
1 18	2 369	1	1
1 18	0 623	1	1
1 18	3 27	1	1
1 18	2 889	1	1
1 19	1 507	1	1
1 19	1 392	1	1
1 19	1 824	1	1
1 19	2 151	1	1
1 19	2 152	1	1
1 19	3 33	1	1
1 19	0 847	1	1
1 19	0 368	1	1
1 19	2 351	1	1
1 19	0 600	1	1
1 19	0 305	1	1
1 19	3 462	1	1
1 19	3 695	1	1
1 19	0 882	1	1
1 19	0 945	1	1
1 19	2 891	1	1
1 19	2 368	1	1
1 20	1 269	1	1
1 20	1 858	1	1
1 20	1 402	1	1
1 20	1 719	1	1
1 20	1 977	1	1
1 20	1 267	1	1
1 20	1 36	1	1
1 20	0 498	1	1
1 20	0 504	1	1
1 20	2 974	1	1
1 20	3 641	1	1
1 20	3 615	1	1
1 20	0 455	1	1
1 20	3 785	1	1
1 20	2 174	1	1
1 20	0 641	1	1
1 20	2 80	1	1
1 21	1 312	1	1
1 21	1 962	1	1
1 21	1 284	1	1
1 21	1 293	1	1
1 21	1 766	1	1
1 21	1 172	1	1
1 21	1 507	1	1
1 21	0 224	1	1
1 21	0 604	1	1
1 21	2 640	1	1
1 21	3 791	1	1
1 21	3 544	1	1
1 21	3 818	1	1
1 21	2 532	1	1
1 21	0 705	1	1
1 21	2 725	1	1
1 21	3 778	1	1
1 22	1 480	1	1
1 22	1 734	1	1
1 22	1 637	1	1
1 22	1 704	1	1
1 22	1 377	1	1
1 22	0 41	1	1
1 22	2 949	1	1
1 22	0 351	1	1
1 22	2 945	1	1
1 22	2 92	1	1
1 22	0 37	1	1
1 22	0 720	1	1
1 22	3 947	1	1
1 22	2 312	1	1
1 22	3 640	1	1
1 22	3 57	1	1
1 22	0 639	1	1
1 23	1 956	1	1
1 23	1 525	1	1
1 23	1 804	1	1
1 23	2 58	1	1
1 23	0 8	1	1
1 23	2 173	1	1
1 23	3 685	1	1
1 23	3 354	1	1
1 23	2 393	1	1
1 23	0 723	1	1
1 23	0 461	1	1
1 23	3 554	1	1
1 23	3 639	1	1
1 23	2 980	1	1
1 23	3 916	1	1
1 23	2 625	1	1
1 23	3 152	1	1
1 24	1 232	1	1
1 24	1 115	1	1
1 24	1 447	1	1
1 24	1 882	1	1
1 24	1 675	1	1
1 24	1 50	1	1
1 24	2 157	1	1
1 24	3 310	1	1
1 24	0 123	1	1
1 24	0 365	1	1
1 24	2 227	1	1
1 24	0 928	1	1
1 24	0 692	1	1
1 24	0 596	1	1
1 24	0 867	1	1
1 24	2 29	1	1
1 24	0 823	1	1
1 25	1 496	1	1
1 25	1 506	1	1
1 25	1 51	1	1
1 25	0 809	1	1
1 25	2 850	1	1
1 25	2 134	1	1
1 25	3 3	1	1
1 25	2 472	1	1
1 25	2 422	1	1
1 25	3 690	1	1
1 25	2 977	1	1
1 25	2 877	1	1
1 25	2 130	1	1
1 25	2 608	1	1
1 25	3 697	1	1
1 25	3 444	1	1
1 25	2 7	1	1
1 26	1 256	1	1
1 26	1 643	1	1
1 26	1 345	1	1
1 26	1 207	1	1
1 26	1 411	1	1
1 26	1 999	1	1
1 26	1 186	1	1
1 26	2 297	1	1
1 26	3 847	1	1
1 26	3 884	1	1
1 26	0 884	1	1
1 26	2 905	1	1
1 26	2 975	1	1
1 26	2 640	1	1
1 26	3 711	1	1
1 26	0 880	1	1
1 26	2 897	1	1
1 27	1 481	1	1
1 27	3 185	1	1
1 27	0 439	1	1
1 27	3 686	1	1
1 27	2 716	1	1
1 27	2 224	1	1
1 27	3 53	1	1
1 27	3 260	1	1
1 27	3 120	1	1
1 27	0 794	1	1
1 27	2 282	1	1
1 27	3 200	1	1
1 27	3 669	1	1
1 27	2 607	1	1
1 27	3 827	1	1
1 27	2 635	1	1
1 27	3 362	1	1
1 28	1 433	1	1
1 28	1 678	1	1
1 28	1 475	1	1
1 28	1 357	1	1
1 28	1 763	1	1
1 28	2 467	1	1
1 28	0 520	1	1
1 28	3 385	1	1
1 28	0 720	1	1
1 28	2 854	1	1
1 28	0 523	1	1
1 28	0 114	1	1
1 28	3 172	1	1
1 28	2 97	1	1
1 28	3 714	1	1
1 28	3 742	1	1
1 28	3 143	1	1
1 29	1 407	1	1
1 29	1 538	1	1
1 29	1 489	1	1
1 29	1 676	1	1
1 29	2 773	1	1
1 29	3 579	1	1
1 29	3 506	1	1
1 29	3 106	1	1
1 29	2 832	1	1
1 29	3 771	1	1
1 29	2 70	1	1
1 29	3 717	1	1
1 29	0 482	1	1
1 29	0 15	1	1
1 29	0 402	1	1
1 29	2 500	1	1
1 29	0 140	1	1
1 30	1 441	1	1
1 30	1 719	1	1
1 30	1 649	1	1
1 30	1 920	1	1
1 30	0 465	1	1
1 30	2 128	1	1
1 30	0 509	1	1
1 30	0 774	1	1
1 30	3 133	1	1
1 30	3 175	1	1
1 30	2 413	1	1
1 30	3 645	1	1
1 30	2 376	1	1
1 30	3 196	1	1
1 30	3 210	1	1
1 30	0 921	1	1
1 30	0 907	1	1
1 31	1 380	1	1
1 31	1 742	1	1
1 31	1 825	1	1
1 31	0 298	1	1
1 31	3 780	1	1
1 31	3 32	1	1
1 31	2 540	1	1
1 31	0 814	1	1
1 31	0 25	1	1
1 31	3 564	1	1
1 31	3 637	1	1
1 31	3 109	1	1
1 31	3 714	1	1
1 31	3 740	1	1
1 31	2 506	1	1
1 31	0 176	1	1
1 31	3 217	1	1
1 32	1 620	1	1
1 32	1 113	1	1
1 32	1 535	1	1
1 32	1 925	1	1
1 32	1 943	1	1
1 32	1 736	1	1
1 32	1 558	1	1
1 32	3 78	1	1
1 32	2 179	1	1
1 32	3 259	1	1
1 32	2 743	1	1
1 32	0 620	1	1
1 32	3 957	1	1
1 32	3 27	1	1
1 32	2 151	1	1
1 32	2 370	1	1
1 32	3 691	1	1
1 33	1 36	1	1
1 33	1 576	1	1
1 33	3 346	1	1
1 33	0 349	1	1
1 33	0 369	1	1
1 33	0 26	1	1
1 33	3 17	1	1
1 33	3 989	1	1
1 33	3 246	1	1
1 33	3 146	1	1
1 33	2 231	1	1
1 33	3 411	1	1
1 33	0 821	1	1
1 33	3 171	1	1
1 33	2 547	1	1
1 33	3 280	1	1
1 33	2 526	1	1
1 34	1 820	1	1
1 34	1 370	1	1
1 34	1 463	1	1
1 34	1 32	1	1
1 34	2 558	1	1
1 34	0 776	1	1
1 34	2 782	1	1
1 34	0 69	1	1
1 34	3 714	1	1
1 34	3 995	1	1
1 34	2 965	1	1
1 34	3 418	1	1
1 34	2 787	1	1
1 34	2 784	1	1
1 34	2 596	1	1
1 34	2 157	1	1
1 34	3 373	1	1
1 35	1 508	1	1
1 35	1 890	1	1
1 35	1 435	1	1
1 35	1 639	1	1
1 35	1 397	1	1
1 35	1 862	1	1
1 35	1 221	1	1
1 35	1 715	1	1
1 35	0 219	1	1
1 35	3 129	1	1
1 35	3 905	1	1
1 35	0 832	1	1
1 35	2 507	1	1
1 35	2 382	1	1
1 35	0 947	1	1
1 35	0 895	1	1
1 35	2 996	1	1
1 36	1 236	1	1
1 36	1 907	1	1
1 36	1 24	1	1
1 36	1 749	1	1
1 36	1 332	1	1
1 36	0 187	1	1
1 36	3 703	1	1
1 36	2 936	1	1
1 36	2 183	1	1
1 36	0 164	1	1
1 36	0 186	1	1
1 36	0 597	1	1
1 36	2 551	1	1
1 36	2 431	1	1
1 36	0 570	1	1
1 36	0 782	1	1
1 36	3 619	1	1
1 37	1 593	1	1
1 37	1 949	1	1
1 37	1 467	1	1
1 37	1 325	1	1
1 37	0 922	1	1
1 37	3 305	1	1
1 37	2 509	1	1
1 37	3 542	1	1
1 37	0 387	1	1
1 37	3 16	1	1
1 37	0 689	1	1
1 37	2 983	1	1
1 37	0 212	1	1
1 37	3 768	1	1
1 37	0 750	1	1
1 37	0 569	1	1
1 37	3 546	1	1
1 38	1 853	1	1
1 38	1 88	1	1
1 38	1 735	1	1
1 38	1 148	1	1
1 38	1 462	1	1
1 38	0 280	1	1
1 38	2 162	1	1
1 38	0 530	1	1
1 38	0 771	1	1
1 38	3 618	1	1
1 38	0 511	1	1
1 38	2 919	1	1
1 38	2 209	1	1
1 38	2 694	1	1
1 38	0 109	1	1
1 38	2 195	1	1
1 38	0 277	1	1
1 39	1 15	1	1
1 39	1 570	1	1
1 39	2 546	1	1
1 39	3 398	1	1
1 39	3 92	1	1
1 39	0 42	1	1
1 39	0 427	1	1
1 39	3 885	1	1
1 39	3 622	1	1
1 39	0 854	1	1
1 39	0 411	1	1
1 39	3 432	1	1
1 39	2 896	1	1
1 39	0 825	1	1
1 39	2 794	1	1
1 39	0 39	1	1
1 39	3 39	1	1
1 40	1 602	1	1
1 40	1 757	1	1
1 40	1 4	1	1
1 40	1 45	1	1
1 40	0 727	1	1
1 40	3 215	1	1
1 40	0 473	1	1
1 40	3 325	1	1
1 40	0 756	1	1
1 40	0 990	1	1
1 40	2 980	1	1
1 40	0 462	1	1
1 40	2 795	1	1
1 40	2 953	1	1
1 40	3 414	1	1
1 40	2 229	1	1
1 40	3 529	1	1
1 41	1 365	1	1
1 41	1 449	1	1
1 41	1 536	1	1
1 41	1 238	1	1
1 41	1 943	1	1
1 41	1 896	1	1
1 41	1 787	1	1
1 41	1 997	1	1
1 41	1 723	1	1
1 41	3 518	1	1
1 41	0 710	1	1
1 41	3 824	1	1
1 41	3 89	1	1
1 41	3 772	1	1
1 41	3 40	1	1
1 41	0 194	1	1
1 41	2 494	1	1
1 42	1 139	1	1
1 42	1 498	1	1
1 42	1 69	1	1
1 42	3 914	1	1
1 42	2 698	1	1
1 42	3 448	1	1
1 42	2 646	1	1
1 42	3 156	1	1
1 42	2 664	1	1
1 42	0 366	1	1
1 42	3 52	1	1
1 42	2 176	1	1
1 42	2 717	1	1
1 42	0 890	1	1
1 42	0 840	1	1
1 42	2 345	1	1
1 42	3 685	1	1
1 43	1 152	1	1
1 43	1 177	1	1
1 43	1 105	1	1
1 43	1 385	1	1
1 43	1 733	1	1
1 43	0 250	1	1
1 43	2 602	1	1
1 43	3 19	1	1
1 43	2 358	1	1
1 43	2 30	1	1
1 43	3 175	1	1
1 43	0 644	1	1
1 43	2 90	1	1
1 43	3 992	1	1
1 43	3 918	1	1
1 43	3 556	1	1
1 43	0 706	1	1
1 44	1 418	1	1
1 44	1 569	1	1
1 44	1 237	1	1
1 44	1 683	1	1
1 44	1 89	1	1
1 44	2 199	1	1
1 44	3 624	1	1
1 44	3 583	1	1
1 44	0 942	1	1
1 44	0 218	1	1
1 44	0 475	1	1
1 44	2 697	1	1
1 44	3 862	1	1
1 44	2 936	1	1
1 44	2 356	1	1
1 44	3 707	1	1
1 44	0 676	1	1
1 45	1 224	1	1
1 45	1 942	1	1
1 45	1 435	1	1
1 45	1 276	1	1
1 45	1 50	1	1
1 45	3 719	1	1
1 45	2 875	1	1
1 45	3 432	1	1
1 45	0 432	1	1
1 45	3 636	1	1
1 45	2 330	1	1
1 45	3 287	1	1
1 45	3 104	1	1
1 45	2 829	1	1
1 45	2 774	1	1
1 45	0 454	1	1
1 45	2 471	1	1
1 46	1 875	1	1
1 46	1 575	1	1
1 46	1 913	1	1
1 46	1 921	1	1
1 46	3 187	1	1
1 46	0 223	1	1
1 46	2 150	1	1
1 46	2 347	1	1
1 46	0 687	1	1
1 46	2 524	1	1
1 46	2 759	1	1
1 46	0 454	1	1
1 46	2 363	1	1
1 46	3 981	1	1
1 46	2 77	1	1
1 46	2 40	1	1
1 46	3 380	1	1
1 47	1 293	1	1
1 47	1 741	1	1
1 47	1 311	1	1
1 47	1 982	1	1
1 47	0 806	1	1
1 47	3 562	1	1
1 47	0 816	1	1
1 47	3 272	1	1
1 47	0 555	1	1
1 47	2 123	1	1
1 47	3 575	1	1
1 47	2 86	1	1
1 47	0 671	1	1
1 47	3 5	1	1
1 47	0 460	1	1
1 47	3 411	1	1
1 47	3 291	1	1
1 48	1 809	1	1
1 48	1 109	1	1
1 48	1 112	1	1
1 48	2 190	1	1
1 48	0 613	1	1
1 48	3 143	1	1
1 48	0 180	1	1
1 48	0 320	1	1
1 48	2 539	1	1
1 48	2 349	1	1
1 48	0 674	1	1
1 48	0 363	1	1
1 48	0 104	1	1
1 48	3 450	1	1
1 48	3 400	1	1
1 48	0 214	1	1
1 48	3 521	1	1
1 49	1 119	1	1
1 49	1 722	1	1
1 49	1 658	1	1
1 49	1 706	1	1
1 49	1 493	1	1
1 49	1 155	1	1
1 49	0 514	1	1
1 49	2 410	1	1
1 49	0 167	1	1
1 49	0 52	1	1
1 49	2 684	1	1
1 49	2 917	1	1
1 49	0 200	1	1
1 49	0 990	1	1
1 49	2 145	1	1
1 49	0 505	1	1
1 49	3 323	1	1
1 50	1 173	1	1
1 50	1 678	1	1
1 50	1 264	1	1
1 50	2 191	1	1
1 50	3 5	1	1
1 50	0 168	1	1
1 50	3 393	1	1
1 50	0 596	1	1
1 50	2 113	1	1
1 50	2 656	1	1
1 50	2 595	1	1
1 50	3 123	1	1
1 50	0 849	1	1
1 50	2 827	1	1
1 50	2 50	1	1
1 50	2 678	1	1
1 50	3 591	1	1
1 51	1 343	1	1
1 51	1 638	1	1
1 51	1 979	1	1
1 51	1 101	1	1
1 51	1 198	1	1
1 51	1 44	1	1
1 51	3 907	1	1
1 51	2 945	1	1
1 51	2 546	1	1
1 51	0 761	1	1
1 51	2 692	1	1
1 51	3 208	1	1
1 51	0 464	1	1
1 51	0 67	1	1
1 51	2 873	1	1
1 51	2 940	1	1
1 51	2 900	1	1
1 52	1 38	1	1
1 52	1 898	1	1
1 52	1 408	1	1
1 52	0 238	1	1
1 52	0 618	1	1
1 52	2 988	1	1
1 52	0 507	1	1
1 52	0 779	1	1
1 52	2 428	1	1
1 52	3 61	1	1
1 52	0 434	1	1
1 52	0 463	1	1
1 52	0 195	1	1
1 52	3 282	1	1
1 52	0 959	1	1
1 52	0 247	1	1
1 52	3 149	1	1
1 53	1 562	1	1
1 53	1 661	1	1
1 53	1 182	1	1
1 53	1 970	1	1
1 53	0 632	1	1
1 53	0 240	1	1
1 53	0 255	1	1
1 53	3 187	1	1
1 53	0 141	1	1
1 53	3 92	1	1
1 53	3 531	1	1
1 53	0 21	1	1
1 53	2 573	1	1
1 53	0 848	1	1
1 53	0 428	1	1
1 53	3 581	1	1
1 53	3 397	1	1
1 54	1 890	1	1
1 54	1 305	1	1
1 54	1 170	1	1
1 54	2 647	1	1
1 54	2 272	1	1
1 54	3 828	1	1
1 54	2 828	1	1
1 54	2 408	1	1
1 54	3 696	1	1
1 54	2 576	1	1
1 54	2 297	1	1
1 54	3 861	1	1
1 54	3 502	1	1
1 54	0 22	1	1
1 54	3 910	1	1
1 54	3 382	1	1
1 54	2 539	1	1
1 55	1 840	1	1
1 55	1 808	1	1
1 55	1 971	1	1
1 55	1 329	1	1
1 55	1 998	1	1
1 55	0 10	1	1
1 55	2 128	1	1
1 55	3 961	1	1
1 55	2 404	1	1
1 55	3 740	1	1
1 55	0 554	1	1
1 55	0 25	1	1
1 55	2 410	1	1
1 55	0 669	1	1
1 55	2 758	1	1
1 55	0 964	1	1
1 55	2 315	1	1
1 56	1 142	1	1
1 56	1 702	1	1
1 56	1 450	1	1
1 56	0 383	1	1
1 56	2 872	1	1
1 56	2 953	1	1
1 56	3 745	1	1
1 56	2 764	1	1
1 56	2 768	1	1
1 56	3 678	1	1
1 56	2 624	1	1
1 56	3 524	1	1
1 56	3 830	1	1
1 56	2 32	1	1
1 56	3 441	1	1
1 56	3 808	1	1
1 56	3 210	1	1
1 57	1 644	1	1
1 57	1 177	1	1
1 57	1 285	1	1
1 57	1 296	1	1
1 57	1 589	1	1
1 57	1 283	1	1
1 57	1 777	1	1
1 57	3 412	1	1
1 57	3 168	1	1
1 57	2 759	1	1
1 57	3 225	1	1
1 57	0 369	1	1
1 57	2 576	1	1
1 57	3 722	1	1
1 57	3 138	1	1
1 57	0 284	1	1
1 57	2 184	1	1
1 58	1 109	1	1
1 58	2 66	1	1
1 58	3 337	1	1
1 58	2 224	1	1
1 58	2 714	1	1
1 58	0 801	1	1
1 58	0 15	1	1
1 58	0 979	1	1
1 58	2 10	1	1
1 58	2 448	1	1
1 58	2 981	1	1
1 58	3 58	1	1
1 58	2 220	1	1
1 58	0 595	1	1
1 58	2 770	1	1
1 58	3 909	1	1
1 58	0 600	1	1
1 59	1 83	1	1
1 59	1 990	1	1
1 59	1 330	1	1
1 59	1 271	1	1
1 59	1 293	1	1
1 59	2 780	1	1
1 59	2 325	1	1
1 59	0 314	1	1
1 59	2 539	1	1
1 59	3 177	1	1
1 59	2 490	1	1
1 59	2 971	1	1
1 59	0 989	1	1
1 59	2 181	1	1
1 59	3 8	1	1
1 59	3 613	1	1
1 59	0 401	1	1
1 60	1 180	1	1
1 60	1 382	1	1
1 60	1 104	1	1
1 60	1 282	1	1
1 60	1 614	1	1
1 60	1 308	1	1
1 60	1 814	1	1
1 60	3 264	1	1
1 60	3 419	1	1
1 60	3 891	1	1
1 60	0 490	1	1
1 60	3 58	1	1
1 60	0 515	1	1
1 60	3 722	1	1
1 60	3 454	1	1
1 60	0 53	1	1
1 60	3 47	1	1
1 61	1 212	1	1
1 61	1 809	1	1
1 61	1 458	1	1
1 61	1 378	1	1
1 61	1 559	1	1
1 61	1 690	1	1
1 61	2 913	1	1
1 61	0 958	1	1
1 61	2 406	1	1
1 61	3 925	1	1
1 61	3 590	1	1
1 61	0 540	1	1
1 61	3 65	1	1
1 61	0 82	1	1
1 61	0 565	1	1
1 61	2 193	1	1
1 61	3 585	1	1
1 62	1 244	1	1
1 62	1 350	1	1
1 62	1 57	1	1
1 62	1 93	1	1
1 62	1 22	1	1
1 62	2 723	1	1
1 62	2 756	1	1
1 62	2 863	1	1
1 62	0 703	1	1
1 62	2 401	1	1
1 62	3 901	1	1
1 62	0 204	1	1
1 62	3 670	1	1
1 62	2 32	1	1
1 62	3 112	1	1
1 62	3 435	1	1
1 62	2 667	1	1
1 63	1 56	1	1
1 63	1 105	1	1
1 63	1 381	1	1
1 63	1 338	1	1
1 63	1 90	1	1
1 63	3 754	1	1
1 63	0 336	1	1
1 63	0 304	1	1
1 63	3 242	1	1
1 63	2 999	1	1
1 63	3 5	1	1
1 63	2 149	1	1
1 63	0 742	1	1
1 63	2 307	1	1
1 63	2 19	1	1
1 63	2 991	1	1
1 63	2 350	1	1
1 64	1 784	1	1
1 64	1 125	1	1
1 64	1 53	1	1
1 64	1 209	1	1
1 64	1 666	1	1
1 64	1 509	1	1
1 64	2 408	1	1
1 64	2 76	1	1
1 64	3 310	1	1
1 64	3 511	1	1
1 64	3 332	1	1
1 64	2 822	1	1
1 64	2 709	1	1
1 64	2 954	1	1
1 64	2 200	1	1
1 64	3 940	1	1
1 64	2 437	1	1
1 65	1 993	1	1
1 65	1 608	1	1
1 65	1 129	1	1
1 65	1 128	1	1
1 65	1 114	1	1
1 65	1 867	1	1
1 65	1 192	1	1
1 65	2 886	1	1
1 65	0 196	1	1
1 65	2 665	1	1
1 65	2 513	1	1
1 65	2 670	1	1
1 65	0 511	1	1
1 65	0 15	1	1
1 65	2 619	1	1
1 65	2 714	1	1
1 65	0 168	1	1
1 66	1 317	1	1
1 66	1 467	1	1
1 66	1 594	1	1
1 66	3 911	1	1
1 66	0 464	1	1
1 66	0 944	1	1
1 66	2 271	1	1
1 66	0 734	1	1
1 66	0 124	1	1
1 66	3 896	1	1
1 66	3 794	1	1
1 66	3 848	1	1
1 66	0 248	1	1
1 66	2 209	1	1
1 66	2 167	1	1
1 66	3 125	1	1
1 66	3 4	1	1
1 67	1 247	1	1
1 67	1 20	1	1
1 67	1 117	1	1
1 67	1 819	1	1
1 67	1 425	1	1
1 67	3 589	1	1
1 67	0 472	1	1
1 67	0 41	1	1
1 67	2 679	1	1
1 67	3 241	1	1
1 67	2 829	1	1
1 67	2 995	1	1
1 67	3 848	1	1
1 67	0 156	1	1
1 67	3 310	1	1
1 67	2 311	1	1
1 67	3 326	1	1
1 68	1 510	1	1
1 68	1 726	1	1
1 68	1 991	1	1
1 68	1 778	1	1
1 68	1 37	1	1
1 68	3 896	1	1
1 68	0 343	1	1
1 68	2 883	1	1
1 68	3 775	1	1
1 68	2 817	1	1
1 68	2 91	1	1
1 68	0 505	1	1
1 68	2 397	1	1
1 68	0 395	1	1
1 68	0 682	1	1
1 68	0 648	1	1
1 68	2 738	1	1
1 69	1 977	1	1
1 69	1 856	1	1
1 69	1 199	1	1
1 69	1 831	1	1
1 69	1 719	1	1
1 69	2 997	1	1
1 69	3 58	1	1
1 69	3 181	1	1
1 69	3 410	1	1
1 69	2 855	1	1
1 69	2 856	1	1
1 69	3 741	1	1
1 69	2 13	1	1
1 69	2 45	1	1
1 69	3 146	1	1
1 69	2 739	1	1
1 69	3 342	1	1
1 70	1 276	1	1
1 70	1 365	1	1
1 70	1 666	1	1
1 70	1 777	1	1
1 70	1 932	1	1
1 70	3 708	1	1
1 70	3 793	1	1
1 70	3 830	1	1
1 70	2 775	1	1
1 70	2 571	1	1
1 70	0 35	1	1
1 70	3 368	1	1
1 70	0 355	1	1
1 70	3 1	1	1
1 70	3 823	1	1
1 70	0 41	1	1
1 70	2 777	1	1
1 71	1 944	1	1
1 71	1 5	1	1
1 71	2 201	1	1
1 71	2 529	1	1
1 71	3 523	1	1
1 71	3 755	1	1
1 71	3 570	1	1
1 71	2 337	1	1
1 71	3 860	1	1
1 71	2 238	1	1
1 71	0 692	1	1
1 71	2 348	1	1
1 71	0 751	1	1
1 71	2 553	1	1
1 71	2 483	1	1
1 71	2 458	1	1
1 71	3 118	1	1
1 72	1 546	1	1
1 72	1 263	1	1
1 72	1 922	1	1
1 72	2 272	1	1
1 72	0 265	1	1
1 72	0 89	1	1
1 72	0 620	1	1
1 72	2 865	1	1
1 72	0 396	1	1
1 72	2 906	1	1
1 72	0 907	1	1
1 72	0 232	1	1
1 72	2 579	1	1
1 72	2 11	1	1
1 72	2 217	1	1
1 72	0 718	1	1
1 72	2 285	1	1
1 73	1 578	1	1
1 73	1 207	1	1
1 73	1 971	1	1
1 73	1 132	1	1
1 73	0 450	1	1
1 73	0 172	1	1
1 73	3 611	1	1
1 73	2 522	1	1
1 73	3 780	1	1
1 73	2 759	1	1
1 73	0 241	1	1
1 73	0 212	1	1
1 73	3 101	1	1
1 73	0 385	1	1
1 73	2 208	1	1
1 73	3 433	1	1
1 73	0 165	1	1
1 74	1 768	1	1
1 74	1 354	1	1
1 74	1 831	1	1
1 74	2 555	1	1
1 74	2 438	1	1
1 74	0 708	1	1
1 74	3 743	1	1
1 74	0 918	1	1
1 74	3 193	1	1
1 74	2 344	1	1
1 74	2 863	1	1
1 74	2 706	1	1
1 74	3 799	1	1
1 74	0 136	1	1
1 74	2 978	1	1
1 74	2 625	1	1
1 74	2 111	1	1
1 75	1 740	1	1
1 75	1 390	1	1
1 75	1 489	1	1
1 75	3 216	1	1
1 75	3 91	1	1
1 75	0 719	1	1
1 75	2 928	1	1
1 75	2 413	1	1
1 75	0 757	1	1
1 75	0 502	1	1
1 75	3 426	1	1
1 75	2 988	1	1
1 75	3 328	1	1
1 75	0 475	1	1
1 75	3 629	1	1
1 75	3 977	1	1
1 75	3 703	1	1
1 76	1 635	1	1
1 76	1 691	1	1
1 76	0 197	1	1
1 76	0 119	1	1
1 76	3 326	1	1
1 76	3 827	1	1
1 76	2 297	1	1
1 76	0 444	1	1
1 76	3 996	1	1
1 76	2 913	1	1
1 76	2 670	1	1
1 76	3 73	1	1
1 76	0 392	1	1
1 76	3 932	1	1
1 76	0 699	1	1
1 76	3 551	1	1
1 76	0 101	1	1
1 77	1 901	1	1
1 77	1 272	1	1
1 77	1 564	1	1
1 77	2 159	1	1
1 77	3 339	1	1
1 77	2 223	1	1
1 77	3 592	1	1
1 77	3 482	1	1
1 77	3 310	1	1
1 77	3 265	2	1
1 77	3 549	1	1
1 77	3 472	1	1
1 77	3 546	1	1
1 77	3 970	1	1
1 77	3 899	1	1
1 77	3 203	1	1
1 78	1 7	1	1
1 78	1 510	1	1
1 78	1 145	1	1
1 78	1 451	1	1
1 78	1 916	1	1
1 78	3 195	1	1
1 78	0 430	1	1
1 78	3 125	1	1
1 78	0 707	1	1
1 78	3 897	1	1
1 78	2 769	1	1
1 78	0 770	1	1
1 78	3 691	1	1
1 78	2 513	1	1
1 78	2 687	1	1
1 78	2 262	1	1
1 78	0 667	1	1
1 79	1 791	1	1
1 79	1 553	1	1
1 79	1 383	1	1
1 79	1 111	1	1
1 79	1 326	1	1
1 79	0 787	1	1
1 79	0 398	1	1
1 79	3 176	1	1
1 79	0 963	1	1
1 79	2 717	1	1
1 79	0 101	1	1
1 79	0 667	1	1
1 79	2 453	1	1
1 79	0 380	1	1
1 79	3 936	1	1
1 79	0 630	1	1
1 79	0 256	1	1
1 80	1 636	1	1
1 80	1 321	1	1
1 80	1 333	1	1
1 80	1 181	1	1
1 80	0 756	1	1
1 80	3 808	1	1
1 80	3 248	1	1
1 80	2 854	1	1
1 80	3 876	1	1
1 80	2 505	1	1
1 80	2 668	1	1
1 80	0 484	1	1
1 80	2 476	1	1
1 80	2 272	1	1
1 80	3 190	1	1
1 80	0 947	1	1
1 80	2 332	1	1
1 81	1 932	1	1
1 81	1 196	1	1
1 81	1 526	1	1
1 81	1 806	1	1
1 81	1 344	1	1
1 81	1 998	1	1
1 81	3 861	1	1
1 81	2 142	1	1
1 81	0 706	1	1
1 81	3 189	1	1
1 81	0 12	1	1
1 81	0 434	1	1
1 81	3 747	1	1
1 81	3 745	1	1
1 81	2 288	1	1
1 81	3 318	1	1
1 81	0 433	1	1
1 82	1 736	1	1
1 82	1 303	1	1
1 82	1 151	1	1
1 82	2 30	1	1
1 82	0 61	1	1
1 82	0 786	1	1
1 82	0 403	1	1
1 82	2 754	1	1
1 82	3 340	1	1
1 82	0 743	1	1
1 82	3 175	1	1
1 82	2 520	1	1
1 82	0 480	1	1
1 82	2 478	1	1
1 82	3 269	1	1
1 82	2 987	1	1
1 82	3 741	1	1
1 83	1 884	1	1
1 83	1 725	1	1
1 83	1 187	1	1
1 83	1 467	1	1
1 83	3 318	1	1
1 83	3 766	1	1
1 83	0 878	1	1
1 83	0 755	1	1
1 83	3 220	1	1
1 83	2 344	1	1
1 83	3 322	1	1
1 83	2 627	1	1
1 83	3 80	1	1
1 83	2 789	1	1
1 83	2 794	1	1
1 83	3 615	1	1
1 83	2 629	1	1
1 84	1 75	1	1
1 84	1 331	1	1
1 84	3 30	1	1
1 84	2 48	1	1
1 84	0 839	1	1
1 84	3 33	1	1
1 84	0 384	1	1
1 84	0 739	1	1
1 84	0 481	1	1
1 84	3 95	1	1
1 84	0 955	1	1
1 84	3 956	1	1
1 84	3 647	1	1
1 84	3 834	1	1
1 84	3 217	1	1
1 84	2 37	1	1
1 84	2 439	1	1
1 85	1 243	1	1
1 85	1 431	1	1
1 85	1 728	1	1
1 85	1 289	1	1
1 85	1 530	1	1
1 85	2 559	1	1
1 85	0 399	1	1
1 85	3 631	1	1
1 85	0 120	1	1
1 85	3 334	1	1
1 85	2 840	1	1
1 85	0 977	1	1
1 85	0 714	1	1
1 85	0 611	1	1
1 85	2 599	1	1
1 85	0 740	1	1
1 85	3 439	1	1
1 86	1 695	1	1
1 86	0 820	1	1
1 86	2 125	1	1
1 86	2 634	1	1
1 86	0 22	1	1
1 86	2 931	1	1
1 86	3 267	1	1
1 86	3 930	1	1
1 86	2 9	1	1
1 86	3 172	1	1
1 86	3 771	1	1
1 86	2 636	1	1
1 86	3 755	1	1
1 86	2 558	1	1
1 86	0 244	1	1
1 86	0 471	1	1
1 86	0 39	1	1
1 87	1 549	1	1
1 87	1 594	1	1
1 87	1 854	1	1
1 87	1 653	1	1
1 87	0 227	1	1
1 87	0 830	1	1
1 87	3 429	1	1
1 87	3 816	1	1
1 87	0 675	1	1
1 87	2 282	1	1
1 87	3 464	1	1
1 87	3 898	1	1
1 87	0 79	1	1
1 87	3 181	1	1
1 87	3 453	1	1
1 87	0 9	1	1
1 87	0 969	1	1
1 88	1 178	1	1
1 88	1 995	1	1
1 88	0 163	1	1
1 88	0 349	1	1
1 88	0 909	1	1
1 88	3 421	1	1
1 88	2 804	1	1
1 88	3 889	1	1
1 88	3 71	1	1
1 88	3 84	1	1
1 88	3 24	1	1
1 88	2 273	1	1
1 88	3 936	1	1
1 88	2 764	1	1
1 88	2 850	1	1
1 88	2 275	1	1
1 88	3 3	1	1
1 89	1 846	1	1
1 89	1 434	1	1
1 89	1 527	1	1
1 89	1 633	1	1
1 89	1 524	1	1
1 89	0 852	1	1
1 89	0 130	1	1
1 89	2 644	1	1
1 89	3 575	1	1
1 89	2 706	1	1
1 89	2 460	1	1
1 89	2 320	1	1
1 89	2 972	1	1
1 89	3 615	1	1
1 89	3 973	1	1
1 89	2 213	1	1
1 89	0 523	1	1
1 90	1 227	1	1
1 90	1 97	1	1
1 90	1 373	1	1
1 90	2 71	1	1
1 90	2 579	1	1
1 90	2 572	1	1
1 90	3 611	1	1
1 90	2 981	1	1
1 90	3 330	1	1
1 90	0 57	1	1
1 90	3 436	1	1
1 90	2 227	1	1
1 90	3 62	1	1
1 90	2 926	1	1
1 90	0 212	1	1
1 90	0 320	1	1
1 90	2 274	1	1
1 91	1 658	1	1
1 91	1 83	1	1
1 91	1 831	1	1
1 91	1 228	1	1
1 91	2 760	1	1
1 91	3 665	1	1
1 91	0 681	1	1
1 91	0 740	1	1
1 91	3 25	1	1
1 91	3 656	2	1
1 91	3 99	1	1
1 91	0 107	1	1
1 91	2 868	1	1
1 91	2 948	1	1
1 91	0 127	1	1
1 91	2 706	1	1
1 92	1 1000	1	1
1 92	1 475	1	1
1 92	1 967	1	1
1 92	1 80	1	1
1 92	3 682	1	1
1 92	3 473	1	1
1 92	2 218	1	1
1 92	0 520	1	1
1 92	2 333	1	1
1 92	3 737	1	1
1 92	2 672	1	1
1 92	3 550	1	1
1 92	3 530	1	1
1 92	2 197	1	1
1 92	0 302	1	1
1 92	3 138	1	1
1 92	2 434	1	1
1 93	1 324	1	1
1 93	1 890	1	1
1 93	1 436	1	1
1 93	1 325	1	1
1 93	1 588	1	1
1 93	0 726	1	1
1 93	0 733	1	1
1 93	3 364	1	1
1 93	3 413	1	1
1 93	3 582	1	1
1 93	0 31	1	1
1 93	3 878	1	1
1 93	0 778	1	1
1 93	2 226	1	1
1 93	0 281	1	1
1 93	0 622	1	1
1 93	3 142	1	1
1 94	1 76	1	1
1 94	1 929	1	1
1 94	2 97	1	1
1 94	0 665	1	1
1 94	3 626	1	1
1 94	0 386	1	1
1 94	3 698	1	1
1 94	0 452	1	1
1 94	0 88	1	1
1 94	3 794	1	1
1 94	0 444	1	1
1 94	3 329	1	1
1 94	0 928	1	1
1 94	3 158	1	1
1 94	0 366	1	1
1 94	3 253	1	1
1 94	2 367	1	1
1 95	1 557	1	1
1 95	1 29	1	1
1 95	2 796	1	1
1 95	2 785	1	1
1 95	3 73	1	1
1 95	0 31	1	1
1 95	0 77	1	1
1 95	3 71	1	1
1 95	2 991	1	1
1 95	3 651	1	1
1 95	2 401	1	1
1 95	0 804	1	1
1 95	3 16	1	1
1 95	0 508	1	1
1 95	3 930	1	1
1 95	3 569	1	1
1 95	2 196	1	1
1 96	1 892	1	1
1 96	1 748	1	1
1 96	1 488	1	1
1 96	1 726	1	1
1 96	3 683	1	1
1 96	0 886	1	1
1 96	2 374	1	1
1 96	0 975	1	1
1 96	3 240	1	1
1 96	0 559	1	1
1 96	3 675	1	1
1 96	2 879	1	1
1 96	2 161	1	1
1 96	2 182	1	1
1 96	0 446	1	1
1 96	0 191	1	1
1 96	0 947	1	1
1 97	1 688	1	1
1 97	1 602	1	1
1 97	1 691	1	1
1 97	2 807	1	1
1 97	2 618	1	1
1 97	0 594	1	1
1 97	0 228	1	1
1 97	3 493	1	1
1 97	3 466	1	1
1 97	3 311	1	1
1 97	2 673	1	1
1 97	3 769	1	1
1 97	3 594	1	1
1 97	2 677	1	1
1 97	0 153	1	1
1 97	2 938	1	1
1 97	0 2	1	1
1 98	1 225	1	1
1 98	1 401	1	1
1 98	1 337	1	1
1 98	1 749	1	1
1 98	1 181	1	1
1 98	1 507	1	1
1 98	0 690	1	1
1 98	2 783	1	1
1 98	0 194	1	1
1 98	0 783	1	1
1 98	2 773	1	1
1 98	0 440	1	1
1 98	0 647	1	1
1 98	2 195	1	1
1 98	3 913	1	1
1 98	0 585	1	1
1 98	3 194	1	1
1 99	1 52	1	1
1 99	1 299	1	1
1 99	1 688	1	1
1 99	1 623	1	1
1 99	3 133	1	1
1 99	3 236	1	1
1 99	3 358	1	1
1 99	3 518	1	1
1 99	3 175	1	1
1 99	2 901	1	1
1 99	0 344	1	1
1 99	2 300	1	1
1 99	3 859	1	1
1 99	2 565	1	1
1 99	3 296	1	1
1 99	0 763	1	1
1 99	2 217	1	1
1 100	1 814	1	1
1 100	1 967	1	1
1 100	1 632	1	1
1 100	1 248	1	1
1 100	0 511	1	1
1 100	0 873	1	1
1 100	2 975	1	1
1 100	3 275	1	1
1 100	3 875	1	1
1 100	2 854	1	1
1 100	0 894	1	1
1 100	0 197	1	1
1 100	3 389	1	1
1 100	0 561	1	1
1 100	3 956	1	1
1 100	0 543	1	1
1 100	2 272	1	1
1 101	1 398	1	1
1 101	1 642	1	1
1 101	1 324	1	1
1 101	0 760	1	1
1 101	2 316	1	1
1 101	3 972	1	1
1 101	3 87	1	1
1 101	2 676	1	1
1 101	0 93	1	1
1 101	2 93	1	1
1 101	2 870	1	1
1 101	2 849	1	1
1 101	0 674	1	1
1 101	2 910	1	1
1 101	3 446	1	1
1 101	2 215	1	1
1 101	2 336	1	1
1 102	1 697	1	1
1 102	1 766	1	1
1 102	1 31	1	1
1 102	1 960	1	1
1 102	1 321	1	1
1 102	1 847	1	1
1 102	1 900	1	1
1 102	3 333	1	1
1 102	2 222	1	1
1 102	3 650	1	1
1 102	2 970	1	1
1 102	3 479	1	1
1 102	0 863	1	1
1 102	2 405	1	1
1 102	2 659	1	1
1 102	3 887	1	1
1 102	3 996	1	1
1 103	1 68	1	1
1 103	1 208	1	1
1 103	0 446	1	1
1 103	3 868	1	1
1 103	2 622	1	1
1 103	2 385	1	1
1 103	0 660	1	1
1 103	0 783	1	1
1 103	0 543	1	1
1 103	3 579	1	1
1 103	3 462	1	1
1 103	2 705	1	1
1 103	3 284	1	1
1 103	2 553	1	1
1 103	2 480	1	1
1 103	3 641	1	1
1 103	0 328	1	1
1 104	1 807	1	1
1 104	1 652	1	1
1 104	1 592	1	1
1 104	1 627	1	1
1 104	3 386	1	1
1 104	0 952	1	1
1 104	2 66	1	1
1 104	0 722	1	1
1 104	3 323	1	1
1 104	2 584	1	1
1 104	3 299	1	1
1 104	3 464	1	1
1 104	3 958	1	1
1 104	2 757	1	1
1 104	0 865	1	1
1 104	2 48	1	1
1 104	3 501	1	1
1 105	1 801	1	1
1 105	1 985	1	1
1 105	3 630	1	1
1 105	3 10	1	1
1 105	2 801	1	1
1 105	3 950	1	1
1 105	3 589	1	1
1 105	0 505	1	1
1 105	0 366	1	1
1 105	3 730	1	1
1 105	2 343	1	1
1 105	2 712	1	1
1 105	2 171	1	1
1 105	0 802	1	1
1 105	3 182	1	1
1 105	0 581	1	1
1 105	2 247	1	1
1 106	1 27	2	1
1 106	1 181	1	1
1 106	1 929	1	1
1 106	1 650	1	1
1 106	3 36	1	1
1 106	2 323	1	1
1 106	3 968	1	1
1 106	2 762	1	1
1 106	3 990	1	1
1 106	0 694	1	1
1 106	2 212	1	1
1 106	0 217	1	1
1 106	3 526	1	1
1 106	0 699	1	1
1 106	0 408	1	1
1 106	2 692	1	1
1 107	1 181	1	1
1 107	1 95	1	1
1 107	1 725	1	1
1 107	0 610	1	1
1 107	2 908	1	1
1 107	2 197	1	1
1 107	2 259	1	1
1 107	0 858	1	1
1 107	0 253	1	1
1 107	2 519	1	1
1 107	2 341	1	1
1 107	3 569	1	1
1 107	3 552	1	1
1 107	2 81	1	1
1 107	0 904	1	1
1 107	0 507	1	1
1 107	2 214	1	1
1 108	1 865	1	1
1 108	1 167	1	1
1 108	1 964	1	1
1 108	1 572	1	1
1 108	1 217	1	1
1 108	0 593	1	1
1 108	3 878	1	1
1 108	3 834	1	1
1 108	3 569	1	1
1 108	3 880	1	1
1 108	3 344	1	1
1 108	3 993	1	1
1 108	2 150	1	1
1 108	2 774	1	1
1 108	3 264	1	1
1 108	0 394	1	1
1 108	0 729	1	1
1 109	1 690	1	1
1 109	1 122	1	1
1 109	1 947	1	1
1 109	1 48	1	1
1 109	1 16	1	1
1 109	1 492	1	1
1 109	1 81	1	1
1 109	1 389	1	1
1 109	0 324	1	1
1 109	0 578	1	1
1 109	0 882	1	1
1 109	0 562	1	1
1 109	2 671	1	1
1 109	0 77	1	1
1 109	0 804	1	1
1 109	3 939	1	1
1 109	0 817	1	1
1 110	1 388	1	1
1 110	1 40	1	1
1 110	1 174	1	1
1 110	1 53	1	1
1 110	0 965	1	1
1 110	2 562	1	1
1 110	0 617	1	1
1 110	0 870	1	1
1 110	0 347	1	1
1 110	0 66	1	1
1 110	3 872	1	1
1 110	2 117	1	1
1 110	2 370	1	1
1 110	2 164	1	1
1 110	3 334	1	1
1 110	3 170	1	1
1 110	0 817	1	1
1 111	1 200	1	1
1 111	2 294	1	1
1 111	3 897	1	1
1 111	0 290	1	1
1 111	2 791	1	1
1 111	3 623	1	1
1 111	0 834	1	1
1 111	3 470	1	1
1 111	3 283	1	1
1 111	0 934	1	1
1 111	3 751	1	1
1 111	2 200	1	1
1 111	3 203	1	1
1 111	3 255	1	1
1 111	2 596	1	1
1 111	3 993	1	1
1 111	2 165	1	1
1 112	1 866	1	1
1 112	1 791	1	1
1 112	1 951	1	1
1 112	1 794	1	1
1 112	3 510	1	1
1 112	3 306	1	1
1 112	3 516	1	1
1 112	0 80	1	1
1 112	0 887	1	1
1 112	3 963	1	1
1 112	3 807	1	1
1 112	0 721	1	1
1 112	2 375	1	1
1 112	3 205	1	1
1 112	0 502	1	1
1 112	0 355	1	1
1 112	2 846	1	1
1 113	1 197	1	1
1 113	1 684	1	1
1 113	1 414	1	1
1 113	1 535	1	1
1 113	1 704	1	1
1 113	1 861	1	1
1 113	3 222	1	1
1 113	0 872	1	1
1 113	3 58	1	1
1 113	0 727	1	1
1 113	3 681	1	1
1 113	3 594	1	1
1 113	3 1	1	1
1 113	0 491	1	1
1 113	2 547	1	1
1 113	0 989	1	1
1 113	0 65	1	1
1 114	1 109	1	1
1 114	1 702	1	1
1 114	1 683	1	1
1 114	1 214	1	1
1 114	1 984	1	1
1 114	1 629	1	1
1 114	0 489	1	1
1 114	3 767	1	1
1 114	3 21	1	1
1 114	0 972	1	1
1 114	0 651	1	1
1 114	3 236	1	1
1 114	0 766	1	1
1 114	0 272	1	1
1 114	0 668	1	1
1 114	2 177	1	1
1 114	3 472	1	1
1 115	1 195	1	1
1 115	1 426	1	1
1 115	1 765	1	1
1 115	1 140	1	1
1 115	3 492	1	1
1 115	2 628	1	1
1 115	2 690	1	1
1 115	0 74	1	1
1 115	0 70	1	1
1 115	2 234	1	1
1 115	0 832	1	1
1 115	0 502	1	1
1 115	0 577	1	1
1 115	0 44	1	1
1 115	2 878	1	1
1 115	2 21	1	1
1 115	0 613	1	1
1 116	1 159	1	1
1 116	1 936	1	1
1 116	1 576	1	1
1 116	1 525	1	1
1 116	1 68	1	1
1 116	1 886	1	1
1 116	3 988	1	1
1 116	3 983	1	1
1 116	3 641	1	1
1 116	3 827	1	1
1 116	2 145	1	1
1 116	2 462	1	1
1 116	3 592	1	1
1 116	3 594	1	1
1 116	0 638	1	1
1 116	2 957	1	1
1 116	3 980	1	1
1 117	1 478	1	1
1 117	1 716	1	1
1 117	1 615	1	1
1 117	1 160	1	1
1 117	1 757	1	1
1 117	1 808	1	1
1 117	0 325	1	1
1 117	0 84	1	1
1 117	0 836	1	1
1 117	3 936	1	1
1 117	0 832	1	1
1 117	2 230	1	1
1 117	0 889	1	1
1 117	3 909	1	1
1 117	3 457	1	1
1 117	0 182	1	1
1 117	0 679	1	1
1 118	1 680	1	1
1 118	1 962	1	1
1 118	1 416	1	1
1 118	1 638	1	1
1 118	1 271	1	1
1 118	1 485	1	1
1 118	1 849	1	1
1 118	1 447	1	1
1 118	1 566	1	1
1 118	0 928	1	1
1 118	2 97	1	1
1 118	0 784	1	1
1 118	0 641	1	1
1 118	0 758	1	1
1 118	3 348	1	1
1 118	0 616	1	1
1 118	0 322	1	1
1 119	1 661	1	1
1 119	1 569	1	1
1 119	1 46	1	1
1 119	1 320	1	1
1 119	1 10	1	1
1 119	0 695	1	1
1 119	0 471	1	1
1 119	3 467	1	1
1 119	3 94	1	1
1 119	0 222	1	1
1 119	3 34	1	1
1 119	0 532	1	1
1 119	0 384	1	1
1 119	0 724	1	1
1 119	0 872	1	1
1 119	3 600	1	1
1 119	3 967	1	1
1 120	1 123	1	1
1 120	1 622	1	1
1 120	1 650	1	1
1 120	1 414	1	1
1 120	1 258	1	1
1 120	1 704	1	1
1 120	0 850	1	1
1 120	2 945	1	1
1 120	3 112	1	1
1 120	2 235	1	1
1 120	3 445	1	1
1 120	0 303	1	1
1 120	3 796	1	1
1 120	2 299	1	1
1 120	2 869	1	1
1 120	2 423	1	1
1 120	3 24	1	1
1 121	1 236	1	1
1 121	1 758	1	1
1 121	1 604	1	1
1 121	1 160	1	1
1 121	1 464	1	1
1 121	2 775	1	1
1 121	2 126	1	1
1 121	0 177	1	1
1 121	2 20	1	1
1 121	0 298	1	1
1 121	2 771	1	1
1 121	0 39	1	1
1 121	2 618	1	1
1 121	2 982	1	1
1 121	3 103	1	1
1 121	3 483	1	1
1 121	2 184	1	1
1 122	1 921	1	1
1 122	1 732	1	1
1 122	1 902	1	1
1 122	1 477	1	1
1 122	1 98	1	1
1 122	0 744	1	1
1 122	3 988	1	1
1 122	2 600	1	1
1 122	0 24	1	1
1 122	2 536	1	1
1 122	0 856	1	1
1 122	3 269	1	1
1 122	3 451	1	1
1 122	3 909	1	1
1 122	3 473	1	1
1 122	2 392	1	1
1 122	0 715	1	1
1 123	1 989	1	1
1 123	1 332	1	1
1 123	1 402	1	1
1 123	1 320	1	1
1 123	2 296	1	1
1 123	0 852	1	1
1 123	2 124	1	1
1 123	0 189	1	1
1 123	0 374	1	1
1 123	2 526	1	1
1 123	2 927	1	1
1 123	0 642	1	1
1 123	3 610	1	1
1 123	2 396	1	1
1 123	0 103	1	1
1 123	3 119	1	1
1 123	0 411	1	1
1 124	1 811	1	1
1 124	1 971	1	1
1 124	3 462	1	1
1 124	3 804	1	1
1 124	3 431	1	1
1 124	2 501	1	1
1 124	3 325	1	1
1 124	2 940	1	1
1 124	0 505	1	1
1 124	0 838	1	1
1 124	0 191	1	1
1 124	0 962	1	1
1 124	0 859	1	1
1 124	3 155	1	1
1 124	3 289	1	1
1 124	3 360	1	1
1 124	0 56	1	1
1 125	1 785	1	1
1 125	1 678	1	1
1 125	1 600	1	1
1 125	1 841	1	1
1 125	2 314	1	1
1 125	2 132	1	1
1 125	3 335	1	1
1 125	3 1000	1	1
1 125	2 238	1	1
1 125	2 215	1	1
1 125	2 122	1	1
1 125	2 69	1	1
1 125	0 313	1	1
1 125	0 760	1	1
1 125	0 740	1	1
1 125	3 250	1	1
1 125	0 46	1	1
1 126	1 137	1	1
1 126	1 590	1	1
1 126	1 31	1	1
1 126	1 296	1	1
1 126	1 110	1	1
1 126	1 218	1	1
1 126	2 418	1	1
1 126	3 855	1	1
1 126	3 494	1	1
1 126	2 982	1	1
1 126	0 598	1	1
1 126	3 832	1	1
1 126	0 767	1	1
1 126	0 423	1	1
1 126	3 366	1	1
1 126	0 135	1	1
1 126	0 13	1	1
1 127	1 823	1	1
1 127	1 846	1	1
1 127	1 37	1	1
1 127	1 135	1	1
1 127	1 844	1	1
1 127	2 259	1	1
1 127	3 154	1	1
1 127	0 994	1	1
1 127	0 964	1	1
1 127	0 474	1	1
1 127	2 902	1	1
1 127	2 791	1	1
1 127	0 463	1	1
1 127	3 434	1	1
1 127	3 444	1	1
1 127	0 443	1	1
1 127	2 249	1	1
1 128	1 694	1	1
1 128	2 165	1	1
1 128	3 343	1	1
1 128	0 786	1	1
1 128	3 450	1	1
1 128	3 55	1	1
1 128	2 113	1	1
1 128	0 429	1	1
1 128	0 773	1	1
1 128	2 838	1	1
1 128	2 115	1	1
1 128	2 771	1	1
1 128	3 909	1	1
1 128	0 103	1	1
1 128	3 127	1	1
1 128	0 23	1	1
1 128	2 122	1	1
1 129	1 800	1	1
1 129	1 243	1	1
1 129	1 407	1	1
1 129	1 592	1	1
1 129	1 414	1	1
1 129	1 13	1	1
1 129	1 559	1	1
1 129	2 669	1	1
1 129	0 830	1	1
1 129	3 876	1	1
1 129	3 177	1	1
1 129	0 415	1	1
1 129	3 965	1	1
1 129	0 637	1	1
1 129	0 907	1	1
1 129	3 712	1	1
1 129	0 301	1	1
1 130	1 993	1	1
1 130	1 940	1	1
1 130	3 523	1	1
1 130	2 521	1	1
1 130	3 42	1	1
1 130	0 285	1	1
1 130	3 657	1	1
1 130	3 158	1	1
1 130	0 178	1	1
1 130	3 361	1	1
1 130	0 957	1	1
1 130	2 381	1	1
1 130	3 315	1	1
1 130	0 600	1	1
1 130	2 538	1	1
1 130	0 964	1	1
1 130	0 37	1	1
1 131	1 924	1	1
1 131	1 863	1	1
1 131	1 2	1	1
1 131	1 942	1	1
1 131	2 416	1	1
1 131	2 453	1	1
1 131	0 864	1	1
1 131	0 822	1	1
1 131	2 80	1	1
1 131	2 444	1	1
1 131	0 252	1	1
1 131	2 278	1	1
1 131	2 128	1	1
1 131	2 275	1	1
1 131	2 875	1	1
1 131	2 142	1	1
1 131	3 696	1	1
1 132	1 405	1	1
1 132	1 656	1	1
1 132	1 413	1	1
1 132	1 926	1	1
1 132	3 526	1	1
1 132	2 692	1	1
1 132	0 708	1	1
1 132	2 638	1	1
1 132	2 68	1	1
1 132	2 222	1	1
1 132	2 725	1	1
1 132	0 748	1	1
1 132	0 642	1	1
1 132	0 619	1	1
1 132	2 892	1	1
1 132	0 49	1	1
1 132	2 46	1	1
1 133	1 146	1	1
1 133	1 636	1	1
1 133	1 991	1	1
1 133	1 187	1	1
1 133	1 675	1	1
1 133	3 116	1	1
1 133	0 141	1	1
1 133	0 800	1	1
1 133	3 486	1	1
1 133	3 945	1	1
1 133	0 324	1	1
1 133	3 580	1	1
1 133	2 763	1	1
1 133	0 451	1	1
1 133	2 585	1	1
1 133	0 594	1	1
1 133	2 215	1	1
1 134	1 725	1	1
1 134	1 666	1	1
1 134	1 723	1	1
1 134	0 491	1	1
1 134	3 812	1	1
1 134	0 256	1	1
1 134	2 515	1	1
1 134	0 968	1	1
1 134	2 505	1	1
1 134	2 343	1	1
1 134	2 595	1	1
1 134	0 846	1	1
1 134	3 194	1	1
1 134	0 255	1	1
1 134	3 62	1	1
1 134	2 480	1	1
1 134	0 743	1	1
1 135	1 959	1	1
1 135	1 82	1	1
1 135	1 111	1	1
1 135	1 905	1	1
1 135	1 398	1	1
1 135	1 290	1	1
1 135	3 909	1	1
1 135	2 858	1	1
1 135	0 853	1	1
1 135	3 120	1	1
1 135	0 244	1	1
1 135	2 418	1	1
1 135	3 915	1	1
1 135	0 206	1	1
1 135	2 135	1	1
1 135	0 731	1	1
1 135	2 144	1	1
1 136	1 132	1	1
1 136	1 548	1	1
1 136	1 868	1	1
1 136	1 908	1	1
1 136	1 69	1	1
1 136	1 743	1	1
1 136	1 636	1	1
1 136	1 728	1	1
1 136	1 100	1	1
1 136	3 55	1	1
1 136	3 801	1	1
1 136	2 614	1	1
1 136	2 716	1	1
1 136	3 439	1	1
1 136	2 863	1	1
1 136	3 957	1	1
1 136	3 926	1	1
1 137	1 63	1	1
1 137	1 47	1	1
1 137	1 691	1	1
1 137	1 799	1	1
1 137	1 519	1	1
1 137	1 914	1	1
1 137	3 52	1	1
1 137	2 478	1	1
1 137	0 498	1	1
1 137	3 390	1	1
1 137	3 717	1	1
1 137	3 191	1	1
1 137	3 715	1	1
1 137	2 234	1	1
1 137	3 823	1	1
1 137	0 381	1	1
1 137	3 562	1	1
1 138	1 715	1	1
1 138	1 172	1	1
1 138	1 676	1	1
1 138	1 849	1	1
1 138	1 878	1	1
1 138	1 654	1	1
1 138	3 32	1	1
1 138	3 146	1	1
1 138	3 223	1	1
1 138	2 509	1	1
1 138	0 629	1	1
1 138	3 547	1	1
1 138	0 90	1	1
1 138	3 738	1	1
1 138	0 465	1	1
1 138	3 135	1	1
1 138	3 310	1	1
1 139	1 679	1	1
1 139	1 378	1	1
1 139	1 31	1	1
1 139	1 219	1	1
1 139	0 659	1	1
1 139	0 205	1	1
1 139	0 387	1	1
1 139	2 932	1	1
1 139	2 909	1	1
1 139	2 888	1	1
1 139	0 123	1	1
1 139	0 168	1	1
1 139	3 543	1	1
1 139	0 990	1	1
1 139	2 726	1	1
1 139	2 299	1	1
1 139	0 493	1	1
1 140	1 214	1	1
1 140	1 989	1	1
1 140	1 204	1	1
1 140	2 752	1	1
1 140	0 242	1	1
1 140	0 152	1	1
1 140	2 345	1	1
1 140	2 704	1	1
1 140	2 124	1	1
1 140	3 446	1	1
1 140	0 928	1	1
1 140	2 772	1	1
1 140	3 312	1	1
1 140	0 310	1	1
1 140	0 708	1	1
1 140	0 739	1	1
1 140	0 193	1	1
1 141	1 453	1	1
1 141	1 530	1	1
1 141	1 388	1	1
1 141	1 290	1	1
1 141	1 860	1	1
1 141	0 800	1	1
1 141	2 523	1	1
1 141	3 627	1	1
1 141	3 702	1	1
1 141	0 475	1	1
1 141	2 561	1	1
1 141	2 890	1	1
1 141	3 390	1	1
1 141	3 828	1	1
1 141	3 803	1	1
1 141	3 302	1	1
1 141	0 17	1	1
1 142	1 193	1	1
1 142	1 870	1	1
1 142	1 994	1	1
1 142	1 864	1	1
1 142	1 374	1	1
1 142	1 362	1	1
1 142	1 825	1	1
1 142	1 432	1	1
1 142	2 500	1	1
1 142	0 312	1	1
1 142	3 826	1	1
1 142	3 372	1	1
1 142	0 690	1	1
1 142	0 691	1	1
1 142	0 812	1	1
1 142	2 60	1	1
1 142	2 758	1	1
1 143	1 102	1	1
1 143	1 215	1	1
1 143	1 698	1	1
1 143	2 207	1	1
1 143	3 640	1	1
1 143	0 735	1	1
1 143	0 717	1	1
1 143	0 30	1	1
1 143	0 331	1	1
1 143	0 902	1	1
1 143	2 248	1	1
1 143	2 303	1	1
1 143	2 990	1	1
1 143	0 622	1	1
1 143	2 260	1	1
1 143	3 458	1	1
1 143	0 948	1	1
1 144	1 900	1	1
1 144	1 158	1	1
1 144	1 52	1	1
1 144	1 67	1	1
1 144	1 970	1	1
1 144	1 957	1	1
1 144	0 348	1	1
1 144	3 919	1	1
1 144	2 77	1	1
1 144	3 414	1	1
1 144	2 56	1	1
1 144	0 898	1	1
1 144	2 417	1	1
1 144	3 705	1	1
1 144	3 963	1	1
1 144	2 280	1	1
1 144	0 240	1	1
1 145	1 329	1	1
1 145	1 133	1	1
1 145	1 653	1	1
1 145	1 796	1	1
1 145	1 707	1	1
1 145	0 485	1	1
1 145	2 471	1	1
1 145	3 112	1	1
1 145	2 442	1	1
1 145	0 999	1	1
1 145	0 807	1	1
1 145	3 205	1	1
1 145	3 737	1	1
1 145	0 127	1	1
1 145	0 499	1	1
1 145	3 992	1	1
1 145	2 34	1	1
1 146	1 785	1	1
1 146	1 400	1	1
1 146	1 898	1	1
1 146	1 392	1	1
1 146	0 341	1	1
1 146	3 323	1	1
1 146	2 328	1	1
1 146	2 150	1	1
1 146	2 219	1	1
1 146	2 517	1	1
1 146	3 639	1	1
1 146	0 494	1	1
1 146	3 120	1	1
1 146	3 322	1	1
1 146	0 612	1	1
1 146	2 95	1	1
1 146	2 474	1	1
1 147	1 95	1	1
1 147	1 794	1	1
1 147	1 27	1	1
1 147	1 138	1	1
1 147	3 129	1	1
1 147	3 405	1	1
1 147	0 447	1	1
1 147	2 122	1	1
1 147	0 90	1	1
1 147	0 789	1	1
1 147	2 734	1	1
1 147	3 179	1	1
1 147	2 497	1	1
1 147	3 671	1	1
1 147	3 650	1	1
1 147	0 292	1	1
1 147	3 900	1	1
1 148	1 880	1	1
1 148	1 16	1	1
1 148	1 627	1	1
1 148	2 45	1	1
1 148	3 408	1	1
1 148	0 35	1	1
1 148	2 989	1	1
1 148	0 314	1	1
1 148	0 28	1	1
1 148	3 306	1	1
1 148	3 475	1	1
1 148	3 343	1	1
1 148	3 126	1	1
1 148	3 329	1	1
1 148	2 60	1	1
1 148	3 384	1	1
1 148	0 320	1	1
1 149	1 162	1	1
1 149	1 889	1	1
1 149	1 357	1	1
1 149	1 164	1	1
1 149	1 475	1	1
1 149	1 926	1	1
1 149	1 990	1	1
1 149	3 39	1	1
1 149	0 963	1	1
1 149	3 66	1	1
1 149	2 138	1	1
1 149	3 681	1	1
1 149	0 339	1	1
1 149	2 496	1	1
1 149	2 687	1	1
1 149	3 793	1	1
1 149	0 114	1	1
1 150	1 7	1	1
1 150	1 5	1	1
1 150	1 461	1	1
1 150	1 790	1	1
1 150	1 876	1	1
1 150	1 917	1	1
1 150	1 573	1	1
1 150	2 490	1	1
1 150	3 156	1	1
1 150	2 4	1	1
1 150	0 709	1	1
1 150	0 63	1	1
1 150	0 533	1	1
1 150	0 299	1	1
1 150	2 654	1	1
1 150	2 695	1	1
1 150	3 471	1	1
1 151	1 892	1	1
1 151	1 621	1	1
1 151	1 845	1	1
1 151	2 586	1	1
1 151	0 912	1	1
1 151	0 473	1	1
1 151	2 649	1	1
1 151	2 779	1	1
1 151	3 687	1	1
1 151	3 614	1	1
1 151	2 259	1	1
1 151	2 983	1	1
1 151	2 757	1	1
1 151	3 34	1	1
1 151	2 37	1	1
1 151	2 533	1	1
1 151	0 393	1	1
1 152	1 496	1	1
1 152	1 807	1	1
1 152	1 944	1	1
1 152	1 538	1	1
1 152	1 292	1	1
1 152	1 768	1	1
1 152	3 902	1	1
1 152	0 163	1	1
1 152	2 947	1	1
1 152	2 127	1	1
1 152	0 841	1	1
1 152	2 634	1	1
1 152	0 832	1	1
1 152	3 471	1	1
1 152	2 957	1	1
1 152	0 449	1	1
1 152	3 312	1	1
1 153	1 580	1	1
1 153	1 394	1	1
1 153	1 780	2	1
1 153	0 339	1	1
1 153	2 556	1	1
1 153	3 382	1	1
1 153	3 200	1	1
1 153	2 342	1	1
1 153	3 804	1	1
1 153	2 53	1	1
1 153	0 953	1	1
1 153	0 218	1	1
1 153	3 195	1	1
1 153	2 795	1	1
1 153	3 730	1	1
1 153	0 405	1	1
1 154	1 203	1	1
1 154	1 948	1	1
1 154	1 803	1	1
1 154	1 392	1	1
1 154	1 460	1	1
1 154	1 462	1	1
1 154	3 604	1	1
1 154	0 106	1	1
1 154	3 57	1	1
1 154	3 823	1	1
1 154	2 973	1	1
1 154	0 175	1	1
1 154	3 61	1	1
1 154	3 6	1	1
1 154	2 246	1	1
1 154	0 799	1	1
1 154	3 432	1	1
1 155	1 429	1	1
1 155	1 955	1	1
1 155	1 712	1	1
1 155	1 534	1	1
1 155	3 437	1	1
1 155	3 208	1	1
1 155	3 556	1	1
1 155	3 163	1	1
1 155	2 262	1	1
1 155	2 613	1	1
1 155	0 308	1	1
1 155	0 828	1	1
1 155	0 232	1	1
1 155	2 179	1	1
1 155	2 37	1	1
1 155	0 550	1	1
1 155	2 497	1	1
1 156	1 262	1	1
1 156	1 63	1	1
1 156	1 420	1	1
1 156	1 574	1	1
1 156	1 330	1	1
1 156	1 992	1	1
1 156	1 503	1	1
1 156	2 646	1	1
1 156	2 888	1	1
1 156	3 574	1	1
1 156	3 285	1	1
1 156	2 877	1	1
1 156	0 790	1	1
1 156	3 954	1	1
1 156	0 958	1	1
1 156	2 496	1	1
1 156	2 259	1	1
1 157	1 757	1	1
1 157	1 751	1	1
1 157	1 173	1	1
1 157	1 539	1	1
1 157	1 316	1	1
1 157	0 348	1	1
1 157	2 551	1	1
1 157	2 512	1	1
1 157	0 955	1	1
1 157	0 490	1	1
1 157	0 328	1	1
1 157	2 939	1	1
1 157	2 949	1	1
1 157	2 493	1	1
1 157	3 859	1	1
1 157	2 816	1	1
1 157	0 962	1	1
1 158	3 123	1	1
1 158	3 646	1	1
1 158	3 336	1	1
1 158	2 970	1	1
1 158	3 279	1	1
1 158	3 58	1	1
1 158	2 683	1	1
1 158	3 509	1	1
1 158	2 667	1	1
1 158	0 250	1	1
1 158	3 917	1	1
1 158	0 133	1	1
1 158	2 783	1	1
1 158	2 624	1	1
1 158	0 361	1	1
1 158	2 369	1	1
1 158	2 58	1	1
1 159	1 984	1	1
1 159	1 252	1	1
1 159	1 793	1	1
1 159	3 931	1	1
1 159	3 652	1	1
1 159	3 952	1	1
1 159	0 198	1	1
1 159	0 35	1	1
1 159	3 561	1	1
1 159	3 211	1	1
1 159	0 14	1	1
1 159	2 924	1	1
1 159	2 366	1	1
1 159	3 692	1	1
1 159	0 504	1	1
1 159	2 529	1	1
1 159	3 31	1	1
1 160	1 12	1	1
1 160	1 550	1	1
1 160	1 669	1	1
1 160	2 656	1	1
1 160	3 554	1	1
1 160	2 477	1	1
1 160	0 765	1	1
1 160	2 523	1	1
1 160	2 298	1	1
1 160	2 914	1	1
1 160	2 388	1	1
1 160	0 863	1	1
1 160	0 859	1	1
1 160	3 135	1	1
1 160	0 460	1	1
1 160	0 51	1	1
1 160	2 15	1	1
1 161	1 875	1	1
1 161	1 131	1	1
1 161	1 437	1	1
1 161	2 222	2	1
1 161	0 246	1	1
1 161	3 12	1	1
1 161	2 738	1	1
1 161	3 143	1	1
1 161	0 832	1	1
1 161	2 530	1	1
1 161	3 789	1	1
1 161	3 271	1	1
1 161	3 141	1	1
1 161	2 122	1	1
1 161	2 419	1	1
1 161	0 373	1	1
1 162	1 252	1	1
1 162	1 519	1	1
1 162	1 807	1	1
1 162	1 363	1	1
1 162	1 46	1	1
1 162	3 674	1	1
1 162	0 223	1	1
1 162	2 887	1	1
1 162	3 593	1	1
1 162	0 201	1	1
1 162	2 298	1	1
1 162	2 196	1	1
1 162	2 416	1	1
1 162	3 347	1	1
1 162	3 259	1	1
1 162	3 541	1	1
1 162	2 267	1	1
1 163	1 825	1	1
1 163	1 534	1	1
1 163	1 907	1	1
1 163	1 828	1	1
1 163	1 951	1	1
1 163	2 408	1	1
1 163	3 206	1	1
1 163	0 417	1	1
1 163	0 278	1	1
1 163	0 779	1	1
1 163	0 852	1	1
1 163	3 468	1	1
1 163	0 737	1	1
1 163	2 414	1	1
1 163	3 700	1	1
1 163	0 774	1	1
1 163	3 826	1	1
1 164	1 795	1	1
1 164	1 114	1	1
1 164	1 861	1	1
1 164	1 84	1	1
1 164	1 147	1	1
1 164	1 601	1	1
1 164	1 860	1	1
1 164	1 449	1	1
1 164	1 753	1	1
1 164	2 326	1	1
1 164	2 493	1	1
1 164	2 867	1	1
1 164	0 792	1	1
1 164	0 761	1	1
1 164	2 842	1	1
1 164	0 419	1	1
1 164	3 191	1	1
1 165	1 218	1	1
1 165	2 110	1	1
1 165	2 961	1	1
1 165	3 907	1	1
1 165	2 249	1	1
1 165	0 856	1	1
1 165	0 421	1	1
1 165	2 402	1	1
1 165	3 968	1	1
1 165	0 834	1	1
1 165	0 446	1	1
1 165	3 554	1	1
1 165	3 716	1	1
1 165	2 96	1	1
1 165	0 72	1	1
1 165	2 955	1	1
1 165	2 975	1	1
1 166	1 564	1	1
1 166	1 889	1	1
1 166	1 957	1	1
1 166	1 12	1	1
1 166	1 547	1	1
1 166	1 940	1	1
1 166	0 28	1	1
1 166	2 485	1	1
1 166	3 507	1	1
1 166	2 750	1	1
1 166	3 690	1	1
1 166	3 653	1	1
1 166	2 719	1	1
1 166	3 464	1	1
1 166	2 569	1	1
1 166	0 972	1	1
1 166	2 280	1	1
1 167	1 405	1	1
1 167	1 891	1	1
1 167	1 880	1	1
1 167	1 184	1	1
1 167	3 800	1	1
1 167	2 558	1	1
1 167	2 564	1	1
1 167	3 331	1	1
1 167	0 338	1	1
1 167	2 424	1	1
1 167	2 255	1	1
1 167	3 572	1	1
1 167	0 515	1	1
1 167	0 36	1	1
1 167	2 418	1	1
1 167	2 494	1	1
1 167	3 300	1	1
1 168	1 780	1	1
1 168	1 181	1	1
1 168	1 591	1	1
1 168	1 346	1	1
1 168	2 90	1	1
1 168	3 815	1	1
1 168	3 324	1	1
1 168	0 368	1	1
1 168	3 655	1	1
1 168	0 181	1	1
1 168	0 735	1	1
1 168	0 582	1	1
1 168	2 735	1	1
1 168	2 451	1	1
1 168	2 906	1	1
1 168	0 353	1	1
1 168	3 307	1	1
1 169	1 882	1	1
1 169	1 448	1	1
1 169	1 614	1	1
1 169	2 830	1	1
1 169	3 693	1	1
1 169	3 910	1	1
1 169	3 896	1	1
1 169	0 331	1	1
1 169	3 929	1	1
1 169	3 539	1	1
1 169	3 410	1	1
1 169	3 151	1	1
1 169	0 429	1	1
1 169	3 514	1	1
1 169	3 168	1	1
1 169	2 355	1	1
1 169	3 369	1	1
1 170	1 970	1	1
1 170	1 655	1	1
1 170	1 155	1	1
1 170	1 143	1	1
1 170	1 69	1	1
1 170	1 753	1	1
1 170	2 963	1	1
1 170	3 830	1	1
1 170	3 189	1	1
1 170	0 404	1	1
1 170	2 297	1	1
1 170	0 258	1	1
1 170	0 889	1	1
1 170	0 132	1	1
1 170	2 318	1	1
1 170	3 281	1	1
1 170	2 482	1	1
1 171	1 200	1	1
1 171	1 368	1	1
1 171	1 142	1	1
1 171	1 182	1	1
1 171	1 253	1	1
1 171	2 255	1	1
1 171	0 359	1	1
1 171	0 162	1	1
1 171	0 145	1	1
1 171	3 965	1	1
1 171	3 561	1	1
1 171	0 701	1	1
1 171	3 477	1	1
1 171	3 362	1	1
1 171	2 413	1	1
1 171	3 982	1	1
1 171	2 472	1	1
1 172	1 766	1	1
1 172	1 479	1	1
1 172	1 716	1	1
1 172	3 4	1	1
1 172	0 115	1	1
1 172	0 271	1	1
1 172	0 180	1	1
1 172	2 557	1	1
1 172	3 628	1	1
1 172	0 291	1	1
1 172	0 924	1	1
1 172	2 555	1	1
1 172	2 794	1	1
1 172	3 889	1	1
1 172	0 890	1	1
1 172	0 724	1	1
1 172	2 506	1	1
1 173	1 900	1	1
1 173	1 118	1	1
1 173	1 320	1	1
1 173	0 358	1	1
1 173	0 360	1	1
1 173	0 425	1	1
1 173	0 467	1	1
1 173	3 862	1	1
1 173	3 853	1	1
1 173	3 130	1	1
1 173	0 64	1	1
1 173	3 527	1	1
1 173	0 788	1	1
1 173	0 945	1	1
1 173	0 859	1	1
1 173	3 377	1	1
1 173	3 694	1	1
1 174	1 201	1	1
1 174	1 611	1	1
1 174	1 507	1	1
1 174	1 60	1	1
1 174	3 950	1	1
1 174	0 727	1	1
1 174	0 480	1	1
1 174	2 187	1	1
1 174	2 791	1	1
1 174	0 506	1	1
1 174	2 939	1	1
1 174	0 305	1	1
1 174	2 945	1	1
1 174	0 849	1	1
1 174	2 362	1	1
1 174	0 766	1	1
1 174	0 970	1	1
1 175	1 206	1	1
1 175	1 935	1	1
1 175	1 871	1	1
1 175	1 65	1	1
1 175	3 564	1	1
1 175	0 882	1	1
1 175	2 12	1	1
1 175	0 424	1	1
1 175	0 718	1	1
1 175	3 481	1	1
1 175	0 249	1	1
1 175	2 870	1	1
1 175	3 386	1	1
1 175	2 310	1	1
1 175	2 976	1	1
1 175	2 104	1	1
1 175	2 933	1	1
1 176	1 222	1	1
1 176	1 795	1	1
1 176	1 937	1	1
1 176	1 904	1	1
1 176	1 914	1	1
1 176	1 557	1	1
1 176	3 397	1	1
1 176	3 517	1	1
1 176	3 853	1	1
1 176	0 266	1	1
1 176	2 806	1	1
1 176	2 596	1	1
1 176	0 450	1	1
1 176	3 603	1	1
1 176	3 528	1	1
1 176	2 565	1	1
1 176	0 654	1	1
1 177	1 742	1	1
1 177	1 460	1	1
1 177	1 898	1	1
1 177	2 997	1	1
1 177	2 563	1	1
1 177	3 436	1	1
1 177	2 124	1	1
1 177	0 620	1	1
1 177	2 852	1	1
1 177	0 398	1	1
1 177	3 762	1	1
1 177	0 804	1	1
1 177	3 945	1	1
1 177	2 835	1	1
1 177	3 948	1	1
1 177	2 331	1	1
1 177	3 461	1	1
1 178	1 500	1	1
1 178	1 306	1	1
1 178	1 959	1	1
1 178	1 899	1	1
1 178	3 246	1	1
1 178	0 675	1	1
1 178	3 253	1	1
1 178	3 905	1	1
1 178	2 222	1	1
1 178	0 535	1	1
1 178	2 967	1	1
1 178	3 252	1	1
1 178	3 714	1	1
1 178	0 384	1	1
1 178	0 948	1	1
1 178	2 265	1	1
1 178	3 624	1	1
1 179	1 413	1	1
1 179	1 302	1	1
1 179	1 211	1	1
1 179	1 299	1	1
1 179	0 73	1	1
1 179	2 99	1	1
1 179	2 566	1	1
1 179	0 835	1	1
1 179	0 874	1	1
1 179	2 942	1	1
1 179	0 421	1	1
1 179	3 224	1	1
1 179	3 652	1	1
1 179	2 674	1	1
1 179	3 278	1	1
1 179	2 900	1	1
1 179	0 514	1	1
1 180	1 463	1	1
1 180	1 793	1	1
1 180	1 509	1	1
1 180	0 312	1	1
1 180	3 609	1	1
1 180	0 973	1	1
1 180	3 287	1	1
1 180	3 923	1	1
1 180	2 213	1	1
1 180	0 27	1	1
1 180	0 544	1	1
1 180	2 992	1	1
1 180	0 643	1	1
1 180	3 507	1	1
1 180	0 285	1	1
1 180	0 2	1	1
1 180	2 119	1	1
1 181	1 310	1	1
1 181	1 427	1	1
1 181	1 645	1	1
1 181	3 86	1	1
1 181	3 735	1	1
1 181	3 620	1	1
1 181	3 584	1	1
1 181	3 189	1	1
1 181	0 204	1	1
1 181	2 621	1	1
1 181	0 678	1	1
1 181	3 245	1	1
1 181	2 228	1	1
1 181	3 967	1	1
1 181	2 331	1	1
1 181	0 931	1	1
1 181	0 192	1	1
1 182	1 457	1	1
1 182	1 592	1	1
1 182	1 762	1	1
1 182	1 1000	1	1
1 182	1 796	1	1
1 182	2 731	1	1
1 182	2 71	1	1
1 182	0 988	1	1
1 182	3 60	1	1
1 182	0 911	1	1
1 182	3 780	1	1
1 182	0 445	1	1
1 182	2 292	1	1
1 182	0 458	1	1
1 182	0 151	1	1
1 182	0 160	1	1
1 182	3 145	1	1
1 183	1 571	1	1
1 183	1 311	1	1
1 183	1 773	1	1
1 183	1 506	1	1
1 183	1 863	1	1
1 183	2 722	1	1
1 183	3 45	1	1
1 183	2 222	1	1
1 183	2 737	1	1
1 183	2 594	1	1
1 183	0 218	1	1
1 183	0 274	1	1
1 183	0 163	1	1
1 183	2 465	1	1
1 183	0 239	1	1
1 183	0 51	1	1
1 183	2 714	1	1
1 184	1 750	1	1
1 184	1 198	1	1
1 184	1 240	1	1
1 184	1 479	1	1
1 184	1 757	1	1
1 184	1 384	1	1
1 184	0 627	1	1
1 184	0 774	1	1
1 184	0 967	1	1
1 184	3 757	1	1
1 184	2 24	1	1
1 184	2 951	1	1
1 184	2 25	1	1
1 184	2 105	1	1
1 184	3 892	1	1
1 184	0 993	1	1
1 184	2 692	1	1
1 185	1 860	1	1
1 185	1 905	1	1
1 185	1 656	1	1
1 185	2 248	1	1
1 185	2 998	1	1
1 185	0 670	1	1
1 185	0 285	1	1
1 185	0 238	1	1
1 185	3 432	1	1
1 185	0 913	1	1
1 185	3 291	1	1
1 185	2 900	1	1
1 185	0 842	1	1
1 185	2 774	1	1
1 185	2 560	1	1
1 185	3 244	1	1
1 185	3 320	1	1
1 186	1 169	1	1
1 186	1 158	1	1
1 186	1 521	1	1
1 186	1 721	1	1
1 186	2 981	1	1
1 186	0 288	1	1
1 186	0 477	1	1
1 186	0 401	1	1
1 186	3 282	1	1
1 186	2 860	1	1
1 186	0 608	1	1
1 186	3 826	1	1
1 186	3 58	1	1
1 186	3 34	1	1
1 186	3 731	1	1
1 186	2 538	1	1
1 186	0 201	1	1
1 187	1 942	1	1
1 187	1 400	1	1
1 187	1 361	1	1
1 187	3 267	1	1
1 187	0 407	1	1
1 187	0 55	1	1
1 187	3 281	1	1
1 187	3 172	1	1
1 187	0 465	1	1
1 187	2 318	1	1
1 187	0 328	1	1
1 187	2 80	1	1
1 187	2 442	1	1
1 187	2 635	1	1
1 187	0 543	1	1
1 187	3 946	1	1
1 187	3 78	1	1
1 188	1 449	1	1
1 188	1 230	1	1
1 188	1 869	1	1
1 188	1 252	1	1
1 188	2 204	1	1
1 188	2 368	1	1
1 188	2 299	1	1
1 188	3 49	1	1
1 188	3 872	1	1
1 188	2 328	1	1
1 188	0 324	1	1
1 188	3 483	1	1
1 188	2 600	1	1
1 188	3 140	1	1
1 188	0 786	1	1
1 188	0 169	1	1
1 188	3 609	1	1
1 189	1 247	1	1
1 189	1 557	1	1
1 189	1 223	1	1
1 189	1 47	1	1
1 189	1 618	1	1
1 189	3 814	1	1
1 189	3 245	1	1
1 189	3 380	1	1
1 189	3 332	1	1
1 189	2 220	1	1
1 189	0 161	1	1
1 189	2 111	1	1
1 189	0 92	1	1
1 189	3 884	1	1
1 189	0 238	1	1
1 189	0 460	1	1
1 189	3 107	1	1
1 190	1 691	1	1
1 190	1 655	1	1
1 190	1 299	1	1
1 190	0 464	1	1
1 190	2 482	1	1
1 190	3 113	1	1
1 190	0 156	1	1
1 190	0 548	1	1
1 190	0 7	1	1
1 190	0 511	1	1
1 190	3 460	1	1
1 190	3 487	1	1
1 190	2 398	1	1
1 190	0 733	1	1
1 190	3 568	1	1
1 190	0 963	1	1
1 190	3 515	1	1
1 191	1 569	1	1
1 191	1 684	1	1
1 191	1 497	1	1
1 191	2 158	1	1
1 191	2 965	1	1
1 191	3 577	1	1
1 191	2 744	1	1
1 191	0 233	1	1
1 191	2 84	1	1
1 191	0 439	1	1
1 191	0 949	1	1
1 191	3 590	1	1
1 191	0 167	1	1
1 191	2 877	1	1
1 191	2 826	1	1
1 191	3 445	1	1
1 191	3 314	1	1
1 192	1 380	1	1
1 192	1 712	1	1
1 192	0 738	1	1
1 192	3 360	1	1
1 192	2 135	1	1
1 192	0 354	1	1
1 192	0 790	1	1
1 192	0 622	1	1
1 192	2 901	1	1
1 192	3 284	1	1
1 192	3 35	1	1
1 192	0 39	1	1
1 192	3 558	1	1
1 192	3 525	1	1
1 192	0 308	1	1
1 192	0 721	1	1
1 192	3 194	1	1
1 193	1 587	1	1
1 193	1 633	1	1
1 193	1 216	1	1
1 193	1 163	1	1
1 193	1 695	1	1
1 193	2 168	1	1
1 193	3 608	1	1
1 193	0 126	1	1
1 193	3 937	1	1
1 193	2 267	1	1
1 193	0 185	1	1
1 193	3 518	1	1
1 193	2 499	1	1
1 193	3 225	1	1
1 193	0 380	1	1
1 193	3 463	1	1
1 193	0 791	1	1
1 194	1 95	1	1
1 194	0 842	1	1
1 194	2 215	1	1
1 194	3 185	1	1
1 194	0 56	1	1
1 194	0 749	1	1
1 194	2 259	1	1
1 194	2 110	1	1
1 194	3 162	1	1
1 194	3 253	1	1
1 194	3 493	1	1
1 194	3 171	1	1
1 194	0 42	1	1
1 194	3 507	1	1
1 194	2 349	1	1
1 194	3 309	1	1
1 194	3 461	1	1
1 195	1 660	1	1
1 195	1 510	1	1
1 195	1 733	1	1
1 195	1 724	1	1
1 195	1 121	1	1
1 195	3 895	1	1
1 195	2 12	1	1
1 195	3 927	1	1
1 195	2 69	1	1
1 195	0 886	1	1
1 195	0 804	1	1
1 195	0 723	1	1
1 195	2 741	1	1
1 195	0 417	1	1
1 195	3 528	1	1
1 195	3 466	1	1
1 195	3 778	1	1
1 196	1 179	1	1
1 196	1 483	1	1
1 196	1 758	1	1
1 196	3 224	1	1
1 196	0 779	1	1
1 196	2 894	1	1
1 196	2 100	1	1
1 196	0 759	1	1
1 196	3 404	1	1
1 196	3 839	1	1
1 196	0 628	1	1
1 196	0 70	1	1
1 196	0 18	1	1
1 196	3 987	1	1
1 196	2 429	1	1
1 196	3 295	1	1
1 196	0 277	1	1
1 197	1 151	1	1
1 197	1 9	1	1
1 197	1 748	1	1
1 197	1 830	1	1
1 197	0 469	1	1
1 197	3 904	1	1
1 197	3 572	1	1
1 197	3 486	1	1
1 197	3 815	1	1
1 197	0 57	1	1
1 197	0 777	1	1
1 197	3 953	1	1
1 197	0 851	1	1
1 197	3 812	1	1
1 197	2 172	1	1
1 197	0 3	1	1
1 197	2 463	1	1
1 198	1 784	1	1
1 198	1 240	1	1
1 198	1 820	1	1
1 198	2 800	1	1
1 198	2 449	1	1
1 198	3 95	1	1
1 198	3 248	1	1
1 198	2 559	1	1
1 198	2 811	1	1
1 198	0 948	1	1
1 198	2 571	1	1
1 198	0 546	1	1
1 198	3 498	1	1
1 198	2 851	1	1
1 198	2 391	1	1
1 198	3 52	1	1
1 198	2 434	1	1
1 199	1 89	1	1
1 199	1 502	1	1
1 199	1 906	1	1
1 199	1 748	1	1
1 199	1 913	1	1
1 199	1 79	1	1
1 199	3 276	1	1
1 199	2 469	1	1
1 199	2 725	1	1
1 199	0 966	1	1
1 199	2 147	1	1
1 199	3 364	1	1
1 199	3 969	1	1
1 199	0 868	1	1
1 199	0 27	1	1
1 199	3 329	1	1
1 199	3 661	1	1
1 200	1 239	1	1
1 200	1 825	1	1
1 200	1 138	1	1
1 200	1 253	1	1
1 200	1 275	1	1
1 200	1 67	1	1
1 200	3 882	1	1
1 200	0 541	1	1
1 200	2 527	1	1
1 200	2 519	1	1
1 200	0 313	1	1
1 200	0 902	1	1
1 200	0 187	1	1
1 200	0 518	1	1
1 200	2 398	1	1
1 200	0 769	1	1
1 200	2 542	1	1
1 201	1 327	1	1
1 201	1 504	1	1
1 201	1 125	1	1
1 201	1 322	1	1
1 201	2 385	1	1
1 201	2 944	1	1
1 201	2 764	1	1
1 201	3 403	1	1
1 201	3 248	1	1
1 201	2 795	1	1
1 201	2 903	1	1
1 201	0 104	1	1
1 201	2 168	1	1
1 201	2 803	1	1
1 201	0 96	1	1
1 201	3 836	1	1
1 201	2 270	1	1
1 202	1 816	1	1
1 202	1 4	1	1
1 202	3 239	1	1
1 202	2 590	1	1
1 202	0 726	1	1
1 202	2 131	1	1
1 202	0 548	1	1
1 202	3 496	1	1
1 202	0 151	1	1
1 202	0 874	1	1
1 202	2 247	1	1
1 202	0 211	1	1
1 202	2 973	1	1
1 202	3 927	1	1
1 202	2 362	1	1
1 202	2 337	1	1
1 202	3 197	1	1
1 203	1 616	1	1
1 203	1 260	1	1
1 203	1 323	1	1
1 203	1 235	1	1
1 203	1 44	1	1
1 203	1 489	1	1
1 203	0 91	1	1
1 203	3 808	1	1
1 203	0 17	1	1
1 203	0 205	1	1
1 203	2 836	1	1
1 203	2 752	1	1
1 203	0 899	1	1
1 203	2 689	1	1
1 203	3 240	1	1
1 203	3 231	1	1
1 203	3 804	1	1
1 204	1 613	1	1
1 204	1 600	1	1
1 204	1 180	1	1
1 204	1 351	1	1
1 204	1 335	1	1
1 204	0 788	1	1
1 204	2 180	1	1
1 204	2 36	1	1
1 204	3 983	1	1
1 204	0 576	1	1
1 204	2 325	1	1
1 204	0 18	1	1
1 204	0 570	1	1
1 204	2 321	1	1
1 204	3 917	1	1
1 204	2 563	1	1
1 204	0 573	1	1
1 205	1 631	1	1
1 205	1 441	1	1
1 205	2 793	1	1
1 205	3 80	1	1
1 205	2 490	1	1
1 205	3 242	1	1
1 205	0 327	1	1
1 205	2 438	1	1
1 205	2 780	1	1
1 205	3 603	1	1
1 205	3 534	1	1
1 205	3 680	1	1
1 205	0 101	1	1
1 205	2 870	1	1
1 205	3 975	1	1
1 205	2 23	1	1
1 205	2 682	1	1
1 206	1 505	1	1
1 206	1 658	1	1
1 206	1 992	1	1
1 206	1 290	1	1
1 206	2 222	1	1
1 206	3 67	1	1
1 206	0 741	1	1
1 206	3 316	1	1
1 206	2 397	1	1
1 206	2 405	1	1
1 206	2 516	1	1
1 206	3 12	1	1
1 206	2 112	1	1
1 206	3 596	1	1
1 206	3 221	1	1
1 206	0 929	1	1
1 206	3 969	1	1
1 207	1 515	1	1
1 207	1 336	1	1
1 207	1 772	1	1
1 207	3 293	1	1
1 207	2 393	1	1
1 207	2 412	1	1
1 207	0 854	1	1
1 207	3 719	1	1
1 207	2 861	1	1
1 207	0 326	1	1
1 207	2 916	1	1
1 207	3 966	1	1
1 207	3 678	1	1
1 207	0 267	1	1
1 207	0 473	1	1
1 207	3 895	1	1
1 207	0 422	1	1
1 208	1 520	1	1
1 208	1 494	1	1
1 208	1 176	1	1
1 208	1 773	1	1
1 208	1 484	1	1
1 208	1 144	1	1
1 208	2 677	1	1
1 208	0 192	1	1
1 208	0 870	1	1
1 208	3 311	1	1
1 208	3 572	1	1
1 208	0 441	1	1
1 208	2 776	1	1
1 208	2 920	1	1
1 208	0 34	1	1
1 208	3 342	1	1
1 208	0 194	1	1
1 209	1 171	1	1
1 209	1 21	1	1
1 209	3 461	1	1
1 209	2 420	1	1
1 209	0 430	1	1
1 209	0 883	1	1
1 209	2 507	1	1
1 209	0 918	1	1
1 209	3 24	1	1
1 209	0 169	1	1
1 209	3 634	1	1
1 209	0 302	1	1
1 209	0 103	1	1
1 209	3 885	1	1
1 209	0 462	1	1
1 209	3 511	1	1
1 209	2 752	1	1
1 210	1 673	1	1
1 210	1 815	1	1
1 210	1 39	1	1
1 210	1 814	1	1
1 210	1 823	1	1
1 210	1 15	1	1
1 210	1 996	1	1
1 210	3 237	1	1
1 210	0 896	1	1
1 210	2 443	1	1
1 210	2 142	1	1
1 210	3 402	1	1
1 210	2 178	1	1
1 210	0 41	1	1
1 210	3 460	1	1
1 210	3 254	1	1
1 210	2 250	1	1
1 211	1 140	1	1
1 211	1 236	1	1
1 211	1 538	1	1
1 211	1 531	1	1
1 211	1 99	1	1
1 211	1 736	1	1
1 211	3 734	1	1
1 211	2 611	1	1
1 211	2 961	1	1
1 211	0 191	1	1
1 211	0 681	1	1
1 211	2 291	1	1
1 211	3 143	1	1
1 211	2 463	1	1
1 211	0 123	1	1
1 211	3 294	1	1
1 211	2 873	1	1
1 212	1 247	1	1
1 212	1 14	1	1
1 212	1 315	1	1
1 212	1 217	1	1
1 212	1 879	1	1
1 212	1 803	1	1
1 212	2 563	1	1
1 212	0 443	1	1
1 212	0 738	1	1
1 212	3 601	1	1
1 212	0 687	1	1
1 212	3 612	1	1
1 212	2 283	1	1
1 212	2 551	1	1
1 212	2 303	1	1
1 212	2 709	1	1
1 212	3 566	1	1
1 213	1 219	1	1
1 213	1 647	1	1
1 213	1 498	1	1
1 213	3 344	1	1
1 213	3 167	1	1
1 213	0 862	1	1
1 213	3 185	1	1
1 213	2 451	1	1
1 213	2 580	1	1
1 213	2 48	1	1
1 213	0 3	1	1
1 213	0 609	1	1
1 213	0 361	1	1
1 213	3 127	1	1
1 213	2 208	1	1
1 213	0 417	1	1
1 213	2 617	1	1
1 214	1 271	1	1
1 214	1 860	1	1
1 214	1 493	1	1
1 214	1 27	1	1
1 214	3 295	1	1
1 214	3 617	1	1
1 214	3 558	1	1
1 214	3 320	1	1
1 214	3 669	1	1
1 214	3 512	1	1
1 214	3 491	1	1
1 214	2 672	1	1
1 214	0 876	1	1
1 214	0 372	1	1
1 214	0 871	1	1
1 214	2 976	1	1
1 214	2 828	1	1
1 215	1 639	1	1
1 215	1 217	1	1
1 215	1 660	1	1
1 215	1 605	1	1
1 215	0 761	1	1
1 215	2 106	1	1
1 215	2 976	1	1
1 215	0 812	1	1
1 215	3 192	1	1
1 215	0 605	1	1
1 215	3 674	1	1
1 215	2 448	1	1
1 215	0 853	1	1
1 215	3 193	1	1
1 215	3 123	1	1
1 215	2 444	1	1
1 215	0 194	1	1
1 216	1 287	1	1
1 216	1 589	1	1
1 216	1 730	1	1
1 216	1 359	1	1
1 216	3 62	1	1
1 216	3 753	1	1
1 216	2 619	2	1
1 216	0 66	1	1
1 216	2 607	1	1
1 216	3 984	1	1
1 216	0 154	1	1
1 216	3 197	1	1
1 216	0 68	1	1
1 216	3 345	1	1
1 216	0 676	1	1
1 216	2 861	1	1
1 217	1 931	1	1
1 217	1 582	1	1
1 217	1 750	1	1
1 217	1 73	1	1
1 217	0 781	1	1
1 217	3 702	1	1
1 217	0 230	1	1
1 217	0 774	1	1
1 217	2 737	1	1
1 217	2 902	1	1
1 217	2 604	1	1
1 217	0 41	1	1
1 217	0 962	1	1
1 217	0 443	1	1
1 217	0 579	1	1
1 217	3 598	1	1
1 217	0 295	1	1
1 218	1 860	1	1
1 218	1 921	1	1
1 218	1 117	1	1
1 218	1 309	1	1
1 218	2 305	1	1
1 218	0 579	1	1
1 218	0 122	1	1
1 218	3 414	1	1
1 218	0 974	1	1
1 218	3 205	1	1
1 218	3 17	1	1
1 218	0 272	1	1
1 218	2 117	1	1
1 218	0 721	1	1
1 218	2 450	1	1
1 218	2 399	1	1
1 218	2 158	1	1
1 219	1 523	1	1
1 219	1 915	1	1
1 219	1 710	1	1
1 219	1 534	1	1
1 219	3 839	1	1
1 219	2 6	1	1
1 219	0 922	1	1
1 219	2 908	1	1
1 219	3 85	1	1
1 219	0 934	1	1
1 219	2 210	1	1
1 219	0 457	1	1
1 219	0 346	1	1
1 219	2 438	1	1
1 219	0 44	1	1
1 219	2 256	1	1
1 219	0 690	1	1
1 220	1 558	1	1
1 220	1 491	1	1
1 220	1 58	1	1
1 220	2 423	1	1
1 220	0 841	1	1
1 220	3 825	1	1
1 220	3 999	1	1
1 220	0 323	1	1
1 220	3 833	1	1
1 220	0 529	1	1
1 220	3 148	1	1
1 220	0 14	1	1
1 220	3 533	1	1
1 220	0 206	1	1
1 220	3 163	1	1
1 220	2 133	1	1
1 220	2 859	1	1
1 221	1 475	1	1
1 221	1 741	1	1
1 221	1 575	1	1
1 221	1 3	1	1
1 221	2 360	1	1
1 221	3 414	1	1
1 221	2 971	1	1
1 221	2 651	1	1
1 221	3 230	1	1
1 221	0 887	1	1
1 221	0 649	1	1
1 221	2 223	1	1
1 221	2 993	1	1
1 221	2 261	1	1
1 221	2 484	1	1
1 221	3 622	1	1
1 221	2 712	1	1
1 222	1 951	1	1
1 222	1 661	1	1
1 222	1 13	1	1
1 222	1 285	1	1
1 222	1 735	1	1
1 222	1 948	1	1
1 222	1 669	1	1
1 222	3 891	1	1
1 222	2 337	1	1
1 222	0 613	1	1
1 222	3 425	1	1
1 222	2 308	1	1
1 222	2 21	2	1
1 222	3 100	1	1
1 222	3 13	1	1
1 222	2 786	1	1
1 223	1 311	1	1
1 223	3 230	1	1
1 223	2 415	1	1
1 223	2 524	1	1
1 223	0 24	1	1
1 223	0 449	1	1
1 223	3 919	1	1
1 223	0 25	1	1
1 223	0 683	1	1
1 223	2 837	1	1
1 223	2 843	1	1
1 223	3 103	1	1
1 223	2 377	1	1
1 223	2 635	1	1
1 223	3 166	1	1
1 223	3 937	1	1
1 223	0 963	1	1
1 224	1 679	1	1
1 224	1 574	1	1
1 224	1 843	1	1
1 224	1 370	1	1
1 224	0 159	1	1
1 224	3 261	1	1
1 224	3 648	1	1
1 224	2 923	1	1
1 224	3 489	1	1
1 224	2 338	1	1
1 224	0 973	1	1
1 224	3 434	1	1
1 224	3 899	1	1
1 224	0 859	1	1
1 224	0 885	1	1
1 224	0 981	1	1
1 224	0 7	1	1
1 225	1 415	1	1
1 225	1 551	1	1
1 225	1 372	1	1
1 225	1 228	1	1
1 225	1 546	1	1
1 225	2 755	1	1
1 225	0 52	1	1
1 225	3 593	1	1
1 225	2 834	1	1
1 225	0 902	1	1
1 225	0 809	1	1
1 225	0 877	1	1
1 225	3 981	1	1
1 225	0 831	1	1
1 225	3 491	1	1
1 225	3 680	1	1
1 225	0 517	1	1
1 226	1 913	1	1
1 226	1 279	1	1
1 226	1 455	1	1
1 226	3 77	1	1
1 226	2 842	1	1
1 226	3 973	1	1
1 226	3 389	1	1
1 226	3 685	1	1
1 226	0 48	1	1
1 226	3 837	1	1
1 226	2 138	1	1
1 226	3 533	1	1
1 226	3 813	1	1
1 226	3 82	1	1
1 226	2 557	1	1
1 226	0 609	1	1
1 226	0 147	1	1
1 227	1 679	1	1
1 227	1 804	1	1
1 227	1 336	1	1
1 227	1 844	1	1
1 227	2 495	1	1
1 227	0 289	1	1
1 227	3 903	1	1
1 227	0 241	1	1
1 227	3 974	1	1
1 227	2 210	1	1
1 227	0 147	1	1
1 227	2 347	1	1
1 227	3 131	1	1
1 227	2 720	1	1
1 227	0 672	1	1
1 227	2 758	1	1
1 227	3 298	1	1
1 228	1 824	1	1
1 228	1 353	1	1
1 228	1 288	1	1
1 228	3 771	1	1
1 228	2 678	1	1
1 228	0 799	1	1
1 228	2 719	1	1
1 228	3 897	1	1
1 228	2 990	1	1
1 228	0 144	1	1
1 228	2 582	1	1
1 228	0 306	1	1
1 228	0 532	1	1
1 228	2 965	1	1
1 228	0 696	1	1
1 228	3 618	1	1
1 228	2 890	1	1
1 229	1 730	1	1
1 229	1 583	1	1
1 229	2 548	1	1
1 229	0 836	1	1
1 229	2 193	1	1
1 229	2 826	1	1
1 229	0 374	1	1
1 229	3 636	1	1
1 229	3 116	1	1
1 229	2 457	1	1
1 229	0 798	1	1
1 229	2 522	1	1
1 229	3 346	1	1
1 229	0 983	1	1
1 229	3 612	1	1
1 229	3 542	1	1
1 229	0 114	1	1
1 230	1 60	1	1
1 230	1 418	1	1
1 230	1 659	1	1
1 230	1 605	1	1
1 230	2 187	1	1
1 230	0 208	1	1
1 230	0 378	1	1
1 230	3 380	1	1
1 230	3 987	1	1
1 230	0 457	1	1
1 230	0 456	1	1
1 230	2 840	1	1
1 230	0 590	1	1
1 230	0 954	1	1
1 230	0 834	1	1
1 230	0 50	1	1
1 230	2 740	1	1
1 231	1 114	1	1
1 231	0 383	1	1
1 231	0 729	1	1
1 231	3 699	1	1
1 231	2 761	1	1
1 231	3 641	1	1
1 231	0 365	1	1
1 231	3 524	1	1
1 231	3 602	1	1
1 231	3 184	1	1
1 231	0 233	1	1
1 231	2 951	1	1
1 231	0 685	1	1
1 231	2 849	1	1
1 231	0 739	1	1
1 231	0 421	1	1
1 231	3 737	1	1
1 232	1 246	1	1
1 232	1 754	1	1
1 232	1 29	1	1
1 232	2 828	1	1
1 232	0 726	1	1
1 232	2 932	1	1
1 232	0 300	1	1
1 232	2 979	1	1
1 232	2 483	1	1
1 232	3 826	1	1
1 232	0 871	1	1
1 232	2 29	1	1
1 232	0 682	1	1
1 232	3 632	1	1
1 232	0 923	1	1
1 232	2 427	1	1
1 232	3 806	1	1
1 233	1 724	1	1
1 233	1 688	1	1
1 233	1 814	1	1
1 233	2 381	1	1
1 233	0 301	1	1
1 233	0 768	1	1
1 233	3 538	1	1
1 233	3 574	1	1
1 233	3 991	1	1
1 233	2 416	1	1
1 233	2 393	1	1
1 233	3 181	1	1
1 233	3 476	1	1
1 233	0 769	1	1
1 233	3 625	1	1
1 233	0 134	1	1
1 233	0 169	1	1
1 234	1 461	1	1
1 234	1 828	1	1
1 234	1 309	1	1
1 234	0 261	1	1
1 234	0 905	1	1
1 234	0 646	1	1
1 234	2 905	1	1
1 234	3 393	1	1
1 234	2 807	1	1
1 234	2 100	1	1
1 234	2 808	1	1
1 234	2 536	1	1
1 234	3 290	1	1
1 234	3 619	1	1
1 234	2 38	1	1
1 234	3 512	1	1
1 234	2 151	1	1
1 235	1 409	1	1
1 235	1 939	1	1
1 235	1 19	1	1
1 235	1 63	1	1
1 235	3 656	1	1
1 235	0 665	1	1
1 235	3 193	2	1
1 235	2 213	1	1
1 235	2 54	1	1
1 235	3 132	1	1
1 235	0 148	1	1
1 235	3 515	1	1
1 235	2 23	1	1
1 235	2 787	1	1
1 235	3 216	1	1
1 235	0 365	1	1
1 236	1 209	1	1
1 236	1 765	1	1
1 236	1 876	1	1
1 236	1 240	1	1
1 236	1 451	1	1
1 236	0 453	1	1
1 236	0 37	1	1
1 236	3 481	1	1
1 236	2 663	1	1
1 236	2 836	1	1
1 236	0 495	1	1
1 236	2 532	1	1
1 236	3 697	1	1
1 236	2 319	1	1
1 236	2 876	1	1
1 236	3 193	1	1
1 236	0 139	1	1
1 237	1 34	1	1
1 237	1 850	1	1
1 237	1 835	1	1
1 237	3 819	1	1
1 237	2 298	1	1
1 237	0 852	1	1
1 237	0 183	1	1
1 237	3 621	1	1
1 237	2 896	1	1
1 237	2 99	1	1
1 237	0 932	1	1
1 237	0 739	1	1
1 237	3 303	1	1
1 237	0 355	1	1
1 237	2 146	1	1
1 237	2 278	1	1
1 237	2 788	1	1
1 238	1 159	1	1
1 238	1 768	1	1
1 238	1 43	1	1
1 238	1 265	1	1
1 238	0 50	1	1
1 238	0 188	1	1
1 238	2 601	1	1
1 238	0 100	1	1
1 238	0 216	1	1
1 238	0 953	1	1
1 238	2 907	1	1
1 238	3 665	1	1
1 238	0 463	1	1
1 238	0 904	1	1
1 238	3 235	1	1
1 238	0 600	1	1
1 238	2 713	1	1
1 239	1 153	1	1
1 239	1 976	1	1
1 239	1 258	1	1
1 239	1 788	1	1
1 239	1 905	1	1
1 239	1 70	1	1
1 239	1 50	1	1
1 239	1 554	1	1
1 239	0 111	1	1
1 239	3 975	1	1
1 239	0 339	1	1
1 239	2 717	1	1
1 239	0 590	1	1
1 239	3 215	1	1
1 239	0 692	1	1
1 239	0 754	1	1
1 239	0 44	1	1
1 240	1 60	1	1
1 240	1 986	1	1
1 240	1 835	1	1
1 240	1 354	1	1
1 240	1 165	1	1
1 240	1 476	1	1
1 240	0 540	1	1
1 240	2 801	1	1
1 240	2 131	1	1
1 240	2 736	1	1
1 240	0 696	1	1
1 240	0 152	1	1
1 240	3 749	1	1
1 240	0 993	1	1
1 240	0 107	1	1
1 240	2 516	1	1
1 240	0 23	1	1
1 241	1 56	1	1
1 241	1 998	1	1
1 241	1 943	1	1
1 241	1 456	1	1
1 241	1 114	1	1
1 241	3 651	1	1
1 241	2 554	1	1
1 241	2 589	1	1
1 241	3 388	1	1
1 241	0 451	1	1
1 241	2 739	1	1
1 241	2 120	1	1
1 241	0 329	1	1
1 241	0 626	1	1
1 241	2 455	1	1
1 241	3 300	1	1
1 241	2 246	1	1
1 242	1 86	1	1
1 242	1 437	1	1
1 242	0 663	1	1
1 242	2 42	1	1
1 242	0 637	1	1
1 242	0 819	1	1
1 242	3 744	1	1
1 242	3 617	1	1
1 242	2 811	1	1
1 242	2 930	1	1
1 242	2 709	1	1
1 242	0 554	1	1
1 242	3 462	1	1
1 242	2 558	1	1
1 242	3 281	1	1
1 242	3 837	1	1
1 242	3 774	1	1
1 243	1 273	1	1
1 243	1 199	1	1
1 243	1 635	1	1
1 243	1 907	1	1
1 243	1 909	1	1
1 243	1 117	1	1
1 243	0 361	1	1
1 243	3 247	1	1
1 243	2 203	1	1
1 243	2 278	1	1
1 243	2 561	1	1
1 243	0 595	1	1
1 243	2 951	1	1
1 243	2 822	1	1
1 243	2 269	1	1
1 243	2 723	1	1
1 243	0 941	1	1
1 244	1 539	1	1
1 244	1 753	1	1
1 244	1 319	1	1
1 244	1 324	1	1
1 244	0 188	1	1
1 244	0 7	1	1
1 244	0 141	1	1
1 244	2 502	1	1
1 244	0 468	1	1
1 244	2 558	1	1
1 244	2 61	1	1
1 244	2 485	1	1
1 244	0 299	1	1
1 244	3 496	1	1
1 244	0 67	1	1
1 244	2 948	1	1
1 244	0 960	1	1
1 245	1 526	1	1
1 245	1 459	1	1
1 245	1 466	1	1
1 245	1 746	1	1
1 245	1 152	1	1
1 245	0 730	1	1
1 245	0 861	1	1
1 245	3 945	1	1
1 245	3 117	1	1
1 245	0 934	1	1
1 245	0 506	1	1
1 245	2 909	1	1
1 245	2 683	1	1
1 245	0 135	1	1
1 245	3 600	1	1
1 245	2 348	1	1
1 245	3 520	1	1
1 246	1 294	1	1
1 246	1 611	1	1
1 246	1 663	1	1
1 246	1 806	1	1
1 246	1 750	1	1
1 246	3 677	1	1
1 246	3 483	1	1
1 246	3 715	1	1
1 246	2 385	1	1
1 246	3 166	1	1
1 246	3 372	1	1
1 246	2 273	1	1
1 246	0 892	1	1
1 246	0 862	1	1
1 246	0 196	1	1
1 246	2 460	1	1
1 246	0 594	1	1
1 247	1 719	1	1
1 247	1 917	1	1
1 247	0 769	1	1
1 247	2 255	1	1
1 247	0 620	1	1
1 247	2 429	1	1
1 247	2 358	1	1
1 247	2 151	1	1
1 247	2 669	1	1
1 247	2 107	1	1
1 247	2 101	1	1
1 247	0 573	1	1
1 247	3 482	1	1
1 247	3 160	1	1
1 247	3 387	1	1
1 247	3 709	1	1
1 247	0 236	1	1
1 248	1 42	1	1
1 248	1 273	1	1
1 248	1 386	1	1
1 248	1 13	1	1
1 248	3 737	1	1
1 248	2 387	1	1
1 248	0 602	1	1
1 248	2 752	1	1
1 248	0 759	1	1
1 248	2 283	1	1
1 248	3 212	1	1
1 248	2 192	1	1
1 248	0 986	1	1
1 248	3 235	1	1
1 248	2 824	1	1
1 248	0 340	1	1
1 248	3 118	1	1
1 249	1 807	1	1
1 249	1 140	1	1
1 249	1 165	1	1
1 249	3 507	1	1
1 249	0 548	1	1
1 249	0 86	1	1
1 249	0 783	1	1
1 249	2 317	1	1
1 249	3 63	1	1
1 249	2 1	1	1
1 249	2 373	1	1
1 249	3 76	1	1
1 249	0 78	1	1
1 249	0 336	1	1
1 249	0 549	1	1
1 249	0 318	1	1
1 249	2 539	1	1
1 250	1 594	1	1
1 250	1 797	1	1
1 250	1 405	1	1
1 250	1 11	1	1
1 250	1 15	1	1
1 250	3 812	1	1
1 250	2 245	1	1
1 250	0 625	1	1
1 250	0 34	1	1
1 250	3 815	1	1
1 250	3 657	1	1
1 250	3 805	1	1
1 250	0 191	1	1
1 250	2 511	1	1
1 250	2 241	1	1
1 250	3 202	1	1
1 250	3 737	1	1
1 251	1 895	1	1
1 251	1 124	1	1
1 251	1 93	1	1
1 251	1 352	1	1
1 251	3 912	1	1
1 251	0 504	1	1
1 251	0 359	2	1
1 251	0 628	1	1
1 251	3 3	1	1
1 251	0 683	1	1
1 251	2 772	1	1
1 251	0 639	1	1
1 251	2 270	1	1
1 251	3 231	1	1
1 251	2 236	1	1
1 251	0 175	1	1
1 252	1 39	1	1
1 252	1 506	1	1
1 252	2 202	1	1
1 252	3 836	1	1
1 252	3 577	1	1
1 252	3 669	1	1
1 252	3 933	1	1
1 252	2 870	1	1
1 252	0 338	1	1
1 252	3 787	1	1
1 252	0 778	1	1
1 252	3 22	1	1
1 252	3 196	1	1
1 252	2 774	1	1
1 252	0 652	1	1
1 252	0 454	1	1
1 252	0 984	1	1
1 253	1 611	1	1
1 253	1 586	1	1
1 253	3 37	1	1
1 253	2 777	1	1
1 253	3 776	1	1
1 253	0 238	1	1
1 253	0 111	1	1
1 253	2 425	1	1
1 253	2 646	1	1
1 253	0 919	1	1
1 253	0 721	1	1
1 253	0 199	1	1
1 253	3 92	1	1
1 253	0 145	1	1
1 253	3 633	1	1
1 253	2 252	1	1
1 253	0 826	1	1
1 254	1 297	1	1
1 254	1 562	1	1
1 254	1 410	1	1
1 254	3 784	1	1
1 254	2 936	1	1
1 254	0 151	1	1
1 254	3 653	1	1
1 254	2 967	1	1
1 254	3 608	1	1
1 254	0 118	1	1
1 254	0 820	1	1
1 254	2 618	1	1
1 254	3 971	1	1
1 254	2 896	1	1
1 254	0 159	1	1
1 254	3 704	1	1
1 254	2 314	1	1
1 255	1 667	1	1
1 255	1 818	1	1
1 255	1 234	1	1
1 255	1 73	1	1
1 255	0 889	1	1
1 255	2 512	1	1
1 255	2 38	1	1
1 255	2 134	1	1
1 255	2 819	1	1
1 255	2 284	1	1
1 255	0 400	1	1
1 255	3 857	1	1
1 255	3 14	1	1
1 255	3 488	1	1
1 255	0 593	1	1
1 255	0 886	1	1
1 255	3 258	1	1
1 256	1 885	1	1
1 256	1 544	1	1
1 256	1 511	1	1
1 256	1 984	1	1
1 256	1 431	1	1
1 256	1 18	1	1
1 256	1 933	1	1
1 256	0 470	1	1
1 256	2 340	1	1
1 256	3 900	1	1
1 256	2 812	1	1
1 256	3 14	1	1
1 256	3 328	1	1
1 256	2 711	1	1
1 256	2 963	1	1
1 256	3 39	1	1
1 256	3 796	1	1
1 257	1 78	1	1
1 257	1 553	1	1
1 257	1 593	1	1
1 257	1 998	1	1
1 257	2 167	1	1
1 257	3 66	1	1
1 257	3 519	1	1
1 257	0 126	1	1
1 257	0 43	1	1
1 257	3 466	1	1
1 257	0 702	1	1
1 257	2 196	1	1
1 257	2 250	1	1
1 257	0 552	1	1
1 257	3 25	1	1
1 257	3 904	1	1
1 257	3 487	1	1
1 258	1 646	1	1
1 258	1 731	1	1
1 258	1 168	1	1
1 258	0 837	1	1
1 258	0 549	1	1
1 258	0 982	1	1
1 258	2 842	1	1
1 258	2 679	1	1
1 258	0 174	1	1
1 258	3 993	1	1
1 258	3 998	1	1
1 258	0 396	1	1
1 258	2 674	1	1
1 258	3 171	1	1
1 258	0 596	1	1
1 258	2 889	1	1
1 258	0 521	1	1
1 259	1 799	1	1
1 259	1 914	1	1
1 259	1 992	1	1
1 259	2 48	1	1
1 259	3 850	1	1
1 259	2 503	1	1
1 259	2 942	1	1
1 259	2 876	1	1
1 259	3 380	1	1
1 259	0 450	1	1
1 259	3 505	1	1
1 259	2 727	1	1
1 259	2 670	1	1
1 259	0 939	1	1
1 259	0 381	1	1
1 259	0 46	1	1
1 259	2 807	1	1
1 260	1 403	1	1
1 260	1 394	1	1
1 260	1 659	1	1
1 260	1 397	1	1
1 260	0 706	1	1
1 260	0 509	1	1
1 260	0 658	1	1
1 260	2 266	1	1
1 260	0 929	1	1
1 260	2 68	1	1
1 260	2 743	1	1
1 260	3 360	1	1
1 260	0 982	1	1
1 260	0 944	1	1
1 260	3 407	1	1
1 260	0 687	1	1
1 260	3 475	1	1
1 261	1 642	1	1
1 261	1 364	1	1
1 261	1 626	1	1
1 261	1 867	1	1
1 261	1 112	1	1
1 261	1 898	1	1
1 261	1 147	1	1
1 261	1 649	1	1
1 261	0 954	1	1
1 261	3 639	1	1
1 261	3 164	1	1
1 261	2 78	1	1
1 261	3 717	1	1
1 261	2 546	1	1
1 261	0 242	1	1
1 261	0 450	1	1
1 261	0 713	1	1
1 262	1 770	1	1
1 262	1 936	1	1
1 262	1 751	1	1
1 262	2 605	1	1
1 262	0 180	1	1
1 262	3 504	1	1
1 262	0 812	1	1
1 262	3 24	1	1
1 262	0 222	1	1
1 262	3 968	1	1
1 262	3 656	1	1
1 262	3 987	1	1
1 262	2 503	1	1
1 262	0 233	1	1
1 262	2 635	1	1
1 262	3 974	1	1
1 262	3 865	1	1
1 263	1 379	1	1
1 263	1 167	1	1
1 263	1 33	1	1
1 263	1 415	1	1
1 263	1 969	1	1
1 263	1 745	1	1
1 263	1 224	1	1
1 263	3 4	1	1
1 263	3 648	1	1
1 263	3 898	1	1
1 263	2 321	1	1
1 263	2 586	1	1
1 263	0 697	1	1
1 263	3 656	1	1
1 263	3 229	1	1
1 263	2 167	1	1
1 263	0 426	1	1
1 264	1 619	1	1
1 264	1 725	1	1
1 264	1 452	1	1
1 264	1 261	1	1
1 264	2 573	1	1
1 264	3 350	1	1
1 264	3 736	1	1
1 264	3 703	1	1
1 264	0 586	1	1
1 264	0 375	1	1
1 264	0 768	1	1
1 264	3 497	1	1
1 264	3 842	1	1
1 264	3 860	1	1
1 264	3 763	1	1
1 264	3 674	1	1
1 264	3 623	1	1
1 265	1 507	1	1
1 265	1 204	1	1
1 265	1 732	1	1
1 265	1 570	1	1
1 265	1 631	1	1
1 265	0 532	1	1
1 265	2 615	1	1
1 265	2 27	1	1
1 265	3 732	1	1
1 265	3 991	1	1
1 265	0 651	1	1
1 265	2 602	1	1
1 265	3 546	1	1
1 265	3 161	1	1
1 265	0 646	1	1
1 265	0 667	1	1
1 265	3 361	1	1
1 266	1 467	1	1
1 266	1 544	1	1
1 266	1 757	1	1
1 266	1 918	1	1
1 266	3 519	1	1
1 266	2 580	1	1
1 266	3 874	1	1
1 266	2 874	1	1
1 266	2 134	1	1
1 266	0 574	1	1
1 266	0 999	1	1
1 266	2 67	2	1
1 266	3 966	1	1
1 266	3 579	1	1
1 266	3 637	1	1
1 266	0 859	1	1
1 267	1 589	1	1
1 267	1 744	1	1
1 267	1 261	1	1
1 267	1 359	1	1
1 267	1 84	1	1
1 267	1 500	1	1
1 267	1 599	1	1
1 267	1 765	1	1
1 267	1 379	1	1
1 267	3 204	1	1
1 267	3 191	1	1
1 267	2 816	1	1
1 267	0 714	1	1
1 267	2 108	1	1
1 267	2 738	1	1
1 267	3 993	1	1
1 267	0 825	1	1
1 268	1 260	1	1
1 268	1 977	1	1
1 268	1 355	1	1
1 268	1 814	1	1
1 268	1 479	1	1
1 268	3 712	1	1
1 268	2 326	1	1
1 268	0 182	1	1
1 268	0 75	1	1
1 268	0 88	1	1
1 268	2 7	1	1
1 268	3 541	1	1
1 268	0 872	1	1
1 268	0 391	1	1
1 268	2 733	1	1
1 268	0 486	1	1
1 268	3 99	1	1
1 269	1 359	1	1
1 269	1 704	1	1
1 269	1 61	1	1
1 269	1 502	1	1
1 269	1 400	1	1
1 269	1 575	1	1
1 269	0 731	1	1
1 269	3 909	1	1
1 269	3 146	1	1
1 269	2 734	1	1
1 269	3 201	1	1
1 269	2 785	1	1
1 269	3 44	1	1
1 269	0 173	1	1
1 269	0 709	1	1
1 269	3 813	1	1
1 269	0 966	1	1
1 270	1 46	1	1
1 270	1 163	1	1
1 270	1 430	1	1
1 270	3 480	1	1
1 270	0 358	1	1
1 270	2 876	1	1
1 270	2 312	1	1
1 270	2 201	1	1
1 270	3 766	1	1
1 270	0 142	1	1
1 270	3 101	1	1
1 270	3 147	1	1
1 270	3 521	1	1
1 270	0 919	1	1
1 270	0 264	1	1
1 270	0 235	1	1
1 270	3 714	1	1
1 271	1 482	1	1
1 271	1 773	1	1
1 271	1 435	1	1
1 271	1 311	1	1
1 271	1 662	1	1
1 271	1 733	1	1
1 271	2 381	1	1
1 271	2 722	1	1
1 271	0 247	1	1
1 271	2 311	1	1
1 271	0 370	1	1
1 271	2 287	1	1
1 271	0 841	1	1
1 271	0 936	1	1
1 271	3 239	1	1
1 271	2 633	1	1
1 271	0 24	1	1
1 272	1 16	1	1
1 272	1 59	1	1
1 272	1 767	1	1
1 272	1 6	1	1
1 272	0 277	1	1
1 272	2 473	1	1
1 272	3 716	1	1
1 272	3 514	1	1
1 272	2 340	1	1
1 272	0 615	1	1
1 272	2 710	1	1
1 272	2 42	1	1
1 272	0 322	1	1
1 272	3 121	1	1
1 272	3 484	1	1
1 272	0 976	1	1
1 272	2 640	1	1
1 273	1 481	1	1
1 273	1 251	1	1
1 273	1 807	1	1
1 273	1 356	1	1
1 273	1 614	1	1
1 273	1 349	1	1
1 273	1 522	1	1
1 273	0 834	1	1
1 273	0 140	1	1
1 273	3 457	1	1
1 273	0 34	1	1
1 273	0 517	1	1
1 273	2 123	1	1
1 273	3 143	1	1
1 273	2 530	1	1
1 273	3 333	1	1
1 273	2 665	1	1
1 274	1 77	1	1
1 274	1 649	1	1
1 274	1 921	1	1
1 274	1 664	1	1
1 274	2 847	1	1
1 274	3 634	1	1
1 274	3 924	1	1
1 274	0 466	1	1
1 274	0 940	1	1
1 274	2 6	1	1
1 274	3 742	1	1
1 274	2 697	1	1
1 274	2 286	1	1
1 274	3 16	1	1
1 274	3 585	1	1
1 274	2 688	1	1
1 274	0 518	1	1
1 275	1 732	1	1
1 275	1 827	1	1
1 275	0 282	1	1
1 275	3 219	1	1
1 275	0 237	1	1
1 275	2 302	1	1
1 275	0 887	1	1
1 275	2 38	1	1
1 275	0 707	1	1
1 275	2 726	1	1
1 275	0 437	1	1
1 275	3 381	1	1
1 275	3 38	1	1
1 275	3 950	1	1
1 275	0 118	1	1
1 275	3 845	1	1
1 275	3 451	1	1
1 276	1 22	1	1
1 276	1 480	1	1
1 276	1 455	1	1
1 276	1 330	1	1
1 276	1 910	1	1
1 276	1 742	1	1
1 276	3 627	1	1
1 276	0 360	1	1
1 276	2 937	1	1
1 276	2 682	1	1
1 276	0 991	1	1
1 276	0 190	1	1
1 276	2 888	1	1
1 276	3 417	1	1
1 276	2 845	1	1
1 276	0 754	1	1
1 276	3 87	1	1
1 277	0 888	1	1
1 277	2 721	1	1
1 277	2 701	1	1
1 277	3 283	1	1
1 277	2 852	1	1
1 277	0 829	1	1
1 277	3 442	1	1
1 277	3 620	1	1
1 277	0 65	1	1
1 277	0 803	1	1
1 277	3 31	1	1
1 277	0 744	1	1
1 277	0 563	1	1
1 277	2 641	1	1
1 277	2 567	1	1
1 277	2 298	1	1
1 277	3 659	1	1
1 278	1 735	1	1
1 278	1 896	1	1
1 278	1 204	1	1
1 278	1 312	1	1
1 278	1 260	1	1
1 278	1 723	1	1
1 278	1 105	1	1
1 278	1 620	1	1
1 278	3 148	1	1
1 278	0 241	1	1
1 278	2 678	1	1
1 278	2 925	1	1
1 278	2 55	1	1
1 278	3 102	1	1
1 278	0 887	1	1
1 278	2 305	1	1
1 278	0 150	1	1
1 279	1 21	1	1
1 279	1 324	1	1
1 279	1 29	1	1
1 279	1 787	1	1
1 279	2 877	1	1
1 279	3 39	1	1
1 279	3 759	1	1
1 279	2 56	1	1
1 279	3 413	1	1
1 279	2 255	1	1
1 279	0 922	1	1
1 279	2 66	1	1
1 279	0 591	1	1
1 279	3 507	1	1
1 279	0 139	1	1
1 279	0 426	1	1
1 279	3 585	1	1
1 280	1 480	1	1
1 280	1 461	1	1
1 280	1 127	1	1
1 280	1 37	1	1
1 280	1 641	1	1
1 280	1 645	1	1
1 280	3 775	1	1
1 280	3 671	1	1
1 280	2 963	1	1
1 280	0 295	1	1
1 280	0 189	1	1
1 280	3 172	1	1
1 280	0 534	1	1
1 280	3 735	1	1
1 280	0 458	1	1
1 280	0 641	1	1
1 280	2 811	1	1
1 281	1 391	1	1
1 281	1 889	1	1
1 281	1 783	1	1
1 281	3 869	1	1
1 281	2 319	1	1
1 281	0 86	1	1
1 281	3 824	1	1
1 281	2 201	1	1
1 281	2 802	1	1
1 281	3 638	1	1
1 281	0 745	1	1
1 281	3 314	1	1
1 281	3 373	1	1
1 281	0 430	1	1
1 281	0 998	1	1
1 281	2 118	1	1
1 281	3 549	1	1
1 282	1 823	1	1
1 282	1 850	1	1
1 282	1 100	1	1
1 282	1 657	1	1
1 282	1 959	1	1
1 282	3 917	1	1
1 282	0 449	1	1
1 282	2 845	1	1
1 282	2 479	1	1
1 282	0 781	1	1
1 282	0 891	1	1
1 282	2 131	1	1
1 282	0 989	1	1
1 282	0 58	1	1
1 282	2 177	1	1
1 282	3 207	1	1
1 282	0 75	1	1
1 283	1 339	1	1
1 283	1 393	1	1
1 283	1 888	1	1
1 283	3 934	1	1
1 283	3 949	1	1
1 283	3 142	1	1
1 283	0 573	1	1
1 283	3 112	1	1
1 283	3 961	1	1
1 283	0 496	1	1
1 283	3 378	1	1
1 283	0 108	1	1
1 283	3 63	1	1
1 283	3 219	1	1
1 283	3 598	1	1
1 283	0 175	1	1
1 283	3 830	1	1
1 284	1 132	1	1
1 284	1 623	1	1
1 284	1 560	1	1
1 284	3 762	1	1
1 284	2 194	1	1
1 284	3 885	1	1
1 284	2 451	1	1
1 284	3 134	1	1
1 284	0 816	1	1
1 284	3 484	1	1
1 284	2 476	1	1
1 284	3 523	1	1
1 284	2 375	1	1
1 284	0 900	1	1
1 284	0 451	1	1
1 284	2 707	1	1
1 284	2 737	1	1
1 285	1 814	1	1
1 285	1 66	1	1
1 285	1 402	1	1
1 285	1 775	1	1
1 285	1 379	1	1
1 285	1 395	1	1
1 285	2 720	1	1
1 285	3 889	1	1
1 285	0 367	1	1
1 285	0 432	1	1
1 285	3 85	1	1
1 285	2 566	1	1
1 285	3 88	1	1
1 285	3 526	1	1
1 285	2 218	1	1
1 285	2 141	1	1
1 285	2 952	1	1
1 286	1 239	1	1
1 286	1 647	1	1
1 286	1 848	1	1
1 286	1 153	1	1
1 286	1 934	1	1
1 286	1 606	1	1
1 286	1 891	1	1
1 286	2 701	1	1
1 286	3 972	1	1
1 286	0 404	1	1
1 286	3 190	1	1
1 286	2 107	1	1
1 286	0 714	1	1
1 286	0 803	1	1
1 286	0 684	1	1
1 286	0 599	1	1
1 286	3 857	1	1
1 287	1 951	1	1
1 287	1 633	1	1
1 287	1 291	1	1
1 287	1 180	1	1
1 287	1 377	1	1
1 287	3 521	1	1
1 287	3 55	1	1
1 287	3 445	1	1
1 287	2 936	1	1
1 287	0 379	1	1
1 287	3 114	1	1
1 287	2 961	1	1
1 287	0 93	1	1
1 287	0 988	1	1
1 287	2 552	1	1
1 287	0 494	1	1
1 287	0 838	1	1
1 288	1 437	1	1
1 288	1 286	1	1
1 288	1 879	1	1
1 288	1 379	1	1
1 288	2 733	1	1
1 288	0 368	1	1
1 288	3 195	1	1
1 288	3 421	1	1
1 288	3 13	1	1
1 288	2 499	1	1
1 288	3 608	1	1
1 288	0 744	1	1
1 288	0 31	1	1
1 288	0 599	1	1
1 288	0 847	1	1
1 288	2 702	1	1
1 288	3 536	1	1
1 289	1 765	1	1
1 289	1 413	1	1
1 289	1 173	1	1
1 289	1 415	1	1
1 289	1 124	1	1
1 289	2 626	1	1
1 289	2 527	1	1
1 289	2 393	1	1
1 289	3 894	1	1
1 289	3 92	1	1
1 289	0 827	1	1
1 289	3 265	1	1
1 289	2 87	1	1
1 289	2 85	1	1
1 289	3 27	1	1
1 289	0 350	1	1
1 289	3 471	1	1
1 290	1 90	1	1
1 290	1 777	1	1
1 290	1 285	1	1
1 290	1 563	1	1
1 290	1 500	1	1
1 290	3 846	1	1
1 290	2 451	1	1
1 290	2 893	1	1
1 290	2 89	1	1
1 290	3 383	1	1
1 290	2 338	1	1
1 290	3 461	1	1
1 290	0 108	1	1
1 290	2 585	1	1
1 290	0 177	1	1
1 290	0 960	1	1
1 290	0 42	1	1
1 291	1 394	1	1
1 291	1 286	1	1
1 291	1 150	1	1
1 291	1 761	1	1
1 291	2 919	1	1
1 291	0 267	1	1
1 291	2 366	1	1
1 291	0 778	1	1
1 291	3 821	1	1
1 291	2 145	1	1
1 291	3 992	1	1
1 291	2 731	1	1
1 291	2 559	1	1
1 291	3 272	1	1
1 291	0 116	1	1
1 291	3 291	1	1
1 291	0 232	1	1
1 292	1 509	1	1
1 292	1 744	1	1
1 292	3 335	1	1
1 292	2 338	1	1
1 292	2 310	1	1
1 292	3 442	1	1
1 292	3 728	1	1
1 292	2 613	1	1
1 292	0 51	1	1
1 292	3 644	1	1
1 292	0 854	1	1
1 292	3 847	1	1
1 292	3 29	1	1
1 292	0 621	1	1
1 292	2 13	1	1
1 292	2 862	1	1
1 292	0 774	1	1
1 293	1 658	1	1
1 293	1 545	1	1
1 293	2 273	1	1
1 293	3 241	1	1
1 293	0 847	1	1
1 293	2 531	1	1
1 293	0 944	1	1
1 293	2 593	1	1
1 293	0 628	1	1
1 293	2 10	1	1
1 293	3 866	1	1
1 293	3 899	1	1
1 293	2 831	1	1
1 293	2 796	1	1
1 293	3 450	1	1
1 293	2 155	1	1
1 293	2 90	1	1
1 294	1 830	1	1
1 294	1 204	1	1
1 294	1 847	1	1
1 294	1 78	1	1
1 294	3 150	1	1
1 294	3 776	1	1
1 294	0 845	1	1
1 294	0 599	1	1
1 294	3 167	1	1
1 294	2 317	1	1
1 294	3 364	1	1
1 294	2 881	1	1
1 294	3 959	1	1
1 294	3 738	1	1
1 294	2 923	1	1
1 294	2 84	1	1
1 294	0 875	1	1
1 295	1 810	1	1
1 295	1 280	1	1
1 295	1 177	1	1
1 295	1 277	1	1
1 295	0 802	1	1
1 295	2 932	1	1
1 295	3 995	1	1
1 295	3 578	1	1
1 295	2 387	1	1
1 295	3 404	1	1
1 295	0 843	1	1
1 295	0 824	1	1
1 295	2 824	1	1
1 295	3 460	1	1
1 295	3 386	1	1
1 295	2 912	1	1
1 295	3 955	1	1
1 296	1 900	1	1
1 296	1 883	1	1
1 296	3 122	1	1
1 296	0 670	1	1
1 296	0 770	1	1
1 296	3 430	1	1
1 296	3 687	1	1
1 296	0 266	1	1
1 296	2 459	1	1
1 296	2 386	1	1
1 296	0 510	1	1
1 296	0 325	1	1
1 296	2 412	1	1
1 296	3 790	1	1
1 296	0 479	1	1
1 296	3 569	1	1
1 296	0 665	1	1
1 297	1 791	1	1
1 297	1 565	1	1
1 297	1 923	1	1
1 297	1 820	1	1
1 297	1 363	1	1
1 297	2 864	1	1
1 297	3 358	1	1
1 297	2 647	1	1
1 297	0 989	1	1
1 297	2 689	1	1
1 297	2 815	1	1
1 297	0 162	1	1
1 297	3 466	1	1
1 297	0 688	1	1
1 297	3 750	1	1
1 297	0 687	1	1
1 297	0 884	1	1
1 298	1 238	1	1
1 298	1 19	1	1
1 298	1 319	1	1
1 298	1 152	1	1
1 298	1 137	1	1
1 298	3 580	1	1
1 298	2 22	1	1
1 298	2 620	1	1
1 298	2 28	1	1
1 298	3 367	1	1
1 298	3 975	1	1
1 298	0 419	1	1
1 298	2 476	1	1
1 298	0 371	1	1
1 298	0 447	1	1
1 298	2 599	1	1
1 298	2 524	1	1
1 299	1 958	1	1
1 299	1 664	1	1
1 299	1 886	1	1
1 299	2 616	1	1
1 299	2 760	1	1
1 299	2 211	1	1
1 299	3 405	1	1
1 299	0 288	1	1
1 299	3 906	1	1
1 299	2 427	1	1
1 299	2 521	1	1
1 299	0 495	1	1
1 299	0 975	1	1
1 299	0 136	1	1
1 299	2 335	1	1
1 299	0 346	1	1
1 299	2 197	1	1
1 300	1 648	1	1
1 300	1 383	1	1
1 300	1 507	1	1
1 300	1 811	1	1
1 300	1 337	1	1
1 300	1 347	1	1
1 300	0 933	1	1
1 300	0 550	1	1
1 300	2 980	1	1
1 300	3 863	1	1
1 300	3 834	1	1
1 300	2 520	1	1
1 300	0 625	1	1
1 300	2 341	1	1
1 300	2 162	1	1
1 300	0 436	1	1
1 300	2 916	1	1
1 301	1 434	1	1
1 301	1 3	1	1
1 301	1 824	1	1
1 301	1 17	1	1
1 301	1 34	1	1
1 301	1 52	1	1
1 301	0 618	1	1
1 301	3 38	1	1
1 301	0 679	1	1
1 301	2 248	1	1
1 301	0 399	1	1
1 301	2 726	1	1
1 301	2 736	1	1
1 301	3 151	1	1
1 301	3 869	1	1
1 301	2 270	1	1
1 301	2 118	1	1
1 302	1 198	1	1
1 302	1 939	1	1
1 302	1 790	1	1
1 302	1 676	1	1
1 302	3 262	1	1
1 302	2 618	1	1
1 302	2 734	1	1
1 302	0 100	1	1
1 302	3 952	1	1
1 302	3 360	1	1
1 302	3 910	1	1
1 302	3 687	1	1
1 302	2 904	1	1
1 302	3 326	1	1
1 302	2 852	1	1
1 302	3 842	1	1
1 302	3 180	1	1
1 303	1 172	1	1
1 303	1 761	1	1
1 303	1 893	1	1
1 303	1 867	1	1
1 303	1 561	1	1
1 303	1 832	1	1
1 303	2 913	1	1
1 303	0 626	1	1
1 303	0 401	1	1
1 303	0 83	1	1
1 303	0 372	1	1
1 303	3 692	1	1
1 303	0 859	1	1
1 303	2 647	1	1
1 303	0 373	1	1
1 303	3 474	1	1
1 303	3 946	1	1
1 304	1 917	1	1
1 304	0 165	1	1
1 304	0 728	1	1
1 304	3 126	1	1
1 304	0 638	1	1
1 304	2 476	1	1
1 304	2 773	1	1
1 304	2 670	1	1
1 304	0 282	1	1
1 304	0 293	1	1
1 304	3 410	1	1
1 304	2 436	1	1
1 304	0 512	1	1
1 304	2 303	1	1
1 304	2 29	1	1
1 304	2 507	1	1
1 304	0 897	1	1
1 305	1 12	1	1
1 305	1 888	1	1
1 305	1 456	1	1
1 305	0 322	1	1
1 305	2 607	1	1
1 305	2 630	1	1
1 305	3 243	1	1
1 305	2 770	1	1
1 305	2 372	1	1
1 305	2 761	1	1
1 305	2 234	1	1
1 305	2 668	1	1
1 305	3 732	1	1
1 305	3 148	1	1
1 305	3 355	1	1
1 305	3 371	1	1
1 305	3 147	1	1
1 306	1 341	1	1
1 306	1 24	1	1
1 306	1 345	1	1
1 306	1 417	1	1
1 306	1 756	1	1
1 306	0 736	1	1
1 306	0 249	1	1
1 306	0 549	1	1
1 306	3 30	1	1
1 306	0 735	1	1
1 306	0 504	1	1
1 306	0 296	1	1
1 306	0 892	1	1
1 306	0 209	1	1
1 306	0 42	1	1
1 306	2 707	1	1
1 306	0 422	1	1
1 307	1 906	1	1
1 307	1 107	1	1
1 307	3 728	1	1
1 307	2 304	1	1
1 307	2 788	1	1
1 307	2 259	1	1
1 307	0 692	1	1
1 307	2 276	1	1
1 307	0 196	1	1
1 307	3 954	1	1
1 307	2 323	1	1
1 307	3 171	1	1
1 307	3 492	1	1
1 307	2 880	1	1
1 307	0 744	1	1
1 307	3 886	1	1
1 307	3 290	1	1
1 308	1 607	1	1
1 308	1 556	1	1
1 308	1 833	1	1
1 308	3 846	1	1
1 308	0 602	1	1
1 308	2 262	1	1
1 308	0 842	1	1
1 308	0 822	1	1
1 308	0 67	1	1
1 308	0 640	1	1
1 308	0 914	1	1
1 308	0 164	1	1
1 308	0 999	1	1
1 308	0 450	1	1
1 308	0 840	1	1
1 308	0 343	1	1
1 308	0 794	1	1
1 309	1 865	1	1
1 309	1 548	1	1
1 309	1 285	1	1
1 309	1 741	1	1
1 309	1 409	1	1
1 309	1 351	1	1
1 309	1 316	1	1
1 309	1 640	1	1
1 309	2 246	1	1
1 309	2 147	1	1
1 309	3 645	1	1
1 309	3 530	1	1
1 309	2 508	1	1
1 309	3 915	1	1
1 309	0 231	1	1
1 309	0 214	1	1
1 309	2 412	1	1
1 310	1 821	1	1
1 310	1 990	1	1
1 310	3 673	1	1
1 310	0 949	1	1
1 310	2 961	1	1
1 310	3 3	1	1
1 310	2 355	1	1
1 310	2 459	1	1
1 310	0 111	1	1
1 310	3 38	1	1
1 310	2 996	1	1
1 310	0 596	1	1
1 310	2 896	1	1
1 310	0 16	1	1
1 310	2 680	1	1
1 310	2 87	1	1
1 310	3 359	1	1
1 311	1 783	1	1
1 311	1 835	1	1
1 311	0 772	1	1
1 311	3 837	1	1
1 311	2 789	1	1
1 311	0 24	1	1
1 311	0 291	1	1
1 311	2 879	1	1
1 311	2 143	1	1
1 311	2 524	1	1
1 311	2 475	1	1
1 311	2 145	1	1
1 311	3 251	1	1
1 311	0 555	1	1
1 311	0 9	1	1
1 311	0 642	1	1
1 311	2 37	1	1
1 312	1 940	1	1
1 312	1 949	1	1
1 312	1 689	1	1
1 312	1 7	1	1
1 312	2 883	1	1
1 312	0 388	1	1
1 312	0 939	1	1
1 312	3 378	1	1
1 312	3 12	1	1
1 312	0 955	1	1
1 312	0 35	1	1
1 312	0 813	1	1
1 312	2 113	1	1
1 312	3 975	1	1
1 312	2 924	1	1
1 312	3 188	1	1
1 312	3 380	1	1
1 313	1 642	1	1
1 313	1 748	1	1
1 313	1 145	1	1
1 313	3 619	1	1
1 313	3 804	1	1
1 313	2 792	1	1
1 313	2 73	1	1
1 313	3 296	1	1
1 313	2 475	1	1
1 313	3 143	1	1
1 313	3 216	1	1
1 313	3 497	1	1
1 313	3 930	1	1
1 313	0 758	1	1
1 313	0 973	1	1
1 313	0 867	1	1
1 313	3 107	1	1
1 314	1 125	1	1
1 314	1 975	1	1
1 314	1 252	1	1
1 314	0 424	1	1
1 314	0 998	1	1
1 314	2 634	1	1
1 314	2 372	1	1
1 314	3 358	1	1
1 314	2 506	1	1
1 314	3 729	1	1
1 314	2 287	1	1
1 314	3 738	1	1
1 314	2 164	1	1
1 314	0 189	1	1
1 314	2 706	1	1
1 314	2 757	1	1
1 314	3 924	1	1
1 315	1 676	1	1
1 315	1 780	1	1
1 315	1 946	1	1
1 315	1 898	1	1
1 315	3 915	1	1
1 315	2 931	1	1
1 315	3 367	1	1
1 315	3 472	1	1
1 315	0 403	1	1
1 315	3 926	1	1
1 315	3 690	1	1
1 315	2 237	1	1
1 315	2 776	1	1
1 315	3 628	1	1
1 315	2 543	1	1
1 315	2 416	1	1
1 315	2 217	1	1
1 316	1 485	1	1
1 316	1 130	1	1
1 316	1 199	1	1
1 316	1 221	1	1
1 316	1 386	1	1
1 316	1 605	1	1
1 316	2 567	1	1
1 316	2 28	1	1
1 316	0 329	1	1
1 316	3 893	1	1
1 316	3 786	1	1
1 316	3 770	1	1
1 316	3 480	1	1
1 316	3 48	2	1
1 316	3 174	1	1
1 316	3 949	1	1
1 317	1 266	1	1
1 317	1 428	1	1
1 317	1 716	1	1
1 317	2 305	1	1
1 317	3 834	1	1
1 317	3 511	1	1
1 317	2 251	1	1
1 317	3 93	1	1
1 317	2 373	1	1
1 317	0 85	1	1
1 317	3 840	1	1
1 317	2 295	1	1
1 317	3 391	1	1
1 317	3 170	1	1
1 317	2 993	1	1
1 317	2 71	1	1
1 317	2 937	1	1
1 318	1 802	1	1
1 318	0 696	2	1
1 318	2 224	1	1
1 318	0 628	1	1
1 318	2 750	1	1
1 318	3 650	1	1
1 318	2 655	1	1
1 318	0 710	1	1
1 318	3 216	1	1
1 318	3 430	1	1
1 318	2 83	1	1
1 318	3 474	1	1
1 318	3 453	1	1
1 318	3 607	1	1
1 318	3 777	1	1
1 318	3 882	1	1
1 319	1 936	1	1
1 319	1 388	1	1
1 319	1 725	1	1
1 319	1 146	1	1
1 319	1 698	1	1
1 319	1 185	1	1
1 319	0 293	1	1
1 319	0 242	1	1
1 319	0 835	1	1
1 319	2 284	1	1
1 319	3 278	1	1
1 319	3 96	1	1
1 319	3 960	1	1
1 319	0 371	1	1
1 319	3 807	1	1
1 319	3 695	1	1
1 319	3 645	1	1
1 320	1 192	1	1
1 320	1 564	1	1
1 320	1 807	1	1
1 320	1 832	1	1
1 320	1 359	1	1
1 320	1 15	1	1
1 320	0 687	1	1
1 320	0 420	1	1
1 320	3 558	1	1
1 320	2 493	1	1
1 320	0 515	1	1
1 320	3 870	1	1
1 320	2 997	1	1
1 320	2 545	1	1
1 320	2 714	1	1
1 320	3 952	1	1
1 320	0 390	1	1
1 321	1 273	1	1
1 321	1 561	1	1
1 321	1 194	1	1
1 321	1 566	1	1
1 321	2 438	1	1
1 321	3 32	1	1
1 321	2 553	1	1
1 321	2 523	1	1
1 321	0 113	1	1
1 321	3 703	1	1
1 321	3 596	1	1
1 321	3 890	1	1
1 321	3 518	1	1
1 321	2 498	1	1
1 321	0 581	1	1
1 321	3 576	1	1
1 321	3 796	1	1
1 322	1 525	1	1
1 322	0 537	1	1
1 322	3 440	1	1
1 322	3 729	1	1
1 322	2 637	1	1
1 322	0 559	1	1
1 322	3 584	1	1
1 322	2 457	1	1
1 322	2 805	1	1
1 322	3 678	1	1
1 322	0 502	1	1
1 322	0 517	1	1
1 322	3 721	1	1
1 322	0 497	1	1
1 322	3 674	1	1
1 322	2 268	1	1
1 322	3 100	1	1
1 323	1 20	1	1
1 323	1 941	1	1
1 323	1 196	1	1
1 323	1 408	1	1
1 323	1 674	1	1
1 323	2 771	1	1
1 323	2 841	1	1
1 323	0 474	1	1
1 323	2 149	1	1
1 323	3 520	2	1
1 323	2 442	1	1
1 323	2 736	1	1
1 323	2 938	1	1
1 323	2 238	1	1
1 323	0 886	1	1
1 323	2 604	1	1
1 324	1 328	1	1
1 324	1 988	1	1
1 324	1 678	1	1
1 324	2 684	1	1
1 324	2 196	1	1
1 324	3 595	1	1
1 324	0 356	1	1
1 324	3 533	1	1
1 324	2 262	1	1
1 324	0 38	1	1
1 324	3 34	1	1
1 324	0 686	1	1
1 324	0 949	1	1
1 324	2 681	1	1
1 324	3 297	1	1
1 324	2 10	1	1
1 324	0 442	1	1
1 325	1 469	1	1
1 325	1 817	1	1
1 325	1 761	1	1
1 325	1 991	1	1
1 325	0 317	1	1
1 325	2 785	1	1
1 325	0 521	1	1
1 325	3 948	1	1
1 325	2 864	1	1
1 325	3 160	1	1
1 325	0 380	1	1
1 325	0 987	1	1
1 325	2 916	1	1
1 325	2 537	1	1
1 325	0 239	1	1
1 325	3 10	1	1
1 325	3 971	1	1
1 326	1 598	1	1
1 326	1 572	1	1
1 326	1 465	1	1
1 326	0 36	1	1
1 326	3 934	1	1
1 326	0 194	1	1
1 326	2 412	1	1
1 326	0 900	1	1
1 326	0 319	1	1
1 326	3 725	1	1
1 326	0 885	1	1
1 326	2 680	1	1
1 326	3 787	1	1
1 326	2 797	1	1
1 326	3 293	1	1
1 326	3 186	1	1
1 326	3 318	1	1
1 327	1 440	1	1
1 327	1 287	1	1
1 327	1 878	1	1
1 327	1 798	1	1
1 327	3 56	1	1
1 327	0 246	1	1
1 327	0 528	1	1
1 327	3 307	1	1
1 327	3 18	1	1
1 327	0 960	1	1
1 327	2 571	1	1
1 327	2 264	1	1
1 327	0 556	1	1
1 327	0 870	1	1
1 327	0 683	1	1
1 327	2 442	1	1
1 327	2 348	1	1
1 328	1 526	1	1
1 328	1 129	1	1
1 328	1 374	1	1
1 328	1 87	1	1
1 328	1 896	1	1
1 328	1 64	1	1
1 328	0 281	1	1
1 328	3 139	1	1
1 328	2 660	1	1
1 328	0 306	1	1
1 328	3 851	1	1
1 328	2 588	1	1
1 328	0 627	1	1
1 328	3 340	1	1
1 328	2 835	1	1
1 328	2 218	1	1
1 328	0 24	1	1
1 329	1 324	1	1
1 329	1 910	1	1
1 329	2 639	1	1
1 329	2 751	1	1
1 329	0 656	1	1
1 329	0 826	1	1
1 329	3 124	1	1
1 329	0 252	1	1
1 329	2 454	1	1
1 329	3 258	1	1
1 329	2 993	1	1
1 329	2 333	1	1
1 329	0 732	1	1
1 329	0 567	1	1
1 329	0 559	1	1
1 329	2 272	1	1
1 329	3 19	1	1
1 330	1 89	1	1
1 330	1 203	1	1
1 330	1 747	1	1
1 330	3 809	1	1
1 330	2 209	1	1
1 330	0 83	1	1
1 330	2 460	1	1
1 330	2 85	1	1
1 330	0 335	1	1
1 330	0 751	1	1
1 330	0 431	1	1
1 330	2 198	1	1
1 330	2 6	1	1
1 330	0 716	1	1
1 330	0 494	1	1
1 330	0 236	1	1
1 330	3 808	1	1
1 331	1 593	1	1
1 331	2 34	1	1
1 331	3 860	1	1
1 331	2 667	1	1
1 331	3 539	1	1
1 331	3 442	1	1
1 331	2 984	1	1
1 331	2 477	1	1
1 331	3 5	1	1
1 331	3 139	1	1
1 331	3 983	1	1
1 331	0 211	1	1
1 331	3 506	1	1
1 331	0 615	1	1
1 331	2 682	1	1
1 331	0 814	1	1
1 331	3 264	1	1
1 332	1 493	1	1
1 332	1 389	1	1
1 332	0 309	1	1
1 332	3 746	1	1
1 332	3 71	1	1
1 332	2 686	1	1
1 332	3 241	1	1
1 332	0 857	1	1
1 332	0 529	1	1
1 332	3 799	1	1
1 332	3 554	1	1
1 332	3 294	1	1
1 332	2 855	1	1
1 332	2 203	1	1
1 332	0 521	1	1
1 332	3 271	1	1
1 332	2 250	1	1
1 333	1 584	1	1
1 333	1 149	1	1
1 333	1 74	1	1
1 333	2 32	1	1
1 333	0 953	1	1
1 333	3 494	1	1
1 333	0 487	1	1
1 333	0 531	1	1
1 333	3 875	1	1
1 333	3 431	1	1
1 333	0 693	1	1
1 333	3 389	1	1
1 333	2 860	1	1
1 333	0 78	1	1
1 333	3 611	1	1
1 333	0 178	1	1
1 333	3 885	1	1
1 334	1 975	1	1
1 334	1 1000	1	1
1 334	1 811	1	1
1 334	1 38	1	1
1 334	2 885	1	1
1 334	3 998	1	1
1 334	2 116	1	1
1 334	2 741	1	1
1 334	3 784	1	1
1 334	0 913	1	1
1 334	3 881	1	1
1 334	3 708	1	1
1 334	0 373	1	1
1 334	2 94	1	1
1 334	0 720	1	1
1 334	2 35	1	1
1 334	0 832	1	1
1 335	1 441	1	1
1 335	1 353	1	1
1 335	1 376	1	1
1 335	1 22	1	1
1 335	1 717	1	1
1 335	0 755	1	1
1 335	0 556	1	1
1 335	0 351	1	1
1 335	0 212	1	1
1 335	0 661	1	1
1 335	3 774	1	1
1 335	0 5	1	1
1 335	2 512	1	1
1 335	0 795	1	1
1 335	2 96	1	1
1 335	2 718	1	1
1 335	2 780	1	1
1 336	1 104	1	1
1 336	1 700	1	1
1 336	1 803	1	1
1 336	1 722	1	1
1 336	1 60	1	1
1 336	1 256	1	1
1 336	0 112	1	1
1 336	2 507	1	1
1 336	3 803	1	1
1 336	2 872	1	1
1 336	2 669	1	1
1 336	3 136	1	1
1 336	2 775	1	1
1 336	2 867	1	1
1 336	2 871	1	1
1 336	0 972	1	1
1 336	3 630	1	1
1 337	1 707	1	1
1 337	1 588	1	1
1 337	1 78	1	1
1 337	1 560	1	1
1 337	1 73	1	1
1 337	1 593	1	1
1 337	0 112	1	1
1 337	3 323	1	1
1 337	2 739	1	1
1 337	0 522	1	1
1 337	0 183	1	1
1 337	3 567	1	1
1 337	0 19	1	1
1 337	0 993	1	1
1 337	3 544	1	1
1 337	3 639	1	1
1 337	3 684	1	1
1 338	1 751	1	1
1 338	1 651	1	1
1 338	1 215	1	1
1 338	1 384	1	1
1 338	1 54	1	1
1 338	1 444	2	1
1 338	1 282	1	1
1 338	2 150	1	1
1 338	3 814	1	1
1 338	2 528	1	1
1 338	3 337	1	1
1 338	3 553	1	1
1 338	0 917	1	1
1 338	0 465	1	1
1 338	3 792	1	1
1 338	2 309	1	1
1 339	1 601	1	1
1 339	1 991	1	1
1 339	1 214	1	1
1 339	1 751	1	1
1 339	1 909	1	1
1 339	1 622	1	1
1 339	2 51	1	1
1 339	0 298	1	1
1 339	0 72	1	1
1 339	3 193	1	1
1 339	2 497	1	1
1 339	2 272	1	1
1 339	0 985	1	1
1 339	0 585	1	1
1 339	0 52	1	1
1 339	2 952	1	1
1 339	2 551	1	1
1 340	1 494	1	1
1 340	1 619	1	1
1 340	1 443	1	1
1 340	0 858	1	1
1 340	3 742	1	1
1 340	3 840	1	1
1 340	2 29	1	1
1 340	0 645	1	1
1 340	3 914	1	1
1 340	0 934	1	1
1 340	2 295	1	1
1 340	3 104	1	1
1 340	0 276	1	1
1 340	0 100	1	1
1 340	2 957	1	1
1 340	2 163	1	1
1 340	0 231	1	1
1 341	1 958	1	1
1 341	1 899	1	1
1 341	1 288	1	1
1 341	1 139	1	1
1 341	1 758	1	1
1 341	1 233	1	1
1 341	1 77	1	1
1 341	3 558	1	1
1 341	0 290	1	1
1 341	2 310	1	1
1 341	3 431	1	1
1 341	2 74	1	1
1 341	2 865	1	1
1 341	0 408	1	1
1 341	0 370	1	1
1 341	0 131	1	1
1 341	3 631	1	1
1 342	1 921	1	1
1 342	1 419	1	1
1 342	1 249	1	1
1 342	1 824	1	1
1 342	2 600	1	1
1 342	2 858	1	1
1 342	3 504	1	1
1 342	0 932	1	1
1 342	3 317	1	1
1 342	0 909	1	1
1 342	2 486	1	1
1 342	2 389	1	1
1 342	2 445	1	1
1 342	3 404	1	1
1 342	0 294	1	1
1 342	0 167	1	1
1 342	2 761	1	1
1 343	1 202	1	1
1 343	1 142	1	1
1 343	0 235	1	1
1 343	0 426	1	1
1 343	0 1000	1	1
1 343	3 100	1	1
1 343	0 793	1	1
1 343	3 999	1	1
1 343	0 541	1	1
1 343	0 853	1	1
1 343	3 761	1	1
1 343	2 347	1	1
1 343	2 153	1	1
1 343	2 373	1	1
1 343	2 426	1	1
1 343	3 36	1	1
1 343	2 273	1	1
1 344	1 480	1	1
1 344	1 228	1	1
1 344	1 530	1	1
1 344	1 274	1	1
1 344	0 762	1	1
1 344	2 619	1	1
1 344	0 264	1	1
1 344	2 563	1	1
1 344	0 342	1	1
1 344	3 117	1	1
1 344	2 467	1	1
1 344	2 675	1	1
1 344	0 66	1	1
1 344	2 535	1	1
1 344	0 825	1	1
1 344	0 64	1	1
1 344	0 271	1	1
1 345	1 320	1	1
1 345	1 334	1	1
1 345	1 698	1	1
1 345	1 387	1	1
1 345	2 629	1	1
1 345	0 903	1	1
1 345	3 166	1	1
1 345	0 273	1	1
1 345	3 441	1	1
1 345	2 662	1	1
1 345	2 752	1	1
1 345	3 219	1	1
1 345	0 925	1	1
1 345	3 724	1	1
1 345	3 303	1	1
1 345	2 893	1	1
1 345	3 821	1	1
1 346	1 741	1	1
1 346	1 721	1	1
1 346	1 110	1	1
1 346	2 562	1	1
1 346	3 995	1	1
1 346	2 2	1	1
1 346	2 744	1	1
1 346	3 876	1	1
1 346	3 849	1	1
1 346	0 473	1	1
1 346	0 739	1	1
1 346	3 708	1	1
1 346	2 234	1	1
1 346	3 291	1	1
1 346	3 386	1	1
1 346	3 628	1	1
1 346	3 735	1	1
1 347	1 372	1	1
1 347	1 92	1	1
1 347	1 794	1	1
1 347	1 534	1	1
1 347	1 276	1	1
1 347	2 573	1	1
1 347	3 953	1	1
1 347	3 596	1	1
1 347	3 417	1	1
1 347	3 19	1	1
1 347	2 665	1	1
1 347	0 392	1	1
1 347	3 489	1	1
1 347	3 977	1	1
1 347	0 14	1	1
1 347	0 776	1	1
1 347	3 433	1	1
1 348	1 993	1	1
1 348	1 115	1	1
1 348	1 688	1	1
1 348	2 75	1	1
1 348	0 535	1	1
1 348	2 332	1	1
1 348	0 207	1	1
1 348	2 74	1	1
1 348	3 986	1	1
1 348	0 668	1	1
1 348	3 123	1	1
1 348	3 817	1	1
1 348	0 641	1	1
1 348	2 816	1	1
1 348	3 853	1	1
1 348	3 846	1	1
1 348	0 389	1	1
1 349	1 747	1	1
1 349	3 544	1	1
1 349	0 973	1	1
1 349	0 437	1	1
1 349	2 529	1	1
1 349	2 366	1	1
1 349	3 447	1	1
1 349	3 288	1	1
1 349	2 372	1	1
1 349	2 213	1	1
1 349	0 284	1	1
1 349	0 684	1	1
1 349	2 675	1	1
1 349	0 674	1	1
1 349	3 512	1	1
1 349	0 385	1	1
1 349	2 709	1	1
1 350	1 610	1	1
1 350	1 86	1	1
1 350	1 981	1	1
1 350	1 3	1	1
1 350	1 304	1	1
1 350	0 803	1	1
1 350	2 139	1	1
1 350	2 408	1	1
1 350	2 271	1	1
1 350	2 335	1	1
1 350	2 169	1	1
1 350	3 783	1	1
1 350	2 483	1	1
1 350	3 429	1	1
1 350	3 60	1	1
1 350	2 344	1	1
1 350	0 460	1	1
1 351	1 516	1	1
1 351	2 558	1	1
1 351	0 946	1	1
1 351	0 168	1	1
1 351	3 502	1	1
1 351	3 69	1	1
1 351	3 449	1	1
1 351	2 529	1	1
1 351	0 130	1	1
1 351	0 543	1	1
1 351	2 950	1	1
1 351	0 342	1	1
1 351	3 527	1	1
1 351	0 977	1	1
1 351	2 322	1	1
1 351	2 219	1	1
1 351	0 260	1	1
1 352	1 593	1	1
1 352	1 161	1	1
1 352	1 949	1	1
1 352	1 506	1	1
1 352	0 715	1	1
1 352	3 3	1	1
1 352	3 408	1	1
1 352	2 980	1	1
1 352	3 346	1	1
1 352	3 711	1	1
1 352	3 947	1	1
1 352	0 324	1	1
1 352	2 226	1	1
1 352	2 56	1	1
1 352	2 943	1	1
1 352	3 4	1	1
1 352	3 300	1	1
1 353	1 919	1	1
1 353	1 849	1	1
1 353	1 372	1	1
1 353	0 728	1	1
1 353	0 486	1	1
1 353	3 192	1	1
1 353	2 358	1	1
1 353	0 214	1	1
1 353	2 446	1	1
1 353	2 565	1	1
1 353	2 408	1	1
1 353	3 233	1	1
1 353	0 114	1	1
1 353	2 166	1	1
1 353	2 518	1	1
1 353	0 276	1	1
1 353	3 448	1	1
1 354	1 1000	1	1
1 354	1 542	1	1
1 354	0 127	1	1
1 354	2 860	1	1
1 354	2 712	1	1
1 354	3 342	1	1
1 354	3 861	1	1
1 354	3 370	1	1
1 354	2 647	1	1
1 354	2 160	1	1
1 354	2 116	1	1
1 354	2 456	1	1
1 354	2 289	1	1
1 354	3 732	1	1
1 354	3 62	1	1
1 354	3 109	1	1
1 354	0 796	1	1
1 355	1 931	1	1
1 355	1 249	1	1
1 355	1 641	1	1
1 355	2 422	1	1
1 355	2 527	1	1
1 355	0 613	1	1
1 355	0 293	1	1
1 355	2 720	1	1
1 355	2 445	1	1
1 355	0 785	1	1
1 355	2 907	1	1
1 355	2 883	1	1
1 355	2 776	1	1
1 355	3 707	1	1
1 355	0 771	1	1
1 355	3 66	1	1
1 355	2 678	1	1
1 356	1 243	1	1
1 356	1 740	1	1
1 356	1 408	1	1
1 356	1 489	1	1
1 356	2 6	1	1
1 356	0 520	1	1
1 356	3 13	1	1
1 356	3 138	1	1
1 356	2 691	1	1
1 356	0 817	1	1
1 356	3 317	1	1
1 356	3 664	1	1
1 356	0 183	1	1
1 356	0 524	1	1
1 356	0 695	1	1
1 356	3 818	1	1
1 356	3 363	1	1
1 357	1 592	1	1
1 357	1 917	1	1
1 357	1 553	1	1
1 357	1 287	1	1
1 357	1 871	1	1
1 357	1 361	1	1
1 357	1 58	1	1
1 357	1 763	1	1
1 357	3 220	1	1
1 357	3 968	1	1
1 357	0 305	1	1
1 357	0 438	1	1
1 357	3 542	1	1
1 357	0 298	1	1
1 357	3 356	1	1
1 357	0 234	1	1
1 357	0 836	1	1
1 358	1 918	1	1
1 358	1 465	1	1
1 358	3 997	1	1
1 358	3 384	1	1
1 358	0 635	1	1
1 358	2 740	1	1
1 358	0 985	1	1
1 358	0 21	1	1
1 358	0 848	1	1
1 358	0 802	1	1
1 358	3 946	1	1
1 358	0 490	1	1
1 358	3 208	1	1
1 358	3 75	1	1
1 358	2 614	1	1
1 358	2 840	1	1
1 358	2 223	1	1
1 359	1 689	1	1
1 359	3 212	1	1
1 359	3 306	1	1
1 359	2 331	1	1
1 359	2 115	1	1
1 359	0 922	1	1
1 359	0 352	1	1
1 359	3 875	1	1
1 359	0 660	1	1
1 359	2 672	1	1
1 359	2 990	1	1
1 359	0 943	1	1
1 359	3 118	2	1
1 359	0 769	1	1
1 359	0 335	1	1
1 359	3 113	1	1
1 360	1 173	1	1
1 360	1 780	1	1
1 360	1 997	1	1
1 360	1 718	1	1
1 360	1 305	1	1
1 360	3 303	1	1
1 360	3 744	1	1
1 360	2 851	1	1
1 360	0 433	1	1
1 360	2 631	1	1
1 360	3 485	1	1
1 360	3 547	1	1
1 360	2 666	1	1
1 360	2 238	1	1
1 360	2 1	1	1
1 360	3 453	1	1
1 360	3 711	1	1
1 361	1 828	1	1
1 361	1 331	1	1
1 361	1 722	1	1
1 361	1 671	1	1
1 361	1 456	1	1
1 361	1 371	1	1
1 361	1 277	1	1
1 361	1 292	1	1
1 361	3 660	1	1
1 361	3 78	1	1
1 361	2 117	1	1
1 361	2 615	1	1
1 361	0 329	1	1
1 361	3 499	1	1
1 361	0 798	1	1
1 361	2 531	1	1
1 361	0 993	1	1
1 362	1 293	1	1
1 362	1 801	1	1
1 362	1 726	1	1
1 362	1 884	1	1
1 362	3 273	1	1
1 362	0 759	1	1
1 362	3 820	1	1
1 362	0 385	1	1
1 362	3 951	1	1
1 362	0 36	1	1
1 362	2 396	1	1
1 362	0 737	1	1
1 362	3 368	1	1
1 362	3 746	1	1
1 362	0 554	1	1
1 362	0 577	1	1
1 362	0 330	1	1
1 363	1 743	1	1
1 363	0 286	1	1
1 363	3 565	1	1
1 363	3 327	1	1
1 363	0 208	1	1
1 363	2 192	1	1
1 363	3 410	1	1
1 363	3 165	1	1
1 363	0 165	1	1
1 363	0 182	1	1
1 363	2 245	1	1
1 363	2 398	1	1
1 363	2 152	1	1
1 363	2 174	1	1
1 363	2 91	1	1
1 363	2 582	1	1
1 363	3 609	1	1
1 364	1 812	1	1
1 364	1 835	1	1
1 364	3 106	1	1
1 364	2 288	1	1
1 364	2 591	1	1
1 364	2 19	1	1
1 364	0 337	1	1
1 364	0 56	1	1
1 364	2 220	1	1
1 364	0 54	1	1
1 364	0 436	1	1
1 364	3 918	1	1
1 364	2 996	1	1
1 364	2 324	1	1
1 364	0 125	1	1
1 364	3 660	1	1
1 364	0 558	1	1
1 365	1 134	1	1
1 365	1 881	1	1
1 365	1 612	1	1
1 365	1 440	1	1
1 365	3 759	1	1
1 365	2 307	1	1
1 365	3 730	1	1
1 365	2 682	1	1
1 365	2 461	1	1
1 365	3 693	1	1
1 365	3 532	1	1
1 365	3 503	1	1
1 365	3 967	1	1
1 365	0 626	1	1
1 365	3 390	1	1
1 365	2 742	1	1
1 365	3 290	1	1
1 366	1 645	1	1
1 366	1 987	1	1
1 366	1 437	1	1
1 366	3 280	1	1
1 366	3 429	1	1
1 366	0 903	1	1
1 366	0 317	1	1
1 366	3 191	1	1
1 366	0 282	1	1
1 366	2 277	1	1
1 366	2 607	1	1
1 366	0 859	1	1
1 366	2 525	1	1
1 366	2 131	1	1
1 366	0 120	1	1
1 366	0 206	1	1
1 366	2 158	1	1
1 367	1 955	1	1
1 367	1 415	1	1
1 367	1 556	1	1
1 367	1 784	1	1
1 367	0 977	1	1
1 367	0 734	1	1
1 367	2 766	1	1
1 367	3 769	1	1
1 367	0 960	1	1
1 367	0 442	1	1
1 367	2 654	1	1
1 367	0 309	1	1
1 367	0 165	1	1
1 367	2 700	1	1
1 367	0 715	1	1
1 367	3 830	1	1
1 367	3 433	1	1
1 368	1 516	1	1
1 368	1 479	1	1
1 368	1 802	1	1
1 368	2 553	1	1
1 368	3 409	1	1
1 368	3 73	1	1
1 368	3 502	1	1
1 368	3 266	1	1
1 368	2 452	1	1
1 368	2 901	1	1
1 368	2 729	1	1
1 368	2 414	1	1
1 368	3 614	1	1
1 368	2 559	1	1
1 368	2 998	1	1
1 368	2 410	1	1
1 368	3 7	1	1
1 369	1 794	1	1
1 369	1 508	1	1
1 369	2 222	1	1
1 369	3 356	1	1
1 369	3 15	1	1
1 369	3 623	1	1
1 369	0 586	1	1
1 369	0 286	1	1
1 369	0 466	1	1
1 369	2 885	1	1
1 369	0 257	1	1
1 369	3 160	1	1
1 369	3 773	1	1
1 369	2 387	1	1
1 369	0 539	1	1
1 369	3 949	1	1
1 369	2 237	1	1
1 370	1 584	1	1
1 370	2 435	1	1
1 370	0 213	1	1
1 370	0 480	1	1
1 370	3 100	1	1
1 370	2 95	1	1
1 370	0 706	1	1
1 370	0 675	1	1
1 370	2 194	1	1
1 370	0 227	1	1
1 370	2 980	1	1
1 370	3 351	1	1
1 370	3 568	1	1
1 370	3 846	1	1
1 370	3 228	1	1
1 370	0 883	1	1
1 370	0 608	1	1
1 371	1 760	1	1
1 371	1 601	1	1
1 371	1 754	1	1
1 371	3 88	1	1
1 371	3 717	1	1
1 371	2 636	1	1
1 371	2 235	1	1
1 371	0 367	1	1
1 371	2 663	1	1
1 371	0 432	1	1
1 371	0 43	1	1
1 371	3 312	1	1
1 371	2 471	1	1
1 371	3 306	1	1
1 371	3 635	1	1
1 371	0 808	1	1
1 371	2 530	1	1
1 372	1 11	1	1
1 372	1 413	1	1
1 372	1 709	1	1
1 372	0 622	1	1
1 372	3 468	1	1
1 372	2 616	1	1
1 372	2 959	1	1
1 372	3 503	1	1
1 372	0 627	1	1
1 372	2 184	1	1
1 372	0 767	1	1
1 372	0 180	1	1
1 372	3 476	1	1
1 372	3 77	1	1
1 372	3 238	1	1
1 372	3 981	1	1
1 372	0 688	1	1
1 373	1 74	1	1
1 373	1 368	1	1
1 373	1 84	1	1
1 373	1 418	1	1
1 373	0 570	1	1
1 373	2 250	1	1
1 373	3 998	1	1
1 373	3 861	1	1
1 373	3 535	1	1
1 373	3 814	1	1
1 373	0 129	1	1
1 373	2 384	1	1
1 373	0 419	1	1
1 373	2 902	1	1
1 373	0 571	1	1
1 373	3 37	1	1
1 373	0 328	1	1
1 374	1 148	1	1
1 374	1 899	1	1
1 374	1 164	1	1
1 374	1 550	1	1
1 374	3 93	1	1
1 374	3 203	1	1
1 374	2 882	1	1
1 374	2 139	1	1
1 374	0 716	1	1
1 374	0 266	1	1
1 374	0 781	1	1
1 374	0 365	1	1
1 374	0 288	1	1
1 374	0 31	1	1
1 374	2 281	1	1
1 374	2 814	1	1
1 374	2 960	1	1
1 375	1 866	1	1
1 375	1 134	1	1
1 375	1 201	1	1
1 375	1 610	1	1
1 375	1 978	1	1
1 375	0 94	1	1
1 375	3 810	1	1
1 375	2 36	1	1
1 375	3 142	1	1
1 375	2 148	1	1
1 375	3 470	1	1
1 375	2 515	1	1
1 375	2 302	1	1
1 375	0 488	1	1
1 375	3 223	1	1
1 375	0 985	1	1
1 375	2 367	1	1
1 376	1 524	1	1
1 376	1 650	1	1
1 376	1 384	1	1
1 376	1 4	1	1
1 376	1 981	1	1
1 376	1 861	1	1
1 376	3 735	1	1
1 376	3 314	1	1
1 376	3 817	1	1
1 376	3 746	1	1
1 376	0 421	1	1
1 376	3 113	1	1
1 376	0 555	1	1
1 376	0 713	1	1
1 376	0 180	1	1
1 376	3 105	1	1
1 376	0 13	1	1
1 377	1 803	1	1
1 377	1 17	1	1
1 377	3 324	1	1
1 377	0 719	1	1
1 377	3 642	1	1
1 377	3 739	1	1
1 377	3 936	1	1
1 377	3 782	1	1
1 377	3 153	1	1
1 377	3 587	1	1
1 377	2 208	1	1
1 377	3 450	1	1
1 377	2 871	1	1
1 377	3 941	1	1
1 377	2 375	1	1
1 377	0 871	1	1
1 377	3 23	1	1
1 378	1 831	1	1
1 378	1 1	1	1
1 378	1 733	1	1
1 378	1 530	1	1
1 378	1 675	1	1
1 378	1 866	1	1
1 378	1 387	1	1
1 378	1 946	1	1
1 378	1 570	1	1
1 378	3 538	1	1
1 378	2 607	1	1
1 378	0 2	1	1
1 378	3 585	1	1
1 378	3 690	1	1
1 378	0 423	1	1
1 378	3 426	1	1
1 378	3 197	1	1
1 379	3 483	1	1
1 379	0 572	1	1
1 379	3 351	1	1
1 379	0 721	1	1
1 379	3 971	1	1
1 379	0 270	1	1
1 379	2 112	1	1
1 379	3 844	1	1
1 379	3 593	1	1
1 379	2 727	1	1
1 379	0 914	1	1
1 379	3 174	1	1
1 379	2 360	1	1
1 379	2 739	1	1
1 379	0 791	1	1
1 379	2 696	1	1
1 379	2 126	1	1
1 380	1 936	1	1
1 380	1 121	2	1
1 380	3 817	1	1
1 380	2 267	1	1
1 380	3 373	1	1
1 380	0 45	1	1
1 380	3 602	1	1
1 380	2 582	1	1
1 380	0 425	1	1
1 380	3 828	1	1
1 380	2 960	1	1
1 380	2 457	1	1
1 380	0 154	1	1
1 380	0 990	1	1
1 380	0 81	1	1
1 380	0 438	1	1
1 381	1 153	1	1
1 381	1 857	1	1
1 381	2 949	1	1
1 381	0 695	1	1
1 381	3 373	1	1
1 381	0 908	1	1
1 381	3 943	1	1
1 381	3 245	1	1
1 381	3 684	1	1
1 381	3 391	1	1
1 381	2 336	1	1
1 381	3 701	1	1
1 381	0 580	1	1
1 381	2 262	1	1
1 381	0 833	1	1
1 381	2 704	1	1
1 381	3 691	1	1
1 382	1 281	1	1
1 382	1 439	1	1
1 382	1 845	1	1
1 382	1 941	1	1
1 382	1 197	1	1
1 382	1 606	1	1
1 382	2 874	1	1
1 382	3 69	1	1
1 382	0 616	1	1
1 382	3 377	1	1
1 382	3 535	1	1
1 382	2 713	1	1
1 382	2 880	1	1
1 382	2 569	1	1
1 382	3 804	1	1
1 382	0 928	1	1
1 382	3 43	1	1
1 383	1 577	1	1
1 383	1 75	1	1
1 383	1 652	1	1
1 383	1 410	1	1
1 383	1 878	1	1
1 383	0 834	1	1
1 383	0 756	1	1
1 383	2 450	1	1
1 383	0 234	1	1
1 383	0 532	1	1
1 383	2 823	1	1
1 383	0 651	1	1
1 383	0 73	1	1
1 383	2 820	1	1
1 383	0 171	1	1
1 383	3 854	1	1
1 383	2 494	1	1
1 384	1 958	1	1
1 384	1 696	1	1
1 384	1 858	1	1
1 384	1 475	1	1
1 384	1 938	1	1
1 384	1 469	1	1
1 384	3 256	1	1
1 384	3 20	1	1
1 384	3 993	1	1
1 384	2 240	1	1
1 384	3 422	1	1
1 384	2 255	1	1
1 384	2 336	1	1
1 384	3 334	1	1
1 384	2 421	1	1
1 384	0 781	1	1
1 384	0 376	1	1
1 385	1 552	1	1
1 385	1 741	1	1
1 385	1 443	1	1
1 385	1 352	1	1
1 385	1 629	1	1
1 385	0 540	1	1
1 385	2 612	1	1
1 385	0 792	1	1
1 385	0 548	1	1
1 385	2 596	1	1
1 385	2 706	1	1
1 385	0 332	1	1
1 385	2 687	1	1
1 385	2 380	1	1
1 385	2 482	1	1
1 385	3 937	1	1
1 385	3 618	1	1
1 386	1 799	1	1
1 386	1 461	1	1
1 386	1 43	1	1
1 386	1 333	1	1
1 386	1 728	1	1
1 386	1 776	1	1
1 386	2 811	1	1
1 386	3 75	1	1
1 386	3 676	1	1
1 386	2 69	1	1
1 386	3 982	1	1
1 386	0 573	1	1
1 386	0 342	1	1
1 386	3 389	1	1
1 386	0 505	1	1
1 386	2 244	1	1
1 386	2 32	1	1
1 387	1 365	1	1
1 387	1 689	1	1
1 387	1 476	1	1
1 387	1 89	1	1
1 387	1 675	1	1
1 387	3 452	1	1
1 387	3 621	1	1
1 387	3 149	1	1
1 387	3 941	1	1
1 387	2 693	1	1
1 387	3 156	1	1
1 387	2 387	1	1
1 387	2 959	1	1
1 387	0 991	1	1
1 387	0 833	1	1
1 387	3 45	1	1
1 387	0 847	1	1
1 388	1 547	1	1
1 388	1 658	1	1
1 388	1 352	1	1
1 388	1 191	1	1
1 388	0 420	1	1
1 388	3 95	1	1
1 388	0 841	1	1
1 388	2 749	1	1
1 388	0 158	1	1
1 388	0 885	1	1
1 388	0 974	1	1
1 388	2 176	1	1
1 388	3 819	1	1
1 388	0 189	1	1
1 388	2 928	1	1
1 388	2 198	1	1
1 388	3 692	1	1
1 389	1 181	1	1
1 389	1 399	1	1
1 389	1 323	1	1
1 389	1 310	1	1
1 389	1 100	1	1
1 389	2 192	1	1
1 389	0 913	1	1
1 389	3 228	1	1
1 389	2 698	1	1
1 389	0 8	1	1
1 389	0 792	1	1
1 389	2 590	1	1
1 389	2 944	1	1
1 389	2 18	1	1
1 389	3 925	1	1
1 389	2 381	1	1
1 389	0 349	1	1
1 390	1 970	1	1
1 390	1 788	1	1
1 390	1 294	1	1
1 390	2 714	1	1
1 390	3 552	1	1
1 390	3 22	1	1
1 390	0 457	1	1
1 390	3 160	1	1
1 390	0 356	1	1
1 390	3 847	1	1
1 390	2 546	1	1
1 390	3 776	1	1
1 390	3 382	1	1
1 390	3 87	1	1
1 390	0 810	1	1
1 390	2 905	1	1
1 390	3 954	1	1
1 391	1 324	1	1
1 391	1 147	1	1
1 391	2 759	1	1
1 391	0 377	1	1
1 391	3 824	1	1
1 391	0 190	1	1
1 391	0 963	1	1
1 391	2 786	1	1
1 391	0 967	1	1
1 391	2 860	1	1
1 391	3 730	1	1
1 391	2 456	1	1
1 391	2 364	1	1
1 391	2 853	1	1
1 391	3 288	1	1
1 391	2 572	1	1
1 391	3 982	1	1
1 392	1 237	1	1
1 392	1 592	1	1
1 392	1 466	1	1
1 392	1 178	1	1
1 392	3 482	1	1
1 392	3 789	1	1
1 392	3 899	1	1
1 392	0 193	1	1
1 392	2 463	1	1
1 392	0 976	1	1
1 392	2 66	1	1
1 392	2 684	1	1
1 392	0 832	1	1
1 392	0 405	1	1
1 392	2 746	1	1
1 392	0 245	1	1
1 392	0 156	1	1
1 393	1 930	1	1
1 393	1 268	1	1
1 393	1 189	1	1
1 393	1 409	1	1
1 393	1 386	1	1
1 393	1 373	1	1
1 393	1 58	1	1
1 393	1 278	1	1
1 393	0 396	1	1
1 393	2 844	1	1
1 393	3 891	1	1
1 393	2 881	1	1
1 393	3 943	1	1
1 393	3 606	1	1
1 393	2 869	1	1
1 393	2 526	1	1
1 393	2 109	1	1
1 394	1 717	1	1
1 394	1 388	1	1
1 394	1 488	1	1
1 394	0 488	1	1
1 394	2 221	1	1
1 394	0 208	1	1
1 394	0 62	1	1
1 394	2 674	1	1
1 394	2 622	1	1
1 394	2 537	1	1
1 394	3 507	1	1
1 394	0 201	1	1
1 394	2 967	1	1
1 394	3 241	1	1
1 394	2 939	1	1
1 394	3 679	1	1
1 394	0 549	1	1
1 395	1 645	1	1
1 395	1 47	1	1
1 395	1 531	1	1
1 395	1 462	1	1
1 395	1 324	1	1
1 395	3 182	1	1
1 395	2 811	1	1
1 395	3 879	1	1
1 395	3 441	1	1
1 395	3 646	1	1
1 395	3 970	1	1
1 395	3 245	1	1
1 395	0 854	1	1
1 395	3 286	1	1
1 395	0 882	1	1
1 395	0 385	1	1
1 395	3 100	1	1
1 396	1 84	1	1
1 396	1 443	1	1
1 396	2 914	1	1
1 396	3 441	1	1
1 396	0 1	1	1
1 396	0 582	1	1
1 396	3 370	1	1
1 396	0 274	1	1
1 396	0 585	1	1
1 396	2 601	1	1
1 396	3 877	1	1
1 396	2 409	1	1
1 396	2 962	1	1
1 396	2 733	1	1
1 396	2 48	1	1
1 396	0 660	1	1
1 396	3 363	1	1
1 397	1 165	1	1
1 397	2 576	1	1
1 397	0 307	1	1
1 397	3 437	1	1
1 397	0 872	1	1
1 397	0 163	1	1
1 397	0 432	1	1
1 397	0 134	1	1
1 397	0 845	1	1
1 397	2 707	1	1
1 397	2 984	1	1
1 397	2 279	1	1
1 397	0 694	1	1
1 397	3 673	1	1
1 397	3 526	1	1
1 397	0 579	1	1
1 397	2 252	1	1
1 398	1 548	1	1
1 398	1 337	1	1
1 398	1 463	1	1
1 398	1 341	1	1
1 398	1 657	1	1
1 398	3 839	1	1
1 398	3 220	1	1
1 398	3 677	1	1
1 398	0 198	1	1
1 398	2 160	1	1
1 398	2 317	1	1
1 398	3 945	1	1
1 398	2 802	1	1
1 398	2 266	1	1
1 398	2 158	1	1
1 398	3 308	1	1
1 398	2 819	1	1
1 399	1 191	1	1
1 399	3 148	1	1
1 399	0 87	1	1
1 399	3 439	1	1
1 399	2 149	1	1
1 399	0 88	1	1
1 399	2 352	1	1
1 399	2 674	1	1
1 399	2 470	1	1
1 399	2 803	1	1
1 399	3 500	1	1
1 399	2 748	1	1
1 399	2 76	1	1
1 399	0 166	1	1
1 399	3 195	1	1
1 399	3 888	1	1
1 399	3 946	1	1
1 400	1 64	1	1
1 400	1 470	1	1
1 400	1 451	1	1
1 400	3 617	1	1
1 400	0 650	1	1
1 400	0 368	1	1
1 400	2 914	1	1
1 400	3 234	1	1
1 400	0 334	1	1
1 400	0 732	1	1
1 400	0 913	1	1
1 400	0 733	1	1
1 400	3 826	1	1
1 400	2 822	1	1
1 400	0 851	1	1
1 400	0 192	1	1
1 400	3 461	1	1
1 401	1 114	1	1
1 401	1 109	1	1
1 401	1 913	1	1
1 401	1 902	1	1
1 401	1 161	1	1
1 401	1 102	1	1
1 401	2 211	1	1
1 401	2 296	1	1
1 401	3 540	1	1
1 401	0 907	1	1
1 401	0 238	1	1
1 401	0 181	1	1
1 401	0 499	1	1
1 401	0 297	1	1
1 401	2 467	1	1
1 401	2 587	1	1
1 401	2 454	1	1
1 402	1 945	1	1
1 402	1 714	1	1
1 402	1 628	1	1
1 402	2 161	1	1
1 402	2 327	1	1
1 402	0 198	1	1
1 402	2 552	1	1
1 402	3 217	1	1
1 402	2 879	1	1
1 402	3 285	1	1
1 402	3 586	1	1
1 402	0 439	1	1
1 402	0 539	1	1
1 402	3 332	1	1
1 402	0 870	1	1
1 402	2 770	1	1
1 402	2 401	1	1
1 403	1 925	1	1
1 403	1 319	1	1
1 403	1 793	1	1
1 403	1 612	1	1
1 403	1 586	1	1
1 403	1 623	1	1
1 403	2 850	1	1
1 403	2 771	1	1
1 403	2 728	1	1
1 403	0 891	1	1
1 403	2 764	1	1
1 403	0 311	1	1
1 403	3 809	1	1
1 403	2 992	1	1
1 403	0 384	1	1
1 403	0 655	1	1
1 403	0 769	1	1
1 404	1 258	1	1
1 404	1 304	1	1
1 404	1 514	1	1
1 404	1 696	1	1
1 404	1 501	1	1
1 404	0 236	1	1
1 404	3 597	1	1
1 404	0 238	1	1
1 404	2 545	1	1
1 404	3 470	1	1
1 404	0 987	1	1
1 404	2 306	1	1
1 404	2 24	1	1
1 404	0 865	1	1
1 404	3 109	1	1
1 404	2 250	1	1
1 404	0 630	1	1
1 405	1 572	1	1
1 405	1 512	1	1
1 405	1 536	1	1
1 405	2 906	1	1
1 405	2 382	1	1
1 405	2 59	2	1
1 405	0 345	1	1
1 405	3 939	1	1
1 405	2 629	1	1
1 405	2 141	1	1
1 405	3 780	1	1
1 405	3 802	1	1
1 405	0 944	1	1
1 405	0 773	1	1
1 405	0 71	1	1
1 405	0 351	1	1
1 406	1 340	1	1
1 406	1 693	1	1
1 406	1 520	1	1
1 406	1 46	1	1
1 406	1 269	1	1
1 406	0 51	1	1
1 406	3 873	1	1
1 406	2 452	1	1
1 406	3 454	1	1
1 406	2 32	1	1
1 406	0 962	1	1
1 406	3 743	1	1
1 406	3 830	1	1
1 406	2 156	1	1
1 406	2 294	1	1
1 406	0 874	1	1
1 406	2 679	1	1
1 407	1 187	1	1
1 407	1 875	1	1
1 407	1 960	1	1
1 407	1 388	1	1
1 407	2 260	1	1
1 407	0 1	1	1
1 407	2 574	1	1
1 407	2 649	1	1
1 407	0 236	1	1
1 407	2 684	1	1
1 407	0 108	1	1
1 407	2 833	1	1
1 407	3 632	1	1
1 407	2 682	1	1
1 407	2 420	1	1
1 407	2 733	1	1
1 407	0 427	1	1
1 408	1 183	1	1
1 408	1 372	1	1
1 408	1 828	1	1
1 408	1 41	1	1
1 408	1 850	1	1
1 408	1 383	1	1
1 408	1 709	1	1
1 408	3 783	1	1
1 408	3 64	1	1
1 408	3 480	1	1
1 408	0 778	1	1
1 408	3 93	1	1
1 408	2 959	1	1
1 408	0 735	1	1
1 408	3 111	1	1
1 408	0 759	1	1
1 408	0 265	1	1
1 409	1 782	1	1
1 409	1 42	1	1
1 409	0 372	1	1
1 409	3 900	1	1
1 409	2 918	1	1
1 409	0 463	1	1
1 409	2 587	1	1
1 409	2 471	1	1
1 409	3 527	1	1
1 409	2 249	1	1
1 409	0 563	1	1
1 409	0 577	1	1
1 409	3 247	1	1
1 409	2 426	1	1
1 409	0 392	1	1
1 409	0 543	1	1
1 409	2 356	1	1
1 410	1 138	1	1
1 410	1 320	1	1
1 410	1 221	1	1
1 410	1 918	1	1
1 410	1 436	1	1
1 410	1 528	1	1
1 410	2 737	1	1
1 410	3 848	1	1
1 410	2 270	1	1
1 410	3 54	1	1
1 410	3 308	1	1
1 410	0 980	1	1
1 410	2 665	1	1
1 410	3 985	1	1
1 410	3 976	1	1
1 410	3 667	1	1
1 410	2 805	1	1
1 411	1 927	1	1
1 411	1 168	1	1
1 411	1 390	1	1
1 411	0 560	1	1
1 411	3 847	1	1
1 411	0 819	1	1
1 411	0 46	1	1
1 411	0 841	1	1
1 411	3 55	1	1
1 411	0 776	1	1
1 411	2 522	1	1
1 411	2 603	1	1
1 411	3 932	1	1
1 411	0 556	1	1
1 411	2 863	1	1
1 411	0 385	1	1
1 411	0 947	1	1
1 412	1 910	1	1
1 412	1 718	1	1
1 412	1 914	1	1
1 412	1 733	1	1
1 412	3 166	1	1
1 412	3 326	1	1
1 412	0 822	1	1
1 412	0 89	1	1
1 412	0 999	1	1
1 412	3 897	1	1
1 412	3 719	1	1
1 412	0 692	1	1
1 412	0 490	1	1
1 412	0 358	1	1
1 412	2 147	1	1
1 412	2 989	1	1
1 412	2 525	1	1
1 413	1 927	1	1
1 413	1 245	1	1
1 413	1 855	1	1
1 413	0 30	1	1
1 413	3 40	1	1
1 413	0 424	1	1
1 413	2 995	1	1
1 413	0 359	1	1
1 413	0 713	1	1
1 413	2 61	1	1
1 413	0 804	1	1
1 413	0 754	1	1
1 413	3 317	1	1
1 413	3 774	1	1
1 413	2 74	1	1
1 413	3 331	1	1
1 413	0 526	1	1
1 414	1 201	1	1
1 414	1 405	1	1
1 414	1 614	1	1
1 414	1 881	1	1
1 414	3 154	1	1
1 414	0 192	1	1
1 414	3 785	1	1
1 414	2 17	1	1
1 414	3 18	1	1
1 414	3 837	1	1
1 414	3 683	1	1
1 414	2 915	1	1
1 414	0 64	1	1
1 414	3 183	1	1
1 414	0 395	1	1
1 414	2 301	1	1
1 414	3 311	1	1
1 415	1 94	1	1
1 415	1 996	1	1
1 415	1 230	1	1
1 415	1 55	1	1
1 415	1 138	1	1
1 415	2 864	1	1
1 415	2 117	1	1
1 415	2 663	1	1
1 415	2 685	1	1
1 415	0 702	1	1
1 415	0 715	1	1
1 415	2 148	1	1
1 415	3 543	1	1
1 415	2 55	1	1
1 415	3 824	1	1
1 415	0 186	1	1
1 415	2 534	1	1
1 416	1 747	1	1
1 416	1 928	1	1
1 416	1 79	1	1
1 416	1 280	1	1
1 416	1 326	1	1
1 416	0 763	1	1
1 416	3 172	1	1
1 416	2 860	1	1
1 416	2 695	1	1
1 416	3 561	1	1
1 416	2 470	1	1
1 416	0 285	1	1
1 416	0 638	1	1
1 416	2 482	1	1
1 416	0 186	1	1
1 416	0 510	1	1
1 416	2 862	1	1
1 417	1 902	1	1
1 417	1 451	1	1
1 417	1 790	1	1
1 417	1 175	1	1
1 417	1 823	1	1
1 417	3 95	1	1
1 417	0 752	1	1
1 417	3 4	1	1
1 417	0 433	1	1
1 417	3 10	1	1
1 417	2 642	1	1
1 417	2 150	1	1
1 417	2 289	1	1
1 417	3 732	1	1
1 417	3 97	1	1
1 417	0 100	1	1
1 417	3 65	1	1
1 418	1 554	1	1
1 418	1 748	1	1
1 418	1 562	1	1
1 418	2 426	1	1
1 418	2 635	1	1
1 418	3 127	1	1
1 418	2 344	1	1
1 418	3 715	1	1
1 418	0 798	1	1
1 418	0 427	1	1
1 418	2 187	1	1
1 418	0 826	1	1
1 418	2 384	1	1
1 418	0 981	1	1
1 418	3 330	1	1
1 418	2 695	1	1
1 418	3 996	1	1
1 419	1 41	1	1
1 419	1 296	1	1
1 419	0 767	1	1
1 419	2 841	1	1
1 419	2 726	1	1
1 419	3 252	1	1
1 419	0 211	1	1
1 419	2 191	1	1
1 419	3 470	1	1
1 419	0 514	1	1
1 419	3 542	1	1
1 419	0 776	1	1
1 419	3 443	1	1
1 419	3 971	1	1
1 419	0 682	1	1
1 419	0 704	1	1
1 419	0 735	1	1
1 420	1 614	1	1
1 420	1 147	1	1
1 420	1 834	1	1
1 420	1 755	1	1
1 420	1 46	1	1
1 420	1 580	1	1
1 420	0 393	1	1
1 420	2 191	1	1
1 420	3 592	1	1
1 420	3 7	1	1
1 420	2 849	1	1
1 420	3 908	1	1
1 420	0 489	1	1
1 420	2 635	1	1
1 420	2 415	1	1
1 420	3 802	1	1
1 420	3 8	1	1
1 421	1 965	1	1
1 421	1 407	1	1
1 421	1 930	1	1
1 421	1 992	1	1
1 421	1 979	1	1
1 421	3 184	1	1
1 421	3 333	1	1
1 421	3 340	1	1
1 421	2 363	1	1
1 421	0 421	1	1
1 421	2 88	1	1
1 421	0 776	1	1
1 421	0 463	1	1
1 421	0 208	1	1
1 421	2 528	1	1
1 421	2 419	1	1
1 421	0 166	1	1
1 422	1 931	1	1
1 422	1 784	1	1
1 422	1 838	1	1
1 422	1 817	1	1
1 422	1 788	1	1
1 422	3 847	1	1
1 422	0 729	1	1
1 422	3 91	1	1
1 422	2 362	1	1
1 422	3 745	1	1
1 422	3 605	1	1
1 422	3 565	1	1
1 422	0 289	1	1
1 422	0 651	1	1
1 422	2 514	1	1
1 422	2 332	1	1
1 422	2 355	1	1
1 423	1 626	1	1
1 423	1 302	1	1
1 423	1 708	1	1
1 423	1 723	1	1
1 423	3 769	1	1
1 423	3 716	1	1
1 423	3 924	1	1
1 423	2 571	1	1
1 423	2 381	1	1
1 423	3 843	1	1
1 423	2 606	1	1
1 423	3 105	1	1
1 423	2 110	1	1
1 423	3 77	1	1
1 423	3 126	1	1
1 423	3 780	1	1
1 423	2 232	1	1
1 424	1 239	1	1
1 424	1 503	1	1
1 424	2 850	1	1
1 424	0 709	1	1
1 424	2 798	1	1
1 424	2 259	1	1
1 424	3 14	1	1
1 424	0 525	1	1
1 424	2 361	1	1
1 424	0 36	1	1
1 424	2 309	1	1
1 424	3 664	1	1
1 424	3 945	1	1
1 424	3 179	1	1
1 424	3 880	1	1
1 424	3 134	1	1
1 424	0 405	1	1
1 425	1 436	1	1
1 425	1 662	1	1
1 425	2 517	1	1
1 425	0 618	1	1
1 425	2 39	1	1
1 425	3 142	1	1
1 425	2 727	1	1
1 425	2 800	1	1
1 425	2 494	1	1
1 425	2 859	1	1
1 425	3 393	1	1
1 425	2 924	1	1
1 425	2 873	1	1
1 425	3 408	1	1
1 425	2 214	1	1
1 425	0 568	1	1
1 425	3 66	1	1
1 426	1 963	1	1
1 426	1 896	1	1
1 426	1 748	1	1
1 426	3 457	1	1
1 426	3 562	1	1
1 426	3 102	1	1
1 426	0 977	1	1
1 426	0 682	1	1
1 426	3 178	1	1
1 426	2 716	1	1
1 426	2 96	1	1
1 426	2 687	1	1
1 426	2 681	1	1
1 426	0 161	1	1
1 426	2 486	1	1
1 426	2 540	1	1
1 426	3 673	1	1
1 427	1 106	1	1
1 427	1 685	1	1
1 427	1 265	1	1
1 427	1 840	1	1
1 427	2 237	1	1
1 427	3 705	1	1
1 427	0 879	1	1
1 427	3 284	1	1
1 427	0 977	1	1
1 427	0 454	1	1
1 427	2 117	1	1
1 427	0 346	1	1
1 427	2 147	1	1
1 427	2 38	1	1
1 427	3 513	1	1
1 427	3 128	1	1
1 427	0 544	1	1
1 428	1 978	1	1
1 428	1 691	1	1
1 428	1 533	1	1
1 428	1 680	1	1
1 428	1 499	1	1
1 428	2 212	1	1
1 428	0 260	1	1
1 428	2 28	1	1
1 428	2 348	1	1
1 428	2 691	1	1
1 428	0 645	1	1
1 428	2 287	1	1
1 428	0 109	1	1
1 428	3 336	1	1
1 428	2 812	1	1
1 428	2 759	1	1
1 428	2 66	1	1
1 429	1 824	1	1
1 429	1 216	1	1
1 429	1 308	1	1
1 429	1 649	1	1
1 429	2 518	1	1
1 429	3 815	1	1
1 429	0 488	1	1
1 429	0 653	1	1
1 429	3 155	1	1
1 429	3 860	1	1
1 429	0 440	1	1
1 429	0 903	1	1
1 429	0 227	2	1
1 429	0 264	1	1
1 429	3 964	1	1
1 429	3 517	1	1
1 430	1 642	1	1
1 430	1 877	1	1
1 430	1 965	1	1
1 430	1 507	1	1
1 430	1 829	1	1
1 430	1 754	1	1
1 430	3 586	1	1
1 430	2 423	1	1
1 430	3 748	1	1
1 430	3 618	1	1
1 430	0 294	1	1
1 430	0 110	1	1
1 430	2 770	1	1
1 430	0 851	1	1
1 430	3 526	1	1
1 430	3 330	1	1
1 430	2 458	1	1
1 431	1 950	1	1
1 431	1 471	1	1
1 431	1 306	1	1
1 431	1 618	1	1
1 431	3 108	1	1
1 431	2 455	1	1
1 431	0 137	1	1
1 431	2 323	1	1
1 431	3 758	1	1
1 431	0 636	1	1
1 431	0 792	1	1
1 431	3 524	1	1
1 431	0 642	1	1
1 431	3 102	1	1
1 431	2 531	1	1
1 431	2 25	1	1
1 431	2 369	1	1
1 432	1 620	1	1
1 432	1 809	1	1
1 432	1 564	1	1
1 432	2 427	1	1
1 432	2 757	1	1
1 432	3 161	1	1
1 432	0 413	1	1
1 432	2 469	1	1
1 432	2 271	1	1
1 432	2 751	1	1
1 432	2 364	1	1
1 432	3 394	1	1
1 432	0 603	1	1
1 432	0 515	1	1
1 432	0 268	1	1
1 432	0 321	1	1
1 432	2 252	1	1
1 433	1 969	1	1
1 433	1 194	1	1
1 433	1 681	1	1
1 433	1 120	1	1
1 433	2 601	1	1
1 433	0 37	1	1
1 433	0 321	1	1
1 433	2 221	1	1
1 433	3 689	1	1
1 433	3 583	1	1
1 433	0 220	1	1
1 433	3 705	1	1
1 433	3 895	1	1
1 433	3 950	1	1
1 433	3 386	1	1
1 433	2 516	1	1
1 433	2 679	1	1
1 434	1 949	1	1
1 434	1 227	1	1
1 434	1 854	1	1
1 434	1 650	1	1
1 434	1 792	1	1
1 434	3 100	1	1
1 434	0 262	1	1
1 434	0 852	1	1
1 434	3 367	1	1
1 434	0 71	1	1
1 434	0 88	1	1
1 434	0 494	1	1
1 434	2 983	1	1
1 434	0 557	1	1
1 434	3 148	1	1
1 434	3 14	1	1
1 434	3 786	1	1
1 435	1 941	1	1
1 435	1 673	1	1
1 435	1 791	1	1
1 435	1 28	1	1
1 435	1 219	1	1
1 435	2 760	1	1
1 435	3 480	1	1
1 435	0 484	1	1
1 435	2 59	1	1
1 435	2 159	1	1
1 435	0 869	1	1
1 435	0 177	1	1
1 435	0 603	1	1
1 435	3 999	1	1
1 435	2 361	1	1
1 435	0 901	1	1
1 435	3 187	1	1
1 436	1 368	1	1
1 436	1 353	1	1
1 436	1 689	1	1
1 436	2 481	1	1
1 436	2 451	1	1
1 436	3 299	1	1
1 436	2 356	1	1
1 436	0 755	1	1
1 436	3 941	1	1
1 436	3 285	1	1
1 436	2 55	1	1
1 436	0 830	1	1
1 436	0 133	1	1
1 436	0 290	1	1
1 436	2 69	1	1
1 436	2 675	1	1
1 436	0 125	1	1
1 437	1 139	1	1
1 437	1 20	1	1
1 437	1 904	1	1
1 437	0 163	1	1
1 437	3 703	1	1
1 437	0 314	1	1
1 437	2 939	1	1
1 437	0 838	1	1
1 437	0 805	1	1
1 437	3 350	1	1
1 437	2 630	1	1
1 437	3 378	1	1
1 437	2 443	1	1
1 437	0 220	1	1
1 437	3 836	1	1
1 437	2 981	1	1
1 437	3 630	1	1
1 438	1 254	1	1
1 438	1 577	1	1
1 438	1 558	1	1
1 438	2 506	1	1
1 438	3 971	1	1
1 438	3 728	1	1
1 438	2 563	1	1
1 438	0 219	1	1
1 438	3 110	1	1
1 438	3 887	1	1
1 438	0 506	1	1
1 438	2 977	1	1
1 438	2 842	1	1
1 438	3 818	1	1
1 438	2 59	1	1
1 438	0 10	1	1
1 438	0 532	1	1
1 439	1 88	1	1
1 439	1 866	1	1
1 439	1 644	1	1
1 439	1 202	1	1
1 439	1 737	1	1
1 439	1 934	1	1
1 439	2 576	1	1
1 439	0 316	1	1
1 439	0 718	1	1
1 439	2 846	1	1
1 439	3 13	1	1
1 439	2 441	1	1
1 439	2 500	1	1
1 439	0 647	1	1
1 439	2 916	1	1
1 439	0 618	1	1
1 439	0 570	1	1
1 440	1 135	1	1
1 440	2 903	1	1
1 440	0 577	1	1
1 440	0 949	1	1
1 440	3 969	1	1
1 440	2 560	1	1
1 440	0 671	1	1
1 440	3 486	1	1
1 440	0 105	1	1
1 440	0 719	1	1
1 440	2 517	1	1
1 440	0 444	1	1
1 440	2 119	1	1
1 440	2 520	1	1
1 440	2 247	1	1
1 440	2 957	1	1
1 440	0 751	1	1
1 441	1 85	1	1
1 441	1 962	1	1
1 441	1 543	1	1
1 441	1 670	1	1
1 441	3 850	1	1
1 441	3 903	1	1
1 441	0 482	1	1
1 441	2 937	1	1
1 441	0 340	1	1
1 441	2 226	1	1
1 441	3 726	1	1
1 441	3 828	1	1
1 441	0 175	1	1
1 441	0 201	1	1
1 441	0 8	1	1
1 441	0 800	1	1
1 441	2 409	1	1
1 442	1 594	1	1
1 442	1 443	1	1
1 442	1 846	1	1
1 442	1 159	1	1
1 442	1 288	1	1
1 442	1 317	1	1
1 442	3 490	1	1
1 442	0 723	1	1
1 442	3 53	1	1
1 442	3 54	1	1
1 442	2 990	1	1
1 442	0 856	1	1
1 442	3 535	1	1
1 442	0 328	1	1
1 442	0 66	1	1
1 442	0 547	1	1
1 442	3 699	1	1
1 443	1 706	1	1
1 443	1 770	1	1
1 443	1 380	1	1
1 443	1 127	1	1
1 443	3 263	1	1
1 443	3 922	1	1
1 443	2 17	1	1
1 443	3 250	1	1
1 443	0 917	1	1
1 443	2 44	1	1
1 443	2 845	1	1
1 443	3 123	1	1
1 443	2 493	1	1
1 443	0 100	1	1
1 443	3 63	1	1
1 443	3 965	1	1
1 443	0 860	1	1
1 444	1 758	1	1
1 444	1 151	1	1
1 444	1 256	1	1
1 444	1 536	1	1
1 444	2 562	1	1
1 444	0 591	1	1
1 444	2 394	1	1
1 444	0 393	1	1
1 444	0 563	1	1
1 444	2 104	1	1
1 444	3 894	1	1
1 444	0 796	1	1
1 444	2 440	1	1
1 444	0 420	1	1
1 444	2 832	1	1
1 444	0 479	1	1
1 444	3 627	1	1
1 445	1 859	1	1
1 445	1 337	1	1
1 445	1 435	1	1
1 445	0 5	1	1
1 445	2 782	1	1
1 445	2 219	1	1
1 445	3 655	1	1
1 445	0 332	1	1
1 445	3 539	1	1
1 445	2 393	1	1
1 445	0 700	1	1
1 445	2 80	1	1
1 445	3 957	1	1
1 445	3 809	1	1
1 445	3 686	1	1
1 445	2 972	1	1
1 445	2 352	1	1
1 446	1 235	1	1
1 446	1 454	1	1
1 446	1 57	1	1
1 446	1 666	1	1
1 446	2 386	1	1
1 446	3 452	1	1
1 446	3 358	1	1
1 446	0 678	1	1
1 446	2 230	1	1
1 446	3 403	1	1
1 446	3 440	1	1
1 446	0 781	1	1
1 446	3 349	1	1
1 446	3 804	1	1
1 446	2 406	1	1
1 446	2 141	1	1
1 446	2 419	1	1
1 447	1 616	1	1
1 447	1 746	1	1
1 447	3 917	1	1
1 447	0 847	1	1
1 447	3 6	1	1
1 447	2 843	1	1
1 447	3 479	1	1
1 447	2 298	1	1
1 447	2 323	1	1
1 447	0 764	1	1
1 447	0 536	1	1
1 447	0 723	1	1
1 447	0 567	1	1
1 447	0 640	1	1
1 447	3 222	1	1
1 447	3 271	1	1
1 447	2 341	1	1
1 448	1 75	1	1
1 448	1 450	1	1
1 448	1 792	1	1
1 448	1 890	1	1
1 448	1 523	1	1
1 448	3 345	1	1
1 448	3 756	1	1
1 448	3 341	1	1
1 448	3 799	1	1
1 448	3 588	1	1
1 448	2 724	1	1
1 448	2 350	1	1
1 448	3 514	1	1
1 448	2 346	1	1
1 448	2 597	1	1
1 448	3 47	1	1
1 448	2 296	1	1
1 449	1 545	1	1
1 449	1 552	1	1
1 449	1 452	1	1
1 449	1 50	1	1
1 449	1 92	1	1
1 449	1 832	1	1
1 449	2 307	1	1
1 449	0 682	1	1
1 449	2 27	1	1
1 449	0 98	1	1
1 449	0 277	1	1
1 449	0 852	1	1
1 449	3 63	1	1
1 449	0 669	1	1
1 449	2 806	1	1
1 449	3 260	1	1
1 449	0 192	1	1
1 450	1 495	1	1
1 450	1 497	1	1
1 450	1 889	1	1
1 450	2 629	1	1
1 450	2 888	1	1
1 450	3 243	1	1
1 450	2 624	1	1
1 450	0 106	1	1
1 450	2 185	1	1
1 450	3 180	1	1
1 450	0 589	1	1
1 450	0 521	1	1
1 450	3 433	1	1
1 450	2 72	1	1
1 450	2 517	1	1
1 450	3 402	1	1
1 450	0 204	1	1
1 451	1 834	1	1
1 451	1 896	1	1
1 451	1 85	1	1
1 451	1 730	1	1
1 451	2 841	1	1
1 451	0 209	1	1
1 451	3 276	1	1
1 451	3 903	1	1
1 451	3 651	1	1
1 451	3 437	1	1
1 451	2 574	1	1
1 451	2 484	1	1
1 451	2 70	1	1
1 451	0 213	1	1
1 451	3 570	1	1
1 451	2 947	1	1
1 451	0 705	1	1
1 452	1 917	1	1
1 452	1 695	1	1
1 452	1 973	1	1
1 452	1 103	1	1
1 452	2 800	1	1
1 452	3 420	1	1
1 452	2 931	1	1
1 452	3 967	1	1
1 452	3 99	1	1
1 452	3 208	1	1
1 452	3 69	1	1
1 452	0 572	1	1
1 452	3 771	1	1
1 452	0 829	1	1
1 452	0 423	1	1
1 452	2 965	1	1
1 452	3 832	1	1
1 453	1 824	1	1
1 453	1 446	1	1
1 453	1 810	1	1
1 453	1 991	1	1
1 453	1 105	1	1
1 453	3 1000	1	1
1 453	0 663	1	1
1 453	2 144	1	1
1 453	3 121	1	1
1 453	3 683	1	1
1 453	0 231	1	1
1 453	0 498	1	1
1 453	0 961	1	1
1 453	2 959	1	1
1 453	0 252	1	1
1 453	2 286	1	1
1 453	0 358	1	1
1 454	1 157	1	1
1 454	1 378	1	1
1 454	0 547	1	1
1 454	3 713	1	1
1 454	2 694	1	1
1 454	0 400	1	1
1 454	2 560	1	1
1 454	2 751	1	1
1 454	2 170	1	1
1 454	3 28	1	1
1 454	0 869	1	1
1 454	2 578	1	1
1 454	0 795	1	1
1 454	0 982	1	1
1 454	0 105	1	1
1 454	2 936	1	1
1 454	2 501	1	1
1 455	1 337	1	1
1 455	1 317	1	1
1 455	1 914	1	1
1 455	1 279	1	1
1 455	1 999	1	1
1 455	0 732	1	1
1 455	3 517	1	1
1 455	2 569	1	1
1 455	2 506	1	1
1 455	2 262	1	1
1 455	0 207	1	1
1 455	3 97	1	1
1 455	0 380	1	1
1 455	3 49	1	1
1 455	2 927	1	1
1 455	3 803	1	1
1 455	3 904	1	1
1 456	1 176	1	1
1 456	1 783	1	1
1 456	1 126	1	1
1 456	3 525	1	1
1 456	3 635	1	1
1 456	2 571	1	1
1 456	0 469	1	1
1 456	3 782	1	1
1 456	3 371	1	1
1 456	3 947	1	1
1 456	3 974	1	1
1 456	2 185	1	1
1 456	0 608	1	1
1 456	2 793	1	1
1 456	2 22	1	1
1 456	0 788	1	1
1 456	2 514	1	1
1 457	1 826	1	1
1 457	1 801	1	1
1 457	1 161	1	1
1 457	3 619	1	1
1 457	0 62	1	1
1 457	2 908	1	1
1 457	3 426	1	1
1 457	3 979	1	1
1 457	3 326	1	1
1 457	3 693	1	1
1 457	2 116	1	1
1 457	3 134	1	1
1 457	2 389	1	1
1 457	0 955	1	1
1 457	0 411	1	1
1 457	0 650	1	1
1 457	0 777	1	1
1 458	1 237	1	1
1 458	1 49	1	1
1 458	1 744	1	1
1 458	1 962	1	1
1 458	1 894	1	1
1 458	1 490	1	1
1 458	0 203	1	1
1 458	2 66	1	1
1 458	2 64	1	1
1 458	0 641	1	1
1 458	2 362	1	1
1 458	3 990	1	1
1 458	2 874	1	1
1 458	3 851	1	1
1 458	0 216	1	1
1 458	3 802	1	1
1 458	3 256	1	1
1 459	1 290	1	1
1 459	1 82	1	1
1 459	1 259	1	1
1 459	1 541	1	1
1 459	1 402	1	1
1 459	0 754	1	1
1 459	2 861	1	1
1 459	0 585	1	1
1 459	3 667	1	1
1 459	2 775	1	1
1 459	2 83	1	1
1 459	3 581	1	1
1 459	2 568	1	1
1 459	3 892	1	1
1 459	0 935	1	1
1 459	3 872	1	1
1 459	2 129	1	1
1 460	1 307	1	1
1 460	1 242	1	1
1 460	1 987	1	1
1 460	0 409	1	1
1 460	3 441	1	1
1 460	0 975	1	1
1 460	3 679	1	1
1 460	0 255	1	1
1 460	2 953	1	1
1 460	0 777	1	1
1 460	0 414	1	1
1 460	0 492	1	1
1 460	3 149	1	1
1 460	0 143	1	1
1 460	2 518	1	1
1 460	0 880	1	1
1 460	2 493	1	1
1 461	1 258	1	1
1 461	1 90	1	1
1 461	1 464	1	1
1 461	1 609	1	1
1 461	2 300	1	1
1 461	2 430	1	1
1 461	2 578	1	1
1 461	2 928	1	1
1 461	3 648	1	1
1 461	3 354	1	1
1 461	2 982	1	1
1 461	3 363	1	1
1 461	2 88	1	1
1 461	3 714	1	1
1 461	0 157	1	1
1 461	3 516	1	1
1 461	2 56	1	1
1 462	1 451	1	1
1 462	1 203	1	1
1 462	1 293	1	1
1 462	3 1000	1	1
1 462	3 690	1	1
1 462	0 944	1	1
1 462	0 803	1	1
1 462	2 551	1	1
1 462	3 968	1	1
1 462	3 615	1	1
1 462	2 3	1	1
1 462	2 391	1	1
1 462	2 485	1	1
1 462	3 478	1	1
1 462	3 998	1	1
1 462	2 835	1	1
1 462	0 789	1	1
1 463	1 271	1	1
1 463	1 514	1	1
1 463	1 300	1	1
1 463	1 125	1	1
1 463	1 820	1	1
1 463	2 316	1	1
1 463	2 292	1	1
1 463	0 6	1	1
1 463	3 385	1	1
1 463	2 542	1	1
1 463	3 4	1	1
1 463	2 97	1	1
1 463	2 192	1	1
1 463	3 82	1	1
1 463	0 687	1	1
1 463	0 401	1	1
1 463	3 536	1	1
1 464	1 166	1	1
1 464	1 227	1	1
1 464	1 344	1	1
1 464	2 577	1	1
1 464	3 256	1	1
1 464	2 581	1	1
1 464	3 862	1	1
1 464	0 691	1	1
1 464	0 336	1	1
1 464	3 427	1	1
1 464	0 112	1	1
1 464	3 250	1	1
1 464	0 404	1	1
1 464	3 900	1	1
1 464	0 520	1	1
1 464	3 729	1	1
1 464	3 424	1	1
1 465	1 421	1	1
1 465	1 701	1	1
1 465	1 471	1	1
1 465	0 381	1	1
1 465	3 655	1	1
1 465	0 1000	1	1
1 465	3 833	1	1
1 465	0 6	1	1
1 465	0 227	1	1
1 465	0 556	1	1
1 465	3 292	1	1
1 465	0 883	1	1
1 465	3 543	1	1
1 465	2 601	1	1
1 465	3 678	1	1
1 465	0 283	1	1
1 465	2 300	1	1
1 466	1 242	1	1
1 466	1 439	1	1
1 466	1 779	1	1
1 466	1 800	1	1
1 466	0 944	1	1
1 466	3 584	1	1
1 466	0 483	1	1
1 466	3 248	1	1
1 466	0 996	1	1
1 466	3 212	1	1
1 466	0 127	1	1
1 466	3 684	1	1
1 466	3 444	1	1
1 466	2 351	1	1
1 466	0 855	1	1
1 466	3 301	1	1
1 466	3 907	1	1
1 467	1 724	1	1
1 467	1 559	1	1
1 467	1 229	1	1
1 467	2 288	1	1
1 467	2 198	1	1
1 467	0 752	1	1
1 467	0 703	1	1
1 467	0 666	1	1
1 467	3 607	1	1
1 467	3 525	1	1
1 467	2 912	1	1
1 467	0 939	1	1
1 467	3 702	1	1
1 467	3 557	1	1
1 467	3 755	1	1
1 467	2 986	1	1
1 467	2 1000	1	1
1 468	1 271	1	1
1 468	1 280	1	1
1 468	1 654	1	1
1 468	1 874	1	1
1 468	1 8	1	1
1 468	3 86	1	1
1 468	2 57	1	1
1 468	0 564	1	1
1 468	0 52	1	1
1 468	2 473	1	1
1 468	0 569	2	1
1 468	3 524	1	1
1 468	0 155	1	1
1 468	2 13	1	1
1 468	3 917	1	1
1 468	3 650	1	1
1 469	1 671	1	1
1 469	1 120	1	1
1 469	1 921	1	1
1 469	1 230	1	1
1 469	1 778	1	1
1 469	1 468	1	1
1 469	1 737	1	1
1 469	0 893	1	1
1 469	2 851	1	1
1 469	2 54	1	1
1 469	3 775	1	1
1 469	0 30	1	1
1 469	2 293	1	1
1 469	0 153	1	1
1 469	3 653	1	1
1 469	3 96	1	1
1 469	0 209	1	1
1 470	1 140	1	1
1 470	1 792	1	1
1 470	3 938	1	1
1 470	2 163	1	1
1 470	2 418	1	1
1 470	2 814	1	1
1 470	2 400	1	1
1 470	3 985	1	1
1 470	2 664	1	1
1 470	3 293	1	1
1 470	3 501	1	1
1 470	0 94	1	1
1 470	3 619	1	1
1 470	2 429	1	1
1 470	3 831	1	1
1 470	0 773	1	1
1 470	2 974	1	1
1 471	1 366	1	1
1 471	1 975	1	1
1 471	1 393	1	1
1 471	1 188	1	1
1 471	1 295	1	1
1 471	3 694	1	1
1 471	2 190	1	1
1 471	3 192	1	1
1 471	2 121	1	1
1 471	2 889	1	1
1 471	3 772	1	1
1 471	0 845	1	1
1 471	0 235	1	1
1 471	0 804	1	1
1 471	3 85	1	1
1 471	0 394	1	1
1 471	2 548	1	1
1 472	1 914	1	1
1 472	1 264	1	1
1 472	1 650	1	1
1 472	3 914	1	1
1 472	2 211	1	1
1 472	0 466	1	1
1 472	3 905	1	1
1 472	2 188	1	1
1 472	3 695	1	1
1 472	0 846	1	1
1 472	0 507	1	1
1 472	3 662	1	1
1 472	2 1	1	1
1 472	3 573	1	1
1 472	3 711	1	1
1 472	2 672	1	1
1 472	0 408	1	1
1 473	1 248	1	1
1 473	1 472	1	1
1 473	1 736	1	1
1 473	3 872	1	1
1 473	2 25	1	1
1 473	0 638	1	1
1 473	2 16	1	1
1 473	2 802	1	1
1 473	3 316	1	1
1 473	3 936	1	1
1 473	2 996	1	1
1 473	2 478	1	1
1 473	0 321	1	1
1 473	0 74	1	1
1 473	2 669	1	1
1 473	0 269	1	1
1 473	0 884	1	1
1 474	1 653	1	1
1 474	1 107	1	1
1 474	1 716	1	1
1 474	1 889	1	1
1 474	3 656	1	1
1 474	3 813	1	1
1 474	3 439	1	1
1 474	0 58	1	1
1 474	3 557	1	1
1 474	0 476	1	1
1 474	0 544	1	1
1 474	2 980	1	1
1 474	2 666	1	1
1 474	2 374	1	1
1 474	2 746	1	1
1 474	0 645	1	1
1 474	3 621	1	1
1 475	1 487	1	1
1 475	1 923	1	1
1 475	1 590	1	1
1 475	2 74	1	1
1 475	2 423	1	1
1 475	0 532	1	1
1 475	3 770	1	1
1 475	3 578	1	1
1 475	0 899	1	1
1 475	0 531	1	1
1 475	0 521	1	1
1 475	2 363	1	1
1 475	2 788	1	1
1 475	0 52	1	1
1 475	0 897	1	1
1 475	0 592	1	1
1 475	2 697	1	1
1 476	1 935	1	1
1 476	1 552	1	1
1 476	1 350	1	1
1 476	1 80	1	1
1 476	2 307	1	1
1 476	0 276	1	1
1 476	0 891	1	1
1 476	0 931	1	1
1 476	3 411	1	1
1 476	0 808	1	1
1 476	0 928	1	1
1 476	3 331	1	1
1 476	2 637	1	1
1 476	2 253	1	1
1 476	2 126	1	1
1 476	0 496	1	1
1 476	0 483	1	1
1 477	1 75	1	1
1 477	1 836	1	1
1 477	1 715	1	1
1 477	1 966	1	1
1 477	1 203	1	1
1 477	2 898	1	1
1 477	2 956	1	1
1 477	2 702	1	1
1 477	2 420	1	1
1 477	3 211	1	1
1 477	0 362	1	1
1 477	0 926	1	1
1 477	3 911	1	1
1 477	3 247	1	1
1 477	2 195	1	1
1 477	3 319	1	1
1 477	2 462	1	1
1 478	1 51	1	1
1 478	1 187	1	1
1 478	1 869	1	1
1 478	1 430	1	1
1 478	1 28	1	1
1 478	3 399	1	1
1 478	0 735	1	1
1 478	2 121	1	1
1 478	2 35	1	1
1 478	3 8	1	1
1 478	0 6	1	1
1 478	2 616	1	1
1 478	2 532	1	1
1 478	3 197	1	1
1 478	3 600	1	1
1 478	2 457	1	1
1 478	3 763	1	1
1 479	1 539	1	1
1 479	1 269	1	1
1 479	1 552	1	1
1 479	1 123	1	1
1 479	1 303	1	1
1 479	0 57	1	1
1 479	0 673	1	1
1 479	2 601	1	1
1 479	3 417	1	1
1 479	3 725	1	1
1 479	0 842	1	1
1 479	2 556	1	1
1 479	3 976	1	1
1 479	0 909	1	1
1 479	3 304	1	1
1 479	0 975	1	1
1 479	2 633	1	1
1 480	1 468	1	1
1 480	1 788	1	1
1 480	1 44	1	1
1 480	3 829	1	1
1 480	3 453	1	1
1 480	0 905	1	1
1 480	2 353	1	1
1 480	0 455	1	1
1 480	0 841	1	1
1 480	2 388	1	1
1 480	0 996	1	1
1 480	0 493	1	1
1 480	0 604	1	1
1 480	3 271	1	1
1 480	0 953	1	1
1 480	0 401	1	1
1 480	0 943	1	1
1 481	1 509	1	1
1 481	1 27	1	1
1 481	1 263	1	1
1 481	1 706	1	1
1 481	1 289	1	1
1 481	1 535	1	1
1 481	1 119	1	1
1 481	2 771	1	1
1 481	0 143	1	1
1 481	3 608	1	1
1 481	3 419	1	1
1 481	2 701	1	1
1 481	2 966	1	1
1 481	3 601	1	1
1 481	0 407	1	1
1 481	2 181	1	1
1 481	3 407	1	1
1 482	1 554	1	1
1 482	1 152	1	1
1 482	1 546	1	1
1 482	1 471	1	1
1 482	0 886	1	1
1 482	2 491	1	1
1 482	3 779	1	1
1 482	3 334	1	1
1 482	0 451	1	1
1 482	2 444	1	1
1 482	2 31	1	1
1 482	2 262	1	1
1 482	2 970	1	1
1 482	3 852	1	1
1 482	0 294	1	1
1 482	2 63	1	1
1 482	0 292	1	1
1 483	1 172	1	1
1 483	1 398	1	1
1 483	1 525	1	1
1 483	1 596	1	1
1 483	1 176	1	1
1 483	0 165	1	1
1 483	2 756	1	1
1 483	0 405	1	1
1 483	3 367	1	1
1 483	3 753	1	1
1 483	2 562	1	1
1 483	0 864	1	1
1 483	0 456	1	1
1 483	2 150	1	1
1 483	0 286	1	1
1 483	3 833	1	1
1 483	0 644	1	1
1 484	1 300	1	1
1 484	1 157	1	1
1 484	1 953	1	1
1 484	1 485	1	1
1 484	1 154	1	1
1 484	1 598	1	1
1 484	1 583	1	1
1 484	0 933	1	1
1 484	2 362	1	1
1 484	3 93	1	1
1 484	2 923	1	1
1 484	2 612	1	1
1 484	2 579	1	1
1 484	2 144	1	1
1 484	2 973	1	1
1 484	2 860	1	1
1 484	0 316	1	1
1 485	1 346	1	1
1 485	1 30	1	1
1 485	1 313	1	1
1 485	1 121	1	1
1 485	3 354	1	1
1 485	2 929	1	1
1 485	0 99	1	1
1 485	2 543	1	1
1 485	3 702	1	1
1 485	0 861	1	1
1 485	0 705	1	1
1 485	0 951	1	1
1 485	0 605	1	1
1 485	3 121	1	1
1 485	2 545	1	1
1 485	2 453	1	1
1 485	0 273	1	1
1 486	1 734	1	1
1 486	1 25	1	1
1 486	1 305	1	1
1 486	2 829	1	1
1 486	3 820	1	1
1 486	0 718	1	1
1 486	2 920	1	1
1 486	2 768	1	1
1 486	3 601	1	1
1 486	3 190	1	1
1 486	0 230	1	1
1 486	2 889	1	1
1 486	2 769	1	1
1 486	2 565	1	1
1 486	3 510	1	1
1 486	2 286	1	1
1 486	3 469	1	1
1 487	1 916	1	1
1 487	1 246	1	1
1 487	1 154	1	1
1 487	0 423	1	1
1 487	2 301	1	1
1 487	2 374	1	1
1 487	2 849	1	1
1 487	3 764	1	1
1 487	3 480	1	1
1 487	3 389	1	1
1 487	3 267	1	1
1 487	3 928	1	1
1 487	0 315	1	1
1 487	0 473	1	1
1 487	0 259	1	1
1 487	0 289	1	1
1 487	3 742	1	1
1 488	1 956	1	1
1 488	1 867	1	1
1 488	1 916	1	1
1 488	3 779	1	1
1 488	2 396	1	1
1 488	3 211	1	1
1 488	2 531	1	1
1 488	3 625	1	1
1 488	3 274	1	1
1 488	3 449	1	1
1 488	0 542	1	1
1 488	3 656	1	1
1 488	2 769	1	1
1 488	0 574	1	1
1 488	3 767	1	1
1 488	0 834	1	1
1 488	2 478	1	1
1 489	1 664	1	1
1 489	1 982	1	1
1 489	1 673	1	1
1 489	1 146	1	1
1 489	1 532	1	1
1 489	0 872	1	1
1 489	2 963	1	1
1 489	2 19	1	1
1 489	2 232	1	1
1 489	2 390	1	1
1 489	0 153	1	1
1 489	3 116	1	1
1 489	0 811	1	1
1 489	0 612	1	1
1 489	0 519	1	1
1 489	2 450	1	1
1 489	2 830	1	1
1 490	1 383	1	1
1 490	1 537	1	1
1 490	1 631	1	1
1 490	1 835	1	1
1 490	1 213	1	1
1 490	2 191	1	1
1 490	0 463	1	1
1 490	2 42	1	1
1 490	0 321	1	1
1 490	3 866	1	1
1 490	3 749	1	1
1 490	2 405	1	1
1 490	2 559	1	1
1 490	0 190	1	1
1 490	2 484	1	1
1 490	0 303	1	1
1 490	3 705	1	1
1 491	1 726	1	1
1 491	1 318	1	1
1 491	1 66	1	1
1 491	1 426	1	1
1 491	1 559	1	1
1 491	3 726	1	1
1 491	2 152	1	1
1 491	2 898	1	1
1 491	0 268	1	1
1 491	2 123	1	1
1 491	2 139	1	1
1 491	3 2	1	1
1 491	2 27	1	1
1 491	2 308	1	1
1 491	0 758	1	1
1 491	3 609	1	1
1 491	0 756	1	1
1 492	1 860	1	1
1 492	1 401	1	1
1 492	1 344	1	1
1 492	1 71	1	1
1 492	1 27	1	1
1 492	2 623	1	1
1 492	2 895	1	1
1 492	0 753	1	1
1 492	0 624	1	1
1 492	3 566	1	1
1 492	3 223	1	1
1 492	3 978	1	1
1 492	0 885	1	1
1 492	3 916	1	1
1 492	3 360	1	1
1 492	3 229	1	1
1 492	0 743	1	1
1 493	1 870	1	1
1 493	1 309	1	1
1 493	0 282	1	1
1 493	2 261	1	1
1 493	2 648	1	1
1 493	3 191	1	1
1 493	3 956	1	1
1 493	2 759	1	1
1 493	0 615	1	1
1 493	0 456	1	1
1 493	3 934	1	1
1 493	3 768	1	1
1 493	3 885	1	1
1 493	0 485	1	1
1 493	0 633	1	1
1 493	0 107	1	1
1 493	3 802	1	1
1 494	1 618	1	1
1 494	1 591	1	1
1 494	1 706	1	1
1 494	1 727	1	1
1 494	1 318	1	1
1 494	0 445	1	1
1 494	2 231	1	1
1 494	0 926	1	1
1 494	3 779	1	1
1 494	3 122	1	1
1 494	0 892	1	1
1 494	0 907	1	1
1 494	2 536	1	1
1 494	0 287	1	1
1 494	3 873	1	1
1 494	2 186	1	1
1 494	0 858	1	1
1 495	1 172	1	1
1 495	1 373	1	1
1 495	1 671	1	1
1 495	1 88	1	1
1 495	1 876	1	1
1 495	1 890	1	1
1 495	2 845	1	1
1 495	3 562	1	1
1 495	2 438	1	1
1 495	2 589	1	1
1 495	3 663	1	1
1 495	0 767	1	1
1 495	2 131	1	1
1 495	3 170	1	1
1 495	3 390	1	1
1 495	0 397	1	1
1 495	0 693	1	1
1 496	1 553	1	1
1 496	1 268	1	1
1 496	1 808	1	1
1 496	1 697	1	1
1 496	1 417	1	1
1 496	1 309	1	1
1 496	0 875	1	1
1 496	2 878	1	1
1 496	2 188	1	1
1 496	2 530	1	1
1 496	3 965	1	1
1 496	0 271	1	1
1 496	0 17	1	1
1 496	0 117	1	1
1 496	3 532	1	1
1 496	0 321	1	1
1 496	0 720	1	1
1 497	1 730	1	1
1 497	0 566	1	1
1 497	3 977	1	1
1 497	3 68	1	1
1 497	2 494	1	1
1 497	2 882	1	1
1 497	3 887	1	1
1 497	3 773	1	1
1 497	2 458	1	1
1 497	3 197	1	1
1 497	2 317	1	1
1 497	3 482	1	1
1 497	2 759	1	1
1 497	0 509	1	1
1 497	3 759	1	1
1 497	0 304	1	1
1 497	3 424	1	1
1 498	1 527	1	1
1 498	1 898	1	1
1 498	1 384	1	1
1 498	1 481	1	1
1 498	1 58	1	1
1 498	3 387	1	1
1 498	0 479	1	1
1 498	3 264	1	1
1 498	3 488	1	1
1 498	2 256	1	1
1 498	0 378	1	1
1 498	2 335	1	1
1 498	0 844	1	1
1 498	0 668	1	1
1 498	3 795	1	1
1 498	2 607	1	1
1 498	2 168	1	1
1 499	1 111	1	1
1 499	1 723	1	1
1 499	1 843	1	1
1 499	1 732	1	1
1 499	2 8	1	1
1 499	2 34	1	1
1 499	2 938	1	1
1 499	2 24	1	1
1 499	2 248	1	1
1 499	0 682	1	1
1 499	0 890	1	1
1 499	3 464	1	1
1 499	3 16	1	1
1 499	3 268	1	1
1 499	3 206	1	1
1 499	0 97	1	1
1 499	2 709	1	1
1 500	1 998	1	1
1 500	1 526	1	1
1 500	3 845	1	1
1 500	0 808	1	1
1 500	2 779	1	1
1 500	2 8	1	1
1 500	2 934	1	1
1 500	3 409	1	1
1 500	2 74	1	1
1 500	0 49	1	1
1 500	0 195	1	1
1 500	0 588	1	1
1 500	3 765	1	1
1 500	2 429	1	1
1 500	3 731	1	1
1 500	0 215	1	1
1 500	3 762	1	1
1 501	1 146	1	1
1 501	1 213	1	1
1 501	1 250	1	1
1 501	1 215	1	1
1 501	1 809	1	1
1 501	0 462	1	1
1 501	0 637	1	1
1 501	0 565	1	1
1 501	3 668	1	1
1 501	2 836	1	1
1 501	2 327	1	1
1 501	2 92	1	1
1 501	3 213	1	1
1 501	0 369	1	1
1 501	2 97	1	1
1 501	2 136	1	1
1 501	2 287	1	1
1 502	1 834	1	1
1 502	1 131	1	1
1 502	1 498	1	1
1 502	1 571	1	1
1 502	3 603	1	1
1 502	3 609	1	1
1 502	2 552	1	1
1 502	2 305	1	1
1 502	0 777	1	1
1 502	0 364	1	1
1 502	2 188	1	1
1 502	2 88	1	1
1 502	2 837	1	1
1 502	2 918	1	1
1 502	0 65	1	1
1 502	0 806	1	1
1 502	0 686	1	1
1 503	1 133	1	1
1 503	1 265	1	1
1 503	1 646	1	1
1 503	1 976	1	1
1 503	1 141	1	1
1 503	1 615	1	1
1 503	1 957	1	1
1 503	0 21	1	1
1 503	2 738	1	1
1 503	3 302	1	1
1 503	2 497	1	1
1 503	0 476	1	1
1 503	2 901	1	1
1 503	3 215	1	1
1 503	3 990	1	1
1 503	2 765	1	1
1 503	0 59	1	1
1 504	1 548	1	1
1 504	1 106	1	1
1 504	1 153	1	1
1 504	1 812	1	1
1 504	1 259	1	1
1 504	0 456	1	1
1 504	0 896	1	1
1 504	2 183	1	1
1 504	2 944	1	1
1 504	0 126	1	1
1 504	0 835	1	1
1 504	2 22	1	1
1 504	3 249	1	1
1 504	2 967	1	1
1 504	2 826	1	1
1 504	0 59	1	1
1 504	2 993	1	1
1 505	1 702	1	1
1 505	1 166	1	1
1 505	1 471	1	1
1 505	1 679	1	1
1 505	1 199	1	1
1 505	2 215	1	1
1 505	0 982	1	1
1 505	2 91	1	1
1 505	3 604	1	1
1 505	2 889	1	1
1 505	0 486	1	1
1 505	2 205	1	1
1 505	0 196	1	1
1 505	2 843	1	1
1 505	0 664	1	1
1 505	0 987	1	1
1 505	2 866	1	1
1 506	1 361	1	1
1 506	1 483	1	1
1 506	1 281	1	1
1 506	1 482	1	1
1 506	1 293	1	1
1 506	0 107	1	1
1 506	3 40	1	1
1 506	0 16	1	1
1 506	0 717	1	1
1 506	0 330	1	1
1 506	0 597	1	1
1 506	3 894	1	1
1 506	2 226	1	1
1 506	3 498	1	1
1 506	3 916	1	1
1 506	3 589	1	1
1 506	2 269	1	1
1 507	1 109	1	1
1 507	1 653	1	1
1 507	1 356	1	1
1 507	1 512	1	1
1 507	2 260	1	1
1 507	2 646	1	1
1 507	0 188	1	1
1 507	0 752	1	1
1 507	0 66	1	1
1 507	0 857	1	1
1 507	0 740	1	1
1 507	3 728	1	1
1 507	2 695	1	1
1 507	0 802	1	1
1 507	0 471	1	1
1 507	2 894	1	1
1 507	0 862	1	1
1 508	1 98	1	1
1 508	1 724	1	1
1 508	1 966	1	1
1 508	2 763	1	1
1 508	0 205	1	1
1 508	0 597	1	1
1 508	0 334	1	1
1 508	2 866	1	1
1 508	0 895	1	1
1 508	3 626	1	1
1 508	3 524	1	1
1 508	2 155	1	1
1 508	3 557	1	1
1 508	2 971	1	1
1 508	3 949	1	1
1 508	2 454	1	1
1 508	2 986	1	1
1 509	1 268	1	1
1 509	1 740	1	1
1 509	1 211	1	1
1 509	1 724	1	1
1 509	1 632	1	1
1 509	1 269	1	1
1 509	1 144	1	1
1 509	2 901	1	1
1 509	3 868	1	1
1 509	2 663	1	1
1 509	3 372	1	1
1 509	3 152	1	1
1 509	0 541	1	1
1 509	3 876	1	1
1 509	2 629	1	1
1 509	0 196	1	1
1 509	2 135	1	1
1 510	1 94	1	1
1 510	3 582	1	1
1 510	3 43	1	1
1 510	2 319	1	1
1 510	3 358	1	1
1 510	0 826	1	1
1 510	0 637	1	1
1 510	0 181	1	1
1 510	2 149	1	1
1 510	3 807	1	1
1 510	3 181	1	1
1 510	2 768	1	1
1 510	0 752	1	1
1 510	3 750	1	1
1 510	2 415	1	1
1 510	3 443	1	1
1 510	3 485	1	1
1 511	1 664	1	1
1 511	1 656	1	1
1 511	1 577	1	1
1 511	1 570	1	1
1 511	2 646	1	1
1 511	3 800	1	1
1 511	2 313	1	1
1 511	3 37	1	1
1 511	0 205	1	1
1 511	2 385	1	1
1 511	0 469	1	1
1 511	2 9	1	1
1 511	3 190	1	1
1 511	0 551	1	1
1 511	3 137	1	1
1 511	3 199	1	1
1 511	3 175	1	1
1 512	1 294	1	1
1 512	1 688	1	1
1 512	1 325	1	1
1 512	1 456	1	1
1 512	1 252	1	1
1 512	3 432	1	1
1 512	0 582	1	1
1 512	3 752	1	1
1 512	3 517	1	1
1 512	3 518	1	1
1 512	2 118	1	1
1 512	3 956	1	1
1 512	2 59	1	1
1 512	0 174	1	1
1 512	3 245	1	1
1 512	0 307	1	1
1 512	0 47	1	1
1 513	1 947	1	1
1 513	1 618	1	1
1 513	1 826	1	1
1 513	0 899	1	1
1 513	0 889	1	1
1 513	0 791	1	1
1 513	0 773	1	1
1 513	2 414	1	1
1 513	0 848	1	1
1 513	0 40	1	1
1 513	2 335	1	1
1 513	3 706	1	1
1 513	2 533	1	1
1 513	2 241	1	1
1 513	2 440	1	1
1 513	0 237	1	1
1 513	0 837	1	1
1 514	1 258	1	1
1 514	1 676	1	1
1 514	1 95	1	1
1 514	1 379	1	1
1 514	1 110	1	1
1 514	3 567	1	1
1 514	3 994	1	1
1 514	0 675	1	1
1 514	3 928	1	1
1 514	3 320	1	1
1 514	0 551	1	1
1 514	3 355	1	1
1 514	3 438	1	1
1 514	0 816	1	1
1 514	3 934	1	1
1 514	0 395	1	1
1 514	2 549	1	1
1 515	1 863	1	1
1 515	1 38	1	1
1 515	1 774	1	1
1 515	1 448	1	1
1 515	0 734	1	1
1 515	0 947	1	1
1 515	0 729	1	1
1 515	2 429	1	1
1 515	3 122	1	1
1 515	2 186	1	1
1 515	3 661	1	1
1 515	0 953	1	1
1 515	3 31	1	1
1 515	0 945	1	1
1 515	3 977	1	1
1 515	0 43	1	1
1 515	2 150	1	1
1 516	1 124	1	1
1 516	1 591	1	1
1 516	1 646	1	1
1 516	1 269	1	1
1 516	1 319	1	1
1 516	1 132	1	1
1 516	3 560	1	1
1 516	2 912	1	1
1 516	3 44	1	1
1 516	3 660	1	1
1 516	0 487	1	1
1 516	2 606	1	1
1 516	0 510	1	1
1 516	3 782	1	1
1 516	3 636	1	1
1 516	3 276	1	1
1 516	3 369	1	1
1 517	1 667	1	1
1 517	1 168	1	1
1 517	1 78	1	1
1 517	1 68	1	1
1 517	3 662	1	1
1 517	3 198	1	1
1 517	2 183	1	1
1 517	0 737	1	1
1 517	0 590	1	1
1 517	0 365	1	1
1 517	0 677	1	1
1 517	3 223	1	1
1 517	0 938	1	1
1 517	3 324	1	1
1 517	3 278	1	1
1 517	2 846	1	1
1 517	3 630	1	1
1 518	1 914	1	1
1 518	1 633	1	1
1 518	1 596	1	1
1 518	1 46	1	1
1 518	1 884	1	1
1 518	3 906	1	1
1 518	3 88	1	1
1 518	0 371	1	1
1 518	2 397	1	1
1 518	3 316	1	1
1 518	3 356	1	1
1 518	3 929	1	1
1 518	0 365	1	1
1 518	3 814	1	1
1 518	3 513	1	1
1 518	3 908	1	1
1 518	0 437	1	1
1 519	1 11	1	1
1 519	1 395	1	1
1 519	1 701	1	1
1 519	2 897	1	1
1 519	0 37	1	1
1 519	0 795	1	1
1 519	0 929	1	1
1 519	0 509	1	1
1 519	0 135	1	1
1 519	0 525	1	1
1 519	0 68	1	1
1 519	0 519	1	1
1 519	0 374	1	1
1 519	0 622	1	1
1 519	3 935	1	1
1 519	0 472	1	1
1 519	2 378	1	1
1 520	1 793	1	1
1 520	1 943	1	1
1 520	1 853	1	1
1 520	1 117	1	1
1 520	1 227	1	1
1 520	0 529	1	1
1 520	0 344	1	1
1 520	2 201	1	1
1 520	2 919	1	1
1 520	0 506	1	1
1 520	3 640	1	1
1 520	2 534	1	1
1 520	2 582	1	1
1 520	2 544	1	1
1 520	0 507	1	1
1 520	3 967	1	1
1 520	2 702	1	1
1 521	1 468	1	1
1 521	1 827	1	1
1 521	1 959	1	1
1 521	1 515	1	1
1 521	1 410	1	1
1 521	0 881	1	1
1 521	3 866	1	1
1 521	3 657	1	1
1 521	3 748	1	1
1 521	0 791	1	1
1 521	3 525	1	1
1 521	3 202	1	1
1 521	3 363	1	1
1 521	0 780	1	1
1 521	3 369	1	1
1 521	2 331	1	1
1 521	0 625	1	1
1 522	1 593	1	1
1 522	1 276	1	1
1 522	1 884	1	1
1 522	0 502	1	1
1 522	2 586	1	1
1 522	2 917	1	1
1 522	3 956	1	1
1 522	3 32	1	1
1 522	0 383	1	1
1 522	0 47	1	1
1 522	0 407	1	1
1 522	2 431	1	1
1 522	2 401	1	1
1 522	3 794	1	1
1 522	2 103	1	1
1 522	3 16	1	1
1 522	3 741	1	1
1 523	1 483	1	1
1 523	1 614	1	1
1 523	1 144	1	1
1 523	1 98	1	1
1 523	1 71	1	1
1 523	1 624	1	1
1 523	2 399	1	1
1 523	3 469	1	1
1 523	2 490	1	1
1 523	3 100	1	1
1 523	0 483	1	1
1 523	0 566	1	1
1 523	0 59	1	1
1 523	2 193	1	1
1 523	0 90	1	1
1 523	0 906	1	1
1 523	3 935	1	1
1 524	1 935	1	1
1 524	1 285	1	1
1 524	1 908	1	1
1 524	1 357	1	1
1 524	3 561	1	1
1 524	0 925	1	1
1 524	2 139	1	1
1 524	2 564	1	1
1 524	3 263	1	1
1 524	2 849	1	1
1 524	0 347	1	1
1 524	0 813	1	1
1 524	0 468	1	1
1 524	0 453	1	1
1 524	2 400	1	1
1 524	0 272	1	1
1 524	0 719	1	1
1 525	1 271	1	1
1 525	1 355	1	1
1 525	1 326	1	1
1 525	1 705	1	1
1 525	0 731	1	1
1 525	0 960	1	1
1 525	3 124	1	1
1 525	3 563	1	1
1 525	0 161	1	1
1 525	2 329	1	1
1 525	3 986	1	1
1 525	0 140	1	1
1 525	0 822	1	1
1 525	2 458	1	1
1 525	0 306	1	1
1 525	3 932	1	1
1 525	3 606	1	1
1 526	1 661	1	1
1 526	1 737	1	1
1 526	0 956	1	1
1 526	3 415	1	1
1 526	2 948	1	1
1 526	0 718	1	1
1 526	2 73	1	1
1 526	0 783	1	1
1 526	2 442	1	1
1 526	3 422	1	1
1 526	3 256	1	1
1 526	0 719	1	1
1 526	3 306	1	1
1 526	2 140	1	1
1 526	0 81	1	1
1 526	0 691	1	1
1 526	3 589	1	1
1 527	1 853	1	1
1 527	1 332	1	1
1 527	1 435	1	1
1 527	3 2	1	1
1 527	0 550	1	1
1 527	3 205	1	1
1 527	3 718	1	1
1 527	0 414	1	1
1 527	2 844	1	1
1 527	0 331	1	1
1 527	2 347	1	1
1 527	2 486	1	1
1 527	2 779	1	1
1 527	2 656	1	1
1 527	2 175	1	1
1 527	2 382	1	1
1 527	3 35	1	1
1 528	1 609	1	1
1 528	1 904	1	1
1 528	1 503	1	1
1 528	1 612	1	1
1 528	1 146	1	1
1 528	3 727	1	1
1 528	0 445	1	1
1 528	0 430	1	1
1 528	3 569	1	1
1 528	0 146	1	1
1 528	2 643	1	1
1 528	0 348	1	1
1 528	3 848	1	1
1 528	2 756	1	1
1 528	3 419	1	1
1 528	3 632	1	1
1 528	2 467	1	1
1 529	1 101	1	1
1 529	1 745	1	1
1 529	1 726	1	1
1 529	1 407	1	1
1 529	1 265	1	1
1 529	1 719	1	1
1 529	2 681	1	1
1 529	2 13	1	1
1 529	0 307	1	1
1 529	0 669	1	1
1 529	2 171	1	1
1 529	3 511	1	1
1 529	2 725	1	1
1 529	3 996	1	1
1 529	0 981	1	1
1 529	0 828	1	1
1 529	3 986	1	1
1 530	0 240	1	1
1 530	2 434	1	1
1 530	0 617	1	1
1 530	0 134	1	1
1 530	3 335	1	1
1 530	2 872	1	1
1 530	0 302	1	1
1 530	3 607	1	1
1 530	3 317	1	1
1 530	3 135	1	1
1 530	2 254	1	1
1 530	3 331	1	1
1 530	0 492	1	1
1 530	0 676	1	1
1 530	0 809	1	1
1 530	0 457	1	1
1 530	2 723	1	1
1 531	1 354	1	1
1 531	1 514	1	1
1 531	1 398	1	1
1 531	1 710	1	1
1 531	1 502	1	1
1 531	2 456	1	1
1 531	3 714	1	1
1 531	2 68	1	1
1 531	3 745	1	1
1 531	0 552	1	1
1 531	2 749	1	1
1 531	0 963	1	1
1 531	0 255	1	1
1 531	3 609	1	1
1 531	3 522	1	1
1 531	3 411	1	1
1 531	0 392	1	1
1 532	1 617	1	1
1 532	1 511	1	1
1 532	1 264	1	1
1 532	1 826	1	1
1 532	1 294	1	1
1 532	2 165	1	1
1 532	0 438	1	1
1 532	0 193	1	1
1 532	2 855	1	1
1 532	2 903	1	1
1 532	0 935	1	1
1 532	3 440	1	1
1 532	3 358	1	1
1 532	0 415	1	1
1 532	2 859	1	1
1 532	0 111	1	1
1 532	0 591	1	1
1 533	1 501	1	1
1 533	1 5	1	1
1 533	1 194	1	1
1 533	1 170	1	1
1 533	1 196	1	1
1 533	1 711	1	1
1 533	3 202	1	1
1 533	0 331	1	1
1 533	2 406	1	1
1 533	2 556	1	1
1 533	0 514	1	1
1 533	2 207	1	1
1 533	2 306	1	1
1 533	2 575	1	1
1 533	0 868	1	1
1 533	3 478	1	1
1 533	0 837	1	1
1 534	1 779	1	1
1 534	1 97	1	1
1 534	1 617	1	1
1 534	1 844	1	1
1 534	1 913	1	1
1 534	1 53	1	1
1 534	3 127	1	1
1 534	2 659	1	1
1 534	0 243	1	1
1 534	3 579	1	1
1 534	0 202	1	1
1 534	2 647	1	1
1 534	3 361	1	1
1 534	0 196	1	1
1 534	3 338	1	1
1 534	0 803	1	1
1 534	3 228	1	1
1 535	1 885	1	1
1 535	1 607	1	1
1 535	1 355	1	1
1 535	1 99	1	1
1 535	0 310	1	1
1 535	0 826	1	1
1 535	2 56	1	1
1 535	0 815	1	1
1 535	3 429	1	1
1 535	0 379	1	1
1 535	2 111	1	1
1 535	0 899	1	1
1 535	3 443	1	1
1 535	0 649	1	1
1 535	3 941	1	1
1 535	3 993	1	1
1 535	2 133	1	1
1 536	1 849	1	1
1 536	1 921	1	1
1 536	1 249	1	1
1 536	1 315	1	1
1 536	1 303	1	1
1 536	1 216	1	1
1 536	2 698	1	1
1 536	0 358	1	1
1 536	2 576	1	1
1 536	2 660	1	1
1 536	3 221	1	1
1 536	3 389	1	1
1 536	0 787	1	1
1 536	2 554	1	1
1 536	2 605	1	1
1 536	3 608	1	1
1 536	2 426	1	1
1 537	1 363	1	1
1 537	1 318	1	1
1 537	1 373	1	1
1 537	1 869	1	1
1 537	3 928	1	1
1 537	3 7	1	1
1 537	2 777	1	1
1 537	3 512	1	1
1 537	3 297	1	1
1 537	2 715	1	1
1 537	3 959	1	1
1 537	0 279	1	1
1 537	0 117	1	1
1 537	0 633	1	1
1 537	3 741	1	1
1 537	2 228	1	1
1 537	3 771	1	1
1 538	1 411	1	1
1 538	1 11	1	1
1 538	1 908	1	1
1 538	2 527	1	1
1 538	0 116	1	1
1 538	3 775	1	1
1 538	2 212	1	1
1 538	2 844	1	1
1 538	0 586	1	1
1 538	0 823	1	1
1 538	2 352	1	1
1 538	0 22	1	1
1 538	0 15	1	1
1 538	3 481	1	1
1 538	2 431	1	1
1 538	0 216	1	1
1 538	3 358	1	1
1 539	1 596	1	1
1 539	1 646	1	1
1 539	1 458	1	1
1 539	2 920	1	1
1 539	3 364	1	1
1 539	2 846	1	1
1 539	0 937	1	1
1 539	0 43	1	1
1 539	0 340	1	1
1 539	0 318	1	1
1 539	2 744	1	1
1 539	0 16	1	1
1 539	3 309	1	1
1 539	0 518	1	1
1 539	2 775	1	1
1 539	0 686	1	1
1 539	0 943	1	1
1 540	1 968	1	1
1 540	1 426	1	1
1 540	1 805	1	1
1 540	1 843	1	1
1 540	3 734	1	1
1 540	0 364	1	1
1 540	2 955	1	1
1 540	0 461	1	1
1 540	3 816	1	1
1 540	2 293	1	1
1 540	0 206	1	1
1 540	0 446	1	1
1 540	3 774	1	1
1 540	0 570	1	1
1 540	0 901	1	1
1 540	0 834	1	1
1 540	3 135	1	1
1 541	1 406	1	1
1 541	1 696	1	1
1 541	1 917	1	1
1 541	1 732	1	1
1 541	1 90	1	1
1 541	1 22	1	1
1 541	1 485	1	1
1 541	1 172	1	1
1 541	3 126	1	1
1 541	0 342	1	1
1 541	2 947	1	1
1 541	3 58	1	1
1 541	3 522	1	1
1 541	3 390	1	1
1 541	2 736	1	1
1 541	3 318	1	1
1 541	3 828	1	1
1 542	1 341	1	1
1 542	1 844	1	1
1 542	1 579	1	1
1 542	1 949	1	1
1 542	1 111	1	1
1 542	3 817	1	1
1 542	3 153	1	1
1 542	0 995	1	1
1 542	0 546	1	1
1 542	3 715	1	1
1 542	3 384	1	1
1 542	0 349	1	1
1 542	2 836	1	1
1 542	0 182	1	1
1 542	0 389	1	1
1 542	3 241	1	1
1 542	0 680	1	1
1 543	1 467	1	1
1 543	1 876	1	1
1 543	1 271	1	1
1 543	1 922	1	1
1 543	1 745	1	1
1 543	1 92	1	1
1 543	1 782	1	1
1 543	1 644	1	1
1 543	1 974	1	1
1 543	1 128	1	1
1 543	2 177	1	1
1 543	0 118	1	1
1 543	2 388	1	1
1 543	3 478	1	1
1 543	3 643	1	1
1 543	3 426	1	1
1 543	3 166	1	1
1 544	1 345	1	1
1 544	1 619	1	1
1 544	1 699	1	1
1 544	1 267	1	1
1 544	1 465	1	1
1 544	0 869	1	1
1 544	3 628	1	1
1 544	3 422	1	1
1 544	3 910	1	1
1 544	0 915	1	1
1 544	3 296	1	1
1 544	3 515	1	1
1 544	3 722	1	1
1 544	2 994	1	1
1 544	0 934	1	1
1 544	2 863	1	1
1 544	3 610	1	1
1 545	1 398	1	1
1 545	1 229	1	1
1 545	1 757	1	1
1 545	1 875	1	1
1 545	3 910	1	1
1 545	2 658	1	1
1 545	2 460	1	1
1 545	0 552	1	1
1 545	0 534	1	1
1 545	2 104	1	1
1 545	2 285	1	1
1 545	0 157	1	1
1 545	2 393	1	1
1 545	0 808	1	1
1 545	3 229	1	1
1 545	3 657	1	1
1 545	0 212	1	1
1 546	1 198	1	1
1 546	1 813	1	1
1 546	0 824	1	1
1 546	3 142	1	1
1 546	2 152	1	1
1 546	0 532	1	1
1 546	0 73	1	1
1 546	0 272	1	1
1 546	0 671	1	1
1 546	0 134	1	1
1 546	0 974	1	1
1 546	0 198	1	1
1 546	0 493	1	1
1 546	3 340	1	1
1 546	0 626	1	1
1 546	0 949	1	1
1 546	3 994	1	1
1 547	1 952	1	1
1 547	1 623	1	1
1 547	0 827	1	1
1 547	3 756	1	1
1 547	0 950	1	1
1 547	3 899	1	1
1 547	3 818	1	1
1 547	0 586	1	1
1 547	3 991	1	1
1 547	0 775	1	1
1 547	3 417	1	1
1 547	2 338	1	1
1 547	3 926	1	1
1 547	2 35	1	1
1 547	0 553	1	1
1 547	2 123	1	1
1 547	0 936	1	1
1 548	1 302	1	1
1 548	1 183	1	1
1 548	1 278	1	1
1 548	1 961	1	1
1 548	1 230	1	1
1 548	0 371	1	1
1 548	0 407	1	1
1 548	2 9	1	1
1 548	3 228	1	1
1 548	2 613	1	1
1 548	0 312	1	1
1 548	3 418	1	1
1 548	3 303	1	1
1 548	0 796	1	1
1 548	0 695	1	1
1 548	2 644	1	1
1 548	3 159	1	1
1 549	1 202	1	1
1 549	1 106	1	1
1 549	1 690	1	1
1 549	1 270	1	1
1 549	1 249	1	1
1 549	1 330	1	1
1 549	1 15	1	1
1 549	3 11	1	1
1 549	2 590	1	1
1 549	0 550	1	1
1 549	0 11	1	1
1 549	2 791	1	1
1 549	3 227	1	1
1 549	2 781	1	1
1 549	0 223	1	1
1 549	3 310	1	1
1 549	2 669	1	1
1 550	1 948	1	1
1 550	1 165	1	1
1 550	1 590	1	1
1 550	1 201	1	1
1 550	0 307	1	1
1 550	3 652	1	1
1 550	0 965	1	1
1 550	2 677	1	1
1 550	3 925	1	1
1 550	3 902	1	1
1 550	3 158	1	1
1 550	3 496	1	1
1 550	3 586	1	1
1 550	2 570	1	1
1 550	3 730	1	1
1 550	2 169	1	1
1 550	3 87	1	1
1 551	1 641	1	1
1 551	1 750	1	1
1 551	1 396	1	1
1 551	3 495	1	1
1 551	0 784	1	1
1 551	0 930	1	1
1 551	2 555	1	1
1 551	0 887	1	1
1 551	2 760	1	1
1 551	2 569	1	1
1 551	3 90	1	1
1 551	0 654	1	1
1 551	2 282	1	1
1 551	0 160	1	1
1 551	0 527	1	1
1 551	3 115	1	1
1 551	2 567	1	1
1 552	1 168	1	1
1 552	1 408	1	1
1 552	1 567	1	1
1 552	1 545	1	1
1 552	1 17	1	1
1 552	2 408	1	1
1 552	0 783	1	1
1 552	2 42	1	1
1 552	0 434	1	1
1 552	2 152	1	1
1 552	2 902	1	1
1 552	3 971	1	1
1 552	3 156	1	1
1 552	0 723	1	1
1 552	2 278	1	1
1 552	3 459	1	1
1 552	0 494	1	1
1 553	1 35	1	1
1 553	1 862	1	1
1 553	1 400	1	1
1 553	1 680	1	1
1 553	1 930	1	1
1 553	0 274	1	1
1 553	0 941	1	1
1 553	3 142	1	1
1 553	2 559	1	1
1 553	2 958	1	1
1 553	3 843	1	1
1 553	3 50	1	1
1 553	0 561	1	1
1 553	2 650	1	1
1 553	2 857	1	1
1 553	0 975	1	1
1 553	3 290	1	1
1 554	1 7	1	1
1 554	1 805	1	1
1 554	1 754	1	1
1 554	1 173	1	1
1 554	0 583	1	1
1 554	0 866	1	1
1 554	2 237	1	1
1 554	0 319	1	1
1 554	3 83	1	1
1 554	3 523	1	1
1 554	0 344	1	1
1 554	0 816	1	1
1 554	3 709	1	1
1 554	0 264	1	1
1 554	2 715	1	1
1 554	3 828	1	1
1 554	0 828	1	1
1 555	1 340	1	1
1 555	1 283	1	1
1 555	1 12	1	1
1 555	1 337	1	1
1 555	1 936	1	1
1 555	1 401	1	1
1 555	1 98	1	1
1 555	1 342	1	1
1 555	3 556	1	1
1 555	3 591	1	1
1 555	0 317	1	1
1 555	0 146	1	1
1 555	0 442	1	1
1 555	3 231	1	1
1 555	0 599	1	1
1 555	0 826	1	1
1 555	2 359	1	1
1 556	1 287	1	1
1 556	1 392	1	1
1 556	1 535	1	1
1 556	3 970	1	1
1 556	3 185	1	1
1 556	3 951	1	1
1 556	3 149	1	1
1 556	3 724	1	1
1 556	3 113	1	1
1 556	2 155	1	1
1 556	2 821	1	1
1 556	2 234	1	1
1 556	0 127	1	1
1 556	3 939	1	1
1 556	2 383	1	1
1 556	0 395	1	1
1 556	0 571	1	1
1 557	1 524	1	1
1 557	1 270	1	1
1 557	1 920	1	1
1 557	1 211	1	1
1 557	1 98	1	1
1 557	1 774	1	1
1 557	1 746	1	1
1 557	3 778	1	1
1 557	2 511	1	1
1 557	2 113	1	1
1 557	2 942	1	1
1 557	2 801	1	1
1 557	2 738	1	1
1 557	2 510	1	1
1 557	0 754	1	1
1 557	3 205	1	1
1 557	3 383	1	1
1 558	1 938	1	1
1 558	1 701	1	1
1 558	1 151	1	1
1 558	1 802	1	1
1 558	0 374	1	1
1 558	3 546	1	1
1 558	0 626	1	1
1 558	3 531	1	1
1 558	3 144	1	1
1 558	0 388	1	1
1 558	3 666	1	1
1 558	3 639	1	1
1 558	2 596	1	1
1 558	0 98	1	1
1 558	0 218	1	1
1 558	3 860	1	1
1 558	2 368	1	1
1 559	1 767	1	1
1 559	1 790	1	1
1 559	1 62	1	1
1 559	2 288	1	1
1 559	3 743	1	1
1 559	3 663	1	1
1 559	0 641	1	1
1 559	2 804	1	1
1 559	2 886	1	1
1 559	0 967	1	1
1 559	2 42	1	1
1 559	0 546	1	1
1 559	0 727	1	1
1 559	3 759	1	1
1 559	0 299	1	1
1 559	0 773	1	1
1 559	0 472	1	1
1 560	1 736	1	1
1 560	1 930	1	1
1 560	1 896	1	1
1 560	1 970	1	1
1 560	1 299	1	1
1 560	1 213	1	1
1 560	1 850	1	1
1 560	0 308	1	1
1 560	3 379	1	1
1 560	2 448	1	1
1 560	3 200	1	1
1 560	0 843	1	1
1 560	0 641	1	1
1 560	3 746	1	1
1 560	3 538	1	1
1 560	3 459	1	1
1 560	2 673	1	1
1 561	1 267	1	1
1 561	1 981	1	1
1 561	0 867	1	1
1 561	0 258	1	1
1 561	2 597	1	1
1 561	0 945	1	1
1 561	3 876	1	1
1 561	2 656	1	1
1 561	3 437	1	1
1 561	0 59	1	1
1 561	3 457	1	1
1 561	2 443	1	1
1 561	3 58	1	1
1 561	3 698	1	1
1 561	3 242	1	1
1 561	3 187	1	1
1 561	3 836	1	1
1 562	1 815	1	1
1 562	1 532	1	1
1 562	1 89	1	1
1 562	1 43	1	1
1 562	1 909	1	1
1 562	3 572	1	1
1 562	2 759	1	1
1 562	2 683	1	1
1 562	0 354	1	1
1 562	2 275	1	1
1 562	0 942	1	1
1 562	2 371	1	1
1 562	3 537	1	1
1 562	3 582	1	1
1 562	2 974	1	1
1 562	3 161	1	1
1 562	3 320	1	1
1 563	1 696	1	1
1 563	1 75	1	1
1 563	1 274	1	1
1 563	2 569	1	1
1 563	3 976	1	1
1 563	3 576	1	1
1 563	3 140	1	1
1 563	3 257	1	1
1 563	3 454	1	1
1 563	2 647	1	1
1 563	2 826	1	1
1 563	3 919	1	1
1 563	3 235	1	1
1 563	2 212	1	1
1 563	0 148	1	1
1 563	0 185	1	1
1 563	3 933	1	1
1 564	1 402	1	1
1 564	1 579	1	1
1 564	1 151	1	1
1 564	1 272	1	1
1 564	1 729	1	1
1 564	3 436	1	1
1 564	3 573	1	1
1 564	2 836	1	1
1 564	0 793	1	1
1 564	0 398	1	1
1 564	3 26	1	1
1 564	3 580	1	1
1 564	0 235	1	1
1 564	2 691	1	1
1 564	0 629	1	1
1 564	3 105	1	1
1 564	2 209	1	1
1 565	1 803	1	1
1 565	1 210	1	1
1 565	1 705	1	1
1 565	2 229	1	1
1 565	2 640	1	1
1 565	3 827	1	1
1 565	3 570	1	1
1 565	2 919	1	1
1 565	0 634	1	1
1 565	2 40	1	1
1 565	2 645	1	1
1 565	2 132	1	1
1 565	3 180	1	1
1 565	3 67	1	1
1 565	3 38	1	1
1 565	3 301	1	1
1 565	2 411	1	1
1 566	1 471	1	1
1 566	1 835	1	1
1 566	1 575	1	1
1 566	2 347	1	1
1 566	2 856	1	1
1 566	0 9	1	1
1 566	0 671	1	1
1 566	3 254	1	1
1 566	2 581	1	1
1 566	0 104	1	1
1 566	0 987	1	1
1 566	3 302	1	1
1 566	2 843	1	1
1 566	0 835	1	1
1 566	3 264	1	1
1 566	3 843	1	1
1 566	3 135	1	1
1 567	1 66	1	1
1 567	1 68	1	1
1 567	1 518	1	1
1 567	1 150	1	1
1 567	1 118	1	1
1 567	1 847	1	1
1 567	0 97	1	1
1 567	3 120	1	1
1 567	3 811	1	1
1 567	2 501	1	1
1 567	2 782	1	1
1 567	2 806	1	1
1 567	3 955	1	1
1 567	2 125	1	1
1 567	0 524	1	1
1 567	0 772	1	1
1 567	3 866	1	1
1 568	1 6	1	1
1 568	1 666	1	1
1 568	1 450	1	1
1 568	1 417	1	1
1 568	1 972	1	1
1 568	3 51	1	1
1 568	0 340	1	1
1 568	2 203	1	1
1 568	2 946	1	1
1 568	3 254	1	1
1 568	3 465	1	1
1 568	2 323	1	1
1 568	3 848	1	1
1 568	0 941	1	1
1 568	2 460	1	1
1 568	0 191	1	1
1 568	3 577	1	1
1 569	1 604	1	1
1 569	1 239	1	1
1 569	1 807	1	1
1 569	1 771	1	1
1 569	1 149	1	1
1 569	2 561	1	1
1 569	3 963	1	1
1 569	0 427	1	1
1 569	2 869	1	1
1 569	3 454	1	1
1 569	0 793	1	1
1 569	0 128	1	1
1 569	0 387	1	1
1 569	3 583	1	1
1 569	0 650	1	1
1 569	0 591	1	1
1 569	0 636	1	1
1 570	1 220	1	1
1 570	1 858	1	1
1 570	1 673	1	1
1 570	1 514	1	1
1 570	1 78	1	1
1 570	0 194	1	1
1 570	3 305	1	1
1 570	0 130	1	1
1 570	3 462	1	1
1 570	3 906	1	1
1 570	0 35	1	1
1 570	2 862	1	1
1 570	0 524	1	1
1 570	0 4	1	1
1 570	2 316	1	1
1 570	0 56	1	1
1 570	0 751	1	1
1 571	1 850	1	1
1 571	1 803	1	1
1 571	1 605	1	1
1 571	1 98	1	1
1 571	1 728	1	1
1 571	0 391	1	1
1 571	0 318	1	1
1 571	2 981	1	1
1 571	0 341	1	1
1 571	2 651	1	1
1 571	0 63	1	1
1 571	0 891	1	1
1 571	2 682	1	1
1 571	3 122	1	1
1 571	0 399	1	1
1 571	0 760	1	1
1 571	3 306	1	1
1 572	1 765	1	1
1 572	1 362	1	1
1 572	1 233	1	1
1 572	1 126	1	1
1 572	1 113	1	1
1 572	0 880	1	1
1 572	3 603	1	1
1 572	0 512	1	1
1 572	0 39	1	1
1 572	3 959	1	1
1 572	2 565	1	1
1 572	0 293	1	1
1 572	2 222	1	1
1 572	2 844	1	1
1 572	3 322	1	1
1 572	2 146	1	1
1 572	0 497	1	1
1 573	1 225	1	1
1 573	1 819	1	1
1 573	0 610	1	1
1 573	2 963	1	1
1 573	3 867	1	1
1 573	3 605	1	1
1 573	0 868	1	1
1 573	2 244	1	1
1 573	3 233	1	1
1 573	0 30	1	1
1 573	3 145	1	1
1 573	3 84	1	1
1 573	3 645	1	1
1 573	3 303	1	1
1 573	2 202	1	1
1 573	2 233	1	1
1 573	0 487	1	1
1 574	1 534	1	1
1 574	1 222	1	1
1 574	0 821	1	1
1 574	0 418	1	1
1 574	2 794	1	1
1 574	3 643	1	1
1 574	3 400	1	1
1 574	0 454	1	1
1 574	0 255	1	1
1 574	2 274	1	1
1 574	2 217	1	1
1 574	0 172	1	1
1 574	0 516	1	1
1 574	3 948	1	1
1 574	2 133	1	1
1 574	0 285	1	1
1 574	3 408	1	1
1 575	1 848	1	1
1 575	1 659	1	1
1 575	1 956	1	1
1 575	1 334	1	1
1 575	2 760	1	1
1 575	0 370	1	1
1 575	2 855	1	1
1 575	2 569	1	1
1 575	3 957	1	1
1 575	2 147	1	1
1 575	0 187	1	1
1 575	3 263	1	1
1 575	3 111	1	1
1 575	2 689	1	1
1 575	3 306	1	1
1 575	2 937	1	1
1 575	2 598	1	1
1 576	1 111	1	1
1 576	1 416	1	1
1 576	1 397	1	1
1 576	1 507	1	1
1 576	0 853	1	1
1 576	3 419	1	1
1 576	3 357	1	1
1 576	0 593	1	1
1 576	2 114	1	1
1 576	2 860	1	1
1 576	2 205	1	1
1 576	0 499	1	1
1 576	2 706	1	1
1 576	0 427	1	1
1 576	2 624	1	1
1 576	3 55	1	1
1 576	2 138	1	1
1 577	1 502	1	1
1 577	1 229	1	1
1 577	1 8	1	1
1 577	1 684	1	1
1 577	1 121	1	1
1 577	1 266	1	1
1 577	1 337	1	1
1 577	1 88	1	1
1 577	0 240	1	1
1 577	0 534	1	1
1 577	3 375	1	1
1 577	2 887	1	1
1 577	3 444	1	1
1 577	3 347	1	1
1 577	0 610	1	1
1 577	0 229	1	1
1 577	0 471	1	1
1 578	1 785	1	1
1 578	1 275	1	1
1 578	1 763	1	1
1 578	1 950	1	1
1 578	2 982	1	1
1 578	3 590	1	1
1 578	2 50	1	1
1 578	3 800	1	1
1 578	0 150	1	1
1 578	2 805	1	1
1 578	3 571	1	1
1 578	0 529	1	1
1 578	3 624	1	1
1 578	3 402	1	1
1 578	2 912	1	1
1 578	2 296	1	1
1 578	0 521	1	1
1 579	1 264	1	1
1 579	1 862	1	1
1 579	1 443	1	1
1 579	1 584	1	1
1 579	1 126	1	1
1 579	1 852	1	1
1 579	1 427	1	1
1 579	3 394	1	1
1 579	3 286	1	1
1 579	2 602	1	1
1 579	2 829	1	1
1 579	3 357	1	1
1 579	3 283	1	1
1 579	3 926	1	1
1 579	0 247	1	1
1 579	2 490	1	1
1 579	0 903	1	1
1 580	1 450	1	1
1 580	1 739	1	1
1 580	1 189	1	1
1 580	1 122	1	1
1 580	0 946	1	1
1 580	0 427	1	1
1 580	3 806	1	1
1 580	2 718	1	1
1 580	2 570	1	1
1 580	3 649	1	1
1 580	0 774	1	1
1 580	3 44	1	1
1 580	2 295	1	1
1 580	3 979	1	1
1 580	2 495	1	1
1 580	3 224	1	1
1 580	3 642	1	1
1 581	1 865	1	1
1 581	1 98	1	1
1 581	1 926	1	1
1 581	1 889	1	1
1 581	3 917	1	1
1 581	0 391	1	1
1 581	2 426	1	1
1 581	3 855	1	1
1 581	3 239	1	1
1 581	0 604	1	1
1 581	3 929	1	1
1 581	3 458	1	1
1 581	2 224	1	1
1 581	2 387	1	1
1 581	0 534	1	1
1 581	2 460	1	1
1 581	3 277	1	1
1 582	1 908	1	1
1 582	1 423	1	1
1 582	1 184	1	1
1 582	1 262	1	1
1 582	2 873	1	1
1 582	3 633	1	1
1 582	3 105	1	1
1 582	3 674	1	1
1 582	3 994	1	1
1 582	3 983	1	1
1 582	3 42	1	1
1 582	2 24	1	1
1 582	3 748	1	1
1 582	2 175	1	1
1 582	2 541	1	1
1 582	0 362	1	1
1 582	3 43	1	1
1 583	1 659	1	1
1 583	1 34	1	1
1 583	0 276	1	1
1 583	0 215	1	1
1 583	3 863	1	1
1 583	2 336	1	1
1 583	0 847	1	1
1 583	2 548	1	1
1 583	0 996	1	1
1 583	3 673	1	1
1 583	2 892	1	1
1 583	0 993	1	1
1 583	3 806	1	1
1 583	2 37	1	1
1 583	3 381	1	1
1 583	0 448	1	1
1 583	2 400	1	1
1 584	1 53	1	1
1 584	1 147	1	1
1 584	1 929	1	1
1 584	0 781	1	1
1 584	0 38	1	1
1 584	3 494	1	1
1 584	3 754	1	1
1 584	0 715	1	1
1 584	3 77	1	1
1 584	0 797	1	1
1 584	2 435	1	1
1 584	2 622	1	1
1 584	3 916	1	1
1 584	0 368	1	1
1 584	2 302	1	1
1 584	0 324	1	1
1 584	0 113	1	1
1 585	1 661	1	1
1 585	1 396	1	1
1 585	1 122	1	1
1 585	1 533	1	1
1 585	3 243	1	1
1 585	3 93	1	1
1 585	3 870	1	1
1 585	0 243	1	1
1 585	2 454	1	1
1 585	2 998	1	1
1 585	2 246	1	1
1 585	0 450	1	1
1 585	3 614	1	1
1 585	3 955	1	1
1 585	2 256	1	1
1 585	3 339	1	1
1 585	0 924	1	1
1 586	1 498	1	1
1 586	1 924	1	1
1 586	1 449	1	1
1 586	1 701	1	1
1 586	0 183	1	1
1 586	3 867	1	1
1 586	3 624	1	1
1 586	2 173	1	1
1 586	0 973	1	1
1 586	0 623	1	1
1 586	3 14	1	1
1 586	0 119	1	1
1 586	0 613	1	1
1 586	2 119	1	1
1 586	3 518	1	1
1 586	2 365	1	1
1 586	3 348	1	1
1 587	1 667	1	1
1 587	1 381	1	1
1 587	1 300	1	1
1 587	3 834	1	1
1 587	2 396	1	1
1 587	2 969	1	1
1 587	0 557	1	1
1 587	2 285	1	1
1 587	0 643	1	1
1 587	3 14	1	1
1 587	0 543	1	1
1 587	2 153	1	1
1 587	2 627	1	1
1 587	2 210	1	1
1 587	2 261	1	1
1 587	2 39	1	1
1 587	3 461	1	1
1 588	1 351	1	1
1 588	1 503	1	1
1 588	1 796	1	1
1 588	1 486	1	1
1 588	1 313	1	1
1 588	3 28	1	1
1 588	3 769	1	1
1 588	0 574	1	1
1 588	2 451	1	1
1 588	0 133	1	1
1 588	2 64	1	1
1 588	2 784	1	1
1 588	3 914	1	1
1 588	2 666	1	1
1 588	2 661	1	1
1 588	3 805	1	1
1 588	3 651	1	1
1 589	1 177	1	1
1 589	0 822	1	1
1 589	2 882	1	1
1 589	3 307	1	1
1 589	0 408	1	1
1 589	0 817	1	1
1 589	3 902	1	1
1 589	3 276	1	1
1 589	3 245	1	1
1 589	2 178	1	1
1 589	2 883	1	1
1 589	3 898	1	1
1 589	2 539	1	1
1 589	3 591	1	1
1 589	0 855	1	1
1 589	3 726	1	1
1 589	0 286	1	1
1 590	1 952	1	1
1 590	1 420	1	1
1 590	1 641	1	1
1 590	0 655	1	1
1 590	0 625	1	1
1 590	3 809	1	1
1 590	3 550	1	1
1 590	3 323	1	1
1 590	0 558	1	1
1 590	0 204	1	1
1 590	0 627	1	1
1 590	3 892	1	1
1 590	3 616	1	1
1 590	0 950	1	1
1 590	0 518	1	1
1 590	3 407	1	1
1 590	0 67	1	1
1 591	1 627	1	1
1 591	1 712	1	1
1 591	1 538	1	1
1 591	1 472	1	1
1 591	1 93	1	1
1 591	3 113	1	1
1 591	3 161	1	1
1 591	3 577	1	1
1 591	0 292	1	1
1 591	2 330	1	1
1 591	2 14	1	1
1 591	2 806	1	1
1 591	3 776	1	1
1 591	0 821	1	1
1 591	2 597	1	1
1 591	0 976	1	1
1 591	3 550	1	1
1 592	1 385	1	1
1 592	1 635	1	1
1 592	1 713	1	1
1 592	1 784	1	1
1 592	1 582	1	1
1 592	3 332	1	1
1 592	0 543	1	1
1 592	0 823	1	1
1 592	3 352	1	1
1 592	2 148	1	1
1 592	3 588	1	1
1 592	3 411	1	1
1 592	0 369	1	1
1 592	2 658	1	1
1 592	2 211	1	1
1 592	3 614	1	1
1 592	2 909	1	1
1 593	1 390	1	1
1 593	1 669	1	1
1 593	2 977	1	1
1 593	2 547	1	1
1 593	2 313	1	1
1 593	3 935	1	1
1 593	0 762	1	1
1 593	0 150	1	1
1 593	2 817	1	1
1 593	3 123	1	1
1 593	3 188	1	1
1 593	2 133	1	1
1 593	0 913	1	1
1 593	2 789	1	1
1 593	2 769	1	1
1 593	3 992	1	1
1 593	3 434	1	1
1 594	1 555	1	1
1 594	1 593	1	1
1 594	1 74	1	1
1 594	1 96	1	1
1 594	1 903	1	1
1 594	1 681	1	1
1 594	2 633	1	1
1 594	2 365	1	1
1 594	0 541	1	1
1 594	3 666	1	1
1 594	2 228	1	1
1 594	0 999	1	1
1 594	0 31	1	1
1 594	0 798	1	1
1 594	0 125	1	1
1 594	2 44	1	1
1 594	2 94	1	1
1 595	1 836	1	1
1 595	1 422	1	1
1 595	0 105	1	1
1 595	0 844	1	1
1 595	3 815	1	1
1 595	0 588	1	1
1 595	2 15	1	1
1 595	3 121	2	1
1 595	3 292	1	1
1 595	2 497	1	1
1 595	0 386	1	1
1 595	0 577	1	1
1 595	3 511	1	1
1 595	2 230	1	1
1 595	3 641	1	1
1 595	0 709	1	1
1 596	1 254	1	1
1 596	1 182	1	1
1 596	1 664	1	1
1 596	1 51	1	1
1 596	1 607	1	1
1 596	1 148	1	1
1 596	3 197	1	1
1 596	0 677	1	1
1 596	2 955	1	1
1 596	3 816	1	1
1 596	3 409	1	1
1 596	3 861	1	1
1 596	3 172	1	1
1 596	0 841	1	1
1 596	3 227	1	1
1 596	0 547	1	1
1 596	0 958	1	1
1 597	2 907	1	1
1 597	2 960	1	1
1 597	2 986	1	1
1 597	3 604	1	1
1 597	3 766	1	1
1 597	3 108	1	1
1 597	2 658	1	1
1 597	0 771	1	1
1 597	2 732	1	1
1 597	2 717	1	1
1 597	2 431	1	1
1 597	3 751	1	1
1 597	3 465	1	1
1 597	3 340	1	1
1 597	3 323	1	1
1 597	0 414	1	1
1 597	0 219	1	1
1 598	1 132	1	1
1 598	1 465	1	1
1 598	1 697	1	1
1 598	1 97	1	1
1 598	0 827	1	1
1 598	2 569	1	1
1 598	2 982	1	1
1 598	0 268	1	1
1 598	2 766	2	1
1 598	2 573	1	1
1 598	3 613	1	1
1 598	2 65	1	1
1 598	2 228	1	1
1 598	2 901	1	1
1 598	3 163	1	1
1 598	2 213	1	1
1 599	1 454	1	1
1 599	1 809	1	1
1 599	1 815	1	1
1 599	0 34	1	1
1 599	0 864	1	1
1 599	2 698	1	1
1 599	0 241	1	1
1 599	3 829	1	1
1 599	2 331	1	1
1 599	3 81	1	1
1 599	3 496	1	1
1 599	0 136	1	1
1 599	3 611	1	1
1 599	3 560	1	1
1 599	0 273	1	1
1 599	2 957	1	1
1 599	2 321	1	1
1 600	1 170	1	1
1 600	1 794	1	1
1 600	1 769	1	1
1 600	1 308	1	1
1 600	1 858	1	1
1 600	2 304	1	1
1 600	0 773	1	1
1 600	0 952	1	1
1 600	0 213	1	1
1 600	3 874	1	1
1 600	3 703	1	1
1 600	0 427	1	1
1 600	3 41	1	1
1 600	2 372	1	1
1 600	0 635	1	1
1 600	2 685	1	1
1 600	3 203	1	1
1 601	1 420	1	1
1 601	1 521	1	1
1 601	2 568	1	1
1 601	3 147	1	1
1 601	0 79	1	1
1 601	0 815	1	1
1 601	2 511	1	1
1 601	3 423	1	1
1 601	2 449	1	1
1 601	3 555	1	1
1 601	3 205	1	1
1 601	3 355	1	1
1 601	0 770	1	1
1 601	0 582	1	1
1 601	0 301	1	1
1 601	2 402	1	1
1 601	3 750	1	1
1 602	1 230	1	1
1 602	1 14	1	1
1 602	1 547	1	1
1 602	1 606	1	1
1 602	1 241	1	1
1 602	3 498	1	1
1 602	3 131	1	1
1 602	2 925	1	1
1 602	0 477	1	1
1 602	3 564	1	1
1 602	3 844	1	1
1 602	2 904	1	1
1 602	2 568	1	1
1 602	0 921	1	1
1 602	2 376	1	1
1 602	0 122	1	1
1 602	3 219	1	1
1 603	1 721	1	1
1 603	1 822	1	1
1 603	1 446	1	1
1 603	0 137	1	1
1 603	2 931	1	1
1 603	3 64	1	1
1 603	2 403	1	1
1 603	0 715	1	1
1 603	0 34	1	1
1 603	3 701	1	1
1 603	3 597	1	1
1 603	0 116	1	1
1 603	3 982	1	1
1 603	2 379	1	1
1 603	0 131	1	1
1 603	2 608	1	1
1 603	0 519	1	1
1 604	1 227	1	1
1 604	1 789	1	1
1 604	1 756	1	1
1 604	1 170	1	1
1 604	1 947	1	1
1 604	1 166	1	1
1 604	1 54	1	1
1 604	0 105	1	1
1 604	3 628	1	1
1 604	0 379	1	1
1 604	0 21	1	1
1 604	0 202	1	1
1 604	0 289	1	1
1 604	2 870	1	1
1 604	3 905	1	1
1 604	2 552	1	1
1 604	0 921	1	1
1 605	2 486	1	1
1 605	3 846	1	1
1 605	0 373	1	1
1 605	3 723	1	1
1 605	0 390	1	1
1 605	2 928	1	1
1 605	3 831	1	1
1 605	2 173	1	1
1 605	0 232	1	1
1 605	0 171	1	1
1 605	3 274	1	1
1 605	0 141	1	1
1 605	2 375	1	1
1 605	2 230	1	1
1 605	0 859	1	1
1 605	2 452	1	1
1 605	0 471	1	1
1 606	1 107	1	1
1 606	1 881	1	1
1 606	1 123	1	1
1 606	1 650	1	1
1 606	1 126	1	1
1 606	2 163	1	1
1 606	0 572	1	1
1 606	2 448	1	1
1 606	2 653	1	1
1 606	0 527	1	1
1 606	2 494	1	1
1 606	2 835	1	1
1 606	2 914	1	1
1 606	2 781	1	1
1 606	3 653	1	1
1 606	2 226	1	1
1 606	0 936	1	1
1 607	1 76	1	1
1 607	1 319	1	1
1 607	3 820	1	1
1 607	2 101	1	1
1 607	2 608	1	1
1 607	0 770	1	1
1 607	3 34	1	1
1 607	2 345	1	1
1 607	3 662	1	1
1 607	3 348	1	1
1 607	0 710	1	1
1 607	3 449	1	1
1 607	0 698	1	1
1 607	3 834	1	1
1 607	0 835	1	1
1 607	3 771	1	1
1 607	2 334	1	1
1 608	1 94	1	1
1 608	1 253	1	1
1 608	1 670	1	1
1 608	1 484	1	1
1 608	1 142	1	1
1 608	1 335	1	1
1 608	0 376	1	1
1 608	2 750	1	1
1 608	2 470	1	1
1 608	0 225	1	1
1 608	3 174	1	1
1 608	3 764	1	1
1 608	3 406	1	1
1 608	0 867	1	1
1 608	3 333	1	1
1 608	2 334	1	1
1 608	3 442	1	1
1 609	1 672	1	1
1 609	1 540	1	1
1 609	1 511	1	1
1 609	2 386	1	1
1 609	3 167	1	1
1 609	3 655	1	1
1 609	2 609	1	1
1 609	0 453	1	1
1 609	3 848	1	1
1 609	2 283	1	1
1 609	3 481	1	1
1 609	2 954	1	1
1 609	2 932	1	1
1 609	2 719	1	1
1 609	0 438	1	1
1 609	2 361	1	1
1 609	0 984	1	1
1 610	1 880	1	1
1 610	1 407	1	1
1 610	1 25	1	1
1 610	1 873	1	1
1 610	1 465	1	1
1 610	3 848	1	1
1 610	3 435	1	1
1 610	2 757	1	1
1 610	0 833	1	1
1 610	0 3	1	1
1 610	2 592	1	1
1 610	3 589	1	1
1 610	2 610	1	1
1 610	0 540	1	1
1 610	0 285	1	1
1 610	2 955	1	1
1 610	0 705	1	1
1 611	1 132	1	1
1 611	1 909	1	1
1 611	1 362	1	1
1 611	1 694	1	1
1 611	1 486	1	1
1 611	0 429	1	1
1 611	2 879	1	1
1 611	3 731	1	1
1 611	3 249	1	1
1 611	2 562	1	1
1 611	3 880	1	1
1 611	0 596	1	1
1 611	0 675	1	1
1 611	2 566	1	1
1 611	3 894	1	1
1 611	2 136	1	1
1 611	2 312	1	1
1 612	1 882	1	1
1 612	1 517	1	1
1 612	1 328	1	1
1 612	1 905	1	1
1 612	3 266	1	1
1 612	2 306	1	1
1 612	2 809	1	1
1 612	2 826	1	1
1 612	3 37	1	1
1 612	2 783	1	1
1 612	3 603	1	1
1 612	0 975	1	1
1 612	0 335	1	1
1 612	0 37	1	1
1 612	3 757	1	1
1 612	3 248	1	1
1 612	2 95	1	1
1 613	1 262	1	1
1 613	1 9	1	1
1 613	1 843	1	1
1 613	0 603	1	1
1 613	2 301	1	1
1 613	2 549	1	1
1 613	3 327	1	1
1 613	0 957	1	1
1 613	0 229	1	1
1 613	3 341	1	1
1 613	2 607	1	1
1 613	3 161	1	1
1 613	2 28	1	1
1 613	0 683	1	1
1 613	2 522	1	1
1 613	3 543	1	1
1 613	3 261	1	1
1 614	1 89	1	1
1 614	1 141	1	1
1 614	1 490	1	1
1 614	1 981	1	1
1 614	1 66	1	1
1 614	1 955	1	1
1 614	1 803	1	1
1 614	2 487	1	1
1 614	2 935	1	1
1 614	3 510	1	1
1 614	0 336	1	1
1 614	3 972	1	1
1 614	0 986	1	1
1 614	3 700	1	1
1 614	0 365	1	1
1 614	2 60	1	1
1 614	2 798	1	1
1 615	1 394	1	1
1 615	1 902	1	1
1 615	1 434	1	1
1 615	1 554	1	1
1 615	1 493	1	1
1 615	3 168	1	1
1 615	0 219	1	1
1 615	2 662	1	1
1 615	0 691	1	1
1 615	3 744	1	1
1 615	3 86	1	1
1 615	2 97	1	1
1 615	2 535	1	1
1 615	3 299	1	1
1 615	2 625	1	1
1 615	2 161	1	1
1 615	3 242	1	1
1 616	1 475	1	1
1 616	3 407	1	1
1 616	3 960	1	1
1 616	3 899	1	1
1 616	2 348	1	1
1 616	2 77	1	1
1 616	2 538	1	1
1 616	3 203	1	1
1 616	0 477	1	1
1 616	0 401	1	1
1 616	0 283	1	1
1 616	2 587	1	1
1 616	2 693	1	1
1 616	0 114	1	1
1 616	3 741	1	1
1 616	3 722	1	1
1 616	0 388	1	1
1 617	1 687	1	1
1 617	1 482	1	1
1 617	1 107	1	1
1 617	1 365	1	1
1 617	1 671	1	1
1 617	1 164	1	1
1 617	1 98	1	1
1 617	1 292	1	1
1 617	1 518	1	1
1 617	2 674	1	1
1 617	2 16	1	1
1 617	2 99	1	1
1 617	0 484	1	1
1 617	0 976	1	1
1 617	0 882	1	1
1 617	3 977	1	1
1 617	2 655	1	1
1 618	1 200	1	1
1 618	1 419	1	1
1 618	1 681	1	1
1 618	1 462	1	1
1 618	1 34	1	1
1 618	2 710	1	1
1 618	2 520	1	1
1 618	3 839	1	1
1 618	2 793	1	1
1 618	2 809	1	1
1 618	3 552	1	1
1 618	3 789	1	1
1 618	0 913	1	1
1 618	0 841	1	1
1 618	3 688	1	1
1 618	3 923	1	1
1 618	3 577	1	1
1 619	1 664	1	1
1 619	1 648	1	1
1 619	1 786	1	1
1 619	1 45	1	1
1 619	1 636	1	1
1 619	1 227	1	1
1 619	0 165	1	1
1 619	2 703	1	1
1 619	3 716	1	1
1 619	0 553	1	1
1 619	2 379	1	1
1 619	0 728	1	1
1 619	3 928	1	1
1 619	2 106	1	1
1 619	2 12	1	1
1 619	2 825	1	1
1 619	0 970	1	1
1 620	1 943	1	1
1 620	1 379	1	1
1 620	1 159	1	1
1 620	1 902	1	1
1 620	1 947	1	1
1 620	1 725	1	1
1 620	0 814	1	1
1 620	2 801	1	1
1 620	0 804	1	1
1 620	2 270	1	1
1 620	2 542	1	1
1 620	2 869	1	1
1 620	0 189	1	1
1 620	0 519	1	1
1 620	2 478	1	1
1 620	2 550	1	1
1 620	3 990	1	1
1 621	1 935	1	1
1 621	1 23	1	1
1 621	1 936	1	1
1 621	1 869	1	1
1 621	1 558	1	1
1 621	2 820	1	1
1 621	0 649	1	1
1 621	0 567	1	1
1 621	2 30	1	1
1 621	0 934	1	1
1 621	0 706	1	1
1 621	0 944	1	1
1 621	0 715	1	1
1 621	3 555	1	1
1 621	2 320	1	1
1 621	0 213	1	1
1 621	0 270	1	1
1 622	1 494	1	1
1 622	1 918	1	1
1 622	1 834	1	1
1 622	1 774	1	1
1 622	0 978	1	1
1 622	0 912	1	1
1 622	2 824	1	1
1 622	0 813	1	1
1 622	3 419	1	1
1 622	0 836	1	1
1 622	2 64	1	1
1 622	2 139	1	1
1 622	3 737	1	1
1 622	3 71	1	1
1 622	0 911	1	1
1 622	2 173	1	1
1 622	0 341	1	1
1 623	1 812	1	1
1 623	1 4	1	1
1 623	1 243	1	1
1 623	1 53	1	1
1 623	3 286	1	1
1 623	2 434	1	1
1 623	3 439	1	1
1 623	3 654	1	1
1 623	2 443	1	1
1 623	0 931	1	1
1 623	3 353	1	1
1 623	3 458	1	1
1 623	3 501	1	1
1 623	0 799	1	1
1 623	2 143	1	1
1 623	3 339	1	1
1 623	2 750	1	1
1 624	1 400	1	1
1 624	1 651	1	1
1 624	1 822	1	1
1 624	1 76	1	1
1 624	1 1000	1	1
1 624	1 564	1	1
1 624	1 161	1	1
1 624	1 944	1	1
1 624	2 488	1	1
1 624	3 308	1	1
1 624	3 454	1	1
1 624	0 570	1	1
1 624	2 650	1	1
1 624	0 569	1	1
1 624	0 200	1	1
1 624	2 812	1	1
1 624	0 928	1	1
1 625	1 306	1	1
1 625	1 258	1	1
1 625	1 760	1	1
1 625	1 652	1	1
1 625	1 544	1	1
1 625	0 502	1	1
1 625	0 941	1	1
1 625	2 35	1	1
1 625	3 741	1	1
1 625	3 267	1	1
1 625	3 283	1	1
1 625	0 904	1	1
1 625	0 766	1	1
1 625	0 487	1	1
1 625	0 208	1	1
1 625	2 586	1	1
1 625	0 292	1	1
1 626	1 345	1	1
1 626	1 175	1	1
1 626	1 145	1	1
1 626	0 811	1	1
1 626	3 175	1	1
1 626	0 911	1	1
1 626	2 8	1	1
1 626	3 696	1	1
1 626	3 415	1	1
1 626	3 739	1	1
1 626	3 570	1	1
1 626	2 144	1	1
1 626	3 71	1	1
1 626	3 30	1	1
1 626	0 285	1	1
1 626	3 356	1	1
1 626	0 647	1	1
1 627	1 505	1	1
1 627	1 523	1	1
1 627	1 611	1	1
1 627	1 128	1	1
1 627	0 167	1	1
1 627	2 836	1	1
1 627	2 501	1	1
1 627	0 625	1	1
1 627	0 412	1	1
1 627	0 384	1	1
1 627	3 772	1	1
1 627	3 701	1	1
1 627	2 217	1	1
1 627	3 793	1	1
1 627	2 833	1	1
1 627	3 766	1	1
1 627	0 910	1	1
1 628	1 529	1	1
1 628	1 668	1	1
1 628	1 580	1	1
1 628	3 146	1	1
1 628	2 922	1	1
1 628	2 696	1	1
1 628	3 86	1	1
1 628	0 161	1	1
1 628	2 304	1	1
1 628	3 191	1	1
1 628	2 747	1	1
1 628	0 873	1	1
1 628	0 670	1	1
1 628	0 424	1	1
1 628	2 375	1	1
1 628	3 588	1	1
1 628	3 232	1	1
1 629	1 840	1	1
1 629	1 253	1	1
1 629	1 466	1	1
1 629	1 206	1	1
1 629	0 344	1	1
1 629	2 701	1	1
1 629	2 691	1	1
1 629	3 594	1	1
1 629	2 977	1	1
1 629	0 6	1	1
1 629	0 92	1	1
1 629	3 593	1	1
1 629	3 431	1	1
1 629	0 676	1	1
1 629	0 882	1	1
1 629	3 131	1	1
1 629	0 789	1	1
1 630	1 344	1	1
1 630	3 308	1	1
1 630	0 616	1	1
1 630	2 291	1	1
1 630	0 716	1	1
1 630	0 533	1	1
1 630	3 972	1	1
1 630	0 455	1	1
1 630	0 497	1	1
1 630	0 355	1	1
1 630	0 327	1	1
1 630	3 415	1	1
1 630	0 959	1	1
1 630	3 623	1	1
1 630	0 97	1	1
1 630	3 451	1	1
1 630	0 877	1	1
1 631	1 990	1	1
1 631	1 887	1	1
1 631	1 289	1	1
1 631	1 488	1	1
1 631	1 8	1	1
1 631	1 626	1	1
1 631	1 18	1	1
1 631	2 436	1	1
1 631	3 177	1	1
1 631	2 976	1	1
1 631	2 146	1	1
1 631	3 887	1	1
1 631	3 470	1	1
1 631	3 936	1	1
1 631	3 969	1	1
1 631	3 346	1	1
1 631	2 384	1	1
1 632	1 9	1	1
1 632	1 21	1	1
1 632	1 682	1	1
1 632	1 735	1	1
1 632	1 595	1	1
1 632	1 81	1	1
1 632	1 895	1	1
1 632	3 612	1	1
1 632	3 278	1	1
1 632	2 114	1	1
1 632	2 616	1	1
1 632	0 510	1	1
1 632	0 373	1	1
1 632	2 877	1	1
1 632	3 526	1	1
1 632	2 235	1	1
1 632	2 116	1	1
1 633	1 984	1	1
1 633	1 322	1	1
1 633	1 770	1	1
1 633	0 89	1	1
1 633	3 658	1	1
1 633	0 607	1	1
1 633	2 686	1	1
1 633	3 238	1	1
1 633	0 874	1	1
1 633	0 28	1	1
1 633	0 169	1	1
1 633	3 717	1	1
1 633	0 946	1	1
1 633	3 969	1	1
1 633	0 809	1	1
1 633	0 746	1	1
1 633	3 580	1	1
1 634	1 515	1	1
1 634	1 360	1	1
1 634	1 505	1	1
1 634	0 882	1	1
1 634	2 234	1	1
1 634	3 507	1	1
1 634	3 334	1	1
1 634	3 705	1	1
1 634	0 708	1	1
1 634	2 400	1	1
1 634	2 829	1	1
1 634	3 787	1	1
1 634	3 341	1	1
1 634	2 971	1	1
1 634	3 735	1	1
1 634	2 695	1	1
1 634	2 899	1	1
1 635	1 392	1	1
1 635	1 32	1	1
1 635	2 106	1	1
1 635	2 653	1	1
1 635	2 195	1	1
1 635	3 46	1	1
1 635	3 637	1	1
1 635	2 592	1	1
1 635	3 680	1	1
1 635	2 892	1	1
1 635	3 162	1	1
1 635	0 242	1	1
1 635	2 283	1	1
1 635	0 490	1	1
1 635	2 228	1	1
1 635	0 424	1	1
1 635	3 506	1	1
1 636	1 71	1	1
1 636	1 453	1	1
1 636	1 125	1	1
1 636	1 803	1	1
1 636	1 808	1	1
1 636	1 923	1	1
1 636	0 506	1	1
1 636	0 72	1	1
1 636	2 122	1	1
1 636	2 716	1	1
1 636	3 731	1	1
1 636	0 355	1	1
1 636	2 935	1	1
1 636	3 537	1	1
1 636	0 669	1	1
1 636	3 985	1	1
1 636	3 141	1	1
1 637	1 305	1	1
1 637	1 915	1	1
1 637	1 750	1	1
1 637	1 301	1	1
1 637	2 61	1	1
1 637	3 279	1	1
1 637	2 544	1	1
1 637	0 300	1	1
1 637	0 661	1	1
1 637	0 803	1	1
1 637	0 425	1	1
1 637	3 62	1	1
1 637	3 451	1	1
1 637	0 479	1	1
1 637	0 920	1	1
1 637	3 581	1	1
1 637	3 882	1	1
1 638	1 737	1	1
1 638	1 15	1	1
1 638	1 69	1	1
1 638	1 812	1	1
1 638	2 106	1	1
1 638	0 297	1	1
1 638	2 368	1	1
1 638	2 287	1	1
1 638	2 264	1	1
1 638	0 246	1	1
1 638	2 399	1	1
1 638	0 540	1	1
1 638	2 550	1	1
1 638	3 548	1	1
1 638	3 86	1	1
1 638	3 805	1	1
1 638	2 932	1	1
1 639	1 547	1	1
1 639	1 311	1	1
1 639	1 539	1	1
1 639	1 328	1	1
1 639	0 984	1	1
1 639	2 825	1	1
1 639	3 399	1	1
1 639	0 671	1	1
1 639	0 557	1	1
1 639	3 658	1	1
1 639	0 47	1	1
1 639	3 819	1	1
1 639	2 752	1	1
1 639	2 312	1	1
1 639	2 460	1	1
1 639	2 832	1	1
1 639	0 329	1	1
1 640	1 80	1	1
1 640	1 596	1	1
1 640	1 502	1	1
1 640	1 779	1	1
1 640	1 634	1	1
1 640	1 137	1	1
1 640	2 507	1	1
1 640	2 680	1	1
1 640	2 625	1	1
1 640	0 777	1	1
1 640	2 354	1	1
1 640	0 58	1	1
1 640	2 17	1	1
1 640	3 931	1	1
1 640	0 833	1	1
1 640	3 783	1	1
1 640	3 762	1	1
1 641	1 178	1	1
1 641	1 71	1	1
1 641	1 136	1	1
1 641	1 655	1	1
1 641	3 881	1	1
1 641	0 661	1	1
1 641	0 643	1	1
1 641	3 297	1	1
1 641	2 832	1	1
1 641	0 896	1	1
1 641	0 820	1	1
1 641	0 562	1	1
1 641	3 688	1	1
1 641	2 492	1	1
1 641	0 713	1	1
1 641	2 882	1	1
1 641	0 35	1	1
1 642	1 205	1	1
1 642	1 906	1	1
1 642	1 278	1	1
1 642	1 239	1	1
1 642	3 607	1	1
1 642	0 723	1	1
1 642	0 192	1	1
1 642	0 237	1	1
1 642	0 523	1	1
1 642	2 682	1	1
1 642	2 303	1	1
1 642	3 434	1	1
1 642	2 272	1	1
1 642	0 952	1	1
1 642	2 888	1	1
1 642	3 756	1	1
1 642	2 592	1	1
1 643	1 447	1	1
1 643	1 774	1	1
1 643	1 247	1	1
1 643	1 496	1	1
1 643	2 645	1	1
1 643	3 612	1	1
1 643	3 458	1	1
1 643	2 767	1	1
1 643	2 583	1	1
1 643	0 827	1	1
1 643	3 509	1	1
1 643	0 497	1	1
1 643	3 677	1	1
1 643	0 955	1	1
1 643	2 285	1	1
1 643	2 88	1	1
1 643	0 753	1	1
1 644	1 804	1	1
1 644	1 150	1	1
1 644	1 780	1	1
1 644	1 602	1	1
1 644	1 539	1	1
1 644	1 642	1	1
1 644	1 957	1	1
1 644	3 47	1	1
1 644	2 896	1	1
1 644	2 14	1	1
1 644	2 890	1	1
1 644	3 93	1	1
1 644	0 926	1	1
1 644	2 753	1	1
1 644	3 435	1	1
1 644	2 328	1	1
1 644	3 201	1	1
1 645	1 241	1	1
1 645	1 52	1	1
1 645	1 583	1	1
1 645	1 597	1	1
1 645	2 539	1	1
1 645	2 510	1	1
1 645	3 529	1	1
1 645	0 926	1	1
1 645	2 831	1	1
1 645	2 902	1	1
1 645	3 390	1	1
1 645	3 79	1	1
1 645	0 625	1	1
1 645	0 954	1	1
1 645	0 743	1	1
1 645	0 921	1	1
1 645	2 326	1	1
1 646	1 215	1	1
1 646	1 208	1	1
1 646	1 598	1	1
1 646	1 465	1	1
1 646	1 897	1	1
1 646	1 601	1	1
1 646	3 401	1	1
1 646	3 777	1	1
1 646	2 178	1	1
1 646	0 991	1	1
1 646	3 857	1	1
1 646	3 320	1	1
1 646	3 697	1	1
1 646	2 210	1	1
1 646	0 242	1	1
1 646	3 809	1	1
1 646	0 326	1	1
1 647	1 103	1	1
1 647	1 640	1	1
1 647	1 830	1	1
1 647	1 212	1	1
1 647	1 891	1	1
1 647	1 505	1	1
1 647	1 321	1	1
1 647	3 713	1	1
1 647	3 942	1	1
1 647	3 586	1	1
1 647	3 880	1	1
1 647	3 663	1	1
1 647	0 932	1	1
1 647	3 957	1	1
1 647	3 102	1	1
1 647	3 474	1	1
1 647	2 18	1	1
1 648	1 329	1	1
1 648	1 382	1	1
1 648	1 266	1	1
1 648	3 795	1	1
1 648	2 599	1	1
1 648	0 217	1	1
1 648	2 299	1	1
1 648	3 160	1	1
1 648	2 980	1	1
1 648	3 928	1	1
1 648	2 788	1	1
1 648	2 730	1	1
1 648	2 586	1	1
1 648	0 2	1	1
1 648	2 961	1	1
1 648	3 112	1	1
1 648	3 157	1	1
1 649	1 281	1	1
1 649	1 922	1	1
1 649	1 351	1	1
1 649	1 389	1	1
1 649	1 927	1	1
1 649	1 964	1	1
1 649	0 79	1	1
1 649	2 586	1	1
1 649	3 497	1	1
1 649	2 255	1	1
1 649	0 724	1	1
1 649	3 243	1	1
1 649	0 177	1	1
1 649	0 308	1	1
1 649	2 642	1	1
1 649	0 296	1	1
1 649	3 355	1	1
1 650	1 98	1	1
1 650	1 628	1	1
1 650	1 157	1	1
1 650	1 438	1	1
1 650	0 514	1	1
1 650	0 568	1	1
1 650	0 687	1	1
1 650	3 705	1	1
1 650	2 202	1	1
1 650	3 391	1	1
1 650	2 297	1	1
1 650	3 36	1	1
1 650	2 575	1	1
1 650	0 521	1	1
1 650	0 29	1	1
1 650	3 9	1	1
1 650	2 312	1	1
1 651	1 540	1	1
1 651	1 179	1	1
1 651	1 207	1	1
1 651	3 193	1	1
1 651	0 978	1	1
1 651	3 761	1	1
1 651	0 182	1	1
1 651	2 894	1	1
1 651	3 373	1	1
1 651	2 660	1	1
1 651	2 113	1	1
1 651	0 54	1	1
1 651	3 323	1	1
1 651	2 161	1	1
1 651	0 648	1	1
1 651	0 60	1	1
1 651	0 55	1	1
1 652	1 210	1	1
1 652	1 445	1	1
1 652	1 913	1	1
1 652	1 395	1	1
1 652	1 114	1	1
1 652	3 347	1	1
1 652	3 777	1	1
1 652	3 694	1	1
1 652	2 345	1	1
1 652	0 353	1	1
1 652	2 812	1	1
1 652	0 961	1	1
1 652	2 238	1	1
1 652	0 157	1	1
1 652	2 512	1	1
1 652	3 819	1	1
1 652	3 252	1	1
1 653	1 730	1	1
1 653	1 760	1	1
1 653	3 349	1	1
1 653	0 383	1	1
1 653	3 53	1	1
1 653	3 323	1	1
1 653	2 408	1	1
1 653	2 709	1	1
1 653	0 713	1	1
1 653	3 382	1	1
1 653	2 194	1	1
1 653	2 503	1	1
1 653	0 163	1	1
1 653	3 201	1	1
1 653	2 286	1	1
1 653	0 221	1	1
1 653	2 284	1	1
1 654	1 120	1	1
1 654	1 851	1	1
1 654	0 461	1	1
1 654	2 614	1	1
1 654	0 149	1	1
1 654	3 216	1	1
1 654	0 200	1	1
1 654	2 503	1	1
1 654	2 5	1	1
1 654	3 863	1	1
1 654	0 277	1	1
1 654	3 823	1	1
1 654	2 270	1	1
1 654	2 528	1	1
1 654	2 609	1	1
1 654	3 795	1	1
1 654	0 610	1	1
1 655	1 838	1	1
1 655	1 591	1	1
1 655	1 108	1	1
1 655	1 311	1	1
1 655	1 505	1	1
1 655	1 984	1	1
1 655	2 938	1	1
1 655	2 224	1	1
1 655	0 790	1	1
1 655	0 214	1	1
1 655	3 781	1	1
1 655	0 567	1	1
1 655	2 237	1	1
1 655	0 911	1	1
1 655	2 867	1	1
1 655	0 269	1	1
1 655	0 706	1	1
1 656	1 513	1	1
1 656	1 1	1	1
1 656	1 445	1	1
1 656	1 810	1	1
1 656	1 754	1	1
1 656	1 922	1	1
1 656	1 962	1	1
1 656	0 486	1	1
1 656	3 798	1	1
1 656	0 479	1	1
1 656	2 406	1	1
1 656	3 20	1	1
1 656	3 352	1	1
1 656	3 69	1	1
1 656	2 956	1	1
1 656	0 648	1	1
1 656	0 471	1	1
1 657	1 926	2	1
1 657	0 857	1	1
1 657	0 2	1	1
1 657	2 790	1	1
1 657	0 104	1	1
1 657	3 356	1	1
1 657	0 836	1	1
1 657	2 601	1	1
1 657	0 565	1	1
1 657	2 570	1	1
1 657	3 885	1	1
1 657	3 751	1	1
1 657	3 157	1	1
1 657	2 814	1	1
1 657	0 501	1	1
1 657	0 247	1	1
1 658	1 111	1	1
1 658	1 732	1	1
1 658	1 434	1	1
1 658	1 875	1	1
1 658	3 468	1	1
1 658	0 810	1	1
1 658	0 753	1	1
1 658	0 7	1	1
1 658	3 543	1	1
1 658	3 823	1	1
1 658	0 252	1	1
1 658	3 208	1	1
1 658	2 905	1	1
1 658	2 231	1	1
1 658	0 363	1	1
1 658	3 179	1	1
1 658	3 577	1	1
1 659	1 481	1	1
1 659	1 648	1	1
1 659	1 194	1	1
1 659	1 127	1	1
1 659	0 466	1	1
1 659	3 864	1	1
1 659	3 49	1	1
1 659	0 351	1	1
1 659	2 194	1	1
1 659	3 558	1	1
1 659	3 291	1	1
1 659	2 972	1	1
1 659	2 128	1	1
1 659	0 402	1	1
1 659	3 646	1	1
1 659	3 306	1	1
1 659	3 189	1	1
1 660	1 683	1	1
1 660	1 265	1	1
1 660	1 106	1	1
1 660	1 309	1	1
1 660	1 656	1	1
1 660	1 232	1	1
1 660	3 608	1	1
1 660	3 181	1	1
1 660	0 765	1	1
1 660	2 468	1	1
1 660	3 230	1	1
1 660	3 130	1	1
1 660	0 149	1	1
1 660	0 106	1	1
1 660	0 297	1	1
1 660	0 482	1	1
1 660	0 18	1	1
1 661	1 888	1	1
1 661	1 207	1	1
1 661	1 980	1	1
1 661	1 756	1	1
1 661	1 339	1	1
1 661	2 735	1	1
1 661	0 631	1	1
1 661	0 887	1	1
1 661	0 239	1	1
1 661	3 233	1	1
1 661	3 436	1	1
1 661	2 570	1	1
1 661	0 414	1	1
1 661	0 800	1	1
1 661	0 397	1	1
1 661	0 102	1	1
1 661	0 705	1	1
1 662	1 783	1	1
1 662	1 851	1	1
1 662	1 569	1	1
1 662	1 577	1	1
1 662	1 789	1	1
1 662	1 392	1	1
1 662	1 704	1	1
1 662	1 433	1	1
1 662	1 760	1	1
1 662	2 447	1	1
1 662	3 798	1	1
1 662	3 271	1	1
1 662	0 564	1	1
1 662	2 622	1	1
1 662	0 274	1	1
1 662	3 709	1	1
1 662	2 84	1	1
1 663	1 597	1	1
1 663	1 492	1	1
1 663	1 191	1	1
1 663	1 666	1	1
1 663	1 284	1	1
1 663	2 804	1	1
1 663	3 158	1	1
1 663	0 598	1	1
1 663	2 319	1	1
1 663	3 263	1	1
1 663	2 347	1	1
1 663	2 94	1	1
1 663	0 500	1	1
1 663	2 740	1	1
1 663	0 826	1	1
1 663	2 583	1	1
1 663	2 369	1	1
1 664	1 776	1	1
1 664	1 346	1	1
1 664	1 393	1	1
1 664	1 805	1	1
1 664	2 479	1	1
1 664	0 850	1	1
1 664	3 566	1	1
1 664	0 261	1	1
1 664	2 778	1	1
1 664	2 610	1	1
1 664	2 857	1	1
1 664	3 836	1	1
1 664	3 913	1	1
1 664	0 325	1	1
1 664	2 102	1	1
1 664	3 206	1	1
1 664	2 867	1	1
1 665	1 131	1	1
1 665	1 730	1	1
1 665	1 856	1	1
1 665	1 829	1	1
1 665	3 759	1	1
1 665	2 114	1	1
1 665	2 318	1	1
1 665	0 294	1	1
1 665	2 921	1	1
1 665	0 694	1	1
1 665	3 194	1	1
1 665	2 581	1	1
1 665	3 250	1	1
1 665	3 716	1	1
1 665	0 153	1	1
1 665	0 452	1	1
1 665	2 873	1	1
1 666	1 904	1	1
1 666	1 409	1	1
1 666	1 754	1	1
1 666	3 176	1	1
1 666	0 202	1	1
1 666	0 779	1	1
1 666	3 459	1	1
1 666	0 369	1	1
1 666	0 852	1	1
1 666	0 727	1	1
1 666	3 221	1	1
1 666	3 984	1	1
1 666	3 942	1	1
1 666	2 690	1	1
1 666	3 342	1	1
1 666	0 48	1	1
1 666	2 36	1	1
1 667	1 933	1	1
1 667	1 246	1	1
1 667	1 100	1	1
1 667	1 308	1	1
1 667	1 554	1	1
1 667	1 586	1	1
1 667	2 934	1	1
1 667	3 216	1	1
1 667	0 700	1	1
1 667	3 230	1	1
1 667	0 531	1	1
1 667	3 245	1	1
1 667	0 785	1	1
1 667	3 659	1	1
1 667	3 496	1	1
1 667	0 675	1	1
1 667	0 794	1	1
1 668	1 112	1	1
1 668	1 952	1	1
1 668	1 991	1	1
1 668	2 566	1	1
1 668	3 175	1	1
1 668	2 817	1	1
1 668	2 657	1	1
1 668	3 354	1	1
1 668	2 769	1	1
1 668	3 408	1	1
1 668	0 873	1	1
1 668	2 530	1	1
1 668	2 323	1	1
1 668	0 966	1	1
1 668	0 318	1	1
1 668	0 915	1	1
1 668	0 382	1	1
1 669	1 500	1	1
1 669	1 515	1	1
1 669	1 355	1	1
1 669	1 36	1	1
1 669	0 593	1	1
1 669	0 251	1	1
1 669	0 155	1	1
1 669	0 397	1	1
1 669	3 899	1	1
1 669	2 495	1	1
1 669	0 761	1	1
1 669	0 419	1	1
1 669	2 316	1	1
1 669	3 572	1	1
1 669	0 962	1	1
1 669	0 424	1	1
1 669	3 205	1	1
1 670	1 586	1	1
1 670	1 756	1	1
1 670	1 534	1	1
1 670	3 422	1	1
1 670	3 911	1	1
1 670	0 278	1	1
1 670	2 362	1	1
1 670	3 101	1	1
1 670	0 13	1	1
1 670	2 604	1	1
1 670	2 583	1	1
1 670	3 360	1	1
1 670	2 417	1	1
1 670	2 680	1	1
1 670	0 702	1	1
1 670	2 931	1	1
1 670	0 359	1	1
1 671	1 110	1	1
1 671	1 935	1	1
1 671	1 620	1	1
1 671	0 638	1	1
1 671	2 489	1	1
1 671	3 42	1	1
1 671	3 9	1	1
1 671	0 449	1	1
1 671	2 265	1	1
1 671	0 462	1	1
1 671	0 430	1	1
1 671	0 471	1	1
1 671	2 379	1	1
1 671	0 495	1	1
1 671	2 327	1	1
1 671	0 735	1	1
1 671	3 544	1	1
1 672	1 124	1	1
1 672	1 358	1	1
1 672	1 467	1	1
1 672	1 290	1	1
1 672	1 101	1	1
1 672	2 67	1	1
1 672	0 149	1	1
1 672	2 852	1	1
1 672	3 820	1	1
1 672	3 674	1	1
1 672	2 368	1	1
1 672	2 609	1	1
1 672	0 12	1	1
1 672	0 64	1	1
1 672	0 230	1	1
1 672	0 200	1	1
1 672	2 362	1	1
1 673	1 209	1	1
1 673	1 948	1	1
1 673	1 416	1	1
1 673	1 369	1	1
1 673	1 788	1	1
1 673	1 960	1	1
1 673	3 495	1	1
1 673	0 665	1	1
1 673	3 815	1	1
1 673	2 893	1	1
1 673	0 114	1	1
1 673	0 636	1	1
1 673	3 326	1	1
1 673	2 971	1	1
1 673	3 959	1	1
1 673	0 159	1	1
1 673	2 184	1	1
1 674	1 137	1	1
1 674	1 34	1	1
1 674	1 641	1	1
1 674	1 593	1	1
1 674	3 750	1	1
1 674	3 2	1	1
1 674	0 915	1	1
1 674	3 130	1	1
1 674	0 874	1	1
1 674	0 582	1	1
1 674	0 335	1	1
1 674	3 24	1	1
1 674	0 945	1	1
1 674	3 832	1	1
1 674	3 340	1	1
1 674	0 893	1	1
1 674	3 398	1	1
1 675	1 304	1	1
1 675	1 565	1	1
1 675	1 902	1	1
1 675	1 806	1	1
1 675	0 162	1	1
1 675	0 184	1	1
1 675	2 272	1	1
1 675	0 109	1	1
1 675	2 275	1	1
1 675	3 381	1	1
1 675	3 445	1	1
1 675	2 428	1	1
1 675	3 896	1	1
1 675	3 734	1	1
1 675	2 957	1	1
1 675	2 709	1	1
1 675	2 214	1	1
1 676	1 263	1	1
1 676	1 386	1	1
1 676	1 882	1	1
1 676	3 935	1	1
1 676	2 960	1	1
1 676	0 907	1	1
1 676	3 257	1	1
1 676	3 640	1	1
1 676	3 941	1	1
1 676	0 813	1	1
1 676	3 532	1	1
1 676	3 256	1	1
1 676	2 340	1	1
1 676	2 726	1	1
1 676	3 526	1	1
1 676	2 596	1	1
1 676	3 924	1	1
1 677	1 590	1	1
1 677	1 747	1	1
1 677	1 145	1	1
1 677	0 999	1	1
1 677	2 92	1	1
1 677	2 316	2	1
1 677	3 441	1	1
1 677	0 815	1	1
1 677	2 81	1	1
1 677	0 748	1	1
1 677	2 730	1	1
1 677	0 786	1	1
1 677	2 334	1	1
1 677	3 754	1	1
1 677	0 711	1	1
1 677	2 14	1	1
1 678	1 933	1	1
1 678	1 453	1	1
1 678	1 949	1	1
1 678	0 753	1	1
1 678	0 456	1	1
1 678	0 674	1	1
1 678	2 606	1	1
1 678	2 993	1	1
1 678	0 749	1	1
1 678	0 43	1	1
1 678	3 806	1	1
1 678	3 291	1	1
1 678	3 740	1	1
1 678	0 585	1	1
1 678	0 259	1	1
1 678	0 199	1	1
1 678	3 747	1	1
1 679	1 926	1	1
1 679	1 992	1	1
1 679	1 151	1	1
1 679	1 735	1	1
1 679	3 443	1	1
1 679	3 183	1	1
1 679	3 378	1	1
1 679	0 882	1	1
1 679	2 228	1	1
1 679	2 277	1	1
1 679	0 479	1	1
1 679	0 791	1	1
1 679	3 389	1	1
1 679	3 10	1	1
1 679	0 693	1	1
1 679	3 803	1	1
1 679	3 828	1	1
1 680	1 297	1	1
1 680	1 534	1	1
1 680	1 380	1	1
1 680	3 221	1	1
1 680	3 890	1	1
1 680	0 22	1	1
1 680	3 330	1	1
1 680	3 768	1	1
1 680	0 147	1	1
1 680	2 325	1	1
1 680	0 52	1	1
1 680	2 477	1	1
1 680	2 392	1	1
1 680	0 168	1	1
1 680	3 436	1	1
1 680	3 60	1	1
1 680	2 237	1	1
1 681	1 867	1	1
1 681	1 276	1	1
1 681	1 268	1	1
1 681	0 768	1	1
1 681	3 94	1	1
1 681	3 970	1	1
1 681	3 461	1	1
1 681	3 561	1	1
1 681	2 56	1	1
1 681	3 935	1	1
1 681	2 918	1	1
1 681	2 376	1	1
1 681	2 332	1	1
1 681	0 223	1	1
1 681	0 7	1	1
1 681	3 596	1	1
1 681	3 156	1	1
1 682	1 205	1	1
1 682	1 549	1	1
1 682	1 817	1	1
1 682	1 617	1	1
1 682	3 740	1	1
1 682	0 216	1	1
1 682	2 251	1	1
1 682	0 446	1	1
1 682	0 536	1	1
1 682	2 855	1	1
1 682	3 195	1	1
1 682	2 247	1	1
1 682	2 252	1	1
1 682	0 116	1	1
1 682	2 275	1	1
1 682	2 834	1	1
1 682	3 341	1	1
1 683	1 8	1	1
1 683	1 90	1	1
1 683	1 100	1	1
1 683	1 58	1	1
1 683	1 738	1	1
1 683	0 908	1	1
1 683	2 409	1	1
1 683	0 799	1	1
1 683	2 81	1	1
1 683	3 845	1	1
1 683	0 543	1	1
1 683	0 221	1	1
1 683	2 815	1	1
1 683	3 760	1	1
1 683	0 990	1	1
1 683	2 684	1	1
1 683	3 438	1	1
1 684	1 496	1	1
1 684	1 213	1	1
1 684	1 486	1	1
1 684	1 184	1	1
1 684	1 261	1	1
1 684	2 388	1	1
1 684	2 950	1	1
1 684	0 668	1	1
1 684	2 731	1	1
1 684	2 44	1	1
1 684	0 173	1	1
1 684	3 393	1	1
1 684	0 975	1	1
1 684	2 50	1	1
1 684	3 998	1	1
1 684	3 470	1	1
1 684	3 597	1	1
1 685	1 252	1	1
1 685	1 694	1	1
1 685	1 234	1	1
1 685	3 430	1	1
1 685	0 924	1	1
1 685	2 3	1	1
1 685	0 256	1	1
1 685	3 267	1	1
1 685	0 940	1	1
1 685	2 833	1	1
1 685	3 792	1	1
1 685	0 13	1	1
1 685	0 394	1	1
1 685	3 18	1	1
1 685	2 759	1	1
1 685	3 936	1	1
1 685	0 989	1	1
1 686	1 928	1	1
1 686	1 749	1	1
1 686	1 46	1	1
1 686	1 26	1	1
1 686	1 685	1	1
1 686	2 734	1	1
1 686	3 721	1	1
1 686	3 200	1	1
1 686	0 300	1	1
1 686	3 912	1	1
1 686	2 231	1	1
1 686	3 61	1	1
1 686	0 951	1	1
1 686	3 585	1	1
1 686	0 681	1	1
1 686	3 147	1	1
1 686	3 582	1	1
1 687	1 798	1	1
1 687	1 757	1	1
1 687	1 499	1	1
1 687	1 65	1	1
1 687	3 662	1	1
1 687	0 334	1	1
1 687	0 111	1	1
1 687	2 266	1	1
1 687	2 499	1	1
1 687	3 927	1	1
1 687	3 549	1	1
1 687	2 882	1	1
1 687	3 359	1	1
1 687	3 536	1	1
1 687	2 570	1	1
1 687	3 314	1	1
1 687	3 102	1	1
1 688	1 722	1	1
1 688	1 193	1	1
1 688	1 621	1	1
1 688	1 664	1	1
1 688	1 371	1	1
1 688	1 199	1	1
1 688	2 249	1	1
1 688	0 953	1	1
1 688	2 910	1	1
1 688	3 517	1	1
1 688	3 149	1	1
1 688	3 952	1	1
1 688	0 375	1	1
1 688	2 893	1	1
1 688	0 791	1	1
1 688	0 56	1	1
1 688	2 18	1	1
1 689	1 567	1	1
1 689	1 633	1	1
1 689	1 876	1	1
1 689	1 316	1	1
1 689	1 336	1	1
1 689	1 706	1	1
1 689	1 362	1	1
1 689	1 352	1	1
1 689	0 567	1	1
1 689	3 501	1	1
1 689	3 425	1	1
1 689	0 749	1	1
1 689	2 89	1	1
1 689	3 455	1	1
1 689	2 703	1	1
1 689	3 846	1	1
1 689	3 996	1	1
1 690	1 496	1	1
1 690	1 350	1	1
1 690	1 7	1	1
1 690	1 980	1	1
1 690	3 503	1	1
1 690	3 964	1	1
1 690	0 717	1	1
1 690	2 390	1	1
1 690	0 147	1	1
1 690	0 263	1	1
1 690	3 906	1	1
1 690	0 780	1	1
1 690	2 646	1	1
1 690	0 857	1	1
1 690	0 815	1	1
1 690	2 403	1	1
1 690	0 811	1	1
1 691	1 791	1	1
1 691	1 844	1	1
1 691	3 515	1	1
1 691	3 47	1	1
1 691	2 264	1	1
1 691	2 722	1	1
1 691	3 132	1	1
1 691	2 956	1	1
1 691	0 4	1	1
1 691	2 462	1	1
1 691	0 426	1	1
1 691	2 419	1	1
1 691	0 53	1	1
1 691	0 968	1	1
1 691	2 315	1	1
1 691	3 233	1	1
1 691	3 747	1	1
1 692	1 543	1	1
1 692	1 79	1	1
1 692	2 194	1	1
1 692	3 783	1	1
1 692	3 266	1	1
1 692	3 7	1	1
1 692	2 114	1	1
1 692	0 294	1	1
1 692	0 509	1	1
1 692	2 836	1	1
1 692	0 298	1	1
1 692	3 994	1	1
1 692	3 988	1	1
1 692	3 183	1	1
1 692	0 159	1	1
1 692	3 61	1	1
1 692	3 161	1	1
1 693	1 519	1	1
1 693	1 193	1	1
1 693	1 273	1	1
1 693	1 891	1	1
1 693	1 547	1	1
1 693	0 975	1	1
1 693	3 213	1	1
1 693	0 867	1	1
1 693	0 321	1	1
1 693	2 872	1	1
1 693	0 74	1	1
1 693	3 169	1	1
1 693	3 791	1	1
1 693	3 343	1	1
1 693	3 837	1	1
1 693	2 36	1	1
1 693	3 294	1	1
1 694	1 280	1	1
1 694	1 703	1	1
1 694	1 681	1	1
1 694	1 250	1	1
1 694	3 658	1	1
1 694	3 54	1	1
1 694	3 431	1	1
1 694	3 117	1	1
1 694	3 420	1	1
1 694	3 803	1	1
1 694	3 469	1	1
1 694	0 446	1	1
1 694	2 362	1	1
1 694	2 406	1	1
1 694	3 341	1	1
1 694	0 47	1	1
1 694	3 111	1	1
1 695	1 213	1	1
1 695	1 450	1	1
1 695	1 963	1	1
1 695	1 397	1	1
1 695	1 305	1	1
1 695	0 507	1	1
1 695	2 731	1	1
1 695	0 963	1	1
1 695	3 889	1	1
1 695	0 634	1	1
1 695	3 810	1	1
1 695	3 7	1	1
1 695	2 289	1	1
1 695	3 91	1	1
1 695	0 805	1	1
1 695	2 797	1	1
1 695	3 543	1	1
1 696	1 363	1	1
1 696	1 590	1	1
1 696	1 311	1	1
1 696	2 84	1	1
1 696	3 146	1	1
1 696	0 148	1	1
1 696	3 986	1	1
1 696	0 429	1	1
1 696	3 271	1	1
1 696	0 619	1	1
1 696	2 409	1	1
1 696	0 149	1	1
1 696	0 69	1	1
1 696	3 35	1	1
1 696	2 366	1	1
1 696	3 461	1	1
1 696	2 205	1	1
1 697	1 726	1	1
1 697	1 607	1	1
1 697	1 475	1	1
1 697	1 668	1	1
1 697	1 820	1	1
1 697	0 492	1	1
1 697	2 277	1	1
1 697	2 602	1	1
1 697	0 379	1	1
1 697	2 35	1	1
1 697	3 607	1	1
1 697	2 753	1	1
1 697	2 921	1	1
1 697	2 873	1	1
1 697	2 891	1	1
1 697	2 49	1	1
1 697	2 540	1	1
1 698	1 185	1	1
1 698	1 563	1	1
1 698	1 234	1	1
1 698	0 728	1	1
1 698	2 739	1	1
1 698	3 797	1	1
1 698	2 282	1	1
1 698	0 666	1	1
1 698	0 853	1	1
1 698	2 434	1	1
1 698	2 253	1	1
1 698	3 442	1	1
1 698	0 266	1	1
1 698	3 997	1	1
1 698	0 217	1	1
1 698	0 688	1	1
1 698	3 659	1	1
1 699	1 620	1	1
1 699	1 477	1	1
1 699	1 452	1	1
1 699	1 181	1	1
1 699	3 884	1	1
1 699	2 159	1	1
1 699	2 292	1	1
1 699	3 214	1	1
1 699	2 672	1	1
1 699	2 112	1	1
1 699	2 34	1	1
1 699	3 230	1	1
1 699	3 41	1	1
1 699	2 251	1	1
1 699	2 654	1	1
1 699	2 843	1	1
1 699	0 92	1	1
1 700	1 424	1	1
1 700	1 984	1	1
1 700	1 253	2	1
1 700	1 409	1	1
1 700	1 772	1	1
1 700	2 895	1	1
1 700	2 755	1	1
1 700	0 46	1	1
1 700	0 275	1	1
1 700	2 903	1	1
1 700	0 789	1	1
1 700	2 468	1	1
1 700	2 347	1	1
1 700	3 645	1	1
1 700	0 222	1	1
1 700	0 24	1	1
1 701	1 903	1	1
1 701	1 721	1	1
1 701	1 518	1	1
1 701	1 497	1	1
1 701	1 104	1	1
1 701	3 720	1	1
1 701	3 266	1	1
1 701	3 181	1	1
1 701	2 903	1	1
1 701	0 517	1	1
1 701	3 680	1	1
1 701	2 72	1	1
1 701	3 25	1	1
1 701	3 145	1	1
1 701	2 487	1	1
1 701	3 963	1	1
1 701	3 416	1	1
1 702	1 800	1	1
1 702	1 690	1	1
1 702	1 770	1	1
1 702	1 134	1	1
1 702	2 127	1	1
1 702	3 455	1	1
1 702	3 966	1	1
1 702	0 325	1	1
1 702	3 522	1	1
1 702	3 67	1	1
1 702	3 184	1	1
1 702	0 473	1	1
1 702	2 134	1	1
1 702	2 613	1	1
1 702	3 499	1	1
1 702	3 55	1	1
1 702	0 973	1	1
1 703	1 961	1	1
1 703	1 910	1	1
1 703	1 560	1	1
1 703	0 956	1	1
1 703	0 478	1	1
1 703	2 691	1	1
1 703	2 540	1	1
1 703	0 467	1	1
1 703	0 450	1	1
1 703	0 496	1	1
1 703	3 570	1	1
1 703	3 468	1	1
1 703	0 303	1	1
1 703	3 735	1	1
1 703	0 455	1	1
1 703	3 54	1	1
1 703	2 69	1	1
1 704	1 513	1	1
1 704	1 38	1	1
1 704	1 154	1	1
1 704	1 843	1	1
1 704	1 402	1	1
1 704	3 925	1	1
1 704	2 470	1	1
1 704	2 858	1	1
1 704	0 107	1	1
1 704	3 919	1	1
1 704	2 85	1	1
1 704	0 83	1	1
1 704	2 306	1	1
1 704	3 156	1	1
1 704	2 862	1	1
1 704	2 801	1	1
1 704	0 623	1	1
1 705	1 481	1	1
1 705	1 608	1	1
1 705	1 169	1	1
1 705	1 62	1	1
1 705	1 636	1	1
1 705	1 311	1	1
1 705	3 797	1	1
1 705	0 844	1	1
1 705	0 260	1	1
1 705	0 410	1	1
1 705	2 119	1	1
1 705	3 872	1	1
1 705	3 29	1	1
1 705	2 247	1	1
1 705	0 40	1	1
1 705	2 221	1	1
1 705	0 785	1	1
1 706	1 237	1	1
1 706	1 551	1	1
1 706	1 977	1	1
1 706	1 629	1	1
1 706	0 903	1	1
1 706	0 395	1	1
1 706	2 955	1	1
1 706	3 589	1	1
1 706	2 52	1	1
1 706	2 40	1	1
1 706	3 428	1	1
1 706	0 123	1	1
1 706	2 250	1	1
1 706	2 694	1	1
1 706	3 165	1	1
1 706	2 448	1	1
1 706	0 708	1	1
1 707	1 22	1	1
1 707	1 469	1	1
1 707	1 93	1	1
1 707	1 772	1	1
1 707	1 716	1	1
1 707	1 591	1	1
1 707	1 656	2	1
1 707	1 685	1	1
1 707	1 925	1	1
1 707	1 236	1	1
1 707	3 302	1	1
1 707	2 892	1	1
1 707	0 940	1	1
1 707	0 198	1	1
1 707	2 525	1	1
1 707	2 985	1	1
1 708	1 263	1	1
1 708	1 253	1	1
1 708	1 238	1	1
1 708	1 829	1	1
1 708	1 773	1	1
1 708	3 468	1	1
1 708	3 410	2	1
1 708	2 742	1	1
1 708	2 969	1	1
1 708	3 634	1	1
1 708	3 528	1	1
1 708	3 958	1	1
1 708	2 443	1	1
1 708	2 367	1	1
1 708	3 94	1	1
1 708	2 594	1	1
1 709	1 579	1	1
1 709	1 904	1	1
1 709	0 367	1	1
1 709	3 577	1	1
1 709	3 348	1	1
1 709	3 51	1	1
1 709	0 609	1	1
1 709	2 403	1	1
1 709	3 860	1	1
1 709	2 211	1	1
1 709	0 798	1	1
1 709	0 681	1	1
1 709	3 323	1	1
1 709	2 508	1	1
1 709	0 803	1	1
1 709	3 155	1	1
1 709	3 259	1	1
1 710	1 425	1	1
1 710	1 871	1	1
1 710	1 789	1	1
1 710	1 642	1	1
1 710	1 567	1	1
1 710	1 874	1	1
1 710	1 295	1	1
1 710	3 366	1	1
1 710	2 386	1	1
1 710	0 911	1	1
1 710	3 857	1	1
1 710	3 203	1	1
1 710	2 936	1	1
1 710	0 514	1	1
1 710	0 346	1	1
1 710	0 830	1	1
1 710	2 779	1	1
1 711	1 628	1	1
1 711	1 897	1	1
1 711	1 717	1	1
1 711	1 477	1	1
1 711	1 517	1	1
1 711	1 235	1	1
1 711	1 725	1	1
1 711	3 430	1	1
1 711	2 894	1	1
1 711	0 3	1	1
1 711	3 634	1	1
1 711	0 5	1	1
1 711	3 36	1	1
1 711	3 177	1	1
1 711	0 372	1	1
1 711	0 380	1	1
1 711	0 39	1	1
1 712	1 157	1	1
1 712	1 222	1	1
1 712	1 388	1	1
1 712	1 568	1	1
1 712	1 21	1	1
1 712	1 817	1	1
1 712	1 63	1	1
1 712	2 526	1	1
1 712	2 901	1	1
1 712	0 890	1	1
1 712	3 290	1	1
1 712	0 174	1	1
1 712	0 934	1	1
1 712	0 925	1	1
1 712	0 606	1	1
1 712	3 962	1	1
1 712	3 824	1	1
1 713	1 981	1	1
1 713	1 389	1	1
1 713	1 421	1	1
1 713	3 175	1	1
1 713	0 721	1	1
1 713	2 575	1	1
1 713	2 295	1	1
1 713	2 633	1	1
1 713	2 667	1	1
1 713	2 649	1	1
1 713	2 890	1	1
1 713	0 353	1	1
1 713	2 420	1	1
1 713	3 930	1	1
1 713	2 975	1	1
1 713	3 932	1	1
1 713	0 579	1	1
1 714	1 11	1	1
1 714	1 576	1	1
1 714	1 99	1	1
1 714	1 811	1	1
1 714	0 575	1	1
1 714	0 559	1	1
1 714	3 255	1	1
1 714	3 420	1	1
1 714	0 46	1	1
1 714	0 741	1	1
1 714	2 865	1	1
1 714	3 219	1	1
1 714	2 446	1	1
1 714	2 883	1	1
1 714	2 324	1	1
1 714	0 941	1	1
1 714	2 768	1	1
1 715	1 383	1	1
1 715	1 683	1	1
1 715	3 690	1	1
1 715	3 37	1	1
1 715	0 173	1	1
1 715	2 467	1	1
1 715	0 84	1	1
1 715	0 284	1	1
1 715	3 861	1	1
1 715	3 978	1	1
1 715	0 951	1	1
1 715	2 292	1	1
1 715	0 37	1	1
1 715	0 106	1	1
1 715	2 341	1	1
1 715	2 468	1	1
1 715	3 590	1	1
1 716	1 203	1	1
1 716	1 683	1	1
1 716	1 418	1	1
1 716	0 189	1	1
1 716	2 527	1	1
1 716	2 293	1	1
1 716	3 989	1	1
1 716	3 707	1	1
1 716	0 843	1	1
1 716	2 581	1	1
1 716	2 4	1	1
1 716	0 940	1	1
1 716	3 633	1	1
1 716	3 784	1	1
1 716	0 97	1	1
1 716	3 109	1	1
1 716	0 476	1	1
1 717	1 326	1	1
1 717	1 308	1	1
1 717	1 912	1	1
1 717	1 298	1	1
1 717	1 73	1	1
1 717	1 540	1	1
1 717	1 755	1	1
1 717	2 726	1	1
1 717	3 587	1	1
1 717	0 751	1	1
1 717	0 673	1	1
1 717	0 661	1	1
1 717	3 853	1	1
1 717	3 715	1	1
1 717	3 675	1	1
1 717	0 833	1	1
1 717	2 192	1	1
1 718	1 173	1	1
1 718	1 469	1	1
1 718	1 609	1	1
1 718	3 303	1	1
1 718	3 375	1	1
1 718	2 222	1	1
1 718	0 966	1	1
1 718	3 192	1	1
1 718	3 455	1	1
1 718	3 345	1	1
1 718	0 705	1	1
1 718	2 105	1	1
1 718	3 51	1	1
1 718	3 600	1	1
1 718	3 865	1	1
1 718	0 961	1	1
1 718	2 349	1	1
1 719	1 230	1	1
1 719	1 713	1	1
1 719	1 604	1	1
1 719	1 541	1	1
1 719	1 809	1	1
1 719	1 136	1	1
1 719	2 1	1	1
1 719	2 933	1	1
1 719	2 928	1	1
1 719	3 615	1	1
1 719	3 342	2	1
1 719	0 150	1	1
1 719	3 383	1	1
1 719	3 378	1	1
1 719	3 84	1	1
1 719	3 190	1	1
1 720	1 465	1	1
1 720	1 803	1	1
1 720	1 161	1	1
1 720	1 578	1	1
1 720	1 777	1	1
1 720	2 276	1	1
1 720	2 550	1	1
1 720	3 917	1	1
1 720	2 549	1	1
1 720	0 80	1	1
1 720	3 374	1	1
1 720	2 216	1	1
1 720	3 229	1	1
1 720	2 604	1	1
1 720	2 333	1	1
1 720	0 971	1	1
1 720	3 958	1	1
1 721	1 368	1	1
1 721	1 262	1	1
1 721	1 90	1	1
1 721	1 647	1	1
1 721	2 878	1	1
1 721	2 504	1	1
1 721	2 168	1	1
1 721	2 949	1	1
1 721	2 840	1	1
1 721	3 538	1	1
1 721	0 102	1	1
1 721	3 122	1	1
1 721	0 947	1	1
1 721	0 862	1	1
1 721	3 413	1	1
1 721	2 235	1	1
1 721	0 96	1	1
1 722	1 829	1	1
1 722	1 640	1	1
1 722	1 767	1	1
1 722	1 712	1	1
1 722	1 626	1	1
1 722	0 507	1	1
1 722	0 215	1	1
1 722	3 406	1	1
1 722	0 87	1	1
1 722	0 311	1	1
1 722	2 653	1	1
1 722	0 573	1	1
1 722	0 55	1	1
1 722	0 815	1	1
1 722	0 350	1	1
1 722	3 269	1	1
1 722	3 381	1	1
1 723	1 752	1	1
1 723	1 944	1	1
1 723	1 546	1	1
1 723	1 758	1	1
1 723	1 542	1	1
1 723	2 774	1	1
1 723	3 633	1	1
1 723	2 616	1	1
1 723	3 122	1	1
1 723	0 927	1	1
1 723	0 427	1	1
1 723	3 101	1	1
1 723	3 838	1	1
1 723	2 912	1	1
1 723	2 704	1	1
1 723	2 607	1	1
1 723	3 466	1	1
1 724	1 515	1	1
1 724	1 587	1	1
1 724	1 312	1	1
1 724	1 787	1	1
1 724	1 96	1	1
1 724	0 421	1	1
1 724	3 70	1	1
1 724	0 659	1	1
1 724	2 551	1	1
1 724	0 882	1	1
1 724	2 919	1	1
1 724	0 482	1	1
1 724	0 442	1	1
1 724	3 922	1	1
1 724	3 805	1	1
1 724	0 41	1	1
1 724	3 670	1	1
1 725	1 857	1	1
1 725	1 83	1	1
1 725	1 287	1	1
1 725	1 349	1	1
1 725	3 97	1	1
1 725	3 483	1	1
1 725	3 563	1	1
1 725	0 394	1	1
1 725	3 747	1	1
1 725	2 150	1	1
1 725	3 461	1	1
1 725	2 866	1	1
1 725	0 767	1	1
1 725	3 168	1	1
1 725	0 234	1	1
1 725	3 224	1	1
1 725	2 995	1	1
1 726	1 624	1	1
1 726	1 768	1	1
1 726	1 771	1	1
1 726	1 493	1	1
1 726	1 842	1	1
1 726	1 497	1	1
1 726	0 661	1	1
1 726	3 373	1	1
1 726	3 888	1	1
1 726	3 706	1	1
1 726	2 207	1	1
1 726	2 881	1	1
1 726	0 254	1	1
1 726	2 369	1	1
1 726	2 479	1	1
1 726	0 413	1	1
1 726	3 160	1	1
1 727	1 564	1	1
1 727	1 39	1	1
1 727	1 515	1	1
1 727	1 864	1	1
1 727	3 595	1	1
1 727	3 857	1	1
1 727	3 790	1	1
1 727	2 847	1	1
1 727	2 329	1	1
1 727	2 643	1	1
1 727	2 537	1	1
1 727	0 403	1	1
1 727	2 240	1	1
1 727	2 727	1	1
1 727	0 205	1	1
1 727	2 965	1	1
1 727	0 689	1	1
1 728	1 254	1	1
1 728	1 527	1	1
1 728	1 949	1	1
1 728	1 447	1	1
1 728	1 910	1	1
1 728	1 885	1	1
1 728	2 666	1	1
1 728	0 647	1	1
1 728	0 304	1	1
1 728	3 630	1	1
1 728	2 450	1	1
1 728	0 570	1	1
1 728	0 876	1	1
1 728	0 856	1	1
1 728	3 279	1	1
1 728	3 423	1	1
1 728	3 730	1	1
1 729	1 373	1	1
1 729	1 494	1	1
1 729	1 763	1	1
1 729	1 340	1	1
1 729	2 117	1	1
1 729	0 924	1	1
1 729	0 744	1	1
1 729	2 50	1	1
1 729	2 693	1	1
1 729	3 595	1	1
1 729	3 14	1	1
1 729	2 995	1	1
1 729	2 875	1	1
1 729	2 997	1	1
1 729	3 399	1	1
1 729	0 429	1	1
1 729	0 131	1	1
1 730	1 709	1	1
1 730	1 64	1	1
1 730	1 514	1	1
1 730	1 353	1	1
1 730	1 271	1	1
1 730	1 54	1	1
1 730	0 704	1	1
1 730	2 884	1	1
1 730	0 177	1	1
1 730	3 635	1	1
1 730	0 147	1	1
1 730	2 797	1	1
1 730	3 328	1	1
1 730	2 945	1	1
1 730	3 853	1	1
1 730	2 585	1	1
1 730	3 822	1	1
1 731	1 805	1	1
1 731	1 724	1	1
1 731	1 735	1	1
1 731	1 299	1	1
1 731	1 945	1	1
1 731	3 981	1	1
1 731	2 49	1	1
1 731	3 427	1	1
1 731	0 275	1	1
1 731	3 781	1	1
1 731	2 629	1	1
1 731	2 208	1	1
1 731	0 664	1	1
1 731	0 44	1	1
1 731	2 193	1	1
1 731	2 992	1	1
1 731	0 515	1	1
1 732	1 748	1	1
1 732	1 933	1	1
1 732	1 179	1	1
1 732	2 230	1	1
1 732	0 226	1	1
1 732	0 784	1	1
1 732	3 443	1	1
1 732	2 436	1	1
1 732	3 623	1	1
1 732	2 694	1	1
1 732	0 304	1	1
1 732	3 154	1	1
1 732	3 832	1	1
1 732	2 325	1	1
1 732	0 924	1	1
1 732	3 621	1	1
1 732	0 668	1	1
1 733	1 965	1	1
1 733	1 793	1	1
1 733	1 42	1	1
1 733	1 339	1	1
1 733	1 432	1	1
1 733	0 315	1	1
1 733	2 587	1	1
1 733	3 400	1	1
1 733	2 387	1	1
1 733	2 808	1	1
1 733	0 888	1	1
1 733	2 366	1	1
1 733	0 113	1	1
1 733	3 598	1	1
1 733	3 166	1	1
1 733	3 675	1	1
1 733	0 875	1	1
1 734	1 602	1	1
1 734	1 232	1	1
1 734	1 573	1	1
1 734	1 826	1	1
1 734	1 211	1	1
1 734	0 407	1	1
1 734	3 277	1	1
1 734	0 67	1	1
1 734	3 868	1	1
1 734	3 121	1	1
1 734	3 81	1	1
1 734	3 952	1	1
1 734	2 474	1	1
1 734	0 962	1	1
1 734	2 248	1	1
1 734	2 122	1	1
1 734	0 594	1	1
1 735	1 725	1	1
1 735	1 684	1	1
1 735	1 618	1	1
1 735	1 666	1	1
1 735	2 620	1	1
1 735	2 703	1	1
1 735	3 177	1	1
1 735	0 685	1	1
1 735	0 628	1	1
1 735	0 399	1	1
1 735	0 574	1	1
1 735	3 407	1	1
1 735	3 511	1	1
1 735	3 887	1	1
1 735	3 462	1	1
1 735	0 469	1	1
1 735	3 437	1	1
1 736	1 826	1	1
1 736	1 252	1	1
1 736	3 220	1	1
1 736	3 277	2	1
1 736	0 477	1	1
1 736	2 648	1	1
1 736	2 531	1	1
1 736	3 97	1	1
1 736	0 170	1	1
1 736	3 133	1	1
1 736	0 382	1	1
1 736	2 267	1	1
1 736	0 717	1	1
1 736	2 22	1	1
1 736	2 281	1	1
1 736	2 880	1	1
1 737	1 818	1	1
1 737	1 207	1	1
1 737	1 946	1	1
1 737	1 140	1	1
1 737	0 796	1	1
1 737	2 661	1	1
1 737	0 58	1	1
1 737	3 670	1	1
1 737	0 817	1	1
1 737	0 728	1	1
1 737	2 798	1	1
1 737	2 235	1	1
1 737	2 895	1	1
1 737	2 193	1	1
1 737	3 247	1	1
1 737	2 141	1	1
1 737	3 371	1	1
1 738	1 154	1	1
1 738	1 915	1	1
1 738	1 883	1	1
1 738	1 973	1	1
1 738	1 399	1	1
1 738	1 865	1	1
1 738	2 12	1	1
1 738	3 972	1	1
1 738	0 804	1	1
1 738	2 787	1	1
1 738	2 365	1	1
1 738	0 654	1	1
1 738	0 184	1	1
1 738	0 350	1	1
1 738	2 422	1	1
1 738	0 623	1	1
1 738	0 554	1	1
1 739	1 611	1	1
1 739	1 60	1	1
1 739	1 744	1	1
1 739	2 752	1	1
1 739	3 862	1	1
1 739	3 920	1	1
1 739	3 281	1	1
1 739	3 451	1	1
1 739	0 471	1	1
1 739	3 956	1	1
1 739	2 886	1	1
1 739	2 588	1	1
1 739	0 961	1	1
1 739	2 908	1	1
1 739	3 737	1	1
1 739	3 895	1	1
1 739	3 508	1	1
1 740	1 618	1	1
1 740	1 206	1	1
1 740	1 138	1	1
1 740	1 210	1	1
1 740	1 281	1	1
1 740	1 367	1	1
1 740	3 478	1	1
1 740	0 536	1	1
1 740	2 226	1	1
1 740	3 845	1	1
1 740	3 726	1	1
1 740	3 787	1	1
1 740	2 666	1	1
1 740	0 876	1	1
1 740	2 997	1	1
1 740	0 702	1	1
1 740	3 955	1	1
1 741	1 298	1	1
1 741	1 215	1	1
1 741	1 231	1	1
1 741	1 406	1	1
1 741	2 746	1	1
1 741	3 811	1	1
1 741	3 548	2	1
1 741	2 252	1	1
1 741	3 227	1	1
1 741	2 128	1	1
1 741	0 990	1	1
1 741	2 633	1	1
1 741	3 302	1	1
1 741	0 621	1	1
1 741	2 711	1	1
1 741	0 981	1	1
1 742	1 167	1	1
1 742	1 189	1	1
1 742	1 197	1	1
1 742	0 120	1	1
1 742	0 142	1	1
1 742	2 212	1	1
1 742	2 341	1	1
1 742	3 386	1	1
1 742	0 858	1	1
1 742	0 325	1	1
1 742	3 227	1	1
1 742	2 493	1	1
1 742	2 513	1	1
1 742	2 946	1	1
1 742	3 14	1	1
1 742	3 736	1	1
1 742	3 791	1	1
1 743	1 291	1	1
1 743	3 677	1	1
1 743	2 151	1	1
1 743	0 271	1	1
1 743	3 959	1	1
1 743	3 964	1	1
1 743	2 3	1	1
1 743	0 905	1	1
1 743	3 679	1	1
1 743	0 51	1	1
1 743	2 736	1	1
1 743	2 220	1	1
1 743	2 298	1	1
1 743	0 656	1	1
1 743	0 828	1	1
1 743	0 350	1	1
1 743	3 209	1	1
1 744	1 868	1	1
1 744	1 779	1	1
1 744	1 365	1	1
1 744	1 277	1	1
1 744	1 98	1	1
1 744	2 224	1	1
1 744	0 517	1	1
1 744	2 473	1	1
1 744	2 817	1	1
1 744	0 249	1	1
1 744	0 298	1	1
1 744	3 427	1	1
1 744	0 971	1	1
1 744	0 513	1	1
1 744	2 884	1	1
1 744	2 672	1	1
1 744	3 997	1	1
1 745	1 913	1	1
1 745	1 54	1	1
1 745	1 673	1	1
1 745	1 975	1	1
1 745	0 938	1	1
1 745	2 294	1	1
1 745	2 527	1	1
1 745	3 394	1	1
1 745	2 646	1	1
1 745	0 867	1	1
1 745	3 966	1	1
1 745	2 466	1	1
1 745	0 824	1	1
1 745	2 269	1	1
1 745	2 155	1	1
1 745	0 500	1	1
1 745	3 718	1	1
1 746	1 229	1	1
1 746	1 871	1	1
1 746	1 595	1	1
1 746	1 543	1	1
1 746	2 441	1	1
1 746	2 198	1	1
1 746	2 572	1	1
1 746	2 967	1	1
1 746	3 526	1	1
1 746	2 262	1	1
1 746	3 519	1	1
1 746	2 369	1	1
1 746	3 470	1	1
1 746	2 561	1	1
1 746	3 455	1	1
1 746	0 747	1	1
1 746	0 680	1	1
1 747	1 411	1	1
1 747	1 954	1	1
1 747	1 776	1	1
1 747	1 15	1	1
1 747	3 421	1	1
1 747	2 356	1	1
1 747	2 632	1	1
1 747	2 189	1	1
1 747	0 135	1	1
1 747	3 117	1	1
1 747	3 883	1	1
1 747	3 457	1	1
1 747	3 937	1	1
1 747	2 94	1	1
1 747	2 12	1	1
1 747	3 28	1	1
1 747	0 917	1	1
1 748	1 725	1	1
1 748	1 277	1	1
1 748	1 90	1	1
1 748	3 811	1	1
1 748	0 358	1	1
1 748	3 575	1	1
1 748	2 874	1	1
1 748	3 565	1	1
1 748	2 360	1	1
1 748	0 825	1	1
1 748	2 595	1	1
1 748	3 827	1	1
1 748	2 830	1	1
1 748	2 827	1	1
1 748	3 942	1	1
1 748	3 638	1	1
1 748	3 867	1	1
1 749	1 840	1	1
1 749	1 571	1	1
1 749	1 610	1	1
1 749	0 757	1	1
1 749	2 227	1	1
1 749	2 640	1	1
1 749	3 708	1	1
1 749	3 556	1	1
1 749	2 884	1	1
1 749	3 359	1	1
1 749	3 854	1	1
1 749	2 784	1	1
1 749	2 142	1	1
1 749	3 807	2	1
1 749	3 129	1	1
1 749	3 332	1	1
1 750	1 926	1	1
1 750	1 241	1	1
1 750	1 701	1	1
1 750	2 398	1	1
1 750	0 418	1	1
1 750	3 511	1	1
1 750	3 446	1	1
1 750	2 171	1	1
1 750	0 157	1	1
1 750	0 787	1	1
1 750	3 531	1	1
1 750	2 465	1	1
1 750	0 175	1	1
1 750	0 309	1	1
1 750	0 900	1	1
1 750	2 633	1	1
1 750	2 14	1	1
1 751	1 115	1	1
1 751	1 927	1	1
1 751	1 901	1	1
1 751	1 795	1	1
1 751	3 289	1	1
1 751	0 893	1	1
1 751	0 417	1	1
1 751	2 24	1	1
1 751	0 820	1	1
1 751	0 455	1	1
1 751	2 704	1	1
1 751	0 784	1	1
1 751	3 587	1	1
1 751	0 520	1	1
1 751	2 145	1	1
1 751	0 62	1	1
1 751	0 616	1	1
1 752	1 660	1	1
1 752	1 778	1	1
1 752	1 406	1	1
1 752	1 338	1	1
1 752	1 431	1	1
1 752	2 312	1	1
1 752	0 627	1	1
1 752	0 259	1	1
1 752	2 434	1	1
1 752	2 397	1	1
1 752	3 527	1	1
1 752	2 235	1	1
1 752	3 439	1	1
1 752	0 971	1	1
1 752	3 883	1	1
1 752	3 258	1	1
1 752	0 950	1	1
1 753	1 929	1	1
1 753	1 860	1	1
1 753	1 369	1	1
1 753	3 336	1	1
1 753	0 357	1	1
1 753	2 865	1	1
1 753	0 929	1	1
1 753	0 23	1	1
1 753	3 467	1	1
1 753	2 729	1	1
1 753	2 777	1	1
1 753	3 51	1	1
1 753	0 666	1	1
1 753	0 208	1	1
1 753	3 780	1	1
1 753	0 949	1	1
1 753	3 25	1	1
1 754	1 833	1	1
1 754	1 338	1	1
1 754	1 279	1	1
1 754	3 696	1	1
1 754	0 889	1	1
1 754	0 250	1	1
1 754	2 3	1	1
1 754	3 675	1	1
1 754	2 853	1	1
1 754	0 371	1	1
1 754	2 899	1	1
1 754	3 169	1	1
1 754	0 331	1	1
1 754	3 89	1	1
1 754	2 590	1	1
1 754	2 813	1	1
1 754	3 331	1	1
1 755	1 176	1	1
1 755	1 825	1	1
1 755	1 120	1	1
1 755	3 622	1	1
1 755	3 392	1	1
1 755	3 73	1	1
1 755	2 472	1	1
1 755	2 302	1	1
1 755	3 689	1	1
1 755	2 842	1	1
1 755	2 393	1	1
1 755	3 965	1	1
1 755	3 126	1	1
1 755	3 975	1	1
1 755	0 467	1	1
1 755	2 416	1	1
1 755	0 1	1	1
1 756	1 4	1	1
1 756	1 354	1	1
1 756	1 423	1	1
1 756	1 249	1	1
1 756	1 995	1	1
1 756	3 356	1	1
1 756	2 25	1	1
1 756	3 391	1	1
1 756	3 993	1	1
1 756	0 839	1	1
1 756	2 146	1	1
1 756	3 724	1	1
1 756	0 661	1	1
1 756	3 985	1	1
1 756	3 485	1	1
1 756	0 174	1	1
1 756	2 522	1	1
1 757	1 521	1	1
1 757	1 7	1	1
1 757	1 790	1	1
1 757	1 89	1	1
1 757	3 238	1	1
1 757	0 997	1	1
1 757	3 755	1	1
1 757	2 266	1	1
1 757	2 50	1	1
1 757	3 662	1	1
1 757	3 116	1	1
1 757	2 890	1	1
1 757	2 325	1	1
1 757	0 818	1	1
1 757	3 666	1	1
1 757	2 410	1	1
1 757	0 655	1	1
1 758	1 915	1	1
1 758	1 335	1	1
1 758	1 96	1	1
1 758	1 842	1	1
1 758	1 648	1	1
1 758	1 965	1	1
1 758	1 644	1	1
1 758	1 935	1	1
1 758	2 584	1	1
1 758	0 872	1	1
1 758	3 7	1	1
1 758	0 468	1	1
1 758	3 374	1	1
1 758	2 180	1	1
1 758	3 130	1	1
1 758	2 482	1	1
1 758	2 858	1	1
1 759	1 555	1	1
1 759	1 318	1	1
1 759	2 511	1	1
1 759	2 713	1	1
1 759	3 265	1	1
1 759	3 424	1	1
1 759	2 374	1	1
1 759	3 814	1	1
1 759	2 492	1	1
1 759	3 778	1	1
1 759	0 119	1	1
1 759	3 339	1	1
1 759	2 991	1	1
1 759	3 743	1	1
1 759	0 294	1	1
1 759	2 432	1	1
1 759	2 154	1	1
1 760	1 568	1	1
1 760	1 179	1	1
1 760	1 113	1	1
1 760	1 355	1	1
1 760	1 970	1	1
1 760	2 357	1	1
1 760	2 456	1	1
1 760	2 663	1	1
1 760	0 764	1	1
1 760	0 438	1	1
1 760	0 436	1	1
1 760	2 760	1	1
1 760	0 477	1	1
1 760	3 924	1	1
1 760	3 184	1	1
1 760	0 786	1	1
1 760	2 299	1	1
1 761	1 625	1	1
1 761	1 1	1	1
1 761	3 540	1	1
1 761	0 588	1	1
1 761	2 492	1	1
1 761	0 976	1	1
1 761	3 720	1	1
1 761	3 473	1	1
1 761	2 721	1	1
1 761	3 286	1	1
1 761	3 148	1	1
1 761	0 6	1	1
1 761	3 107	1	1
1 761	2 785	1	1
1 761	3 339	1	1
1 761	3 900	1	1
1 761	2 33	1	1
1 762	1 78	1	1
1 762	1 91	1	1
1 762	0 244	1	1
1 762	0 879	1	1
1 762	2 497	1	1
1 762	0 112	1	1
1 762	0 75	1	1
1 762	2 166	1	1
1 762	0 202	1	1
1 762	0 961	1	1
1 762	3 382	1	1
1 762	0 45	1	1
1 762	0 716	1	1
1 762	2 698	1	1
1 762	2 286	1	1
1 762	3 730	1	1
1 762	2 455	1	1
1 763	1 676	1	1
1 763	1 813	1	1
1 763	1 886	1	1
1 763	1 970	1	1
1 763	0 319	1	1
1 763	2 509	1	1
1 763	3 275	1	1
1 763	0 469	1	1
1 763	0 272	1	1
1 763	3 841	1	1
1 763	3 575	1	1
1 763	2 31	1	1
1 763	0 786	1	1
1 763	3 997	1	1
1 763	3 53	1	1
1 763	2 188	1	1
1 763	2 484	1	1
1 764	1 981	1	1
1 764	1 941	1	1
1 764	1 930	1	1
1 764	1 325	1	1
1 764	1 804	1	1
1 764	1 9	1	1
1 764	1 773	1	1
1 764	1 459	1	1
1 764	1 752	1	1
1 764	2 282	1	1
1 764	3 898	1	1
1 764	2 112	1	1
1 764	3 55	1	1
1 764	2 407	1	1
1 764	2 915	1	1
1 764	0 517	1	1
1 764	0 989	1	1
1 765	1 307	1	1
1 765	1 481	1	1
1 765	1 888	1	1
1 765	1 232	1	1
1 765	0 316	1	1
1 765	3 657	1	1
1 765	3 764	1	1
1 765	0 590	1	1
1 765	2 79	1	1
1 765	2 759	1	1
1 765	0 412	1	1
1 765	0 578	1	1
1 765	0 337	1	1
1 765	0 154	1	1
1 765	0 979	1	1
1 765	0 275	1	1
1 765	3 726	1	1
1 766	1 373	1	1
1 766	1 491	1	1
1 766	1 412	1	1
1 766	3 758	1	1
1 766	3 417	1	1
1 766	3 765	1	1
1 766	0 512	1	1
1 766	0 561	1	1
1 766	3 859	1	1
1 766	0 676	1	1
1 766	3 376	1	1
1 766	2 164	1	1
1 766	2 55	1	1
1 766	0 323	1	1
1 766	0 814	1	1
1 766	2 565	1	1
1 766	0 203	1	1
1 767	1 607	1	1
1 767	1 532	1	1
1 767	1 136	1	1
1 767	1 560	1	1
1 767	0 953	1	1
1 767	3 297	1	1
1 767	0 216	1	1
1 767	2 99	1	1
1 767	3 88	1	1
1 767	3 861	2	1
1 767	3 661	1	1
1 767	3 20	1	1
1 767	0 304	1	1
1 767	0 974	1	1
1 767	0 393	1	1
1 767	3 178	1	1
1 768	1 538	1	1
1 768	1 861	1	1
1 768	1 482	1	1
1 768	1 518	1	1
1 768	0 730	1	1
1 768	2 515	1	1
1 768	0 142	1	1
1 768	3 153	1	1
1 768	3 55	1	1
1 768	0 914	1	1
1 768	0 144	1	1
1 768	3 115	1	1
1 768	2 377	1	1
1 768	2 926	1	1
1 768	2 411	1	1
1 768	2 136	1	1
1 768	3 452	1	1
1 769	1 845	1	1
1 769	1 336	1	1
1 769	0 981	1	1
1 769	2 81	1	1
1 769	2 887	1	1
1 769	2 778	1	1
1 769	2 201	1	1
1 769	2 783	1	1
1 769	3 591	1	1
1 769	0 873	1	1
1 769	2 650	1	1
1 769	0 738	1	1
1 769	0 37	1	1
1 769	2 216	1	1
1 769	2 55	1	1
1 769	3 785	1	1
1 769	3 294	1	1
1 770	1 652	1	1
1 770	1 241	1	1
1 770	3 574	1	1
1 770	3 177	1	1
1 770	2 619	1	1
1 770	2 827	1	1
1 770	3 502	1	1
1 770	3 992	1	1
1 770	0 680	1	1
1 770	3 517	1	1
1 770	0 757	1	1
1 770	2 632	1	1
1 770	2 537	1	1
1 770	3 667	1	1
1 770	2 559	1	1
1 770	3 806	1	1
1 770	0 670	1	1
1 771	1 307	1	1
1 771	1 119	1	1
1 771	1 322	1	1
1 771	2 987	1	1
1 771	0 276	1	1
1 771	0 785	1	1
1 771	2 627	1	1
1 771	2 53	1	1
1 771	3 53	1	1
1 771	2 750	1	1
1 771	2 755	1	1
1 771	3 309	1	1
1 771	3 535	1	1
1 771	0 958	1	1
1 771	3 778	1	1
1 771	0 530	1	1
1 771	3 249	1	1
1 772	1 308	1	1
1 772	1 23	1	1
1 772	1 927	1	1
1 772	1 155	1	1
1 772	2 674	1	1
1 772	2 217	1	1
1 772	0 135	1	1
1 772	0 481	1	1
1 772	3 875	1	1
1 772	2 762	1	1
1 772	2 562	1	1
1 772	0 609	1	1
1 772	3 972	1	1
1 772	2 377	1	1
1 772	0 276	1	1
1 772	3 983	1	1
1 772	2 341	1	1
1 773	1 365	1	1
1 773	1 605	1	1
1 773	1 374	1	1
1 773	1 585	1	1
1 773	3 717	1	1
1 773	2 349	1	1
1 773	0 629	1	1
1 773	0 759	1	1
1 773	2 554	1	1
1 773	3 802	1	1
1 773	0 362	1	1
1 773	3 914	1	1
1 773	3 287	1	1
1 773	0 537	1	1
1 773	3 87	1	1
1 773	2 624	1	1
1 773	3 543	1	1
1 774	1 410	1	1
1 774	1 820	1	1
1 774	1 654	1	1
1 774	1 152	1	1
1 774	1 665	1	1
1 774	2 218	1	1
1 774	3 709	1	1
1 774	2 738	1	1
1 774	0 123	1	1
1 774	0 689	1	1
1 774	2 311	1	1
1 774	3 893	1	1
1 774	2 546	1	1
1 774	2 86	1	1
1 774	3 376	1	1
1 774	2 516	1	1
1 774	0 608	1	1
1 775	1 714	1	1
1 775	1 360	1	1
1 775	2 188	1	1
1 775	3 203	1	1
1 775	3 157	1	1
1 775	0 634	1	1
1 775	0 271	1	1
1 775	2 621	1	1
1 775	0 482	1	1
1 775	0 593	1	1
1 775	2 886	1	1
1 775	0 358	1	1
1 775	2 144	1	1
1 775	2 652	1	1
1 775	3 702	1	1
1 775	2 130	1	1
1 775	0 48	1	1
1 776	1 975	1	1
1 776	1 261	1	1
1 776	1 382	1	1
1 776	1 724	1	1
1 776	1 420	1	1
1 776	1 800	1	1
1 776	1 864	1	1
1 776	3 240	1	1
1 776	2 97	1	1
1 776	3 747	1	1
1 776	2 778	1	1
1 776	2 968	1	1
1 776	3 462	1	1
1 776	3 937	1	1
1 776	3 653	1	1
1 776	3 685	1	1
1 776	3 242	1	1
1 777	1 273	1	1
1 777	3 185	1	1
1 777	2 170	1	1
1 777	0 923	1	1
1 777	0 761	1	1
1 777	0 447	1	1
1 777	3 516	1	1
1 777	0 619	1	1
1 777	0 344	1	1
1 777	2 183	1	1
1 777	2 240	1	1
1 777	0 533	1	1
1 777	3 107	1	1
1 777	0 416	1	1
1 777	3 334	1	1
1 777	3 433	1	1
1 777	3 863	1	1
1 778	1 781	1	1
1 778	1 355	1	1
1 778	1 164	1	1
1 778	1 601	1	1
1 778	1 110	1	1
1 778	2 595	1	1
1 778	2 705	1	1
1 778	3 269	1	1
1 778	0 321	1	1
1 778	3 860	1	1
1 778	0 334	1	1
1 778	0 563	1	1
1 778	2 190	1	1
1 778	3 797	1	1
1 778	3 59	1	1
1 778	2 319	1	1
1 778	2 624	1	1
1 779	1 750	1	1
1 779	1 154	1	1
1 779	1 808	1	1
1 779	1 989	1	1
1 779	0 128	1	1
1 779	0 110	1	1
1 779	0 177	1	1
1 779	0 46	1	1
1 779	3 999	1	1
1 779	0 336	1	1
1 779	3 160	1	1
1 779	0 146	1	1
1 779	0 805	1	1
1 779	0 464	1	1
1 779	2 416	1	1
1 779	0 281	1	1
1 779	2 739	1	1
1 780	1 618	1	1
1 780	1 953	1	1
1 780	1 827	1	1
1 780	1 976	1	1
1 780	1 229	1	1
1 780	1 358	1	1
1 780	0 999	1	1
1 780	2 480	1	1
1 780	2 943	1	1
1 780	3 765	1	1
1 780	3 690	1	1
1 780	2 396	1	1
1 780	3 741	1	1
1 780	2 136	1	1
1 780	0 421	1	1
1 780	3 228	1	1
1 780	3 930	1	1
1 781	1 687	1	1
1 781	1 24	1	1
1 781	1 498	1	1
1 781	1 661	1	1
1 781	2 102	1	1
1 781	3 489	1	1
1 781	0 637	1	1
1 781	2 783	1	1
1 781	0 860	1	1
1 781	2 760	1	1
1 781	3 784	1	1
1 781	2 593	1	1
1 781	3 900	1	1
1 781	2 32	1	1
1 781	0 401	1	1
1 781	0 85	1	1
1 781	0 48	1	1
1 782	1 457	1	1
1 782	1 328	1	1
1 782	3 873	1	1
1 782	3 312	1	1
1 782	0 135	1	1
1 782	0 530	1	1
1 782	3 746	1	1
1 782	2 855	1	1
1 782	2 845	1	1
1 782	2 224	1	1
1 782	2 170	1	1
1 782	0 782	1	1
1 782	0 102	1	1
1 782	2 100	1	1
1 782	2 257	1	1
1 782	0 226	1	1
1 782	0 22	1	1
1 783	1 994	1	1
1 783	1 736	1	1
1 783	2 177	1	1
1 783	2 710	1	1
1 783	0 656	1	1
1 783	0 147	1	1
1 783	3 864	1	1
1 783	3 828	1	1
1 783	2 202	1	1
1 783	3 404	1	1
1 783	3 510	1	1
1 783	2 349	1	1
1 783	2 714	1	1
1 783	0 70	1	1
1 783	2 244	1	1
1 783	3 416	1	1
1 783	2 676	1	1
1 784	1 2	1	1
1 784	1 621	1	1
1 784	1 971	1	1
1 784	1 668	1	1
1 784	3 89	1	1
1 784	0 354	1	1
1 784	3 555	1	1
1 784	0 206	1	1
1 784	3 657	1	1
1 784	0 930	1	1
1 784	3 853	1	1
1 784	0 431	1	1
1 784	3 405	1	1
1 784	2 725	1	1
1 784	3 580	1	1
1 784	3 429	1	1
1 784	2 935	1	1
1 785	1 532	1	1
1 785	1 357	1	1
1 785	1 959	1	1
1 785	1 15	1	1
1 785	1 88	1	1
1 785	3 119	1	1
1 785	0 117	1	1
1 785	2 321	1	1
1 785	3 382	1	1
1 785	2 63	1	1
1 785	2 975	1	1
1 785	3 592	1	1
1 785	2 766	1	1
1 785	0 546	1	1
1 785	0 534	1	1
1 785	0 763	1	1
1 785	3 766	1	1
1 786	1 223	1	1
1 786	1 219	1	1
1 786	1 227	1	1
1 786	3 459	1	1
1 786	2 749	1	1
1 786	2 974	1	1
1 786	3 890	1	1
1 786	3 725	1	1
1 786	0 6	1	1
1 786	0 595	1	1
1 786	3 364	1	1
1 786	2 613	1	1
1 786	2 618	1	1
1 786	0 503	1	1
1 786	0 691	1	1
1 786	3 831	1	1
1 786	0 7	1	1
1 787	1 878	1	1
1 787	1 350	1	1
1 787	1 713	1	1
1 787	0 582	1	1
1 787	0 390	1	1
1 787	0 364	1	1
1 787	0 265	1	1
1 787	2 570	1	1
1 787	0 129	1	1
1 787	0 756	1	1
1 787	3 580	1	1
1 787	0 317	2	1
1 787	3 509	1	1
1 787	0 170	1	1
1 787	2 459	1	1
1 787	2 909	1	1
1 788	1 692	1	1
1 788	1 869	1	1
1 788	1 107	1	1
1 788	1 403	1	1
1 788	1 382	1	1
1 788	1 801	1	1
1 788	2 933	1	1
1 788	0 690	1	1
1 788	0 434	1	1
1 788	3 263	1	1
1 788	0 388	1	1
1 788	3 667	1	1
1 788	0 206	1	1
1 788	3 890	1	1
1 788	3 178	1	1
1 788	0 403	1	1
1 788	3 1000	1	1
1 789	1 60	1	1
1 789	1 346	1	1
1 789	1 336	1	1
1 789	0 9	1	1
1 789	2 680	1	1
1 789	0 395	1	1
1 789	3 863	1	1
1 789	2 925	1	1
1 789	3 479	1	1
1 789	2 387	1	1
1 789	3 438	1	1
1 789	0 709	1	1
1 789	3 982	1	1
1 789	0 434	1	1
1 789	3 843	1	1
1 789	3 149	1	1
1 789	0 277	1	1
1 790	1 828	1	1
1 790	1 47	1	1
1 790	1 445	1	1
1 790	1 435	1	1
1 790	2 537	1	1
1 790	2 606	1	1
1 790	0 85	1	1
1 790	2 285	1	1
1 790	2 529	1	1
1 790	2 600	1	1
1 790	3 584	1	1
1 790	2 765	1	1
1 790	2 69	1	1
1 790	3 181	1	1
1 790	2 337	1	1
1 790	0 971	1	1
1 790	3 958	1	1
1 791	1 928	1	1
1 791	1 192	1	1
1 791	1 808	1	1
1 791	1 145	1	1
1 791	0 130	1	1
1 791	3 283	1	1
1 791	2 792	1	1
1 791	3 645	1	1
1 791	3 63	1	1
1 791	3 602	1	1
1 791	2 515	1	1
1 791	0 581	1	1
1 791	3 295	1	1
1 791	0 362	1	1
1 791	0 866	1	1
1 791	2 407	1	1
1 791	0 249	1	1
1 792	1 416	1	1
1 792	1 674	1	1
1 792	1 223	1	1
1 792	1 437	1	1
1 792	1 883	1	1
1 792	1 506	1	1
1 792	1 50	1	1
1 792	3 535	1	1
1 792	2 475	1	1
1 792	3 895	1	1
1 792	0 325	1	1
1 792	0 356	1	1
1 792	3 69	1	1
1 792	0 41	1	1
1 792	3 554	1	1
1 792	0 753	1	1
1 792	3 618	1	1
1 793	1 689	1	1
1 793	1 233	1	1
1 793	1 597	1	1
1 793	1 156	1	1
1 793	3 758	1	1
1 793	3 581	1	1
1 793	0 298	1	1
1 793	3 236	1	1
1 793	3 559	1	1
1 793	2 226	1	1
1 793	0 227	1	1
1 793	2 293	1	1
1 793	3 911	1	1
1 793	2 353	1	1
1 793	3 524	1	1
1 793	3 299	1	1
1 793	2 417	1	1
1 794	1 179	1	1
1 794	1 951	1	1
1 794	1 787	1	1
1 794	1 259	1	1
1 794	0 750	1	1
1 794	3 280	1	1
1 794	3 385	1	1
1 794	2 180	1	1
1 794	0 792	1	1
1 794	2 762	1	1
1 794	3 612	1	1
1 794	3 249	1	1
1 794	2 430	1	1
1 794	0 54	1	1
1 794	3 159	1	1
1 794	3 694	1	1
1 794	2 773	1	1
1 795	1 240	1	1
1 795	1 328	1	1
1 795	2 662	1	1
1 795	0 45	1	1
1 795	3 1000	1	1
1 795	2 509	1	1
1 795	2 700	1	1
1 795	0 615	1	1
1 795	3 227	1	1
1 795	0 980	1	1
1 795	3 172	1	1
1 795	2 111	1	1
1 795	0 920	1	1
1 795	3 947	1	1
1 795	2 587	1	1
1 795	2 332	1	1
1 795	0 780	1	1
1 796	1 489	1	1
1 796	1 971	1	1
1 796	1 597	1	1
1 796	1 553	1	1
1 796	3 295	1	1
1 796	0 842	1	1
1 796	3 496	1	1
1 796	2 52	1	1
1 796	3 434	1	1
1 796	0 25	1	1
1 796	3 176	1	1
1 796	2 513	1	1
1 796	3 19	1	1
1 796	3 252	1	1
1 796	3 845	1	1
1 796	2 177	1	1
1 796	3 59	1	1
1 797	1 519	1	1
1 797	1 6	1	1
1 797	1 254	1	1
1 797	1 156	1	1
1 797	2 991	1	1
1 797	2 200	1	1
1 797	2 230	1	1
1 797	2 451	1	1
1 797	3 585	1	1
1 797	3 555	1	1
1 797	0 986	1	1
1 797	3 803	1	1
1 797	0 565	1	1
1 797	0 854	1	1
1 797	0 902	1	1
1 797	2 165	1	1
1 797	0 401	1	1
1 798	1 515	1	1
1 798	1 418	1	1
1 798	1 250	1	1
1 798	1 413	1	1
1 798	1 686	1	1
1 798	1 306	1	1
1 798	3 896	1	1
1 798	0 553	1	1
1 798	0 428	1	1
1 798	0 900	1	1
1 798	3 613	1	1
1 798	3 60	1	1
1 798	2 761	1	1
1 798	2 24	1	1
1 798	0 687	1	1
1 798	3 680	1	1
1 798	3 499	1	1
1 799	1 180	1	1
1 799	1 202	1	1
1 799	1 740	1	1
1 799	3 355	1	1
1 799	3 564	1	1
1 799	3 417	1	1
1 799	0 534	1	1
1 799	0 286	1	1
1 799	2 594	1	1
1 799	2 754	1	1
1 799	0 686	1	1
1 799	2 576	1	1
1 799	3 927	1	1
1 799	3 879	1	1
1 799	3 569	1	1
1 799	2 138	1	1
1 799	2 447	1	1
1 800	1 300	1	1
1 800	1 984	1	1
1 800	1 733	1	1
1 800	1 413	1	1
1 800	1 931	1	1
1 800	1 31	1	1
1 800	1 530	1	1
1 800	0 586	1	1
1 800	2 981	1	1
1 800	0 921	1	1
1 800	0 919	1	1
1 800	3 898	1	1
1 800	0 92	1	1
1 800	2 671	1	1
1 800	2 748	1	1
1 800	0 816	1	1
1 800	2 165	1	1
1 801	1 178	1	1
1 801	1 356	1	1
1 801	1 722	1	1
1 801	1 77	1	1
1 801	2 971	1	1
1 801	0 129	1	1
1 801	3 155	1	1
1 801	0 828	1	1
1 801	2 486	1	1
1 801	3 436	1	1
1 801	2 931	1	1
1 801	2 625	1	1
1 801	3 426	1	1
1 801	2 458	1	1
1 801	3 50	1	1
1 801	3 986	1	1
1 801	3 977	1	1
1 802	1 363	1	1
1 802	1 515	1	1
1 802	1 264	1	1
1 802	3 106	1	1
1 802	2 308	1	1
1 802	0 985	1	1
1 802	2 368	1	1
1 802	3 788	1	1
1 802	2 477	1	1
1 802	0 446	1	1
1 802	3 723	1	1
1 802	0 338	1	1
1 802	2 784	1	1
1 802	3 682	1	1
1 802	3 377	1	1
1 802	3 353	1	1
1 802	0 272	1	1
1 803	1 511	1	1
1 803	1 801	1	1
1 803	1 372	1	1
1 803	0 884	1	1
1 803	0 850	1	1
1 803	2 217	1	1
1 803	2 672	1	1
1 803	0 190	1	1
1 803	3 934	1	1
1 803	2 789	1	1
1 803	3 656	1	1
1 803	2 77	1	1
1 803	2 713	1	1
1 803	0 173	1	1
1 803	2 300	1	1
1 803	3 472	1	1
1 803	3 897	1	1
1 804	1 177	1	1
1 804	1 485	1	1
1 804	1 962	1	1
1 804	1 302	1	1
1 804	1 66	1	1
1 804	0 758	1	1
1 804	3 629	1	1
1 804	0 683	1	1
1 804	3 80	1	1
1 804	2 932	1	1
1 804	2 974	1	1
1 804	2 420	1	1
1 804	3 613	1	1
1 804	3 805	1	1
1 804	3 167	1	1
1 804	0 322	1	1
1 804	2 884	1	1
1 805	1 22	1	1
1 805	1 580	1	1
1 805	1 589	1	1
1 805	1 559	1	1
1 805	3 55	1	1
1 805	0 830	1	1
1 805	3 975	1	1
1 805	0 156	1	1
1 805	3 751	1	1
1 805	2 68	1	1
1 805	3 253	1	1
1 805	0 277	1	1
1 805	3 512	1	1
1 805	2 766	1	1
1 805	0 812	1	1
1 805	0 478	1	1
1 805	3 515	1	1
1 806	1 502	1	1
1 806	1 636	1	1
1 806	1 742	1	1
1 806	1 74	1	1
1 806	3 853	1	1
1 806	2 571	1	1
1 806	2 846	1	1
1 806	2 958	1	1
1 806	0 438	1	1
1 806	3 346	1	1
1 806	2 337	1	1
1 806	3 91	1	1
1 806	3 294	1	1
1 806	2 768	1	1
1 806	0 913	1	1
1 806	2 342	1	1
1 806	3 631	1	1
1 807	1 178	1	1
1 807	1 989	1	1
1 807	2 628	1	1
1 807	0 153	1	1
1 807	2 109	1	1
1 807	3 757	1	1
1 807	0 752	1	1
1 807	3 568	1	1
1 807	2 812	1	1
1 807	3 159	1	1
1 807	0 336	1	1
1 807	2 409	1	1
1 807	0 693	1	1
1 807	0 102	1	1
1 807	3 339	1	1
1 807	0 664	1	1
1 807	3 74	1	1
1 808	1 855	1	1
1 808	1 933	1	1
1 808	1 800	1	1
1 808	1 249	1	1
1 808	1 689	1	1
1 808	2 811	1	1
1 808	2 791	1	1
1 808	0 838	1	1
1 808	2 998	1	1
1 808	3 405	1	1
1 808	2 770	1	1
1 808	3 220	1	1
1 808	2 469	1	1
1 808	2 527	1	1
1 808	2 66	1	1
1 808	3 896	1	1
1 808	2 260	1	1
1 809	1 170	1	1
1 809	1 465	1	1
1 809	1 468	1	1
1 809	1 121	1	1
1 809	3 581	1	1
1 809	2 627	1	1
1 809	2 110	1	1
1 809	2 943	1	1
1 809	3 657	1	1
1 809	3 39	1	1
1 809	2 76	1	1
1 809	3 661	1	1
1 809	3 915	1	1
1 809	2 318	1	1
1 809	2 71	1	1
1 809	2 541	1	1
1 809	2 264	1	1
1 810	1 376	1	1
1 810	1 783	1	1
1 810	1 257	1	1
1 810	1 602	1	1
1 810	1 348	1	1
1 810	1 347	1	1
1 810	1 443	1	1
1 810	0 703	1	1
1 810	3 753	1	1
1 810	2 697	1	1
1 810	2 763	1	1
1 810	2 801	1	1
1 810	0 940	1	1
1 810	2 345	1	1
1 810	3 319	1	1
1 810	3 642	1	1
1 810	2 8	1	1
1 811	1 118	1	1
1 811	1 426	1	1
1 811	1 577	1	1
1 811	1 417	1	1
1 811	3 544	1	1
1 811	3 676	1	1
1 811	2 739	1	1
1 811	0 672	1	1
1 811	0 493	1	1
1 811	3 156	1	1
1 811	2 627	1	1
1 811	2 321	1	1
1 811	0 877	1	1
1 811	3 408	1	1
1 811	2 510	1	1
1 811	0 345	1	1
1 811	0 138	1	1
1 812	1 194	1	1
1 812	1 483	1	1
1 812	1 521	1	1
1 812	0 886	1	1
1 812	3 163	1	1
1 812	0 169	1	1
1 812	0 999	1	1
1 812	0 535	1	1
1 812	3 664	1	1
1 812	0 339	1	1
1 812	0 937	1	1
1 812	3 191	1	1
1 812	2 525	1	1
1 812	2 364	1	1
1 812	2 499	1	1
1 812	3 347	1	1
1 812	0 117	1	1
1 813	1 947	1	1
1 813	1 73	1	1
1 813	1 907	1	1
1 813	3 145	1	1
1 813	0 751	1	1
1 813	2 267	1	1
1 813	3 558	1	1
1 813	3 280	1	1
1 813	0 317	1	1
1 813	3 782	1	1
1 813	3 999	1	1
1 813	3 506	1	1
1 813	3 293	1	1
1 813	2 573	1	1
1 813	3 438	1	1
1 813	0 969	1	1
1 813	3 217	1	1
1 814	1 925	1	1
1 814	1 870	1	1
1 814	1 23	1	1
1 814	3 879	1	1
1 814	3 501	1	1
1 814	0 830	1	1
1 814	0 705	1	1
1 814	3 318	1	1
1 814	2 172	1	1
1 814	2 651	1	1
1 814	2 452	1	1
1 814	2 949	1	1
1 814	3 277	1	1
1 814	0 382	1	1
1 814	3 871	1	1
1 814	0 370	1	1
1 814	2 560	1	1
1 815	1 934	1	1
1 815	1 737	1	1
1 815	1 141	1	1
1 815	1 991	1	1
1 815	1 32	1	1
1 815	1 48	1	1
1 815	3 541	1	1
1 815	2 818	1	1
1 815	2 228	1	1
1 815	3 91	1	1
1 815	0 487	1	1
1 815	2 907	1	1
1 815	3 742	1	1
1 815	2 128	1	1
1 815	0 711	1	1
1 815	0 341	1	1
1 815	2 203	1	1
1 816	1 381	1	1
1 816	1 282	1	1
1 816	1 814	1	1
1 816	1 725	1	1
1 816	1 624	1	1
1 816	0 124	1	1
1 816	3 342	1	1
1 816	2 932	1	1
1 816	3 663	1	1
1 816	2 197	1	1
1 816	0 239	1	1
1 816	0 319	1	1
1 816	0 822	1	1
1 816	0 311	1	1
1 816	2 31	1	1
1 816	0 639	1	1
1 816	0 946	1	1
1 817	1 116	1	1
1 817	1 14	1	1
1 817	1 221	1	1
1 817	1 203	1	1
1 817	1 463	1	1
1 817	1 631	1	1
1 817	3 989	1	1
1 817	2 303	1	1
1 817	2 643	1	1
1 817	0 76	1	1
1 817	2 608	1	1
1 817	0 524	1	1
1 817	0 584	1	1
1 817	0 594	1	1
1 817	0 544	1	1
1 817	2 104	1	1
1 817	3 320	1	1
1 818	1 670	1	1
1 818	1 31	1	1
1 818	1 252	1	1
1 818	1 421	1	1
1 818	1 422	1	1
1 818	1 942	1	1
1 818	3 602	1	1
1 818	2 821	1	1
1 818	0 235	1	1
1 818	3 143	1	1
1 818	0 531	1	1
1 818	0 462	1	1
1 818	0 957	1	1
1 818	0 862	1	1
1 818	3 538	1	1
1 818	2 175	1	1
1 818	3 256	1	1
1 819	1 77	1	1
1 819	1 621	1	1
1 819	1 475	1	1
1 819	1 525	1	1
1 819	1 873	1	1
1 819	1 35	1	1
1 819	3 747	1	1
1 819	3 925	1	1
1 819	2 863	1	1
1 819	2 776	1	1
1 819	3 587	1	1
1 819	3 380	1	1
1 819	2 813	1	1
1 819	0 465	1	1
1 819	0 21	1	1
1 819	2 197	1	1
1 819	0 781	1	1
1 820	1 468	1	1
1 820	1 806	1	1
1 820	1 750	1	1
1 820	1 812	1	1
1 820	3 692	1	1
1 820	0 890	1	1
1 820	2 389	1	1
1 820	2 625	1	1
1 820	0 150	1	1
1 820	3 787	1	1
1 820	2 272	1	1
1 820	3 136	1	1
1 820	0 373	1	1
1 820	2 749	1	1
1 820	3 919	1	1
1 820	2 961	1	1
1 820	3 353	1	1
1 821	1 229	1	1
1 821	1 594	1	1
1 821	3 332	1	1
1 821	2 876	1	1
1 821	3 59	1	1
1 821	2 8	1	1
1 821	3 592	1	1
1 821	3 479	1	1
1 821	3 181	1	1
1 821	0 102	1	1
1 821	2 137	1	1
1 821	3 803	1	1
1 821	3 605	1	1
1 821	3 814	1	1
1 821	3 226	1	1
1 821	2 944	1	1
1 821	0 550	1	1
1 822	1 578	1	1
1 822	1 135	1	1
1 822	1 565	1	1
1 822	2 563	1	1
1 822	3 263	1	1
1 822	3 774	1	1
1 822	3 759	1	1
1 822	2 22	1	1
1 822	2 271	1	1
1 822	2 225	1	1
1 822	3 412	1	1
1 822	3 433	1	1
1 822	0 231	1	1
1 822	2 684	1	1
1 822	2 211	1	1
1 822	3 92	1	1
1 822	2 3	1	1
1 823	1 911	1	1
1 823	1 933	1	1
1 823	1 979	1	1
1 823	1 994	1	1
1 823	0 987	1	1
1 823	0 526	1	1
1 823	2 172	1	1
1 823	2 988	1	1
1 823	2 129	1	1
1 823	3 710	1	1
1 823	0 131	1	1
1 823	2 460	1	1
1 823	3 947	1	1
1 823	0 560	1	1
1 823	3 119	1	1
1 823	3 394	1	1
1 823	0 381	1	1
1 824	1 180	1	1
1 824	1 205	1	1
1 824	1 489	1	1
1 824	1 472	1	1
1 824	2 802	1	1
1 824	0 140	1	1
1 824	0 234	1	1
1 824	0 202	1	1
1 824	3 309	1	1
1 824	3 803	1	1
1 824	3 692	1	1
1 824	3 560	1	1
1 824	2 585	1	1
1 824	0 204	1	1
1 824	2 234	1	1
1 824	3 697	1	1
1 824	0 818	1	1
1 825	1 694	1	1
1 825	1 3	1	1
1 825	1 273	1	1
1 825	1 597	1	1
1 825	1 407	1	1
1 825	1 311	1	1
1 825	1 940	1	1
1 825	0 491	1	1
1 825	0 486	1	1
1 825	0 697	1	1
1 825	3 397	1	1
1 825	0 1000	1	1
1 825	3 732	1	1
1 825	0 606	1	1
1 825	3 678	1	1
1 825	2 96	1	1
1 825	3 96	1	1
1 826	1 581	1	1
1 826	1 678	1	1
1 826	1 95	1	1
1 826	1 673	1	1
1 826	1 329	1	1
1 826	0 440	1	1
1 826	0 369	1	1
1 826	0 247	1	1
1 826	3 562	1	1
1 826	2 656	1	1
1 826	3 955	1	1
1 826	2 689	1	1
1 826	0 404	1	1
1 826	0 416	1	1
1 826	0 514	2	1
1 826	3 311	1	1
1 827	1 79	1	1
1 827	1 971	1	1
1 827	1 566	1	1
1 827	3 871	1	1
1 827	3 225	1	1
1 827	0 447	1	1
1 827	2 837	1	1
1 827	2 215	1	1
1 827	0 287	1	1
1 827	2 281	1	1
1 827	3 432	1	1
1 827	3 893	1	1
1 827	2 108	1	1
1 827	2 767	1	1
1 827	3 639	1	1
1 827	3 264	1	1
1 827	0 938	1	1
1 828	1 390	1	1
1 828	1 861	1	1
1 828	0 14	1	1
1 828	3 901	1	1
1 828	3 354	1	1
1 828	2 189	1	1
1 828	2 165	1	1
1 828	0 964	1	1
1 828	2 964	1	1
1 828	3 682	1	1
1 828	3 535	1	1
1 828	2 174	1	1
1 828	3 449	1	1
1 828	3 939	1	1
1 828	2 303	1	1
1 828	2 101	1	1
1 828	0 344	1	1
1 829	1 27	1	1
1 829	1 493	1	1
1 829	1 745	1	1
1 829	3 318	1	1
1 829	0 228	1	1
1 829	0 476	1	1
1 829	2 97	1	1
1 829	3 516	1	1
1 829	2 772	1	1
1 829	0 816	1	1
1 829	2 271	1	1
1 829	2 792	1	1
1 829	3 288	1	1
1 829	3 126	1	1
1 829	2 966	1	1
1 829	3 189	1	1
1 829	0 13	1	1
1 830	1 446	1	1
1 830	1 643	1	1
1 830	1 403	1	1
1 830	1 339	1	1
1 830	1 528	1	1
1 830	0 303	1	1
1 830	3 650	1	1
1 830	3 27	1	1
1 830	3 804	1	1
1 830	2 357	1	1
1 830	3 879	1	1
1 830	0 829	1	1
1 830	2 247	1	1
1 830	2 571	1	1
1 830	3 647	1	1
1 830	3 361	1	1
1 830	2 229	1	1
1 831	1 398	1	1
1 831	1 974	1	1
1 831	1 619	1	1
1 831	2 51	1	1
1 831	0 906	1	1
1 831	0 225	1	1
1 831	0 234	1	1
1 831	0 743	1	1
1 831	0 869	1	1
1 831	3 845	1	1
1 831	2 517	1	1
1 831	3 300	1	1
1 831	3 323	1	1
1 831	0 242	1	1
1 831	3 340	1	1
1 831	3 376	1	1
1 831	3 748	1	1
1 832	1 238	1	1
1 832	1 572	1	1
1 832	1 868	1	1
1 832	1 966	1	1
1 832	0 954	1	1
1 832	3 424	1	1
1 832	0 950	1	1
1 832	3 733	1	1
1 832	2 87	1	1
1 832	3 613	1	1
1 832	3 365	1	1
1 832	3 663	1	1
1 832	2 722	1	1
1 832	0 122	1	1
1 832	3 741	1	1
1 832	0 85	1	1
1 832	3 209	1	1
1 833	1 583	1	1
1 833	1 637	1	1
1 833	1 983	1	1
1 833	1 709	1	1
1 833	1 526	1	1
1 833	0 821	1	1
1 833	3 574	1	1
1 833	3 966	1	1
1 833	2 747	1	1
1 833	0 737	1	1
1 833	2 551	1	1
1 833	0 823	1	1
1 833	0 750	1	1
1 833	3 505	1	1
1 833	2 599	1	1
1 833	3 108	1	1
1 833	2 81	1	1
1 834	1 916	1	1
1 834	1 247	1	1
1 834	1 774	1	1
1 834	1 40	1	1
1 834	1 520	1	1
1 834	1 965	1	1
1 834	1 892	1	1
1 834	1 953	1	1
1 834	2 686	1	1
1 834	0 544	1	1
1 834	3 647	1	1
1 834	2 35	1	1
1 834	3 530	1	1
1 834	3 948	1	1
1 834	2 837	1	1
1 834	0 406	1	1
1 834	2 988	1	1
1 835	1 471	1	1
1 835	1 367	1	1
1 835	1 183	1	1
1 835	1 88	1	1
1 835	1 840	1	1
1 835	3 54	1	1
1 835	3 693	1	1
1 835	3 603	1	1
1 835	2 668	1	1
1 835	2 148	1	1
1 835	2 453	1	1
1 835	0 971	1	1
1 835	3 599	1	1
1 835	2 849	1	1
1 835	2 634	1	1
1 835	2 309	1	1
1 835	0 296	1	1
1 836	1 327	1	1
1 836	1 711	1	1
1 836	1 870	1	1
1 836	3 296	1	1
1 836	3 277	1	1
1 836	3 108	1	1
1 836	0 275	1	1
1 836	2 301	1	1
1 836	3 298	1	1
1 836	2 394	1	1
1 836	2 926	1	1
1 836	2 720	1	1
1 836	2 974	1	1
1 836	3 247	1	1
1 836	3 473	1	1
1 836	2 952	1	1
1 836	0 418	1	1
1 837	1 849	1	1
1 837	1 284	1	1
1 837	1 322	1	1
1 837	1 300	1	1
1 837	1 773	1	1
1 837	0 44	1	1
1 837	2 253	1	1
1 837	2 591	1	1
1 837	2 127	1	1
1 837	3 776	1	1
1 837	0 180	1	1
1 837	0 195	1	1
1 837	3 634	1	1
1 837	2 337	1	1
1 837	0 428	1	1
1 837	0 598	1	1
1 837	0 48	1	1
1 838	1 705	1	1
1 838	1 716	1	1
1 838	1 753	1	1
1 838	1 449	1	1
1 838	3 314	1	1
1 838	3 273	1	1
1 838	2 927	1	1
1 838	0 362	1	1
1 838	2 899	1	1
1 838	3 249	1	1
1 838	2 634	1	1
1 838	0 244	1	1
1 838	2 564	1	1
1 838	2 819	1	1
1 838	2 120	1	1
1 838	2 902	1	1
1 838	2 309	1	1
1 839	1 404	1	1
1 839	3 751	1	1
1 839	2 969	1	1
1 839	3 261	1	1
1 839	2 469	1	1
1 839	2 37	1	1
1 839	3 221	1	1
1 839	2 910	1	1
1 839	2 516	1	1
1 839	0 217	1	1
1 839	3 917	1	1
1 839	3 5	1	1
1 839	2 972	1	1
1 839	2 987	1	1
1 839	3 367	1	1
1 839	0 6	1	1
1 839	0 46	1	1
1 840	1 601	1	1
1 840	1 847	1	1
1 840	1 651	1	1
1 840	1 640	1	1
1 840	3 406	1	1
1 840	0 75	1	1
1 840	2 674	1	1
1 840	2 6	1	1
1 840	2 710	1	1
1 840	2 891	1	1
1 840	0 721	1	1
1 840	2 74	1	1
1 840	0 442	1	1
1 840	3 585	1	1
1 840	2 135	1	1
1 840	2 487	1	1
1 840	2 455	1	1
1 841	1 271	1	1
1 841	1 695	1	1
1 841	1 85	1	1
1 841	0 344	1	1
1 841	0 19	1	1
1 841	3 418	1	1
1 841	3 943	1	1
1 841	3 47	1	1
1 841	0 448	1	1
1 841	0 338	1	1
1 841	0 911	1	1
1 841	2 839	1	1
1 841	3 999	1	1
1 841	2 204	1	1
1 841	2 236	1	1
1 841	2 973	1	1
1 841	0 123	1	1
1 842	1 9	1	1
1 842	1 727	1	1
1 842	1 672	1	1
1 842	1 632	1	1
1 842	3 856	1	1
1 842	3 478	1	1
1 842	2 234	1	1
1 842	3 916	1	1
1 842	2 890	1	1
1 842	2 339	1	1
1 842	2 307	1	1
1 842	2 787	1	1
1 842	2 308	1	1
1 842	2 905	1	1
1 842	2 187	1	1
1 842	2 481	1	1
1 842	2 994	1	1
1 843	1 696	1	1
1 843	1 77	1	1
1 843	1 240	1	1
1 843	1 939	1	1
1 843	0 336	1	1
1 843	0 35	1	1
1 843	2 734	1	1
1 843	2 945	1	1
1 843	3 699	1	1
1 843	3 563	1	1
1 843	3 287	1	1
1 843	3 907	1	1
1 843	2 379	1	1
1 843	2 256	1	1
1 843	2 375	1	1
1 843	2 132	1	1
1 843	0 377	1	1
1 844	1 117	1	1
1 844	1 168	1	1
1 844	1 200	1	1
1 844	0 663	1	1
1 844	2 97	1	1
1 844	0 277	1	1
1 844	2 333	1	1
1 844	0 982	1	1
1 844	3 791	1	1
1 844	2 660	1	1
1 844	2 373	1	1
1 844	0 456	1	1
1 844	0 633	1	1
1 844	0 797	1	1
1 844	3 226	1	1
1 844	2 128	1	1
1 844	3 894	1	1
1 845	1 902	1	1
1 845	1 709	1	1
1 845	3 958	1	1
1 845	2 351	1	1
1 845	0 150	1	1
1 845	3 22	1	1
1 845	0 499	1	1
1 845	3 332	1	1
1 845	2 649	1	1
1 845	0 41	1	1
1 845	3 794	1	1
1 845	3 516	1	1
1 845	3 925	1	1
1 845	3 848	1	1
1 845	2 361	1	1
1 845	3 684	1	1
1 845	3 62	1	1
1 846	1 200	1	1
1 846	1 607	1	1
1 846	1 198	1	1
1 846	0 575	1	1
1 846	3 157	1	1
1 846	0 685	1	1
1 846	3 319	1	1
1 846	0 27	1	1
1 846	2 100	1	1
1 846	2 289	1	1
1 846	2 995	1	1
1 846	0 830	1	1
1 846	3 328	1	1
1 846	0 363	1	1
1 846	3 821	1	1
1 846	0 892	1	1
1 846	2 953	1	1
1 847	1 864	1	1
1 847	1 614	1	1
1 847	1 232	1	1
1 847	1 281	1	1
1 847	1 337	1	1
1 847	1 989	1	1
1 847	1 178	1	1
1 847	1 148	1	1
1 847	1 227	1	1
1 847	0 112	1	1
1 847	0 25	1	1
1 847	0 494	1	1
1 847	3 99	1	1
1 847	0 624	1	1
1 847	2 281	1	1
1 847	0 404	1	1
1 847	2 324	1	1
1 848	1 686	1	1
1 848	1 43	1	1
1 848	1 403	1	1
1 848	3 783	1	1
1 848	3 288	1	1
1 848	2 397	1	1
1 848	3 729	1	1
1 848	0 635	1	1
1 848	2 877	1	1
1 848	2 544	1	1
1 848	3 11	1	1
1 848	3 684	1	1
1 848	2 249	1	1
1 848	0 683	1	1
1 848	2 476	1	1
1 848	3 365	1	1
1 848	0 110	1	1
1 849	1 383	1	1
1 849	1 850	1	1
1 849	1 687	1	1
1 849	0 256	1	1
1 849	3 137	1	1
1 849	3 610	1	1
1 849	3 520	1	1
1 849	0 885	1	1
1 849	0 990	1	1
1 849	0 934	1	1
1 849	2 193	1	1
1 849	2 331	1	1
1 849	2 146	1	1
1 849	0 2	1	1
1 849	3 730	1	1
1 849	3 615	1	1
1 849	3 408	1	1
1 850	1 209	1	1
1 850	3 82	1	1
1 850	0 561	1	1
1 850	2 632	1	1
1 850	2 98	1	1
1 850	0 371	1	1
1 850	0 782	1	1
1 850	2 1000	1	1
1 850	2 503	1	1
1 850	2 263	1	1
1 850	3 502	1	1
1 850	3 958	1	1
1 850	0 734	1	1
1 850	2 819	1	1
1 850	3 137	1	1
1 850	2 728	1	1
1 850	3 405	1	1
1 851	1 448	1	1
1 851	1 556	1	1
1 851	1 549	1	1
1 851	1 850	1	1
1 851	1 911	1	1
1 851	3 110	1	1
1 851	0 971	1	1
1 851	0 194	1	1
1 851	2 194	1	1
1 851	3 429	1	1
1 851	0 951	1	1
1 851	2 693	1	1
1 851	0 912	1	1
1 851	2 213	1	1
1 851	3 71	1	1
1 851	0 243	1	1
1 851	3 95	1	1
1 852	1 142	1	1
1 852	1 385	1	1
1 852	1 39	1	1
1 852	1 786	1	1
1 852	3 325	1	1
1 852	3 222	1	1
1 852	2 944	1	1
1 852	2 514	1	1
1 852	3 21	1	1
1 852	3 788	1	1
1 852	0 550	1	1
1 852	3 213	1	1
1 852	0 635	1	1
1 852	2 278	1	1
1 852	0 330	1	1
1 852	0 190	1	1
1 852	3 367	1	1
1 853	1 83	1	1
1 853	1 53	1	1
1 853	1 355	1	1
1 853	1 969	1	1
1 853	0 193	1	1
1 853	2 577	1	1
1 853	3 434	1	1
1 853	2 356	1	1
1 853	0 443	1	1
1 853	2 8	1	1
1 853	2 662	1	1
1 853	2 601	1	1
1 853	3 130	1	1
1 853	2 513	1	1
1 853	0 51	1	1
1 853	3 21	1	1
1 853	0 92	1	1
1 854	1 63	1	1
1 854	1 396	1	1
1 854	1 954	1	1
1 854	1 518	1	1
1 854	3 952	1	1
1 854	0 101	1	1
1 854	3 290	1	1
1 854	0 612	1	1
1 854	2 653	1	1
1 854	2 764	1	1
1 854	0 561	1	1
1 854	2 732	1	1
1 854	2 955	1	1
1 854	0 790	1	1
1 854	2 116	1	1
1 854	3 860	1	1
1 854	2 899	1	1
1 855	1 476	1	1
1 855	1 412	1	1
1 855	1 762	1	1
1 855	1 129	1	1
1 855	0 511	1	1
1 855	3 361	1	1
1 855	0 992	1	1
1 855	0 506	1	1
1 855	0 560	1	1
1 855	0 110	1	1
1 855	2 883	1	1
1 855	0 737	1	1
1 855	2 726	1	1
1 855	2 352	1	1
1 855	0 806	1	1
1 855	0 489	1	1
1 855	0 128	1	1
1 856	1 122	1	1
1 856	1 389	1	1
1 856	1 419	1	1
1 856	1 638	1	1
1 856	0 564	1	1
1 856	0 508	1	1
1 856	3 475	1	1
1 856	2 381	1	1
1 856	2 847	1	1
1 856	3 72	1	1
1 856	3 555	1	1
1 856	0 848	1	1
1 856	0 643	1	1
1 856	3 374	1	1
1 856	3 928	1	1
1 856	2 405	1	1
1 856	0 115	1	1
1 857	1 786	1	1
1 857	1 270	1	1
1 857	1 111	1	1
1 857	1 216	1	1
1 857	1 653	1	1
1 857	2 439	1	1
1 857	3 810	1	1
1 857	0 150	1	1
1 857	2 742	1	1
1 857	0 594	1	1
1 857	0 418	1	1
1 857	2 289	1	1
1 857	2 258	1	1
1 857	2 352	1	1
1 857	2 859	1	1
1 857	0 977	1	1
1 857	2 753	1	1
1 858	1 304	1	1
1 858	1 494	1	1
1 858	1 523	1	1
1 858	1 548	1	1
1 858	2 77	1	1
1 858	2 478	1	1
1 858	3 871	1	1
1 858	0 339	1	1
1 858	2 123	1	1
1 858	2 27	1	1
1 858	3 849	1	1
1 858	2 336	1	1
1 858	0 243	1	1
1 858	2 102	1	1
1 858	0 769	1	1
1 858	0 336	1	1
1 858	2 963	1	1
1 859	1 7	1	1
1 859	1 425	1	1
1 859	1 816	1	1
1 859	1 677	1	1
1 859	1 565	1	1
1 859	0 657	1	1
1 859	3 254	1	1
1 859	3 749	1	1
1 859	2 69	1	1
1 859	0 142	1	1
1 859	3 891	1	1
1 859	0 754	1	1
1 859	3 476	1	1
1 859	2 581	1	1
1 859	2 470	1	1
1 859	3 667	1	1
1 859	2 964	1	1
1 860	1 681	1	1
1 860	1 478	1	1
1 860	1 145	1	1
1 860	1 781	1	1
1 860	2 891	1	1
1 860	2 685	1	1
1 860	2 576	1	1
1 860	2 282	1	1
1 860	2 798	1	1
1 860	3 933	1	1
1 860	0 908	1	1
1 860	2 126	1	1
1 860	2 876	1	1
1 860	2 817	1	1
1 860	3 579	1	1
1 860	3 779	1	1
1 860	2 196	1	1
1 861	1 331	1	1
1 861	1 859	1	1
1 861	1 841	1	1
1 861	1 246	1	1
1 861	1 139	1	1
1 861	1 778	1	1
1 861	1 418	1	1
1 861	0 658	1	1
1 861	3 627	1	1
1 861	3 479	1	1
1 861	0 189	1	1
1 861	2 853	1	1
1 861	2 765	1	1
1 861	0 923	1	1
1 861	0 325	1	1
1 861	3 499	1	1
1 861	2 68	1	1
1 862	1 396	1	1
1 862	1 429	1	1
1 862	1 717	1	1
1 862	1 433	1	1
1 862	1 942	1	1
1 862	1 116	1	1
1 862	1 947	1	1
1 862	0 605	1	1
1 862	3 666	1	1
1 862	0 526	1	1
1 862	3 381	1	1
1 862	2 758	1	1
1 862	0 509	1	1
1 862	0 544	1	1
1 862	2 507	1	1
1 862	0 85	1	1
1 862	3 852	1	1
1 863	1 9	1	1
1 863	1 94	1	1
1 863	1 701	1	1
1 863	1 162	1	1
1 863	1 644	1	1
1 863	3 595	1	1
1 863	3 700	1	1
1 863	0 388	1	1
1 863	3 950	1	1
1 863	3 387	1	1
1 863	0 506	1	1
1 863	2 777	1	1
1 863	2 509	1	1
1 863	2 911	1	1
1 863	3 308	1	1
1 863	0 920	1	1
1 863	2 574	1	1
1 864	1 827	1	1
1 864	1 33	1	1
1 864	1 870	1	1
1 864	1 777	1	1
1 864	1 527	1	1
1 864	1 646	1	1
1 864	1 799	1	1
1 864	1 898	1	1
1 864	0 571	1	1
1 864	0 590	1	1
1 864	3 872	1	1
1 864	0 795	1	1
1 864	0 856	1	1
1 864	2 623	1	1
1 864	3 593	1	1
1 864	0 807	1	1
1 864	0 544	1	1
1 865	1 747	1	1
1 865	1 234	1	1
1 865	1 923	1	1
1 865	3 324	1	1
1 865	2 859	1	1
1 865	0 300	1	1
1 865	2 583	1	1
1 865	3 766	1	1
1 865	0 486	1	1
1 865	2 182	1	1
1 865	3 688	1	1
1 865	2 570	1	1
1 865	2 369	1	1
1 865	2 543	1	1
1 865	2 266	1	1
1 865	0 8	1	1
1 865	3 44	1	1
1 866	1 492	1	1
1 866	1 858	1	1
1 866	1 921	1	1
1 866	1 548	1	1
1 866	1 70	1	1
1 866	3 523	1	1
1 866	0 260	1	1
1 866	3 535	1	1
1 866	0 994	1	1
1 866	2 457	1	1
1 866	2 367	1	1
1 866	2 884	1	1
1 866	3 265	1	1
1 866	3 783	1	1
1 866	0 342	1	1
1 866	2 743	1	1
1 866	2 511	1	1
1 867	1 777	1	1
1 867	1 504	1	1
1 867	1 983	1	1
1 867	1 523	1	1
1 867	1 149	1	1
1 867	1 982	1	1
1 867	2 353	1	1
1 867	3 785	1	1
1 867	0 332	1	1
1 867	2 25	1	1
1 867	3 703	1	1
1 867	2 324	1	1
1 867	2 591	1	1
1 867	0 12	1	1
1 867	0 547	1	1
1 867	2 539	1	1
1 867	3 140	1	1
1 868	1 517	1	1
1 868	1 713	1	1
1 868	1 568	1	1
1 868	2 130	1	1
1 868	3 605	1	1
1 868	0 282	1	1
1 868	3 581	1	1
1 868	3 642	1	1
1 868	3 940	1	1
1 868	2 617	1	1
1 868	0 407	1	1
1 868	3 613	1	1
1 868	0 391	1	1
1 868	3 634	1	1
1 868	2 144	1	1
1 868	2 359	1	1
1 868	3 970	1	1
1 869	1 719	1	1
1 869	1 882	1	1
1 869	1 673	1	1
1 869	1 608	1	1
1 869	1 718	1	1
1 869	0 611	1	1
1 869	0 971	1	1
1 869	2 328	1	1
1 869	3 24	1	1
1 869	3 31	1	1
1 869	0 261	1	1
1 869	0 880	1	1
1 869	2 342	1	1
1 869	3 966	1	1
1 869	3 420	1	1
1 869	3 503	1	1
1 869	3 918	1	1
1 870	1 471	1	1
1 870	1 901	1	1
1 870	1 24	1	1
1 870	1 715	1	1
1 870	1 348	1	1
1 870	1 986	1	1
1 870	3 627	1	1
1 870	2 175	1	1
1 870	2 342	1	1
1 870	3 578	1	1
1 870	0 560	1	1
1 870	0 589	1	1
1 870	0 854	1	1
1 870	2 681	1	1
1 870	2 457	1	1
1 870	3 677	1	1
1 870	3 126	1	1
1 871	1 233	1	1
1 871	1 542	1	1
1 871	1 118	1	1
1 871	1 186	1	1
1 871	1 531	1	1
1 871	1 849	1	1
1 871	1 204	1	1
1 871	1 695	1	1
1 871	1 466	1	1
1 871	1 356	1	1
1 871	0 153	1	1
1 871	0 528	1	1
1 871	0 159	1	1
1 871	2 240	1	1
1 871	0 604	1	1
1 871	3 931	1	1
1 871	0 601	1	1
1 872	1 16	1	1
1 872	1 259	1	1
1 872	1 953	1	1
1 872	1 106	1	1
1 872	3 448	1	1
1 872	0 844	1	1
1 872	3 443	1	1
1 872	3 743	1	1
1 872	0 532	1	1
1 872	2 193	1	1
1 872	0 789	1	1
1 872	2 137	1	1
1 872	0 309	1	1
1 872	2 885	1	1
1 872	0 248	1	1
1 872	2 770	1	1
1 872	0 296	1	1
1 873	1 278	1	1
1 873	1 185	1	1
1 873	2 710	1	1
1 873	3 786	1	1
1 873	2 924	1	1
1 873	3 574	1	1
1 873	3 30	1	1
1 873	0 966	1	1
1 873	0 164	1	1
1 873	0 297	1	1
1 873	3 528	1	1
1 873	0 853	1	1
1 873	2 834	1	1
1 873	2 952	1	1
1 873	3 296	1	1
1 873	2 275	1	1
1 873	3 963	1	1
1 874	1 124	1	1
1 874	1 428	1	1
1 874	1 257	1	1
1 874	1 738	1	1
1 874	1 561	1	1
1 874	3 359	1	1
1 874	0 985	1	1
1 874	3 879	1	1
1 874	3 983	1	1
1 874	0 206	1	1
1 874	2 681	1	1
1 874	2 255	1	1
1 874	3 296	1	1
1 874	0 176	1	1
1 874	2 836	1	1
1 874	3 806	1	1
1 874	3 523	1	1
1 875	1 315	1	1
1 875	1 868	1	1
1 875	1 964	1	1
1 875	1 822	1	1
1 875	1 898	1	1
1 875	1 252	1	1
1 875	1 243	1	1
1 875	2 912	1	1
1 875	3 246	1	1
1 875	0 166	1	1
1 875	2 15	1	1
1 875	0 119	1	1
1 875	0 871	1	1
1 875	2 312	1	1
1 875	0 611	1	1
1 875	2 202	1	1
1 875	0 442	1	1
1 876	1 730	1	1
1 876	1 376	1	1
1 876	1 817	1	1
1 876	1 487	1	1
1 876	1 544	1	1
1 876	1 975	1	1
1 876	3 661	1	1
1 876	0 139	1	1
1 876	2 667	1	1
1 876	0 50	1	1
1 876	3 25	1	1
1 876	0 820	1	1
1 876	3 886	1	1
1 876	0 937	1	1
1 876	3 447	1	1
1 876	0 144	1	1
1 876	2 527	1	1
1 877	1 85	1	1
1 877	1 559	1	1
1 877	1 567	1	1
1 877	1 32	1	1
1 877	1 645	1	1
1 877	1 679	1	1
1 877	3 33	1	1
1 877	2 339	1	1
1 877	2 187	1	1
1 877	3 944	1	1
1 877	0 162	1	1
1 877	0 50	1	1
1 877	0 647	1	1
1 877	2 632	1	1
1 877	3 744	1	1
1 877	0 609	1	1
1 877	3 765	1	1
1 878	1 420	1	1
1 878	1 710	1	1
1 878	1 608	1	1
1 878	2 192	1	1
1 878	2 46	1	1
1 878	0 623	1	1
1 878	0 531	1	1
1 878	3 291	1	1
1 878	3 337	1	1
1 878	3 562	1	1
1 878	0 207	1	1
1 878	2 265	1	1
1 878	3 695	1	1
1 878	3 16	1	1
1 878	2 318	1	1
1 878	3 197	1	1
1 878	2 286	1	1
1 879	1 916	1	1
1 879	1 713	1	1
1 879	1 947	1	1
1 879	1 689	1	1
1 879	1 285	1	1
1 879	2 936	1	1
1 879	2 293	1	1
1 879	2 518	1	1
1 879	2 561	1	1
1 879	2 503	1	1
1 879	0 866	1	1
1 879	0 707	1	1
1 879	2 357	1	1
1 879	3 132	1	1
1 879	0 116	1	1
1 879	0 138	1	1
1 879	3 939	1	1
1 880	1 905	1	1
1 880	1 128	1	1
1 880	1 204	1	1
1 880	1 987	1	1
1 880	0 1000	1	1
1 880	2 413	1	1
1 880	0 740	1	1
1 880	0 301	1	1
1 880	0 812	1	1
1 880	0 293	1	1
1 880	2 115	1	1
1 880	3 823	1	1
1 880	0 275	1	1
1 880	0 291	1	1
1 880	2 826	1	1
1 880	2 589	1	1
1 880	2 299	1	1
1 881	1 514	1	1
1 881	1 954	1	1
1 881	1 116	1	1
1 881	1 369	1	1
1 881	2 409	1	1
1 881	3 137	1	1
1 881	3 373	1	1
1 881	3 348	1	1
1 881	3 459	1	1
1 881	3 433	1	1
1 881	0 890	1	1
1 881	2 761	1	1
1 881	0 372	1	1
1 881	3 280	1	1
1 881	2 525	1	1
1 881	2 74	1	1
1 881	0 440	1	1
1 882	1 42	1	1
1 882	1 570	1	1
1 882	1 697	1	1
1 882	1 661	1	1
1 882	2 72	1	1
1 882	3 234	1	1
1 882	3 425	1	1
1 882	0 269	1	1
1 882	2 301	1	1
1 882	3 997	1	1
1 882	2 987	1	1
1 882	0 789	1	1
1 882	0 666	1	1
1 882	0 288	1	1
1 882	0 71	1	1
1 882	3 437	1	1
1 882	3 630	1	1
1 883	1 70	1	1
1 883	1 813	1	1
1 883	3 177	1	1
1 883	2 888	1	1
1 883	3 453	1	1
1 883	3 744	1	1
1 883	2 570	1	1
1 883	2 827	1	1
1 883	0 186	1	1
1 883	0 909	1	1
1 883	2 877	1	1
1 883	2 34	1	1
1 883	0 893	1	1
1 883	3 725	1	1
1 883	3 65	1	1
1 883	3 341	1	1
1 883	3 586	1	1
1 884	1 775	1	1
1 884	1 53	1	1
1 884	1 822	1	1
1 884	1 856	1	1
1 884	1 671	1	1
1 884	1 255	1	1
1 884	1 674	1	1
1 884	0 70	1	1
1 884	3 190	1	1
1 884	0 82	1	1
1 884	0 512	1	1
1 884	0 837	1	1
1 884	3 156	1	1
1 884	2 162	1	1
1 884	2 306	1	1
1 884	2 862	1	1
1 884	3 322	1	1
1 885	1 521	1	1
1 885	1 512	1	1
1 885	1 364	1	1
1 885	1 445	1	1
1 885	1 942	1	1
1 885	1 928	1	1
1 885	0 28	1	1
1 885	3 917	1	1
1 885	0 992	1	1
1 885	3 566	1	1
1 885	2 166	1	1
1 885	2 156	1	1
1 885	0 553	1	1
1 885	0 742	1	1
1 885	0 409	1	1
1 885	0 151	1	1
1 885	0 125	1	1
1 886	1 210	1	1
1 886	1 440	1	1
1 886	1 290	1	1
1 886	1 51	1	1
1 886	2 162	1	1
1 886	0 679	1	1
1 886	3 19	1	1
1 886	0 991	1	1
1 886	3 319	1	1
1 886	0 319	1	1
1 886	2 619	1	1
1 886	0 859	1	1
1 886	2 926	1	1
1 886	0 5	1	1
1 886	2 241	1	1
1 886	3 338	1	1
1 886	3 874	1	1
1 887	1 956	1	1
1 887	1 675	1	1
1 887	2 349	1	1
1 887	3 227	1	1
1 887	2 153	1	1
1 887	0 688	1	1
1 887	2 130	1	1
1 887	3 117	1	1
1 887	0 629	1	1
1 887	3 428	1	1
1 887	2 651	1	1
1 887	2 781	1	1
1 887	0 72	1	1
1 887	0 839	1	1
1 887	0 781	1	1
1 887	0 938	1	1
1 887	2 846	1	1
1 888	1 335	1	1
1 888	1 764	1	1
1 888	3 888	1	1
1 888	3 355	1	1
1 888	0 578	1	1
1 888	3 594	1	1
1 888	2 582	1	1
1 888	3 976	1	1
1 888	3 714	1	1
1 888	2 283	1	1
1 888	2 790	1	1
1 888	3 938	1	1
1 888	3 98	1	1
1 888	0 211	1	1
1 888	2 191	1	1
1 888	3 620	1	1
1 888	3 375	1	1
1 889	1 242	2	1
1 889	1 179	1	1
1 889	2 676	1	1
1 889	3 710	1	1
1 889	3 270	1	1
1 889	0 868	1	1
1 889	0 239	1	1
1 889	2 874	1	1
1 889	0 172	1	1
1 889	3 547	1	1
1 889	0 617	1	1
1 889	3 75	1	1
1 889	0 55	1	1
1 889	0 416	1	1
1 889	3 170	1	1
1 889	2 498	1	1
1 890	1 331	1	1
1 890	1 37	1	1
1 890	0 250	1	1
1 890	0 103	1	1
1 890	3 393	1	1
1 890	3 850	1	1
1 890	2 393	2	1
1 890	3 656	1	1
1 890	0 561	1	1
1 890	3 225	1	1
1 890	2 691	1	1
1 890	2 141	1	1
1 890	3 103	1	1
1 890	2 976	1	1
1 890	2 124	1	1
1 890	2 870	1	1
1 891	1 510	1	1
1 891	1 724	1	1
1 891	1 105	1	1
1 891	1 135	1	1
1 891	1 160	1	1
1 891	1 858	1	1
1 891	1 920	1	1
1 891	1 97	1	1
1 891	1 803	1	1
1 891	2 830	1	1
1 891	3 695	1	1
1 891	3 974	1	1
1 891	3 56	1	1
1 891	0 662	1	1
1 891	3 705	1	1
1 891	2 532	1	1
1 891	0 946	1	1
1 892	1 813	1	1
1 892	1 500	1	1
1 892	1 272	1	1
1 892	1 163	1	1
1 892	0 472	1	1
1 892	3 829	1	1
1 892	3 405	1	1
1 892	0 156	1	1
1 892	3 645	1	1
1 892	0 326	1	1
1 892	0 310	1	1
1 892	3 699	1	1
1 892	0 900	1	1
1 892	0 339	1	1
1 892	0 70	1	1
1 892	0 202	1	1
1 892	3 423	1	1
1 893	1 89	1	1
1 893	1 487	1	1
1 893	1 812	1	1
1 893	1 934	1	1
1 893	1 864	1	1
1 893	0 283	1	1
1 893	0 924	1	1
1 893	3 467	1	1
1 893	3 171	1	1
1 893	2 207	1	1
1 893	0 60	1	1
1 893	2 166	1	1
1 893	0 501	1	1
1 893	0 617	1	1
1 893	0 467	1	1
1 893	2 653	1	1
1 893	3 335	1	1
1 894	1 489	1	1
1 894	1 529	1	1
1 894	1 678	1	1
1 894	3 995	1	1
1 894	0 984	1	1
1 894	2 536	1	1
1 894	0 964	1	1
1 894	0 910	1	1
1 894	0 602	1	1
1 894	2 35	1	1
1 894	3 944	1	1
1 894	0 347	1	1
1 894	0 120	1	1
1 894	3 467	1	1
1 894	3 889	1	1
1 894	0 451	1	1
1 894	3 63	1	1
1 895	1 699	1	1
1 895	1 109	1	1
1 895	1 206	1	1
1 895	1 383	1	1
1 895	1 288	1	1
1 895	3 921	1	1
1 895	2 777	1	1
1 895	0 778	1	1
1 895	3 220	1	1
1 895	0 524	1	1
1 895	2 514	1	1
1 895	2 66	1	1
1 895	3 472	1	1
1 895	2 470	1	1
1 895	2 247	1	1
1 895	2 732	1	1
1 895	0 563	1	1
1 896	1 302	1	1
1 896	1 826	1	1
1 896	1 195	1	1
1 896	0 835	1	1
1 896	0 324	1	1
1 896	3 288	1	1
1 896	3 355	1	1
1 896	0 745	1	1
1 896	3 505	1	1
1 896	2 758	1	1
1 896	0 431	1	1
1 896	3 707	1	1
1 896	0 406	1	1
1 896	2 94	1	1
1 896	0 846	1	1
1 896	0 944	1	1
1 896	0 820	1	1
1 897	1 59	1	1
1 897	1 352	1	1
1 897	3 589	1	1
1 897	0 242	1	1
1 897	2 895	1	1
1 897	0 883	1	1
1 897	0 929	1	1
1 897	0 468	1	1
1 897	0 672	1	1
1 897	3 54	1	1
1 897	2 8	1	1
1 897	2 107	1	1
1 897	3 903	1	1
1 897	3 958	1	1
1 897	3 869	1	1
1 897	2 875	1	1
1 897	3 117	1	1
1 898	1 641	1	1
1 898	1 455	1	1
1 898	1 131	1	1
1 898	3 736	1	1
1 898	2 159	1	1
1 898	0 731	1	1
1 898	0 135	1	1
1 898	3 855	1	1
1 898	2 733	1	1
1 898	0 71	1	1
1 898	2 873	1	1
1 898	3 120	1	1
1 898	0 764	1	1
1 898	3 945	1	1
1 898	3 584	1	1
1 898	0 878	1	1
1 898	3 373	1	1
1 899	1 736	1	1
1 899	1 295	1	1
1 899	1 468	1	1
1 899	1 198	1	1
1 899	3 526	1	1
1 899	2 822	1	1
1 899	3 418	1	1
1 899	3 539	1	1
1 899	2 823	1	1
1 899	0 215	1	1
1 899	2 740	1	1
1 899	0 576	1	1
1 899	3 721	1	1
1 899	0 603	1	1
1 899	0 619	1	1
1 899	3 898	1	1
1 899	2 445	1	1
1 900	1 479	1	1
1 900	1 786	1	1
1 900	1 430	1	1
1 900	0 824	1	1
1 900	0 3	1	1
1 900	3 421	1	1
1 900	0 559	1	1
1 900	0 662	1	1
1 900	3 387	1	1
1 900	2 707	1	1
1 900	0 595	1	1
1 900	2 96	1	1
1 900	3 381	1	1
1 900	3 275	1	1
1 900	0 875	1	1
1 900	3 42	1	1
1 900	0 731	1	1
1 901	1 995	1	1
1 901	1 301	1	1
1 901	1 93	1	1
1 901	1 804	1	1
1 901	0 7	1	1
1 901	2 240	1	1
1 901	3 640	1	1
1 901	2 291	1	1
1 901	2 454	1	1
1 901	0 124	1	1
1 901	0 626	1	1
1 901	2 807	1	1
1 901	0 823	1	1
1 901	2 818	1	1
1 901	2 652	1	1
1 901	0 181	1	1
1 901	2 820	1	1
1 902	1 268	1	1
1 902	1 85	1	1
1 902	1 555	1	1
1 902	1 953	1	1
1 902	1 695	1	1
1 902	1 707	1	1
1 902	1 482	1	1
1 902	1 222	1	1
1 902	0 66	1	1
1 902	0 214	1	1
1 902	0 466	1	1
1 902	3 610	1	1
1 902	3 57	1	1
1 902	0 310	1	1
1 902	2 923	1	1
1 902	2 537	1	1
1 902	0 62	1	1
1 903	1 325	1	1
1 903	1 168	1	1
1 903	1 641	1	1
1 903	1 761	1	1
1 903	2 402	1	1
1 903	0 189	1	1
1 903	3 72	1	1
1 903	0 474	1	1
1 903	3 686	1	1
1 903	0 155	1	1
1 903	0 172	1	1
1 903	2 567	1	1
1 903	0 207	1	1
1 903	2 360	1	1
1 903	2 608	1	1
1 903	3 847	1	1
1 903	0 980	1	1
1 904	1 104	1	1
1 904	1 522	1	1
1 904	1 176	1	1
1 904	1 366	1	1
1 904	3 659	2	1
1 904	0 947	1	1
1 904	0 622	1	1
1 904	2 121	1	1
1 904	2 518	1	1
1 904	2 269	1	1
1 904	3 350	1	1
1 904	3 476	1	1
1 904	2 293	1	1
1 904	2 18	1	1
1 904	2 950	1	1
1 904	3 123	1	1
1 905	1 909	1	1
1 905	1 960	1	1
1 905	1 982	1	1
1 905	1 514	1	1
1 905	0 680	1	1
1 905	0 655	1	1
1 905	3 191	1	1
1 905	3 82	1	1
1 905	2 72	1	1
1 905	2 234	1	1
1 905	2 36	1	1
1 905	3 769	1	1
1 905	3 963	1	1
1 905	0 627	1	1
1 905	3 623	1	1
1 905	0 178	1	1
1 905	2 93	1	1
1 906	1 483	1	1
1 906	1 235	1	1
1 906	1 36	1	1
1 906	1 544	1	1
1 906	1 746	1	1
1 906	2 18	1	1
1 906	3 593	1	1
1 906	2 184	1	1
1 906	3 112	1	1
1 906	2 290	2	1
1 906	2 630	1	1
1 906	2 33	1	1
1 906	3 305	1	1
1 906	2 190	1	1
1 906	3 913	1	1
1 906	2 153	1	1
1 907	1 395	1	1
1 907	1 562	1	1
1 907	1 971	1	1
1 907	1 741	1	1
1 907	1 216	1	1
1 907	1 454	1	1
1 907	1 504	1	1
1 907	2 2	1	1
1 907	0 936	1	1
1 907	3 109	1	1
1 907	0 39	1	1
1 907	3 487	1	1
1 907	0 146	1	1
1 907	0 189	1	1
1 907	3 963	1	1
1 907	2 587	1	1
1 907	3 60	1	1
1 908	1 104	1	1
1 908	1 699	1	1
1 908	1 329	1	1
1 908	1 564	1	1
1 908	1 903	1	1
1 908	1 246	1	1
1 908	1 506	1	1
1 908	0 574	1	1
1 908	3 71	1	1
1 908	3 412	1	1
1 908	0 714	1	1
1 908	0 778	1	1
1 908	0 380	1	1
1 908	3 567	1	1
1 908	0 479	1	1
1 908	2 104	1	1
1 908	2 356	1	1
1 909	1 895	1	1
1 909	1 819	1	1
1 909	1 173	1	1
1 909	1 514	1	1
1 909	1 200	1	1
1 909	2 136	1	1
1 909	2 284	1	1
1 909	0 935	1	1
1 909	2 201	1	1
1 909	3 635	1	1
1 909	0 187	1	1
1 909	2 578	1	1
1 909	2 317	1	1
1 909	3 140	1	1
1 909	0 150	1	1
1 909	0 349	1	1
1 909	0 280	1	1
1 910	1 918	1	1
1 910	1 458	1	1
1 910	1 337	1	1
1 910	1 654	1	1
1 910	1 133	1	1
1 910	1 113	1	1
1 910	3 163	1	1
1 910	0 835	1	1
1 910	0 119	1	1
1 910	2 950	1	1
1 910	0 449	1	1
1 910	3 554	1	1
1 910	2 347	1	1
1 910	0 895	1	1
1 910	3 139	1	1
1 910	2 186	1	1
1 910	0 3	1	1
1 911	1 96	1	1
1 911	1 243	1	1
1 911	1 256	1	1
1 911	1 14	1	1
1 911	3 297	1	1
1 911	2 223	1	1
1 911	2 313	1	1
1 911	0 680	1	1
1 911	0 12	1	1
1 911	2 584	1	1
1 911	3 871	1	1
1 911	3 4	1	1
1 911	3 243	1	1
1 911	0 791	1	1
1 911	3 61	1	1
1 911	0 406	1	1
1 911	0 668	1	1
1 912	1 787	1	1
1 912	1 204	1	1
1 912	1 123	1	1
1 912	1 887	1	1
1 912	1 951	1	1
1 912	3 413	1	1
1 912	0 615	1	1
1 912	0 485	1	1
1 912	3 868	1	1
1 912	3 549	1	1
1 912	0 832	1	1
1 912	0 367	1	1
1 912	3 860	1	1
1 912	0 491	1	1
1 912	0 933	1	1
1 912	3 503	1	1
1 912	3 70	1	1
1 913	1 845	1	1
1 913	1 531	1	1
1 913	1 256	1	1
1 913	1 852	1	1
1 913	0 898	1	1
1 913	2 379	1	1
1 913	3 490	1	1
1 913	3 436	1	1
1 913	0 57	1	1
1 913	0 952	1	1
1 913	2 103	1	1
1 913	2 622	1	1
1 913	3 27	1	1
1 913	3 19	1	1
1 913	2 172	1	1
1 913	3 478	1	1
1 913	0 539	1	1
1 914	1 484	1	1
1 914	1 437	1	1
1 914	2 798	1	1
1 914	0 272	1	1
1 914	0 737	1	1
1 914	0 778	1	1
1 914	2 328	1	1
1 914	2 842	1	1
1 914	0 126	1	1
1 914	2 643	1	1
1 914	0 238	1	1
1 914	2 942	1	1
1 914	0 739	1	1
1 914	0 925	1	1
1 914	3 683	1	1
1 914	2 782	1	1
1 914	2 628	1	1
1 915	1 495	1	1
1 915	1 428	1	1
1 915	1 919	1	1
1 915	2 648	1	1
1 915	0 413	1	1
1 915	0 254	1	1
1 915	3 454	1	1
1 915	2 251	1	1
1 915	0 283	1	1
1 915	2 352	1	1
1 915	2 277	1	1
1 915	2 781	1	1
1 915	0 753	1	1
1 915	3 79	1	1
1 915	3 874	1	1
1 915	2 763	1	1
1 915	2 912	1	1
1 916	1 296	1	1
1 916	1 704	1	1
1 916	1 115	1	1
1 916	0 289	1	1
1 916	3 38	1	1
1 916	0 916	1	1
1 916	0 607	1	1
1 916	2 20	1	1
1 916	2 416	1	1
1 916	0 365	1	1
1 916	2 911	1	1
1 916	3 569	1	1
1 916	2 733	1	1
1 916	0 988	1	1
1 916	2 44	1	1
1 916	3 534	1	1
1 916	3 47	1	1
1 917	1 292	1	1
1 917	1 872	1	1
1 917	1 283	1	1
1 917	1 717	1	1
1 917	1 91	1	1
1 917	1 946	1	1
1 917	1 25	1	1
1 917	0 493	1	1
1 917	2 30	1	1
1 917	3 317	1	1
1 917	3 593	1	1
1 917	3 778	1	1
1 917	0 404	1	1
1 917	3 137	1	1
1 917	0 342	1	1
1 917	0 245	1	1
1 917	0 17	1	1
1 918	1 335	1	1
1 918	1 792	1	1
1 918	1 809	1	1
1 918	2 156	1	1
1 918	2 424	1	1
1 918	3 983	1	1
1 918	2 891	1	1
1 918	3 805	1	1
1 918	2 399	1	1
1 918	3 522	1	1
1 918	2 787	1	1
1 918	3 304	1	1
1 918	3 344	1	1
1 918	0 89	1	1
1 918	3 352	1	1
1 918	3 588	1	1
1 918	3 762	1	1
1 919	1 714	1	1
1 919	1 539	1	1
1 919	1 599	1	1
1 919	3 995	1	1
1 919	2 915	1	1
1 919	3 684	1	1
1 919	2 644	1	1
1 919	2 626	1	1
1 919	3 718	1	1
1 919	3 838	1	1
1 919	2 622	1	1
1 919	2 477	1	1
1 919	0 79	1	1
1 919	3 403	1	1
1 919	2 928	1	1
1 919	2 33	1	1
1 919	3 152	1	1
1 920	1 387	1	1
1 920	1 884	1	1
1 920	1 583	1	1
1 920	1 29	1	1
1 920	3 812	1	1
1 920	3 766	1	1
1 920	0 121	1	1
1 920	3 88	1	1
1 920	3 672	1	1
1 920	2 119	1	1
1 920	2 201	1	1
1 920	0 520	1	1
1 920	2 97	1	1
1 920	0 1000	1	1
1 920	3 765	1	1
1 920	2 657	1	1
1 920	3 375	1	1
1 921	1 842	1	1
1 921	1 308	1	1
1 921	1 578	1	1
1 921	3 253	1	1
1 921	0 393	1	1
1 921	2 910	1	1
1 921	2 188	1	1
1 921	0 674	1	1
1 921	0 245	1	1
1 921	3 282	1	1
1 921	0 345	1	1
1 921	3 787	1	1
1 921	2 911	1	1
1 921	3 144	1	1
1 921	2 719	1	1
1 921	3 314	1	1
1 921	0 531	1	1
1 922	1 687	1	1
1 922	1 315	1	1
1 922	1 730	1	1
1 922	1 373	1	1
1 922	2 408	1	1
1 922	0 719	1	1
1 922	0 894	1	1
1 922	0 135	1	1
1 922	2 810	1	1
1 922	0 101	1	1
1 922	0 554	1	1
1 922	0 408	1	1
1 922	0 925	1	1
1 922	3 882	1	1
1 922	0 830	1	1
1 922	3 919	1	1
1 922	0 599	1	1
1 923	1 952	1	1
1 923	1 963	1	1
1 923	3 875	1	1
1 923	0 955	1	1
1 923	0 312	1	1
1 923	0 559	1	1
1 923	0 637	1	1
1 923	3 848	1	1
1 923	2 120	1	1
1 923	2 564	1	1
1 923	0 567	1	1
1 923	3 986	1	1
1 923	0 145	1	1
1 923	0 204	1	1
1 923	0 515	1	1
1 923	0 472	1	1
1 923	2 385	1	1
1 924	1 481	1	1
1 924	1 972	1	1
1 924	2 628	1	1
1 924	3 214	1	1
1 924	2 995	1	1
1 924	0 745	1	1
1 924	0 581	1	1
1 924	3 477	1	1
1 924	0 316	1	1
1 924	3 432	1	1
1 924	2 491	1	1
1 924	2 356	1	1
1 924	2 21	1	1
1 924	3 982	1	1
1 924	3 834	1	1
1 924	0 47	1	1
1 924	3 590	1	1
1 925	1 123	1	1
1 925	1 527	1	1
1 925	1 959	1	1
1 925	1 847	1	1
1 925	1 374	1	1
1 925	2 16	1	1
1 925	2 740	1	1
1 925	2 581	1	1
1 925	2 493	1	1
1 925	2 975	1	1
1 925	0 422	1	1
1 925	2 664	1	1
1 925	0 715	1	1
1 925	2 114	1	1
1 925	0 418	1	1
1 925	3 288	1	1
1 925	2 935	1	1
1 926	1 447	1	1
1 926	1 411	1	1
1 926	1 890	1	1
1 926	1 289	1	1
1 926	1 438	1	1
1 926	2 816	1	1
1 926	0 503	1	1
1 926	0 36	1	1
1 926	3 961	1	1
1 926	2 811	1	1
1 926	3 41	1	1
1 926	0 291	1	1
1 926	3 438	1	1
1 926	2 182	1	1
1 926	2 440	1	1
1 926	0 126	1	1
1 926	0 912	1	1
1 927	1 771	1	1
1 927	1 256	1	1
1 927	1 49	1	1
1 927	1 268	1	1
1 927	1 654	1	1
1 927	0 426	1	1
1 927	3 807	1	1
1 927	3 26	1	1
1 927	3 519	1	1
1 927	2 987	1	1
1 927	3 389	1	1
1 927	2 927	1	1
1 927	3 429	1	1
1 927	0 898	1	1
1 927	2 15	1	1
1 927	3 185	1	1
1 927	2 128	1	1
1 928	1 66	1	1
1 928	1 643	1	1
1 928	1 795	1	1
1 928	1 424	1	1
1 928	1 813	1	1
1 928	1 791	1	1
1 928	1 924	1	1
1 928	1 189	1	1
1 928	3 934	1	1
1 928	2 895	1	1
1 928	3 921	1	1
1 928	3 144	1	1
1 928	3 990	1	1
1 928	3 585	1	1
1 928	3 718	1	1
1 928	2 276	1	1
1 928	0 242	1	1
1 929	1 349	1	1
1 929	1 346	1	1
1 929	1 47	1	1
1 929	1 470	1	1
1 929	1 966	1	1
1 929	1 658	1	1
1 929	0 556	1	1
1 929	0 980	1	1
1 929	3 687	1	1
1 929	3 831	1	1
1 929	2 236	1	1
1 929	3 806	1	1
1 929	2 947	1	1
1 929	3 271	1	1
1 929	0 481	1	1
1 929	0 195	1	1
1 929	2 245	1	1
1 930	1 266	1	1
1 930	1 49	1	1
1 930	1 596	1	1
1 930	2 224	1	1
1 930	3 214	1	1
1 930	3 808	1	1
1 930	3 363	1	1
1 930	3 744	1	1
1 930	0 34	1	1
1 930	2 542	1	1
1 930	0 170	1	1
1 930	2 466	1	1
1 930	0 40	1	1
1 930	0 945	1	1
1 930	2 89	1	1
1 930	2 318	1	1
1 930	0 36	1	1
1 931	1 41	1	1
1 931	1 243	1	1
1 931	1 361	1	1
1 931	0 330	1	1
1 931	0 736	1	1
1 931	3 177	1	1
1 931	2 844	1	1
1 931	2 950	1	1
1 931	3 119	1	1
1 931	2 398	1	1
1 931	3 848	1	1
1 931	0 431	1	1
1 931	2 4	1	1
1 931	3 357	1	1
1 931	0 180	1	1
1 931	3 663	1	1
1 931	3 171	1	1
1 932	1 486	1	1
1 932	1 806	1	1
1 932	1 668	1	1
1 932	0 171	1	1
1 932	2 935	1	1
1 932	0 913	1	1
1 932	0 600	1	1
1 932	2 748	1	1
1 932	0 38	1	1
1 932	2 737	1	1
1 932	0 630	1	1
1 932	3 701	1	1
1 932	2 508	1	1
1 932	3 805	1	1
1 932	3 858	1	1
1 932	0 439	1	1
1 932	2 562	1	1
1 933	1 740	1	1
1 933	1 628	1	1
1 933	1 364	1	1
1 933	1 922	1	1
1 933	0 312	1	1
1 933	2 109	1	1
1 933	0 294	1	1
1 933	3 949	1	1
1 933	3 52	1	1
1 933	2 10	1	1
1 933	3 182	1	1
1 933	2 19	1	1
1 933	0 654	1	1
1 933	2 235	1	1
1 933	3 242	1	1
1 933	0 656	1	1
1 933	0 738	1	1
1 934	1 430	1	1
1 934	1 936	1	1
1 934	1 378	1	1
1 934	3 846	1	1
1 934	3 119	1	1
1 934	2 561	1	1
1 934	2 326	1	1
1 934	2 452	1	1
1 934	0 243	1	1
1 934	3 708	1	1
1 934	2 935	1	1
1 934	0 347	1	1
1 934	0 778	1	1
1 934	2 62	1	1
1 934	3 805	1	1
1 934	0 18	1	1
1 934	0 983	1	1
1 935	1 944	1	1
1 935	1 169	1	1
1 935	1 86	1	1
1 935	1 333	1	1
1 935	1 289	1	1
1 935	3 421	1	1
1 935	2 388	1	1
1 935	3 51	1	1
1 935	0 775	1	1
1 935	2 948	1	1
1 935	0 534	1	1
1 935	0 645	1	1
1 935	3 976	1	1
1 935	2 931	1	1
1 935	3 837	1	1
1 935	0 436	1	1
1 935	2 54	1	1
1 936	1 43	1	1
1 936	1 609	1	1
1 936	1 603	1	1
1 936	2 219	1	1
1 936	2 742	1	1
1 936	3 186	1	1
1 936	3 244	1	1
1 936	0 746	1	1
1 936	3 990	1	1
1 936	2 943	1	1
1 936	0 326	1	1
1 936	3 958	1	1
1 936	0 88	1	1
1 936	0 667	1	1
1 936	0 740	1	1
1 936	2 235	1	1
1 936	0 776	1	1
1 937	1 655	1	1
1 937	1 995	1	1
1 937	1 679	1	1
1 937	3 706	1	1
1 937	3 440	1	1
1 937	3 829	1	1
1 937	2 95	1	1
1 937	0 311	1	1
1 937	3 405	1	1
1 937	0 363	1	1
1 937	2 98	1	1
1 937	2 726	1	1
1 937	0 344	1	1
1 937	0 380	1	1
1 937	3 195	1	1
1 937	2 714	1	1
1 937	3 383	1	1
1 938	1 182	1	1
1 938	1 25	1	1
1 938	1 440	1	1
1 938	1 52	1	1
1 938	1 224	1	1
1 938	3 128	1	1
1 938	3 857	1	1
1 938	2 6	1	1
1 938	3 788	1	1
1 938	0 571	1	1
1 938	2 297	1	1
1 938	2 959	1	1
1 938	3 462	1	1
1 938	2 472	1	1
1 938	2 676	1	1
1 938	3 551	1	1
1 938	2 912	1	1
1 939	1 137	1	1
1 939	1 463	1	1
1 939	1 325	1	1
1 939	1 916	1	1
1 939	1 662	1	1
1 939	1 236	1	1
1 939	2 563	1	1
1 939	3 96	1	1
1 939	0 697	1	1
1 939	2 379	1	1
1 939	3 600	1	1
1 939	2 522	1	1
1 939	3 819	1	1
1 939	2 295	1	1
1 939	2 76	1	1
1 939	0 20	1	1
1 939	3 89	1	1
1 940	1 63	1	1
1 940	1 961	1	1
1 940	1 279	1	1
1 940	1 85	1	1
1 940	1 254	1	1
1 940	1 394	1	1
1 940	1 839	1	1
1 940	2 719	1	1
1 940	2 861	1	1
1 940	0 817	1	1
1 940	2 893	1	1
1 940	3 368	1	1
1 940	0 898	1	1
1 940	2 990	1	1
1 940	0 484	1	1
1 940	3 307	1	1
1 940	0 9	1	1
1 941	1 356	1	1
1 941	1 595	1	1
1 941	3 673	1	1
1 941	0 97	1	1
1 941	2 372	1	1
1 941	3 746	1	1
1 941	3 718	1	1
1 941	3 481	1	1
1 941	2 820	1	1
1 941	0 416	1	1
1 941	0 221	1	1
1 941	2 789	1	1
1 941	2 300	1	1
1 941	2 225	1	1
1 941	0 574	1	1
1 941	3 701	1	1
1 941	3 472	1	1
1 942	1 838	1	1
1 942	1 559	1	1
1 942	1 321	1	1
1 942	1 964	1	1
1 942	1 729	1	1
1 942	2 876	1	1
1 942	0 186	1	1
1 942	3 110	1	1
1 942	3 786	1	1
1 942	2 796	1	1
1 942	2 518	1	1
1 942	2 773	1	1
1 942	2 856	1	1
1 942	3 620	1	1
1 942	3 549	1	1
1 942	3 326	1	1
1 942	0 975	1	1
1 943	1 211	1	1
1 943	1 510	1	1
1 943	1 53	1	1
1 943	1 779	1	1
1 943	1 348	1	1
1 943	1 697	1	1
1 943	0 828	1	1
1 943	0 757	1	1
1 943	0 436	1	1
1 943	3 823	1	1
1 943	0 771	1	1
1 943	3 185	1	1
1 943	3 757	1	1
1 943	3 28	1	1
1 943	0 560	1	1
1 943	2 315	1	1
1 943	0 310	1	1
1 944	1 240	1	1
1 944	1 493	1	1
1 944	1 869	1	1
1 944	3 229	1	1
1 944	3 98	1	1
1 944	3 3	1	1
1 944	0 779	1	1
1 944	0 36	1	1
1 944	2 113	1	1
1 944	2 149	1	1
1 944	0 487	1	1
1 944	3 1	1	1
1 944	2 134	1	1
1 944	2 961	1	1
1 944	0 629	1	1
1 944	0 776	1	1
1 944	3 686	1	1
1 945	1 768	1	1
1 945	1 216	1	1
1 945	1 15	1	1
1 945	1 258	1	1
1 945	1 219	1	1
1 945	1 123	1	1
1 945	1 23	1	1
1 945	3 983	1	1
1 945	0 852	1	1
1 945	2 439	1	1
1 945	0 380	1	1
1 945	2 187	1	1
1 945	0 752	1	1
1 945	3 419	1	1
1 945	3 597	1	1
1 945	2 428	1	1
1 945	0 540	1	1
1 946	1 45	1	1
1 946	1 363	1	1
1 946	1 483	1	1
1 946	1 462	1	1
1 946	1 411	1	1
1 946	0 620	1	1
1 946	0 198	1	1
1 946	3 459	1	1
1 946	3 404	1	1
1 946	0 316	1	1
1 946	2 16	1	1
1 946	3 268	1	1
1 946	3 344	1	1
1 946	0 297	1	1
1 946	2 600	1	1
1 946	2 60	1	1
1 946	2 629	1	1
1 947	1 999	1	1
1 947	1 145	1	1
1 947	1 895	1	1
1 947	1 274	1	1
1 947	2 849	1	1
1 947	3 620	1	1
1 947	0 256	1	1
1 947	0 396	1	1
1 947	2 101	1	1
1 947	0 600	1	1
1 947	3 793	1	1
1 947	0 61	1	1
1 947	0 705	1	1
1 947	0 372	1	1
1 947	3 888	1	1
1 947	3 887	1	1
1 947	3 963	1	1
1 948	1 706	1	1
1 948	1 195	1	1
1 948	1 346	1	1
1 948	3 104	1	1
1 948	3 156	1	1
1 948	3 207	1	1
1 948	2 835	1	1
1 948	2 437	1	1
1 948	2 308	1	1
1 948	3 292	1	1
1 948	2 766	1	1
1 948	2 623	1	1
1 948	3 924	1	1
1 948	0 59	1	1
1 948	0 475	1	1
1 948	3 617	1	1
1 948	3 356	1	1
1 949	1 416	1	1
1 949	1 759	1	1
1 949	1 441	1	1
1 949	1 154	1	1
1 949	0 437	1	1
1 949	0 762	1	1
1 949	2 234	1	1
1 949	3 817	1	1
1 949	2 916	1	1
1 949	2 41	1	1
1 949	3 339	1	1
1 949	2 79	1	1
1 949	3 802	1	1
1 949	3 9	1	1
1 949	0 471	1	1
1 949	2 303	1	1
1 949	0 155	1	1
1 950	1 387	1	1
1 950	1 39	1	1
1 950	1 407	1	1
1 950	1 517	1	1
1 950	2 502	1	1
1 950	2 456	1	1
1 950	2 433	1	1
1 950	3 133	1	1
1 950	2 993	1	1
1 950	3 542	1	1
1 950	0 78	1	1
1 950	0 373	1	1
1 950	3 129	1	1
1 950	3 826	1	1
1 950	3 376	1	1
1 950	3 11	1	1
1 950	3 756	1	1
1 951	1 427	1	1
1 951	1 472	1	1
1 951	1 678	1	1
1 951	1 346	1	1
1 951	1 483	1	1
1 951	3 105	1	1
1 951	3 89	1	1
1 951	3 508	1	1
1 951	3 637	1	1
1 951	2 985	1	1
1 951	2 504	1	1
1 951	2 698	1	1
1 951	3 529	1	1
1 951	2 53	1	1
1 951	2 532	1	1
1 951	3 424	1	1
1 951	3 80	1	1
1 952	1 653	1	1
1 952	1 890	1	1
1 952	1 846	1	1
1 952	1 647	1	1
1 952	0 92	1	1
1 952	2 254	1	1
1 952	0 21	1	1
1 952	0 340	1	1
1 952	3 359	1	1
1 952	2 880	1	1
1 952	0 426	1	1
1 952	0 777	1	1
1 952	2 915	1	1
1 952	2 22	1	1
1 952	3 70	1	1
1 952	3 11	1	1
1 952	0 239	1	1
1 953	1 959	1	1
1 953	1 246	1	1
1 953	1 423	1	1
1 953	1 26	1	1
1 953	2 685	1	1
1 953	3 113	1	1
1 953	2 848	1	1
1 953	3 276	1	1
1 953	2 775	1	1
1 953	0 978	1	1
1 953	0 843	1	1
1 953	2 441	1	1
1 953	3 679	1	1
1 953	3 973	1	1
1 953	2 488	1	1
1 953	0 186	1	1
1 953	3 423	1	1
1 954	1 265	1	1
1 954	1 571	1	1
1 954	1 688	1	1
1 954	1 455	1	1
1 954	1 1000	1	1
1 954	1 811	1	1
1 954	1 651	1	1
1 954	0 580	1	1
1 954	0 667	1	1
1 954	0 472	1	1
1 954	2 900	1	1
1 954	0 628	1	1
1 954	2 693	1	1
1 954	0 937	1	1
1 954	2 310	1	1
1 954	0 154	1	1
1 954	0 169	1	1
1 955	1 134	1	1
1 955	1 442	1	1
1 955	1 535	1	1
1 955	1 553	1	1
1 955	0 32	1	1
1 955	0 815	1	1
1 955	0 335	1	1
1 955	3 126	1	1
1 955	2 476	1	1
1 955	0 706	1	1
1 955	0 168	1	1
1 955	0 924	1	1
1 955	2 84	1	1
1 955	0 162	1	1
1 955	3 40	1	1
1 955	0 971	1	1
1 955	3 381	1	1
1 956	1 463	1	1
1 956	1 923	1	1
1 956	1 659	1	1
1 956	1 233	1	1
1 956	3 601	1	1
1 956	2 757	1	1
1 956	0 880	1	1
1 956	3 175	1	1
1 956	2 884	1	1
1 956	0 927	1	1
1 956	3 183	1	1
1 956	0 993	1	1
1 956	3 168	1	1
1 956	0 71	1	1
1 956	3 347	1	1
1 956	2 590	1	1
1 956	2 435	1	1
1 957	1 843	1	1
1 957	1 901	1	1
1 957	1 603	1	1
1 957	0 445	1	1
1 957	2 680	1	1
1 957	0 589	1	1
1 957	3 365	1	1
1 957	0 175	1	1
1 957	0 618	1	1
1 957	3 981	1	1
1 957	0 877	1	1
1 957	2 140	1	1
1 957	0 694	1	1
1 957	2 135	1	1
1 957	3 15	1	1
1 957	3 199	1	1
1 957	3 875	1	1
1 958	1 52	1	1
1 958	1 397	1	1
1 958	1 317	1	1
1 958	1 917	1	1
1 958	1 438	1	1
1 958	1 909	1	1
1 958	2 493	1	1
1 958	2 580	1	1
1 958	2 534	1	1
1 958	0 178	1	1
1 958	2 92	1	1
1 958	0 474	1	1
1 958	2 450	1	1
1 958	2 47	1	1
1 958	3 143	1	1
1 958	3 801	1	1
1 958	0 900	1	1
1 959	1 572	1	1
1 959	1 772	1	1
1 959	1 540	1	1
1 959	1 211	1	1
1 959	1 530	1	1
1 959	1 573	1	1
1 959	1 159	1	1
1 959	2 48	1	1
1 959	0 521	1	1
1 959	2 330	1	1
1 959	2 909	1	1
1 959	0 886	1	1
1 959	0 132	1	1
1 959	3 99	1	1
1 959	2 926	1	1
1 959	3 178	1	1
1 959	2 449	1	1
1 960	1 699	1	1
1 960	1 608	1	1
1 960	1 135	1	1
1 960	1 766	1	1
1 960	1 586	1	1
1 960	0 528	1	1
1 960	0 100	1	1
1 960	0 561	1	1
1 960	3 563	1	1
1 960	0 415	1	1
1 960	3 441	1	1
1 960	2 295	1	1
1 960	3 529	1	1
1 960	0 503	1	1
1 960	2 335	1	1
1 960	3 758	1	1
1 960	2 845	1	1
1 961	1 171	1	1
1 961	1 841	1	1
1 961	1 552	1	1
1 961	3 621	1	1
1 961	3 844	1	1
1 961	0 438	1	1
1 961	3 74	1	1
1 961	3 138	1	1
1 961	3 443	1	1
1 961	2 777	1	1
1 961	3 289	1	1
1 961	0 898	1	1
1 961	2 543	1	1
1 961	2 164	1	1
1 961	2 214	1	1
1 961	3 349	1	1
1 961	3 62	1	1
1 962	1 259	1	1
1 962	1 722	1	1
1 962	3 797	1	1
1 962	0 37	1	1
1 962	2 181	1	1
1 962	3 883	1	1
1 962	3 49	1	1
1 962	3 547	1	1
1 962	3 207	1	1
1 962	3 552	1	1
1 962	3 430	1	1
1 962	2 765	1	1
1 962	0 744	1	1
1 962	0 897	1	1
1 962	3 945	1	1
1 962	3 959	1	1
1 962	0 483	1	1
1 963	1 850	1	1
1 963	1 358	1	1
1 963	1 291	1	1
1 963	1 474	1	1
1 963	1 384	1	1
1 963	1 33	1	1
1 963	1 558	1	1
1 963	2 580	1	1
1 963	3 627	1	1
1 963	2 690	1	1
1 963	2 473	1	1
1 963	2 145	1	1
1 963	2 466	1	1
1 963	0 430	1	1
1 963	3 912	1	1
1 963	3 1	1	1
1 963	3 761	1	1
1 964	1 782	1	1
1 964	1 333	1	1
1 964	1 53	1	1
1 964	0 992	1	1
1 964	3 447	1	1
1 964	2 882	1	1
1 964	2 772	1	1
1 964	2 341	1	1
1 964	3 711	1	1
1 964	3 474	1	1
1 964	3 239	1	1
1 964	0 122	1	1
1 964	0 74	1	1
1 964	2 632	1	1
1 964	0 941	1	1
1 964	3 658	1	1
1 964	2 700	1	1
1 965	1 323	1	1
1 965	1 629	1	1
1 965	1 749	1	1
1 965	1 41	1	1
1 965	1 484	1	1
1 965	1 13	1	1
1 965	2 943	1	1
1 965	3 737	1	1
1 965	2 351	1	1
1 965	0 959	1	1
1 965	3 548	1	1
1 965	2 67	1	1
1 965	2 646	1	1
1 965	2 808	1	1
1 965	2 173	1	1
1 965	2 255	1	1
1 965	0 669	1	1
1 966	1 454	1	1
1 966	1 262	1	1
1 966	2 797	2	1
1 966	3 344	1	1
1 966	2 428	1	1
1 966	3 369	1	1
1 966	2 545	1	1
1 966	2 354	1	1
1 966	3 565	1	1
1 966	0 402	1	1
1 966	0 411	1	1
1 966	2 274	1	1
1 966	0 671	1	1
1 966	3 212	1	1
1 966	0 308	1	1
1 966	3 676	1	1
1 967	1 362	1	1
1 967	1 710	1	1
1 967	1 834	1	1
1 967	1 652	1	1
1 967	1 798	1	1
1 967	1 343	1	1
1 967	1 3	1	1
1 967	2 398	1	1
1 967	2 317	1	1
1 967	3 176	1	1
1 967	0 363	1	1
1 967	0 220	1	1
1 967	0 821	1	1
1 967	3 521	1	1
1 967	3 142	1	1
1 967	0 520	1	1
1 967	2 510	1	1
1 968	1 239	1	1
1 968	3 549	1	1
1 968	0 908	1	1
1 968	3 484	1	1
1 968	3 32	1	1
1 968	2 887	1	1
1 968	0 740	1	1
1 968	2 855	1	1
1 968	3 789	1	1
1 968	0 118	1	1
1 968	2 910	1	1
1 968	3 881	1	1
1 968	0 813	1	1
1 968	0 465	1	1
1 968	2 93	1	1
1 968	3 672	1	1
1 968	3 238	1	1
1 969	1 996	1	1
1 969	1 427	1	1
1 969	1 866	1	1
1 969	1 621	2	1
1 969	1 614	1	1
1 969	1 349	1	1
1 969	0 869	1	1
1 969	2 987	1	1
1 969	3 986	1	1
1 969	0 547	1	1
1 969	3 753	1	1
1 969	0 735	1	1
1 969	2 144	1	1
1 969	0 318	1	1
1 969	3 145	1	1
1 969	0 121	1	1
1 970	1 322	1	1
1 970	1 719	1	1
1 970	3 270	1	1
1 970	2 901	1	1
1 970	2 293	1	1
1 970	3 623	1	1
1 970	3 181	1	1
1 970	3 260	1	1
1 970	3 439	1	1
1 970	0 54	1	1
1 970	3 99	1	1
1 970	2 982	1	1
1 970	0 825	1	1
1 970	0 685	1	1
1 970	3 143	1	1
1 970	3 124	1	1
1 970	3 23	1	1
1 971	1 44	1	1
1 971	3 935	1	1
1 971	3 386	1	1
1 971	2 974	1	1
1 971	3 638	1	1
1 971	2 492	1	1
1 971	0 640	1	1
1 971	0 703	1	1
1 971	2 262	1	1
1 971	2 294	1	1
1 971	2 427	1	1
1 971	2 299	1	1
1 971	3 673	1	1
1 971	3 318	1	1
1 971	0 880	2	1
1 971	0 150	1	1
1 972	1 328	1	1
1 972	1 558	1	1
1 972	1 563	1	1
1 972	1 146	1	1
1 972	1 30	1	1
1 972	1 85	1	1
1 972	0 411	1	1
1 972	3 480	1	1
1 972	3 636	1	1
1 972	0 946	1	1
1 972	2 623	1	1
1 972	0 365	1	1
1 972	3 779	1	1
1 972	3 893	1	1
1 972	3 391	1	1
1 972	2 8	1	1
1 972	3 776	1	1
1 973	1 274	1	1
1 973	1 434	1	1
1 973	1 59	1	1
1 973	2 687	1	1
1 973	2 899	1	1
1 973	0 12	1	1
1 973	0 61	1	1
1 973	2 593	1	1
1 973	0 46	1	1
1 973	0 939	1	1
1 973	3 300	1	1
1 973	3 315	1	1
1 973	3 650	1	1
1 973	0 541	1	1
1 973	3 659	1	1
1 973	2 907	1	1
1 973	3 452	1	1
1 974	1 807	1	1
1 974	0 695	1	1
1 974	2 901	1	1
1 974	0 945	1	1
1 974	2 118	1	1
1 974	2 728	1	1
1 974	0 668	1	1
1 974	3 786	1	1
1 974	3 123	1	1
1 974	2 23	1	1
1 974	3 950	1	1
1 974	0 530	1	1
1 974	2 415	1	1
1 974	0 853	1	1
1 974	2 917	1	1
1 974	3 745	1	1
1 974	3 723	1	1
1 975	1 608	1	1
1 975	1 404	1	1
1 975	1 64	1	1
1 975	1 146	1	1
1 975	1 312	1	1
1 975	1 116	1	1
1 975	1 52	1	1
1 975	2 970	1	1
1 975	0 579	1	1
1 975	0 399	1	1
1 975	2 999	1	1
1 975	2 171	1	1
1 975	3 218	1	1
1 975	2 899	1	1
1 975	3 809	1	1
1 975	0 205	1	1
1 975	0 652	1	1
1 976	1 168	1	1
1 976	1 212	1	1
1 976	3 915	1	1
1 976	3 771	1	1
1 976	0 405	1	1
1 976	2 869	1	1
1 976	0 776	1	1
1 976	0 701	1	1
1 976	2 213	1	1
1 976	3 896	1	1
1 976	2 865	1	1
1 976	2 926	1	1
1 976	2 74	1	1
1 976	2 387	1	1
1 976	0 933	1	1
1 976	2 36	1	1
1 976	2 48	1	1
1 977	1 501	1	1
1 977	3 868	1	1
1 977	0 283	1	1
1 977	3 885	1	1
1 977	3 323	1	1
1 977	0 635	1	1
1 977	0 151	1	1
1 977	3 131	1	1
1 977	3 308	1	1
1 977	3 166	1	1
1 977	3 406	1	1
1 977	2 565	1	1
1 977	3 207	1	1
1 977	3 153	1	1
1 977	2 837	1	1
1 977	2 657	1	1
1 977	0 273	1	1
1 978	1 656	1	1
1 978	1 679	1	1
1 978	1 160	1	1
1 978	1 789	1	1
1 978	1 882	1	1
1 978	0 557	1	1
1 978	3 28	1	1
1 978	3 544	1	1
1 978	2 319	1	1
1 978	0 321	1	1
1 978	0 412	1	1
1 978	0 396	1	1
1 978	3 503	1	1
1 978	2 191	1	1
1 978	3 189	1	1
1 978	2 614	1	1
1 978	2 554	1	1
1 979	1 158	1	1
1 979	1 982	1	1
1 979	1 20	1	1
1 979	1 710	1	1
1 979	1 635	1	1
1 979	0 752	1	1
1 979	3 716	1	1
1 979	3 146	1	1
1 979	0 896	1	1
1 979	2 632	1	1
1 979	2 108	1	1
1 979	3 796	1	1
1 979	3 164	1	1
1 979	3 533	1	1
1 979	0 437	1	1
1 979	2 456	1	1
1 979	0 373	1	1
1 980	1 942	1	1
1 980	1 609	1	1
1 980	1 459	1	1
1 980	1 594	1	1
1 980	1 556	1	1
1 980	1 250	1	1
1 980	2 226	1	1
1 980	3 400	1	1
1 980	0 631	1	1
1 980	2 778	1	1
1 980	2 730	1	1
1 980	0 618	1	1
1 980	0 659	1	1
1 980	2 696	1	1
1 980	0 368	1	1
1 980	3 696	1	1
1 980	3 324	1	1
1 981	1 578	1	1
1 981	1 422	1	1
1 981	1 822	1	1
1 981	1 152	1	1
1 981	0 485	1	1
1 981	2 796	1	1
1 981	0 46	1	1
1 981	0 286	1	1
1 981	2 454	1	1
1 981	2 257	1	1
1 981	3 729	1	1
1 981	0 53	1	1
1 981	0 500	1	1
1 981	0 186	1	1
1 981	0 265	1	1
1 981	0 280	1	1
1 981	2 834	1	1
1 982	1 604	1	1
1 982	1 106	1	1
1 982	1 496	1	1
1 982	1 262	1	1
1 982	1 3	1	1
1 982	2 749	1	1
1 982	3 463	1	1
1 982	0 690	1	1
1 982	0 583	1	1
1 982	2 14	1	1
1 982	2 923	1	1
1 982	0 624	1	1
1 982	2 9	1	1
1 982	0 204	1	1
1 982	2 594	1	1
1 982	2 414	1	1
1 982	0 265	1	1
1 983	1 353	1	1
1 983	1 237	1	1
1 983	1 199	1	1
1 983	1 126	1	1
1 983	2 683	1	1
1 983	2 8	1	1
1 983	3 922	1	1
1 983	3 995	1	1
1 983	0 471	1	1
1 983	3 106	1	1
1 983	3 896	1	1
1 983	3 975	1	1
1 983	3 466	1	1
1 983	3 390	1	1
1 983	3 324	1	1
1 983	3 603	1	1
1 983	3 46	1	1
1 984	1 74	1	1
1 984	1 58	1	1
1 984	1 444	1	1
1 984	1 470	1	1
1 984	1 473	1	1
1 984	1 276	1	1
1 984	3 365	1	1
1 984	3 56	1	1
1 984	3 473	1	1
1 984	2 515	1	1
1 984	2 879	1	1
1 984	2 223	1	1
1 984	3 566	1	1
1 984	2 473	1	1
1 984	2 488	1	1
1 984	0 499	1	1
1 984	3 694	1	1
1 985	1 650	1	1
1 985	1 731	1	1
1 985	3 940	1	1
1 985	2 499	1	1
1 985	0 175	1	1
1 985	3 597	1	1
1 985	0 775	1	1
1 985	2 194	1	1
1 985	2 602	1	1
1 985	3 678	1	1
1 985	2 672	1	1
1 985	0 632	1	1
1 985	0 730	1	1
1 985	0 518	1	1
1 985	3 997	1	1
1 985	2 185	1	1
1 985	3 105	1	1
1 986	1 168	1	1
1 986	1 159	1	1
1 986	1 720	1	1
1 986	1 254	1	1
1 986	1 648	1	1
1 986	1 931	1	1
1 986	3 966	1	1
1 986	2 37	1	1
1 986	3 712	1	1
1 986	0 260	1	1
1 986	0 196	1	1
1 986	2 63	1	1
1 986	0 94	1	1
1 986	3 366	1	1
1 986	2 809	1	1
1 986	3 619	1	1
1 986	2 341	1	1
1 987	1 738	1	1
1 987	1 393	1	1
1 987	1 377	1	1
1 987	2 555	1	1
1 987	3 448	1	1
1 987	0 425	1	1
1 987	0 434	1	1
1 987	2 484	1	1
1 987	0 883	1	1
1 987	2 40	1	1
1 987	0 850	1	1
1 987	3 760	1	1
1 987	3 509	1	1
1 987	2 617	1	1
1 987	3 10	1	1
1 987	0 399	1	1
1 987	2 372	1	1
1 988	1 633	1	1
1 988	1 958	1	1
1 988	1 779	1	1
1 988	0 54	1	1
1 988	2 918	1	1
1 988	0 779	1	1
1 988	0 71	1	1
1 988	0 10	1	1
1 988	2 725	1	1
1 988	0 602	1	1
1 988	0 837	1	1
1 988	0 102	1	1
1 988	0 266	1	1
1 988	2 931	1	1
1 988	0 753	1	1
1 988	2 565	1	1
1 988	0 790	1	1
1 989	1 861	1	1
1 989	1 740	1	1
1 989	1 334	1	1
1 989	0 467	1	1
1 989	2 920	1	1
1 989	2 484	1	1
1 989	0 512	1	1
1 989	2 794	1	1
1 989	3 823	1	1
1 989	0 799	1	1
1 989	2 703	1	1
1 989	0 415	1	1
1 989	2 839	1	1
1 989	0 533	1	1
1 989	2 116	1	1
1 989	2 435	1	1
1 989	2 764	1	1
1 990	1 313	1	1
1 990	1 735	1	1
1 990	1 174	1	1
1 990	1 18	1	1
1 990	1 487	1	1
1 990	0 983	1	1
1 990	3 815	1	1
1 990	3 573	1	1
1 990	0 162	1	1
1 990	2 25	1	1
1 990	0 583	1	1
1 990	0 753	1	1
1 990	3 274	1	1
1 990	3 293	1	1
1 990	3 396	1	1
1 990	0 224	1	1
1 990	3 172	1	1
1 991	1 64	1	1
1 991	1 789	1	1
1 991	1 897	1	1
1 991	1 219	1	1
1 991	0 254	1	1
1 991	3 738	1	1
1 991	3 809	1	1
1 991	3 115	1	1
1 991	0 310	1	1
1 991	3 703	1	1
1 991	0 110	1	1
1 991	0 923	1	1
1 991	3 41	1	1
1 991	2 167	1	1
1 991	3 759	1	1
1 991	3 684	1	1
1 991	2 222	1	1
1 992	1 82	1	1
1 992	1 392	1	1
1 992	3 395	1	1
1 992	0 300	1	1
1 992	2 755	1	1
1 992	2 672	1	1
1 992	3 96	1	1
1 992	3 767	1	1
1 992	0 553	1	1
1 992	3 32	1	1
1 992	0 653	1	1
1 992	0 383	1	1
1 992	0 662	1	1
1 992	0 472	1	1
1 992	0 867	1	1
1 992	3 114	1	1
1 992	2 904	1	1
1 993	1 601	1	1
1 993	1 724	1	1
1 993	1 196	1	1
1 993	1 996	1	1
1 993	1 818	1	1
1 993	1 454	1	1
1 993	1 981	1	1
1 993	0 777	1	1
1 993	3 420	1	1
1 993	3 97	1	1
1 993	3 393	1	1
1 993	2 419	1	1
1 993	0 281	1	1
1 993	0 965	1	1
1 993	0 419	1	1
1 993	2 369	1	1
1 993	0 592	1	1
1 994	1 624	1	1
1 994	1 958	1	1
1 994	1 373	1	1
1 994	1 202	1	1
1 994	3 673	1	1
1 994	2 630	1	1
1 994	2 746	1	1
1 994	0 629	1	1
1 994	2 724	1	1
1 994	0 285	1	1
1 994	0 468	1	1
1 994	0 125	1	1
1 994	0 357	1	1
1 994	2 890	1	1
1 994	2 348	1	1
1 994	2 463	1	1
1 994	0 102	1	1
1 995	1 521	1	1
1 995	1 559	1	1
1 995	1 49	1	1
1 995	1 109	1	1
1 995	3 28	1	1
1 995	0 691	1	1
1 995	3 799	1	1
1 995	3 262	1	1
1 995	2 129	1	1
1 995	2 555	1	1
1 995	2 717	1	1
1 995	0 452	1	1
1 995	0 955	1	1
1 995	2 744	1	1
1 995	3 151	1	1
1 995	3 223	1	1
1 995	2 542	1	1
1 996	1 203	1	1
1 996	1 623	1	1
1 996	1 149	1	1
1 996	1 955	1	1
1 996	1 476	1	1
1 996	1 784	1	1
1 996	2 678	1	1
1 996	3 188	1	1
1 996	0 356	1	1
1 996	2 780	1	1
1 996	2 168	1	1
1 996	0 156	1	1
1 996	0 998	1	1
1 996	2 189	1	1
1 996	0 218	1	1
1 996	2 431	1	1
1 996	2 790	1	1
1 997	1 768	1	1
1 997	1 333	1	1
1 997	1 993	1	1
1 997	1 279	1	1
1 997	1 888	1	1
1 997	0 389	1	1
1 997	3 437	1	1
1 997	3 169	1	1
1 997	3 777	1	1
1 997	2 106	1	1
1 997	0 214	1	1
1 997	3 974	1	1
1 997	0 157	1	1
1 997	3 379	1	1
1 997	0 645	1	1
1 997	3 934	1	1
1 997	3 446	1	1
1 998	1 523	1	1
1 998	1 626	1	1
1 998	1 737	1	1
1 998	1 631	1	1
1 998	1 295	1	1
1 998	1 326	1	1
1 998	3 954	1	1
1 998	0 418	1	1
1 998	2 110	1	1
1 998	0 203	1	1
1 998	3 497	1	1
1 998	0 796	1	1
1 998	3 418	1	1
1 998	0 210	1	1
1 998	3 475	1	1
1 998	0 855	1	1
1 998	2 87	1	1
1 999	1 711	1	1
1 999	1 900	1	1
1 999	1 51	1	1
1 999	1 369	1	1
1 999	0 846	1	1
1 999	2 645	1	1
1 999	2 466	1	1
1 999	0 711	1	1
1 999	3 571	1	1
1 999	2 471	1	1
1 999	2 800	1	1
1 999	0 496	1	1
1 999	2 569	1	1
1 999	3 416	1	1
1 999	3 746	1	1
1 999	2 233	1	1
1 999	0 410	1	1
1 1000	1 767	1	1
1 1000	1 244	1	1
1 1000	2 595	1	1
1 1000	2 623	1	1
1 1000	2 640	1	1
1 1000	2 571	1	1
1 1000	0 890	1	1
1 1000	3 465	1	1
1 1000	2 956	1	1
1 1000	0 826	1	1
1 1000	0 15	1	1
1 1000	3 130	1	1
1 1000	0 575	1	1
1 1000	0 825	1	1
1 1000	0 83	1	1
1 1000	3 803	1	1
1 1000	3 446	1	1

