# 5000 of 10000
# Minimum x: 0
# Minimum y: 0
# Minimum z: 0
# Maximum x: 22
# Maximum y: 22
# Maximum z: 22
# <local id> <pos x> <pos y> <pos z> <type>
# Number of local subdomains: 4
# Local subdomain 0 boundaries (-0, -0, -0) - (11, 11, 11)
# Local subdomain 1 boundaries (11, -0, -0) - (22, 11, 11)
# Local subdomain 2 boundaries (-0, 11, -0) - (11, 22, 11)
# Local subdomain 3 boundaries (11, 11, -0) - (22, 22, 11)
1 4.42995697818696 8.21131902537309 6.37370991427451 ex
2 6.56821548030712 7.83550962526351 9.8315739412792 ex
3 1.73079916625284 6.43402240867727 7.93933079042472 ex
4 8.63010396878235 1.87355848727748 9.24546546442434 ex
5 7.73096813703887 0.660786396823823 10.7949024783447 ex
6 9.24434866895899 8.61506755719893 8.73340192902833 ex
7 2.21163421170786 6.857314001536 2.4750903302338 ex
8 0.707168838242069 4.84573587216437 5.9589239761699 ex
9 4.20699491351843 9.22360487608239 10.3874972781632 ex
10 10.1237288406119 5.14837635867298 6.54771992820315 ex
11 4.76674982253462 5.64709667535499 2.36135126044974 ex
12 4.51204133732244 7.17330555780791 0.427273790817708 ex
13 1.92325148754753 1.83698400924914 9.50518236798234 ex
14 4.37862343224697 2.88444379391149 8.05089646973647 ex
15 6.5688130420167 7.26833782508038 0.857827580766752 ex
16 5.84351481264457 8.38525967882015 3.58546671038494 ex
17 7.42226083111018 2.15597950806841 10.5117131790612 ex
18 8.22706939140335 8.32808390003629 6.56086804065853 ex
19 3.213438693434 7.74503286951222 1.82417639344931 ex
20 3.31839177827351 5.88549446244724 4.48174116527662 ex
21 5.57030249363743 0.128099816851318 3.39443062152714 ex
22 9.40143559477292 8.39911936130375 1.40303556248546 ex
23 9.57775234174915 0.0996163389645517 8.36880561546423 ex
24 4.53939395095222 7.08211486600339 7.61425513704307 ex
25 7.91741580446251 5.35083900648169 6.93962733680382 ex
26 9.2386392368935 6.07160984305665 3.42842128220946 ex
27 10.45926910243 5.66918581235223 0.682224697899073 ex
28 5.77140959864482 3.92070846282877 2.56655985442922 ex
29 8.0408511904534 2.29106445331126 1.08723608660512 ex
30 1.60865278239362 2.66050059697591 5.04198549478315 ex
31 5.47489175689407 9.15143475611694 3.02297121309675 ex
32 4.37808351381682 4.24533869558945 2.81921818247065 ex
33 3.40202368982136 6.27947859885171 9.02281189081259 ex
34 10.3752597093116 6.72420281195082 9.54315859079361 ex
35 10.665018951986 8.02281357045285 3.24521643063053 ex
36 9.78849789430387 2.44120088079944 9.44794743740931 ex
37 4.36693020164967 4.25299051427282 1.76635948824696 ex
38 9.17475118115544 10.5678769694641 7.87434062780812 ex
39 1.22026590327732 4.93831038777716 9.59730613231659 ex
40 4.38482646946795 9.2735958150588 7.46883627562784 ex
41 4.09283649688587 4.05454622674733 3.97297401749529 ex
42 3.75242618587799 8.66259466391057 0.0834398809820414 ex
43 4.67040861677378 7.25482064648531 2.27808729931712 ex
44 2.57582549378276 1.03379596839659 1.863021686906 ex
45 6.76029525091872 9.68530240468681 1.23360990080982 ex
46 3.24689910560846 3.67033903487027 10.4708452750929 ex
47 7.91313761821948 10.7786639370024 0.116485240636393 ex
48 8.47011868911795 0.881559359142557 9.89474666467868 ex
49 3.77139731007628 5.59941106522456 10.0685522600543 ex
50 8.89480851474218 6.1346758522559 7.73016991396435 ex
51 9.81181176565588 7.36794245056808 2.49338846327737 ex
52 9.04080390022136 7.09127121372148 10.9768615111243 ex
53 9.47216462995857 4.23692145314999 5.62873038440011 ex
54 9.27352277445607 8.46998103009537 0.200085826450959 ex
55 7.62489926954731 1.60751771181822 4.43215188453905 ex
56 1.73309256951325 2.46996449842118 0.693713077344 ex
57 5.78344674455002 4.93570746132173 3.67029388924129 ex
58 0.300704281078652 0.957683304091915 0.179143629968166 ex
59 2.51568495575339 0.467281105928123 7.16650908999145 ex
60 5.094214346027 2.41358649218455 0.603455216623843 ex
61 8.36716961674392 1.60689548263326 5.59754430060275 ex
62 6.6610648999922 1.5451671613846 0.197069025365636 ex
63 8.06754817673936 9.82471859059297 10.781656750245 ex
64 2.30335470451973 9.84078917093575 4.87925439444371 ex
65 5.53594816592522 1.93758009071462 5.58658374636434 ex
66 6.47510037873872 7.19913414726034 6.87025972385891 ex
67 0.207307583652437 10.9819247836713 4.53941934835166 ex
68 3.0000967590604 10.8579946891405 5.62670368328691 ex
69 3.744326969143 0.804657763568684 0.303253655089065 ex
70 2.13207960268483 8.33435722673312 9.6278374788817 ex
71 10.4274259465747 10.3585746791214 8.65681253164075 ex
72 10.4140783906914 8.21549516986124 8.51369556668214 ex
73 3.18293509958312 4.26629612944089 5.63385402970016 ex
74 2.41352467006072 0.00160597870126367 6.67298355675302 ex
75 2.35033835889772 1.54814252303913 4.02692951029167 ex
76 0.986861761892214 5.4064467952121 4.25492238835432 ex
77 10.3925956347957 5.43608141620643 7.06785300490446 ex
78 4.54055672325194 8.98880167026073 0.0694795027375221 ex
79 8.37991891498677 4.38210343010724 7.23917914670892 ex
80 0.652365968795493 8.61683453107253 9.12525977310725 ex
81 1.46948550199158 5.21308573638089 0.887335188919678 ex
82 3.61273713037372 10.3701344332658 3.46946985460818 ex
83 10.4364133647177 4.78530206647702 8.85762958787382 ex
84 6.16406274423935 6.44267977355048 5.8872507000342 ex
85 9.32729388587177 0.697854273021221 4.33976374566555 ex
86 0.982133302371949 7.03819961333647 6.72974819876254 ex
87 0.983554636361077 6.56016231351532 0.926809332100675 ex
88 8.47700308752246 8.6770184172783 4.98581520793959 ex
89 3.62167718447745 4.79420834523626 8.34991537057795 ex
90 0.609019921394065 9.49625808675773 8.769714839058 ex
91 3.89965541078709 7.28958369093016 7.16683019022457 ex
92 0.204165967879817 3.20063324808143 5.71892980649136 ex
93 3.68552880710922 9.16895383037627 9.99669783329591 ex
94 5.24075465230271 3.78853860776871 5.83328514406458 ex
95 4.17435792158358 8.87706564273685 4.23156269127503 ex
96 8.07467252993956 8.49330027098767 9.38346582930535 ex
97 2.29014010960236 0.0344434319995344 2.83206260413863 ex
98 4.98582437518053 6.59616245375946 6.49277228745632 ex
99 5.64173544780351 8.37708738003857 4.52866210532375 ex
100 1.23012773506343 0.63525314652361 1.24077321751975 ex
101 1.8485587304458 9.00082554505207 1.75847365660593 ex
102 3.97427450981922 6.48044672631659 6.23818912310526 ex
103 10.9530394768808 4.49073790688999 0.0830685468390584 ex
104 0.432577618164942 0.139317078748718 2.44699726765975 ex
105 10.1745716962032 3.42243391647935 1.05968605633825 ex
106 3.2762516583316 5.95736153097823 3.49511530878954 ex
107 4.43820648570545 0.83393280627206 8.8491221149452 ex
108 8.77676131785847 8.98747536353767 2.9964842479676 ex
109 8.51827749307267 6.00139709073119 4.57010606746189 ex
110 3.14338407223113 3.16063041379675 6.41612599394284 ex
111 2.41942418855615 6.03533770702779 0.0424228359479457 ex
112 3.38473305711523 2.75481540616602 2.09778575086966 ex
113 6.35822033602744 10.9395924308337 6.97443636064418 ex
114 2.39823677088134 1.49788486096077 0.382046747254208 ex
115 5.83413803577423 2.1266843797639 10.9933030351531 ex
116 3.38252574438229 5.09347471571527 0.240678350441158 ex
117 5.65854987804778 0.887329235207289 9.97729347716086 ex
118 5.0780148722697 5.7282147933729 7.86844846908934 ex
119 9.97831130144186 4.93732659565285 2.97238402045332 ex
120 9.88839267357253 8.43030241411179 5.10214783088304 ex
121 2.58800531807356 1.76500342274085 9.63639319315553 ex
122 5.14448426151648 0.187286979984492 2.851369648939 ex
123 3.07384067773819 0.795516403159127 5.56640161783434 ex
124 9.62281855824403 1.5268054138869 7.47562827495858 ex
125 10.9483426224906 3.97619381430559 6.02396436757408 ex
126 3.8127824079711 8.62264215084724 1.27390431729145 ex
127 0.0917788962833583 0.170584687031806 7.17078298772685 ex
128 8.40426627523266 1.98557361471467 6.9135421696119 ex
129 10.8529065193143 5.69654926052317 1.74835305428132 ex
130 0.998373430222273 3.01204004138708 10.2747326726094 ex
131 1.81275495188311 1.71762502519414 6.63664011866786 ex
132 6.33432086464018 0.0482804749626666 3.31908169900998 ex
133 6.0403139363043 4.82445018552244 6.42624487564899 ex
134 10.9441237216815 0.722594498889521 9.86435797414742 ex
135 10.5992094473913 10.9304226932582 3.79546054429375 ex
136 4.49406498786993 10.3046967324335 2.87360706645995 ex
137 4.2685720755253 8.0030828975141 8.74042329681106 ex
138 6.64868592214771 4.05490868119523 7.84883246291429 ex
139 1.22516084858216 3.39748818171211 3.06724551762454 ex
140 6.50566953117959 6.27745082648471 6.640092556132 ex
141 2.48683660756797 10.4974862146191 1.84778043441474 ex
142 6.23510946123861 7.76557244104333 7.59206316829659 ex
143 4.19898476125672 1.28406966128387 4.91470255353488 ex
144 1.05110065592453 1.91924615646712 0.295254055643454 ex
145 8.94965288368985 9.6869537695311 2.41190110775642 ex
146 2.99410404404625 4.70461575873196 10.495258056093 ex
147 7.90505928499624 0.937884960090742 3.58622252941132 ex
148 10.3140408594627 6.24829119094647 2.71502307825722 ex
149 1.94872857490554 6.6953304738272 6.91960905608721 ex
150 1.83915441553108 1.17490266216919 5.08359240647405 ex
151 2.55253191036172 10.8201003009453 3.46913067530841 ex
152 6.8993959678337 8.0849929114338 9.46835137112066 ex
153 10.0580064195674 8.97981842095032 2.01103870035149 ex
154 6.70056357234716 0.867953773587942 2.16303885565139 ex
155 1.67876303568482 6.04787612729706 8.65357185807079 ex
156 4.32827259227633 0.438497865339741 6.92195891425945 ex
157 3.72541848826222 7.82700859731995 2.03640620596707 ex
158 6.73649350856431 10.6636591916904 1.33286048402078 ex
159 1.62879391619936 10.8913319394924 4.79541373695247 ex
160 6.76353172562085 10.3564998216461 8.90760910906829 ex
161 4.69944501155987 5.85277021070942 10.2537047704682 ex
162 9.30775603768416 1.11716825864278 10.3716641198844 ex
163 1.49870695918798 2.44065386638977 8.94110729824752 ex
164 0.336566830985248 5.46619295072742 2.33911473699845 ex
165 3.51109272777103 9.55839893291704 1.31858274014667 ex
166 5.56941397767514 7.22171276877634 5.65371225704439 ex
167 10.2331663833465 7.03271470125765 10.6787516709883 ex
168 7.68385001667775 8.38239543605596 9.80354269780219 ex
169 10.0883100961801 4.4549534667749 3.68730096844956 ex
170 2.58782255044207 3.53176838392392 8.79149834183045 ex
171 2.71127690817229 2.06961985677481 4.2605045880191 ex
172 5.30244561191648 3.3799521275796 4.357914326014 ex
173 0.604156227782369 2.02262064884417 4.6841029881034 ex
174 0.368374971207231 10.3933662367053 1.59411409823224 ex
175 2.25410027476028 8.51712079811841 7.55944827245548 ex
176 0.058586900588125 10.2450906957965 6.41877216775902 ex
177 1.84607392712496 7.42415398336016 9.39129691175185 ex
178 3.22764756227843 0.898059522965923 4.97919927211478 ex
179 6.17226786725223 9.61929458240047 4.7943386733532 ex
180 5.62529115215875 10.4528374634683 5.8303899189923 ex
181 0.48668200452812 2.3777612245176 3.08888288377784 ex
182 2.37736995890737 5.20410907384939 1.5716379256919 ex
183 8.83883883687668 6.93225885299034 6.78237560251728 ex
184 6.64687691070139 3.749149907846 2.61113755358383 ex
185 8.73037588270381 5.4167530189734 7.8901526464615 ex
186 0.643020726274699 8.32739367359318 2.48271448747255 ex
187 2.32106270920485 8.16932296240702 6.14949731947854 ex
188 10.0113300979137 0.307885841699317 3.44097453798167 ex
189 9.46541617531329 3.30703989416361 9.22023223922588 ex
190 10.2639666402247 1.89290862274356 2.93816273100674 ex
191 8.32135413354263 9.60725352331065 4.21040492248721 ex
192 3.37145623844117 5.05200835457072 8.60530030354857 ex
193 8.66524251410738 6.81407597544603 10.1143373406958 ex
194 6.71731970692053 8.99744429718703 2.35323165892623 ex
195 2.20233159419149 0.451898173196241 4.16097941296175 ex
196 4.19853938324377 10.2170235726517 10.7915952878539 ex
197 6.59217660105787 6.27575198584236 1.15113018127158 ex
198 10.5751128625125 10.6791469897144 9.08312690001912 ex
199 8.79018859891221 5.37684669159353 10.5337435726542 ex
200 10.2357601602562 10.2286997863557 4.17176499892958 ex
201 4.41212585754693 9.44760949467309 4.97234069276601 ex
202 10.9295261206571 6.5601707296446 3.3116785956081 ex
203 6.37464412185363 3.75939377234317 3.05504742613994 ex
204 0.751401180867106 3.60522056906484 1.21290928754024 ex
205 2.96545148524456 5.21368785062805 2.46989580639638 ex
206 8.27498805942014 10.5690873579588 2.41757440660149 ex
207 7.55049664201215 3.24283516430296 4.30319385440089 ex
208 5.00556770106778 5.36197634343989 3.85473815933801 ex
209 2.89089738833718 9.37156446790323 0.322510038968176 ex
210 6.16071914252825 1.24529393040575 1.19032719591632 ex
211 8.92637448222376 4.02761821192689 3.81969945109449 ex
212 2.76999787427485 4.31674118642695 8.04732507537119 ex
213 5.25017910706811 1.23960686079226 2.94436650210992 ex
214 7.63437068881467 2.89935089321807 6.96919893519953 ex
215 9.56792473909445 7.24916552682407 8.9673063182272 ex
216 8.50302768638358 0.484852528665215 5.86198082589544 ex
217 9.9482997211162 8.51176131330431 3.67436746321619 ex
218 5.56030097487383 8.12270822096616 9.68808752787299 ex
219 1.38419629749842 10.1328168120235 0.089759761467576 ex
220 1.24958460754715 3.49593385937624 0.261082971235737 ex
221 1.89473919244483 8.24127203575335 9.13307683472522 ex
222 4.4783208372537 10.798752885079 9.96695907600224 ex
223 7.41620098939165 6.0105620988179 10.6045670863241 ex
224 10.866305953823 3.57100851228461 4.57622301392257 ex
225 1.35520563670434 8.51328254211694 2.18410575739108 ex
226 9.18269656272605 8.83632599422708 4.6296497695148 ex
227 0.513034457806498 0.734513314208016 5.78726744116284 ex
228 0.433554877061397 3.91244755010121 3.01837388053536 ex
229 3.23632588214241 7.09109695279039 9.45680155139416 ex
230 9.62033870001324 1.38043423416093 4.38290585530922 ex
231 9.45488379872404 1.27940861694515 0.640558015089482 ex
232 9.41165625536814 2.95871872687712 8.96109970309772 ex
233 0.89276130660437 10.7662906448822 3.33110242290422 ex
234 10.103931974154 5.27630153880455 4.6327167225536 ex
235 0.74303787201643 7.16631952230819 2.47377599496394 ex
236 2.86603666120209 3.25521015841514 2.64395057572983 ex
237 4.99676608224399 2.98680345527828 9.66556117217988 ex
238 3.08594415616244 6.27067854395136 4.52532547083683 ex
239 5.32474277843721 6.94178655301221 4.91374270012602 ex
240 8.28017415502109 7.09572994150221 10.6515325382352 ex
241 2.43016662658192 10.0643116824795 8.51005522953346 ex
242 0.245896423701197 9.29565320187248 5.56856264430098 ex
243 7.70506368367933 4.69700468075462 7.09192218515091 ex
244 6.49186910619028 4.79414778924547 9.14332245849073 ex
245 4.30273633822799 9.24028874957003 0.0429571236018091 ex
246 4.86610400909558 7.62318637082353 5.02850918867625 ex
247 6.14367712428793 9.0646191642154 0.816805511247367 ex
248 3.32206813339144 9.49746851460077 7.03153877821751 ex
249 10.0417959264014 9.08214687439613 1.09932984178886 ex
250 3.36187858926132 7.11064623505808 6.38096028473228 ex
251 1.81392841017805 9.21131820906885 6.51197831891477 ex
252 2.09974549571052 8.54183809459209 3.59436596464366 ex
253 8.7126022039447 0.596308750566095 4.49594593257643 ex
254 3.3298103895504 4.28812349052168 4.54932517558336 ex
255 7.01647461904213 2.34865887090564 1.59461746294983 ex
256 5.31598479533568 10.2522283005528 7.91874468117021 ex
257 1.89441552036442 4.11381969391368 10.0545558156446 ex
258 8.86592472321354 2.33706605434418 8.87839386356063 ex
259 6.66493096621707 8.49723965371959 6.39703578036278 ex
260 4.72563516278751 3.06678023329005 9.23163543501869 ex
261 3.23363815876655 9.13800945691764 5.64830844500102 ex
262 8.12894962518476 8.21392614091747 7.88638083031401 ex
263 1.63092189002782 7.56811122898944 6.6454862493556 ex
264 1.63657838082872 0.121823000023142 0.563811648869887 ex
265 5.45323153748177 4.2082002623938 10.904992705211 ex
266 5.27944720629603 2.13098665582947 1.62412545923144 ex
267 1.81438335427083 5.51179277943447 9.23481942410581 ex
268 0.804387331008911 4.45329533773474 3.66389295412228 ex
269 7.31226432137191 9.97837953036651 6.03607739042491 ex
270 2.54586523654871 5.94344523129985 4.01682576187886 ex
271 2.34670004295185 10.306694976287 0.889310855185613 ex
272 1.72618081676774 2.4401330917608 10.4618962954264 ex
273 8.94334002095275 8.7325129006058 5.10076824715361 ex
274 1.49686539708637 0.585045884130523 5.23945126752369 ex
275 9.50866211764514 9.16294946079142 5.25301597476937 ex
276 3.74046609341167 8.94779289676808 6.7049507512711 ex
277 5.77701771259308 5.1911021862179 4.98717770981602 ex
278 0.778070571133867 0.180162193952128 9.84167088172399 ex
279 4.98987454525195 9.80797419906594 3.45360484486446 ex
280 2.66966505208984 7.71704662474804 2.37396816746332 ex
281 6.88923854497261 10.2069796251599 4.18191486946307 ex
282 10.5555196274072 9.74375865492038 7.55470709409565 ex
283 10.1913879809435 9.22545133624226 0.0649691431317478 ex
284 3.01537291961722 3.15403741854243 5.77884616074152 ex
285 10.5718115984928 9.02324388339184 8.3951728339307 ex
286 9.75731883803383 3.09234750946052 1.11670610308647 ex
287 6.68544967286289 7.03200000198558 2.38118662126362 ex
288 6.48779014288448 3.83215320971794 8.24093868467025 ex
289 10.3390882180538 1.44024291122332 8.38002342591062 ex
290 7.03580123302527 6.58308915328234 6.87864643079229 ex
291 2.06345677073114 5.08242240385152 9.49022704665549 ex
292 3.76710201613605 4.97855593194254 0.429241725476459 ex
293 10.2417570510879 5.19025977957062 3.11062160669826 ex
294 6.99728740379214 5.17917459737509 2.77890980080701 ex
295 7.16654329118319 1.21884807082824 10.9983941861428 ex
296 10.9017572884914 8.0518667770084 9.12760931299999 ex
297 3.69496679981239 1.74560649017803 8.36486073257402 ex
298 0.764507277403027 3.55023407819681 2.24113823287189 ex
299 3.23191888304427 3.7771822407376 1.43591933092102 ex
300 1.36349895014428 4.2777036910411 4.13238352211192 ex
301 4.47457657917403 5.73164524766617 6.24405673309229 ex
302 5.73330295435153 10.0779599284288 1.15940869436599 ex
303 9.38671599049121 7.47631722618826 7.91758740949444 ex
304 7.96187651529908 10.8219312662259 9.71317927748896 ex
305 3.94829347846098 4.98797212122008 6.44835392385721 ex
306 5.93640372692607 0.624803754035383 10.4399800652172 ex
307 8.5790696721524 3.33582892594859 3.66974889812991 ex
308 7.29251365223899 7.35974583076313 7.38607775978744 ex
309 4.44580836826935 8.56207681912929 1.94282451481558 ex
310 0.334932717960328 6.86216753628105 6.46957315760665 ex
311 0.595195480622351 7.45697228657082 7.23566638445482 ex
312 10.9486636349466 6.70080041093752 6.89496384561062 ex
313 10.7802019857336 7.74781564204022 8.58150675008073 ex
314 10.6941984076984 9.858080356149 4.61828114232048 ex
315 4.44015267631039 1.5411458038725 9.16844315035269 ex
316 10.2566467691213 0.511980446288362 10.7439840061124 ex
317 1.08782749460079 3.07270654616877 1.15886406134814 ex
318 2.70987169910222 3.04699159739539 9.41280242684297 ex
319 6.66844318900257 0.27349103265442 7.9218218610622 ex
320 7.54389684135094 4.18015670939349 5.65920318034478 ex
321 1.37247581640258 5.49217199906707 5.53370488318615 ex
322 2.18116322974674 10.1033093351871 4.43282124912366 ex
323 3.84340437757783 0.938210514141247 2.41424936288968 ex
324 2.16280867299065 10.682557965396 7.08202840550803 ex
325 7.4595439156983 9.65368511271663 4.00015896372497 ex
326 10.2632040663157 8.87151891528629 7.1111936531961 ex
327 1.53128294204362 6.47996657551266 3.36354792537168 ex
328 8.28895163908601 9.57661995873787 8.23994987388141 ex
329 7.1153772813268 4.43107974319719 6.39677197323181 ex
330 10.4405975476839 4.5744145072531 10.6518909984734 ex
331 8.38433458260261 0.715787034016103 6.81335255806334 ex
332 7.15123153477907 0.832713600015268 9.81084514595568 ex
333 2.67630869662389 2.06315704621375 3.25603813654743 ex
334 0.373555897502229 1.30543682700954 5.91613796888851 ex
335 4.91585831227712 5.57540041394532 1.0775512275286 ex
336 8.01959366071969 5.45342168025672 4.76940390025266 ex
337 5.86719163227826 7.56414728960954 6.13584987353534 ex
338 4.1249625699129 8.65735587454401 10.1559620194603 ex
339 3.32362677715719 5.20567271998152 9.29546874528751 ex
340 2.91363661061041 0.94627865892835 3.99402312655002 ex
341 5.62153802043758 0.329744022106752 8.55820474191569 ex
342 1.2507315359544 0.699698434211314 4.18550591147505 ex
343 5.55640503158793 6.79950304632075 2.81106658815406 ex
344 1.46948380558752 5.95367345330305 1.60998471081257 ex
345 4.38208246184513 1.10005575395189 1.54583463491872 ex
346 1.777494559763 1.19187410525046 4.99027494876646 ex
347 3.70425987918861 8.54432063293643 7.46710308641195 ex
348 1.62798297055997 7.25355867575854 10.8828950205352 ex
349 6.28415637323633 9.56267683464102 5.80256300303154 ex
350 4.31247121305205 8.3245082560461 3.34422220406123 ex
351 2.61530128819868 6.02771876612678 5.89362756558694 ex
352 3.90148998750374 1.76623491221108 6.75169302639551 ex
353 5.03729116171598 5.02502669906244 9.40055617806502 ex
354 7.1548834303394 7.90696856775321 4.78123082662933 ex
355 7.13262733165175 3.5412202514708 1.63436984224245 ex
356 2.04417532077059 7.69463856960647 0.544339544139802 ex
357 8.71268521551974 0.229999265633523 3.76456628739834 ex
358 3.30632301187143 2.57814659131691 6.31412436976098 ex
359 6.99600850674324 5.62853453238495 4.91695749177597 ex
360 0.405385086080059 5.2843619948253 0.299077853560448 ex
361 7.78098375326954 1.81389436987229 3.63115323963575 ex
362 4.69214072963223 8.8527097592596 2.66259082965553 ex
363 10.0300342745613 1.30903882486746 4.75455824891105 ex
364 6.69128342974 7.24657319905236 10.6032702056691 ex
365 0.377395300194621 2.00575513043441 10.504448848078 ex
366 1.14741493016481 10.2987744882703 10.7242663549259 ex
367 7.33412126568146 8.74350709910505 4.36987802293152 ex
368 0.304069459671155 2.23441683291458 7.60707631963305 ex
369 0.39321232936345 1.44234378752299 10.4604857584927 ex
370 2.94358997419477 6.93664627755061 3.70931227807887 ex
371 0.490408073412254 8.53390126279555 7.73728049662896 ex
372 5.47917378810234 9.52685925783589 6.24560038931668 ex
373 0.569723992375657 7.64262912655249 10.5579304967541 ex
374 4.65785721293651 1.21654924564064 0.794809976359829 ex
375 7.98048175382428 4.1865862372797 0.260059273336083 ex
376 8.27140921610408 7.82450259011239 8.17471843259409 ex
377 5.55620232899673 1.55648133833893 6.38333525252528 ex
378 5.85156850377098 4.04835150833242 5.47898093191907 ex
379 4.75246859434992 2.04868440679274 6.0305495057255 ex
380 1.36748729227111 9.31580036040395 5.19717597658746 ex
381 8.0631936150603 3.54608486662619 1.52759285410866 ex
382 7.71024313289672 10.2886456274427 4.9260261063464 ex
383 10.2220333986916 0.562040354358032 1.54723847354762 ex
384 4.92693493072875 7.38808962400071 1.14621348888613 ex
385 9.16145972814411 4.76923103956506 3.26339118811302 ex
386 3.25764252897352 0.272708279779181 1.76268734852783 ex
387 1.34456475730985 7.01981865731068 4.76139574777335 ex
388 7.53644569916651 10.8938394142315 6.04262043442577 ex
389 5.90286024473608 7.43475075182505 1.25286749447696 ex
390 3.17795218341053 2.42701731482521 10.1126768086106 ex
391 2.7304734676145 3.4631990196649 1.19021097710356 ex
392 1.41581645794213 3.61944664781913 5.35415124939755 ex
393 7.95374278188683 5.25751245487481 8.02461668755859 ex
394 5.36458416120149 10.8976061819121 9.57503883494064 ex
395 6.06282552774064 4.37517915270291 1.48028191295452 ex
396 2.75183317949995 10.8313901564106 9.6718652502168 ex
397 6.05443476093933 9.4441239235457 2.16939329844899 ex
398 7.92851491481997 5.37767128041014 4.35757780820131 ex
399 0.669791206950322 1.59208501782268 7.13308480475098 ex
400 2.62991553847678 5.45173367648385 3.31921846652403 ex
401 4.54587208433077 9.80266290251166 5.21871523326263 ex
402 5.19723518798128 1.18675410398282 7.97706310334615 ex
403 6.3008940522559 2.83155141607858 2.80262845125981 ex
404 7.6964383109007 10.2236001521815 10.5701711270958 ex
405 1.61383503000252 2.06253312411718 3.50852456339635 ex
406 2.51917443377897 7.01692799502052 10.5213634760585 ex
407 3.85269667580724 7.88636892754585 5.24678727146238 ex
408 7.58194305584766 8.69775621127337 0.030517868231982 ex
409 7.14611802762374 0.216837980551645 8.34177489252761 ex
410 8.83669290528633 7.31173950061202 5.05669954931363 ex
411 4.86680378066376 0.696194160496816 2.33857053518295 ex
412 7.02490740525536 2.75334459426813 7.76302733458579 ex
413 1.57173019112088 9.11583186965436 9.36543438537046 ex
414 4.14284127717838 0.135328320786357 5.64529858506285 ex
415 5.241674345918 2.61168750654906 9.51490385294892 ex
416 8.05336579005234 5.20942105399445 1.43073704792187 ex
417 5.27302030031569 7.39799117273651 3.99107047985308 ex
418 5.89728807448409 6.16889801737852 7.1030525942333 ex
419 10.7189123993739 1.70132182352245 7.66598752583377 ex
420 0.127341698622331 9.4713996744249 4.921022297116 ex
421 4.12793621537276 0.0124981487169862 0.883867603726685 ex
422 0.840116164414212 0.666829036548734 10.684669714421 ex
423 5.57026813435368 4.27024139440618 8.84754499723203 ex
424 9.98565247934312 6.15430313418619 0.00893848366104066 ex
425 4.84003868093714 0.79343830421567 3.24135645199567 ex
426 1.82999472669326 4.3328432906419 0.927356604253873 ex
427 1.15483633824624 7.28293643519282 0.606464285170659 ex
428 1.29519575228915 2.10500458232127 6.97504520881921 ex
429 5.27266192436218 0.912237592274323 6.18611452053301 ex
430 4.99281848990358 9.43313519679941 6.94004105473869 ex
431 5.00322524434887 9.07314645964652 9.3931982293725 ex
432 8.23952810000628 0.752348611364141 8.77103300509043 ex
433 6.12843340495601 8.15776372444816 5.2412773494143 ex
434 6.64881632244214 3.54637281317264 6.7112092950847 ex
435 9.22411431185901 3.61763033340685 4.6842839200981 ex
436 8.7399656099733 0.21458612405695 1.30845264717937 ex
437 10.1709077954292 0.495443243999034 6.36923510488123 ex
438 8.18439832376316 5.53298256453127 3.15814208239317 ex
439 8.67488213186152 1.07146263355389 0.713542320998386 ex
440 9.16225923737511 1.76653212145902 2.16513399523683 ex
441 7.50172430509701 5.29179947683588 9.54032994038425 ex
442 0.231491624610499 6.82686134171672 2.61226918338798 ex
443 5.03955621714704 5.13000364275649 1.52801973209716 ex
444 2.59789611701854 8.58635914302431 5.32999429479241 ex
445 6.52359490422532 1.33343736361712 10.3673686045222 ex
446 3.3025997034274 1.20619542477652 1.08607396436855 ex
447 0.350927415536717 0.812482571927831 1.05308632459491 ex
448 9.61412810022011 10.4254675072152 0.504847360076383 ex
449 1.07320833858103 4.92567736003548 2.00171000766568 ex
450 7.11654220381752 7.11581683252007 0.16234343405813 ex
451 4.12377167097293 6.95500604715198 4.4560874288436 ex
452 3.7585902872961 0.468461293028668 3.42982232710347 ex
453 7.95712605514564 10.2132393044885 5.7009366818238 ex
454 10.3049304329325 0.160153351258487 0.655434814281762 ex
455 6.68717284104787 10.8332360596396 3.14703717059456 ex
456 9.08856399124488 9.81052558380179 0.905601539183408 ex
457 10.4180329714436 10.6406614624429 7.6848082204815 ex
458 1.09939640783705 3.05991289694794 10.9042387448717 ex
459 9.38349138433114 8.52566938009113 6.00588430906646 ex
460 6.02621079771779 0.0497869194950908 8.48089235601947 ex
461 2.11112474789843 2.96151972422376 5.99806759296916 ex
462 1.39351198449731 9.79026986542158 2.4641240676865 ex
463 8.87911511096172 2.87193667027168 10.0328826513141 ex
464 5.32180270669051 8.71880773128942 1.47681632521562 ex
465 3.08487952477299 9.49197562900372 8.34277846477926 ex
466 0.743066797265783 9.62254348956048 7.10752768442035 ex
467 7.48837963026017 9.50953116361052 0.162810660898685 ex
468 2.07117307488807 8.11941776820458 1.58749304292724 ex
469 5.81758428597823 8.24279699847102 6.11164213600568 ex
470 4.33178123016842 10.085628408473 4.60916725173593 ex
471 10.5819814242423 4.4465954748448 4.91559784323908 ex
472 8.82494440907612 2.0969987672288 0.875324156833813 ex
473 9.44749086792581 2.93664407217875 4.6453343059402 ex
474 1.75160928512923 6.18862193520181 0.0746804412920028 ex
475 6.93294170615263 3.92394858272746 5.38269581599161 ex
476 3.35939507046714 3.60827151709236 0.232134336605668 ex
477 5.0821084023919 9.66079008253291 7.15853851521388 ex
478 5.33006172487512 3.58374408422969 9.3165845181793 ex
479 1.72312007658184 3.00441060401499 2.81972359796055 ex
480 9.75732485181652 2.54988212115131 2.93215213739313 ex
481 7.34480764134787 7.09494420955889 3.99658608622849 ex
482 9.14166970574297 3.84683857555501 7.45815090904944 ex
483 4.94413162441924 8.70062157814391 7.18395224609412 ex
484 2.32886168709956 6.18960938137025 9.15549995028414 ex
485 10.9280174183659 10.5171436367091 10.1987583946902 ex
486 9.57396127074026 2.70095252105966 0.661496640183032 ex
487 7.41919772746041 6.35225342772901 9.76917133852839 ex
488 2.98605894506909 4.35886444919743 4.59663526504301 ex
489 10.8029233014677 3.76400456135161 7.51246952917427 ex
490 10.2476432046387 10.1278422498144 0.455301823327318 ex
491 10.2301710485481 10.5595091362484 2.01868928293698 ex
492 4.69409085204825 0.753285414772108 4.90064148884267 ex
493 1.47615119512193 10.1445472680498 3.84091052506119 ex
494 10.6300719776191 0.764611700782552 8.3611252438277 ex
495 10.3455135785043 8.27245421451516 6.56608591461554 ex
496 10.585982589284 9.86955718905665 10.0296626619529 ex
497 6.11740449094214 2.1441013647709 5.82364440127276 ex
498 8.65914146532305 7.50770342163742 7.5777724145446 ex
499 7.602551874239 7.23683677660301 10.4660900151357 ex
500 6.19082555593923 7.23873289767653 3.82372652110644 ex
501 6.42281849565916 1.40330223017372 6.97134473989718 ex
502 9.74286633799784 8.13250115257688 9.49318282282911 ex
503 2.63564837910235 0.622575759887695 1.43878946499899 ex
504 2.08625035639852 2.71808781358413 9.10718872305006 ex
505 9.99448355543427 1.34348722267896 8.70711486809887 ex
506 5.65122900577262 9.53415429545566 8.80582253681496 ex
507 8.96190654742531 0.927687661023811 7.14172080042772 ex
508 0.0154166794382036 3.95236816303805 7.90752739319578 ex
509 4.24215002125129 9.15943395835347 1.38202204252593 ex
510 10.0875811800361 2.20209324569441 8.58334280317649 ex
511 7.99676162307151 8.42272033635527 2.21957191964611 ex
512 9.59434667509049 7.58021888509393 3.86786253028549 ex
513 7.01656559901312 3.10919894301333 3.31626266567037 ex
514 1.13212460419163 9.76525131426752 10.1956078135408 ex
515 1.15656306501478 7.07197104697116 7.82511826860718 ex
516 2.41827901825309 6.98055356810801 1.8890160236042 ex
517 9.28088250011206 7.3327274559997 4.63373464765027 ex
518 2.79826200008392 5.29009503172711 0.798562865704298 ex
519 1.24253358505666 6.11432147817686 5.74539571860805 ex
520 6.50703173875809 8.91219517122954 7.62945542787202 ex
521 7.56262097368017 4.40753794065677 1.1072578842286 ex
522 6.42078986624256 9.96832806942984 6.38124871440232 ex
523 8.33838657103479 4.09816136676818 2.26895623886958 ex
524 5.1050574129913 8.20836218027398 0.308419653214514 ex
525 7.01426949887536 10.3350606274325 1.69529675995 ex
526 1.04607048653997 6.39950142195448 9.88663107785396 ex
527 10.6560490014963 3.55174667807296 10.1410262943245 ex
528 8.02502524387091 10.642045131186 1.59073385037482 ex
529 3.17247734894045 9.11650300887413 10.8666711070109 ex
530 10.8866951086093 8.33467321074568 0.84826854406856 ex
531 2.31409140815958 6.16617459431291 7.33340404112823 ex
532 0.592013499699533 6.49819596111774 4.22792953881435 ex
533 0.77407812862657 4.16267008520663 0.704790033167228 ex
534 3.87430500169285 4.93330001435243 3.78933039912954 ex
535 5.39921457949094 1.88576775067486 3.46146503952332 ex
536 2.79176044883206 0.0654918760992587 9.12329449644312 ex
537 8.33428451581858 8.43156384630129 1.28251210949384 ex
538 5.70444790739566 7.36454250174575 8.28874799818732 ex
539 3.82232622941956 1.55058740032837 7.21709415293299 ex
540 3.73870019963942 9.1846023669932 3.97404555999674 ex
541 2.15115379099734 2.18040761817247 10.5259883867111 ex
542 8.49648441374302 4.89010450150818 4.35290096956305 ex
543 8.04390974785201 6.23556925053708 5.65320780454203 ex
544 1.30693458160385 0.340420461958274 3.0195288893301 ex
545 4.81288017611951 10.372591169551 8.30702158552594 ex
546 4.93284323462285 6.36292191501707 0.737810127437115 ex
547 5.59868667740375 3.84485565428622 0.578925183042884 ex
548 10.7585004284047 6.79270270862617 1.25234330142848 ex
549 10.3998650959693 2.51643565972336 1.11241107713431 ex
550 8.62734549096785 1.66678775800392 4.3247807205189 ex
551 1.98457575822249 10.649683796335 8.26683419663459 ex
552 10.6235750864726 5.06752212624997 9.44141753995791 ex
553 4.62251033866778 10.6132423463278 6.59732713061385 ex
554 9.65367690334097 10.8243341706693 10.7478021481074 ex
555 10.1381939463317 1.75268088537268 1.31906136241741 ex
556 4.87233564071357 4.41543414001353 5.76639617444016 ex
557 5.5226391418837 0.886037422111258 7.95257074106485 ex
558 4.160211780807 1.04196343547665 3.57431004196405 ex
559 3.99198389635421 8.11671022442169 9.80635230941698 ex
560 6.94170387042686 6.19377894373611 7.27571411011741 ex
561 0.142315662000328 5.42117871786468 3.22167011839338 ex
562 9.74451344762929 0.0690315749961883 10.6427423285786 ex
563 1.02945595257916 1.62515371548943 7.17329089320265 ex
564 1.829161263071 0.548245991347358 6.00001839594916 ex
565 9.22992039774545 4.43970902496949 0.634595327544957 ex
566 6.89236899791285 6.3563031910453 9.04321881639771 ex
567 10.0127663104795 8.60825183056295 1.88361551659182 ex
568 10.7400449893903 1.54668366303667 9.63327882951126 ex
569 1.51280346419662 8.81755691207945 4.14719316153787 ex
570 8.16353631601669 0.104977046372369 10.7361669128295 ex
571 9.04493343061768 7.18713897885755 9.38486405904405 ex
572 2.13290702854283 4.70631043240428 2.25284949177876 ex
573 4.15850648540072 4.74990752688609 9.1897815822158 ex
574 8.46140164672397 10.4736229206901 6.16113330982625 ex
575 2.19682822399773 9.9089703571517 8.82295812410302 ex
576 1.21816775156185 8.13651841483079 7.9739125748165 ex
577 3.35324077145196 6.73148782737553 1.34777595475316 ex
578 6.84222693298943 1.43987423856743 2.15916775492951 ex
579 8.62758176238276 2.36273053381592 7.5359791428782 ex
580 9.89426475763321 9.46450878796168 8.54269727924839 ex
581 4.29414938227274 2.92533279606141 10.9130454347469 ex
582 8.76494858879596 4.80224270792678 1.8004134837538 ex
583 8.09486460406333 5.71616717637517 0.491500084288418 ex
584 9.05794133245945 5.17651438270696 6.08711731992662 ex
585 0.467779647791758 6.13656329968944 3.90709891403094 ex
586 0.860533008351922 8.30488681723364 1.73376443912275 ex
587 4.03052162844688 7.86252116388641 3.99534336547367 ex
588 9.60963398450986 3.22071006800979 10.5589928238187 ex
589 10.8340123922098 3.13881345675327 2.13751742010936 ex
590 2.54669422935694 2.38613919052295 8.39322248380631 ex
591 0.848128486890346 2.90924457437359 1.90190737950616 ex
592 9.48318491782993 4.06424688594416 1.23392552789301 ex
593 3.68882115231827 1.06897777109407 4.82845276826993 ex
594 5.33722662529908 4.42325174319558 7.61559475050308 ex
595 9.10689256805927 4.39754896541126 8.98875400074758 ex
596 8.21265533496626 9.58477133582346 6.84004195616581 ex
597 8.78977400669828 4.0513975287322 5.0027109880466 ex
598 9.95178565452807 6.61021957662888 9.82760989596136 ex
599 6.34509986452758 6.48165091942064 8.64214064227417 ex
600 9.48017405718565 0.475378848845139 3.10075789620169 ex
601 8.22438868111931 0.81345369736664 0.87474095611833 ex
602 4.50930635468103 4.14487463817932 6.31514138774946 ex
603 9.26849250611849 4.63265742664225 4.27893784269691 ex
604 6.06839639763348 8.36379958107136 10.7359005543403 ex
605 10.2027306633536 6.5849465795327 10.0849138421472 ex
606 5.53439734317362 6.15269809798338 0.600849855458364 ex
607 8.18885320448317 5.5719174335245 8.52794747450389 ex
608 5.89497188711539 8.33204866340384 2.51143457530998 ex
609 4.95699054817669 6.60796734876931 7.92306760512292 ex
610 2.83735555666499 3.57791289361194 3.40333594521508 ex
611 2.78008995880373 1.98804295342416 7.53676753304899 ex
612 5.08268615603447 9.70806485065259 4.95477090310305 ex
613 3.6406599925831 3.32268964499235 3.01425536419265 ex
614 9.13411571457982 6.70661239302717 4.67698519397527 ex
615 8.67097132373601 1.0972460731864 8.71146894874983 ex
616 2.53721435065381 7.45075518311933 8.35264838067815 ex
617 4.71124991658144 1.1351824994199 8.40093554113992 ex
618 1.25963420374319 8.56443703616969 0.948232302209362 ex
619 10.5877825836651 6.64738750876859 5.15599154680967 ex
620 5.75974527886137 5.50719979219139 0.0714360119309276 ex
621 10.7310012155212 7.50754611915909 3.71249368670397 ex
622 10.192197638331 7.18182514654472 1.51860318984836 ex
623 9.09267636132427 3.22587967268191 0.130468925694004 ex
624 7.78720699623227 8.94319695746526 8.10997612657957 ex
625 1.77579879295081 2.3447799354326 9.49426566786133 ex
626 10.0732579114847 5.11693660425954 2.70641105319373 ex
627 2.20112552051432 0.23985230573453 5.46832992089912 ex
628 6.62466497253627 1.48483877605759 7.05307531612925 ex
629 8.99321060534567 2.88788236514665 9.84410321991891 ex
630 5.68658169964328 6.00343900546432 5.53374359989539 ex
631 1.45313030923717 0.279818864306435 9.51142620178871 ex
632 3.98403790965676 3.19388904469088 9.77094348915853 ex
633 7.02414959901944 6.01467220671475 4.12769576231949 ex
634 4.9728651905898 10.6442406307906 1.17664459673688 ex
635 9.88086425536312 4.51432038098574 6.04936688090675 ex
636 5.43198467278853 7.73494568350725 7.28237728099339 ex
637 10.8997213437688 9.08081087702885 2.88654493237846 ex
638 6.22041859477758 2.41808798885904 3.074490447063 ex
639 8.45970874419436 5.2746990902815 5.08756522159092 ex
640 2.36118132784031 10.8463268016931 2.84865238564089 ex
641 8.25264944368973 9.41040484979749 1.57360807200894 ex
642 3.5586118970532 8.24578038719483 2.02762411627918 ex
643 0.873808226315305 4.18569965497591 6.67175302142277 ex
644 10.1985947105568 9.13984149787575 6.98723211768083 ex
645 0.43663663812913 3.07141688838601 8.65089964307845 ex
646 10.5367815459613 2.34982021478936 5.54268459836021 ex
647 8.73208454204723 10.9888950211462 0.372651990037411 ex
648 1.71960816928186 0.463004491757601 8.42361360439099 ex
649 1.47608470800333 8.76873727189377 1.21934239915572 ex
650 4.39695343282074 6.96361466264352 9.17033234494738 ex
651 3.12490824749693 3.81770897703245 7.01627733092755 ex
652 6.11262478376739 1.08871493395418 5.9256854490377 ex
653 7.05907369661145 4.61928488430567 3.83895685477182 ex
654 0.810149946482852 3.36001162882894 6.07924920413643 ex
655 2.73278405633755 3.46621799026616 6.32070711045526 ex
656 1.61253619054332 10.6231917941477 2.72977233259007 ex
657 3.80017266469076 8.1242676214315 5.71068834257312 ex
658 6.89098558342084 5.88770442246459 6.56470146612264 ex
659 2.78171757678501 9.6874267552048 9.46296430146322 ex
660 8.80526824155822 10.7589474234264 10.7030816576444 ex
661 4.63773495936766 0.197354906704277 9.59431182709523 ex
662 10.4525543730706 2.85727392858826 7.66491668997332 ex
663 10.4404490347952 9.01296579069458 9.31023948499933 ex
664 2.88904304429889 6.1956856388133 6.34455202380195 ex
665 8.56104379985482 1.51396711356938 10.5129015233833 ex
666 5.86509454925545 5.91928513394669 8.14684071228839 ex
667 9.3127608387731 5.31543564493768 3.14152952143922 ex
668 7.64140086597763 1.1650807952974 7.01620530569926 ex
669 3.87243624054827 2.75413733674213 7.25772403599694 ex
670 9.2959833946079 4.15157823520713 10.5952516864054 ex
671 10.195411976194 8.86269933753647 4.36671257717535 ex
672 1.2418477286119 10.5266799835954 5.6535273627378 ex
673 5.87606033077464 4.8611119503621 9.63831275166012 ex
674 3.89565495331772 4.27387889754027 9.24218544317409 ex
675 7.70082419877872 2.66968047106639 8.72474185936153 ex
676 3.23981182975695 2.58442116971128 9.06157258502208 ex
677 9.31450575962663 5.21008607395925 4.94136283849366 ex
678 9.07147385668941 2.90763636678457 1.02784801949747 ex
679 7.06100375996903 4.60903717228211 8.22142851538956 ex
680 3.70883044833317 4.52008690778166 10.4316492734943 ex
681 8.61396901239641 4.46036441158503 9.01554408692755 ex
682 8.21182069228962 3.14669887931086 0.426335082855076 ex
683 0.462455344153568 8.30219066655263 8.81616161810234 ex
684 2.42148089036345 3.8578240335919 10.9010510994121 ex
685 9.05757059762254 7.22799615445547 0.800670862197876 ex
686 2.83846660214476 4.58243960817344 0.0559753593988717 ex
687 3.27872765576467 1.1577532752417 10.6902126271743 ex
688 4.58581447647884 7.77736222790554 8.49173155752942 ex
689 0.183968560770154 10.8715252645779 7.93910932331346 ex
690 3.91094900900498 1.1596105825156 2.56617055600509 ex
691 5.42438638885505 7.57904357230291 10.6480524339713 ex
692 1.93077387008816 2.48590325540863 4.30302010243759 ex
693 7.82171295513399 7.51336069591343 6.03786961198784 ex
694 5.03589779371396 1.4051619800739 10.0436754676048 ex
695 5.53695976757444 5.66966183762997 5.68624491500668 ex
696 6.32983896578662 4.99494858761318 5.43400746025145 ex
697 7.42007087054662 0.0857096328400075 1.54374603414908 ex
698 9.46029256633483 9.7046577334404 6.50947950943373 ex
699 6.61880937917158 5.02023968170397 0.284951860783622 ex
700 7.6291676950641 8.18717576307245 5.69811616349034 ex
701 7.20286143710837 6.15457402030006 7.73952237283811 ex
702 10.8566930980887 4.10474756569602 9.69074137904681 ex
703 10.9326295843348 10.0747923715971 6.99791191308759 ex
704 9.63111256319098 9.3055591979064 3.65273384796456 ex
705 1.15099515090697 2.6671754498966 2.52512362995185 ex
706 9.26479674503207 7.28611774649471 1.03039456019178 ex
707 9.31873547937721 10.7382136329543 6.38320234208368 ex
708 3.07329607801512 1.82356361532584 3.84595703845844 ex
709 6.20011010952294 8.7629014570266 3.861883406993 ex
710 2.8980721081607 7.92677878006361 3.27347502368502 ex
711 2.90305226598866 8.08896322944202 0.957874858519062 ex
712 9.04526482522488 3.68939904286526 2.1852087196894 ex
713 5.33986858837306 5.88967210217379 6.74550163792446 ex
714 7.05036390922032 10.6415907423943 2.96307816100307 ex
715 1.33426714036614 7.67851581424475 3.37251743115485 ex
716 9.95303322817199 10.1154173815157 8.51714140851982 ex
717 6.65600094338879 6.97735581896268 3.61909884912893 ex
718 5.65366162196733 2.12830771668814 2.60694584366865 ex
719 8.42229969264008 10.8347582288552 4.10535205039196 ex
720 9.98825371661223 3.27684385864995 5.06959433155134 ex
721 3.00633914652281 2.23117553116754 3.78076792578213 ex
722 3.42880613636225 8.51656779856421 4.12642966932617 ex
723 10.9761487278156 0.0719322708901018 5.59012661315501 ex
724 6.02652116981335 5.21630770829506 5.13887029420584 ex
725 5.48040379979648 6.78536272305064 3.37428722833283 ex
726 6.00316070346162 9.01732938806526 7.96276494371705 ex
727 0.0829914230853319 1.2327981905546 0.724103288725019 ex
728 3.70645591802895 6.08180552953854 8.35298277414404 ex
729 5.11097313300706 9.68727978598326 10.9441935035866 ex
730 9.05556289711967 0.829858777113259 1.94890836672857 ex
731 8.7786019872874 9.05410184920765 0.811335387872532 ex
732 1.61716848774813 0.145323318196461 10.0741669470444 ex
733 4.1453233177308 3.64565205480903 7.16891554859467 ex
734 2.7855138538871 8.10299785993993 8.56277103559114 ex
735 7.50583480251953 6.2333272616379 8.33735958463512 ex
736 3.68566912529059 9.54722426598892 0.0172721117269248 ex
737 9.80834979261272 5.50405220570974 8.51892372965813 ex
738 5.73453406314366 6.84983779070899 9.4565767752938 ex
739 4.75938418554142 0.531385417561978 10.612213784596 ex
740 4.54148291307501 3.37919690948911 3.94756068056449 ex
741 3.80820785369724 3.20425931503996 4.44177194335498 ex
742 7.99845517100766 2.19701107614674 0.163535225670785 ex
743 8.22492264537141 3.24050044408068 5.19800501526333 ex
744 5.86891092732549 4.43976429267786 6.10467296047136 ex
745 4.44336599041708 4.83802210399881 4.20868738787249 ex
746 9.03912645555101 9.6990405197721 10.9928529928438 ex
747 10.9759153076448 7.79634822066873 4.22377791628242 ex
748 10.7534372266382 6.42021055868827 7.98654598835856 ex
749 9.00282828789204 8.19310522591695 7.82049365504645 ex
750 9.76038177404553 3.09629084495828 3.56214190088212 ex
751 0.335166921140626 7.12119554239325 3.27731135697104 ex
752 10.5973899692763 4.89957778155804 7.11881698807701 ex
753 10.3296309099533 6.84346441924572 0.927718382561579 ex
754 3.48779301065952 1.11092606186867 0.381550027988851 ex
755 8.68822429468855 6.37318303692155 1.51913090818562 ex
756 1.0084957764484 4.21262730308808 8.33441536687315 ex
757 8.97807903657667 8.71897451998666 0.276870714733377 ex
758 4.57257905951701 2.73097099643201 4.33169979136437 ex
759 8.82082403870299 2.32097013294697 2.43672700109892 ex
760 5.31610843562521 2.69243270228617 8.5140410521999 ex
761 1.73900241381489 5.69378795661032 2.65538653451949 ex
762 4.37922859331593 8.42757885204628 9.60689323628321 ex
763 1.29374609398656 8.47130962251686 3.16977482754737 ex
764 4.62676647002809 3.44629154819995 5.06624803692102 ex
765 5.15665239561349 2.88813419896178 5.45676489337347 ex
766 9.46708275238052 0.895752381067723 5.9175494608935 ex
767 0.979539992054924 9.30610334477387 1.04198241559789 ex
768 0.0712404779624194 6.94812059239484 9.03666727105156 ex
769 6.12067049392499 5.6687320554629 3.34233161853626 ex
770 5.56283536599949 8.25071253837086 10.4587609323207 ex
771 2.84128154744394 1.78728762036189 6.32136965193786 ex
772 1.75831468752585 1.28900830657221 3.79306156095117 ex
773 4.1850280656945 10.6403873665258 3.4986463568639 ex
774 5.53038996714167 8.92413886962458 5.75040474161506 ex
775 5.80176469730213 5.8679847503081 10.8649862078018 ex
776 3.4582660717424 0.697560739470646 8.76751331146806 ex
777 0.645605004159734 9.29123724391684 0.57369911368005 ex
778 0.675181199563667 0.106157678877935 4.1444418663159 ex
779 3.64215810107999 6.65946121304296 10.9201520502102 ex
780 2.59286244912073 7.35497771971859 1.90104336244985 ex
781 2.15041202306747 4.30949941882864 3.28890137327835 ex
782 2.68044339795597 0.988038694951683 0.815316207939759 ex
783 9.93635948677547 2.20199224958196 5.13944413955323 ex
784 0.0595774739049375 10.1690827724524 5.58787144906819 ex
785 6.39600734761916 3.63479190110229 10.3256243444048 ex
786 3.03282341966406 1.85303124273196 9.32237264490686 ex
787 6.98416459839791 10.1774449467193 10.8792300068308 ex
788 8.84564106538892 2.47316442639567 3.35933480830863 ex
789 2.90626121754758 4.92818306759 1.08861143072136 ex
790 3.02041061478667 6.20294674718753 7.79032169608399 ex
791 5.70515957172029 6.13290763227269 10.0731816124171 ex
792 2.09857126581483 2.27213186840527 0.330691262613982 ex
793 5.2584267728962 1.63521920633502 4.57055874075741 ex
794 0.203346581198275 6.81254709349014 10.3339261545334 ex
795 8.05849277600646 3.78578736796044 10.1019697426818 ex
796 0.437985293567181 4.030165506294 9.15199502394535 ex
797 6.94548593810759 2.29522689688019 6.74047153419815 ex
798 10.3645638106391 4.82980548054911 2.06626506149769 ex
799 2.25776590500027 4.96573826717213 5.40641034860164 ex
800 4.21530759404413 7.31611870368943 4.92468880931847 ex
801 9.06587186106481 9.3772087530233 7.16679399739951 ex
802 5.54480411508121 3.13093008846045 7.30587690602988 ex
803 4.52695967420004 3.32880410901271 2.01123730605468 ex
804 5.14560025022365 2.93990315543488 4.058406179538 ex
805 7.03415591525845 4.12304005678743 9.89225456560962 ex
806 7.5927748857066 1.92503232834861 5.24254239303991 ex
807 8.93732571671717 1.98968956503086 7.33979604626074 ex
808 8.22783707384951 10.7166713643819 9.53899197326973 ex
809 4.29686042084359 5.40184513153508 8.53930211416446 ex
810 4.74178676703013 6.12251324532554 2.232150928583 ex
811 7.89647778659128 9.19965570117347 8.32244063261896 ex
812 1.83174872375093 3.91649276134558 8.33494589757174 ex
813 10.7169152442366 0.250126178376377 2.72678830614313 ex
814 1.14270132430829 8.50190639961511 6.14938437170349 ex
815 9.30991337355226 5.70137963583693 5.92816775757819 ex
816 7.93693440873176 5.93659639847465 0.490343595389277 ex
817 7.93222247902304 7.11449337261729 5.47321311989799 ex
818 7.67167455144227 1.02193104382604 6.25749645964243 ex
819 5.62877143337391 3.7724820219446 8.82091847807169 ex
820 6.20376780279912 3.49296738090925 9.47308878973126 ex
821 3.48696692101657 0.80971942609176 6.70508451503702 ex
822 0.00731350528076291 9.35302084684372 9.59574935678393 ex
823 8.12570463237353 2.71522931475192 6.49936449434608 ex
824 8.46635307883844 10.8447698112577 7.18471643468365 ex
825 7.64116386324167 9.39951620227657 1.3865416708868 ex
826 0.166858167620376 9.50989993219264 3.73200645064935 ex
827 10.6084526807535 3.75717774359509 0.339722342090681 ex
828 9.07662294665352 0.296333661302924 6.40700880787335 ex
829 8.12937715067528 4.30865927739069 0.906486124964431 ex
830 0.020287909777835 0.366824992466718 6.87780357082374 ex
831 3.70789482886903 0.763083891710266 7.00530435121618 ex
832 8.9320723656565 5.50921193882823 2.92718341224827 ex
833 6.78702853410505 5.99896215670742 1.11008646129631 ex
834 3.8899932987988 3.98206607229076 8.91915922821499 ex
835 0.170128297992051 4.37441905308515 7.62673479411751 ex
836 7.17532608075999 2.2737980990205 4.54333993722685 ex
837 3.66320423828438 6.96794131258503 2.57289245096035 ex
838 4.48506611213088 1.24583004578017 2.35121384938248 ex
839 1.64917697291821 4.21740241185762 7.1733513798099 ex
840 9.10505266883411 3.42262131022289 8.54334971983917 ex
841 6.69754196051508 0.497321875300258 10.3277270474937 ex
842 7.67913520429283 5.00540927005932 7.11594737065025 ex
843 6.65158500685357 4.85362669546157 8.07713094446808 ex
844 1.16557483351789 10.5617069751024 1.86380932712927 ex
845 10.5373069087509 2.93029741127975 10.0015759698581 ex
846 10.9391225965228 9.48325492325239 3.02809128910303 ex
847 0.00216949172317982 8.61452616774477 10.3450954568107 ex
848 10.2114947969094 4.16004362562671 6.713454102166 ex
849 0.913248516852036 9.30757638555951 2.94693726161495 ex
850 1.65517065743916 3.93198344716802 9.89376243809238 ex
851 9.42005677125417 2.99848916847259 10.1280867638998 ex
852 5.00467597693205 9.15693444991484 5.76961987721734 ex
853 0.950886701699346 1.34224566887133 1.73123767715879 ex
854 5.97395713953301 1.90046058478765 0.321355683729053 ex
855 0.174997401190922 5.54084312147461 6.49506635195576 ex
856 7.24604735500179 8.13478628592566 3.55735017429106 ex
857 7.59944566898048 1.8716589754913 2.41633769497275 ex
858 6.44749965937808 1.56980604259297 4.25963994883932 ex
859 0.0637567397207022 5.10679074586369 1.13026932324283 ex
860 9.60574097675271 5.02385297860019 0.995507098268718 ex
861 1.5302163164597 6.49585633794777 1.51126894471236 ex
862 8.77020101691596 2.77253670338541 4.30942006129771 ex
863 3.2620271705091 10.7249763568398 6.86618766305037 ex
864 10.5363315048162 7.36499463301152 5.47565455758013 ex
865 10.8970319444779 9.54885776364245 5.11492506391369 ex
866 4.35225265449844 5.93555245478638 9.74030894972384 ex
867 3.01787334890105 6.70017740363255 5.10292341629975 ex
868 2.42601760802791 9.1144804104697 3.20442915894091 ex
869 0.977079499512911 1.25226975278929 9.28996233968064 ex
870 8.84134547412395 10.9027103241533 3.86004664562643 ex
871 4.53277809731662 3.35188322630711 8.14338067942299 ex
872 6.90655818837695 0.00836135284043849 0.352993184002116 ex
873 4.63661306514405 1.46026430884376 5.42481924593449 ex
874 0.598545586457476 5.20569341094233 5.06301486003213 ex
875 3.82698302180506 5.09814411820844 1.5228790405672 ex
876 7.20641688187607 2.9425580012612 9.59154973132536 ex
877 9.83084742259234 5.39061596454121 10.6953903927933 ex
878 0.124330477789044 7.51440275250934 0.666402318980545 ex
879 5.30359664000571 9.94907723576762 0.75946247135289 ex
880 5.24567388975993 7.45691839791834 2.08535248250701 ex
881 8.72812632005662 9.0391716118902 7.53588109090924 ex
882 7.21114244358614 4.88001612038352 2.64176958659664 ex
883 8.89939630427398 7.6796150689479 0.418077934999019 ex
884 5.56477118143812 1.77469290001318 1.37162696011364 ex
885 6.37498034955934 7.16639138245955 8.0084149565082 ex
886 1.69962813262828 3.4816608869005 7.9126035165973 ex
887 8.93241072376259 6.95989122614264 2.42024938832037 ex
888 3.37130956142209 8.04843959561549 3.46465704008006 ex
889 3.47746901516803 10.1799095629249 8.10632701637223 ex
890 10.3626170833595 5.83918907539919 10.3321544432547 ex
891 5.77243062923662 1.50732547743246 8.8777097412385 ex
892 6.89316565985791 2.74236975098029 4.78486715536565 ex
893 9.05997470580041 2.7996015867684 3.12088094488718 ex
894 1.64215082093142 7.92773782834411 5.88186809653416 ex
895 7.89722907706164 9.86843089782633 2.5633028766606 ex
896 3.62249769456685 9.43383980728686 6.10728314705193 ex
897 8.21319338236935 6.43956986116245 9.10208853869699 ex
898 1.46253790194169 2.2587709443178 7.55000067828223 ex
899 7.52167809475213 3.99992515845224 5.66757277329452 ex
900 6.61944940849207 3.85300917411223 4.65208061179146 ex
901 5.96366844372824 3.92281720298342 1.2338253678754 ex
902 9.25108051626012 6.66473266482353 5.23978327261284 ex
903 3.88571574515663 7.65101767331362 4.57146215462126 ex
904 4.48646273952909 5.47847677278332 4.66779175051488 ex
905 0.391342304646969 10.458727743011 2.70128278923221 ex
906 2.48541118507273 9.10361243761145 6.58445595763624 ex
907 9.52509119687602 10.1831966924947 9.78045779420063 ex
908 2.41976504679769 9.09328197222203 10.1741801302414 ex
909 6.4207741797436 6.81047902489081 4.13709931680933 ex
910 7.32275593141094 3.63529553473927 0.379931205883622 ex
911 4.79171306057833 6.75793821713887 10.9959542965516 ex
912 8.04312718193978 7.29345963709056 6.73772643343545 ex
913 0.766188234090805 3.06997597054578 9.37506844522431 ex
914 2.05167543934658 7.56355867022648 9.04381871432997 ex
915 5.65358525933698 3.00549488910474 3.41718392702751 ex
916 0.605703533161432 10.6311506105121 0.991671402938664 ex
917 8.54899106104858 6.19307534466498 8.87144433450885 ex
918 5.84034485649318 10.3670719591901 8.88489087787457 ex
919 4.96035043010488 9.46089848899283 2.57475890149362 ex
920 1.4699086965993 6.8776265673805 10.7700257017277 ex
921 6.77779582911171 9.00249473773874 8.452677966794 ex
922 3.6287188436836 4.15448610414751 7.740154418163 ex
923 7.57648558891378 9.40053571341559 9.64206869271584 ex
924 7.35769769409671 9.95343759516254 3.62695756857283 ex
925 3.74943847674876 5.34758323966525 5.51835689484142 ex
926 8.80975257512182 6.4445408352185 0.536714629037306 ex
927 5.6539041090291 2.74434350733645 6.79122996889055 ex
928 9.48203545459546 0.416424104711041 2.77038095472381 ex
929 8.99029593379237 3.39349625888281 4.36394204176031 ex
930 2.16738053760491 8.61680746008642 4.62814357900061 ex
931 7.5683476193808 10.7851732110139 8.80424515763298 ex
932 5.32603939971887 6.61027724319138 1.87241030065343 ex
933 0.000337915495038033 6.96832955093123 5.68302110210061 ex
934 2.45113100716844 2.56672483193688 6.28183075180277 ex
935 6.59468823904172 7.92392986314371 4.35391196794808 ex
936 10.1747046059463 8.0928820699919 10.2985469864216 ex
937 7.10365712549537 3.22590528870933 7.55370713141747 ex
938 3.32607905333862 10.1071802005172 1.8347776918672 ex
939 4.21722897328436 6.59940211824141 1.2326900518965 ex
940 0.164870806504041 2.56768678128719 5.83861182909459 ex
941 8.69863410503604 8.76642748643644 3.83987060049549 ex
942 0.456450709374622 2.4462678025011 8.27752525126562 ex
943 0.147991354577243 8.71057303296402 3.58300182782114 ex
944 4.85390925384127 6.12279174360447 5.18223668239079 ex
945 6.06671240879223 7.94418583787046 5.17906558443792 ex
946 1.06439862563275 5.74050979223102 7.693536255043 ex
947 10.2346512419172 5.90167592931539 8.18920650565997 ex
948 3.79165226453915 8.42557326122187 10.5790327240247 ex
949 8.62814721046016 8.56402103113942 10.7790582773741 ex
950 7.1833240641281 3.49208587431349 10.2760441792198 ex
951 0.957527612568811 4.54492809972726 1.90195631771348 ex
952 4.77116983919404 6.83095046062954 8.37999700731598 ex
953 1.43754493515007 9.49425170919858 3.3459936468862 ex
954 7.23649089899845 3.7170172855258 8.85200831620023 ex
955 6.29068251582794 9.31107783666812 10.5315467449836 ex
956 6.15969453635626 0.216274047968909 6.69264100119472 ex
957 8.85231840307824 2.72337324800901 5.51037260657176 ex
958 4.09553810860962 3.7205046294257 0.664742264663801 ex
959 4.83212073054165 0.857718208106235 1.42448869510554 ex
960 8.21503795147873 1.82054258231074 2.34032619628124 ex
961 0.823113990249112 5.57722230558284 10.3195547738578 ex
962 6.89818232133985 2.40322265750729 10.4200654355809 ex
963 3.78507291828282 6.81745005073026 0.191589388763532 ex
964 3.4902594469022 10.1007893751375 10.9999496678356 ex
965 2.07055759406649 6.78115214849822 8.87664585211314 ex
966 2.69475696468726 0.770504416897893 10.5523253160063 ex
967 4.08617821335793 3.4487754299771 6.5356609984301 ex
968 2.99993830686435 10.435079827439 10.2336118142121 ex
969 7.09838444949128 1.14940594159998 9.57317151501775 ex
970 1.32007483625785 3.6093179625459 6.53257800731808 ex
971 4.511351038469 6.25414520944469 3.94947838154621 ex
972 9.06504399282858 10.7641389642376 5.07914267852902 ex
973 0.752827110234648 4.27514535631053 10.2535877106711 ex
974 4.65174737642519 2.64627322065644 0.730502973310649 ex
975 6.31999605288729 0.842229938600212 9.28801694372669 ex
976 10.5014296623413 2.67455250932835 4.41918141767383 ex
977 7.41831494611688 5.39977545547299 2.95521205454133 ex
978 8.06183691648766 6.26904248516075 3.60334684350528 ex
979 6.73175055440515 3.34320368920453 0.798158058896661 ex
980 8.75754207838327 7.72586274659261 9.01634527253918 ex
981 1.10442182119004 9.33796347305179 8.21673628664576 ex
982 10.0238576950505 2.19333698484115 6.72913335030898 ex
983 9.51132185361348 5.63425380154513 7.82840694696642 ex
984 2.35059243580326 5.71244331239723 7.0623250734061 ex
985 2.98336479649879 8.22596123837866 2.83732314384542 ex
986 3.29142596852034 5.01538761914708 6.38031662511639 ex
987 1.80951925599948 8.81690605171025 10.8991468909662 ex
988 7.94209899590351 2.50784291815944 3.59494601422921 ex
989 1.19318945636041 9.93397781183012 4.40053849271499 ex
990 0.766785613028333 5.83796917903237 8.36971963732503 ex
991 5.89388655987568 6.43299664952792 8.08337149908766 ex
992 9.76407478097826 1.3599565627519 3.41748561081477 ex
993 9.58116788300686 2.98531010886654 7.94508466706611 ex
994 2.01044065505266 1.3033631767612 8.2462363911327 ex
995 2.63226750213653 2.10387800168246 1.94584307074547 ex
996 4.72663672803901 2.22366864630021 2.53903255076148 ex
997 3.54902905784547 7.62601001281291 10.8388909322675 ex
998 7.78920309781097 6.8247072394006 3.27782478858717 ex
999 3.16179718472995 7.44827422499657 8.84059839160182 ex
1000 2.75884238141589 5.46049541956745 8.15184675646015 ex
1001 0.643823393620551 7.27381155826151 1.2230279748328 ex
1002 10.424912145827 1.19377206615172 10.3665166629944 ex
1003 0.523725255392492 7.91999354283325 9.15893609612249 ex
1004 5.84300786792301 10.824846541509 10.5530853499658 ex
1005 6.82497245585546 1.01523131760769 3.25533106969669 ex
1006 3.73492630664259 5.39681627601385 2.9839705072809 ex
1007 0.457968929316849 8.27585916011594 6.91533254180104 ex
1008 0.667957151075825 6.35800953884609 7.03130018291995 ex
1009 7.26518385275267 2.28366091288626 2.42471892666072 ex
1010 10.5387661207933 1.03682817774825 3.66228426061571 ex
1011 4.41049513523467 4.91478302585892 8.10403625178151 ex
1012 2.2816050206311 3.48540649190545 4.40355122438632 ex
1013 3.83604374877177 9.86153365019709 4.28200214798562 ex
1014 10.4363170336001 10.5774209187366 5.35813458682969 ex
1015 2.70308560365811 1.66539205261506 5.70014540967532 ex
1016 7.43932169745676 0.523313240148127 0.0549277050886303 ex
1017 7.66124854842201 9.46888486831449 7.28984608012252 ex
1018 3.30132853309624 2.16623247787356 4.5585816053208 ex
1019 6.87046055821702 10.717056568712 9.06377758970484 ex
1020 4.76871717791073 4.36560960137285 0.82614079862833 ex
1021 7.1417976913508 9.94240396702662 5.76467640139163 ex
1022 6.99139907537028 7.41822379827499 1.62763861194253 ex
1023 7.37787478533573 8.35254595451988 7.65300542907789 ex
1024 7.16432665591128 6.24498711386696 2.10959352366626 ex
1025 7.01098161307164 0.978858902817592 5.30313571053557 ex
1026 6.9894386343658 8.60798833891749 4.55079325125553 ex
1027 5.5498965869192 4.46805594279431 0.990845127496868 ex
1028 5.35665540280752 7.34650153852999 4.35220520943403 ex
1029 8.39656770695001 9.93069389858283 9.25192140298896 ex
1030 9.00773705518804 8.07998851593584 10.086235667346 ex
1031 10.3513176990673 7.46667945757508 0.424098424613476 ex
1032 7.65229092701338 0.741503818426281 6.39273753971793 ex
1033 5.34348410647362 10.9576621388551 6.35246635647491 ex
1034 4.89053447917104 0.667205404490232 7.36101092980243 ex
1035 3.37139370688237 10.2685131474864 0.0780794608872384 ex
1036 3.27185175335035 10.4894912312739 2.56837343610823 ex
1037 8.29550347174518 3.98717362503521 6.35339322732762 ex
1038 4.22564402525313 7.36899828421883 10.2570234069135 ex
1039 2.22759056510404 7.87527255620807 6.05759535985999 ex
1040 5.70554218068719 9.58657830720767 1.38163560116664 ex
1041 2.08329322724603 10.0578900466207 6.48244648752734 ex
1042 4.89335191459395 3.37896881345659 1.00417358544655 ex
1043 1.23760803206824 8.67662941268645 8.10522493021563 ex
1044 6.53441721084528 1.84066325356252 8.83243487705477 ex
1045 2.31248892750591 2.80686575034633 7.76395786157809 ex
1046 6.3327055927366 3.59505228651688 1.99544753110968 ex
1047 10.9681351492181 1.94725622027181 5.50905502540991 ex
1048 9.43359086895362 6.82906025159173 8.24169286200777 ex
1049 3.14471850800328 10.4248866906855 9.15769495489076 ex
1050 2.28804865526035 9.68234140821733 7.78413313999772 ex
1051 3.10697549930774 6.85763603495434 3.52229418791831 ex
1052 9.35428711399436 7.33612206974067 5.21357464091852 ex
1053 4.65224048728123 1.48982788273133 7.16160171898082 ex
1054 10.6104489804711 8.95020058075897 5.71400819299743 ex
1055 5.63003075169399 3.13173683430068 6.58519264543429 ex
1056 8.04334299615584 3.69445045432076 2.0061111189425 ex
1057 7.02797818160616 9.23557923967019 10.0304573567118 ex
1058 1.32792062475346 0.121073769172654 2.88923690095544 ex
1059 1.22186986589804 5.33383106603287 8.79064640030265 ex
1060 9.18669680599123 6.75091824657284 2.64859128417447 ex
1061 7.47892726445571 2.46060344716534 5.38247494120151 ex
1062 1.75494039081968 5.33550993190147 3.77918913844042 ex
1063 10.8355262319092 4.23040638840757 1.39210832724348 ex
1064 6.0199197572656 6.31687445263378 10.5733516819309 ex
1065 7.07064961805008 4.42551278974861 4.30911692255177 ex
1066 6.76312232972123 4.38178278272972 3.00305741582997 ex
1067 9.29649214446545 0.112433009548113 7.40647756890394 ex
1068 6.94038098608144 10.4384053158574 2.76563060469925 ex
1069 4.85775508219376 7.78596690064296 6.02987020788714 ex
1070 3.39230975881219 2.55564042506739 0.099418179364875 ex
1071 8.36504741408862 1.58239386789501 1.37448139674962 ex
1072 9.46990343602374 1.38524785637856 1.90767471701838 ex
1073 7.26838756725192 0.492052745074034 4.84972216724418 ex
1074 10.560467682546 3.75390540831722 8.48304913728498 ex
1075 2.1092231979128 9.62755169696175 1.58926610322669 ex
1076 0.589294862002134 5.32410663412884 7.10706884763204 ex
1077 2.29547287826426 8.70753192272969 10.9057657492813 ex
1078 6.68909083958715 0.679833288770169 1.20777300838381 ex
1079 10.0451371262316 4.44685191218741 5.21384051721543 ex
1080 2.38746916106902 5.09109527687542 10.6826785984449 ex
1081 0.317798441741616 0.836111958837137 8.04139677761123 ex
1082 1.16474067931995 7.21936203306541 1.13469244074076 ex
1083 7.73715214966796 8.68579133111052 1.35956859937869 ex
1084 0.445337460143492 7.23242695000954 8.03943320945837 ex
1085 2.90046251681633 5.19136009085923 6.77016459265724 ex
1086 6.72132426803 9.23160513513722 3.9362047391478 ex
1087 2.0798156876117 7.73557611601427 5.33656770829111 ex
1088 6.40006597735919 0.754931761417538 5.0575073310174 ex
1089 5.92781206290238 8.56400545919314 7.83405674318783 ex
1090 5.8306623257231 10.3267602876294 0.660850521409884 ex
1091 0.277784405974671 8.18117379280739 5.13809419213794 ex
1092 3.09861226077192 2.97325057978742 8.58066309173591 ex
1093 10.2005567639135 2.79451479529962 3.88628195947967 ex
1094 0.26919812662527 10.323958810186 9.78594831726514 ex
1095 7.72878907597624 1.00533801293932 1.04212672100402 ex
1096 9.64018424530514 10.5642996407114 4.46506595774554 ex
1097 3.135407543974 7.95462996093556 0.154276207089424 ex
1098 6.64888426102698 10.9767721113749 5.91524800052866 ex
1099 9.81419034674764 5.64906275295652 9.16875852667727 ex
1100 0.037464510416612 3.35973358270712 4.25031121005304 ex
1101 1.91525957616977 5.16381295700558 4.43211671942845 ex
1102 8.00693948031403 4.35970404022373 8.94497374584898 ex
1103 6.53666267730296 5.51963149616495 7.25819782353938 ex
1104 10.1055778977461 5.93606022768654 5.8076393995434 ex
1105 10.7045881035738 0.832099550170824 4.71617109817453 ex
1106 1.53690450335853 1.02266330155544 10.2998514522333 ex
1107 0.625816349638626 10.8631032486446 10.9507301431149 ex
1108 10.1617911481299 10.6264978975523 1.23936332040466 ex
1109 6.18239357369021 5.22548074880615 8.52032930683345 ex
1110 0.781742188613862 7.6142284127418 4.91751906019635 ex
1111 0.312598180258647 7.77024154504761 5.01066691917367 ex
1112 6.62807026039809 4.6534140384756 4.57195845735259 ex
1113 5.98287369008176 0.131783016724512 0.633901983965188 ex
1114 10.3392736350652 7.05404989002272 6.73779161414132 ex
1115 7.00054054358043 8.84084823401645 6.09418797120452 ex
1116 6.8801813411992 4.14078350435011 10.7405817431863 ex
1117 1.22185030137189 9.55720602720976 7.92845120443963 ex
1118 8.43306371243671 7.60162867512554 4.07427341770381 ex
1119 1.7754987468943 0.908397973515093 7.68829789268784 ex
1120 9.91888702241704 4.30365860904567 7.5796018592082 ex
1121 0.518520190846175 5.6183392314706 9.50606992072426 ex
1122 1.84613774903119 9.32142175431363 0.445772056700662 ex
1123 10.4399607230444 3.41438348474912 5.79980597016402 ex
1124 3.5239714125637 4.81604860862717 1.293361781165 ex
1125 3.34280532901175 0.187439321307465 10.6042961762287 ex
1126 2.42053274810314 6.73456456279382 10.2384457089938 ex
1127 9.03333112341352 0.0179680644068867 9.11068818578497 ex
1128 1.32243086816743 7.64749482809566 8.91440925048664 ex
1129 10.7619782576803 2.8296020035632 9.87199503253214 ex
1130 1.93479776522145 10.1530427315738 6.35885130101815 ex
1131 4.13644678890705 4.12725078617223 7.93644797080196 ex
1132 0.55113257560879 8.60500153014436 4.42056104331277 ex
1133 6.92839285149239 2.14020213321783 0.0516620490234345 ex
1134 10.8299753109459 0.934777553658932 7.91801132285036 ex
1135 7.60306427371688 6.79823363828473 1.68859857926145 ex
1136 6.93159274896607 8.13592862221412 1.27721140813082 ex
1137 9.39878788450733 8.19914469355717 2.13319530966692 ex
1138 9.31508270115592 9.38864463055506 1.60529451654293 ex
1139 0.93956809071824 10.8921050119679 8.86447992129251 ex
1140 8.14169013011269 4.28360657230951 6.2971758118365 ex
1141 1.56893671280704 2.26565545494668 1.1595211494714 ex
1142 5.58557365764864 8.80078285373747 8.71867531654425 ex
1143 7.56755564408377 3.26425983314402 2.7228530596476 ex
1144 10.7670846602414 6.50214095693082 8.67010869900696 ex
1145 5.16635136608966 4.70120422588661 1.29651673254557 ex
1146 0.56712122191675 3.74756652954966 0.224019800545648 ex
1147 5.55592202395201 3.03812054288574 10.0195422300603 ex
1148 0.402935768710449 1.43109374935739 4.53130283462815 ex
1149 5.85451208171435 4.39007621002384 2.15197183005512 ex
1150 9.49856931343675 10.6259493494872 2.76599021721631 ex
1151 2.3507197687868 2.68794553750195 2.78806459996849 ex
1152 6.92286573466845 4.7294936790131 2.24960248381831 ex
1153 6.04138631629758 5.99896233086474 10.4763182494789 ex
1154 10.9918695508968 1.35714934882708 6.35897381813265 ex
1155 0.8676596514415 4.09644027007744 8.95104432431981 ex
1156 3.66516978689469 10.2114205781836 7.86774506466463 ex
1157 8.37482482404448 7.9726150741335 3.65497465361841 ex
1158 1.1955004951451 7.9945410285145 2.67466126009822 ex
1159 2.33088363986462 1.00392452673987 3.84989535622299 ex
1160 0.845746881328523 1.00907285045832 2.28040153114125 ex
1161 5.38665138813667 0.0634450444485992 4.07868367736228 ex
1162 9.70421340386383 5.60220657568425 1.08193216030486 ex
1163 9.05010177171789 2.41942023974843 6.13595427200198 ex
1164 0.699105980340391 1.42226878926158 8.15189407882281 ex
1165 7.19240883598104 3.69534313236363 9.06276332377456 ex
1166 7.71526593947783 8.46511998679489 10.9871983183548 ex
1167 6.96939925313927 6.46372705558315 2.55663233227096 ex
1168 6.05383822950535 2.26060220389627 7.63113631936722 ex
1169 2.72073903330602 1.08988710772246 2.05444039637223 ex
1170 7.07754179905169 7.67062859213911 1.22330871038139 ex
1171 1.09817655570805 6.03707734169438 4.08188491687179 ex
1172 4.21328793349676 9.81878507626243 9.78107176511548 ex
1173 1.515639471123 10.9766334262677 9.40210026223212 ex
1174 2.96845438331366 4.29853585991077 6.32065890869126 ex
1175 6.30291267391294 1.37845290871337 9.08143454603851 ex
1176 2.14189989445731 3.71807546028867 7.2291883144062 ex
1177 9.58491430594586 10.6529160204809 1.01095707924105 ex
1178 5.12227238900959 2.61626646225341 7.72055977978744 ex
1179 3.74097836529836 0.322322092484683 9.74089418398216 ex
1180 0.323134969454259 0.525269323494285 3.67996351770125 ex
1181 4.81711506191641 1.52447308646515 10.7195369212423 ex
1182 4.27993001625873 2.19685238669626 3.37275991099887 ex
1183 0.834603652823716 2.20602949243039 9.77381347049959 ex
1184 2.65094776311889 4.7794023102615 7.04559662123211 ex
1185 10.0010969401337 3.90210963739082 3.04120217077434 ex
1186 2.16731222369708 1.47586023039185 10.1739229981322 ex
1187 10.5105730548967 7.09589245310053 2.1367085329257 ex
1188 7.37654161802493 6.99981828825548 0.576009848853573 ex
1189 7.92154832137749 5.52863454050384 3.92441655695438 ex
1190 8.48571375128813 1.33823754498735 3.04506207839586 ex
1191 1.80601964658126 1.54136286396533 2.433179120766 ex
1192 4.04843024676666 7.71251803659834 9.70460000541061 ex
1193 2.39287880784832 6.59414017898962 4.4405495133251 ex
1194 3.36460585403256 7.86400352790952 3.21131007582881 ex
1195 5.24287093710154 7.07310895691626 9.49773358437233 ex
1196 7.48139481619 10.3532157503068 7.06104242801666 ex
1197 5.23687499715015 1.5741332443431 9.51989117427729 ex
1198 5.70034902309999 5.28745001205243 2.55407024174929 ex
1199 6.37402213620953 2.65295687667094 9.35631859046407 ex
1200 2.50754235917702 9.8997622479219 2.36907547479495 ex
1201 5.99149769265205 9.50550736440346 2.67583764484152 ex
1202 5.29285972448997 7.67851812625304 0.0749276496935636 ex
1203 10.3844019996468 7.88053662143648 9.57950191292912 ex
1204 7.83550211391412 5.4629080046434 5.77358485991135 ex
1205 7.96012127259746 3.82850026991218 6.97168825706467 ex
1206 8.04051820770837 7.4455846354831 1.88140853261575 ex
1207 6.07765334099531 8.05757338809781 0.564076877199113 ex
1208 9.02874991646968 5.02932021138258 2.97449359716848 ex
1209 8.02943426114507 4.38689327146858 10.704671765212 ex
1210 8.50830484204926 5.85503912693821 6.22367710061371 ex
1211 3.1787313548848 1.49152353266254 5.68615082162432 ex
1212 4.50434133550152 9.57608436164446 8.36117468914017 ex
1213 9.33960521058179 4.43404372618534 9.00647596991621 ex
1214 5.88903207005933 10.439461450791 4.69416636205278 ex
1215 5.18169941264205 2.17365574487485 3.6231401541736 ex
1216 0.657283431850374 4.38661772105843 2.88100271183066 ex
1217 2.8360629004892 7.24143298109993 7.20042701880448 ex
1218 8.12520175660029 8.00584896281362 8.5642426032573 ex
1219 10.5688295946456 7.70129081793129 7.50407361751422 ex
1220 4.97738186316565 1.76957848086022 6.95868058223277 ex
1221 5.93566605448723 10.3713515133131 2.34576713456772 ex
1222 1.9466074348893 1.41409813589416 8.83613360021263 ex
1223 8.37800829461776 9.09751825383864 3.94839591369964 ex
1224 7.34994703996927 5.95503994822502 1.92054406786337 ex
1225 6.39979111566208 8.45548750762828 8.64645680668764 ex
1226 10.8321670284495 2.4016139593441 0.766964274225757 ex
1227 5.47761563677341 0.57204147009179 1.73660029307939 ex
1228 6.66752061713487 4.36020223842934 0.0471295989118516 ex
1229 9.93717457656749 1.1837681226898 5.81490560830571 ex
1230 9.87495642970316 3.78881831979379 6.18424622970633 ex
1231 8.36553959152661 10.8510433195625 5.2377883924637 ex
1232 3.78941131872125 3.11902102106251 2.20278208982199 ex
1233 3.36642392887734 10.0932961385697 4.36098494403996 ex
1234 9.32163992314599 1.93787955283187 6.0837393575348 ex
1235 1.11538095027208 4.5642208699137 5.75604225019924 ex
1236 10.6313194828108 6.84583348827437 4.37595174089074 ex
1237 4.7368253825698 10.4707467274275 0.334824455436319 ex
1238 4.74571697367355 3.85810811212286 10.5132824219763 ex
1239 3.16214508679695 2.13119894359261 5.80159154813737 ex
1240 1.01020424044691 4.27652308787219 3.92144833528437 ex
1241 0.916747354902327 6.88946183794178 8.83023237064481 ex
1242 0.413015461992472 2.39204032439739 2.32305728551 ex
1243 8.25386783247814 3.80516737978905 9.81115050264634 ex
1244 5.06482118973508 0.286378603195772 5.55470047262497 ex
1245 8.73254911811091 10.8346709525213 8.90702540008351 ex
1246 6.57217582711019 5.69481837167405 9.15414931369014 ex
1247 9.30821206443943 6.59375166869722 7.91845806268975 ex
1248 4.10998061602004 2.53704581363127 7.19656271021813 ex
1249 7.7472761166282 5.36855723545887 10.3829142916948 ex
1250 4.76488702022471 2.25869515258819 1.92412720108405 ex
1251 20.5644790846854 10.5549390737433 3.69368294463493 ex
1252 19.1881153872237 9.87833354063332 4.31162596167997 ex
1253 19.5336008893792 0.822256153449416 2.94465203490108 ex
1254 17.3896513537038 1.04311264515854 5.32595259859227 ex
1255 19.9289065510966 10.2920669086743 9.12662962847389 ex
1256 12.524196711136 0.676318738842383 4.93329989584163 ex
1257 19.6298455123324 10.2953048122581 5.88275575917214 ex
1258 21.8024321736302 0.53601389285177 7.50363214570098 ex
1259 11.5135728439782 6.21895723720081 10.2240550459828 ex
1260 13.5192757979967 10.2940673923586 4.99455942236818 ex
1261 16.6724254947621 3.07511255517602 0.0737997889518738 ex
1262 19.5726842312142 9.78854434052482 2.19088677689433 ex
1263 18.6379083476495 10.0283163837157 0.341224435251206 ex
1264 13.313659616746 2.46257738326676 8.18540510744788 ex
1265 12.6399903115816 8.15238387417048 7.1628474094905 ex
1266 16.1633181632496 9.28898571082391 4.20174630731344 ex
1267 17.1473245692905 2.35519255138934 7.79080132837407 ex
1268 15.9896945965011 5.49737763102166 3.32068049651571 ex
1269 14.7099905817304 5.16574699454941 3.05793968774378 ex
1270 17.4677206771448 4.62475353595801 7.9746223972179 ex
1271 20.8636838458478 4.58639109693468 1.2821865612641 ex
1272 16.0032829584088 1.51036317530088 3.74560389132239 ex
1273 20.0020841357764 0.994612904964015 2.64467450557277 ex
1274 17.8211631004233 4.79504855535924 5.49606130365282 ex
1275 11.298759391997 6.68869406031445 0.666794293560088 ex
1276 13.5529266688973 9.65140269021504 1.31437098002061 ex
1277 17.5381414301228 0.239437494426966 0.757194478530437 ex
1278 21.7589934146963 7.04082674579695 10.0375168002211 ex
1279 16.8246021550149 0.682169202947989 2.59221060783602 ex
1280 12.4853406739421 10.1183349406347 10.8943073782139 ex
1281 20.2942159983795 10.6161727849394 2.2142372271046 ex
1282 15.3142853188328 8.586284839781 3.08849971042946 ex
1283 19.6990286975633 6.05537763424218 3.93521575373597 ex
1284 15.9137847903185 7.04521755408496 6.89336759643629 ex
1285 20.1409780585673 1.20258782012388 1.85321027692407 ex
1286 13.7127797850408 5.82442880049348 5.60644123214297 ex
1287 19.2898079243023 4.37160869897343 1.23935663187876 ex
1288 12.0203604693525 0.508863505674526 3.72939364914782 ex
1289 19.0119562784676 2.09043734543957 9.63579453947023 ex
1290 17.9220598211978 4.52967855008319 2.09054402913898 ex
1291 12.1179776296485 5.6868818688672 5.74236001772806 ex
1292 13.954660638934 4.34890199708752 5.01569336024113 ex
1293 18.924804846989 0.546046140603721 10.7217890555039 ex
1294 16.5156305052806 8.77492081769742 0.403524053515866 ex
1295 15.1202305471525 4.41186522692442 1.98051125067286 ex
1296 16.7828320604749 6.53294908953831 4.30699019203894 ex
1297 14.5513504990377 3.91215873835608 6.12756547774188 ex
1298 14.0300705959089 9.23187248338945 7.67425959999673 ex
1299 14.5076013812795 3.19498296990059 0.0697843758389354 ex
1300 19.7402158803307 5.81522393529303 3.35058869188651 ex
1301 19.9669127161615 3.71421857899986 6.11780156684108 ex
1302 12.9355053496547 9.02580002089962 10.8881529120263 ex
1303 16.2110317610204 3.41918728523888 10.7995607741177 ex
1304 13.7584668314084 1.63612293149345 8.55373048363253 ex
1305 17.8092314347159 1.81416822387837 6.72477854951285 ex
1306 18.3069436254445 0.92580899503082 3.37744787544943 ex
1307 12.3604986844584 7.21968092420138 1.59595251805149 ex
1308 18.9814754272811 7.3442188212648 7.37170116370544 ex
1309 20.3290887360927 5.85932762222365 7.13855458167382 ex
1310 17.8311977195553 0.119711101287976 10.5338625125587 ex
1311 21.1236314147245 1.12867629854009 8.11264911317267 ex
1312 18.2554513863288 10.716004114598 4.52441514562815 ex
1313 18.0958887173329 8.26419639564119 5.53693313407712 ex
1314 13.1979624687228 7.84800941031426 0.000226930947974324 ex
1315 14.812360429205 7.35422803158872 1.77138059632853 ex
1316 12.9554056511261 2.87204060493968 4.41630166932009 ex
1317 17.3872645169031 5.27917102491483 9.9941738313064 ex
1318 21.5161066211294 7.90620943158865 1.95255174557678 ex
1319 19.4727802562993 5.97694986825809 0.521174807101488 ex
1320 17.5237842870411 7.22628289926797 6.52919841790572 ex
1321 16.852931404952 3.3829159103334 9.19155803136528 ex
1322 17.3681568955071 3.76933757169172 1.82074734615162 ex
1323 15.9396894995589 3.55501828948036 8.56168337864801 ex
1324 16.3809998747893 4.14793536276557 2.62578730331734 ex
1325 19.8119287367444 1.45011377730407 7.28691762196831 ex
1326 16.9726998684928 1.56215795106255 7.72555343410932 ex
1327 21.7930682678707 2.5097650163807 1.87336095701903 ex
1328 17.577295338735 0.942435441305861 1.25175764155574 ex
1329 17.7185778778512 5.24609732045792 0.963847114471719 ex
1330 12.7568373621907 1.52257300773636 6.99785891198553 ex
1331 20.9354347961489 2.14126145769842 2.33978456584737 ex
1332 12.5291735166684 6.29426049697213 0.579115529311821 ex
1333 20.2939798957668 2.4450613798108 7.08323087054305 ex
1334 19.8656727958005 4.07322015520185 7.71158386743627 ex
1335 17.8372126056347 3.44987680041231 10.0479957114439 ex
1336 19.6298175579868 3.8698981476482 9.43732635513879 ex
1337 12.3196452581324 1.99795220326632 8.97683937824331 ex
1338 17.3093288065866 0.0343624821398407 3.01918646320701 ex
1339 13.4404022640083 1.8600530854892 3.26694851741195 ex
1340 13.1935578528792 0.206162457121536 2.45729559939355 ex
1341 16.421281715855 8.91540988045745 8.87300516292453 ex
1342 16.1258367078844 0.857877613045275 8.21454092115164 ex
1343 17.1828370383009 3.89020550786518 6.08865821408108 ex
1344 13.1401792932302 10.6888222529087 0.203070723684505 ex
1345 19.3794450215064 8.18462481745519 2.50434741820209 ex
1346 18.2597121526487 2.03598545095883 10.6996874772012 ex
1347 15.8489902492147 5.7900693633128 9.33413337962702 ex
1348 12.5471394879278 1.19434813898988 7.94106192537583 ex
1349 11.8900186507963 0.468710072804242 7.07977081136778 ex
1350 12.9297488767188 9.75478955567814 8.77501151314937 ex
1351 12.5927872988395 7.97004024405032 9.28056178195402 ex
1352 19.168469379656 3.27880918444134 7.00722421193495 ex
1353 13.4958421315532 9.17958565475419 6.08257043035701 ex
1354 17.846888015978 9.33567181206308 4.23085165349767 ex
1355 19.9941732003354 2.55819956772029 4.00974880694412 ex
1356 18.882222156506 2.23112541623414 5.08533677342348 ex
1357 14.8133284503128 6.09058663225733 5.79054386913776 ex
1358 21.0302375778556 4.85564610594884 1.04117655218579 ex
1359 11.1913568309974 4.34057275368832 1.92143074120395 ex
1360 21.1248300836887 7.32023824704811 3.48990634083748 ex
1361 20.1018108455464 2.23421807982959 5.1074457122013 ex
1362 17.2728424847592 7.76521948142909 2.24883292336017 ex
1363 18.0489115181845 3.76330282981507 5.94923619553447 ex
1364 20.654830803629 5.24372054217383 0.616954331053421 ex
1365 18.4799961161334 5.1026905446779 3.49696398386732 ex
1366 19.8179628620856 9.07638275949284 8.66503324033692 ex
1367 12.5218068195973 4.25067011616193 9.62168566300534 ex
1368 18.9556663129479 1.74676800752059 5.49032331863418 ex
1369 11.0799287487753 3.61191645474173 2.6405883799307 ex
1370 17.7453286275268 2.70165472524241 1.84332629106939 ex
1371 15.3974416579586 2.71670517534949 1.2838514870964 ex
1372 15.8854333828203 7.87058677035384 5.76229508523829 ex
1373 15.2532345408108 0.293893709313124 4.92993660760112 ex
1374 14.0230339418631 0.323672199388966 9.5358400430996 ex
1375 12.1771769025363 5.13841321575455 0.996060022618622 ex
1376 18.2004651366733 8.55150475795381 8.23914086003788 ex
1377 15.097150930902 8.95653001731262 4.0330179084558 ex
1378 20.9171801842749 1.49029304645956 4.76745829964057 ex
1379 14.9687972529791 9.62083833222277 9.44103472563438 ex
1380 11.7896634060889 0.873094856506214 3.06600834871642 ex
1381 19.8899737913162 7.61637757485732 9.79597543505952 ex
1382 19.9597393742297 1.41513790353201 2.68613444804214 ex
1383 17.4250067430548 2.36129709822126 5.45926786214113 ex
1384 11.1127307862043 5.70159100345336 5.89100460615009 ex
1385 13.5978240179829 2.1895529080648 10.9703177518677 ex
1386 13.6746801130939 5.83832416404039 10.3195617524907 ex
1387 15.4796329489909 7.97421873221174 3.83237104769796 ex
1388 16.4938728297129 2.71395354229026 9.28004636475816 ex
1389 12.231254123617 7.09101599827409 8.10749394842423 ex
1390 19.433013118105 9.5044056486804 10.8119326073211 ex
1391 12.9478131704964 7.797371576773 0.583670781925321 ex
1392 18.8912102957256 4.17363815498538 6.66840874729678 ex
1393 20.3004684194457 6.90160091524012 3.44666515034623 ex
1394 14.9952242942527 10.4865285120904 5.21317424671724 ex
1395 14.9220255818218 3.90138404327445 4.58461307128891 ex
1396 16.9551693305839 6.08398394170217 9.24352927156724 ex
1397 17.6542507309932 6.16389053198509 3.137130782241 ex
1398 20.8674052974675 4.35758237098344 2.04874692112207 ex
1399 21.8004058015067 8.99254605546594 1.70631731906906 ex
1400 21.2867637483869 2.32415033318102 10.7212394250091 ex
1401 20.566498397151 0.587140479590744 7.92950185295194 ex
1402 16.9340924690478 5.48167339153588 6.48078601644374 ex
1403 19.4664755626582 2.89707741816528 6.1955929773394 ex
1404 18.4023113986477 10.6550304491539 1.17131415009499 ex
1405 13.5101520586759 2.38362655532546 4.45881599234417 ex
1406 20.0721595932264 4.81105475523509 10.5818508497905 ex
1407 14.026873433264 7.09480029996485 10.6046506536659 ex
1408 14.1227728831582 2.70923311985098 4.7708325998392 ex
1409 20.6552521861158 1.37665681517683 2.07947751367465 ex
1410 20.3300669752061 10.5761137357913 8.72639276646078 ex
1411 20.6432126678992 7.99114523781464 3.41858301614411 ex
1412 12.5608807874378 2.55981667642482 8.71832153759897 ex
1413 19.0081854963209 0.547716481843963 8.41906492249109 ex
1414 21.8942592302337 7.67075652722269 2.83187137590721 ex
1415 18.180283996975 6.65758244576864 10.9027482823003 ex
1416 19.7782372834627 1.86366025544703 10.7779767247848 ex
1417 12.7961118535604 6.9855283619836 5.57283319975249 ex
1418 21.3660725746304 9.17515137698501 8.55265401047654 ex
1419 13.7426149768289 0.953820816474035 8.192136623431 ex
1420 15.4219178601634 2.73915868229233 0.60089483927004 ex
1421 16.1106938074809 10.7121975694317 7.34014407964423 ex
1422 21.4926627771929 0.902267588302493 5.61978194932453 ex
1423 18.1443738129456 6.43913673539646 8.97571428585798 ex
1424 19.0653223784175 9.74231937061995 5.42700340179726 ex
1425 19.9032089149114 8.41157977515832 1.10222442867234 ex
1426 13.6437659370713 3.77085968456231 4.29024435020983 ex
1427 14.7790799809154 5.58101584296674 9.17271225061268 ex
1428 11.0046861292794 8.27681626216508 1.98997538629919 ex
1429 19.8669239943847 10.8845025443006 3.4939934881404 ex
1430 16.1312079487834 10.2695917417295 8.68641692795791 ex
1431 15.201349868672 1.1154399428051 8.30295526632108 ex
1432 21.6406791231129 3.1508914490696 9.72800684138201 ex
1433 16.4460309941787 3.0341768716462 4.64476171159185 ex
1434 17.9445676049218 5.25511709111743 10.6535900027957 ex
1435 19.8771611521952 2.87248843489215 0.220190109452233 ex
1436 18.4981730631553 7.0629325939808 1.613862155471 ex
1437 20.3239045939408 2.52596988319419 10.7681696941145 ex
1438 12.0515491466504 8.02253143815324 5.89754039887339 ex
1439 19.8551337989047 8.77114752749912 7.42570488178171 ex
1440 12.7796888218727 4.68553068791516 2.09612698550336 ex
1441 17.3012033510022 8.12647384731099 8.15174531005323 ex
1442 13.1971501917578 1.64199895272031 2.9037998165004 ex
1443 17.2471011786256 6.80159712233581 10.6877551372163 ex
1444 11.1439584286418 2.77587693766691 6.16907945694402 ex
1445 20.4416846707463 5.84466205257922 10.5605501276441 ex
1446 19.26358545525 3.46195714827627 5.90688293124549 ex
1447 13.0393953335006 2.01573974825442 9.87155898520723 ex
1448 11.8804456903599 1.67539687012322 5.77746392670088 ex
1449 12.378272024449 5.26526352227665 8.4094263012521 ex
1450 16.9091427098028 10.8881665843073 9.43561685434543 ex
1451 18.9669464442413 7.17041524895467 6.31606942228973 ex
1452 20.1580408236478 0.88987509184517 4.28809646726586 ex
1453 20.9894470581785 3.0428130403161 10.2417757981457 ex
1454 15.764723919332 5.01888736872934 7.17182789859362 ex
1455 15.0264321612194 0.634826039662585 3.84960466530174 ex
1456 16.7606901631225 1.46848679846153 5.71563069522381 ex
1457 16.558006281266 7.7380720898509 10.6403137024026 ex
1458 13.989976255456 9.8781160034705 7.18375179218128 ex
1459 16.1581369442865 8.69700745516457 1.3868269782979 ex
1460 12.5607743179426 3.87979011354037 0.0273649706505239 ex
1461 20.5893496146891 3.01222807145678 0.241563179064542 ex
1462 11.4138983306475 7.88155674189329 6.33296677446924 ex
1463 13.7915428401902 5.15784837841056 4.46941560739651 ex
1464 13.2263196804561 6.18358560954221 3.92873396794312 ex
1465 11.9711657520384 3.41501817991957 7.8060755066108 ex
1466 19.927114194259 8.23894719756208 10.6539623632561 ex
1467 15.2946978858672 8.35102905053645 8.28835494047962 ex
1468 12.4771171631292 6.02816513879225 7.78812335408293 ex
1469 19.7684216490015 8.35212160414085 3.84132026322186 ex
1470 19.3507255034056 8.96349119674414 0.372054376639426 ex
1471 13.907337639248 1.43844026466832 4.70067332684994 ex
1472 13.2678100829944 9.48943649884313 3.39372694911435 ex
1473 12.9255203555804 5.41250859247521 9.11111211078241 ex
1474 12.2116914794315 6.33688324596733 10.7906094689388 ex
1475 16.713535576826 6.07227834896185 6.78774084150791 ex
1476 14.7073160561267 7.24599435552955 2.70842098887078 ex
1477 11.5235650918912 0.564517963444814 6.05513604101725 ex
1478 20.874539141776 9.8619474011939 1.92655472713523 ex
1479 18.8885576380417 5.31428292696364 5.13040680857375 ex
1480 13.5784606907982 5.70025540725328 1.97595704859123 ex
1481 13.9623836763203 7.05255987425335 10.767015742138 ex
1482 20.757859759964 5.17161216773093 6.42920142738149 ex
1483 16.5720586813986 0.584082760149613 10.4877052097581 ex
1484 11.334483724786 5.97432945016772 9.10795641131699 ex
1485 11.4983645922039 5.40990682621486 7.31627104640938 ex
1486 15.3047705809586 10.3266261988319 5.65148781612515 ex
1487 17.6443401111756 8.00233624107204 10.8186148835812 ex
1488 18.0435043720063 7.17500634724274 5.81243638135493 ex
1489 20.7345782213379 0.737769146217033 9.94213073793799 ex
1490 14.6001301761717 6.4074119089637 9.90625675953925 ex
1491 11.0277636742685 1.71641281363554 9.06357726757415 ex
1492 11.8017799616791 4.20534544601105 4.88122003921308 ex
1493 14.5529414231423 5.71405662666075 2.18200347432867 ex
1494 20.7578801738564 9.33913849014789 7.65444546355866 ex
1495 15.9770595447626 8.79661570629105 5.16183434822597 ex
1496 19.5546284369193 9.47825967264362 0.611727057024837 ex
1497 13.7635755937081 3.86172626190819 10.0193870817311 ex
1498 17.2796218022704 3.36240285867825 2.4488793599885 ex
1499 19.4430204243399 3.97643244173378 10.8292000894435 ex
1500 20.0071630114689 8.79482204979286 7.47448426904157 ex
1501 20.3612275843043 5.20108278957196 4.5889071978163 ex
1502 16.7244821831118 10.0177421518601 1.94162927544676 ex
1503 13.1417419400532 10.962520781206 3.38590683392249 ex
1504 13.4543689582497 3.81361370324157 0.395359723595902 ex
1505 21.357032706961 7.68206611881033 6.05344820395112 ex
1506 21.3721647574566 7.8664604651276 0.687325723003596 ex
1507 21.8256959260907 7.28715911647305 4.08098020264879 ex
1508 18.4876462172251 6.02327789692208 7.42462278646417 ex
1509 15.6668930647429 6.3864092300646 8.35648698196746 ex
1510 12.9403431653045 4.66795666329563 4.68021759693511 ex
1511 13.2328981568571 10.2017300012521 5.87647055252455 ex
1512 17.5655017020181 8.51811983156949 3.51308952784166 ex
1513 15.8675770869013 0.843634927412495 9.74158777366392 ex
1514 17.3200172528159 4.11580235790461 8.98920231475495 ex
1515 12.1667414726689 8.99604473193176 2.00561547512189 ex
1516 20.0122695683967 7.78490271070041 9.09274780168198 ex
1517 20.7855875915848 1.68400317919441 10.4791903737932 ex
1518 21.1240145559423 6.05629238276742 10.725960804848 ex
1519 18.6706359030213 0.366800597170368 7.93032261636108 ex
1520 19.7984919373412 9.278650599299 3.51627261261456 ex
1521 18.5552608054131 0.870857401750982 5.62474126624875 ex
1522 17.2920981235802 3.93082524114288 5.33766124024987 ex
1523 12.0442374330014 6.11962329689413 6.54209685511887 ex
1524 14.4936547225807 10.2834297288209 3.16025226330385 ex
1525 19.2918065399863 10.4794290631544 4.5433809061069 ex
1526 15.0540682999417 4.47771324194036 7.01214236835949 ex
1527 15.7077191851567 4.8481989367865 6.3541322320234 ex
1528 14.3097130039241 0.327953850617632 4.60738396411762 ex
1529 12.8802586912643 7.01367458864115 6.6054348947946 ex
1530 12.8822320802137 0.206934617366642 6.89833705709316 ex
1531 17.3788785838988 6.71359986602329 1.92922276887111 ex
1532 11.3219250964466 1.30634404555894 8.29340985766612 ex
1533 18.5729073791299 9.11189299891703 2.58961159386672 ex
1534 17.8268774966709 1.7980269480031 8.07274348591454 ex
1535 19.8474971011747 5.81563438172452 7.39693943504244 ex
1536 21.2905793488026 10.9633936905302 3.66872718511149 ex
1537 15.431390596088 8.42008550232276 6.61693596607074 ex
1538 21.9924877367448 5.59072506800294 7.87497227382846 ex
1539 20.8346696989611 1.81829430302605 3.06197656621225 ex
1540 12.0611532584298 3.68781037582085 4.75729830446653 ex
1541 19.5794134405442 2.21624381444417 5.4850144982338 ex
1542 12.5631868275814 2.08121172362007 7.35903822770342 ex
1543 11.2587475180626 3.4178684449289 1.76205273065716 ex
1544 17.9770687972195 5.99033691105433 7.67480454035103 ex
1545 21.8573565224651 2.38318602787331 7.04845160618424 ex
1546 14.1488732991274 4.37703786185011 10.40202345117 ex
1547 20.6492281670216 2.21874221274629 1.31927714403719 ex
1548 17.0777955290396 9.4875210816972 2.36113554867916 ex
1549 11.3168427953497 10.9809853602201 1.77980530983768 ex
1550 18.2703671320342 3.06441253377125 9.67828320409171 ex
1551 11.6121563487686 5.37541225436144 2.93908633384854 ex
1552 19.7338660149835 4.42707317788154 9.05976109881885 ex
1553 20.635371675482 2.90070048277266 8.76292538852431 ex
1554 14.0440087001771 7.32914345245808 9.14324850542471 ex
1555 21.6768656910863 0.192280601011589 3.99131388333626 ex
1556 15.5358483067248 10.6441123625264 6.78923543635756 ex
1557 14.5067955108825 9.16736983973533 4.01893517514691 ex
1558 15.0294890650548 7.63087927270681 0.460532354656607 ex
1559 21.1023533393163 4.37629028991796 8.06503905565478 ex
1560 20.7161293763202 1.38594717998058 0.704183698864654 ex
1561 21.7345003751107 1.13704578694887 5.81285065901466 ex
1562 21.9387852817308 0.097238925518468 1.00352110853419 ex
1563 11.5543142131064 0.533330861944705 5.55047536664642 ex
1564 12.2079939316027 1.86789915594272 0.341183062409982 ex
1565 12.5648188332561 9.6998833140824 5.1415651421994 ex
1566 16.8513846457936 7.7646379400976 2.73823815374635 ex
1567 18.3995409291238 8.59280740097165 7.93510338803753 ex
1568 14.6970822340809 10.0602335580625 9.33443496772088 ex
1569 17.2370934642386 8.99175474233925 6.94416471198201 ex
1570 16.7205247660168 8.53286269167438 9.38375876029022 ex
1571 11.9398932342883 1.14631269266829 0.803960234392434 ex
1572 12.1434257740621 9.31455926620401 7.33804140985012 ex
1573 14.1431353162043 0.249155532103032 6.21217015269212 ex
1574 11.871486532269 6.20890994020738 5.33986859931611 ex
1575 18.4098890351597 3.07314674626105 10.4322753665037 ex
1576 20.0637627255637 6.48760015284643 6.91480376222171 ex
1577 14.5144535021391 5.45330852270126 5.31180836865678 ex
1578 14.8593510065693 4.61277066799812 3.1156122633256 ex
1579 18.8894974929281 6.91492812265642 1.90837393794209 ex
1580 17.0455751309637 9.08279573568143 5.62838349654339 ex
1581 14.1702316198498 10.0275764374528 8.79630799032748 ex
1582 14.5473586439621 3.47295767441392 1.00516279530711 ex
1583 17.6075568413362 4.91904129832983 6.26387637411244 ex
1584 21.3063300540671 9.56167317414656 9.33577134762891 ex
1585 12.9850824584719 10.0385933343787 4.10019413754344 ex
1586 12.6465240407269 9.53191490960307 0.179569519124925 ex
1587 16.881128143752 9.89975636871532 8.48743627918884 ex
1588 13.7036240962334 8.78261063317768 3.07977148983628 ex
1589 14.9687803206034 2.10136028355919 1.03535999194719 ex
1590 18.9976046360098 2.6157193838153 0.88458161894232 ex
1591 17.1647606689949 10.6740407715552 6.75038843182847 ex
1592 12.6392935113981 5.25763345696032 1.55886842380278 ex
1593 20.2146719368175 4.50102818710729 7.28678441862576 ex
1594 16.2086354154162 1.80043016560376 8.82941980706528 ex
1595 17.3320378828794 9.17234536935575 0.658841437194496 ex
1596 15.8701901647728 3.32235233928077 10.1437224962283 ex
1597 21.4632724705152 10.63359354157 7.41942883515731 ex
1598 19.8057566464413 2.83686586585827 10.7335338105913 ex
1599 21.709793000482 9.96336438297294 6.50993545493111 ex
1600 13.5376081126742 10.2641949455719 6.45490103936754 ex
1601 14.3775104735978 6.95256030489691 8.22925376845524 ex
1602 21.1757222083397 4.65444698277861 4.21236534835771 ex
1603 11.1058243042789 8.72598500177264 2.25468402705155 ex
1604 18.3177429744974 3.37438080040738 4.78138862061314 ex
1605 16.6021038433537 2.28374250722118 2.09621080709621 ex
1606 14.4310618489981 2.59187089279294 5.24437398370355 ex
1607 11.8779181577265 8.0226209810935 10.9336024343502 ex
1608 11.8975271638483 1.61031723511405 4.90465410286561 ex
1609 21.9927850647364 8.92082460667007 7.76166633702815 ex
1610 11.7914719828404 10.7465833006427 7.00512895057909 ex
1611 15.8634788654745 4.26219969009981 4.64574717218056 ex
1612 19.7724790887441 6.31467964942567 2.96432007197291 ex
1613 16.6740176964086 6.60420367121696 7.3332102263812 ex
1614 16.0427124931011 4.30766458553262 3.08183829043992 ex
1615 14.497934281826 6.01247753575444 3.30749071086757 ex
1616 21.011957786046 10.652877579676 10.8478888366371 ex
1617 16.9760938049294 5.85826656594872 1.24408035818487 ex
1618 13.2555602593347 2.74864673195407 5.99892417038791 ex
1619 14.3035063489806 8.5381263201125 1.68445504829288 ex
1620 19.279743464198 10.7789579043165 10.8237941467669 ex
1621 19.2935950525571 0.712745882570744 3.90916130878031 ex
1622 21.9386501591653 3.20426977262832 0.302561829332262 ex
1623 13.7680664702784 7.29997393954545 3.85210811928846 ex
1624 17.2875518249348 6.60307609755546 6.97969512874261 ex
1625 12.9879040517844 9.41443036613055 2.96827814541757 ex
1626 13.9400372011587 6.13214877131395 0.234889509622008 ex
1627 11.7100679683499 6.27490874775685 4.13934476533905 ex
1628 20.1888730204664 10.4660412331577 7.03107090038247 ex
1629 18.6103413456585 0.959812925430015 9.21321880188771 ex
1630 11.1887749885209 1.60536417528056 10.3325438615866 ex
1631 20.9413988289889 1.10113820224069 5.67336142761633 ex
1632 17.7800851236098 5.4588763108477 5.82709963060915 ex
1633 19.4485598616302 0.339705089107156 1.74913285439834 ex
1634 16.6128664650023 8.70361569127999 6.93299898831174 ex
1635 12.6868549364153 1.1450394205749 5.28070416580886 ex
1636 16.0248945425265 0.652797210030258 5.7053775745444 ex
1637 11.4472500693519 8.54299942706712 3.74283396126702 ex
1638 11.9304631855339 7.233559808461 5.52318274322897 ex
1639 13.1694433810189 4.38578596012667 0.937763324007392 ex
1640 21.3620974025689 2.81208065408282 9.20506943855435 ex
1641 12.9761571316049 8.24166337586939 10.0758843016811 ex
1642 18.7662512143143 10.8404774952214 10.8406007569283 ex
1643 17.1383689153008 8.85869700508192 4.51795810228214 ex
1644 21.3828458448406 1.00357851129957 4.60136530827731 ex
1645 15.6657098149881 9.94238170026802 4.34649200201966 ex
1646 16.928904238157 2.68878657463938 7.63875166489743 ex
1647 15.9994847588241 10.9645940202754 4.25112076802179 ex
1648 17.5523695745505 2.81638436717913 9.56535794888623 ex
1649 13.1196238063276 9.66137033957057 4.95332288276404 ex
1650 15.7589249429293 0.539768537506461 2.61429891153239 ex
1651 13.4439012934454 2.72567715216428 1.3496385498438 ex
1652 15.5662241859827 10.7937503736466 3.85051582544111 ex
1653 21.2941022377927 0.399764061439782 8.39421569183469 ex
1654 18.8097636459861 3.14331779163331 6.85612545814365 ex
1655 18.3129374480341 1.73505888367072 1.77453258750029 ex
1656 16.4468327998184 6.33993157115765 0.219589419895783 ex
1657 17.0841875337064 10.2124855618458 7.48756049969234 ex
1658 11.7510318753775 2.80388385150582 2.41150003392249 ex
1659 17.3915991473477 1.75067708943971 1.52276112535037 ex
1660 14.0207101355772 6.54905285453424 2.69654095591977 ex
1661 21.8325673942454 8.40323663083836 0.66362250642851 ex
1662 15.0085949567147 8.175379547989 0.169266841141507 ex
1663 15.5036766529083 10.9342139731161 2.08095522876829 ex
1664 19.8054975043051 4.87412444502115 3.81136703328229 ex
1665 12.9537165025249 10.8082758227829 6.09800150850788 ex
1666 15.2268873911817 5.9273497464601 0.831119758542627 ex
1667 21.6580275439192 3.18576603382826 8.03157121990807 ex
1668 12.7038662349805 2.82196052139625 9.673772478709 ex
1669 16.1523592090234 9.37265259283595 3.85701069305651 ex
1670 14.4449998596683 4.31353080784902 0.0499002912547439 ex
1671 11.2992903259583 9.46137060015462 0.357359923189506 ex
1672 15.4121703919955 1.56951517541893 9.37388058449142 ex
1673 11.7210405340884 2.40185050293803 7.97028527478687 ex
1674 20.0066184673924 8.0408951821737 10.2868090679403 ex
1675 19.9871276293416 4.84014256787486 2.72717619570903 ex
1676 17.7804440001491 1.59356644377112 7.01274401391856 ex
1677 12.752039295854 5.88921761396341 7.36978412140161 ex
1678 12.2179663996212 10.5771087459289 3.42291825357825 ex
1679 12.11479917611 8.79989365115762 9.17964322515763 ex
1680 12.8172365259379 0.6344487615861 7.1730589880608 ex
1681 21.7353631234728 10.7885230104439 4.81966312089935 ex
1682 21.5585377791431 5.55949846608564 6.62809148011729 ex
1683 14.8812022611964 0.595888898940757 5.88054857961833 ex
1684 18.6959230878856 1.4632851544302 8.77394781447947 ex
1685 18.1192989591509 5.23446617973968 8.58395928982645 ex
1686 17.8024957664311 3.98666094057262 8.9979419701267 ex
1687 13.2645885942038 4.61384337511845 7.75704771187156 ex
1688 20.8191689273808 2.2858223898802 4.78856921312399 ex
1689 21.3188625299372 0.61165707744658 4.07401149091311 ex
1690 15.7964225383475 10.1924487042706 8.14795701950788 ex
1691 12.5968791260384 0.986063893185928 9.01962639251724 ex
1692 14.1986584914848 2.04462753236294 0.40296035585925 ex
1693 19.113829435315 1.73319741268642 4.80755758238956 ex
1694 20.5798438221682 7.86302927113138 1.1144110520836 ex
1695 17.0126888696104 0.888197198743001 7.38861139398068 ex
1696 11.9943647552282 4.1854763221927 0.9957171138376 ex
1697 14.0255561575759 6.08142651012167 1.2450252447743 ex
1698 11.3263047870714 3.99208390433341 9.60517580597661 ex
1699 18.9639749957714 7.55078379577026 4.1966009743046 ex
1700 16.2812237727921 0.869532441021875 9.34341941983439 ex
1701 19.3060653910507 2.69247114239261 8.72482315218076 ex
1702 19.2113605591003 9.19244038150646 7.80486864293925 ex
1703 20.6212564681191 10.2943512354977 10.4168675376568 ex
1704 19.5085344521794 1.8080415930599 9.88950670114718 ex
1705 18.7699328318704 5.07626569806598 4.68453695299104 ex
1706 18.7570184988435 2.73390055703931 2.57380510494113 ex
1707 12.6804224427324 5.25607810448855 6.84290564083494 ex
1708 11.4137605533469 5.5075417670887 10.1571887484752 ex
1709 19.1179266453255 5.71631480148062 1.89907510881312 ex
1710 19.8865863527171 4.11848074803129 8.60232265526429 ex
1711 17.9689096196089 5.33489415096119 4.54029646585695 ex
1712 21.313034005696 9.56978906085715 1.66333084716462 ex
1713 14.5798259752337 9.01201509707607 8.71198497293517 ex
1714 11.7683435692452 4.96239222423173 9.71142619522288 ex
1715 21.9549216900486 8.41156592778862 6.0377445644699 ex
1716 12.0312468179036 5.12385478313081 3.42785140778869 ex
1717 21.8581078459974 6.61825577821583 7.56436052056961 ex
1718 12.6513267823029 9.46896414365619 3.52231347304769 ex
1719 14.1501851140056 6.22367065539584 7.76093657850288 ex
1720 19.4026804687455 0.0428519637789577 6.27335431543179 ex
1721 16.9429948346224 9.5389319609385 10.5279970618431 ex
1722 16.9867847235873 9.29560161754489 7.30259319138713 ex
1723 15.2206759022083 1.64116720249876 1.21686228644103 ex
1724 15.5187816726975 10.3124438356608 1.73104310920462 ex
1725 13.5293448176235 7.86808769404888 6.45741419075057 ex
1726 13.035917977104 0.0431279973126948 4.18912262446247 ex
1727 15.2447344278917 2.02489878144115 3.36337452265434 ex
1728 21.3780048065819 6.96364935673773 9.73176482180133 ex
1729 20.5374910961837 9.0673405835405 2.1372134971898 ex
1730 21.2200226590503 3.26448886562139 5.93999936268665 ex
1731 17.8048855983652 10.1122208326124 2.37820935132913 ex
1732 17.1251099614892 2.16908469540067 0.900606602896005 ex
1733 16.1720344775822 9.80893794447184 6.09030163753778 ex
1734 13.0693361966405 9.76667040609755 0.412405990995467 ex
1735 16.5624301335774 1.74416601122357 10.865069239866 ex
1736 14.6721003509592 9.51498726918362 3.75054213241674 ex
1737 11.7563745293301 3.52058688481338 4.97914951876737 ex
1738 21.8184392552357 4.0831170391757 7.82128162845038 ex
1739 11.0558671243489 4.44619000260718 6.53857713169418 ex
1740 20.3502286919393 1.75631738407537 7.99471906502731 ex
1741 19.7614994351752 6.5486751915887 1.49991648946889 ex
1742 21.0989836268127 0.53107121353969 0.387129488866776 ex
1743 19.5311714403797 9.93015031679533 9.60008440795355 ex
1744 19.4450067763682 2.65916040726006 7.66455455380492 ex
1745 13.1432155582588 9.89654567558318 2.8521027949173 ex
1746 18.0157132225577 1.33195602451451 2.86536937230267 ex
1747 18.7892998007592 9.73750883876346 10.1904768720269 ex
1748 21.9473871334922 5.87016181088984 0.624958418309689 ex
1749 20.655950948596 8.35547345853411 5.61001203022897 ex
1750 12.1949991367292 2.05725054885261 5.22588718938641 ex
1751 15.6504766014405 7.23722363985144 1.87201344966888 ex
1752 19.0414098333567 4.57345532695763 6.33900745236315 ex
1753 19.518539078068 6.60195287968963 6.75111690396443 ex
1754 14.5809162163641 9.70151863573119 0.243932127952576 ex
1755 16.9612540302332 3.20421382179484 5.50092020374723 ex
1756 12.9086494857911 2.78413748578168 6.60432032728568 ex
1757 13.136045073159 9.83777790749446 9.93248220533133 ex
1758 20.385407776339 6.05606878502294 9.01018695998937 ex
1759 14.1409712203313 10.1734709662851 1.05442095710896 ex
1760 14.5923484892119 0.302513491827995 1.86976761138067 ex
1761 13.4663024535403 3.45370135433041 6.11092992313206 ex
1762 15.2919325579423 5.46719001955353 5.89635276026092 ex
1763 15.0290525739547 8.10199489700608 7.5986557577271 ex
1764 14.1500329922419 4.44794642250054 4.97700537415221 ex
1765 18.2774414652959 7.45727522182278 2.78005231474526 ex
1766 11.9656740697101 2.90387400053442 1.57911659241654 ex
1767 11.2928812929895 4.60469358973205 2.26766295847483 ex
1768 17.4917683098465 4.35579713690095 9.95602524653077 ex
1769 19.6997129006777 0.416363251628354 5.17791772074997 ex
1770 21.992734947009 10.3432052519638 6.59915807261132 ex
1771 19.8932687274646 3.26131525053643 2.18175108032301 ex
1772 11.5147708333097 8.41075546946377 0.843074614182115 ex
1773 21.8326737550087 10.3198617454618 9.53000422334298 ex
1774 14.6471861095633 0.916658446658403 3.76218539173715 ex
1775 11.091477050446 2.7131344571244 8.66809079423547 ex
1776 17.0059821626637 4.11301318788901 4.05184762645513 ex
1777 12.4794595318381 10.2440674130339 8.40934789995663 ex
1778 21.5694719259627 5.40352493571118 3.50901241973042 ex
1779 21.1298076021485 9.48526944988407 5.07351228035986 ex
1780 16.8731580502354 4.86929869302548 9.70018623746 ex
1781 12.9277228878345 4.71025422750972 8.92364656692371 ex
1782 16.7443290667143 4.92008378752507 0.807177871931344 ex
1783 12.042505443329 4.54332811827771 7.27894945535809 ex
1784 11.7802760917693 8.19429138698615 4.21563046984375 ex
1785 12.5360762141645 6.34185828082263 2.00192177668214 ex
1786 21.4188141517807 4.4117963060271 6.59209961653687 ex
1787 15.3447898284066 0.515230215387419 7.65273718209937 ex
1788 19.9667433409486 0.119668003870174 9.88762875529937 ex
1789 11.4444156624377 2.63434837968089 9.65272089606151 ex
1790 15.7890352127142 5.68586117541417 1.46091924794018 ex
1791 19.7260240933392 9.70407422352582 6.39873028290458 ex
1792 12.9193765309174 3.20891557889991 1.96928050322458 ex
1793 21.7385320081376 5.578595246654 4.77783083566464 ex
1794 19.6463818417396 6.81542650214396 4.53931913571432 ex
1795 14.1549100389238 4.48318399814889 2.80456152372062 ex
1796 17.546687692171 10.320470651146 3.45195222669281 ex
1797 13.5094538973644 4.12667255941778 3.81739462097175 ex
1798 14.4220539440867 1.20680767484009 2.0163521906361 ex
1799 20.7048399252817 8.39927829359658 3.85473667061888 ex
1800 16.1329854538199 4.00118797994219 4.64231406478211 ex
1801 18.3958381314296 2.02368802204728 1.04898749967106 ex
1802 15.0338116812054 2.88551259296946 9.70561412349343 ex
1803 18.4657209853176 1.04289912921377 7.75175609323196 ex
1804 19.9025064683519 7.16724532376975 8.03490934171714 ex
1805 14.8969846514519 3.83216248801909 2.85066960146651 ex
1806 12.0720826443285 6.14363107993267 8.35701026418246 ex
1807 16.9252708288841 7.15517321834341 3.99676235578954 ex
1808 18.0578559180722 4.3213135919068 3.48251179046929 ex
1809 17.5824523209594 7.96133842971176 3.41483947867528 ex
1810 18.2295400432777 1.97946992819197 3.3285132269375 ex
1811 14.6003411414567 6.54934029723518 6.8052224740386 ex
1812 18.5680603825022 8.34789244225249 4.8090707170777 ex
1813 13.8655376634561 5.03375639417209 7.24778885999694 ex
1814 20.2681187773123 5.56062672799453 8.66003286116756 ex
1815 19.7159359678626 6.48093256936409 10.3235978204757 ex
1816 21.4686984147411 1.28758840356022 2.59682966698892 ex
1817 11.2970742406324 9.28115827729926 5.54536345158704 ex
1818 13.5131753156893 1.24719884805381 0.752186994999647 ex
1819 13.9637819488999 10.4576879038941 10.0232221919578 ex
1820 21.3859887984581 1.79927817825228 10.8084036933724 ex
1821 15.9691947731189 0.140347780426964 0.399133586091921 ex
1822 21.9461935383733 4.89952454576269 10.7223952058703 ex
1823 13.8956689368933 8.56973778828979 10.5794817735441 ex
1824 20.6476250793785 10.4947625845671 6.31037706672214 ex
1825 11.0287562659942 6.48931853449903 6.62011617515236 ex
1826 17.1958419959992 0.7640004188288 4.09988129325211 ex
1827 11.3145687750075 10.8781600303482 4.92494079959579 ex
1828 11.1157498727553 3.54833837458864 6.80647383793257 ex
1829 11.1484692946542 5.85069357836619 4.63380955881439 ex
1830 21.8982942239381 2.80354345077649 6.39672059123404 ex
1831 14.5891699828207 8.87936428468674 6.49300285475329 ex
1832 13.0257882808801 5.14010760467499 3.51706366194412 ex
1833 19.9520750460215 0.508998121600598 4.37674391060136 ex
1834 13.561826943187 4.96440474945121 2.98867824324407 ex
1835 19.6227206091862 3.90278519387357 3.82493980741128 ex
1836 18.2831398057751 9.27128794882447 0.427667077630758 ex
1837 14.0968224538956 5.94376941723749 0.360487387282774 ex
1838 13.5389567378443 7.59811494895257 8.3114376575686 ex
1839 18.8368059499189 6.81920853303745 3.81556649203412 ex
1840 19.9622907375451 7.03527466161177 6.37830710969865 ex
1841 18.9229176924564 6.52165420353413 5.19293264765292 ex
1842 21.1785100603011 9.98111658892594 2.72904120432213 ex
1843 17.9996090249624 9.80477886833251 7.65406891913153 ex
1844 19.0387190619949 5.7645284824539 6.1985371876508 ex
1845 16.0863215422723 7.14473217818886 1.37540342239663 ex
1846 18.9247344080359 8.27494669891894 3.78738320316188 ex
1847 16.6768933769781 0.447889433940873 6.14783641835675 ex
1848 16.7780569079332 10.4262747301254 0.261076656868681 ex
1849 11.6652189709712 1.85411505983211 6.34040459059179 ex
1850 17.0103662647307 9.81862125033513 3.6286990866065 ex
1851 21.9755143795628 2.99939203402027 4.00549781462178 ex
1852 14.8882199632935 7.37890763138421 3.92512050666846 ex
1853 16.6888540203217 2.33869071095251 0.48186724469997 ex
1854 13.4374835935887 6.59688170696609 6.25410805642605 ex
1855 21.3487690510228 7.1697316726204 8.09776871977374 ex
1856 20.0543661303818 7.42432908550836 0.173467241227627 ex
1857 21.0736480338965 5.89731898717582 2.01183320488781 ex
1858 16.2945835217834 3.9621687149629 7.01919649681076 ex
1859 13.8235526124481 3.59203461953439 3.27411759458482 ex
1860 19.8811612278223 1.93887731758878 3.81948100379668 ex
1861 18.8688977542333 2.06441877316684 4.8357403522823 ex
1862 11.5373005091678 7.1303547564894 7.63169624260627 ex
1863 16.9276977409609 10.0744714408647 4.46102012344636 ex
1864 17.041971023893 0.64924101694487 9.198611398926 ex
1865 19.7408393120859 0.767148530576378 10.3089080897626 ex
1866 16.9578240097035 0.72935524629429 3.67144185048528 ex
1867 21.735525673721 8.17917397548445 9.1932571514044 ex
1868 15.3732198805083 4.83896520291455 5.61038189916871 ex
1869 14.3519570862409 6.96383133460768 10.2151246319991 ex
1870 13.6859194703866 0.384255602722988 9.60343468468636 ex
1871 19.2249363446608 7.92338186060078 3.11393727571703 ex
1872 15.9443435680587 6.17506633559242 2.77130465116352 ex
1873 11.3982282630168 0.920553397620097 4.17225790279917 ex
1874 12.2359906609636 8.54546189797111 6.60860628494993 ex
1875 17.4947434666101 7.51280266209505 9.66035628458485 ex
1876 12.4756661807187 2.91250722133555 0.144074795302004 ex
1877 21.3271866301075 9.58005707268603 0.0550970938056707 ex
1878 20.8651461289264 4.66847554291598 9.42164822132327 ex
1879 16.1008792461362 6.41966247465461 10.2953005996533 ex
1880 12.8998072706163 2.76352321379818 3.34297279152088 ex
1881 15.6077604989987 9.55327343242243 2.99454515776597 ex
1882 14.188730784459 2.76950820093043 8.44160888320766 ex
1883 18.338816095842 2.93792519625276 9.04858053755015 ex
1884 13.8189221618231 0.649838363518938 3.47991711390205 ex
1885 11.992765261326 9.72498603141867 8.40683622937649 ex
1886 21.2395633633714 6.64675759128295 3.648011458572 ex
1887 14.9191422427539 9.72661397000775 6.91345020383596 ex
1888 11.7896937499754 5.1797613282688 0.41576135600917 ex
1889 16.0815097731538 9.23359331232496 1.61454619211145 ex
1890 18.0276057985611 2.33459948399104 7.95976650342345 ex
1891 11.6686313988175 3.21556417969987 0.800779027165845 ex
1892 15.9600623724982 1.16310599050485 10.118035083171 ex
1893 12.0768756074831 1.24392769532278 1.38811961188912 ex
1894 16.8011425661389 8.38836309872568 7.19690116192214 ex
1895 14.1765114248265 3.31191718555056 7.45554337510839 ex
1896 14.8311299483757 2.96475737402216 2.21690533147193 ex
1897 18.3837216862012 4.31746372859925 0.356867015594617 ex
1898 18.1082671254408 8.1976195841562 10.6883724476211 ex
1899 17.7586739331018 4.95723824435845 3.3955597335007 ex
1900 11.2554160652217 6.26162230363116 7.63930575666018 ex
1901 18.4436511010863 0.0250583924353123 0.414775919867679 ex
1902 13.7790754786693 6.94365904247388 4.03318735514767 ex
1903 20.5210177833214 8.51778273377568 9.13163840165362 ex
1904 16.8744956378359 4.42072341754101 5.35552518884651 ex
1905 13.9558934713714 10.7276877425611 1.09711119392887 ex
1906 17.3112233877182 10.6618276671506 4.07901276228949 ex
1907 16.1051217936911 8.38244477380067 3.61883300356567 ex
1908 12.8043945936952 7.9273585176561 10.2514686493669 ex
1909 11.0943298120983 2.08028475823812 5.18250972288661 ex
1910 20.3703720725607 7.6761202334892 10.8402237249538 ex
1911 12.9909875753801 7.0560951998923 3.93798339902423 ex
1912 13.8431327552535 6.52531169378199 9.3635792627465 ex
1913 16.8407468358055 5.8528849191498 2.77371580852196 ex
1914 19.3911982846912 1.40746858203784 1.73940478707664 ex
1915 11.3731988766231 9.58756957249716 7.58950352855027 ex
1916 18.6887314382475 8.2475584289059 2.17108119651675 ex
1917 11.3881573402323 6.00845228228718 2.93207774031907 ex
1918 21.6045968146063 3.66949716792442 1.59196227230132 ex
1919 14.9698951870669 4.56899337400682 1.62234916794114 ex
1920 12.0640092424583 10.338997754734 7.96629744302481 ex
1921 20.6057105264626 4.83131229365245 4.56542847794481 ex
1922 12.2429503877647 6.79810232459567 4.20235882536508 ex
1923 14.4524250642862 2.05674174195156 6.65678562130779 ex
1924 21.2036215958651 3.75874157482758 6.61201046546921 ex
1925 13.9339179031085 4.18220317806117 4.02359558152966 ex
1926 13.2244122729171 1.07840790529735 7.93988954811357 ex
1927 11.4750384269282 3.21293123229407 5.19861764856614 ex
1928 21.1128819177393 9.27442021295428 4.11709134071134 ex
1929 21.4048261179123 8.7332971051801 5.57915654405951 ex
1930 17.1123439492658 3.49262046813965 7.9489984489046 ex
1931 13.9849367821589 7.51154107321054 1.16847206186503 ex
1932 20.0004863415379 6.81320855370723 1.36793043231592 ex
1933 14.5421033971943 4.49274735362269 7.3221081411466 ex
1934 17.9993294347078 10.7803291396704 0.672155863139778 ex
1935 12.6207262107637 1.87234241003171 2.07650293316692 ex
1936 17.9122984297574 5.11414840165526 6.62490102718584 ex
1937 11.3403122480959 7.53172669070773 3.17607635445893 ex
1938 12.764559987234 3.94477637950331 10.09902764461 ex
1939 13.3550699972548 0.478868317324668 1.05876493034884 ex
1940 17.980272435816 0.777544524986297 6.10355190257542 ex
1941 20.7786254668608 6.97448557941243 4.66705011692829 ex
1942 13.2310589940753 3.7193598926533 1.99665581178851 ex
1943 11.5046590219717 2.94162061717361 3.43381293397397 ex
1944 11.9394329867791 6.37676532799378 3.20540155214258 ex
1945 13.4050847033504 6.94783608010039 2.20518566435203 ex
1946 18.1908827563748 5.73991044727154 6.68137046368793 ex
1947 16.2446889032144 3.38739324035123 6.85639636078849 ex
1948 17.7112722541206 9.28557951678522 6.9118725284934 ex
1949 13.1960146904457 6.8692298932001 8.01699501019903 ex
1950 18.1919440440834 9.44274098076858 6.78965989709832 ex
1951 20.7198136555962 2.90588641725481 9.10412040352821 ex
1952 18.1798764297273 6.06094771833159 6.9793730606325 ex
1953 18.5416852650233 9.21692466223612 7.09322333568707 ex
1954 12.4498178628273 0.0818003865424544 8.00505901104771 ex
1955 18.4573263193015 4.28443799191155 4.19317328417674 ex
1956 11.7838350892998 4.60475180158392 10.3348634662107 ex
1957 14.9469650867395 1.64002212649211 8.97697750409134 ex
1958 18.3078028981108 5.46901942580007 9.27014007163234 ex
1959 20.5075832712464 8.0293072424829 2.40474525047466 ex
1960 15.978983955225 9.66120469616726 8.03462036605924 ex
1961 17.9975556568243 9.28599204216152 8.87013476039283 ex
1962 21.9226852976717 10.6910027230624 0.572342974832281 ex
1963 14.4371030339971 5.50000356906094 7.20326196332462 ex
1964 19.9615031334106 1.14560181507841 5.85784274945036 ex
1965 14.1557586069684 1.05953268730082 7.58933108043857 ex
1966 15.6917317048647 9.51378414337523 3.01840962748975 ex
1967 17.4066237288062 3.71740465168841 3.81674124533311 ex
1968 19.5333136469126 10.815579875838 7.61306137917563 ex
1969 12.5007313485257 9.16523890127428 9.53915323130786 ex
1970 12.0333420177922 9.09856440266594 4.80677680089138 ex
1971 13.7125429911539 8.53369604377076 0.600654755486175 ex
1972 18.1309273021761 9.67275197175331 3.03139859507792 ex
1973 15.7322177414317 0.806687345495448 1.52575899008662 ex
1974 20.3927427970339 6.40089112822898 5.1359447860159 ex
1975 14.6259040464647 6.94429405475967 0.848411160055548 ex
1976 11.6318035221193 10.2115758643486 2.59245070931502 ex
1977 20.5321427297313 10.8192530057859 4.04887057817541 ex
1978 15.4536740079056 9.7446140802931 6.47159460163675 ex
1979 13.8212787392549 1.67615826730616 10.2031819224358 ex
1980 13.8813547994941 4.75898869289085 9.41481821471825 ex
1981 15.140881603118 3.42254251614213 2.25493899662979 ex
1982 18.4068218220491 4.49243806255981 9.52417463203892 ex
1983 13.762153242249 5.55022585135885 6.27128321188502 ex
1984 17.1081249162089 0.00507040903903544 2.85030903248116 ex
1985 12.4373469336424 6.71821095491759 3.09236774942838 ex
1986 12.6996351371054 4.0288099409081 5.59449800895527 ex
1987 20.8873227930162 3.11087393155321 1.00959436967969 ex
1988 18.2224425398745 9.75203778012656 9.04539937712252 ex
1989 16.3233728324994 9.03454318339936 0.876747196540236 ex
1990 20.5051070235204 9.36657824413851 3.30240984424017 ex
1991 20.6375476452522 7.01449518487789 8.67857181234285 ex
1992 15.9960706632119 3.58189924922772 1.72093824320473 ex
1993 13.8350757106673 8.13579262886196 2.00761695555411 ex
1994 17.8241882962175 6.10867487452924 5.61309086252004 ex
1995 13.9425712225493 5.98004071344621 2.82058982294984 ex
1996 13.0759267234243 2.56192058650777 7.72782611660659 ex
1997 14.9990992860403 1.57100726873614 1.76696699042805 ex
1998 19.2846381396521 0.634527028538287 0.571701547596604 ex
1999 19.8565624903422 2.11748042353429 3.52271316805854 ex
2000 11.4869940681383 1.31184762576595 2.91328522283584 ex
2001 21.7991400738247 4.06209442066029 9.95290496968664 ex
2002 11.4483530949801 2.80428545037284 4.72023272910155 ex
2003 15.00037349388 7.11742988578044 9.22995477123186 ex
2004 16.5113835297525 1.03169152908958 2.66904287203215 ex
2005 13.3645840063691 8.24919086415321 8.74172725598328 ex
2006 20.5973842104431 0.601824556710199 1.78767408919521 ex
2007 13.2373089790344 8.9730330647435 5.38893128931522 ex
2008 11.6937937056646 10.0254058428109 0.784796850755811 ex
2009 14.4609929644503 2.33504537097178 10.6468553519808 ex
2010 14.7942981403321 4.77730706264265 5.29152750968933 ex
2011 16.509671295993 2.90425383416004 4.10406649112701 ex
2012 21.0643089476507 8.4112281484995 3.29376481100917 ex
2013 17.0235536252148 8.24827006552368 5.70787041750737 ex
2014 19.8725377484225 2.9642860617023 1.72889928519726 ex
2015 16.8569161877967 2.98963693971746 1.05374290957116 ex
2016 11.3849558585789 2.96244233450852 10.0973441347014 ex
2017 15.8852026781533 6.37957382854074 7.04319507186301 ex
2018 11.0412677789573 9.00092007196508 2.19956641434692 ex
2019 12.7502825870179 4.86190556408837 0.00637496425770223 ex
2020 13.4642457130831 6.45951478462666 5.23251447197981 ex
2021 16.6832776984666 6.38126452290453 1.73509673913941 ex
2022 14.9492101322394 1.76795608573593 0.0606452384963632 ex
2023 17.0778134625871 8.79406140442006 9.28248634096235 ex
2024 20.3989871374797 3.17379116360098 5.62048683362082 ex
2025 19.3276508934796 6.48157189716585 9.44779978622682 ex
2026 15.826584396651 7.01411258010194 10.8947666485328 ex
2027 21.6672660023905 4.44765552249737 2.22297746362165 ex
2028 13.4422823137138 7.11448298045434 7.96764097758569 ex
2029 13.1324174865149 2.88385294773616 2.69628760870546 ex
2030 15.9493907676078 1.1691438104026 5.91702124313451 ex
2031 18.4719958833884 5.99522696156055 0.96902365423739 ex
2032 17.130505444482 10.5697964432184 5.88423950481229 ex
2033 16.5789651244413 4.28920216974802 6.64177244435996 ex
2034 14.534323719563 8.33151347120292 8.13713137060404 ex
2035 21.9856443023309 9.48913288442418 10.5977966694627 ex
2036 18.3976186679211 8.02816309081391 6.29055986041203 ex
2037 11.5320310015231 1.59065529704094 3.43443448306061 ex
2038 13.0544674727134 4.93975266930647 1.63904651999474 ex
2039 18.3592962592375 3.04448459669948 0.445222817827016 ex
2040 11.4526459292974 2.12510439218022 0.672282180981711 ex
2041 15.8457334546838 6.88099470641464 6.21529701328836 ex
2042 18.0006487441715 1.07782052480616 0.00835252343676984 ex
2043 20.5769518900197 7.58677828591317 6.89714775094762 ex
2044 14.3273331865203 10.9531397251412 4.58824082370847 ex
2045 18.9109510181006 7.4088470605202 10.0654760499019 ex
2046 19.4033805511426 7.33509438787587 1.72740482771769 ex
2047 20.9872207937296 10.5761796091683 5.53753977525048 ex
2048 20.8845157099422 2.87333716335706 6.68953367788345 ex
2049 14.033305572113 9.43208028981462 5.55508844857104 ex
2050 18.55747958133 6.24160591955297 2.9379783468321 ex
2051 18.9125647952314 5.3460235169623 7.85004696925171 ex
2052 18.6312521172222 4.80840750876814 7.88200093223713 ex
2053 21.7303924469743 0.330233532935381 9.92036458081566 ex
2054 19.1121813263744 7.22864462458529 0.59917617100291 ex
2055 14.3843918675557 3.43340830598027 10.8770189478528 ex
2056 18.4290030377451 10.0138972133864 3.11126589076594 ex
2057 16.4118924268987 2.43673391407356 10.2045799116604 ex
2058 18.1666799725499 4.90337689151056 10.7444219563622 ex
2059 12.605650661746 10.0539847046603 2.04467502632178 ex
2060 15.37449848908 3.95036556851119 5.05882996995933 ex
2061 19.0698335210327 3.28290312434547 1.87407946912572 ex
2062 21.2071046649944 3.46976070618257 4.50914569548331 ex
2063 21.0982641833834 4.7092835882213 5.41948021622375 ex
2064 21.9192571905442 1.68128220015205 7.97572420211509 ex
2065 18.1121210828424 10.4745556351263 9.3271184717305 ex
2066 21.7050444870256 6.4970603522379 2.68323683040217 ex
2067 17.4203855381347 1.23408134304918 0.822487273486331 ex
2068 17.1597285803873 4.28114447998814 0.470757196424529 ex
2069 13.2761806400958 10.3344697724096 8.9911457230337 ex
2070 16.309568566503 6.31959188287146 8.35082331323065 ex
2071 16.4716043157969 9.2368634659797 5.375083549181 ex
2072 20.1900668719318 3.89094348833896 7.59037606953643 ex
2073 12.9658479751088 8.82868160051294 4.51522430847399 ex
2074 18.4411747723352 10.8596783610992 2.47030564723536 ex
2075 18.3230531860609 7.96696328883991 9.07886807341129 ex
2076 13.1545205290895 9.36997357592918 8.86372790043242 ex
2077 20.7925703327637 4.52932659024373 3.68150801421143 ex
2078 14.1555083200801 5.21692473487929 6.47611271915957 ex
2079 19.358060083352 5.55324371159077 2.34244564617984 ex
2080 19.9085800680332 7.8899866535794 7.94647762621753 ex
2081 11.1053445858415 7.95477256504819 2.8491733178962 ex
2082 15.5878535322845 10.153346857056 7.69546207180247 ex
2083 15.8783495251555 1.53358874679543 6.94395740376785 ex
2084 14.8171540736221 0.683555685682222 2.70251474878751 ex
2085 13.2644568202086 2.9898704525549 0.0624533912632614 ex
2086 12.6218751005363 4.31430597207509 10.513523736503 ex
2087 14.9811278365087 9.31001543719321 10.5161294483114 ex
2088 17.3632747381926 8.88386619486846 2.79544067499228 ex
2089 15.2818747090641 8.16702222730964 10.9961484097876 ex
2090 18.6190540255047 8.41102270921692 1.82882479391992 ex
2091 17.8360378369689 10.672130541876 1.83417512965389 ex
2092 12.296617644839 0.171050608856604 0.315711349947378 ex
2093 15.9308473095298 0.945365422638133 6.65426516649313 ex
2094 18.1648175939918 7.90674234647304 8.59299796074629 ex
2095 13.23237747862 5.85521574271843 9.20417359448038 ex
2096 18.0734079645481 2.13873699493706 3.90497741336003 ex
2097 16.9400706307497 5.3599612833932 0.297008249210194 ex
2098 13.3150189504959 6.97645310056396 1.15538709424436 ex
2099 12.2354027442634 0.169729208573699 5.12219775607809 ex
2100 18.0246241646819 5.09610441094264 10.5895519517362 ex
2101 19.559138085926 4.94287196709774 10.3966638522688 ex
2102 21.3588148946874 2.67011946998537 0.803577482700348 ex
2103 21.9366560121998 7.28880573483184 5.58023908757605 ex
2104 17.51429049531 3.13648914452642 4.94161288184114 ex
2105 15.2181684430689 6.28028109692968 9.12508807843551 ex
2106 12.1521251038648 2.58143928064965 1.83980824588798 ex
2107 11.7727735482622 10.7184548072983 6.29383160523139 ex
2108 11.7754622388165 0.00158025207929313 2.66106493375264 ex
2109 18.8568369813729 0.706454698927701 1.90301305986941 ex
2110 20.3271734497976 9.73559367773123 4.57939769583754 ex
2111 19.1780688976869 6.2762329117395 0.694907258497551 ex
2112 15.6527453151066 9.09198149503209 0.366123373154551 ex
2113 20.0011288332753 7.80200769519433 2.27478005411103 ex
2114 19.2331971945241 4.97888297424652 4.14309739996679 ex
2115 18.6798644578084 9.6508846161887 5.46013030898757 ex
2116 19.787946161814 5.16029034391977 9.02878823550418 ex
2117 21.3703662394546 2.31953516975045 2.95935630821623 ex
2118 18.4578831505496 1.6048490551766 6.03550463379361 ex
2119 12.8025527119171 2.11719575338066 2.56989658204839 ex
2120 15.1908041734714 3.90957839880139 7.58721398632042 ex
2121 16.0835938178934 1.88751411181875 1.3033703181427 ex
2122 18.434744786704 3.13906589173712 1.80813367757946 ex
2123 14.3890083176084 3.40131637314335 3.58842817740515 ex
2124 11.4080066231545 0.943857184611261 0.656998711870983 ex
2125 15.3882542424835 1.73880254337564 7.21118088089861 ex
2126 13.3124425008427 0.758337787818164 5.6657288139686 ex
2127 11.2326805242337 1.58348220470361 7.72459135088138 ex
2128 15.5848520491272 3.2860869797878 6.01351922587492 ex
2129 15.4048993857577 3.5078827412799 0.689236042788252 ex
2130 17.3964495779946 8.31412942078896 1.98585348483175 ex
2131 15.8689871313982 7.99244325887412 2.52004558942281 ex
2132 17.0606994139962 4.78180788527243 1.34030113881454 ex
2133 16.6261622761376 2.4197996428702 8.44964189687744 ex
2134 12.7811974878423 8.80223850323819 8.11331509961747 ex
2135 13.2668710271828 8.30012680334039 1.76187716494314 ex
2136 21.7823976268992 10.3530913391151 8.71371429692954 ex
2137 19.5759190979879 10.8916037897579 0.601391750620678 ex
2138 17.0688561135903 9.69860929250717 10.4692164338194 ex
2139 20.3041353488807 8.00154899246991 8.16104356036521 ex
2140 12.8860605536029 7.12138009816408 4.77541906200349 ex
2141 21.6127253707964 4.21156940190122 3.81840363307856 ex
2142 16.1334835204761 3.54377690562978 3.12925093597732 ex
2143 15.0274817103054 4.79407214932144 2.51093144668266 ex
2144 16.4925114375073 4.62601199117489 1.85146932210773 ex
2145 14.8755347856786 4.54392708372325 9.96110286028124 ex
2146 21.0170101611875 7.58702767617069 9.75634441734292 ex
2147 21.7110282876529 9.15640215110034 7.75585357425734 ex
2148 20.5513277512509 7.71954629430547 7.11459455802105 ex
2149 21.2300728943665 0.453750944230705 10.93558848463 ex
2150 20.3581730285659 5.89977178839035 5.81624958617613 ex
2151 17.2393678321969 10.129983748775 9.95903096324764 ex
2152 15.0992435377557 8.5850578234531 2.2480964390561 ex
2153 11.4279827347491 8.17770957411267 6.46991111361422 ex
2154 20.5987209693994 9.75369780301116 8.26481043244712 ex
2155 11.0763941812329 3.68011435982771 8.18109052861109 ex
2156 14.6314326343127 8.72458940930665 0.202088737627491 ex
2157 21.0078441095538 5.63314525806345 10.889892393956 ex
2158 12.0034867734648 5.33817233517766 4.69167916872539 ex
2159 11.5824766589794 0.800217688083649 9.1513644955121 ex
2160 14.6435809943359 4.19041964784265 8.34110355516896 ex
2161 17.2019689581357 8.45759660028853 7.98353740782477 ex
2162 12.8910106741823 4.65611849189736 6.68820069544017 ex
2163 14.086456723744 2.90767821506597 9.24043338093907 ex
2164 17.9178925976157 6.86378036625683 8.32061359402724 ex
2165 14.0431779210921 9.02661190624349 2.88023861171678 ex
2166 14.1321406615898 2.03923545009457 7.62318376684561 ex
2167 11.1031659597065 9.70281535596587 10.5398281689268 ex
2168 14.1152703280095 7.4564889643807 0.465982785215601 ex
2169 17.4947478624526 0.454302353784442 5.88004492153414 ex
2170 18.8291461337358 10.4522905894555 6.25801769178361 ex
2171 11.0990426042117 3.16048911307007 10.8214987542015 ex
2172 12.6328013509046 1.76336533110589 10.8727614062373 ex
2173 18.5088507463224 2.56311231781729 8.85706662898883 ex
2174 15.9500718025956 2.06674531754106 2.93203166779131 ex
2175 13.447451188229 8.36420239252038 6.29132662154734 ex
2176 11.5624996072147 5.24389288201928 3.62189904018305 ex
2177 19.2835763113108 6.88508647540584 7.3879256315995 ex
2178 12.393325914396 3.37439604685642 6.89726556674577 ex
2179 15.4330508441199 5.35633597429842 2.69239496439695 ex
2180 11.5984426550567 8.34465212933719 7.9588474216871 ex
2181 12.3880335313734 4.92050554370508 3.46633266308345 ex
2182 11.3890444424469 6.9556474306155 8.24317270098254 ex
2183 13.2839774184395 5.92353193834424 8.7137230404187 ex
2184 11.2377125259954 9.93771151197143 1.3770230372902 ex
2185 20.295017951401 3.8418856440112 9.28924578358419 ex
2186 17.2019548732787 2.76595523837022 4.16244098288007 ex
2187 15.8291239892133 4.63007629080676 10.4489164054394 ex
2188 19.3909308500588 6.09909589425661 8.99072981346399 ex
2189 12.6979013171513 10.6267859926447 1.35587823973037 ex
2190 19.620181833161 8.18676870409399 8.70133676147088 ex
2191 13.144770772662 8.3500866543036 7.75894878758118 ex
2192 20.0429175051395 1.46733719832264 9.6449219933711 ex
2193 15.1843600862194 9.56454537343234 10.6674939063378 ex
2194 14.100476118736 6.01124495873228 4.1814851469826 ex
2195 14.173117658589 10.097653280478 7.9489354796242 ex
2196 21.4625866457354 3.76148335007019 3.00929966475815 ex
2197 13.3366869906895 3.02434743870981 9.50964930769987 ex
2198 17.5309968811926 6.04083707323298 4.14378456142731 ex
2199 21.7356478485744 6.74294354533777 4.03147452394478 ex
2200 21.7433646942955 8.30092612165026 10.5483318839688 ex
2201 12.9410193453077 0.709960802691057 2.69808214111254 ex
2202 12.2470716871321 4.38886922970414 1.10583306034096 ex
2203 16.3244965902995 8.59329190198332 2.92409341270104 ex
2204 15.8023367160931 2.02908343239687 6.31127339694649 ex
2205 13.848761217203 3.41739480034448 2.11906551592983 ex
2206 15.2206810666248 4.0523935968522 0.500860586762428 ex
2207 11.7800910023507 8.76014364650473 9.28136173216626 ex
2208 20.9220374091528 4.36978152953088 6.01365873520263 ex
2209 14.0755118702073 7.87615417526104 5.26383918104693 ex
2210 20.9783135661855 9.0630277346354 9.38911849237047 ex
2211 14.239802591037 1.91980993049219 4.50161275826395 ex
2212 18.1958191934973 8.88186345854774 9.4390776255168 ex
2213 16.1788935936056 7.08577926666476 4.04674040200189 ex
2214 17.2374046926852 5.83900736947544 8.05152097949758 ex
2215 19.2167408966925 1.05373447877355 8.25773628498428 ex
2216 11.3568815167528 10.321137533756 3.95177843933925 ex
2217 13.8009520433843 3.96077237161808 7.15690832142718 ex
2218 15.939691147767 5.31378828617744 10.9471695241518 ex
2219 13.336627689423 3.12554340623319 8.27656852826476 ex
2220 19.3320141190197 10.8573688201141 8.90413323277608 ex
2221 20.6875447370112 2.71298330812715 0.448944168630987 ex
2222 19.3329180383589 10.168208775809 2.28353917994536 ex
2223 14.860034607118 8.03463851008564 9.98799725738354 ex
2224 17.2186298412271 6.45949584571645 7.44672479224391 ex
2225 17.8822639000136 9.23564539896324 1.75372765935026 ex
2226 15.7920001635794 7.35368344374001 7.21737941587344 ex
2227 17.2940737791359 10.1765279369429 10.0200959146023 ex
2228 16.0413279822096 5.93879029201344 8.2037628586404 ex
2229 17.2572891029995 7.26908825617284 0.107898435322568 ex
2230 15.2511134415399 2.92860077996738 10.2700474455487 ex
2231 20.9895382761024 8.17158108437434 0.796108118491247 ex
2232 15.8986581808422 2.93687698035501 4.78039692062885 ex
2233 15.4569191962946 1.74610901251435 3.65135297272354 ex
2234 19.0700022026431 8.06352836219594 9.65647195512429 ex
2235 17.0385699495673 2.42187313083559 6.96161454613321 ex
2236 11.3900161217898 7.50588725996204 0.106291063129902 ex
2237 21.7718610630836 6.57105259550735 8.37337194290012 ex
2238 20.9823443731293 5.73180149542168 9.16048324271105 ex
2239 16.4890565371606 5.70587975438684 3.78376246034168 ex
2240 16.8086038816255 1.19027362647466 0.206685232231393 ex
2241 15.5926193466876 4.39493307261728 3.66403594706208 ex
2242 17.8055989330169 1.0108074718155 9.25523842615075 ex
2243 21.6937581868842 1.44474585261196 0.197262726025656 ex
2244 17.0510246469639 3.5786145508755 9.39713858277537 ex
2245 17.1984337265603 8.71862644911744 0.488013661000878 ex
2246 21.5022773677483 1.7174113295041 9.96494495752268 ex
2247 16.498594452627 10.3815004352946 10.0056468357798 ex
2248 15.3291806117631 10.242245755624 10.0959014978725 ex
2249 17.9906204412691 7.24206915823743 7.55078568099998 ex
2250 19.1861341104377 0.626907626632601 7.09432210493833 ex
2251 14.3207144264597 1.2829918935895 6.60198424011469 ex
2252 19.4326691003516 10.3551559923217 6.50189569010399 ex
2253 18.7845703093335 4.76779069728218 5.53273623227142 ex
2254 16.8495385046117 6.81426669517532 2.46568716294132 ex
2255 15.221082174452 1.35607996326871 4.77961998316459 ex
2256 12.7739251623861 3.35624582809396 2.0482716052793 ex
2257 20.0523769897409 5.23906078399159 2.06463352288119 ex
2258 15.8489210312255 0.785472756950185 5.51921995123848 ex
2259 13.552771945484 10.9030556990765 7.49886757391505 ex
2260 14.2243339959532 10.9192067517433 2.98465677793138 ex
2261 18.7600250823889 3.52717215544544 7.53625427535735 ex
2262 12.8778742349241 3.2902469120454 5.29281320073642 ex
2263 15.2698821956292 1.9078362477012 2.95048357057385 ex
2264 11.2672151185106 9.60750577831641 6.54470006516203 ex
2265 11.4378216003533 0.303669561631978 8.6199851706624 ex
2266 16.3397648092359 10.0501728437375 6.86883580754511 ex
2267 20.110650264658 3.19376222183928 2.02206804812886 ex
2268 17.0624361536466 7.14638056629337 1.75560965179466 ex
2269 12.4163841789123 6.58303139638156 9.94106289185584 ex
2270 12.2273081422318 9.39135379740037 1.67071567312814 ex
2271 15.370880135335 6.29170151939616 4.06929215509444 ex
2272 13.5669772187248 6.1200805704575 7.67758443951607 ex
2273 18.0402571531013 10.1350685581565 8.98966012313031 ex
2274 19.5203173537739 3.35169353731908 4.32060670969076 ex
2275 14.1801523140166 10.658703225432 10.0203581866808 ex
2276 21.6988672076259 2.41188408108428 8.74288975191303 ex
2277 12.6736125785392 1.6305952758994 3.40691607980989 ex
2278 16.0011083253194 7.00674075027928 0.730669455137104 ex
2279 11.1094130156562 0.0553028548602015 1.5238789068535 ex
2280 17.4034040654078 5.78632257739082 2.17268396657892 ex
2281 16.7940819882788 10.128655342618 5.21463101380505 ex
2282 12.8525315467268 8.15213118493557 3.39447773806751 ex
2283 19.5642919461243 4.26398771977983 0.475744972703978 ex
2284 20.8294095837045 10.5744378112722 0.163174215937033 ex
2285 15.1210201531649 0.0355908314231783 8.53238282469101 ex
2286 16.0498745855875 9.76618290389888 2.04855189076625 ex
2287 16.9948733756319 6.47118270769715 5.4876821662765 ex
2288 21.3196373835672 6.84678511577658 5.4073808582034 ex
2289 19.7316483065952 5.58725449652411 5.92787613230757 ex
2290 20.7909213725943 9.54153488692828 6.66729633440264 ex
2291 18.3865415600594 9.121017025318 1.74432734632865 ex
2292 19.9794930738863 7.14358914131299 2.94397249771282 ex
2293 12.5216296655126 9.36938834749162 6.89185580355115 ex
2294 12.3621982319746 8.03361998451874 0.512251958716661 ex
2295 15.3878315449692 9.03812553943135 9.43303897418082 ex
2296 20.8804655161221 6.09004942374304 7.81760594015941 ex
2297 14.0227900457103 4.10055532935075 6.01046868786216 ex
2298 21.6408084169962 1.95424344530329 6.39319415739737 ex
2299 15.3203027644195 6.99729088461027 0.396445535356179 ex
2300 19.4327232330106 5.8607033204753 10.4633241845295 ex
2301 17.7297628261149 4.91819519829005 10.642193393549 ex
2302 13.8049658520613 9.29585451749153 5.27086337702349 ex
2303 14.4412245543208 3.8200971360784 9.97824799828231 ex
2304 12.978951648809 10.2200996491592 9.57079077977687 ex
2305 19.3182164707687 3.09875077824108 0.451147084822878 ex
2306 15.5199995192233 2.50720059568994 5.59307438647375 ex
2307 15.6653396147303 8.53065731632523 9.0431796812918 ex
2308 18.5180028539617 9.048610819038 4.22450099699199 ex
2309 18.7275972790085 1.30311528872699 4.97113408381119 ex
2310 20.0714798553381 0.143737659789622 3.91795930406079 ex
2311 20.8750872889068 8.74689518962987 6.10054887831211 ex
2312 21.4600188408513 8.78310985886492 8.68995149224065 ex
2313 12.0465785379056 6.56785585638136 1.29279721272178 ex
2314 21.5591987497173 8.07785040233284 2.09541832352988 ex
2315 16.3262635082938 1.01045232173055 6.54896692861803 ex
2316 20.3749053291976 5.74345486564562 1.57170829712413 ex
2317 13.6590177745093 8.89154519420117 4.57688923249952 ex
2318 15.8027513532434 7.37180039589293 8.63237646198831 ex
2319 11.8023132439703 7.26016478566453 8.890246973373 ex
2320 13.806948491605 7.33302768878639 2.31421761354432 ex
2321 18.0531076178886 1.43406422552653 10.8864757905249 ex
2322 13.7895024970639 7.51732601271942 9.7941171976272 ex
2323 14.6519022483844 5.30434131319635 1.49234501388855 ex
2324 19.2572624434251 4.71742579294369 5.90852535981685 ex
2325 15.3728744750842 7.78343273862265 4.73730159155093 ex
2326 19.1170488328207 2.13551187096164 2.76530834985897 ex
2327 20.4819964228664 7.94545150315389 5.00172350555658 ex
2328 13.5752088797744 0.0922988306265324 0.93361476669088 ex
2329 20.5980781703256 6.13885113340802 8.52614181954414 ex
2330 16.8547991737723 7.97997238161042 7.98475676565431 ex
2331 12.2478539517615 8.81471558427438 1.51937958342023 ex
2332 20.1304947249591 4.49733674619347 5.83039441052824 ex
2333 21.5460477673914 5.80978646944277 5.28528115409426 ex
2334 15.0441494246479 9.08481142343953 7.22658186848275 ex
2335 18.51257713628 6.16061443323269 9.11079801945016 ex
2336 21.2417765529826 5.45940607856028 8.60937316250056 ex
2337 14.4195317644626 9.63741036504507 1.65031268750317 ex
2338 11.2188771748915 4.20839071669616 5.25501117715612 ex
2339 15.3662439747714 10.0280303689651 0.530026097781956 ex
2340 20.3000090189744 0.698634308762848 6.71680656331591 ex
2341 14.0293549040798 8.43042175238952 3.95179845509119 ex
2342 11.5621894353535 1.54693621629849 1.8856023515109 ex
2343 14.6405414189212 8.93061679741368 5.52415518928319 ex
2344 18.4573875151109 6.12309046206065 0.652741701807827 ex
2345 11.9733056465629 7.81319139921106 10.5115331548732 ex
2346 16.3406784338877 1.9883601621259 9.12094976892695 ex
2347 15.6055531457532 10.4309220567811 9.16706456453539 ex
2348 15.020177063765 4.75868112198077 8.72058848128654 ex
2349 15.8891349511687 5.86429053964093 8.3597094588913 ex
2350 13.235962229548 6.07541201240383 10.0020378243644 ex
2351 20.6381637232844 3.30075955740176 3.67544860974886 ex
2352 12.766613143729 10.791301793186 0.676433413056657 ex
2353 11.8543102836702 10.8101119569037 8.7433809817303 ex
2354 16.4861310839187 6.72670998424292 3.98738808208145 ex
2355 21.4216660915408 5.6256894543767 1.30575274722651 ex
2356 21.3992157834582 0.161654627183452 6.99269342957996 ex
2357 11.3037908959668 9.50855698529631 9.9290343686007 ex
2358 18.3331244711298 0.91706577851437 4.99492054595612 ex
2359 18.8819998034742 5.33164804405533 1.05366873927414 ex
2360 20.4090680098161 1.71687982766889 8.94762638304383 ex
2361 20.5558832357638 4.57714806310833 8.34968480467796 ex
2362 20.0360468421131 10.1353314900771 1.14590250351466 ex
2363 21.5231522182003 5.54397781635635 9.55799363809638 ex
2364 20.7503815810196 0.643280199263245 0.36010151100345 ex
2365 16.3374880345073 10.8830181616358 3.81817135354504 ex
2366 17.7336665489711 6.31194882001728 2.68189156427979 ex
2367 21.6123896602076 9.56429522670805 3.94471722375602 ex
2368 18.656209443463 4.44075347669423 1.90845485031605 ex
2369 15.4142251671292 9.66748551372439 1.26011447329074 ex
2370 17.8359351039398 1.235846581636 10.234160579741 ex
2371 12.2151304862928 3.00568321719766 3.67375753913075 ex
2372 16.8245086474344 0.32026723632589 7.2610769146122 ex
2373 19.9417908694595 7.89198558195494 5.76486525288783 ex
2374 19.2200682698749 8.66310924105346 5.42911883560009 ex
2375 12.8103928940836 1.28794915601611 9.4746387375053 ex
2376 17.0420671424363 7.18014286621474 5.11417242093012 ex
2377 13.7729470590129 2.56099109514616 6.25833993032575 ex
2378 13.4620315039065 1.76768735609949 1.56613326794468 ex
2379 16.1952964442316 2.6749470429495 3.56005550804548 ex
2380 18.3622611910105 8.59752992982976 0.494466140633449 ex
2381 17.0594273218885 7.56818415457383 10.9635897534899 ex
2382 15.3999788449146 8.74375767610036 1.41200051712804 ex
2383 16.1583050955087 5.68288363120519 7.68439881037921 ex
2384 11.180478642229 6.5258013245184 9.84607354388572 ex
2385 13.9746924201027 10.0148116033524 9.0034904864151 ex
2386 13.5834487802349 10.7019276169594 2.64697699481621 ex
2387 19.1674283589236 8.72304759570397 6.78828898258507 ex
2388 13.4735843692906 9.79813540237956 10.4404252246022 ex
2389 20.5855238819495 10.6245387413073 9.5790479388088 ex
2390 21.9946536079515 3.72330377926119 2.43910859734751 ex
2391 16.8430359154008 2.86899281153455 5.46632289863192 ex
2392 20.9435900251847 3.98159910459071 4.50565822212957 ex
2393 11.2731874692254 0.74566827295348 10.2005043679383 ex
2394 19.0909697215538 9.59396353643388 1.0471594883129 ex
2395 13.709206962958 0.385824967408553 7.80891063204035 ex
2396 14.9618694521487 0.326994808623567 8.88876041630283 ex
2397 14.6508176245261 8.02600666321814 7.20783515041694 ex
2398 12.1505295305979 5.8850822832901 2.47840107046068 ex
2399 12.3349552378058 2.51626324327663 10.7616079826839 ex
2400 12.7911004754715 3.33816585410386 8.61300873267464 ex
2401 13.765511353733 7.93399195605889 5.23597697052173 ex
2402 17.6074348061811 6.672776597552 0.543454058468342 ex
2403 19.5168316676281 7.15450731152669 4.69475333113223 ex
2404 18.6792716211639 7.24244443606585 0.0526954433880746 ex
2405 12.3528173030354 7.27650536014698 5.69957518833689 ex
2406 18.6350606670603 6.19577094633132 4.38361230259761 ex
2407 12.7745708683506 7.16404074756429 2.39805976068601 ex
2408 15.2713667980861 6.22023710049689 5.51842377823777 ex
2409 20.8779626339674 6.063061846653 0.130012737354264 ex
2410 11.270080599701 10.0451866802759 9.06372431572527 ex
2411 13.4238020081539 5.52524862880819 0.747844520723447 ex
2412 17.762959380867 2.37299894960597 2.01888083992526 ex
2413 19.6409393623471 5.93985403561965 4.19306370918639 ex
2414 15.3424003485125 2.36739140283316 8.68124766787514 ex
2415 15.5818990136031 6.90364765678532 1.52861643396318 ex
2416 20.2237677148078 0.224190790671855 5.57036959403194 ex
2417 13.7142289676704 4.78841286059469 10.8312261314131 ex
2418 14.2377509505022 0.230249204905704 10.5313666935544 ex
2419 14.063263494987 5.89959290903062 8.32644665124826 ex
2420 17.6100226514973 5.91980374185368 1.49184822523966 ex
2421 15.2243270729668 6.27448725886643 3.02149748755619 ex
2422 20.1979595257435 2.72268586978316 3.14699964225292 ex
2423 14.7878916317131 3.22510309657082 8.15846615028568 ex
2424 21.2799624686595 6.46440708474256 1.26513651944697 ex
2425 17.4326434137765 5.39643424609676 3.11043497687206 ex
2426 12.4475204809569 3.53738604998216 9.35643233498558 ex
2427 19.7456743512303 1.34711735439487 0.565304138697684 ex
2428 19.3813196455594 10.5166115767788 1.99472887348384 ex
2429 20.306407954311 9.18590173195116 10.4876672846731 ex
2430 16.3833509348333 7.37126688845456 8.6735923930537 ex
2431 14.9656025522854 7.24774789973162 8.38836255832575 ex
2432 20.1418181154877 4.05614363611676 0.324110583402216 ex
2433 18.7242662347853 3.03641530475579 2.26610580529086 ex
2434 17.0073853253853 7.72070490801707 8.52971158432774 ex
2435 15.5986733273603 6.07433578418568 10.0872085995506 ex
2436 20.5955455920193 8.44821892399341 1.38564482075162 ex
2437 16.1300599274691 8.42962737381458 10.8228141346481 ex
2438 15.4050390238408 9.03995544021018 5.73660850571468 ex
2439 11.5216120278928 5.35286051011644 6.1210389775224 ex
2440 13.5810188127216 1.07454448589124 5.81404939247295 ex
2441 12.5574266111944 7.53903290256858 7.36330518941395 ex
2442 17.8387588639744 1.29723036778159 4.21988804498687 ex
2443 18.3632131477352 10.4875899595208 5.45226517016999 ex
2444 16.6015733720269 4.90276459325105 10.1459222191479 ex
2445 14.9358536824584 1.95450451481156 10.9693181372713 ex
2446 15.4670934651513 5.72722533135675 4.93636278458871 ex
2447 21.1582921736408 10.6947296545841 1.19880140107125 ex
2448 14.9371437029913 8.64781410689466 10.5389787224121 ex
2449 18.520907930797 10.2686651311815 7.97800189559348 ex
2450 15.1650398029014 3.27311744377948 3.77463967492804 ex
2451 17.1415705229156 6.12290026317351 9.0383606213145 ex
2452 13.3457521374803 8.18443300109357 9.28197075962089 ex
2453 11.9550480311736 5.7691620553378 1.19813022040762 ex
2454 15.3744451161474 0.57074805884622 10.7893015467562 ex
2455 16.7140375811141 5.082929572789 5.69278318551369 ex
2456 21.8093485638965 6.20939287520014 0.128632533829659 ex
2457 12.6864766478539 3.04447551583871 7.90821453370154 ex
2458 18.89256922598 5.93917003273964 2.15429307124577 ex
2459 18.5642000208609 0.510990308132023 2.4951345147565 ex
2460 16.3030678825453 9.25647657574154 9.05127146677114 ex
2461 16.899001118727 3.65323732700199 2.37043188815005 ex
2462 11.337696663104 4.96431764867157 3.06229404080659 ex
2463 14.4940987075679 1.95250453613698 5.43763363594189 ex
2464 15.4756204844452 2.60415011364967 7.83165323943831 ex
2465 18.8942145288456 7.86287745600566 3.18270427710377 ex
2466 14.4232308880892 7.38567628036253 4.40438033104874 ex
2467 11.7335151343141 7.48213072260842 1.06798693723977 ex
2468 17.5107669457793 9.65119559993036 9.60616795555688 ex
2469 14.3860847025644 3.51261730561964 5.94887481839396 ex
2470 14.131388632115 7.30842151725665 6.38671932043508 ex
2471 19.2936487826519 3.40787673136219 8.67069766437635 ex
2472 20.6298378887586 6.09372827783227 2.17155836615711 ex
2473 21.6235207284335 1.80963104311377 3.71707927784882 ex
2474 16.9620707223658 5.98233238328248 9.74874267471023 ex
2475 18.1065512469504 3.20977598056197 3.32958775130101 ex
2476 11.2769494426902 9.07200795505196 3.24232684541494 ex
2477 16.3563544128556 8.82372899865732 4.50853074737824 ex
2478 21.958209322067 7.52473989524879 7.0410514457617 ex
2479 18.1437213413883 0.92099661915563 8.8144134930335 ex
2480 14.3124209411908 7.06233129347675 7.41079667164013 ex
2481 16.3890081855934 7.8967543754261 9.67694331449457 ex
2482 16.7708498311695 5.46130491513759 4.94015527376905 ex
2483 18.6828153252136 9.19362152833492 8.55990770296194 ex
2484 16.6446388845798 0.894419088959694 4.31341756251641 ex
2485 16.473584756488 3.2316524500493 1.45639856089838 ex
2486 16.4471128878649 1.77115017757751 4.39398620161228 ex
2487 14.6512675406411 5.65653956634924 4.60682881716639 ex
2488 16.503427185351 7.03659453080036 6.73725199094042 ex
2489 11.0218885843642 4.81837197206914 7.63999597658403 ex
2490 15.5936813165899 3.71608610637486 4.87780363857746 ex
2491 19.0350817169528 6.23514244984835 5.67503370088525 ex
2492 18.0664802317042 1.34092523367144 9.77262621256523 ex
2493 17.5061608960386 3.45717371650971 0.388198296073824 ex
2494 13.4475037285592 3.59076620987616 5.10155936982483 ex
2495 16.4896067886148 2.71403914387338 6.81811406253837 ex
2496 14.3995804763399 1.44528363551944 9.98439740738831 ex
2497 17.5116089081857 0.714171571424231 8.62087312224321 ex
2498 20.3802256793715 8.69299529260024 4.98517999006435 ex
2499 11.8375741858035 8.41138554550707 5.43583233421668 ex
2500 15.7512839606497 4.97288311040029 9.2520528214518 ex
2501 7.66676804493181 12.6527927403804 4.34656910924241 ex
2502 3.51472246251069 20.9920465331525 1.77011249493808 ex
2503 10.8161493148655 16.0550809714478 5.30861702049151 ex
2504 7.26901759882458 16.327423742041 0.268824308877811 ex
2505 9.36977548478171 11.2337995355483 0.267789365490898 ex
2506 10.5167748164386 21.8203340496402 6.04557261290029 ex
2507 4.2076984771993 15.72927358374 3.65734138875268 ex
2508 8.06959383632056 12.06506799208 2.83136041485704 ex
2509 6.50179394520819 14.7272688532248 5.09920840966515 ex
2510 10.8308207259979 18.9768958620261 5.29114993358962 ex
2511 8.73324286518618 18.043977121124 0.0591656076721847 ex
2512 4.38861434068531 21.5428512864746 4.29266009968705 ex
2513 9.60184063808993 14.2890931677539 10.4750113883056 ex
2514 10.5129954426084 20.7860275227576 9.56969562266022 ex
2515 4.46046431851573 13.1322534980718 3.86465690564364 ex
2516 5.93599576898851 13.8126659265254 10.6650306286756 ex
2517 1.36320765293203 12.307922221953 10.3851253360044 ex
2518 7.73319688485935 21.7630663800519 0.635732495225966 ex
2519 3.2017983070109 18.2961390898563 0.920155853033066 ex
2520 8.11670241877437 12.2872949400917 1.10044797533192 ex
2521 5.25146263930947 20.4018937072251 4.28004733845592 ex
2522 2.38031888566911 14.8641781266779 6.46130830445327 ex
2523 0.0394578916020691 12.2379730679095 6.69706422020681 ex
2524 0.906465362058952 17.0098071121611 0.0865651203785092 ex
2525 5.08708015992306 16.3757691313513 6.26471365988255 ex
2526 6.6651196652092 13.5639128896873 2.81411170004867 ex
2527 1.50313568348065 18.7743371606339 5.581601067679 ex
2528 0.146897058468312 13.6771869200747 3.55830097687431 ex
2529 6.4910304422956 20.5431368215941 2.17357480246574 ex
2530 10.1191097716801 14.5291696467903 0.217160926200449 ex
2531 7.84416297264397 13.1719061764888 5.17759628896601 ex
2532 10.9634424392134 19.3826897963881 3.05569694307633 ex
2533 8.19146180641837 18.0193021162413 4.25898777763359 ex
2534 6.10584152163938 11.7921123842243 7.70976419211365 ex
2535 2.63199736946262 16.1069173864089 7.20385961071588 ex
2536 9.50955614331178 13.6112489830703 8.0304601942189 ex
2537 9.87409991119057 19.5002183320466 2.78031696705148 ex
2538 5.46517072338611 15.559637533268 10.7965405392461 ex
2539 8.72897037048824 20.8875397206284 6.58499227883294 ex
2540 7.93074283841997 18.5808503993321 9.75050913705491 ex
2541 4.47410613438115 14.6932025020942 8.10566899739206 ex
2542 4.25605700910091 15.4059587055817 1.39206512994133 ex
2543 3.95918350829743 13.841717117466 2.75129178538918 ex
2544 8.98456502868794 18.8522488474846 3.99315544404089 ex
2545 8.44549615238793 13.2149655085523 4.40606675483286 ex
2546 4.62935227737762 18.8950375225395 9.70757373445667 ex
2547 1.87894871551543 20.5901527367532 9.54544482543133 ex
2548 2.40513103199191 21.2051374330185 1.05667648185045 ex
2549 5.77460016706027 16.2968736470211 8.30595558928326 ex
2550 9.95198312192224 18.0427487939596 7.29438378522173 ex
2551 0.802188210189342 19.2826963136904 1.4884197760839 ex
2552 6.19949597679079 11.419827408623 9.99128457088955 ex
2553 10.91364430869 21.0361503208987 8.91769083286636 ex
2554 10.4166182067711 17.1895938715898 7.46409692335874 ex
2555 4.47655208408833 11.881476014154 7.62566227884963 ex
2556 6.45271184458397 14.4891289665829 7.20961823058315 ex
2557 0.97608052729629 21.2587525055278 2.68861823366024 ex
2558 10.4852019357495 21.6466952692717 4.06073898868635 ex
2559 7.33824010868557 13.7356005364563 6.37087583355606 ex
2560 0.69718320784159 21.2836014702916 1.82150349998847 ex
2561 9.54402823420241 20.976127530681 9.48863644106314 ex
2562 2.95631785248406 17.0883923587389 1.52774422429502 ex
2563 4.6847265844699 12.0758113448974 8.75736503582448 ex
2564 10.7720632767305 12.7302309749648 0.401082591153681 ex
2565 6.13355387281626 13.9193945545703 4.01898000878282 ex
2566 7.70065388106741 21.4980101964902 10.8306417497806 ex
2567 1.54379989742301 17.7374613424763 6.48745466675609 ex
2568 1.64885183167644 11.8683121814393 3.31986953131855 ex
2569 6.0446681601461 15.1745337257162 4.43925306829624 ex
2570 0.121157904388383 20.8577668087091 8.88685081992298 ex
2571 9.00084207043983 17.9004597733729 0.0451008013915271 ex
2572 1.71676030894741 13.124886575155 7.11888745822944 ex
2573 8.51411931123585 19.2502310536802 4.37008393998258 ex
2574 0.361955772852525 19.1568721386138 5.7951235792134 ex
2575 2.62379018357024 12.1319281419273 7.78885949100368 ex
2576 6.97627271502279 15.9053104131017 9.61446193349548 ex
2577 10.4362124437466 17.4840967098717 6.49181392765604 ex
2578 9.6461107104551 16.3637759892736 6.81656358134933 ex
2579 6.41061929496937 16.3323872142937 6.55204515205696 ex
2580 3.49312243750319 16.1422997834161 9.28607356734574 ex
2581 9.95114033529535 21.929815383628 9.3108815306332 ex
2582 2.49836514261551 17.5123532565776 8.9330701273866 ex
2583 2.97415891243145 19.7707470392343 2.64665821264498 ex
2584 10.6282167569734 14.1214976026677 5.17163687199354 ex
2585 7.10737366066314 11.5641213043127 7.51565687521361 ex
2586 9.81726467236876 13.7525800629519 2.16597056947649 ex
2587 1.07489044358954 18.8013008292764 1.53923748270608 ex
2588 10.3449334797915 15.3395271357149 3.29426540946588 ex
2589 0.967009883373976 16.2505416662898 9.7441227233503 ex
2590 7.86531868507154 17.5987609070726 3.41072255908512 ex
2591 3.04228079458699 16.7241831433494 5.65735164936632 ex
2592 10.3151298786979 21.7583384192549 9.04817003966309 ex
2593 4.88755802623928 13.3335010302253 7.58226389158517 ex
2594 1.85845793969929 15.7697722720914 6.02151181362569 ex
2595 1.32112429919653 11.0280935941264 10.9426576856058 ex
2596 6.65255737677217 12.4599992339499 9.18874560599215 ex
2597 6.83220061683096 21.6278151322622 1.85169477318414 ex
2598 7.82340951357037 17.4387392324861 2.6760629657656 ex
2599 2.86073008505628 19.4252515030093 5.34687809739262 ex
2600 6.91227815090679 15.8199892013799 8.21816943725571 ex
2601 9.73935083742253 15.4378679166548 3.01186748989858 ex
2602 3.72829510783777 21.3715334141161 3.40304515324533 ex
2603 10.167206879938 14.592726923991 9.78885562904179 ex
2604 6.5902156077791 18.9451612900011 0.845672706607729 ex
2605 5.92214897787198 20.0631618169136 9.92807647236623 ex
2606 4.7783547914587 16.0303607808892 4.62214516545646 ex
2607 0.299149184720591 15.7862945098896 3.94897660217248 ex
2608 9.54601870779879 16.278182001086 3.33351773931645 ex
2609 10.9964151980821 20.5035371182021 6.46952020004392 ex
2610 0.163043550448492 11.8764859533403 9.69820992089808 ex
2611 8.08064307831228 18.4070520240348 2.35304342117161 ex
2612 2.66996882064268 13.6567511758767 4.41807583207265 ex
2613 10.3337331595831 13.6076808259822 4.83714290871285 ex
2614 5.39430160820484 16.6502148779109 0.058859288925305 ex
2615 4.74203086039051 21.4179445460904 0.526411104947329 ex
2616 5.66657223971561 20.8236188155133 10.5440022419207 ex
2617 2.89010279346257 15.9609751203097 0.62732493900694 ex
2618 3.83912730193697 21.3235350882169 4.55313328304328 ex
2619 4.69954985729419 13.6995728292968 0.293854467803612 ex
2620 4.58773452765308 11.0576431541704 0.122601355658844 ex
2621 4.68926158407703 11.6685540948529 2.21128411241807 ex
2622 5.39240910368972 14.739871002268 1.54549209959805 ex
2623 5.2990317705553 12.9078557144385 2.5174127749633 ex
2624 2.80422917823307 15.7897454306949 4.9822244506795 ex
2625 10.3394820278045 17.8071744625922 2.2148341878783 ex
2626 8.8746927944012 15.7982717286795 8.62900126329623 ex
2627 2.23855827306397 12.65064284252 9.52507234690711 ex
2628 5.54151287791319 21.0395846311003 8.41977032949217 ex
2629 4.43730154563673 13.9917809313629 1.21792739792727 ex
2630 4.40158862853423 17.7081044586375 3.37998269731179 ex
2631 1.13862520875409 20.7009464693256 10.7038253620267 ex
2632 9.14879478234798 16.5245618976187 1.55344528495334 ex
2633 10.5768567754421 13.2515491740778 3.8027587456163 ex
2634 6.10260586836375 11.8532389106695 2.59113563224673 ex
2635 4.87013528635725 12.7396626658738 9.09286981611513 ex
2636 7.780289264163 15.3333356117364 9.10087845777161 ex
2637 7.67706320434809 17.6726975888014 6.25395153835416 ex
2638 5.63946790853515 17.4053324004635 6.70426867087372 ex
2639 6.66830861847848 11.4220561124384 0.851407331414521 ex
2640 6.86066097929142 14.4210497552995 4.91143247438595 ex
2641 7.22496586013585 21.2265036073513 2.1918264105916 ex
2642 4.03778944234364 14.2166319554672 10.0780587508343 ex
2643 4.01351172360592 15.6034675773699 5.02689553936943 ex
2644 2.74899498233572 21.4164896013681 8.57703450229019 ex
2645 9.60457430104725 20.8659264387097 4.98434461769648 ex
2646 1.72946364595555 21.8983158501796 9.4555377617944 ex
2647 8.26306289061904 13.218840023037 2.70831491658464 ex
2648 4.73081954894587 20.2108820474241 8.20549141452648 ex
2649 8.16301787667908 13.332658147905 9.73376272106543 ex
2650 5.02595414663665 15.2813396467827 4.61807564366609 ex
2651 7.01481071067974 16.5632440403569 4.36090894113295 ex
2652 1.94632795127109 14.8219864936545 6.17804550938308 ex
2653 10.7827709259 19.0609051175416 7.73010990256444 ex
2654 6.97181592788547 14.2746940455399 1.80452358070761 ex
2655 3.7521387708839 21.8122478446458 7.80764248943888 ex
2656 1.14024379453622 21.5744395414367 4.27099117054604 ex
2657 1.25535913836211 16.8477751696482 8.92774741887115 ex
2658 9.50987522932701 15.4646732206456 1.91502363840118 ex
2659 8.24744191812351 14.5409783842042 4.00382045982406 ex
2660 9.91741436813027 20.3959940087516 0.629261946072802 ex
2661 1.15976537950337 17.7010127564427 9.66569695924409 ex
2662 9.45024417992681 15.3372323715594 10.3714390401728 ex
2663 6.48206169740297 18.8554427467752 8.17642777040601 ex
2664 10.6840945661534 15.2723258407786 9.18114662752487 ex
2665 8.36157784354873 14.2689287394751 5.04818011168391 ex
2666 3.66481143725105 16.3246812790167 1.61418002797291 ex
2667 2.55607399600558 19.6831278414465 10.4512306989636 ex
2668 1.28636724012904 15.8927840807009 5.89617517194711 ex
2669 7.77748235687613 17.3270332037937 1.63686959049664 ex
2670 3.3975471179001 17.3338477369398 3.25325761432759 ex
2671 1.82777345762588 19.2677155435085 8.49973559519276 ex
2672 6.5606139858719 12.3429995756596 1.73423244105652 ex
2673 0.758299852721393 20.8994541501161 5.93779176031239 ex
2674 4.68128976318985 11.9430552746635 6.99541347287595 ex
2675 1.77241365122609 14.6576705400366 9.80674548540264 ex
2676 6.10621524043381 14.5552794786636 9.56750693451613 ex
2677 8.3500461881049 13.7648976834025 10.7097806814127 ex
2678 8.9111392525956 11.2764274615329 0.693306927802041 ex
2679 0.410991124808788 17.0797755406238 7.19995752722025 ex
2680 3.94563912367448 21.9458556710742 10.1585196587257 ex
2681 7.28323345771059 19.2412849990651 9.55422106385231 ex
2682 7.33830875018612 14.3727626320906 0.727755263680592 ex
2683 0.169485995080322 21.7162530745845 3.465893315617 ex
2684 10.5448450250551 20.6821934457403 10.6688585372176 ex
2685 6.58061172626913 19.9161686231382 10.6788960625418 ex
2686 2.09915941208601 18.3299693376757 6.41795368865132 ex
2687 3.10578481270932 16.7909521455877 2.18706993665546 ex
2688 7.5614600693807 20.2394890564028 8.83445570501499 ex
2689 3.76283338991925 11.7602428903338 2.48303688759916 ex
2690 3.75236638984643 15.9407382141799 7.67837149300613 ex
2691 10.3457936148625 13.6844618231989 2.35640724771656 ex
2692 7.85428602993488 19.9033737105783 1.2541690801736 ex
2693 1.75509657710791 12.2278423751704 0.711220853729174 ex
2694 0.284760376438498 15.2471898226067 9.88863296830095 ex
2695 6.62325538345613 13.1266208258457 6.14742119493894 ex
2696 2.02149766054936 17.5094853457995 4.66573813231662 ex
2697 2.11922067264095 21.3374038178008 9.59828361496329 ex
2698 4.55672001838684 15.8398870357778 6.43672110908665 ex
2699 5.92510918271728 12.9618764759507 10.436003907118 ex
2700 2.52236645808443 19.5853368132375 8.09044184186496 ex
2701 4.42922993795946 17.3000581793021 8.8432358072605 ex
2702 10.1803535490762 12.7485672489274 3.46052844938822 ex
2703 7.04013520223089 15.8187022178899 5.77995420782827 ex
2704 6.23768921243027 14.360108154593 8.47817991115153 ex
2705 10.6537886697333 12.5903197180014 9.1315665950533 ex
2706 8.406246378785 12.1017874889076 5.62473576399498 ex
2707 0.276584727456793 20.71691360767 3.08706605993211 ex
2708 2.14075758354738 17.4034040330444 0.512251407839358 ex
2709 8.38274265616201 20.8175369398668 3.44862770871259 ex
2710 4.10165131674148 11.1500022592954 5.21464863838628 ex
2711 6.30014904309064 11.9981859903783 5.21840834268369 ex
2712 7.40721814404242 19.5911589041352 8.31670927698724 ex
2713 9.98808706644922 21.1793301219586 3.63250992819667 ex
2714 1.23634372116067 13.071225508349 0.916643490083516 ex
2715 2.56582263181917 12.1064021412749 8.68937599426135 ex
2716 6.5615165438503 17.5673636419233 2.79139363323338 ex
2717 6.52621094835922 12.30225662468 2.14516216469929 ex
2718 8.86338622565381 15.8797370651737 10.3646365758032 ex
2719 0.141624545212835 11.8578590981197 6.37231751158834 ex
2720 9.13408836745657 12.5747681921348 9.55553170572966 ex
2721 2.7524815609213 16.6954016136006 9.35773646342568 ex
2722 4.21130130207166 12.5212126597762 0.697409857530147 ex
2723 6.16617968841456 20.0703924566042 5.48880793177523 ex
2724 8.2724105019588 13.2921210832428 1.14361390238628 ex
2725 9.51343006244861 21.7458016290329 8.048897231929 ex
2726 10.679923376767 11.1860038544983 2.26882258802652 ex
2727 8.73365347646177 11.5991435914766 10.7324633239768 ex
2728 8.36317271040753 15.374973767437 7.94613590510562 ex
2729 8.5850816864986 19.764167442685 1.17777217924595 ex
2730 7.47732900944538 11.9395200728904 4.00843047839589 ex
2731 7.26700703450479 12.5833887404297 10.7311015303712 ex
2732 4.54145878297277 12.7441554069519 4.14390855003148 ex
2733 3.05453064641915 15.3819739567116 3.74716671160422 ex
2734 1.17177645000629 14.1250197335612 8.37894733436406 ex
2735 5.8011337085627 17.4652219908312 4.59853862621821 ex
2736 4.62266862113029 16.8443642591592 2.69474235852249 ex
2737 5.34548146557063 12.1784602950793 4.03295157640241 ex
2738 7.6587349451147 17.4371754610911 9.46098339115269 ex
2739 8.53598587401211 16.6999359934125 10.3983926668297 ex
2740 8.14252445125021 16.2105041546747 4.03000892326236 ex
2741 4.66578939999454 20.9331161659211 9.8851627309341 ex
2742 10.80216003838 16.7340936884284 2.49948587501422 ex
2743 9.54787836107425 12.4146013474092 1.75037772301584 ex
2744 5.99546233215369 19.9323070363607 0.583394264569506 ex
2745 7.57804685342126 14.5105004215147 1.20258911908604 ex
2746 6.16845552623272 21.7938621144276 9.58785624988377 ex
2747 7.24562485329807 18.0016228256281 1.67083410779014 ex
2748 4.11154216364957 12.0273855330888 10.7450220519677 ex
2749 7.13184231868945 20.3234223253094 6.6404912439175 ex
2750 6.91001946525648 17.2868410989176 8.73774459771812 ex
2751 9.45513238525018 16.1588084581308 8.42081129201688 ex
2752 9.24592713848688 18.1471976577304 8.17364572873339 ex
2753 5.89030308532529 12.4938840481918 3.09185120905749 ex
2754 9.10523409908637 16.8702797230799 0.277508286060765 ex
2755 10.1013341115322 11.9910858978983 0.685095136752352 ex
2756 1.55088311177678 14.2611895387527 4.51903906837106 ex
2757 10.6030687962193 16.576661918778 4.52212766977027 ex
2758 7.3737657640595 20.3317150431685 9.56335226469673 ex
2759 2.79795233905315 21.6273048717994 7.37441159109585 ex
2760 1.8870956460014 12.6207753580529 6.30503636505455 ex
2761 9.53643729607575 11.4169093247037 1.06494820630178 ex
2762 0.156998064834625 16.2536323475651 8.22930346988142 ex
2763 1.96284878184088 21.9531227010302 7.67975696828216 ex
2764 4.38747770735063 19.3385119587183 1.20458257687278 ex
2765 4.84943157737143 16.3062012598384 10.1210618126206 ex
2766 10.568308427697 20.7164247934707 1.81197141297162 ex
2767 5.76875613234006 13.8554032731336 2.62043328513391 ex
2768 5.11857329751365 16.6689399818424 10.7444898874965 ex
2769 9.016226435313 15.0678577937651 4.38126571732573 ex
2770 6.4194902498275 14.2213265267201 2.85836156900041 ex
2771 5.35512249730527 11.2198002538644 6.17530132411048 ex
2772 6.41257382906042 17.5674194726162 9.11925278091803 ex
2773 6.35439942078665 12.5413659880869 8.61121564288624 ex
2774 4.9064723260235 13.5484630209394 4.90892006619833 ex
2775 1.75982572487555 20.7168332175352 8.96016812953167 ex
2776 2.98012337833643 14.2438410602044 3.89992112130858 ex
2777 6.04213210823946 18.3132983888499 10.6484860167839 ex
2778 9.3933564927429 12.3735027650837 0.940956150647253 ex
2779 2.86171541712247 19.6712142769247 0.3334278347902 ex
2780 0.373420437797904 18.6037016259506 6.80572434328496 ex
2781 7.04814744181931 13.0639958295505 2.87166997836903 ex
2782 6.37047278368846 12.1379735472146 4.88461975660175 ex
2783 3.64675177470781 11.1767807707656 3.28889681282453 ex
2784 7.10760238557123 14.7144350758754 2.62256083614193 ex
2785 4.42739044874907 17.2295206775889 9.35149639705196 ex
2786 5.46070488612168 18.7776903829072 9.79057990713045 ex
2787 9.16746309492737 16.7873188338708 7.76629427494481 ex
2788 3.60394923668355 17.2337488310877 5.5015345371794 ex
2789 2.18800995103084 17.0578531641513 9.1189498428721 ex
2790 8.16759118787013 13.6418628806714 7.56308355322108 ex
2791 2.03347787098028 14.4592730675358 9.56698551611044 ex
2792 7.78960422985256 15.3182345088571 2.9619564935565 ex
2793 8.68448589742184 17.5849799455609 1.1344049568288 ex
2794 10.7515249641147 14.4437340726145 2.33591868332587 ex
2795 1.00812240689993 18.3322469487321 3.70846831519157 ex
2796 2.30740303732455 11.2180028900038 9.38675461290404 ex
2797 10.7751599156763 12.2982928459533 10.7067934649531 ex
2798 8.34871879289858 12.6575719886459 3.78397307381965 ex
2799 7.48316083475947 20.0932983455714 4.01329578319564 ex
2800 3.98687482974492 11.1321794495452 1.20490525383502 ex
2801 5.37971017998643 14.3001126989257 5.8297528992407 ex
2802 1.70347435888834 11.2995750561822 1.48265605140477 ex
2803 5.34519092482515 11.1475962891709 5.75400263746269 ex
2804 7.95456762518734 21.2815453016665 8.33678500377573 ex
2805 4.71947802789509 15.2825117954053 9.92800917988643 ex
2806 0.534286053385586 14.3697181961033 6.66759327682666 ex
2807 5.0477142482996 20.393509647809 3.04281504941173 ex
2808 0.417601621942595 12.4611487076618 7.44785718852654 ex
2809 7.71250626305118 13.2229494177736 10.7171828984283 ex
2810 6.57844093977474 17.0271365263034 7.6434687403962 ex
2811 0.103277065092698 12.3898060764186 4.37752219871618 ex
2812 4.92417839728296 18.8080939387437 2.53600777406245 ex
2813 10.4052069548052 14.4188493732363 1.20267754537053 ex
2814 5.11928620864637 18.0245156409219 3.23787679360248 ex
2815 10.8603714706842 14.2104989283253 10.4988568210974 ex
2816 1.49751576362178 21.8195614884607 5.25696850544773 ex
2817 6.50316973612644 14.7645510272123 6.22825630893931 ex
2818 8.44648683653213 20.941096031107 8.08424087567255 ex
2819 5.57793594757095 17.8444063500501 5.70043334388174 ex
2820 8.17100438172929 11.1836053663865 6.58370776777156 ex
2821 0.0595597315113991 21.4723433607724 4.6146337648388 ex
2822 10.7291176433209 12.3350246259943 7.10314902011305 ex
2823 7.9076972049661 19.472611520905 2.5219743323978 ex
2824 6.03721773996949 18.6692609007005 2.89397196867503 ex
2825 5.41846928582527 11.0757723031566 4.18484892859124 ex
2826 6.07611413369887 21.2693588903639 8.32158234878443 ex
2827 8.40567164309323 17.925721017411 10.6584454714321 ex
2828 9.51642788993195 13.7121928606648 5.19544064253569 ex
2829 5.85850174119696 19.8206757707521 3.71533668786287 ex
2830 3.04027763893828 19.3703971102368 9.11172108375467 ex
2831 2.71714975661598 20.6042483348865 2.93050905247219 ex
2832 10.0964732037392 12.5193215811159 5.17238860554062 ex
2833 0.397305215941742 11.6516621827614 0.245741941034794 ex
2834 6.4225709605962 15.7908604494296 0.996006910223514 ex
2835 0.774103112518787 18.4934324983042 4.58554130140692 ex
2836 2.23233470716514 13.8887986545451 3.73701660824008 ex
2837 1.66962381964549 12.7613882268779 8.09692783793435 ex
2838 10.6575006605126 21.3136503179558 10.5734933279455 ex
2839 9.17673135385849 16.5056159468368 9.36533063743263 ex
2840 3.01989586977288 16.7115155283827 7.80417129723355 ex
2841 7.60459988820367 18.4800679977052 5.13991475035436 ex
2842 2.19993672450073 18.1815870446153 3.74564580223523 ex
2843 6.75061729666777 18.0329769174568 5.81437056721188 ex
2844 4.65779023687355 21.5656916261651 10.8384146657772 ex
2845 0.669383941916749 15.5665340381674 4.02278095809743 ex
2846 5.32336539309472 11.3175636103842 9.20421827537939 ex
2847 9.82853294932283 16.6819701711647 2.69713825476356 ex
2848 1.12802908150479 20.8703144595493 1.50693466630764 ex
2849 6.73931386624463 19.4065555904526 3.16551674762741 ex
2850 10.8358237049542 17.2029571936 0.915653889533132 ex
2851 8.85855636489578 20.3257074838039 10.7954279202968 ex
2852 7.87427965528332 16.9644058868289 6.61865592398681 ex
2853 8.31935912487097 18.924283551285 5.5405024678912 ex
2854 7.7204567391891 14.0171763938852 6.57781491638161 ex
2855 5.13161191949621 14.5165558217559 4.13591415272094 ex
2856 5.10582048282959 18.4471221349668 0.913581477943808 ex
2857 5.61067616729997 19.1491003441624 6.22185320034623 ex
2858 4.38546955306083 16.5573600844946 1.42147480743006 ex
2859 4.63772258837707 12.5047092398163 1.1501882057637 ex
2860 0.77995027275756 19.7189145092852 6.51403217762709 ex
2861 7.41081129503436 20.6016260283068 0.722015048610047 ex
2862 8.26285309856758 14.0555749267805 10.6080293962732 ex
2863 10.877625097055 17.8007852432784 8.21507591987029 ex
2864 6.79768667067401 13.978231301764 5.16544451098889 ex
2865 3.82397126825526 14.7692635378335 4.36323660542257 ex
2866 5.30405953340232 18.7759402608499 1.26459844806232 ex
2867 5.11679741670378 17.0546382085886 2.85782054415904 ex
2868 4.58099004882388 13.2331985672936 8.50513657438569 ex
2869 3.47159023047425 16.3106795467902 4.75502243149094 ex
2870 3.34544785111211 19.4130326500162 0.534576945472509 ex
2871 9.81511674704961 15.4950029870961 6.5337704657577 ex
2872 7.8871969957836 21.1461358801462 3.09205874754116 ex
2873 5.8355005516205 15.4861319102347 9.80829678010195 ex
2874 5.56178471259773 21.6023669636343 0.799527134746313 ex
2875 10.6382909356616 16.5658021790441 7.95938335661776 ex
2876 4.30378953134641 19.955020214431 5.634215652477 ex
2877 0.291305371792987 21.8507910075132 5.54588682763278 ex
2878 0.924442606279626 17.5979215188418 6.09139737556688 ex
2879 5.93523561279289 11.878471885575 3.38985516852699 ex
2880 5.87921445514075 21.7093225715216 2.58569750422612 ex
2881 7.45732511486858 11.274347404018 9.78023504256271 ex
2882 3.94564736192115 12.2597728066612 9.97460858360864 ex
2883 10.2339426488616 16.584876119392 10.1502175244968 ex
2884 8.85246736416593 11.5773949178401 3.53774277749471 ex
2885 10.4951077122241 13.7428478959482 6.07517231861129 ex
2886 6.52667901478708 20.4117147843353 10.2968714006711 ex
2887 8.26345292688347 21.6802417596336 0.429108478594571 ex
2888 8.95385715458542 20.0047263281886 0.0262524019926786 ex
2889 1.94264900800772 11.2018377375789 9.50905238953419 ex
2890 2.95608762674965 17.5320761809126 6.73482664884068 ex
2891 8.96410809853114 15.1423804815859 1.28325840295292 ex
2892 3.17133561777882 21.9079653052613 1.29588976223022 ex
2893 8.53859450039454 11.1587985074148 7.24758214084432 ex
2894 3.62212283280678 14.7930325148627 9.3557423769962 ex
2895 3.5282160656061 20.0587927221786 0.935343030374497 ex
2896 0.288309508701786 14.553472179221 2.72114424337633 ex
2897 5.31096635898575 14.1862900240812 6.28084545116872 ex
2898 5.22544985217974 17.3549366423395 0.398343248059973 ex
2899 9.75295328302309 14.8942939836998 0.540975933894515 ex
2900 0.848452623467892 15.2917233780026 8.83733887178823 ex
2901 8.76852573058568 18.4438506457955 8.58219849481247 ex
2902 0.760748738888651 11.6723185819574 1.31363912043162 ex
2903 10.2321944758296 13.3314462043345 7.10718168877065 ex
2904 0.0287591149099171 14.9538069583941 7.46035807114094 ex
2905 4.45670104282908 14.161826008698 0.484947006218135 ex
2906 4.56857727444731 14.6628138748929 4.96259496756829 ex
2907 8.03566116373986 18.5502327999566 1.70478506106883 ex
2908 5.79940144042484 17.3967523700558 1.76371636544354 ex
2909 1.67181803728454 21.9500431879424 0.215482085011899 ex
2910 4.93380011850968 18.6135223472957 1.55315709067509 ex
2911 6.79651140957139 13.5297667877749 3.20339640625753 ex
2912 3.40141404862516 13.5839003287256 7.38830663287081 ex
2913 2.39567621261813 13.4436970178504 7.47539966064505 ex
2914 4.33487048908137 17.9121918205637 4.20837010629475 ex
2915 4.9235488162376 14.9214322473854 1.80734290764667 ex
2916 4.10560590471141 11.6657038955018 4.93644105270505 ex
2917 1.26226902101189 13.0327369121369 9.75290170218796 ex
2918 2.6722049661912 21.3488813238218 5.47636625240557 ex
2919 4.99599486240186 19.6209477519151 2.62427475489676 ex
2920 6.87852867995389 16.8804190941155 9.24114059237763 ex
2921 10.5198011854663 15.7729080542922 7.64925375534222 ex
2922 0.820887119043618 16.0772042593453 2.47248441935517 ex
2923 2.49552462832071 20.4155170102604 5.65334971179254 ex
2924 5.66556434496306 12.4197633799631 8.74967841967009 ex
2925 9.66786350053735 12.3846633806825 8.62707329913974 ex
2926 3.48553294292651 20.9981287145056 8.96164526930079 ex
2927 9.70753990579396 17.1571064991876 10.7276074998081 ex
2928 10.1575391532388 18.8468559707981 3.01296380953863 ex
2929 10.1528248735704 11.4859725469723 7.70120342983864 ex
2930 10.8204153382685 20.2858694738243 4.88023650296964 ex
2931 3.23147292411886 11.9957332510967 10.5976946372539 ex
2932 7.6136283359956 16.7439352006186 10.0356275301892 ex
2933 4.12450960371643 19.7974817762151 4.97667865129188 ex
2934 8.87510183127597 11.586143797962 8.91617768839933 ex
2935 3.8255859259516 20.5327261236962 5.11896169604734 ex
2936 5.81728926370852 19.0363399758935 4.31185903795995 ex
2937 7.03999186865985 18.0724582921248 10.1380148259923 ex
2938 1.23708501062356 13.1835441396106 1.11279175151139 ex
2939 10.7828170619905 14.416680053575 3.96732202684507 ex
2940 1.24894298356958 21.8617465076968 3.65800859685987 ex
2941 9.36895193834789 21.6257153933402 1.26603910163976 ex
2942 6.11912747705355 13.1445370435249 8.96777153993025 ex
2943 8.39069664105773 21.9700255063362 3.31093341601081 ex
2944 3.23278213827871 13.8182360434439 0.725050507113338 ex
2945 5.67878946987912 21.8825611816719 7.11626016790979 ex
2946 8.62336502061225 16.7472030185163 8.89093940681778 ex
2947 2.62428749212995 16.9860010750126 1.41913470462896 ex
2948 5.96505563170649 21.8714570540469 3.33402823796496 ex
2949 8.22092557093129 21.8314262519125 9.70069193351083 ex
2950 9.53327033109963 18.732061998453 1.25988890626468 ex
2951 5.16563174733892 15.9371044195723 7.45142971538007 ex
2952 9.10179856023751 11.7590419400949 9.26481200591661 ex
2953 1.04429519618861 14.8341358124744 10.6398392512929 ex
2954 8.31873721629381 16.0706181796268 0.873760572401807 ex
2955 10.0851204921491 19.8853345026728 5.67664343025535 ex
2956 3.62113524670713 17.1494347178377 4.76840413594618 ex
2957 4.01664210786112 13.1429392904975 9.72941758693196 ex
2958 5.51423862949014 19.7378727758769 1.1691776686348 ex
2959 0.945936212781817 19.1052733650431 7.70035718474537 ex
2960 9.49032630445436 11.4272529177833 3.95648909918964 ex
2961 6.75251676701009 12.3321775379591 0.841453729895875 ex
2962 7.97262923861854 11.4501072163694 3.14564142818563 ex
2963 6.15258553717285 19.4006382131483 4.02435194584541 ex
2964 1.61912951222621 15.6331303715706 2.93540486390702 ex
2965 7.15103455772623 15.2352618321311 10.5166798694991 ex
2966 10.6130216624588 15.4903182594571 2.21256979182363 ex
2967 0.334913183702156 11.1789201407228 3.67594351596199 ex
2968 0.197255550185218 20.8166858635377 7.29561817948706 ex
2969 0.704118674388155 19.4234109707177 8.22477855556644 ex
2970 10.413391974289 11.8649988677353 4.97799032530747 ex
2971 2.19521178654395 14.4080474341754 4.80217030551285 ex
2972 1.83872049883939 20.3294881910551 2.50487028225325 ex
2973 1.18780963355675 11.1895419722423 6.55143971950747 ex
2974 5.06864729733206 20.9523885054514 1.13504165504128 ex
2975 0.849902743007988 14.2774541978724 9.62000247440301 ex
2976 5.65724733402021 18.8886323941406 7.79162796284072 ex
2977 10.4529953282326 17.7948736948892 5.39403571304865 ex
2978 5.50711931381375 13.9964435745496 9.59899168275297 ex
2979 5.46885931794532 16.7576088742353 2.3459798367694 ex
2980 1.41331811319105 15.9115551805589 8.10574610391632 ex
2981 4.66775772650726 16.1515910918824 6.81916564516723 ex
2982 5.51041183085181 12.1035594185814 7.90505725867115 ex
2983 2.96614024392329 13.7329142361414 2.64884425885975 ex
2984 8.54119772743434 14.7813983443193 8.04960114602 ex
2985 2.11853140685707 19.6637637875974 3.90203027636744 ex
2986 9.28021790971979 18.764373953687 10.3928935034201 ex
2987 8.24152143322863 17.723148819292 0.778810591436923 ex
2988 5.90610615932383 21.3663606375922 1.1967811146751 ex
2989 7.18677826505154 12.9954674686305 8.03725100611337 ex
2990 9.00827835127711 16.7204783018678 10.5959786276799 ex
2991 2.60905140195973 18.2794568524696 8.81372283748351 ex
2992 3.37045089830644 11.9701488490682 9.31789171718992 ex
2993 10.7525509523693 17.6221785268281 4.40669539151713 ex
2994 8.46267799893394 11.0410782219842 1.16593873687088 ex
2995 1.04121845774353 13.5831894879229 6.6910903218668 ex
2996 10.2352215757128 12.7009673770517 4.70886700530536 ex
2997 0.643939432920888 18.9598216139711 8.13869458064437 ex
2998 5.04845571401529 13.2235809369013 6.6703056874685 ex
2999 1.9635925067123 21.7380227330141 10.7573186866939 ex
3000 5.66575999581255 11.5292589575984 1.09046647301875 ex
3001 10.5545463133603 18.5047158093657 2.6999650017824 ex
3002 5.2631870622281 20.7655429099686 6.8928209701553 ex
3003 10.7641097167507 18.607859231066 10.4906377268489 ex
3004 5.89141546469182 15.8008090259973 3.13232682482339 ex
3005 2.50137259857729 18.141975840088 10.484138116939 ex
3006 3.61104468232952 17.1472693872638 7.20136461453512 ex
3007 10.9667964563705 21.7666496580932 1.86969349067658 ex
3008 0.333002266008407 19.1395782346372 3.13974196999334 ex
3009 8.11195485224016 13.4189149120357 6.6099864281714 ex
3010 9.37076008575968 18.4769268808886 0.871267073787749 ex
3011 0.58610990550369 18.0484947699588 7.94492562883534 ex
3012 2.69742093794048 14.9452301312704 0.854753546882421 ex
3013 2.74168889434077 18.0108102355152 2.4142751309555 ex
3014 1.38922322797589 16.5447751244064 1.3456375207752 ex
3015 4.30954939639196 17.2472687996924 0.767371704103425 ex
3016 8.8363688942045 20.5382402397227 7.92210687557235 ex
3017 7.66534884041175 21.3100607502274 1.60826081596315 ex
3018 9.46013404079713 12.8718658145517 2.95953369489871 ex
3019 8.77804085868411 17.2611033874564 3.33930162759498 ex
3020 3.02182134683244 17.6743340368848 1.98302578460425 ex
3021 0.0512735517695546 17.8654094131198 10.820442950353 ex
3022 6.07373836822808 16.3979730221909 3.38428479223512 ex
3023 1.21545438864268 12.7248025045265 1.77950227004476 ex
3024 6.79205849394202 16.8764588774648 2.7775153410621 ex
3025 5.91693119215779 13.7575730050448 4.81433017365634 ex
3026 0.775134943658486 13.9010239571799 10.1049177122768 ex
3027 2.00720282574184 13.137766513275 9.81142455572262 ex
3028 5.34564666566439 16.5275183622725 4.18124655005522 ex
3029 4.30802382342517 14.4936042081099 2.05245002009906 ex
3030 5.62050503422506 19.6445690277033 7.16522474610247 ex
3031 3.74976455699652 20.784057312645 2.08336131973192 ex
3032 4.07174455886707 19.2216358971782 3.96632947493345 ex
3033 6.02611694275402 17.8629826244432 4.64133177604526 ex
3034 1.08260789187625 21.3873185999691 8.54930733540095 ex
3035 5.02384809660725 19.2148720764089 5.11290266667493 ex
3036 1.14836576092057 20.6487706867047 7.6485147816129 ex
3037 4.39697737619281 19.5675973778125 0.384351800894365 ex
3038 7.13916515815072 13.0286476032343 9.55166770983487 ex
3039 7.06353547191247 18.4499389505945 6.20248501375318 ex
3040 8.27987129078247 14.2936265652534 3.02833283599466 ex
3041 7.18995107477531 15.5831202294212 8.98082751361653 ex
3042 0.0815386050380766 14.8388490795624 3.93156528263353 ex
3043 9.73439986351877 18.0482002212666 6.01567131304182 ex
3044 7.2358702882193 13.1213612006977 1.3389320448041 ex
3045 6.98863853677176 13.4028422075789 0.832523092860356 ex
3046 7.15378645109013 11.5512213029433 1.37949878582731 ex
3047 6.73596706497483 15.7465058336966 7.19632508046925 ex
3048 8.14421778684482 21.4158634638879 6.18252264242619 ex
3049 10.9459528841544 11.7826880572829 5.64758531469852 ex
3050 2.5092664079275 16.4395135943778 3.98031727783382 ex
3051 10.4875832421239 19.3081029960886 8.3657668645028 ex
3052 4.32789982156828 13.9616248530801 6.30833586328663 ex
3053 0.163509120000526 11.6084621080663 4.29607859929092 ex
3054 5.30387250473723 21.2502567486372 6.49196041072719 ex
3055 7.55596568575129 16.6040708096698 1.34526367275976 ex
3056 4.52067361073568 15.3727734794375 7.75742516061291 ex
3057 1.55057838768698 13.4168323518243 3.72210249491036 ex
3058 9.11508640111424 21.9206018368714 10.0230302868877 ex
3059 3.00154955894686 19.1209746599197 7.23275854228996 ex
3060 5.28314028470777 21.8971080123447 4.79891313822009 ex
3061 8.75567885674536 16.4349730454851 5.39803183777258 ex
3062 7.75966462958604 15.679824630497 4.77495901822113 ex
3063 6.98761692969128 16.4023423171602 4.0849970956333 ex
3064 1.79114440339617 16.2147895828821 10.2131689146627 ex
3065 7.67504506628029 17.287649959093 4.56480088760145 ex
3066 3.85802599671297 16.2132794663776 3.68523062276654 ex
3067 9.9971067069564 18.9114947889466 5.89872933388688 ex
3068 10.9802074073814 19.3518318904098 2.10899575008079 ex
3069 8.2357529187575 19.0267944771331 6.4197738787625 ex
3070 7.14946581516415 11.5530972955748 10.0429543461651 ex
3071 8.36216255323961 15.2747978144325 4.2140965515282 ex
3072 3.59185244422406 21.0784422834404 0.660381102003157 ex
3073 4.87557349889539 19.8848838098347 7.69409805559553 ex
3074 5.5518142899964 15.7073989922646 8.95626509306021 ex
3075 0.557535659056157 12.6136065868195 5.40875183790922 ex
3076 6.2012498092372 19.6523102906067 5.36122062243521 ex
3077 4.32451744191349 12.0098936085124 6.96608179109171 ex
3078 4.23421457433142 17.1241780347191 2.94092612573877 ex
3079 9.16058852616698 21.2053801254369 2.8954927616287 ex
3080 9.45768174203113 12.4388206659351 10.5848026387393 ex
3081 4.37857502605766 20.7359450841323 3.91847391496412 ex
3082 2.3362730666995 21.510685384972 6.24257609155029 ex
3083 5.87003588164225 18.7973164911382 6.65679239085875 ex
3084 3.59870754135773 15.7357473904267 5.16757189645432 ex
3085 6.5966283637099 19.1153448282275 2.99981771339662 ex
3086 1.86348835309036 11.3841914730147 5.97672522813082 ex
3087 8.30963433813304 19.2737033241428 0.330066013615578 ex
3088 2.01309712068178 15.0166641911492 3.26317284163088 ex
3089 8.91883267555386 18.1420059564989 6.12361111841165 ex
3090 10.0883590546437 20.0256451573223 7.85973352496512 ex
3091 8.34137666667812 12.0123758092523 8.08066832926124 ex
3092 0.11951641831547 18.7377911894582 9.38060165243223 ex
3093 0.0544989560730755 12.6720125386491 10.0439088686835 ex
3094 3.50553629104979 12.0048270414118 4.45557243051007 ex
3095 5.62123375455849 16.9160829666071 3.97401099069975 ex
3096 0.738903395598754 20.8264885942917 0.000381833640858531 ex
3097 2.22950712800957 15.2155223584268 2.96365585108288 ex
3098 3.73420800711028 13.4924274298828 10.1920196211431 ex
3099 5.89702856098302 12.8104058017489 1.30476727662608 ex
3100 7.18329340452328 21.5927317875903 7.8799068951048 ex
3101 9.70158565603197 16.0062591228634 4.17926644906402 ex
3102 5.37586682639085 20.3914221150335 7.38661694340408 ex
3103 4.85529208765365 11.6845924304798 3.94943388248794 ex
3104 2.97194258216769 15.3007148890756 10.2894714663271 ex
3105 5.37786332331598 20.2189845205285 5.93156635877676 ex
3106 2.18730290117674 19.4010399496183 7.75520321610384 ex
3107 5.04043593304232 11.2247213795781 0.912718570092693 ex
3108 5.33230607118458 18.7648393053096 5.45661960821599 ex
3109 5.87368389149196 19.6571380894165 8.09417266026139 ex
3110 6.87192685110494 21.8370264200494 4.46180200297385 ex
3111 10.5493407135364 11.5058300665114 1.13061523879878 ex
3112 9.41777611733414 20.7597921879496 5.72389536071569 ex
3113 6.74947897833772 13.7159298036713 9.7084641426336 ex
3114 2.41569813969545 15.8318406925537 6.47989066364244 ex
3115 7.87746763299219 19.1308794361539 7.63746602460742 ex
3116 7.92215638631023 19.369346447289 3.01138912024908 ex
3117 4.52743767900392 20.6320240728091 4.89362722658552 ex
3118 0.464712230488658 15.5067928440403 6.32606711727567 ex
3119 6.3339780617971 15.7372005647048 5.41763582197018 ex
3120 9.72583760181442 21.8871830615681 4.36094563221559 ex
3121 7.0443971036002 19.1764053292572 10.2037937592249 ex
3122 2.48179278802127 19.0282049372327 6.52484928583726 ex
3123 2.07345337839797 20.1033767138142 1.45664382446557 ex
3124 8.28923247475177 16.5722922303248 9.56083640945144 ex
3125 7.00060447026044 15.0440857999492 3.50043556839228 ex
3126 9.73122667847201 19.1284317378886 9.80178952706046 ex
3127 6.3962815082632 15.1131960377097 6.01217291946523 ex
3128 6.7035955095198 18.0998622733168 4.90559326694347 ex
3129 6.28897608676925 17.201860889094 1.3891975863371 ex
3130 10.4055312429555 18.2508821864612 7.33328724838793 ex
3131 7.57646537804976 17.1808624721598 10.6083801351488 ex
3132 0.767321212682873 20.2254437981173 9.91592221870087 ex
3133 3.37615907518193 20.4930155563634 6.34148132265545 ex
3134 4.33639580174349 20.936871136073 6.82364086247981 ex
3135 2.20151162380353 19.035582105862 4.1311345838476 ex
3136 6.38005723105744 11.5869496620726 1.84095386811532 ex
3137 7.15236649382859 15.9895137830172 0.334555925801396 ex
3138 1.96200310648419 16.3260717547964 6.12771880091168 ex
3139 0.096846672706306 16.5973394392058 5.2127656522207 ex
3140 0.716570142889395 14.0128586336505 0.192651969380677 ex
3141 1.43564101890661 17.3553285871167 10.1045992716681 ex
3142 5.1057788010221 18.8955978760496 4.77401750301942 ex
3143 7.13494068942964 13.4055130518973 8.68357819621451 ex
3144 9.53681672737002 18.2445287057199 2.55280756973661 ex
3145 1.88704770151526 17.0055815377273 8.42572175036184 ex
3146 4.23087207577191 16.3448927635327 7.03348106658086 ex
3147 9.04902102309279 15.2139204840641 0.498452210566029 ex
3148 9.61750092310831 14.2212713467889 6.82427636324428 ex
3149 10.0886861511972 18.1600226699375 0.247295705834404 ex
3150 9.94857792439871 17.0980012174696 2.07093921187334 ex
3151 1.83923041727394 12.0198260073084 5.80085829016753 ex
3152 0.152770299464464 12.0192187286448 1.04928770009428 ex
3153 4.56928645423613 21.6966960506979 9.36559786973521 ex
3154 2.85027904575691 17.0551952901296 3.67981610423885 ex
3155 8.90831540385261 21.1678677706514 7.75503481319174 ex
3156 10.6097788785119 12.9794921393041 2.49252564110793 ex
3157 8.77920274809003 17.7925594102126 5.70470714010298 ex
3158 8.30538102448918 19.2702860271093 8.57794783660211 ex
3159 3.28329672198743 16.0831794892438 0.827765547437593 ex
3160 7.02065562456846 18.0382491073105 7.46586678805761 ex
3161 3.88577933073975 17.9710677852854 8.78797421301715 ex
3162 0.804347740719095 19.7827427168377 10.9962961054407 ex
3163 9.77619978250004 12.2411665858235 7.03714859462343 ex
3164 8.0338002294302 17.735394079471 7.16096915863454 ex
3165 10.5487606015522 19.8363075635862 1.89770347322337 ex
3166 6.71427110908553 13.4746570095886 7.1618985994719 ex
3167 3.25898749008775 20.5370064845774 9.75985667714849 ex
3168 2.85918351775035 19.4736381429248 9.78946089954115 ex
3169 1.13141825259663 18.369891770184 8.20966755086556 ex
3170 2.82088005892001 12.4965531707276 0.812262831022963 ex
3171 7.63683331711218 15.687044025166 1.25422063865699 ex
3172 5.58621561550535 15.2927044164389 2.97337187547237 ex
3173 1.36957066017203 15.7711550167296 3.29418988781981 ex
3174 1.34706192882732 12.7494714225177 4.15812029060908 ex
3175 9.65768399671651 13.2353367316537 3.97266866313294 ex
3176 7.95072574680671 19.1771480864845 5.21842239960097 ex
3177 6.13123058062047 12.6912219794467 5.0138548463583 ex
3178 6.38508690637536 12.0350572625175 6.4671790197026 ex
3179 2.13846981106326 20.1850888349582 9.68004332459532 ex
3180 8.91096112527885 17.22349878354 8.44043827825226 ex
3181 7.61629109061323 16.0649629968684 3.83298557787202 ex
3182 9.15515398769639 11.3972121227998 6.32583543262444 ex
3183 3.4549727269914 12.3178430679254 6.25078615592793 ex
3184 10.8827766994946 16.6586517947726 8.64382067346014 ex
3185 9.66760619869456 20.3226653656457 8.98407080606557 ex
3186 9.12060398119502 17.7990348390304 5.49272444308735 ex
3187 1.29428271204233 20.3035443448462 3.37736083078198 ex
3188 1.42128563253209 17.2663481207564 0.610179580515251 ex
3189 4.46970807109028 21.0882985014468 7.33185449545272 ex
3190 4.71707382169552 12.9639130616561 5.06442198739387 ex
3191 7.03406894765794 16.7089095441625 9.81098933634348 ex
3192 6.62736074696295 15.4474941452499 10.5404974373523 ex
3193 2.20096510858275 16.5268682669848 5.7834013204556 ex
3194 1.412644358119 14.8344220968429 0.945668018423021 ex
3195 2.21302236733027 11.6670049447566 7.46686298795976 ex
3196 10.3190565574914 16.1265199913178 3.40704572270624 ex
3197 6.55160703393631 18.6821957638022 6.65312252356671 ex
3198 10.586240774719 18.5264692434575 1.67298114695586 ex
3199 2.85818775021471 15.3094039270654 7.50139937642962 ex
3200 4.35837587458082 13.8269601296633 5.1084960270673 ex
3201 1.9334920020774 15.9415318111423 9.71795509825461 ex
3202 2.80899052298628 14.4733843533322 1.74014393077232 ex
3203 8.23391443816945 12.5987517824396 10.9682230777107 ex
3204 8.1355090001598 19.2404693977442 9.94904564879835 ex
3205 5.43235926656052 13.4315003463998 1.17265351372771 ex
3206 7.89025756064802 11.1900124254171 0.734265933278948 ex
3207 0.660159700317308 13.7602597968653 6.24861008790322 ex
3208 1.12965924642049 20.7297153864056 5.29138628602959 ex
3209 7.27906899666414 21.279833286535 5.94342314195819 ex
3210 8.83027062611654 11.1324973921292 5.05358449229971 ex
3211 1.18719261442311 19.1886728105601 6.91902660764754 ex
3212 1.49409835902043 19.363517211983 5.56847299775109 ex
3213 6.20456904778257 13.5197772667743 1.69067130982876 ex
3214 7.7729559361469 16.3566602445208 7.0266798643861 ex
3215 0.437271356349811 18.6219297824427 5.39617192954756 ex
3216 10.9257807787508 13.24557593395 8.34277215506881 ex
3217 10.6892164947931 14.9985258448869 4.14982398063876 ex
3218 10.5205615703017 11.0427147890441 3.54458010918461 ex
3219 8.4742819017265 16.4049645559862 6.9605336857494 ex
3220 1.07659997744486 16.5243914753664 3.97867671144195 ex
3221 0.422051384812221 16.7555146820378 7.86222044518217 ex
3222 9.52615997428074 19.175192381721 7.47509694914334 ex
3223 9.02758243517019 14.8948022352997 2.31934268330224 ex
3224 6.19504048768431 11.0257889733184 4.52529387827963 ex
3225 3.67655145656317 21.650833487045 6.6522793660406 ex
3226 0.394789156271145 15.6959176068194 10.0312035006937 ex
3227 2.68397567118518 13.9490891662426 8.89095753990114 ex
3228 6.4659244902432 21.3671683068387 6.27419812651351 ex
3229 7.5380173441954 18.0171247625258 2.99365923297592 ex
3230 1.92446304787882 11.3454797244631 4.07527190609835 ex
3231 2.47006463003345 17.2025516650174 7.16117093036883 ex
3232 3.1759705033619 16.2755461910274 6.2684820543509 ex
3233 1.56308396835811 12.2498325626366 7.48625670559704 ex
3234 0.238626291276887 14.8500689840876 8.51049285242334 ex
3235 4.92327781789936 19.6122182337567 8.54892356484197 ex
3236 0.0892189997248352 16.6265066685155 6.65817682468332 ex
3237 0.475537972524762 13.0403472736944 0.0716637989971787 ex
3238 1.15463571646251 16.2942969521973 7.76726322388276 ex
3239 9.43315329332836 12.1827897522599 4.58282882650383 ex
3240 7.52739223814569 20.170602215454 3.95356139051728 ex
3241 3.86570071522146 12.2722192923538 1.03587127057835 ex
3242 6.00798197323456 19.1183991867583 1.99187011620961 ex
3243 2.36689012171701 19.765333899064 1.16228533582762 ex
3244 8.71944682626054 17.4582335699815 9.54053817410022 ex
3245 9.52036531409249 17.516695835162 4.20604365505278 ex
3246 3.66333982883953 17.8485868573189 6.89400376635604 ex
3247 3.60123693174683 19.5445327979978 8.1105220108293 ex
3248 4.77453406737186 16.506101666484 3.96186084416695 ex
3249 4.16454653278925 11.2482643760741 8.7838817294687 ex
3250 6.27564472821541 20.5346541460603 4.29641495947726 ex
3251 7.66702718101442 12.2288096486591 6.10985502740368 ex
3252 7.02469970774837 21.8248751885258 9.42486063274555 ex
3253 4.85754433879629 18.2642554952763 3.03343411372043 ex
3254 2.11969458102249 20.4918839724269 3.88609911268577 ex
3255 4.30843671341427 15.9319208827801 8.70894921850413 ex
3256 1.5630595406983 15.2340770575684 1.8660698402673 ex
3257 9.30423831311055 17.3367620182689 1.4140858987812 ex
3258 1.82086572935805 11.781711085001 7.98556465050206 ex
3259 7.56966541451402 14.91978087998 7.19100801600143 ex
3260 10.3145575080998 12.1906613786705 6.41435679863207 ex
3261 7.66255080001429 13.4315981648397 7.58068767166696 ex
3262 2.55013638758101 17.9982133777812 5.98723972635344 ex
3263 7.79226708342321 18.7167123863474 8.75936682894826 ex
3264 5.62557068746537 14.0977869590279 0.149735304759815 ex
3265 1.48673054133542 20.5736264027655 4.97543513542041 ex
3266 10.5809323587455 19.769544914132 0.963441086700186 ex
3267 0.341710527194664 19.0180958702695 4.7721068453975 ex
3268 2.81952039524913 14.7898647149559 2.35658053029329 ex
3269 5.92615309217945 18.3564315857366 2.34119018656202 ex
3270 4.04369061812758 13.6752916148398 10.4905524624046 ex
3271 8.90043444675393 12.476880696835 4.35727586667053 ex
3272 10.6373064466752 19.6659342788626 6.81738840951584 ex
3273 8.46756825619377 21.0090574384667 10.4785725024994 ex
3274 6.22787199146114 14.2979076306801 10.7033482200932 ex
3275 9.98460180172697 19.9899708158337 5.17497875145636 ex
3276 3.66139024589211 18.2863066496793 7.13367331703193 ex
3277 5.23035601573065 11.9994761450216 7.33220199309289 ex
3278 5.18325487524271 15.7066430628765 0.32143631647341 ex
3279 3.36471677292138 13.7853329072241 8.37682890379801 ex
3280 10.3981666443869 15.6059118639678 4.39017681824043 ex
3281 8.15672237775289 16.9432027724106 3.58737179241143 ex
3282 2.22774711251259 21.3378373442683 3.60069370688871 ex
3283 5.47837322112173 16.1699130514171 7.57023094198667 ex
3284 1.23174873250537 15.4698295248672 10.913853690261 ex
3285 7.1662945880089 14.2241801002529 9.2107670630794 ex
3286 5.75806753593497 14.7093502513599 2.91088751261123 ex
3287 7.21617977297865 12.935716035543 2.94863311038353 ex
3288 0.660439908737317 16.0624880490359 1.09672074718401 ex
3289 1.79193714610301 19.4697146399412 9.98745271819644 ex
3290 8.04941651667468 20.6160714616999 9.96717354981229 ex
3291 9.66688733408228 20.2723855446093 10.627365499502 ex
3292 10.1530046574771 16.1099779596552 9.40304720168933 ex
3293 3.54805250675417 12.4383404690307 5.37902539200149 ex
3294 8.50442759227008 19.8678470158484 3.51736726425588 ex
3295 1.92345588118769 20.5191882096697 6.84130245819688 ex
3296 0.395385345676914 15.2985941783991 5.73571948125027 ex
3297 8.94444851158187 21.473194868071 1.33153752656654 ex
3298 2.87314595445059 20.4867174734827 6.84713476337492 ex
3299 0.964138801442459 21.7169778859243 10.1201503644697 ex
3300 4.77643565717153 13.6576250288635 2.02378734806553 ex
3301 7.17142602102831 17.8236974326428 7.67930875252932 ex
3302 2.60719862976111 13.8648243353236 0.271725708153099 ex
3303 7.00554228830151 20.985144097358 5.35282122110948 ex
3304 9.75887591927312 15.7255796096288 2.85155936679803 ex
3305 3.88286828785203 15.2657600636594 10.9809894580394 ex
3306 5.30257299961522 13.1489998491015 7.10960339033045 ex
3307 3.27986466488801 13.5302169476636 6.66510629258119 ex
3308 7.71445261291228 17.6347316780593 8.90053041279316 ex
3309 1.81382373534143 17.967701270245 3.76212790003046 ex
3310 4.1748068947345 18.8614546917379 6.4202441892121 ex
3311 10.4165973737836 21.9614713264164 7.67388193006627 ex
3312 1.9277811050415 16.360284131486 5.81332420953549 ex
3313 1.83165987138636 21.2638446949422 6.23261531908065 ex
3314 6.19115083571523 16.764441681793 1.89641176187433 ex
3315 6.79886885592714 21.3162301992998 3.17446357756853 ex
3316 1.79032559017651 19.2666189833544 3.3578292557504 ex
3317 8.61159606580622 13.6867434226442 5.02248456142843 ex
3318 8.93292078794912 17.7188524380326 2.31233631982468 ex
3319 0.882830536458641 12.3748696490657 3.33171331626363 ex
3320 5.6931971218437 15.435149489902 1.00488228630275 ex
3321 6.83964764047414 21.2676584713627 0.723868012428284 ex
3322 4.31879361229949 17.2070485833101 7.32943196129054 ex
3323 2.83105512312613 11.8448768893722 0.396032119868323 ex
3324 6.60211985372007 17.3507381733507 6.5854247098323 ex
3325 2.8808334255591 11.9412846018095 2.43481460004114 ex
3326 0.373491717269644 17.8424487120938 1.75003181491047 ex
3327 6.4004496622365 18.5628745781723 1.4197435346432 ex
3328 3.57900211121887 18.4420700534247 3.82726249401458 ex
3329 1.0930756253656 14.8891484672204 5.69626821670681 ex
3330 1.0674665577244 13.9640047142748 8.04731519101188 ex
3331 0.832540208939463 20.7255797856487 2.36676489608362 ex
3332 9.83673520991579 19.772851447342 6.62619110196829 ex
3333 7.78423478943296 12.1752214722801 3.91352494270541 ex
3334 6.2033722193446 17.1658573397435 3.84983227914199 ex
3335 1.27277439646423 14.3061259784736 7.78136784071103 ex
3336 6.33509122929536 21.6202714226674 7.72422884195112 ex
3337 5.67765915393829 14.6052341540344 9.60518253524788 ex
3338 7.89063951582648 18.5042731605936 0.351205517537892 ex
3339 10.1106346785091 19.3217416743282 9.01832268969156 ex
3340 8.06623071641661 21.1477056352887 4.7501298354473 ex
3341 6.02803582465276 16.3311724930536 7.4337603461463 ex
3342 3.83058599033393 18.4476914997213 8.49935469171032 ex
3343 9.49380160053261 15.5015027236659 8.33353220531717 ex
3344 7.185521266656 13.3379648677073 0.166225475491956 ex
3345 1.4655124056153 12.5629473694135 2.95781858521514 ex
3346 1.65139064402319 17.5993138558697 4.3247511391528 ex
3347 4.51955413864926 21.6447516151238 1.58089230395854 ex
3348 9.83496354380623 15.8297904778738 7.88406764622778 ex
3349 5.71745160222054 20.8544892612845 8.77170589147136 ex
3350 8.53249469678849 12.552232172573 0.492934972280636 ex
3351 2.1808319571428 12.415897204075 2.67014499148354 ex
3352 10.1449984428473 13.4077073626686 1.98763341829181 ex
3353 10.646320625674 18.6612579799257 8.84562934772111 ex
3354 10.4008947717957 15.2218767541926 10.7468285101932 ex
3355 0.0820548885967582 11.3229831208009 2.90328646358103 ex
3356 6.82228406262584 17.1252695089206 10.0507914659102 ex
3357 0.123014257056639 18.4009911895264 3.34737620851956 ex
3358 6.36681068502367 18.5351488227025 9.90686937561259 ex
3359 0.288653515279293 16.5205581418704 10.0277323019691 ex
3360 2.91846944391727 15.7632925522048 9.21038058074191 ex
3361 5.35968568734825 19.8331410679966 10.3337429009844 ex
3362 5.75185595126823 14.5847340032924 7.66370183904655 ex
3363 4.12956598983146 14.1362229536753 5.43706619832665 ex
3364 5.17557428637519 12.7692173027899 0.722261329879984 ex
3365 10.9361036268529 11.5698490552604 6.07922101463191 ex
3366 6.82009305176325 21.9254769524559 10.4568617022596 ex
3367 10.8323531718925 12.0108125910629 8.06369706825353 ex
3368 3.01405837549828 18.7708665498067 2.96105284197256 ex
3369 0.122884962242097 21.528491063742 7.89295931789093 ex
3370 5.76317810057662 13.2811859473586 8.8850692731794 ex
3371 7.79304856108502 14.8842101315968 4.57721026637591 ex
3372 0.074127183528617 12.7295779162087 8.41416469286196 ex
3373 3.33877193881199 16.1583603376057 10.601208931068 ex
3374 5.84128632792272 16.9046733053401 5.79701036657207 ex
3375 7.96041757124476 20.9587905644439 10.370446740184 ex
3376 5.2937106275931 15.513413424138 6.78718821378425 ex
3377 0.256683745188639 17.2880352667999 2.84981117490679 ex
3378 1.37564167263918 19.2783138190862 10.4754669649992 ex
3379 3.71363678667694 21.6281616154592 8.25170960673131 ex
3380 1.20316563360393 18.9709407566115 0.0658118571154773 ex
3381 0.499577225418761 16.5057471301407 0.323074477026239 ex
3382 1.28925606026314 13.4076275490224 4.13838244299404 ex
3383 2.09853790397756 21.9575473661534 0.0197087549604475 ex
3384 7.25532338162884 11.583443202544 8.90222980966792 ex
3385 4.8629976818338 17.5144445346668 1.96144733973779 ex
3386 4.36351218190975 21.7517807136755 3.37074310565367 ex
3387 0.254226541379467 21.3702678058762 9.09991166810505 ex
3388 10.9081765362062 16.7578077618964 1.68122038478032 ex
3389 4.83053430821747 20.1740357521921 1.33094381075352 ex
3390 6.65128347510472 21.7979333617259 5.69769631535746 ex
3391 1.32795977964997 15.0234194684308 7.71096293209121 ex
3392 0.668179121101275 14.7629499039613 10.151746701682 ex
3393 0.210169055266306 12.5502059808932 9.49684314150363 ex
3394 8.712753766682 15.491475319257 6.38139160000719 ex
3395 3.78483959613368 11.5684926887043 4.66467375913635 ex
3396 1.30284649017267 12.732360121794 9.52423159778118 ex
3397 7.33244617586024 14.5763686972205 5.75550471222959 ex
3398 4.34350022650324 21.6450501796789 8.15400299197063 ex
3399 3.89062854135409 12.2770706622396 10.9198776457924 ex
3400 3.32116480194964 19.9162835921161 3.55249387328513 ex
3401 8.15295196580701 13.0261828158982 0.588589089922607 ex
3402 8.41882252483629 11.3558727519121 9.44560242560692 ex
3403 3.38246482796967 15.6037657193374 2.14720997400582 ex
3404 1.08462877338752 11.0860825888813 2.012089174008 ex
3405 10.1172173789237 18.3628065770026 9.47500230255537 ex
3406 3.32206745352596 19.978403983172 6.55995219247416 ex
3407 5.21568766515702 17.473112256499 10.4674162401352 ex
3408 10.1062115696259 13.1856463120785 9.86678302870132 ex
3409 4.79778289329261 21.0431042865384 6.54929621168412 ex
3410 10.6044747945853 15.4017483741045 8.35139147983864 ex
3411 6.72434663400054 20.5135028359946 6.60213332832791 ex
3412 7.42983054555953 11.2761508210097 2.80130241368897 ex
3413 3.03673613327555 18.0046337875538 6.85915408702567 ex
3414 6.63415901199915 21.5863326941617 2.48710374883376 ex
3415 6.17224897397682 11.1483815175015 3.77617356926203 ex
3416 2.32761587901041 12.7071468092036 6.43472792278044 ex
3417 9.83381579001434 19.3688101652078 3.35343804536387 ex
3418 10.7436665955465 14.5576638560742 6.54482222022489 ex
3419 2.92545728944242 14.2005811783019 7.84612207487226 ex
3420 2.17377889994532 13.3010339010507 1.04736995021813 ex
3421 8.14950155396946 13.1152650932781 3.03073147730902 ex
3422 2.00529365893453 12.8178083696403 1.85627639456652 ex
3423 9.97095523471944 18.4039464888629 3.50913560669869 ex
3424 4.84545226232149 19.8662739081774 10.1665003008675 ex
3425 10.9480478307232 17.468399171019 1.77899927622639 ex
3426 7.48662993311882 20.494250390213 1.79940665629692 ex
3427 4.21785155008547 16.2285565135535 0.27101674489677 ex
3428 0.0549199806991965 19.7185397993308 0.907507292926311 ex
3429 5.3649446577765 12.5646437853575 6.04975756700151 ex
3430 9.69207719876431 14.1713134893216 5.3390803001821 ex
3431 6.86347500584088 18.6595551993232 3.83842477621511 ex
3432 6.535665220581 16.9584656551015 8.45243954309262 ex
3433 9.20690805953927 12.9605191543233 6.99474344262853 ex
3434 3.00458357227035 18.8689154780004 5.62290410278365 ex
3435 10.1926896143705 11.0768048150931 9.66696656821296 ex
3436 3.15262270532548 18.0880776327103 9.22419366473332 ex
3437 6.81070761359297 19.0813741001766 9.37805048353039 ex
3438 4.74005327373743 17.5439396358561 6.00460131117143 ex
3439 4.19665895309299 19.9419106738642 9.81531776906922 ex
3440 2.60016701533459 11.3638992472552 3.57876634364948 ex
3441 8.76108630863018 21.0509427716024 8.51735613588244 ex
3442 6.89884622395039 16.4807906723581 0.421232267981395 ex
3443 3.47238583839498 19.2884570115712 4.40278031933121 ex
3444 2.19127822737209 20.8017630225513 8.67318066116422 ex
3445 3.91789213614538 18.8045035037212 10.0176404085942 ex
3446 0.874499486526474 13.7992400792427 2.11657399032265 ex
3447 2.3782080525998 13.5400723870844 10.7461020008195 ex
3448 7.04593264567666 13.06313939346 3.10210198536515 ex
3449 4.33270848705433 12.2571523459628 3.66750198462978 ex
3450 2.27010323456489 11.5859021723736 10.76459069876 ex
3451 8.45747204683721 19.5026930726599 2.03197272145189 ex
3452 10.3906467449851 21.5119008901529 2.51122014131397 ex
3453 0.0447039476130158 17.3426243811846 4.35742375999689 ex
3454 4.81546989618801 18.8489413384814 10.1086237004492 ex
3455 6.42439942108467 11.2480084674899 8.46967563638464 ex
3456 0.487615098711103 14.2055276320316 5.64853917853907 ex
3457 0.917332694632933 11.018270408269 10.4658963207621 ex
3458 3.55262944987044 17.8482272108085 10.20288979006 ex
3459 3.29354271828197 18.510684663197 1.13280934421346 ex
3460 8.96831707516685 18.5304997840431 10.4536936604418 ex
3461 4.52238159650005 17.0807283627801 5.69381646602415 ex
3462 0.963738066377118 21.7244960253593 8.39645576174371 ex
3463 6.48190219583921 15.0070295045152 2.31442690873519 ex
3464 4.8872363504488 19.1608642810024 6.19890737137757 ex
3465 5.84131713816896 20.1057672591414 0.802583658834919 ex
3466 10.6411283207126 13.9454687794205 0.484612348955125 ex
3467 9.83618760667741 17.2115553708281 8.52418601652607 ex
3468 5.15093063609675 17.3576639550738 8.00809555267915 ex
3469 7.39422497246414 13.5336856516078 4.63358693872578 ex
3470 2.72776758344844 16.4700683788396 4.86758912866935 ex
3471 3.62847577524371 15.9765737997368 4.88746643741615 ex
3472 7.64438951038755 17.4748138438445 5.30471719219349 ex
3473 5.39472401770763 20.27880413807 2.39832438156009 ex
3474 1.14966776035726 16.7783465203829 9.90069285058416 ex
3475 1.69068411993794 18.1837242089678 9.77804821333848 ex
3476 10.0347289785277 14.9205217424314 8.4324751982931 ex
3477 9.50369549891911 16.2046500700526 5.97421823395416 ex
3478 10.7386385467835 15.3516044665594 5.34456345182844 ex
3479 8.32827540952712 21.4273125631735 2.43278650916182 ex
3480 0.849173348862678 21.5734727235977 0.0663811473641545 ex
3481 1.18845943873748 17.3714159780648 7.40679375384934 ex
3482 8.71336643816903 20.1773031440098 4.41802749130875 ex
3483 2.74639755114913 11.0244183384348 1.31718868459575 ex
3484 8.65345553029329 20.2521579735912 5.47262260923162 ex
3485 1.51656781230122 17.411875213962 2.82094951416366 ex
3486 4.82655807654373 18.667664247565 0.156640219502151 ex
3487 2.10628282418475 12.1615627568681 3.17780332849361 ex
3488 2.38585699023679 18.8837507346179 4.86043343646452 ex
3489 6.44350137445144 20.7004182133824 0.349962698761374 ex
3490 6.34568784199655 19.1308803823777 0.760190248023719 ex
3491 1.88397651631385 16.8606802206486 2.94555071275681 ex
3492 4.74062711605802 11.2617859425955 9.01380742620677 ex
3493 3.53755327616818 13.266970266588 3.92392516415566 ex
3494 6.14040468423627 19.534064726904 8.46567811514251 ex
3495 8.05714972363785 16.7365506296046 2.60667062038556 ex
3496 0.528793698875234 18.7718543694355 10.3125537252054 ex
3497 6.32585106021725 19.7332287812606 7.08922600047663 ex
3498 10.412252597278 17.186897398904 3.09504609950818 ex
3499 9.96346160699613 11.8223419981077 8.63702783593908 ex
3500 7.30595181277022 20.1290622616652 7.91351063805632 ex
3501 2.12130272085778 15.5380472645629 8.13943363586441 ex
3502 0.472744137048721 18.1995775352698 1.89994132565334 ex
3503 7.92249859101139 20.4219603245147 2.13723386079073 ex
3504 2.46538763376884 14.1436437414959 10.7204819736071 ex
3505 7.14022706425749 21.710045570042 4.48442880762741 ex
3506 3.45955712744035 18.8139937066007 4.26269685104489 ex
3507 3.29260358773172 15.1524869163986 8.79323086631484 ex
3508 5.89894907781854 19.5451747828629 9.99717920203693 ex
3509 7.78182982979342 12.8648496887181 7.68762349779718 ex
3510 4.60935742780566 18.6021731186192 4.12061152327806 ex
3511 1.54566482268274 18.8838675732259 6.39614783716388 ex
3512 4.28628649469465 12.2311627604067 2.58380392077379 ex
3513 6.97203902271576 20.5114277277607 9.90902489214204 ex
3514 8.67328697722405 13.4550331712235 8.59673336730339 ex
3515 3.88018227159046 12.1748951938935 0.99837320134975 ex
3516 10.6544745459687 11.763694264926 10.5428953843657 ex
3517 9.19215500471182 15.3278166863602 5.17365841730498 ex
3518 10.471083161654 15.9379595506471 6.92396035301499 ex
3519 2.82843517861329 16.7032003358472 2.37175936554559 ex
3520 4.18101633968763 18.7984043897595 5.11789063666947 ex
3521 9.44637768785469 18.1407323388848 4.37237050174735 ex
3522 6.77623801399022 11.0783784210216 6.44889445859008 ex
3523 1.62976340716705 14.850121559808 1.91665505687706 ex
3524 7.97210355848074 15.2881772983819 7.11472489289008 ex
3525 8.00959831150249 19.3677346329205 7.20201918296516 ex
3526 10.6558105095755 20.3693453534506 2.2708797911182 ex
3527 4.22514110431075 21.63552810275 5.23872890276834 ex
3528 1.64071164047346 14.0439323773608 2.5277071997989 ex
3529 8.01279302570038 15.2926567241084 0.265960586257279 ex
3530 8.73315184097737 14.4368922151625 1.83423581346869 ex
3531 3.38544364948757 20.4308148841374 4.03280614945106 ex
3532 5.59392839157954 13.1182524668984 5.43753847526386 ex
3533 1.71906767133623 17.8809601413086 1.79328102525324 ex
3534 9.70675251935609 21.1166864011902 0.82690504915081 ex
3535 1.29595025139861 18.6875712962355 2.85239870822988 ex
3536 1.17089946242049 13.2044934730511 5.46153125772253 ex
3537 4.96927750203758 11.5540691188071 1.85259119444527 ex
3538 9.75582957244478 11.2043809248134 2.97923362767324 ex
3539 3.76016695867293 19.4374150200747 10.8019836444873 ex
3540 1.95447176322341 18.3322888258845 10.6100720544346 ex
3541 5.35613298532553 18.5661503146403 8.8510304663796 ex
3542 7.8886709830258 16.3548632469028 2.32790052285418 ex
3543 0.334020648850128 14.0304038070608 4.05566613841802 ex
3544 0.194872436113656 13.4856029863004 1.25233731954359 ex
3545 5.27616561576724 12.3422935649287 9.19829437788576 ex
3546 3.70379315712489 11.2974059670232 5.86540950811468 ex
3547 8.16902296384797 14.6129404697567 0.0100697879679501 ex
3548 10.9861515916418 16.0806175256148 0.590621229959652 ex
3549 8.11654888000339 14.8385746045969 9.34621573635377 ex
3550 7.17847270565107 16.9671777754556 8.754437423544 ex
3551 6.35752827301621 15.5113970092498 3.81703668297268 ex
3552 3.81460708635859 14.5822865352966 8.5894267167896 ex
3553 0.424300153972581 18.9437480594497 2.21587686124258 ex
3554 9.18761217244901 21.55071877921 5.19887178693898 ex
3555 6.86980600492097 13.8134362867568 10.5134058364201 ex
3556 4.94590942305513 15.0128966907505 2.57061684317887 ex
3557 1.90103135141544 21.1124621089548 2.98308955575339 ex
3558 10.1820485296194 20.8424865677953 8.31520102685317 ex
3559 3.62214822648093 19.4823817056604 5.90193458180875 ex
3560 1.66895309370011 16.1001916262321 0.128861353965476 ex
3561 0.392335218610242 14.5755747307558 1.40685060760006 ex
3562 6.52413411089219 20.81435204437 1.32966699078679 ex
3563 3.64378042472526 13.7393501251936 1.46732133277692 ex
3564 2.21774530829862 11.0701610818505 8.1132963874843 ex
3565 10.3732314505614 21.6052958872169 5.14295775257051 ex
3566 2.58207567012869 16.4071523940656 0.611860454780981 ex
3567 4.30343071138486 18.0453851451166 8.01580466190353 ex
3568 4.4141055571381 20.682835519081 0.103766161948442 ex
3569 7.10237985732965 21.6370246019214 6.64398286724463 ex
3570 2.22754724835977 14.0059195489157 5.28443541913293 ex
3571 4.07919589383528 15.9793653942179 10.0383180668578 ex
3572 9.09910583426245 13.6333988409024 1.6089743131306 ex
3573 5.49359337845817 14.2719103379641 8.89002110762522 ex
3574 10.8059113100171 17.3588177408092 10.6194838657975 ex
3575 0.798461462138221 15.2166263456456 0.0612546114716679 ex
3576 8.89528856310062 15.2893849143293 5.09355480340309 ex
3577 3.9591155545786 11.454215105623 0.592249270295724 ex
3578 1.97147649619728 20.9039712371305 0.794309059157968 ex
3579 9.36988039570861 14.2437503878027 1.39317250577733 ex
3580 1.00581065146253 19.4962035210337 1.07246552710421 ex
3581 3.27816544473171 13.213376397267 5.80575971747749 ex
3582 0.810277670156211 13.7359993648715 5.02606409741566 ex
3583 3.05070938332938 17.9046519757248 2.44940429460257 ex
3584 7.78977477014996 17.2400569731835 0.783448244677857 ex
3585 5.76824872102588 18.3446377862711 10.2262011775747 ex
3586 6.34655862813815 17.8975351525005 0.844930453691632 ex
3587 5.02198561187834 15.1555938881356 5.70423162193038 ex
3588 9.40720305824652 19.506791816093 10.3476669597439 ex
3589 4.51577085605823 18.6339368491899 7.4970947636757 ex
3590 6.67009431193583 16.2783364665229 5.02664400846697 ex
3591 3.23087226552889 14.3542600991204 1.24688251805492 ex
3592 0.918586147017777 15.3539301056881 7.16480969497934 ex
3593 2.83290114114061 12.7459654477425 10.7259219114203 ex
3594 8.59324344829656 12.2724636460189 6.84206109493971 ex
3595 8.05695351283066 21.7681709313765 5.18297521048225 ex
3596 9.34571979404427 17.7022381627467 6.98817282356322 ex
3597 0.502655766671523 21.6263120414224 6.8862004627008 ex
3598 1.32485084864311 13.7730370608624 2.78860018914565 ex
3599 2.39245618600398 14.3232462364249 8.98642816557549 ex
3600 6.69385104463436 14.1444729522336 0.133090423885733 ex
3601 8.85723022068851 11.6295699111652 2.32656021253206 ex
3602 0.746458772802725 13.7856954964809 9.89184928825125 ex
3603 0.700798054225743 17.9244810123928 3.14514616504312 ex
3604 7.93922032276168 18.6293752661441 3.86139244749211 ex
3605 5.46475259936415 19.4225922080223 2.61635041772388 ex
3606 0.152597745414823 13.7137587603647 4.37470207922161 ex
3607 2.62248934106901 15.2461697084364 5.84599627042189 ex
3608 2.2592965462245 18.0828162988182 0.971931855427101 ex
3609 1.68255520728417 11.6449549598619 8.02380336984061 ex
3610 4.03698532050475 14.7560479214881 9.53298369748518 ex
3611 1.74832403101027 19.5670321753714 0.0977441603317857 ex
3612 0.717269288841635 12.5790576415602 0.204014310147613 ex
3613 9.0226192001719 13.7369485769887 9.03515400341712 ex
3614 2.15957335825078 17.7248699688353 2.36752979666926 ex
3615 7.57517430698499 14.5675563337281 10.8969611744396 ex
3616 8.4531368908938 15.8467599842697 9.44073653477244 ex
3617 9.08822385175154 20.8981128470041 1.60608305665664 ex
3618 2.49989443528466 11.4076559883542 4.94103180593811 ex
3619 0.875009528826922 17.8900062907487 5.10827021766454 ex
3620 3.74881427967921 11.9791421911214 6.61302447644994 ex
3621 2.83417200902477 18.8233193724882 9.44663778529502 ex
3622 4.59254070580937 20.6976247727871 10.8983302554116 ex
3623 1.75754040409811 19.7725633140653 2.89655961887911 ex
3624 0.206953939748928 18.3169194457587 0.931339871603996 ex
3625 8.79521491611376 16.1037158693653 7.11047140299343 ex
3626 2.25175649975426 11.1334647201002 5.89328032033518 ex
3627 7.23051471426152 12.0511197047308 1.85665577230975 ex
3628 2.50603581080213 21.9066361847799 4.84000950283371 ex
3629 8.22896220278926 17.301664221799 6.56640543113463 ex
3630 10.3508799294941 21.5788760031573 0.629688835935667 ex
3631 3.10643355967477 12.7356875590049 2.3788250728976 ex
3632 5.12977056228556 14.8026216647122 3.44662495981902 ex
3633 9.30207170778885 20.9712067977525 7.31775481323712 ex
3634 2.88765721465461 21.4973059012555 10.7713020932861 ex
3635 9.48179145110771 14.8878137888387 8.10445079253986 ex
3636 10.7193275792524 20.3355190865695 5.60874182637781 ex
3637 1.42179890093394 19.0071098571643 4.33254055771977 ex
3638 10.5847834241576 16.3234288138337 6.29989811847918 ex
3639 6.95348219806328 20.8251934822183 8.47140545886941 ex
3640 9.70242525148205 17.6871015292127 3.2180199585855 ex
3641 2.74775684881024 11.8328427472152 6.81015673279762 ex
3642 9.5488761710003 11.9175684403162 7.37931486708112 ex
3643 4.09772891108878 20.6384433910716 2.15895476425067 ex
3644 7.91388568934053 14.7361517995596 8.60656120092608 ex
3645 9.64323160261847 19.783062239876 0.163537475978956 ex
3646 4.7763214269653 20.3504567951895 5.29964816523716 ex
3647 9.88094896264374 21.5747618488967 6.39391755871475 ex
3648 1.92803122103214 11.2375858679879 0.00486390362493694 ex
3649 5.68385927425697 21.9639423054177 10.7617747704498 ex
3650 6.61551199760288 18.1563529151026 7.58025382878259 ex
3651 8.81737182033248 12.4634781489149 7.34058510442264 ex
3652 9.64723232435063 14.6581441711169 7.99937689397484 ex
3653 9.12837679078802 19.4089930087794 1.86838897550479 ex
3654 2.63304326264188 20.2170089890715 10.7119209293742 ex
3655 8.13053659489378 16.7506069373339 1.01105310767889 ex
3656 1.78586773364805 19.731246556621 7.37382109998725 ex
3657 3.19080301746726 15.6794620058499 6.16870499472134 ex
3658 10.6444508989807 20.0873173072468 0.426178511232138 ex
3659 6.73260905849747 12.6889373259619 10.651697991183 ex
3660 9.95649898517877 17.5047547670547 7.23886794340797 ex
3661 5.83919945009984 17.2801177785732 9.30675522307865 ex
3662 3.32575890584849 16.153906653868 8.66454761079513 ex
3663 2.02602356206626 12.9661183517892 5.28183371503837 ex
3664 5.28510480979457 13.7319969271775 3.20992349670269 ex
3665 0.248897543875501 16.5778033363167 3.84225685591809 ex
3666 8.83816510532051 14.0842257149052 6.31030533509329 ex
3667 7.17375373351388 18.7515880751889 4.16888189711608 ex
3668 2.25374532025307 18.5344222888816 1.77979878755286 ex
3669 9.29526057117619 15.9339414492715 9.14125439710915 ex
3670 3.47213060944341 11.3813375954051 7.22129579260945 ex
3671 3.89855737774633 13.2224219578784 4.90111432899721 ex
3672 9.0916621205397 11.8776482562535 4.85491480166093 ex
3673 6.207337053027 20.8657702112105 7.71993113658391 ex
3674 9.93710944056511 21.163100671256 7.83121816045605 ex
3675 3.40205755527131 12.5153259616345 3.29975077183917 ex
3676 5.32909012259915 11.087566149421 8.45623091654852 ex
3677 4.52970681479201 14.0669279040303 7.03748811827973 ex
3678 3.67571234307252 14.60703518847 5.16444176156074 ex
3679 9.96691583911888 12.4806064649019 3.06891660788096 ex
3680 0.227874001022428 20.5854127635248 10.6006756771822 ex
3681 5.55885043600574 11.8333454185631 2.66681614890695 ex
3682 9.44494413072243 13.9163067033514 4.74575701542199 ex
3683 0.489898797590286 19.8869729677681 9.49516267119907 ex
3684 3.37510528299026 15.9558577989228 1.47703419742174 ex
3685 0.347005479969084 15.9678113032132 2.36204253556207 ex
3686 4.67224396159872 16.398109439062 5.45492868940346 ex
3687 8.43197869416326 15.8669597578701 3.73954342422076 ex
3688 1.17817607149482 16.344628370367 4.67524493602104 ex
3689 0.177192531758919 20.6092986364383 6.38508555735461 ex
3690 7.2211581596639 12.8248136730399 5.73453108989634 ex
3691 5.08365562045947 21.3060930091888 9.473788873991 ex
3692 3.50461043021642 15.5044607324526 9.66123631736264 ex
3693 4.41486411262304 15.9557665211614 4.50624100677669 ex
3694 3.87830536090769 20.721460055327 7.84705106844194 ex
3695 1.95573355793022 18.7202699177433 7.30511004128493 ex
3696 9.81902533513494 13.4207557064947 10.2610358130187 ex
3697 1.23275875160471 17.1345843984745 5.50519656087272 ex
3698 3.02976614283398 14.7071729404852 0.96681443345733 ex
3699 9.68321856250986 13.9098783559166 0.887131643714383 ex
3700 5.60490280529484 11.32212737808 10.4026759448461 ex
3701 9.51276781060733 14.4144635570701 4.17559369839728 ex
3702 1.36010472523049 13.5996085740626 10.4382556746714 ex
3703 9.60112751857378 19.4879352678545 8.87740199104883 ex
3704 6.20418830472045 11.5728502334096 10.5550038730726 ex
3705 10.1631137777586 14.5172272652853 7.35826304927468 ex
3706 5.09017916047014 21.7189949543681 5.0932533016894 ex
3707 2.39919973653741 17.0087885737885 10.2652562221047 ex
3708 6.79587159492075 19.3379405620508 6.0467274771072 ex
3709 8.27026125602424 19.235754534835 10.6843676997814 ex
3710 10.0825159710366 15.123428591527 0.812259708531201 ex
3711 9.99842591839842 14.5202590865083 3.66519778920338 ex
3712 0.614058829378337 11.3248725079466 7.89806113578379 ex
3713 9.6675087553449 12.3670618343167 5.13785828673281 ex
3714 3.72982408246025 20.6109075050335 10.858230559621 ex
3715 9.86206817580387 19.4383696895093 4.10625174338929 ex
3716 4.34536523348652 16.4998928597197 9.29581698123366 ex
3717 10.6063246431295 18.3469829326496 4.70579565875232 ex
3718 6.21029622084461 16.6245740402956 10.0741208661348 ex
3719 0.0350055594462901 15.7669456498697 1.37511629937217 ex
3720 4.41090963524766 12.1395108341239 7.08332841051742 ex
3721 4.55011125304736 21.6303198363166 2.78490389068611 ex
3722 2.17561584035866 18.210017203819 7.95425342465751 ex
3723 0.375505987787619 13.0882252303418 7.10108777973801 ex
3724 7.87908415333368 15.3484161808155 6.24066144321114 ex
3725 0.424490767996758 17.1129193305969 8.21923671639524 ex
3726 0.860034651355818 12.2086223380174 2.78031328832731 ex
3727 4.09463641699404 15.1249017168302 0.179536137031391 ex
3728 5.60019699740224 17.3243599608541 7.42218773905188 ex
3729 8.4944439008832 14.6022520929109 2.8862714341376 ex
3730 3.56392434448935 14.3405544531997 2.31379984971136 ex
3731 8.95447856886312 18.3110798506532 9.58880796842277 ex
3732 10.2764623796102 18.6356742142234 6.82882922585122 ex
3733 8.80151289934292 12.496017490048 9.45823191059753 ex
3734 5.54345023259521 12.4446155752521 5.09495488507673 ex
3735 5.67223766073585 16.5598973843735 9.69364600162953 ex
3736 10.9605091447011 17.1801390608307 9.42026867810637 ex
3737 5.7666384621989 14.8307380639017 10.5793463943992 ex
3738 3.32414732710458 14.3021128694527 7.42196580511518 ex
3739 7.30828848574311 11.7685734657571 5.63267114874907 ex
3740 3.37918064300902 17.7281267899089 0.207891442114487 ex
3741 10.6979474448599 13.6099892524071 10.5613101439085 ex
3742 1.55880484986119 14.8826618776657 3.03493050416 ex
3743 10.3712690584362 15.175396486884 1.26942236139439 ex
3744 7.28842414659448 19.8585267160088 0.256770291598514 ex
3745 3.91556407092139 17.2033908718731 9.29796031303704 ex
3746 6.77371425414458 15.8490673415363 1.10324614262208 ex
3747 2.96352770575322 16.5092277254444 8.64318209793419 ex
3748 7.57453737547621 19.3724486210849 6.72993675479665 ex
3749 7.74146215990186 12.1947575237136 0.859393081394956 ex
3750 2.99129630788229 13.6148118360434 6.41724176821299 ex
3751 12.6175428098068 14.1879539014772 1.51519163209014 ex
3752 13.989532622043 17.0719461464323 2.13232294656336 ex
3753 12.6240191352554 12.2241333546117 7.6592034434434 ex
3754 12.3292901853565 14.9001389748883 3.22597045055591 ex
3755 16.8554352978244 21.9503813628107 4.07360475207679 ex
3756 11.7487711091526 14.3813889143057 7.75253297598101 ex
3757 18.7211795672774 21.6628241701983 6.97888249950483 ex
3758 16.3785591558553 13.9110603157897 9.94787577912211 ex
3759 14.3781663593836 13.337013856275 8.24937832029536 ex
3760 19.0428032604977 19.933076516958 3.78907670173794 ex
3761 13.9151410949416 17.7503563214559 0.0325531198177487 ex
3762 21.5289465130772 12.0123190560844 5.56307177734561 ex
3763 15.7789149873424 19.4377821718808 2.49404504382983 ex
3764 19.6780571022537 18.7466913834214 7.51006837747991 ex
3765 15.2773836473934 19.3302970756777 0.502400963334367 ex
3766 19.5463096743915 18.037161082495 5.87411265983246 ex
3767 21.7421951361466 18.575630296953 1.47283979691565 ex
3768 12.3360503900331 17.080211606808 0.846119127469137 ex
3769 12.5656583949458 13.6163303242065 6.70604355842806 ex
3770 14.5263768746518 19.3135576939676 8.65397245064378 ex
3771 21.128065234283 18.620971779339 7.37085329019465 ex
3772 21.1486133525614 15.3416931494139 7.93884247494861 ex
3773 20.6863912413828 18.645186122274 4.54639119585045 ex
3774 16.1109704552218 18.2183104853611 7.56963443360291 ex
3775 13.4064633680973 18.1490923147649 2.53771093534306 ex
3776 18.5156220640056 13.2626877215225 7.0534107722342 ex
3777 18.2555403527804 15.8380320263095 6.42963508982211 ex
3778 21.8996258836705 14.4283879173454 1.28079530620016 ex
3779 11.6336589483544 18.2302764451597 4.05118360719644 ex
3780 18.633855443215 13.9329773124773 0.423447268782184 ex
3781 19.7708582635969 14.7209792358335 10.5077261889819 ex
3782 14.8013994528446 11.796067760326 9.05089346109889 ex
3783 19.3742952866014 14.6924389735796 8.04948076885194 ex
3784 12.4454010508489 19.9142586721573 10.6240783436224 ex
3785 13.4618086894043 13.2609620194416 2.78505378728732 ex
3786 20.0632753809914 11.877760628704 0.72709561092779 ex
3787 17.1619357268792 21.2097134760115 3.95092499582097 ex
3788 20.9110541082919 11.2835861654021 1.00143047375605 ex
3789 14.6908779835794 12.1172508122399 3.19501821324229 ex
3790 15.5406562210992 21.4049982405268 6.56548969377764 ex
3791 21.949641793035 18.9260966884904 6.81942532770336 ex
3792 21.4251187827904 15.1349773809779 10.0781631916761 ex
3793 13.0214106354397 14.552937323926 2.08256196067668 ex
3794 15.2627087726723 17.8157355666626 3.49031019653194 ex
3795 20.8846695502289 20.1759569076821 3.30273157986812 ex
3796 20.1476151642855 15.8801767777186 4.87805966311134 ex
3797 21.6086739588063 17.0589012359269 0.148083741078153 ex
3798 11.0891384475399 17.8724323387723 2.15874927560799 ex
3799 11.0071203124244 15.7771230933722 4.99506370304152 ex
3800 15.1520749183837 16.9908578421455 4.52825389569625 ex
3801 11.2117140763439 16.0679244352505 8.29860286228359 ex
3802 11.6557039972395 21.6751529509202 1.53260908205993 ex
3803 20.9107585309539 21.8962031377014 7.09674292942509 ex
3804 19.6456640355755 19.6990386012476 4.17655438603833 ex
3805 12.0191500987858 19.4170670160092 9.48974322737195 ex
3806 18.5020382604562 19.8931651138701 4.58405052544549 ex
3807 14.3925239962991 12.9314017565921 1.94490545545705 ex
3808 21.2839605251793 16.5226845846046 5.6082477660384 ex
3809 16.4511477346532 17.3538856285159 10.8742084964179 ex
3810 19.206969936844 20.3263564330991 7.70554018905386 ex
3811 12.2836267382372 12.6145230345428 2.76948911487125 ex
3812 17.6606780411676 18.6040621898137 4.65059936395846 ex
3813 12.5814499363769 21.0778693750035 6.40655434830114 ex
3814 16.869060984347 14.4201179509982 5.24495320534334 ex
3815 14.6722132940777 14.6979373050854 6.50762109225616 ex
3816 14.1953388347756 17.9391935977619 3.50960057880729 ex
3817 20.6686164834537 20.2577961743809 1.65015489468351 ex
3818 14.1625205944292 19.0462472536601 10.5847417642362 ex
3819 17.6188358699437 13.3139808466658 8.10810602316633 ex
3820 19.5113193497527 11.371150361374 8.82863552984782 ex
3821 20.5466674661729 17.8566872021183 5.31613721395843 ex
3822 11.0518144473899 11.8738015540875 4.80250535998493 ex
3823 14.5779951300938 17.8556364222895 6.4689531440381 ex
3824 19.091577306157 19.3348040129058 5.52678699861281 ex
3825 16.319013488479 21.8512928145938 8.24320410424843 ex
3826 20.1302417153493 15.7139408988878 2.64133327547461 ex
3827 12.2131275688298 12.7151493122801 0.69910468859598 ex
3828 18.2528668581508 18.6993432606105 1.98373854137026 ex
3829 18.8147013592534 16.417171157198 4.88100678636692 ex
3830 11.3525080925319 18.4275866188109 6.10187558480538 ex
3831 13.8154000446666 14.4804964829236 9.65445535629988 ex
3832 12.4198009516113 15.9303062704857 6.3616400109604 ex
3833 15.7241687972564 17.2875855492894 9.05534250568599 ex
3834 14.6496979021467 13.1699662702158 9.85196986421943 ex
3835 19.6686260218266 16.4731193070766 9.62004693248309 ex
3836 14.1809121712577 17.3401541521307 7.18995525152422 ex
3837 15.8214430133812 17.1454349679407 10.2090338326525 ex
3838 15.8755343565717 11.209873941727 3.42856766283512 ex
3839 12.019492495805 14.0319330443162 10.9341599878389 ex
3840 16.0655564598273 12.0317071666941 2.03320462768897 ex
3841 16.3900780058466 21.2278497961815 2.994726175908 ex
3842 16.4575732366648 18.3253966292832 1.99495815834962 ex
3843 16.6720875084866 11.7453528556507 6.05061318469234 ex
3844 21.7539911048952 20.7680872729979 2.26084188790992 ex
3845 12.4474379445892 11.1077144041192 7.88516401988454 ex
3846 16.4258258498739 12.3901657061651 0.126008563209325 ex
3847 18.8398777348921 13.0600682746153 4.05889751436189 ex
3848 21.8844757697079 12.5871018427424 8.93666865094565 ex
3849 20.640364199644 11.4795529567637 9.70824302919209 ex
3850 16.8993314341642 12.5896252742968 1.06310045323335 ex
3851 19.6420449858997 15.8300380622968 1.43691196432337 ex
3852 19.957265853649 18.6979288542643 3.42806330090389 ex
3853 11.5860516002867 15.8685346494894 8.39761165506206 ex
3854 17.0600868985057 20.5563955393154 8.31696936255321 ex
3855 20.4709516065195 13.4756806571968 4.84982777666301 ex
3856 18.0532484070864 20.3979520834982 2.21648343210109 ex
3857 21.5669712852687 12.1246034074575 6.88547036005184 ex
3858 16.9445751819294 14.1658096327446 8.30246586329304 ex
3859 11.2107612758409 21.9503755886108 5.07033371552825 ex
3860 17.4527511766646 15.6908923147712 7.44217329937965 ex
3861 14.3003513212316 15.475154574262 0.127735825022683 ex
3862 17.7772584168706 21.7914878309239 8.82998986379243 ex
3863 18.5499318391085 11.5207516665105 1.95805928483605 ex
3864 20.7529364535585 21.2468822193332 0.778400113107637 ex
3865 20.8582245486323 17.5494251402561 7.57891091820784 ex
3866 14.7057301609311 20.9405989279039 0.179919165326282 ex
3867 19.3371158768423 18.9555469958577 9.13618087209761 ex
3868 21.5131588578224 18.1351974073332 8.20619607134722 ex
3869 11.4831881888676 20.857831941219 3.19092793180607 ex
3870 15.6524930244777 15.5307087225374 0.102884122636169 ex
3871 12.1774647338316 11.8834201546852 5.35098769702017 ex
3872 11.4112136380281 18.5215636831708 8.16910128644668 ex
3873 18.163397153141 16.1101893819869 1.03116506827064 ex
3874 13.0284870539326 12.3212007458787 4.77032248163596 ex
3875 12.6601216283161 15.3370977649465 2.53431397932582 ex
3876 11.8463492884766 15.802430652082 5.14007719838992 ex
3877 13.6630610085558 16.5519948657602 2.56974668568 ex
3878 14.8938640928827 15.463882194832 4.76066719763912 ex
3879 19.8214567308314 21.219578579301 8.83998405584134 ex
3880 19.319825876737 13.7990951810498 9.07955791871063 ex
3881 11.3141819986049 11.5299315387383 6.91845721960999 ex
3882 12.0752363230567 15.4012708652299 3.24421717878431 ex
3883 15.1434478843585 16.9445543361362 8.9171053476166 ex
3884 20.0345717289019 18.9170279949903 7.9333130819723 ex
3885 11.097570810467 12.0210272490513 9.62767294258811 ex
3886 18.5298420428298 20.9619918561075 6.78834968456067 ex
3887 19.0989472940564 19.4431428581011 8.79034000914544 ex
3888 16.6038602909539 18.4636162377428 0.834464649669826 ex
3889 11.9043462660629 21.0902974924538 2.88133859285153 ex
3890 12.8764222671743 12.0841692851391 10.8432285736781 ex
3891 16.940278836526 14.2088585994206 0.431278927251697 ex
3892 13.0609154191334 11.3998269620351 7.5561398267746 ex
3893 20.8498465199955 18.2101278707851 1.76845664973371 ex
3894 11.240598303033 19.5205189059488 2.16855640802532 ex
3895 21.9153448145371 17.6271884900052 1.00100254383869 ex
3896 15.858369092457 13.6988937642891 3.24401540658437 ex
3897 16.7212659595534 19.744757757755 0.523095204262063 ex
3898 21.7458401385229 16.6943994725589 9.13377106771804 ex
3899 20.6791391158476 19.56861764309 9.68859506049193 ex
3900 11.8088913098909 12.0247491756454 2.69920687680133 ex
3901 12.2054551418405 18.0341748227365 4.23444125219248 ex
3902 11.0520482240245 11.9192142486572 0.959127462934703 ex
3903 18.9030214501545 19.5490482274909 6.93822717829607 ex
3904 19.6671695932746 13.3881976618432 5.37366789812222 ex
3905 13.0139583880082 19.6186723939609 7.6343606102746 ex
3906 12.3934892152902 20.2771966683213 10.6487592929043 ex
3907 20.9325067948084 13.4340646674391 6.53465018142015 ex
3908 21.5907979428302 16.6462259546388 8.60778019484133 ex
3909 15.5682273884304 12.3139050418977 8.056528726127 ex
3910 16.408683165675 20.3125385746825 10.0617952558678 ex
3911 12.4273089906201 19.2269089894835 7.71676695649512 ex
3912 12.5610333583318 14.3916825246997 9.37543210107833 ex
3913 11.6858254345134 14.6673397000413 3.71468787151389 ex
3914 12.5106489637401 20.7862102680374 5.75744453608058 ex
3915 16.6366309565492 21.0760261693504 1.43145674886182 ex
3916 13.0618384669069 19.2970873899758 6.73239301517606 ex
3917 20.6903332807124 17.897903062636 6.90413425071165 ex
3918 17.7319676843472 18.5402404009365 7.04412532015704 ex
3919 17.1694162765052 17.5679162747692 9.3186786279548 ex
3920 19.7356021914165 16.9503052216023 1.48652568808757 ex
3921 12.7515839564148 20.4421703964472 6.63293440500274 ex
3922 18.1571241070051 18.7747715108562 4.15867542009801 ex
3923 14.6741480785422 18.8627194731962 5.0734596233815 ex
3924 16.3842948887032 16.0109327919781 1.42473133583553 ex
3925 19.4518696223386 20.1119457683526 10.2884336428251 ex
3926 13.101404028479 13.62193186488 6.72750508016907 ex
3927 16.622331522638 12.6024694873486 8.91304071526974 ex
3928 18.1340850885026 21.314222139772 10.7574261152185 ex
3929 19.1095419928897 12.9523938070051 7.56515554804355 ex
3930 14.0231147899758 15.0494844631758 1.35336728743277 ex
3931 18.2109297609422 16.5375825837255 0.174664730904624 ex
3932 11.1331396491732 16.4832459932659 3.93985516671091 ex
3933 17.8355348214973 17.2168394674081 0.961556089809164 ex
3934 11.6688717603683 12.8525047276635 7.51679194322787 ex
3935 15.5923538017087 19.2128437189385 6.23239616747014 ex
3936 15.3773979002144 14.386434259126 9.49376904009841 ex
3937 12.4800368652213 15.2929048666265 4.84199155238457 ex
3938 13.0753668958787 20.6582325159106 0.53975809039548 ex
3939 16.5339161122683 16.6909841794986 0.42562163528055 ex
3940 14.4301664044615 14.4072899518069 2.55432709609158 ex
3941 17.8738748989999 13.035301762633 10.7457704923581 ex
3942 17.6464509754442 19.0258330293 7.28363910759799 ex
3943 12.3038058311213 21.9532401568722 3.92604990093969 ex
3944 20.2444478089456 13.7533154243138 0.318892786512151 ex
3945 21.1585846182425 16.8954503694549 6.55092815775424 ex
3946 12.7421779234428 20.75279549486 4.39119597594254 ex
3947 21.8837342041079 18.5655198963359 5.68929455731995 ex
3948 14.9933662356343 17.9445090282243 8.33250654302537 ex
3949 14.3867792112287 14.4709408353083 9.20767088374123 ex
3950 21.4036453389563 21.5115724503994 8.95616769394837 ex
3951 20.1270856277552 15.6248331975657 6.02285100216977 ex
3952 17.6996642204467 16.0167643574532 8.56261493405327 ex
3953 19.4603927789722 21.6342670184094 10.8096515110228 ex
3954 20.9096597842872 16.0007742994931 0.17224540328607 ex
3955 21.6435186648741 21.3620745802764 10.3574459706433 ex
3956 20.7605835227296 14.1602371789049 2.16346819535829 ex
3957 21.9142307809088 13.8776021187659 1.27441231440753 ex
3958 18.6600463790819 15.3627179397736 1.11955886543728 ex
3959 21.4772197580896 12.519422595622 9.40661759930663 ex
3960 20.129940295592 20.3291094528977 5.4258925896138 ex
3961 15.9016596472356 15.2776660735253 9.14636253379285 ex
3962 16.3143823228311 15.8738476552535 4.06182171148248 ex
3963 16.4363023559563 20.44675785047 3.9873554687947 ex
3964 18.7266717583407 12.4385424205102 8.90823461464606 ex
3965 14.640443126671 20.8689846098423 9.48273148108274 ex
3966 12.1054346351884 15.2762130917981 8.25128150661476 ex
3967 19.047319511883 15.7963744027074 2.21873235050589 ex
3968 12.1982492248062 15.1264092256315 10.3412563481834 ex
3969 12.1944669438526 16.6200274762232 8.6198061357718 ex
3970 21.0963372257538 16.1643538714852 0.169373779324815 ex
3971 11.9994163280353 15.3648686606903 0.568925286177546 ex
3972 21.9744653103407 13.6334953042679 9.78885825490579 ex
3973 12.8063580738381 16.7819785282481 1.69642033893615 ex
3974 18.6618987852708 14.6548348341603 2.71198740717955 ex
3975 20.9035455554258 16.6859688579571 8.96393078239635 ex
3976 11.4449685981963 16.0698396707885 6.86825057398528 ex
3977 21.508115978213 11.5472261591349 4.75308051519096 ex
3978 18.6013264351059 11.1871974994428 6.27230512117967 ex
3979 16.1294177244417 17.2104399381205 6.72888005315326 ex
3980 11.6846864991821 13.5148417314049 10.0473777335137 ex
3981 18.6735451486893 12.8151553857606 5.70277130231261 ex
3982 18.972194242524 14.2508963523433 9.04061435349286 ex
3983 19.167841042392 16.4898759138305 4.91791569674388 ex
3984 18.5393187419977 17.6078334848862 10.8611250573304 ex
3985 19.3813939986285 11.0772204948589 7.08506126748398 ex
3986 11.4526271915529 12.2410422409885 1.37426728522405 ex
3987 19.4628851246089 16.5290718586184 2.30651008943096 ex
3988 17.9925151260104 15.318303364329 3.93444765778258 ex
3989 16.0618303862866 20.6929687487427 1.95473831752315 ex
3990 14.2009232891724 11.6855945822317 3.93155905022286 ex
3991 12.4165097470395 21.3220274168998 4.5142539953813 ex
3992 11.4133326529991 19.3071151708718 6.50005508237518 ex
3993 18.1466372425202 16.1785314686131 2.04456358426251 ex
3994 21.3487270565238 19.3265009510797 3.19021108536981 ex
3995 11.9777416496072 21.4871218984481 10.1562849655747 ex
3996 19.9047161769122 15.4494559620507 9.73959649400786 ex
3997 14.0121663401369 21.9988350835629 1.22821499942802 ex
3998 14.0495422214735 21.4546509357169 4.84500991064124 ex
3999 13.7372866175137 21.5595511868596 0.173866503406316 ex
4000 12.9469967610203 17.6434004881885 3.35442188498564 ex
4001 19.708199019311 11.7728814808652 4.82125425175764 ex
4002 21.6679281580728 16.1934170743916 3.57380885514431 ex
4003 21.4873396104667 15.4928594685625 1.39525412931107 ex
4004 21.1177711030468 14.4951911445241 8.86329391039908 ex
4005 15.6389869761188 21.7070947790053 8.63931856467389 ex
4006 19.441038018791 12.5311203324236 2.52201078971848 ex
4007 20.761751662707 20.3533837688155 6.46381075307727 ex
4008 17.8119804733433 11.4713690923527 10.5061107487418 ex
4009 15.60161810508 12.006784217665 3.61367417639121 ex
4010 16.4874381348491 16.0765278164763 9.83600139035843 ex
4011 19.4855775635224 14.5400543601718 1.16916863550432 ex
4012 18.8118319110945 17.4340193362441 0.386841663857922 ex
4013 19.3077389646787 13.7417925223708 7.68327542650513 ex
4014 18.5920028542168 17.5608465606347 6.3208827660419 ex
4015 13.4569729657378 21.9559313689824 7.1245898171328 ex
4016 18.325259719044 13.8997286069207 10.4278791060206 ex
4017 16.3090656721033 11.3752671347465 5.00841999356635 ex
4018 13.985930185765 20.5929586174898 8.37885131663643 ex
4019 13.6270448754076 16.368732094299 7.85189610114321 ex
4020 21.7441099884454 21.0485018352047 2.40469112433493 ex
4021 15.2262904599775 21.6148911360651 0.909743694588542 ex
4022 16.4590426022187 21.2585712436121 3.90573783451691 ex
4023 13.8115365109406 15.9196181031875 6.49094225442968 ex
4024 17.21271460969 17.9400695143268 5.09846092062071 ex
4025 15.3916626030114 13.6807974793483 4.22536750277504 ex
4026 21.6202709749341 19.4602232361212 7.38494174485095 ex
4027 19.4170948255342 19.5042079223786 10.5602208427154 ex
4028 12.384329062188 18.5997589849867 7.81273687211797 ex
4029 17.8678533097263 12.1822561635636 6.10064584226348 ex
4030 15.5823487238958 15.1491977481637 5.43163470574655 ex
4031 17.6492338890675 15.3096761486959 9.14183375309221 ex
4032 19.7274833724368 11.3229681605007 0.377784729003906 ex
4033 14.3977202686947 18.7281086663716 10.447059966391 ex
4034 15.828277321998 21.1269092203584 3.77907120273449 ex
4035 18.6124789593741 12.3081306694075 2.11721170437522 ex
4036 19.7071423307061 19.0181274332572 7.24775417381898 ex
4037 18.9356963785831 15.2776255554054 7.73887118860148 ex
4038 15.3518616321962 20.0312005365267 2.85590471047908 ex
4039 14.4369540403131 12.3995936554857 2.84409476444125 ex
4040 17.6068914062344 15.1716975593008 2.83315241616219 ex
4041 13.8588352426887 13.1925357691944 1.89065172290429 ex
4042 15.8116717899684 12.5354674453847 9.84364331536926 ex
4043 13.0603002603166 13.7161605025176 10.727489718236 ex
4044 18.8185786686372 20.1550760541577 0.460743996547535 ex
4045 18.3223220042419 15.0957362912595 5.4713838538155 ex
4046 11.5043081436306 18.2720022413414 3.33315871795639 ex
4047 14.0142335817218 16.6727066095918 2.92255750321783 ex
4048 15.025240996154 14.5718092285097 8.09787966427393 ex
4049 19.3962071333081 17.1496035375167 8.84791297349147 ex
4050 18.0033948305063 11.2183225760236 5.66884060413577 ex
4051 19.4977744058706 17.3185446606949 9.88076720316894 ex
4052 19.6932528200559 14.090990105411 4.11288688611239 ex
4053 11.6564017024357 14.1710114839952 9.16818844014779 ex
4054 21.4708286607638 21.87269375287 9.45342914108187 ex
4055 15.1277566119097 15.0891319096554 7.80689479387365 ex
4056 13.733853121521 15.5890392269939 4.41435269615613 ex
4057 18.9946959719528 13.8027806968894 1.47955453931354 ex
4058 19.9887712073978 12.6819656805601 3.82830459740944 ex
4059 19.0044589468744 11.1196555783972 1.00264935172163 ex
4060 15.3989874429535 16.6926852089819 7.50395099516027 ex
4061 11.6752885030583 14.567277419148 8.83718739962205 ex
4062 15.790256984299 19.46739483485 8.47858254401945 ex
4063 15.7182002551854 15.3083290127106 6.65287946630269 ex
4064 12.3185744741932 18.4197606241796 9.44694229401648 ex
4065 17.8970780670643 17.994566376321 6.92614949611016 ex
4066 13.2772778717335 12.7023209556937 6.23048848309554 ex
4067 12.9341382051352 17.995038428111 8.42251761909574 ex
4068 12.3419893879909 19.4773656688631 0.49686452653259 ex
4069 14.5542720605154 16.971821851097 5.52258963673376 ex
4070 14.7520328469109 16.0561148596462 9.52689617918804 ex
4071 18.7066919154022 12.5079937730916 9.21810933598317 ex
4072 14.4290302661248 20.6834708619863 6.06829474284314 ex
4073 16.3258107565343 17.4295279805083 1.64294840022922 ex
4074 16.9747296655551 19.1283179188613 9.23085868684575 ex
4075 19.3734830149915 16.5608142188285 7.70562463416718 ex
4076 17.7861503132153 11.1143709367607 0.963232825510204 ex
4077 11.5858845608309 19.7917073282879 1.31313802930526 ex
4078 17.6907066404819 12.9882847059052 8.21932791965082 ex
4079 19.8752764540259 18.7128998511471 2.61435628077015 ex
4080 20.0132152203005 11.3250853810459 6.09919689060189 ex
4081 11.414452991914 21.1900240669493 9.18203294812702 ex
4082 16.485408679815 12.5194237164687 10.3576559592038 ex
4083 21.8250457963441 21.1343015772291 7.12367592053488 ex
4084 16.8743305725511 12.0342523921281 7.85513611207716 ex
4085 13.4158738905098 16.977766887052 5.98768530902453 ex
4086 16.8411384187639 18.180162895238 10.6034261973109 ex
4087 14.667045124108 15.9689015140757 5.0197493112646 ex
4088 20.8278915723786 13.2932386163156 5.34080113610253 ex
4089 17.450499790255 19.5812795225065 1.88073692284524 ex
4090 20.5172974001616 12.5579742009286 5.72834854037501 ex
4091 20.0537716383114 19.592976427637 1.39197660284117 ex
4092 11.1766104416456 12.6763504012488 6.10355956712738 ex
4093 11.7823938662186 13.9730158655439 8.28685633582063 ex
4094 20.8782120544929 11.6060774724465 3.54902156442404 ex
4095 15.7800998606253 11.3876575327013 2.23278131638654 ex
4096 12.240558717167 14.9695369261317 4.59425575775094 ex
4097 17.2855823100545 19.4951797563117 2.35957175912336 ex
4098 20.0797613761388 12.7289177989587 0.896918552927673 ex
4099 11.6408368840348 15.4622432647739 7.15564633859321 ex
4100 17.2820122255944 13.2302927880082 5.90085195191205 ex
4101 20.0096854264848 16.4074646378867 10.7006085454486 ex
4102 14.5355541522149 12.2344406621996 6.87191902496852 ex
4103 15.8990870893467 12.5775292387698 10.3240333043505 ex
4104 17.0335095699411 12.105231905356 3.19917602115311 ex
4105 20.6707668728195 16.0431977421977 7.89206743962131 ex
4106 20.6245669380296 12.9753409358673 2.54360828315839 ex
4107 20.4713896906469 14.9409021527972 0.816271910676733 ex
4108 18.8674213509075 13.3694274707232 2.72521476075053 ex
4109 21.2402583810035 18.6799888173118 9.39132821909152 ex
4110 15.6498577473685 15.8343946107198 10.2598195532337 ex
4111 15.6730020151008 12.9012357736938 6.09038230986334 ex
4112 14.6420683891047 13.9931544156279 7.24585885531269 ex
4113 17.5069801907521 12.6418167008087 2.79424605192617 ex
4114 16.8817060629372 20.1691475079861 0.287772934418172 ex
4115 19.9120615373831 12.3641108945012 8.05448576295748 ex
4116 17.2559292644728 13.3869098054711 1.12720474880189 ex
4117 14.8596966685727 14.0980820385739 3.58643324836157 ex
4118 12.2273520026356 11.1245006001554 8.15156408492476 ex
4119 17.073460982414 18.2674501461443 2.48233685246669 ex
4120 20.7298877420835 21.4833227633499 3.30817649932578 ex
4121 20.8856437373906 17.2196802445687 1.781082612928 ex
4122 14.1468184313271 16.1620357178617 6.20862773177214 ex
4123 14.1149596634787 17.7394055328332 2.80672417837195 ex
4124 15.6486026651692 12.4702267257962 4.33184631750919 ex
4125 14.5388043443672 21.0644485894591 9.32105971337296 ex
4126 21.0462650619447 17.94927641307 5.61427497141995 ex
4127 12.5813183891587 14.1253431241494 8.65905233169906 ex
4128 15.4059604450595 20.3112056648824 10.5451065879315 ex
4129 21.911171463551 12.6127003510483 0.653550971532241 ex
4130 11.0853442847729 13.4729173537344 0.012619691202417 ex
4131 12.0823900769465 15.034090137342 5.78722187178209 ex
4132 21.310316267889 14.6234216811135 4.85734124807641 ex
4133 14.2866153062787 18.3691231629346 8.73905140371062 ex
4134 11.3244608975947 16.764476070879 10.1471538576297 ex
4135 12.7418024686631 12.8816640900914 6.35730549134314 ex
4136 14.2098146663047 15.5439451944549 2.42584180552512 ex
4137 16.4788075434044 11.7400849966798 9.10206747427583 ex
4138 18.1263988583814 21.181078667054 3.43919279403053 ex
4139 14.5915472637862 11.9988298460376 5.39943629107438 ex
4140 13.0160728807095 21.2069042208605 8.24016375024803 ex
4141 21.153932281537 16.4337322858628 2.71095205447637 ex
4142 15.7936418757308 11.6180426368956 1.72941064555198 ex
4143 19.5090241651051 13.4922819065396 2.33343286463059 ex
4144 13.7349604472984 13.5777962759603 8.99636898236349 ex
4145 21.1902365272399 12.7103383599315 4.37666898989119 ex
4146 13.0845770509914 13.6169502609409 3.06007131328806 ex
4147 13.694415840786 20.2055151134264 7.624495516764 ex
4148 17.6702683062758 18.8271937225945 5.60415154858492 ex
4149 17.459073835751 14.9213348263875 0.530193797778338 ex
4150 14.4741144408472 19.4486868632957 5.03504611924291 ex
4151 12.3533043973148 21.4716926997062 7.90081650950015 ex
4152 18.2247966532595 13.8298444887623 8.792513248045 ex
4153 14.6443629416171 17.3218952403404 4.85318529279903 ex
4154 19.4460507424083 20.1031412349548 6.61231531458907 ex
4155 18.4075765507296 19.1655415350106 3.86655314383097 ex
4156 15.8179797369521 13.9360649134032 5.68677532160655 ex
4157 21.0600212479476 14.4343922422267 2.42583948071115 ex
4158 21.6194368558936 14.525820592884 5.33528123283759 ex
4159 18.5195453909691 13.8808097813744 9.61142219626345 ex
4160 13.9248859786894 17.3363489871845 3.12643816391937 ex
4161 11.6630756310187 15.1459667328745 2.45996617292985 ex
4162 14.7827082041185 20.796746262582 8.06738698785193 ex
4163 16.5253711377736 14.2501435091253 10.5711619602516 ex
4164 11.0015360894613 13.4865001915023 5.29742246726528 ex
4165 11.1121393586509 17.0120776351541 5.29818725562654 ex
4166 14.950864440063 14.7810643797275 1.51877726987004 ex
4167 14.8156903120689 19.2276604331564 3.22317079408094 ex
4168 21.9891574515495 17.9325785732362 9.29184309137054 ex
4169 13.6719634192996 21.1337815474253 9.19140489608981 ex
4170 21.2283393847756 15.3863373608328 6.91256338520907 ex
4171 13.208573119482 17.9210801923182 10.9323770275805 ex
4172 12.0993585893884 17.666916214861 5.71252709045075 ex
4173 13.241631787736 13.152143341722 7.22341443877667 ex
4174 15.357225992484 16.4512988785282 9.9938267392572 ex
4175 19.1992556806654 11.5052302537952 5.54852199554443 ex
4176 17.0524994905572 17.7817437180784 4.27487679966725 ex
4177 17.2804106310941 17.0745108493138 1.21861609420739 ex
4178 18.210660839919 13.950148451142 6.72731832950376 ex
4179 17.2017884168308 14.6714865230024 8.74217657744884 ex
4180 13.079109567916 11.4253880796023 4.20845171855763 ex
4181 12.7490808502771 20.4967620486859 3.70110132498667 ex
4182 21.6185081133153 13.021990535548 6.13174232747406 ex
4183 16.6666881630663 18.5812583132647 9.32486322685145 ex
4184 19.5810085292906 16.3653911661822 8.96374443289824 ex
4185 20.9241506371181 21.9673632385675 1.83821482909843 ex
4186 17.9782809417229 11.8499848744832 9.17629588139243 ex
4187 17.6758039460983 20.5573524951469 7.77207247703336 ex
4188 19.6678168240469 19.058055142872 1.50931492354721 ex
4189 13.5204263068736 13.9799427958205 9.4348958642222 ex
4190 16.9616378524806 14.725310103735 1.86928279651329 ex
4191 17.8883456329349 21.4381737555377 5.32521733362228 ex
4192 21.0874408995733 13.3724518853705 4.21310556307435 ex
4193 17.4660846053157 16.5595567731652 5.91669983626343 ex
4194 17.4992201072164 20.365968140075 2.53755685943179 ex
4195 13.8164309132844 15.6075571328402 2.96305968123488 ex
4196 17.0713055620436 20.6650381651707 4.72695194301195 ex
4197 16.6449275461491 16.0853505611885 10.5816246154718 ex
4198 18.1935765619855 16.5579202377703 10.9060895962175 ex
4199 13.761644033948 12.8710243585519 8.39336459664628 ex
4200 16.8757739700377 12.348756098887 6.09502743580379 ex
4201 21.0269272907171 14.0194169445895 10.069156665355 ex
4202 15.1118809606414 13.472444007406 6.17440477525815 ex
4203 12.9084710148163 16.5176001356449 0.914029223844409 ex
4204 20.4103295523673 14.8336131237447 6.94223907077685 ex
4205 18.8650037380867 19.8918474577367 10.7002749713138 ex
4206 13.179693157319 14.2119267845992 0.829242869280279 ex
4207 21.6659171485808 12.2582403060514 7.00763840810396 ex
4208 17.134951419197 16.3259402401745 6.88452292815782 ex
4209 16.5267770038918 19.7470992612652 4.50931202829815 ex
4210 17.2275775324088 19.0455475372728 9.1276250500232 ex
4211 15.8229166870005 14.0775310022291 10.1194710361306 ex
4212 12.3855923458468 13.2372413906269 0.85907767387107 ex
4213 17.0394121713471 12.9589761572424 5.14562329184264 ex
4214 13.5951792642009 17.7123531708494 5.56473381654359 ex
4215 12.2571486020461 21.1227154233493 5.1323031259235 ex
4216 12.6049004837405 18.4432978804689 10.6427137497813 ex
4217 13.8248850062955 12.3073791104835 3.83234016830102 ex
4218 13.4312711614184 15.403874485055 8.40985242510214 ex
4219 18.3884823562112 21.8168902152684 8.15020226710476 ex
4220 11.7398994984105 18.3310423779767 7.4679612244945 ex
4221 20.4677687762305 21.2293534053024 4.54849936603568 ex
4222 20.8539067544043 16.2053828188218 5.29358738288283 ex
4223 15.122059466783 21.9502435971517 10.174704001518 ex
4224 17.3210962065496 16.3983691623434 7.26418489404023 ex
4225 15.3517148776446 14.9833949105814 4.16361540928483 ex
4226 15.8093017223291 18.7288324821275 5.31312121986412 ex
4227 16.2470502876677 11.367111802334 2.08190536941402 ex
4228 13.8985149280634 18.3726429240778 3.08579464489594 ex
4229 20.2192483979743 19.6119048241526 8.92765436857007 ex
4230 19.3125127006788 11.2539896026719 9.93130914890207 ex
4231 17.0678457308095 21.417999093188 6.5850924954284 ex
4232 18.8211877425201 14.1336940766778 1.80952360713854 ex
4233 20.4211213090457 17.1199238323607 2.74612598191015 ex
4234 12.8977815418039 16.335813052021 4.4926151977852 ex
4235 21.9327377481386 18.4557210011408 4.29640927980654 ex
4236 11.6892695117276 14.9940087138675 10.7349208451342 ex
4237 13.6880064832512 11.1525897884276 10.9880912583321 ex
4238 11.881958141923 19.9062675840687 10.5090881199576 ex
4239 15.8801906856243 15.1882618116215 1.39908992033452 ex
4240 16.6670629996806 16.2412658827379 2.92034868407063 ex
4241 18.032564843772 18.7343937684782 3.35713525768369 ex
4242 20.5677301033866 20.4664159994572 9.99518309463747 ex
4243 11.0841930662282 19.2739893693943 9.85789668024518 ex
4244 17.5700121256523 18.2776843879838 9.95937240682542 ex
4245 18.877571005607 21.2973986752331 5.08414620859548 ex
4246 13.3899365335237 16.8256760272197 9.17179034347646 ex
4247 16.7029402442276 17.3047495330684 8.85502942441963 ex
4248 15.9946852959692 11.9397554076277 10.1638037257362 ex
4249 12.6547527534422 21.2689487533644 0.208896765718237 ex
4250 16.9667718643323 15.5329195987433 10.9755125001539 ex
4251 20.5053233674262 17.6511279591359 3.41299739852548 ex
4252 17.3193416916765 19.3791790367104 8.20676555368118 ex
4253 11.3839710154571 12.6050466671586 8.28158704424277 ex
4254 18.0903261797503 21.7913862967398 9.01306796888821 ex
4255 20.5908616527449 18.2623063609935 3.71631525876001 ex
4256 19.8077511349693 12.4618430044502 6.44975723209791 ex
4257 18.690479913028 20.3359610526823 1.43578827311285 ex
4258 15.7885416499339 14.7258593542501 6.34812349174172 ex
4259 15.4274656523485 19.6124988419469 10.5822511902079 ex
4260 11.3934731006157 20.0546575831249 6.06229581334628 ex
4261 11.3517042151652 14.4865762281697 4.5487909715157 ex
4262 12.692854361143 17.0048821892124 4.0067888693884 ex
4263 14.8748780102469 11.9070948117878 6.41529672662728 ex
4264 16.4387420103885 15.4675586738158 2.96990558831021 ex
4265 15.8586294248234 19.683038540883 9.81444342457689 ex
4266 15.9598277099431 14.0663207899779 1.4551941503305 ex
4267 13.1812110708561 21.4555259048939 5.51258722296916 ex
4268 16.591880351305 15.7707293070853 0.786549509270117 ex
4269 11.482467261143 18.8085651760921 10.2415653530043 ex
4270 12.4065249303821 12.5706746380311 8.07243129238486 ex
4271 19.6362312415149 19.4086866229773 9.33195302751847 ex
4272 14.8986750573386 16.9838943933137 8.24735919223167 ex
4273 20.925565714715 20.7859379523434 10.0696769552305 ex
4274 15.5619245683774 16.8292469140142 0.0114543959498405 ex
4275 19.3711742439773 20.6030828843359 9.46502685849555 ex
4276 12.9038901668973 14.9544209558517 0.862067972077057 ex
4277 15.0656658029184 18.9014395864215 0.291332413908094 ex
4278 21.2746759383008 21.5843100729398 1.26457259454764 ex
4279 12.318649391178 19.2821356509812 3.31445402861573 ex
4280 14.4707518636715 14.4708383642137 8.27216416131705 ex
4281 19.8621050817892 14.4013926589396 0.798472945112735 ex
4282 13.4920787636656 16.9228883727919 6.88360940781422 ex
4283 12.6204512270633 18.2651671064086 2.59207246918231 ex
4284 20.7300208585802 14.8575934327673 8.48027659999207 ex
4285 17.5509532699361 15.7998860704247 6.61333189345896 ex
4286 12.6416800452862 13.066142390715 7.8384593189694 ex
4287 20.1794604584575 19.242125738645 10.225936959032 ex
4288 17.0811035283841 13.6262603786308 2.02753228903748 ex
4289 20.5766328377649 12.7093955599703 9.58107077283785 ex
4290 16.5688843494281 15.6001824962441 8.0070533156395 ex
4291 15.0944906158838 11.5805650432594 0.249625980854034 ex
4292 13.951449454762 12.8469004360959 7.5833299155347 ex
4293 13.1722889824305 15.4538334154058 5.06825424404815 ex
4294 19.0370803815313 17.8213705336675 0.844509301241487 ex
4295 19.9952696161345 18.0720807451289 0.336638542823493 ex
4296 12.8175160533283 17.8488563238643 9.18076534289867 ex
4297 15.5291106984951 18.2495000550989 2.09477154863998 ex
4298 18.8007621006109 20.748060627142 3.43899395107292 ex
4299 17.2635707047302 21.1786258888897 0.0439808859955519 ex
4300 13.1214662648272 11.3738304395229 2.89406658522785 ex
4301 21.5860076241661 19.6412621056661 0.704750695731491 ex
4302 19.925768841058 11.5940697027836 3.91536015295424 ex
4303 16.9618963010143 14.637509878492 2.46749356947839 ex
4304 12.6015880380291 21.2750939268153 9.20528542785905 ex
4305 12.0510288348887 14.4014803974424 7.64101506676525 ex
4306 20.2626327178441 21.4136682429817 10.4349188844208 ex
4307 13.1862773427274 14.5335847036913 8.41921245981939 ex
4308 11.1223247384187 20.7899949895218 7.07809776789509 ex
4309 11.4772589493077 18.7467277536634 2.83479761937633 ex
4310 15.7120702811517 16.6056238932069 6.83017309522256 ex
4311 18.4850372269284 18.1001814070623 8.59559150366113 ex
4312 18.596673814347 16.9402767345309 5.74311274546199 ex
4313 11.9711318428162 19.5347192699555 4.01462765573524 ex
4314 16.5111440601759 13.0212381747551 2.42513344646432 ex
4315 11.3839024025947 16.1377489466686 4.50570737058297 ex
4316 18.2519900433253 11.4288947624154 7.34783058729954 ex
4317 13.5430769943632 17.4587201529648 1.93630418507382 ex
4318 13.2049282791559 11.9090779034887 5.16717844014056 ex
4319 15.7934335086029 14.0373038083781 7.78015973395668 ex
4320 21.9306405265816 12.329083541641 1.18458293541335 ex
4321 21.0423644522671 11.9467452468816 1.67022972460836 ex
4322 20.1728808754124 20.7833984522149 7.07396172080189 ex
4323 18.4807739583775 20.8768392323982 9.48021300043911 ex
4324 16.9504381306469 15.179939992493 6.94023371022195 ex
4325 16.0822078017518 20.556740058586 8.02659515151754 ex
4326 21.1665835238528 15.4785526711494 8.99781997129321 ex
4327 21.3389595372137 13.4473186559044 8.82679160963744 ex
4328 14.2028128600214 20.3043968002312 2.49929603701457 ex
4329 12.7440023419913 21.491160401376 1.40170373395085 ex
4330 12.8084392689634 12.2251492557116 1.85080397501588 ex
4331 18.3172122363467 19.7106785506476 0.416996363317594 ex
4332 17.858256642241 16.6014969346579 0.753937813919038 ex
4333 14.2710702747572 19.199515134329 7.89427185431123 ex
4334 20.5717239417136 15.1116961531807 7.78638795553707 ex
4335 16.9950165366754 13.570879355073 6.7612559851259 ex
4336 13.5624049874023 14.5055316225626 3.46132199466228 ex
4337 19.827328214189 21.9865381342825 7.5325096079614 ex
4338 11.0940791903995 13.0365901677869 2.50415752921253 ex
4339 19.572374291718 19.4465514798649 0.764358843676746 ex
4340 14.95590533223 18.7085349587724 4.02882643998601 ex
4341 13.1708399634808 18.683480131207 4.75339653412811 ex
4342 11.3239564949181 12.6619694870897 10.0796501571313 ex
4343 20.9170194324106 17.1386164752766 8.01042808592319 ex
4344 13.3012004420161 14.1966196657158 4.32755981083028 ex
4345 16.4233694784343 19.1444334452972 6.27406414691359 ex
4346 13.0738405231386 11.9220964878332 6.22656868188642 ex
4347 15.8014942319132 20.4883239225019 5.91713952599093 ex
4348 19.7452512364835 12.9263803299982 10.7851270802785 ex
4349 11.9922977052629 19.8127838063519 8.11802696157247 ex
4350 17.4806336255278 20.7881218974944 1.52175557333976 ex
4351 14.6440532358829 21.1829393955413 0.519274823833257 ex
4352 18.232129129814 18.8905097213574 9.7083209331613 ex
4353 16.0130876728799 20.3202550413553 5.90125421830453 ex
4354 19.5351615361869 14.5754159360658 6.24040760705248 ex
4355 15.6749976044521 18.8971441420726 8.96720013488084 ex
4356 12.5431227833033 18.7594750381541 8.99094720953144 ex
4357 13.269354081247 15.0820608325303 1.42773273750208 ex
4358 17.3369569624774 16.1804727509152 2.27258596406318 ex
4359 20.1988028539345 13.8730622078292 8.74290042417124 ex
4360 13.9727311863098 18.3548268170562 7.54632039531134 ex
4361 18.9281486305408 11.0650041971821 8.89501015702263 ex
4362 12.1547813469078 11.1550492723472 4.58138747513294 ex
4363 21.0586753860116 21.8345047940966 0.000325137516483665 ex
4364 12.5968822485302 19.0411839948501 5.6834107292816 ex
4365 13.8629202554002 16.9884250154719 1.72140593524091 ex
4366 12.1014485470951 12.720633551944 3.0112278603483 ex
4367 16.2517389832065 14.647366549354 9.91022390755825 ex
4368 15.6805286256131 16.5465873130597 1.80192338326015 ex
4369 15.5537361390889 20.2749910613056 7.15540900663473 ex
4370 19.9575611597393 12.1077407861594 1.27342883311212 ex
4371 20.3487245067954 12.9708324617241 3.61551460553892 ex
4372 15.5542052821256 11.3126972070895 4.1385359284468 ex
4373 11.0033209468238 16.0771167271305 2.59772665333003 ex
4374 20.0805217416491 12.2576717890333 7.38436759985052 ex
4375 13.6046197644901 19.9885303315241 8.15378420799971 ex
4376 14.6917031207122 11.2135537860449 10.9100434472784 ex
4377 16.902383382665 17.9589825014118 4.54570413241163 ex
4378 20.7715635849163 20.3367665335536 4.89194887108169 ex
4379 12.8548690858297 19.4609211678617 8.65204862691462 ex
4380 18.8975106303114 14.0651379229967 7.50368422875181 ex
4381 21.7113965253811 13.8017044207081 7.65153381880373 ex
4382 17.4839910373557 20.8472050200216 9.7722550695762 ex
4383 15.5706320758909 20.4376220358536 9.46106018754654 ex
4384 16.3218138134107 12.6610108234454 5.10918963886797 ex
4385 21.2955894963816 11.2800723132677 9.56092449044809 ex
4386 13.6618039195891 17.4940982749686 4.62098737037741 ex
4387 18.9931908657309 14.7613155094441 6.16373475198634 ex
4388 14.7058284983505 14.166948199505 4.78564497502521 ex
4389 16.8540495103225 14.2156828334555 3.35041097109206 ex
4390 15.4035568377003 12.5565965794958 2.7750113599468 ex
4391 14.9521122782025 13.4158948918339 2.95344451535493 ex
4392 18.4138257610612 11.6697565109935 9.00870962301269 ex
4393 19.0082329788711 18.9258264242671 6.3173109611962 ex
4394 12.4821058784146 21.1562242000364 2.99974932614714 ex
4395 11.1437992078718 11.8153783048037 3.08099668123759 ex
4396 13.5513398130424 18.1984981785063 9.18973317276686 ex
4397 15.7573023012374 15.6402967751492 3.6914048534818 ex
4398 19.2516331158113 21.3050758833997 5.84901881078258 ex
4399 14.6048289712053 13.6618472370319 6.99328896263614 ex
4400 17.604081348516 13.1309437791351 9.83813979011029 ex
4401 13.1142835344654 14.116621024441 1.67966492008418 ex
4402 14.6814423217438 12.8867370232474 10.0091045347508 ex
4403 14.5627033868805 12.1359973435756 5.62834307667799 ex
4404 18.7708130213432 13.7564596855082 5.50754288700409 ex
4405 20.8324899710715 13.2454183050431 10.3363857627846 ex
4406 16.5589739785064 11.4686793547589 10.9516981958877 ex
4407 20.9162823639344 16.1049536578357 6.53141238982789 ex
4408 17.3878574988339 15.0672222021967 8.81105243158527 ex
4409 14.9563687753398 19.260497307172 0.932912642834708 ex
4410 19.9292234554887 15.2317987105343 4.55695658829063 ex
4411 21.9480511469301 15.26666507544 4.92986825946718 ex
4412 18.2538532768376 16.0173542222474 7.2703850234393 ex
4413 11.1493403634522 21.665143156657 6.19637932046317 ex
4414 19.5602977634408 18.8295546025038 4.4551319044549 ex
4415 12.9264736799523 12.0113827488385 9.10786932171322 ex
4416 11.5291208191775 21.776975114597 8.13725836900994 ex
4417 13.739005178446 15.1305531836115 0.386867840541527 ex
4418 17.0786211090162 19.874793773517 4.44163180864416 ex
4419 15.8248169885483 21.9000153150409 2.59427918307483 ex
4420 18.1198732375633 21.3050055587664 1.05868966202252 ex
4421 21.4436260743532 11.9908759340178 6.40970894205384 ex
4422 18.1697809481993 12.9817471140996 6.12492273910902 ex
4423 13.156673599733 20.1175706775393 6.0690201211255 ex
4424 17.348628560314 16.2436454205308 1.70473559014499 ex
4425 16.8343555692118 11.4815909725148 4.4276720455382 ex
4426 16.5890744675416 19.4601132818498 7.33434072160162 ex
4427 13.2552703924011 20.4764128669631 5.14125059056096 ex
4428 18.281903992407 18.5946225461084 6.93927697394975 ex
4429 18.8078455098439 20.050857109949 8.5411135412287 ex
4430 13.5615958399139 16.4019599754829 4.45116720232181 ex
4431 15.40717035532 11.9966328605078 6.1794536144007 ex
4432 15.8806640219409 19.8883676009718 7.08278340823017 ex
4433 17.4422641105484 19.5358405800071 10.6046621554997 ex
4434 12.2289050293621 11.0721219370607 2.88829528703354 ex
4435 19.9501369090285 12.6571619047318 0.837727913167328 ex
4436 16.0131579346489 11.34701427049 7.28831577347592 ex
4437 16.5423124751542 19.2703885750379 8.27790884533897 ex
4438 18.1138150431216 12.9989210811909 1.99872689438052 ex
4439 21.5252481072675 19.1330869048834 10.9763605259359 ex
4440 19.9261796097271 14.6737542964984 9.24653140362352 ex
4441 14.9068372056354 19.4506922829896 4.23716169502586 ex
4442 18.2605746854097 18.9826623573899 5.90677665895782 ex
4443 11.0238003297709 16.9616273280699 5.1306532220915 ex
4444 18.0629090019502 18.6606283280998 0.475638219155371 ex
4445 11.6686717115808 16.5684748890344 7.5958357215859 ex
4446 18.5343959867023 12.3461009224411 10.6346229573246 ex
4447 19.8581050438806 17.5543814620469 1.61529795802198 ex
4448 16.5564609379508 15.4668583350722 9.19235047511756 ex
4449 18.0599791994318 11.1455797231756 3.80467832740396 ex
4450 11.9368485573214 15.5785656960215 3.59467509714887 ex
4451 11.006270416081 14.1242280923761 5.33703226130456 ex
4452 17.3777474090457 16.4350785401184 4.94746918836609 ex
4453 20.6498596956953 18.9503000564873 9.29588594310917 ex
4454 15.1544506200589 19.6708875619806 4.66878838324919 ex
4455 20.797706282232 12.6206614871044 1.42976055108011 ex
4456 17.6096410171594 11.2238775324076 5.27683459385298 ex
4457 15.100579851307 20.9263833959121 4.51651385752484 ex
4458 16.007953776978 21.0373454731889 10.725673758192 ex
4459 14.2665518524591 12.0787693960592 8.67941825138405 ex
4460 21.1015608615708 13.9811854173895 5.28768748091534 ex
4461 15.7764423869085 14.4745260162745 2.89102177927271 ex
4462 18.5556491063908 20.298371829791 4.91834617219865 ex
4463 20.7058531462681 18.0531840687618 10.263921208214 ex
4464 21.2143629165366 14.2432487648912 6.88625432900153 ex
4465 13.5367005008738 17.0042063822038 6.95195071096532 ex
4466 16.5126722899731 18.0159015657846 3.1816147880163 ex
4467 21.2314045447856 20.7655489279423 0.832430443260819 ex
4468 19.6671066859271 14.1456416510046 5.38524875533767 ex
4469 18.6681785010733 18.9924443720374 10.2420281961095 ex
4470 19.2206892028917 21.8764617640991 9.51985338237137 ex
4471 12.4408652738202 18.8609097201843 5.08348608273081 ex
4472 16.0378957744688 21.9263121369295 9.0450630215928 ex
4473 13.0179042706732 12.7386328445282 2.93579149479046 ex
4474 19.9459644090384 13.672121836571 3.6665835196618 ex
4475 12.9621762526222 13.3788813182618 3.67733432445675 ex
4476 16.4486498029437 18.6841633622535 8.6897320440039 ex
4477 19.0370714901946 20.9893116645981 3.94242534250952 ex
4478 15.1933339429088 12.8940362008289 0.0630545413587242 ex
4479 14.8959661794361 18.3690229430795 3.76243602437899 ex
4480 12.8991860118695 17.4997317052912 6.06121947569773 ex
4481 20.0457927852403 18.7535986150615 6.51635482651182 ex
4482 11.1896966912318 21.8661614693701 7.11281339381821 ex
4483 15.6811467381194 16.3084704081994 3.70593765750527 ex
4484 15.1469353151042 15.9808589026798 8.64818691951223 ex
4485 20.4853391314391 19.9311960616615 5.07347401394509 ex
4486 15.550168200396 14.4845530644525 3.6057786103338 ex
4487 18.4723222178873 15.8762468672357 0.725658374838531 ex
4488 17.5582114188001 14.9267122580204 1.89562416798435 ex
4489 17.156019508373 15.2592117348686 0.313907547388226 ex
4490 21.8051039336715 20.6703172454145 6.85661223134957 ex
4491 13.3022970634047 21.9269673367962 10.3209948290605 ex
4492 14.016109389253 15.2879601167515 6.30266849487089 ex
4493 13.4785543933976 15.5887402298395 10.3581492402591 ex
4494 14.0742115436587 12.5825236842502 9.62846040539443 ex
4495 13.3839369872585 21.5215081251226 4.98258022055961 ex
4496 14.2897658932488 11.5151748617645 2.66433535260148 ex
4497 12.0386371887289 11.1032530940138 0.693686287617311 ex
4498 15.1259260443039 16.583320341073 10.3017102107406 ex
4499 11.7771900813095 20.6501932721585 1.85664217290469 ex
4500 15.6029373737983 16.2173038942274 2.52067466452718 ex
4501 13.3613848490641 13.7492110622115 0.999417511280626 ex
4502 12.1128293140791 12.2512862842996 5.13471452728845 ex
4503 17.8144714878872 18.1670071247499 1.1734501819592 ex
4504 16.1857425484341 12.1790179514792 3.28179342951626 ex
4505 18.738558109384 12.3726508868858 3.05933529348113 ex
4506 14.527480230201 15.0318358340301 3.98964279447682 ex
4507 20.2574101253413 21.9162839697674 5.21075546136126 ex
4508 11.9028140192386 20.1405950423796 5.80134895304218 ex
4509 13.4941314216703 19.4196034150664 9.23658385197632 ex
4510 11.7770759388804 15.7323109009303 1.15478597721085 ex
4511 17.1088549103588 18.4620369134936 8.67893167305738 ex
4512 19.6540241334587 13.803082018625 0.925417738268152 ex
4513 11.3865303399507 18.5150220880751 0.761893426533788 ex
4514 11.293409993872 12.4434606872965 4.1472708072979 ex
4515 12.6669751319569 16.52733875392 5.91534320451319 ex
4516 16.7664108579047 21.3178074948955 0.270121668698266 ex
4517 14.4809563055169 11.6427751295269 1.86931819887832 ex
4518 20.9633466401137 11.2919702834915 8.55670437542722 ex
4519 15.4618855158333 13.3297186330892 9.27130915690213 ex
4520 13.9897054801695 12.6905245871749 10.4551204340532 ex
4521 18.5440089527983 17.3645692747086 8.35960570955649 ex
4522 21.6370885414071 17.0625214418396 8.00786096113734 ex
4523 20.5914081709925 19.9525203786325 3.11717706010677 ex
4524 19.9939321679994 17.6596168787219 3.90485627553426 ex
4525 11.7100381387863 18.7883667906281 5.21089135622606 ex
4526 16.6993314386345 20.0940781969111 2.99291016394272 ex
4527 12.6523412000388 16.7109718797728 2.67406879016198 ex
4528 20.2428095594514 19.1049490971491 0.0604288815520704 ex
4529 11.6722318863031 17.8943938999437 3.1363348281011 ex
4530 17.9397321394645 13.0648110948969 6.9792218413204 ex
4531 14.0699268435128 13.2736477144063 0.266949852695689 ex
4532 21.0979618215933 17.4766719865147 7.72990674385801 ex
4533 12.0660456814803 17.9138991332147 1.79892557184212 ex
4534 19.3022171077318 19.690698629478 2.34453354682773 ex
4535 20.3271311377175 21.9975811918266 2.32155919261277 ex
4536 21.6184998848476 20.6328902344685 9.42407863168046 ex
4537 16.1029245771933 18.0012167813256 5.10262547666207 ex
4538 14.4622472084593 21.2330682007596 6.26593838026747 ex
4539 20.6836269816849 14.892812566366 4.90622452180833 ex
4540 19.9088120094966 21.0509967566468 3.43468922749162 ex
4541 20.2129661245272 12.7675956718158 10.7335046108346 ex
4542 18.1251269229688 17.0297251562588 5.551024048822 ex
4543 14.088892449392 17.0464962711558 1.09699313319288 ex
4544 14.9210534787271 12.0168401773553 4.56822745455429 ex
4545 11.1718572725076 15.4612847701646 10.6609783503227 ex
4546 12.2432965862099 21.598305104766 10.7252608223353 ex
4547 18.2345461149234 17.538706072839 3.58384414785542 ex
4548 12.4985541433562 20.7543933207635 1.63491194415838 ex
4549 20.2201884945389 17.6223195232451 4.54621768393554 ex
4550 20.8823226331733 16.1994910021313 3.22731853229925 ex
4551 13.2423757244833 18.9250844633207 5.47553111170419 ex
4552 13.1814960280899 14.4837410633918 7.20897617610171 ex
4553 13.2201758425217 15.4440997268539 3.51266679982655 ex
4554 14.009015539661 13.2046360902023 1.91333946515806 ex
4555 16.8803714178503 17.2985340133309 5.37772907270119 ex
4556 11.1283975152764 13.3833497716114 3.15516965137795 ex
4557 17.2815837855451 16.9814401017502 9.52959696389735 ex
4558 18.4337979950942 11.1825309530832 2.25432806299068 ex
4559 13.2189896344207 15.7616577381268 7.94672792358324 ex
4560 14.6600170619786 18.3912802960258 1.42059003654867 ex
4561 16.0853868811391 13.9627976594493 7.54470552061684 ex
4562 14.0080101629719 16.6885625608265 10.0461278560106 ex
4563 21.3672639320139 12.8705684065353 2.83816303685308 ex
4564 12.2446377414744 14.9019346970599 2.1344604648184 ex
4565 13.6910277239513 11.9217881537043 9.39747649244964 ex
4566 15.386366191553 20.2590491671581 3.93560641864315 ex
4567 19.9118615132757 13.36371343676 1.7760273006279 ex
4568 14.0078867953271 13.0802900257986 5.86075783660635 ex
4569 17.802691702731 15.742320519872 5.42086802073754 ex
4570 20.9571243547834 16.5632452366408 9.74122734880075 ex
4571 21.4318171942141 14.4449900351465 3.97075305599719 ex
4572 18.2937766108662 11.2471583951265 10.7226115425583 ex
4573 14.6214709721971 16.0207226921339 1.19793524965644 ex
4574 17.9271418135613 13.8461159942672 4.97812748583965 ex
4575 21.2150019069668 21.076456717914 6.27547807246447 ex
4576 15.9137591749895 19.219569537323 3.72062899218872 ex
4577 21.6472749835812 13.3375213211402 3.99347924860194 ex
4578 16.7188254785724 16.9470284304116 5.68649372528307 ex
4579 15.7420146733057 21.7270512557589 1.70735023077577 ex
4580 17.1927903720643 16.4550058909226 3.84669845341705 ex
4581 14.5637413191143 12.8847889050376 0.511258017504588 ex
4582 19.4404226453044 13.5826864321716 6.60827249148861 ex
4583 16.5222800979391 16.9609936496709 3.71674061566591 ex
4584 21.6685277356301 20.4595765587874 5.34705356834456 ex
4585 16.3223937430885 15.7782539862674 3.07833146257326 ex
4586 11.8142879209481 13.3627745632548 1.35018564620987 ex
4587 12.4362892019562 13.045966781443 5.52423890586942 ex
4588 13.2409790982492 13.9622515877709 5.88402858190238 ex
4589 18.2448370298371 12.9336054497398 7.08971366309561 ex
4590 20.8224350446835 14.6319378912449 10.9258753475733 ex
4591 12.2139109144919 14.9315748247318 5.44159043719992 ex
4592 19.1742207268253 15.6710131200962 5.55943550309166 ex
4593 19.3618260966614 21.5326207200997 6.51766132703051 ex
4594 16.5408934524748 15.7081207165029 7.47616800316609 ex
4595 17.8237965598237 14.0971896729898 5.34964052587748 ex
4596 17.5527077817824 19.9975386406295 5.01394661376253 ex
4597 11.2864241825882 11.9249156657606 5.49799527134746 ex
4598 16.8635377255268 13.6333925707731 5.35521069727838 ex
4599 21.7881234057713 15.4979972671717 0.946436360944062 ex
4600 12.7488658102229 15.270363409305 0.835343915736303 ex
4601 20.2209485424682 13.4141467665322 3.39007761748508 ex
4602 18.4131085972767 16.9066130395513 9.7043835928198 ex
4603 11.1194839959498 11.422779480461 9.24122049706057 ex
4604 12.9453317299485 19.0493392767385 6.42387172486633 ex
4605 21.2475811878685 20.064939744072 3.62981764227152 ex
4606 16.6270745706279 18.0730963202659 2.11902796337381 ex
4607 12.9161749971099 13.9386414373294 9.62670775037259 ex
4608 12.3902887483127 20.7974345143884 2.09397293580696 ex
4609 19.21971903136 16.4378811949864 3.92990624206141 ex
4610 17.2891721290071 14.2751923038159 9.43918666895479 ex
4611 21.2401914205402 20.1868052745704 1.38292910763994 ex
4612 21.8794996631332 19.7285509493668 4.43598822085187 ex
4613 18.7044149534777 14.4447284736671 8.01215183292516 ex
4614 21.4045945329126 11.4616957013495 5.99297861894593 ex
4615 12.1445837407373 19.0930291838013 4.74909940874204 ex
4616 13.4905979889445 19.6917351230513 2.74376663682051 ex
4617 18.3726155769546 14.9195885097142 5.29079033830203 ex
4618 13.2208705220837 19.0973838940263 5.05389282875694 ex
4619 16.1393925806042 21.8403321097139 7.70130978687666 ex
4620 14.1752596003935 11.2576660832856 4.28377793938853 ex
4621 15.5397400858346 15.403596281074 2.49162084888667 ex
4622 18.3939052165952 19.6652832899708 7.83921149396338 ex
4623 18.5572396367788 19.0348093213979 8.94910667068325 ex
4624 11.4401252362877 13.1852824480738 9.41851513576694 ex
4625 21.0719707033131 20.3900400295388 7.87858122703619 ex
4626 11.3508952055126 14.8672448499128 0.591293227160349 ex
4627 18.2553063402884 17.0570817412809 4.71196982706897 ex
4628 18.2669908676762 14.4848400268238 3.87901335814968 ex
4629 14.370140607236 21.7800769156311 7.50311629404314 ex
4630 14.5344761232845 18.0862455128226 6.27497916342691 ex
4631 15.8768686924595 21.6168387904763 9.59610606613569 ex
4632 12.5995186464861 17.8573303320445 10.3980251988396 ex
4633 18.1910126900766 13.6241942618508 3.75630651880056 ex
4634 14.5520423976704 14.7712914461736 0.937530340161175 ex
4635 20.6539861110505 21.4154143219348 8.65440898155794 ex
4636 13.5577927415725 16.7388935883064 8.65957994572818 ex
4637 21.4276463075075 16.4315034495667 10.2695627112407 ex
4638 15.3505822326988 17.253350996878 2.84900520765223 ex
4639 21.9023550176062 16.4544351755176 1.75279584946111 ex
4640 17.6999399187043 20.7019457735587 0.87246952438727 ex
4641 20.6513774560299 18.110198100796 0.465663712238893 ex
4642 14.8827378062997 11.2183710327372 0.954561465186998 ex
4643 14.2145815647673 21.9196869449224 10.0885231308639 ex
4644 20.0999339465052 16.1529714767821 2.41858286387287 ex
4645 14.7114477052819 17.6503106786404 10.980855219299 ex
4646 15.1542950004805 18.5933813175652 10.8373356657103 ex
4647 16.3236616621725 17.1671342030168 3.93844290962443 ex
4648 18.7172902859747 19.990492913872 5.19624420604669 ex
4649 13.3118899594992 11.6440592415165 0.873123195953667 ex
4650 14.2098233341239 18.020133236656 0.741478709504008 ex
4651 16.2108020002488 11.7782471482642 0.802277317270637 ex
4652 17.2160932198167 12.3537619772833 9.66595880477689 ex
4653 18.3556525981985 11.865648095496 0.206127362325788 ex
4654 20.8969289562665 15.7843739350792 10.1087089071516 ex
4655 15.6039761996362 17.7524648676626 1.48443187819794 ex
4656 17.5684089667629 11.7274280306883 3.83993748598732 ex
4657 11.2139788027853 12.5618609816302 0.36565714632161 ex
4658 11.8778602106031 11.2524687794503 1.56848589517176 ex
4659 14.0019043467473 21.0775247232523 2.64587366650812 ex
4660 14.9260749148671 15.2117881663144 10.4171865775716 ex
4661 17.2407148096245 14.1723817628808 6.83999638562091 ex
4662 14.0237999102101 16.3082811578643 0.569384451955557 ex
4663 17.8773409405258 11.8576208481099 7.15213468368165 ex
4664 15.7569490480237 11.4144745534286 5.97338533774018 ex
4665 17.8148802171927 12.0190120046027 0.43147926335223 ex
4666 11.0840951446444 20.1078283851966 0.754396626725793 ex
4667 11.5672976979986 17.3977159718052 6.21452999999747 ex
4668 13.5643979373854 11.129308041418 8.48334895679727 ex
4669 16.2738917535171 11.5009629218839 3.06854720273986 ex
4670 11.2170419467147 16.1705409446731 1.38818828691728 ex
4671 19.5070570772514 11.9363048728555 10.3106811952312 ex
4672 18.6079671850894 16.451749141328 6.16501273261383 ex
4673 13.4735437512863 18.7418187400326 8.6036143838428 ex
4674 16.1959459448699 19.0931962765753 5.15112535166554 ex
4675 17.6810362082906 11.6438663383015 1.49300192086957 ex
4676 16.5737429980654 16.8025290658697 6.31687293457799 ex
4677 12.0591247540433 18.0852070560213 6.92652593133971 ex
4678 20.3881812060717 14.1006871513091 9.79950780700892 ex
4679 15.2996766208671 20.5974189341068 0.559690776048228 ex
4680 20.6656280790921 17.8542592111044 10.4649197724648 ex
4681 14.8025505798869 13.3637266510632 4.81959645450115 ex
4682 13.9822493286338 12.815241913544 5.33380623324774 ex
4683 12.9633415539283 13.1130419161636 10.97518087551 ex
4684 16.6601026828866 21.282321738312 6.66682877205312 ex
4685 15.6741626467556 18.3501665547956 1.80341470986605 ex
4686 11.2575174716767 20.6553216534667 8.02254853281192 ex
4687 13.518454563804 19.322547971271 10.3337903898209 ex
4688 18.5760341316927 20.8492359914817 7.51045667473227 ex
4689 16.7935374581721 20.6952959545888 4.83100276486948 ex
4690 16.5863854137715 20.7301321744453 6.56362088304013 ex
4691 14.8607831816189 15.3046812580433 9.29930064547807 ex
4692 16.9097168806475 13.1088331576902 10.131731393747 ex
4693 13.441860104911 16.1431241070386 0.480202026898041 ex
4694 11.3731232741848 21.3254240411334 4.03864663979039 ex
4695 12.823321018368 20.3490919275209 7.90630562626757 ex
4696 21.63708488876 14.0231498321518 7.94015888124704 ex
4697 20.4009352272842 11.6126705093775 2.72296278737485 ex
4698 20.3419272701722 18.0877854817081 5.64677175530232 ex
4699 19.6492701622192 17.9512283685617 4.95682403049432 ex
4700 11.3107749917544 17.1840263265185 10.4400167234708 ex
4701 11.6058537487406 14.5122213433497 2.94315760256723 ex
4702 19.3384214169346 20.0320136107039 2.26990137365647 ex
4703 11.6159140602686 19.325325797312 0.567863122792915 ex
4704 21.6512422829401 20.254541704664 10.5094384565018 ex
4705 17.699695375748 17.1678670411929 2.36697729863226 ex
4706 16.1295771810692 17.2500846879557 7.21089563798159 ex
4707 20.4818702782504 11.3001540848054 7.29225368471816 ex
4708 13.2452382664196 15.3933657053858 9.74074092297815 ex
4709 15.785846597515 14.3745790279936 5.33909026253968 ex
4710 17.1612449930981 13.4895706623793 0.30917484825477 ex
4711 17.7122945846058 12.5661480939016 10.8384458126966 ex
4712 20.3074111868627 15.8279339151923 9.76955397101119 ex
4713 17.9038601096254 19.6368217018899 0.554742587497458 ex
4714 19.2937110096682 12.9767983108759 9.47484111553058 ex
4715 11.3439204893075 11.3716292367317 8.14669464924373 ex
4716 20.7761506326497 20.8829820710234 0.686094735981897 ex
4717 11.3024618765339 19.3284704098478 7.66516669653356 ex
4718 17.8996340585873 21.1436631870456 4.88408064725809 ex
4719 19.9205822639633 16.4691578461789 5.12811392708682 ex
4720 14.9844367513433 15.7540303724818 7.91345087811351 ex
4721 17.8526925554033 21.2734647125471 10.1000780449249 ex
4722 18.1200541369617 21.826748163905 0.0298541304655373 ex
4723 13.8016503946856 16.2197081560735 3.06627010065131 ex
4724 19.9783142628148 15.7368867951445 10.689321283251 ex
4725 20.3646964384243 15.6123530650511 5.73369349376298 ex
4726 19.6281902049668 16.4912196795922 0.316882864572108 ex
4727 16.3170058627147 11.3510744711384 1.22956880205311 ex
4728 16.4282523442525 17.858185514342 0.393148313742131 ex
4729 14.2526546283625 14.3359185967129 7.58099107351154 ex
4730 18.5760291568004 15.3461958914995 3.35581634892151 ex
4731 11.4001862406731 18.7699789009057 1.77801783010364 ex
4732 21.6380291206297 19.0199392167851 2.77615695632994 ex
4733 14.3762912547681 19.4059160454199 6.38669974426739 ex
4734 17.2998967005406 14.8013875565957 10.2962666025851 ex
4735 13.7611875331495 20.7493619569577 2.13189534447156 ex
4736 11.3172183849383 14.3528594172094 1.93162229051813 ex
4737 11.6957037057728 11.4543101282325 7.26774063752964 ex
4738 14.3148735486902 15.1772483217064 8.51434902264737 ex
4739 21.4901186027564 14.4521330464631 0.837485579308122 ex
4740 13.3225182327442 13.7733638852369 4.19272000179626 ex
4741 21.4204995480832 11.1142881605774 2.2482197789941 ex
4742 11.6850387570448 17.7836901319679 8.30185453896411 ex
4743 12.2774067251012 20.0657737792935 9.28573406371288 ex
4744 11.3398311482742 15.5861119951587 9.1424722597003 ex
4745 14.8925190968439 20.5674911243841 5.65787009964697 ex
4746 11.0493913115934 17.9364011473954 1.88001251593232 ex
4747 21.9644921694417 16.1255842070095 7.41635012067854 ex
4748 21.8285399912857 17.7366074621677 3.6146706386935 ex
4749 17.5601954290178 11.0399861847982 6.88537732791156 ex
4750 15.516503748484 18.8022328331135 3.4502065863926 ex
4751 18.1372594134882 15.2873974931426 10.4471189053729 ex
4752 21.8960962956771 18.3022339963354 2.81700980314054 ex
4753 20.9514760917518 21.0445530905854 9.01807165099308 ex
4754 15.3333793655038 20.9514112279285 8.85843866155483 ex
4755 16.755753639387 13.5480288169347 0.301645242376253 ex
4756 17.8239770617802 20.3661025871988 3.56416986044496 ex
4757 21.2523841608781 19.7058029556647 8.34244952001609 ex
4758 19.2924798903987 19.3933019454125 6.45144232502207 ex
4759 13.5103252560366 18.0631622043438 0.377986776409671 ex
4760 15.5736812937539 19.3792491664644 5.44927764916793 ex
4761 11.5313646174036 16.3777297029737 9.89135003509 ex
4762 15.4574664765969 11.7815817098599 9.29704407136887 ex
4763 18.4995547675062 12.702485403046 0.53028236865066 ex
4764 18.4585374779999 19.2730327791069 2.97226183558814 ex
4765 18.9687930757646 20.5206573866308 10.3381604198366 ex
4766 16.8342010921333 11.1836169401649 8.52686664531939 ex
4767 14.0798697918653 19.8047683907207 2.88689102767967 ex
4768 21.5718275778927 21.8811911344528 4.36825693072751 ex
4769 14.3978771101683 20.3274802039377 4.57370406691916 ex
4770 12.76339806756 13.8453774054069 8.49383795890026 ex
4771 17.8639147549402 18.3839729521424 3.96725795604289 ex
4772 17.2986186936032 12.5868184641004 7.01218340802006 ex
4773 21.6177534181625 11.8255801065825 8.87371222488582 ex
4774 11.4642970256973 17.6101477362681 0.402634392492473 ex
4775 21.2206713631749 20.8352894114796 4.99629935598932 ex
4776 14.7477799910121 14.565216379473 5.01562395156361 ex
4777 17.4055842126254 21.5702717059758 7.69699514866807 ex
4778 14.0252445589285 20.0261806761846 7.68728323979303 ex
4779 21.6111716418527 13.7528337812982 10.041307851905 ex
4780 13.1376138720661 12.7607060414739 1.81599569111131 ex
4781 21.0587245249189 12.767240338726 10.3529350070748 ex
4782 15.7450270387344 14.2441998708528 0.654049852164462 ex
4783 16.5385999367572 15.0430633458309 1.78081198898144 ex
4784 19.7206555649173 21.9885818038601 1.56868489598855 ex
4785 13.5089866917115 14.8087172729429 10.6608143388294 ex
4786 15.9920113633852 13.3455826544669 10.634218235733 ex
4787 13.3404498901218 20.2408444965258 4.70943102822639 ex
4788 16.9633089571726 14.6329800642561 4.84552837628871 ex
4789 19.6141397601459 18.5914524442051 10.8082592340652 ex
4790 15.5592400871683 20.9556258595549 1.29038277175277 ex
4791 11.3268221234903 17.5596398329362 4.04390751081519 ex
4792 21.7290574535728 19.2533523456659 1.02379389293492 ex
4793 12.4336926923133 18.4854086013511 0.186419560806826 ex
4794 18.0559459007345 15.1618977531325 2.68422652687877 ex
4795 12.2369927235413 19.2063341233879 2.09236287581734 ex
4796 20.752736796625 19.8172946716659 4.052303861361 ex
4797 21.3740817140788 16.1151431121398 4.1407083561644 ex
4798 16.4545502087567 13.5421744771302 8.91099977702834 ex
4799 14.5625394431408 17.1266194353811 0.144310901872814 ex
4800 11.6582080926746 13.2210912348237 6.71311036101542 ex
4801 17.0386928042863 17.2144898073748 3.01553655671887 ex
4802 14.0378486821428 20.821994847618 3.25236047944054 ex
4803 12.6455306746066 15.0535616197158 7.94419505167753 ex
4804 16.4125895502511 18.1641686894 4.5586657372769 ex
4805 19.4615994100459 13.9877016460523 10.3230212172493 ex
4806 18.8268273740541 17.4051723638549 7.15523362439126 ex
4807 21.6711752465926 19.9355666474439 6.68181068543345 ex
4808 19.5964512603823 20.550159775652 0.90834363992326 ex
4809 20.486612592591 15.3563815541565 8.74760036100633 ex
4810 19.0057766200043 13.736739146756 4.15426718909293 ex
4811 19.4155405659694 21.7510652409401 0.811286726268008 ex
4812 13.3130402253009 17.7638350848574 8.00010589929298 ex
4813 17.6366940787993 20.9582776599564 10.6420168522745 ex
4814 18.1899719925132 16.5847659711726 8.55158956535161 ex
4815 14.9920882906299 18.6708984028082 9.38809784129262 ex
4816 19.6401270148344 14.4722659091931 3.7370560541749 ex
4817 15.8172286162153 18.8594724708237 9.72226484073326 ex
4818 14.3719357640948 13.4304123141337 10.5270329238847 ex
4819 21.027727417415 18.3417934423778 3.22335500363261 ex
4820 15.5654516506474 18.855604559416 4.52248660707846 ex
4821 13.5340381111018 18.3349063179921 6.22502166917548 ex
4822 21.5248358484823 12.186173471855 3.50589262600988 ex
4823 14.9889159474988 11.8598454727326 7.3719876955729 ex
4824 11.6633641687222 18.720252877567 9.00912978267297 ex
4825 17.3130916319788 19.01446013432 6.70321663306095 ex
4826 13.966124460334 19.8925089989789 1.46036284440197 ex
4827 21.2466870814096 20.4735764407087 8.43350124335848 ex
4828 12.8517049637157 19.5211064855102 1.19506613607518 ex
4829 16.6808616847266 14.2857497024816 6.58202252537012 ex
4830 21.0215739978012 13.2172138160095 0.165000252658501 ex
4831 17.0227741536219 19.4762174370699 3.08352501899935 ex
4832 21.1493740512524 17.3077126855496 2.24761235201731 ex
4833 12.9978353681508 14.9207625091076 6.01805190625601 ex
4834 15.612183998106 21.235876776278 7.10756037430838 ex
4835 20.9337660938036 15.5646925754845 1.93164301593788 ex
4836 11.1451985256281 20.6521252696402 10.1309627708979 ex
4837 14.1677246398758 20.6236173803918 10.3581458025146 ex
4838 20.2130017150193 20.4334138107952 2.86539367469959 ex
4839 19.6889438831713 15.1056318681221 3.17849733866751 ex
4840 21.4098713884596 19.771894240519 9.09765160223469 ex
4841 16.6189785888419 14.3779070794117 7.721483128611 ex
4842 15.9440447997767 17.2913995753042 4.68086117436178 ex
4843 21.2403654067311 11.9593858646695 10.922306783963 ex
4844 16.7319113307167 12.5057028271258 4.18651091726497 ex
4845 20.6792559693567 16.8727956493385 1.05634469469078 ex
4846 21.897117260145 17.1022116709501 6.30233811121434 ex
4847 19.4013705411926 20.4716383046471 8.53328371606767 ex
4848 13.6575709811877 20.2040469862986 10.6079081045464 ex
4849 11.0517568555661 12.0130790297408 5.95457875891589 ex
4850 17.8685307216365 15.1840358441696 10.265921774786 ex
4851 20.2152382580098 19.6836826168001 6.7390532172285 ex
4852 14.7332057887688 13.7590118458029 3.36375545873307 ex
4853 16.5847871077713 19.4479013259988 2.44237998500466 ex
4854 21.8297654751223 17.047059610486 4.61539091472514 ex
4855 16.4339436807204 13.4773318963125 1.87019104766659 ex
4856 18.7089065371547 15.7904699966311 8.64693464525044 ex
4857 11.1986163172405 17.5341506549157 7.00046865153126 ex
4858 12.2623240153771 12.7273185991216 4.72527096001431 ex
4859 13.0121289899107 11.8300727929454 1.01128232805058 ex
4860 21.9344312481117 13.5536105802748 2.02139325183816 ex
4861 21.5961352162994 19.503793993732 5.00591082288884 ex
4862 13.045389773557 12.1862357396167 9.66253493353724 ex
4863 16.635382338427 16.6854973435402 4.33601557742804 ex
4864 15.9398820663337 15.6190155157819 4.84872829425149 ex
4865 12.928276355844 11.3746284560766 10.378692221595 ex
4866 20.1312918928452 14.5037948605604 3.8516293540597 ex
4867 15.8814487075433 13.7929208783899 7.49419361213222 ex
4868 21.1323634642176 11.0717996146996 7.30207109078765 ex
4869 17.2364904587157 18.5917158729862 0.41329652373679 ex
4870 18.3504618383013 15.7223708787933 4.67378056258895 ex
4871 12.5591405476443 16.7645647828467 10.6159623702988 ex
4872 16.8388949364889 19.8654770667199 1.2857247532811 ex
4873 14.8868948731106 16.549627702916 4.93959526368417 ex
4874 13.4151221977081 17.6470801003743 7.73770900932141 ex
4875 17.0195888478775 11.7488503144123 4.11414393712766 ex
4876 12.0759975495748 16.4979146819096 9.15913601638749 ex
4877 20.6148235134315 21.1962038108613 6.3817673441954 ex
4878 12.8199637033977 18.9731987924315 3.58182813273743 ex
4879 16.3551635872573 19.0354259344749 3.38276095897891 ex
4880 15.0154911684804 21.1688154255971 5.46225321944803 ex
4881 20.1020071073435 11.2702884522732 5.29076561098918 ex
4882 14.5567318480462 17.8504360795487 5.74971032771282 ex
4883 15.187649613712 16.257044935599 5.70434020855464 ex
4884 13.4678373150527 19.2578270095401 3.06116858753376 ex
4885 17.7755100619979 18.6997857736424 6.07870822353289 ex
4886 20.4043075423688 19.8021742547862 7.52259939024225 ex
4887 13.8558472576551 14.0893495723139 5.55000576609746 ex
4888 16.5683684810065 12.448495126795 9.10223713191226 ex
4889 16.5799029846676 17.5021743790712 9.62051037256606 ex
4890 18.552409988828 11.6221475042403 4.92767775664106 ex
4891 15.931340506766 12.2520595069509 5.37566842045635 ex
4892 14.898021358531 11.9091804327909 8.00692144385539 ex
4893 17.2395423399284 15.7612257367 1.92142198607326 ex
4894 11.1898884603288 11.98358999216 10.4612095691264 ex
4895 16.9515791824088 21.5705456133001 5.85698969336227 ex
4896 11.6676127633546 11.9524606633931 2.98386665480211 ex
4897 11.5503861752804 20.6028136748355 9.04230699385516 ex
4898 18.0109818167984 14.8609019971918 0.908482027705759 ex
4899 21.3392780341674 11.2135306051932 3.61831244942732 ex
4900 20.9432049018797 12.1772311581299 4.60265898425132 ex
4901 20.8499261362012 17.0633671474643 9.88707904773764 ex
4902 13.4620879478753 11.9874345406424 3.72182760038413 ex
4903 13.382454036735 21.1925396888983 3.40607302356511 ex
4904 17.2437632221263 21.7299358665477 1.98692726134323 ex
4905 20.5350061750505 13.6867322425824 2.38470035884529 ex
4906 17.6147782267071 17.6302956012078 7.4374239447061 ex
4907 20.6106567976531 13.1399683386553 1.27896265871823 ex
4908 19.8729290538467 15.3385523583274 8.45713844429702 ex
4909 15.3631240692921 18.595621231012 7.94980281661265 ex
4910 16.0650647853035 16.2011285531335 7.14811871270649 ex
4911 16.4215609875973 20.6286859530956 9.57701300433837 ex
4912 15.6193060660735 17.9637921438552 8.40081161260605 ex
4913 13.9279113346711 20.9330033161677 1.02394502609968 ex
4914 15.673554173205 11.1211387254298 8.62043410725892 ex
4915 11.3403792546596 17.1510617688764 9.35852652182803 ex
4916 21.4975911367219 15.1345267244615 9.94807110144757 ex
4917 16.6824561145622 18.8661040109582 6.91611410235055 ex
4918 18.3134177767206 20.8171832330991 5.40698776952922 ex
4919 18.2678713409696 16.9506554841064 3.44646136974916 ex
4920 19.9462139264215 17.167820174247 5.67059812042862 ex
4921 20.0416011451744 14.7820728926454 1.71169121819548 ex
4922 15.5753294210881 20.0392577415332 6.96821983903646 ex
4923 15.0932750087231 17.1094612407032 7.7800139435567 ex
4924 11.2527004648 19.8315594915766 3.84511904977262 ex
4925 19.8612935815472 21.8127901817206 4.25675129937008 ex
4926 12.2526712717954 18.5270335541572 1.84235839964822 ex
4927 17.2149555666838 21.3646841025911 2.82897815434262 ex
4928 21.1318913311698 21.7850663040299 3.3290859691333 ex
4929 16.4043294058647 20.3885121969506 7.47633556695655 ex
4930 19.7935826906469 15.5003063397016 0.462302806321532 ex
4931 18.5813060372602 14.2237868725788 4.37262298236601 ex
4932 21.1534279894549 11.6998156681657 0.215585573576391 ex
4933 19.9998695391696 20.7940088126343 1.18236949923448 ex
4934 12.1664998072665 15.1093563945033 1.53976501058787 ex
4935 20.8597627861891 12.3092089809943 6.16310659796 ex
4936 19.7469787320588 20.9726285557263 4.03872638219036 ex
4937 20.1153336265124 18.1076212311164 2.47982062352821 ex
4938 21.0212486053351 18.267137168441 10.0861227426212 ex
4939 15.8061807020567 13.5874468090478 8.79264851659536 ex
4940 19.9068755484186 12.6602152029518 5.74055088986643 ex
4941 19.3786563086323 15.3460414216388 6.0049968957901 ex
4942 19.4653132387903 18.6355788304936 1.46691041323356 ex
4943 13.661698637763 20.7372691542841 9.11672369739972 ex
4944 17.2128299316391 12.4389721322805 4.60097078816034 ex
4945 14.042702985229 17.8107758769765 9.01320544374175 ex
4946 15.5346173264552 13.7019627606496 0.897259317338467 ex
4947 15.9730724208057 17.4628240594175 0.171318716835231 ex
4948 14.3742833510041 19.3343625159469 9.92840935871936 ex
4949 18.5162738361396 18.8730865824036 7.95082102669403 ex
4950 17.2515709216241 15.4096077480353 4.74229933205061 ex
4951 17.7796342861839 11.3486900038552 2.72373347682878 ex
4952 21.1521113547496 18.4452598087955 0.918900485150516 ex
4953 13.451436007861 12.7607028237544 0.77434945688583 ex
4954 15.6657288128044 11.7079613544047 7.48357378458604 ex
4955 11.8605972519144 15.8438862327021 6.27140717138536 ex
4956 13.880016496405 21.7108036500867 2.8223916341085 ex
4957 11.532621207647 20.3082179795019 2.77860416308977 ex
4958 11.5397101219278 13.0971673214808 7.49239227664657 ex
4959 17.942724189721 20.0969037872273 5.66936735715717 ex
4960 14.6883913013153 18.6120173051022 7.94715138571337 ex
4961 19.5427413985599 13.8770264582708 8.67523661931045 ex
4962 12.1112961061299 13.2248592134565 4.93726197560318 ex
4963 20.1718545816839 18.9156853829045 8.61265284544788 ex
4964 12.823049913859 17.6421202351339 7.05586006981321 ex
4965 19.8576329073403 17.337882462889 6.50119811506011 ex
4966 19.1147673793603 17.087693441892 7.34834807179868 ex
4967 16.3189833883662 13.7932395651005 3.07879944588058 ex
4968 15.1664326270111 12.5512039670721 1.15851481957361 ex
4969 21.5412304995116 15.7119733141735 2.63585203723051 ex
4970 11.0087113906629 19.3650346561335 5.94507636222988 ex
4971 18.3838987038471 17.2537074100692 1.40996638196521 ex
4972 13.1937105564866 18.7061823073309 1.26535839866847 ex
4973 14.3184692484792 14.0762793498579 10.5015775240026 ex
4974 11.4159732544795 16.7775263944641 0.104788867756724 ex
4975 18.8467455063947 21.3962590249721 7.23282535676844 ex
4976 20.6571509274654 20.1643582975958 8.26431435137056 ex
4977 17.7445098345634 21.564893511124 9.34514551470056 ex
4978 20.6603497576434 17.9172344096005 0.862667927052826 ex
4979 13.8540028524585 14.8276443011127 6.96715051680803 ex
4980 17.7640786592383 12.0614185123704 1.57194525166415 ex
4981 18.5349534836132 18.3236066286918 2.63470835797489 ex
4982 16.7319628812838 15.1223945373204 5.66430009668693 ex
4983 20.8912884127349 13.0014392179437 9.66516504343599 ex
4984 20.5115484984126 15.5727572457399 0.3303417339921 ex
4985 20.4010676324833 13.0561631177552 7.74175835144706 ex
4986 21.783579375362 15.6732769678347 5.27587705827318 ex
4987 13.6373092439026 21.4333552506287 1.42185805970803 ex
4988 19.0518700224347 18.9163868667092 8.66211535292678 ex
4989 12.4960289369337 11.9077870002948 9.25852877344005 ex
4990 13.8384553836659 21.4414332534652 6.6512700393796 ex
4991 14.8193597234786 12.8928062452469 7.37669761432335 ex
4992 17.4738757603336 17.4987475837115 8.692268763436 ex
4993 19.2363931895234 11.6665158537216 2.13364674081095 ex
4994 19.4655277873389 11.0388736948371 6.04335236409679 ex
4995 13.1316414740868 19.9214309013914 4.65545610967092 ex
4996 21.3257353652734 14.1257908041589 9.8864238220267 ex
4997 14.3318997882307 21.7600148092024 5.00419500959106 ex
4998 11.5868797576986 20.6441928632557 4.78861618856899 ex
4999 18.94794528489 12.394917742582 4.53691377397627 ex
5000 14.2898034660611 21.6659973408096 3.03767780005001 ex

