# 6000 of 12000
# Minimum x: 0
# Minimum y: 0
# Minimum z: 0
# Maximum x: 24
# Maximum y: 24
# Maximum z: 24
# <local id> <pos x> <pos y> <pos z> <type>
# Number of local subdomains: 4
# Local subdomain 0 boundaries (-0, -0, -0) - (12, 12, 12)
# Local subdomain 1 boundaries (12, -0, -0) - (24, 12, 12)
# Local subdomain 2 boundaries (-0, 12, -0) - (12, 24, 12)
# Local subdomain 3 boundaries (12, 12, -0) - (24, 24, 12)
1 1.51827749307267 10.0013970907312 11.5701060674619 ex
2 0.143384072231129 1.16063041379675 11.4161259939428 ex
3 9.41942418855615 2.03533770702779 11.0424228359479 ex
4 3.38473305711523 7.75481540616602 1.09778575086966 ex
5 8.35822033602744 1.93959243083373 5.97443636064418 ex
6 8.39823677088134 2.49788486096077 8.38204674725421 ex
7 0.834138035774231 6.1266843797639 1.99330303515308 ex
8 9.38252574438229 10.0934747157153 9.24067835044116 ex
9 4.65854987804778 1.88732923520729 4.97729347716086 ex
10 8.0780148722697 9.7282147933729 10.8684484690893 ex
11 5.97831130144186 11.9373265956528 11.9723840204533 ex
12 9.88839267357253 9.43030241411179 11.102147830883 ex
13 6.58800531807356 6.76500342274085 5.63639319315553 ex
14 10.1444842615165 2.18728697998449 3.851369648939 ex
15 10.0738406777382 1.79551640315913 3.56640161783434 ex
16 1.62281855824403 1.5268054138869 1.47562827495858 ex
17 11.9483426224906 6.97619381430559 3.02396436757408 ex
18 6.8127824079711 3.62264215084724 0.273904317291453 ex
19 3.09177889628336 0.170584687031806 8.17078298772685 ex
20 11.4042662752327 1.98557361471467 2.9135421696119 ex
21 3.85290651931427 10.6965492605232 4.74835305428132 ex
22 10.9983734302223 1.01204004138708 8.27473267260939 ex
23 7.81275495188311 7.71762502519414 4.63664011866786 ex
24 2.33432086464018 10.0482804749627 9.31908169900998 ex
25 3.0403139363043 3.82445018552244 6.42624487564899 ex
26 2.94412372168154 9.72259449888952 7.86435797414742 ex
27 8.59920944739133 9.93042269325815 4.79546054429375 ex
28 4.49406498786993 11.3046967324335 3.87360706645995 ex
29 6.2685720755253 10.0030828975141 6.74042329681106 ex
30 3.64868592214771 11.0549086811952 7.84883246291429 ex
31 5.22516084858216 8.39748818171211 5.06724551762454 ex
32 3.50566953117959 4.27745082648471 3.640092556132 ex
33 7.48683660756797 0.49748621461913 3.84778043441474 ex
34 8.23510946123861 11.7655724410433 0.59206316829659 ex
35 9.19898476125672 0.284069661283866 4.91470255353488 ex
36 3.05110065592453 8.91924615646712 0.295254055643454 ex
37 7.94965288368985 0.686953769531101 9.41190110775642 ex
38 6.99410404404625 4.70461575873196 1.49525805609301 ex
39 10.9050592849962 2.93788496009074 6.58622252941132 ex
40 0.314040859462693 2.24829119094647 1.71502307825722 ex
41 3.94872857490554 8.6953304738272 2.91960905608721 ex
42 11.8391544155311 10.1749026621692 4.08359240647405 ex
43 3.55253191036172 10.8201003009453 10.4691306753084 ex
44 1.8993959678337 2.0849929114338 11.4683513711207 ex
45 0.0580064195673913 4.97981842095032 11.0110387003515 ex
46 11.7005635723472 0.867953773587942 10.1630388556514 ex
47 6.67876303568482 7.04787612729706 8.65357185807079 ex
48 6.32827259227633 9.43849786533974 4.92195891425945 ex
49 2.72541848826222 0.827008597319946 1.03640620596707 ex
50 7.73649350856431 2.66365919169039 8.33286048402078 ex
51 4.62879391619936 8.89133193949237 1.79541373695247 ex
52 3.76353172562085 11.3564998216461 9.90760910906829 ex
53 8.69944501155987 2.85277021070942 0.253704770468175 ex
54 10.3077560376842 3.11716825864278 3.37166411988437 ex
55 3.49870695918798 3.44065386638977 10.9411072982475 ex
56 11.3365668309852 11.4661929507274 6.33911473699845 ex
57 5.51109272777103 6.55839893291704 5.31858274014667 ex
58 11.5694139776751 9.22171276877634 0.65371225704439 ex
59 1.23316638334654 8.03271470125765 8.67875167098828 ex
60 11.6838500166778 9.38239543605596 5.80354269780219 ex
61 10.0883100961801 2.4549534667749 0.687300968449563 ex
62 10.5878225504421 9.53176838392392 2.79149834183045 ex
63 10.7112769081723 4.06961985677481 9.2605045880191 ex
64 2.30244561191648 4.3799521275796 8.357914326014 ex
65 11.6041562277824 4.02262064884417 2.6841029881034 ex
66 9.36837497120723 2.39336623670533 3.59411409823224 ex
67 8.25410027476028 9.51712079811841 11.5594482724555 ex
68 10.0585869005881 1.24509069579653 9.41877216775902 ex
69 6.84607392712496 6.42415398336016 11.3912969117519 ex
70 3.22764756227843 2.89805952296592 1.97919927211478 ex
71 6.17226786725223 8.61929458240047 1.7943386733532 ex
72 4.62529115215875 1.45283746346831 11.8303899189923 ex
73 6.48668200452812 10.3777612245176 9.08888288377784 ex
74 3.37736995890737 9.20410907384939 1.5716379256919 ex
75 1.83883883687668 9.93225885299034 4.78237560251728 ex
76 5.64687691070139 7.749149907846 11.6111375535838 ex
77 5.73037588270381 10.4167530189734 2.8901526464615 ex
78 0.643020726274699 0.327393673593178 4.48271448747255 ex
79 7.32106270920485 0.169322962407023 10.1494973194785 ex
80 4.01133009791374 6.30788584169932 3.44097453798167 ex
81 9.46541617531329 5.30703989416361 8.22023223922588 ex
82 2.26396664022468 7.89290862274356 0.938162731006742 ex
83 5.32135413354263 10.6072535233106 3.21040492248721 ex
84 5.37145623844117 6.05200835457072 4.60530030354857 ex
85 7.66524251410738 7.81407597544603 0.114337340695783 ex
86 10.7173197069205 1.99744429718703 0.353231658926234 ex
87 0.202331594191492 5.45189817319624 6.16097941296175 ex
88 2.19853938324377 10.2170235726517 10.7915952878539 ex
89 5.59217660105787 0.275751985842362 1.15113018127158 ex
90 5.57511286251247 11.6791469897144 7.08312690001912 ex
91 3.79018859891221 1.37684669159353 2.5337435726542 ex
92 11.2357601602562 0.228699786355719 2.17176499892958 ex
93 11.4121258575469 7.44760949467309 8.97234069276601 ex
94 4.9295261206571 5.5601707296446 6.3116785956081 ex
95 1.37464412185363 5.75939377234317 9.05504742613994 ex
96 7.75140118086711 4.60522056906484 8.21290928754024 ex
97 0.965451485244557 3.21368785062805 4.46989580639638 ex
98 4.27498805942014 10.5690873579588 0.417574406601489 ex
99 9.55049664201215 9.24283516430296 8.30319385440089 ex
100 0.00556770106777549 10.3619763434399 4.85473815933801 ex
101 2.89089738833718 6.37156446790323 1.32251003896818 ex
102 10.1607191425283 10.2452939304058 3.19032719591632 ex
103 7.92637448222376 5.02761821192689 3.81969945109449 ex
104 9.76999787427485 4.31674118642695 8.04732507537119 ex
105 11.2501791070681 5.23960686079226 11.9443665021099 ex
106 6.63437068881467 3.89935089321807 7.96919893519953 ex
107 2.56792473909445 3.24916552682407 5.9673063182272 ex
108 10.5030276863836 0.484852528665215 8.86198082589544 ex
109 3.9482997211162 2.51176131330431 5.67436746321619 ex
110 1.56030097487383 10.1227082209662 3.68808752787299 ex
111 2.38419629749842 1.13281681202352 2.08975976146758 ex
112 3.24958460754715 0.495933859376237 6.26108297123574 ex
113 7.89473919244483 0.241272035753354 11.1330768347252 ex
114 11.4783208372537 11.798752885079 0.96695907600224 ex
115 10.4162009893917 2.0105620988179 7.6045670863241 ex
116 6.86630595382303 9.57100851228461 7.57622301392257 ex
117 11.3552056367043 11.5132825421169 1.18410575739108 ex
118 4.18269656272605 7.83632599422708 6.6296497695148 ex
119 7.5130344578065 10.734513314208 6.78726744116284 ex
120 10.4335548770614 11.9124475501012 10.0183738805354 ex
121 4.23632588214241 2.09109695279039 6.45680155139416 ex
122 0.620338700013235 9.38043423416093 1.38290585530922 ex
123 5.45488379872404 10.2794086169451 11.6405580150895 ex
124 7.41165625536814 8.95871872687712 2.96109970309772 ex
125 8.89276130660437 8.76629064488225 0.331102422904223 ex
126 6.10393197415397 0.276301538804546 9.6327167225536 ex
127 5.74303787201643 1.16631952230819 11.4737759949639 ex
128 6.86603666120209 10.2552101584151 0.643950575729832 ex
129 0.996766082243994 7.98680345527828 9.66556117217988 ex
130 7.08594415616244 8.27067854395136 1.52532547083683 ex
131 7.32474277843721 2.94178655301221 3.91374270012602 ex
132 5.28017415502109 0.0957299415022135 8.65153253823519 ex
133 2.43016662658192 3.06431168247946 7.51005522953346 ex
134 8.2458964237012 5.29565320187248 6.56856264430098 ex
135 9.70506368367933 2.69700468075462 2.09192218515091 ex
136 2.49186910619028 6.79414778924547 0.143322458490729 ex
137 5.30273633822799 4.24028874957003 8.04295712360181 ex
138 9.86610400909558 10.6231863708235 6.02850918867625 ex
139 1.14367712428793 3.0646191642154 1.81680551124737 ex
140 2.32206813339144 5.49746851460077 4.03153877821751 ex
141 5.04179592640139 1.08214687439613 1.09932984178886 ex
142 3.36187858926132 5.11064623505808 6.38096028473228 ex
143 5.81392841017805 2.21131820906885 3.51197831891477 ex
144 3.09974549571052 1.54183809459209 9.59436596464366 ex
145 11.7126022039447 4.5963087505661 0.495945932576433 ex
146 6.3298103895504 2.28812349052168 3.54932517558336 ex
147 0.0164746190421283 0.348658870905638 2.59461746294983 ex
148 6.31598479533568 5.25222830055282 8.91874468117021 ex
149 0.894415520364419 3.11381969391368 10.0545558156446 ex
150 1.86592472321354 7.33706605434418 1.87839386356063 ex
151 2.66493096621707 5.49723965371959 6.39703578036278 ex
152 5.72563516278751 10.06678023329 5.23163543501869 ex
153 1.23363815876655 4.13800945691764 8.64830844500102 ex
154 4.12894962518476 0.213926140917465 5.88638083031401 ex
155 0.630921890027821 4.56811122898944 1.6454862493556 ex
156 9.63657838082872 11.1218230000231 2.56381164886989 ex
157 4.45323153748177 2.2082002623938 5.90499270521104 ex
158 5.27944720629603 9.13098665582947 8.62412545923144 ex
159 0.814383354270831 10.5117927794345 2.23481942410581 ex
160 1.80438733100891 8.45329533773474 0.663892954122275 ex
161 9.31226432137191 3.97837953036651 0.0360773904249072 ex
162 0.545865236548707 7.94344523129985 7.01682576187886 ex
163 4.34670004295185 6.30669497628696 5.88931085518561 ex
164 1.72618081676774 3.4401330917608 7.46189629542641 ex
165 3.94334002095275 2.7325129006058 6.10076824715361 ex
166 11.4968653970864 0.585045884130523 5.23945126752369 ex
167 9.50866211764514 0.162949460791424 0.253015974769369 ex
168 10.7404660934117 3.94779289676808 6.7049507512711 ex
169 8.77701771259308 8.1911021862179 8.98717770981602 ex
170 7.77807057113387 2.18016219395213 5.84167088172399 ex
171 4.98987454525195 9.80797419906594 3.45360484486446 ex
172 11.6696650520898 5.71704662474804 6.37396816746332 ex
173 1.88923854497261 5.20697962515987 1.18191486946307 ex
174 0.555519627407193 2.74375865492038 10.5547070940956 ex
175 2.19138798094355 4.22545133624226 0.0649691431317478 ex
176 3.01537291961722 0.15403741854243 1.77884616074152 ex
177 2.57181159849279 6.02324388339184 6.3951728339307 ex
178 1.75731883803383 2.09234750946052 8.11670610308647 ex
179 5.68544967286289 9.03200000198558 0.381186621263623 ex
180 2.48779014288448 2.83215320971794 5.24093868467025 ex
181 1.3390882180538 0.440242911223322 4.38002342591062 ex
182 6.03580123302527 3.58308915328234 11.8786464307923 ex
183 9.06345677073114 11.0824224038515 7.49022704665549 ex
184 5.76710201613605 3.97855593194254 4.42924172547646 ex
185 5.24175705108792 5.19025977957062 11.1106216066983 ex
186 1.99728740379214 1.17917459737509 8.77890980080701 ex
187 4.16654329118319 11.2188480708282 10.9983941861428 ex
188 8.90175728849135 5.0518667770084 0.127609312999994 ex
189 7.69496679981239 10.745606490178 2.36486073257402 ex
190 8.76450727740303 5.55023407819681 10.2411382328719 ex
191 7.23191888304427 8.7771822407376 7.43591933092102 ex
192 2.36349895014428 1.2777036910411 1.13238352211192 ex
193 6.47457657917403 11.7316452476662 11.2440567330923 ex
194 2.73330295435153 0.0779599284287542 11.159408694366 ex
195 2.38671599049121 2.47631722618826 11.9175874094944 ex
196 0.961876515299082 9.82193126622587 10.713179277489 ex
197 6.94829347846098 8.98797212122008 7.44835392385721 ex
198 11.9364037269261 3.62480375403538 4.43998006521724 ex
199 7.5790696721524 2.33582892594859 0.66974889812991 ex
200 9.29251365223899 9.35974583076313 9.38607775978744 ex
201 4.44580836826935 1.56207681912929 1.94282451481558 ex
202 10.3349327179603 4.86216753628105 4.46957315760665 ex
203 0.595195480622351 10.4569722865708 9.23566638445482 ex
204 10.9486636349466 10.7008004109375 4.89496384561062 ex
205 2.78020198573358 3.74781564204022 1.58150675008073 ex
206 5.69419840769842 7.858080356149 6.61828114232048 ex
207 10.4401526763104 7.5411458038725 5.16844315035269 ex
208 9.25664676912129 1.51198044628836 3.74398400611244 ex
209 2.08782749460079 9.07270654616877 3.15886406134814 ex
210 9.70987169910222 9.04699159739539 5.41280242684297 ex
211 9.66844318900257 3.27349103265442 8.9218218610622 ex
212 10.5438968413509 6.18015670939349 0.659203180344775 ex
213 10.3724758164026 0.492171999067068 11.5337048831861 ex
214 9.18116322974674 7.10330933518708 7.43282124912366 ex
215 4.84340437757783 10.9382105141412 9.41424936288968 ex
216 6.16280867299065 9.68255796539597 0.0820284055080265 ex
217 10.4595439156983 3.65368511271663 7.00015896372497 ex
218 1.26320406631567 7.87151891528629 2.1111936531961 ex
219 0.531282942043617 11.4799665755127 1.36354792537168 ex
220 1.28895163908601 5.57661995873787 6.23994987388141 ex
221 4.1153772813268 2.43107974319719 2.39677197323181 ex
222 3.44059754768386 2.5744145072531 4.65189099847339 ex
223 8.38433458260261 6.7157870340161 7.81335255806334 ex
224 8.15123153477907 7.83271360001527 10.8108451459557 ex
225 8.67630869662389 2.06315704621375 4.25603813654743 ex
226 3.37355589750223 6.30543682700954 4.91613796888851 ex
227 6.91585831227712 4.57540041394532 11.0775512275286 ex
228 2.01959366071969 11.4534216802567 2.76940390025266 ex
229 5.86719163227826 4.56414728960954 11.1358498735353 ex
230 0.124962569912896 2.65735587454401 3.15596201946028 ex
231 7.32362677715719 9.20567271998152 2.29546874528751 ex
232 11.9136366106104 5.94627865892835 0.994023126550019 ex
233 2.62153802043758 2.32974402210675 10.5582047419157 ex
234 9.2507315359544 3.69969843421131 9.18550591147505 ex
235 11.5564050315879 10.7995030463208 1.81106658815406 ex
236 3.46948380558752 10.9536734533031 11.6099847108126 ex
237 0.38208246184513 10.1000557539519 8.54583463491872 ex
238 7.777494559763 7.19187410525046 3.99027494876646 ex
239 5.70425987918861 0.544320632936433 4.46710308641195 ex
240 7.62798297055997 3.25355867575854 10.8828950205352 ex
241 3.28415637323633 8.56267683464102 7.80256300303154 ex
242 9.31247121305205 9.3245082560461 4.34422220406123 ex
243 9.61530128819868 6.02771876612678 5.89362756558694 ex
244 5.90148998750374 4.76623491221108 10.7516930263955 ex
245 4.03729116171598 0.0250266990624368 6.40055617806502 ex
246 5.1548834303394 8.90696856775321 8.78123082662933 ex
247 1.13262733165175 0.541220251470804 10.6343698422424 ex
248 3.04417532077059 10.6946385696065 1.5443395441398 ex
249 5.71268521551974 2.22999926563352 11.7645662873983 ex
250 10.3063230118714 0.578146591316909 7.31412436976098 ex
251 9.99600850674324 5.62853453238495 0.916957491775975 ex
252 8.40538508608006 3.2843619948253 9.29907785356045 ex
253 2.78098375326954 10.8138943698723 7.63115323963575 ex
254 11.6921407296322 7.8527097592596 11.6625908296555 ex
255 9.03003427456133 3.30903882486746 10.7545582489111 ex
256 1.69128342974 2.24657319905236 9.60327020566911 ex
257 1.37739530019462 1.00575513043441 10.504448848078 ex
258 2.14741493016481 1.29877448827028 10.7242663549259 ex
259 9.33412126568146 11.743507099105 11.3698780229315 ex
260 8.30406945967115 2.23441683291458 3.60707631963305 ex
261 3.39321232936345 7.44234378752299 2.46048575849272 ex
262 7.94358997419477 4.93664627755061 6.70931227807887 ex
263 3.49040807341225 5.53390126279555 11.737280496629 ex
264 4.47917378810234 0.526859257835895 7.24560038931668 ex
265 4.56972399237566 6.64262912655249 10.5579304967541 ex
266 7.65785721293651 10.2165492456406 7.79480997635983 ex
267 3.98048175382428 11.1865862372797 5.26005927333608 ex
268 10.2714092161041 8.82450259011239 2.17471843259409 ex
269 6.55620232899673 7.55648133833893 5.38333525252528 ex
270 4.85156850377098 8.04835150833242 7.47898093191907 ex
271 0.752468594349921 8.04868440679274 3.0305495057255 ex
272 7.36748729227111 4.31580036040395 4.19717597658746 ex
273 2.0631936150603 6.54608486662619 11.5275928541087 ex
274 3.71024313289672 0.288645627442747 10.9260261063464 ex
275 8.22203339869156 3.56204035435803 4.54723847354762 ex
276 3.92693493072875 2.38808962400071 0.146213488886133 ex
277 2.16145972814411 5.76923103956506 11.263391188113 ex
278 1.25764252897352 10.2727082797792 2.76268734852783 ex
279 8.34456475730985 6.01981865731068 5.76139574777335 ex
280 2.53644569916651 2.89383941423148 8.04262043442577 ex
281 7.90286024473608 8.43475075182505 4.25286749447696 ex
282 9.17795218341053 1.42701731482521 0.112676808610559 ex
283 5.7304734676145 2.4631990196649 9.19021097710356 ex
284 7.41581645794213 5.61944664781913 5.35415124939755 ex
285 9.95374278188683 1.25751245487481 8.02461668755859 ex
286 7.36458416120149 9.89760618191212 6.57503883494064 ex
287 9.06282552774064 4.37517915270291 5.48028191295452 ex
288 8.75183317949995 0.831390156410635 7.6718652502168 ex
289 8.05443476093933 6.4441239235457 4.16939329844899 ex
290 8.92851491481997 2.37767128041014 7.35757780820131 ex
291 2.66979120695032 9.59208501782268 10.133084804751 ex
292 0.62991553847678 10.4517336764839 10.319218466524 ex
293 7.54587208433077 0.802662902511656 1.21871523326263 ex
294 5.19723518798128 10.1867541039828 9.97706310334615 ex
295 0.300894052255899 1.83155141607858 5.80262845125981 ex
296 9.6964383109007 0.223600152181461 10.5701711270958 ex
297 2.61383503000252 7.06253312411718 6.50852456339635 ex
298 1.51917443377897 9.01692799502052 6.52136347605847 ex
299 3.85269667580724 1.88636892754585 11.2467872714624 ex
300 11.5819430558477 2.69775621127337 11.030517868232 ex
301 0.146118027623743 11.2168379805516 0.34177489252761 ex
302 8.83669290528633 1.31173950061202 8.05669954931363 ex
303 11.8668037806638 0.696194160496816 11.338570535183 ex
304 4.02490740525536 1.75334459426813 7.76302733458579 ex
305 2.57173019112088 3.11583186965436 2.36543438537046 ex
306 10.1428412771784 10.1353283207864 7.64529858506285 ex
307 2.241674345918 2.61168750654906 0.514903852948919 ex
308 6.05336579005234 5.20942105399445 6.43073704792187 ex
309 9.27302030031569 7.39799117273651 11.9910704798531 ex
310 7.89728807448409 8.16889801737852 11.1030525942333 ex
311 9.71891239937395 6.70132182352245 7.66598752583377 ex
312 4.12734169862233 3.4713996744249 9.921022297116 ex
313 8.12793621537276 11.012498148717 10.8838676037267 ex
314 9.84011616441421 1.66682903654873 4.68466971442103 ex
315 4.57026813435368 11.2702413944062 8.84754499723203 ex
316 0.985652479343116 1.15430313418619 1.00893848366104 ex
317 10.8400386809371 2.79343830421567 2.24135645199567 ex
318 4.82999472669326 3.3328432906419 5.92735660425387 ex
319 5.15483633824624 2.28293643519282 0.606464285170659 ex
320 2.29519575228915 4.10500458232127 7.97504520881921 ex
321 11.2726619243622 9.91223759227432 1.18611452053301 ex
322 3.99281848990358 11.4331351967994 11.9400410547387 ex
323 2.00322524434887 5.07314645964652 10.3931982293725 ex
324 2.23952810000628 11.7523486113641 3.77103300509043 ex
325 11.128433404956 1.15776372444816 7.2412773494143 ex
326 10.6488163224421 0.546372813172638 5.7112092950847 ex
327 11.224114311859 6.61763033340685 1.6842839200981 ex
328 7.7399656099733 5.21458612405695 6.30845264717937 ex
329 7.17090779542923 3.49544324399903 2.36923510488123 ex
330 9.18439832376316 4.53298256453127 0.158142082393169 ex
331 7.67488213186152 0.0714626335538924 7.71354232099839 ex
332 0.16225923737511 2.76653212145902 7.16513399523683 ex
333 6.50172430509701 6.29179947683588 3.54032994038425 ex
334 5.2314916246105 9.82686134171672 5.61226918338798 ex
335 8.03955621714704 7.13000364275649 1.52801973209716 ex
336 7.59789611701854 1.58635914302431 6.32999429479241 ex
337 2.52359490422532 11.3334373636171 1.3673686045222 ex
338 2.3025997034274 11.2061954247765 6.08607396436855 ex
339 1.35092741553672 8.81248257192783 4.05308632459491 ex
340 11.6141281002201 9.42546750721522 4.50484736007638 ex
341 11.073208338581 2.92567736003548 1.00171000766568 ex
342 10.1165422038175 8.11581683252007 11.1623434340581 ex
343 7.12377167097293 7.95500604715198 11.4560874288436 ex
344 6.7585902872961 6.46846129302867 1.42982232710347 ex
345 4.95712605514564 5.21323930448852 7.7009366818238 ex
346 2.30493043293245 3.16015335125849 11.6554348142818 ex
347 0.687172841047868 0.833236059639603 11.1470371705946 ex
348 3.08856399124488 8.81052558380179 11.9056015391834 ex
349 10.4180329714436 9.64066146244295 10.6848082204815 ex
350 9.09939640783705 11.0599128969479 9.90423874487169 ex
351 10.3834913843311 0.525669380091131 9.00588430906646 ex
352 11.0262107977178 9.04978691949509 6.48089235601947 ex
353 10.1111247478984 9.96151972422376 3.99806759296916 ex
354 4.39351198449731 6.79026986542158 11.4641240676865 ex
355 6.87911511096172 1.87193667027168 4.03288265131414 ex
356 6.32180270669051 8.71880773128942 10.4768163252156 ex
357 11.084879524773 2.49197562900372 6.34277846477926 ex
358 7.74306679726578 10.6225434895605 1.10752768442035 ex
359 5.48837963026017 5.50953116361052 4.16281066089869 ex
360 5.07117307488807 11.1194177682046 8.58749304292724 ex
361 11.8175842859782 11.242796998471 8.11164213600568 ex
362 9.33178123016842 6.08562840847299 6.60916725173593 ex
363 10.5819814242423 11.4465954748448 11.9155978432391 ex
364 8.82494440907612 8.0969987672288 1.87532415683381 ex
365 0.447490867925808 2.93664407217875 4.6453343059402 ex
366 0.751609285129234 4.18862193520181 10.074680441292 ex
367 9.93294170615263 7.92394858272746 5.38269581599161 ex
368 7.35939507046714 6.60827151709236 5.23213433660567 ex
369 0.0821084023918957 8.66079008253291 2.15853851521388 ex
370 2.33006172487512 4.58374408422969 6.3165845181793 ex
371 0.723120076581836 5.00441060401499 8.81972359796055 ex
372 3.75732485181652 10.5498821211513 9.93215213739313 ex
373 3.34480764134787 5.09494420955889 2.99658608622849 ex
374 4.14166970574297 7.84683857555501 11.4581509090494 ex
375 6.94413162441924 2.70062157814391 2.18395224609412 ex
376 7.32886168709956 3.18960938137025 8.15549995028414 ex
377 1.92801741836593 0.517143636709079 7.19875839469023 ex
378 9.57396127074026 1.70095252105966 9.66149664018303 ex
379 9.41919772746041 5.35225342772901 3.76917133852839 ex
380 1.98605894506909 7.35886444919743 9.59663526504301 ex
381 11.8029233014677 11.7640045613516 4.51246952917427 ex
382 11.2476432046387 4.12784224981442 8.45530182332732 ex
383 8.23017104854807 4.55950913624838 10.018689282937 ex
384 10.6940908520482 11.7532854147721 9.90064148884267 ex
385 3.47615119512193 0.144547268049791 7.84091052506119 ex
386 0.630071977619082 8.76461170078255 7.3611252438277 ex
387 2.34551357850432 2.27245421451516 4.56608591461554 ex
388 6.58598258928396 8.86955718905665 2.0296626619529 ex
389 11.1174044909421 3.1441013647709 3.82364440127276 ex
390 5.65914146532305 4.50770342163742 5.5777724145446 ex
391 4.602551874239 3.23683677660301 1.46609001513571 ex
392 0.190825555939227 4.23873289767653 2.82372652110644 ex
393 0.422818495659158 7.40330223017372 4.97134473989718 ex
394 10.7428663379978 5.13250115257688 10.4931828228291 ex
395 8.63564837910235 10.6225757598877 11.438789464999 ex
396 4.08625035639852 0.718087813584134 1.10718872305006 ex
397 11.9944835554343 8.34348722267896 5.70711486809887 ex
398 0.65122900577262 4.53415429545566 0.805822536814958 ex
399 7.96190654742531 10.9276876610238 3.14172080042772 ex
400 0.0154166794382036 0.952368163038045 3.90752739319578 ex
401 4.24215002125129 3.15943395835347 10.3820220425259 ex
402 2.08758118003607 9.20209324569441 11.5833428031765 ex
403 0.996761623071507 7.42272033635527 5.21957191964611 ex
404 9.59434667509049 4.58021888509393 7.86786253028549 ex
405 2.01656559901312 3.10919894301333 4.31626266567037 ex
406 11.1321246041916 10.7652513142675 5.19560781354085 ex
407 0.15656306501478 3.07197104697116 7.82511826860718 ex
408 6.41827901825309 5.98055356810801 10.8890160236042 ex
409 10.2808825001121 6.3327274559997 7.63373464765027 ex
410 7.79826200008392 5.29009503172711 1.7985628657043 ex
411 1.24253358505666 0.114321478176862 11.7453957186081 ex
412 7.50703173875809 8.91219517122954 9.62945542787202 ex
413 10.5626209736802 7.40753794065677 10.1072578842286 ex
414 10.4207898662426 10.9683280694298 9.38124871440232 ex
415 0.338386571034789 8.09816136676818 10.2689562388696 ex
416 4.1050574129913 9.20836218027398 0.308419653214514 ex
417 11.0142694988754 4.33506062743254 5.69529675995 ex
418 2.04607048653997 1.39950142195448 5.88663107785396 ex
419 7.65604900149629 8.55174667807296 0.141026294324547 ex
420 9.02502524387091 6.64204513118602 1.59073385037482 ex
421 1.17247734894045 3.11650300887413 11.8666711070109 ex
422 10.8866951086093 0.334673210745677 1.84826854406856 ex
423 8.31409140815958 3.16617459431291 5.33340404112823 ex
424 9.59201349969953 8.49819596111774 2.22792953881435 ex
425 1.77407812862657 8.16267008520663 5.70479003316723 ex
426 7.87430500169285 9.93330001435243 7.78933039912954 ex
427 1.39921457949094 6.88576775067486 2.46146503952332 ex
428 4.79176044883206 1.06549187609926 6.12329449644312 ex
429 4.33428451581858 2.43156384630129 10.2825121094938 ex
430 8.70444790739566 4.36454250174575 11.2887479981873 ex
431 4.82232622941956 5.55058740032837 1.21709415293299 ex
432 10.7387001996394 1.1846023669932 11.9740455599967 ex
433 10.1511537909973 1.18040761817247 7.52598838671111 ex
434 5.49648441374302 3.89010450150818 8.35290096956305 ex
435 6.04390974785201 8.23556925053708 8.65320780454203 ex
436 9.30693458160385 5.34042046195827 4.0195288893301 ex
437 4.81288017611951 6.37259116955101 0.307021585525945 ex
438 11.9328432346229 7.36292191501707 9.73781012743711 ex
439 6.59868667740375 9.84485565428622 6.57892518304288 ex
440 6.75850042840466 6.79270270862617 9.25234330142848 ex
441 6.39986509596929 3.51643565972336 10.1124110771343 ex
442 3.62734549096785 7.66678775800392 3.3247807205189 ex
443 4.98457575822249 7.64968379633501 0.266834196634591 ex
444 2.62357508647256 0.067522126249969 5.44141753995791 ex
445 5.62251033866778 2.61324234632775 2.59732713061385 ex
446 1.65367690334097 7.82433417066932 5.74780214810744 ex
447 0.138193946331739 10.7526808853727 3.31906136241741 ex
448 8.87233564071357 3.41543414001353 10.7663961744402 ex
449 2.5226391418837 8.88603742211126 8.95257074106485 ex
450 1.160211780807 11.0419634354766 8.57431004196405 ex
451 9.99198389635421 5.11671022442169 11.806352309417 ex
452 0.941703870426863 9.19377894373611 2.27571411011741 ex
453 8.14231566200033 0.421178717864677 9.22167011839338 ex
454 5.74451344762929 9.06903157499619 10.6427423285786 ex
455 9.02945595257916 4.62515371548943 3.17329089320265 ex
456 9.829161263071 2.54824599134736 6.00001839594916 ex
457 11.2299203977454 1.43970902496949 8.63459532754496 ex
458 10.8923689979129 5.3563031910453 4.04321881639771 ex
459 10.0127663104795 9.60825183056295 5.88361551659182 ex
460 4.7400449893903 4.54668366303667 7.63327882951126 ex
461 6.51280346419662 3.81755691207945 9.14719316153787 ex
462 2.16353631601669 3.10497704637237 0.736166912829503 ex
463 0.0449334306176752 5.18713897885755 2.38486405904405 ex
464 4.13290702854283 7.70631043240428 4.25284949177876 ex
465 2.15850648540072 6.74990752688609 8.1897815822158 ex
466 10.461401646724 9.4736229206901 4.16113330982625 ex
467 1.19682822399773 11.9089703571517 5.82295812410302 ex
468 10.2181677515619 7.13651841483079 2.9739125748165 ex
469 5.35324077145196 1.73148782737553 7.34777595475316 ex
470 7.84222693298943 7.43987423856743 9.15916775492951 ex
471 4.62758176238276 8.36273053381592 6.5359791428782 ex
472 2.89426475763321 8.46450878796168 4.54269727924839 ex
473 7.29414938227274 8.92533279606141 10.9130454347469 ex
474 5.76494858879596 5.80224270792678 3.8004134837538 ex
475 9.09486460406333 4.71616717637517 11.4915000842884 ex
476 1.05794133245945 6.17651438270696 7.08711731992662 ex
477 4.46777964779176 11.1365632996894 2.90709891403094 ex
478 11.8605330083519 7.30488681723364 4.73376443912275 ex
479 1.03052162844688 2.86252116388641 7.99534336547367 ex
480 9.60963398450986 11.2207100680098 0.558992823818699 ex
481 4.83401239220984 4.13881345675327 11.1375174201094 ex
482 7.54669422935694 10.386139190523 0.393222483806312 ex
483 11.8481284868903 0.909244574373588 4.90190737950616 ex
484 11.4831849178299 5.06424688594416 2.23392552789301 ex
485 5.68882115231827 0.0689777710940689 3.82845276826993 ex
486 11.3372266252991 4.42325174319558 9.61559475050308 ex
487 5.10689256805927 6.39754896541126 1.98875400074758 ex
488 6.21265533496626 6.58477133582346 7.84004195616581 ex
489 10.7897740066983 7.0513975287322 9.0027109880466 ex
490 3.95178565452807 8.61021957662888 9.82760989596136 ex
491 1.34509986452758 5.48165091942064 7.64214064227417 ex
492 0.48017405718565 2.47537884884514 8.10075789620169 ex
493 8.22438868111931 6.81345369736664 3.87474095611833 ex
494 9.50930635468103 10.1448746381793 4.31514138774946 ex
495 9.26849250611849 1.63265742664225 10.2789378426969 ex
496 8.06839639763348 2.36379958107136 9.73590055434033 ex
497 4.20273066335358 1.5849465795327 5.08491384214722 ex
498 5.53439734317362 7.15269809798338 2.60084985545836 ex
499 3.18885320448317 9.5719174335245 7.52794747450389 ex
500 2.89497188711539 5.33204866340384 2.51143457530998 ex
501 5.95699054817669 1.60796734876931 10.9230676051229 ex
502 1.83735555666499 5.57791289361194 10.4033359452151 ex
503 1.78008995880373 10.9880429534242 8.53676753304899 ex
504 1.08268615603447 8.70806485065259 11.9547709031031 ex
505 11.6406599925831 5.32268964499235 5.01425536419265 ex
506 6.13411571457982 9.70661239302717 2.67698519397527 ex
507 2.67097132373601 11.0972460731864 8.71146894874983 ex
508 4.53721435065381 2.45075518311933 7.35264838067815 ex
509 1.71124991658144 11.1351824994199 7.40093554113992 ex
510 2.25963420374319 10.5644370361697 8.94823230220936 ex
511 6.5877825836651 6.64738750876859 0.155991546809673 ex
512 8.75974527886137 1.50719979219139 4.07143601193093 ex
513 9.73100121552125 5.50754611915909 5.71249368670397 ex
514 10.192197638331 4.18182514654472 8.51860318984836 ex
515 2.09267636132427 1.22587967268191 8.130468925694 ex
516 10.7872069962323 3.94319695746526 11.1099761265796 ex
517 2.77579879295081 0.344779935432598 8.49426566786133 ex
518 1.07325791148469 10.1169366042595 1.70641105319373 ex
519 3.20112552051432 2.23985230573453 10.4683299208991 ex
520 5.62466497253627 8.48483877605759 4.05307531612925 ex
521 9.99321060534567 3.88788236514665 4.84410321991891 ex
522 6.68658169964328 9.00343900546432 5.53374359989539 ex
523 9.45313030923717 11.2798188643064 6.51142620178871 ex
524 1.98403790965676 1.19388904469088 0.770943489158526 ex
525 1.02414959901944 0.0146722067147493 8.12769576231949 ex
526 8.9728651905898 8.64424063079059 4.17664459673688 ex
527 9.88086425536312 11.5143203809857 1.04936688090675 ex
528 2.43198467278853 5.73494568350725 7.28237728099339 ex
529 11.8997213437688 7.08081087702885 10.8865449323785 ex
530 1.22041859477758 4.41808798885904 6.074490447063 ex
531 1.45970874419436 9.2746990902815 11.0875652215909 ex
532 1.36118132784031 9.84632680169307 8.84865238564089 ex
533 3.25264944368973 4.41040484979749 11.5736080720089 ex
534 10.5586118970532 7.24578038719483 7.02762411627918 ex
535 1.8738082263153 6.18569965497591 9.67175302142277 ex
536 7.19859471055679 4.13984149787575 0.987232117680833 ex
537 2.43663663812913 6.07141688838601 3.65089964307845 ex
538 10.5367815459613 9.34982021478936 7.54268459836021 ex
539 3.73208454204723 8.98889502114616 1.37265199003741 ex
540 2.71960816928186 0.463004491757601 6.42361360439099 ex
541 8.47608470800333 3.76873727189377 1.21934239915572 ex
542 7.39695343282074 2.96361466264352 6.17033234494738 ex
543 4.12490824749693 6.81770897703245 9.01627733092755 ex
544 9.11262478376739 7.08871493395418 6.9256854490377 ex
545 11.0590736966114 1.61928488430567 1.83895685477182 ex
546 1.81014994648285 9.36001162882894 5.07924920413643 ex
547 8.73278405633755 10.4662179902662 4.32070711045526 ex
548 11.6125361905433 8.62319179414771 11.7297723325901 ex
549 6.80017266469076 9.1242676214315 10.7106883425731 ex
550 10.8909855834208 3.88770442246459 9.56470146612264 ex
551 9.78171757678501 1.6874267552048 5.46296430146322 ex
552 7.80526824155822 0.758947423426434 0.703081657644361 ex
553 11.6377349593677 0.197354906704277 3.59431182709523 ex
554 6.4525543730706 4.85727392858826 0.664916689973325 ex
555 11.4404490347952 5.01296579069458 7.31023948499933 ex
556 0.889043044298887 10.1956856388133 0.344552023801953 ex
557 5.56104379985482 11.5139671135694 9.51290152338333 ex
558 3.86509454925545 7.91928513394669 11.1468407122884 ex
559 3.3127608387731 11.3154356449377 0.141529521439224 ex
560 5.64140086597763 6.1650807952974 6.01620530569926 ex
561 10.8724362405483 3.75413733674213 10.2577240359969 ex
562 0.295983394607902 0.151578235207126 6.59525168640539 ex
563 6.19541197619401 0.862699337536469 3.36671257717535 ex
564 6.2418477286119 2.52667998359539 6.6535273627378 ex
565 7.87606033077464 10.8611119503621 4.63831275166012 ex
566 9.89565495331772 0.273878897540271 2.24218544317409 ex
567 10.7008241987787 7.66968047106639 11.7247418593615 ex
568 7.23981182975695 6.58442116971128 2.06157258502208 ex
569 11.3145057596266 6.21008607395925 8.94136283849366 ex
570 8.07147385668941 1.90763636678457 10.0278480194975 ex
571 8.06100375996903 11.6090371722821 1.22142851538956 ex
572 9.70883044833317 10.5200869077817 1.43164927349426 ex
573 0.61396901239641 5.46036441158503 3.01554408692755 ex
574 3.21182069228962 5.14669887931086 10.4263350828551 ex
575 10.4624553441536 10.3021906665526 8.81616161810234 ex
576 10.4214808903635 8.8578240335919 1.90105109941214 ex
577 5.05757059762254 1.22799615445547 6.80067086219788 ex
578 8.83846660214476 5.58243960817344 5.05597535939887 ex
579 4.27872765576467 4.1577532752417 0.690212627174333 ex
580 4.58581447647884 10.7773622279055 11.4917315575294 ex
581 7.18396856077015 0.87152526457794 4.93910932331346 ex
582 7.91094900900498 1.1596105825156 2.56617055600509 ex
583 2.42438638885505 10.5790435723029 5.64805243397132 ex
584 7.93077387008816 5.48590325540863 9.30302010243759 ex
585 2.82171295513399 2.51336069591343 3.03786961198784 ex
586 10.035897793714 0.405161980073899 4.04367546760477 ex
587 0.536959767574444 1.66966183762997 4.68624491500668 ex
588 7.32983896578662 10.9949485876132 9.43400746025145 ex
589 8.42007087054662 7.08570963284001 8.54374603414908 ex
590 4.46029256633483 0.704657733440399 10.5094795094337 ex
591 4.61880937917158 9.02023968170397 7.28495186078362 ex
592 3.6291676950641 3.18717576307245 7.69811616349034 ex
593 7.20286143710837 1.15457402030006 11.7395223728381 ex
594 8.85669309808873 9.10474756569602 1.69074137904681 ex
595 8.93262958433479 7.07479237159714 9.99791191308759 ex
596 7.63111256319098 5.3055591979064 4.65273384796456 ex
597 7.15099515090697 0.667175449896604 8.52512362995185 ex
598 3.26479674503207 6.28611774649471 9.03039456019178 ex
599 0.31873547937721 6.73821363295428 6.38320234208368 ex
600 6.07329607801512 0.823563615325838 2.84595703845844 ex
601 1.20011010952294 6.7629014570266 5.861883406993 ex
602 7.8980721081607 10.9267787800636 8.27347502368502 ex
603 7.90305226598866 3.08896322944202 9.95787485851906 ex
604 0.0452648252248764 0.689399042865261 0.185208719689399 ex
605 4.33986858837306 9.88967210217379 1.74550163792446 ex
606 10.0503639092203 8.64159074239433 4.96307816100307 ex
607 4.33426714036614 9.67851581424475 10.3725174311548 ex
608 5.95303322817199 7.11541738151573 7.51714140851982 ex
609 3.65600094338879 2.97735581896268 11.6190988491289 ex
610 1.65366162196733 1.12830771668814 9.60694584366865 ex
611 4.42229969264008 4.83475822885521 8.10535205039196 ex
612 1.98825371661223 5.27684385864995 5.06959433155134 ex
613 1.00633914652281 2.23117553116754 10.7807679257821 ex
614 8.42880613636225 0.516567798564211 6.12642966932617 ex
615 8.9761487278156 2.0719322708901 11.590126613155 ex
616 3.02652116981335 9.21630770829506 4.13887029420584 ex
617 10.4804037997965 5.78536272305064 11.3742872283328 ex
618 10.0031607034616 9.01732938806526 9.96276494371705 ex
619 1.08299142308533 7.2327981905546 0.724103288725019 ex
620 2.70645591802895 0.081805529538542 4.35298277414404 ex
621 0.110973133007064 5.68727978598326 7.94419350358658 ex
622 10.0555628971197 4.82985877711326 1.94890836672857 ex
623 6.7786019872874 6.05410184920765 6.81133538787253 ex
624 6.61716848774813 9.14532331819646 9.07416694704443 ex
625 8.1453233177308 9.64565205480903 6.16891554859467 ex
626 2.7855138538871 7.10299785993993 9.56277103559114 ex
627 1.50583480251953 0.233327261637896 5.33735958463512 ex
628 6.68566912529059 11.5472242659889 2.01727211172692 ex
629 4.80834979261272 6.50405220570974 2.51892372965813 ex
630 7.73453406314366 4.84983779070899 1.4565767752938 ex
631 9.75938418554142 9.53138541756198 6.61221378459595 ex
632 6.54148291307501 4.37919690948911 4.94756068056449 ex
633 7.80820785369724 1.20425931503996 5.44177194335498 ex
634 4.99845517100766 9.19701107614674 9.16353522567078 ex
635 8.22492264537141 8.24050044408068 3.19800501526333 ex
636 9.86891092732549 6.43976429267786 3.10467296047136 ex
637 9.44336599041708 1.83802210399881 2.20868738787249 ex
638 7.03912645555101 3.6990405197721 7.99285299284384 ex
639 1.97591530764475 11.7963482206687 1.22377791628242 ex
640 9.7534372266382 0.420210558688268 11.9865459883586 ex
641 1.00282828789204 1.19310522591695 2.82049365504645 ex
642 5.76038177404553 2.09629084495828 1.56214190088212 ex
643 9.33516692114063 1.12119554239325 6.27731135697104 ex
644 0.597389969276264 11.899577781558 2.11881698807701 ex
645 3.32963090995327 11.8434644192457 3.92771838256158 ex
646 8.48779301065952 7.11092606186867 0.381550027988851 ex
647 1.68822429468855 9.37318303692155 9.51913090818562 ex
648 1.0084957764484 6.21262730308808 6.33441536687315 ex
649 3.97807903657667 10.7189745199867 6.27687071473338 ex
650 1.57257905951701 3.73097099643201 8.33169979136437 ex
651 11.820824038703 5.32097013294697 10.4367270010989 ex
652 10.3161084356252 1.69243270228617 10.5140410521999 ex
653 4.73900241381489 3.69378795661032 7.65538653451949 ex
654 0.379228593315929 4.42757885204628 8.60689323628321 ex
655 4.29374609398656 2.47130962251686 4.16977482754737 ex
656 3.62676647002809 3.44629154819995 2.06624803692102 ex
657 10.1566523956135 6.88813419896178 11.4567648933735 ex
658 8.46708275238052 1.89575238106772 11.9175494608935 ex
659 0.979539992054924 6.30610334477387 11.0419824155979 ex
660 10.0712404779624 6.94812059239484 9.03666727105156 ex
661 8.12067049392499 7.6687320554629 2.34233161853626 ex
662 7.56283536599949 1.25071253837086 9.45876093232073 ex
663 2.84128154744394 4.78728762036189 4.32136965193786 ex
664 6.75831468752585 10.2890083065722 4.79306156095117 ex
665 6.1850280656945 2.64038736652583 5.4986463568639 ex
666 9.53038996714167 4.92413886962458 6.75040474161506 ex
667 7.80176469730213 11.8679847503081 6.86498620780185 ex
668 3.4582660717424 1.69756073947065 3.76751331146806 ex
669 2.64560500415973 0.291237243916839 2.57369911368005 ex
670 7.67518119956367 11.1061576788779 2.1444418663159 ex
671 9.64215810107999 8.65946121304296 10.9201520502102 ex
672 1.59286244912073 6.35497771971859 4.90104336244985 ex
673 10.1504120230675 7.30949941882864 1.28890137327835 ex
674 6.68044339795597 4.98803869495168 9.81531620793976 ex
675 9.93635948677547 5.20199224958196 7.13944413955323 ex
676 1.05957747390494 3.16908277245238 10.5878714490682 ex
677 6.39600734761916 11.6347919011023 1.32562434440479 ex
678 5.03282341966406 3.85303124273196 6.32237264490686 ex
679 6.98416459839791 10.1774449467193 1.87923000683077 ex
680 7.84564106538892 7.47316442639567 1.35933480830863 ex
681 10.9062612175476 6.92818306759 8.08861143072136 ex
682 4.02041061478667 7.20294674718753 9.79032169608399 ex
683 3.70515957172029 4.13290763227269 2.0731816124171 ex
684 8.09857126581483 6.27213186840527 1.33069126261398 ex
685 2.2584267728962 10.635219206335 2.57055874075741 ex
686 5.20334658119828 1.81254709349014 3.3339261545334 ex
687 3.05849277600646 11.7857873679604 4.10196974268183 ex
688 2.43798529356718 5.030165506294 1.15199502394535 ex
689 3.94548593810759 1.29522689688019 10.7404715341982 ex
690 4.36456381063908 5.82980548054911 4.06626506149769 ex
691 0.257765905000269 0.965738267172128 7.40641034860164 ex
692 4.21530759404413 9.31611870368943 5.92468880931847 ex
693 4.06587186106481 1.3772087530233 9.16679399739951 ex
694 3.54480411508121 8.13093008846045 8.30587690602988 ex
695 5.52695967420004 4.32880410901271 6.01123730605468 ex
696 4.14560025022365 10.9399031554349 1.058406179538 ex
697 7.03415591525845 9.12304005678743 11.8922545656096 ex
698 2.5927748857066 11.9250323283486 0.242542393039912 ex
699 5.93732571671717 5.98968956503086 0.339796046260744 ex
700 7.22783707384951 5.71667136438191 7.53899197326973 ex
701 11.2968604208436 10.4018451315351 3.53930211416446 ex
702 10.7417867670301 4.12251324532554 5.232150928583 ex
703 8.89647778659128 3.19965570117347 2.32244063261896 ex
704 3.83174872375093 4.91649276134558 5.33494589757174 ex
705 8.71691524423659 1.25012617837638 2.72678830614313 ex
706 10.1427013243083 6.50190639961511 6.14938437170349 ex
707 2.30991337355226 7.70137963583693 4.92816775757819 ex
708 5.93693440873176 8.93659639847465 0.490343595389277 ex
709 1.93222247902304 3.11449337261729 6.47321311989799 ex
710 6.67167455144227 1.02193104382604 11.2574964596424 ex
711 7.62877143337391 3.7724820219446 5.82091847807169 ex
712 4.20376780279912 2.49296738090925 9.47308878973126 ex
713 9.48696692101657 10.8097194260918 7.70508451503702 ex
714 10.0073135052808 5.35302084684372 1.59574935678393 ex
715 0.125704632373527 4.71522931475192 9.49936449434608 ex
716 9.46635307883844 7.84476981125772 3.18471643468365 ex
717 4.64116386324167 4.39951620227657 4.3865416708868 ex
718 6.16685816762038 1.50989993219264 10.7320064506494 ex
719 10.6084526807535 11.7571777435951 1.33972234209068 ex
720 5.07662294665352 0.296333661302924 11.4070088078734 ex
721 3.12937715067528 9.30865927739069 6.90648612496443 ex
722 8.02028790977784 5.36682499246672 2.87780357082374 ex
723 0.70789482886903 9.76308389171027 0.00530435121618211 ex
724 8.9320723656565 11.5092119388282 5.92718341224827 ex
725 4.78702853410505 8.99896215670742 2.11008646129631 ex
726 11.8899932987988 6.98206607229076 6.91915922821499 ex
727 2.17012829799205 1.37441905308515 6.62673479411751 ex
728 8.17532608075999 3.2737980990205 11.5433399372268 ex
729 4.66320423828438 8.96794131258503 9.57289245096035 ex
730 10.4850661121309 8.24583004578017 9.35121384938248 ex
731 3.64917697291821 3.21740241185762 8.1733513798099 ex
732 1.10505266883411 7.42262131022289 10.5433497198392 ex
733 0.697541960515082 3.49732187530026 1.32772704749368 ex
734 11.6791352042928 11.0054092700593 3.11594737065025 ex
735 11.6515850068536 1.85362669546157 9.07713094446808 ex
736 5.16557483351789 5.56170697510242 10.8638093271293 ex
737 6.53730690875091 8.93029741127975 9.0015759698581 ex
738 1.93912259652279 4.48325492325239 0.0280912891030312 ex
739 3.00216949172318 3.61452616774477 9.34509545681067 ex
740 4.21149479690939 10.1600436256267 2.713454102166 ex
741 6.91324851685204 0.307576385559514 4.94693726161495 ex
742 4.65517065743916 6.93198344716802 1.89376243809238 ex
743 4.42005677125417 8.99848916847259 4.12808676389977 ex
744 4.00467597693205 2.15693444991484 11.7696198772173 ex
745 9.95088670169935 0.342245668871328 7.73123767715879 ex
746 10.973957139533 11.9004605847877 7.32135568372905 ex
747 8.17499740119092 11.5408431214746 6.49506635195576 ex
748 8.24604735500179 10.1347862859257 10.5573501742911 ex
749 7.59944566898048 9.8716589754913 8.41633769497275 ex
750 11.4474996593781 2.56980604259297 7.25963994883932 ex
751 8.0637567397207 9.10679074586369 0.130269323242828 ex
752 1.60574097675271 9.02385297860019 2.99550709826872 ex
753 11.5302163164597 8.49585633794777 10.5112689447124 ex
754 5.77020101691596 4.77253670338541 9.30942006129771 ex
755 9.2620271705091 4.72497635683976 1.86618766305037 ex
756 6.53633150481619 4.36499463301152 5.47565455758013 ex
757 5.89703194447793 1.54885776364245 0.114925063913688 ex
758 7.35225265449844 5.93555245478638 11.7403089497238 ex
759 4.01787334890105 4.70017740363255 10.1029234162997 ex
760 0.426017608027905 8.1144804104697 0.204429158940911 ex
761 10.9770794995129 3.25226975278929 4.28996233968064 ex
762 3.84134547412395 8.9027103241533 3.86004664562643 ex
763 2.53277809731662 4.35188322630711 5.14338067942299 ex
764 7.90655818837695 6.00836135284044 11.3529931840021 ex
765 1.63661306514405 5.46026430884376 2.42481924593449 ex
766 5.59854558645748 11.2056934109423 6.06301486003213 ex
767 9.82698302180506 7.09814411820844 4.5228790405672 ex
768 11.2064168818761 2.9425580012612 4.59154973132536 ex
769 10.8308474225923 1.39061596454121 2.69539039279334 ex
770 9.12433047778904 4.51440275250934 9.66640231898054 ex
771 0.303596640005708 11.9490772357676 11.7594624713529 ex
772 4.24567388975993 7.45691839791834 2.08535248250701 ex
773 5.72812632005662 3.0391716118902 9.53588109090924 ex
774 4.21114244358614 8.88001612038352 3.64176958659664 ex
775 10.899396304274 4.6796150689479 7.41807793499902 ex
776 10.5647711814381 7.77469290001318 6.37162696011364 ex
777 0.374980349559337 10.1663913824596 7.0084149565082 ex
778 9.69962813262828 3.4816608869005 6.9126035165973 ex
779 0.932410723762587 9.95989122614264 3.42024938832037 ex
780 5.37130956142209 11.0484395956155 3.46465704008006 ex
781 9.47746901516803 7.17990956292488 0.106327016372234 ex
782 3.36261708335951 11.8391890753992 2.33215444325469 ex
783 1.77243062923662 4.50732547743246 4.8777097412385 ex
784 11.8931656598579 8.74236975098029 3.78486715536565 ex
785 0.0599747058004141 5.7996015867684 5.12088094488718 ex
786 0.64215082093142 10.9277378283441 5.88186809653416 ex
787 0.897229077061638 3.86843089782633 5.5633028766606 ex
788 6.62249769456685 10.4338398072869 8.10728314705193 ex
789 9.21319338236935 8.43956986116245 3.10208853869699 ex
790 3.46253790194169 2.2587709443178 7.55000067828223 ex
791 11.5216780947521 6.99992515845224 2.66757277329452 ex
792 4.61944940849207 11.8530091741122 6.65208061179146 ex
793 1.96366844372824 0.922817202983424 3.2338253678754 ex
794 1.25108051626012 1.66473266482353 3.23978327261284 ex
795 7.88571574515663 0.651017673313618 2.57146215462126 ex
796 4.48646273952909 9.47847677278332 11.6677917505149 ex
797 6.39134230464697 10.458727743011 5.70128278923221 ex
798 10.4854111850727 5.10361243761145 3.58445595763624 ex
799 5.52509119687602 3.18319669249468 7.78045779420063 ex
800 8.41976504679769 3.09328197222203 6.17418013024144 ex
801 6.4207741797436 5.81047902489081 3.13709931680933 ex
802 5.32275593141094 0.635295534739271 10.3799312058836 ex
803 4.79171306057833 4.75793821713887 6.99595429655164 ex
804 11.0431271819398 8.29345963709056 7.73772643343545 ex
805 6.76618823409081 5.06997597054578 5.37506844522431 ex
806 5.05167543934658 11.5635586702265 10.04381871433 ex
807 7.65358525933698 6.00549488910474 6.41718392702751 ex
808 7.60570353316143 4.63115061051212 5.99167140293866 ex
809 0.548991061048582 2.19307534466498 6.87144433450885 ex
810 5.84034485649318 9.36707195919007 6.88489087787457 ex
811 7.96035043010488 9.46089848899283 9.57475890149362 ex
812 10.4699086965993 8.8776265673805 3.77002570172772 ex
813 3.77779582911171 5.00249473773874 9.452677966794 ex
814 7.6287188436836 11.1544861041475 8.740154418163 ex
815 10.5764855889138 10.4005357134156 0.642068692715839 ex
816 11.3576976940967 7.95343759516254 3.62695756857283 ex
817 1.74943847674876 11.3475832396653 0.518356894841418 ex
818 10.8097525751218 0.444540835218504 0.536714629037306 ex
819 6.6539041090291 11.7443435073365 9.79122996889055 ex
820 8.48203545459546 5.41642410471104 11.7703809547238 ex
821 2.99029593379237 11.3934962588828 7.36394204176031 ex
822 4.16738053760491 10.6168074600864 10.6281435790006 ex
823 7.5683476193808 6.7851732110139 4.80424515763298 ex
824 11.3260393997189 3.61027724319138 9.87241030065343 ex
825 6.00033791549504 6.96832955093123 10.6830211021006 ex
826 8.45113100716844 7.56672483193688 6.28183075180277 ex
827 6.59468823904172 3.92392986314371 6.35391196794808 ex
828 7.17470460594632 7.0928820699919 2.29854698642157 ex
829 3.10365712549537 1.22590528870933 5.55370713141747 ex
830 3.32607905333862 10.1071802005172 5.8347776918672 ex
831 8.21722897328436 8.59940211824141 5.2326900518965 ex
832 2.16487080650404 0.567686781287193 10.8386118290946 ex
833 3.69863410503604 9.76642748643644 2.83987060049549 ex
834 11.4564507093746 4.4462678025011 6.27752525126562 ex
835 6.14799135457724 0.710573032964021 8.58300182782114 ex
836 9.85390925384127 9.12279174360447 3.18223668239079 ex
837 11.0667124087922 2.94418583787046 10.1790655844379 ex
838 1.06439862563275 11.740509792231 4.693536255043 ex
839 3.23465124191716 8.90167592931539 6.18920650565997 ex
840 3.79165226453915 1.42557326122187 6.57903272402473 ex
841 6.62814721046016 3.56402103113942 8.77905827737413 ex
842 2.1833240641281 6.49208587431349 9.27604417921975 ex
843 5.95752761256881 7.54492809972726 5.90195631771348 ex
844 1.77116983919404 2.83095046062954 4.37999700731598 ex
845 10.4375449351501 6.49425170919858 2.3459936468862 ex
846 10.2364908989985 11.7170172855258 6.85200831620023 ex
847 11.2906825158279 1.31107783666812 4.53154674498364 ex
848 11.1596945363563 0.216274047968909 7.69264100119472 ex
849 1.85231840307824 10.723373248009 7.51037260657176 ex
850 10.0955381086096 6.7205046294257 1.6647422646638 ex
851 9.83212073054165 6.85771820810623 4.42448869510554 ex
852 10.2150379514787 11.8205425823107 2.34032619628124 ex
853 3.82311399024911 5.57722230558284 4.31955477385782 ex
854 10.8981823213398 0.403222657507285 6.42006543558091 ex
855 10.7850729182828 2.81745005073026 5.19158938876353 ex
856 3.4902594469022 1.10078937513754 4.99994966783561 ex
857 5.07055759406649 1.78115214849822 8.87664585211314 ex
858 7.69475696468726 1.77050441689789 3.55232531600632 ex
859 1.08617821335793 3.4487754299771 4.5356609984301 ex
860 5.99993830686435 10.435079827439 1.23361181421205 ex
861 11.0983844494913 2.14940594159998 3.57317151501775 ex
862 11.3200748362578 9.6093179625459 7.53257800731808 ex
863 1.511351038469 0.254145209444687 0.949478381546214 ex
864 3.06504399282858 9.76413896423765 0.0791426785290241 ex
865 0.752827110234648 7.27514535631053 10.2535877106711 ex
866 7.65174737642519 2.64627322065644 9.73050297331065 ex
867 1.31999605288729 8.84222993860021 10.2880169437267 ex
868 6.50142966234125 8.67455250932835 11.4191814176738 ex
869 8.41831494611688 9.39977545547299 9.95521205454133 ex
870 3.06183691648766 9.26904248516075 9.60334684350528 ex
871 1.73175055440515 4.34320368920453 9.79815805889666 ex
872 11.7575420783833 0.725862746592611 0.0163452725391835 ex
873 4.10442182119004 4.33796347305179 9.21673628664576 ex
874 2.02385769505054 4.19333698484115 3.72913335030898 ex
875 5.51132185361348 4.63425380154513 7.82840694696642 ex
876 3.35059243580326 4.71244331239723 10.0623250734061 ex
877 1.98336479649879 6.22596123837866 10.8373231438454 ex
878 0.291425968520343 1.01538761914708 6.38031662511639 ex
879 8.80951925599948 11.8169060517102 3.89914689096622 ex
880 8.94209899590351 10.5078429181594 1.59494601422921 ex
881 9.19318945636041 11.9339778118301 10.400538492715 ex
882 9.76678561302833 6.83796917903237 11.369719637325 ex
883 10.8938865598757 4.43299664952792 3.08337149908766 ex
884 9.76407478097826 7.3599565627519 9.41748561081477 ex
885 11.5811678830069 2.98531010886654 0.945084667066112 ex
886 11.0104406550527 10.3033631767612 7.2462363911327 ex
887 3.63226750213653 5.10387800168246 7.94584307074547 ex
888 2.72663672803901 0.223668646300212 0.539032550761476 ex
889 8.54902905784547 11.6260100128129 11.8388909322675 ex
890 11.789203097811 11.8247072394006 10.2778247885872 ex
891 3.16179718472995 5.44827422499657 0.840598391601816 ex
892 1.75884238141589 6.46049541956745 1.15184675646015 ex
893 8.64382339362055 9.27381155826151 3.2230279748328 ex
894 7.42491214582697 9.19377206615172 5.3665166629944 ex
895 3.52372525539249 6.91999354283325 10.1589360961225 ex
896 11.843007867923 8.82484654150903 0.553085349965841 ex
897 3.82497245585546 5.01523131760769 1.25533106969669 ex
898 8.73492630664259 7.39681627601385 11.9839705072809 ex
899 1.45796892931685 0.275859160115942 9.91533254180104 ex
900 11.6679571510758 11.3580095388461 7.03130018291995 ex
901 6.26518385275267 9.28366091288626 3.42471892666072 ex
902 10.5387661207933 10.0368281777482 2.66228426061571 ex
903 4.41049513523467 10.9147830258589 3.10403625178151 ex
904 11.2816050206311 11.4854064919055 2.40355122438632 ex
905 0.836043748771772 6.86153365019709 2.28200214798562 ex
906 7.43631703360006 11.5774209187366 11.3581345868297 ex
907 0.70308560365811 4.66539205261506 5.70014540967532 ex
908 11.4393216974568 8.52331324014813 6.05492770508863 ex
909 1.66124854842201 0.46888486831449 1.28984608012252 ex
910 1.30132853309624 2.16623247787356 0.558581605320796 ex
911 7.87046055821702 3.717056568712 6.06377758970484 ex
912 3.76871717791073 7.36560960137285 7.82614079862833 ex
913 3.1417976913508 3.94240396702662 0.764676401391625 ex
914 9.99139907537028 9.41822379827499 1.62763861194253 ex
915 1.37787478533573 4.35254595451988 2.65300542907789 ex
916 8.16432665591128 5.24498711386696 1.10959352366626 ex
917 10.0109816130716 8.97885890281759 10.3031357105356 ex
918 1.9894386343658 4.60798833891749 11.5507932512555 ex
919 7.5498965869192 11.4680559427943 9.99084512749687 ex
920 3.35665540280752 4.34650153852999 4.35220520943403 ex
921 11.39656770695 6.93069389858283 0.251921402988955 ex
922 11.007737055188 8.07998851593584 9.08623566734605 ex
923 6.35131769906729 7.46667945757508 0.424098424613476 ex
924 1.65229092701338 10.7415038184263 5.39273753971793 ex
925 7.34348410647362 9.95766213885508 3.35246635647491 ex
926 1.89053447917104 3.66720540449023 5.36101092980243 ex
927 7.37139370688237 6.26851314748637 10.0780794608872 ex
928 6.27185175335035 11.4894912312739 8.56837343610823 ex
929 0.295503471745178 9.98717362503521 4.35339322732762 ex
930 11.2256440252531 9.36899828421883 2.2570234069135 ex
931 8.22759056510404 5.87527255620807 9.05759535985999 ex
932 8.70554218068719 0.586578307207674 1.38163560116664 ex
933 10.083293227246 2.05789004662074 9.48244648752734 ex
934 0.89335191459395 4.37896881345659 6.00417358544655 ex
935 5.23760803206824 11.6766294126865 2.10522493021563 ex
936 8.53441721084528 9.84066325356252 7.83243487705477 ex
937 3.31248892750591 3.80686575034633 4.76395786157809 ex
938 1.3327055927366 1.59505228651688 7.99544753110968 ex
939 1.96813514921814 8.94725622027181 1.50905502540991 ex
940 7.43359086895362 6.82906025159173 7.24169286200777 ex
941 2.14471850800328 2.42488669068553 6.15769495489076 ex
942 9.28804865526035 3.68234140821733 11.7841331399977 ex
943 9.10697549930774 2.85763603495434 7.52229418791831 ex
944 11.3542871139944 7.33612206974067 7.21357464091852 ex
945 5.65224048728123 5.48982788273133 1.16160171898082 ex
946 8.61044898047112 10.950200580759 0.714008192997426 ex
947 3.63003075169399 6.13173683430068 6.58519264543429 ex
948 4.04334299615584 7.69445045432076 3.0061111189425 ex
949 4.02797818160616 5.23557923967019 5.03045735671185 ex
950 6.32792062475346 5.12107376917265 9.88923690095544 ex
951 1.22186986589804 1.33383106603287 5.79064640030265 ex
952 4.18669680599123 11.7509182465728 1.64859128417447 ex
953 10.4789272644557 7.46060344716534 3.38247494120151 ex
954 9.75494039081968 1.33550993190147 7.77918913844042 ex
955 7.83552623190917 0.230406388407573 5.39210832724348 ex
956 6.0199197572656 10.3168744526338 10.5733516819309 ex
957 3.07064961805008 7.42551278974861 0.309116922551766 ex
958 10.7631223297212 11.3817827827297 4.00305741582997 ex
959 6.29649214446545 9.11243300954811 8.40647756890394 ex
960 11.9403809860814 10.4384053158574 0.765630604699254 ex
961 3.85775508219376 1.78596690064296 8.02987020788714 ex
962 6.39230975881219 0.555640425067395 6.09941817936487 ex
963 4.36504741408862 8.58239386789501 10.3744813967496 ex
964 1.46990343602374 9.38524785637856 3.90767471701838 ex
965 1.26838756725192 4.49205274507403 5.84972216724418 ex
966 4.560467682546 3.75390540831722 0.483049137284979 ex
967 1.1092231979128 2.62755169696175 6.58926610322669 ex
968 9.58929486200213 10.3241066341288 10.107068847632 ex
969 0.295472878264263 0.707531922729686 1.90576574928127 ex
970 3.68909083958715 0.679833288770169 4.20777300838381 ex
971 4.04513712623157 5.44685191218741 11.2138405172154 ex
972 0.387469161069021 3.09109527687542 2.68267859844491 ex
973 3.31779844174162 6.83611195883714 0.0413967776112258 ex
974 4.16474067931995 5.21936203306541 0.134692440740764 ex
975 8.73715214966796 3.68579133111052 7.35956859937869 ex
976 8.44533746014349 10.2324269500095 9.03943320945837 ex
977 7.90046251681633 2.19136009085923 4.77016459265724 ex
978 7.72132426803 4.23160513513722 11.9362047391478 ex
979 2.0798156876117 8.73557611601427 2.33656770829111 ex
980 1.40006597735919 7.75493176141754 4.0575073310174 ex
981 10.9278120629024 8.56400545919314 0.83405674318783 ex
982 7.8306623257231 11.3267602876294 10.6608505214099 ex
983 0.277784405974671 5.18117379280739 4.13809419213794 ex
984 5.09861226077192 2.97325057978742 8.58066309173591 ex
985 1.20055676391348 2.79451479529962 2.88628195947967 ex
986 6.26919812662527 2.32395881018601 10.7859483172651 ex
987 2.72878907597624 10.0053380129393 1.04212672100402 ex
988 1.64018424530514 3.5642996407114 2.46506595774554 ex
989 2.135407543974 6.95462996093556 2.15427620708942 ex
990 6.64888426102698 3.97677211137488 1.91524800052866 ex
991 11.8141903467476 4.64906275295652 7.16875852667727 ex
992 10.0374645104166 0.359733582707122 2.25031121005304 ex
993 4.91525957616977 4.16381295700558 1.43211671942845 ex
994 3.00693948031403 6.35970404022373 3.94497374584898 ex
995 3.53666267730296 6.51963149616495 1.25819782353938 ex
996 5.10557789774612 0.936060227686539 5.8076393995434 ex
997 6.70458810357377 1.83209955017082 7.71617109817453 ex
998 4.53690450335853 6.02266330155544 6.29985145223327 ex
999 0.625816349638626 7.86310324864462 1.95073014311492 ex
1000 6.16179114812985 0.626497897552326 1.23936332040466 ex
1001 2.18239357369021 8.22548074880615 7.52032930683345 ex
1002 11.7817421886139 0.614228412741795 1.91751906019635 ex
1003 0.312598180258647 7.77024154504761 6.01066691917367 ex
1004 2.62807026039809 11.6534140384756 5.57195845735259 ex
1005 4.98287369008176 5.13178301672451 8.63390198396519 ex
1006 4.33927363506518 10.0540498900227 6.73779161414132 ex
1007 10.0005405435804 4.84084823401645 0.0941879712045193 ex
1008 11.8801813411992 5.14078350435011 9.74058174318634 ex
1009 2.22185030137189 5.55720602720976 8.92845120443963 ex
1010 5.43306371243671 10.6016286751255 10.0742734177038 ex
1011 8.7754987468943 6.90839797351509 9.68829789268784 ex
1012 0.918887022417039 9.30365860904567 11.5796018592082 ex
1013 9.51852019084617 2.6183392314706 4.50606992072426 ex
1014 9.84613774903119 9.32142175431363 2.44577205670066 ex
1015 9.43996072304435 2.41438348474912 5.79980597016402 ex
1016 0.523971412563697 8.81604860862717 1.293361781165 ex
1017 6.34280532901175 2.18743932130747 0.604296176228672 ex
1018 11.4205327481031 0.734564562793821 9.23844570899382 ex
1019 6.03333112341352 7.01796806440689 3.11068818578497 ex
1020 1.32243086816743 9.64749482809566 0.914409250486642 ex
1021 6.76197825768031 11.8296020035632 4.87199503253214 ex
1022 0.934797765221447 1.15304273157381 9.35885130101815 ex
1023 6.13644678890705 4.12725078617223 2.93644797080196 ex
1024 0.55113257560879 6.60500153014436 0.420561043312773 ex
1025 1.92839285149239 10.1402021332178 6.05166204902343 ex
1026 4.82997531094588 1.93477755365893 0.918011322850361 ex
1027 1.60306427371688 5.79823363828473 3.68859857926145 ex
1028 3.93159274896607 7.13592862221412 5.27721140813082 ex
1029 8.39878788450733 8.19914469355717 11.1331953096669 ex
1030 8.31508270115592 11.3886446305551 2.60529451654293 ex
1031 5.93956809071824 11.8921050119679 0.864479921292514 ex
1032 7.14169013011269 3.28360657230951 3.2971758118365 ex
1033 8.56893671280704 10.2656554549467 7.1595211494714 ex
1034 10.5855736576486 2.80078285373747 1.71867531654425 ex
1035 3.56755564408377 3.26425983314402 5.7228530596476 ex
1036 0.76708466024138 7.50214095693082 8.67010869900696 ex
1037 3.16635136608966 11.7012042258866 6.29651673254557 ex
1038 5.56712122191675 9.74756652954966 1.22401980054565 ex
1039 10.555922023952 5.03812054288574 2.01954223006032 ex
1040 7.40293576871045 1.43109374935739 0.53130283462815 ex
1041 4.85451208171435 7.39007621002384 1.15197183005512 ex
1042 0.498569313436747 3.6259493494872 6.76599021721631 ex
1043 0.350719768786803 5.68794553750195 11.7880645999685 ex
1044 0.922865734668449 7.7294936790131 3.24960248381831 ex
1045 10.0413863162976 10.9989623308647 11.4763182494789 ex
1046 8.99186955089681 0.357149348827079 3.35897381813265 ex
1047 8.8676596514415 0.0964402700774372 10.9510443243198 ex
1048 1.66516978689469 3.21142057818361 9.86774506466463 ex
1049 10.3748248240445 5.9726150741335 7.65497465361841 ex
1050 4.1955004951451 5.9945410285145 10.6746612600982 ex
1051 9.33088363986462 10.0039245267399 11.849895356223 ex
1052 0.845746881328523 1.00907285045832 2.28040153114125 ex
1053 11.3866513881367 1.0634450444486 5.07868367736228 ex
1054 9.70421340386383 8.60220657568425 6.08193216030486 ex
1055 6.05010177171789 11.4194202397484 6.13595427200198 ex
1056 9.69910598034039 6.42226878926158 2.15189407882281 ex
1057 10.192408835981 6.69534313236363 3.06276332377456 ex
1058 11.7152659394778 5.46511998679489 3.98719831835479 ex
1059 8.96939925313927 0.463727055583149 4.55663233227096 ex
1060 5.05383822950535 4.26060220389627 3.63113631936722 ex
1061 1.72073903330602 4.08988710772246 7.05444039637223 ex
1062 8.07754179905169 8.67062859213911 6.22330871038139 ex
1063 3.09817655570805 4.03707734169438 7.08188491687179 ex
1064 3.21328793349676 4.81878507626243 1.78107176511548 ex
1065 5.515639471123 4.97663342626765 4.40210026223212 ex
1066 0.968454383313656 6.29853585991077 7.32065890869126 ex
1067 6.30291267391294 10.3784529087134 7.08143454603851 ex
1068 5.14189989445731 9.71807546028867 2.2291883144062 ex
1069 5.58491430594586 3.65291602048092 11.0109570792411 ex
1070 6.12227238900959 4.61626646225341 7.72055977978744 ex
1071 7.74097836529836 7.32232209248468 8.74089418398216 ex
1072 0.323134969454259 11.5252693234943 9.67996351770125 ex
1073 8.81711506191641 8.52447308646515 2.71953692124225 ex
1074 0.279930016258731 11.1968523866963 3.37275991099887 ex
1075 10.8346036528237 2.20602949243039 11.7738134704996 ex
1076 8.65094776311889 2.7794023102615 5.04559662123211 ex
1077 5.00109694013372 0.902109637390822 6.04120217077434 ex
1078 8.16731222369708 8.47586023039185 10.1739229981322 ex
1079 10.5105730548967 4.09589245310053 6.1367085329257 ex
1080 8.37654161802493 4.99981828825548 3.57600984885357 ex
1081 7.92154832137749 3.52863454050384 1.92441655695438 ex
1082 0.485713751288131 6.33823754498735 5.04506207839586 ex
1083 11.8060196465813 7.54136286396533 5.433179120766 ex
1084 11.0484302467667 4.71251803659834 10.7046000054106 ex
1085 9.39287880784832 4.59414017898962 4.4405495133251 ex
1086 8.36460585403256 1.86400352790952 9.21131007582881 ex
1087 5.24287093710154 6.07310895691626 9.49773358437233 ex
1088 8.48139481619 7.35321575030684 3.06104242801666 ex
1089 2.23687499715015 1.5741332443431 3.51989117427729 ex
1090 6.70034902309999 7.28745001205243 7.55407024174929 ex
1091 4.37402213620953 1.65295687667094 10.3563185904641 ex
1092 10.507542359177 0.899762247921899 10.369075474795 ex
1093 1.99149769265205 4.50550736440346 3.67583764484152 ex
1094 1.29285972448997 2.67851812625304 3.07492764969356 ex
1095 8.3844019996468 4.88053662143648 2.57950191292912 ex
1096 3.83550211391412 0.462908004643396 0.773584859911352 ex
1097 5.96012127259746 10.8285002699122 0.97168825706467 ex
1098 8.04051820770837 0.445584635483101 0.881408532615751 ex
1099 2.07765334099531 2.05757338809781 9.56407687719911 ex
1100 1.02874991646968 8.02932021138258 7.97449359716848 ex
1101 6.02943426114507 7.38689327146858 2.70467176521197 ex
1102 4.50830484204926 0.855039126938209 8.22367710061371 ex
1103 2.1787313548848 7.49152353266254 8.68615082162432 ex
1104 4.50434133550152 8.57608436164446 0.361174689140171 ex
1105 0.339605210581794 8.43404372618534 9.00647596991621 ex
1106 1.88903207005933 11.439461450791 9.69416636205278 ex
1107 9.18169941264205 2.17365574487485 0.623140154173598 ex
1108 11.6572834318504 3.38661772105843 5.88100271183066 ex
1109 1.8360629004892 11.2414329810999 3.20042701880448 ex
1110 8.12520175660029 4.00584896281362 9.5642426032573 ex
1111 5.56882959464565 10.7012908179313 7.50407361751422 ex
1112 11.9773818631656 6.76957848086022 5.95868058223277 ex
1113 6.93566605448723 5.37135151331313 2.34576713456772 ex
1114 8.9466074348893 11.4140981358942 8.83613360021263 ex
1115 2.37800829461776 5.09751825383864 3.94839591369964 ex
1116 6.34994703996927 5.95503994822502 11.9205440678634 ex
1117 10.3997911156621 1.45548750762828 5.64645680668764 ex
1118 8.83216702844948 6.4016139593441 11.7669642742258 ex
1119 0.477615636773407 0.57204147009179 8.73660029307939 ex
1120 6.66752061713487 1.36020223842934 6.04712959891185 ex
1121 5.93717457656749 5.1837681226898 2.81490560830571 ex
1122 5.87495642970316 6.78881831979379 11.1842462297063 ex
1123 1.36553959152661 2.85104331956245 5.2377883924637 ex
1124 5.78941131872125 8.11902102106251 11.202782089822 ex
1125 7.36642392887734 9.09329613856971 0.360984944039956 ex
1126 4.32163992314599 4.93787955283187 3.0837393575348 ex
1127 9.11538095027208 8.5642208699137 11.7560422501992 ex
1128 8.6313194828108 7.84583348827437 4.37595174089074 ex
1129 9.7368253825698 8.47074672742747 7.33482445543632 ex
1130 3.74571697367355 2.85810811212286 9.51328242197633 ex
1131 0.162145086796954 5.13119894359261 0.801591548137367 ex
1132 11.0102042404469 6.27652308787219 11.9214483352844 ex
1133 8.91674735490233 5.88946183794178 4.83023237064481 ex
1134 6.41301546199247 6.39204032439739 8.32305728551 ex
1135 5.25386783247814 7.80516737978905 10.8111505026463 ex
1136 8.06482118973508 2.28637860319577 2.55470047262497 ex
1137 8.73254911811091 3.83467095252126 0.907025400083512 ex
1138 4.57217582711019 8.69481837167405 8.15414931369014 ex
1139 8.30821206443943 10.5937516686972 3.91845806268975 ex
1140 2.10998061602004 9.53704581363127 9.19656271021813 ex
1141 0.7472761166282 8.36855723545887 4.38291429169476 ex
1142 3.76488702022471 9.25869515258819 3.92412720108405 ex
1143 9.42437308351509 10.4643178037368 5.87762960535474 ex
1144 6.48982937238179 3.35884393611923 2.69209050643258 ex
1145 11.0482399093453 5.02872650697827 1.62791580636986 ex
1146 2.04912092071027 1.87039158958942 4.01749431085773 ex
1147 8.25991661869921 2.08786426368169 1.39993639709428 ex
1148 2.55575228366069 10.1164710000157 0.0567986054811627 ex
1149 8.17195765278302 4.02429234609008 0.777028826531023 ex
1150 10.8589136539958 9.46792433876544 0.491679606027901 ex
1151 5.08320258767344 8.83307712548412 9.46634761360474 ex
1152 0.196552447043359 0.0539611964486539 9.99074636027217 ex
1153 8.30001344066113 6.68453339091502 2.21761062624864 ex
1154 3.90066849417053 5.61902256612666 5.55173019482754 ex
1155 8.91577130556107 4.27772867167369 1.84494883008301 ex
1156 3.64647578122094 7.95535627845675 9.0891815056093 ex
1157 1.4509292661678 7.20043495669961 11.9819420811255 ex
1158 11.3431767811999 10.364345935639 6.78539207112044 ex
1159 6.47033899044618 10.9776201958302 2.54606474912725 ex
1160 5.39184255967848 3.34698364697397 10.6748047182336 ex
1161 11.1771469824016 3.41759899212047 11.489670291543 ex
1162 0.766799701377749 2.85611995263025 9.13214167347178 ex
1163 0.646041569765657 11.937889279332 5.04561247630045 ex
1164 5.66747600748204 11.5963498842902 1.36084938026033 ex
1165 7.20493146497756 10.3619890634436 5.54762117355131 ex
1166 1.69723644270562 10.827341141412 4.56050646631047 ex
1167 5.34549635299481 2.44292326737195 10.2751449649222 ex
1168 3.10902992868796 10.230316227302 7.61818191572092 ex
1169 6.11404000129551 5.20007184916176 0.104128063423559 ex
1170 5.87921894784085 11.6623243056238 4.91792543488555 ex
1171 6.18548611621372 4.27270284085535 3.31416003312916 ex
1172 4.48694017645903 7.6494479009416 10.9475009378511 ex
1173 10.2206120197661 9.51498732529581 8.57202474446967 ex
1174 3.43217896996066 3.81246688356623 11.540948191192 ex
1175 5.06707301479764 5.59028259129263 7.72578131430782 ex
1176 11.2808935197536 10.804005861748 8.95471300906502 ex
1177 0.697420331183821 1.48550020786934 7.34339734748937 ex
1178 6.03439561324194 0.89192521199584 0.347536778775975 ex
1179 2.00974536384456 10.0164022592362 11.3760312108789 ex
1180 2.93227507243864 3.66577955894172 6.05014889454469 ex
1181 7.74443994741887 1.14944124408066 1.76389812910929 ex
1182 5.91237890464254 9.57764518121257 4.00461929221638 ex
1183 11.1221993491054 3.60804840782657 0.821186744375154 ex
1184 6.68197607714683 4.45468031009659 6.0833912959788 ex
1185 7.13072855491191 6.7474401795771 3.85611167177558 ex
1186 8.11990290577523 11.2043398995884 4.6478314648848 ex
1187 0.545064969453961 1.92378863599151 0.188828816171736 ex
1188 9.12886323872954 2.71711566322483 10.9201744378079 ex
1189 4.18285958538763 5.62786576151848 9.4658517758362 ex
1190 8.12459668074735 3.86086723464541 3.23239169991575 ex
1191 10.7034232835285 4.14363293210045 2.4674705946818 ex
1192 3.29516214318573 4.60325135313906 0.739093871088699 ex
1193 2.70236976956949 5.96409510914236 5.66001788177527 ex
1194 10.4396605978254 10.5763540426269 1.68344703968614 ex
1195 0.2690387184266 3.9540128891822 0.410851939581335 ex
1196 3.19828859041445 3.03534852410667 1.12257297057658 ex
1197 1.50325089716353 11.5426923320629 11.6995738612022 ex
1198 3.78617521654814 11.1875513631385 1.81743115163408 ex
1199 2.18582040420733 4.0908590296749 10.5703959809616 ex
1200 4.07744798320346 6.91393703012727 7.29480864433572 ex
1201 11.9842360275798 3.90132245467976 2.73846370261163 ex
1202 2.70793653582223 9.72897480987012 5.28212612797506 ex
1203 2.05553796608001 8.95261103683151 3.86709525901824 ex
1204 9.75540463533252 5.87044161162339 9.60573082254268 ex
1205 4.82963552651927 6.34210770158097 4.04310506838374 ex
1206 2.43661071383394 10.4735313272104 3.03284237370826 ex
1207 9.16806998243555 6.07256175484508 10.4048979489598 ex
1208 7.66714273765683 11.1813470912166 3.42202525655739 ex
1209 7.83365008165129 1.01590165635571 8.1147147223819 ex
1210 7.40877413842827 7.25491204997525 10.4257786662783 ex
1211 4.67023662501015 1.7387447101064 2.35442490805872 ex
1212 10.4846245003864 2.70803636196069 8.41327401879244 ex
1213 0.0443663762416691 10.7705162060447 1.78925378457643 ex
1214 3.4113645942416 9.46383091039024 5.94870972866192 ex
1215 2.28858517622575 10.5718236055691 6.80033374624327 ex
1216 7.3007336629089 6.14594555320218 1.69906391645782 ex
1217 10.3440152814146 5.1344086129684 9.6741030337289 ex
1218 6.25401196745224 11.8987579168752 0.952802842017263 ex
1219 3.47254358511418 5.68724704300985 8.08525783615187 ex
1220 4.82479940215126 0.366217515897006 0.797632765723392 ex
1221 4.10209003882483 9.27284241165034 4.95009838603437 ex
1222 9.00540554546751 8.58640037756413 5.67526814574376 ex
1223 8.68601005268283 4.94813282578252 7.35148189775646 ex
1224 5.41854686522856 1.10345431277528 9.45640122424811 ex
1225 5.53047392121516 7.54627127014101 8.41195576405153 ex
1226 2.16536649689078 6.27133283833973 7.35879899887368 ex
1227 6.94334660097957 8.23685609223321 3.93383769551292 ex
1228 0.53637337568216 3.59296239190735 3.98363751522265 ex
1229 3.66204339708202 0.0606970977969468 11.5634728425648 ex
1230 5.24932513968088 11.1385573523585 5.65398342651315 ex
1231 4.08321264805272 8.34713546233252 5.2069614068605 ex
1232 6.51383948768489 4.96693122060969 10.7703644866124 ex
1233 1.82662656251341 10.4484150570352 9.20580940833315 ex
1234 0.434625945985317 5.71127436542884 9.91915253177285 ex
1235 2.62062719813548 10.2070503700525 4.45064982282929 ex
1236 6.47936467570253 1.5478447645437 8.51993300532922 ex
1237 10.7971985545009 3.05821727775037 2.43115932540968 ex
1238 0.0414651706814766 7.76209477661178 0.0542003738228232 ex
1239 10.4230002991389 6.88340095872991 5.37770612561144 ex
1240 7.95743257948197 4.79639015928842 2.67128945235163 ex
1241 2.13052664441057 9.5387697215192 2.53303319565021 ex
1242 5.79478239710443 7.67167674587108 3.39251292007975 ex
1243 2.51616211747751 8.24969418137334 11.1803230245132 ex
1244 9.0466806399636 6.12562531698495 0.974354316946119 ex
1245 11.1493985918351 1.37705891532823 10.890312790405 ex
1246 11.0341568316799 4.33103049988858 1.12107292935252 ex
1247 2.12903095711954 3.95928589813411 3.56307895411737 ex
1248 3.11319809453562 8.31959560839459 5.78335845773108 ex
1249 8.87463327031583 0.677759993355721 5.74343180074356 ex
1250 5.78409306728281 5.9407702323515 5.10814961907454 ex
1251 10.8178924259264 8.11281635588966 6.8409755253233 ex
1252 7.24533263547346 10.7565411156975 10.435220971005 ex
1253 3.55438021826558 8.6835189955309 10.7540947643574 ex
1254 11.3035977960099 6.8440965693444 4.60325653385371 ex
1255 1.77214748249389 8.0673570742365 3.33117197663523 ex
1256 7.36943270848133 8.92214045557193 5.86909398739226 ex
1257 11.8113533677533 1.38919414649718 0.960901329992339 ex
1258 7.41950531955808 4.06239160289988 7.55164000671357 ex
1259 0.444431385258213 4.54845405975357 7.12885214225389 ex
1260 11.9269598780666 2.90466463728808 8.59042609366588 ex
1261 3.44884317670949 7.6621803380549 4.6339757416863 ex
1262 4.8342894888483 10.5761622232385 4.85054756584577 ex
1263 6.57234821328893 11.2476178170182 5.20941724767908 ex
1264 10.1066072741523 9.1202563745901 6.807295051869 ex
1265 8.60610476555303 1.83298977650702 0.888282862026244 ex
1266 3.65923191374168 0.995962930144742 2.07334831217304 ex
1267 4.38063256349415 2.40460287104361 3.15924457623623 ex
1268 5.16965115931816 9.17632003850304 7.02191876689903 ex
1269 0.524801663588732 1.19617603416555 8.3253791842144 ex
1270 10.9310924005695 7.12126071448438 4.56767410668544 ex
1271 7.10953117441386 11.5894441548735 7.83808526932262 ex
1272 1.03019111184403 5.02485672174953 11.6631659793202 ex
1273 1.10000561876222 6.75758108939044 8.58585895947181 ex
1274 0.869761859998107 10.8874483285472 6.23115437990054 ex
1275 10.3533386029303 7.18420927040279 8.93166381376795 ex
1276 5.64781373925507 10.0027924953029 4.7645171477925 ex
1277 9.13857651362196 1.31483030808158 1.08587098494172 ex
1278 1.51326106884517 11.3134251951706 2.11740535823628 ex
1279 11.3196565259714 2.92974165617488 2.52826249110512 ex
1280 4.93724084575661 0.417152332607657 11.3595689763315 ex
1281 11.1245738831349 6.8385955709964 9.85132954176515 ex
1282 11.102651047986 4.78230631048791 3.64973713061772 ex
1283 7.92803289089352 3.48145794589072 4.86429243953899 ex
1284 5.76760865096003 4.20948781492189 2.57431618357077 ex
1285 2.83291992847808 4.95028229942545 11.0500253392383 ex
1286 10.4704367259983 3.64861853793263 0.135938143124804 ex
1287 7.63799085537903 6.44851387897506 8.39038126682863 ex
1288 11.5228998258244 10.6980790386442 11.6549416668713 ex
1289 6.14888350875117 9.10897163837217 11.9881687168963 ex
1290 4.32284988067113 10.126924339449 7.09617430367507 ex
1291 11.3363643721677 3.72521689371206 6.45930968644097 ex
1292 4.78672254667617 11.1580078026745 7.67201334168203 ex
1293 7.89563689031638 7.86855721147731 5.12638117675669 ex
1294 0.251943805022165 9.87964538065717 5.77623899560422 ex
1295 4.22030545840971 8.87297096871771 11.155384200858 ex
1296 8.76226063678041 10.1867039932404 2.17852819990367 ex
1297 5.20038305665366 0.472503245575354 0.255070449784398 ex
1298 8.06212828704156 6.8831364873331 0.878094129730016 ex
1299 9.70963116548955 7.5968795067165 2.83368999511003 ex
1300 11.1324845398776 10.6845863901544 2.52984960866161 ex
1301 0.759140210459009 10.9083337082993 11.7367835624609 ex
1302 1.77146309660748 7.01269331318326 8.85816499381326 ex
1303 9.0643372265622 3.95427461224608 2.88078863848932 ex
1304 5.40472295461223 3.39381695818156 0.38127447059378 ex
1305 0.532321994425729 0.0391046039294451 5.54972122539766 ex
1306 9.67313872254454 0.13403292815201 6.44992335489951 ex
1307 8.72725695860572 0.976172608789057 8.16685511008836 ex
1308 2.76927078142762 6.7526207503397 10.2913185444195 ex
1309 9.49444015603513 9.03834764659405 10.1305473442189 ex
1310 4.51850709761493 7.06778780953027 7.04970256565139 ex
1311 5.88919288828038 2.24590351991355 6.03591501433402 ex
1312 7.40733168274164 4.53093564836308 3.08181394869462 ex
1313 1.29533392214216 1.06684295041487 4.80706471810117 ex
1314 9.78164174617268 1.57599586551078 11.3234863840044 ex
1315 11.5452915958595 2.47330965963192 5.03133286372758 ex
1316 2.9860411467962 1.88953789346851 11.7418970882427 ex
1317 2.76841264637187 11.9938848803286 10.5363814416341 ex
1318 6.56063470314257 10.524785682559 3.25966631202027 ex
1319 9.1645459511783 11.2060310475063 5.69376387516968 ex
1320 1.17752105393447 1.92232824582607 11.2295367987826 ex
1321 2.01051586819813 11.0010837463196 11.5031842535827 ex
1322 8.10730240796693 4.12970435805619 4.90823995531537 ex
1323 9.16474441764876 8.00638641626574 4.66104240040295 ex
1324 10.0039883546997 2.07403015950695 4.02103417273611 ex
1325 1.18418223084882 9.99373811297119 1.61677306890488 ex
1326 5.31661908747628 10.0309837132227 6.26097393524833 ex
1327 9.34424670389853 9.44210221548565 0.847964047919959 ex
1328 3.87254209374078 10.0726797992829 2.3916657906957 ex
1329 11.7129460175056 6.27020094194449 10.1659426845144 ex
1330 5.6556083613541 7.97778474609368 0.685649975668639 ex
1331 1.72674857755192 5.82524595758878 8.71518357843161 ex
1332 0.130040910560638 2.58958644466475 11.8397367978469 ex
1333 3.97245972394012 9.13557639811188 8.9300848681014 ex
1334 11.093395637814 1.7819142639637 6.05077111697756 ex
1335 4.85543158254586 2.12334713386372 0.856755779590458 ex
1336 8.59536446304992 7.28046370623633 5.92649083165452 ex
1337 0.465282091172412 11.3799125168007 4.1373454395216 ex
1338 3.91866516531445 7.7645916712936 6.2258165278472 ex
1339 2.83255815366283 9.60039356444031 4.68648137059063 ex
1340 4.89544835709967 5.74919891241007 2.35636505298316 ex
1341 7.19109361292794 0.620570534141734 6.2410970069468 ex
1342 8.203808671562 9.80132134142332 8.86160453618504 ex
1343 3.0249589222949 7.60353889176622 8.47538395342417 ex
1344 0.132401724113151 11.3738892811816 8.25731300795451 ex
1345 6.25070896092802 7.14137180428952 11.0060184337199 ex
1346 7.65797997382469 2.81197519344278 2.46241665328853 ex
1347 2.32076124101877 7.85314505873248 2.04943797038868 ex
1348 6.46241125278175 3.06215683510527 4.90330515592359 ex
1349 11.4260647159535 9.23776320624165 3.31330144009553 ex
1350 9.29866238846444 2.91473384038545 9.65014710952528 ex
1351 5.53846984286793 9.3323839623481 11.3719869274646 ex
1352 6.08568295580335 8.70769388321787 6.64478137972765 ex
1353 8.38608899828978 11.5937120171729 9.3932635539677 ex
1354 7.47824565484188 7.42744244495407 7.33901413599961 ex
1355 8.85233293473721 8.71077112760395 7.91833908390254 ex
1356 11.4966721895617 9.80920790485106 10.3635262439493 ex
1357 2.37107936362736 3.1980221203994 8.12642205087468 ex
1358 5.19865286140703 3.19702322199009 2.46658236929215 ex
1359 8.02104442869313 11.1144752537366 7.58484860090539 ex
1360 11.5202114637941 8.27474116417579 4.47150235436857 ex
1361 5.47813104256056 4.45110531384125 1.51552668423392 ex
1362 0.264955030521378 6.12689897557721 3.59434717753902 ex
1363 5.90542049030773 0.215502063976601 7.99727885238826 ex
1364 6.26104380213656 1.39268748089671 0.894476951565593 ex
1365 2.65685307583772 1.44070454663597 9.06862115277909 ex
1366 4.67086402606219 0.321406139293686 9.56462396332063 ex
1367 5.26649317308329 8.81834212108515 1.79068843903951 ex
1368 10.2735353733879 11.6631124084815 5.41625278140418 ex
1369 4.69520799652673 9.0885860142298 8.47529165702872 ex
1370 7.2468633512035 11.6446822830476 5.37142811901867 ex
1371 6.69058749917895 2.14509486756288 1.55575457261875 ex
1372 9.82295425725169 0.534415409201756 5.57963169482537 ex
1373 4.71614342276007 11.8985640862957 0.67946618818678 ex
1374 7.6393907982856 9.06741441227496 1.70589622110128 ex
1375 6.69327150541358 5.36314442986622 7.83834546850994 ex
1376 0.564717105356976 2.89557405910455 0.35866965726018 ex
1377 3.88919682404958 0.550316717941314 3.90871708421037 ex
1378 8.82619310030714 5.51555357105099 7.73744333488867 ex
1379 5.95361255761236 6.60580666107126 2.92453805822879 ex
1380 7.61213670275174 3.14462084369734 0.0559666210319847 ex
1381 10.2166861768346 4.41547273704782 11.4932794459164 ex
1382 6.77811628417112 3.33264390262775 5.52286812616512 ex
1383 3.01601314125583 10.0432906802744 3.81557344202884 ex
1384 8.98451165831648 4.7231953968294 6.49126024660654 ex
1385 3.80618305527605 1.92309674434364 1.4527606384363 ex
1386 10.1770493111107 11.3122259324882 3.32656354596838 ex
1387 6.47108989628032 0.209386883769184 7.81847519730218 ex
1388 6.55993071803823 0.21998353744857 10.3337826465722 ex
1389 7.95776577875949 2.43522881972603 1.5501280319877 ex
1390 11.1403550603427 0.28357688547112 8.83971487917006 ex
1391 4.53820983064361 7.49116901494563 8.79913641908206 ex
1392 3.96583537594415 11.0183503110893 8.94734904402867 ex
1393 6.87287767929956 5.56113775982521 4.30919888918288 ex
1394 9.77899327035993 5.72497695498168 6.69835269008763 ex
1395 3.28822313598357 4.02873921068385 6.92701071221381 ex
1396 7.82758700987324 6.44535719230771 9.21631712885574 ex
1397 3.02850776235573 2.57103679142892 2.83447208208963 ex
1398 8.83731897780672 5.80357724893838 3.57728737452999 ex
1399 0.229161295574158 2.2385396824684 5.43602190329693 ex
1400 4.67402897798456 0.854779143817723 2.102699509589 ex
1401 7.30822647805326 8.10581576311961 6.03333753417246 ex
1402 2.96285477583297 2.78774329018779 7.91424189857207 ex
1403 2.14323424454778 0.411533929174766 9.32390449033119 ex
1404 0.375046841567382 6.9803056884557 9.54257904505357 ex
1405 2.13212393363938 9.70991891482845 0.821747579146177 ex
1406 0.0220605141948909 8.26471687690355 11.9319581571035 ex
1407 0.983642139704898 1.41448935330845 3.09898358816281 ex
1408 1.0284584031906 3.95044824620709 3.83542609703727 ex
1409 11.3475418838207 6.07402208051644 7.97948038158938 ex
1410 3.4558681754861 9.82437276514247 11.5820286930539 ex
1411 9.67205949290656 5.40745546203107 10.6968076680787 ex
1412 0.696861155331135 6.6512633797247 8.20633810316212 ex
1413 9.99135733675212 11.9928106493317 8.44462922541425 ex
1414 6.31037161592394 1.2832248788327 1.64436455559917 ex
1415 0.11860413546674 7.46400229469873 11.1590480569284 ex
1416 3.46837197709829 10.0046092451084 8.01000539027154 ex
1417 7.72942122537643 1.65372334909625 4.88624171703123 ex
1418 5.52471031364985 9.38263539713807 9.62922844593413 ex
1419 4.53008533921093 0.141285906080157 3.41532567213289 ex
1420 2.51099242223427 9.3208486775402 6.25802230183035 ex
1421 8.3256382716354 3.60086797806434 8.12875743000768 ex
1422 3.56653813668527 6.80665011447854 7.11615372425877 ex
1423 3.62489679991268 0.11805678345263 9.05894246441312 ex
1424 6.0933148895856 7.16425991337746 10.5328688654117 ex
1425 9.61799108958803 7.59149473719299 10.5331586354878 ex
1426 2.4632912883535 9.35781805031002 1.85914618847892 ex
1427 5.51876866840757 6.92031650291756 0.119784585433081 ex
1428 8.45154056674801 1.27148036635481 6.93041772721335 ex
1429 7.04297375958413 8.51868532877415 8.95830488298088 ex
1430 9.79767106473446 11.1504573316779 3.68800469418056 ex
1431 0.602065476588905 3.64545391639695 8.07987232273445 ex
1432 7.2851756173186 5.64437007997185 10.740409793565 ex
1433 1.20961142214946 2.45361380954273 1.8428224332165 ex
1434 1.36032457905822 6.55946019268595 11.4283785002772 ex
1435 8.64973142673261 7.64851218927652 7.22282622870989 ex
1436 9.4409058727324 6.41319009521976 9.81790661066771 ex
1437 4.58473367244005 9.36715665762313 6.16420058137737 ex
1438 1.95528032002039 9.58352029975504 7.85689214756712 ex
1439 6.79423491493799 2.45786553178914 4.43785759829916 ex
1440 3.50572870764881 2.28853077301756 8.69990032282658 ex
1441 2.83692283928394 9.16161396773532 8.91060686600395 ex
1442 11.2679385752417 5.03808824974112 4.81483255256899 ex
1443 0.171328003285453 9.0147892863024 9.54840593552217 ex
1444 8.21974861668423 1.07273735827766 7.27919344557449 ex
1445 0.360810309182853 4.65791774890386 4.71505679376423 ex
1446 10.5454976831097 5.3006859717425 6.0657130391337 ex
1447 11.637790896697 4.74822892574593 11.0096858632751 ex
1448 1.93241572170518 6.94640368502587 3.51958306273445 ex
1449 0.597250222461298 4.27242267760448 3.16380322328769 ex
1450 6.02232733694836 7.99299973482266 1.99473110283725 ex
1451 8.82656523375772 6.54433525097556 10.9199909248855 ex
1452 5.03963188640773 7.255015356699 1.82861789711751 ex
1453 11.2440150026232 8.62272643833421 8.48768537282012 ex
1454 8.67451414768584 9.80186803499237 2.11452026502229 ex
1455 2.25513608986512 8.5918159421999 0.0186957174446434 ex
1456 5.02565593877807 6.65939106955193 10.4513182425871 ex
1457 0.583410949679092 8.44182413769886 8.88523102668114 ex
1458 11.0462238518521 3.91766682360321 1.37895622826181 ex
1459 5.50209526834078 3.43478259653784 5.07017028843984 ex
1460 9.34542297339067 10.162920499919 3.74611977883615 ex
1461 0.0878064068965614 7.82912055100314 2.62425981438719 ex
1462 6.58519883966073 11.0618394257035 7.74254053109325 ex
1463 0.135091247269884 11.7769417017698 7.07707960135303 ex
1464 5.69031588337384 8.52220544032753 2.38189736194909 ex
1465 9.27090769680217 3.65632455330342 7.24352060398087 ex
1466 2.33752717659809 0.674137404188514 3.5809554674197 ex
1467 10.8822549378965 8.81532364175655 5.52029271633364 ex
1468 1.76304456102662 5.03088722936809 0.650762382661924 ex
1469 5.97639724658802 7.60887293727137 4.30620916699991 ex
1470 3.14679896016605 9.73659295472316 10.4444004038814 ex
1471 11.8479101511184 7.21889085578732 0.512593700783327 ex
1472 6.75596223562025 9.37962451716885 1.4859821384307 ex
1473 4.62412991933525 11.8044264519121 4.73629594431259 ex
1474 5.89216221217066 1.44893833226524 5.94432177813724 ex
1475 3.81084924656898 0.0900560619775206 5.86039693746716 ex
1476 6.64101430121809 2.91873839823529 8.59492477495223 ex
1477 2.38362905289978 1.70368839334697 7.65406748186797 ex
1478 0.276257494697347 9.8337883031927 7.99602175271139 ex
1479 5.11940385680646 8.62732196575962 3.74566595209762 ex
1480 2.68854273413308 7.35633754194714 7.97872403357178 ex
1481 4.34576390939765 0.310835674405098 4.5336597757414 ex
1482 2.02391514298506 3.34253555908799 10.2122063369025 ex
1483 11.9933850197122 5.79998461552896 8.5281912474893 ex
1484 7.77351301396266 11.1736955887172 1.67506005614996 ex
1485 1.94447889737785 9.48138844594359 10.4438292605337 ex
1486 9.96571784466505 11.0987829829101 4.30417801509611 ex
1487 7.53571051824838 7.46482556848787 6.35141706420109 ex
1488 7.93310326547362 3.52129001822323 11.7671506411862 ex
1489 11.0024396502413 1.28379615629092 11.5570401065052 ex
1490 11.7354503835086 10.5923453487922 10.2407316614408 ex
1491 11.6575280756224 2.73044075630605 9.481069767382 ex
1492 4.37710948125459 3.41936315991916 4.94280304852873 ex
1493 8.22948865382932 10.7848709714599 6.97931097284891 ex
1494 10.0572874997742 10.3214115966111 5.21266005141661 ex
1495 1.28922291961499 4.04639956215397 10.9514288429637 ex
1496 4.12262898636982 5.70937251043506 3.37540837586857 ex
1497 10.9565190947615 6.18220890988596 4.97938064439222 ex
1498 7.32684539235197 5.92990511097014 8.33148384303786 ex
1499 3.8935990834143 8.80951813911088 4.5875217334833 ex
1500 10.9736008800101 8.8149125140626 7.21830303478055 ex
1501 22.6182557782158 11.5643605205696 9.65132678230293 ex
1502 15.4689641436562 11.5223134730477 0.150185114005581 ex
1503 14.2236706553958 6.76093657850288 5.40268046874553 ex
1504 12.042851963779 4.27335431543179 6.94299483462237 ex
1505 13.5389319609385 0.527997061843053 2.98678472358733 ex
1506 14.2956016175449 8.30259319138713 4.22067590220831 ex
1507 14.6411672024988 4.21686228644103 3.51878167269751 ex
1508 22.3124438356608 4.73104310920462 6.5293448176235 ex
1509 22.8680876940489 4.45741419075057 7.03591797710396 ex
1510 16.0431279973127 7.18912262446247 7.24473442789167 ex
1511 19.0248987814412 4.36337452265434 4.37800480658188 ex
1512 21.9636493567377 9.73176482180133 0.537491096183658 ex
1513 18.0673405835405 4.1372134971898 9.2200226590503 ex
1514 16.2644888656214 9.93999936268665 9.80488559836522 ex
1515 17.1122208326124 5.37820935132913 1.12510996148922 ex
1516 12.1690846954007 7.900606602896 8.1720344775822 ex
1517 13.8089379444718 1.09030163753778 8.06933619664051 ex
1518 18.7666704060975 3.41240599099547 9.56243013357744 ex
1519 18.7441660112236 7.86506923986599 10.6721003509592 ex
1520 19.5149872691836 5.75054213241674 3.75637452933006 ex
1521 23.5205868848134 9.97914951876737 2.81843925523572 ex
1522 20.0831170391757 1.82128162845038 1.05586712434888 ex
1523 16.4461900026072 1.53857713169418 10.3502286919393 ex
1524 14.7563173840754 7.99471906502731 8.76149943517521 ex
1525 22.5486751915887 10.4999164894689 11.0989836268127 ex
1526 23.5310712135397 2.38712948886678 2.53117144037969 ex
1527 20.9301503167953 1.60008440795355 6.44500677636825 ex
1528 19.6591604072601 3.66455455380492 3.14321555825882 ex
1529 16.8965456755832 4.8521027949173 8.01571322255768 ex
1530 16.3319560245145 10.8653693723027 11.7892998007592 ex
1531 15.7375088387635 5.19047687202692 9.94738713349216 ex
1532 23.8701618108898 5.62495841830969 8.655950948596 ex
1533 19.3554734585341 5.61001203022897 6.19499913672917 ex
1534 18.0572505488526 8.22588718938641 11.6504766014405 ex
1535 16.2372236398514 4.87201344966888 2.04140983335674 ex
1536 22.5734553269576 9.33900745236315 8.51853907806799 ex
1537 21.6019528796896 6.75111690396443 0.58091621636413 ex
1538 15.7015186357312 5.24393212795258 2.96125403023325 ex
1539 23.2042138217948 4.50092020374723 1.9086494857911 ex
1540 20.7841374857817 3.60432032728568 4.13604507315904 ex
1541 16.8377779074945 2.93248220533133 9.38540777633898 ex
1542 19.0560687850229 2.01018695998937 7.14097122033127 ex
1543 13.1734709662851 11.054420957109 9.59234848921187 ex
1544 23.302513491828 6.86976761138067 0.466302453540266 ex
1545 23.4537013543304 8.11092992313206 7.29193255794235 ex
1546 18.4671900195535 6.89635276026092 4.02905257395469 ex
1547 23.1019948970061 8.5986557577271 10.1500329922419 ex
1548 23.4479464225005 4.97700537415221 7.27744146529585 ex
1549 13.4572752218228 6.78005231474526 3.96567406971008 ex
1550 15.9038740005344 8.57911659241654 9.29288129298948 ex
1551 23.6046935897321 6.26766295847483 9.49176830984652 ex
1552 16.3557971369009 3.95602524653077 9.6997129006777 ex
1553 22.4163632516284 7.17791772074997 2.99273494700901 ex
1554 18.3432052519638 1.59915807261132 1.8932687274646 ex
1555 19.2613152505364 8.18175108032301 0.51477083330974 ex
1556 18.4107554694638 10.8430746141821 11.8326737550087 ex
1557 15.3198617454618 9.53000422334298 1.64718610956334 ex
1558 14.9166584466584 1.76218539173715 3.09147705044597 ex
1559 22.7131344571244 3.66809079423547 1.00598216266371 ex
1560 22.113013187889 0.0518476264551282 9.47945953183807 ex
1561 23.2440674130339 0.409347899956629 7.56947192596272 ex
1562 15.4035249357112 0.509012419730425 5.1298076021485 ex
1563 14.4852694498841 3.07351228035986 3.87315805023536 ex
1564 23.8692986930255 2.70018623746 0.927722887834534 ex
1565 21.7102542275097 1.92364656692371 10.7443290667143 ex
1566 14.9200837875251 0.807177871931344 3.04250544332899 ex
1567 15.5433281182777 1.27894945535809 5.78027609176934 ex
1568 12.1942913869862 10.2156304698437 11.5360762141645 ex
1569 18.3418582808226 5.00192177668214 8.41881415178068 ex
1570 21.4117963060271 1.59209961653687 5.34478982840665 ex
1571 23.5152302153874 5.65273718209937 2.9667433409486 ex
1572 13.1196680038702 5.88762875529937 6.44441566243768 ex
1573 23.6343483796809 9.65272089606151 11.7890352127142 ex
1574 15.6858611754142 3.46091924794018 7.72602409333922 ex
1575 22.7040742235258 4.39873028290458 1.91937653091736 ex
1576 12.2089155788999 0.969280503224581 6.73853200813755 ex
1577 20.578595246654 8.77783083566464 1.64638184173964 ex
1578 18.815426502144 5.53931913571432 4.15491003892384 ex
1579 20.4831839981489 11.8045615237206 11.546687692171 ex
1580 20.320470651146 4.45195222669281 10.5094538973644 ex
1581 22.1266725594178 9.81739462097175 6.42205394408666 ex
1582 19.2068076748401 1.0163521906361 4.7048399252817 ex
1583 15.3992782935966 0.854736670618877 6.13298545381986 ex
1584 19.0011879799422 3.64231406478211 7.39583813142963 ex
1585 17.0236880220473 6.04898749967106 11.0338116812054 ex
1586 19.8855125929695 10.7056141234934 9.4657209853176 ex
1587 19.0428991292138 3.75175609323196 4.90250646835193 ex
1588 18.1672453237697 10.0349093417171 4.89698465145193 ex
1589 12.8321624880191 2.85066960146651 4.07208264432847 ex
1590 18.1436310799327 0.357010264182463 5.92527082888409 ex
1591 16.1551732183434 11.9967623557895 4.05785591807216 ex
1592 19.3213135919068 11.4825117904693 0.582452320959419 ex
1593 17.9613384297118 8.41483947867528 3.22954004327767 ex
1594 18.979469928192 10.3285132269375 1.60034114145674 ex
1595 17.5493402972352 5.8052224740386 8.56806038250215 ex
1596 15.3478924422525 6.8090707170777 10.8655376634561 ex
1597 22.0337563941721 2.24778885999694 6.26811877731234 ex
1598 22.5606267279945 8.66003286116756 8.71593596786261 ex
1599 21.4809325693641 5.3235978204757 6.46869841474108 ex
1600 17.2875884035602 2.59682966698892 3.29707424063236 ex
1601 15.2811582772993 11.545363451587 1.5131753156893 ex
1602 13.2471988480538 7.75218699499965 9.96378194889985 ex
1603 17.4576879038941 6.02322219195776 2.38598879845813 ex
1604 12.7992781782523 11.8084036933724 3.96919477311894 ex
1605 14.140347780427 11.3991335860919 6.94619353837334 ex
1606 21.8995245457627 7.72239520587027 5.89566893689334 ex
1607 15.5697377882898 7.5794817735441 10.6476250793785 ex
1608 23.4947625845671 8.31037706672214 3.02875626599416 ex
1609 19.489318534499 9.62011617515236 5.19584199599922 ex
1610 21.7640004188288 0.0998812932521105 8.3145687750075 ex
1611 21.8781600303482 7.92494079959579 4.11574987275526 ex
1612 19.5483383745886 7.80647383793257 0.148469294654205 ex
1613 20.8506935783662 1.63380955881439 5.89829422393814 ex
1614 16.8035434507765 3.39672059123404 5.58916998282075 ex
1615 20.8793642846867 9.49300285475329 2.02578828088008 ex
1616 20.140107604675 9.51706366194412 9.95207504602149 ex
1617 14.5089981216006 1.37674391060136 4.56182694318704 ex
1618 19.9644047494512 7.98867824324407 4.62272060918622 ex
1619 14.9027851938736 8.82493980741128 3.28313980577514 ex
1620 14.2712879488245 8.42766707763076 1.09682245389558 ex
1621 17.9437694172375 5.36048738728277 7.53895673784427 ex
1622 12.5981149489526 9.3114376575686 11.8368059499189 ex
1623 21.8192085330375 5.81556649203412 9.96229073754512 ex
1624 18.0352746616118 9.37830710969865 6.92291769245639 ex
1625 13.5216542035341 0.192932647652924 4.17851006030105 ex
1626 12.9811165889259 2.72904120432213 5.99960902496241 ex
1627 22.8047788683325 9.65406891913153 9.03871906199493 ex
1628 12.7645284824539 6.1985371876508 1.08632154227234 ex
1629 18.1447321781889 0.37540342239663 9.92473440803587 ex
1630 21.2749466989189 6.78738320316188 2.67689337697811 ex
1631 12.4478894339409 3.14783641835675 2.77805690793321 ex
1632 22.4262747301254 2.26107665686868 7.66521897097118 ex
1633 16.8541150598321 3.34040459059179 4.01036626473069 ex
1634 12.8186212503351 6.6286990866065 10.9755143795628 ex
1635 15.9993920340203 2.00549781462178 2.88821996329352 ex
1636 20.3789076313842 9.92512050666846 4.68885402032174 ex
1637 12.3386907109525 5.48186724469997 2.43748359358869 ex
1638 12.5968817069661 7.25410805642605 0.348769051022828 ex
1639 21.1697316726204 9.09776871977374 11.0543661303818 ex
1640 15.4243290855084 3.17346724122763 2.07364803389646 ex
1641 18.8973189871758 6.01183320488781 11.2945835217834 ex
1642 19.9621687149629 4.01919649681076 3.82355261244811 ex
1643 13.5920346195344 6.27411759458482 4.8811612278223 ex
1644 15.9388773175888 6.81948100379668 7.86889775423333 ex
1645 22.0644187731668 7.8357403522823 9.53730050916784 ex
1646 16.1303547564894 8.63169624260627 7.92769774096087 ex
1647 14.0744714408647 6.46102012344636 3.04197102389298 ex
1648 12.6492410169449 0.198611398926005 0.740839312085882 ex
1649 15.7671485305764 1.30890808976255 10.9578240097035 ex
1650 20.7293552462943 4.67144185048528 7.73552567372099 ex
1651 17.1791739754844 7.1932571514044 11.3732198805083 ex
1652 22.8389652029146 10.6103818991687 10.3519570862409 ex
1653 15.9638313346077 0.215124631999061 9.68591947038658 ex
1654 17.384255602723 7.60343468468636 1.22493634466082 ex
1655 18.9233818606008 6.11393727571703 5.94434356805868 ex
1656 22.1750663355924 0.771304651163518 1.39822826301679 ex
1657 16.9205533976201 6.17225790279917 4.23599066096358 ex
1658 17.5454618979711 2.60860628494993 0.494743466610089 ex
1659 19.5128026620951 4.66035628458485 9.47566618071869 ex
1660 12.9125072213355 8.144074795302 11.3271866301075 ex
1661 22.580057072686 1.05509709380567 0.865146128926426 ex
1662 15.668475542916 4.42164822132327 11.1008792461362 ex
1663 19.4196624746546 3.29530059965327 1.89980727061629 ex
1664 20.7635232137982 2.34297279152088 2.60776049899869 ex
1665 18.5532734324224 8.99454515776597 7.18873078445904 ex
1666 12.7695082009304 1.44160888320766 11.338816095842 ex
1667 18.9379251962528 11.0485805375502 9.81892216182314 ex
1668 12.6498383635189 5.47991711390205 1.99276526132599 ex
1669 21.7249860314187 6.40683622937649 6.23956336337142 ex
1670 17.6467575912829 4.648011458572 2.91914224275388 ex
1671 12.7266139700077 1.91345020383596 5.78969374997541 ex
1672 14.1797613282688 7.41576135600917 0.0815097731538117 ex
1673 17.233593312325 4.61454619211145 1.02760579856113 ex
1674 15.334599483991 6.95976650342345 4.66863139881752 ex
1675 22.2155641796999 6.80077902716585 2.96006237249821 ex
1676 19.1631059905048 2.11803508317098 6.07687560748309 ex
1677 15.2439276953228 10.3881196118891 9.80114256613888 ex
1678 21.3883630987257 4.19690116192214 11.1765114248265 ex
1679 18.3119171855506 2.45554337510839 3.83112994837575 ex
1680 14.9647573740222 9.21690533147193 8.38372168620117 ex
1681 21.3174637285993 1.35686701559462 4.10826712544076 ex
1682 16.1976195841562 11.6883724476211 9.75867393310182 ex
1683 15.9572382443585 0.395559733500704 1.25541606522165 ex
1684 21.2616223036312 2.63930575666018 3.44365110108629 ex
1685 18.0250583924353 11.4147759198677 2.77907547866926 ex
1686 14.9436590424739 7.03318735514767 1.52101778332144 ex
1687 17.5177827337757 3.13163840165362 9.87449563783593 ex
1688 18.420723417541 8.35552518884651 6.95589347137138 ex
1689 23.7276877425611 2.09711119392887 9.3112233877182 ex
1690 21.6618276671506 3.07901276228949 1.10512179369107 ex
1691 18.3824447738007 9.61883300356567 7.80439459369518 ex
1692 13.9273585176561 11.2514686493669 2.09432981209829 ex
1693 17.0802847582381 10.1825097228866 8.37037207256071 ex
1694 14.6761202334892 6.84022372495383 6.99098757538013 ex
1695 16.0560951998923 3.93798339902423 6.84313275525346 ex
1696 14.525311693782 4.3635792627465 11.8407468358055 ex
1697 16.8528849191498 6.77371580852196 5.3911982846912 ex
1698 22.4074685820378 5.73940478707664 6.37319887662306 ex
1699 12.5875695724972 5.58950352855027 0.688731438247487 ex
1700 22.2475584289059 11.1710811965168 2.38815734023228 ex
1701 13.0084522822872 9.93207774031907 4.60459681460634 ex
1702 15.6694971679244 1.59196227230132 1.96989518706687 ex
1703 18.5689933740068 10.6223491679411 10.0640092424583 ex
1704 22.338997754734 7.96629744302481 7.60571052646264 ex
1705 20.8313122936524 7.56542847794481 5.24295038776472 ex
1706 17.7981023245957 0.202358825365081 11.4524250642862 ex
1707 19.0567417419516 6.65678562130779 0.203621595865116 ex
1708 14.7587415748276 0.612010465469211 6.93391790310852 ex
1709 20.1822031780612 2.02359558152966 0.224412272917107 ex
1710 13.0784079052974 10.9398895481136 11.4750384269282 ex
1711 18.2129312322941 9.19861764856614 10.1128819177393 ex
1712 22.2744202129543 2.11709134071134 0.404826117912307 ex
1713 17.7332971051801 11.5791565440595 7.11234394926578 ex
1714 23.4926204681396 0.948998448904604 3.98493678215891 ex
1715 21.5115410732105 1.16847206186503 2.00048634153791 ex
1716 16.8132085537072 9.36793043231592 5.5421033971943 ex
1717 12.4927473536227 10.3221081411466 2.99932943470776 ex
1718 18.7803291396704 8.67215586313978 1.62072621076368 ex
1719 12.8723424100317 5.07650293316692 11.9122984297574 ex
1720 20.1141484016553 3.62490102718584 11.3403122480959 ex
1721 16.5317266907077 6.17607635445893 7.76455998723395 ex
1722 13.9447763795033 11.09902764461 11.3550699972548 ex
1723 20.4788683173247 10.0587649303488 8.980272435816 ex
1724 20.7775445249863 2.10355190257542 3.77862546686083 ex
1725 12.9744855794124 9.66705011692829 4.23105899407528 ex
1726 17.7193598926533 5.99665581178851 11.5046590219717 ex
1727 19.9416206171736 11.433812933974 1.93943298677914 ex
1728 15.3767653279938 2.20540155214258 9.40508470335044 ex
1729 13.9478360801004 9.20518566435203 11.1908827563748 ex
1730 23.7399104472715 0.681370463687927 6.24468890321441 ex
1731 13.3873932403512 5.85639636078849 8.71127225412056 ex
1732 19.2855795167852 11.9118725284934 9.19601469044574 ex
1733 21.8692298932001 4.01699501019903 10.1919440440834 ex
1734 17.4427409807686 8.78965989709832 11.7198136555962 ex
1735 20.9058864172548 7.10412040352821 2.1798764297273 ex
1736 14.0609477183316 10.9793730606325 2.54168526502326 ex
1737 17.2169246622361 6.09322333568707 3.44981786282733 ex
1738 20.0818003865425 2.00505901104771 6.4573263193015 ex
1739 16.2844379919115 5.19317328417674 11.7838350892998 ex
1740 22.6047518015839 11.3348634662107 4.94696508673951 ex
1741 15.6400221264921 1.97697750409134 9.30780289811082 ex
1742 16.4690194258001 6.27014007163234 2.5075832712464 ex
1743 15.0293072424829 2.40474525047466 6.97898395522498 ex
1744 19.6612046961673 3.03462036605924 10.9975556568243 ex
1745 15.2859920421615 0.87013476039283 0.922685297671705 ex
1746 15.6910027230624 1.57234297483228 3.43710303399712 ex
1747 21.5000035690609 10.2032619633246 11.9615031334106 ex
1748 22.1456018150784 9.85784274945036 7.15575860696845 ex
1749 15.0595326873008 10.5893310804386 3.69173170486465 ex
1750 17.5137841433752 8.01840962748975 5.40662372880615 ex
1751 19.7174046516884 2.81674124533311 9.53331364691257 ex
1752 21.815579875838 11.6130613791756 8.50073134852573 ex
1753 20.1652389012743 0.539153231307864 7.03334201779217 ex
1754 12.0985644026659 5.80677680089138 6.7125429911539 ex
1755 21.5336960437708 6.60065475548618 5.13092730217613 ex
1756 21.6727519717533 10.0313985950779 0.732217741431668 ex
1757 19.8066873454954 7.52575899008662 2.39274279703386 ex
1758 22.400891128229 4.1359447860159 4.62590404646471 ex
1759 16.9442940547597 2.84841116005555 11.6318035221193 ex
1760 23.2115758643486 4.59245070931502 6.53214272973128 ex
1761 18.8192530057859 11.0488705781754 6.45367400790565 ex
1762 14.7446140802931 4.47159460163675 5.82127873925492 ex
1763 12.6761582673062 2.20318192243576 2.88135479949415 ex
1764 21.7589886928909 4.41481821471825 4.14088160311803 ex
1765 12.4225425161421 11.2549389966298 4.4068218220491 ex
1766 23.4924380625598 8.52417463203892 0.762153242249042 ex
1767 22.5502258513588 5.27128321188502 11.1081249162089 ex
1768 17.005070409039 4.85030903248116 8.4373469336424 ex
1769 16.7182109549176 8.09236774942838 1.69963513710536 ex
1770 23.0288099409081 10.5944980089553 2.88732279301621 ex
1771 20.1108739315532 3.00959436967969 3.22244253987446 ex
1772 19.7520377801266 8.04539937712252 8.32337283249944 ex
1773 19.0345431833994 5.87674719654024 5.5051070235204 ex
1774 12.3665782441385 5.30240984424017 8.6375476452522 ex
1775 19.0144951848779 7.67857181234285 10.9960706632119 ex
1776 13.5818992492277 10.7209382432047 3.8350757106673 ex
1777 20.135792628862 11.0076169555541 10.8241882962175 ex
1778 22.1086748745292 0.613090862520039 4.9425712225493 ex
1779 23.9800407134462 4.82058982294984 2.07592672342435 ex
1780 14.5619205865078 11.7278261166066 5.99909928604029 ex
1781 16.5710072687361 9.76696699042805 10.2846381396521 ex
1782 14.6345270285383 5.5717015475966 8.85656249034218 ex
1783 12.1174804235343 8.52271316805854 1.4869940681383 ex
1784 20.3118476257659 2.91328522283584 10.7991400738247 ex
1785 23.0620944206603 5.95290496968664 10.4483530949801 ex
1786 23.8042854503728 3.72023272910155 7.00037349388003 ex
1787 15.1174298857804 10.2299547712319 8.51138352975249 ex
1788 22.0316915290896 7.66904287203215 3.36458400636911 ex
1789 20.2491908641532 0.741727255983278 1.59738421044312 ex
1790 17.6018245567102 4.78767408919521 10.2373089790344 ex
1791 23.9730330647435 3.38893128931522 1.69379370566458 ex
1792 22.0254058428109 6.78479685075581 7.46099296445027 ex
1793 23.3350453709718 6.64685535198078 3.7942981403321 ex
1794 18.7773070626426 5.29152750968933 9.50967129599303 ex
1795 16.90425383416 2.10406649112701 6.06430894765072 ex
1796 20.4112281484995 1.29376481100917 0.0235536252148449 ex
1797 17.2482700655237 10.7078704175074 11.8725377484225 ex
1798 18.9642860617023 2.72889928519726 11.8569161877967 ex
1799 18.9896369397175 5.05374290957116 5.38495585857891 ex
1800 19.9624423345085 7.09734413470142 6.88520267815329 ex
1801 16.3795738285407 1.04319507186301 3.04126777895726 ex
1802 22.0009200719651 7.19956641434692 1.75028258701786 ex
1803 22.8619055640884 8.0063749642577 1.46424571308307 ex
1804 18.4595147846267 7.23251447197981 0.683277698466554 ex
1805 22.3812645229045 6.73509673913941 0.949210132239386 ex
1806 19.7679560857359 7.06064523849636 1.07781346258707 ex
1807 18.7940614044201 11.2824863409624 1.39898713747971 ex
1808 12.173791163601 11.6204868336208 7.32765089347959 ex
1809 23.4815718971658 7.44779978622682 10.826584396651 ex
1810 22.0141125801019 11.8947666485328 3.66726600239053 ex
1811 13.4476555224974 4.22297746362165 7.4422823137138 ex
1812 22.1144829804543 11.9676409775857 6.1324174865149 ex
1813 16.8838529477362 9.69628760870546 11.9493907676078 ex
1814 22.1691438104026 2.91702124313451 3.47199588338844 ex
1815 23.9952269615605 10.9690236542374 8.13050544448197 ex
1816 16.5697964432184 0.884239504812285 11.5789651244413 ex
1817 17.289202169748 11.64177244436 6.53432371956296 ex
1818 23.3315134712029 11.137131370604 9.98564430233091 ex
1819 21.4891328844242 0.597796669462696 10.3976186679211 ex
1820 13.0281630908139 6.29055986041203 8.53203100152314 ex
1821 12.5906552970409 4.43443448306061 3.05446747271344 ex
1822 23.9397526693065 6.63904651999474 5.35929625923745 ex
1823 16.0444845966995 0.445222817827016 6.45264592929743 ex
1824 15.1251043921802 11.6722821809817 9.8457334546838 ex
1825 15.8809947064146 4.21529701328836 5.00064874417149 ex
1826 15.0778205248062 10.0083525234368 2.5769518900197 ex
1827 18.5867782859132 7.89714775094762 1.32733318652026 ex
1828 18.9531397251412 2.58824082370847 9.9109510181006 ex
1829 20.4088470605202 0.0654760499019176 4.40338055114262 ex
1830 12.3350943878759 8.72740482771769 2.98722079372965 ex
1831 15.5761796091683 7.53753977525048 0.884515709942207 ex
1832 18.8733371633571 0.689533677883446 6.03330557211302 ex
1833 17.4320802898146 10.555088448571 5.55747958132997 ex
1834 14.241605919553 9.9379783468321 10.9125647952314 ex
1835 16.3460235169623 6.85004696925171 8.63125211722218 ex
1836 13.8084075087681 6.88200093223713 2.73039244697429 ex
1837 17.3302335329354 11.9203645808157 3.11218132637441 ex
1838 16.2286446245853 9.59917617100291 1.38439186755568 ex
1839 19.4334083059803 0.877018947852775 4.42900303774513 ex
1840 22.0138972133864 8.11126589076594 4.4118924268987 ex
1841 13.4367339140736 2.2045799116604 8.1666799725499 ex
1842 15.9033768915106 10.7444219563622 1.60565066174604 ex
1843 20.0539847046603 1.04467502632178 2.37449848908 ex
1844 14.9503655685112 3.05882996995933 8.06983352103271 ex
1845 17.2829031243455 11.8740794691257 9.2071046649944 ex
1846 13.4697607061826 1.50914569548331 11.0982641833834 ex
1847 21.7092835882213 4.41948021622375 9.91925719054416 ex
1848 12.6812822001521 10.9757242021151 1.11212108284235 ex
1849 19.4745556351263 6.3271184717305 8.70504448702559 ex
1850 13.4970603522379 3.68323683040217 2.42038553813472 ex
1851 12.2340813430492 5.82248727348633 10.1597285803873 ex
1852 17.2811444799881 7.47075719642453 9.27618064009584 ex
1853 23.3344697724096 7.9911457230337 7.309568566503 ex
1854 19.3195918828715 3.35082331323065 8.47160431579687 ex
1855 16.2368634659797 7.375083549181 8.19006687193178 ex
1856 14.890943488339 5.59037606953643 0.965847975108773 ex
1857 22.8286816005129 8.51522430847399 9.44117477233522 ex
1858 22.8596783610992 10.4703056472354 5.32305318606086 ex
1859 17.9669632888399 8.07886807341129 9.1545205290895 ex
1860 13.3699735759292 6.86372790043242 5.79257033276372 ex
1861 22.5293265902437 1.68150801421143 3.15550832008012 ex
1862 19.2169247348793 2.47611271915957 1.35806008335203 ex
1863 23.5532437115908 9.34244564617984 7.90858006803319 ex
1864 13.8899866535794 5.94647762621753 10.1053445858415 ex
1865 19.9547725650482 4.8491733178962 5.5878535322845 ex
1866 23.153346857056 5.69546207180247 9.8783495251555 ex
1867 15.5335887467954 11.9439574037679 4.81715407362208 ex
1868 15.6835556856822 1.70251474878751 2.26445682020858 ex
1869 19.9898704525549 6.06245339126326 2.62187510053627 ex
1870 12.3143059720751 8.51352373650298 5.98112783650868 ex
1871 12.3100154371932 7.5161294483114 7.36327473819256 ex
1872 13.8838661948685 9.79544067499228 7.28187470906414 ex
1873 14.1670222273096 9.99614840978757 1.61905402550474 ex
1874 12.4110227092169 4.82882479391992 1.8360378369689 ex
1875 13.672130541876 3.83417512965389 0.296617644838989 ex
1876 21.1710506088566 5.31571134994738 1.93084730952978 ex
1877 14.9453654226381 9.65426516649313 2.16481759399176 ex
1878 15.906742346473 7.59299796074629 9.23237747862004 ex
1879 18.8552157427184 11.2041735944804 0.0734079645480961 ex
1880 22.1387369949371 5.90497741336003 1.94007063074969 ex
1881 21.3599612833932 2.29700824921019 6.31501895049587 ex
1882 16.976453100564 0.155387094244361 8.23540274426341 ex
1883 21.1697292085737 0.122197756078094 11.0246241646819 ex
1884 18.0961044109426 7.58955195173621 11.559138085926 ex
1885 15.9428719670977 9.39666385226883 0.358814894687384 ex
1886 17.6701194699854 3.80357748270035 11.9366560121998 ex
1887 20.2888057348318 11.580239087576 0.514290495309979 ex
1888 23.1364891445264 10.9416128818411 6.21816844306886 ex
1889 13.2802810969297 4.12508807843551 9.15212510386482 ex
1890 12.5814392806496 0.83980824588798 3.77277354826219 ex
1891 16.7184548072983 11.2938316052314 0.775462238816544 ex
1892 23.0015802520793 0.661064933752641 0.856836981372908 ex
1893 21.7064546989277 1.90301305986941 11.3271734497976 ex
1894 12.7355936777312 7.57939769583754 1.1780688976869 ex
1895 16.2762329117395 4.69490725849755 9.65274531510659 ex
1896 23.0919814950321 10.3661233731546 5.00112883327529 ex
1897 12.8020076951943 6.27478005411103 0.233197194524109 ex
1898 17.9788829742465 10.1430973999668 0.679864457808435 ex
1899 23.6508846161887 10.4601303089876 7.78794616181403 ex
1900 14.1602903439198 3.02878823550418 5.3703662394546 ex
1901 22.3195351697505 7.95935630821623 11.4578831505496 ex
1902 12.6048490551766 7.03550463379361 3.80255271191709 ex
1903 14.1171957533807 8.56989658204839 6.19080417347141 ex
1904 13.9095783988014 8.58721398632042 7.08359381789342 ex
1905 14.8875141118187 11.3033703181427 0.434744786703959 ex
1906 14.1390658917371 11.8081336775795 11.3890083176084 ex
1907 22.4013163731433 5.58842817740515 8.40800662315451 ex
1908 12.9438571846113 10.656998711871 7.38825424248353 ex
1909 18.7388025433756 6.21118088089861 3.31244250084274 ex
1910 23.7583377878182 9.6657288139686 4.23268052423373 ex
1911 20.5834822047036 2.72459135088138 5.58485204912722 ex
1912 16.2860869797878 2.01351922587492 2.40489938575774 ex
1913 23.5078827412799 11.6892360427883 8.39644957799464 ex
1914 13.314129420789 6.98585348483175 0.868987131398171 ex
1915 22.9924432588741 9.52004558942281 11.0606994139962 ex
1916 12.7818078852724 3.34030113881454 0.62616227613762 ex
1917 21.4197996428702 11.4496418968774 3.78119748784229 ex
1918 15.8022385032382 3.11331509961747 4.26687102718279 ex
1919 17.3001268033404 2.76187716494314 10.7823976268992 ex
1920 19.3530913391151 10.7137142969295 5.57591909798793 ex
1921 14.8916037897579 10.6013917506207 10.0688561135903 ex
1922 17.6986092925072 6.46921643381938 10.3041353488807 ex
1923 23.0015489924699 1.16104356036521 6.88606055360287 ex
1924 18.1213800981641 8.77541906200349 0.612725370796397 ex
1925 17.2115694019012 3.81840363307856 5.13348352047615 ex
1926 21.5437769056298 8.12925093597732 9.02748171030544 ex
1927 12.7940721493214 5.51093144668266 5.49251143750735 ex
1928 13.6260119911749 11.8514693221077 3.87553478567861 ex
1929 12.5439270837232 8.96110286028124 6.0170101611875 ex
1930 14.5870276761707 2.75634441734292 6.71102828765288 ex
1931 23.1564021511003 3.75585357425734 2.55132775125094 ex
1932 22.7195462943055 3.11459455802105 10.2300728943665 ex
1933 12.4537509442307 1.93558848462999 1.35817302856594 ex
1934 17.8997717883904 4.81624958617613 11.2393678321969 ex
1935 17.129983748775 7.95903096324764 4.09924353775568 ex
1936 15.5850578234531 2.2480964390561 10.4279827347491 ex
1937 16.1777095741127 8.46991111361422 3.59872096939944 ex
1938 16.7536978030112 0.264810432447121 3.0763941812329 ex
1939 14.6801143598277 5.18109052861109 1.63143263431266 ex
1940 22.7245894093066 4.20208873762749 3.00784410955384 ex
1941 23.6331452580635 11.889892393956 5.00348677346483 ex
1942 13.3381723351777 3.69167916872539 11.5824766589794 ex
1943 16.8002176880836 6.1513644955121 11.6435809943359 ex
1944 20.1904196478426 6.34110355516896 2.20196895813569 ex
1945 21.4575966002885 2.98353740782477 1.89101067418233 ex
1946 17.6561184918974 3.68820069544017 1.08645672374405 ex
1947 14.907678215066 2.24043338093907 5.91789259761572 ex
1948 13.8637803662568 10.3206135940272 6.04317792109214 ex
1949 12.0266119062435 1.88023861171678 4.1321406615898 ex
1950 16.0392354500946 1.62318376684561 4.10316595970653 ex
1951 17.7028153559659 10.5398281689268 10.1152703280095 ex
1952 21.4564889643807 11.4659827852156 7.49474786245264 ex
1953 14.4543023537844 2.88004492153414 0.829146133735776 ex
1954 16.4522905894555 4.25801769178361 3.09904260421172 ex
1955 18.1604891130701 2.82149875420146 2.63280135090463 ex
1956 15.7633653311059 11.8727614062373 8.50885074632242 ex
1957 15.5631123178173 1.85706662898883 4.95007180259563 ex
1958 21.0667453175411 7.93203166779131 6.44745118822902 ex
1959 20.3642023925204 0.291326621547341 0.562499607214704 ex
1960 22.2438928820193 6.62189904018305 4.28357631131075 ex
1961 17.8850864754058 4.3879256315995 4.39332591439597 ex
1962 15.3743960468564 0.897265566745773 3.43305084411986 ex
1963 15.3563359742984 9.69239496439695 7.59844265505672 ex
1964 23.3446521293372 8.9588474216871 11.3880335313734 ex
1965 20.9205055437051 11.4663326630834 3.3890444424469 ex
1966 13.9556474306155 4.24317270098254 8.28397741843946 ex
1967 20.9235319383442 3.7137230404187 5.23771252599545 ex
1968 15.9377115119714 11.3770230372902 5.29501795140095 ex
1969 23.8418856440112 4.28924578358419 9.20195487327874 ex
1970 13.7659552383702 9.16244098288007 9.82912398921326 ex
1971 21.6300762908068 1.44891640543938 8.39093085005879 ex
1972 13.0990958942566 0.990729813463986 10.6979013171513 ex
1973 13.6267859926447 7.35587823973037 6.62018183316104 ex
1974 23.186768704094 4.70133676147088 10.144770772662 ex
1975 22.3500866543036 11.7589487875812 7.04291750513949 ex
1976 18.4673371983226 3.6449219933711 8.18436008621939 ex
1977 22.5645453734323 2.66749390633777 5.10047611873597 ex
1978 22.0112449587323 11.1814851469826 5.17311765858904 ex
1979 15.097653280478 0.948935479624197 2.46258664573543 ex
1980 19.7614833500702 5.00929966475815 1.33668699068949 ex
1981 17.0243474387098 10.5096493076999 3.53099688119255 ex
1982 20.040837073233 0.14378456142731 5.73564784857444 ex
1983 22.7429435453378 8.03147452394478 5.74336469429545 ex
1984 19.3009261216503 0.548331883968785 5.94101934530772 ex
1985 16.7099608026911 11.6980821411125 10.2470716871321 ex
1986 15.3888692297041 3.10583306034096 9.32449659029953 ex
1987 18.5932919019833 4.92409341270104 6.80233671609312 ex
1988 19.0290834323969 3.31127339694649 9.84876121720299 ex
1989 18.4173948003445 0.119065515929833 4.22068106662482 ex
1990 21.0523935968522 4.50086058676243 3.78009100235067 ex
1991 13.7601436465047 3.28136173216626 1.92203740915284 ex
1992 16.3697815295309 8.01365873520263 11.0755118702073 ex
1993 15.876154175261 1.26383918104693 7.97831356618553 ex
1994 18.0630277346354 11.3891184923705 7.23980259103701 ex
1995 14.9198099304922 8.50161275826395 7.1958191934973 ex
1996 22.8818634585477 1.4390776255168 4.17889359360561 ex
1997 12.0857792666648 9.04674040200189 3.23740469268523 ex
1998 18.8390073694754 1.05152097949758 8.2167408966925 ex
1999 14.0537344787735 7.25773628498428 9.35688151675276 ex
2000 17.321137533756 4.95177843933925 7.80095204338431 ex
2001 14.9607723716181 11.1569083214272 8.93969114776701 ex
2002 22.3137882861774 9.94716952415183 0.33662768942304 ex
2003 19.1255434062332 1.27656852826476 3.33201411901973 ex
2004 13.8573688201141 3.90413323277608 3.68754473701119 ex
2005 18.7129833081271 11.448944168631 4.33291803835891 ex
2006 15.168208775809 11.2835391799454 7.860034607118 ex
2007 20.0346385100856 5.98799725738354 8.21862984122708 ex
2008 16.4594958457164 7.44672479224391 11.8822639000136 ex
2009 15.2356453989632 2.75372765935026 5.79200016357936 ex
2010 13.35368344374 8.21737941587344 2.29407377913594 ex
2011 19.1765279369429 7.02009591460228 11.0413279822096 ex
2012 15.9387902920134 4.2037628586404 8.25728910299949 ex
2013 18.2690882561728 9.10789843532257 3.25111344153993 ex
2014 19.9286007799674 7.2700474455487 3.98953827610239 ex
2015 16.1715810843743 10.7961081184912 9.89865818084218 ex
2016 15.936876980355 5.78039692062885 1.45691919629462 ex
2017 23.7461090125144 3.65135297272354 5.07000220264308 ex
2018 23.0635283621959 4.65647195512429 4.03856994956732 ex
2019 19.4218731308356 3.96161454613321 0.390016121789813 ex
2020 17.505887259962 4.1062910631299 5.77186106308363 ex
2021 21.5710525955074 7.37337194290012 2.98234437312931 ex
2022 23.7318014954217 7.16048324271105 1.48905653716065 ex
2023 13.7058797543868 8.78376246034168 1.80860388162546 ex
2024 12.1902736264747 3.20668523223139 3.59261934668757 ex
2025 22.3949330726173 0.664035947062075 3.80559893301688 ex
2026 21.0108074718155 11.2552384261508 6.69375818688422 ex
2027 13.444745852612 3.19726272602566 5.05102464696392 ex
2028 13.5786145508755 11.3971385827754 5.19843372656032 ex
2029 14.7186264491174 4.48801366100088 8.50227736774832 ex
2030 15.7174113295041 8.96494495752268 6.498594452627 ex
2031 18.3815004352946 5.00564683577977 3.32918061176315 ex
2032 20.242245755624 4.09590149787255 4.99062044126913 ex
2033 23.2420691582374 7.55078568099998 3.18613411043771 ex
2034 21.6269076266326 5.09432210493833 11.3207144264597 ex
2035 19.2829918935895 6.60198424011469 10.4326691003516 ex
2036 16.3551559923217 7.50189569010399 5.7845703093335 ex
2037 19.7677906972822 9.53273623227142 0.849538504611701 ex
2038 16.8142666951753 9.46568716294132 8.22108217445202 ex
2039 20.3560799632687 4.77961998316459 5.77392516238615 ex
2040 14.356245828094 2.0482716052793 9.05237698974088 ex
2041 15.2390607839916 5.06463352288119 7.84892103122547 ex
2042 20.7854727569502 6.51921995123848 5.55277194548398 ex
2043 21.9030556990765 1.49886757391505 1.2243339959532 ex
2044 21.9192067517433 4.98465677793138 6.76002508238889 ex
2045 15.5271721554454 9.53625427535735 9.87787423492409 ex
2046 19.2902469120454 10.2928132007364 11.2698821956292 ex
2047 16.9078362477012 5.95048357057385 4.26721511851065 ex
2048 18.6075057783164 0.544700065162033 10.4378216003533 ex
2049 20.303669561632 9.6199851706624 6.33976480923593 ex
2050 13.0501728437375 10.8688358075451 8.11065026465803 ex
2051 16.1937622218393 10.0220680481289 6.06243615364656 ex
2052 21.1463805662934 4.75560965179466 1.41638417891227 ex
2053 13.5830313963816 8.94106289185584 5.22730814223178 ex
2054 20.3913537974004 8.67071567312814 9.37088013533503 ex
2055 14.2917015193962 8.06929215509444 8.56697721872479 ex
2056 19.1200805704575 9.67758443951607 11.0402571531013 ex
2057 14.1350685581565 3.98966012313031 11.5203173537739 ex
2058 19.3516935373191 9.32060670969076 4.1801523140166 ex
2059 19.658703225432 10.0203581866808 10.6988672076259 ex
2060 13.4118840810843 2.74288975191303 2.67361257853918 ex
2061 12.6305952758994 2.40691607980989 3.00110832531936 ex
2062 12.0067407502793 1.7306694551371 8.10941301565617 ex
2063 13.0553028548602 9.5238789068535 2.40340406540781 ex
2064 23.7863225773908 4.17268396657892 11.7940819882788 ex
2065 20.128655342618 6.21463101380505 4.85253154672682 ex
2066 14.1521311849356 2.39447773806751 3.56429194612429 ex
2067 14.2639877197798 6.47574497270398 9.82940958370455 ex
2068 23.5744378112722 9.16317421593703 10.1210201531649 ex
2069 15.0355908314232 4.53238282469101 3.04987458558753 ex
2070 17.7661829038989 2.04855189076625 6.99487337563187 ex
2071 16.4711827076972 11.4876821662765 11.3196373835672 ex
2072 17.8467851157766 8.4073808582034 1.73164830659516 ex
2073 19.5872544965241 5.92787613230757 9.79092137259431 ex
2074 21.5415348869283 7.66729633440264 11.3865415600594 ex
2075 19.121017025318 10.7443273463286 3.97949307388626 ex
2076 23.143589141313 2.94397249771282 3.52162966551259 ex
2077 16.3693883474916 4.89185580355115 6.36219823197462 ex
2078 14.0336199845187 6.51225195871666 8.38783154496923 ex
2079 15.0381255394313 2.43303897418082 11.8804655161221 ex
2080 19.090049423743 3.81760594015941 11.0227900457103 ex
2081 23.1005553293508 1.01046868786216 11.6408084169962 ex
2082 15.9542434453033 6.39319415739737 8.32030276441947 ex
2083 16.9972908846103 5.39644553535618 5.43272323301062 ex
2084 14.8607033204753 8.46332418452948 10.7297628261149 ex
2085 22.9181951982901 3.64219339354895 5.80496585206129 ex
2086 15.2958545174915 3.27086337702349 3.4412245543208 ex
2087 20.8200971360784 3.97824799828231 8.97895164880902 ex
2088 15.2200996491592 9.57079077977687 5.31821647076868 ex
2089 16.0987507782411 4.45114708482288 4.51999951922335 ex
2090 19.5072005956899 10.5930743864737 0.665339614730328 ex
2091 22.5306573163252 4.0431796812918 9.51800285396166 ex
2092 23.048610819038 1.22450099699199 1.72759727900848 ex
2093 12.303115288727 4.97113408381119 8.07147985533811 ex
2094 18.1437376597896 6.91795930406079 6.8750872889068 ex
2095 17.7468951896299 0.100548878312111 8.46001884085126 ex
2096 14.7831098588649 10.6899514922407 1.04657853790559 ex
2097 12.5678558563814 8.29279721272178 4.55919874971732 ex
2098 16.0778504023328 7.09541832352988 1.32626350829378 ex
2099 17.0104523217306 2.54896692861803 4.37490532919765 ex
2100 20.7434548656456 8.57170829712413 0.659017774509266 ex
2101 15.8915451942012 8.57688923249952 1.80275135324337 ex
2102 17.3718003958929 5.63237646198831 5.80231324397027 ex
2103 14.2601647856645 6.890246973373 2.806948491605 ex
2104 12.3330276887864 5.31421761354432 9.0531076178886 ex
2105 17.4340642255265 1.88647579052486 5.78950249706395 ex
2106 12.5173260127194 3.7941171976272 9.65190224838443 ex
2107 12.3043413131963 1.49234501388855 2.25726244342513 ex
2108 13.7174257929437 11.9085253598168 0.372874475084245 ex
2109 22.7834327386227 3.73730159155093 2.11704883282073 ex
2110 20.1355118709616 3.76530834985897 1.48199642286636 ex
2111 22.9454515031539 0.0017235055565834 6.57520887977444 ex
2112 14.0922988306265 4.93361476669088 10.5980781703256 ex
2113 22.138851133408 5.52614181954414 3.85479917377234 ex
2114 23.9799723816104 3.98475676565431 0.247853951761499 ex
2115 21.8147155842744 10.5193795834202 7.13049472495914 ex
2116 20.4973367461935 7.83039441052824 11.5460477673914 ex
2117 14.8097864694428 9.28528115409426 7.04414942464791 ex
2118 17.0848114234395 3.22658186848275 2.51257713628002 ex
2119 14.1606144332327 9.11079801945016 4.24177655298263 ex
2120 20.4594060785603 8.60937316250056 6.41953176446259 ex
2121 14.6374103650451 1.65031268750317 2.21887717489153 ex
2122 23.2083907166962 5.25501117715612 11.3662439747714 ex
2123 13.0280303689651 11.530026097782 10.3000090189744 ex
2124 23.6986343087628 2.71680656331591 1.02935490407981 ex
2125 21.4304217523895 5.95179845509119 4.5621894353535 ex
2126 18.5469362162985 10.8856023515109 3.6405414189212 ex
2127 12.9306167974137 2.52415518928319 6.4573875151109 ex
2128 21.1230904620606 4.65274170180783 0.973305646562949 ex
2129 12.8131913992111 6.51153315487318 11.3406784338877 ex
2130 22.9883601621259 2.12094976892695 10.6055531457532 ex
2131 15.4309220567811 8.16706456453539 10.020177063765 ex
2132 20.7586811219808 4.72058848128654 1.88913495116867 ex
2133 20.8642905396409 2.3597094588913 9.23596222954802 ex
2134 17.0754120124038 8.00203782436438 4.63816372328438 ex
2135 15.3007595574018 9.67544860974886 10.766613143729 ex
2136 13.791301793186 6.67643341305666 7.8543102836702 ex
2137 15.8101119569037 5.7433809817303 3.48613108391874 ex
2138 19.7267099842429 0.987388082081452 1.42166609154083 ex
2139 12.6256894543767 3.30575274722651 7.3992157834582 ex
2140 20.1616546271835 0.992693429579958 11.3037908959668 ex
2141 20.5085569852963 9.9290343686007 8.33312447112985 ex
2142 16.9170657785144 3.99492054595612 3.88199980347417 ex
2143 13.3316480440553 3.05366873927414 7.40906800981611 ex
2144 22.7168798276689 2.94762638304383 9.55588323576376 ex
2145 22.5771480631083 2.34968480467796 2.03604684211314 ex
2146 21.1353314900771 3.14590250351466 10.5231522182003 ex
2147 12.5439778163563 2.55799363809638 1.75038158101961 ex
2148 19.6432801992632 3.36010151100345 5.33748803450726 ex
2149 16.8830181616358 11.818171353545 2.73366654897109 ex
2150 16.3119488200173 3.68189156427979 10.6123896602076 ex
2151 15.5642952267081 3.94471722375602 10.656209443463 ex
2152 23.4407534766942 8.90845485031605 4.41422516712919 ex
2153 21.6674855137244 9.26011447329074 5.83593510393985 ex
2154 20.235846581636 5.234160579741 1.21513048629276 ex
2155 17.0056832171977 5.67375753913075 6.82450864743441 ex
2156 21.3202672363259 10.2610769146122 1.94179086945951 ex
2157 14.8919855819549 5.76486525288783 4.2200682698749 ex
2158 12.6631092410535 6.42911883560009 6.81039289408363 ex
2159 12.2879491560161 1.4746387375053 10.0420671424363 ex
2160 17.1801428662147 1.11417242093012 10.7729470590129 ex
2161 14.5609910951462 7.25833993032575 7.46203150390647 ex
2162 13.7676873560995 4.56613326794468 4.19529644423164 ex
2163 17.6749470429495 11.5600555080455 8.36226119101048 ex
2164 19.5975299298298 0.494466140633449 9.05942732188851 ex
2165 23.5681841545738 4.96358975348994 5.39997884491459 ex
2166 23.7437576761004 3.41200051712804 4.15830509550869 ex
2167 22.6828836312052 10.6843988103792 4.18047864222899 ex
2168 17.5258013245184 1.84607354388572 11.9746924201027 ex
2169 14.0148116033524 4.0034904864151 0.583448780234903 ex
2170 17.7019276169594 5.64697699481621 3.16742835892364 ex
2171 14.723047595704 7.78828898258507 5.47358436929062 ex
2172 13.7981354023796 10.4404252246022 5.58552388194948 ex
2173 17.6245387413073 5.5790479388088 2.99465360795148 ex
2174 13.7233037792612 3.43910859734751 9.84303591540083 ex
2175 12.8689928115346 9.46632289863192 6.94359002518468 ex
2176 16.9815991045907 4.50565822212957 0.273187469225377 ex
2177 18.7456682729535 10.2005043679383 5.09096972155385 ex
2178 15.5939635364339 4.0471594883129 9.70920696295798 ex
2179 15.3858249674086 8.80891063204035 2.96186945214868 ex
2180 23.3269948086236 11.8887604163028 11.6508176245261 ex
2181 22.0260066632181 7.20783515041694 0.150529530597851 ex
2182 16.8850822832901 11.4784010704607 5.33495523780584 ex
2183 14.5162632432766 3.76160798268393 1.79110047547147 ex
2184 18.3381658541039 1.61300873267464 5.76551135373302 ex
2185 18.9339919560589 10.2359769705217 8.60743480618112 ex
2186 15.672776597552 5.54345405846834 5.51683166762814 ex
2187 18.1545073115267 3.69475333113223 6.67927162116393 ex
2188 19.2424444360659 8.05269544338807 10.3528173030354 ex
2189 12.276505360147 10.6995751883369 10.6350606670603 ex
2190 17.1957709463313 7.38361230259761 8.77457086835057 ex
2191 13.1640407475643 4.39805976068601 11.2713667980861 ex
2192 20.2202371004969 4.51842377823777 9.8779626339674 ex
2193 21.063061846653 5.13001273735426 0.270080599701032 ex
2194 22.0451866802759 5.06372431572527 5.42380200815387 ex
2195 12.5252486288082 7.74784452072345 9.76295938086696 ex
2196 14.372998949606 3.01888083992526 2.64093936234713 ex
2197 13.9398540356196 9.19306370918639 8.34240034851246 ex
2198 16.3673914028332 4.68124766787514 1.58189901360311 ex
2199 19.9036476567853 1.52861643396318 9.22376771480776 ex
2200 19.2241907906719 11.5703695940319 2.71422896767035 ex
2201 12.7884128605947 10.8312261314131 9.23775095050223 ex
2202 16.2302492049057 8.53136669355445 8.06326349498704 ex
2203 13.8995929090306 7.32644665124826 3.61002265149727 ex
2204 23.9198037418537 9.49184822523966 6.22432707296684 ex
2205 19.2744872588664 10.0214974875562 4.1979595257435 ex
2206 23.7226858697832 1.14699964225292 0.787891631713137 ex
2207 23.2251030965708 1.15846615028568 5.27996246865951 ex
2208 17.4644070847426 0.265136519446969 1.43264341377653 ex
2209 23.3964342460968 1.11043497687206 9.44752048095688 ex
2210 14.5373860499822 7.35643233498558 10.7456743512303 ex
2211 23.3471173543949 3.56530413869768 10.3813196455594 ex
2212 21.5166115767788 2.99472887348384 7.306407954311 ex
2213 18.1859017319512 1.48766728467308 0.383350934833288 ex
2214 23.3712668884546 11.6735923930537 2.96560255228542 ex
2215 13.2477478997316 9.38836255832575 6.14181811548769 ex
2216 23.0561436361168 11.3241105834022 3.72426623478532 ex
2217 14.0364153047558 10.2661058052909 3.00738532538526 ex
2218 15.7207049080171 6.52971158432774 3.5986733273603 ex
2219 22.0743357841857 1.08720859955065 6.59554559201933 ex
2220 20.4482189239934 1.38564482075162 11.1300599274691 ex
2221 23.4296273738146 11.8228141346481 7.4050390238408 ex
2222 20.0399554402102 10.7366085057147 1.52161202789284 ex
2223 15.3528605101164 1.1210389775224 11.5810188127216 ex
2224 16.0745444858912 9.81404939247295 2.55742661119439 ex
2225 19.5390329025686 1.36330518941395 1.83875886397436 ex
2226 14.2972303677816 5.21988804498687 9.36321314773522 ex
2227 12.4875899595208 1.45226517016999 0.601573372026905 ex
2228 19.902764593251 8.14592221914791 6.9358536824584 ex
2229 20.9545045148116 8.96931813727133 11.4670934651513 ex
2230 20.7272253313567 10.9363627845887 11.1582921736408 ex
2231 15.6947296545841 0.19880140107125 7.93714370299131 ex
2232 14.6478141068947 8.53897872241214 9.52090793079697 ex
2233 12.2686651311815 6.97800189559348 7.16503980290145 ex
2234 19.2731174437795 11.774639674928 4.14157052291557 ex
2235 13.1229002631735 2.0383606213145 1.3457521374803 ex
2236 14.1844330010936 3.28197075962089 10.9550480311736 ex
2237 14.7691620553378 5.19813022040762 11.3744451161474 ex
2238 16.5707480588462 1.78930154675618 7.7140375811141 ex
2239 16.082929572789 0.69278318551369 7.80934856389649 ex
2240 20.2093928752001 7.12863253382966 0.686476647853851 ex
2241 15.0444755158387 1.90821453370154 8.89256922597997 ex
2242 23.9391700327396 1.15429307124577 8.56420002086088 ex
2243 12.510990308132 2.4951345147565 11.3030678825453 ex
2244 22.2564765757415 5.05127146677114 4.89900111872703 ex
2245 22.653237327002 2.37043188815005 1.337696663104 ex
2246 22.9643176486716 0.0622940408065915 7.4940987075679 ex
2247 20.952504536137 4.43763363594189 2.47562048444524 ex
2248 17.6041501136497 0.83165323943831 7.89421452884562 ex
2249 20.8628774560057 5.18270427710377 2.42323088808917 ex
2250 19.3856762803625 9.40438033104874 10.7335151343141 ex
2251 16.4821307226084 1.06798693723977 1.51076694577932 ex
2252 19.6511955999304 6.60616795555688 7.3860847025644 ex
2253 12.5126173056196 5.94887481839396 4.13138863211498 ex
2254 15.3084215172566 9.38671932043508 3.29364878265187 ex
2255 12.4078767313622 11.6706976643763 2.62983788875863 ex
2256 21.0937282778323 3.17155836615711 0.623520728433505 ex
2257 14.8096310431138 0.717079277848825 8.96207072236575 ex
2258 21.9823323832825 0.748742674710229 5.1065512469504 ex
2259 17.209775980562 9.32958775130101 8.27694944269024 ex
2260 12.072007955052 8.24232684541494 9.35635441285558 ex
2261 21.8237289986573 0.508530747378245 4.95820932206698 ex
2262 15.5247398952488 2.0410514457617 0.1437213413883 ex
2263 12.9209966191556 11.8144134930335 1.31242094119079 ex
2264 23.0623312934767 10.4107966716401 3.38900818559341 ex
2265 17.8967543754261 1.67694331449457 0.770849831169471 ex
2266 15.4613049151376 3.94015527376905 1.6828153252136 ex
2267 14.1936215283349 0.559907702961937 5.64463888457976 ex
2268 12.8944190889597 2.31341756251641 9.47358475648798 ex
2269 22.2316524500493 8.45639856089838 6.44711288786493 ex
2270 22.7711501775775 6.39398620161228 9.65126754064113 ex
2271 21.6565395663492 9.60682881716639 2.50342718535103 ex
2272 20.0365945308004 9.73725199094042 1.02188858436421 ex
2273 14.8183719720691 1.63999597658403 0.593681316589937 ex
2274 19.7160861063749 10.8778036385775 7.03508171695285 ex
2275 14.2351424498484 2.67503370088525 11.0664802317042 ex
2276 14.3409252336714 5.77262621256523 10.5061608960386 ex
2277 20.4571737165097 6.38819829607382 1.44750372855924 ex
2278 16.5907662098762 9.10155936982483 6.48960678861476 ex
2279 17.7140391438734 3.81811406253837 10.3995804763399 ex
2280 18.4452836355194 2.98439740738831 4.51160890818574 ex
2281 23.7141715714242 6.62087312224321 8.38022567937151 ex
2282 15.6929952926002 6.98517999006435 2.83757418580353 ex
2283 21.4113855455071 0.435832334216684 9.75128396064974 ex
2284 21.9728831104003 3.2520528214518 2.19537138822488 ex
2285 21.2122353021987 8.77601637761109 8.81610387843102 ex
2286 13.1615917000454 1.06615208252333 7.44574119895697 ex
2287 17.4984513095114 8.29947236087173 6.99127874197438 ex
2288 13.3288162995595 2.27939167106524 0.0152801794465631 ex
2289 12.0133744245395 3.98125203885138 4.24861812964082 ex
2290 13.2215942800976 0.529191475128755 0.315795079339296 ex
2291 18.4942974373698 1.8046032669954 7.08735703863204 ex
2292 14.5289461342618 9.05749104823917 6.90468231658451 ex
2293 14.6808782147709 11.4314289484173 3.89912391547114 ex
2294 17.6147535757627 9.47194170067087 7.82515957159922 ex
2295 14.7234181396198 3.18710873019882 0.937725288560614 ex
2296 21.1010727575049 11.6701545161195 10.3425524183549 ex
2297 16.7506283503026 5.26902216137387 0.996463479008526 ex
2298 15.7508294924628 7.1441698234994 4.4905829729978 ex
2299 19.2979669994675 0.563114496646449 2.79995836922899 ex
2300 19.7774252062663 1.61879635136575 10.6989416237921 ex
2301 21.3427962763235 7.23988840961829 8.55749113997445 ex
2302 23.8209950453602 3.64679590216838 11.3279601042159 ex
2303 23.531245105667 10.1337939624209 4.40725959395058 ex
2304 17.6440731880721 6.39932643948123 7.8833903784398 ex
2305 15.286611067364 8.03439230402 0.139386914670467 ex
2306 18.8737133336253 5.71732641221024 6.00508939777501 ex
2307 19.18885301915 11.0485745114274 8.45948816882446 ex
2308 16.8740623269696 11.6998744949233 8.22275910712779 ex
2309 13.959693457 4.28981176880188 3.03199754771776 ex
2310 13.3378667181823 0.0122118629515171 7.75852217711508 ex
2311 15.5496337956283 6.16386445402168 6.25594711024314 ex
2312 12.9189969527069 4.0117331603542 5.19401117484085 ex
2313 18.5441321290564 0.0415895548649132 0.520424014655873 ex
2314 14.5210936723743 4.68637253972702 1.89056855021045 ex
2315 18.7328558431473 2.89677438070066 5.47438800684176 ex
2316 22.395133837359 9.58286307798699 2.34072847547941 ex
2317 15.3102902777027 1.01791076175869 0.432993368478492 ex
2318 19.8736389619298 6.12850128766149 5.36520511982962 ex
2319 16.523376980098 5.92707640002482 3.77404996939003 ex
2320 12.4703532045241 9.78391703567468 10.7821356335189 ex
2321 21.04341926286 11.2392321911175 4.42426756559871 ex
2322 15.977655949071 6.54660079465248 11.2024494037032 ex
2323 18.1405306947418 6.79946388211101 8.65906607010402 ex
2324 17.3383663573768 10.5941866566427 2.50690880930051 ex
2325 17.019472389482 9.45256469980814 3.9943475688342 ex
2326 16.6553317161743 11.0748288584873 7.75184168783017 ex
2327 23.7160249310546 10.459958653897 9.37417751923203 ex
2328 20.8186284578405 10.3604549295269 3.51272219442762 ex
2329 18.3672240250744 8.60458028223366 2.15627030748874 ex
2330 13.8011739088688 1.60160770220682 2.7337631310802 ex
2331 21.988856279524 6.07661472074687 4.12476146640256 ex
2332 14.3685473122168 2.00770473852754 10.598016823642 ex
2333 12.6747254121583 7.67209867900237 4.06152308941819 ex
2334 12.0151100414805 2.97292801644653 8.73889884981327 ex
2335 12.947739853058 6.6395975635387 5.88529321085662 ex
2336 15.1976581274066 9.47956822393462 4.85795834194869 ex
2337 13.4027102417313 6.9061516711954 6.33778527495451 ex
2338 17.3268206620123 6.27883020066656 9.56807717122138 ex
2339 20.5275128313806 7.4086110801436 6.95857554627582 ex
2340 21.3591771726497 1.29369475669228 7.68517205445096 ex
2341 12.8132014595903 7.22234638431109 11.9596201905515 ex
2342 18.4075999846682 9.15448849461973 8.60482586640865 ex
2343 19.9625089012552 7.13284497708082 8.16559803299606 ex
2344 16.7364909111056 6.71777435881086 10.543977572117 ex
2345 23.1039046067744 11.5157619114034 1.24464466120116 ex
2346 23.0963282915764 5.33372320095077 3.88580076163635 ex
2347 23.2989816889167 1.66411047615111 7.61824677861296 ex
2348 18.448386576958 7.99308520159684 9.07267277920619 ex
2349 23.1092198875267 3.32199637242593 3.53241092059761 ex
2350 19.2524662858341 10.510483562015 8.65430350298993 ex
2351 13.5322712298948 2.62971040606499 5.07753406581469 ex
2352 12.9695320103783 10.8555895118043 8.00869468366727 ex
2353 18.6746053057723 9.85134733351879 4.39644855842926 ex
2354 19.6313149738126 4.39391154935583 7.4262374821119 ex
2355 19.2134319290053 11.79659969965 6.18592171836644 ex
2356 20.93667241605 5.98701638798229 5.79645286779851 ex
2357 21.625151209766 1.25961769837886 0.0387336001731455 ex
2358 20.7982719389256 10.063865740085 10.0896076380741 ex
2359 18.2743375042919 1.06533379945904 6.81813785224222 ex
2360 16.2924796056468 6.75801178743131 9.68435775232501 ex
2361 22.208076287061 1.39794728741981 5.00280512147583 ex
2362 17.5514008756727 8.92938140942715 10.5763895593118 ex
2363 18.0525459588971 5.31397545477375 1.21473321737722 ex
2364 14.2464065235108 4.68400455545634 6.63274585269392 ex
2365 13.3703455254436 1.71656010206789 3.12059483258054 ex
2366 20.4272514507174 6.11063110013492 8.45225127716549 ex
2367 22.447016810067 4.72670110338368 2.4638989304658 ex
2368 16.8622853285633 2.12354309577495 5.48860543547198 ex
2369 16.2531661491375 5.02849908708595 9.69571516197175 ex
2370 19.1803767362144 5.88504383410327 0.78146482235752 ex
2371 15.6380178346299 5.77586330031045 0.175427540903911 ex
2372 22.0768366358243 0.268230797722936 10.0778568242677 ex
2373 23.0117875011638 7.2666092144791 11.6928384515923 ex
2374 13.5657743646298 0.247520567616448 6.43483653618023 ex
2375 17.1937313729431 10.8809364184272 7.08211531955749 ex
2376 19.4816968955565 1.98492502979934 7.23419740144163 ex
2377 15.6683075118344 9.91103728604503 2.50839205551893 ex
2378 18.4052099650726 5.55162028945051 7.85406445106491 ex
2379 18.577527816873 10.140491427388 2.26037832605653 ex
2380 18.4594564586878 9.92317559057847 11.6489449322689 ex
2381 15.9867636789568 4.41014570510015 6.66314398939721 ex
2382 12.5136339361779 2.55650191078894 0.84395162621513 ex
2383 22.2489965681452 3.02052580355667 11.6133330760058 ex
2384 18.3378258165903 9.47597573604435 1.96693826792762 ex
2385 16.8337210626341 9.82479129475541 4.14740436314605 ex
2386 22.5319603341632 6.44170498149469 5.00905753136612 ex
2387 21.3872244921513 4.96795848966576 8.40706561668776 ex
2388 16.369481603615 8.77191989729181 4.52127278898843 ex
2389 13.6830452289432 7.42325436579995 7.83022833871655 ex
2390 20.784714955138 7.60652523068711 9.02385423029773 ex
2391 19.1904330046382 3.70802273321897 6.46679201582447 ex
2392 13.8398078288883 8.34594623814337 11.8413597061299 ex
2393 18.6100772840437 9.22837696387433 2.08946065092459 ex
2394 17.8716803095303 2.05632085539401 9.56453330954537 ex
2395 14.8957734636497 7.26582035026513 4.41328269126825 ex
2396 21.2841761498712 8.59167457604781 0.544409558176994 ex
2397 14.3468489623629 1.20258931117132 1.09626475186087 ex
2398 23.2207040188368 1.53399925562553 4.45762835908681 ex
2399 23.8834952644538 9.68976395134814 9.41299075027928 ex
2400 14.351092148805 0.246366343228146 10.6243041565176 ex
2401 14.5096509072464 5.86696118209511 5.00689057330601 ex
2402 18.6705663655885 1.43224335997365 2.85169836157002 ex
2403 16.8451763484627 0.145885032601655 1.52189906942658 ex
2404 17.5287215327844 6.77705716737546 6.76677960692905 ex
2405 21.1764958158601 8.82670874428004 3.87250348157249 ex
2406 18.2314923349768 9.28776016714983 5.04530691122636 ex
2407 22.0704348948784 1.6236211664509 10.2930738045834 ex
2408 12.3799341204576 9.9104691692628 9.36478177295066 ex
2409 19.49562458531 1.94937925413251 0.545327138854191 ex
2410 18.481773957843 3.88040023646317 10.8077437526081 ex
2411 19.317370227538 6.35352249746211 3.18195171537809 ex
2412 15.4126262939535 7.26462028501555 3.45770518272184 ex
2413 13.380720569985 8.45489394990727 4.79743006359786 ex
2414 13.7019630300347 8.09728918923065 0.916052625048906 ex
2415 18.6679389465135 0.715019864728674 8.09996430249885 ex
2416 16.8348487233743 10.5414456205908 7.79127315967344 ex
2417 14.7169201062061 9.06671573966742 9.3866387763992 ex
2418 14.3386694535147 5.12912510405295 7.40157211921178 ex
2419 20.77651460981 0.859918437199667 3.20037066400982 ex
2420 15.3401250399183 11.9089644975029 10.4261175433639 ex
2421 21.7015535642859 11.6191884237342 1.23206723900512 ex
2422 22.3677913059946 0.0339440139941871 5.90273263538256 ex
2423 18.0392442056909 4.68425765261054 5.46169841033407 ex
2424 23.1157109257765 5.96991076925769 7.93214062904008 ex
2425 18.9897924030665 4.29055219213478 8.83212615083903 ex
2426 17.8124032502528 3.26930902013555 8.14531525038183 ex
2427 19.5752856503241 6.66328309709206 1.51268972130492 ex
2428 14.9651979592163 0.379477055510506 7.78933433280326 ex
2429 17.7480016404297 7.96968252537772 0.321424743626267 ex
2430 12.2025574294385 1.06719986535609 7.73190427199006 ex
2431 18.3502340160776 7.27700847759843 4.55767329852097 ex
2432 23.2284408314154 7.85380870709196 0.881749779684469 ex
2433 12.7138467261102 0.326283449074253 2.62636819435284 ex
2434 21.7299603456631 10.6001669929828 2.5144170448184 ex
2435 21.6136434467044 3.75073519814759 11.3991039898247 ex
2436 21.7835555193014 2.75709697208367 4.8864154079929 ex
2437 20.1060013198294 8.61483343411237 3.14877069741488 ex
2438 19.8755497620441 4.68279752787203 6.26650717714801 ex
2439 22.2699880159926 10.3662133966573 9.70795883634128 ex
2440 19.0422554651741 7.0312006988097 7.34398185834289 ex
2441 18.2858696018811 3.76077681570314 11.223719580099 ex
2442 21.6557930808049 8.97653654473834 7.77822545496747 ex
2443 15.8427104225848 9.15534194977954 11.2697838293388 ex
2444 13.0183079577982 5.14623644761741 4.56105565209873 ex
2445 15.0545861658175 4.31446917820722 1.06733794766478 ex
2446 17.5085420589894 2.39434605184942 11.7282627229579 ex
2447 23.4020942617208 8.92150397715159 6.86634653853253 ex
2448 21.0074365530163 9.78273210441694 8.57411664840765 ex
2449 15.5981544025708 0.710008481983095 4.22494693938643 ex
2450 22.9255978681613 8.81978955096565 10.2899708186742 ex
2451 20.1481763150077 6.40590420900844 7.3202557542827 ex
2452 18.1572202702519 6.42329089180566 9.47826055344194 ex
2453 14.3572660670616 10.3849867205136 0.615709614008665 ex
2454 20.3122559159528 4.2226694652345 6.45911177527159 ex
2455 22.4428492712323 3.96955173835158 6.23301979177631 ex
2456 16.6977672835346 8.43178636487573 5.23062903643586 ex
2457 12.2826140301768 6.49920652643777 2.63136732554995 ex
2458 12.636901270831 1.71198467817158 3.00993113196455 ex
2459 19.1050016204827 0.030795895960182 10.5593208482023 ex
2460 21.3796908406075 2.908669606084 10.2163490278181 ex
2461 19.7481777477078 0.619147425284609 11.9629860310815 ex
2462 17.6595455245115 0.362405728083104 9.46934041101485 ex
2463 17.9159670288209 9.0358284432441 4.29529089294374 ex
2464 18.3250072689261 3.73787555331364 2.40921910223551 ex
2465 17.7476983000524 5.60300682461821 0.412416619481519 ex
2466 15.0038888824638 3.95001870859414 6.51804408384487 ex
2467 14.6220511186402 4.90929964347742 4.2193198131863 ex
2468 17.2200260809623 11.2270545985084 4.20419745054096 ex
2469 20.5978184891865 5.19776688353159 4.71129739843309 ex
2470 20.0768445257563 11.4205137714744 5.68498426722363 ex
2471 19.0321364193223 11.01101158862 10.9596461125184 ex
2472 18.2259242292494 2.8240897199139 1.25322038820013 ex
2473 22.4010694334283 6.56978714140132 1.70694385282695 ex
2474 22.2362853104714 6.32521269028075 6.73779561929405 ex
2475 15.140927818371 4.11457399721257 7.09366115368903 ex
2476 17.8487543675583 10.2484528243076 1.29326118365861 ex
2477 21.0611191308126 6.56129832891747 8.64188853371888 ex
2478 15.9431984936818 9.83068834571168 6.36572598526254 ex
2479 19.384889109293 2.78877875069156 5.48332981253043 ex
2480 13.0419201105833 8.00460226740688 9.97196761099622 ex
2481 16.0311659048311 5.39733897312544 1.70237258193083 ex
2482 16.1791964678559 4.91509635606781 10.9382154275663 ex
2483 16.7148664093111 2.5122713141609 3.94696657569148 ex
2484 23.0506338661071 1.86113878898323 3.48101190850139 ex
2485 16.5148460473865 3.95105499052443 0.185485914815217 ex
2486 22.4605044589844 7.50345379975624 4.59092789399438 ex
2487 15.451241733972 5.35171652911231 8.76625522878021 ex
2488 16.0521600788925 10.5352653688751 3.4039724287577 ex
2489 17.6182911179494 1.70419977302663 9.24089535139501 ex
2490 13.689752122853 5.10686966706999 7.02529101911932 ex
2491 23.3246584150475 10.7310772521887 1.02351388707757 ex
2492 13.2354345226195 0.573771752184257 9.73437056969851 ex
2493 13.778819343308 6.25116729619913 1.98914864612743 ex
2494 17.0696496393066 7.77603706833906 10.3333758367226 ex
2495 13.1294893915765 2.82756772544235 11.190495248884 ex
2496 21.2015762610827 11.8940993691795 9.53659418155439 ex
2497 16.2995878271759 4.72308089467697 7.77920679259114 ex
2498 23.3713415036909 9.04149686917663 0.960990841966122 ex
2499 22.5035259765573 8.38785388041288 11.9411822285037 ex
2500 19.9516892901156 6.65794527437538 4.38720268709585 ex
2501 14.5111047225073 3.02455377019942 4.34861313202418 ex
2502 13.1167084372137 0.641424080356956 11.8833605854306 ex
2503 15.7819990986027 8.32714109309018 7.08240690152161 ex
2504 22.8019803252537 7.13928416091949 10.3832976943813 ex
2505 21.9864378233906 3.80241612973623 7.60996947041713 ex
2506 17.0686115452554 7.56463345093653 3.90181906381622 ex
2507 17.3781508265529 0.655048057902604 3.06803895882331 ex
2508 23.3898137228098 7.79774960759096 9.46067507658154 ex
2509 19.4316715949681 8.5169621410314 11.8684144355357 ex
2510 16.1078057261184 7.11754023795947 3.55980654037558 ex
2511 21.5006577074528 7.30309405387379 10.8676977728028 ex
2512 16.0928010684438 0.00545386667363346 0.544433851959184 ex
2513 14.9549577245489 4.71512752119452 9.62280237395316 ex
2514 18.1877326825634 4.11474193376489 11.2731049689464 ex
2515 12.8183533644769 0.317167404573411 7.54180130618624 ex
2516 22.1068425367121 11.6875616475008 8.47911613597535 ex
2517 20.147473417921 10.1320850513875 2.4062861148268 ex
2518 20.9369774251245 8.69492462463677 7.69498835480772 ex
2519 14.9978094852995 10.880048945779 7.40125155751593 ex
2520 12.1204676078632 0.233494222164154 4.69126198603772 ex
2521 21.1119063906372 10.7871518598404 9.21720921900123 ex
2522 20.9463249654509 2.76790505368263 11.5924744757358 ex
2523 17.3348422418348 2.63764144992456 8.03244048007764 ex
2524 19.3680929259863 11.7691253388766 7.53013402898796 ex
2525 12.4297083385754 5.04572017979808 3.8312790801283 ex
2526 18.7092936632689 6.99646897590719 0.738059127703309 ex
2527 20.8484497989994 0.947882094187662 6.59185207705013 ex
2528 19.7585311415605 2.8551674336195 3.54281965363771 ex
2529 23.9740748903714 4.95426832605153 3.1593058090657 ex
2530 12.4516649486031 8.2537372095976 3.01014951011166 ex
2531 17.5139279577415 9.34653053293005 10.5599560423288 ex
2532 20.1799819918815 9.58664069185033 10.9745966515038 ex
2533 17.3300016212743 3.09966536564752 0.00713894283398986 ex
2534 13.7791162808426 6.47574970545247 11.9033595565706 ex
2535 18.9605859692674 0.842397344531491 11.8030938876327 ex
2536 13.888131253887 4.22768914420158 0.637969835894182 ex
2537 22.9523302100133 1.63149781315587 2.91607510135509 ex
2538 22.1352086137049 5.90714149456471 10.3311651966069 ex
2539 15.5709235330578 1.76020129933022 6.34708878048696 ex
2540 23.77331180498 0.970318790758029 1.42824491718784 ex
2541 19.7338354152162 2.5566495701205 4.93435801030137 ex
2542 17.705212140223 1.313453882467 7.77053732494824 ex
2543 20.9066863495391 8.72240180918016 4.86062711686827 ex
2544 20.6607582282741 7.0553727382794 8.48875612579286 ex
2545 14.3144916554447 11.3277983895969 7.00530443317257 ex
2546 20.0881315206643 4.09597317338921 3.81916925078258 ex
2547 22.9421666290145 3.42753155343235 7.50108544761315 ex
2548 19.095253622625 9.36190210655332 9.21178221213631 ex
2549 17.0070462101139 1.48261053906754 4.36415291321464 ex
2550 18.8610378694721 3.42017970327288 0.898534278618172 ex
2551 19.942388225114 4.04061619704589 0.478170634247363 ex
2552 22.8233092238661 8.08153629070148 7.29885898577049 ex
2553 19.1316226236522 8.77499444130808 4.94595541642047 ex
2554 23.8659818458837 6.39542862749659 2.66414575162344 ex
2555 23.9256765996106 5.71780563215725 1.86772360187024 ex
2556 20.295326374704 4.80327241052873 8.3618623719085 ex
2557 12.5520794636104 0.534145359415561 11.8169033115264 ex
2558 21.936575155938 2.92802155856043 0.641002140007913 ex
2559 21.8365923652891 2.11628064373508 9.78618971211836 ex
2560 17.0193564421497 11.9103288776241 5.03042730339803 ex
2561 16.0776633517817 8.30337281990796 10.0203425488435 ex
2562 20.5032971899491 7.11297135148197 3.28733593877405 ex
2563 21.978444508044 6.5315634093713 10.0983172049746 ex
2564 21.2239013107028 8.93587877391838 5.75825095339678 ex
2565 17.0031646203715 8.5234092802275 7.7352912959177 ex
2566 13.4102535566781 10.2360891180579 10.9253949769773 ex
2567 16.5629183657002 9.21252582012676 3.54799148533493 ex
2568 15.010062395595 2.64441747241654 4.1109189579729 ex
2569 17.9311913566198 6.42129658162594 4.01609626784921 ex
2570 19.534316939069 1.64710947708227 2.95612009288743 ex
2571 22.3519570701756 0.669967783382162 0.399011613801122 ex
2572 23.62587625999 7.02709052222781 4.00871077063493 ex
2573 14.0864878885914 8.19147450500168 2.22088862326927 ex
2574 12.8811243395321 11.3962614471093 8.48724800581113 ex
2575 18.2175808590837 7.77284054993652 8.86048135138117 ex
2576 22.2742540419567 10.4060887212399 8.80917564872652 ex
2577 12.9529126763809 8.29867570451461 0.899732378078625 ex
2578 18.809570165351 1.30727901798673 3.20309400931001 ex
2579 20.340736429207 11.837764902506 7.50485617830418 ex
2580 22.2150424895808 3.60524362884462 9.78125291038305 ex
2581 13.8183455034159 1.69590486586094 4.07572926883586 ex
2582 21.1001675548032 6.818490621401 1.79303157771938 ex
2583 14.9945125114173 11.7666520229541 4.84147509443574 ex
2584 18.3791425260715 10.260730316164 7.80075540184043 ex
2585 22.6842170567252 1.28421216155402 11.904339018045 ex
2586 13.2120669241995 4.36694280058146 5.01552215032279 ex
2587 15.2659837298561 11.7942694444209 11.8199139405042 ex
2588 20.0354400130454 1.13995922054164 4.44361134362407 ex
2589 23.8981522654649 0.0382343579549342 11.3990234488156 ex
2590 12.6936588978861 4.2491554976441 2.1514185895212 ex
2591 18.3553843197878 4.41955735790543 10.6769000911154 ex
2592 14.1316006365232 0.130012630019337 1.26297332672402 ex
2593 23.4313929753844 2.63452100148425 8.31032982445322 ex
2594 22.4793095623609 2.6984405759722 8.49305860814638 ex
2595 17.8824878493324 0.217784655746073 10.7659839615226 ex
2596 13.3537689750083 0.0580421583727002 1.45796395279467 ex
2597 20.1682254292537 3.64059007936157 6.02598244533874 ex
2598 16.1522089191712 1.50462243962102 6.8934219381772 ex
2599 20.3954271143302 10.1519667208195 7.51787405251525 ex
2600 13.4145590178668 1.91724240290932 0.00627158978022635 ex
2601 20.0036121511366 6.93886815081351 10.0872496983502 ex
2602 22.0205814968795 5.22420204966329 7.65414704591967 ex
2603 13.2070763832889 11.503663178999 7.63636660459451 ex
2604 12.4355600252748 4.19155525625683 11.9981694521848 ex
2605 13.3401537612081 7.13513262476772 2.93965751002543 ex
2606 14.0970730206463 4.35636047483422 2.7447297652252 ex
2607 15.7275975407101 7.23095772275701 5.29201894276775 ex
2608 21.550720192492 10.9895361920353 6.40816592238843 ex
2609 22.6620648719836 6.96633802959695 10.0670335667673 ex
2610 15.7472859909758 3.37546560494229 5.12534508900717 ex
2611 21.6379913969431 10.3038487914018 10.2520214077085 ex
2612 15.7260849443264 5.4309229827486 6.91089035733603 ex
2613 21.4523181498516 3.8322429950349 3.41300367075019 ex
2614 19.2217552629299 2.26004399661906 8.85766128986143 ex
2615 21.41213274654 7.31309997383505 7.38567240070552 ex
2616 13.5593273327686 9.02038256591186 0.0985346708912402 ex
2617 13.2752100187354 5.38256665994413 0.525644250679761 ex
2618 18.2824204973876 0.4544055336155 3.64445151435211 ex
2619 21.4476019202266 6.50181638053618 7.99644922069274 ex
2620 12.4568524647038 11.8013229742646 10.0176346821245 ex
2621 13.2489153870847 5.14403040823527 1.14379111514427 ex
2622 17.3345460104756 5.48504707985558 4.91138124279678 ex
2623 12.6673278440721 0.279199879150838 9.21427569841035 ex
2624 18.7952976142988 1.49042996880598 10.0166014418937 ex
2625 15.1291087083519 7.55501654231921 6.56985541759059 ex
2626 21.3739876409527 0.434778880560771 1.13916482310742 ex
2627 13.1554447242524 3.30469878087752 4.78188394708559 ex
2628 19.7686949218623 0.0763597290497273 6.11884958366863 ex
2629 22.5192648845259 9.30095712374896 1.23397421557456 ex
2630 23.3618065598421 11.5087795355357 10.7990730744787 ex
2631 21.8692892892286 8.75976826646365 11.7646796174813 ex
2632 19.6171978358179 8.56579869636334 7.37834416865371 ex
2633 22.2459874446504 11.3288696997333 11.7641313204076 ex
2634 15.4067183055449 10.341826437274 10.7986554745585 ex
2635 20.5221146764234 4.08730038395151 11.6694741346873 ex
2636 23.6461047835182 5.76342996023595 5.30625979998149 ex
2637 13.8991823892575 6.97292114677839 9.69758664723486 ex
2638 21.0599469006993 11.581220801454 0.810297488234937 ex
2639 19.1740952038672 7.83417799975723 9.76782611338422 ex
2640 20.5380688186269 10.7166829947382 6.99701481801458 ex
2641 21.6423506522551 1.31114557338879 6.77811878267676 ex
2642 18.8958536512218 2.08605446387082 10.1338340574875 ex
2643 17.759002794046 1.49097975040786 3.40649178996682 ex
2644 18.2688230981585 0.747164332773536 2.47516622347757 ex
2645 22.7998660225421 3.30298633314669 8.35370882484131 ex
2646 21.4696991767269 10.4253818318248 5.86810025782324 ex
2647 18.1022528272588 4.2686557022389 0.164054072927684 ex
2648 18.6209525365848 1.10084675066173 11.4337534653023 ex
2649 19.0884472825564 6.97157703828998 9.68011265154928 ex
2650 22.2819126117975 6.06465410790406 11.6466957214288 ex
2651 17.2182190190069 7.15562092885375 7.39352690847591 ex
2652 15.4189331594389 7.67340805544518 11.6541848410852 ex
2653 16.4595647025853 5.94675879040733 6.22177571407519 ex
2654 17.0286304294132 4.62856936827302 3.51774927810766 ex
2655 21.7697964750696 4.59939409908839 5.4189555326011 ex
2656 19.1004786223639 9.23063594358973 6.14017100888304 ex
2657 23.4110608347692 2.3229725190904 11.8963234387338 ex
2658 19.4074168554507 11.119531747885 3.3080040551722 ex
2659 15.6295678883325 3.81135026179254 0.770100980298594 ex
2660 18.7767348650377 1.95313707995228 4.59531447733752 ex
2661 22.3719526871573 4.367424773518 0.152029571821913 ex
2662 18.6844939100556 3.43122068606317 4.12866814946756 ex
2663 12.6456662828568 6.30496044270694 9.13888839166611 ex
2664 20.2318484573625 4.43066876311786 0.137376601807773 ex
2665 18.2100290029775 7.84576011938043 6.59130182350054 ex
2666 16.161229649093 11.707537879236 6.4346316405572 ex
2667 15.6053742489312 9.52929319185205 8.36515207868069 ex
2668 21.9197261068039 0.707520593190566 3.04344594897702 ex
2669 15.3098552045412 8.29274894949049 11.6351511054672 ex
2670 22.210061381571 8.88911600830033 3.60033963667229 ex
2671 21.2018317738548 0.334545221878216 2.98969853227027 ex
2672 19.4816092476249 4.25971617060713 10.6352915868629 ex
2673 13.1286208163947 10.1498246970586 9.5570917672012 ex
2674 23.3302101152949 8.40341259678826 2.080524393823 ex
2675 15.5597189776599 10.7095296641346 4.31205870234407 ex
2676 17.2818259964697 8.09214356844313 8.2623189825099 ex
2677 20.3894399832934 2.05588846094906 4.54871167638339 ex
2678 21.0552699498367 9.53117771656252 10.9851141513791 ex
2679 17.6901351271663 2.06408491218463 1.18501772917807 ex
2680 16.714607095113 1.68029540101998 9.13508238596842 ex
2681 16.9760812020395 9.04499216633849 7.96502109686844 ex
2682 16.7795368083753 8.39943211944774 9.172617954202 ex
2683 16.6846750809345 10.4622218175791 5.97741075581871 ex
2684 14.1980881218333 11.1319089981262 9.20723413350061 ex
2685 17.6318873546552 2.482545243809 5.59287335677072 ex
2686 20.7422121136915 2.90681876195595 1.94630530104041 ex
2687 19.7822248607408 10.5407295397017 2.6305550574325 ex
2688 17.2605180565733 3.04927789815702 3.09783689770848 ex
2689 15.0446171003859 3.15897895069793 11.5135467350483 ex
2690 14.6949197379872 0.0882130591198802 2.87184649799019 ex
2691 13.4848581536207 2.81975509901531 9.48438717564568 ex
2692 13.7782119694166 1.91034616623074 9.04440015368164 ex
2693 23.1724329069257 6.57814952917397 10.6638157698326 ex
2694 12.8837014937308 9.58836476644501 2.18178682820871 ex
2695 13.9756046505645 5.21403594547883 5.51034688577056 ex
2696 21.0636773258448 0.218771219719201 0.221084395190701 ex
2697 12.910584920086 3.83330083964393 1.53906625322998 ex
2698 15.0053058213089 10.3054589100648 11.7256074920297 ex
2699 13.456109408522 6.28264874499291 10.2533453067299 ex
2700 13.8906949879602 5.86574791301973 3.59428007574752 ex
2701 13.8809519528877 7.31741362018511 1.66480268235318 ex
2702 16.0657297971193 3.4814768678043 2.59972217655741 ex
2703 12.3108053009491 0.843447373714298 10.4505088103469 ex
2704 14.0629698811099 10.2853088041302 9.40126776555553 ex
2705 20.3091029170901 9.31762873614207 3.18674960685894 ex
2706 22.435667704558 10.0479854091536 2.75833200360648 ex
2707 20.3294946805108 10.7764578626957 0.302361408248544 ex
2708 12.3654943017755 10.1026211727876 0.588334925007075 ex
2709 21.995357376989 4.16131255123764 2.79639449948445 ex
2710 22.7890827194788 9.8202069781255 3.16930121951737 ex
2711 16.2613592632115 8.01107255113311 0.666908712591976 ex
2712 22.5579075810965 10.730420227861 7.79369884775952 ex
2713 16.060842954088 8.02283820626326 2.11653131619096 ex
2714 20.41092647193 2.79918869142421 8.66676804493181 ex
2715 18.6527927403804 8.34656910924241 9.51472246251069 ex
2716 13.9920465331525 2.77011249493808 3.81614931486547 ex
2717 12.0550809714478 0.308617020491511 5.26901759882458 ex
2718 16.327423742041 3.26882430887781 7.36977548478171 ex
2719 22.2337995355483 1.2677893654909 1.51677481643856 ex
2720 15.8203340496402 2.04557261290029 3.2076984771993 ex
2721 14.72927358374 7.65734138875268 2.06959383632056 ex
2722 22.06506799208 10.831360414857 6.50179394520819 ex
2723 17.7272688532248 7.09920840966515 6.83082072599791 ex
2724 19.9768958620261 9.29114993358962 1.73324286518618 ex
2725 14.043977121124 0.0591656076721847 9.38861434068531 ex
2726 22.5428512864746 2.29266009968705 11.6018406380899 ex
2727 17.2890931677539 10.4750113883056 6.51299544260837 ex
2728 12.7860275227576 11.5696956226602 9.46046431851573 ex
2729 15.1322534980718 10.8646569056436 6.93599576898851 ex
2730 22.8126659265254 5.66503062867559 9.36320765293203 ex
2731 21.307922221953 10.3851253360044 8.73319688485935 ex
2732 15.7630663800519 2.63573249522597 7.2017983070109 ex
2733 23.2961390898563 9.92015585303307 3.11670241877437 ex
2734 23.2872949400917 7.10044797533192 2.25146263930947 ex
2735 14.4018937072251 0.280047338455915 11.3803188856691 ex
2736 23.8641781266779 0.461308304453269 8.03945789160207 ex
2737 13.2379730679095 8.69706422020681 8.90646536205895 ex
2738 20.0098071121611 1.08656512037851 10.0870801599231 ex
2739 17.3757691313513 3.26471365988255 6.6651196652092 ex
2740 16.5639128896873 3.81411170004867 8.50313568348065 ex
2741 21.7743371606339 3.581601067679 9.14689705846831 ex
2742 18.6771869200747 3.55830097687431 3.4910304422956 ex
2743 21.5431368215941 3.17357480246574 4.11910977168009 ex
2744 19.5291696467903 8.21716092620045 5.84416297264397 ex
2745 21.1719061764888 0.177596288966015 6.9634424392134 ex
2746 19.3826897963881 4.05569694307633 1.19146180641837 ex
2747 16.0193021162413 0.258987777633592 2.10584152163938 ex
2748 22.7921123842243 11.7097641921137 1.63199736946262 ex
2749 21.1069173864089 7.20385961071588 1.50955614331178 ex
2750 20.6112489830703 6.0304601942189 9.87409991119057 ex
2751 21.5002183320466 3.78031696705148 6.46517072338611 ex
2752 15.559637533268 4.79654053924605 4.72897037048824 ex
2753 16.8875397206284 7.58499227883294 0.930742838419974 ex
2754 20.5808503993321 7.75050913705491 4.47410613438115 ex
2755 12.6932025020942 3.10566899739206 8.25605700910091 ex
2756 17.4059587055817 8.39206512994133 0.959183508297428 ex
2757 17.841717117466 11.7512917853892 2.98456502868794 ex
2758 13.8522488474846 4.99315544404089 6.44549615238793 ex
2759 23.2149655085523 2.40606675483286 10.6293522773776 ex
2760 12.8950375225395 7.70757373445667 10.8789487155154 ex
2761 14.5901527367532 1.54544482543133 11.4051310319919 ex
2762 21.2051374330185 9.05667648185045 6.77460016706027 ex
2763 23.2968736470211 5.30595558928326 6.95198312192224 ex
2764 20.0427487939596 8.29438378522173 5.80218821018934 ex
2765 19.2826963136904 10.4884197760839 1.19949597679079 ex
2766 23.419827408623 6.99128457088955 6.91364430868998 ex
2767 17.0361503208987 1.91769083286636 1.41661820677109 ex
2768 13.1895938715898 0.464096923358738 8.47655208408833 ex
2769 21.881476014154 7.62566227884963 3.45271184458397 ex
2770 20.4891289665829 3.20961823058315 0.97608052729629 ex
2771 13.2587525055278 3.68861823366024 8.4852019357495 ex
2772 13.6466952692717 1.06073898868635 5.33824010868557 ex
2773 23.7356005364563 0.370875833556056 2.69718320784159 ex
2774 12.2836014702916 9.82150349998847 5.54402823420241 ex
2775 14.976127530681 2.48863644106314 2.95631785248406 ex
2776 20.0883923587389 0.52774422429502 2.6847265844699 ex
2777 14.0758113448974 6.75736503582448 0.772063276730478 ex
2778 18.7302309749648 8.40108259115368 10.1335538728163 ex
2779 20.9193945545703 3.01898000878282 2.70065388106741 ex
2780 12.4980101964902 9.83064174978063 7.54379989742301 ex
2781 18.7374613424763 8.48745466675609 3.64885183167644 ex
2782 17.8683121814393 3.31986953131855 4.0446681601461 ex
2783 21.1745337257162 10.4392530682962 4.12115790438838 ex
2784 22.8577668087091 4.88685081992298 5.00084207043983 ex
2785 20.9004597733729 11.0451008013915 6.71676030894741 ex
2786 12.124886575155 4.11888745822944 9.51411931123585 ex
2787 22.2502310536802 7.37008393998258 5.36195577285253 ex
2788 13.1568721386138 3.7951235792134 10.6237901835702 ex
2789 13.1319281419273 8.78885949100368 3.97627271502279 ex
2790 16.9053104131017 6.61446193349548 3.43621244374663 ex
2791 12.4840967098717 6.49181392765604 8.6461107104551 ex
2792 21.3637759892736 2.81656358134933 11.4106192949694 ex
2793 20.3323872142937 7.55204515205696 1.49312243750319 ex
2794 15.1422997834161 4.28607356734574 2.95114033529535 ex
2795 13.929815383628 11.3108815306332 4.49836514261551 ex
2796 13.5123532565776 3.9330701273866 6.97415891243145 ex
2797 18.7707470392343 11.646658212645 8.62821675697342 ex
2798 20.1214976026677 5.17163687199354 7.10737366066314 ex
2799 13.5641213043127 11.5156568752136 1.81726467236876 ex
2800 19.7525800629519 9.16597056947649 8.07489044358954 ex
2801 17.8013008292764 4.53923748270608 6.34493347979151 ex
2802 22.3395271357149 5.29426540946588 0.967009883373976 ex
2803 23.2505416662898 9.7441227233503 1.86531868507154 ex
2804 15.5987609070726 7.41072255908512 8.04228079458699 ex
2805 22.7241831433494 0.657351649366319 11.3151298786979 ex
2806 15.7583384192549 7.04817003966309 2.88755802623928 ex
2807 12.3335010302253 9.58226389158517 8.85845793969929 ex
2808 20.7697722720914 6.02151181362569 3.32112429919653 ex
2809 19.0280935941264 0.942657685605809 0.652557376772165 ex
2810 19.4599992339499 11.1887456059922 5.83220061683096 ex
2811 12.6278151322622 3.85169477318414 11.8234095135704 ex
2812 18.4387392324861 11.6760629657656 11.8607300850563 ex
2813 18.4252515030093 10.3468780973926 0.912278150906786 ex
2814 21.8199892013799 2.21816943725571 2.73935083742253 ex
2815 20.4378679166548 1.01186748989858 7.72829510783777 ex
2816 20.3715334141161 5.40304515324533 10.167206879938 ex
2817 17.592726923991 11.7888556290418 1.5902156077791 ex
2818 13.9451612900011 10.8456727066077 4.92214897787198 ex
2819 22.0631618169136 1.92807647236623 8.7783547914587 ex
2820 16.0303607808892 5.62214516545646 10.2991491847206 ex
2821 12.7862945098896 4.94897660217248 10.5460187077988 ex
2822 20.278182001086 10.3335177393164 5.9964151980821 ex
2823 13.5035371182021 11.4695202000439 6.16304355044849 ex
2824 23.8764859533403 6.69820992089808 1.08064307831228 ex
2825 14.4070520240348 7.35304342117161 11.6699688206427 ex
2826 15.6567511758767 2.41807583207265 1.33373315958306 ex
2827 13.6076808259822 9.83714290871285 5.39430160820484 ex
2828 16.6502148779109 0.058859288925305 4.74203086039051 ex
2829 17.4179445460904 9.52641110494733 6.66657223971561 ex
2830 22.8236188155133 5.54400224192068 2.89010279346257 ex
2831 23.9609751203097 2.62732493900694 5.83912730193697 ex
2832 14.3235350882169 10.5531332830433 5.69954985729419 ex
2833 21.6995728292968 6.29385446780361 3.58773452765308 ex
2834 14.0576431541704 0.122601355658844 0.68926158407703 ex
2835 22.6685540948529 10.2112841124181 0.392409103689715 ex
2836 18.739871002268 5.54549209959805 0.299031770555303 ex
2837 23.9078557144385 10.5174127749633 11.8042291782331 ex
2838 16.7897454306949 6.9822244506795 1.33948202780448 ex
2839 12.8071744625922 3.2148341878783 5.8746927944012 ex
2840 15.7982717286795 5.62900126329623 4.23855827306397 ex
2841 23.65064284252 0.525072346907109 5.54151287791319 ex
2842 20.0395846311003 9.41977032949217 5.43730154563673 ex
2843 23.9917809313629 3.21792739792727 9.40158862853423 ex
2844 13.7081044586375 2.37998269731179 6.13862520875409 ex
2845 15.7009464693256 7.70382536202669 1.14879478234798 ex
2846 20.5245618976187 10.5534452849533 9.57685677544214 ex
2847 20.2515491740778 3.8027587456163 9.10260586836375 ex
2848 13.8532389106695 9.59113563224673 3.87013528635725 ex
2849 22.7396626658738 8.09286981611513 0.780289264163002 ex
2850 23.3333356117364 10.1008784577716 0.677063204348087 ex
2851 23.6726975888014 1.25395153835416 2.63946790853515 ex
2852 22.4053324004635 6.70426867087372 3.66830861847848 ex
2853 20.4220561124384 0.851407331414521 10.8606609792914 ex
2854 13.4210497552995 2.91143247438595 10.2249658601359 ex
2855 23.2265036073513 8.1918264105916 5.03778944234364 ex
2856 20.2166319554672 2.07805875083432 7.01351172360592 ex
2857 15.6034675773699 11.0268955393694 3.74899498233572 ex
2858 16.4164896013681 10.5770345022902 8.60457430104725 ex
2859 14.8659264387097 5.98434461769648 3.72946364595555 ex
2860 14.8983158501796 9.4555377617944 0.26306289061904 ex
2861 14.218840023037 8.70831491658464 11.7308195489459 ex
2862 15.2108820474241 3.20549141452648 8.16301787667908 ex
2863 17.332658147905 6.73376272106543 0.02595414663665 ex
2864 20.2813396467827 6.61807564366609 11.0148107106797 ex
2865 12.5632440403569 7.36090894113295 2.94632795127109 ex
2866 17.8219864936545 9.17804550938308 5.78277092589997 ex
2867 20.0609051175416 9.73010990256444 7.97181592788547 ex
2868 13.2746940455399 11.8045235807076 8.7521387708839 ex
2869 20.8122478446458 3.80764248943888 7.14024379453622 ex
2870 19.5744395414367 8.27099117054604 3.25535913836211 ex
2871 18.8477751696482 4.92774741887115 2.50987522932701 ex
2872 17.4646732206456 0.915023638401181 4.24744191812351 ex
2873 12.5409783842042 9.00382045982406 1.91741436813027 ex
2874 12.3959940087516 4.6292619460728 0.159765379503369 ex
2875 12.7010127564427 8.66569695924409 7.45024417992681 ex
2876 14.3372323715594 6.37143904017285 7.48206169740297 ex
2877 22.8554427467752 0.176427770406008 2.68409456615336 ex
2878 14.2723258407786 2.18114662752487 1.36157784354873 ex
2879 12.2689287394751 11.0481801116839 5.66481143725105 ex
2880 21.3246812790167 2.61418002797291 5.55607399600558 ex
2881 16.6831278414465 5.45123069896363 2.28636724012904 ex
2882 13.8927840807009 4.89617517194711 1.77748235687613 ex
2883 21.3270332037937 8.63686959049664 2.3975471179001 ex
2884 16.3338477369398 2.25325761432759 10.8277734576259 ex
2885 12.2677155435085 10.4997355951928 4.5606139858719 ex
2886 20.3429995756596 11.7342324410565 9.75829985272139 ex
2887 17.8994541501161 2.93779176031239 7.68128976318985 ex
2888 23.9430552746635 11.995413472876 4.77241365122609 ex
2889 15.6576705400366 8.80674548540264 3.10621524043381 ex
2890 14.5552794786636 9.56750693451613 11.3500461881049 ex
2891 20.7648976834025 0.709780681412667 8.9111392525956 ex
2892 17.2764274615329 6.69330692780204 8.41099112480879 ex
2893 15.0797755406238 6.19995752722025 1.94563912367448 ex
2894 23.9458556710742 8.15851965872571 1.28323345771059 ex
2895 20.2412849990651 6.55422106385231 0.338308750186116 ex
2896 21.3727626320906 7.72775526368059 0.169485995080322 ex
2897 18.7162530745845 8.465893315617 5.54484502505511 ex
2898 18.6821934457403 11.6688585372176 5.58061172626913 ex
2899 19.9161686231382 1.67889606254175 5.09915941208601 ex
2900 22.3299693376757 9.41795368865132 10.1057848127093 ex
2901 21.7909521455877 8.18706993665546 6.5614600693807 ex
2902 13.2394890564028 9.83445570501499 10.7628333899193 ex
2903 15.7602428903338 10.4830368875992 7.75236638984643 ex
2904 16.9407382141799 1.67837149300613 11.3457936148625 ex
2905 14.6844618231989 11.3564072477166 1.85428602993488 ex
2906 23.9033737105783 2.2541690801736 4.75509657710791 ex
2907 19.2278423751704 11.7112208537292 11.2847603764385 ex
2908 20.2471898226067 8.88863296830095 8.62325538345613 ex
2909 12.1266208258457 11.1474211949389 6.02149766054936 ex
2910 12.5094853457995 4.66573813231662 7.11922067264095 ex
2911 21.3374038178008 11.5982836149633 2.55672001838684 ex
2912 23.8398870357778 6.43672110908665 4.92510918271728 ex
2913 17.9618764759507 0.436003907117993 2.52236645808443 ex
2914 19.5853368132375 2.09044184186496 11.4292299379595 ex
2915 14.3000581793021 10.8432358072605 11.1803535490762 ex
2916 20.7485672489274 6.46052844938822 6.04013520223089 ex
2917 18.8187022178899 3.77995420782827 5.23768921243027 ex
2918 12.360108154593 11.4781799111515 11.6537886697333 ex
2919 13.5903197180014 0.1315665950533 3.406246378785 ex
2920 15.1017874889076 6.62473576399498 9.27658472745679 ex
2921 16.71691360767 1.08706605993211 2.14075758354738 ex
2922 23.4034040330444 2.51225140783936 6.38274265616201 ex
2923 21.8175369398668 5.44862770871259 8.10165131674148 ex
2924 14.1500022592954 8.21464863838628 0.300149043090641 ex
2925 18.9981859903783 10.2184083426837 6.40721814404242 ex
2926 19.5911589041352 9.31670927698724 3.98808706644922 ex
2927 17.1793301219586 11.6325099281967 0.236343721160665 ex
2928 19.071225508349 4.91664349008352 8.56582263181917 ex
2929 20.1064021412749 1.68937599426135 3.5615165438503 ex
2930 20.5673636419233 3.79139363323338 10.5262109483592 ex
2931 22.30225662468 11.1451621646993 10.8633862256538 ex
2932 17.8797370651737 9.36463657580316 9.14162454521284 ex
2933 16.8578590981197 9.37231751158834 0.13408836745657 ex
2934 22.5747681921348 2.55553170572966 4.7524815609213 ex
2935 13.6954016136006 10.3577364634257 2.21130130207166 ex
2936 18.5212126597762 1.69740985753015 9.16617968841456 ex
2937 14.0703924566042 6.48880793177523 4.2724105019588 ex
2938 21.2921210832428 3.14361390238628 5.51343006244861 ex
2939 21.7458016290329 5.048897231929 10.679923376767 ex
2940 16.1860038544983 11.2688225880265 3.73365347646177 ex
2941 17.5991435914766 10.7324633239768 9.36317271040753 ex
2942 21.374973767437 10.9461359051056 3.5850816864986 ex
2943 15.764167442685 10.1777721792459 5.47732900944538 ex
2944 17.9395200728904 1.00843047839589 2.26700703450479 ex
2945 17.5833887404297 4.73110153037123 0.541458782972768 ex
2946 19.7441554069519 5.14390855003148 8.05453064641915 ex
2947 23.3819739567116 3.74716671160422 8.17177645000629 ex
2948 20.1250197335612 10.3789473343641 4.8011337085627 ex
2949 17.4652219908312 1.59853862621821 8.62266862113029 ex
2950 16.8443642591592 7.69474235852249 2.34548146557063 ex
2951 14.1784602950793 3.03295157640241 9.6587349451147 ex
2952 12.4371754610911 9.46098339115269 0.535985874012113 ex
2953 17.6999359934125 9.39839266682975 11.1425244512502 ex
2954 20.2105041546747 8.03000892326236 2.66578939999454 ex
2955 17.9331161659211 8.8851627309341 2.80216003837995 ex
2956 14.7340936884284 0.499485875014216 4.54787836107425 ex
2957 16.4146013474092 2.75037772301584 0.995462332153693 ex
2958 23.9323070363607 1.58339426456951 10.5780468534213 ex
2959 14.5105004215147 1.20258911908604 5.16845552623272 ex
2960 22.7938621144276 4.58785624988377 11.2456248532981 ex
2961 23.0016228256281 4.67083410779014 8.11154216364957 ex
2962 18.0273855330888 4.74502205196768 4.13184231868945 ex
2963 13.3234223253094 7.6404912439175 8.91001946525648 ex
2964 19.2868410989176 10.7377445977181 6.45513238525018 ex
2965 12.1588084581308 0.420811292016879 8.24592713848688 ex
2966 16.1471976577304 4.17364572873339 5.89030308532529 ex
2967 16.4938840481918 11.0918512090575 1.10523409908637 ex
2968 17.8702797230799 2.27750828606077 2.1013341115322 ex
2969 16.9910858978983 7.68509513675235 6.55088311177678 ex
2970 13.2611895387527 10.5190390683711 7.6030687962193 ex
2971 15.576661918778 5.52212766977027 10.3737657640595 ex
2972 20.3317150431685 11.5633522646967 1.79795233905315 ex
2973 23.6273048717994 7.37441159109585 8.8870956460014 ex
2974 19.6207753580529 9.30503636505455 7.53643729607575 ex
2975 20.4169093247037 11.0649482063018 8.15699806483462 ex
2976 19.2536323475651 1.22930346988142 8.96284878184088 ex
2977 20.9531227010302 1.67975696828216 9.38747770735063 ex
2978 19.3385119587183 4.20458257687278 11.8494315773714 ex
2979 18.3062012598384 2.12106181262061 7.56830842769705 ex
2980 23.7164247934707 3.81197141297162 6.76875613234006 ex
2981 17.8554032731336 3.62043328513391 7.11857329751365 ex
2982 21.6689399818424 8.74448988749646 4.016226435313 ex
2983 19.0678577937651 1.38126571732573 6.4194902498275 ex
2984 22.2213265267201 4.85836156900041 10.3551224973053 ex
2985 12.2198002538644 10.1753013241105 3.41257382906042 ex
2986 23.5674194726162 8.11925278091803 8.35439942078665 ex
2987 23.5413659880869 2.61121564288624 7.9064723260235 ex
2988 16.5484630209394 1.90892006619833 0.759825724875554 ex
2989 22.7168332175352 1.96016812953167 7.98012337833643 ex
2990 12.2438410602044 6.89992112130858 3.04213210823946 ex
2991 18.3132983888499 6.64848601678386 7.3933564927429 ex
2992 18.3735027650837 6.94095615064725 1.86171541712247 ex
2993 18.6712142769247 8.3334278347902 4.3734204377979 ex
2994 16.6037016259506 10.805724343285 10.0481474418193 ex
2995 19.0639958295505 2.87166997836903 10.3704727836885 ex
2996 15.1379735472146 5.88461975660175 11.6467517747078 ex
2997 18.1767807707656 6.28889681282453 10.1076023855712 ex
2998 21.7144350758754 9.62256083614193 4.42739044874907 ex
2999 16.2295206775889 6.35149639705196 0.460704886121675 ex
3000 23.7776903829072 9.79057990713045 8.16746309492737 ex
3001 1.94128460180946 20.4348146000411 3.37349171726964 ex
3002 5.84244871209376 15.7500318149105 7.4004496622365 ex
3003 11.5628745781723 15.4197435346432 10.5790021112189 ex
3004 10.4420700534247 21.8272624940146 1.0930756253656 ex
3005 4.88914846722037 16.6962682167068 11.0674665577244 ex
3006 6.96400471427478 21.0473151910119 5.83254020893946 ex
3007 2.72557978564873 21.3667648960836 9.83673520991579 ex
3008 9.77285144734196 16.6261911019683 7.78423478943296 ex
3009 1.1752214722801 18.9135249427054 4.2033722193446 ex
3010 3.16585733974352 13.849832279142 5.27277439646423 ex
3011 9.30612597847357 23.781367840711 10.3350912292954 ex
3012 5.62027142266743 22.7242288419511 8.67765915393829 ex
3013 11.6052341540344 17.6051825352479 9.89063951582648 ex
3014 0.504273160593584 12.3512055175379 2.11063467850909 ex
3015 9.32174167432822 17.0183226896916 0.0662307164166123 ex
3016 9.14770563528873 14.7501298354473 11.0280358246528 ex
3017 11.3311724930536 18.4337603461463 3.83058599033393 ex
3018 1.44769149972126 22.4993546917103 9.49380160053261 ex
3019 7.50150272366591 16.3335322053172 7.185521266656 ex
3020 3.33796486770734 19.166225475492 7.4655124056153 ex
3021 4.56294736941345 22.9578185852151 4.65139064402319 ex
3022 2.5993138558697 18.3247511391528 9.51955413864926 ex
3023 2.64475161512382 18.5808923039585 3.83496354380623 ex
3024 6.82979047787376 16.8840676462278 9.71745160222054 ex
3025 10.8544892612845 20.7717058914714 2.53249469678849 ex
3026 11.552232172573 15.4929349722806 5.1808319571428 ex
3027 3.41589720407501 16.6701449914835 0.144998442847282 ex
3028 11.4077073626686 16.9876334182918 9.64632062567398 ex
3029 10.6612579799257 18.8456293477211 7.40089477179572 ex
3030 3.22187675419264 13.7468285101932 7.08205488859676 ex
3031 9.32298312080093 20.903286463581 4.82228406262584 ex
3032 6.12526950892061 12.0507914659102 8.12301425705664 ex
3033 6.40099118952639 14.3473762085196 6.36681068502367 ex
3034 1.53514882270247 22.9068693756126 1.28865351527929 ex
3035 3.52055814187042 21.0277323019691 7.91846944391727 ex
3036 10.7632925522048 15.2103805807419 10.3596856873482 ex
3037 2.83314106799662 20.3337429009844 5.75185595126823 ex
3038 11.5847340032924 15.6637018390466 8.12956598983146 ex
3039 10.1362229536753 14.4370661983266 10.1755742863752 ex
3040 3.76921730278991 15.72226132988 3.93610362685286 ex
3041 0.56984905526042 12.0792210146319 7.82009305176325 ex
3042 4.92547695245594 15.4568617022596 3.83235317189246 ex
3043 1.01081259106286 19.0636970682535 2.01405837549828 ex
3044 10.7708665498067 18.9610528419726 8.1228849622421 ex
3045 6.52849106374197 22.8929593178909 10.7631781005766 ex
3046 11.2811859473586 21.8850692731794 0.793048561085016 ex
3047 2.88421013159677 18.5772102663759 4.07412718352862 ex
3048 11.7295779162087 14.414164692862 7.33877193881199 ex
3049 1.1583603376057 23.601208931068 11.8412863279227 ex
3050 1.90467330534011 18.7970103665721 5.96041757124476 ex
3051 7.95879056444392 18.370446740184 3.2937106275931 ex
3052 8.51341342413798 19.7871882137842 10.2566837451886 ex
3053 11.2880352667999 12.8498111749068 5.37564167263918 ex
3054 2.27831381908618 21.4754669649992 10.7136367866769 ex
3055 4.62816161545925 20.2517096067313 7.20316563360393 ex
3056 3.97094075661153 15.0658118571155 10.4995772254188 ex
3057 6.50574713014066 23.3230744770262 5.28925606026314 ex
3058 8.40762754902244 20.138382442994 9.09853790397756 ex
3059 8.95754736615345 14.0197087549604 8.25532338162884 ex
3060 0.583443202544004 18.9022298096679 1.8629976818338 ex
3061 2.51444453466684 15.9614473397378 6.36351218190975 ex
3062 8.75178071367554 21.3707431056537 4.25422654137947 ex
3063 5.37026780587621 19.0999116681051 6.90817653620616 ex
3064 6.7578077618964 19.6812203847803 5.83053430821747 ex
3065 9.17403575219214 22.3309438107535 1.65128347510472 ex
3066 9.79793336172588 16.6976963153575 0.327959779649973 ex
3067 0.0234194684308022 17.7109629320912 5.66817912110128 ex
3068 0.762949903961271 15.151746701682 7.21016905526631 ex
3069 7.55020598089322 21.4968431415036 3.712753766682 ex
3070 2.49147531925701 18.3813916000072 1.78483959613368 ex
3071 6.56849268870428 23.6646737591363 6.30284649017267 ex
3072 9.73236012179404 20.5242315977812 10.3324461758602 ex
3073 5.57636869722046 12.7555047122296 11.3435002265032 ex
3074 11.6450501796789 21.1540029919706 8.89062854135409 ex
3075 10.2770706622396 20.9198776457924 0.321164801949635 ex
3076 0.916283592116088 18.5524938732851 4.15295196580701 ex
3077 10.0261828158982 13.5885890899226 2.41882252483629 ex
3078 0.355872751912102 18.4456024256069 5.38246482796967 ex
3079 0.603765719337389 21.1472099740058 8.08462877338752 ex
3080 5.08608258888125 19.012089174008 5.11721737892367 ex
3081 2.36280657700263 14.4750023025554 1.32206745352596 ex
3082 5.97840398317203 21.5599521924742 3.21568766515702 ex
3083 5.47311225649901 23.4674162401352 5.10621156962588 ex
3084 0.185646312078461 19.8667830287013 9.79778289329261 ex
3085 0.043104286538437 14.5492962116841 9.60447479458526 ex
3086 6.4017483741045 23.3513914798386 10.7243466340005 ex
3087 7.51350283599459 13.6021333283279 9.42983054555953 ex
3088 7.27615082100965 12.801302413689 3.03673613327555 ex
3089 4.00463378755376 16.8591540870257 0.634159011999145 ex
3090 6.58633269416168 12.4871037488338 9.17224897397682 ex
3091 1.14838151750155 21.776173569262 5.32761587901041 ex
3092 9.70714680920355 18.4347279227804 3.83381579001434 ex
3093 7.36881016520783 22.3534380453639 9.74366659554653 ex
3094 2.55766385607421 23.5448222202249 2.92545728944242 ex
3095 1.20058117830195 18.8461220748723 10.1737788999453 ex
3096 1.30103390105069 21.0473699502181 6.14950155396946 ex
3097 10.1152650932781 17.030731477309 10.0052936589345 ex
3098 7.81780836964026 13.8562763945665 5.97095523471944 ex
3099 4.40394648886286 17.5091356066987 1.84545226232149 ex
3100 7.86627390817739 17.1665003008675 7.94804783072323 ex
3101 6.46839917101897 22.7789992762264 4.48662993311882 ex
3102 4.49425039021298 18.7994066562969 1.21785155008547 ex
3103 6.22855651355349 15.2710167448968 8.0549199806992 ex
3104 10.7185397993308 16.9075072929263 11.3649446577765 ex
3105 2.56464378535748 16.0497575670015 5.69207719876431 ex
3106 10.1713134893216 14.3390803001821 4.86347500584088 ex
3107 5.65955519932322 22.8384247762151 1.535665220581 ex
3108 4.95846565510146 21.4524395430926 5.20690805953927 ex
3109 7.96051915432326 14.9947434426285 0.00458357227034867 ex
3110 1.86891547800042 22.6229041027837 10.1926896143705 ex
3111 10.0768048150931 13.666966568213 5.15262270532548 ex
3112 11.0880776327103 21.2241936647333 9.81070761359297 ex
3113 4.08137410017662 22.3780504835304 5.74005327373743 ex
3114 3.54393963585608 16.0046013111714 6.19665895309299 ex
3115 4.94191067386419 23.8153177690692 0.600167015334591 ex
3116 8.36389924725518 22.5787663436495 8.76108630863018 ex
3117 3.05094277160242 18.5173561358824 9.89884622395039 ex
3118 1.48079067235813 16.4212322679814 8.47238583839498 ex
3119 3.28845701157115 13.4027803193312 4.19127822737209 ex
3120 1.80176302255131 22.6731806611642 3.91789213614538 ex
3121 0.804503503721207 13.0176404085942 11.8744994865265 ex
3122 8.79924007924274 13.1165739903226 6.3782080525998 ex
3123 10.5400723870844 15.7461020008195 4.04593264567666 ex
3124 5.06313939346001 18.1021019853652 9.33270848705433 ex
3125 10.2571523459628 19.6675019846298 4.27010323456489 ex
3126 2.58590217237361 20.76459069876 0.457472046837211 ex
3127 3.50269307265989 15.0319727214519 8.39064674498513 ex
3128 1.5119008901529 17.511220141314 2.04470394761302 ex
3129 10.3426243811846 20.3574237599969 1.81546989618801 ex
3130 4.84894133848138 23.1086237004492 9.42439942108467 ex
3131 6.24800846748985 23.4696756363846 9.4876150987111 ex
3132 7.20552763203159 15.6485391785391 1.91733269463293 ex
3133 5.01827040826902 22.4658963207621 0.552629449870437 ex
3134 6.84822721080855 15.20288979006 11.293542718282 ex
3135 11.510684663197 22.1328093442135 6.96831707516685 ex
3136 3.53049978404306 16.4536936604418 1.52238159650005 ex
3137 1.08072836278006 16.6938164660241 5.96373806637712 ex
3138 10.7244960253593 19.3964557617437 9.48190219583921 ex
3139 4.00702950451523 13.3144269087352 9.8872363504488 ex
3140 0.160864281002432 15.1989073713776 4.84131713816896 ex
3141 8.10576725914143 14.8025836588349 10.6411283207126 ex
3142 11.9454687794205 18.4846123489551 2.83618760667741 ex
3143 2.21155537082814 12.5241860165261 0.150930636096746 ex
3144 10.3576639550738 18.0080955526792 9.39422497246414 ex
3145 10.5336856516078 22.6335869387258 11.7277675834484 ex
3146 7.47006837883964 19.8675891286694 3.62847577524371 ex
3147 11.9765737997368 19.8874664374162 1.64438951038755 ex
3148 0.474813843844458 14.3047171921935 2.39472401770763 ex
3149 3.27880413806997 23.3983243815601 6.14966776035726 ex
3150 9.77834652038291 14.9006928505842 10.6906841199379 ex
3151 11.1837242089678 18.7780482133385 5.03472897852771 ex
3152 7.92052174243145 21.4324751982931 8.50369549891911 ex
3153 1.20465007005259 17.9742182339542 4.73863854678348 ex
3154 7.35160446655937 15.3445634518284 8.32827540952712 ex
3155 0.427312563173473 19.4327865091618 4.84917334886268 ex
3156 5.57347272359766 13.0663811473642 5.18845943873748 ex
3157 7.37141597806476 20.4067937538493 5.71336643816903 ex
3158 4.17730314400978 13.4180274913087 10.7463975511491 ex
3159 11.0244183384348 20.3171886845957 9.65345553029329 ex
3160 5.25215797359124 15.4726226092316 8.51656781230122 ex
3161 7.41187521396205 15.8209495141637 10.8265580765437 ex
3162 9.66766424756497 22.1566402195022 3.10628282418475 ex
3163 6.16156275686808 21.1778033284936 10.3858569902368 ex
3164 6.88375073461793 18.8604334364645 9.44350137445144 ex
3165 7.70041821338236 16.3499626987614 11.3456878419966 ex
3166 4.13088038237765 12.7601902480237 5.88397651631385 ex
3167 6.86068022064865 15.9455507127568 6.74062711605802 ex
3168 0.261785942595452 21.0138074262068 5.53755327616818 ex
3169 10.266970266588 16.9239251641557 2.14040468423627 ex
3170 0.534064726904035 18.4656781151425 10.0571497236378 ex
3171 6.73655062960461 21.6066706203856 3.52879369887523 ex
3172 3.77185436943546 19.3125537252054 1.32585106021725 ex
3173 9.73322878126055 12.0892260004766 8.41225259727798 ex
3174 3.18689739890397 21.0950460995082 11.9634616069961 ex
3175 7.82234199810773 13.6370278359391 8.30595181277022 ex
3176 8.12906226166524 21.9135106380563 2.12130272085778 ex
3177 8.53804726456292 13.1394336358644 0.472744137048721 ex
3178 4.19957753526978 16.8999413256533 2.92249859101139 ex
3179 10.4219603245147 23.1372338607907 5.46538763376884 ex
3180 1.14364374149591 14.7204819736071 5.14022706425749 ex
3181 2.71004557004198 23.4844288076274 8.45955712744035 ex
3182 10.8139937066007 20.2626968510449 3.29260358773172 ex
3183 8.15248691639863 14.7932308663148 5.89894907781854 ex
3184 0.545174782862887 21.9971792020369 2.78182982979342 ex
3185 11.8648496887181 20.6876234977972 8.60935742780566 ex
3186 9.60217311861925 14.1206115232781 8.54566482268274 ex
3187 4.88386757322587 19.3961478371639 2.28628649469465 ex
3188 11.2311627604067 15.5838039207738 4.97203902271576 ex
3189 4.51142772776075 18.909024892142 4.67328697722405 ex
3190 4.45503317122348 16.5967333673034 9.88018227159046 ex
3191 4.17489519389346 13.9983732013498 5.6544745459687 ex
3192 1.76369426492602 14.5428953843657 7.19215500471182 ex
3193 1.32781668636017 12.173658417305 7.47108316165395 ex
3194 9.93795955064707 13.923960353015 6.82843517861329 ex
3195 2.70320033584721 16.3717593655456 6.18101633968763 ex
3196 9.79840438975953 15.1178906366695 11.4463776878547 ex
3197 1.14073233888485 13.3723705017474 5.77623801399022 ex
3198 11.0783784210216 16.4488944585901 0.629763407167047 ex
3199 10.850121559808 12.9166550568771 0.97210355848074 ex
3200 6.28817729838192 23.1147248928901 3.00959831150249 ex
3201 3.36773463292047 19.2020191829652 11.6558105095755 ex
3202 1.36934535345063 18.2708797911182 8.22514110431075 ex
3203 1.63552810274996 14.2387289027683 11.6407116404735 ex
3204 4.04393237736076 15.5277071997989 9.01279302570038 ex
3205 5.29265672410838 16.2659605862573 10.7331518409774 ex
3206 3.43689221516252 22.8342358134687 3.38544364948757 ex
3207 8.43081488413736 19.0328061494511 8.59392839157954 ex
3208 1.11825246689841 21.4375384752639 0.719067671336234 ex
3209 6.88096014130861 22.7932810252532 7.70675251935609 ex
3210 10.1166864011902 17.8269050491508 4.29595025139861 ex
3211 9.68757129623555 17.8523987082299 11.1708994624205 ex
3212 7.20449347305112 21.4615312577225 0.969277502037585 ex
3213 7.55406911880709 12.8525911944453 5.75582957244478 ex
3214 0.204380924813449 22.9792336276732 0.760166958672926 ex
3215 7.4374150200747 18.8019836444873 4.95447176322341 ex
3216 7.33228882588446 19.6100720544346 10.3561329853255 ex
3217 8.56615031464025 21.8510304663796 3.8886709830258 ex
3218 4.35486324690282 21.3279005228542 8.33402064885013 ex
3219 3.03040380706079 12.055666138418 0.194872436113656 ex
3220 7.48560298630036 16.2523373195436 9.27616561576724 ex
3221 4.3422935649287 15.1982943778858 7.70379315712489 ex
3222 11.2974059670232 19.8654095081147 9.16902296384797 ex
3223 1.61294046975672 23.010069787968 10.9861515916418 ex
3224 3.0806175256148 23.5906212299597 3.11654888000339 ex
3225 8.83857460459694 22.3462157363538 5.17847270565107 ex
3226 10.9671777754556 22.754437423544 4.35752827301621 ex
3227 8.51139700924978 16.8170366829727 10.8146070863586 ex
3228 8.58228653529659 19.5894267167896 5.42430015397258 ex
3229 8.94374805944972 16.2158768612426 11.187612172449 ex
3230 4.55071877921 17.198871786939 8.86980600492097 ex
3231 3.81343628675677 20.5134058364201 3.94590942305513 ex
3232 4.01289669075049 22.5706168431789 0.90103135141544 ex
3233 10.1124621089548 21.9830895557534 7.18204852961935 ex
3234 3.84248656779528 12.3152010268532 1.62214822648093 ex
3235 2.48238170566037 21.9019345818087 8.66895309370011 ex
3236 1.10019162623212 17.1288613539655 6.39233521861024 ex
3237 4.57557473075576 19.4068506076001 6.52413411089219 ex
3238 8.81435204437003 16.3296669907868 8.64378042472526 ex
3239 11.7393501251936 19.4673213327769 11.2177453082986 ex
3240 5.07016108185053 16.1132963874843 11.3732314505614 ex
3241 0.605295887216926 19.1429577525705 5.58207567012869 ex
3242 10.4071523940656 13.611860454781 8.30343071138486 ex
3243 8.0453851451166 12.0158046619035 5.4141055571381 ex
3244 5.68283551908098 22.1037661619484 7.10237985732965 ex
3245 4.63702460192144 21.6439828672446 9.22754724835977 ex
3246 5.0059195489157 23.2844354191329 6.07919589383528 ex
3247 7.97936539421789 19.0383180668578 2.09910583426245 ex
3248 3.63339884090237 16.6089743131306 8.49359337845817 ex
3249 2.27191033796407 15.8900211076252 8.80591131001711 ex
3250 3.35881774080917 18.6194838657975 0.798461462138221 ex
3251 1.21662634564564 16.0612546114717 4.89528856310062 ex
3252 7.28938491432928 17.0935548034031 0.959115554578602 ex
3253 8.45421510562301 13.5922492702957 11.9714764961973 ex
3254 11.9039712371305 21.794309059158 4.36988039570861 ex
3255 6.24375038780272 21.3931725057773 8.00581065146253 ex
3256 2.49620352103375 22.0724655271042 10.2781654447317 ex
3257 8.21337639726698 15.8057597174775 1.81027767015621 ex
3258 6.73599936487153 16.0260640974157 5.05070938332938 ex
3259 4.90465197572485 14.4494042946026 2.78977477014996 ex
3260 11.2400569731835 13.7834482446779 7.76824872102588 ex
3261 11.3446377862711 12.2262011775747 10.3465586281382 ex
3262 6.8975351525005 13.8449304536916 11.0219856118783 ex
3263 10.1555938881356 12.7042316219304 8.40720305824652 ex
3264 3.50679181609303 19.3476669597439 3.51577085605823 ex
3265 10.6339368491899 23.4970947636757 1.67009431193583 ex
3266 11.2783364665229 23.026644008467 3.23087226552889 ex
3267 4.35426009912044 19.2468825180549 8.91858614701778 ex
3268 9.35393010568805 19.1648096949793 1.83290114114061 ex
3269 7.74596544774249 13.7259219114203 11.5932434482966 ex
3270 9.27246364601888 13.8420610949397 11.0569535128307 ex
3271 3.76817093137652 18.1829752104823 2.34571979404427 ex
3272 0.702238162746653 17.9881728235632 1.50265576667152 ex
3273 4.62631204142235 20.8862004627008 5.32485084864311 ex
3274 4.77303706086241 12.7886001891457 1.39245618600398 ex
3275 5.32324623642489 17.9864281655755 6.69385104463436 ex
3276 3.14447295223363 13.1330904238857 8.85723022068851 ex
3277 2.62956991116516 16.3265602125321 2.74645877280273 ex
3278 7.78569549648091 23.8918492882513 9.70079805422574 ex
3279 1.92448101239279 18.1451461650431 3.93922032276168 ex
3280 6.62937526614405 14.8613924474921 8.46475259936415 ex
3281 5.42259220802225 13.6163504177239 1.15259774541482 ex
3282 3.71375876036473 16.3747020792216 4.62248934106901 ex
3283 6.24616970843635 17.8459962704219 11.2592965462245 ex
3284 8.08281629881822 21.9719318554271 6.68255520728417 ex
3285 1.64495495986193 16.0238033698406 0.0369853205047548 ex
3286 11.7560479214881 12.5329836974852 9.74832403101027 ex
3287 10.5670321753714 22.0977441603318 8.71726928884163 ex
3288 1.57905764156021 20.2040143101476 8.0226192001719 ex
3289 5.73694857698865 12.0351540034171 6.15957335825078 ex
3290 10.7248699688353 18.3675297966693 10.575174306985 ex
3291 5.56755633372813 13.8969611744396 7.4531368908938 ex
3292 6.84675998426974 18.4407365347724 2.08822385175154 ex
3293 9.89811284700409 14.6060830566566 7.49989443528466 ex
3294 4.40765598835424 17.9410318059381 9.87500952882692 ex
3295 8.89000629074872 20.1082702176645 4.74881427967921 ex
3296 0.979142191121355 22.6130244764499 8.83417200902477 ex
3297 3.82331937248819 21.446637785295 2.59254070580937 ex
3298 5.69762477278709 14.8983302554116 9.75754040409811 ex
3299 5.77256331406534 14.8965596188791 10.2069539397489 ex
3300 3.31691944575869 20.931339871604 0.795214916113764 ex
3301 10.1037158693653 13.1104714029934 1.25175649975426 ex
3302 0.133464720100164 15.8932803203352 8.23051471426152 ex
3303 9.05111970473081 14.8566557723098 5.50603581080213 ex
3304 9.90663618477993 16.8400095028337 1.22896220278926 ex
3305 9.301664221799 21.5664054311346 10.3508799294941 ex
3306 7.57887600315735 12.6296888359357 1.10643355967477 ex
3307 10.7356875590049 22.3788250728976 2.12977056228556 ex
3308 9.80262166471221 20.446624959819 9.30207170778885 ex
3309 5.97120679775253 15.3177548132371 9.88765721465461 ex
3310 0.497305901255459 20.7713020932861 3.48179145110771 ex
3311 9.88781378883868 19.1044507925399 3.71932757925242 ex
3312 8.33551908656955 18.6087418263778 7.42179890093394 ex
3313 4.00710985716432 13.3325405577198 4.58478342415765 ex
3314 7.32342881383374 22.2998981184792 0.953482198063284 ex
3315 8.82519348221831 13.4714054588694 7.70242525148205 ex
3316 3.68710152921267 19.2180199585855 6.74775684881024 ex
3317 8.83284274721518 17.8101567327976 3.5488761710003 ex
3318 4.91756844031624 13.3793148670811 1.09772891108878 ex
3319 5.63844339107163 21.1589547642507 0.913885689340532 ex
3320 10.7361517995596 16.6065612009261 0.643231602618471 ex
3321 8.78306223987602 23.163537475979 5.7763214269653 ex
3322 7.35045679518953 18.2996481652372 8.88094896264374 ex
3323 4.57476184889674 22.3939175587147 10.9280312210321 ex
3324 6.23758586798795 20.0048639036249 8.68385927425697 ex
3325 11.9639423054177 18.7617747704498 7.61551199760288 ex
3326 2.15635291510262 23.5802538287826 1.81737182033248 ex
3327 10.4634781489149 14.3405851044226 6.64723232435063 ex
3328 3.65814417111687 21.9993768939748 6.12837679078802 ex
3329 3.40899300877936 22.8683889755048 8.63304326264188 ex
3330 4.21700898907147 19.7119209293742 9.13053659489378 ex
3331 2.75060693733394 19.0110531076789 9.78586773364805 ex
3332 3.73124655662104 14.3738210999873 3.19080301746726 ex
3333 1.67946200584993 22.1687049947213 2.64445089898072 ex
3334 0.0873173072468489 22.4261785112321 9.73260905849747 ex
3335 8.68893732596189 15.651697991183 4.95649898517877 ex
3336 5.50475476705469 15.238867943408 0.839199450099841 ex
3337 4.28011777857319 12.3067552230787 6.32575890584849 ex
3338 4.15390665386803 12.6645476107951 0.026023562066257 ex
3339 9.96611835178919 18.2818337150384 0.285104809794575 ex
3340 8.73199692717753 23.2099234967027 4.2488975438755 ex
3341 6.57780333631672 16.8422568559181 10.8381651053205 ex
3342 4.08422571490519 17.3103053350933 10.1737537335139 ex
3343 8.75158807518892 18.1688818971161 0.253745320253074 ex
3344 6.53442228888161 13.7797987875529 1.29526057117619 ex
3345 4.93394144927152 23.1412543971092 2.47213060944341 ex
3346 5.38133759540506 20.2212957926095 6.89855737774633 ex
3347 1.2224219578784 19.9011143289972 0.091662120539695 ex
3348 7.87764825625345 15.8549148016609 0.207337053027004 ex
3349 2.86577021121047 19.7199311365839 8.93710944056511 ex
3350 8.16310067125596 18.831218160456 5.40205755527131 ex
3351 2.51532596163452 17.2997507718392 3.32909012259915 ex
3352 8.08756614942104 21.4562309165485 7.52970681479201 ex
3353 5.06692790403031 20.0374881182797 5.67571234307252 ex
3354 1.60703518847004 14.1644417615607 3.96691583911888 ex
3355 11.4806064649019 18.068916607881 8.22787400102243 ex
3356 1.5854127635248 15.6006756771822 2.55885043600574 ex
3357 5.83334541856311 16.6668161489069 3.44494413072243 ex
3358 11.9163067033514 19.745757015422 6.48989879759029 ex
3359 8.88697296776809 15.4951626711991 5.37510528299026 ex
3360 0.955857798922807 16.4770341974217 2.34700547996908 ex
3361 5.96781130321324 15.3620425355621 2.67224396159872 ex
3362 7.39810943906195 17.4549286894035 10.4319786941633 ex
3363 4.86695975787006 18.7395434242208 6.17817607149482 ex
3364 10.344628370367 20.675244936021 4.17719253175892 ex
3365 0.609298636438325 13.3850855573546 10.2211581596639 ex
3366 11.8248136730399 22.7345310898963 2.08365562045947 ex
3367 7.30609300918877 20.473788873991 6.50461043021642 ex
3368 11.5044607324526 22.6612363173626 7.41486411262304 ex
3369 3.95576652116142 15.5062410067767 6.87830536090769 ex
3370 4.72146005532704 12.8470510684419 11.9557335579302 ex
3371 4.72026991774328 22.3051100412849 7.81902533513494 ex
3372 3.42075570649467 14.2610358130187 11.2327587516047 ex
3373 2.13458439847454 21.5051965608727 7.02976614283398 ex
3374 3.70717294048518 17.9668144334573 2.68321856250986 ex
3375 11.9098783559166 20.8871316437144 1.60490280529484 ex
3376 8.32212737808004 21.4026759448461 5.51276781060733 ex
3377 1.41446355707012 22.1755936983973 4.36010472523049 ex
3378 10.5996085740626 21.4382556746714 3.60112751857378 ex
3379 4.48793526785448 16.8774019910488 3.20418830472045 ex
3380 8.57285023340955 15.5550038730726 3.16311377775855 ex
3381 11.5172272652853 16.3582630492747 2.09017916047014 ex
3382 0.7189949543681 21.0932533016894 7.39919973653741 ex
3383 5.00878857378848 14.2652562221047 7.79587159492075 ex
3384 5.33794056205079 20.0467274771072 7.27026125602424 ex
3385 9.235754534835 12.6843676997814 11.0825159710366 ex
3386 9.12342859152704 19.8122597085312 7.99842591839842 ex
3387 0.520259086508304 17.6651977892034 8.61405882937834 ex
3388 1.32487250794657 17.8980611357838 10.6675087553449 ex
3389 3.3670618343167 15.1378582867328 5.72982408246025 ex
3390 1.61090750503354 16.858230559621 6.86206817580387 ex
3391 7.43836968950927 17.1062517433893 3.34536523348652 ex
3392 8.49989285971969 18.2958169812337 8.60632464312948 ex
3393 6.34698293264955 16.7057956587523 1.21029622084461 ex
3394 1.62457404029556 19.0741208661348 9.03500555944629 ex
3395 10.7669456498697 19.3751162993722 1.41090963524766 ex
3396 9.13951083412394 19.0833284105174 5.55011125304736 ex
3397 9.63031983631663 13.7849038906861 5.17561584035866 ex
3398 1.21001720381901 12.9542534246575 10.3755059877876 ex
3399 11.0882252303418 20.101087779738 10.8790841533337 ex
3400 11.3484161808155 22.2406614432111 9.42449076799676 ex
3401 5.11291933059692 20.2192367163952 9.86003465135582 ex
3402 11.2086223380174 13.7803132883273 6.09463641699404 ex
3403 2.12490171683021 22.1795361370314 9.60019699740224 ex
3404 6.32435996085405 20.4221877390519 2.4944439008832 ex
3405 5.60225209291093 21.8862714341376 4.56392434448935 ex
3406 5.34055445319973 12.3137998497114 3.95447856886312 ex
3407 2.31107985065319 13.5888079684228 1.27646237961017 ex
3408 11.6356742142234 19.8288292258512 7.80151289934292 ex
3409 8.49601749004796 23.4582319105975 7.54345023259521 ex
3410 5.4446155752521 17.0949548850767 3.67223766073585 ex
3411 8.55989738437347 18.6936460016295 1.96050914470106 ex
3412 2.1801390608307 13.4202686781064 3.7666384621989 ex
3413 0.830738063901663 19.5793463943992 1.32414732710458 ex
3414 3.30211286945269 17.4219658051152 9.30828848574311 ex
3415 5.76857346575707 23.6326711487491 0.379180643009022 ex
3416 1.72812678990886 23.2078914421145 7.69794744485989 ex
3417 1.6099892524071 16.5613101439085 2.55880484986119 ex
3418 5.88266187766567 18.03493050416 10.3712690584362 ex
3419 1.17539648688398 12.2694223613944 5.28842414659448 ex
3420 3.85852671600878 19.2567702915985 8.91556407092139 ex
3421 2.20339087187313 19.297960313037 2.77371425414458 ex
3422 0.849067341536283 12.1032461426221 0.963527705753222 ex
3423 8.50922772544436 21.6431820979342 1.57453737547621 ex
3424 9.37244862108491 17.7299367547967 10.7414621599019 ex
3425 10.1947575237136 18.859393081395 4.99129630788229 ex
3426 10.6148118360434 19.417241768213 7.55571277160197 ex
3427 0.769573328550905 12.7558568725362 3.00884836446494 ex
3428 10.0673614810221 14.26667628414 3.10210662032478 ex
3429 9.77343455050141 19.9501120266505 0.715138448635116 ex
3430 2.73575094575062 19.5503794981632 7.182440047618 ex
3431 6.49667365150526 15.3229561480694 7.34825325617567 ex
3432 0.231176061788574 18.7490850766189 8.22695076139644 ex
3433 2.00333781703375 12.0388673024718 8.05810354184359 ex
3434 1.77136323205195 17.2915183866862 1.7987248795107 ex
3435 3.61777459061705 14.3566324757412 9.54840306378901 ex
3436 0.497783163795248 14.4977754771244 4.03345168451779 ex
3437 2.78678164607845 20.3793963699136 4.73074918077327 ex
3438 7.37052118266001 23.1507903409656 3.59819714748301 ex
3439 9.59208879596554 23.8595324780326 3.211926931981 ex
3440 9.34674025629647 12.9480486835819 3.42517410241999 ex
3441 6.65587360109203 13.1082533837762 3.63501661620103 ex
3442 9.60817010211758 14.8658412634395 4.8253841183614 ex
3443 8.24808362266049 16.510397426784 6.63091310835443 ex
3444 9.46600729064085 15.9929029508494 3.63667022506706 ex
3445 2.45891744061373 18.3086786051281 5.93370041786693 ex
3446 6.4665426008869 22.9234105427749 2.95304929325357 ex
3447 10.7375658242963 18.7377004676964 6.44322443194687 ex
3448 5.22490723291412 16.4816048166249 1.43620147043839 ex
3449 5.96863166568801 17.8357037543319 7.01709587406367 ex
3450 0.330803975928575 15.4695564163849 3.34005910274573 ex
3451 10.5727956758346 18.1205807621591 11.8481352736708 ex
3452 3.56034402106889 18.0048097644467 4.02229356626049 ex
3453 5.79759681783617 23.677106678253 3.98497452959418 ex
3454 7.36806997586973 19.7427236917429 4.69052765308879 ex
3455 9.47137400205247 20.4754560689908 3.85453588399105 ex
3456 8.97871701722033 18.0913618882187 4.61052893335 ex
3457 5.22441449505277 23.5625107507221 1.09142305655405 ex
3458 3.91441348032095 12.9101018158253 11.7634290172718 ex
3459 10.3745869672857 13.6054404438473 3.44681435218081 ex
3460 9.73138628457673 18.9965984767769 5.2062304217834 ex
3461 3.38605187926441 21.7848961160053 0.427167708519846 ex
3462 10.667947212467 22.9108300274238 1.98280151351355 ex
3463 10.152135521872 12.0218906765804 7.81637020083144 ex
3464 11.7245674692094 16.860595850274 4.87248604791239 ex
3465 4.09823791356757 21.2727319349069 6.18278873804957 ex
3466 2.26318984758109 15.7924265749753 4.06329947803169 ex
3467 10.0877030931879 19.1602023385931 11.7243019747548 ex
3468 0.564413769170642 20.1375642120838 11.3152933272067 ex
3469 11.8750629827846 22.4770818219986 0.0855795089155436 ex
3470 6.14021519455127 14.1545200552791 7.80123442946933 ex
3471 8.73746181116439 15.0431354567409 8.90084519609809 ex
3472 9.93792377854697 17.7692253049463 8.15197438653558 ex
3473 1.13598653278314 14.8496245178394 6.60663023381494 ex
3474 11.1722774021327 13.2409296461847 2.49908051779494 ex
3475 3.1264784114901 15.3708589505404 1.81887894007377 ex
3476 7.15397678920999 12.4227707311511 9.5168554505799 ex
3477 2.35487444116734 20.697641387349 10.4611471795943 ex
3478 1.31291645066813 18.9715353299398 0.807344142114744 ex
3479 8.07035642722622 12.5186503806617 4.02427759510465 ex
3480 1.07691455981694 21.2767973095179 1.99969553644769 ex
3481 11.1985224850941 19.3858640433755 0.650717143435031 ex
3482 0.617014755262062 13.9538412145339 2.45715761673637 ex
3483 1.5590525388252 15.547760585323 7.19423733279109 ex
3484 5.24004788929597 23.9272371495608 7.76345026050694 ex
3485 4.97643153346144 13.5059632633347 11.6311419438571 ex
3486 4.1277677975595 16.7350935619324 5.55517405364662 ex
3487 11.706867855275 13.8952248424757 4.0814843068365 ex
3488 1.76790715171956 15.1883992264047 3.12217619596049 ex
3489 11.1509685418569 12.1022520822007 0.673483428545296 ex
3490 4.9810488272924 17.7262434209697 11.7873832206242 ex
3491 5.79879989475012 16.5869943799917 5.85948842181824 ex
3492 11.0208442038856 12.4989759926684 8.91576877748594 ex
3493 5.91594800818712 18.5874656001106 0.261682533659041 ex
3494 0.488464499358088 21.2706829099916 11.9403969424311 ex
3495 8.31022958853282 18.5066278860904 11.8751549138688 ex
3496 9.41502111032605 15.8588209100999 9.85034110350534 ex
3497 5.75205919146538 18.480228146771 2.74719538050704 ex
3498 5.23586891451851 19.8614637304563 7.92630388750695 ex
3499 8.16558535955846 19.4511037622578 11.6062949374318 ex
3500 10.923552505672 12.9780458901078 4.38698105886579 ex
3501 11.6157384652179 18.3036118659656 11.630392073188 ex
3502 6.8236006195657 16.4668271769769 11.6716580309439 ex
3503 7.04324387083761 16.1455626597162 1.54540958581492 ex
3504 8.50860461988486 19.0206948101986 2.49547469220124 ex
3505 10.453965916764 16.0833722285461 3.20409202761948 ex
3506 4.51699411659501 19.9538523689844 10.9289957811125 ex
3507 3.42810921627097 16.8059835529421 11.1795010615606 ex
3508 10.532678729156 15.956027378561 5.06252543162555 ex
3509 7.29499052232131 14.8825662101153 4.74668333958834 ex
3510 6.71793116768822 15.314637575997 5.69609072478488 ex
3511 9.27078661415726 12.2853671195917 1.79273320944048 ex
3512 9.6574107829947 21.8582901395857 3.83782482566312 ex
3513 1.10737819806673 22.9089966369793 8.96937756380066 ex
3514 0.565307333134115 13.8716406857129 1.92184245865792 ex
3515 2.20236370991915 18.5235667950474 10.5687178284861 ex
3516 7.39157340396196 22.9688600136433 10.6735549087171 ex
3517 2.09019820136018 15.1512202995364 10.2422823843081 ex
3518 6.70493698609062 13.440195210278 6.07857059547678 ex
3519 6.49604166368954 12.3679159020539 2.14670399879105 ex
3520 0.936801538802683 22.968490882311 3.25236615794711 ex
3521 4.68816750636324 18.8289198607672 9.1958481813781 ex
3522 11.4390637096949 12.4024939390365 4.05591482226737 ex
3523 3.10092574777082 18.8846605652943 3.29428387177177 ex
3524 10.4907437379006 20.5354124968871 8.85788278584369 ex
3525 4.89578520762734 21.6354448210914 4.50639418698847 ex
3526 9.47399678383954 23.1551086038817 11.1585071370937 ex
3527 6.17678913171403 20.1652067012619 1.78319735825062 ex
3528 7.48268168279901 17.151087754406 6.33001463883556 ex
3529 6.93044540728442 14.1604270357639 1.56294659874402 ex
3530 9.94006577413529 17.5341069225688 4.07272960292175 ex
3531 2.82921841391362 17.8947740315925 10.4039316680282 ex
3532 2.92155194631778 21.5157420381438 11.2385892025195 ex
3533 1.68728488031775 21.9943437578622 11.0979554431979 ex
3534 6.05753213888966 12.9515992163215 4.79558332124725 ex
3535 1.78829198121093 15.3233878451865 11.8735783530865 ex
3536 5.8202073383145 20.7564926010091 2.26244383538142 ex
3537 6.65746609703638 19.665340581676 3.4711429993622 ex
3538 8.38756063766778 18.7135109577794 3.05257651070133 ex
3539 3.92703883652575 23.337526537478 4.72942484007217 ex
3540 7.08533840207383 23.1343449088745 10.4167310607154 ex
3541 8.64314384525642 23.0337791363709 9.62497680843808 ex
3542 0.211730597773567 21.51099139289 10.6566381787416 ex
3543 9.84994881972671 21.9778625480831 8.68539194669574 ex
3544 3.33844825695269 12.3002414538059 8.847996751545 ex
3545 11.4786606384441 12.0983526087366 1.39836468687281 ex
3546 1.12587365903892 23.0059467169922 4.83374200528488 ex
3547 5.10358453006484 20.9744463490788 4.9527409391012 ex
3548 2.20312436274253 15.9641291224398 7.6091774799861 ex
3549 0.591507290955633 13.4649492029566 3.48983343667351 ex
3550 2.28250959306024 14.3740992443636 5.43854703567922 ex
3551 9.51831570430659 20.4876209418289 7.34921506769024 ex
3552 9.46335669700056 15.7607015504036 1.85653170128353 ex
3553 5.52495977492072 20.7727783862501 10.9007149415556 ex
3554 7.37224883353338 17.5584565724712 2.05319250165485 ex
3555 6.89167707320303 22.3063899772242 3.86042290204205 ex
3556 0.141187161207199 22.3594732377678 4.74406721466221 ex
3557 11.7749584971461 14.8925734527875 2.58071065996774 ex
3558 0.25520328222774 23.1417045374401 6.5375988103915 ex
3559 9.01951561821625 15.3425985993817 0.132844956591725 ex
3560 4.20970076438971 15.6703162635677 5.45731740258634 ex
3561 2.07610388658941 19.5928478417918 10.9367084351834 ex
3562 9.20836267597042 21.4147358855698 6.90441964427009 ex
3563 9.0135033163242 17.2331010205671 2.55804337351583 ex
3564 6.28053912799805 18.5354627324268 7.53652162873186 ex
3565 0.861206266563386 19.1244086194783 0.722075702156872 ex
3566 1.97834009141661 13.0431089934427 6.523241618881 ex
3567 4.05228874506429 12.013395777205 3.21242101606913 ex
3568 6.95037723286077 15.2351544296835 3.26658185408451 ex
3569 1.71349062211812 23.9569363270421 3.79922164906748 ex
3570 1.87525825342163 21.2671025940217 9.96795177645981 ex
3571 4.3695851995144 20.0337374450173 8.40969663276337 ex
3572 8.11069436580874 12.4874762792606 7.45724961115047 ex
3573 4.30216752761044 16.5456390499603 6.9930693123024 ex
3574 6.97823623125441 17.7094263790641 3.25996973481961 ex
3575 10.8253721008077 15.336426516762 6.67893777647987 ex
3576 10.0293079433031 13.3775725427549 9.12882490991615 ex
3577 0.135252696461976 20.1634506073315 9.61877449438907 ex
3578 10.7267176387832 17.9336518717464 2.28596888133325 ex
3579 6.85356827545911 17.955187091371 0.285994054982439 ex
3580 5.83595410385169 12.2529755358119 4.08339566923678 ex
3581 11.5282157924958 12.743793230271 2.56073097628541 ex
3582 10.6442918756511 21.6201758235693 11.1070690583438 ex
3583 3.05952497059479 19.1623396638315 10.9239488197491 ex
3584 10.4802425825037 15.533872412052 7.57657728809863 ex
3585 0.149309169035405 21.9829254245851 4.59856337774545 ex
3586 4.57588545489125 16.5462536294945 7.71571035357192 ex
3587 4.00673832860775 14.4850109282415 11.1831515745725 ex
3588 2.3185538018588 12.567136853002 5.43633262999356 ex
3589 1.23982660076581 18.4907360016368 6.6986033145804 ex
3590 5.25999237271026 17.0407186590601 2.51235370058566 ex
3591 11.3694075238891 16.6038061063737 7.82297870679758 ex
3592 5.72737407451496 13.1544513907284 10.2630708673969 ex
3593 9.12911605741829 12.5292011338752 7.9975275376346 ex
3594 11.299913033843 23.5990863342304 1.03235838818364 ex
3595 10.0296872751787 14.0988294624258 9.19945716881193 ex
3596 10.8268232054543 16.3985022269189 10.2406572350301 ex
3597 8.95231036515906 13.2308341735043 4.22659687371925 ex
3598 1.8362283569295 15.4196533362847 0.1136606677901 ex
3599 7.67232754128054 21.7455806722865 7.48482439643703 ex
3600 5.82848936878145 23.2882793226745 2.52011754619889 ex
3601 4.3130692797713 15.6314422686119 10.6102785042021 ex
3602 5.67278004344553 13.9834820670076 11.4137431962881 ex
3603 11.0085378596559 14.0696310752537 6.26797772129066 ex
3604 8.48804802051745 16.9903437432367 1.88941930909641 ex
3605 6.44593567308038 20.3752840019297 3.88892856356688 ex
3606 3.16232134960592 21.9571147041861 8.73005045135505 ex
3607 6.59757957980037 16.539703321876 8.66101609868929 ex
3608 1.03214127873071 16.866587912431 9.01507037575357 ex
3609 4.30097801913507 18.6986247655004 2.27574126119725 ex
3610 8.63913122797385 17.5619803161826 1.30657181493007 ex
3611 3.56291376007721 18.4853255725466 5.17386077530682 ex
3612 4.31486804620363 18.0934609826654 11.1404220394325 ex
3613 0.54371691076085 17.583170305239 3.01973552536219 ex
3614 5.99085188307799 22.1306748685893 2.08271834487095 ex
3615 1.81955904769711 19.1825006937142 1.06603745068423 ex
3616 11.0402950770222 21.1758875711821 1.92718171305023 ex
3617 11.789491299307 21.9553047674708 10.6960088463966 ex
3618 7.41006101574749 21.3074610154144 2.70996805536561 ex
3619 5.09197278926149 20.4166079496499 8.68798359110951 ex
3620 0.142941812751815 14.5094394078478 3.79739550757222 ex
3621 8.12168439896777 22.4307858818211 11.8085520518944 ex
3622 0.11400616215542 17.5974534621928 0.65983775537461 ex
3623 10.8869953164831 13.8846197889652 7.92986360401846 ex
3624 1.40314091835171 20.4518621966708 10.0562294069678 ex
3625 10.0373540027067 21.1752213248983 0.477700081188232 ex
3626 11.4102132460102 14.0944679814856 11.6525019505061 ex
3627 4.39088683808222 13.9337011070456 8.73247471614741 ex
3628 1.45948376390152 19.4709704786073 8.94578806287609 ex
3629 4.71015698718838 22.917766073253 11.5204057209194 ex
3630 7.30971023486927 12.6641130791977 4.32137810112908 ex
3631 1.08662188961171 19.0789996250533 11.8367495902348 ex
3632 0.167664977954701 19.6685737178195 7.57297930796631 ex
3633 6.5084391173441 23.1786051529925 1.79423019639216 ex
3634 1.32637093239464 15.3055497950409 6.57100466452539 ex
3635 9.20287062576972 13.3593906459864 2.20140897599049 ex
3636 0.827920757932588 12.9804230215959 8.01700101350434 ex
3637 0.921702950727195 14.1735397353768 11.3077275578398 ex
3638 9.82365791429766 19.1531308740377 4.12332450109534 ex
3639 9.69438571599312 15.1133375393692 6.77957911160775 ex
3640 8.29317796463147 14.6087231675629 4.32502501737326 ex
3641 8.93246346642263 22.7766106144991 1.37473090155981 ex
3642 3.03092402033508 20.0904910981189 7.91481051314622 ex
3643 6.8013492601458 18.1871436811052 10.8518475855235 ex
3644 0.211156521458179 19.8329709083773 10.5470659157727 ex
3645 4.0713802468963 22.779781979043 3.56205493677408 ex
3646 11.8168404325843 17.7223211387172 7.39879269502126 ex
3647 0.889552663080394 18.9755814701784 7.25011297175661 ex
3648 6.22793484525755 12.2658277463634 6.46027401043102 ex
3649 8.55319389561191 23.4578240802512 0.985376502387226 ex
3650 4.58444256288931 17.7860896105412 0.743589845253155 ex
3651 1.15693479427136 15.0935097024776 8.35725072631612 ex
3652 10.909104373306 22.3386783252936 6.77194440923631 ex
3653 9.02415628219023 16.7112806991208 9.00547275040299 ex
3654 6.08142119576223 20.6907725972123 9.13354526273906 ex
3655 4.70065923221409 12.8909976575524 7.35425477358513 ex
3656 11.1781041505747 17.7853743389715 2.9936328404583 ex
3657 10.8943960678298 20.2469305265695 11.5866638096049 ex
3658 7.90390056744218 17.914503635373 4.79149269056506 ex
3659 9.05773783568293 22.9539744250942 11.5310691117775 ex
3660 5.23238483979367 13.7583772726357 9.49574162508361 ex
3661 4.58511405577883 15.1688735561911 0.211638346780092 ex
3662 0.138949385145679 15.0965982975904 1.80179081647657 ex
3663 6.20757099846378 14.4896266749129 9.12156514334492 ex
3664 0.339596075937152 21.3499649995938 1.23542718286626 ex
3665 10.7218887251802 12.1492134197615 5.64139210502617 ex
3666 3.93436781549826 23.1689780824818 5.2899211642798 ex
3667 11.8002091164235 18.5735680719372 0.443215809296817 ex
3668 4.08985246205702 21.6029321397655 3.99761757976376 ex
3669 10.8234201436862 17.228481851751 5.2787971899379 ex
3670 4.60939503461123 15.9063936104067 6.94979743007571 ex
3671 4.08889924967661 22.4189470307902 6.58750917925499 ex
3672 6.78018971532583 22.881733475253 5.85205574240535 ex
3673 3.62281412864104 15.0297041309532 2.73712375527248 ex
3674 7.88771246816032 16.8266208020505 6.98285375954583 ex
3675 6.26075136777945 21.9536985706072 7.92312628636137 ex
3676 11.4620661570225 15.4060792869423 0.691838500555605 ex
3677 8.4295949889347 23.6603782484308 11.6857279690448 ex
3678 9.1615526007954 20.0089395178948 5.94340397277847 ex
3679 3.21575861913152 13.3144775144756 9.85140816424973 ex
3680 7.89680577651598 22.8506741586607 7.8014932833612 ex
3681 10.422702264972 18.3695391332731 0.935027269413695 ex
3682 4.56550382054411 19.6776048007887 11.9563729257789 ex
3683 3.81437570671551 19.8929528831504 2.53146070986986 ex
3684 6.73081593657844 21.4703546371311 2.77853477862664 ex
3685 7.25410039164126 12.4715147058014 2.26636822219007 ex
3686 6.73893234273419 18.9438390219584 8.30038858857006 ex
3687 3.25420679687522 13.5710444224533 10.4633584804833 ex
3688 11.6776386385318 13.7444359636866 3.59314050525427 ex
3689 7.95282700262032 23.2839250019751 8.54136444628239 ex
3690 4.68279697722755 20.6853582409676 3.72417379613034 ex
3691 4.44272557809018 23.5466547273099 8.07455640565604 ex
3692 3.29798026522622 19.8260930641554 9.91039324784651 ex
3693 0.479655009927228 20.4548940788954 2.37896666792221 ex
3694 10.830021237256 23.6918882646132 6.19458556408063 ex
3695 3.19657998182811 20.2462269305252 4.43636079924181 ex
3696 5.93420416861773 19.014828445157 11.1584279048257 ex
3697 5.17870832094923 15.3813586113974 6.70720674959011 ex
3698 7.48113948572427 19.5989952380769 7.22644625627436 ex
3699 3.11278037261218 18.909719362855 6.93537914124317 ex
3700 6.83593593677506 13.290620678803 0.274529389105737 ex
3701 9.82561788032763 18.3902522914577 1.68981817667373 ex
3702 8.84268775139935 15.1700817653909 11.7206561984494 ex
3703 11.6585496964399 13.8303674776107 11.8490104996599 ex
3704 8.63994182203896 13.2029116132762 1.21130086784251 ex
3705 10.8093891246244 17.987107984256 9.95575027982704 ex
3706 1.16695989132859 13.3597337047104 8.73287026095204 ex
3707 3.03945884108543 13.379017704865 2.47682382306084 ex
3708 1.55356702767313 16.0730992462486 7.04564770613797 ex
3709 5.87257251678966 16.1544535104185 0.0277849808335304 ex
3710 3.15307412389666 15.0717806261964 0.656750006135553 ex
3711 1.45846136449836 13.964116258081 10.1261615906842 ex
3712 11.5257863441948 21.5056526667904 2.55719907442108 ex
3713 9.98065111832693 18.6644872280303 11.8593430975452 ex
3714 6.64855239447206 19.0378127729055 6.78740721521899 ex
3715 5.30536892730743 16.4795499753673 7.40572607144713 ex
3716 11.4783368417993 17.0045049334876 0.239022938301787 ex
3717 6.03503935388289 21.0420870480593 6.35643293661997 ex
3718 10.5891068491619 13.8901317156851 0.965456562582403 ex
3719 4.91209726524539 21.0076905172318 1.08906091563404 ex
3720 8.18450036202557 23.5025656162761 1.99429569067433 ex
3721 9.35718094557524 17.920981555013 7.66360292374156 ex
3722 2.03209439502098 21.9928337819874 0.517637166427448 ex
3723 6.99848496145569 23.8345407480374 11.6609970473219 ex
3724 4.55359758157283 23.1550915674306 4.85162534867413 ex
3725 7.44119060272351 14.8646007967182 2.64891418674961 ex
3726 3.02285118564032 17.8845290148165 10.5344579389784 ex
3727 2.40947142080404 21.930917900987 4.44253434916027 ex
3728 8.88784097041935 17.5800015905406 8.99700929620303 ex
3729 8.24871418136172 20.5628318064846 0.798902285750955 ex
3730 6.82898950017989 14.481172677828 4.5642733538989 ex
3731 3.6966643196065 20.4791771017481 5.42921958607621 ex
3732 2.27013564156368 17.8410908645019 8.68427873519249 ex
3733 9.09063533646986 22.5128818927333 5.39804249373265 ex
3734 0.638121347408742 15.2856982697267 9.04197328793816 ex
3735 10.1863824923057 20.6743675321341 5.72823942941613 ex
3736 5.67817968502641 21.5688437800854 1.09851189609617 ex
3737 4.11173691949807 20.783517655218 10.5341359230224 ex
3738 4.74294158397242 20.4772032550536 9.40495094098151 ex
3739 1.83746257657185 13.6088944424409 3.2051652725786 ex
3740 8.80191866168752 19.0846363829914 9.5508287504781 ex
3741 9.20748915430158 18.9361432783771 6.59872874012217 ex
3742 8.30219520512037 22.3057177683804 3.40291378553957 ex
3743 9.44183498993516 17.5727004420478 6.12630709214136 ex
3744 4.14211788354442 20.6555784144439 0.748680314049125 ex
3745 8.86007674899884 17.4320166802499 10.0647590863518 ex
3746 0.068448239704594 20.9175730363932 7.18470277194865 ex
3747 7.88940407219343 23.9234939939342 5.10875427303836 ex
3748 0.108491967432201 12.0183783653192 5.26753527810797 ex
3749 2.54322468093596 13.5687906870153 11.3297443487681 ex
3750 11.0857592381071 12.3329638370778 3.7742223427631 ex
3751 6.16852466599084 14.3546245871112 5.63632680801675 ex
3752 5.98581478302367 21.6480947409291 9.14956610975787 ex
3753 10.7327475091442 12.8687402603682 1.15490276180208 ex
3754 8.57596952538006 14.1400013610255 1.33969596656971 ex
3755 1.56060611619614 22.1325944110285 7.47844614530914 ex
3756 5.685421400005 12.9754610331729 8.44362743082456 ex
3757 7.59392918902449 23.1957055879757 11.341923286207 ex
3758 7.55366250756197 13.8156530421693 6.23172980453819 ex
3759 3.64900214713998 19.6127043811139 5.10000156261958 ex
3760 3.43282219464891 22.9506907837931 0.299216212006286 ex
3761 1.27844648808241 13.4895194864366 9.57858673692681 ex
3762 5.9599365289323 23.3971720240079 9.80533821857534 ex
3763 10.0621548613999 16.7976896341424 5.77694853511639 ex
3764 10.0802001315169 12.8751641314011 6.46618406497873 ex
3765 8.26119208382443 14.8050051578321 2.50429506832734 ex
3766 5.29704434820451 19.9109154166654 3.67070365650579 ex
3767 2.80111277964897 17.9375434750691 4.48431118298322 ex
3768 3.08413751935586 16.4649908777792 7.68047985457815 ex
3769 7.45732180564664 18.4784415410832 10.1626315894537 ex
3770 8.57354869856499 19.7542789625004 0.609901468502358 ex
3771 6.0078463437967 13.6221131009515 4.30796106974594 ex
3772 10.7475843860302 23.460856463993 10.553585190326 ex
3773 7.73688725265674 14.6731171112042 1.19233145448379 ex
3774 2.17232565348968 22.4557936037891 7.21953798714094 ex
3775 3.47146773990244 21.5623667021282 10.1946261923295 ex
3776 4.60649445396848 18.8973065342288 8.82088489201851 ex
3777 8.88840737636201 12.6591407530941 10.5915220938623 ex
3778 2.82016151444986 22.5775228387211 2.42806010274217 ex
3779 4.9043825797271 18.2245950801298 10.0936727076769 ex
3780 1.57765528769232 17.6349203877617 5.99338179291226 ex
3781 4.32530594011769 23.4128038904164 10.5151984067634 ex
3782 7.7953943638131 12.1450973560568 8.88820118946023 ex
3783 4.53491186979227 15.77712542261 4.9590922864154 ex
3784 10.6183049655519 15.6813136283308 3.3021934684366 ex
3785 8.19481875491329 21.6909037660807 9.21050707623363 ex
3786 8.14155323291197 19.8437629363034 1.78977371565998 ex
3787 2.31554242805578 23.9100901493803 10.7386895082891 ex
3788 9.57621154119261 15.5248900491279 10.9579741787165 ex
3789 9.12979604746215 12.732402611291 0.857672577025369 ex
3790 11.7301638531499 13.4794935439713 8.61955448123626 ex
3791 11.3269377436955 22.4806989659555 3.53061620844528 ex
3792 6.51553124166094 16.8362073651515 6.65183267509565 ex
3793 2.86967993131839 20.1736881511752 1.76365962973796 ex
3794 1.43491728976369 14.8169972891919 8.67910434142686 ex
3795 4.8098007934168 19.6718427469023 7.23308366537094 ex
3796 2.75508746807463 23.952191431541 6.26260755956173 ex
3797 5.93279884522781 14.6239925792906 3.32607978838496 ex
3798 4.54478905070573 19.7497524395585 4.4964127575513 ex
3799 2.91532298712991 23.1225116532296 11.50930362707 ex
3800 11.0412506854627 19.9327136175707 5.34451688197441 ex
3801 11.4972907861229 13.4747871195432 5.6840229514055 ex
3802 4.57842023833655 19.3649559586775 0.185482563916594 ex
3803 9.2191224899143 13.742618287215 4.62559023941867 ex
3804 10.3630859190598 23.4679781575687 4.93153539812192 ex
3805 5.57222566544078 21.7295570052229 8.73698524665087 ex
3806 3.78917214297689 17.9353106811177 0.953016882296652 ex
3807 1.39471952267922 13.6202694892418 4.01987588615157 ex
3808 3.93586606881581 20.1483534444124 9.30379628227092 ex
3809 6.04125296580605 21.7254185590427 0.687740518478677 ex
3810 0.942116077523679 23.7408664037939 4.55203715967946 ex
3811 9.883383637527 15.8022968103178 7.20319586386904 ex
3812 0.650185437873006 13.1340907269623 9.25295813055709 ex
3813 3.37641748040915 14.1653940703254 10.2093745677266 ex
3814 11.9989493940957 22.7982840272598 5.57925755111501 ex
3815 9.50092990417033 15.7055987454951 2.18978743162006 ex
3816 10.9290966996923 15.5872788713314 8.28084518690594 ex
3817 4.42395994835533 12.9782364922576 9.38521366659552 ex
3818 9.83840169594623 23.4493575445376 1.77221327275038 ex
3819 5.87584433401935 17.8776658223942 5.35703919292428 ex
3820 3.12608724785969 14.5476094614714 8.03441511001438 ex
3821 11.3740323185921 16.4873702237383 5.41617238894105 ex
3822 2.45593155967072 12.2460667490959 3.24583117826842 ex
3823 3.09243696159683 18.5133776117582 7.15890739276074 ex
3824 1.38457886618562 14.4307063624728 1.19209092948586 ex
3825 4.64034456107765 16.9863439192995 1.12882521771826 ex
3826 0.0764778957236558 20.3828522530384 0.804358429973945 ex
3827 1.14049210236408 17.0784725307021 9.16355330729857 ex
3828 8.96581813390367 14.7702219744679 11.9171461439691 ex
3829 6.93606629292481 12.5360510868486 11.2881305296905 ex
3830 7.73322719149292 17.999680000823 5.89735073060729 ex
3831 4.56913925125264 23.8675722049084 1.87813607114367 ex
3832 6.65283244522288 23.6881494456902 0.415378730976954 ex
3833 10.7352272400167 17.2665632835124 8.4710712460801 ex
3834 6.41576219839044 23.2104521945585 7.62407275708392 ex
3835 2.50084324134514 21.8655256703496 1.26169672212563 ex
3836 4.1341545896139 20.9496278709266 2.12899625813589 ex
3837 7.97970615397207 16.2275709379464 3.2699700887315 ex
3838 11.3268499423284 17.3062756839208 11.9060724582523 ex
3839 0.959322098176926 23.20857538376 11.6943142849486 ex
3840 11.1314350503962 14.7732815411873 4.72667256230488 ex
3841 0.343129124492407 13.4017591248266 5.69958762009628 ex
3842 11.3702855966985 15.2378464348149 9.99540536268614 ex
3843 6.81153813796118 20.0072830240242 6.58880952466279 ex
3844 8.89439336466603 17.8864882094786 9.37205245811492 ex
3845 4.57309436495416 19.8213283242658 3.3279470584821 ex
3846 7.43245486542583 19.377522949595 9.03117567743175 ex
3847 1.01532819424756 20.1024550313596 5.78490349603817 ex
3848 2.3306409784127 20.5373897105455 8.96389828110114 ex
3849 2.73724250751548 16.4686803214718 7.93602729542181 ex
3850 3.0536759509705 16.6239396994933 9.26993835018948 ex
3851 8.02392910816707 22.8258865172975 4.53661575610749 ex
3852 10.2115212019999 17.8525973393116 0.213649998418987 ex
3853 6.24154469231144 19.5043598474003 8.82297937152907 ex
3854 4.42323070531711 15.622877337737 8.57273707096465 ex
3855 0.343097924720496 16.97514050873 4.9270810612943 ex
3856 3.0191574182827 14.0519028389826 6.61754280980676 ex
3857 5.18795390147716 18.5151916320901 6.98953262204304 ex
3858 10.0719461464323 21.1323229465634 6.62401913525537 ex
3859 6.22413335461169 13.6592034434434 2.32929018535651 ex
3860 2.90013897488825 14.2259704505559 0.855435297824442 ex
3861 11.9503813628107 15.0736047520768 11.7487711091526 ex
3862 6.38138891430572 12.752532975981 0.721179567277431 ex
3863 8.66282417019829 14.9788824995048 0.378559155855328 ex
3864 1.91106031578965 23.9478757791221 2.37816635938361 ex
3865 8.33701385627501 20.2493783202954 2.04280326049775 ex
3866 5.93307651695795 20.7890767017379 11.9151410949416 ex
3867 5.75035632145591 12.0325531198177 1.52894651307724 ex
3868 9.01231905608438 13.5630717773456 7.77891498734243 ex
3869 8.43778217188083 16.4940450438298 0.678057102253661 ex
3870 6.74669138342142 17.5100683774799 9.27738364739344 ex
3871 3.33029707567766 22.5024009633344 4.54630967439152 ex
3872 4.037161082495 12.8741126598325 8.74219513614662 ex
3873 0.575630296953022 20.4728397969157 1.33605039003305 ex
3874 11.080211606808 17.8461191274691 1.56565839494579 ex
3875 0.616330324206501 23.7060435584281 7.52637687465176 ex
3876 1.3135576939676 20.6539724506438 7.12806523428299 ex
3877 11.620971779339 21.3708532901946 3.14861335256137 ex
3878 4.34169314941391 18.9388424749486 7.68639124138281 ex
3879 8.64518612227403 17.5463911958504 6.11097045522183 ex
3880 8.21831048536114 20.5696344336029 6.40646336809732 ex
3881 0.149092314764857 16.5377109353431 7.51562206400558 ex
3882 7.26268772152252 15.0534107722342 2.25554035278037 ex
3883 3.83803202630952 17.4296350898221 4.89962588367052 ex
3884 2.42838791734539 20.2807953062002 9.63365894835442 ex
3885 2.23027644515969 23.0511836071964 0.633855443214998 ex
3886 6.93297731247731 16.4234472687822 2.77085826359689 ex
3887 3.72097923583351 16.5077261889819 10.8013994528446 ex
3888 7.79606776032597 18.0508934610989 6.37429528660141 ex
3889 7.69243897357956 20.0494807688519 2.44540105084889 ex
3890 10.9142586721573 19.6240783436224 0.461808689404279 ex
3891 5.26096201944165 19.7850537872873 9.0632753809914 ex
3892 11.877760628704 14.7270956109278 10.1619357268792 ex
3893 1.20971347601153 23.950924995821 9.91105410829186 ex
3894 11.2835861654021 13.001430473756 10.6908779835794 ex
3895 2.11725081223994 20.1950182132423 7.5406562210992 ex
3896 0.404998240526766 23.5654896937776 3.94964179303497 ex
3897 9.92609668849036 12.8194253277034 9.42511878279038 ex
3898 0.134977380977944 22.0781631916761 1.02141063543968 ex
3899 1.55293732392602 14.0825619606767 0.26270877267234 ex
3900 1.81573556666262 15.4903101965319 4.88466955022886 ex
3901 8.17595690768212 23.3027315798681 2.14761516428553 ex
3902 11.8801767777186 16.8780596631113 1.60867395880632 ex
3903 6.0589012359269 17.1480837410782 8.08913844753988 ex
3904 4.87243233877234 23.158749275608 3.00712031242438 ex
3905 11.7771230933722 22.9950637030415 1.15207491838373 ex
3906 5.99085784214549 12.5282538956963 2.21171407634392 ex
3907 8.06792443525046 20.2986028622836 11.6557039972395 ex
3908 3.67515295092016 18.5326090820599 10.9107585309539 ex
3909 10.8962031377014 12.0967429294251 9.64566403557546 ex
3910 9.69903860124759 17.1765543860383 1.01915009878576 ex
3911 1.41706701600924 20.4897432273719 0.502038260456175 ex
3912 5.89316511387005 22.5840505254455 4.39252399629913 ex
3913 11.9314017565921 20.944905455457 7.28396052517928 ex
3914 8.52268458460458 15.6082477660384 6.4511477346532 ex
3915 4.35388562851585 20.8742084964179 1.20696993684396 ex
3916 4.32635643309914 19.7055401890539 1.28362673823722 ex
3917 11.6145230345428 16.7694891148712 3.66067804116756 ex
3918 9.6040621898137 18.6505993639585 10.5814499363769 ex
3919 8.0778693750035 20.4065543483011 5.86906098434702 ex
3920 2.42011795099825 22.2449532053433 0.672213294077665 ex
3921 11.6979373050854 17.5076210922562 3.19533883477561 ex
3922 8.93919359776191 14.5096005788073 9.66861648345366 ex
3923 3.25779617438093 20.6501548946835 8.16252059442922 ex
3924 8.04624725366011 21.5847417642362 11.6188358699437 ex
3925 10.3139808466658 15.1081060231663 1.51131934975274 ex
3926 9.37115036137402 13.8286355298478 3.54666746617295 ex
3927 2.85668720211834 18.3161372139584 0.0518144473899156 ex
3928 2.87380155408755 14.8025053599849 8.57799513009377 ex
3929 1.85563642228954 15.4689531440381 10.091577306157 ex
3930 8.33480401290581 18.5267869986128 10.319013488479 ex
3931 7.85129281459376 20.2432041042484 4.13024171534926 ex
3932 6.71394089888781 20.6413332754746 4.2131275688298 ex
3933 0.715149312280118 16.699104688596 0.25286685815081 ex
3934 6.69934326061048 21.9837385413703 9.81470135925338 ex
3935 5.41717115719803 21.8810067863669 7.35250809253193 ex
3936 4.42758661881089 23.1018755848054 5.8154000446666 ex
3937 8.48049648292363 16.6544553562999 2.41980095161125 ex
3938 6.93030627048574 14.3616400109604 11.7241687972564 ex
3939 2.28758554928936 22.055342505686 5.64969790214673 ex
3940 11.1699662702158 21.8519698642194 6.66862602182664 ex
3941 10.4731193070766 13.6200469324831 6.18091217125766 ex
3942 5.34015415213071 22.1899552515242 11.8214430133812 ex
3943 0.145434967940673 22.2090338326525 7.87553435657173 ex
3944 11.209873941727 19.4285676628351 2.01949249580503 ex
3945 10.0319330443162 14.9341599878389 1.06555645982735 ex
3946 11.0317071666941 20.033204627689 3.39007800584659 ex
3947 3.22784979618154 20.994726175908 2.45757323666476 ex
3948 7.3253966292832 21.9949581583496 11.6720875084866 ex
3949 10.7453528556507 15.0506131846923 2.75399110489525 ex
3950 11.7680872729979 23.2608418879099 4.44743794458918 ex
3951 7.10771440411918 19.8851640198845 6.42582584987395 ex
3952 7.39016570616513 16.1260085632093 5.83987773489207 ex
3953 9.06006827461533 12.0588975143619 5.88447576970793 ex
3954 9.58710184274241 14.9366686509456 9.64036419964395 ex
3955 11.4795529567637 16.7082430291921 11.8993314341642 ex
3956 8.58962527429685 13.0631004532333 2.6420449858997 ex
3957 3.83003806229681 16.4369119643234 2.95726585364901 ex
3958 11.6979288542643 13.4280633009039 9.58605160028674 ex
3959 3.86853464948945 20.3976116550621 10.0600868985057 ex
3960 5.55639553931542 19.3169693625532 4.47095160651952 ex
3961 6.47568065719679 18.849827776663 6.05324840708636 ex
3962 11.3979520834982 23.2164834321011 9.56697128526866 ex
3963 11.1246034074575 23.8854703600518 10.9445751819294 ex
3964 1.16580963274464 19.302465863293 4.21076127584092 ex
3965 5.95037558861077 21.0703337155282 11.4527511766646 ex
3966 8.69089231477119 22.4421732993796 2.30035132123157 ex
3967 3.47515457426198 13.1277358250227 1.77725841687061 ex
3968 0.79148783092387 20.8299898637924 4.54993183910847 ex
3969 3.52075166651048 22.9580592848361 9.7529364535585 ex
3970 10.2468822193332 16.7784001131076 6.85822454863228 ex
3971 10.5494251402561 16.5789109182078 8.70573016093113 ex
3972 11.9405989279039 14.1799191653263 0.33711587684229 ex
3973 2.95554699585773 18.1361808720976 7.51315885782242 ex
3974 0.13519740733318 15.2061960713472 2.48318818886764 ex
3975 0.857831941219047 12.1909279318061 9.65249302447774 ex
3976 7.53070872253738 13.1028841226362 10.1774647338316 ex
3977 5.88342015468515 21.3509876970202 2.41121363802813 ex
3978 7.52156368317083 12.1691012864467 11.163397153141 ex
3979 2.11018938198686 19.0311650682706 6.02848705393262 ex
3980 3.32120074587874 17.770322481636 3.66012162831612 ex
3981 5.33709776494652 15.5343139793258 4.84634928847663 ex
3982 6.80243065208197 16.1400771983899 7.66306100855581 ex
3983 1.55199486576021 19.56974668568 3.89386409288272 ex
3984 9.46388219483197 14.7606671976391 1.82145673083141 ex
3985 4.21957857930101 17.8399840558413 5.31982587673701 ex
3986 3.79909518104978 18.0795579187106 8.31418199860491 ex
3987 2.52993153873831 20.91845721961 3.07523632305674 ex
3988 7.40127086522989 20.2442171787843 1.14344788435847 ex
3989 8.94455433613621 23.9171053476166 6.03457172890194 ex
3990 8.91702799499035 23.9333130819723 10.097570810467 ex
3991 3.02102724905126 19.6276729425881 4.52984204282984 ex
3992 0.961991856107488 14.7883496845607 8.09894729405642 ex
3993 2.44314285810106 12.7903400091454 6.60386029095389 ex
3994 6.46361623774283 21.8344646496698 1.90434626606293 ex
3995 4.09029749245383 13.8813385928515 2.87642226717435 ex
3996 7.08416928513907 14.8432285736781 8.94027883652598 ex
3997 7.20885859942064 16.4312789272517 8.06091541913338 ex
3998 2.39982696203515 18.5561398267746 8.84984651999548 ex
3999 9.21012787078507 17.7684566497337 5.24059830303304 ex
4000 9.52051890594885 20.1685564080253 1.91534481453709 ex
4001 5.62718849000521 12.0010025438387 7.858369092457 ex
4002 1.6988937642891 12.2440154065844 0.721265959553421 ex
4003 1.744757757755 19.5230952042621 7.74584013852291 ex
4004 5.69439947255887 21.133771067718 6.67913911584765 ex
4005 10.56861764309 20.6885950604919 9.8088913098909 ex
4006 5.02474917564541 22.6992068768013 10.2054551418405 ex
4007 1.03417482273653 14.2344412521925 2.05204822402447 ex
4008 4.91921424865723 17.9591274629347 6.90302145015448 ex
4009 7.54904822749086 22.9382271782961 6.66716959327459 ex
4010 0.388197661843151 14.3736678981222 6.01395838800818 ex
4011 7.61867239396088 17.6343606102746 9.39348921529017 ex
4012 11.2771966683213 22.6487592929043 4.93250679480843 ex
4013 9.43406466743909 14.5346501814201 0.59079794283025 ex
4014 0.646225954638794 17.6077801948413 11.5682273884304 ex
4015 5.31390504189767 14.056528726127 2.40868316567503 ex
4016 4.31253857468255 14.0617952558678 1.42730899062008 ex
4017 1.22690898948349 17.7167669564951 11.5610333583318 ex
4018 1.39168252469972 17.3754321010783 3.68582543451339 ex
4019 0.667339700041339 19.7146878715139 3.5106489637401 ex
4020 10.7862102680374 23.7574445360806 2.6366309565492 ex
4021 7.07602616935037 15.4314567488618 4.06183846690692 ex
4022 9.29708738997579 18.7323930151761 9.69033328071237 ex
4023 2.89790306263603 19.9041342507116 0.731967684347183 ex
4024 10.5402404009365 17.044125320157 3.16941627650522 ex
4025 5.56791627476923 17.3186786279548 4.73560219141655 ex
4026 7.95030522160232 20.4865256880876 9.75158395641483 ex
4027 5.44217039644718 23.6329344050027 8.15712410700507 ex
4028 9.77477151085623 22.158675420098 0.674148078542203 ex
4029 10.8627194731962 19.0734596233815 5.38429488870315 ex
4030 4.01093279197812 12.4247313358355 2.45186962233856 ex
4031 2.1119457683526 12.2884336428251 2.10140402847901 ex
4032 10.62193186488 22.7275050801691 7.62233152263798 ex
4033 7.60246948734857 15.9130407152697 11.1340850885026 ex
4034 3.31422213977203 17.7574261152185 1.10954199288972 ex
4035 8.95239380700514 16.5651555480435 5.02311478997581 ex
4036 3.04948446317576 12.3533672874328 2.21092976094224 ex
4037 2.53758258372545 13.1746647309046 2.13313964917324 ex
4038 0.483245993265882 12.9398551667109 4.83553482149728 ex
4039 7.21683946740814 21.9615560898092 9.66887176036835 ex
4040 6.85250472766347 22.5167919432279 9.59235380170867 ex
4041 1.21284371893853 12.2323961674701 3.37739790021442 ex
4042 4.38643425912596 17.4937690400984 2.48003686522134 ex
4043 2.29290486662649 13.8419915523846 4.07536689587869 ex
4044 9.65823251591064 12.5397580903955 6.53391611226834 ex
4045 11.6909841794986 22.4256216352805 11.4301664044615 ex
4046 4.40728995180689 17.5543270960916 3.87387489899993 ex
4047 0.0353017626330256 13.7457704923581 7.64645097544417 ex
4048 4.02583302929997 14.283639107598 6.30380583112128 ex
4049 3.9532401568722 18.9260499009397 11.2444478089456 ex
4050 1.75331542431377 21.3188927865122 8.15858461824246 ex
4051 6.89545036945492 14.5509281577542 0.742177923442796 ex
4052 6.75279549486004 15.3911959759425 0.883734204107895 ex
4053 9.5655198963359 18.68929455732 2.99336623563431 ex
4054 3.94450902822427 16.3325065430254 5.38677921122871 ex
4055 1.47094083530828 22.2076708837412 0.403645338956267 ex
4056 6.5115724503994 12.9561676939484 10.1270856277552 ex
4057 8.62483319756575 12.0228510021698 6.69966422044672 ex
4058 7.01676435745321 23.5626149340533 7.46039277897216 ex
4059 5.63426701840945 17.8096515110228 0.909659784287214 ex
4060 5.00077429949306 16.1722454032861 2.64351866487414 ex
4061 1.36207458027638 13.3574459706433 0.760583522729576 ex
4062 8.16023717890494 13.1634681953583 8.91423078090884 ex
4063 5.87760211876594 17.2744123144075 9.6600463790819 ex
4064 1.36271793977357 16.1195588654373 11.4772197580896 ex
4065 8.51942259562202 17.4066175993066 11.129940295592 ex
4066 6.32910945289768 18.4258925896138 4.90165964723565 ex
4067 4.27766607352532 21.1463625337929 10.3143823228311 ex
4068 2.87384765525348 13.0618217114825 5.43630235595629 ex
4069 3.44675785047002 19.9873554687947 0.726671758340672 ex
4070 7.4385424205102 21.9082346146461 6.64044312667102 ex
4071 6.8689846098423 19.4827314810827 7.10543463518843 ex
4072 10.2762130917981 15.2512815066148 9.04731951188296 ex
4073 5.79637440270744 23.2187323505059 11.1982492248062 ex
4074 0.126409225631505 12.3412563481834 10.1944669438526 ex
4075 8.62002747622319 15.6198061357718 2.09633722575381 ex
4076 0.164353871485218 16.1693737793248 8.9994163280353 ex
4077 7.36486866069026 19.5689252861775 8.97446531034075 ex
4078 3.63349530426785 12.7888582549058 9.80635807383806 ex
4079 1.78197852824815 15.6964203389362 1.66189878527075 ex
4080 0.654834834160283 17.7119874071795 4.90354555542581 ex
4081 5.68596885795705 18.9639307823963 8.44496859819628 ex
4082 4.0698396707885 15.8682505739853 1.50811597821303 ex
4083 9.54722615913488 23.753080515191 0.601326435105875 ex
4084 4.18719749944285 14.2723051211797 5.12941772444174 ex
4085 6.21043993812054 20.7288800531533 10.6846864991821 ex
4086 7.51484173140489 23.0473777335137 1.6735451486893 ex
4087 9.81515538576059 17.7027713023126 9.97219424252398 ex
4088 6.25089635234326 21.0406143534929 11.167841042392 ex
4089 5.48987591383047 18.9179156967439 11.5393187419977 ex
4090 2.60783348488621 16.8611250573304 9.38139399862848 ex
4091 5.07722049485892 15.085061267484 10.4526271915529 ex
4092 8.24104224098846 16.3742672852241 4.46288512460887 ex
4093 11.5290718586184 21.306510089431 5.9925151260104 ex
4094 0.31830336432904 19.9344476577826 11.0618303862866 ex
4095 8.69296874874271 16.9547383175232 3.20092328917235 ex
4096 11.6855945822317 20.9315590502229 5.41650974703953 ex
4097 10.3220274168998 13.5142539953813 10.4133326529991 ex
4098 10.3071151708718 22.5000550823752 5.14663724252023 ex
4099 9.17853146861307 16.0445635842625 3.34872705652378 ex
4100 8.32650095107965 16.1902110853698 9.9777416496072 ex
4101 6.48712189844809 16.1562849655747 4.90471617691219 ex
4102 9.44945596205071 23.7395964940079 5.0121663401369 ex
4103 9.99883508356288 23.228214999428 9.04954222147353 ex
4104 2.45465093571693 23.8450099106412 5.73728661751375 ex
4105 2.55955118685961 19.1738665034063 3.94699676102027 ex
4106 10.6434004881885 19.3544218849856 3.708199019311 ex
4107 9.77288148086518 22.8212542517576 2.66792815807275 ex
4108 9.19341707439162 22.5738088551443 8.48733961046673 ex
4109 9.49285946856253 16.3952541293111 5.11777110304683 ex
4110 2.49519114452414 15.8632939103991 0.638986976118758 ex
4111 9.70709477900527 23.6393185646739 4.44103801879101 ex
4112 11.5311203324236 15.5220107897185 1.76175166270696 ex
4113 0.353383768815547 17.4638107530773 6.81198047334328 ex
4114 11.4713690923527 20.5061107487418 11.60161810508 ex
4115 1.00678421766497 23.6136741763912 5.48743813484907 ex
4116 0.0765278164763004 20.8360013903584 10.4855775635224 ex
4117 7.54005436017178 18.1691686355043 11.8118319110945 ex
4118 0.434019336244091 22.3868416638579 11.3077389646787 ex
4119 4.74179252237082 20.6832754265051 11.5920028542168 ex
4120 7.56084656063467 20.3208827660419 7.4569729657378 ex
4121 5.95593136898242 20.1245898171328 3.32525971904397 ex
4122 2.89972860692069 23.4278791060206 4.30906567210332 ex
4123 11.3752671347465 17.0084199935663 6.98593018576503 ex
4124 6.59295861748978 19.3788513166364 10.6270448754076 ex
4125 7.36873209429905 12.8518961011432 6.74410998844542 ex
4126 11.0485018352047 18.4046911243349 10.2262904599775 ex
4127 4.61489113606513 14.9097436945885 9.45904260221869 ex
4128 10.2585712436121 19.9057378345169 10.8115365109406 ex
4129 8.91961810318753 13.4909422544297 3.21271460969001 ex
4130 11.9400695143268 18.0984609206207 1.39166260301135 ex
4131 2.68079747934826 17.225367502775 6.6202709749341 ex
4132 11.4602232361212 22.3849417448509 8.41709482553415 ex
4133 1.50420792237855 20.5602208427154 4.38432906218804 ex
4134 11.5997589849867 17.812736872118 5.86785330972634 ex
4135 2.18225616356358 19.1006458422635 4.58234872389585 ex
4136 8.14919774816372 13.4316347057465 10.6492338890675 ex
4137 7.30967614869587 14.1418337530922 3.72748337243684 ex
4138 8.32296816050075 22.3777847290039 9.39772026869468 ex
4139 5.72810866637155 16.447059966391 6.82827732199803 ex
4140 5.12690922035836 13.7790712027345 6.61247895937413 ex
4141 11.3081306694075 13.1172117043752 1.70714233070612 ex
4142 2.01812743325718 16.247754173819 3.93569637858309 ex
4143 7.27762555540539 23.7388711886015 6.35186163219623 ex
4144 4.03120053652674 13.8559047104791 0.43695404031314 ex
4145 3.39959365548566 14.8440947644413 0.606891406234354 ex
4146 7.17169755930081 13.8331524161622 2.85883524268866 ex
4147 7.19253576919436 20.8906517229043 0.811671789968386 ex
4148 10.5354674453847 21.8436433153693 10.0603002603166 ex
4149 10.7161605025176 14.727489718236 0.818578668637201 ex
4150 11.1550760541577 19.4607439965475 8.32232200424187 ex
4151 9.09573629125953 14.4713838538155 2.50430814363062 ex
4152 0.272002241341397 21.3331587179564 3.01423358172178 ex
4153 2.67270660959184 13.9225575032178 7.02524099615403 ex
4154 3.57180922850966 15.0978796642739 11.3962071333081 ex
4155 9.14960353751667 21.8479129734915 2.00339483050629 ex
4156 7.21832257602364 22.6688406041358 2.49777440587059 ex
4157 9.3185446606949 16.8807672031689 8.69325282005593 ex
4158 11.090990105411 23.1128868861124 5.65640170243569 ex
4159 0.171011483995244 17.1681884401478 2.4708286607638 ex
4160 10.87269375287 18.4534291410819 3.12775661190972 ex
4161 1.08913190965541 12.8068947938737 6.73385312152095 ex
4162 5.58903922699392 13.4143526961561 3.99469597195275 ex
4163 2.80278069688939 18.4795545393135 6.9887712073978 ex
4164 8.6819656805601 12.8283045974094 3.00445894687437 ex
4165 0.119655578397214 16.0026493517216 10.3989874429535 ex
4166 10.6926852089819 22.5039509951603 0.675288503058255 ex
4167 2.56727741914801 14.8371873996221 6.79025698429905 ex
4168 4.46739483484998 15.4785825440194 2.71820025518537 ex
4169 9.3083290127106 15.6528794663027 8.31857447419316 ex
4170 1.41976062417962 18.4469422940165 2.89707806706429 ex
4171 10.994566376321 12.9261494961102 2.27727787173353 ex
4172 11.7023209556937 15.2304884830955 2.93413820513524 ex
4173 3.995038428111 12.4225176190957 4.34198938799091 ex
4174 2.47736566886306 17.4968645265326 1.55427206051536 ex
4175 2.97182185109705 13.5225896367338 10.7520328469109 ex
4176 7.05611485964619 22.526896179188 3.70669191540219 ex
4177 7.50799377309158 19.2181093359832 1.42903026612476 ex
4178 3.68347086198628 23.0682947428431 11.3258107565343 ex
4179 2.42952798050828 17.6429484002292 11.9747296655551 ex
4180 5.12831791886128 23.2308586868457 4.37348301499151 ex
4181 8.56081421882845 22.7056246341672 7.78615031321533 ex
4182 1.11437093676068 21.9632328255102 2.58588456083089 ex
4183 4.79170732828788 13.3131380293053 7.69070664048195 ex
4184 1.98828470590524 12.2193279196508 11.8752764540259 ex
4185 2.71289985114709 20.6143562807702 11.0132152203005 ex
4186 8.32508538104594 18.0991968906019 9.414452991914 ex
4187 1.19002406694926 22.182032948127 6.48540867981501 ex
4188 3.51942371646874 22.3576559592038 11.8250457963441 ex
4189 0.134301577229053 16.1236759205349 3.87433057255112 ex
4190 6.03425239212811 15.8551361120772 1.41587389050983 ex
4191 7.97776688705198 13.9876853090245 4.84113841876388 ex
4192 7.18016289523803 15.6034261973109 9.66704512410797 ex
4193 1.9689015140757 18.0197493112646 1.82789157237858 ex
4194 11.2932386163156 23.3408011361025 2.45049979025498 ex
4195 8.58127952250652 18.8807369228452 6.51729740016162 ex
4196 3.55797420092858 20.728348540375 6.05377163831145 ex
4197 1.59297642763704 19.3919766028412 5.17661044164561 ex
4198 7.67635040124878 19.1035595671274 11.7823938662186 ex
4199 2.97301586554386 16.2868563358206 8.87821205449291 ex
4200 8.60607747244649 12.549021564424 11.7800998606253 ex
4201 0.387657532701269 14.2327813163865 7.240558717167 ex
4202 8.9695369261317 12.5942557577509 1.28558231005445 ex
4203 5.4951797563117 22.3595717591234 5.07976137613878 ex
4204 6.72891779895872 17.8969185529277 2.6408368840348 ex
4205 6.46224326477386 12.1556463385932 5.28201222559437 ex
4206 6.23029278800823 13.900851951912 9.00968542648479 ex
4207 3.40746463788673 23.7006085454486 2.5355541522149 ex
4208 8.23444066219963 17.8719190249685 0.899087089346722 ex
4209 5.57752923876978 18.3240333043505 3.03350956994109 ex
4210 9.10523190535605 19.1991760211531 6.67076687281951 ex
4211 11.0431977421977 21.8920674396213 7.6245669380296 ex
4212 7.97534093586728 17.5436082831584 8.4713896906469 ex
4213 1.94090215279721 17.8162719106767 0.867421350907534 ex
4214 3.36942747072317 23.7252147607505 9.24025838100351 ex
4215 6.67998881731182 18.3913282190915 5.64985774736851 ex
4216 9.83439461071976 21.2598195532337 0.673002015100792 ex
4217 1.90123577369377 21.0903823098633 4.64206838910468 ex
4218 6.99315441562794 16.2458588553127 3.50698019075207 ex
4219 11.6418167008087 23.7942460519262 6.88170606293716 ex
4220 0.169147507986054 18.2877729344182 3.91206153738312 ex
4221 5.36411089450121 16.0544857629575 8.2559292644728 ex
4222 6.38690980547108 12.1272047488019 7.85969666857272 ex
4223 7.09808203857392 22.5864332483616 4.2273520026356 ex
4224 11.1245006001554 14.1515640849248 9.07346098241396 ex
4225 11.2674501461443 14.4823368524667 8.72988774208352 ex
4226 5.48332276334986 12.3081764993258 5.88564373739064 ex
4227 0.219680244568735 19.781082612928 8.14681843132712 ex
4228 1.16203571786173 14.2086277317721 4.11495966347866 ex
4229 7.73940553283319 20.806724178372 11.6486026651692 ex
4230 9.47022672579624 21.3318463175092 11.5388043443672 ex
4231 7.06444858945906 14.321059713373 11.0462650619447 ex
4232 10.94927641307 23.6142749714199 0.581318389158696 ex
4233 1.12534312414937 18.6590523316991 9.40596044505946 ex
4234 1.31120566488244 20.5451065879315 1.911171463551 ex
4235 5.61270035104826 19.6535509715322 0.0853442847728729 ex
4236 5.47291735373437 14.0126196912024 5.08239007694647 ex
4237 0.0340901373419911 23.7872218717821 5.31031626788899 ex
4238 8.62342168111354 13.8573412480764 5.28661530627869 ex
4239 10.3691231629346 16.7390514037106 9.32446089759469 ex
4240 2.76447607087903 22.1471538576297 11.7418024686631 ex
4241 4.88166409009136 20.3573054913431 4.20981466630474 ex
4242 11.5439451944549 16.4258418055251 10.4788075434044 ex
4243 3.7400849966798 17.1020674742758 7.12639885838144 ex
4244 4.18107866705395 22.4391927940305 2.5915472637862 ex
4245 3.99882984603755 17.3994362910744 6.01607288070954 ex
4246 4.20690422086045 12.240163750248 10.153932281537 ex
4247 8.43373228586279 19.7109520544764 6.79364187573083 ex
4248 9.61804263689555 22.729410645552 6.50902416510507 ex
4249 6.49228190653957 17.3334328646306 1.73496044729836 ex
4250 6.57779627596028 20.9963689823635 11.1902365272399 ex
4251 3.71033835993148 14.3766689898912 2.08457705099136 ex
4252 4.61695026094094 13.0600713132881 6.69441584078595 ex
4253 11.2055151134264 17.624495516764 4.67026830627583 ex
4254 0.827193722594529 23.6041515485849 2.45907383575104 ex
4255 3.92133482638747 22.5301937977783 1.47411444084719 ex
4256 8.44868686329573 12.0350461192429 9.35330439731479 ex
4257 4.47169269970618 21.9008165095001 11.2247966532595 ex
4258 2.82984448876232 12.792513248045 7.64436294161715 ex
4259 6.32189524034038 13.853185292799 8.44605074240826 ex
4260 7.10314123495482 23.6123153145891 0.407576550729573 ex
4261 3.16554153501056 21.866553143831 3.81797973695211 ex
4262 0.936064913403243 22.6867753216065 10.0600212479476 ex
4263 1.43439224222675 20.4258394807111 6.61943685589358 ex
4264 3.52582059288397 22.3352812328376 2.51954539096914 ex
4265 0.88080978137441 14.6114221962634 1.92488597868942 ex
4266 9.33634898718446 21.1264381639194 5.66307563101873 ex
4267 1.14596673287451 23.4599661729299 8.78270820411853 ex
4268 8.79674626258202 15.0673869878519 9.52537113777362 ex
4269 6.25014350912534 13.5711619602516 5.0015360894613 ex
4270 9.48650019150227 18.2974224672653 8.11213935865089 ex
4271 4.01207763515413 16.2981872556265 10.950864440063 ex
4272 6.78106437972747 22.51877726987 0.815690312068909 ex
4273 11.2276604331564 12.2231707940809 11.9891574515495 ex
4274 4.93257857323624 15.2918430913705 11.6719634192996 ex
4275 10.1337815474253 15.1914048960898 0.228339384775609 ex
4276 9.38633736083284 13.9125633852091 10.208573119482 ex
4277 8.92108019231819 21.9323770275805 8.09935858938843 ex
4278 9.66691621486098 16.7125270904507 6.24163178773597 ex
4279 10.152143341722 12.2234144387767 3.35722599248402 ex
4280 6.45129887852818 23.9938267392572 2.19925568066537 ex
4281 2.50523025379516 14.5485219955444 2.05249949055724 ex
4282 11.7817437180784 17.2748767996673 8.28041063109413 ex
4283 1.07451084931381 23.2186160942074 6.210660839919 ex
4284 1.95014845114201 13.7273183295038 1.20178841683082 ex
4285 10.6714865230024 19.7421765774488 6.07910956791602 ex
4286 0.425388079602271 17.2084517185576 7.7490808502771 ex
4287 7.49676204868592 22.7011013249867 8.61850811331533 ex
4288 3.02199053554796 15.1317423274741 9.66668816306628 ex
4289 5.5812583132647 20.3248632268514 0.581008529290557 ex
4290 8.36539116618223 17.9637444328982 7.92415063711815 ex
4291 10.9673632385675 21.8382148290984 5.97828094172291 ex
4292 10.8499848744832 21.1762958813924 2.67580394609831 ex
4293 9.55735249514692 23.7720724770334 6.66781682404689 ex
4294 3.05805514287204 12.5093149235472 5.52042630687356 ex
4295 3.97994279582053 23.4348958642222 0.961637852480635 ex
4296 8.72531010373496 22.8692827965133 6.88834563293494 ex
4297 2.43817375553772 14.3252173336223 3.08744089957327 ex
4298 8.37245188537054 15.2131055630744 7.4660846053157 ex
4299 5.55955677316524 15.9166998362634 5.49922010721639 ex
4300 11.365968140075 21.5375568594318 11.8164309132844 ex
4301 1.60755713284016 21.9630596812349 10.0713055620436 ex
4302 7.6650381651707 14.726951943012 7.64492754614912 ex
4303 0.0853505611885339 18.5816246154718 2.19357656198554 ex
4304 4.5579202377703 18.9060895962175 3.76164403394796 ex
4305 0.871024358551949 17.3933645966463 9.8757739700377 ex
4306 8.34875609888695 20.0950274358038 7.02692729071714 ex
4307 2.01941694458947 16.069156665355 0.111880960641429 ex
4308 11.472444007406 19.1744047752582 3.90847101481631 ex
4309 9.5176001356449 22.9140292238444 10.4103295523673 ex
4310 3.83361312374473 23.9422390707768 10.8650037380867 ex
4311 3.89184745773673 17.7002749713138 5.17969315731898 ex
4312 11.2119267845992 16.8292428692803 8.66591714858077 ex
4313 7.25824030605145 18.007638408104 7.13495141919702 ex
4314 5.32594024017453 12.8845229281578 0.526777003891766 ex
4315 11.7470992612652 18.5093120282982 4.22757753240876 ex
4316 9.0455475372728 20.1276250500232 11.8229166870005 ex
4317 3.07753100222908 12.1194710361306 7.38559234584682 ex
4318 0.237241390626878 15.8590776738711 6.03941217134707 ex
4319 0.958976157242432 18.1456232918426 11.5951792642009 ex
4320 6.71235317084938 20.5647338165436 5.25714860204607 ex
4321 5.12271542334929 15.1323031259235 3.60490048374049 ex
4322 2.44329788046889 14.6427137497813 4.82488500629552 ex
4323 7.30737911048345 19.832340168301 5.43127116141841 ex
4324 0.403874485054985 16.4098524251021 5.38848235621117 ex
4325 2.81689021526836 12.1502022671048 10.7398994984105 ex
4326 10.3310423779767 13.4679612244945 11.4677687762305 ex
4327 9.22935340530239 13.5484993660357 0.853906754404306 ex
4328 5.20538281882182 14.2935873828828 8.12205946678296 ex
4329 9.95024359715171 14.174704001518 6.32109620654956 ex
4330 1.39836916234344 19.2641848940402 6.35171487764455 ex
4331 5.98339491058141 18.1636154092848 5.80930172232911 ex
4332 4.72883248212747 14.3131212198641 8.24705028766766 ex
4333 9.36711180233397 19.081905369414 8.89851492806338 ex
4334 11.3726429240778 15.0857946448959 7.2192483979743 ex
4335 3.61190482415259 22.9276543685701 5.31251270067878 ex
4336 7.25398960267194 14.9313091489021 6.06784573080949 ex
4337 4.41799909318797 12.5850924954284 4.82118774252012 ex
4338 10.1336940766778 23.8095236071385 11.4211213090457 ex
4339 10.1199238323607 22.7461259819102 3.89778154180385 ex
4340 8.33581305202097 20.4926151977852 10.9327377481386 ex
4341 9.45572100114077 16.2964092798065 11.6892695117276 ex
4342 9.99400871386752 15.7349208451342 4.68800648325123 ex
4343 5.15258978842758 17.9880912583321 10.881958141923 ex
4344 2.9062675840687 14.5090881199576 10.8801906856243 ex
4345 7.18826181162149 15.3990899203345 7.66706299968064 ex
4346 0.241265882737935 15.9203486840706 11.032564843772 ex
4347 6.73439376847818 18.3571352576837 0.567730103386566 ex
4348 6.46641599945724 17.9951830946375 4.08419306622818 ex
4349 0.273989369394258 14.8578966802452 0.570012125652283 ex
4350 9.27768438798375 13.9593724068254 1.87757100560702 ex
4351 2.29739867523313 16.0841462085955 4.38993653352372 ex
4352 3.82567602721974 20.1717903434765 11.7029402442276 ex
4353 5.30474953306839 16.8550294244196 9.99468529596925 ex
4354 4.93975540762767 23.1638037257362 7.65475275344215 ex
4355 0.268948753364384 16.2088967657182 1.96677186433226 ex
4356 2.53291959874332 13.9755125001539 8.50532336742617 ex
4357 0.65112795913592 23.4129973985255 10.3193416916765 ex
4358 0.379179036710411 14.2067655536812 5.38397101545706 ex
4359 2.6050466671586 15.2815870442428 5.09032617975026 ex
4360 9.7913862967398 17.0130679688882 3.59086165274493 ex
4361 7.26230636099353 17.71631525876 1.80775113496929 ex
4362 8.4618430044502 18.4497572320979 2.69047991302796 ex
4363 8.33596105268225 13.4357882731128 9.7885416499339 ex
4364 3.72585935425013 22.3481234917417 6.42746565234847 ex
4365 10.6124988419469 16.5822511902079 7.39347310061567 ex
4366 6.05465758312494 14.0622958133463 3.35170421516523 ex
4367 11.4865762281697 14.5487909715157 5.69285436114296 ex
4368 0.00488218921236694 15.0067888693884 5.8748780102469 ex
4369 10.9070948117878 12.4152967266273 11.4387420103885 ex
4370 5.4675586738158 18.9699055883102 4.85862942482345 ex
4371 10.683038540883 21.8144434245769 9.95982770994306 ex
4372 8.06632078997791 17.4551941503305 5.18121107085608 ex
4373 5.45552590489388 13.5125872229692 4.59188035130501 ex
4374 3.77072930708528 13.7865495092701 3.48246726114303 ex
4375 1.80856517609209 15.2415653530043 5.40652493038215 ex
4376 6.57067463803105 19.0724312923849 2.63623124151491 ex
4377 7.40868662297726 14.3319530275185 10.8986750573386 ex
4378 9.98389439331368 20.2473591922317 8.92556571471505 ex
4379 3.78593795234337 22.0696769552305 10.5619245683774 ex
4380 2.82924691401422 21.0114543959498 6.37117424397729 ex
4381 1.60308288433589 23.4650268584955 0.903890166897327 ex
4382 6.95442095585167 12.8620679720771 1.06566580291837 ex
4383 2.90143958642147 18.2913324139081 11.2746759383008 ex
4384 1.58431007293984 18.2645725945476 7.31864939117804 ex
4385 9.28213565098122 12.3144540286157 2.47075186367147 ex
4386 4.47083836421371 21.2721641613171 7.8621050817892 ex
4387 1.40139265893959 16.7984729451127 10.4920787636656 ex
4388 2.92288837279193 15.8836094078142 11.6204512270633 ex
4389 3.26516710640863 23.5920724691823 8.73002085858025 ex
4390 8.85759343276732 23.4802765999921 3.55095326993614 ex
4391 6.79988607042469 13.613331893459 10.6416800452862 ex
4392 2.06614239071496 22.8384593189694 3.17946045845747 ex
4393 9.24212573864497 23.225936959032 7.08110352838412 ex
4394 5.62626037863083 23.0275322890375 10.5766328377649 ex
4395 10.7093955599703 23.5810707728378 9.56888434942812 ex
4396 4.60018249624409 14.0070533156395 3.09449061588384 ex
4397 0.580565043259412 21.249625980854 0.951449454762042 ex
4398 3.84690043609589 15.5833299155347 7.17228898243047 ex
4399 3.45383341540582 17.0682542440481 8.03708038153127 ex
4400 3.8213705336675 13.8445093012415 11.9952696161345 ex
4401 0.0720807451289147 16.3366385428235 6.81751605332829 ex
4402 2.84885632386431 20.1807653428987 2.52911069849506 ex
4403 1.24950005509891 22.09477154864 11.8007621006109 ex
4404 4.74806062714197 18.4389939510729 5.26357070473023 ex
4405 0.178625888889655 18.0439808859956 0.121466264827177 ex
4406 5.37383043952286 17.8940665852278 8.58600762416609 ex
4407 9.6412621056661 21.7047506957315 9.92576884105802 ex
4408 10.5940697027836 16.9153601529542 1.96189630101435 ex
4409 0.637509878491983 23.4674935694784 9.60158803802915 ex
4410 9.27509392681532 21.2052854278591 1.05102883488871 ex
4411 7.40148039744236 20.6410150667652 8.2626327178441 ex
4412 5.41366824298166 13.4349188844208 0.186277342727408 ex
4413 1.5335847036913 16.4192124598194 3.12232473841868 ex
4414 8.7899949895218 23.0780977678951 8.47725894930772 ex
4415 4.74672775366344 21.8347976193763 0.712070281151682 ex
4416 2.60562389320694 23.8301730952226 9.4850372269284 ex
4417 4.10018140706234 22.5955915036611 9.59667381434701 ex
4418 2.94027673453093 13.743112745462 9.97113184281625 ex
4419 4.53471926995553 23.0146276557352 6.51114406017587 ex
4420 7.02123817475513 16.4251334464643 10.3839024025947 ex
4421 5.13774894666858 17.505707370583 1.25199004332535 ex
4422 7.42889476241544 18.3478305872995 2.54307699436322 ex
4423 0.458720152964815 19.9363041850738 2.20492827915587 ex
4424 10.9090779034887 14.1671784401406 8.7934335086029 ex
4425 7.03730380837806 15.7801597339567 3.93064052658156 ex
4426 3.32908354164101 14.1845829354133 5.04236445226707 ex
4427 2.94674524688162 22.6702297246084 6.17288087541237 ex
4428 5.7833984522149 17.0739617208019 11.4807739583775 ex
4429 10.8768392323982 19.4802130004391 8.95043813064694 ex
4430 7.17993999249302 13.9402337102219 7.08220780175179 ex
4431 8.556740058586 14.0265951515175 3.16658352385275 ex
4432 5.47855267114937 14.9978199712932 6.33895953721367 ex
4433 8.44731865590438 19.8267916096374 3.20281286002137 ex
4434 9.30439680023119 19.4992960370146 9.74400234199129 ex
4435 4.49116040137596 21.4017037339509 2.80843926896341 ex
4436 11.2251492557116 19.8508039750159 4.31721223634668 ex
4437 3.71067855064757 21.4169963633176 1.85825664224103 ex
4438 2.60149693465792 21.753937813919 2.27107027475722 ex
4439 8.19951513432898 17.8942718543112 4.57172394171357 ex
4440 6.11169615318067 17.7863879555371 7.99501653667539 ex
4441 7.57087935507298 13.7612559851259 3.56240498740226 ex
4442 6.50553162256256 22.4613219946623 6.82732821418904 ex
4443 1.98653813428245 20.5325096079614 11.0940791903995 ex
4444 6.03659016778693 20.5041575292125 7.57237429171801 ex
4445 6.44655147986487 13.7643588436767 7.95590533223003 ex
4446 6.70853495877236 19.028826439986 11.1708399634808 ex
4447 3.68348013120703 17.7533965341281 11.3239564949181 ex
4448 10.6619694870897 17.0796501571313 1.9170194324106 ex
4449 6.13861647527665 22.0104280859232 8.30120044201612 ex
4450 6.19661966571584 18.3275598108303 3.42336947843432 ex
4451 7.14443344529718 18.2740641469136 1.07384052313864 ex
4452 9.92209648783319 22.2265686818864 9.80149423191324 ex
4453 5.48832392250188 22.9171395259909 6.74525123648345 ex
4454 5.92638032999821 14.7851270802785 4.9922977052629 ex
4455 7.81278380635194 21.1180269615725 4.48063362552784 ex
4456 0.78812189749442 15.5217555733398 10.6440532358829 ex
4457 1.18293939554133 13.5192748238333 11.232129129814 ex
4458 9.89050972135738 18.7083209331613 7.01308767287992 ex
4459 9.32025504135527 16.9012542183045 4.53516153618693 ex
4460 6.57541593606584 17.2404076070525 5.67499760445207 ex
4461 2.89714414207265 19.9672001348808 1.54312278330326 ex
4462 4.75947503815405 14.9909472095314 10.269354081247 ex
4463 11.0820608325303 23.4277327375021 7.33695696247742 ex
4464 7.18047275091521 15.2725859640632 5.19880285393447 ex
4465 9.87306220782921 18.7429004241712 4.97273118630983 ex
4466 9.35482681705616 15.5463203953113 5.92814863054082 ex
4467 8.06500419718213 12.8950101570226 8.15478134690784 ex
4468 3.15504927234724 14.5813874751329 7.0586753860116 ex
4469 6.83450479409657 14.0003251375165 2.59688224853016 ex
4470 4.04118399485014 14.6834107292816 4.86292025540024 ex
4471 11.9884250154719 16.7214059352409 6.10144854709506 ex
4472 4.72063355194405 18.0112278603483 0.251738983206451 ex
4473 3.64736654935405 22.9102239075582 7.68052862561308 ex
4474 6.54658731305972 19.8019233832601 4.55373613908887 ex
4475 10.2749910613056 14.1554090066347 7.95756115973927 ex
4476 6.10774078615941 18.2734288331121 11.3487245067954 ex
4477 0.970832461724058 18.6155146055389 6.55420528212562 ex
4478 8.31269720708951 14.1385359284468 6.00332094682381 ex
4479 2.07711672713049 12.59772665333 11.0805217416491 ex
4480 5.25767178903334 13.3843675998505 8.60461976449005 ex
4481 10.9885303315241 14.1537842079997 2.69170312071219 ex
4482 3.21355378604494 12.9100434472784 6.90238338266499 ex
4483 8.95898250141181 19.5457041324116 4.77156358491629 ex
4484 1.3367665335536 20.8919488710817 2.8548690858297 ex
4485 2.46092116786167 17.6520486269146 7.89751063031144 ex
4486 5.06513792299666 20.5036842287518 1.71139652538113 ex
4487 10.8017044207081 22.6515338188037 10.4839910373557 ex
4488 7.84720502002165 12.7722550695762 7.5706320758909 ex
4489 6.43762203585356 23.4610601875465 4.3218138134107 ex
4490 0.661010823445395 23.109189638868 1.29558949638158 ex
4491 0.280072313267738 20.5609244904481 8.66180391958915 ex
4492 8.49409827496856 20.6209873703774 1.99319086573087 ex
4493 10.7613155094441 23.1637347519863 3.70582849835046 ex
4494 11.166948199505 23.7856449750252 11.8540495103225 ex
4495 2.2156828334555 12.3504109710921 1.40355683770031 ex
4496 2.55659657949582 19.7750113599468 5.95211227820255 ex
4497 6.41589489183389 15.9534445153549 4.41382576106116 ex
4498 11.6697565109935 15.0087096230127 6.00823297887109 ex
4499 1.92582642426714 14.3173109611962 9.48210587841459 ex
4500 9.15622420003638 21.9997493261471 4.14379920787178 ex
4501 12.7940088126343 15.1823694992345 8.16649980726652 ex
4502 17.1093563945033 23.5397650105879 0.859762786189094 ex
4503 23.3092089809943 12.16310659796 3.74697873205878 ex
4504 22.9726285557263 23.0387263821904 10.1153336265124 ex
4505 16.1076212311164 13.4798206235282 5.02124860533513 ex
4506 14.267137168441 12.0861227426212 3.80618070205674 ex
4507 23.5874468090478 16.7926485165954 11.9068755484186 ex
4508 13.6602152029518 15.7405508898664 7.37865630863234 ex
4509 19.3460414216388 14.0049968957901 4.46531323879026 ex
4510 16.6355788304936 12.4669104132336 4.66169863776304 ex
4511 17.7372691542841 15.1167236973997 9.21282993163913 ex
4512 21.4389721322805 21.6009707881603 1.04270298522897 ex
4513 22.8107758769765 18.0132054437418 11.5346173264552 ex
4514 12.7019627606496 22.8972593173385 2.97307242080569 ex
4515 14.4628240594175 19.1713187168352 6.37428335100412 ex
4516 22.3343625159469 12.9284093587194 5.51627383613959 ex
4517 20.8730865824036 16.950821026694 8.25157092162408 ex
4518 17.4096077480353 19.7422993320506 3.77963428618386 ex
4519 18.3486900038552 23.7237334768288 5.15211135474965 ex
4520 14.4452598087955 14.9189004851505 10.451436007861 ex
4521 15.7607028237544 14.7743494568858 8.66572881280445 ex
4522 16.7079613544047 19.483573784586 6.86059725191444 ex
4523 19.8438862327021 17.2714071713854 0.880016496405005 ex
4524 22.7108036500867 23.8223916341085 11.532621207647 ex
4525 19.3082179795019 15.7786041630898 5.53971012192778 ex
4526 12.0971673214808 20.4923922766466 4.94272418972105 ex
4527 19.0969037872273 13.6693673571572 5.68839130131528 ex
4528 16.6120173051022 22.9471513857134 1.54274139855988 ex
4529 12.8770264582708 20.6752366193105 8.11129610612988 ex
4530 19.2248592134565 16.9372619756032 3.17185458168387 ex
4531 23.9156853829045 15.6126528454479 0.823049913858995 ex
4532 17.6421202351339 17.0558600698132 7.8576329073403 ex
4533 17.337882462889 23.5011981150601 1.11476737936027 ex
4534 17.087693441892 12.3483480717987 7.31898338836618 ex
4535 14.7932395651005 19.0787994458806 11.1664326270111 ex
4536 20.5512039670721 16.1585148195736 7.54123049951158 ex
4537 17.7119733141735 22.6358520372305 9.00871139066294 ex
4538 14.3650346561335 18.9450763622299 10.3838987038471 ex
4539 23.2537074100692 13.4099663819652 4.19371055648662 ex
4540 16.7061823073309 19.2653583986685 2.31846924847923 ex
4541 19.0762793498579 20.5015775240026 3.41597325447947 ex
4542 18.7775263944641 14.1047888677567 0.846745506394655 ex
4543 14.3962590249721 15.2328253567684 3.65715092746541 ex
4544 15.1643582975958 17.2643143513706 5.74450983456336 ex
4545 19.564893511124 13.3451455147006 7.66034975764342 ex
4546 12.9172344096005 13.8626679270528 9.85400285245851 ex
4547 18.8276443011127 23.967150516808 8.76407865923829 ex
4548 21.0614185123704 18.5719452516641 0.534953483613208 ex
4549 17.3236066286918 18.6347083579749 8.73196288128383 ex
4550 17.1223945373204 22.6643000966869 7.89128841273487 ex
4551 19.0014392179437 14.665165043436 9.51154849841259 ex
4552 12.5727572457399 19.3303417339921 8.40106763248332 ex
4553 20.0561631177552 12.7417583514471 0.783579375362024 ex
4554 16.6732769678347 23.2758770582732 7.63730924390256 ex
4555 17.4333552506287 20.421858059708 10.0518700224347 ex
4556 13.9163868667092 20.6621153529268 5.49602893693373 ex
4557 21.9077870002948 14.25852877344 5.83845538366586 ex
4558 20.4414332534652 18.6512700393796 1.81935972347856 ex
4559 14.8928062452469 19.3766976143233 7.47387576033361 ex
4560 20.4987475837115 21.692268763436 9.23639318952337 ex
4561 20.6665158537216 13.1336467408109 9.46552778733894 ex
4562 20.0388736948371 20.0433523640968 6.13164147408679 ex
4563 20.9214309013914 23.6554561096709 11.3257353652734 ex
4564 18.1257908041589 19.8864238220267 9.33189978823066 ex
4565 20.7600148092024 20.0041950095911 1.58687975769863 ex
4566 13.6441928632557 16.788616188569 7.94794528489001 ex
4567 20.394917742582 22.5369137739763 3.28980346606113 ex
4568 13.6659973408096 22.03767780005 8.53387037967332 ex
4569 13.4984001761768 21.7849675822072 0.698148903436959 ex
4570 12.3390339452308 16.9421402453445 5.63936971244402 ex
4571 13.0963947272394 21.6298261045013 2.20896401372738 ex
4572 16.372924806783 16.2316294072662 3.20982414204627 ex
4573 21.3632342254277 15.4779305988923 8.60818133479916 ex
4574 15.3333107777871 16.6526547141839 3.72014763858169 ex
4575 17.381578784436 17.9981468468904 6.39044566382654 ex
4576 16.1385975743178 21.5254050861113 10.1557425565552 ex
4577 12.5758086091373 13.7108159882482 7.70958340307698 ex
4578 21.4170453043189 14.080471081892 3.53455756232142 ex
4579 20.5419331870507 17.6179103550967 3.06779569364153 ex
4580 22.5157249059994 17.6648131913971 11.8654452916235 ex
4581 17.5923071752768 20.3015400723089 4.86666749417782 ex
4582 20.6220585664269 21.6676812388469 0.456886174390092 ex
4583 19.8061163756065 18.3646394116804 0.659856439102441 ex
4584 19.393775672419 14.8749764095992 6.55592421302572 ex
4585 18.6496488563716 22.106367549859 10.1920179727022 ex
4586 21.9410474200267 22.208803242771 1.07140918215737 ex
4587 18.0242278424557 14.6589626795612 2.53662208537571 ex
4588 17.3360366725828 23.3052316349931 2.60481349099427 ex
4589 14.5529155470431 22.4544519316405 4.55942684481852 ex
4590 19.2070875796489 23.9033990995958 2.97160136979073 ex
4591 17.1134347096086 16.5041505086701 2.99463329673745 ex
4592 15.7212897145655 16.1721173557453 7.3198007394094 ex
4593 20.2688516422641 21.9400758142583 6.8792204677593 ex
4594 17.4946826596279 16.3264328441583 11.5124672213569 ex
4595 12.4029370229691 17.6322096663062 5.22874573082663 ex
4596 16.9887149482965 20.1155362227 6.66126245562918 ex
4597 15.546567411162 17.7387005523778 4.53788851201534 ex
4598 12.8114811826963 14.4654288419988 9.67557598510757 ex
4599 15.0654502380639 19.8410743542481 4.83401295775548 ex
4600 23.6984361363575 20.3080878297333 10.7422396535985 ex
4601 17.3916076179594 17.3169981990941 3.74171427171677 ex
4602 13.4573827590793 13.261892890092 9.23847306054085 ex
4603 14.609610500047 19.5675025139935 10.6311795366928 ex
4604 14.6955456796568 17.6196358925663 2.87456834781915 ex
4605 20.7006364432164 13.3201927724294 2.9325557758566 ex
4606 16.8404862482566 23.8048205238301 8.44211171357892 ex
4607 16.5947573450394 23.2554539758712 1.70572954788804 ex
4608 21.000291018514 19.0086067169905 3.00084766466171 ex
4609 21.2020002736244 21.1317676380277 5.0699165109545 ex
4610 19.4721910979133 21.1662797860336 3.32907077600248 ex
4611 21.3292450802401 23.7778369418811 5.81875565322116 ex
4612 12.7817222839221 12.1923641872127 10.4800485796295 ex
4613 23.1108721685596 17.0272744088434 2.85505880299024 ex
4614 17.705229321029 13.3780895455275 1.18872559443116 ex
4615 23.8953588122968 21.1487472367007 7.66270902752876 ex
4616 14.3404152547009 21.9807505316567 11.9542137158569 ex
4617 20.8475335764233 16.5097315371968 0.94090183917433 ex
4618 19.8713939464651 23.9003677184228 7.09089847258292 ex
4619 16.5470406529494 15.4738200618885 11.0220178894233 ex
4620 15.9002580957022 19.4300424507819 9.49482946190983 ex
4621 20.8814984662458 22.8478813020047 8.10950970649719 ex
4622 21.7708445799071 21.5537504253443 6.28715074853972 ex
4623 23.6672918305267 12.5053554621991 0.378713629441336 ex
4624 22.9346103193238 15.9821398605127 11.1528790749144 ex
4625 13.4484550124034 23.0394589775242 0.806875604204834 ex
4626 17.3352983158547 23.2346810405143 5.66386274271645 ex
4627 14.5182008706033 14.627886276925 5.03173871175386 ex
4628 14.567276526941 12.7271734823007 5.00482497480698 ex
4629 20.9617435946129 17.4558530850336 7.64855756796896 ex
4630 13.3087833237369 12.17214486585 5.67509019561112 ex
4631 21.8548676553182 15.509990232531 6.81040872214362 ex
4632 22.0867609942798 16.7703136398923 2.27367069735192 ex
4633 12.1490373048 22.0361807395238 8.57857333589345 ex
4634 19.8840735929552 13.4822269382421 11.9263361452613 ex
4635 17.4764991700649 13.0222170716152 11.0321383641567 ex
4636 14.9309946738649 17.7200463453773 11.5832417486235 ex
4637 23.5984552274458 15.6532066939399 4.05509966285899 ex
4638 16.2112387313973 16.3777230812702 6.66033299779519 ex
4639 23.7650506964419 17.9155320818536 1.45541711780243 ex
4640 16.9400019720197 20.6015309954528 5.89491349691525 ex
4641 12.8438002816401 15.9194492776878 11.9342516621109 ex
4642 14.4199141331483 12.5834575076587 8.51605240791105 ex
4643 17.0231768093072 20.0593084443826 9.79789742431603 ex
4644 23.8304730362725 14.5604975838214 3.77027151896618 ex
4645 23.433470269898 21.5122620365582 0.550557600799948 ex
4646 13.2791914341506 15.9482618060429 11.2455001776107 ex
4647 15.9538346207701 23.8407486476935 0.00348081020638347 ex
4648 15.0201422045939 14.7072906997055 3.75824536010623 ex
4649 20.4607666020747 19.924995059846 10.799480745336 ex
4650 22.20210795803 16.6987424681429 4.82283959910274 ex
4651 18.1968511270825 20.7094393314328 8.11987508484162 ex
4652 20.4599785618484 21.7620917519089 8.54465848137625 ex
4653 17.3324812354986 12.2413354804739 1.85434792633168 ex
4654 21.357819620287 17.1029239799827 3.11887937458232 ex
4655 18.1528879660182 14.9800000602845 10.7129942486063 ex
4656 16.7779187585693 16.6548318087589 5.83948420197703 ex
4657 23.2560600908473 19.8012467671651 6.02866322663613 ex
4658 17.6863719043322 16.2413106730673 7.69847574247979 ex
4659 18.7156235049479 18.0003410195932 7.60962823266163 ex
4660 23.9730891864747 19.2592949359678 1.27332380111329 ex
4661 19.372335919179 12.3371855081059 11.8690243838355 ex
4662 16.3463256191462 17.7177988521289 6.19264164473861 ex
4663 22.163840083871 15.8632117561065 0.0978452563285828 ex
4664 19.5744873513468 17.8836303041317 1.51729613426141 ex
4665 12.8294412728865 15.7256960275117 3.72868483047932 ex
4666 17.1911977443378 17.3402313769329 2.74431483191438 ex
4667 23.1327027888037 13.4732554003131 5.98629201576114 ex
4668 16.1139800511301 12.2048778140452 6.44257471733727 ex
4669 16.8450695974752 18.5363261953462 7.25290358113125 ex
4670 22.6296588324476 21.0552070320118 8.0243473071605 ex
4671 21.3678609058261 13.8498382605612 7.58510389435105 ex
4672 23.4899602434598 21.3725534682162 6.69751720433123 ex
4673 16.2403502331581 19.6935285455547 10.2811813002918 ex
4674 23.7507149402518 19.35904507339 7.51395697938278 ex
4675 22.959298204165 17.1689614492934 1.28581175231375 ex
4676 23.8506116524804 15.0496397498064 6.95070251775905 ex
4677 17.4072889455128 23.4284754507244 7.8767277339939 ex
4678 16.9694481077604 12.0867367256433 8.20727782649919 ex
4679 18.2076485017315 21.1986508162227 6.09147255122662 ex
4680 12.1370368981734 23.8011429093312 8.6745315422304 ex
4681 16.3010494841728 15.967909891624 1.52186591224745 ex
4682 12.8323118230328 23.6150576965883 3.25076132151298 ex
4683 21.3245569535065 19.5203189989552 11.9390119756572 ex
4684 13.1138448608108 16.9555038327817 1.82020386541262 ex
4685 14.2334412250202 19.6518476328347 9.73798650340177 ex
4686 19.0521096268203 14.5048985332251 5.62143731699325 ex
4687 18.1119139702059 12.0240128110163 10.6575317038223 ex
4688 21.3422880733851 15.7829474876635 10.8287956449203 ex
4689 14.7459051050246 21.6950367428362 0.0457292648497969 ex
4690 16.5356890456751 18.8192973223049 5.84419529535808 ex
4691 21.9822169912513 13.70842988207 10.6767917200923 ex
4692 14.9852340398356 15.557010614546 6.96305957646109 ex
4693 12.9475993155502 22.1061312279198 9.12712844857015 ex
4694 19.5344999749213 18.0547849033028 11.7914749248885 ex
4695 19.6968855948653 23.217817307217 11.2997898764443 ex
4696 21.2989816530608 13.6820484788623 1.67853425466456 ex
4697 22.445235574618 18.4916831478477 5.95799442008138 ex
4698 18.1576388222165 18.8798933965154 8.16148367268033 ex
4699 14.7285769879818 15.1602751824539 8.09428522968665 ex
4700 18.1545038230252 16.4393251917791 3.65146968816407 ex
4701 17.7317808081862 23.5027928571217 6.44743684795685 ex
4702 13.9243189659901 13.6071864562109 6.55885005160235 ex
4703 17.4644037443213 14.6491041588597 2.45175485708751 ex
4704 18.8713975036517 16.9966773949564 10.5784533878323 ex
4705 12.9556666628923 23.8872528276406 4.54263221938163 ex
4706 20.9144330520649 14.850613858318 4.19632572331466 ex
4707 13.2377501637675 14.3664525381755 7.95962114143185 ex
4708 16.0646843323484 17.6230504917912 5.11866718973033 ex
4709 18.7131743452046 18.7708757524379 10.0392545694485 ex
4710 16.3597560229246 23.2099616727792 4.70589037635364 ex
4711 13.0526825652923 19.6926285454538 8.428634328302 ex
4712 23.8865677239373 16.1793801954482 6.9032619423233 ex
4713 22.3636550756637 13.5002419892699 11.1456270660274 ex
4714 19.4362860519905 20.5479200878181 4.22847373317927 ex
4715 13.925439995015 17.9574068223592 1.4299548373092 ex
4716 18.9183950060979 21.9159563519061 10.7967864079401 ex
4717 19.569630007958 14.0879787479062 11.8784068680834 ex
4718 22.6635642549954 14.8986125092488 9.25288606993854 ex
4719 18.1585886671674 13.9753564323764 7.57876609591767 ex
4720 12.5466820327565 22.6272993406747 4.99549945467152 ex
4721 18.9688696376979 15.0701474095695 4.73243788257241 ex
4722 13.8579289007466 21.6760908074211 3.25624817959033 ex
4723 14.9346768411342 21.5703716494609 4.57345873280428 ex
4724 17.3926312711556 20.3986640081275 0.417708184104413 ex
4725 15.1345757222734 13.3205868818332 9.85696370480582 ex
4726 16.7580111154821 19.8659957158379 3.97270816960372 ex
4727 18.6147511652671 17.63308063359 10.9235712648369 ex
4728 13.3877181338612 19.4193207020871 10.5207142999861 ex
4729 22.1875088822562 16.9380642231554 6.06562708225101 ex
4730 18.4597482664976 22.0503405584022 1.84238305920735 ex
4731 15.5706129048485 12.3944009887055 5.08803637139499 ex
4732 19.260162436869 17.4716033525765 10.6197859139647 ex
4733 22.0321769665461 17.4177720500156 4.03206855687313 ex
4734 13.6155566475354 17.1364171307068 5.38715858175419 ex
4735 13.6983104394749 23.1101407434326 1.47250973363407 ex
4736 19.3821692755446 22.0274915876798 11.7760294324253 ex
4737 21.7357126954012 16.5957033699378 4.08524085977115 ex
4738 14.3268442603294 22.4411794752814 9.32670298591256 ex
4739 19.3789059992414 18.2135887986515 6.36873625265434 ex
4740 17.1475739916787 16.4915058093611 5.85557779646479 ex
4741 12.4984706533141 20.4538977742195 5.37638828693889 ex
4742 12.2304053744301 19.857996692881 10.592004876351 ex
4743 21.6923442615662 12.9242425139528 0.46594681032002 ex
4744 13.167530225357 14.1974876818713 3.28288344480097 ex
4745 20.5298644870054 15.1701646263245 7.51364333252423 ex
4746 23.4099772507325 14.4273631952237 2.29853298631497 ex
4747 23.584533797577 13.2215213724412 3.15628134296276 ex
4748 19.9372909839731 12.4476100697648 4.53513035015203 ex
4749 17.9822023210581 20.1492681088857 7.01709645357914 ex
4750 18.3794348584488 21.1669394336641 8.11012453050353 ex
4751 15.3863791555632 22.9677588129416 9.32133584353141 ex
4752 20.9140497338958 13.1584554014262 10.196842729114 ex
4753 22.3368549172301 22.0829106217716 11.4087284868583 ex
4754 23.4302704213187 19.4310165932402 8.85224587726407 ex
4755 21.8387512930203 18.4895303638186 6.83724496350624 ex
4756 22.3245939554181 20.7241736866999 1.7138431777712 ex
4757 16.9960997239687 14.8228665678762 1.03495555487461 ex
4758 15.665701046586 23.5192905035801 1.33862514561042 ex
4759 14.977734320797 14.3905463283882 3.49414288369007 ex
4760 22.7751154319849 12.9582581208088 7.96486118785106 ex
4761 15.9221518945415 21.5647406880744 10.8507212596014 ex
4762 22.8152274526656 22.5554795917124 3.03457874269225 ex
4763 19.3981080348603 16.0781581609044 6.8565960903652 ex
4764 14.3081828004215 15.3003608093131 2.68797614541836 ex
4765 18.261368800886 16.7295429413207 7.79590451926924 ex
4766 21.6902277546469 22.5228230997454 9.63421917334199 ex
4767 19.3651201548055 13.1685263025574 6.59989426541142 ex
4768 15.9711413092446 19.5748436574358 2.6020253226161 ex
4769 12.426572568249 20.5608784120996 11.1762670122553 ex
4770 12.1426957300864 23.0705430293456 9.19238447840326 ex
4771 15.3028472936712 13.6505081902724 11.3514775582589 ex
4772 17.8939450301696 22.1301041899715 2.28867756994441 ex
4773 21.7669436566066 22.5946909589693 10.7147590531968 ex
4774 18.0013086930849 20.5757075722795 10.247114341706 ex
4775 23.4852957774419 18.4946864193771 8.19429751252756 ex
4776 23.00927404291 13.0538257153239 0.371665534796193 ex
4777 21.3752878154628 20.5516072320752 3.44519833684899 ex
4778 14.4243271474261 16.7213021509815 5.79647711990401 ex
4779 20.5363681216259 12.9116644980386 4.89205059898086 ex
4780 16.7491789120249 21.9702506656758 5.07395705883391 ex
4781 23.4568514421117 13.5538735417649 7.80824464536272 ex
4782 23.0210868814029 17.527593417326 6.52140813111328 ex
4783 13.2326143912505 18.896177111892 3.92910416563973 ex
4784 13.6864788974635 13.5106972360518 10.3977851588279 ex
4785 20.2645878146868 12.9026548464317 10.4105809635948 ex
4786 12.1047611602116 16.041260099737 7.89264420932159 ex
4787 18.4801126203965 20.6316721814219 0.706081711221486 ex
4788 16.2290108418092 21.4361362860072 0.330945441499352 ex
4789 23.3867594567128 16.3749721969943 9.46964117465541 ex
4790 20.8291599359363 12.839917399222 7.97636462631635 ex
4791 22.6110766022466 19.4468320861924 1.01112033706158 ex
4792 15.519251070451 12.4397245312575 4.83604394155554 ex
4793 14.8018065402284 16.8128846043255 1.33700229553506 ex
4794 16.6599490768276 21.6925297039561 1.47825009911321 ex
4795 13.6759266781155 18.4273975738324 4.54969303216785 ex
4796 21.6224559971597 15.5906752354931 4.73065215605311 ex
4797 16.9957711934112 22.4365437866654 9.72394133545458 ex
4798 23.8033443049062 17.8798243829515 11.3601329282392 ex
4799 22.171609116951 18.0509315130766 8.22486565052532 ex
4800 16.0611929600127 14.4738476569764 3.66741118184291 ex
4801 22.0735999529716 16.6083490480669 5.20281649753451 ex
4802 22.6446428806521 20.7524661861826 11.1052676222753 ex
4803 18.7215658891946 12.2986651808023 11.3362111297902 ex
4804 14.406219108263 16.9791989843361 9.93212609458715 ex
4805 16.7406604140997 16.6667212811299 11.8011871087365 ex
4806 21.6445731003769 13.7643075443339 5.74528336292133 ex
4807 14.3546251035295 20.2423598126043 10.6176277624909 ex
4808 12.0685002817772 15.720561783528 4.3696499618236 ex
4809 14.4591381230857 22.9249349157326 1.59808957274072 ex
4810 21.0561683427077 18.3316937529016 3.58419805997983 ex
4811 15.9018572715577 22.6270074427593 4.05825046962127 ex
4812 22.7174571678042 14.2765086011495 5.37830869830213 ex
4813 16.2145948014222 14.5575014655478 6.60269007040188 ex
4814 17.4027633690275 21.1371980328113 9.00209421990439 ex
4815 15.5239452351816 21.9776879020501 9.5802634563297 ex
4816 20.9446148441639 21.9477933594026 5.57596193510108 ex
4817 15.3303784593008 19.2524418029934 1.68522317893803 ex
4818 16.7821603466291 23.5839023520239 6.31043710070662 ex
4819 12.1267606252804 23.7038009655662 0.680546282790601 ex
4820 22.5228837614413 21.7608327001799 2.45053600752726 ex
4821 22.4763464878779 19.92768194573 4.91476743505336 ex
4822 13.3141645521391 23.0756770174485 11.0458141530398 ex
4823 22.1042474461719 17.4936782990117 5.40650348132476 ex
4824 22.9643081803806 19.4148696688935 10.662217865698 ex
4825 13.259861955652 23.681495860219 3.24006765149534 ex
4826 14.6554769543 23.6580095065292 1.03034988581203 ex
4827 14.4576160106808 16.2316008573398 8.94181632390246 ex
4828 23.8982357324567 19.4311787807383 4.00409147585742 ex
4829 12.2583244631533 21.3237043325789 1.27195225725882 ex
4830 16.8254250579048 16.9922715723515 8.64599584974349 ex
4831 16.4879625709727 22.5985401559155 5.3833151969593 ex
4832 15.8191931729671 12.7865319908597 0.709388554561883 ex
4833 22.1135125837754 20.2549472895917 4.20321734319441 ex
4834 15.1858417487238 16.9034985413309 6.23582038586028 ex
4835 13.0110341368709 17.1252981312573 3.40737311751582 ex
4836 23.6232699926477 20.7323074743617 9.7530183782801 ex
4837 23.0893005188555 12.4154558787122 6.74194521689788 ex
4838 16.5282933909912 20.672303059604 10.8127400097437 ex
4839 22.6888506528921 17.2332945424132 3.32719338638708 ex
4840 13.1765042154584 15.4754002084956 6.32818173919804 ex
4841 22.4177821828052 17.2996054580435 7.29960713954642 ex
4842 21.5466819675639 18.6619549382012 11.8681676995475 ex
4843 17.1694203319494 14.3481096578762 8.76956064836122 ex
4844 17.1610406755935 13.3313493181486 10.8720710505731 ex
4845 14.8219299155753 12.7524292112794 1.25739413034171 ex
4846 19.2010300888214 21.1913655025419 9.61014727060683 ex
4847 20.1557440343313 16.6128159970976 10.8016431706492 ex
4848 13.5421608684119 21.2280780200381 9.00672157551162 ex
4849 21.1930651543662 16.4664485736284 6.882972615771 ex
4850 15.6325748760719 18.9879070986062 5.67956006340683 ex
4851 23.2804254060611 16.0010044476949 2.17971996078268 ex
4852 17.1317633003928 12.4257386750542 10.9019850459881 ex
4853 13.7299672109075 14.1480268437881 5.48065722314641 ex
4854 20.7790139196441 23.7426091735251 7.46446557366289 ex
4855 13.671687657712 13.253534497926 1.9327183845453 ex
4856 21.862756855553 19.2773458445445 10.2237873312552 ex
4857 14.9043068853207 17.5605851211585 6.71546248532832 ex
4858 23.3277524991427 17.0122004454024 4.55286412639543 ex
4859 16.0767745692283 13.1002912421245 7.40991766843945 ex
4860 12.6745393159799 21.447410392575 11.9193368668202 ex
4861 18.3600851495285 23.8250764191616 9.79194350214675 ex
4862 16.7186263140757 15.0432646663394 6.42675410490483 ex
4863 21.5929843473714 15.1668117875233 9.26319252257235 ex
4864 18.3953333005775 20.2815716683399 2.83616141672246 ex
4865 18.869461176917 12.8422943188343 7.27465624827892 ex
4866 16.3899596184492 23.442286395235 0.787562100682408 ex
4867 16.5466146995313 21.463072485989 3.72157504339702 ex
4868 19.9955461465288 22.4935022182763 10.434967976762 ex
4869 19.7183450697921 19.7878726318013 0.15576587500982 ex
4870 22.2128117014654 13.4335466043558 6.05956701328978 ex
4871 20.8598021815997 19.554217920173 1.04508336260915 ex
4872 21.7007099792827 12.0943989274092 1.16311811585911 ex
4873 21.7877910295501 20.610555741936 4.90694455709308 ex
4874 13.0302836627234 16.5358665380627 11.897405592259 ex
4875 15.3235418752301 20.540078490274 2.48812034749426 ex
4876 19.908560390817 16.7606888799928 1.89815998543054 ex
4877 14.5331657559145 15.0009727820288 10.6507845681626 ex
4878 14.017763934331 23.3657477193046 5.18507918762043 ex
4879 12.6092694445979 19.5484135539737 3.02924337005243 ex
4880 20.7169847628102 19.5635992502794 3.70121846091934 ex
4881 17.0603529750369 12.6994659991469 0.807906868169084 ex
4882 14.5981347993948 17.7844362340402 5.64625435997732 ex
4883 15.4569684648886 23.6146541584749 6.46779400552623 ex
4884 23.7940121483989 12.0053806235082 10.7266360882204 ex
4885 17.9321296892595 13.8226644017268 9.38422924419865 ex
4886 13.0796722893137 19.5426887176 9.70359923108481 ex
4887 15.1361004917417 18.2333157618996 2.64682798599824 ex
4888 19.5039726379327 12.2832050630823 3.7804866230581 ex
4889 21.3702662901487 21.3537037626375 8.32041516550817 ex
4890 15.7366853314452 19.3781247483566 0.226993680233136 ex
4891 12.3143991921097 12.1009740584996 11.2911651332397 ex
4892 13.9805927153211 12.1530290914234 10.1819263144862 ex
4893 22.5528111287858 13.6182397236116 2.97000760538504 ex
4894 21.2341043686029 23.0349301132374 3.81183175463229 ex
4895 19.3064564052038 22.1844790151808 8.23242532368749 ex
4896 22.6835750956088 19.3803291551303 3.60358936549164 ex
4897 19.4502846337855 13.4310451808851 4.07207150850445 ex
4898 12.102736473782 22.7412708709016 1.03313082107343 ex
4899 22.4939010760281 23.8438390146475 6.97107768477872 ex
4900 16.5567181576043 23.2268185382709 11.7445763680153 ex
4901 14.1881276494823 18.896045684116 4.56531484075822 ex
4902 21.7569607135374 18.2736892146058 5.40186891099438 ex
4903 19.5838193991221 23.9821116563398 8.09394543850794 ex
4904 12.6525185315404 22.4195693184156 6.07476282725111 ex
4905 22.4776843574364 21.5518185165711 9.9776377202943 ex
4906 14.0991264844779 19.2611602135003 5.81132962973788 ex
4907 21.4815436548088 18.6264490103349 9.23587294155732 ex
4908 21.5692836334929 20.9505333153065 7.18856826541014 ex
4909 18.5069828864653 19.97285989183 7.61768855922855 ex
4910 15.6480067225639 14.8752973652445 7.84363256045617 ex
4911 17.430584579939 14.6348174321465 10.3498111504596 ex
4912 15.245732835494 22.7839206054341 3.4920000762213 ex
4913 19.5282871467061 23.4195904661901 5.87075725197792 ex
4914 13.3109417874366 13.70551813161 11.9261029565241 ex
4915 17.4314740812406 18.3659949104767 5.71152368211187 ex
4916 20.6353671753313 12.2710235230625 9.04766558343545 ex
4917 19.2463673795573 23.5896668769419 6.20403419714421 ex
4918 19.9814972979948 23.539546857588 9.95472596795298 ex
4919 19.4816041293088 20.9094119032379 9.9158479378093 ex
4920 14.3859065645374 15.2436156012118 1.53529415489174 ex
4921 20.8509105017874 16.1819492594805 2.46104861423373 ex
4922 18.6314899676945 19.9667118354701 0.44495098432526 ex
4923 18.3584293571766 12.3150220874231 9.65260801115073 ex
4924 18.6915895140264 21.6488976986147 4.20676468499005 ex
4925 12.9284865511581 14.6106791142374 3.56335481954738 ex
4926 21.9153227771167 19.4860226579476 9.03336311643943 ex
4927 16.1614561623428 15.2821320442017 2.39008414628915 ex
4928 12.4264726983383 16.1307080963161 0.494057201547548 ex
4929 23.7649287842214 15.9015035794582 11.2627564682625 ex
4930 20.5757978239562 14.1490773274563 10.8118423023261 ex
4931 23.2753194272518 18.7738769133575 7.88350091152824 ex
4932 21.1809371369891 20.8955028119963 11.7022551072296 ex
4933 23.2266212811228 21.6142697930336 1.06756429397501 ex
4934 20.2021391417366 17.2834382930305 8.37832061783411 ex
4935 15.2602427823003 19.2733199482318 5.56643748213537 ex
4936 13.2836102594156 12.5804619072005 6.65279539558105 ex
4937 12.7600347488187 20.4746375069954 3.61541571840644 ex
4938 20.941124078352 18.742777018575 5.9509650869295 ex
4939 19.3886375729926 14.8454944947734 7.75924804015085 ex
4940 17.0302301882766 14.0370975509286 7.67407575505786 ex
4941 19.1357825398445 15.1765186712146 2.67931092437357 ex
4942 15.3977682350669 13.0628891538363 0.848302038386464 ex
4943 14.4425334436819 14.8085885916371 7.55503468471579 ex
4944 14.9934753102716 23.7101294395979 0.224931157659739 ex
4945 16.0351434419863 20.2113926035818 1.35908139171079 ex
4946 13.38987996988 21.5266007592436 6.87453382811509 ex
4947 18.8476253980771 18.3491490068845 2.42048218543641 ex
4948 18.0774500330444 14.0474111854564 5.848779510241 ex
4949 14.0874144630507 23.6096113615204 10.1282136740629 ex
4950 18.5108974298928 14.3762768011075 11.2152145886794 ex
4951 23.160180572886 16.1884332294576 10.7958706358913 ex
4952 14.8513398063369 16.4948959543835 4.18706380738877 ex
4953 12.265689146705 13.0374073667917 3.67883659154177 ex
4954 17.288177853683 15.735236967681 10.0547358088661 ex
4955 12.4199135457166 21.1595631882083 4.39098400063813 ex
4956 19.1072334870696 15.3171283670235 10.0081218124833 ex
4957 18.1326171900146 18.9721314432099 9.23866455745883 ex
4958 18.4196219691075 16.1736357209738 4.62491075671278 ex
4959 16.9718303002883 22.7625850904733 4.40450094616972 ex
4960 15.8936008322053 21.4227292772848 5.98608143720776 ex
4961 15.1676055702846 15.5492070720065 10.6403417412657 ex
4962 14.1794663621113 23.7148897238076 4.38807270908728 ex
4963 14.5150424556341 13.599964607507 7.82104403455742 ex
4964 14.4264748031273 15.3971713315696 4.79357442283072 ex
4965 13.4421226982959 13.5425103539601 8.04631046042778 ex
4966 19.4466612411197 18.9478699367028 5.54784055124037 ex
4967 17.206607589731 20.4641560988966 1.03216393501498 ex
4968 15.6009503132664 12.4970903396606 8.3230272650253 ex
4969 17.3584988007788 15.1007870980538 11.5529739707708 ex
4970 23.7828349100892 13.1891548645217 1.68164788023569 ex
4971 19.7798670832999 16.7521880823188 0.260624494636431 ex
4972 23.0885923719034 14.9487084613647 11.7106881001964 ex
4973 23.5974000503775 15.5711748681497 3.11997440340929 ex
4974 15.0148213629145 22.364232667489 11.8577283930499 ex
4975 16.5893344539218 22.6953943285625 2.02673501078971 ex
4976 22.2298842708115 18.6201984365471 10.48542058561 ex
4977 14.0730537681375 23.5624035065994 11.0995622023474 ex
4978 19.4289028472267 17.1434235151391 9.70672907261178 ex
4979 13.0935391276143 12.5694752093405 4.20760911121033 ex
4980 16.8911983601283 23.7327802467626 10.0732068500947 ex
4981 18.670057779178 18.5586354993284 11.1060114628635 ex
4982 15.9909706288017 23.4674118021503 9.94147041160613 ex
4983 14.6432711184025 21.3990363660268 5.59047650475986 ex
4984 20.2281628909986 19.3450350365601 2.30705315736122 ex
4985 17.1425546645187 15.1781560862437 4.72480684984475 ex
4986 21.1050949471537 19.5194448723923 4.6520066705998 ex
4987 20.1840359694324 22.9952942233067 9.97323361970484 ex
4988 18.1503784703091 19.314264295157 2.16426017344929 ex
4989 19.3413134140428 19.7033974279184 11.2901480807923 ex
4990 22.2543282827828 17.7446139138192 10.822558605345 ex
4991 16.9259579395875 20.3045143738855 9.84142463258468 ex
4992 18.865828868933 16.5171465075109 0.608502241084352 ex
4993 18.3958795785438 18.3347615164239 3.9262022334151 ex
4994 19.8303996678442 21.0732796269003 4.59249266912229 ex
4995 23.9891160705592 13.7008659995627 6.47152347466908 ex
4996 21.3347523510456 14.1919598060194 10.8854998371098 ex
4997 22.8200076750945 15.0278304552194 5.44017515960149 ex
4998 21.8116460056044 12.8584107568022 2.18458028160967 ex
4999 20.8754232856445 22.7760737114586 4.43084413046017 ex
5000 20.0972336397972 13.4708284877706 5.50643754075281 ex
5001 12.8925464996137 18.2589956996962 11.0210625492036 ex
5002 19.464358486468 22.0825854267459 5.35956039442681 ex
5003 19.0474699384067 23.5813991092145 10.7755385965575 ex
5004 15.7541266414337 21.5655340049416 0.0356813152320683 ex
5005 12.0092685169075 22.2577393555548 7.83288437896408 ex
5006 19.8129341448657 20.5403122720309 6.75686057051644 ex
5007 18.8519400926307 17.3387612544466 2.94575311453082 ex
5008 13.1976986480877 14.7372270126361 11.8810488695744 ex
5009 14.478634087136 12.5761427080724 10.4467368850019 ex
5010 20.9268650873564 22.2824341550004 5.93758912454359 ex
5011 23.5382030713372 21.2671613676939 10.7598071678076 ex
5012 17.5096082845703 16.635560112074 6.88285384140909 ex
5013 20.362750383094 19.7548130231444 4.80683310958557 ex
5014 17.3663405673578 20.6548471886199 11.7761113711167 ex
5015 16.2506329966709 12.1838860805146 7.19893594295718 ex
5016 23.8225161139853 18.5114833207335 2.59986362559721 ex
5017 22.7198079999071 14.7376069878228 3.06059087556787 ex
5018 13.6118705903646 20.1793604206759 7.33116632816382 ex
5019 17.5295527318958 20.2688698591664 3.02252548723482 ex
5020 21.4479215734173 20.6245627419557 10.4281948341522 ex
5021 20.9834800339304 14.1710399941076 2.65944882319309 ex
5022 19.4598629076499 22.301534508355 6.00809972803108 ex
5023 17.8440901087597 22.5826634401456 4.24382475414313 ex
5024 15.9143035002053 12.6237821918912 11.8046164966654 ex
5025 15.5662918260787 20.4204690204933 6.26613929821178 ex
5026 12.6130098744761 13.9052020325325 5.97531157848425 ex
5027 16.2894183900207 17.4586790697649 10.1407363400795 ex
5028 12.5972344782203 17.8011597578879 7.56109093641862 ex
5029 20.2287200784776 20.4318662325386 0.642785638570786 ex
5030 12.4518592639361 21.6916712499224 6.41147100226954 ex
5031 14.8198673378211 14.2454249355942 2.73701972234994 ex
5032 21.8308234929573 13.1673765468877 4.97875695955008 ex
5033 21.1734914311673 15.005872633541 7.26844287640415 ex
5034 15.7272549346089 14.3506790571846 11.0877580370288 ex
5035 18.6655055708252 16.0512624685653 2.93317029858008 ex
5036 23.4842066962738 20.465977142565 8.53664147015661 ex
5037 21.2341222099494 17.6081708036363 4.44218392716721 ex
5038 17.8837228338234 15.858240382513 7.09757528477348 ex
5039 21.399001175072 19.0794945305679 0.166898226598278 ex
5040 17.2246598352212 18.5447321324609 10.772285661893 ex
5041 19.9518939873669 15.609622346703 9.08491644472815 ex
5042 16.3205710316543 23.5968664702959 2.01836379687302 ex
5043 18.9016368095763 15.7960941977799 6.78726967913099 ex
5044 15.793285587104 17.2724648287985 0.571381386136636 ex
5045 18.6546796259936 23.7409271695651 2.21897174185142 ex
5046 22.9971063653938 20.18198060547 6.26028649904765 ex
5047 20.432708990993 14.2210710677318 1.1502011816483 ex
5048 21.6622483045794 17.5485745412298 0.250621331389993 ex
5049 17.3860758058727 17.9066192579921 4.52355174976401 ex
5050 17.1301324744709 14.7170875999145 11.202124960022 ex
5051 22.5265432291199 20.9940027804114 10.2281866825651 ex
5052 12.8114180201665 22.2580135776661 11.3757764622569 ex
5053 21.0009517252911 12.7660568673164 3.16582410829142 ex
5054 17.1986669823527 16.7496485873125 10.8185346508399 ex
5055 14.8254155667964 23.7553296403494 2.41120169032365 ex
5056 17.695645871805 12.0616961068008 4.11514077684842 ex
5057 13.8760015349835 21.8723206231371 8.29016347974539 ex
5058 18.8083539835643 15.3885015794076 1.72142526460811 ex
5059 17.8604513232131 17.0643588483799 1.77429262292571 ex
5060 15.6445407287683 23.5483531332575 3.94954634620808 ex
5061 15.0561893759295 12.055602065986 9.84406228875741 ex
5062 12.026415144559 23.1356767187826 11.6800570329651 ex
5063 20.8576023378409 23.9186777835712 0.00253930664621294 ex
5064 17.6145835826173 18.0777753298171 0.622466806555167 ex
5065 18.9616782497615 19.9598848093301 5.16199230053462 ex
5066 12.6570804996882 14.5854155498091 6.56375592807308 ex
5067 17.9941055066884 13.7053857310675 7.61121587106027 ex
5068 21.6736767950933 22.2293186595198 8.35241106478497 ex
5069 21.8058858353179 12.6164152687415 8.67518115206622 ex
5070 20.2464009476826 15.6229192919564 8.55798642523587 ex
5071 23.5705833269749 20.6844607009552 1.70150214061141 ex
5072 12.9953012040351 14.3420242422726 11.7506787003949 ex
5073 19.1872795736417 21.0287420053501 2.55753887188621 ex
5074 20.8240190735087 12.909076657379 3.90345675265417 ex
5075 21.6892728735693 16.2237759351265 5.15377464261837 ex
5076 23.7444740424398 23.9085968281142 8.80847261939198 ex
5077 21.4682333911769 18.6299085805658 8.13052877713926 ex
5078 12.9935034539085 13.3836929867975 6.6882282840088 ex
5079 15.1671110019088 18.550892978441 7.27556837094016 ex
5080 22.482297917828 13.5271891374141 9.39822511863895 ex
5081 12.3992049649823 12.0310341273434 2.23969971225597 ex
5082 20.1272482858039 21.5685469694436 3.26094384049065 ex
5083 21.7990569954272 13.7962477011606 0.339484534226358 ex
5084 20.8096176176332 21.5490441506263 11.5112217906862 ex
5085 18.4275394186843 16.1126167431939 8.07351534557529 ex
5086 13.2041003881022 22.8300584985409 0.36531911813654 ex
5087 16.234796984354 13.7346015493385 11.7512683074456 ex
5088 12.9720917614177 17.631982675055 9.49882252840325 ex
5089 19.9972936669365 21.8650314346887 10.9157585077919 ex
5090 17.0533665984403 23.8460810354445 10.976640426321 ex
5091 12.7378837545402 17.6637305282056 1.74557196185924 ex
5092 19.6192838654388 15.4041019608267 6.81429050909355 ex
5093 16.0486290657427 14.2076280929614 2.63317775656469 ex
5094 13.5650180056691 13.3315015383996 7.14981341850944 ex
5095 16.3621185377706 13.5833559937309 0.405339354649186 ex
5096 23.6133688476402 21.6368207153864 11.814523129724 ex
5097 18.7126715288032 15.0832047029398 2.01175676984712 ex
5098 18.0648497426882 17.8652326453011 1.10713425674476 ex
5099 22.9257753270213 12.1754064410925 0.773626676993445 ex
5100 13.3426029197872 12.0175665749703 1.49940163712017 ex
5101 14.0205441033468 13.64573975862 3.67001732881181 ex
5102 18.4943532240577 15.6536312911194 7.00963392108679 ex
5103 17.9200788228773 20.573275615694 8.81744683790021 ex
5104 15.4751168775838 21.5721194851212 4.30480435001664 ex
5105 21.8600464737974 18.5861855025869 4.1465954023879 ex
5106 20.7167587333824 17.7891453374177 2.2673348961398 ex
5107 15.3775418701116 22.2999913147651 1.03707653214224 ex
5108 21.2479362986051 13.7007779504638 6.76912845741026 ex
5109 23.3088313660119 14.4946886203252 7.32424768269993 ex
5110 19.7096130610444 23.1853056151886 3.60829792637378 ex
5111 20.6872703691479 18.3337359551806 0.453380877152085 ex
5112 16.9635816481896 20.0749293356203 4.80143965780735 ex
5113 18.237954688957 15.9947925335728 11.8285898142494 ex
5114 17.7976285715122 21.0772157388274 7.9455822983291 ex
5115 13.6992704614531 23.5969720415305 10.01841612719 ex
5116 17.9182527686935 17.647452137433 0.278180801309645 ex
5117 22.6100065654609 16.7333544932771 1.4705696972087 ex
5118 12.1200918923132 18.5686569523532 6.85428575146943 ex
5119 19.728241890436 17.9955688875634 7.75266112037934 ex
5120 21.0199522234034 14.426665963605 9.28413722314872 ex
5121 22.4082975974306 12.557035373291 10.5623722234741 ex
5122 14.0350093648303 16.253683359595 10.9979440241586 ex
5123 17.8519566089381 21.8044555669185 5.30713520338759 ex
5124 13.2614424540661 16.546788998181 6.79750601621345 ex
5125 23.7303274411242 23.2725935487542 0.263013026909903 ex
5126 13.6240399046801 12.1611610804684 3.24088527541608 ex
5127 22.5985379326157 16.8178536645137 8.33743308065459 ex
5128 20.7180047323927 20.9308448438533 5.22006896138191 ex
5129 19.8308399158996 20.9639379584696 10.237058671657 ex
5130 13.8435353068635 13.2357523175888 0.146460244897753 ex
5131 18.3102060153615 23.436691961484 7.23391464469023 ex
5132 12.0420981079806 17.803721440956 10.5333405011334 ex
5133 13.3730441892985 23.1419744705781 4.44906025216915 ex
5134 20.8424096177332 15.6011154907756 0.739455513656139 ex
5135 16.8956783621106 13.989881190937 10.517436160706 ex
5136 17.2802485891152 18.1062394289766 1.65905424626544 ex
5137 13.2744257736485 14.040230401326 1.39069251553155 ex
5138 20.5413540049922 15.2719623860903 3.26557203778066 ex
5139 17.8618865397293 13.3670753978658 2.12750865798444 ex
5140 13.8080404633656 14.5657365052029 6.66761011467315 ex
5141 12.2193194942083 21.2796388664283 0.192547221668065 ex
5142 23.2405221948866 17.1010815706104 8.5353038739413 ex
5143 23.513153324835 22.8233829014935 11.1694747838192 ex
5144 16.9497031553183 14.6610646420158 11.9054259550758 ex
5145 18.5283796158619 13.8238690798171 2.90003353892826 ex
5146 20.2371016170364 15.2303336251061 4.07067225105129 ex
5147 12.9556503922213 19.931722929934 11.986924118828 ex
5148 13.4643277516589 14.15254225838 0.412375678541139 ex
5149 15.8199550022837 13.0248706692364 2.85821691574529 ex
5150 23.9755382551812 16.2018139078282 0.864171849330887 ex
5151 21.6619175414089 14.5651824320666 4.04269083822146 ex
5152 14.9033628122415 16.452200263273 2.45953444973566 ex
5153 18.7080296420027 22.9065513829701 4.72580529027618 ex
5154 14.2841994869523 18.2248897366226 5.19251681282185 ex
5155 19.6145844254643 21.0920726561453 6.56827340042219 ex
5156 12.3634102591313 12.7322032328229 0.31101624132134 ex
5157 16.6825956047978 12.0671298853122 2.2879592271056 ex
5158 13.3527955394238 20.5197943698149 1.81411965913139 ex
5159 23.2691086735576 21.876584979007 4.32353207957931 ex
5160 18.7150632052217 15.1206644568592 8.86321639176458 ex
5161 18.2547468286939 13.2692638174631 3.71391365258023 ex
5162 17.6835392196663 12.0653764288872 2.06291381805204 ex
5163 23.8121135381516 18.195004255278 11.0976488969754 ex
5164 19.4551295414567 16.9190597112756 10.1112875139806 ex
5165 23.103091284167 12.5255118294153 8.31928263022564 ex
5166 22.0990500766784 14.7944397837855 0.919187200721353 ex
5167 20.3282391745597 16.3322487480473 4.31322542089038 ex
5168 14.4055263097398 18.0672980675008 2.20512457611039 ex
5169 21.7273448177148 17.6374478854705 2.48382639861666 ex
5170 23.831586580025 22.6183602751698 3.865160578629 ex
5171 17.9381135269068 12.5841254873667 9.61120350076817 ex
5172 12.1232640428934 12.6005719653331 7.3487069318071 ex
5173 14.911030215444 23.8719321573153 8.95910617127083 ex
5174 18.1787727670744 13.8121900907718 0.191743975970894 ex
5175 12.4591799287591 18.5406361774076 4.2137351075653 ex
5176 16.993866330944 14.1261129977647 4.1469530579634 ex
5177 18.8770705515053 20.4785417101812 7.10559258214198 ex
5178 13.4540622266941 19.24482019688 2.74637719732709 ex
5179 21.3523708167486 20.128671772778 6.54771875869483 ex
5180 19.2662778962404 15.3408111766912 3.71836801199242 ex
5181 15.7736366898753 15.3891395402607 9.45688811666332 ex
5182 15.6390207603108 23.6669042590074 8.42309377132915 ex
5183 19.7562668877654 22.5410152450204 9.66148679284379 ex
5184 18.1091222113464 21.689201109577 7.22053089085966 ex
5185 19.7914265617728 21.7115983394906 8.3018241233658 ex
5186 12.0836070277728 15.2784419786185 2.22022072575055 ex
5187 14.8163320806343 13.1889114913065 4.47379222302698 ex
5188 19.4555636523291 21.732033674838 11.0976119353436 ex
5189 22.0418343490455 15.3623842769302 2.45773218758404 ex
5190 14.1220862322953 12.291208805982 11.5201038753148 ex
5191 22.7427008142695 16.6561371108983 11.6609646980651 ex
5192 15.7218787299935 22.7930698767304 7.06652582227252 ex
5193 12.5782015759032 16.1127668705303 6.23422697396018 ex
5194 18.6202423973009 16.6872541906778 6.41010093013756 ex
5195 16.588436342543 16.0183323805686 7.73349615582265 ex
5196 18.3175904846285 16.1052458861377 9.65428544604219 ex
5197 15.4707849491388 20.4751981836744 11.5240386107471 ex
5198 23.3312752796337 18.4163926045876 3.98005076963454 ex
5199 23.5340780531988 22.359207091853 9.41655794414692 ex
5200 16.3352084443904 17.892402237514 3.51702367560938 ex
5201 23.8425827964675 15.3019322785549 2.78770251595415 ex
5202 12.7578588619363 12.6569132150616 1.19709081202745 ex
5203 19.6034718346782 18.3860696430784 1.0473715197295 ex
5204 19.4505056571215 22.5749397454783 7.57207499607466 ex
5205 19.1405556341633 12.1263144901022 10.6433154495899 ex
5206 15.6846158462577 17.4758328220341 9.69683656748384 ex
5207 19.1700015659444 18.6220733451191 10.0050734786782 ex
5208 21.3665145307314 21.0866068506148 2.37652649288066 ex
5209 12.8774173732381 17.0058272888418 4.1732435466256 ex
5210 17.65050435788 13.4541553894524 4.3026993975509 ex
5211 12.2684763725847 14.2376232766546 7.30285908048972 ex
5212 23.6248472714797 15.642265094677 7.89343291381374 ex
5213 16.6153393120039 12.1786401665304 5.25250911782496 ex
5214 12.3607356308494 13.3534408833366 2.51686116494238 ex
5215 17.8202274711803 15.5660569500178 3.76903873682022 ex
5216 21.6458307395224 17.8807688253 9.17825010721572 ex
5217 13.3962965535466 16.2393197731581 5.51511244685389 ex
5218 21.7861851661 20.4996167074423 1.7766944412142 ex
5219 14.5566195170395 17.2680335410405 10.7684132135473 ex
5220 17.4486874509603 19.5428649398964 0.616694302065298 ex
5221 16.2996810306795 15.5711812672671 3.31900229095481 ex
5222 13.4686991481576 12.2801426453516 7.21024305443279 ex
5223 12.2438884356525 21.9342059970368 2.1888854817953 ex
5224 14.0845721971709 14.8633941144217 0.78363399929367 ex
5225 14.3006775241811 12.4799818650354 6.96908740676008 ex
5226 18.3029801973607 20.7825185540132 3.62502607656643 ex
5227 12.5287208580412 21.1128448180389 3.95467170607299 ex
5228 14.0421996717341 15.756442015525 11.2729912302457 ex
5229 17.5123221923131 13.9258135363925 5.95476584718563 ex
5230 13.5827164619695 17.0711558614857 7.92908297549002 ex
5231 12.0773035658058 22.6779720741324 3.29620158416219 ex
5232 21.3745844850782 16.0932033152785 10.6904295450076 ex
5233 17.8488142008428 16.0616786784958 0.235107555286959 ex
5234 23.837629750371 19.4604738510679 9.0233935250435 ex
5235 16.7698215886485 17.531943594804 2.3096652913373 ex
5236 13.7668145762291 18.6046048281714 9.84026574250311 ex
5237 14.8005797669757 13.9836087441072 6.72963057062589 ex
5238 16.6124210632406 22.6943773969542 11.8046224082354 ex
5239 12.3679669615813 16.1089796856977 9.00286962836981 ex
5240 20.7266983534209 13.1985108789522 6.02126957033761 ex
5241 19.0913332868367 16.8705835731234 5.6079141148366 ex
5242 22.2843432808295 18.1353040202521 9.62899636127986 ex
5243 18.951620685868 18.2032731350046 5.00065331626683 ex
5244 20.2849065037444 16.3049745084718 3.319566646358 ex
5245 13.6561635672115 16.7544214758091 4.66923668445088 ex
5246 16.8646545256488 17.5012963959016 0.704363416647539 ex
5247 14.353262362536 19.4855412510224 1.31241717142984 ex
5248 22.1931943483651 12.2058499979321 11.4531964387279 ex
5249 14.9564221764449 13.6201098605525 9.87819014000706 ex
5250 20.6549057376105 14.8966765913647 3.66453498206101 ex
5251 18.2823295437265 22.5238130819052 0.167298526037484 ex
5252 23.0064237802289 18.9744039601646 6.0935478543397 ex
5253 18.4934864616953 22.2428846259136 7.36259099724703 ex
5254 21.0581420764793 21.1376993851736 4.70891529833898 ex
5255 18.3583525063004 18.4626200143248 1.70028048893437 ex
5256 19.2232519055251 19.8877323977649 8.73793635703623 ex
5257 14.4513665938284 20.1980078448541 11.9114356099162 ex
5258 23.96380063775 18.4588446691632 1.26654530316591 ex
5259 20.1625922310632 13.2610532944091 1.61651855218224 ex
5260 19.2401527997572 12.0348967434838 9.28430775459856 ex
5261 17.3897943929769 19.6041686998215 4.51546622184105 ex
5262 21.9285710663535 17.3722981528845 10.4419798743911 ex
5263 16.7197875834536 19.6401878295001 9.97282011155039 ex
5264 16.8721825666726 16.3100583753549 2.78150507737882 ex
5265 14.2574287287425 23.4549184979405 6.17306801560335 ex
5266 13.2569306069054 17.1873382518534 0.883027548901737 ex
5267 18.3969796574675 16.1268101108726 1.33843322470784 ex
5268 16.0309182193596 18.6150318798609 11.2423854530789 ex
5269 23.5562389425468 16.8365473069716 1.36705078021623 ex
5270 19.9121657784563 16.5045424853452 8.05014465143904 ex
5271 16.0385931991041 18.3274789208081 9.79615888884291 ex
5272 21.0647949937265 21.8341198486742 9.55347011215053 ex
5273 23.9708290421404 19.1363544918131 11.9892597321887 ex
5274 14.1406444101594 14.3700168051291 9.71257372340187 ex
5275 12.7455843396019 15.4972125736531 7.61389283998869 ex
5276 19.0463218824007 15.6628765671048 0.559547551907599 ex
5277 23.937204349786 23.1795469254721 5.82255856017582 ex
5278 20.0309200251941 21.698275296716 7.95804752479307 ex
5279 22.9425523448735 15.0774753426667 9.79794868850149 ex
5280 12.2865802296437 15.8107516425662 5.86212669080123 ex
5281 19.1134583600797 15.9439182467759 8.17788541223854 ex
5282 12.868257867638 16.141895546345 11.1300918594934 ex
5283 23.8455997458659 21.8523420146666 3.81903268909082 ex
5284 19.8645525288302 20.0755322119221 2.31428488250822 ex
5285 19.7204734620173 18.1473407757003 8.48182905628346 ex
5286 18.3603744118009 12.7800193480216 2.5814596938435 ex
5287 12.9767733016051 19.336070823716 9.98774882685393 ex
5288 15.1133862119168 18.9409684818238 8.29895120649599 ex
5289 19.6506831322331 19.2416824593674 4.87890427536331 ex
5290 23.910086509306 18.0519232379738 10.2275090783369 ex
5291 13.8658154027071 20.7334393979982 9.0750053494703 ex
5292 21.20376089192 23.4421601905487 4.76315617980435 ex
5293 15.30331282923 12.2992946153972 1.86772529245354 ex
5294 23.4376341558527 16.7189565035515 8.43816653569229 ex
5295 16.73461580812 21.1737076551653 4.48222178267315 ex
5296 20.5616829569917 21.8975371317938 2.2104444920551 ex
5297 23.8631507284008 22.6648487208877 8.1388182642404 ex
5298 13.0236497214064 18.7703780014999 10.1247014447581 ex
5299 15.0644988964777 13.8196225825232 3.86564776604064 ex
5300 20.5387606846634 22.9230349392164 2.41076957155019 ex
5301 19.1326682944782 21.0846190704033 5.82539546792395 ex
5302 12.5978210694157 20.8881093785167 6.98446978349239 ex
5303 18.7638720169198 21.7426545002963 5.59515820909292 ex
5304 19.9035422867164 20.0820678344462 0.222918152809143 ex
5305 12.4160370843019 16.4516911164392 3.49423157074489 ex
5306 12.808623424964 23.5340755858924 6.78663125494495 ex
5307 22.3354467486497 12.9472777876072 4.97710582939908 ex
5308 15.6840946699958 14.936908790376 4.63384510320611 ex
5309 17.5338676436804 19.277668818133 11.9008137462661 ex
5310 14.7880765707232 20.1229502349161 5.66748817358166 ex
5311 19.8666583655868 22.2703848525416 2.42900594533421 ex
5312 12.5275009959005 18.5069899030495 7.34543023933657 ex
5313 20.9807642858941 13.7653329696041 3.12104721856304 ex
5314 17.6865606287029 22.2139529041015 1.10135138547048 ex
5315 22.1212920311373 17.9251592089422 9.76389878126793 ex
5316 16.0023022957612 15.3374854226131 10.101654839702 ex
5317 13.9471815342549 19.3719599153847 7.5592075670138 ex
5318 15.621844896581 17.1644422677346 2.45781141100451 ex
5319 19.9192665617447 19.5709515591152 10.4591827690601 ex
5320 18.5768298443872 17.322552946629 4.17270072246902 ex
5321 12.3339587519877 18.2706703096628 3.57209878251888 ex
5322 21.2540179563221 22.0746739667375 11.9693697127514 ex
5323 18.9834421412088 14.0978822468314 4.45784356608056 ex
5324 15.9188037551939 17.6662922769319 3.4480675670784 ex
5325 23.2661933368072 17.0624871768523 0.01530641480349 ex
5326 16.999104766408 20.9113478916697 2.6905656112358 ex
5327 14.6020844166633 17.1108275458682 4.70178765966557 ex
5328 22.3655892116949 14.9660464948975 7.63731019501574 ex
5329 12.0400869990699 18.7703055045567 10.5182015444152 ex
5330 23.3850588474888 20.1912336281966 2.72607734543271 ex
5331 16.6866497155279 15.2063196406234 9.83003076747991 ex
5332 13.8135991611052 15.6908530276269 4.8013728405349 ex
5333 16.7793476847 18.1130621556658 1.57492531952448 ex
5334 19.6064125564881 18.9609436234459 9.05735154775903 ex
5335 12.347187202191 12.3544890217017 9.98015599302016 ex
5336 15.1379261957482 18.7825392896775 1.0871878634207 ex
5337 12.5744083570316 14.3112755962647 0.515007641864941 ex
5338 19.6693423108663 14.1254815994762 10.3279585936107 ex
5339 17.9119891540613 23.3292629278731 11.3774624147918 ex
5340 23.9298105794005 17.1561880544759 10.688348489115 ex
5341 13.2734971863683 22.7051089524757 4.82491129869595 ex
5342 18.5525946139824 23.5351283720229 11.2611974729225 ex
5343 14.1671088843141 17.6295253862627 9.91728789033368 ex
5344 15.0342014052439 17.850467896089 7.43167803576216 ex
5345 18.3321474820841 19.247292578686 10.8447239694651 ex
5346 21.9310778202489 22.8026331388392 2.36975272838026 ex
5347 20.1770305538084 15.9457666832022 6.26834608288482 ex
5348 23.4484345060773 12.3287920134608 5.89040813292377 ex
5349 15.5893554775976 17.633275233442 1.1108006935101 ex
5350 22.9818604115862 18.1589645773638 7.76175457239151 ex
5351 17.2974207608495 19.8275448887143 9.69032493163832 ex
5352 21.9668961069547 22.1503576443065 4.43803050997667 ex
5353 17.2541787254158 17.0790028139018 11.5634773243219 ex
5354 12.2323387688957 16.0962704548147 2.22517658211291 ex
5355 17.8948740833439 22.0286722087767 10.2613865067251 ex
5356 13.176540260436 19.2494698010851 3.14750595064834 ex
5357 13.6121834272053 16.7697289069183 8.24112381064333 ex
5358 18.6625197357498 20.4843333873432 1.79647985799238 ex
5359 15.7515329867601 13.4092521453276 10.502822823124 ex
5360 14.1827861864585 14.6603612087201 4.05397078278475 ex
5361 12.4836432624143 13.4351816480048 10.2363098768983 ex
5362 17.3020774747711 22.77471549646 0.836024515097961 ex
5363 19.0060135864187 19.9779893981759 7.29129865975119 ex
5364 17.1218082755804 23.8427438207436 9.55837601423264 ex
5365 14.8063000647817 13.0029930146411 11.538574249018 ex
5366 12.1701846420765 14.4164183866233 10.9267822818365 ex
5367 18.7049137989525 18.9195477066096 0.269154043868184 ex
5368 20.4998552647885 12.6187445456162 11.9681902476586 ex
5369 12.3552908287384 14.1488082075957 1.28839444811456 ex
5370 12.0145419689361 15.3403312566224 6.06140230968595 ex
5371 20.3342007291503 17.4514163406566 9.68634658236988 ex
5372 20.400559949223 23.8067061449401 1.29926139093004 ex
5373 18.1071112104692 20.0539624826051 5.43287264858373 ex
5374 14.469862831058 14.0207112878561 11.8034159496892 ex
5375 21.6515797963366 22.629255767446 0.628078588284552 ex
5376 13.0459432217758 12.4987437603995 2.92893382464536 ex
5377 21.8507594463881 12.3758037756197 11.4254838388879 ex
5378 22.4072629874572 22.5706433458254 5.91805405123159 ex
5379 20.9630757044069 15.6486267196015 11.4510433597025 ex
5380 12.912012065528 17.4205940377433 3.37884696852416 ex
5381 17.6978920463007 19.8193242913112 2.79289024719037 ex
5382 15.907996697817 18.3211163431406 9.79821745678782 ex
5383 22.7055943284649 12.2237964726519 1.47260647988878 ex
5384 22.4298808767926 23.1961041844916 0.0256454111076891 ex
5385 19.8404520116746 17.777417081641 5.20407582516782 ex
5386 15.6276273368858 15.5798345620278 5.42984843347222 ex
5387 15.5445643984713 20.3434621465858 4.42524958821014 ex
5388 20.8801135157701 20.5831650753971 11.8711546168197 ex
5389 15.3894896435086 20.7788074268028 9.43486963235773 ex
5390 22.6604105725419 22.7356681965757 4.57334011141211 ex
5391 16.6976390720811 17.323416830739 8.25670259352773 ex
5392 23.5331023128238 23.935875260504 1.85541015560739 ex
5393 22.1887758690864 19.1619200450368 11.3605741262436 ex
5394 19.1176911760122 20.2050177543424 5.10283158300444 ex
5395 22.9795887565706 17.2431159296539 6.36976661370136 ex
5396 21.9364144115243 18.8962199746165 1.6916184797883 ex
5397 19.2323621027172 14.6317733328324 8.78034806530923 ex
5398 17.217866699677 15.9836940362584 5.59135105484165 ex
5399 22.5786169543862 23.8123500309885 8.73638532240875 ex
5400 12.4852095178794 16.1554322054144 4.53424293920398 ex
5401 13.1457252781838 16.1605680454522 3.22454813495278 ex
5402 12.7496378391515 21.98662832845 7.44935641228221 ex
5403 13.6768466592766 22.3924407570157 2.43114598910324 ex
5404 13.2323971015867 14.7027856688946 8.23525336850435 ex
5405 14.6042504166253 22.9821507893503 5.52585971727967 ex
5406 12.5606073420495 15.8517605292145 10.5681015553419 ex
5407 21.9359118917491 17.3488611963112 6.76140376599506 ex
5408 18.9898582315072 23.4923671348952 1.31726476037875 ex
5409 18.7373527938034 12.4486178096849 5.60892022680491 ex
5410 19.5868089676369 17.3008783131372 6.255512424279 ex
5411 16.5567944536451 19.153479245957 1.93545315554366 ex
5412 15.7899597680662 12.6741405283101 6.92791993077844 ex
5413 15.8380334447138 13.3965601364616 4.50613015214913 ex
5414 23.5465469595511 13.1697941739112 8.29077710281126 ex
5415 19.4296720004641 19.0311691269744 9.55469990870915 ex
5416 19.7120522093028 12.6391500681639 6.0095557263121 ex
5417 18.0282082047779 21.3072538883425 1.97586114821024 ex
5418 21.6091623611283 14.0531138957012 6.00772573146969 ex
5419 16.0339693170972 18.0841026986018 8.4551162365824 ex
5420 12.6612185216509 21.1715245894156 5.06192439910956 ex
5421 21.5054057040252 12.6337577351369 10.5316865225323 ex
5422 23.6481287861243 12.1994990997482 9.63071542116813 ex
5423 13.677810549736 20.5418297725264 2.63023467129096 ex
5424 23.0818371239584 16.8719556375872 4.78452385705896 ex
5425 16.2179148194846 17.6031097904779 9.39036995661445 ex
5426 23.4573287304956 15.1279640251305 10.1297820336185 ex
5427 22.8391333981417 16.4729634213727 9.20341311511584 ex
5428 15.8270215773955 15.5420813525561 6.29377402504906 ex
5429 17.2993849255145 14.7954097483307 6.2712758439593 ex
5430 15.66388773988 21.388690429274 11.1490393264685 ex
5431 23.250091107795 17.4561236593872 7.30193702806719 ex
5432 21.6461207417306 13.6200393773615 11.0281898081303 ex
5433 19.5756177969743 23.14005501871 4.37519298354164 ex
5434 22.5709344900679 22.0433109300211 1.21258635353297 ex
5435 22.3118709633127 21.2481592688709 11.5454671138432 ex
5436 18.1328314614948 13.3549969121814 9.41352728521451 ex
5437 16.5556661481969 13.8440654079895 1.99733398086391 ex
5438 17.4051680797711 21.1946817750577 3.88433605246246 ex
5439 15.3107704133727 17.2042046610732 6.41594280488789 ex
5440 13.5271252950188 16.2010832119267 0.781802995828912 ex
5441 19.289559035562 13.4644521239679 10.8786260324996 ex
5442 22.2542497529648 21.5936943318229 10.65903136204 ex
5443 19.3271951267961 20.5864503171761 8.26888049324043 ex
5444 13.7480600110721 20.8738188438583 0.62931919307448 ex
5445 22.2469546140637 12.0788583189715 2.9380423584953 ex
5446 18.6492439792491 18.435773035977 6.08589579723775 ex
5447 18.2722692855168 13.8638396763708 5.09961025929078 ex
5448 13.6869037451688 22.3344305190258 6.04423304763623 ex
5449 15.146556194406 21.8201802773401 1.68526449752972 ex
5450 21.5461091899779 12.4809573008679 6.07758835796267 ex
5451 18.731079877587 13.0684570560697 8.69500140822493 ex
5452 12.8561211053748 23.199368119007 10.0025684039574 ex
5453 15.3391920935828 14.283199918922 10.876759062754 ex
5454 16.0896824528463 22.1424719160423 6.09855052945204 ex
5455 23.9811125502456 22.4379079239443 5.0384878825862 ex
5456 23.5854756219778 22.6024446377996 2.62893640133552 ex
5457 18.9800128554925 22.3163631854113 11.9381504566409 ex
5458 20.626853661146 14.720661448082 7.75607512169518 ex
5459 20.6488331425935 23.6303443026263 5.10055153630674 ex
5460 18.1692318576388 23.6310656750575 0.385753851616755 ex
5461 22.5956895491108 14.5691854185425 10.3904989629518 ex
5462 20.915600076085 13.7644162194338 4.05365985515527 ex
5463 19.1193231618963 13.0827750791796 8.59901136672124 ex
5464 20.2199014646467 17.4162371638231 10.4407217751723 ex
5465 13.5561005945783 23.3685809310991 9.20052356296219 ex
5466 16.41520561371 16.7267911899835 4.24915555049665 ex
5467 23.0972321534064 20.5732079204172 4.9635900571011 ex
5468 18.6117870307062 17.8825867713895 7.85774918575771 ex
5469 13.6896666053217 12.399256094126 9.95345128281042 ex
5470 15.974183189217 20.9338418678381 8.62750505306758 ex
5471 16.420469364617 22.0578161745798 10.3619575568009 ex
5472 16.2201412217692 16.760469435947 0.986099540721625 ex
5473 12.3197812621947 23.4843151865061 5.31227472377941 ex
5474 15.912556729978 18.7801314673852 4.25868123024702 ex
5475 17.6778652013745 21.5361978746951 1.71103808283806 ex
5476 18.2470629019663 20.6009272616357 9.12150322273374 ex
5477 22.7255313571077 17.6603245246224 0.304131726268679 ex
5478 21.738883375423 21.6095245832112 7.21764243440703 ex
5479 12.1014122087508 13.2790002410766 0.895627902587876 ex
5480 17.9852441889234 18.8771620392799 7.15963912312873 ex
5481 13.510068459902 22.4833089639433 10.8549869626295 ex
5482 16.6409668396227 18.507562685525 10.8429320275318 ex
5483 22.4393152790144 19.1928443370853 0.152400948805735 ex
5484 14.575525599299 20.4000133592635 2.82527578691952 ex
5485 15.9909650832415 22.3004980322439 6.67031533480622 ex
5486 16.2619758606888 16.0204528267495 10.5681812115945 ex
5487 12.9218589006923 20.1617915711831 0.408468744950369 ex
5488 20.4413789564278 15.7877515312284 10.3913786367048 ex
5489 21.6187846488319 14.8714978429489 8.71908101229928 ex
5490 15.3790689131711 16.5760970553383 4.11486562271602 ex
5491 12.8106823388953 19.1106571361888 6.33122300938703 ex
5492 21.109554072842 14.4568777354434 2.50437859073281 ex
5493 21.2194557818584 13.2708839399274 9.05968311498873 ex
5494 21.3414262246806 20.9309144925792 2.42417817167006 ex
5495 19.3631738489494 17.8700096036773 4.55985521874391 ex
5496 16.2953976322897 14.5692627558019 5.7834436877165 ex
5497 19.4795845036861 19.6636252806056 1.42283893912099 ex
5498 12.4584202892147 21.7144247891847 9.89695192524232 ex
5499 12.4836019643117 13.4227574882098 11.0871161834802 ex
5500 13.0819190009497 16.1105879228562 9.52285833167844 ex
5501 18.8232939364389 19.1851305307355 4.51964150369167 ex
5502 16.1358272172511 21.265161576448 7.20855689793825 ex
5503 14.5277313650586 12.5310527745169 7.85731692658737 ex
5504 18.6211981966626 17.3118857045192 5.02379879192449 ex
5505 19.8171546927188 15.5428270245902 4.20011656126007 ex
5506 17.7455119143706 22.2749739782885 8.31251555029303 ex
5507 20.0246779739391 18.7126164885703 7.71411361452192 ex
5508 15.2400570746977 22.7963286612649 10.7185399422888 ex
5509 23.9647642557975 19.7119582628366 2.09187506767921 ex
5510 23.6697504722979 18.1599179098848 4.74429255770519 ex
5511 12.7545836404897 16.2108146629762 10.8123909865972 ex
5512 18.8509523370303 22.1927104941569 6.71669936995022 ex
5513 12.9100531551521 12.9169081794098 8.91215770994313 ex
5514 17.6156684642192 17.5926743221935 10.6089638909325 ex
5515 20.9954905239865 20.2481038693804 9.28375858487561 ex
5516 17.426383721875 13.3791967437137 0.62070186319761 ex
5517 20.6909944671206 23.7431666937191 3.14239879045635 ex
5518 15.6656322369818 15.3877950180322 8.30195257184096 ex
5519 23.8995267197024 22.2896126895212 0.850319570396096 ex
5520 20.1584287148435 22.0909502820577 6.05471555353142 ex
5521 17.2030094133224 15.9104890814051 1.69172456511296 ex
5522 21.9187415947672 17.2959955565166 11.013986405218 ex
5523 23.1023851598147 22.3493452500552 1.19994679838419 ex
5524 14.250508192461 13.2828573267907 5.09324670722708 ex
5525 22.1565859538969 23.5722964075394 7.71934827230871 ex
5526 23.0356913795695 12.0810415253509 2.77478034398519 ex
5527 20.1627618256025 12.5462733085733 8.10211635776795 ex
5528 18.0814926703461 12.8689954101574 6.09341482305899 ex
5529 22.9321466537658 20.5189065595623 8.17437504790723 ex
5530 20.461551874876 18.5432080947794 8.69938863813877 ex
5531 12.833427602658 15.363412537612 1.12096479954198 ex
5532 12.5548143235501 18.4749974196311 1.58947313367389 ex
5533 22.4365386741702 14.5993714448996 6.86008291644976 ex
5534 15.5871498037595 12.4140727305785 7.1949739807751 ex
5535 14.904382284265 16.89588804706 3.63108324725181 ex
5536 22.2660889613908 16.333975737216 7.58861764497124 ex
5537 18.6482132324018 23.2657943849918 4.58625493990257 ex
5538 18.2407200268935 17.4913370555732 6.17659882735461 ex
5539 17.2903464415576 18.5255191382021 6.0625679444056 ex
5540 13.8188118869439 15.4969894967508 8.99192071869038 ex
5541 19.160583373392 19.7075456667226 6.06379428971559 ex
5542 20.3028329007793 16.3870685379952 11.6033696348313 ex
5543 20.112530286191 16.1286747534759 9.77144178631715 ex
5544 18.1774881992023 16.3802863438614 11.1871870830655 ex
5545 16.6674429494888 17.7644394927192 1.51466329442337 ex
5546 12.525753224967 18.0125971205998 5.66424130555242 ex
5547 15.2357855883893 15.7371665213723 2.81951232603751 ex
5548 13.456552493386 23.0148268756457 8.04913359764032 ex
5549 16.6813212528359 15.0599341371562 7.58314469922334 ex
5550 14.3635033494793 20.7718189915176 9.29408484022133 ex
5551 21.0368291900959 18.7816711135674 7.764708022587 ex
5552 14.187269315822 14.0434446397703 6.00004600244574 ex
5553 18.4850221457891 15.9470263402909 3.6575507207308 ex
5554 22.0664936283138 19.275760802906 9.1390547666233 ex
5555 16.0517593733966 21.1904838478658 11.8296904463787 ex
5556 14.4660652806051 17.2198425149545 1.13523149257526 ex
5557 17.7983138207346 12.1086715238634 5.81374977482483 ex
5558 19.1664593673777 14.5932798592839 0.563789724605158 ex
5559 12.675319098169 22.71107721515 0.759300372796133 ex
5560 19.0671382106375 17.4403418388683 3.42987510422245 ex
5561 22.0539808901958 15.355834971182 3.8656341296155 ex
5562 19.4716529157013 14.211441939231 1.89869697834365 ex
5563 18.7423485801555 21.4897793263663 11.2412928929552 ex
5564 13.7231291867793 18.7076755785383 1.20515902899206 ex
5565 23.7428539085668 15.9124485871289 5.21987796970643 ex
5566 21.7835528154392 17.3157996255904 7.27243935037404 ex
5567 22.9751737755723 16.6483340812847 10.7520312536508 ex
5568 15.0772193970624 16.588490648428 1.1102422636468 ex
5569 13.7926457000431 13.0573914118577 3.28587358840741 ex
5570 23.9315079345834 19.5544604195748 3.4645159819629 ex
5571 20.9896019552834 17.9322637186851 11.4315144466236 ex
5572 13.6820389046334 21.4511695546098 4.44031622656621 ex
5573 13.7210768798832 17.4130096833687 6.37723621493205 ex
5574 15.6769842887297 21.5465841179248 3.80226352647878 ex
5575 14.5405791976955 17.8637313549407 8.96059811930172 ex
5576 13.8612816191744 17.5885160251055 9.71472816751339 ex
5577 14.4612672328949 23.5335127057042 7.237665834371 ex
5578 20.5827714849729 18.0562617906835 11.8121290476993 ex
5579 17.0430503445677 12.2254530435894 6.52262916136533 ex
5580 17.6230071319733 21.4723229638766 2.61229446413927 ex
5581 18.9307518724818 17.3415322748479 9.29914398002438 ex
5582 12.176419304451 17.7599495062605 0.731917774071917 ex
5583 23.4985466557555 20.4367046693806 0.524649723898619 ex
5584 16.7575086287688 17.1382998344488 7.51825546380132 ex
5585 19.5848850274924 22.596133061219 0.944437950151041 ex
5586 22.8857535442803 20.7611654065549 3.56974260881543 ex
5587 20.5732207731344 13.2603988260962 8.5755871720612 ex
5588 20.2516748248599 13.4779639844783 0.879487379686907 ex
5589 22.8831206148025 18.705241024727 4.98163435794413 ex
5590 21.3251825163607 21.7943987250328 11.0651820895728 ex
5591 12.7157795939129 23.2178054850083 7.8424482231494 ex
5592 23.5090028392151 22.6982926235069 7.90174187649973 ex
5593 14.2140055152122 22.458673347719 11.4169659782201 ex
5594 17.1381459143013 16.6876070417929 3.79395962948911 ex
5595 15.407410727581 15.0735054628458 11.6117594053503 ex
5596 22.7890204631258 14.334181380691 1.11557320202701 ex
5597 21.247746973997 21.8125020558946 0.179684763541445 ex
5598 15.7455806548242 18.9957182737999 0.184594991616905 ex
5599 15.5787644819357 19.8291040889453 11.4129370595329 ex
5600 15.381616789382 20.6549409695435 3.06901025725529 ex
5601 12.8377608882729 23.1405672968831 1.75225855223835 ex
5602 16.8460273433011 12.4520257881377 0.960818372434005 ex
5603 12.0247412093449 18.5354726770893 2.64053833321668 ex
5604 13.4207550089341 18.5087408679537 8.61127288662829 ex
5605 22.7541273203678 14.0615729072597 2.58248937921599 ex
5606 13.9630220348481 15.2661765271332 2.54482562583871 ex
5607 21.3281155279838 23.340627431171 6.01465241471305 ex
5608 15.814156715991 13.1390071238857 5.14920739852823 ex
5609 18.9790648985654 15.5832938193344 10.2233674377203 ex
5610 15.3605169446673 15.4040868792217 4.75972352665849 ex
5611 14.9074306136463 13.3854019674473 2.22492567077279 ex
5612 14.2655275587458 12.4800599217415 2.53088550898246 ex
5613 19.7866869422141 19.1055179734249 3.14571465970948 ex
5614 14.3457653697114 18.8473486599978 0.407772120786831 ex
5615 18.6012329298537 14.9736991575919 9.15098621882498 ex
5616 20.4027649909258 12.9039897965267 6.85239753872156 ex
5617 23.2040044264868 17.0822894980665 9.65528309647925 ex
5618 14.5463318885304 19.4111548981164 0.00684342347085476 ex
5619 14.7967027539853 12.810089977691 4.4514444002416 ex
5620 12.0656535618473 16.1871280421037 1.9208719166927 ex
5621 20.8742975639179 17.1673093319405 1.70398414274678 ex
5622 20.3541709990241 21.3330800309777 1.16657741647214 ex
5623 14.2777152056806 18.7327064159326 11.0315521461889 ex
5624 22.3000367060304 18.4629044698086 3.72167014027946 ex
5625 14.5391804638784 21.8250369324815 10.2622479950078 ex
5626 19.0829409996513 21.4570290357806 1.42331460793503 ex
5627 20.8981716807466 19.4066608245485 6.67389716301113 ex
5628 22.2180600087158 15.4045096542686 1.42381880478933 ex
5629 19.0932966114487 23.9249257757328 1.03761160187423 ex
5630 18.2212710746098 15.5132841723971 9.34457068610936 ex
5631 21.3544051612262 16.9495461862534 0.499519772129133 ex
5632 14.7557832570747 21.1108373566531 9.91867171111517 ex
5633 17.1211677668616 21.1221774248406 0.994824908440933 ex
5634 17.4954349133186 22.5322530299891 11.9995955138002 ex
5635 20.1068651699461 22.403886345448 1.07529099215753 ex
5636 17.6738199584652 16.3039270078298 8.09439624217339 ex
5637 22.185966276098 19.0210113029461 8.5263458895497 ex
5638 23.4905378033873 22.2227022289298 4.8243752415292 ex
5639 13.9244645223953 14.9987164326012 4.21771081048064 ex
5640 22.0372653149534 22.4804727486335 6.76894743251614 ex
5641 23.3387002265081 23.2962374098133 7.88517403276637 ex
5642 18.7962195284199 13.8884643141646 11.4450041039381 ex
5643 13.117879522033 18.1862118532881 11.6080490399618 ex
5644 23.4932314986363 19.0207733153366 10.0473085558042 ex
5645 21.0933850472793 12.3059441153891 4.57916869665496 ex
5646 21.9771206767764 17.9843231912237 8.13314321963117 ex
5647 12.6118061135057 13.624010238098 8.40630039572716 ex
5648 16.1461465072352 18.6438721537124 6.52574160136282 ex
5649 15.0785247874446 22.6811756349634 2.59622519998811 ex
5650 18.5571666469332 22.4486287087202 8.50843253475614 ex
5651 16.1023974488489 23.6897162741516 3.42939607193694 ex
5652 14.8905900204554 22.6511042814236 3.91440132935531 ex
5653 17.764137172373 19.6540379081853 6.8807331470307 ex
5654 22.6432187149767 14.141849743668 11.552255023038 ex
5655 20.407995959511 22.1112676789053 11.1521657183766 ex
5656 13.0907993246801 17.6816478027031 11.2240485390648 ex
5657 20.4482202627696 20.3223344357684 7.7693532188423 ex
5658 19.0615382029209 13.4759003436193 0.0833374531939626 ex
5659 17.0634035756811 23.3775074740406 3.27739953575656 ex
5660 15.4504671487957 16.7686821680982 5.32190523017198 ex
5661 14.5218236141372 13.0448459112085 10.0641302180011 ex
5662 20.3601159756072 18.355749073904 2.40758022526279 ex
5663 15.9410344308708 13.3353154964279 1.66258949646726 ex
5664 22.0122112154495 13.8162034612615 5.2260197584983 ex
5665 20.6757569154724 21.6124115069397 10.82238971279 ex
5666 20.2220897534862 15.1993313573766 9.4815762268845 ex
5667 13.4084654799663 22.9907933245413 11.6005685022101 ex
5668 14.7519372629467 19.5547683543991 2.36992515786551 ex
5669 14.4036340094171 20.2016132639255 1.44035439076833 ex
5670 17.6840013205074 14.0393697556574 3.49651030846871 ex
5671 12.1668366640806 14.9648817721754 5.43671125872061 ex
5672 20.1854325528257 13.795768602984 7.43513520504348 ex
5673 19.210472404724 22.3861950887367 1.09848377853632 ex
5674 14.0063452711329 18.1464135525748 7.34440584783442 ex
5675 22.2120922789909 22.4209538970608 0.887689138296992 ex
5676 20.0828337797429 22.9016648356337 7.06509585748427 ex
5677 14.1254607320298 22.0617826366797 6.05580674228258 ex
5678 13.8006504734512 20.3867452340201 8.36051888833754 ex
5679 21.620599306887 14.2792432182468 1.95854377723299 ex
5680 18.2235631227959 22.2407451304607 5.83176661049947 ex
5681 13.0412719645537 15.1289525732864 0.0303886064793915 ex
5682 14.1472449516878 23.5254059855361 9.02611902565695 ex
5683 13.8445862431545 19.0876652351581 1.26173837459646 ex
5684 16.6188068378251 15.7316016601399 0.450881311902776 ex
5685 20.6240791224409 20.071752813179 4.0175514779985 ex
5686 19.3710646617692 14.7396202292293 2.37324016774073 ex
5687 15.4907081574202 23.7068185512908 7.86674091150053 ex
5688 13.1828849529848 17.475905507803 8.93074737838469 ex
5689 19.8312187436968 13.2221718777437 3.36427444010042 ex
5690 12.8731877796818 22.1680684559979 5.73005287838168 ex
5691 16.1863700011745 20.0597107808571 0.0503562055528164 ex
5692 19.8056939167436 20.3786632362753 11.3634719131514 ex
5693 13.162671261467 22.5677041744348 9.1669409358874 ex
5694 23.0558567258995 23.6742051308975 11.1297965066042 ex
5695 20.5480299738701 22.9307047999464 0.707941030152142 ex
5696 18.7630786024965 12.3829813660122 1.26865570410155 ex
5697 22.3958163410425 20.9717270899564 0.442505154293031 ex
5698 19.5437475768849 15.6141625568271 1.87559074605815 ex
5699 18.5685541380662 15.0665516569279 0.119926235405728 ex
5700 19.0753118160646 12.4684612555429 0.127377956639975 ex
5701 19.0494624935091 16.3507477995008 11.0730370627716 ex
5702 13.7649532763753 12.9916907269508 11.0995677837636 ex
5703 21.7630566207226 19.2705689445138 6.22861065180041 ex
5704 12.1185840684921 14.3141358799767 8.04229067941196 ex
5705 20.0706277678255 16.3407465075143 6.75828562909737 ex
5706 21.8125150750857 19.2442950664554 7.17980834306218 ex
5707 14.7619430497289 22.5016912214924 0.656543035525829 ex
5708 16.1842886297964 12.2804536607582 9.62812039162964 ex
5709 20.7171971881762 18.8129049974959 9.26983525743708 ex
5710 16.6930372247007 14.9705666173249 0.435147889424115 ex
5711 16.1051379991695 13.6575059590396 6.04373576655053 ex
5712 12.7053189461585 12.2918494930491 5.40123214619234 ex
5713 13.4894484821707 15.4572466646787 10.6853894556407 ex
5714 12.2891921256669 15.6157869654708 9.32174318213947 ex
5715 20.9328531280626 12.4861812007148 2.60226677544415 ex
5716 21.0906036091037 19.5417717040982 2.40533354505897 ex
5717 23.4239450881723 20.5645987768658 3.47538215434179 ex
5718 12.9203947896603 19.6783025101759 4.96690883627161 ex
5719 18.9400525726378 12.4346208029892 0.606365731917322 ex
5720 22.3285568573046 21.547761507798 6.48263105540536 ex
5721 23.6594742385205 14.9655298923608 4.90754745295271 ex
5722 21.6333657812793 13.7710555475205 3.1315510571003 ex
5723 12.1912158699706 21.2832454862073 8.64362716046162 ex
5724 16.4295223241206 13.3204983805772 2.76819135900587 ex
5725 15.437426534947 18.3535791081376 10.5145038084593 ex
5726 21.3273649683688 15.2492037354968 0.646004662616178 ex
5727 18.081423769705 22.1465734401718 3.26922710845247 ex
5728 22.8172596187796 23.3853951205965 9.08371493336745 ex
5729 23.2420897174161 15.1513823736459 8.69686109432951 ex
5730 13.0537547874264 18.7112124748528 5.41711539356038 ex
5731 15.5452377125621 21.2365983901545 8.6206478101667 ex
5732 21.9705048892647 20.8965916880406 8.84345242986456 ex
5733 14.7175032268278 17.1892329405528 7.52923417184502 ex
5734 13.4697728883475 19.0224971184507 6.6866856131237 ex
5735 22.9486494751181 20.7939385019708 2.50785548752174 ex
5736 17.67236992158 14.6409157891758 1.52065083174966 ex
5737 15.120460706763 17.2880412656814 8.55434043519199 ex
5738 23.9421350595076 16.6490588868037 3.55116258561611 ex
5739 23.2734379183967 19.6855477995705 0.602225970244035 ex
5740 18.303250762634 12.8221276369877 8.84842280461453 ex
5741 22.8521146283019 13.8404901090544 8.39874665159732 ex
5742 21.4147705372889 22.4909574347548 3.5379246363882 ex
5743 15.7857190347277 15.9716305264737 0.844896367518231 ex
5744 23.1305052631069 18.4566388654057 9.75547443144023 ex
5745 15.6939323931001 14.1868020598777 9.44272310822271 ex
5746 21.6349812927656 21.168275552569 3.64160511014052 ex
5747 19.5708035819698 13.489042139845 1.19918916327879 ex
5748 12.7430225093849 22.3992471492384 10.5534837804735 ex
5749 14.3562470260076 14.4710024297237 1.21652756794356 ex
5750 18.1187306691427 14.5723097885493 7.73128175735474 ex
5751 14.4990966904443 17.1801751537714 3.32036225358024 ex
5752 14.8198492683005 23.9403672912158 3.16817944264039 ex
5753 22.1138929340523 15.2752780227456 7.96060884138569 ex
5754 13.0721212422941 22.8642517011613 1.89557292405516 ex
5755 22.0649598429445 19.1080056338105 5.56003184197471 ex
5756 13.7126926227938 23.3215052243322 6.70179145247675 ex
5757 17.1006956556812 14.5418608936016 9.4043269851245 ex
5758 15.1524948519655 14.2464450446423 1.6024569014553 ex
5759 19.6193033393938 16.9599923733622 4.49759925506078 ex
5760 21.823964855168 12.7912146123126 9.44262264575809 ex
5761 12.1516563841142 20.7140222867019 7.40679413615726 ex
5762 20.410332969157 17.9311430603266 0.258626437280327 ex
5763 23.8341068385635 21.9659548813943 5.9908967204392 ex
5764 22.622168705333 17.3427186219487 8.05354514741339 ex
5765 20.0749177662656 14.0161362872459 6.72783481702209 ex
5766 16.9775645290501 20.831398825394 7.48212500452064 ex
5767 12.6002525163349 20.5675372444093 2.39825376821682 ex
5768 21.4137413580902 14.8993895193562 11.5107408068143 ex
5769 12.098492334364 19.205473526381 7.38267076341435 ex
5770 15.1186966979876 23.9913666157518 5.11836886662059 ex
5771 22.1827584633138 23.6385444868356 1.56267499667592 ex
5772 13.3129619506653 18.9692378500476 7.25313834054396 ex
5773 13.8849070323631 13.128979283385 4.13278867467307 ex
5774 14.7724186384585 20.8290703613311 3.4204896192532 ex
5775 12.1308808282483 20.3410065381322 9.20737001253292 ex
5776 13.5200624817517 23.911867627874 2.79617383820005 ex
5777 23.127904079156 20.0949553099927 5.03379389131442 ex
5778 18.1978068938479 14.3913069842383 8.0573439009022 ex
5779 18.6493448636029 23.9986885969993 3.78602735907771 ex
5780 19.9289929871447 13.2458639875986 2.80526326736435 ex
5781 14.7533305475954 21.6042791474611 6.08765690308064 ex
5782 18.5986803437117 21.7214229747187 9.67954176128842 ex
5783 15.8683568309061 18.5561277503148 3.09800438722596 ex
5784 19.1145966281183 19.8280216907151 5.9905042136088 ex
5785 13.9540218603797 17.5138722728007 10.5248010675423 ex
5786 22.1645518697333 14.3378983484581 8.28973019379191 ex
5787 15.3949107637163 19.0450636788737 8.88415938825347 ex
5788 15.1302423719317 16.123013778124 9.67569420440122 ex
5789 21.4222736340016 16.2552302475087 9.02368283527903 ex
5790 14.9848430664279 22.2628285121173 10.8632126846351 ex
5791 14.5894502161536 21.373178003123 2.62493280600756 ex
5792 16.6614610482939 14.9332417550031 9.70740873739123 ex
5793 15.2299312327523 16.8023580266163 10.5459371493198 ex
5794 16.224796062801 22.9988286923617 3.70030418829992 ex
5795 20.4265368252527 20.1693547549658 10.0885083989706 ex
5796 17.5218904912472 22.9985656454228 3.14311377843842 ex
5797 12.8243143029977 17.0239674483892 11.9385479283519 ex
5798 19.9653269958217 18.7299835048616 3.92159461602569 ex
5799 16.7918677823618 12.0494833989069 1.69926713057794 ex
5800 15.4152718689293 14.3909276868217 5.95053383265622 ex
5801 20.4058956834488 19.2385346062947 7.04511009692214 ex
5802 21.814438455971 18.6251088608988 2.19663406442851 ex
5803 21.6329162688926 22.4926429342013 5.50458684773184 ex
5804 15.8771953145042 14.8234839064535 0.567977819126099 ex
5805 19.2559500723146 20.0435929291416 7.14799841772765 ex
5806 19.8171544992365 23.8300401747692 0.134980350267142 ex
5807 20.3415533611551 18.3415837052744 4.3725344974082 ex
5808 22.4575602526311 15.3641927642748 4.73310879827477 ex
5809 14.3692904619966 15.3192632019054 7.27272046962753 ex
5810 19.6975506846793 14.7294215331785 3.88073110603727 ex
5811 20.8872088163625 16.5026145926677 5.18790198978968 ex
5812 16.5081351145636 13.4755480093881 4.52515186090022 ex
5813 15.6682168042753 19.1109748415183 6.86133057205006 ex
5814 13.7987020155415 16.8651684308425 10.3900180789642 ex
5815 14.0843454818241 17.922065871302 0.646013912279159 ex
5816 18.8428509330843 18.7369448037352 4.45084051950835 ex
5817 20.1813566281926 19.2900888705626 8.54702232754789 ex
5818 22.4483500996139 22.600611200789 8.89761076704599 ex
5819 13.0818330920301 15.8263610042632 3.41733254282735 ex
5820 23.6434729942121 14.012196942931 10.5437559073325 ex
5821 22.0460921113845 13.8154415232129 10.7521383452695 ex
5822 14.1318450039253 21.283873858396 7.73026666790247 ex
5823 19.1438375427388 18.3439601366408 4.64827789925039 ex
5824 22.0774590370711 18.7619801494293 1.37436426128261 ex
5825 13.6830798049923 17.2988490764983 2.02624655235559 ex
5826 17.9535578177311 19.9585080239922 10.5710375846829 ex
5827 18.025989589747 13.8968446231447 1.50296420720406 ex
5828 23.005719372537 15.7615855524782 1.674818177009 ex
5829 19.3816108326428 21.56601135456 0.387455838033929 ex
5830 19.2172227448318 16.1350491293706 9.14149614679627 ex
5831 12.8675942965783 15.0292115197517 0.279040818102658 ex
5832 12.552112485515 18.4444233712275 9.41056089056656 ex
5833 17.3391928446945 16.7374716245104 9.15385627164505 ex
5834 22.2593758758157 19.1209410370793 2.58928974927403 ex
5835 17.5643835798837 21.309013948543 11.7968172754627 ex
5836 17.3835139574949 21.1202257424593 10.4993404233828 ex
5837 13.9292458430864 20.2812149021775 3.81634293217212 ex
5838 20.4949724171311 13.1158207717817 11.7580924071372 ex
5839 13.3335384083912 12.8099394957535 0.453307733871043 ex
5840 20.9619119653944 20.8759082003962 8.54499291628599 ex
5841 22.4987925572786 21.6118118725717 0.354772355873138 ex
5842 15.4935088180937 12.4886774166953 2.35001960326917 ex
5843 16.5187064572237 15.5739985276014 8.74854675121605 ex
5844 23.567847839091 13.0953641952947 2.61251675290987 ex
5845 12.0462713753805 23.3051071290392 2.98789476812817 ex
5846 20.7347294064239 18.8943300365936 6.89654177729972 ex
5847 17.0952803979162 19.9875834342092 5.33600517129526 ex
5848 21.4256672016345 23.7813983354717 8.38985572871752 ex
5849 12.1449379436672 20.0999071446713 1.47166640427895 ex
5850 17.7015599524602 12.6136393432971 3.44334825966507 ex
5851 18.2159198559821 21.3367079051677 3.84231890831143 ex
5852 12.7229475006461 12.446134025231 6.37969135050662 ex
5853 14.6120718445163 20.8330557632726 6.97762698563747 ex
5854 23.4703405234031 20.9113012230955 6.2251276569441 ex
5855 19.1160572154913 18.3946401660796 7.61981637659483 ex
5856 19.997988109244 12.475820040796 7.29813244030811 ex
5857 13.2710462268442 16.0304674534127 2.65428037662059 ex
5858 13.8069539754651 18.7175164669752 0.941500130109489 ex
5859 15.3016326185316 21.1132808965631 2.25742634455673 ex
5860 23.0553643682506 21.6934114929754 8.07470660516992 ex
5861 17.3656696430407 22.8421213824768 6.85753146512434 ex
5862 16.3918500258587 23.7275613441598 5.32388074463233 ex
5863 14.0412646185141 20.3910722485743 4.91192282526754 ex
5864 15.8496613898315 12.2175263012759 3.98964940826409 ex
5865 17.941676543327 13.1802831760142 8.98777619330212 ex
5866 13.2781546697952 19.6131116859615 4.22741482127458 ex
5867 19.7856188248843 13.6936532037798 9.11246232572012 ex
5868 19.2341873636469 15.5464189499617 7.01193378958851 ex
5869 23.2919993340038 19.1824508833233 5.77257435373031 ex
5870 22.7453685116488 16.4519949501846 0.778499680571258 ex
5871 19.8742954949848 18.984017620096 2.80259227892384 ex
5872 21.5187249577139 19.8000303227454 5.57622466911562 ex
5873 18.4516192174051 12.0577880006749 3.09262894606218 ex
5874 19.5108179466333 21.3166499624494 7.51369021832943 ex
5875 12.8228799025528 17.504794923123 8.70589310512878 ex
5876 20.6478998672683 17.5094299535267 4.379682863364 ex
5877 23.4503367287107 22.3628095572349 10.9797297157347 ex
5878 22.1328894388862 21.0449459205847 1.82768051000312 ex
5879 21.3360134942923 20.5718455398455 5.38308256561868 ex
5880 23.9653010838665 14.3562273138668 0.977391856024042 ex
5881 12.7600984252058 14.399608341977 2.96537298033945 ex
5882 17.0786780458875 16.739993267227 1.90396475768648 ex
5883 18.6605361110996 13.7158284592442 10.430807746714 ex
5884 16.5449161650613 21.3491560178809 8.98224763642065 ex
5885 23.2007604045793 13.9499112458434 9.463147230912 ex
5886 23.6707988299895 18.0624832983594 5.34347005654126 ex
5887 14.318445734214 18.9955619680695 3.31434062332846 ex
5888 18.4657613483723 14.8795729570556 6.51838645664975 ex
5889 16.6169407509733 19.2857579172123 4.6586152089294 ex
5890 16.4325238072779 23.2069463203661 9.60953532648273 ex
5891 23.8494615594391 12.0626394669525 1.46078190859407 ex
5892 15.0390051642898 16.023644011002 0.463290304178372 ex
5893 22.4230150200892 21.2980992698576 4.22141674300656 ex
5894 19.563825976802 22.9032888263464 3.11666495678946 ex
5895 12.5000045998022 13.16802861006 4.86233523488045 ex
5896 14.0620498196222 19.2004095909651 8.98734235204756 ex
5897 20.9785710917786 23.9485199279152 4.54045207542367 ex
5898 21.6534344248939 22.0048586828634 7.9147100104019 ex
5899 15.4168271310627 20.7391373231076 1.600065829698 ex
5900 19.5265172633808 12.1435075120535 1.77943345648237 ex
5901 14.8506211615168 22.9461007104255 8.06692921021022 ex
5902 22.8665364275221 20.8970539662987 9.32512985332869 ex
5903 18.118771849433 19.9651550324634 3.69075759500265 ex
5904 12.7785132497083 12.8473367935512 4.67209589364938 ex
5905 23.1389795485884 23.4188938394655 6.55126328044571 ex
5906 13.6087754755281 14.5365587749984 2.29318753560074 ex
5907 15.0447998831514 15.3178411074914 1.66618546610698 ex
5908 23.4255958818831 23.9745911513455 9.58303918642923 ex
5909 23.024936030386 23.8283042553812 2.70746831968427 ex
5910 23.9997176597826 13.1597130061127 10.2976503439713 ex
5911 16.5937879951671 18.9865845099557 4.13456301763654 ex
5912 13.3974763313308 19.4788921349682 11.3241883569863 ex
5913 21.6189698588569 15.9374224457424 2.63469111337326 ex
5914 15.339957724791 21.160255426541 6.28573392610997 ex
5915 20.4870318360627 19.0911053977907 0.865849465597421 ex
5916 15.2136039184406 22.9517194959335 0.883214249042794 ex
5917 22.5722994282842 13.9970411250833 1.45641047251411 ex
5918 22.6175665669143 15.1597227656748 8.49215930164792 ex
5919 17.6291632514913 18.2256131481845 2.23304705717601 ex
5920 19.3831966838334 12.1363955272827 5.94381565437652 ex
5921 15.1018947102129 12.8903037880082 10.4555507150944 ex
5922 22.3644060711376 18.2432076374535 2.65801059873775 ex
5923 15.7300207803492 13.7904804591089 7.00462512206286 ex
5924 15.8014429819304 16.5906053453218 11.6913608873729 ex
5925 20.9326940574683 23.3598630710039 8.20722662541084 ex
5926 18.8385311088059 19.0970534475055 11.5430704702158 ex
5927 23.5077690090984 13.7396017445717 11.4643063822296 ex
5928 21.516420973232 19.1442080999259 8.06138223549351 ex
5929 21.0407974040136 19.1250176175963 1.54295166675001 ex
5930 14.2102819103748 16.0959871346131 7.07729427772574 ex
5931 21.2473859693855 15.5071287485771 1.4022669296246 ex
5932 21.8881488109473 12.7510236739181 7.746807921445 ex
5933 15.6658798572607 19.2511878490914 7.76221094257198 ex
5934 18.8123414730653 13.8376109641977 4.27551664109342 ex
5935 22.4770263116807 23.4941486590542 3.14773848373443 ex
5936 20.1228557270952 12.0129070358817 1.40937350899912 ex
5937 13.3647244018503 21.544342510635 5.00356859294698 ex
5938 21.4490875350311 16.9967850930989 1.69916936638765 ex
5939 20.6285428605042 12.9308507149108 5.49313082522713 ex
5940 18.0669541994575 20.6257700026035 4.39007626590319 ex
5941 19.1145109047648 15.0259903960396 11.9532946888357 ex
5942 13.3341505129356 23.9061138911638 7.32015156978741 ex
5943 21.5409713485278 16.0530024168547 2.95293782930821 ex
5944 15.8496880091261 17.9383301774506 10.4676658988465 ex
5945 12.5900067233015 21.2341941397171 10.5280011680443 ex
5946 21.5367352224421 13.7520226528868 2.43336403835565 ex
5947 22.0816545677371 21.3487496266607 5.08796703838743 ex
5948 12.168284030864 18.6070518177003 0.416934174252674 ex
5949 14.9941363355611 18.8231653750408 1.10386871849187 ex
5950 12.4763922775164 19.9002208940219 0.079701688606292 ex
5951 13.4873952744529 21.4206400332041 7.85800780379213 ex
5952 13.7528885619249 23.7912326154765 5.87443438568152 ex
5953 14.8860970123205 16.8326911667828 0.314313840353861 ex
5954 18.8239303375594 19.7323015832808 8.07037088321522 ex
5955 17.6519851794001 20.0428276718594 6.98742250609212 ex
5956 20.6606755258981 23.7688245321624 10.6538681990933 ex
5957 12.8203723393381 17.0805576841813 6.71545252669603 ex
5958 12.3125386608299 19.2451429187786 5.55500892084092 ex
5959 18.8964900302235 23.5803978268523 10.7069594282657 ex
5960 14.8340874512214 18.7706380670425 6.63065467216074 ex
5961 21.8202749325428 21.4022625400685 10.8210056503303 ex
5962 23.9360068459064 22.6948104079347 6.50144464452751 ex
5963 23.0257944853511 20.6032943853643 7.76926960330456 ex
5964 18.9190879708622 17.4122221679427 8.875832086429 ex
5965 15.6105091965292 22.8771366006695 5.21965358383022 ex
5966 17.859986893367 19.2340173949488 7.86621331400238 ex
5967 20.3045042094309 14.5862755230628 9.20388205768541 ex
5968 18.8113387904596 21.4217335537542 2.74946463643573 ex
5969 23.7168180297595 14.8744747852907 1.04203550959937 ex
5970 22.6833042872604 13.4417386720888 3.87365913274698 ex
5971 18.6848501500208 14.5773308498319 3.88093631947413 ex
5972 23.9412751966156 12.9638410676271 4.80270737595856 ex
5973 20.3360778801143 16.7221967673395 1.71184923010878 ex
5974 17.3607912922744 14.4670011855196 5.58744775271043 ex
5975 22.7693007243797 17.9007265141699 2.9473063882906 ex
5976 21.0382435643114 23.6151312415022 7.83297203178518 ex
5977 16.6236075821798 21.5456675153691 2.31635618489236 ex
5978 20.6235697409138 17.1237279416528 5.47729733167216 ex
5979 23.2912520209793 17.8131953116972 3.24950789171271 ex
5980 22.6844023612794 12.7632401711307 9.83867807826027 ex
5981 21.441413070308 13.0644302603323 8.12731216102839 ex
5982 16.2660594072659 12.3072309843265 3.78558457060717 ex
5983 17.830205550883 18.9994816775434 9.04577535111457 ex
5984 16.677064551739 19.2304875138216 8.45502933021635 ex
5985 13.1141403156798 20.1723707744386 6.96145357354544 ex
5986 13.2115538571961 13.3877285039052 5.45500550419092 ex
5987 23.2261456032284 15.3614380913787 9.02103716833517 ex
5988 21.2664208959322 23.2210682281293 11.3469351453241 ex
5989 23.4988911866676 17.118731694296 5.09636374469846 ex
5990 20.5932253454812 15.5700446062256 2.05125218327157 ex
5991 13.9418715580832 14.8397697710898 9.26490533724427 ex
5992 20.0324759138748 20.8396378236357 3.80505614914 ex
5993 14.6438844550867 16.3277849252336 6.93745435145684 ex
5994 15.5060879043303 18.3611415945925 11.9381607598625 ex
5995 17.1782970682252 23.6913395547308 8.85769987013191 ex
5996 18.2596031380817 19.4815806141123 6.30264633824117 ex
5997 22.1602549296804 13.7539004459977 0.116389978677034 ex
5998 16.5451161765959 21.2836250965483 6.1193594976794 ex
5999 19.1063600298949 17.973459810717 11.3194370653946 ex
6000 18.504545846954 23.3987488113344 6.10096748452634 ex

