# 5000 of 40000
# Minimum x: 0
# Minimum y: 0
# Minimum z: 0
# Maximum x: 36
# Maximum y: 36
# Maximum z: 36
# <local id> <pos x> <pos y> <pos z> <type>
# Number of local subdomains: 1
# Local subdomain 0 boundaries (-0, 18, -0) - (18, 36, 18)
1 3.30608765874058 29.1757494213525 4.14634982706048 ex
2 14.4453540153336 22.7895087259822 14.7375946429092 ex
3 1.4927430881653 25.9247762006707 17.4637251463719 ex
4 0.166319940704852 32.9208379129414 13.5866754965391 ex
5 1.63410581392236 30.1396132684313 12.9154844882432 ex
6 4.50233242497779 18.5784909240901 7.29261462297291 ex
7 6.27518765814602 20.116986670997 5.79234620649368 ex
8 9.36249203793705 26.9878684915602 3.07799399388023 ex
9 2.6919114314951 29.2495868057013 11.4324190856423 ex
10 17.0813011894934 22.2502579407301 1.73973626527004 ex
11 8.08735104766674 21.2789935970213 7.23147692065686 ex
12 2.73328588809818 23.0267465345096 4.8460723599419 ex
13 4.01756911748089 27.0769648866262 3.15793184423819 ex
14 7.64786077663302 22.3875307058915 17.7821684107184 ex
15 17.3863243621308 20.4297160836868 10.5790154801216 ex
16 2.71334481541999 32.7014408158138 3.86138808564283 ex
17 0.49980689259246 30.8277763337828 11.7024604100734 ex
18 9.71911768848076 18.3866317395587 14.4015186713077 ex
19 5.46786610083655 19.4488116984721 9.34279408212751 ex
20 12.8240294489078 35.8706561145373 5.44346798630431 ex
21 15.095547772944 22.6028125972953 17.7447681098711 ex
22 6.46915532345884 32.0993290168699 16.6658734171651 ex
23 12.8184670500923 35.3661298977677 10.3221913028974 ex
24 2.73946292628534 31.472546317149 10.5757596367039 ex
25 12.1311686446425 18.9219619799405 8.00183089310303 ex
26 1.80392905254848 19.1221761123743 5.69320157147013 ex
27 5.24900936265476 27.4134619620163 2.10262863105163 ex
28 6.59344070916995 27.981887265807 16.6870379028842 ex
29 17.0042668557726 24.6536532009486 15.4726958130486 ex
30 14.4623051625676 34.0245453170501 8.71977499499917 ex
31 9.94010719610378 24.2794922692701 11.4008361378219 ex
32 1.35818999190815 27.9238449465483 9.69840775779448 ex
33 11.0964463797864 27.1954221543856 15.4755490834359 ex
34 9.02235672739334 19.0445129405707 8.73312773648649 ex
35 15.8552046231925 24.4471794932615 12.8947129773442 ex
36 9.72929606144316 26.3247543494217 12.2602018713951 ex
37 2.35316665726714 26.7278923115227 6.89128955849446 ex
38 9.27557794121094 32.6725700292736 6.73704668041319 ex
39 1.24742298596539 23.2561466183979 11.0396477817558 ex
40 17.9915995879564 32.6469321150798 3.16593991802074 ex
41 6.85092180361971 28.2443311407696 14.2235468248837 ex
42 11.2267709160224 18.3427400393412 17.6343552728649 ex
43 10.7583086965606 24.152509393869 17.1450893459842 ex
44 5.85567090450786 22.6044516302645 12.4901363190729 ex
45 10.2449717177078 31.0624150189105 12.2295607160777 ex
46 1.36446780688129 29.9491685607936 15.8992731445469 ex
47 1.858312320197 26.0206016560551 14.7470763965975 ex
48 8.27437832462601 26.263224465074 6.03575872187503 ex
49 7.55734043638222 22.8406078936532 16.3750749963801 ex
50 9.69033653382212 33.405370429391 5.89753866894171 ex
51 4.13965216325596 33.1014871103689 17.0245358443353 ex
52 4.46020070533268 34.088444449706 6.51582519058138 ex
53 7.20121797686443 28.1786149565596 3.58373448741622 ex
54 7.48540902626701 26.2421618076041 9.62966444250196 ex
55 5.79171489994042 25.7045444797259 1.61264905752614 ex
56 0.263008947484195 35.5671960844193 4.30156094976701 ex
57 15.4587154581677 35.4368734767195 8.71015700837597 ex
58 11.6788809429854 30.5217244469095 8.44105212297291 ex
59 16.9412870972883 20.3117470580619 1.64528028969653 ex
60 15.7971673628781 18.5191493108869 9.03781893989071 ex
61 0.367892972426489 21.5962185265962 8.20971361570992 ex
62 6.61490579415113 20.4163101706654 2.00719886110164 ex
63 9.60980287799612 23.8813199528959 1.3096264351625 ex
64 5.37108912342228 20.9324394974392 3.51242255815305 ex
65 11.3438582997769 32.6668474092148 5.50750745600089 ex
66 8.51496922643855 35.9482908076607 11.9815643457696 ex
67 17.6716148229316 30.7436185376719 10.3602385025006 ex
68 10.2703057499602 26.7997505781241 4.54205157235265 ex
69 4.37345997197554 29.0433419386391 1.74815595149994 ex
70 8.28497349703684 24.1490451924037 2.2131453352049 ex
71 6.9566912164446 27.0506933501456 8.15968889114447 ex
72 7.18594013387337 26.7421502862126 14.1933303731494 ex
73 14.7778204705101 28.2423345297575 5.31979661970399 ex
74 1.01989996875636 25.7596533815376 1.04423276684247 ex
75 12.4384693540633 21.5611606270541 10.0145479380153 ex
76 5.17775177070871 33.5085399695672 9.44494366832078 ex
77 11.8954180087894 32.7045227400959 12.4041056367569 ex
78 0.903878327691928 23.2791253693867 1.89347155462019 ex
79 13.7528748414479 21.7668956238776 7.88883533840999 ex
80 17.9808484190144 33.1181857290212 12.8241581285838 ex
81 0.245953135890886 33.2482202476822 9.76640687370673 ex
82 14.7161645498127 24.15281492332 6.40861998661421 ex
83 14.5828334253747 20.0120206982829 10.3489977018908 ex
84 17.2923365430906 18.3903480942827 13.2268417715095 ex
85 3.75613147253171 31.0678815636784 6.57405166514218 ex
86 9.49981494084932 19.9500288926065 3.26062638219446 ex
87 5.75765262288041 23.3613685381133 15.4907002593391 ex
88 7.44969496689737 35.8787672221661 16.3676856299862 ex
89 17.1492894422263 22.0734969431069 7.83808544371277 ex
90 3.96864669048227 27.4073637221009 16.8482961133122 ex
91 3.12278577359393 18.343851673184 6.17614372749813 ex
92 15.8072078207042 24.9672478374559 5.39983693393879 ex
93 3.33513409108855 25.8113212708849 0.029615901177749 ex
94 14.8663303148933 24.8536298144609 10.4961755021941 ex
95 4.05913609568961 26.8677860200405 13.288527456345 ex
96 14.7557661528699 28.966839004308 15.5181465137284 ex
97 13.4964029961266 27.1986769144423 3.61010443791747 ex
98 13.393766593188 27.8474947612267 11.7594161832239 ex
99 11.093553106999 30.375642800238 10.7871019595768 ex
100 9.46427917550318 24.4197910372168 1.03705850848928 ex
101 4.63076623948291 18.3699152839836 12.9563330793753 ex
102 4.77670572465286 31.5573185207322 17.066832853714 ex
103 2.01451210398227 27.6943043970969 0.759951171232387 ex
104 14.4581685899757 24.9799265149049 1.82718161889352 ex
105 7.93363927095197 24.3118647262454 5.00068172463216 ex
106 7.82713380153291 25.430339808343 14.3218968361616 ex
107 13.0000417043921 26.8801851556636 13.4983384381048 ex
108 12.7563679325394 24.9699968579225 7.80968138296157 ex
109 7.05003386549652 22.3191953783389 15.0043124314398 ex
110 7.83628949755803 19.7562919799238 5.04199999477714 ex
111 3.80607150611468 26.0286295702681 3.94599996483885 ex
112 16.2876469986513 34.7302704281174 16.0051434186753 ex
113 10.0480263433419 29.4716966818087 1.80334981437773 ex
114 1.48818077286705 33.6277581844479 3.04496630397625 ex
115 1.59686831641011 23.1226834605914 17.984230724629 ex
116 14.3780588477384 19.6414622077718 3.03485917975195 ex
117 16.2490537569392 34.4721534228884 5.59226739103906 ex
118 6.72277193237096 20.5700485922862 16.5734921358526 ex
119 13.6888614338823 22.7778674182482 1.08448355761357 ex
120 16.1152662937529 19.2143281577155 12.8084843286779 ex
121 3.23236324614845 20.0578281821217 10.48431068426 ex
122 13.24670039583 35.4238915101159 7.00536090810783 ex
123 7.6196597609669 21.5578598922584 15.7883712488692 ex
124 7.99866914749146 22.2079869394656 3.73674080753699 ex
125 5.0047520773951 29.2889077130239 4.72345908591524 ex
126 15.1069639115594 35.3639437835664 4.82745224121027 ex
127 9.07961661671288 20.4586106622592 16.8117613806389 ex
128 12.2503221041989 32.8543846332468 7.54922564979643 ex
129 3.97367094736546 21.0360238971189 5.2800651169382 ex
130 0.686357447411865 25.7031848581973 8.33593284618109 ex
131 6.92020230763592 18.1726726195775 5.95864504086785 ex
132 17.1402990706265 32.7120417768601 0.787093083839864 ex
133 10.1917377209757 20.9815197596326 12.3477563615888 ex
134 2.7768968497403 31.2390694820788 8.20476524392143 ex
135 10.1184238973074 22.8218252679799 5.81709415395744 ex
136 9.17586736241356 27.8196546991821 9.42474562651478 ex
137 9.89994566468522 21.3420275712851 8.8876793186646 ex
138 3.44992940267548 23.9485604399815 10.1950592580251 ex
139 5.00369400158525 18.7383667558897 5.29206539457664 ex
140 13.0328227817081 23.6714515504427 5.60809010290541 ex
141 1.25609002402052 30.0644362065941 5.40712142549455 ex
142 13.9553594808094 33.9504981401842 10.0233018747531 ex
143 6.802910548402 30.2039182805456 1.26127817714587 ex
144 10.8089220577385 33.0778308873996 17.6029097547289 ex
145 3.56889119185507 32.0258414864074 5.40916220098734 ex
146 5.7696718943771 35.8458469668403 4.79513639095239 ex
147 16.1360026323237 33.2437046519481 16.6966978556011 ex
148 2.88774162507616 30.5500296701211 3.70247934409417 ex
149 12.7486952124164 33.448615024332 2.4968227406498 ex
150 13.1104879293125 27.4680550280027 4.8966905628331 ex
151 8.77687412663363 24.1168300895952 8.66668088012375 ex
152 10.1624845664483 26.2223139051348 1.38312123832293 ex
153 4.68764594895765 19.6278129082639 5.54499961086549 ex
154 17.1927602570504 24.2373405634426 17.8686576329637 ex
155 12.5353520920034 33.7534077309538 3.64745582267642 ex
156 1.51408467022702 26.6025482178666 9.6911045263987 ex
157 8.77883201395161 20.4223414121661 1.57614964363165 ex
158 14.387188317487 18.4307973289397 6.15750408917665 ex
159 9.57277481909841 28.6558160011191 4.45194525644183 ex
160 7.83214963157661 32.171632954618 7.27698364038952 ex
161 2.98463093000464 27.2510605335701 8.1327677576337 ex
162 17.1506399700884 22.3707257215865 9.60792477917857 ex
163 1.47888385341503 32.0431457122322 7.64578301506117 ex
164 13.0555520129856 25.5868986570276 4.16121635469608 ex
165 12.7543113005813 31.2661980290432 11.1783086797222 ex
166 5.25224333954975 24.6209472273476 10.0394348618574 ex
167 13.3303219717927 21.7875661512371 12.6832621828653 ex
168 16.282593219541 20.2238191436045 6.93785025388934 ex
169 3.17522591724992 25.8339068472851 10.1363945440389 ex
170 5.10663301451132 29.6591127838474 2.95733511541039 ex
171 6.13960393378511 18.851610228885 7.1572016957216 ex
172 10.1876926044933 20.3691094648093 6.74539096979424 ex
173 5.03010137192905 19.7610187730752 10.6338033305947 ex
174 9.40786139038391 18.8264333715197 3.05388811696321 ex
175 11.5348167219199 29.3444420888554 7.98837960138917 ex
176 0.404370719799772 30.6604531318881 16.562407104997 ex
177 6.17427318403497 33.6486708270386 16.4785172019619 ex
178 4.92126780725084 22.9205242968164 3.51399321411736 ex
179 0.582436668919399 22.9294910479803 13.4416063823737 ex
180 8.90966661204584 26.1621787000913 15.6288432674482 ex
181 3.10646107699722 31.7014636090025 8.13105340651236 ex
182 15.4977083562408 28.1505685499869 14.1284829792567 ex
183 12.6420255308039 23.6835413200315 8.86511635989882 ex
184 1.31019498151727 20.4806387035642 11.6154254199937 ex
185 16.6185405112337 29.8983186767437 8.79962733550929 ex
186 6.01890403404832 35.3854211163707 9.86955447192304 ex
187 17.768189962022 22.1926126708277 0.454117100918666 ex
188 14.0672858704347 22.2097215242684 16.2058691496495 ex
189 6.16010780353099 31.6616702834144 7.81618352560326 ex
190 2.09774429444224 34.2529267058708 0.859997309744358 ex
191 0.339476817287505 34.6248874559533 11.2152714447584 ex
192 16.5290953584481 30.9338999050669 8.74078549072146 ex
193 15.4334344617091 24.6413969488349 17.1616863887757 ex
194 16.0174377916846 24.5911250154022 6.29907519719563 ex
195 6.71762331621721 26.5245531979017 7.30717640998773 ex
196 5.29975275765173 28.3588297262322 0.422811963362619 ex
197 15.208358948119 33.1618663081899 2.73439065995626 ex
198 7.91612748033367 34.5630050948821 7.64320695446804 ex
199 12.5167994638905 18.2503309512977 9.94605189235881 ex
200 5.07773635908961 32.9195027577225 7.29186423588544 ex
201 11.4467613412999 21.6645519665908 2.63234929833561 ex
202 3.20176652818918 21.8067186770495 15.8791210791096 ex
203 2.17481568874791 28.3192532472312 4.24176639085636 ex
204 12.4986611669883 31.9708673765417 0.311377029167488 ex
205 0.629437791882083 34.5242281097453 10.9753819471225 ex
206 15.3303694855422 22.5100554882083 13.1503739962354 ex
207 2.23420291510411 32.1660538543947 15.1673837380949 ex
208 2.43614832079038 32.3781746772584 1.77471814118326 ex
209 12.9914632418659 27.6641901510302 2.78729355731048 ex
210 17.9980594827794 30.2565412677359 5.83180188923143 ex
211 6.50652033952065 27.5527516214643 7.22321730107069 ex
212 14.8760973932222 24.9761672345921 9.82759593240917 ex
213 10.6774840366561 27.2849261970259 5.14700902695768 ex
214 6.43152225506492 29.3355724690482 6.1872833489906 ex
215 16.3054310188163 21.9865858727135 15.3839264307171 ex
216 0.906916878186166 35.9976429974195 15.3356956581119 ex
217 5.02991864108481 27.1057898250874 8.69339518598281 ex
218 7.22271448699757 24.3958508262876 16.5077204308473 ex
219 7.7676815467421 25.8804163068999 15.2057756669819 ex
220 17.6860302188434 19.6014361530542 7.35507133952342 ex
221 12.6081303083338 30.2958079688251 13.4302865543868 ex
222 1.28762908629142 35.8646072715055 12.5411765675526 ex
223 8.60978165618144 25.2593085789122 13.3176226711366 ex
224 0.79724626801908 18.9359982474707 16.9911308099981 ex
225 8.84797504753806 18.9763616262935 17.9214199255221 ex
226 8.41321635339409 22.780780895846 8.97368722013198 ex
227 4.65937830973417 28.8045594340656 11.2172965232749 ex
228 7.39404116035439 25.4358572971541 4.19033452239819 ex
229 11.0967845774721 23.0154680015985 8.55827294616029 ex
230 16.8193725303281 20.6915412365925 3.08922953112051 ex
231 17.7321270627435 19.6093394113705 17.8375042839907 ex
232 17.8329089605249 21.155025615124 4.12026455299929 ex
233 15.3404300033581 28.5359775845427 4.05534224654548 ex
234 4.0380128941033 35.3481323521119 15.9655618926045 ex
235 7.32925379043445 34.7671596033033 5.68092836765572 ex
236 0.607123565860093 33.4085748088546 3.0209870042745 ex
237 14.4838292433415 25.6745313582942 6.76793961646035 ex
238 14.5088986831252 20.2780973429326 15.4627689893823 ex
239 5.24623861932196 18.1334653543308 15.7888527503237 ex
240 10.7947119672317 34.0684423644561 5.7072531923186 ex
241 9.55635972856544 23.6724273681175 16.9169081803411 ex
242 0.769339008722454 25.8853111159988 12.9336046101525 ex
243 12.7387986308895 27.2449913760647 4.19757009251043 ex
244 9.5529335392639 31.3910195438657 11.6145733338781 ex
245 17.1087394896895 29.6859865381848 11.8020488382317 ex
246 6.28096373728476 24.9202163440641 2.19158936408348 ex
247 2.98824964929372 33.2275692333933 2.41273948177695 ex
248 0.768878954229876 20.317340543028 9.84442550642416 ex
249 12.7741652633995 19.2979999433737 7.02541628596373 ex
250 1.37569917016663 18.2482369239442 15.171155707445 ex
251 11.2741721831262 22.1783319995739 2.59611402754672 ex
252 9.13524378440343 30.0743906707503 14.7964464677498 ex
253 15.8712949629407 22.5543593417387 6.20251730456948 ex
254 13.1639918547589 21.4001080207527 9.40110941370949 ex
255 10.675945013063 32.8432502893265 6.74161300389096 ex
256 2.77370085171424 21.5421605170704 1.59256468270905 ex
257 12.0747308668215 27.312299329089 12.6868985875044 ex
258 2.01862602611072 30.6263358539436 5.36474834289402 ex
259 12.3742597238161 26.2471080166288 9.18576983665116 ex
260 3.60774098010734 19.3574023139663 2.45481014368124 ex
261 17.8592094846535 18.2393706638832 1.65532805724069 ex
262 5.28783515607938 18.1941257547587 13.3429963926319 ex
263 9.19838221091777 28.0369355767034 5.98917251825333 ex
264 11.4496310523245 34.3543313029222 5.49941590265371 ex
265 4.7245805519633 23.3813167451881 8.20755154080689 ex
266 15.3658324673306 29.9535756367259 16.3934464652557 ex
267 2.83642690069973 25.1258702592459 3.90576931810938 ex
268 4.96238396898843 30.6482276960742 6.7489383907523 ex
269 10.1635433288757 30.6558248372748 5.95906145381741 ex
270 7.81852740817703 23.8962251727935 0.492196904495358 ex
271 0.613316011615098 22.7505800987128 2.26218010578305 ex
272 7.11650463449769 20.2459100047126 17.7438573648687 ex
273 1.72459407779388 29.1833192347549 2.07111513242126 ex
274 5.62936467374675 27.8243457109202 15.9328533452936 ex
275 14.2201412327122 25.9005554781761 10.0484019082505 ex
276 3.02978711365722 34.8334714095108 3.71141220116988 ex
277 9.3039744021371 24.47704480635 6.75070662051439 ex
278 0.579542054794729 29.6613829329144 5.22296958509833 ex
279 5.22081716661341 22.0414074042346 6.26074922666885 ex
280 4.8503243336454 24.3852087405976 7.97311718063429 ex
281 8.0029699166771 22.6208120610099 11.9493456603959 ex
282 9.01991758169606 22.9071586374193 0.37542762234807 ex
283 17.7993541397154 18.1856771539897 14.1449242169037 ex
284 10.6620751703158 25.5491019545589 5.01380353653803 ex
285 10.7043932334054 34.4917543313932 7.32459477800876 ex
286 15.2175484404434 27.6075946143828 11.2882244887296 ex
287 2.46102148061618 30.1152143320069 16.8414171456825 ex
288 9.27867794805206 21.3300428236835 10.1502433803398 ex
289 10.928226091899 29.5791150089353 16.0303593401331 ex
290 16.7257109344937 32.2835996188223 2.68168029305525 ex
291 9.70876326877624 31.2049662256613 13.1107066706754 ex
292 3.11571490229107 30.8614278407767 5.31288155028597 ex
293 15.7819329947233 25.0877693300135 16.3943616207689 ex
294 3.21038187574595 31.2881405951921 15.0094659624156 ex
295 8.34773612371646 23.8526825783774 11.2022616460454 ex
296 12.6176086154301 29.58397522429 3.20601559360512 ex
297 9.93770945188589 22.7523144336883 10.5039646159858 ex
298 12.9710849421099 21.402280228911 16.7096254671924 ex
299 14.366136824945 35.4175645424984 11.3459814256057 ex
300 9.36418729601428 31.0574322273023 12.279915605206 ex
301 6.73339705751278 23.2555866166949 11.509473425569 ex
302 15.0670267927926 20.8500546405558 14.5323493550532 ex
303 12.138519737171 29.7470189675223 8.46257620025426 ex
304 8.08393290219828 18.9319657699671 5.72913063084707 ex
305 15.4671477533411 35.9911628921982 2.33339382777922 ex
306 6.21695945062675 34.0850903091487 11.9680873046163 ex
307 9.09369430388324 32.0713076393586 5.56242851167917 ex
308 4.11562126409262 30.8611582478043 5.13931042095646 ex
309 14.4301640053745 22.5742136347108 0.025723444763571 ex
310 13.381497040391 29.1906806020997 9.90468955948018 ex
311 12.1255142304581 22.9982688035816 14.5468123708852 ex
312 15.3922055866569 29.5380199889187 12.4146685276646 ex
313 15.4661555106286 30.6151195683051 9.93810331611894 ex
314 11.0547455707565 31.3199440687895 6.97406853968278 ex
315 12.1112095767166 23.4843742107041 12.9998102686368 ex
316 13.5993113394361 34.2091644948814 16.3612922278699 ex
317 15.8914360641502 28.4409200476948 9.35043569770642 ex
318 14.5763094327413 31.3040482359938 0.777107367990538 ex
319 1.94412691146135 31.1505148713477 8.57000658917241 ex
320 2.63150773569942 31.2526269017253 11.0155849477742 ex
321 12.617717825342 26.6946136432234 14.3987125616986 ex
322 3.80184773379005 28.1554243785795 4.08255169680342 ex
323 6.4392741441261 25.250206847908 4.1544704278931 ex
324 12.7777377259918 28.7150181354955 3.98794862790965 ex
325 7.90261246729642 25.5896601423156 16.8543540099636 ex
326 14.8673987844959 27.60390686756 11.8301105254795 ex
327 13.3590409355238 31.4111905836035 8.03982125129551 ex
328 2.9029167231638 32.4261496735271 11.7872787215747 ex
329 15.2468029691372 24.1914378653746 10.3819512436166 ex
330 16.9285203311592 28.6885834671557 3.91729328292422 ex
331 5.65178678045049 31.1657405227888 7.14090996677987 ex
332 3.80771537707187 27.6750675127842 2.81288441200741 ex
333 14.7714123046026 28.6274489846546 0.30876723327674 ex
334 11.1621674476191 34.5351110894699 0.335246199509129 ex
335 9.00331215630285 23.6676972692367 8.02066974691115 ex
336 16.7581135097425 22.556435612496 11.5663061179221 ex
337 2.70942810876295 20.2826401581988 11.03157105227 ex
338 13.4278017943725 19.5406899582595 3.83012538496405 ex
339 15.1662513157353 35.4945217631757 0.351746684173122 ex
340 11.6711593731306 33.2655146887992 2.52291208133101 ex
341 3.62550280313008 28.3698853275273 14.8399991702754 ex
342 9.23400649894029 19.5163117423654 16.3222126481123 ex
343 1.96574998041615 27.4148498252034 1.93380091176368 ex
344 15.489692297997 32.2323842213955 0.488705566851422 ex
345 7.98763784416951 26.5086513301358 13.6861492944881 ex
346 8.06858519231901 23.9488479723223 16.5876132361591 ex
347 3.08646102971397 27.953849735437 13.6781360839959 ex
348 14.3333982105833 26.6638956789393 17.6154473153874 ex
349 0.161077397176996 26.3843538423534 4.11374732269906 ex
350 1.68457883410156 21.7571816372219 11.4670278781559 ex
351 12.6343100960366 33.1636002541054 13.6870337070432 ex
352 3.57917044358328 33.5039889477193 5.89120125770569 ex
353 4.53622465534136 29.9633809933439 6.92171239666641 ex
354 14.7533015783411 24.4287463771179 15.1079206827562 ex
355 0.136333653237671 32.6978751397692 6.1947985177394 ex
356 7.48728940938599 19.153355083894 1.15383139927872 ex
357 3.84626432298683 21.1645032546949 1.09825436607935 ex
358 4.06901926361024 22.1128070501145 16.6864915061742 ex
359 7.43118135165423 25.2871743901633 11.3560402907897 ex
360 7.29496910888702 27.5918390918523 12.7120498802979 ex
361 10.1671091241296 19.7614160554949 11.3081643374171 ex
362 8.09776952071115 27.4663935119752 1.93001468782313 ex
363 5.55210760096088 28.0930526386946 6.36144144274294 ex
364 1.38756927312352 28.5673224104103 7.04566029901616 ex
365 0.348499716026708 28.0829365062527 15.5059262472205 ex
366 11.4123013743665 20.8950898326002 11.3188752054702 ex
367 8.33667092397809 18.4160862958524 0.779814111068845 ex
368 7.43397356523201 21.4982260325924 10.5581118233968 ex
369 12.7276589504909 29.5244312076829 14.0751262248959 ex
370 15.6731641127262 30.424337584991 8.75034285802394 ex
371 14.1151076753158 35.5595186126884 15.8538558946457 ex
372 13.3076647424605 34.0721388333477 5.845969008049 ex
373 14.7327008503489 20.3199161540251 2.23332778923213 ex
374 1.89559807511978 21.8909395490773 14.4114219534677 ex
375 0.00608656206168234 20.4174034313764 0.487441058736295 ex
376 1.49061608477496 18.6115585686639 4.27204534527846 ex
377 4.82291636266746 25.5806231512688 14.4052393417805 ex
378 8.45034160977229 28.5329851917922 12.4691166591365 ex
379 7.11311446130276 30.4367118247319 17.1164596010931 ex
380 16.4001045755576 28.2697977600619 11.8705487814732 ex
381 3.81307807378471 25.5272609204985 2.22822166932747 ex
382 7.27881943807006 22.8925470116083 0.289080704795197 ex
383 2.24167034984566 32.7968456319068 14.648292912636 ex
384 12.0316525835078 35.45041139354 12.790845799027 ex
385 16.5104169382248 19.8825817836914 11.9716814809944 ex
386 17.4113955050707 33.8257040374447 8.21650576894172 ex
387 14.5447191507556 28.5442694344092 7.30639476096258 ex
388 12.1889132452197 24.8875410140026 8.25905620655976 ex
389 3.15457531111315 33.4428316629492 10.8916429867968 ex
390 7.13539016246796 31.7201649879571 6.98619290231727 ex
391 5.20330915017985 31.4492644967977 5.44187454343773 ex
392 7.29870395781472 23.4115157919005 17.5497071384452 ex
393 17.4418852394447 35.6449516010471 10.1183392973617 ex
394 2.86726694693789 21.541226712754 3.37739634700119 ex
395 10.5630873572081 33.558245717315 16.6111292194109 ex
396 7.7945732451044 20.0509593472816 0.334612521342933 ex
397 17.1657874616794 28.854019737104 17.5174824793357 ex
398 9.09226266504265 20.8181799589656 9.10025937343016 ex
399 5.66926697548479 27.0492032209877 7.83292677858844 ex
400 11.7713161387946 25.4716135985218 8.50029607140459 ex
401 10.7815032000653 34.8381563024595 14.9615822299384 ex
402 16.9322968330234 34.2696208641864 1.08142156130634 ex
403 8.46411046222784 30.7607188797556 11.2202229355462 ex
404 2.09937374992296 33.6904077643994 16.5136751967948 ex
405 10.2254033335485 25.7234910679981 1.49879130674526 ex
406 10.2911291657947 19.8910319143906 3.72268154891208 ex
407 9.80972367478535 19.9991831153166 11.9826252420899 ex
408 2.34178845887072 27.7122100726701 5.93123689899221 ex
409 7.08548295497894 24.6306664403528 8.36107326159254 ex
410 12.4873136107344 31.8849291685037 17.2457455466501 ex
411 7.14626634446904 26.9015475008637 12.3149536726996 ex
412 14.8757839894388 29.3777221520431 12.4542512677144 ex
413 1.88121828902513 25.0443454659544 7.37435062578879 ex
414 4.09050707495771 23.1484301981982 15.585065345047 ex
415 5.32049204153009 33.8660041512921 10.8137220777571 ex
416 12.893688634038 21.6262125116773 6.8051628107205 ex
417 16.8101108309347 26.9550807396881 2.41313886060379 ex
418 3.9094735707622 35.858566385461 3.48718802817166 ex
419 16.5760631205048 26.0394603314344 14.1751545530278 ex
420 7.23712651571259 27.963808913948 6.13306782534346 ex
421 0.637536514317617 21.0456554004923 11.7159024719149 ex
422 6.85325000318699 24.8842149272095 15.4400577039924 ex
423 17.5490036224946 26.0350490980782 3.08686083182693 ex
424 9.21524959173985 30.6749790390022 8.40860234689899 ex
425 10.8603269488085 28.5318392361514 9.70187203143723 ex
426 12.5580580758397 33.432927316986 10.623311102856 ex
427 13.7608640301041 21.4781199661084 2.84781282185577 ex
428 4.6440175215248 20.4949614680372 6.98479106859304 ex
429 10.6878634726163 35.4492435888387 17.0072331633419 ex
430 3.19775796658359 32.4958522026427 4.85699449549429 ex
431 8.91014247387648 31.0570004954934 3.77063387399539 ex
432 1.22166439541616 31.5281376037747 7.76831516553648 ex
433 11.3231845234986 19.0163464266807 3.53023680648766 ex
434 6.22292209439911 22.3508762931451 11.8156081875786 ex
435 15.1947106036823 25.8725536102429 9.61212356365286 ex
436 10.7108040107414 32.3299299066421 8.38668053620495 ex
437 8.25396628025919 34.7661367163528 0.995192373404279 ex
438 17.9218417217489 22.6747544077225 3.09909228677861 ex
439 3.69051089813001 32.6034434270114 10.402915970888 ex
440 14.915733673377 31.6068910455797 8.12459756503813 ex
441 16.7860444250982 35.9461591797881 9.7332783958409 ex
442 8.76375844352879 28.0723438952118 8.57617542310618 ex
443 3.01270191045478 18.6034078360535 16.1494188359939 ex
444 15.3572576213628 26.115765133407 10.5605354465079 ex
445 8.1983236046508 25.0341474555898 2.71616005338728 ex
446 17.0313242834527 34.9377048071474 5.04755658912472 ex
447 4.75578874535859 27.3936687752139 8.93677065311931 ex
448 4.02209485485218 34.4104911403265 7.47152064763941 ex
449 11.9927668755408 27.3445345016662 7.46040369523689 ex
450 16.4869558997452 26.9054857878946 15.1344502770808 ex
451 3.03712255135179 31.4346806891263 3.20331768062897 ex
452 17.78688138281 23.5284065972082 8.00123683549464 ex
453 3.68509901594371 20.1441222599242 15.1253650602885 ex
454 3.19635287672281 34.836958343396 2.52447626367211 ex
455 15.0905516415369 33.3527940546628 8.34676356590353 ex
456 12.0398885458708 28.9660765570588 6.01687567052431 ex
457 13.2988222124986 18.8207889162004 1.59612624766305 ex
458 12.1644807083067 20.053305111127 11.6162598468363 ex
459 9.53280846378766 19.7343507865444 4.59753091726452 ex
460 2.52331957709976 27.5022859834135 2.82314887270331 ex
461 4.47687293612398 26.3124227009248 15.8233553434256 ex
462 0.28161105257459 28.846104608383 5.40071470779367 ex
463 0.312786215916276 32.2702469066717 10.9536785131786 ex
464 2.06429621577263 20.1313365821261 5.04775389237329 ex
465 4.27822965173982 28.8175363652408 17.9894735380076 ex
466 11.5504471277818 32.0898166613188 7.17324746912345 ex
467 5.20660877600312 28.0398056667764 5.9838087153621 ex
468 10.9778907487635 18.3568399886135 1.71041332837194 ex
469 15.6997564951889 28.87460574531 10.8919662414119 ex
470 4.61130394972861 24.2014163122512 1.88762782420963 ex
471 17.9206933437381 18.2469313510228 11.7210713783279 ex
472 5.03733768383972 32.4984650197439 3.66922146780416 ex
473 3.43677337747067 20.5797217751388 3.31850106664933 ex
474 16.7182209456805 18.8752054253127 17.6261800513603 ex
475 11.2955935504287 29.7974282482173 1.05550268129446 ex
476 17.6957703607623 32.5800525839441 15.1316410184372 ex
477 10.042601571884 24.5416388071608 14.0942537081428 ex
478 3.41096952464432 32.6521066839341 6.15960382064804 ex
479 0.891135658370331 34.4905141270719 12.69460728392 ex
480 14.0149941961281 35.3953317564446 12.74276478705 ex
481 15.0308654285036 33.8655673286412 15.2325005559251 ex
482 4.04272007895634 22.0050313307438 6.93730068812147 ex
483 13.1278356956318 32.8716671247967 7.52889912505634 ex
484 9.46416719793342 31.3116981626954 0.138749446719885 ex
485 5.28653000132181 29.0144355725497 17.8871375543531 ex
486 4.03891555103473 24.708546156995 3.80339709250256 ex
487 6.63563748355955 32.5796977654099 15.2383933707606 ex
488 5.48973234649748 33.3764299349859 11.3620030423626 ex
489 16.8151454986073 22.7703569261357 0.37922937120311 ex
490 14.5900180006865 32.9202873008326 2.10283151036128 ex
491 15.0277415334713 31.6547626671381 8.3028555305209 ex
492 3.93635880830698 24.0193369898479 10.2610919149593 ex
493 2.60611631348729 29.7506576264277 15.0025346276816 ex
494 6.40717312623747 20.1589206003118 0.00789310107938945 ex
495 7.50170115684159 21.7423201086931 3.91678874124773 ex
496 0.572401182726026 23.8012762812432 8.71208904660307 ex
497 6.58045143121853 32.7099382700399 14.220840012189 ex
498 12.1562494281679 31.3193389412481 5.4066337896511 ex
499 4.72486742143519 18.9549832192715 0.45395022095181 ex
500 6.533580531599 31.1702255441342 5.9862062765751 ex
501 16.2411234895699 19.5913568746764 10.432972300332 ex
502 14.2129208410624 29.9769827339333 15.5842547465581 ex
503 3.77551404736005 26.4806166305207 4.54123475332744 ex
504 0.068528677104041 18.8770201238804 6.56042667268775 ex
505 16.6869068439119 33.9489680028055 9.23270649695769 ex
506 13.4612209200859 20.3281553054694 5.94848408340476 ex
507 12.8361448682845 30.7308474609163 9.52387751638889 ex
508 3.44367379858159 32.1947893991601 16.3617986207828 ex
509 10.0291450179648 21.9295763319824 0.312942039920017 ex
510 17.3117269298527 30.7926732420456 15.8550703963265 ex
511 1.84157422371209 23.0287310413551 16.2517893211916 ex
512 15.5812262874097 22.5549858689774 7.77029360714369 ex
513 10.5445573902689 25.5389545049984 10.7178754415363 ex
514 17.1904922060203 18.9868084678892 10.4379933741875 ex
515 8.42199018457904 19.4905204505194 12.0186071575154 ex
516 8.37400219612755 24.6081508356147 15.187777931802 ex
517 16.233620500192 27.3890654421411 2.891132599907 ex
518 17.0355935576372 20.8682362041436 14.2115294043906 ex
519 10.2401667104568 35.0632450180128 4.13191156182438 ex
520 1.09838145668618 30.7968136435375 10.0443835034966 ex
521 13.5761095464695 25.7618282311596 11.3849841963965 ex
522 9.78662928170525 27.6824950433802 14.928752849577 ex
523 3.90625519794412 28.1671694377437 12.4929552099202 ex
524 0.703249291749671 30.3656527907588 17.0210791477002 ex
525 0.626668749842793 35.7168948752806 17.6226922408678 ex
526 5.15149849141017 27.8271732626017 5.27649923507124 ex
527 0.686012282734737 23.7380814838689 6.30016545206308 ex
528 4.06937074265443 21.3234038327355 3.59833079646342 ex
529 15.2306610383093 26.986398962792 4.92142577120103 ex
530 6.24104902194813 35.328827976482 1.55589528288692 ex
531 1.55722885206342 26.315761779435 3.20922613982111 ex
532 14.2110638020094 23.9863855799194 3.73237243643962 ex
533 12.3614480199758 26.7108077527955 1.70115330186673 ex
534 8.40939192078076 26.3319517998025 14.4843695366289 ex
535 16.636703458149 23.7826934901532 13.3525983050931 ex
536 3.20324457995594 18.9313047921751 0.579452866688371 ex
537 10.34231274575 35.5750499661081 10.6404235006776 ex
538 13.9065488213673 28.8828383272048 9.99392111203633 ex
539 13.648238617694 31.0894843267743 13.3286651168019 ex
540 1.07081646937877 22.2029832324479 1.09923947625794 ex
541 14.2990212920122 33.3869299141224 14.0452089654282 ex
542 16.2804356513079 28.9489025087096 4.02432422805578 ex
543 12.8023549399804 27.3747674128972 16.7150580140296 ex
544 6.22547747846693 22.2672109259292 15.3840959346853 ex
545 5.55331925605424 22.3194054544438 17.5241506572347 ex
546 3.78870409633964 26.4874470015056 0.810881306882948 ex
547 16.1196326524951 19.2478933471721 13.112273424631 ex
548 7.08065127278678 28.7436876352876 5.64461729791947 ex
549 15.3934999478515 18.7026260660496 14.5256317451131 ex
550 6.97845318890177 25.3199117367622 9.09600525791757 ex
551 8.93840333423577 35.0088268816471 6.73229868034832 ex
552 1.80414786050096 35.2212458865251 3.95590522512794 ex
553 9.32693605590612 23.0270401188172 12.8201111699454 ex
554 13.188686382724 22.6529931067489 6.85279256547801 ex
555 16.812955801608 28.8563406297471 9.3394879004918 ex
556 3.27656096941791 27.3544061381835 11.2739553460851 ex
557 5.46996869449504 31.5438174887095 4.86304149869829 ex
558 3.51659704325721 23.1803831527941 1.62860663118772 ex
559 11.7532085340936 20.0402498582844 16.293490229873 ex
560 1.23168418509886 32.9169574961998 14.2482889746316 ex
561 6.92506511276588 29.5174165403005 0.95719898189418 ex
562 12.0106031079777 25.4867086675949 12.0159479957074 ex
563 11.6908493563533 24.8080093229655 14.1966485432349 ex
564 0.84961388562806 33.6761139445007 17.2910520839505 ex
565 0.213325991528109 29.5182709274814 7.75218837708235 ex
566 6.69572673668154 30.4251193860546 4.60591919161379 ex
567 2.02413268689997 29.2305961283855 8.11638886807486 ex
568 4.61788463243283 29.7500318780076 16.7587773452979 ex
569 17.3362343700137 32.3580185009632 4.49781670444645 ex
570 16.1570985128637 23.969328146195 8.62378884945065 ex
571 9.70247191702947 29.3729721631389 3.39876854140311 ex
572 1.31848844815977 22.6183117686305 16.5267721854616 ex
573 7.05891294195317 18.6101637331303 5.52162319933996 ex
574 8.33472603163682 19.1119366991334 1.47481625620276 ex
575 1.83017011289485 18.264999091858 5.87137876707129 ex
576 10.8621675900649 32.4007071016822 2.82565266592428 ex
577 0.0586642341222614 22.7413467981387 0.939495691796765 ex
578 6.37711864965968 33.3948447955772 8.28131835185923 ex
579 15.8757062661462 32.0528648728505 5.82675572345033 ex
580 8.73551349854097 29.3157544294372 2.5054920532275 ex
581 12.6924949295353 30.7209812554065 5.84508924861439 ex
582 1.60115776257589 27.8621471147053 15.8108106420841 ex
583 12.1222565888893 34.4197635920718 1.37613550573587 ex
584 9.56758718099445 30.0344584994018 7.69251733087003 ex
585 13.9916668380611 27.1939263693057 17.8044023276307 ex
586 1.68672327254899 26.4260911960155 1.42848237208091 ex
587 12.6346806783695 25.9038961273618 9.3081660750322 ex
588 10.2090311155189 28.9561063004658 2.76088027260266 ex
589 12.4065697593614 23.3571482396219 16.9639228729066 ex
590 5.921369377058 33.1484608827159 7.71920052613132 ex
591 16.7015524702147 23.360787704587 10.9946515525226 ex
592 4.50380899291486 35.8256748663262 5.44437082740478 ex
593 16.276688280981 27.0080607091077 12.2605501224753 ex
594 13.9765193411149 23.3470127780456 0.830874710809439 ex
595 5.40075692394748 25.1443763838615 8.86024187970906 ex
596 8.09526465693489 32.8165314961225 13.1282373173162 ex
597 10.1900865698699 35.268122744048 8.1870612136554 ex
598 14.3146657648031 20.7821527086198 9.63362759212032 ex
599 6.61507251905277 21.575775424717 3.18714461335912 ex
600 2.88245109049603 23.9747976802755 15.309157357784 ex
601 11.0533269154839 31.592138750013 9.85944422404282 ex
602 8.79342638957314 32.8056785967201 10.2070870250463 ex
603 1.01401127921417 23.7604431686923 1.35119651118293 ex
604 4.558003942715 24.5021336732898 16.4228539490141 ex
605 12.7295268920716 22.0595034759026 12.8459975076839 ex
606 7.35135427652858 31.318967472529 13.4474149919115 ex
607 15.673756550299 18.72546319291 5.0771505292505 ex
608 1.66971258050762 29.7243007200304 1.45025892672129 ex
609 16.5842574436683 22.2595109227113 14.3063698406331 ex
610 4.65268302941695 34.3558095954359 1.94062759401277 ex
611 2.9395680364687 20.5730318401475 2.76346364174969 ex
612 10.7629160969518 31.0091024814174 8.95600996469148 ex
613 1.50660210987553 25.3866177585442 11.8830377033446 ex
614 3.57915168418549 26.3852151364554 5.7219947911799 ex
615 7.70350318122655 24.1577353754546 15.182940142462 ex
616 16.143122271169 29.5669760964811 11.0446497059893 ex
617 16.6706977772992 27.2489131146576 3.73684475733899 ex
618 11.0687669201288 18.4588619370479 8.16689401795156 ex
619 8.54218966444023 21.446734333178 12.2193928905763 ex
620 5.079987564357 20.7147689489648 15.2088039759547 ex
621 12.5050675249659 34.70959758549 16.9530381863005 ex
622 8.22113828151487 34.0691309389658 15.9666882285383 ex
623 0.518056713975966 24.1954878030811 1.90514854667708 ex
624 4.99597068061121 20.476108948933 8.44413079367951 ex
625 0.423669404117391 29.053117550211 0.566120342584327 ex
626 3.53345310362056 18.7040010623168 12.0218696359079 ex
627 4.23830472538248 28.720956959296 14.5015117099974 ex
628 12.2543666576967 35.30416937056 4.57369129522704 ex
629 6.5399805852212 29.9821500193793 10.8448066692799 ex
630 7.36972674145363 31.5112616550177 14.7099195872433 ex
631 1.1034309186507 31.2855873771477 1.02011614968069 ex
632 15.9486696750391 21.7753995109815 6.27931185043417 ex
633 13.8104902042542 27.8976194858551 8.58086129627191 ex
634 15.7909776042216 34.5696110012941 5.96262600389309 ex
635 9.461843829602 21.9261814651545 15.6404374917038 ex
636 13.8660170184448 33.2082080275286 17.0849460142199 ex
637 4.01971999672242 19.8952173918951 2.62509482260793 ex
638 15.3837006716058 21.9602853385732 10.4799635128584 ex
639 7.19037928502075 23.6830287517514 15.9653690555133 ex
640 8.96486500231549 35.9916422406677 3.66148976003751 ex
641 4.75492606824264 30.3566236684565 1.75789478444494 ex
642 8.30912035051733 24.1900833253749 7.0053607407026 ex
643 4.4547393207904 35.8315065433271 10.0656669009477 ex
644 8.90196453104727 27.5529076680541 6.24118219106458 ex
645 11.9552730994765 18.6098413369618 10.992051092675 ex
646 12.7549566684756 32.1531285864767 4.90888285217807 ex
647 5.3906322454568 28.5950292448979 3.34986715926789 ex
648 2.60782018722966 20.8808009645436 6.2404062829446 ex
649 13.2675749706104 23.7329385518096 16.399909517495 ex
650 3.17891293391585 25.5980034286622 16.822207049001 ex
651 11.4291051030159 27.0226747668348 4.99674386112019 ex
652 2.75205245474353 25.1730815218762 1.51151593425311 ex
653 10.7690780828707 23.3445004886016 2.75067682773806 ex
654 2.71011172956787 34.7370576080866 13.1300751783419 ex
655 11.1666970823426 27.7559155474883 2.93384061357938 ex
656 2.37545016943477 21.7585183663759 14.599656349048 ex
657 16.5337990305852 34.3954583504237 14.2398722742219 ex
658 16.5019249632023 32.898799687624 5.11776468716562 ex
659 16.0049750041217 30.0237930053845 17.2299173029605 ex
660 8.57424268941395 20.295907105552 9.48980987886898 ex
661 6.33535672375001 28.0789112127386 3.42167788604274 ex
662 3.16237383079715 34.6934058077168 4.47593412804417 ex
663 10.7483851560391 22.5462987737264 17.3069912658539 ex
664 6.36380013613962 26.8063119291328 14.1353372130543 ex
665 3.47165883472189 21.1527310132515 7.73204684536904 ex
666 1.24142751959153 30.1027278879192 15.9467590446584 ex
667 11.6384261737112 25.4136200295761 14.9137309761718 ex
668 9.97130580455996 31.1611989056692 8.04849043721333 ex
669 8.20108242100105 32.046588052297 3.75694948923774 ex
670 1.5907384972088 21.2748634677846 0.349850177764893 ex
671 10.1561125961598 20.4089251775295 16.010910799494 ex
672 15.1388921162579 30.5760656385683 1.70182421361096 ex
673 6.7748002090957 18.2238277073484 15.3954415244516 ex
674 5.12027068808675 29.6060152163263 12.5961145395413 ex
675 5.50583332986571 22.6214797042776 1.10722007090226 ex
676 0.0228906280826777 33.0800813271198 11.706820871681 ex
677 2.39030895126052 20.4731282293797 15.5682738572359 ex
678 8.43481536814943 35.6013155307155 7.26870967051946 ex
679 10.0823768533301 27.462673404254 0.842501934617758 ex
680 12.9605157426558 31.1175745709334 4.92803335143253 ex
681 13.1112042993773 26.3089860321488 0.555905460147187 ex
682 8.52016451931559 18.584306151839 13.4469992052764 ex
683 9.88804934872314 27.6912499179598 17.1255168954376 ex
684 2.95649467315525 31.8719149103854 0.295327000552788 ex
685 1.12554102600552 20.1547427861951 1.97704276279546 ex
686 9.33195197675377 30.3678788584657 5.61553971911781 ex
687 8.77030705404468 25.1610759918112 7.13978443178348 ex
688 6.46586929354817 18.6587645292748 13.9891226089094 ex
689 10.2267282118555 19.1636578154285 15.392667603679 ex
690 14.2673946029972 32.5565396549646 16.9167123541702 ex
691 5.73077792441472 28.5520727734547 16.3813123677392 ex
692 15.5660739094019 35.5785685698502 6.85304662236013 ex
693 12.5446957512759 35.4494264146779 9.2151717171073 ex
694 3.53501198580489 22.9053871817887 3.14413666306064 ex
695 11.6732956883498 18.4980096570216 4.46883633709513 ex
696 17.6649196492508 24.0916303477716 14.7754111336544 ex
697 8.3633808020968 29.8837512042373 9.2909073154442 ex
698 10.2064105093013 19.7626433144324 0.941782010253519 ex
699 6.25578708550893 22.1178395680618 17.7109018706251 ex
700 13.2343363948166 18.1495927637443 0.111623743083328 ex
701 5.74927093484439 30.6728699218947 7.31192386732437 ex
702 14.7431409433484 26.7849364355206 4.32542066904716 ex
703 17.9576488814782 24.0588612901047 0.732629553414881 ex
704 2.03754923329689 22.7105134776793 7.34132752823643 ex
705 13.2924893801101 24.2133106803522 0.201397427823395 ex
706 16.9379750371445 31.092952976469 13.058680124348 ex
707 12.422771290876 27.2715793342795 8.19253454171121 ex
708 16.7731680050492 35.4642315490637 2.44554422725923 ex
709 4.75324630201794 31.5879071557429 16.107649610145 ex
710 7.99735750257969 32.0921651646495 2.25368973915465 ex
711 7.40450657717884 28.6381180861499 10.5700220928993 ex
712 14.3291626330465 18.1021895557642 5.05574685195461 ex
713 14.8050934225321 28.3010888693389 8.03369581140578 ex
714 0.917904719477519 21.336671996396 4.51157066039741 ex
715 3.77528197853826 29.0838241344318 2.13530366285704 ex
716 7.9599327784963 26.0070211396087 11.1076863417402 ex
717 13.0505470456555 31.2915635693353 6.32288145902567 ex
718 15.5694435306359 23.168038404081 9.71395878819749 ex
719 3.52454029489309 21.7043846850283 11.9800879319664 ex
720 13.2899254504591 35.601020789938 8.16888277838007 ex
721 4.91447573597543 28.3517414827365 5.31376348179765 ex
722 11.0314702172764 31.0722212898545 12.7750274615828 ex
723 7.45743783120997 32.2205234393477 5.00466530537233 ex
724 5.67818419495597 34.6922647047322 4.3803860633634 ex
725 4.09510955587029 26.4277287325822 6.53452432039194 ex
726 15.1190179758705 34.5277239137795 1.06985864089802 ex
727 16.6910716041457 22.7104489004705 17.8754074145108 ex
728 14.0011123204604 34.1958273719065 12.0957275365945 ex
729 16.9937844460364 35.3183624411467 14.5648957192898 ex
730 6.83992620906793 31.0324997880962 15.4049663799815 ex
731 12.3382077729329 31.0435433036182 15.7080459676217 ex
732 2.12617360032164 22.8300411547534 6.69235925283283 ex
733 1.83713718131185 18.0266762324609 2.822784175165 ex
734 5.7115739735309 27.7465298913885 6.15269677340984 ex
735 0.68968889885582 32.045572034549 2.33792218682356 ex
736 17.8607867306564 27.1013554711826 15.0746421311051 ex
737 4.75791237130761 21.2621727688238 4.80723714223132 ex
738 9.74607672868297 25.76769448095 17.0994134654757 ex
739 2.92284128977917 25.32482454204 0.469258355209604 ex
740 2.79845136660151 23.2466593310237 3.06444491585717 ex
741 10.9508484180551 34.484680357622 6.57674827822484 ex
742 8.44456711737439 20.4948244018015 12.4534645006061 ex
743 6.10464410553686 21.9040337007027 15.06657057954 ex
744 16.0940641949419 21.9704701888841 10.0626117670909 ex
745 5.10192126012407 34.318324416643 11.2267886945046 ex
746 14.9590015029535 29.0797855649143 10.5330545788165 ex
747 9.37730973470025 20.1050615173299 10.6453318111598 ex
748 6.48506473214366 28.3016789397225 0.927911131642759 ex
749 15.1617879096884 29.4777653948404 13.0398181753699 ex
750 9.31011515995488 33.7963627467398 14.8890125022735 ex
751 11.2930722772144 25.6689105834812 1.97231642110273 ex
752 11.0568106193095 23.4538541880902 5.23460017307661 ex
753 7.52678784332238 24.5012308887672 9.78108767792583 ex
754 1.78214383102022 24.8335959978867 17.02965113963 ex
755 11.3870786295738 32.0576923196204 16.9019871447235 ex
756 0.250454005086794 25.3789410982281 1.60000627650879 ex
757 5.16153622767888 20.3107631176244 12.8597974949516 ex
758 17.3945457476657 25.5602960945107 7.7142463431228 ex
759 16.7198940534145 25.7553598994855 15.3751803261694 ex
760 0.279648853000253 30.1028886726126 8.28305643051863 ex
761 12.2516297088005 18.3168371971697 17.5503858372103 ex
762 11.8074725072365 33.8514256346971 5.17122698854655 ex
763 5.84038320346735 26.3695023045875 0.110173661028966 ex
764 3.45935162669048 33.2879835378844 15.704221686814 ex
765 15.0737576256506 31.4074106223416 9.85650118207559 ex
766 9.945181109244 28.6615613754839 6.86696421145461 ex
767 9.95162244536914 26.8119311176706 1.76723276427947 ex
768 5.21437601791695 23.4240948455408 6.87639814917929 ex
769 3.46644959435798 20.295465583913 5.92131178895943 ex
770 9.32097904570401 34.1615637221839 17.8103059146088 ex
771 8.15002683922648 21.7440460715443 0.10285534709692 ex
772 5.01908856537193 30.1096358129289 11.5333748054691 ex
773 12.2646161918528 30.3607566202991 1.30866474518552 ex
774 13.760942254914 20.5501589444466 0.844704843359068 ex
775 12.0784944742918 20.1707658472005 17.2541872931179 ex
776 10.0651662377641 19.5048754361924 7.31466761929914 ex
777 11.5840337621048 35.1949579273351 2.63040250143968 ex
778 8.58068897691555 30.8322923074011 3.768198099453 ex
779 16.6549761351198 20.2839551537763 2.13492353865877 ex
780 1.34574182564393 24.5797413226683 4.54347091983072 ex
781 12.0402536056936 28.0422755484469 10.5823199017905 ex
782 7.10520180524327 32.6348006718326 3.02723167883232 ex
783 11.1814879421145 24.5946611769032 1.51494178199209 ex
784 2.80359752383083 26.3777407235466 9.84244444128126 ex
785 10.9632810240146 25.0145476618782 0.500611305935308 ex
786 7.24886891013011 27.1282017168123 9.57244920055382 ex
787 17.0953832829837 28.3273267948534 1.41784905386157 ex
788 0.0267691791523248 25.6807539146394 7.05460464023054 ex
789 4.15362288546748 33.6954907267354 15.1230323284399 ex
790 14.0706254686229 34.8236579697113 6.30821051448584 ex
791 8.91329322149977 27.7905643689446 12.8749734153971 ex
792 6.69159399694763 21.1323366211727 6.79315429530106 ex
793 14.0081246739719 33.884350894019 9.29289452452213 ex
794 12.8927912483923 24.0206992619205 10.3621425959282 ex
795 16.7482947462704 28.4858629379887 17.7281845868565 ex
796 3.52168599842116 34.1674733543769 5.93598555377685 ex
797 7.59486324992031 26.7888245494105 3.19486392568797 ex
798 5.52727279812098 19.0251761928666 1.05311162490398 ex
799 10.5593166567851 24.60917444597 12.051061356673 ex
800 4.0576537058223 30.4853781599086 3.98568159667775 ex
801 12.1192852857057 28.5871170824394 1.74700575182214 ex
802 12.1048260398675 20.9158305092715 16.8498717925977 ex
803 10.7260921809357 29.547987025464 7.24440194736235 ex
804 15.2261655875482 28.1990952412598 13.0558189847507 ex
805 9.27725360775366 20.5785987311974 7.83206097758375 ex
806 16.4558606259525 29.5680477870628 7.34675468085334 ex
807 13.6632894359063 27.9436773150228 16.488405398326 ex
808 9.90410108002834 18.7149791414849 7.71061754669063 ex
809 17.9074208689854 24.5248792215716 9.60955471312627 ex
810 15.6859619880561 26.6250757137313 3.32508138334379 ex
811 2.50594779243693 24.5713859992102 10.5621583461761 ex
812 9.85467704967596 26.6362320822664 14.0297326708678 ex
813 11.4345015191939 31.6417924892157 15.7851219985168 ex
814 16.8055497044697 25.6173510167282 11.6905342489481 ex
815 9.73810798348859 26.339739831863 0.84799645608291 ex
816 4.81748212990351 29.7534215848427 10.0744922319427 ex
817 14.676688694628 26.1215165657923 1.10420890920796 ex
818 3.82267438061535 31.5051322432701 14.0627647989895 ex
819 14.3484501298517 35.4102461275179 4.65241251490079 ex
820 0.46223124070093 23.7037933426909 14.2899530846626 ex
821 6.44068432226777 31.2920457860455 2.30602804245427 ex
822 8.63634999608621 31.3362918656785 0.126108049415052 ex
823 6.51399191794917 20.5719541965518 1.66242683352903 ex
824 4.61984932539053 33.5691354270093 16.8298176524695 ex
825 6.31682512769476 27.3562074839137 11.8233105188701 ex
826 14.9137834964786 23.4754112749361 0.485012380871922 ex
827 17.0748168318532 19.8174876582343 10.8586045533884 ex
828 12.8893791749142 23.9985626018606 0.0325722019188106 ex
829 6.04543376364745 24.6290734391659 14.5171338098589 ex
830 12.9804256774951 29.3991905334406 12.2093819689471 ex
831 8.21956045622937 27.6478455972392 16.1598826975096 ex
832 0.0166688456665725 23.8775994917378 5.205541764386 ex
833 4.04570368118584 29.0339316169266 7.19412846607156 ex
834 13.5947598458733 32.3540757459123 5.55862077279016 ex
835 16.5324126309715 19.6900372570381 15.4248982181307 ex
836 15.1296841211151 31.8088222756051 7.05248855263926 ex
837 13.7748779447284 28.8121162892785 10.8985367044806 ex
838 1.31121080135927 24.9515028975438 10.1048337880056 ex
839 6.01669075409882 29.2641269094311 4.49658145080321 ex
840 3.69916032580659 29.4346826365218 12.6002686596476 ex
841 2.45104056317359 22.2238435440231 1.88803733885288 ex
842 10.1729895174503 34.8051060629077 0.667128909844905 ex
843 17.8762820835691 23.1556440901477 5.49448443274014 ex
844 17.3238103797194 30.3081501752604 1.3731137404684 ex
845 10.216780198738 31.6129267383367 5.86238069506362 ex
846 7.62696818914264 32.3541433040518 0.521524139912799 ex
847 2.53016461059451 30.5769403951708 4.99876274191774 ex
848 17.5181325471494 23.7533401192632 9.5697916096542 ex
849 2.27198094315827 21.2386179934256 16.2693670119625 ex
850 1.63116197078489 32.3676337806974 16.5572239784524 ex
851 10.6321857392322 23.4011837118305 17.7347873216495 ex
852 15.8935540074017 33.1815639152192 5.05128016788512 ex
853 6.32028664043173 24.7334941350855 8.93234062404372 ex
854 15.2831503755879 21.2576833681669 1.09713138709776 ex
855 7.31051044887863 31.0160242018756 8.68102088849992 ex
856 1.26973079843447 20.165757458657 2.07440290879458 ex
857 0.88617930165492 33.6748858604115 15.1249932285864 ex
858 0.58233434939757 26.7535675708205 17.34347693366 ex
859 0.536339945159853 22.3136097965762 14.5921668447554 ex
860 6.72193262819201 23.272545946762 17.098443610128 ex
861 7.96960964170285 31.1600882036146 7.44241546769626 ex
862 15.82059263275 22.5502451194916 5.28650433244184 ex
863 6.21069753821939 20.9324932382442 7.14359620283358 ex
864 2.20375188137405 23.5262330898549 1.12088283710182 ex
865 9.22947078780271 27.9598444302101 10.547244546935 ex
866 1.23044509650208 30.9152803595643 16.1515614581294 ex
867 5.61432380182669 21.8781957488973 13.1500720526092 ex
868 10.5998868828174 32.4898312094156 7.04128957795911 ex
869 8.27187187829986 18.432642771164 8.53864446771331 ex
870 15.7724994360469 28.3790078619495 12.6903418810107 ex
871 7.10372143960558 35.3174522912595 0.587261307518929 ex
872 15.0715270633809 29.5031201157253 7.92842996143736 ex
873 7.13995558768511 30.3026716953609 8.89240638189949 ex
874 9.1300743855536 32.4613022587728 9.48991362960078 ex
875 5.09838263946585 30.2484720211942 13.5508077696431 ex
876 1.23365031764843 25.7185199498199 4.1136742439121 ex
877 17.8257500552572 30.3080876078457 17.2314965410624 ex
878 5.96323642856441 33.6707302245777 14.9511376367882 ex
879 11.1595042513218 30.5975401331671 3.19673730246723 ex
880 8.05183616606519 19.6517896512523 13.0894301005173 ex
881 4.01222197292373 18.259854860371 5.54973790282384 ex
882 4.61003813496791 32.7987322583795 8.55330270947888 ex
883 9.02712369221263 34.6345873347018 8.21719492110424 ex
884 11.6421627795789 24.5822961654048 12.2127741030417 ex
885 12.7460954131093 33.062443952309 5.10647884011269 ex
886 2.99009933322668 35.9428260643035 11.6363499008585 ex
887 7.93470227974467 18.4939738146495 4.02525920420885 ex
888 4.69402404106222 18.1855997878592 2.10371341975406 ex
889 9.8584027166944 19.2030913769267 5.85948070697486 ex
890 12.1227972346824 29.940038472414 17.0315342003014 ex
891 5.87874883436598 26.5903401651885 11.6892537206877 ex
892 13.3369700612966 28.4498230540194 4.02354632760398 ex
893 12.8671425108332 19.7025192999281 10.0941444907803 ex
894 16.5934925179463 29.6140415549744 4.20400114892982 ex
895 2.96468918863684 33.3272812608629 15.8220587589312 ex
896 1.85118553927168 19.6722843316384 12.6651138446759 ex
897 14.7816795681138 24.5847167035099 17.1901696478017 ex
898 1.6202580453828 24.8703746385872 13.2615889511071 ex
899 14.336722223321 19.5960946271662 1.8050148836337 ex
900 0.287359467241913 21.4490043905098 1.92300673061982 ex
901 7.00966418348253 24.6424498164561 11.2747886760626 ex
902 16.7378741730936 26.4091454120353 1.60181625024416 ex
903 10.448243111372 28.647130678175 5.70309884077869 ex
904 1.60324296215549 31.2585667141248 2.2911306549795 ex
905 4.07194827753119 19.1092754113488 11.784827907104 ex
906 8.84381895558909 23.2292410267983 14.9533231121022 ex
907 5.15817931853235 25.4528695431072 17.2239380052779 ex
908 10.3975080493838 35.9734781531151 2.30831492040306 ex
909 0.566645144019276 20.2138086410705 17.3970404288266 ex
910 12.6443383018486 18.3457230299246 13.9581241777632 ex
911 15.8852401047479 29.4308157635387 9.19980229064822 ex
912 15.5867966089863 30.0511263848748 15.175133127952 ex
913 1.79097193386406 35.7043595218565 2.30600719433278 ex
914 2.75763188838027 35.0391163679305 2.19410078111105 ex
915 7.60562449530698 31.177470800234 10.3686620325316 ex
916 5.20165854226798 33.032863890985 6.51009745406918 ex
917 14.1420944661368 19.2997575930785 2.57398817990907 ex
918 11.4202588316984 18.2253181084525 0.655617894139141 ex
919 10.3568176468834 34.7593633981887 4.14234535559081 ex
920 9.10748700448312 25.7557885837741 10.6547990692779 ex
921 13.7542211064138 19.9599402276799 17.2240791942459 ex
922 16.3435274814256 22.4386407707352 2.78533129417337 ex
923 17.5437463896815 21.4539234824479 12.3486885817256 ex
924 4.80820411769673 29.8071717952844 5.68274707114324 ex
925 9.3032496185042 31.0806805768516 15.6210188183468 ex
926 10.5268774356227 30.3536024210043 6.60235718660988 ex
927 17.7221688693389 32.1804578276351 7.56383006810211 ex
928 8.88820335175842 32.7483783126809 2.15388452867046 ex
929 4.59076961106621 20.1995689847972 4.9935043938458 ex
930 12.3005223779473 22.0237162793055 10.9884460286703 ex
931 16.1806224007159 35.4476574924774 4.9921684442088 ex
932 12.1796273621731 33.4858238133602 6.19172158627771 ex
933 0.974112313240767 31.7238396215253 5.5680334768258 ex
934 9.83160662883893 22.1521506642457 5.74833346880041 ex
935 9.68899709940888 34.4526638612151 16.5105210782494 ex
936 14.7270434079692 21.8736569464672 0.826638664817438 ex
937 16.0653099301271 34.0016768288333 11.0132786096074 ex
938 13.7509108465165 28.8400709193666 5.13129150751047 ex
939 8.4166669184342 30.9414436079096 13.8438448640518 ex
940 6.87143218657002 34.2033196815755 17.3254970989656 ex
941 7.61168017634191 22.8901407683734 12.1375616320875 ex
942 17.1274339561351 21.6166439848021 1.6324703367427 ex
943 1.727488379227 19.691967306193 2.09340144274756 ex
944 12.8667664842214 35.7100753507111 16.047429002123 ex
945 12.8948860152159 30.0663115074858 12.3834780873731 ex
946 4.64424236072227 29.4502286957577 17.8952769795433 ex
947 13.8611934932414 24.6167546086945 8.47134737996385 ex
948 16.7277309705969 31.4028049560729 17.6188187333755 ex
949 13.292667314643 26.8485976434313 15.3439340884797 ex
950 10.0799032452051 23.0655656799208 10.5798261694144 ex
951 12.1742396794725 28.2366643322166 14.8710883390158 ex
952 9.12142992881127 25.1173833622597 14.0724443076178 ex
953 11.8979446443263 26.7419155030511 4.25529625685886 ex
954 13.5400583422743 21.0024829530157 1.18322774162516 ex
955 13.9711533945519 23.2490301805083 1.89504614239559 ex
956 12.0628247426357 31.3215629435144 12.4719750089571 ex
957 16.0555557990447 31.3696651519276 14.9855887575541 ex
958 8.55965813901275 19.0944205916021 16.7170713245869 ex
959 14.7525599277578 34.0624992437661 0.876205011969432 ex
960 13.8284358291421 30.8866614301223 7.25571043021046 ex
961 2.76005889778025 25.3873938443139 2.4371041348204 ex
962 6.91120953392237 22.8863719117362 2.50279132928699 ex
963 2.92161524784751 34.0342233807314 11.9003845732659 ex
964 13.4226933966856 25.034696633229 0.958810348762199 ex
965 10.6412832331844 25.1157579252031 6.49038618779741 ex
966 3.51028310530819 20.7137015149929 2.27238831436262 ex
967 9.54214441566728 25.7219312961679 15.4313383779954 ex
968 6.55320039764047 30.789411701262 16.222014890518 ex
969 15.3517048696522 29.594688244164 2.60689121577889 ex
970 6.14442428480834 23.3330146921799 12.9127063357737 ex
971 5.76906794402748 27.5124567551538 11.5964744505472 ex
972 6.57245302991942 33.4474960239604 6.3652724493295 ex
973 7.94360199174844 30.7666580348741 2.62894030683674 ex
974 11.1317459428683 32.4628571795765 10.0924499789253 ex
975 14.3926528512966 26.9887520964257 9.51225960301235 ex
976 12.6172304842621 33.5625959255267 4.68600186705589 ex
977 10.4337041995022 21.5810221589636 17.416221562773 ex
978 10.474674367113 33.7631588354707 8.13347762217745 ex
979 10.0409598974511 23.2375971036963 11.5665889400989 ex
980 1.11849964340217 24.8606873410754 15.3346635429189 ex
981 3.78848259034567 29.746645453386 7.88037232565694 ex
982 2.9026645841077 20.1224385537207 10.4242685162462 ex
983 16.0962774308864 18.676199687412 0.153922263998538 ex
984 3.74227921920829 31.537389668636 2.64247675915249 ex
985 8.79867916903459 28.0133001457434 3.78497545234859 ex
986 12.827044039499 29.6102279557381 0.490613982547075 ex
987 5.47255857777782 35.6926364358515 2.17194566270337 ex
988 4.20255454676226 23.2480527702719 16.1395305832848 ex
989 17.4527084755246 23.3949805123266 13.3958620778285 ex
990 15.3372803591192 26.35727068712 7.52237329771742 ex
991 0.743497949559242 28.3535389318131 10.3327594345901 ex
992 17.9432912974153 34.442170727998 11.8558138692752 ex
993 15.8696252384689 33.3804198661819 7.93775745434687 ex
994 15.3156863087788 33.0531153802294 14.2481632675044 ex
995 12.1155792712234 28.8506042116787 9.12535443343222 ex
996 13.30181142129 31.6544881882146 15.1451295553707 ex
997 6.52632935880683 34.1539579369128 2.62525830743834 ex
998 2.09045306802727 18.3767649815418 17.6244421715382 ex
999 3.8612962551415 35.9978727053385 16.5188429960981 ex
1000 4.08754804986529 27.4486449540127 15.0707591199316 ex
1001 1.23890165542252 33.3469454415608 0.051382850157097 ex
1002 10.1559919691645 21.1137508437969 5.96844088612124 ex
1003 15.6978530245833 32.5929295681417 8.61545648449101 ex
1004 15.7306878839154 22.3144940191414 11.7771957188379 ex
1005 17.3889105622657 26.7680325510446 8.52071399940178 ex
1006 14.0532412065659 35.0244053998031 1.21423829789273 ex
1007 12.2568293595687 32.9218254447915 14.254154382972 ex
1008 11.4883772761095 25.3784103693906 10.0311003183015 ex
1009 10.5511544188485 18.5385708641261 8.65439862152562 ex
1010 12.7658485688735 33.5593771757558 7.85453693941236 ex
1011 13.7461247444153 33.5627077636309 14.2544948016293 ex
1012 11.119652939029 35.1055848051328 14.6165746948682 ex
1013 11.8909840218257 33.2528622639365 9.29674506303854 ex
1014 10.2412391388789 27.7266689303797 11.9856282141991 ex
1015 5.60013085836545 29.4001859624404 1.8470670056995 ex
1016 11.8596568794455 20.2353242663667 9.9702722565271 ex
1017 11.1677844072692 28.1934783796314 1.72709244093858 ex
1018 12.5779607733712 18.237369260285 1.01008747611195 ex
1019 13.9324491731822 33.5423045952339 5.67748668999411 ex
1020 2.03831683797762 33.608231168706 9.69374709553085 ex
1021 5.87967482628301 21.3749373096507 3.91501940554008 ex
1022 13.4053254779428 31.9959658861626 11.9215331804007 ex
1023 17.0489880316891 29.5322372624651 8.71028298372403 ex
1024 2.51574728195556 28.1049815965816 16.3171107873786 ex
1025 4.83325882814825 21.6961812130176 9.70833302824758 ex
1026 16.7866196027026 31.9045123371761 16.3418320920318 ex
1027 1.87536111031659 20.4550947754178 8.51934058591723 ex
1028 0.617304488783702 25.9955175858922 6.51020750473253 ex
1029 12.2309363400564 24.2188161720987 9.66750981868245 ex
1030 16.9807606651448 25.0843085530214 8.87735730595887 ex
1031 13.6275955855381 31.1175705217756 1.52815220155753 ex
1032 12.2160482984036 32.7147355743218 17.4748522001319 ex
1033 0.960936103248969 27.1898879054934 10.2650363692082 ex
1034 1.35440034605563 26.1646270519122 11.6009111769963 ex
1035 7.27300652791746 33.3046448333189 5.54622769868001 ex
1036 11.0428207705263 30.9805071610026 12.1477365437895 ex
1037 0.216543792048469 28.2611806632485 2.24712776299566 ex
1038 14.2876262343489 20.4008110775612 5.31910804589279 ex
1039 10.590948601719 35.2983439222444 9.62857058364898 ex
1040 16.6421201382764 20.4818433243781 10.1207026601769 ex
1041 2.93170861387625 34.827493221499 1.17871371167712 ex
1042 4.09133825823665 33.4527771184221 9.59120817668736 ex
1043 12.5140644037165 26.0068389342632 0.854842656524852 ex
1044 2.7249316375237 23.8892530098092 12.3833909209352 ex
1045 7.74460891215131 19.3838476375677 8.90051701245829 ex
1046 13.4784886112902 22.8521314188838 10.6747594573535 ex
1047 1.1715470966883 28.0380590676796 1.70663823187351 ex
1048 0.78518726117909 28.720661085099 16.4966052083764 ex
1049 8.50787155260332 28.748226493597 13.0934288485441 ex
1050 14.4955915890168 24.1796410309616 5.54404261079617 ex
1051 10.2527871981729 21.4576216062997 3.66100009856746 ex
1052 15.5347974887118 19.6221300770994 16.7343591630924 ex
1053 1.02407852327451 28.2424770442303 13.8217612844892 ex
1054 11.8583991529886 22.1537167932838 3.93712484952994 ex
1055 4.52931659575552 21.9473146772943 16.1629674991127 ex
1056 12.4851190201007 32.4711077974644 0.0966230991762131 ex
1057 17.2610908495262 21.0858464015182 0.283524674363434 ex
1058 8.37954118172638 26.023240479175 5.83410286391154 ex
1059 11.2996176439337 34.646925114328 3.93688371102326 ex
1060 0.754563446622342 28.0537779731676 17.58424226637 ex
1061 16.5071582763921 33.1168302702717 10.0180676109158 ex
1062 1.92794223944657 25.4134706798941 15.1618200950325 ex
1063 16.4600147157907 18.8993915647734 9.52125863870606 ex
1064 3.03116026008502 31.2458634264767 13.4517317668069 ex
1065 14.5957354614511 19.7105936252046 16.7138219901826 ex
1066 5.19853700418025 22.5841991631314 3.29117523925379 ex
1067 15.2609025973361 31.2639854988083 11.7444222946651 ex
1068 0.421397119760513 29.9270191658288 8.94826922309585 ex
1069 0.928328098030761 26.3832190842368 12.2942899118643 ex
1070 13.0254748139996 25.9383683174383 16.4236600208096 ex
1071 4.9875845129136 34.1335141486488 17.364276827313 ex
1072 17.9325658073649 18.3182808072306 15.8126191091724 ex
1073 13.7203087673988 24.2734102241229 7.80518096173182 ex
1074 13.9777465946972 20.9420623155311 1.56480321590789 ex
1075 16.5615183804184 22.5834695820231 13.3393100486137 ex
1076 14.4660485694185 33.6095674058888 10.0506751516368 ex
1077 8.61777242575772 20.4621851330157 2.78850285336375 ex
1078 2.19574861042202 34.2875434905291 10.0874048899859 ex
1079 6.18325713579543 21.3135068414267 7.08992512710392 ex
1080 12.9583935355768 31.936845617136 3.07914691301994 ex
1081 8.04207502584904 18.8257251034956 11.7597574701067 ex
1082 6.12244088412262 25.8052758751437 17.1003786267247 ex
1083 0.21994974790141 24.7853424034547 13.4073899837676 ex
1084 17.5485191273037 21.3439904272091 5.57367041055113 ex
1085 9.17562875431031 26.9414144442417 2.24087322712876 ex
1086 0.67816895339638 29.4708498376422 15.0125558497384 ex
1087 3.64582485193387 20.5212877243757 4.00368528207764 ex
1088 11.4221427515149 20.6782953198999 6.30632186075673 ex
1089 16.252778861206 23.5710714547895 17.4665128916968 ex
1090 16.6071642707102 29.4603072362952 16.7734437398612 ex
1091 0.466182423289865 29.5044699662831 11.6747118895873 ex
1092 5.16543650510721 21.447264312068 11.2644820187707 ex
1093 1.01455938769504 34.6154847373255 8.12607030733489 ex
1094 17.4867012302857 24.9895871109329 12.7153159356676 ex
1095 16.5079052948859 32.7830613013357 10.559332952369 ex
1096 2.34647677047178 21.4835695258807 9.38913216535002 ex
1097 16.1334455318283 30.107846923871 11.0128697908949 ex
1098 10.0471893774811 32.6075919643044 4.70413250825368 ex
1099 3.76953783677891 35.5075630110223 4.78125372854993 ex
1100 4.31292956951074 29.0698504874017 3.66755491867661 ex
1101 14.7381878700107 31.375850175973 2.43390235444531 ex
1102 15.1524479968939 32.1486359010451 13.2393966219388 ex
1103 12.5790002183057 19.6870906418189 11.2773966679815 ex
1104 7.26561967469752 34.8272788112517 3.23808709322475 ex
1105 2.97264288971201 30.0042230114341 14.5452160341665 ex
1106 11.5914539271034 26.0706166101154 3.94768490176648 ex
1107 6.09831054438837 33.1636620846111 17.0252149477601 ex
1108 10.1063464228064 24.1668884917162 2.37206433224492 ex
1109 2.20809464040212 35.1410155082121 16.1215051049367 ex
1110 0.670836634701118 27.1477118139155 12.4533747322857 ex
1111 4.45800627511926 25.1388390625361 7.08189035393298 ex
1112 8.88702920894139 34.1655836936552 10.5499063122552 ex
1113 4.51015584706329 25.951851625694 3.4410944331903 ex
1114 10.3303175575566 23.6031745525543 6.85760926548392 ex
1115 13.5660284110345 19.9346781710628 7.62521736812778 ex
1116 4.19819133169949 25.3393529381137 13.0803189100698 ex
1117 4.04982977872714 31.7172842856962 8.71081688418053 ex
1118 8.78235155623406 24.8607932936866 11.6171387545764 ex
1119 7.41003203671426 23.5855999640189 4.54054162697867 ex
1120 4.48170284694061 23.0407170008402 5.26929085794836 ex
1121 3.3797857624013 32.6122245953884 15.5053971451707 ex
1122 11.7852046191692 32.8427368421108 4.59821120393462 ex
1123 2.58437224803492 32.3903076818679 10.7935769567266 ex
1124 0.830170826520771 35.5516370590776 5.47108568809927 ex
1125 10.3626509422902 26.2371672927402 15.5601298918482 ex
1126 6.20516873965971 30.6187003005762 6.0658765162807 ex
1127 12.0728741614148 34.6438687113114 13.3523939482402 ex
1128 0.443075545597821 33.0887494736817 1.0949507097248 ex
1129 3.2521996141877 27.8903663344681 9.11877152114175 ex
1130 13.5181830869988 32.7110450689215 14.1451246910729 ex
1131 4.46713676233776 23.848805465037 12.7037512217648 ex
1132 4.00831295410171 19.7201658915728 8.58780358126387 ex
1133 7.45668603410013 19.6931427267846 2.5160733142402 ex
1134 2.45309236645699 28.8148929313757 6.32942527811974 ex
1135 1.62917754007503 20.0842552394606 13.5341007318348 ex
1136 4.2614147849381 27.2941056387499 10.3684888097923 ex
1137 1.25003668759018 21.9845296437852 8.87340854783542 ex
1138 14.3238510633819 27.466571186902 4.11807152349502 ex
1139 7.20301120704971 23.1796851728577 13.5394289144315 ex
1140 3.71835723891854 35.633954677498 10.020681145601 ex
1141 1.71040626033209 35.090678548906 8.82972517842427 ex
1142 3.64153836481273 29.9633711450733 8.89220990426838 ex
1143 8.44137369911186 25.1816797263455 16.6239397213794 ex
1144 8.50015192013234 23.3556067594327 9.04439047025517 ex
1145 5.4937966784928 34.296990938019 13.0486619439907 ex
1146 3.12843777588569 22.6077508684248 5.78292943374254 ex
1147 17.8976016358938 35.2721476687584 5.27053847420029 ex
1148 10.7805788298137 28.9917700495571 6.07679382665083 ex
1149 14.1430000492837 28.5930244703777 17.7918887881096 ex
1150 7.49433653336018 24.218891601311 4.4522951329127 ex
1151 4.97676016180776 34.0097831669264 11.860417868942 ex
1152 4.36040076008067 19.4093676321208 4.7598758530803 ex
1153 15.7084811136592 29.746757601155 14.0114584302064 ex
1154 5.80886273272336 23.9912168579176 0.0989592848345637 ex
1155 8.70611334196292 24.0058393434156 6.06775556551293 ex
1156 1.32658599852584 26.1458323516417 7.48812073399313 ex
1157 13.0389405081514 27.1210276617203 9.14949452131987 ex
1158 6.4818208522629 29.0810002724174 9.75719660636969 ex
1159 17.1138417862821 29.4860180027317 7.48954751319252 ex
1160 0.211318236775696 30.2360951285809 1.05064017116092 ex
1161 5.24141285894439 19.0490626958199 8.85494516207837 ex
1162 8.42049175431021 21.6362619637512 1.89818983431906 ex
1163 3.54561164206825 18.3244036524557 7.01121452334337 ex
1164 14.4703946455847 25.1314469410572 11.3547726576217 ex
1165 15.9261952033266 20.8954668578226 4.48539796704426 ex
1166 14.4495126488619 29.6327171912417 5.47458851942793 ex
1167 1.65072421100922 29.5472361075226 8.88866384979337 ex
1168 17.0448272407521 22.3272145856172 8.52658473653719 ex
1169 14.47820086102 35.541070028441 13.5223767356947 ex
1170 8.20444237650372 24.044012584025 13.4344553013798 ex
1171 17.5632241426501 24.9035829678178 4.18891870207153 ex
1172 2.82495380844921 28.6086856259499 5.25837903586216 ex
1173 4.895050073741 19.9180786365177 0.693086734740064 ex
1174 0.000626037362962961 31.5005130942445 2.07751575834118 ex
1175 15.2140331238043 19.8071262380108 11.8535742866807 ex
1176 4.35870731645264 31.5031783366576 2.98105813167058 ex
1177 6.60709077632055 18.0346219160128 8.28737573232502 ex
1178 5.98119905614294 32.6458722236566 11.8591819477733 ex
1179 4.39820369333029 22.3184358326253 7.72699711308815 ex
1180 13.8258416829631 25.9709498498123 6.43402120028622 ex
1181 3.99128750828095 20.754240100272 9.0409655966796 ex
1182 12.9836381147616 34.2404329995625 10.9030535493512 ex
1183 7.95058438903652 18.9475410704035 6.15293967397884 ex
1184 8.18631767551415 20.3695430273656 7.40969574428163 ex
1185 8.1559433133807 29.2545183266047 12.7333381674252 ex
1186 17.8035029696766 32.832786017796 16.7753851367161 ex
1187 3.24266555742361 25.8676546807401 4.92839160584845 ex
1188 12.32257894543 23.8489026830066 11.720434862189 ex
1189 17.3325190164614 30.7703508946579 12.0043225060217 ex
1190 7.21772657870315 23.7883821662981 5.49446950899437 ex
1191 9.22597018047236 30.6418391689658 2.44876347179525 ex
1192 2.32307165232487 32.0272719133645 4.72111748531461 ex
1193 9.62488211062737 21.4226827842649 0.713539420627058 ex
1194 2.89053830271587 31.5320414046291 17.9294933211058 ex
1195 0.753893478773534 31.9794684869703 7.76612678915262 ex
1196 2.57473614555784 23.9644463362638 17.3902235622518 ex
1197 4.038047806127 34.9497097812127 9.40756512572989 ex
1198 9.60056885145605 33.8859647070058 0.962149143451825 ex
1199 14.7672945079394 26.599158690311 3.72810785192996 ex
1200 14.7207590306643 26.988520280458 0.181685806484893 ex
1201 14.0880186797585 26.7503754415084 14.2824409343302 ex
1202 1.67091563809663 32.4098198956344 3.47886405908503 ex
1203 4.22172531788237 22.9382802762557 9.48033842840232 ex
1204 6.72883336199448 21.4283742434345 1.91902486397885 ex
1205 11.7724018190056 34.3269044826739 16.2619922459126 ex
1206 2.04785867733881 25.5495244120248 6.93109771632589 ex
1207 16.9789734368678 25.2983941438142 16.0107074743137 ex
1208 1.96020089858212 35.7238408282865 14.3524838525336 ex
1209 6.00444550788961 22.9160462419968 7.68381978268735 ex
1210 10.3364436333068 27.0061370278709 12.5980837845709 ex
1211 8.37916803034022 27.8360599121079 2.42214766074903 ex
1212 12.1756120249629 21.9387661190704 14.9667918782216 ex
1213 1.61975637357682 32.2852858332917 8.18244189280085 ex
1214 14.0347588439472 34.7046916114632 11.9294308123644 ex
1215 11.6433932548389 22.1637734789401 6.32794575067237 ex
1216 7.40780428564176 25.9704145253636 6.627481947653 ex
1217 15.3734103357419 22.0953782333527 2.52524137799628 ex
1218 5.1508016565349 31.7683812556788 12.1301803069655 ex
1219 5.64108225447126 34.7706013491843 8.89385747839697 ex
1220 6.180140362354 22.027241390897 5.44565423857421 ex
1221 5.05213376833126 24.2763571415562 2.53374178614467 ex
1222 1.19693821156397 19.1857337621041 7.71993491752073 ex
1223 4.86743601853959 33.6804005438462 5.97691363166086 ex
1224 1.04348597861826 24.0093298547436 16.0513036604971 ex
1225 1.71887882915325 33.397685309872 8.07793645421043 ex
1226 17.9618429439142 18.878976773005 4.29412450827658 ex
1227 8.00522840069607 23.2524743920658 6.54141241661273 ex
1228 11.7745605106466 26.3652296476066 13.721631315304 ex
1229 8.87049698922783 27.1051088485401 17.6770053012297 ex
1230 7.03710983437486 21.5427532652393 5.0630601500161 ex
1231 1.87993968464434 22.3511939686723 13.5428164626937 ex
1232 10.0574877425097 33.9228295211215 4.59714998840354 ex
1233 8.58917118585669 25.8622682949062 3.70203551067971 ex
1234 9.5389265937265 26.1489132721908 9.64659518771805 ex
1235 13.039993877057 19.8440829070751 12.6344533558004 ex
1236 12.4103309505153 32.7286652983166 15.1785325102974 ex
1237 9.23159231920727 26.1686812476255 16.0135693927296 ex
1238 1.42122092633508 26.1267642183229 2.25128338788636 ex
1239 7.90716357086785 32.9019222301431 16.1980148090515 ex
1240 5.82844561641105 28.8068388744723 1.41072955820709 ex
1241 2.84236919437535 20.4887583763339 12.941603960935 ex
1242 8.96620368002914 35.8972782110795 15.7764443128835 ex
1243 7.37398492591456 30.0986681680661 10.7939219407272 ex
1244 10.6977248957846 24.3265735369641 4.33830617531203 ex
1245 7.06805428280495 20.8541342965327 3.59542898111977 ex
1246 0.437713677529246 26.8742182501592 9.82116646040231 ex
1247 3.6696235735435 27.2145231862087 15.573903511744 ex
1248 10.1200048504397 31.5743945664726 6.65298984479159 ex
1249 13.6750124292448 22.7361713594291 12.9540718388744 ex
1250 15.3109489441849 20.1974533377215 7.88956703618169 ex
1251 12.3287773900665 29.4014143270906 7.4216355397366 ex
1252 16.8997019119561 28.7184399785474 2.38902789284475 ex
1253 10.7463260432705 35.8804284443613 11.1612889156677 ex
1254 8.84874688042328 31.7350333859213 7.41662565269507 ex
1255 16.0322653746698 18.1052726726048 10.7812281334773 ex
1256 6.84497783822007 25.9442527918145 10.8844576515257 ex
1257 17.2099287970923 23.786648969166 3.72852810053155 ex
1258 1.25018508383073 20.2154653179459 15.8095651527401 ex
1259 1.7366213996429 18.7145256756339 0.547643700847402 ex
1260 7.51286545093171 24.8723054835573 6.7714172929991 ex
1261 8.48172861221246 33.5671732553747 3.38849570788443 ex
1262 9.20891399565153 20.0434764188249 11.9974256744608 ex
1263 5.57055348716676 34.1458623255603 1.7999671397265 ex
1264 7.29172889189795 34.7114164554514 13.9228668555152 ex
1265 2.99217921867967 26.2127350748051 15.4708214411512 ex
1266 6.1321967614349 23.3693617733661 15.0560725047253 ex
1267 5.7438567657955 30.1829305265564 4.9532446754165 ex
1268 13.5496194206644 35.3595911781304 16.062351773493 ex
1269 4.55026182881556 18.5692101838067 3.36750293080695 ex
1270 12.2899100533687 25.0614349446259 16.0535981331486 ex
1271 6.60871316795237 27.4059469769709 17.0388861454558 ex
1272 12.920633250149 19.6489976821467 12.110590960132 ex
1273 3.31506317132153 33.4962866296992 11.6637377301231 ex
1274 9.24561506463215 19.146884878166 12.2270438007545 ex
1275 13.5843247820158 26.5483505127486 9.37793043721467 ex
1276 13.5821465107147 32.7670676803682 13.4879464379046 ex
1277 8.52933697891422 27.2858907319605 8.6758005337324 ex
1278 16.0253454882186 29.9196677466389 9.23084312514402 ex
1279 4.13915012055077 24.7786996252835 10.2644742203411 ex
1280 12.0469993252773 22.342297581723 3.03478570841253 ex
1281 15.4506459762342 23.3371813225094 17.008283117786 ex
1282 4.05240012076683 28.4688812217209 8.86372433719225 ex
1283 9.97478273580782 33.4443681326229 6.70349485939369 ex
1284 17.1435288705397 31.0719437324442 16.1915062696207 ex
1285 7.40373495058157 32.8633163764607 6.04041083226912 ex
1286 1.1349291135557 31.6608633573633 11.6469318724703 ex
1287 9.78301501763053 23.8815205746796 15.3672224190086 ex
1288 17.54205849953 28.7951133963652 2.75125613925047 ex
1289 1.64647004194558 22.7349763193633 17.6141192561481 ex
1290 15.2476971021388 21.4662424097769 7.56925737299025 ex
1291 1.39213972422294 18.273914747173 9.15085015189834 ex
1292 0.0604472937993705 26.0789698904846 5.5361774826888 ex
1293 4.56064646667801 32.1184894547332 6.81840655417182 ex
1294 5.09315527626313 34.0849889181554 16.2941796199884 ex
1295 8.83543466962874 34.4140478547197 16.2351710714865 ex
1296 14.2501995242201 24.7930219578557 8.88082904717885 ex
1297 13.9999674223363 35.4425483897794 1.98239454929717 ex
1298 9.35402588266879 26.8389288142789 4.59735525865108 ex
1299 14.9859374947846 18.9930409532972 17.639125254238 ex
1300 4.64932534494437 26.0585477284621 3.16706562577747 ex
1301 10.6435885021929 25.4989057206549 12.2219776588026 ex
1302 10.991883584531 18.7516307216138 3.2562366486527 ex
1303 13.3731647680979 23.6184566454031 12.1731458548456 ex
1304 9.41095242882147 22.8148779857438 17.1575254600029 ex
1305 4.76625373959541 18.3331903000362 8.34849282423966 ex
1306 13.6795077407733 32.6729349670932 3.42446554894559 ex
1307 15.2086616696324 35.7442197687924 13.2971709873527 ex
1308 16.6349688912742 20.494976422051 11.7728885596152 ex
1309 6.4295649214182 20.749838761054 3.82553044753149 ex
1310 3.32835122384131 30.8557542725466 16.3010031273589 ex
1311 10.8529337740038 25.8827186885756 2.12111673224717 ex
1312 15.4821003666148 27.7705016308464 14.6095060980879 ex
1313 0.27383756171912 35.3653455190361 14.5331677992363 ex
1314 2.59856535354629 30.0562481053639 10.6751111233607 ex
1315 3.23891686252318 33.1252991571091 17.8510861925315 ex
1316 3.55435620201752 28.9553031672258 3.83903423184529 ex
1317 17.7197505449876 19.0423326129094 9.20918718422763 ex
1318 2.43754592770711 31.5487041166052 1.16508584679104 ex
1319 4.57582339085639 33.8862376431935 11.5635562120005 ex
1320 5.89131162082776 19.01449290663 3.41618631384335 ex
1321 4.77339442586526 22.3781886755023 11.3277865655255 ex
1322 2.18561250460334 26.4694720264524 11.1717803387437 ex
1323 6.06938846386038 34.6387739682104 14.4844973296858 ex
1324 0.516826163977385 28.6589460822288 13.8085350829642 ex
1325 15.1384325569961 25.3354241787456 7.12653846363537 ex
1326 0.13772553182207 33.9403151716106 6.3982697960455 ex
1327 15.6078038192354 34.3075932133943 8.60364758013748 ex
1328 16.565609739162 23.3643635464832 1.28635101765394 ex
1329 5.39064394170418 35.4220793710556 14.2597143389285 ex
1330 5.59816693374887 26.652751956135 12.4141217442229 ex
1331 10.8784257329535 26.0992673593573 10.5443971632048 ex
1332 15.8179289142136 29.1679638482165 8.4721746952273 ex
1333 0.21049145818688 24.6717869122513 0.330739460885525 ex
1334 14.5372383147478 30.1676300794352 17.1912587785628 ex
1335 11.1734311021864 23.010895691812 11.2515298456419 ex
1336 6.40909929107875 19.752027523471 1.01509385928512 ex
1337 0.83084216970019 29.2855752885807 3.65486959042028 ex
1338 11.9909614017233 31.8327382288408 1.54068832774647 ex
1339 10.8812475495506 22.4603009587154 14.0427382243797 ex
1340 2.28515547048301 28.4293534692843 12.0795787242241 ex
1341 1.29952004784718 35.3811871688813 0.321356088854373 ex
1342 16.2455606672447 18.2280958157498 6.67205902514979 ex
1343 8.33351475163363 23.5181874486152 3.10635671834461 ex
1344 9.21823009103537 24.1293989249971 10.722205581842 ex
1345 7.74075792869553 22.9431654084474 13.3986042633187 ex
1346 2.10374875133857 34.7534542600624 3.82056959997863 ex
1347 4.50713472533971 22.7786711649969 5.66113405744545 ex
1348 16.2370117083192 22.9540625433438 9.89005365571938 ex
1349 11.0623325929046 21.0012107891962 11.6042409238871 ex
1350 4.4718535093125 21.4199233902618 5.33566158381291 ex
1351 5.31427512364462 28.5355160762556 13.1518201588187 ex
1352 8.85889321984723 22.342963405652 7.56030121026561 ex
1353 4.1748787839897 29.3997939168476 15.3526688993443 ex
1354 10.514082650654 31.4705861194525 9.27248041448183 ex
1355 13.0636471800972 23.5888941956218 4.47935608425178 ex
1356 15.6562364681158 30.8712003589608 11.6485898173414 ex
1357 5.43535460787825 23.1757169254124 12.3098004970234 ex
1358 13.2299910441507 20.5337625592947 6.50991881475784 ex
1359 4.09931145235896 18.5261179883964 6.8723293908406 ex
1360 14.9953811569139 24.8211171443108 13.1272736038081 ex
1361 15.0239501574542 22.234587700339 4.38347138743848 ex
1362 3.82369128731079 34.5126275806688 6.47642655181699 ex
1363 17.2083367239684 31.3325013881549 4.69144373573363 ex
1364 9.83818971924484 23.0431005179416 7.33133481163532 ex
1365 0.720973899820819 24.4864137293771 16.3552321654279 ex
1366 13.3467607309576 25.704751040088 14.4464352508076 ex
1367 6.88901631883346 26.9448123574257 11.7172385246959 ex
1368 5.43002912844531 33.7005366776139 17.1633752093185 ex
1369 10.0258302369621 26.0577950968873 7.44187519187108 ex
1370 6.49536437215284 29.7788667154964 14.7330839275382 ex
1371 10.8859540214762 26.4134896844625 2.8406835172791 ex
1372 3.14572857809253 23.0950564274099 5.49032763834111 ex
1373 7.43258680519648 19.8775003680494 10.3102578546386 ex
1374 13.4059622397181 18.5410151917022 10.8129401090555 ex
1375 6.40637993207201 31.1221568619367 11.9642462804914 ex
1376 7.76212336262688 20.9264359832741 1.3314849443268 ex
1377 3.28850445640273 18.0792155750096 1.02722071576864 ex
1378 8.25718448660336 21.6313654363621 3.89166993321851 ex
1379 4.06635795044713 19.7519145326223 14.8734464927111 ex
1380 10.1893969580997 33.3018807682674 15.3727172615472 ex
1381 13.2054582657292 20.8657876136713 3.05433438415639 ex
1382 15.1042861549649 32.4778738599271 14.1511156833731 ex
1383 16.8325005609076 23.4125019602943 4.21788807562552 ex
1384 11.7320472998545 29.877265568357 0.423803729005158 ex
1385 9.84731025574729 31.8053991703782 16.4819522551261 ex
1386 8.36876628315076 32.5742999797221 12.2932653566822 ex
1387 16.4369136218447 30.6888850510586 15.2095829725731 ex
1388 12.1590119074099 32.2226044307463 9.14965929766186 ex
1389 13.7294650597032 18.1714345591608 5.28660944593139 ex
1390 5.96764470427297 26.6351951307151 10.9356271326542 ex
1391 6.13267183094285 31.953990459675 9.3544937192928 ex
1392 4.87761392397806 23.1245339445304 17.4591821748763 ex
1393 8.0105525648687 23.0970560207497 7.26951107243076 ex
1394 14.7563346072566 25.3302151341923 17.3808864161838 ex
1395 16.8060470847413 21.9097480233759 1.19463071972132 ex
1396 5.26982591790147 33.6229442190379 12.4512780469377 ex
1397 5.02012866339646 23.5014631922822 4.68136700685136 ex
1398 5.92749960883521 23.9036539364606 2.94378759548999 ex
1399 3.73353212792426 30.9791469404008 11.9575933995657 ex
1400 14.0002805483527 35.6768611776643 17.3883048016578 ex
1401 3.66854192130268 33.1417392664589 7.58791101025417 ex
1402 17.6353915922809 28.9398160350975 5.10554384067655 ex
1403 4.72386612277478 28.3869523506146 0.640075584640726 ex
1404 3.51175611489452 28.8529096057173 17.878766350681 ex
1405 15.8006189642474 21.3128401995637 5.8457754033152 ex
1406 4.45697014406323 32.6514909600373 15.8200098322704 ex
1407 2.01754187908955 30.1405639038421 12.95187884802 ex
1408 15.0589424788486 27.9712783135474 9.09606446838006 ex
1409 5.12950971373357 20.4391833432019 5.7788694370538 ex
1410 8.54606663715094 32.2873784576077 16.6916235454846 ex
1411 7.85123394639231 34.5723349235486 8.40855228388682 ex
1412 7.89619483961724 19.6804275624454 17.6470128830988 ex
1413 8.89125056215562 34.6856947508641 12.2744363194797 ex
1414 14.8104330603965 35.0177969723009 14.6318923286162 ex
1415 16.7258036506828 32.8900212345179 4.46783613669686 ex
1416 9.92389325238764 25.7512821503915 3.28281179303303 ex
1417 12.2424021873157 30.1455913027748 8.62915786448866 ex
1418 3.74770070123486 23.0279811411165 3.36961040715687 ex
1419 15.6364585636184 25.166160015855 6.16072244779207 ex
1420 17.1544391468633 25.4170068784151 3.71562094800174 ex
1421 9.22356469649822 35.38689430058 11.4853279809467 ex
1422 15.2379582917783 31.5624018528033 13.8230770279188 ex
1423 13.4100978241768 19.0428948351182 9.63404636480846 ex
1424 7.15841910126619 30.9653746082913 5.30476457090117 ex
1425 14.6973002138548 34.2801057528704 4.0224290646147 ex
1426 2.60348139191046 20.6552896844223 16.1273717528675 ex
1427 8.52208414929919 32.0005837089848 0.560649613384157 ex
1428 17.7975504593924 25.176902717445 15.5384444731753 ex
1429 14.2009994408581 19.1057389881462 11.7444523940794 ex
1430 15.439854191849 18.980055602733 12.0260598787572 ex
1431 14.5690937631298 21.473875711672 10.8139597552363 ex
1432 16.3544671847485 31.8169945080299 5.04767089546658 ex
1433 8.59950343798846 33.4093022830784 8.56135036703199 ex
1434 9.37805824843235 22.5758992405608 13.8054529754445 ex
1435 6.00556791992858 22.655116867274 0.913555434206501 ex
1436 5.65170252113603 18.0679274583235 3.8476816653274 ex
1437 11.933294207789 19.9572837033775 12.6569847883657 ex
1438 2.69495650543831 21.0298614860512 13.1359789173584 ex
1439 17.6740834570955 31.5996704441495 11.1679724252317 ex
1440 0.335748855024576 22.6311465271283 5.77786285802722 ex
1441 15.6812549170572 18.2428663647734 10.1944374884479 ex
1442 7.85468014096841 26.2912585125305 1.79143360210583 ex
1443 5.90973841678351 34.5491926143877 7.91789522720501 ex
1444 15.7481854879297 26.5315663712099 15.5681646491867 ex
1445 4.49955114000477 31.494949422311 1.23387598083355 ex
1446 7.58505612192675 33.0005026499275 16.0808040788397 ex
1447 2.68692209315486 20.4775836546905 8.75495659257285 ex
1448 3.34798459685408 33.1816411085892 3.79025176051073 ex
1449 1.27741677151062 23.0341955432668 4.52480584429577 ex
1450 16.0730541534722 24.8954517932143 17.6127496112604 ex
1451 6.21937481523491 33.6401161530521 14.0867161271162 ex
1452 9.9323763186112 19.9767412110232 14.8045629432891 ex
1453 3.42058765795082 28.9985541750211 16.8472320209257 ex
1454 6.54218723322265 28.9209574160632 2.80747188418172 ex
1455 6.09730621171184 25.1573916242924 14.5699428587686 ex
1456 3.65003548027016 35.8972737372387 17.193588853348 ex
1457 1.5490057466086 27.8123332902323 4.09948080009781 ex
1458 16.2945941388607 35.2351104782429 17.6552071091719 ex
1459 17.6199443656951 33.9685717055108 9.84678889205679 ex
1460 1.72703803377226 31.4559950681869 4.87310435133986 ex
1461 16.2808773575816 26.8768949222285 10.5516317759175 ex
1462 16.3188914698549 32.1366666767281 8.1477277954109 ex
1463 6.74931993288919 19.9220522199757 5.54776894394308 ex
1464 4.90151483612135 25.8250798012596 5.46834387350827 ex
1465 15.9819123419002 22.9545300980099 15.745938688051 ex
1466 3.44346461165696 33.6035267452244 0.920728196855634 ex
1467 2.26576117170043 21.4781566287857 2.87184333079495 ex
1468 13.7504585231654 26.6990856227931 6.5760200782679 ex
1469 12.4963747013826 24.6775462634396 13.8914560829289 ex
1470 9.95363140432164 28.588537883712 11.5786043910775 ex
1471 17.7507535109762 23.5547945618164 12.9373485613614 ex
1472 7.59359370847233 28.4328030995093 1.79889471665956 ex
1473 8.376484493725 32.4006141184364 11.3783991970122 ex
1474 9.6756670367904 29.9242385535035 12.5992368631996 ex
1475 1.91584202111699 33.7164146448486 4.20816438016482 ex
1476 9.54079157207161 27.47709315666 12.2238686080091 ex
1477 15.7525814378168 28.2600306724198 1.63398251147009 ex
1478 16.0796060988214 33.1080095295329 13.9402041097637 ex
1479 10.6986425472423 27.952686968958 9.96954725193791 ex
1480 4.53843067004345 30.6274962131865 14.6294632768258 ex
1481 16.6519626362715 28.4710478619672 15.8549930725712 ex
1482 6.73732075560838 19.7549279362429 2.12779871514067 ex
1483 13.4652890993748 26.7654949608259 11.5977637448814 ex
1484 2.38839006354101 24.2053396792617 17.2374946828932 ex
1485 1.23188371839933 28.9299243970308 16.9726384698879 ex
1486 10.9043439428788 34.8180025857873 9.05617387616076 ex
1487 11.9935897046234 23.5567504982464 1.71502806711942 ex
1488 16.151207275223 28.8297288657632 0.0497304385062307 ex
1489 9.10382722667418 24.8094558811281 16.3106240953784 ex
1490 16.5615610145032 30.0751820448786 14.2723972019739 ex
1491 11.5065347868949 29.1632695461158 15.4204244206194 ex
1492 9.12223541270941 22.3447884703055 2.61275095888413 ex
1493 2.57046965649351 23.1212639976293 5.81667815800756 ex
1494 17.819265114842 29.7596966493875 15.4335172036663 ex
1495 15.9096000827849 32.1413263152353 7.32596658309922 ex
1496 10.529649007367 23.6999520345125 14.3162651446182 ex
1497 2.5225414512679 28.3692897949368 0.557121676392853 ex
1498 10.6226126006804 18.2174536625389 7.12987944995984 ex
1499 1.33651369391009 25.1907347980887 16.2911903846543 ex
1500 12.8342603475321 27.576444682898 15.6002856255509 ex
1501 6.10430262354203 22.6047977909911 10.2556144008413 ex
1502 2.0684509454295 32.0119077672716 6.39318730030209 ex
1503 12.6241945426445 19.9852192641702 14.9751034090295 ex
1504 10.9238913410809 23.0542926525231 15.6730452200864 ex
1505 17.1678202131297 26.9995908688288 1.51122679328546 ex
1506 7.017606272595 18.5022723970469 9.97886202321388 ex
1507 15.2818412445486 29.0929938289337 5.94887573015876 ex
1508 8.81811358989216 28.7169584995136 6.42220793990418 ex
1509 4.40482784458436 34.3710618347395 14.5448202281259 ex
1510 7.3595967637375 35.1129336217418 2.10087411501445 ex
1511 11.3528946859296 30.0351194082759 17.6374317840673 ex
1512 16.0964827234857 22.2966202055104 16.5198890841566 ex
1513 11.0515361444559 23.4466892613564 2.87119753286242 ex
1514 15.8987955341581 24.6513238239568 15.6138766987715 ex
1515 15.9425880650524 22.1960964654572 8.94186254870147 ex
1516 1.18870377913117 32.6381778107025 5.0788327131886 ex
1517 5.76120821246877 34.0821754015051 5.33869915921241 ex
1518 7.5519017286133 30.5387471907306 16.8577790667769 ex
1519 5.21975745842792 22.419293895131 5.82157776644453 ex
1520 13.7664812274743 33.3723494841252 3.84826227393933 ex
1521 13.7747651056852 32.7676373820286 6.86704890988767 ex
1522 8.84407721995376 22.3917904656846 6.56582926912233 ex
1523 15.7838636396918 29.2106105957646 10.9486770271324 ex
1524 3.72481657844037 30.7344221614767 15.2853854738642 ex
1525 14.9652752492111 23.8014634507708 6.21972704888321 ex
1526 0.098548419540748 30.4140235129744 7.90817223023623 ex
1527 8.78429637895897 33.7406198976096 2.61211087787524 ex
1528 15.4022564357147 18.4207278094254 2.12818528688513 ex
1529 15.1284189864527 32.0647456026636 11.6825567772612 ex
1530 13.0379307051189 28.9967650778126 7.71792507031932 ex
1531 12.2577114088926 25.4979620689992 15.6567732773256 ex
1532 0.591661841375753 33.2399878168944 7.39311682572588 ex
1533 12.9439124797937 27.4304760738742 17.3268329740968 ex
1534 7.97997778584249 20.8762130297255 9.23224362358451 ex
1535 16.5249067621771 32.2700485540554 0.371735564665869 ex
1536 6.2714907862246 22.9213091591373 9.10169916180894 ex
1537 11.9621871067211 21.8143397795502 4.78042432852089 ex
1538 8.2268278603442 20.1014408979099 16.4034870145842 ex
1539 7.01821921393275 22.1737911368255 2.4621211993508 ex
1540 12.0408479978796 32.149912628578 1.11794391437434 ex
1541 16.414368591737 34.2948052119464 7.02774954633787 ex
1542 8.65317625878379 34.7058449487668 14.3440277480986 ex
1543 4.407788971439 34.4302711444907 2.35405314341187 ex
1544 6.76466695847921 24.5459243450314 11.6861882004887 ex
1545 3.15884083346464 22.6760118138045 7.79702513269149 ex
1546 13.1745212986134 21.2199546338525 16.6433711191639 ex
1547 6.19829636788927 34.986485540634 4.84683060320094 ex
1548 15.6377532898914 31.7936213985085 2.59610457974486 ex
1549 12.3237100266851 28.2694369151723 7.88358616060577 ex
1550 12.2936127972789 23.4606830680277 2.40632303501479 ex
1551 17.6201080521569 34.8822288732044 3.19673727755435 ex
1552 0.514885288896039 20.4860834865831 10.1836983044632 ex
1553 11.5255994831678 31.7400236965623 2.72100627445616 ex
1554 1.40317618148401 19.7488275978249 4.72906187968329 ex
1555 8.37833072268404 28.4060370780062 11.9602151892614 ex
1556 6.02617147145793 25.8977371538058 15.6002097385935 ex
1557 12.3018567452673 28.7779573455919 11.4480051414575 ex
1558 13.2467727123294 28.7951831466053 3.06954278680496 ex
1559 14.3700799678918 30.6743017320987 16.2984626293182 ex
1560 4.29033261514269 26.7126643592492 8.40751476236619 ex
1561 4.96920211729594 33.6406293162145 6.39898429415189 ex
1562 16.4381033745594 18.6411657338031 14.3601486801635 ex
1563 4.12550664902665 23.9582420333754 3.71137520624325 ex
1564 9.51568752923049 34.6764685569797 9.3313371737022 ex
1565 7.64263932057656 30.2664391496219 4.20210765418597 ex
1566 6.83973460737616 32.6271843414288 5.49377604108304 ex
1567 0.529513577930629 19.5731975275557 2.20168984378688 ex
1568 15.4177073149476 18.3804677489679 0.732024640310556 ex
1569 5.42698160419241 18.0405669608153 7.24432048527524 ex
1570 14.6010011949111 34.4250208367594 16.0478523224592 ex
1571 3.49968409794383 23.5598407150246 17.3317595394328 ex
1572 10.7894235255662 32.8188812120352 1.25977528910153 ex
1573 8.23989390279166 27.6150874781888 0.738061842508614 ex
1574 13.3867020881735 27.5595266851597 12.8226839967538 ex
1575 0.952654920285568 21.9527734988369 3.51882830983959 ex
1576 1.77380778640509 32.0761211838108 13.3202487302478 ex
1577 13.3383224322461 35.5600854831282 17.3556361470837 ex
1578 8.21652988065034 27.124408087926 15.4740185218398 ex
1579 9.8033880633302 25.762243863428 9.59521401929669 ex
1580 12.3189513715915 34.5934467168991 15.3842032945249 ex
1581 14.5577155139763 24.0694662150927 16.1868884738069 ex
1582 1.01208737818524 20.7052079276182 5.77822359022684 ex
1583 15.7565336935222 23.4444686523639 12.573812216986 ex
1584 17.5664724479429 29.4112347513437 13.2058906417806 ex
1585 4.14996481197886 23.7078744787723 6.02394923241809 ex
1586 17.4560442441143 20.4325103037991 5.89508702070452 ex
1587 2.76359474705532 30.7228847884107 11.0564654988702 ex
1588 10.7866384622175 25.1396772654261 17.381452657748 ex
1589 10.3200836330652 24.7730822374579 15.9626277824864 ex
1590 13.6489746205043 35.2866281305905 13.8977186980192 ex
1591 8.69171724072658 35.3348227627575 0.991910087643191 ex
1592 15.9820247183088 34.366867367411 9.21924727549776 ex
1593 7.49197702878155 35.540972329909 10.4325527977198 ex
1594 14.1023070542142 32.0045932652429 0.894235928310081 ex
1595 8.17581346957013 20.8111540824175 15.9384303849656 ex
1596 2.22942767152563 25.3912013473455 4.08807578892447 ex
1597 9.24016818031669 20.0048322235234 17.0627575952094 ex
1598 12.1282798082102 25.3402535240166 4.33993127895519 ex
1599 5.58630833192728 18.079863832565 11.1143357316032 ex
1600 2.10449051088654 23.9220707716886 0.790580097353086 ex
1601 4.89177999016829 23.4534245184623 10.8143404696602 ex
1602 8.65898647787981 24.0477549028583 17.7384432379622 ex
1603 4.49602663307451 27.5133403090294 6.95828280015849 ex
1604 4.85471349628642 21.9671769288834 7.38716405397281 ex
1605 8.38510251417756 21.2682915192563 6.8923587272875 ex
1606 0.671932789962739 18.4798442374449 0.591401926474646 ex
1607 14.5222825419623 22.3079093908891 6.43378885067068 ex
1608 4.20599431986921 26.8012877793517 10.5338014210574 ex
1609 10.5158886441495 25.3051195186563 8.29229912627488 ex
1610 11.1577042832505 29.3001765205991 5.07047992665321 ex
1611 5.12734945095144 20.3858675351366 0.914529110770673 ex
1612 8.20482034888119 29.2632363259327 15.6667889293749 ex
1613 15.902635633247 24.7483153860085 11.45956418477 ex
1614 17.7168175939005 34.6815222050063 6.20833071949892 ex
1615 14.5611355779693 18.8348237371538 14.0532058568206 ex
1616 7.60565814608708 31.8379559710156 5.22723134164698 ex
1617 5.03413751255721 28.5120408332441 9.14663200243376 ex
1618 1.15163115831092 28.5194042194635 10.0350720209535 ex
1619 10.8342525835615 26.7174830578733 11.7987198706251 ex
1620 17.8780298659112 30.2009268603288 7.21591708576307 ex
1621 4.65420927945524 34.2521142126061 15.4736090479419 ex
1622 13.9832902308553 26.6786069155205 10.7541566612199 ex
1623 17.385765619576 29.2966321688145 17.7526320528705 ex
1624 4.09353836625814 24.4311419993173 2.48731117881835 ex
1625 4.34762398456223 35.0102983366232 0.131359832361341 ex
1626 14.6846102946438 20.9118548785336 16.7253557920922 ex
1627 1.69817155087367 19.0537646156736 15.8761034652125 ex
1628 14.3479857956991 20.2598462367896 14.6952535468154 ex
1629 4.97335125156678 21.4454754178878 12.9163479215931 ex
1630 8.53344936924987 35.3937852319796 5.43982176040299 ex
1631 11.9086491453927 20.1361364729237 8.78865864081308 ex
1632 14.2015238236636 30.9280992834829 2.83942132024094 ex
1633 0.216676941607147 19.3429311527871 6.59850742039271 ex
1634 6.67765446775593 31.0502718801145 4.24432903202251 ex
1635 9.36078393319622 31.0013639873359 9.8774345763959 ex
1636 0.856724724406376 27.5132164270617 14.9968165853061 ex
1637 4.51827793172561 34.2175651115831 4.51396975852549 ex
1638 11.1179978470318 23.7790515504312 7.99543795641512 ex
1639 12.1758714313619 26.6268862162251 7.97193976864219 ex
1640 7.32237197179347 26.8943445493933 6.08534737443551 ex
1641 14.2426979760639 24.2459495230578 0.290863343747333 ex
1642 1.85109437420033 33.5171620859765 1.0119682548102 ex
1643 7.34916683332995 33.3832153014373 4.03289655223489 ex
1644 14.5558286714368 34.1721458744723 7.95492288726382 ex
1645 2.2657648101449 20.8697144596372 7.95340033643879 ex
1646 17.4877781472169 22.4083493049257 2.6949795614928 ex
1647 14.0740900211968 35.8707526493818 10.8119010359515 ex
1648 9.84916336741298 34.282139999792 12.1811587153934 ex
1649 17.5248640512582 34.5228512643371 14.0009507678915 ex
1650 12.7416515857913 31.7613089771476 1.11721573863178 ex
1651 13.6242821402848 18.2230908600613 15.6456459036563 ex
1652 15.8356829765253 27.6172302819323 13.1715556883719 ex
1653 7.33109588758089 31.8618759962264 17.1110040755011 ex
1654 3.84550173254684 34.2750913682394 10.9986204206944 ex
1655 1.87816171790473 22.0066798962653 8.85119334841147 ex
1656 1.94337909016758 22.6228906861506 3.39163323678076 ex
1657 0.518175479723141 27.0916111695115 0.745585322612897 ex
1658 12.5374024512712 28.8426909141708 13.9081664448604 ex
1659 10.9473546308 19.6977258943953 2.45608401345089 ex
1660 17.7962715339381 23.0211845263839 0.276509128976613 ex
1661 8.57731387228705 22.8267423382495 15.1065189272631 ex
1662 1.85973675153218 22.8812435369473 0.803876493126154 ex
1663 5.48466532514431 31.4410514058545 6.05519809853286 ex
1664 8.41112977289595 31.5563767200802 1.05544678075239 ex
1665 16.6422580610961 31.7384833183605 4.52694613998756 ex
1666 16.5670537333935 18.6820376061369 4.6111644518096 ex
1667 3.04343416518532 19.9835004664492 8.96782594406977 ex
1668 16.9795847043861 33.4929384270217 5.94362908811308 ex
1669 9.36034318711609 32.8324279200751 8.18945582676679 ex
1670 4.14403798873536 26.2999108869117 14.0039653691929 ex
1671 14.7306226070505 28.1070321311709 11.06157151144 ex
1672 0.727006637491286 24.8135665461887 6.34185007726774 ex
1673 10.942223212216 29.9890207541175 8.76594923762605 ex
1674 11.1149393382948 21.1083024172112 10.3978976728395 ex
1675 1.6872325472068 31.2219037674367 14.8497479127254 ex
1676 10.3556314650923 23.922823702218 16.9603490680456 ex
1677 0.864612409844995 19.4829198056832 0.0371005688793957 ex
1678 6.22383602196351 30.1206421330571 10.9681133073755 ex
1679 8.7618789204862 31.3047820497304 12.3928756853566 ex
1680 7.94238566281274 30.3940244473051 11.6426372712012 ex
1681 5.00232446845621 18.7827495336533 10.7537142366637 ex
1682 17.2455237279646 23.2584507630672 1.08427840238437 ex
1683 2.30363942426629 30.5013208915479 0.799330292269588 ex
1684 17.6819836325012 32.1863391355146 1.79825823637657 ex
1685 15.0568873758893 19.832060405286 13.9905003304593 ex
1686 14.5039300625212 25.0117193365004 12.596422126051 ex
1687 5.82548772729933 34.6245453979354 2.08325559506193 ex
1688 3.42139874538407 19.0784866525792 12.3942035518121 ex
1689 13.0410519754514 23.0912333596498 10.4056525153574 ex
1690 7.14642382063903 34.9140424625948 9.70479002618231 ex
1691 8.6433520282153 28.3252868510317 2.0969514506869 ex
1692 6.63132678437978 34.9970676072408 0.699374286225066 ex
1693 10.2725301012397 20.5972024244256 2.83512631454505 ex
1694 14.728056328604 18.601516705472 3.73117669764906 ex
1695 15.4298455666285 31.0900629358366 0.098841727944091 ex
1696 9.31963856844231 21.434028400341 12.3905911578331 ex
1697 12.3178641116247 19.9264082734007 5.29274833435193 ex
1698 6.6163326355163 18.4407809306867 9.02905234554783 ex
1699 9.96401873184368 22.868779161945 1.6532858919818 ex
1700 8.75125842774287 23.8864406868815 15.4490356715396 ex
1701 15.7024718790781 35.0966111149173 17.8153635819908 ex
1702 10.0216957221273 25.2173834284768 13.7760012568906 ex
1703 4.14834715938196 27.2230136564467 0.337250357493758 ex
1704 12.0125772962347 23.5509550345596 7.22420644480735 ex
1705 9.9228231178131 32.7292737984098 7.34932548413053 ex
1706 15.8943884572946 24.9649419595953 14.7673563347198 ex
1707 15.1844039014541 28.3895828379318 11.2512465091422 ex
1708 17.3003664899152 27.2463081507012 12.3869367414154 ex
1709 10.9553839035798 23.7243197401986 0.616198617732152 ex
1710 12.5933554917574 23.2768717012368 15.4224494118243 ex
1711 5.21507777273655 21.8141569569707 0.872790132882074 ex
1712 9.71072088461369 35.7437595699448 5.73456804500893 ex
1713 11.4045880490448 22.4296189721208 0.923136594006792 ex
1714 3.65155528089963 30.3464195032138 13.4244510179851 ex
1715 16.933861363912 27.9372346196324 1.02091765846126 ex
1716 6.50497908610851 24.8129617448431 4.64215733925812 ex
1717 6.49203775054775 33.9386191887315 4.98325383290648 ex
1718 10.0445133580361 27.4218739045318 16.5828326854389 ex
1719 17.4490839981008 19.9174718884751 11.4173457995057 ex
1720 11.9855970761273 21.8579946120735 6.31585129746236 ex
1721 7.33188569988124 20.4045503102243 8.81195142609067 ex
1722 2.73616801993921 32.8606317804661 9.41669538337737 ex
1723 4.42854281910695 19.7665439026896 10.6921443119645 ex
1724 9.2622777915094 24.6979123603087 4.77390745282173 ex
1725 1.95020292070694 35.5948854563758 17.2745082722977 ex
1726 6.51742719323374 24.0723829290364 13.6482560606673 ex
1727 7.32213167170994 21.420259261271 11.2448326253798 ex
1728 2.01463559712283 33.1322265744675 5.56522821751423 ex
1729 16.7172489766963 22.5234795999713 7.89654162107036 ex
1730 4.71126502635889 34.8981509616133 3.57804943947122 ex
1731 15.4575863317586 19.6529914122075 1.14923930121586 ex
1732 9.54643964325078 30.2761111792643 17.9377155655529 ex
1733 5.79009033506736 25.2026768964715 6.83789310907014 ex
1734 12.3718760805205 28.3184937650803 4.01461288216524 ex
1735 3.6208995776251 34.7102802500594 0.835337079362944 ex
1736 11.4197959122248 21.6575455239508 13.287098897621 ex
1737 0.54728453210555 22.9900921974331 7.44769523525611 ex
1738 2.81867701094598 18.9200728118885 0.185988677898422 ex
1739 5.35813300730661 24.3571766696405 4.40171525557525 ex
1740 12.324758987641 26.2855013592634 5.59899355773814 ex
1741 8.96804354269989 33.5488444066141 16.1865181904286 ex
1742 10.3035601431038 32.191223841859 5.93787807272747 ex
1743 17.2960322115105 24.3731910705101 8.60595757793635 ex
1744 8.70983441313729 26.6626712759025 7.53567448421381 ex
1745 9.93091768957675 22.3928084752988 16.4558742442168 ex
1746 4.36920821294188 27.8897102577612 5.57112023234367 ex
1747 12.8212215190288 35.9684268590063 2.95684919087216 ex
1748 4.22376871947199 22.5214266267139 14.7200282919221 ex
1749 15.8354378552176 24.4844229354057 8.86413298454136 ex
1750 7.60991687537171 21.2313508177176 8.07946299668401 ex
1751 14.9631864049006 23.1578151211143 1.13955713086762 ex
1752 5.79060628404841 20.87234059209 7.75524607324041 ex
1753 17.7165012888145 20.0483826778363 8.13725172146223 ex
1754 10.7595550562255 20.0671970329713 5.26407903153449 ex
1755 8.41558150714263 30.6912717681844 10.1485872829799 ex
1756 7.96368115697987 34.5949346148409 6.25171409361064 ex
1757 10.1533148663584 30.8674981810618 1.11090175528079 ex
1758 4.98946127481759 28.3472506110556 6.55358035629615 ex
1759 0.744147018296644 20.5205966767389 16.1485452037305 ex
1760 17.0551010726485 26.6953359534964 17.5052564530633 ex
1761 14.4060241610277 22.2652324717492 2.30059876316227 ex
1762 13.1571776873898 20.5939778971951 13.9374267591629 ex
1763 17.2336154503282 29.8647845955566 2.86442578141578 ex
1764 9.41756038996391 25.6990078329109 13.2895002928562 ex
1765 5.50266254832968 18.0406096531078 6.02761609340087 ex
1766 17.556681917049 28.9282497107051 12.9505874705501 ex
1767 12.1686648065224 24.5338688187767 2.92570162960328 ex
1768 1.02961199032143 19.0628638963681 9.41882000584155 ex
1769 17.9911224509124 28.9422617251985 9.61215545260347 ex
1770 7.77991970884614 27.0248662936501 17.9492308481131 ex
1771 9.22671249252744 21.6104706216138 16.6298849682789 ex
1772 11.4717863439582 18.0670876496006 2.47320467489772 ex
1773 10.1151222852059 27.6051411814988 7.83895547222346 ex
1774 7.72480991319753 27.7037183202337 15.7628182582557 ex
1775 12.3445425154641 34.0084934954066 9.88395107258111 ex
1776 8.07878830865957 29.4872941230424 13.6226485189982 ex
1777 8.04072217061184 31.6027728477493 8.18785866606049 ex
1778 8.71223808266222 33.8326668117661 1.85992496088147 ex
1779 1.25324905617163 26.6677259705029 12.8150765975006 ex
1780 10.9510266203433 30.5249920908827 13.0121629391797 ex
1781 15.7219470145646 22.1408359198831 0.248263352783397 ex
1782 2.81128991441801 29.9662673708517 17.9439525979105 ex
1783 7.84939508279786 25.9547607263085 2.44968084967695 ex
1784 7.02586381183937 22.0286185250152 5.41345844371244 ex
1785 3.56784390029497 21.0214038295671 0.301726451143622 ex
1786 10.2224471005611 29.0130879220087 15.2749960510992 ex
1787 1.52923215762712 34.6773988164496 7.52260709949769 ex
1788 11.4096547826193 35.3102071315516 16.3592969956808 ex
1789 11.2053599189967 20.7791172636207 4.60884937783703 ex
1790 10.6052961384412 31.1323524096515 2.36346462043002 ex
1791 9.15841777878813 33.8669726953376 10.3034868626855 ex
1792 6.98829983267933 26.0803406469058 9.81128592952155 ex
1793 11.2279346121941 22.1287887017243 11.3871771609411 ex
1794 9.65861457306892 20.3154124154244 0.807728789513931 ex
1795 14.1822084591258 18.5549709482584 13.4218420526013 ex
1796 6.34274284797721 23.2393381283619 14.8186648553237 ex
1797 11.9687230903655 18.2897964187432 16.0510547922458 ex
1798 6.97923773969524 33.3881186067592 7.59504034649581 ex
1799 8.40018362831324 34.9193004462868 6.7507585065905 ex
1800 9.26391505240463 27.2591185804922 4.63718004431576 ex
1801 3.91485198144801 29.8455079707783 9.01079998468049 ex
1802 9.63604686642066 21.0494446509983 9.27185931568965 ex
1803 7.99719381635077 22.7218519698363 1.32730492134579 ex
1804 10.8310763125774 26.9677205800544 8.79050741624087 ex
1805 15.9283436827827 35.5032790983096 12.4288359321654 ex
1806 0.516751647694036 24.4829326900654 9.64505392196588 ex
1807 14.3851505185012 30.7737854693551 15.2071680387016 ex
1808 5.85502676456235 31.3645816154312 2.99086858495139 ex
1809 17.7444237801246 30.8710655884352 14.8698415067047 ex
1810 9.28583696461283 26.0546558089554 17.227517843945 ex
1811 1.22765256138518 29.4163743199315 16.5924212273676 ex
1812 2.98640136816539 25.8103344240226 5.07582373917103 ex
1813 3.06041467702016 23.3840812037233 4.19061165046878 ex
1814 16.1387129372451 20.9792001524474 0.206809727475047 ex
1815 5.86606105440296 23.6554335907567 11.0524972800631 ex
1816 12.4931752723642 34.4098104333971 2.58988769189455 ex
1817 5.80740959546529 25.7747826036066 16.7586773983203 ex
1818 17.5197246349417 34.3378501182888 16.8524118440691 ex
1819 12.7214095809031 33.754799237242 12.2357362466864 ex
1820 11.2962246711832 21.5444193307776 17.9971844966058 ex
1821 6.0787899249699 22.0603465668391 13.6585542410612 ex
1822 17.9483667758759 23.1729821416084 10.2764635335188 ex
1823 16.4792515886948 27.7559088736307 8.0459701649379 ex
1824 10.7824767881539 21.9611013424583 14.069761259947 ex
1825 3.88325609290041 23.9530373581219 12.8340706252493 ex
1826 4.83504382544197 33.5140484643634 0.762004236225039 ex
1827 8.14993833075278 22.6447229345795 1.03226830926724 ex
1828 10.9822540294845 35.6821306250058 0.393189908470958 ex
1829 3.22146038967185 23.130855206633 13.155570800649 ex
1830 0.966905630892143 28.9008046549279 14.7465680318419 ex
1831 8.60781400394626 23.2626461635809 8.71472035022452 ex
1832 4.92710444121622 31.059509964427 3.56270358804613 ex
1833 8.25013033719733 24.8535817330703 3.92809456447139 ex
1834 10.1221198099665 20.0917852865532 0.450392727274448 ex
1835 6.66205421695486 23.7801317640115 9.30859545478597 ex
1836 11.1070134222973 29.3496137615293 17.35552940052 ex
1837 2.79459273745306 32.5702768824995 12.2255003666505 ex
1838 15.8891032608226 32.3080903266091 10.1764276775066 ex
1839 11.4730385802686 19.6067687310278 13.4948960915208 ex
1840 2.50510291033424 31.766172172036 12.0158887531143 ex
1841 14.856156126596 29.658932717517 6.17308145039715 ex
1842 0.356169180478901 28.1777962604538 0.139365358976647 ex
1843 15.5210815947503 30.5256907949224 16.4888489798177 ex
1844 17.4997723163106 32.0667800342198 14.6169383875094 ex
1845 11.90128365485 24.9721471660305 7.18071967014112 ex
1846 8.38653550669551 25.9216259045061 11.5190167350229 ex
1847 0.998206614749506 30.3191837661434 13.8809431467671 ex
1848 14.9786894686986 29.3095785849728 3.13683131476864 ex
1849 0.0773068917915225 35.333168868674 6.83668091730215 ex
1850 1.47638220735826 26.4396725958213 10.6111598741263 ex
1851 15.0182327865623 19.7740873992443 10.8504821665119 ex
1852 9.95779588259757 33.0059779006988 2.44962204503827 ex
1853 4.64471005951054 30.437750239158 12.6572167004924 ex
1854 4.32747651194222 32.8928031963296 10.9881250793114 ex
1855 11.0383422316518 34.738443253329 14.0073501071893 ex
1856 7.24222324742004 28.7966245431453 6.73781096958555 ex
1857 4.74706471432 25.9680273314007 2.89180888491683 ex
1858 8.19657244742848 20.6055117479991 4.65064882766455 ex
1859 3.2991556499619 25.211934725754 12.3017956255935 ex
1860 0.350476828869432 29.0630040166434 14.6348767557647 ex
1861 4.8855505832471 35.9655680779833 16.4852360587101 ex
1862 17.8037939148489 27.6036186167039 16.2704101540148 ex
1863 8.29312425386161 35.4761392816436 9.90102042257786 ex
1864 0.252860850654542 22.6927147416864 3.58853510441259 ex
1865 15.5069482261315 25.1540460551623 0.782036007614806 ex
1866 7.07398234168068 19.8472462743521 12.2178895126563 ex
1867 9.57849051104859 20.8874832591973 5.19777443003841 ex
1868 10.9140452546999 20.0366984501015 13.3216697731987 ex
1869 7.36027479125187 25.8387637350243 8.25172456237487 ex
1870 9.96857984457165 25.5136697015259 2.57257206877694 ex
1871 1.47350874333642 33.4622158361599 16.6244425151963 ex
1872 17.842381401686 32.3944175424986 12.8595262402669 ex
1873 12.7342522365507 34.6510922550224 4.19464731682092 ex
1874 11.2125119399279 24.27706182166 16.5389235485345 ex
1875 0.374141356907785 20.3635016016196 4.54596297489479 ex
1876 9.45209559309296 26.7987101287581 10.4276089174673 ex
1877 12.6625669153873 31.728617311921 8.99027577531524 ex
1878 3.46110790828243 30.8568236534484 0.144297014456242 ex
1879 16.0100879983511 23.8718486176804 2.74474635138176 ex
1880 13.1780277728103 32.6830990905873 4.40185398631729 ex
1881 13.3600092129782 33.1570951051544 4.47201439831406 ex
1882 16.2449054387398 29.2839970884379 3.66183014423586 ex
1883 15.4277615214232 20.4189841984771 8.90276751411147 ex
1884 4.9029796179384 34.3247108007781 10.4656039366964 ex
1885 1.70158332982101 25.6759446389042 2.03167073219083 ex
1886 1.34815866756253 27.9577453108504 2.54252552427351 ex
1887 8.23920945287682 30.9993999740109 12.8842259733938 ex
1888 5.28991046734154 21.4992013645824 5.61876426986419 ex
1889 7.958525409922 34.777411475312 14.001062723808 ex
1890 17.0650800354779 35.1494664447382 11.7194855296984 ex
1891 7.35430629574694 35.2741468572058 7.64978141058236 ex
1892 11.8633955928963 20.6493093725294 13.5610556965694 ex
1893 14.960754185915 21.2617773031816 12.4563936816994 ex
1894 10.4557219499256 33.489636662649 2.88880306715146 ex
1895 13.4792544704396 34.6434649492148 8.63988745841198 ex
1896 3.6039552250877 32.2699534676503 8.6289035147056 ex
1897 12.9278219398111 27.3820597256999 6.64307759958319 ex
1898 13.7691709820647 29.4630833389238 16.2927508417051 ex
1899 4.02477637282573 31.179108308861 11.8156545981765 ex
1900 11.5154546976555 18.7634047130123 14.0403875005431 ex
1901 10.2921829251572 34.7077524270862 8.07769292593002 ex
1902 17.1972312778234 21.7729652691633 10.6970322118141 ex
1903 17.573905874975 22.8011297178455 13.8006508762483 ex
1904 8.50714947213419 33.2972380989231 12.0852720791008 ex
1905 13.7463953187689 30.2321060488466 2.33394039794803 ex
1906 15.8362994075287 25.6335891769268 8.61700699664652 ex
1907 1.89597883308306 23.5351789840497 6.16807999205776 ex
1908 8.76445233821869 19.8998615788296 4.37913474277593 ex
1909 9.39967255177908 18.3862258943263 1.35064596473239 ex
1910 1.21941361832432 33.7475221215282 6.55082971253432 ex
1911 13.5299696393777 26.0294227744453 14.6838198888581 ex
1912 10.3386382744648 27.885533479508 1.00316071137786 ex
1913 2.35141745978035 29.4376945386175 9.33805150096305 ex
1914 11.9278121935204 34.2089157789014 15.5739732757211 ex
1915 12.5834124577232 25.1114722709171 11.0658557517454 ex
1916 5.02072125533596 22.0826133345254 11.3102339974139 ex
1917 0.454992953222245 34.1447840719484 8.91767992894165 ex
1918 14.1466973538045 33.8731338346843 16.0020677614957 ex
1919 3.56582002597861 25.6692179047968 17.2384925477672 ex
1920 15.7408538807649 20.2634941844735 13.7109812088311 ex
1921 16.0040879312437 23.6790721327998 0.228680826723576 ex
1922 1.98404231108725 24.5387011140119 11.4790115179494 ex
1923 14.2177350274287 26.9535628985614 8.88362080068327 ex
1924 8.36513241636567 27.4062325237319 5.92482741898857 ex
1925 0.768689877353609 20.0091050672345 14.0112801075447 ex
1926 10.3608112225775 25.9655191553757 4.58754301583394 ex
1927 2.87785671488382 18.708245662041 13.6858357654419 ex
1928 6.11184358852915 27.9201490536798 6.1220429087989 ex
1929 12.0077704265714 19.0985849357676 2.29944308404811 ex
1930 16.7029724968597 21.0934853286017 11.6453794129193 ex
1931 17.1656468797009 25.3858566060662 1.32860907912254 ex
1932 16.6390294132289 34.9024224120658 15.9319292616565 ex
1933 8.74031389155425 27.0132144119125 7.80568410782143 ex
1934 17.6887052461971 19.2689990517683 2.47024347423576 ex
1935 16.1755014990922 32.8047168571502 7.14635623665527 ex
1936 8.60593345109373 32.440850141691 17.6245329540689 ex
1937 3.173791811103 30.5413396242075 17.0743314565625 ex
1938 8.25496655330062 35.9919106187299 17.1776369810104 ex
1939 0.754647759255022 31.7746719601564 13.397700997768 ex
1940 14.8100404266734 24.484774437733 7.27188309491612 ex
1941 14.0266607482918 24.1461271692533 14.5092009056825 ex
1942 7.0229603277985 31.3047822604422 9.90939542651176 ex
1943 9.28691969136707 30.8030188020784 16.8074376902077 ex
1944 13.212771280203 18.2468023844995 7.24865375389345 ex
1945 10.2229120288976 18.3130567986518 10.5918139750138 ex
1946 11.5408922482748 23.3987599632237 9.5912866408471 ex
1947 1.95687791332603 30.5727503283415 4.93898501619697 ex
1948 8.69501613569446 22.9710989010055 16.393354994012 ex
1949 5.06803480396047 35.1679170776624 12.7653444218449 ex
1950 8.49571098433807 19.9467480129097 9.84247100981884 ex
1951 16.1990783934016 21.1931072832085 12.6741539509967 ex
1952 9.92090236046351 25.1355924296658 1.07679257215932 ex
1953 14.5230493748095 29.4715852048248 4.53624130808748 ex
1954 9.95313040609471 20.3624532758258 15.3268892094493 ex
1955 7.25485897948965 29.0497362895403 7.53853848739527 ex
1956 9.55740917124785 22.9610631188843 11.9699579540174 ex
1957 15.7213244121522 35.3274237208534 7.75213717762381 ex
1958 12.7981082170736 34.4014323668089 17.0112606501207 ex
1959 3.10290843737312 26.3230310718063 1.28692753240466 ex
1960 4.97452293662354 25.4746521334164 4.62126103998162 ex
1961 4.60897174850106 29.6209173803218 9.1207517106086 ex
1962 9.74514187523164 18.6185069095809 6.90411316696554 ex
1963 16.0433262556326 30.0320744973142 9.72402876475826 ex
1964 12.3027147629764 25.5486771224532 7.22476974781603 ex
1965 12.2934581551235 24.6771967029199 11.2323264202569 ex
1966 0.817503066733479 31.8465636153705 1.04498289432377 ex
1967 1.98244897904806 19.9036890196148 10.4721335400827 ex
1968 3.95586094562896 27.6590055469424 17.0280347501393 ex
1969 12.3118769600987 31.6705833114684 16.2130929883569 ex
1970 16.189425152028 26.107882658951 3.76271837344393 ex
1971 12.5140747984406 29.2449857094325 5.25869223964401 ex
1972 16.467145170318 34.485769034829 12.4856199722271 ex
1973 9.64833199884742 23.6696079852991 9.6679751269985 ex
1974 16.0551663541701 27.1830112100579 13.3093240146991 ex
1975 6.60896342340857 29.544230684638 7.83532979246229 ex
1976 5.50001712166704 20.9842324887868 17.9561546000186 ex
1977 6.98502530343831 31.3073155684397 14.6081832468044 ex
1978 14.9622198306024 23.4307102493476 12.4850979202893 ex
1979 13.253037963761 32.7444844015408 8.60282222717069 ex
1980 15.2706775998231 26.1119366385974 14.8205769292545 ex
1981 10.2826525645796 25.9023557680193 3.19154136208817 ex
1982 9.48163141519763 19.9183684368618 6.83195764548145 ex
1983 9.03463298338465 32.3318352352362 1.73597690812312 ex
1984 16.6981764200609 31.7688642428257 9.10846451134421 ex
1985 17.7600537352264 33.3308814885095 13.9832056523301 ex
1986 15.1271400419064 25.6744495998137 2.57903393451124 ex
1987 10.2762808070984 24.1404926497489 1.91469500935636 ex
1988 6.09824089985341 22.4373380218167 12.0087588876486 ex
1989 15.4942444358021 18.5098371237982 4.30315910209902 ex
1990 6.7020485883113 28.8818156160414 10.6823472906835 ex
1991 5.80108049558476 26.94447149802 6.08210500027053 ex
1992 2.35171408695169 34.299549090676 14.8715999464039 ex
1993 13.487860853551 28.0202463325113 13.905265744077 ex
1994 13.7412194572389 27.7178676608019 5.59831117396243 ex
1995 9.99959456897341 30.5608118909877 1.03663948900066 ex
1996 11.5217271624133 26.1541128056124 1.09335267124698 ex
1997 5.46166658517905 26.4834861312993 1.94440217176452 ex
1998 11.6907712486573 23.7956220745109 14.4489733127411 ex
1999 9.30209066229872 20.340146089904 8.96391098364256 ex
2000 2.44325085147284 19.1952625392005 15.4927196186036 ex
2001 13.4298243096564 35.5593201653101 12.0307209398597 ex
2002 1.20745504717343 23.0308201320004 9.654253751738 ex
2003 10.131896401057 24.6414543425199 11.7102591721341 ex
2004 1.80068499874324 28.935542679159 4.52281774976291 ex
2005 15.4594318368472 29.8253591926768 15.12915033428 ex
2006 10.0896308552474 23.2466099357698 7.5310502811335 ex
2007 5.01897842274047 24.2618136294186 13.2518339955714 ex
2008 8.70578183978796 23.5310310050845 10.4379362368491 ex
2009 10.738848682493 28.5744640596677 0.507085488410667 ex
2010 15.0535308397375 20.2441704513039 1.29960834933445 ex
2011 14.5932691460475 20.523254650645 11.5429917788133 ex
2012 14.1387806527782 29.7977656084113 9.66838172497228 ex
2013 17.7865360055584 32.4555887428578 6.6768469940871 ex
2014 2.72173436102457 18.1738464343362 3.76601195870899 ex
2015 15.5525247731712 18.1711317198351 17.0249571176246 ex
2016 8.54028557334095 20.0761343254708 6.44717741687782 ex
2017 7.87506813439541 24.3180289939046 0.866425706306472 ex
2018 2.62128129904158 20.6245042856317 9.78384436760098 ex
2019 2.17451213346794 18.1993869321886 8.81887465645559 ex
2020 16.4484517201781 24.1443314207718 16.4796903638635 ex
2021 4.26035633916035 26.3971270667389 9.83210000698455 ex
2022 11.6321031374391 34.4439817310777 2.4032296417281 ex
2023 9.88573561562225 35.0774102453142 8.40070481831208 ex
2024 13.7001450909302 28.6353706144728 2.95611050375737 ex
2025 7.78371520456858 32.3526633088477 14.3686491078697 ex
2026 17.6156009533443 26.3966570675839 11.4900657194667 ex
2027 14.181493986398 25.2972425450571 15.6885912080761 ex
2028 0.540257557528093 23.3477296978235 2.3611817501951 ex
2029 11.4291939805262 27.4422680225689 9.71427281433716 ex
2030 1.34458152786829 18.3051806646399 10.963896419853 ex
2031 17.4204749146011 20.3960523533169 17.4095829301514 ex
2032 7.63136641937308 29.4482155460864 13.6243454376236 ex
2033 9.21671297750436 27.1118333532941 3.37506045540795 ex
2034 2.51394573762082 26.2832329242956 12.0026425283868 ex
2035 10.6356616644189 20.1267962611746 17.2475754276384 ex
2036 16.8030952448025 33.2827078648843 1.43117833393626 ex
2037 13.3758136844262 29.6427673019934 15.3293859295081 ex
2038 8.40781056531705 31.1798002296127 11.7194892563857 ex
2039 4.18845852371305 26.6515383033548 2.41113194590434 ex
2040 6.74410769110546 31.605428357143 17.4774551254231 ex
2041 15.9224195249844 31.2167840318289 4.54111977992579 ex
2042 14.4697602503002 32.3759691386949 11.2072258130647 ex
2043 0.888801747001708 22.5451052677818 12.9204314225353 ex
2044 3.43107534549199 27.6270763298962 7.9500517253764 ex
2045 3.307393303141 30.0433597967494 9.56765256682411 ex
2046 7.62375445850194 21.4785682023503 16.2317474051379 ex
2047 13.2603027382866 33.382171012694 2.57531964266673 ex
2048 10.110079189064 35.6800865228288 5.17034147167578 ex
2049 15.7948201340623 31.6691636363976 5.04517896147445 ex
2050 14.646809507627 25.462778686313 14.3747915904969 ex
2051 6.48243910912424 22.3182669668458 14.1801317920908 ex
2052 3.76344172889367 27.5925603010692 4.60257369535975 ex
2053 6.75608371384442 27.5066772426944 3.06255094194785 ex
2054 3.7130455696024 32.433112103492 1.67109892470762 ex
2055 6.98984428495169 32.6154389851727 7.65920419665053 ex
2056 13.7944620153867 28.3410940654576 8.34503137599677 ex
2057 5.55676623666659 33.1153582998086 8.04358975565992 ex
2058 7.29141301591881 32.3767940492835 15.8484174809419 ex
2059 17.7345933208708 26.2782428199425 4.65106082265265 ex
2060 3.55687915347517 31.8826948516071 9.96978740999475 ex
2061 17.991020448273 21.3459812013898 13.2556587385479 ex
2062 16.1338125457987 25.4819221834186 10.4572216353845 ex
2063 13.3827986158431 23.5515050664544 6.43127022916451 ex
2064 10.4505843329243 34.4115440708119 10.3995445368346 ex
2065 6.12518105027266 23.5414338002447 7.89097899803892 ex
2066 9.01928146672435 29.1438920702785 9.94889073749073 ex
2067 11.7008476953488 20.3690604323056 15.4862680688966 ex
2068 0.737592691555619 22.7150939849671 8.64206800749525 ex
2069 16.6670530338306 35.8486016890965 5.29165004449897 ex
2070 8.56822353764437 21.4059012872167 16.0766800923739 ex
2071 0.955547557212412 35.1108392861206 8.37725826236419 ex
2072 5.59481442486867 29.7758991965093 9.05644503794611 ex
2073 4.25789928017184 30.7694430332631 4.71619736286812 ex
2074 11.7165068767499 29.9289571188856 16.7584342802875 ex
2075 4.51515232492238 22.1275537237525 0.682684378698468 ex
2076 17.0907951130066 24.1533631256316 6.4689700587187 ex
2077 15.8975152638741 33.1005353413057 9.92349786544219 ex
2078 3.89311629347503 30.1224252413958 1.53778367838822 ex
2079 17.6939992206171 24.6209455141798 13.1616699793376 ex
2080 8.62378539727069 25.0399075939786 1.77434440585785 ex
2081 5.79695525788702 28.730069370009 7.19668559776619 ex
2082 9.71976203820668 21.6564232062083 17.0028588527348 ex
2083 10.7293476548512 30.4114350408781 10.7615812711883 ex
2084 14.4816153731663 32.713235870935 4.74454960506409 ex
2085 4.84988848445937 33.2188983112574 3.84066411340609 ex
2086 8.93778874934651 35.6470494684763 8.10111663048156 ex
2087 8.41755827818997 27.9355642858427 3.85764735890552 ex
2088 12.5642118642572 26.2350498952437 12.5396105358377 ex
2089 15.4114058027044 21.3150104621891 9.51929395995103 ex
2090 4.97660508332774 26.8858927288093 16.1820775130764 ex
2091 10.0966055286117 29.8984434616286 4.2228908657562 ex
2092 5.31083615263924 31.8584872027859 14.9161615842022 ex
2093 9.45654053939506 28.2863761188928 0.527195543516427 ex
2094 12.1781898299232 33.3747679262888 17.5956102916971 ex
2095 10.7723275374155 18.126979450928 14.4256673394702 ex
2096 14.8829613730777 30.0418334689457 13.9301504427567 ex
2097 7.43099029827863 25.0222925781272 3.18137359712273 ex
2098 7.72094421205111 25.5067123887129 12.626819355879 ex
2099 13.2534770921338 35.2748637162149 11.566383888945 ex
2100 10.0563331234735 27.4944419316016 17.8119670981541 ex
2101 13.5267792122904 31.2138035085518 5.51559161487967 ex
2102 15.5540570910089 26.0283060821239 1.8464628374204 ex
2103 12.0119589867536 20.9110171953216 13.6164196219761 ex
2104 8.57260059542023 18.2206488640513 15.4130632400047 ex
2105 11.7550537150819 35.9873479895759 8.06903940835036 ex
2106 5.31931834178977 24.863071229076 14.8178946848493 ex
2107 0.917908925563097 24.2610551661346 17.3358252970502 ex
2108 10.782500845613 24.7073828333523 16.6748995385133 ex
2109 13.3552340301685 20.7185630237218 2.92520553478971 ex
2110 11.9589737998322 32.8943787440658 0.144961137790233 ex
2111 12.0294868794736 18.9285266471561 6.09521229239181 ex
2112 13.8714680571575 20.9893215731718 12.9657390571665 ex
2113 2.20456633833237 24.4888993210625 4.04610516107641 ex
2114 6.19862738391384 26.7222500864882 3.92280533956364 ex
2115 3.92392099415883 29.2560832111631 11.2363672829233 ex
2116 11.8268088116311 25.9541225596331 11.0468653710559 ex
2117 5.35278791142628 20.2387036501896 1.55822712392546 ex
2118 13.3741477078293 25.21916866838 15.811469695298 ex
2119 10.3749190215021 26.1213377537206 17.2746237965766 ex
2120 0.590684833703563 27.6803982360289 16.8103432392236 ex
2121 0.737617343198508 22.0712908878922 4.2353818139527 ex
2122 0.494516916573048 18.4270867563318 8.15086528868414 ex
2123 11.1036994925234 28.327574089868 7.88114450452849 ex
2124 7.23585619893856 20.1230386241805 4.25499903317541 ex
2125 17.6273837599438 27.2706260462292 6.60831443802454 ex
2126 15.2444799710065 23.0608854210004 4.03306851861998 ex
2127 7.51597086829133 18.6651830670889 7.78481570328586 ex
2128 12.6956046372652 26.2317040222697 10.0846752328798 ex
2129 8.43372720340267 29.0083566554822 11.7035952021834 ex
2130 12.8036448832136 22.9277386374306 6.04740911815315 ex
2131 7.18096324312501 19.0088713821024 16.6400189776905 ex
2132 2.27836570446379 35.3963992784265 17.5023045525886 ex
2133 7.13620225084014 28.7610491351224 13.8314483256545 ex
2134 9.1682034812402 25.7838419524487 16.7622570004314 ex
2135 10.6014669719152 29.9887260179967 11.2019806967583 ex
2136 3.46088233357295 35.7752794576809 11.0802880502306 ex
2137 4.81651827553287 35.2360506255645 2.58247319678776 ex
2138 8.36662010895088 20.2676920904778 0.213275965536013 ex
2139 17.0927829041611 33.1258035050705 5.12062402162701 ex
2140 14.6836169154849 32.6062988175545 6.66529815690592 ex
2141 11.6067181087565 20.6888867854141 3.0469650439918 ex
2142 16.9149835652206 32.1959025412798 16.0548298156355 ex
2143 7.94470117636956 26.3211466986686 0.947844379581511 ex
2144 15.3691669418477 32.3751922484953 15.5727585335262 ex
2145 16.1919743802864 32.0975836394355 17.1715017377865 ex
2146 6.83522793324664 28.5191517951898 8.38658783072606 ex
2147 11.9085103243124 31.5816678537522 4.82713719084859 ex
2148 5.220343493158 28.8748926194385 10.7110135806724 ex
2149 16.4401045595296 23.6759095357265 5.45002956315875 ex
2150 7.28660656278953 23.3229043202009 12.1875362605788 ex
2151 10.83175906213 19.566573344171 9.68207901949063 ex
2152 0.774896732997149 21.0155840157531 7.44786601536907 ex
2153 16.9023924630601 26.461890486069 9.05684563471004 ex
2154 17.0914113787003 22.33948204224 16.4704570495524 ex
2155 9.88789273914881 29.5909684048966 5.07230603951029 ex
2156 17.9026121373754 18.7254493960645 2.24886728916317 ex
2157 1.78826785692945 34.4728980185464 2.79471949278377 ex
2158 2.8862763303332 27.575486098649 17.8254030717071 ex
2159 2.60454630851746 19.3560754451901 1.09861356788315 ex
2160 12.166613841895 23.6873638709076 10.3636426816229 ex
2161 14.2130086014513 22.5588425647002 15.1343789056409 ex
2162 14.5634985212237 19.290934437653 14.1265539489686 ex
2163 7.99899692600593 21.4370388882235 0.261865755543113 ex
2164 6.74572639982216 19.1097955869045 0.878723803209141 ex
2165 4.73412628634833 22.1652032237034 12.9566109285224 ex
2166 5.09370061662048 23.7673422256485 1.01331576285884 ex
2167 5.43508154386654 24.3892219325062 8.43796528223902 ex
2168 14.816192145925 33.1267609167844 17.4261047374457 ex
2169 0.432968627894297 23.9041939491872 0.149941828567535 ex
2170 16.1050151414238 19.1698940007482 1.27533425646834 ex
2171 6.97315565519966 23.8466906526592 8.90696680173278 ex
2172 12.8619692421053 35.1720598710235 6.46494427323341 ex
2173 6.63646502699703 28.3970870443154 15.3209169828333 ex
2174 14.8372373443563 29.4358896401245 7.66121181310154 ex
2175 4.13141321134754 32.2251782352105 1.98636366822757 ex
2176 4.17570143518969 21.5092862492893 17.1468449439853 ex
2177 7.7348309289664 21.3957906130236 4.11365804681554 ex
2178 3.19030589214526 19.3667589039542 9.04634345881641 ex
2179 17.3907383235637 19.4265591572039 12.1751191045623 ex
2180 10.3450065508951 35.2245890845079 7.87625602143817 ex
2181 16.2011388728861 31.9207529723644 0.278037564596161 ex
2182 17.9126828117296 27.8547778977081 7.73858194914646 ex
2183 3.03636603336781 19.2864822563715 7.18461892404594 ex
2184 8.38745167269371 34.8735195661429 8.77364689484239 ex
2185 8.62094882433303 31.1442903405987 16.1221365574747 ex
2186 14.8226039279252 30.940014120657 7.12320018699393 ex
2187 15.0068565807305 27.9535412627738 10.3770704765338 ex
2188 16.3139648723882 19.8448952836916 17.7618873347528 ex
2189 17.3754742124584 26.9095332599245 9.72105381288566 ex
2190 15.6190930549055 33.6846404832322 3.16531970817596 ex
2191 1.49661303148605 24.8054822739214 9.55962052335963 ex
2192 9.67174810287543 30.4633580057416 12.8111003658269 ex
2193 12.5074830674566 21.0153078103904 7.97134796367027 ex
2194 14.1280140101444 27.5244394878391 9.48327963170595 ex
2195 8.10517844534479 23.2670664561447 2.3598179675173 ex
2196 17.6109858267009 35.1022217848804 3.43604789255187 ex
2197 7.30759920179844 27.0910648629069 16.7043170791585 ex
2198 3.81213804194704 28.101070609875 9.80417820764706 ex
2199 7.42304302495904 34.9938471820205 16.775959522929 ex
2200 9.09125026338734 22.7608836188447 12.8206741421018 ex
2201 1.36411877512001 23.3739879562054 0.29843242187053 ex
2202 0.627447682898492 20.3502013422549 15.0084680877626 ex
2203 1.96632807399146 34.4400615342893 6.87988259550184 ex
2204 7.35862410161644 25.3251120303757 0.540189363993704 ex
2205 13.4065396017395 21.3404765310697 14.904485876672 ex
2206 11.6573486002162 31.4252588434611 5.07855062163435 ex
2207 17.2063478901982 25.4701606165618 14.1690547487233 ex
2208 5.16540126735345 32.0530651535373 0.676265152404085 ex
2209 10.4349691662937 35.5682123664301 15.2818893250078 ex
2210 10.5394848824944 30.5704241371714 0.246606528060511 ex
2211 6.31577250617556 24.174818599131 17.7400398601312 ex
2212 7.56630934192799 21.5600716373883 7.69059523544274 ex
2213 12.3068268874194 24.5612439885736 3.30296923872083 ex
2214 0.299226460978389 23.6218561565038 7.56366663589142 ex
2215 2.08099408238195 27.2882882605772 15.9338555668946 ex
2216 11.9431828814559 24.5556718441658 4.56993761332706 ex
2217 4.14980299840681 32.3274498202372 9.47726165712811 ex
2218 4.94010749668814 35.2743411671836 13.590645058779 ex
2219 7.66346619534306 27.3229964899365 8.47795039205812 ex
2220 2.28008460858837 35.993118995335 10.9252604402136 ex
2221 17.2003642548807 35.1148227395024 8.2678250411991 ex
2222 9.88457397487946 31.7264032070525 5.39814916066825 ex
2223 13.14378043334 27.092532495968 13.9916360927746 ex
2224 15.8720725453459 30.7315402599052 4.28663691598922 ex
2225 5.66960262553766 23.7090724371374 3.29330055648461 ex
2226 6.32756260153838 18.8266350650229 2.46566206053831 ex
2227 11.8802043809555 34.0404271597508 1.37846148409881 ex
2228 10.0712008026894 22.1920006864239 12.9500672109425 ex
2229 1.02163336775266 28.7989789135754 2.05390020017512 ex
2230 15.631022027228 22.9344893316738 9.97920649987645 ex
2231 11.9142120934557 19.0159325785935 11.7123157831375 ex
2232 16.5027023362927 25.4821233493276 9.7876021838747 ex
2233 2.4401866258122 31.6109730768949 4.05918095842935 ex
2234 6.69283364736475 25.7305646308232 0.714543768204749 ex
2235 7.33255926403217 25.7068193212617 10.2334988964722 ex
2236 5.92484396090731 25.3738837784622 0.964113872498274 ex
2237 17.8606493489351 30.2775122227613 2.95699215610512 ex
2238 9.45012825820595 35.3947351151146 17.9162390818819 ex
2239 4.92303308355622 27.1578070791438 4.74364360328764 ex
2240 15.9887711002957 21.5203972398303 3.26508377934806 ex
2241 6.29022475122474 33.9200630253181 1.1982998016756 ex
2242 10.5249671284109 33.9722106722184 11.9470722279511 ex
2243 12.364808751503 23.4495303754229 13.1839251290075 ex
2244 0.304011173080653 21.4585517747328 17.1437346558087 ex
2245 9.97791084786877 27.3128867517225 16.6637713778764 ex
2246 8.51197002409026 26.3712053163908 1.87429293710738 ex
2247 16.5621414186899 32.1371967121959 14.0803042696789 ex
2248 6.94631273904815 18.7783841928467 14.0017657617573 ex
2249 13.4532990797888 33.70992358285 12.0701639496256 ex
2250 4.79969952092506 32.0348682401236 17.6389905556571 ex
2251 9.78858291450888 28.1508646043949 15.645658321213 ex
2252 2.73631189647131 19.3411929917056 9.51306651975028 ex
2253 17.3719746314455 18.2558106624056 7.79304863396101 ex
2254 1.90729325590655 25.2683255770244 6.29871147149242 ex
2255 17.8331377289724 20.1598360429052 0.463014123030007 ex
2256 14.565520943841 23.5157262217253 8.88232612982392 ex
2257 16.689704064047 20.4361940652598 8.83621819922701 ex
2258 0.218137822812423 32.2589651609305 12.5145953041501 ex
2259 10.5894527216442 20.5412352285348 7.26561599201523 ex
2260 14.8974087000825 30.0402704635635 14.3084982398432 ex
2261 15.8142346378881 24.1571358542424 16.4522530885879 ex
2262 11.5896735233255 30.5386963489 13.7421637189109 ex
2263 0.64624650683254 20.9378791884519 11.725155624561 ex
2264 0.645713278558105 34.1454379174393 3.74769737152383 ex
2265 4.18084977171384 23.2799141660798 11.4581345582847 ex
2266 16.6799325973261 25.9520108699799 3.47788383904845 ex
2267 8.03827710309997 25.7375477305613 14.1126047652215 ex
2268 9.22528549912386 27.1651257621124 8.36239619366825 ex
2269 15.7939061359502 32.6738966731355 9.95452877390198 ex
2270 5.96565296850167 20.6882085539401 13.1772441670764 ex
2271 3.70953560550697 25.2377163234632 14.8605800447986 ex
2272 14.8254427090287 18.9052393657621 9.99381002550945 ex
2273 12.8370244854596 24.7562657890376 16.1557827978395 ex
2274 4.94991363538429 34.1008162945509 8.50939351483248 ex
2275 0.333924267673865 27.0268118160311 13.346564528998 ex
2276 1.79542416264303 22.0341619204264 12.0038780176546 ex
2277 17.3408057142515 26.4984960823786 16.6166637083516 ex
2278 14.2357228312176 34.1965874840971 9.45855454611592 ex
2279 1.77850954444148 29.8517557173036 6.10371456085704 ex
2280 12.6664678759407 35.9412088710815 15.9235151929315 ex
2281 0.733115288428962 35.0880874774884 7.63015924487263 ex
2282 17.8543743670452 18.4090445206966 8.44026427855715 ex
2283 1.79724216554314 18.1449445267208 17.426509793615 ex
2284 4.07506328215823 28.0444800932892 16.725648449501 ex
2285 11.5160603630356 24.0550402863882 6.8668890860863 ex
2286 0.71541609056294 32.3293684222735 1.46033330960199 ex
2287 7.99227755027823 32.7266351545695 13.746532456018 ex
2288 17.9609615895897 21.4022142596077 2.72352627362125 ex
2289 3.52905148430727 24.671896240674 9.01921933563426 ex
2290 2.15826769685373 22.5555462648626 15.4549128862564 ex
2291 7.86888580908999 35.7987043855246 6.17661438998766 ex
2292 13.5667466302402 28.5912183690816 12.2831177818589 ex
2293 4.79576384392567 20.5972611773759 3.42024615244009 ex
2294 9.4004815237131 33.1006970973685 17.7172713764012 ex
2295 5.63120838138275 18.2017735575791 4.33048441028222 ex
2296 11.163231147686 23.5151513672899 4.76107437466271 ex
2297 5.61603675922379 29.7656807203311 13.1255621048622 ex
2298 4.35624438291416 20.9485064907931 11.3817425093148 ex
2299 1.23871647100896 26.2864618147723 17.5502738377545 ex
2300 0.844396099448204 29.025757012656 2.92262376681902 ex
2301 8.93081488530152 31.4813002543524 10.6753244295251 ex
2302 11.0399972435553 19.3353385790251 1.44910403504036 ex
2303 17.6449106575456 33.4746533420403 16.1145878850948 ex
2304 16.5132821595762 26.4412071891129 5.87733982759528 ex
2305 2.66669409465976 30.7468917360529 6.27568892529234 ex
2306 5.68597235158086 35.4605779941194 3.46056130947545 ex
2307 17.9003235232085 24.4801969153341 3.33864477812313 ex
2308 0.634375587105751 20.8661660666112 8.80872778571211 ex
2309 17.3276257142425 30.8639074112289 13.3627168638632 ex
2310 1.8240841885563 31.4753860856872 0.182870778953657 ex
2311 4.08285710797645 20.6768703700509 16.8593163536862 ex
2312 6.25075302203186 21.3408173425123 17.7819121670909 ex
2313 10.6381666201632 23.0637111095712 1.62267966591753 ex
2314 2.30551067832857 23.4354266244918 6.34507410856895 ex
2315 15.6707555593457 23.5818941032048 16.9300949007738 ex
2316 8.32362027419731 34.4686799272895 7.34761920082383 ex
2317 11.266287506558 23.8056306657381 6.71380702825263 ex
2318 3.39674514741637 22.4511691085063 10.2840453616809 ex
2319 1.52243159315549 19.0022466585506 0.0886851714458317 ex
2320 12.7392321096268 22.0174598686863 11.5235370995943 ex
2321 8.29713189252652 34.5998347399291 3.72227817820385 ex
2322 13.7998271416873 29.3118694990408 2.33381354738958 ex
2323 7.06496586534195 18.9495974541642 11.779395832913 ex
2324 4.82891561323777 26.5800506526139 5.56825861195102 ex
2325 14.8661667669658 27.7444532187656 13.3437693105079 ex
2326 10.2945339877624 31.8844868668821 10.6671295103151 ex
2327 12.9765610203613 25.6954553069081 1.39499598741531 ex
2328 6.50029909913428 29.2191927384119 8.05901666358113 ex
2329 4.85673386929557 24.6979680703953 4.96018922468647 ex
2330 10.0909313922748 22.8671721273568 3.68681847886182 ex
2331 4.27741199568845 24.5118220287841 8.05648768600076 ex
2332 9.69433320895769 19.3936847960576 9.75971308420412 ex
2333 7.03820372722112 33.2501273879316 9.71969238366 ex
2334 2.54721854487434 31.9350779494271 16.3768813528586 ex
2335 0.197930434951559 27.8965076999739 3.01962842559442 ex
2336 3.46580037754029 30.6850350985769 8.80007504322566 ex
2337 6.10537236416712 25.2744713099673 6.11410395638086 ex
2338 1.50314239785075 26.9782543720212 0.527395328041166 ex
2339 4.21712968219072 19.088944864925 9.72981100692414 ex
2340 2.99339334690012 35.0539542902261 1.90577735495754 ex
2341 12.1291322582401 34.7914607536513 11.9812856437638 ex
2342 0.0171302682720125 23.4138921827544 9.20358334993944 ex
2343 4.67861533840187 33.8469925012905 12.3312968420796 ex
2344 12.787267451873 22.1233840449713 0.89815408596769 ex
2345 14.6084259734489 24.9191167997196 11.4350147654768 ex
2346 6.90891485731117 30.5443747802638 17.9594993600622 ex
2347 3.21406057896093 29.5781754332129 5.1548408230301 ex
2348 6.86370866093785 26.1079223728739 5.11527685378678 ex
2349 0.58596495562233 20.5507806523237 13.0758452778682 ex
2350 14.9545307159424 35.6591302261222 9.32077924418263 ex
2351 8.00569322914816 29.6459350660443 8.58247319050133 ex
2352 5.83535739802755 24.0601122966036 15.5040746422019 ex
2353 16.42384722922 28.2903116762172 8.82781670708209 ex
2354 8.77873200899921 25.671222171979 5.31044368050061 ex
2355 12.4754248708487 32.3737782686949 16.6949106231332 ex
2356 8.42308377521113 35.8573037192691 4.36641811789013 ex
2357 15.0335457730107 24.5681156057399 1.36746241850778 ex
2358 11.6944673541002 18.7694999016821 11.2710395732429 ex
2359 9.10715062497184 27.4233550825156 6.42432781471871 ex
2360 4.38364310236648 18.3438655480277 4.61184491449967 ex
2361 12.6733633985277 19.6290602786466 13.5678195811342 ex
2362 13.0193747619633 29.2770401430316 6.14641216909513 ex
2363 7.45066432957537 26.6624391346704 4.16397223272361 ex
2364 2.84717423724942 22.9976566939149 16.6766370921396 ex
2365 17.9451365813147 33.012682775734 0.0258339014835656 ex
2366 2.17413515900262 27.4177347286604 14.3751115456689 ex
2367 1.77679290925153 31.7377536746208 12.6726090318989 ex
2368 14.6456118151546 22.243874363834 4.99205125961453 ex
2369 1.56058813980781 19.0548298144713 3.10617882572114 ex
2370 11.4641669699922 26.4794900817797 17.9039336147252 ex
2371 9.50153573811986 31.0657592865173 3.90163943800144 ex
2372 9.12406518356875 32.4657655074261 10.1222498374991 ex
2373 6.53004253772087 23.9854965282138 5.73845456168056 ex
2374 15.8780421873089 25.6934390116949 5.22420742781833 ex
2375 3.3180155295413 24.8420165341813 3.5551580870524 ex
2376 11.6922424859367 24.1081012859941 8.49455538881011 ex
2377 9.12087646545842 34.9280851897784 10.3594190264121 ex
2378 15.0608918420039 26.0838459224906 2.02552316873334 ex
2379 16.0125157465227 24.5141407987103 8.73237369372509 ex
2380 11.8061237921938 24.9672913488466 10.4871432839427 ex
2381 15.0956237365026 25.2948329218198 11.3466686422471 ex
2382 3.2818420464173 34.4212382908445 17.6565408830065 ex
2383 14.2249764979351 29.6152052646503 16.2148830723017 ex
2384 14.0004718098789 32.8298983122222 5.10434913006611 ex
2385 17.2455900714267 25.9994745724835 9.04201425472274 ex
2386 4.36988981673494 18.4232947553974 9.1900289573241 ex
2387 0.0356777810957283 19.6305641173385 12.9765926385298 ex
2388 8.41151260212064 34.9021815904416 9.31733358954079 ex
2389 5.10191359650344 25.8274255790748 15.5800146674737 ex
2390 6.33619633107446 26.053871357115 13.7456974526867 ex
2391 3.60575425904244 28.4106932065915 13.7114409555215 ex
2392 12.2382122229319 31.3326800386421 6.0483963356819 ex
2393 1.14867655816488 19.5693048329558 1.14552985387854 ex
2394 15.0816072272137 22.9873263603076 3.25020636990666 ex
2395 12.5497814978007 35.1969138407148 14.3020991189405 ex
2396 0.602378664538264 34.46962063713 7.52589599159546 ex
2397 0.970990289002657 33.7411944137421 0.0492261846084148 ex
2398 0.0835232185199857 18.1616216155235 2.57661278452724 ex
2399 2.16857434040867 26.7786779466551 13.4114419182297 ex
2400 7.73019953351468 23.4260986950248 3.4642072066199 ex
2401 12.797213440761 35.5907835897524 1.39748653490096 ex
2402 2.91749248583801 33.3566741535906 1.9926336701028 ex
2403 9.54123345063999 31.4246537240688 4.67115152650513 ex
2404 13.2892216651235 24.3560639445204 2.08137345127761 ex
2405 5.46723374980502 24.656689500669 9.18205807986669 ex
2406 2.71474305330776 25.1721471557394 14.9877396423835 ex
2407 10.8859408425633 27.3296543245669 13.0583659093827 ex
2408 9.0142229476478 27.4198879832402 5.48304523364641 ex
2409 6.94992307480425 29.5491929014679 3.39892196911387 ex
2410 14.0730531357694 21.9553533405997 17.1163112218492 ex
2411 8.869839532068 24.8706433286425 10.2579164190684 ex
2412 1.2382780588232 22.6427324926481 9.34624051582068 ex
2413 2.7772860287223 23.3582872964907 7.47386724548414 ex
2414 13.0212880687322 23.3850539135747 11.4548840166535 ex
2415 8.86425681924447 21.1631378713064 4.7328182074707 ex
2416 17.3608098241966 22.0496447028127 15.7594751522411 ex
2417 11.2903225487098 33.0052076068241 0.384684847900644 ex
2418 2.55331022548489 32.215400430141 17.9736321798991 ex
2419 2.96225323691033 33.2451803404838 12.8154715916608 ex
2420 17.4467353045475 33.1177575602196 1.34965108335018 ex
2421 12.6402565152384 21.0459019313566 13.6957513764501 ex
2422 12.291457032552 31.1432324191555 13.2211710237898 ex
2423 14.2829284963664 32.0231400318444 15.0324368029833 ex
2424 0.615023435093462 27.180367755238 2.92797327809967 ex
2425 11.5394555993844 30.9084746898152 7.19245360000059 ex
2426 7.42121429624967 24.8629452988971 13.3362413474824 ex
2427 4.72259041201323 23.32440753025 9.31043689954095 ex
2428 13.8007013292518 21.1671043129172 13.039263678249 ex
2429 14.5022928633261 18.1879189375322 15.2831195448525 ex
2430 1.91402433090843 22.0423553299624 15.3475624290295 ex
2431 0.822140072938055 35.2139299598057 0.0140083299484104 ex
2432 3.84085660823621 25.7869636008982 7.38155737426132 ex
2433 4.83430142933503 29.9487891581375 14.5506777453702 ex
2434 2.46140130399726 23.1806720150635 16.8867980884388 ex
2435 2.57896796893328 27.8572060929146 13.3419070108794 ex
2436 7.28936429601163 34.332409807248 17.3972822120413 ex
2437 8.19368342938833 18.1385551458225 16.4735580065753 ex
2438 7.14427778730169 28.6950243313331 7.53475740784779 ex
2439 7.2871211534366 25.54504219722 1.63968727784231 ex
2440 8.40161152556539 22.3809736235999 9.46271554403938 ex
2441 14.5718586044386 25.6760227323975 0.349360710009933 ex
2442 8.1481721510645 31.1252198144794 9.41056895186193 ex
2443 2.32104847254232 30.0637853490189 13.2906360053457 ex
2444 7.60780849098228 33.5547114280052 12.114733558381 ex
2445 1.26707055047154 29.7695665662177 9.28921202523634 ex
2446 0.268291750224307 19.8509562467225 13.0173417537007 ex
2447 16.2283922804054 31.3656252410728 1.45545993372798 ex
2448 9.64940746757202 19.4496316390578 13.2352643264458 ex
2449 11.8042304837145 30.3598553782795 14.4042487256229 ex
2450 11.9553769668564 25.2896980375517 9.89772439864464 ex
2451 14.8427689354867 20.6128269112669 12.7625288076233 ex
2452 6.32315184897743 21.6086460780352 11.4583507017232 ex
2453 11.0066569424234 31.7704962331336 8.2159256094601 ex
2454 7.67282573645934 31.5816298213322 16.3479608071502 ex
2455 16.0188311478123 33.7276766877621 3.36790017527528 ex
2456 7.71689729834907 34.1955510789994 12.0499758536462 ex
2457 6.61153837712482 27.4293837558944 13.0605860871729 ex
2458 0.738469769712538 26.3563461930025 2.71272423677146 ex
2459 10.0274067444261 29.6016925920267 9.06116682826541 ex
2460 3.88283774326555 21.4652688680217 10.4618571950123 ex
2461 10.7488709930331 22.4461340890266 9.50185895664617 ex
2462 1.55422697542235 25.9098961316049 12.0981099402998 ex
2463 1.11699422914535 18.2132119766902 13.0285240593366 ex
2464 1.7299452398438 18.2256894202437 1.58638231339864 ex
2465 11.2771977074444 26.5312514835969 10.1744215055369 ex
2466 7.13741096411832 20.529582222458 12.1532033388503 ex
2467 7.15565664484166 24.8644609670155 10.1355878736358 ex
2468 11.581698716851 28.2839895430952 2.93198756314814 ex
2469 14.733123941347 21.2638179454952 2.90156921953894 ex
2470 7.79444951028563 26.0905246820766 16.4316663162317 ex
2471 13.8593446593732 30.9124971712008 15.2423564651981 ex
2472 7.5497810235247 34.1998413235415 11.3092987779528 ex
2473 13.437922160374 35.0644273899961 4.27667779941112 ex
2474 4.61783386138268 35.8657911277842 9.57021595817059 ex
2475 7.19614315591753 18.8421465142164 14.8405173243955 ex
2476 3.89463976724073 21.9179906200152 12.4434748901986 ex
2477 10.296527284896 22.0791233428754 1.07259849272668 ex
2478 6.63936831895262 29.9549394308124 12.0109392630402 ex
2479 16.5995210343972 32.9473729026504 15.5046476060525 ex
2480 4.00389895471744 30.0227850989904 15.6737720035017 ex
2481 5.96072977199219 29.4813985519577 15.1030661787372 ex
2482 12.125371373957 27.416622805642 10.7329098645132 ex
2483 15.6906777098775 27.2231225459836 5.20061254547909 ex
2484 0.469544179039076 28.8349637906067 8.01281257974915 ex
2485 7.35726933856495 33.9260942277033 6.70576149877161 ex
2486 0.735473078209907 27.6040198574774 8.38196326280013 ex
2487 12.0853185169399 24.0930293721613 5.94930465961806 ex
2488 8.92119408235885 19.3075001838151 5.39614540687762 ex
2489 0.671001121867448 24.0052832325455 5.80602171993814 ex
2490 16.6780475124251 19.8681931081228 5.58379627857357 ex
2491 11.8944990306627 31.5546967177652 7.5158648849465 ex
2492 0.49777136114426 29.820125852013 13.3805943743791 ex
2493 15.6582735292614 18.7910860595293 3.33060894231312 ex
2494 13.8176877221558 24.8038605027832 14.7995813903399 ex
2495 0.802362445974723 18.3574447373394 4.95043385843746 ex
2496 2.97939525498077 30.4362623197958 8.76282911514863 ex
2497 17.598636260489 22.1265338107478 17.2776545749512 ex
2498 12.5045322936494 19.0101477440912 17.2353673435282 ex
2499 6.74254604405724 26.1985086151399 2.17806963785551 ex
2500 12.8065920213703 18.0005589916836 12.7143530177418 ex
2501 4.52448398410343 34.2721132587176 0.589314679149538 ex
2502 8.01833222643472 31.6194911906496 13.3390752668492 ex
2503 0.86338543985039 19.0062541912775 4.73822006839328 ex
2504 4.28264283319004 35.3258614323568 4.58612203178927 ex
2505 2.66650084033608 25.8775036481675 17.8343523230869 ex
2506 10.8448280433659 33.0699765263125 0.395087752025574 ex
2507 5.99677618825808 21.5784670542926 4.88331559416838 ex
2508 0.596462637418881 22.9791622997727 11.358128814958 ex
2509 10.7725354060531 30.390500263311 7.27342439140193 ex
2510 5.69209376862273 31.0697439475916 10.6330063480418 ex
2511 14.7294345123228 26.1189698746894 13.1198035224807 ex
2512 13.1868093402591 23.809880747227 17.2774014417082 ex
2513 1.87295040790923 35.2774551026523 11.8161291929428 ex
2514 2.89078519819304 31.2127969453577 7.83746875589713 ex
2515 1.33303385577165 34.4486760925502 17.1654839736875 ex
2516 9.44728308194317 19.3979417507071 2.69873632281087 ex
2517 13.4688063466456 34.6185587684158 1.73029847652651 ex
2518 14.1765805401374 33.0510132696945 2.25042769010179 ex
2519 0.383312706369907 24.4255829514004 3.39893132261932 ex
2520 1.44463819218799 18.261211752193 6.07393457065336 ex
2521 16.0800396117847 30.9088736295234 0.402397264493629 ex
2522 13.9247863276396 30.1976751098409 1.83131795981899 ex
2523 15.6902148870286 32.6865483918227 16.2279624654911 ex
2524 6.46490200795233 29.7186036696658 17.2880137157626 ex
2525 3.63340137735941 20.9166313861497 16.7978538270108 ex
2526 8.38543599843979 20.7549407868646 5.99327481887303 ex
2527 13.2210442512296 32.0566484821029 1.13097139168531 ex
2528 15.1037309984677 32.3177923969924 1.43605239898898 ex
2529 5.23404711694457 26.1012121664826 2.00347072165459 ex
2530 0.92941200081259 29.6140798067208 4.53120118705556 ex
2531 4.78671162296087 19.0713341385126 3.42733772285283 ex
2532 17.8210337730125 20.355363780167 4.79364215326495 ex
2533 1.85770083637908 32.2127931464929 10.8599567920901 ex
2534 10.0551488739438 30.0369287028443 14.8166149528697 ex
2535 12.545205431059 26.6714563311543 2.42472037137486 ex
2536 14.0865209077019 31.8358654750045 15.8215159852989 ex
2537 13.3184738180134 19.1667205747217 15.0576687455177 ex
2538 11.170471166959 21.9956174700055 12.4763318079058 ex
2539 1.89029434346594 24.7282377197407 0.790566636249423 ex
2540 6.85702632018365 34.1563159942161 16.3280429979786 ex
2541 0.371145545970649 28.2254517851397 4.47624339233153 ex
2542 3.08290775446221 24.3179076006636 12.6072786033619 ex
2543 16.3525003681425 18.8319333090913 12.1779707514215 ex
2544 2.35851500695571 27.2203449858353 3.64046892616898 ex
2545 15.5942567400634 28.7982290289365 5.12805248307995 ex
2546 7.1549815076869 28.3339072156232 16.6387799286749 ex
2547 17.1212927277666 20.9262594971806 1.77099088882096 ex
2548 10.4668692019768 32.816250147298 10.0080045266077 ex
2549 17.137740798993 21.2862987180706 11.8493272461928 ex
2550 2.79614200629294 22.8215738865547 4.44532788661309 ex
2551 16.6104651270434 21.5502406819724 2.32136888522655 ex
2552 3.00036927964538 31.7986020471435 17.9159495341592 ex
2553 16.2932973420247 33.8290577265434 4.80628588446416 ex
2554 3.43132575578056 34.9637549824547 9.24664525012486 ex
2555 14.0275406464934 31.8558724329341 10.590240143938 ex
2556 9.87862694612704 33.6902116937563 3.0072137855459 ex
2557 13.6271059184801 19.2898674153257 8.57419992331415 ex
2558 10.6176198821049 28.3366933106445 17.2765208792407 ex
2559 4.13855299656279 27.8341728188097 1.0372301810421 ex
2560 17.10264992062 27.1498000542633 9.78158383606933 ex
2561 5.56946985609829 34.7252562330104 0.521370759466663 ex
2562 5.06601110519841 25.5624597719871 9.986961286515 ex
2563 7.26521709724329 18.7476340341382 1.8723587396089 ex
2564 2.26269632717595 24.8118136776611 12.6463243316393 ex
2565 10.6239501619712 35.1493817719165 6.23592881509103 ex
2566 8.36069200094789 24.295868123183 5.53878370230086 ex
2567 14.1425313279033 33.2879827825818 11.1271295703482 ex
2568 6.08099021087401 24.8938590325415 1.40138742187992 ex
2569 3.60059409309179 19.0332672095392 6.26827606023289 ex
2570 11.0141241203528 20.1024386726785 5.33879131870344 ex
2571 3.00852533825673 32.0521514157299 2.53552480554208 ex
2572 7.67618082650006 24.390358569799 1.7336908900179 ex
2573 9.99975061649457 25.6730589854997 6.08354427362792 ex
2574 6.47684888239019 35.7064795687329 12.5946214608848 ex
2575 1.82755385781638 35.3057105978951 13.3995634326711 ex
2576 15.6070602508262 18.0436681527644 16.688668877352 ex
2577 12.3162318577524 21.8479541672859 3.14255831064656 ex
2578 17.0418515214697 32.2800332915504 8.60374534665607 ex
2579 17.865166567266 30.7478021942079 11.5819643114228 ex
2580 7.90005620149896 19.3926249206997 4.44436649465933 ex
2581 5.10992816463113 26.442968825344 9.93908119178377 ex
2582 5.00839856383391 35.6402389358263 1.9514229123015 ex
2583 5.5104939667508 18.4178414421622 0.128887455677614 ex
2584 8.76409593387507 28.69775862596 0.825601255754009 ex
2585 11.8550040521659 23.4918353885878 15.7190015353262 ex
2586 8.61962831998244 26.158079441404 3.48758748779073 ex
2587 9.62063807435334 29.649101201212 13.1958891560789 ex
2588 3.63499921816401 32.5089722948615 14.9188413659576 ex
2589 13.6795625472441 22.2686869087629 15.9496741937473 ex
2590 17.376185164554 21.0545023407321 17.5869479894172 ex
2591 17.2621573284268 32.00753240427 11.8818803688046 ex
2592 16.1122697135434 24.4317415214609 11.8400756306946 ex
2593 1.64098734152503 29.1444764169864 0.621520499931648 ex
2594 9.73871934018098 27.4444005019031 13.1358852046542 ex
2595 14.5855331588537 33.6760523705743 1.01030124165118 ex
2596 11.3605757791083 25.1445786973927 12.7806219470222 ex
2597 6.97469606040977 26.3254652132746 8.40580392419361 ex
2598 9.39274062472396 19.0118618044071 1.09471769281663 ex
2599 1.96542241773568 19.9177447657567 14.0053210025653 ex
2600 8.3336434867233 33.6906797247939 13.6232455556747 ex
2601 5.99338763183914 18.5258569577709 16.8310653148219 ex
2602 4.67984510259703 33.6861951919273 7.06698656943627 ex
2603 7.69600122980773 24.5633232921828 3.28740846435539 ex
2604 11.8044067462906 25.7612755817827 15.6334943477996 ex
2605 11.8482955573127 18.5817558316048 13.5818449733779 ex
2606 5.45397565001622 22.1500063699204 10.0317567843013 ex
2607 8.53527855616994 23.8289448637515 12.0008965737652 ex
2608 8.17343791178428 22.4337424351834 13.3438417373691 ex
2609 8.71691021299921 28.3063970813528 15.3409305862151 ex
2610 12.6426812799182 21.2038426995277 0.663121388526633 ex
2611 12.5751739086118 34.9856733363122 12.0597344809212 ex
2612 7.83956252876669 32.4477882659994 12.077957327012 ex
2613 0.923626044997945 27.4555077292025 4.41520639881492 ex
2614 8.64571598055772 29.5858858271968 3.50297205941752 ex
2615 0.409165117889643 34.7780022639781 14.1866954464931 ex
2616 1.40986448992044 24.3845650532749 12.8432414780837 ex
2617 17.5532703336794 34.9195517986082 4.9666951072868 ex
2618 1.90988621860743 31.4038777383976 13.5812287430745 ex
2619 4.92370185139589 23.9023798038252 7.18396260705777 ex
2620 12.2707430466544 34.2560239844024 3.56460429728031 ex
2621 12.1241543393116 26.7183220444713 3.22044048807584 ex
2622 16.016941963695 30.9138070924673 6.64936711150222 ex
2623 14.082543535158 31.2248259203043 16.6256231216248 ex
2624 8.18909981916659 32.1048608000856 9.76543618994765 ex
2625 15.1482885461301 31.0281984575558 12.9762105962727 ex
2626 0.853889650898054 19.7723745154217 7.0568872988224 ex
2627 3.20409130561166 21.2033366083633 6.85413030046038 ex
2628 7.11924952082336 18.7388992407359 12.2150578226428 ex
2629 17.7718220546376 25.5063815622125 16.7873012104537 ex
2630 10.2794979242608 29.3174677575007 3.7740031669382 ex
2631 7.5531622080598 18.2279553026892 8.1908354270272 ex
2632 4.54537245794199 20.6210859913845 5.03446372784674 ex
2633 2.12892415723763 33.6840790200513 7.18827137676999 ex
2634 16.1761849613395 19.961516165873 8.24021073710173 ex
2635 4.57197666610591 29.6934061255306 12.7171357190236 ex
2636 1.76122657675296 28.8034047733527 12.8112837008666 ex
2637 6.33421630878001 35.2922440089751 4.09554766700603 ex
2638 11.2896809268277 24.0791172471363 2.25083710020408 ex
2639 0.895321514690295 20.8858063062653 6.78285891469568 ex
2640 4.31797543494031 19.133934059646 6.84203560440801 ex
2641 1.33156071417034 21.3984447293915 16.1483055120334 ex
2642 11.4144079806283 30.2220394089818 1.3763875477016 ex
2643 16.9567921792623 21.4766680882312 4.37764864671044 ex
2644 5.33380949753337 23.9825542664621 14.9370259032585 ex
2645 6.06249425536953 30.4203525616322 9.78650169307366 ex
2646 5.27382617699914 28.5336877820082 2.71674117865041 ex
2647 12.432324842317 35.0646181893535 3.42906181514263 ex
2648 7.61261071776971 28.7179895087611 17.9783262317069 ex
2649 7.12082833237946 20.6802506081294 13.1635605476331 ex
2650 12.2293892919552 20.3646379683632 14.9143386424985 ex
2651 3.29789830651134 25.6312900763005 13.3693967801519 ex
2652 2.39414961868897 20.2678202409297 0.479483281960711 ex
2653 7.63240129780024 21.4291171273217 17.1982283610851 ex
2654 13.9665753503796 26.1270456591155 17.9655706428457 ex
2655 9.18943535443395 26.2257098224945 11.1559264818206 ex
2656 13.6558829508722 20.0899564125575 9.88959939917549 ex
2657 6.43818837543949 21.2698878564406 4.90224659396335 ex
2658 13.953438378172 35.8551238947548 2.09651327156462 ex
2659 10.7277452144772 19.7701034243219 6.70463247620501 ex
2660 6.39568173582666 22.8813348016702 3.09496483486146 ex
2661 8.75684314896353 24.2783265055623 0.649361051153392 ex
2662 13.5341772199608 24.9670266732574 6.67983059352264 ex
2663 0.41915523330681 25.9526352169923 13.160975021543 ex
2664 10.9187330412678 33.1217538632918 1.0470423088409 ex
2665 4.21442030067556 32.7879394385964 14.3202948656399 ex
2666 5.09447120805271 33.8389625495765 2.18304350180551 ex
2667 14.9766117779072 23.9573307272512 13.0578479098622 ex
2668 12.532668141881 30.2123278947547 14.4919440539088 ex
2669 7.39663506485522 31.9277460728772 1.43617711425759 ex
2670 10.7281683664769 18.3636002498679 16.8831158857793 ex
2671 11.0848016228992 29.2118377387524 8.11441793176346 ex
2672 15.0333664736245 29.6674347429071 4.1323591733817 ex
2673 1.77494341530837 34.1340728132054 9.40970917302184 ex
2674 17.6740109617822 32.426385646686 5.31437008664943 ex
2675 0.665383384563029 25.2433645750862 2.04213875136338 ex
2676 3.66825634147972 26.4643674257677 6.40355887776241 ex
2677 16.1727669704705 20.0448893585708 9.43207816383801 ex
2678 14.6678850422613 18.9772931011394 0.523606550414115 ex
2679 17.971211793134 33.5068760879803 11.1418285362888 ex
2680 11.9420133263338 33.2357761296444 15.9957923684269 ex
2681 2.14680723682977 23.4049655855633 2.43466329760849 ex
2682 11.1713657076471 33.0927119890694 1.13360258750618 ex
2683 17.0658905778546 28.9898432125337 13.6720053243916 ex
2684 3.6928538416978 33.9305238961242 6.88588252640329 ex
2685 12.2502232282422 18.1981078081299 7.59577747643925 ex
2686 8.46573874680325 21.5253570997156 14.494137222413 ex
2687 15.639783912804 21.2982972306199 8.2150117342826 ex
2688 3.15871243318543 30.09423161624 10.9003548712935 ex
2689 17.1203916117083 21.4144592517987 16.5385790516157 ex
2690 0.238743191817775 28.3090777178295 9.12402950343676 ex
2691 11.5332616779488 32.4248625331093 2.32023443863727 ex
2692 11.4628628739156 34.7703365546186 17.785275490256 ex
2693 11.6484313197434 30.0501385270618 0.0238009726163 ex
2694 14.2262660260312 21.0768533104565 6.09571584616788 ex
2695 5.17007679236121 32.1515581815038 17.906707164133 ex
2696 7.8892791075632 24.4221197394654 14.3666973391082 ex
2697 13.8746450261679 24.3814243469387 15.026415147353 ex
2698 16.6074602336157 24.10222266661 3.93134023551829 ex
2699 6.9275324572809 32.6688009046484 6.54945546668023 ex
2700 4.61388002592139 20.6441031473223 12.3989223546814 ex
2701 11.0313140812796 28.171699479688 3.29953123582527 ex
2702 2.18506811512634 24.3853704486974 5.07304517296143 ex
2703 10.6593505130149 21.8321293184999 13.4938110117801 ex
2704 8.70585981896147 26.1250712876208 0.168279019882903 ex
2705 10.3944401466288 27.1436020983383 10.839342971798 ex
2706 2.87236066162586 21.8006297659595 0.128607459599152 ex
2707 2.02887923875824 18.694457259262 15.2199295901228 ex
2708 17.8613458217587 22.6924149484839 10.9275267533958 ex
2709 14.4528070553206 20.7083922983147 1.1206376911141 ex
2710 1.17890344862826 18.6489562608767 12.2024067544844 ex
2711 11.420949758729 33.0307794553228 8.14693689532578 ex
2712 9.56888375175186 29.219490124844 2.63174472260289 ex
2713 7.79031981504522 18.1948834278155 16.8969080948737 ex
2714 16.4444987988099 26.82760011754 17.7956167920493 ex
2715 17.9683767042588 33.0891086296178 15.5866564684547 ex
2716 0.551513707032427 18.4831186952069 12.4654453399125 ex
2717 11.1344872594345 34.0589336070698 12.6352709641214 ex
2718 4.78754806006327 26.3760155090131 11.3047729439568 ex
2719 7.58453873940744 21.0503510192502 1.69680193974636 ex
2720 9.31967344880104 23.1008483995683 17.0220137629658 ex
2721 4.36020014481619 21.8413490189705 10.2934973672964 ex
2722 3.07967426674441 26.1532747496385 17.0931168373208 ex
2723 16.272058270406 31.7294985281769 3.38486657338217 ex
2724 2.84149700845592 26.4666835831013 10.5198993454687 ex
2725 12.8607677815016 25.7195726879872 5.14864109968767 ex
2726 5.3387735018041 21.6369836397935 2.00977480597794 ex
2727 15.7584021997172 29.3186753343325 3.56175316986628 ex
2728 15.2170284772292 28.3980390571523 17.2556066003162 ex
2729 10.6607846198604 35.2685688356869 3.48615652602166 ex
2730 1.47658175393008 30.6646499093622 11.7533870013431 ex
2731 7.81357885804027 18.9802962993272 3.37078868737444 ex
2732 10.9276751549914 31.3240396403708 1.44152615149505 ex
2733 4.64592450717464 27.5533529438544 2.57859560917132 ex
2734 3.57446876307949 35.8863239593338 13.4349542197306 ex
2735 6.03920078556985 32.3366423267871 8.4188978432212 ex
2736 3.69523836579174 23.031903850846 6.21867938572541 ex
2737 8.39631801424548 22.696527559543 5.18405342032202 ex
2738 4.26921075978316 34.9995288224891 13.1129791170824 ex
2739 10.9315594320651 26.1934711094946 16.6736960283015 ex
2740 5.93105975841172 35.3117929704022 10.1202735498082 ex
2741 16.3905470962636 31.0235835874919 8.45994773204438 ex
2742 6.89674107404426 26.6489631670993 12.2218769534957 ex
2743 2.89104308956303 27.5812519665342 4.22789070289582 ex
2744 6.45522273913957 21.1651787648443 14.257480324246 ex
2745 13.4792235402856 31.4546636347659 3.38590013375506 ex
2746 17.5348418299109 22.9179197207559 4.10976141551509 ex
2747 0.527973475400358 23.0894053208176 15.4108612008858 ex
2748 2.19565699878149 32.5342871455941 7.07114315661602 ex
2749 3.58635332016274 35.4692198263947 14.2266753234435 ex
2750 7.70142077980563 26.9365242249332 5.8401667017024 ex
2751 8.04552397457883 33.3767831264995 15.6914132300299 ex
2752 7.81927445298061 33.6759767129552 8.9122536892537 ex
2753 2.2377348667942 26.937205001479 16.4247966217808 ex
2754 14.3445369380061 34.4045473649167 14.750453882385 ex
2755 3.53188855038024 28.3189797215164 10.3344986822922 ex
2756 9.73065799497999 20.9025392415933 13.7363280474674 ex
2757 13.3564149532467 30.2203845200129 17.3923759052996 ex
2758 14.6659640029538 33.4395675989799 12.587776881177 ex
2759 11.3772532898001 35.1679909925442 11.8285905648954 ex
2760 5.15549639472738 24.9506923437584 5.89334686216898 ex
2761 2.67776275798678 25.9628782670479 15.891264207894 ex
2762 1.73075339361094 21.2194871318061 2.67612604796886 ex
2763 2.50988448224962 26.1290810154751 14.5428543263115 ex
2764 15.3412694181316 28.5389653823804 15.6680097912904 ex
2765 8.46318956254981 34.1361824343912 17.8854821571149 ex
2766 0.110795320710167 33.7907751169987 2.08188333502039 ex
2767 16.4800443658605 29.3769040042534 10.3392482830677 ex
2768 0.654658913612366 21.3704680094961 12.9466524363961 ex
2769 9.23060758784413 34.0465168326627 0.439293149160221 ex
2770 4.26330730738118 20.7232654094696 15.2449074194301 ex
2771 11.0528264774475 22.6316881161183 15.9080007192679 ex
2772 2.5246210002806 27.1159304066096 12.4921463818755 ex
2773 9.08582495711744 33.8414955334738 1.13311016117223 ex
2774 9.18974241008982 32.6106324456632 15.2168890035246 ex
2775 11.8777676536702 22.3256663384382 16.0792895662598 ex
2776 13.9577832983341 29.2168361116201 7.95862813922577 ex
2777 8.02243306208402 20.3361359531991 17.930309914751 ex
2778 6.08199146692641 19.3232495612465 8.88903529033996 ex
2779 13.050562772667 18.6207595267333 3.80994908930734 ex
2780 3.09545656293631 26.8347034563776 7.03171338187531 ex
2781 3.31006161705591 18.3678464533295 13.209922619164 ex
2782 13.4540214100853 27.9396963058971 14.0710544430185 ex
2783 7.88435560814105 21.4888431532308 9.59921294660307 ex
2784 16.9903098770883 21.5031732092611 7.19694014778361 ex
2785 17.3788180213887 25.2708486581687 17.5843817901332 ex
2786 3.03433071519248 27.8756161003839 14.2406288119964 ex
2787 11.7701916834339 33.7934894268401 3.11620382615365 ex
2788 2.45374774513766 19.4344917347189 0.384707195684314 ex
2789 1.99875950603746 33.9782931427471 11.3275950304233 ex
2790 4.82337666372769 21.802426852053 0.313522612908855 ex
2791 16.6840973233338 34.422999848146 4.73180821491405 ex
2792 14.0410885207821 30.94883727259 3.19719503843226 ex
2793 7.49659208301455 32.4325562198646 4.3839452622924 ex
2794 9.85218413174152 25.5849235788919 5.35316903004423 ex
2795 11.3566809901968 22.2344106240198 9.08847056352533 ex
2796 0.591967414366081 19.5733462327626 1.63595768646337 ex
2797 1.25453967344947 25.0936292198021 3.01304818829522 ex
2798 14.9769863130059 28.8637345675379 1.04295470984653 ex
2799 7.29169250582345 18.2169574308209 13.4251918490045 ex
2800 15.936945817899 33.3572377592791 13.7968223164789 ex
2801 7.52062570629641 18.5350261824206 17.3561664833687 ex
2802 16.9166591204703 29.659201530274 14.4605745482258 ex
2803 11.8920606914908 24.8482164589223 3.31726547260769 ex
2804 17.9000842839014 35.6992204650305 9.32249195827171 ex
2805 9.83868135279045 22.4662926758174 7.1678228857927 ex
2806 17.0706179875415 25.5528987327125 10.2032905344386 ex
2807 3.5663314932026 32.2679114984348 0.812583573628217 ex
2808 17.1813599187881 23.8453310043551 4.39012736012228 ex
2809 2.28951786481775 28.2413972616196 7.42088386346586 ex
2810 1.52695223968476 33.3393390763085 13.1144055214245 ex
2811 8.65495397895575 34.7682128674351 13.0831113867462 ex
2812 17.4051910552662 30.7432029044721 9.32518437271938 ex
2813 10.2640325082466 31.681615893729 15.1532015441917 ex
2814 0.545937529532239 33.362146416679 5.31487842928618 ex
2815 4.12363811256364 28.2708278032951 4.77002093591727 ex
2816 6.85345535213128 34.321493327152 9.01677975524217 ex
2817 6.23278999701142 32.2304682433605 3.6057258436922 ex
2818 13.0017421923112 33.2014597873203 0.596465711947531 ex
2819 11.888348139124 28.2831737869419 9.54508412396535 ex
2820 11.374864656711 19.6065318221226 0.324342648033053 ex
2821 8.1750797026325 20.096597448457 10.1852991350461 ex
2822 4.21548051713035 31.3074341844767 13.5295944351237 ex
2823 5.03339765104465 27.7562143004034 14.0764824610669 ex
2824 0.711400783155113 26.3939448089805 3.69137595407665 ex
2825 11.6249958237167 24.3599613299593 5.01386700128205 ex
2826 2.3111713710241 19.2789474504534 11.862950185081 ex
2827 0.676476635271683 18.8707917893771 7.98879885510541 ex
2828 15.1486810431816 28.7584278660361 3.40106101660058 ex
2829 5.53733870922588 26.7618006230332 7.13139268406667 ex
2830 14.4574303431436 35.5257173727732 6.52421141741797 ex
2831 12.3182862100657 19.3616164147388 4.54180623102002 ex
2832 4.42309422045946 30.6322770735715 2.36321339430287 ex
2833 2.03608621819876 28.1777212400921 1.97846412286162 ex
2834 12.1310880149249 30.2681307713501 0.938096624100581 ex
2835 12.2664153275546 23.8994231906254 14.2051799253095 ex
2836 1.6963095953688 29.2895590392873 3.79894649470225 ex
2837 11.6077879965305 29.0381246993784 12.9420304277446 ex
2838 17.1783441067673 26.7604934896808 0.372051576385275 ex
2839 9.23477864242159 34.3915359056555 15.2019651655573 ex
2840 2.55218638456427 22.0772173441947 5.59322748193517 ex
2841 8.75491201458499 19.6912854292896 6.36465467279777 ex
2842 0.139469309942797 34.7347509742249 0.234048486454412 ex
2843 16.783762605628 23.4318480156362 7.93197028525174 ex
2844 2.16261567454785 34.8115961411968 17.1662053212058 ex
2845 9.95191631116904 34.2454199229833 14.35339423595 ex
2846 0.387122561456636 27.2941755687352 17.9772561350837 ex
2847 13.3568230150267 25.5802091523074 1.29583914787509 ex
2848 0.358127944869921 33.4655821749475 8.28964061429724 ex
2849 13.8734679084737 24.0928941892926 9.13098856457509 ex
2850 16.5393230549525 35.0928634933662 0.410469918977469 ex
2851 7.53323067980818 29.7423180860933 2.65594910713844 ex
2852 14.9493214068934 28.4941289029084 10.6128518700134 ex
2853 0.0138902778271586 31.4459849831183 17.2655446962453 ex
2854 11.8191697541624 25.4850004650652 2.44796654116362 ex
2855 11.6799794537947 35.9793885631952 3.62024402269162 ex
2856 0.0155057781375945 27.6709084049799 9.75331615237519 ex
2857 6.02532050153241 26.1833461890928 10.6148877064697 ex
2858 4.0212653297931 35.8573962054215 6.03652990586124 ex
2859 3.85753962653689 31.6085006266367 0.804987947223708 ex
2860 16.5914687593468 33.5923035163432 0.012051154859364 ex
2861 4.34538861247711 31.8717743593734 10.8656412565615 ex
2862 11.0243466545362 19.3548766758759 4.38205511216074 ex
2863 1.47390641807579 33.4748477269895 9.62071110680699 ex
2864 14.5088049033657 31.9911230124999 6.85642328020185 ex
2865 14.7318835763726 23.7246648150031 14.5400608191267 ex
2866 5.46953402110375 35.8887555131223 16.3433542945422 ex
2867 9.11944781197235 25.8859039221425 0.154716233257204 ex
2868 0.738809421425685 19.3656585342251 15.7968082772568 ex
2869 8.51295736478642 35.1147776010912 1.07779646897689 ex
2870 2.95156939001754 28.5034982212819 17.5579819069244 ex
2871 14.9955511721782 33.9090427421033 6.60668885055929 ex
2872 14.3399955569766 24.4837795814965 3.49420548649505 ex
2873 9.07125633931719 28.1342522299383 16.8963434468023 ex
2874 0.679576426045969 21.8342201157939 16.5347761011217 ex
2875 12.4089539460838 25.5682484058198 17.6215071417391 ex
2876 16.5001505415421 20.7615855764598 15.4898528181948 ex
2877 12.9758686881978 21.5397759038024 11.7159614004195 ex
2878 1.78935279487632 23.0030717293266 15.3641543900594 ex
2879 16.1084136071149 28.3028680076823 6.99180179950781 ex
2880 16.9497909825295 22.7811270439997 10.3070889376104 ex
2881 5.55194587633014 26.0856706034392 14.1090847502928 ex
2882 0.180581046734005 26.0702598642092 10.1717764835339 ex
2883 3.03153888508677 19.4443587334827 14.1419819055591 ex
2884 10.7791686838027 28.730403908994 12.7418768627103 ex
2885 1.83567995321937 20.4406904061325 10.9149370293599 ex
2886 4.98635298619047 20.3609560725745 0.503807418979704 ex
2887 3.08347139973193 19.6158557822928 15.924073260976 ex
2888 0.651632756227627 30.9729808692355 2.11705811764114 ex
2889 9.586512951646 19.7524498936255 0.516392941121012 ex
2890 6.92628063145094 32.1719566995744 2.48679318744689 ex
2891 9.69976573018357 21.0567605972756 13.0794593198225 ex
2892 0.719049458624795 21.2305330263916 6.79177813255228 ex
2893 16.8246178070549 28.370957480045 16.518838190008 ex
2894 0.273754431866109 21.9599403082393 9.70205292920582 ex
2895 6.45815555867739 30.3602831487078 8.80390221811831 ex
2896 2.4352665215265 30.7506503309123 7.35512807220221 ex
2897 14.4621230396442 18.5569865156431 2.91769648925401 ex
2898 15.586380580673 30.5018099304289 7.89731737249531 ex
2899 0.860715642338619 26.9434843400959 14.8206150778569 ex
2900 13.3236743311863 33.435228434857 8.968522234587 ex
2901 12.5764035857283 23.5970565946773 1.20065289386548 ex
2902 15.4494559054729 34.5824672256131 3.45935410214588 ex
2903 8.35266112699173 29.6539368070662 14.1050209649839 ex
2904 9.84033357515 31.8727369287517 2.40179168921895 ex
2905 14.8258373681456 26.3850231759716 11.6326587293297 ex
2906 2.43775409040973 33.4841929965187 6.53608992346562 ex
2907 15.7735935831442 19.239192847861 9.70371228340082 ex
2908 11.1376210292801 34.6478390733246 13.1462806074414 ex
2909 13.4704525880516 19.5278503382578 0.0654364433139563 ex
2910 7.97903872351162 27.0174765984993 5.00970377027988 ex
2911 16.6515267058276 25.5606999795418 5.3807269774843 ex
2912 5.17891246057115 19.9977349210531 6.83889930089936 ex
2913 7.97158809937537 29.7066213609651 12.80754757463 ex
2914 1.04835491720587 34.6154073029757 3.02526668366045 ex
2915 1.36880608694628 21.3178039381746 1.1519808601588 ex
2916 9.72535377508029 18.6379441632889 5.24863937497139 ex
2917 17.2225359287113 35.1401572546456 17.2072621462867 ex
2918 17.1370464647189 20.5327557735145 9.2467000533361 ex
2919 12.9970588481519 20.8857101192698 9.73951336904429 ex
2920 7.54841697146185 26.2007747893222 15.7421597163193 ex
2921 10.2153110445943 22.9833415034227 0.744289722060785 ex
2922 8.3576584875118 24.8311850826722 4.62681680405512 ex
2923 1.4815544153098 34.5414766017348 1.41531447716989 ex
2924 9.21112527651712 18.5528802797198 2.88601933326572 ex
2925 0.0101591481361538 28.9167766114697 12.4033810477704 ex
2926 16.6507421589922 35.206719028065 3.36292093712837 ex
2927 0.390354844741523 32.8971196759958 17.5752369405236 ex
2928 2.93855396518484 24.7117526342627 2.73224577866495 ex
2929 3.54508834821172 21.8928195754997 8.59531251527369 ex
2930 10.0953312159982 31.240533082746 17.6590352575295 ex
2931 3.26359512843192 18.6911117695272 17.5077493430581 ex
2932 1.56437557004392 30.3296411959454 6.38075707736425 ex
2933 2.82427927083336 21.0797271700576 5.44013677397743 ex
2934 4.79606600641273 30.8595022035297 10.5945690202061 ex
2935 10.5694897468202 30.3655506577343 2.96061820723116 ex
2936 13.4039442595094 34.7595993697178 3.29185321531259 ex
2937 2.98925718851388 20.8635437758639 4.38610401097685 ex
2938 17.9316168436781 33.9583354988135 10.2648244888987 ex
2939 3.38716452941298 20.1700133918785 12.0338030550629 ex
2940 17.6138090884779 21.9517788805533 7.06372504215688 ex
2941 11.8693727366626 31.4660777624231 17.4292502040043 ex
2942 7.50476664421149 32.5942206114996 10.9549316484481 ex
2943 8.07113217073493 25.6050668114331 6.49263342120685 ex
2944 13.4541908581741 28.2681126054376 11.429932505358 ex
2945 2.0782538598869 34.7682082296815 6.13895724248141 ex
2946 2.22087721480057 24.4041003140155 15.0755189070478 ex
2947 5.02095577097498 30.6378882990684 5.02052880288102 ex
2948 4.24791589961387 26.2120870465878 1.9314362956211 ex
2949 14.2020453736186 24.8075222172774 12.4705742273945 ex
2950 9.23424889822491 35.912248112727 2.89648066088557 ex
2951 14.2287462928798 31.205762606347 1.74058251269162 ex
2952 2.36752806045115 20.1848851575051 14.1828045216389 ex
2953 1.41365314088762 23.578713843599 5.58792916545644 ex
2954 1.5272734137252 21.7520616659895 9.62847181409597 ex
2955 4.53056064597331 31.074723651167 7.45066018030047 ex
2956 11.7293943935074 21.9568560961634 16.6228981062304 ex
2957 14.9456906593405 34.1715013417415 1.54154724464752 ex
2958 15.8766724122688 34.9806564694736 0.775875697145239 ex
2959 6.76258437288925 21.2522990868893 9.25603578728624 ex
2960 12.2080319970846 31.4391062459908 2.66023124149069 ex
2961 11.7522272376809 22.4682392370887 17.2777293273248 ex
2962 17.6249969098717 24.0093335045967 2.43037260347046 ex
2963 6.23729569395073 22.200220518047 1.33296293648891 ex
2964 16.672574785538 19.4581469693221 0.308416781015694 ex
2965 0.371780980844051 29.1395583408885 17.4684647899121 ex
2966 9.23087010718882 32.6700602562632 2.80526325921528 ex
2967 15.7574900039472 34.8040966384578 13.083079916425 ex
2968 15.4027790063992 26.3922542936634 9.21055132290348 ex
2969 6.07543618627824 25.2525045373477 5.46252425038256 ex
2970 0.383683534804732 33.6043042771053 4.51189798116684 ex
2971 5.38267455343157 30.7915938217193 15.1147258435376 ex
2972 16.7160112261772 23.7561639754567 3.680992661044 ex
2973 0.716782641131431 18.7957269861363 14.2094798700418 ex
2974 11.2461803525221 33.9944470853079 11.4220415479504 ex
2975 8.47229206282645 35.8027849793434 16.9711747190449 ex
2976 9.76054991455749 35.6426254415419 15.2613545169588 ex
2977 12.8051264586393 26.106464325916 16.6745896646753 ex
2978 15.6706634729635 34.6222424232401 7.17817917186767 ex
2979 17.3595914400648 28.0142401990015 3.02413818379864 ex
2980 2.41120330896229 19.5339166850317 2.6420097197406 ex
2981 1.31164967385121 18.6026362292469 11.1298262954224 ex
2982 17.6182607195806 34.1034854960162 2.42854506312869 ex
2983 16.6108993845992 29.6016417548526 6.22052627126686 ex
2984 13.2911961118225 25.6890139626339 9.06797723076306 ex
2985 5.43753968598321 19.5186226919759 14.8112884308212 ex
2986 0.751131036318839 31.8211564824451 15.0546381813474 ex
2987 1.48219955642708 20.8221069998108 0.535500151105225 ex
2988 10.2195646904875 22.0557586860377 10.4261733852327 ex
2989 4.95233741425909 28.729418857256 9.94380964292213 ex
2990 12.782561813714 22.9076229815837 13.6942150937393 ex
2991 11.2104930311907 21.4033312320244 5.66110037220642 ex
2992 14.9344660497736 34.0196373960935 2.41557709942572 ex
2993 3.34492455259897 28.8310510721058 8.17965742363594 ex
2994 12.6268418305553 29.3144017453305 11.0893889470026 ex
2995 15.8493876687717 31.040407190565 3.51146765891463 ex
2996 11.8858529522549 21.9670609883033 7.9686466215644 ex
2997 1.73786255554296 33.3453281307593 17.564087870298 ex
2998 5.77316541969776 35.7085156966932 8.03718368010595 ex
2999 6.75474668550305 23.0926244901493 2.91203395579942 ex
3000 8.63117084582336 30.0631528750528 2.60999960522167 ex
3001 5.46220596390776 20.7879469096661 16.4603429113049 ex
3002 15.9923454585951 33.9937944926787 0.879441849188879 ex
3003 15.9805241471622 24.338158676168 3.62482128106058 ex
3004 9.17273971205577 23.2926503778435 6.98029503505677 ex
3005 12.4382292691153 28.4246536707506 17.8609561990015 ex
3006 5.41399740986526 30.3748775946442 17.8918432830833 ex
3007 9.85579168074764 28.7580668888986 2.01586038270034 ex
3008 1.04804820916615 22.0099652088247 2.83751246915199 ex
3009 8.66273720189929 33.4557933111209 14.8358773174696 ex
3010 7.24484302755445 20.7398843814153 7.25003684754483 ex
3011 5.08905030693859 21.664936875226 1.31766595947556 ex
3012 17.5692763184197 20.5290061587002 15.7626605061814 ex
3013 7.30586514994502 19.7968335519545 6.16258197510615 ex
3014 4.83463970338926 35.4675916531123 14.4385989061557 ex
3015 2.35109207942151 31.71447666944 14.224122222513 ex
3016 10.3567834049463 28.4078051606193 13.0036727515981 ex
3017 4.65416517527774 26.5834856207948 4.78830572264269 ex
3018 2.07340768678114 29.9656082640868 13.2385597394314 ex
3019 3.53908782661892 21.180241789436 2.23319159727544 ex
3020 6.50864081853069 32.4712903783657 12.1690010575112 ex
3021 8.76727955485694 32.4149870022666 7.47289393912069 ex
3022 0.445808505406603 29.4980057706125 1.6870110060554 ex
3023 15.7136307109613 26.9569909223355 16.7451434039976 ex
3024 12.599197360687 35.5980780562386 8.97281114547513 ex
3025 5.50290782679804 21.4003813983873 8.47470109700225 ex
3026 2.05120456637815 27.5226887632161 11.5461955226492 ex
3027 2.77980658807792 26.8449917756952 7.22407496999949 ex
3028 12.511612104252 27.4604125197511 14.4655492636375 ex
3029 3.42296077660285 28.0617421516217 2.71046972484328 ex
3030 4.09521211334504 29.3317756233737 11.4785594360437 ex
3031 8.56183509621769 20.5627707079984 8.88140923017636 ex
3032 9.1610340536572 21.4137294122484 7.16908581042662 ex
3033 12.6166398196947 22.0411390953232 4.29972690599971 ex
3034 2.73610216425732 18.9466247011442 1.65228317538276 ex
3035 8.30956144654192 20.7383932205848 13.7182688163593 ex
3036 16.3439553291537 19.3995332003105 2.78693855251186 ex
3037 1.39480972569436 31.6851562990341 17.4513065069914 ex
3038 3.90206861216575 23.1130351275206 16.7991169258021 ex
3039 10.4602896755096 19.8544590752572 12.4237658942584 ex
3040 5.19259499688633 28.611410347512 8.27934980322607 ex
3041 13.2134182504378 30.4947875658982 12.4787381768692 ex
3042 7.84664939739741 25.437831862364 5.48469757568091 ex
3043 14.2828969811089 31.3945476138033 12.9182914532721 ex
3044 17.9875255452935 18.5838232354727 6.7741571131628 ex
3045 2.41175176203251 19.0798807188403 6.79936271067709 ex
3046 11.8682284238748 27.2007734570652 6.5072361738421 ex
3047 2.62697809655219 29.1449441311415 10.740067866398 ex
3048 4.74191881692968 34.14688691427 12.6213273536414 ex
3049 16.8434262697119 18.6213810634799 13.2905019382015 ex
3050 8.50106107187457 22.2769224625081 14.7887177697849 ex
3051 4.34418413206004 30.0917157714721 9.84538242733106 ex
3052 14.798039838206 31.0497138879728 13.728363703005 ex
3053 4.0897043379955 21.3209905964322 8.03118331171572 ex
3054 10.5871840794571 27.5212276666425 6.54787645209581 ex
3055 15.6708996477537 24.8418074692599 9.20318415225483 ex
3056 17.2713728260715 21.6605385525618 3.82193464529701 ex
3057 10.3713930503 31.8075892562047 13.9186941259541 ex
3058 5.26744754775427 27.3822718618903 13.0400551303755 ex
3059 14.3541861253325 34.1389208459295 10.1388175690081 ex
3060 13.9664839941543 35.0445972755551 5.51840861863457 ex
3061 1.12746256659739 23.9763004507404 2.18036126857623 ex
3062 2.35926707694307 29.0857454952784 6.35465303971432 ex
3063 0.175073652761057 24.9986461214721 4.77645880612545 ex
3064 1.53680332796648 26.2434298912995 5.53116022259928 ex
3065 13.4686332014389 34.3790316192899 15.3842735560611 ex
3066 7.77248140517622 23.6817189005669 2.46388768777251 ex
3067 6.92767330911011 26.841106249718 16.2605861176271 ex
3068 10.0331088416278 33.9913277258165 6.08180430298671 ex
3069 11.1389180053957 22.1349662772845 8.20570942456834 ex
3070 0.12994453147985 32.8115282391664 14.9208018817008 ex
3071 7.87927025393583 23.9455363098532 9.8160485890694 ex
3072 0.232913077576086 19.2274097898044 3.54571708361618 ex
3073 4.05109498463571 35.5975345177576 3.9135594132822 ex
3074 15.0833951118402 28.0744035169482 6.24509866838343 ex
3075 0.228727471083403 19.4186939070933 10.0290518740658 ex
3076 4.49924841267057 35.1119811532553 8.90900548384525 ex
3077 15.0916801902931 33.3324870702345 1.54660032712854 ex
3078 17.7241175754461 31.7915268153884 0.825614952249452 ex
3079 1.63801617734134 24.4676356210839 5.98250031727366 ex
3080 4.93912147101946 18.1225449233316 11.6234258727636 ex
3081 15.0149526789319 21.2189782049973 17.2949158009142 ex
3082 7.41656923596747 22.0279486768413 14.9587793475948 ex
3083 3.91810629121028 24.536373371724 6.34688698174432 ex
3084 1.28320104070008 24.6469703929033 2.24520972068422 ex
3085 10.3693738817237 18.0240556807257 17.8096272083931 ex
3086 2.88598810951225 32.5777691304684 16.1350951257627 ex
3087 1.6921359798871 27.303024421446 6.28404467203654 ex
3088 15.2680189046077 28.6368110573385 0.0455815922468901 ex
3089 4.99588720407337 32.5036829523742 16.4325775057077 ex
3090 14.006999952253 22.9655517144129 9.57982275588438 ex
3091 9.72084949747659 18.141315841116 10.533877923619 ex
3092 13.3242475744337 33.5825489989948 9.84490663046017 ex
3093 13.4784075638745 30.0447730177548 13.0642670923844 ex
3094 1.17695649294183 21.8601511945017 4.42092033498921 ex
3095 4.86329557839781 25.2970414981246 6.93270950345322 ex
3096 15.9088924548123 30.8039323841222 12.4383978245314 ex
3097 11.0325908919331 35.7710023750551 0.587208851007745 ex
3098 0.956123179988936 25.1202895301394 3.71033452730626 ex
3099 2.20535329310223 21.8688731268048 17.511033663759 ex
3100 5.11199483275414 20.7752984233666 14.0932450774126 ex
3101 1.16832328471355 31.4593179041985 9.42208482581191 ex
3102 9.82831403356977 21.2563652060926 11.9135611830279 ex
3103 15.9107531167101 35.696584957419 15.8935925874393 ex
3104 4.55615025409497 19.4006807964761 16.7281274369452 ex
3105 3.34416441782378 33.5212172220927 12.3771595272701 ex
3106 16.7436386574991 19.497640442336 16.0392752082553 ex
3107 16.7857115285005 20.9451151865069 16.5642499341629 ex
3108 9.41594375949353 30.373002710985 10.8677233641502 ex
3109 11.2660491282586 26.6444545837585 9.52087338571437 ex
3110 3.08483612257987 18.6233470076695 2.51141268364154 ex
3111 3.04014169843867 18.8449292532168 3.74130931473337 ex
3112 10.1321858889423 28.044509842759 8.05073262169026 ex
3113 6.05468792002648 30.1575786687899 7.80748892365955 ex
3114 3.6237800787203 22.2979932983872 15.2872942097019 ex
3115 0.347817194182426 29.1527628956828 10.7402626047842 ex
3116 11.4140677240212 20.4456611021888 0.559928416740149 ex
3117 4.61957126390189 33.4273857942317 2.41453677322716 ex
3118 16.7620612904429 25.6831948605832 1.61020448198542 ex
3119 0.016943885711953 28.9828401827253 3.49030224885792 ex
3120 2.7504402147606 19.845724376617 16.6691447445191 ex
3121 1.8966884247493 28.5480187819339 5.06611369992606 ex
3122 10.9040588876233 23.684595211409 12.0157578983344 ex
3123 17.2689574074466 31.7002417144831 15.5817554581445 ex
3124 14.2748755749781 20.9902078099549 7.80969690694474 ex
3125 4.25351666449569 24.4595504375175 13.3163927074056 ex
3126 14.9954981156625 35.8612072840333 3.91508141974919 ex
3127 16.0948824235238 32.1877637151629 11.4485169728287 ex
3128 9.7491928699892 28.6082591426093 13.0578857713845 ex
3129 4.69519598572515 19.8759103843477 12.3132646125741 ex
3130 7.14461315795779 33.8538392544724 0.126073343213648 ex
3131 7.25197191908956 18.0691496932413 0.196347826393321 ex
3132 6.43969424744137 21.4145048123319 8.89293708140031 ex
3133 15.169758891454 20.2876251759008 5.56625067163259 ex
3134 8.79679398983717 24.0676918143872 16.5100338058546 ex
3135 6.09222564077936 35.429441293003 15.2739833248779 ex
3136 13.027833142085 32.0373654209543 9.68962143408135 ex
3137 14.0727780272719 35.0515874850098 7.49099726928398 ex
3138 12.6914575572591 25.6069025683682 13.1726711294614 ex
3139 3.89155062893406 20.4453451146837 1.8906618100591 ex
3140 1.73962587839924 29.9527610070072 12.7409180942923 ex
3141 6.01514806528576 20.4731127126142 6.33482926595025 ex
3142 1.77776693529449 29.6475925007835 5.00976614956744 ex
3143 3.83068121038377 21.1778315268457 3.70337140606716 ex
3144 3.78024610388093 25.3006234688219 15.6613027001731 ex
3145 8.40628012083471 25.762765981257 0.279498295392841 ex
3146 17.0761726743076 18.8104978506453 12.1202144525014 ex
3147 15.0336484496947 25.6002884902991 13.8817334000487 ex
3148 5.28034958359785 30.903041921556 12.3427637356799 ex
3149 5.05692398175597 27.3503651949577 1.82853446574882 ex
3150 13.0520754740573 18.2038976782933 9.33188543026336 ex
3151 17.9578618442174 34.0762256998569 7.89257955527864 ex
3152 11.4861958511174 28.242155732587 4.86737505788915 ex
3153 6.65335748065263 23.2580731704365 6.83655715803616 ex
3154 16.3755298398901 18.5049217352644 16.8862563522998 ex
3155 9.58678890601732 32.8442668984644 17.4409077770542 ex
3156 6.46681055426598 33.0256715836003 2.32529431232251 ex
3157 5.88823664095253 30.2087975381874 0.495357291540131 ex
3158 6.76882093399763 24.8128431346267 7.3506462329533 ex
3159 17.9209328771103 35.3321908405051 1.81009124591947 ex
3160 8.18629456753843 19.989099690225 14.7321445601992 ex
3161 15.2464013723657 27.6637991797179 4.06595262954943 ex
3162 5.36401950661093 21.2511293292046 17.582685390953 ex
3163 10.0206086984836 25.7730012962129 14.1672876735684 ex
3164 5.70258645620197 22.1911840757821 13.4898341540247 ex
3165 9.24142335448414 33.7712475161534 13.9004122389015 ex
3166 5.61865210067481 20.1207884233445 8.65875433455221 ex
3167 16.7426139751915 23.9266576303635 12.6959366097581 ex
3168 11.3946294365451 21.6610010822769 0.324907266069204 ex
3169 13.4716465468518 25.7535110318568 8.5874869634863 ex
3170 7.08790897531435 25.2171238737646 7.59587661153637 ex
3171 0.21099638636224 24.7060598833486 7.45412212703377 ex
3172 0.61069362424314 23.1923911732156 10.37840753817 ex
3173 2.49442640482448 33.2848767836113 11.064700856572 ex
3174 14.430125935236 19.9344399373513 4.22584875440225 ex
3175 16.7477616770193 29.7829942523967 5.90601140586659 ex
3176 16.0331626294646 21.3761789565906 3.37850033468567 ex
3177 4.75012748641893 27.2567452960648 17.9707714682445 ex
3178 1.2916930236388 28.0839942232706 3.6808194341138 ex
3179 15.221653992543 28.4074362206738 7.56932977586985 ex
3180 3.16162184951827 19.8572578418534 13.0001178956591 ex
3181 9.6807195013389 32.5684115975164 14.2840840076096 ex
3182 10.4598784360569 31.0027737363707 16.1708512043115 ex
3183 17.0220111322124 35.4951928993687 12.9388460670598 ex
3184 9.37441436178051 24.1870982043911 9.60322226188146 ex
3185 3.70729685854167 22.2913910232019 2.57637175824493 ex
3186 17.1845392086543 28.4862554599531 7.36847624904476 ex
3187 17.6564197409898 29.8826246978715 9.63248069724068 ex
3188 16.845291608246 25.3486579721794 17.9204283168074 ex
3189 13.4913054800127 27.0151099723298 10.3977176747285 ex
3190 12.9341688714921 18.5256267914083 4.43734913831577 ex
3191 5.80506138852797 22.7103093536571 8.55312358448282 ex
3192 5.01259771524929 23.578631689772 8.13621454592794 ex
3193 6.0748047651723 34.8537803418003 13.9622164152097 ex
3194 0.0232516310643405 23.3604509544093 12.3175205637235 ex
3195 4.46588728600182 28.465311820386 3.49437870853581 ex
3196 1.72156839212403 35.4007356034126 15.5634375638328 ex
3197 1.69824317540042 25.6839003118221 5.41319779120386 ex
3198 17.472270321101 18.0338529644068 17.3146699615754 ex
3199 15.5299268336967 20.3804850059096 10.6652255910449 ex
3200 1.3209280106239 35.0317415951286 9.16829915135168 ex
3201 15.2050797378179 21.0763863387983 2.10700044920668 ex
3202 5.67910571047105 28.0279726819135 17.5397080117837 ex
3203 5.49231575056911 31.5874440150801 3.37837969651446 ex
3204 9.59578797058202 35.9120497738477 16.2665704002138 ex
3205 0.842759387567639 22.7737126243301 16.1591135140043 ex
3206 14.2236606595106 25.0635061485227 16.9055724868085 ex
3207 13.7162050958723 30.7364145303145 16.6990731037222 ex
3208 7.87467663246207 26.9791534880642 7.06524400622584 ex
3209 3.02300924481824 26.3526776568033 15.3643171642907 ex
3210 10.2020928638522 25.7993977859151 15.3751272128429 ex
3211 3.33946329867467 28.4582072822377 6.0861870541703 ex
3212 7.55069945706055 23.1906296040397 14.3634362698067 ex
3213 11.1579050137661 27.8767615586985 14.668699920876 ex
3214 9.1943146744743 35.1333494409919 3.57474752655253 ex
3215 4.76066273124889 22.0166658319067 13.8119609302375 ex
3216 6.42778954049572 30.2247426304966 15.0074115227908 ex
3217 16.5900893567596 32.9912233592477 6.65493761189282 ex
3218 16.4597254069522 30.9737420019228 16.5283053331077 ex
3219 12.9970919650514 20.1906997347251 5.44252444803715 ex
3220 16.6011572154239 23.6563741876744 9.6714274417609 ex
3221 5.86779730045237 21.3588149745483 15.4230933890212 ex
3222 14.4465698979329 35.0987342738081 0.0156693027820438 ex
3223 10.8937770023476 19.779979537474 14.1515045044944 ex
3224 3.19998893351294 18.3665034156293 8.85668205306865 ex
3225 14.2621558238752 29.5760733266361 1.27555302414112 ex
3226 7.20817525149323 30.2333553503267 1.49225906818174 ex
3227 14.2849505038466 29.9778548821341 2.32959977770224 ex
3228 2.1601142231375 21.6773506025784 11.7607724873815 ex
3229 16.0496759854723 25.8446842073463 0.723718891618773 ex
3230 6.45456699002534 23.1956597443204 16.6459041978233 ex
3231 2.90372333908454 25.7825219393708 12.5122967369389 ex
3232 16.4193779497873 22.7850893989671 1.2844285427127 ex
3233 6.85043792473152 19.816218619002 15.6071202708408 ex
3234 3.04493070603348 20.5463471140247 7.41212674416602 ex
3235 1.03234364837408 30.3267861676868 7.75829140329733 ex
3236 16.2944615120068 27.6170109740924 10.763260809239 ex
3237 14.7739619943313 33.6723430315033 0.158100749365985 ex
3238 11.5253495720681 19.0575381137896 2.86018683644943 ex
3239 9.48335120058618 34.5225641471334 11.2069217911921 ex
3240 6.60636559594423 31.6969108651392 10.4185925421771 ex
3241 17.2317062942311 19.8942096303217 1.81299418117851 ex
3242 14.8233842663467 20.622420382686 4.07970072538592 ex
3243 6.41745702503249 18.0601201502141 12.0360842603259 ex
3244 1.04770083911717 29.4409861692693 4.2899393257685 ex
3245 9.70081797544844 23.0011609189678 0.0625487454235554 ex
3246 14.7664319844916 24.3503387081437 2.39103493862785 ex
3247 13.6124835920054 31.9344832384959 4.77008423442021 ex
3248 3.37645242572762 23.648500662297 8.5902806322556 ex
3249 15.0965622782242 19.2446898699272 6.28187561081722 ex
3250 11.4196897533257 34.4234389825724 4.32533523440361 ex
3251 6.52552279271185 22.6904606001917 16.7707753893919 ex
3252 13.8225661083125 30.3174554107245 10.628204548033 ex
3253 0.735761371674016 18.9117831059266 1.23369296942838 ex
3254 14.572324412642 29.0879508017097 11.7182848053053 ex
3255 12.0523135468829 20.4465096767526 2.09784627496265 ex
3256 9.08395556826144 18.7145067288075 11.3585551567376 ex
3257 17.7982284021564 19.5013866170775 3.43403445766307 ex
3258 4.87817328725941 28.9680412153248 1.48466660827398 ex
3259 1.47265092888847 19.814360485645 6.99745323508978 ex
3260 3.38092295313254 20.5640306165442 8.67462246771902 ex
3261 10.7543561325874 31.3151519519743 4.7587954509072 ex
3262 12.3584649101831 21.8610490157735 5.80084044393152 ex
3263 0.270977955311537 26.5362819195725 11.1290727169253 ex
3264 2.44776075962 29.2437664179597 2.97793648089282 ex
3265 14.7654537342023 20.7631925612222 3.70846316451207 ex
3266 1.89705722103827 28.8948218987789 6.04927083360963 ex
3267 9.79866972076707 22.3059157249518 8.07831231737509 ex
3268 9.18685433664359 31.7608053185977 7.48920639767312 ex
3269 1.16588942660019 30.1498231810983 8.66240281611681 ex
3270 1.09673318499699 28.8321013462264 8.9355653070379 ex
3271 9.11442941846326 20.0824690051377 14.6373102040961 ex
3272 13.5251743835397 20.2050894524436 15.2270117630251 ex
3273 14.2179910079576 23.02433370566 2.91609113919549 ex
3274 12.0335573402699 22.6366689405404 2.04472852358595 ex
3275 0.765823590569198 32.973305414198 7.17179084662348 ex
3276 13.0962227715645 20.166911136359 8.34465726511553 ex
3277 3.31620369199663 22.6431125667877 17.4606393503491 ex
3278 6.02155276713893 35.5946718954947 17.7209681870881 ex
3279 15.8556222186889 27.2365021312144 1.3111596587114 ex
3280 9.96965432260185 21.7444566343911 5.20565288723446 ex
3281 0.883094525663182 29.0056238784455 16.682760274969 ex
3282 3.24837666633539 20.5463111728895 13.0971410109196 ex
3283 3.41031757835299 27.0435547786765 10.0462156848516 ex
3284 5.78107289341278 25.9779234826565 4.99775309558026 ex
3285 6.60208308510482 18.4912611243781 6.78233985626139 ex
3286 7.77036139531992 24.733389077941 17.8765708208084 ex
3287 2.41392090637237 18.9633917235769 9.02418393711559 ex
3288 11.2242927446496 32.3689268627204 3.04607169074006 ex
3289 0.963731970405206 26.0013897710014 0.99747454514727 ex
3290 4.29732826096006 18.6073252719361 10.8249075079802 ex
3291 9.0035456859041 24.4381986213848 13.3429682308342 ex
3292 8.84752096398734 22.0582743480336 2.0564473667182 ex
3293 15.6108307915274 21.2302138633095 13.6974758394063 ex
3294 8.30793870892376 28.2449814239517 9.82370468345471 ex
3295 10.9748587794602 21.2391382108908 12.1057866115589 ex
3296 11.4961412213743 18.2256033627782 5.75312173250131 ex
3297 3.85582583607174 21.0271903269459 13.1786429849453 ex
3298 13.7346588734072 22.1838919389993 17.2201525983401 ex
3299 17.6755596131552 31.7521008602343 13.1701478981413 ex
3300 7.39516696776263 24.1165168255102 12.2456408662256 ex
3301 17.2539167760406 34.4088537185453 12.7827864524443 ex
3302 4.85060012317263 20.5362495570444 10.3135323880706 ex
3303 16.7079478318337 34.3354301885702 9.99956943048164 ex
3304 4.33687709644437 19.8118488446344 15.2148384365719 ex
3305 11.7219697088003 26.9986137310043 2.21378209860995 ex
3306 7.62224845471792 33.4172638657037 15.4549094729591 ex
3307 17.064728183439 19.0425316980109 8.51669735671021 ex
3308 7.01185007975437 33.0704130067024 13.3998885522597 ex
3309 14.1079639131203 34.167228663573 17.2221020618454 ex
3310 1.13284033164382 25.5866572016384 8.9794267907273 ex
3311 6.83006014046259 33.5822999228258 0.416831620503217 ex
3312 12.9121160821524 32.9913656834979 6.25430513382889 ex
3313 1.01794919092208 29.50441856822 7.00940685183741 ex
3314 16.9184637849685 25.7736016972922 14.0057336934842 ex
3315 16.357791404007 33.8052966697142 15.6910906156991 ex
3316 11.1688157266472 32.2940364512615 8.63324028556235 ex
3317 6.06978521612473 20.1586975811515 17.611552368151 ex
3318 3.01961051672697 24.1213411258068 17.646739320131 ex
3319 15.4823252991773 20.703316756757 16.2235880743247 ex
3320 9.48246245551854 20.5817371462472 4.60861508059315 ex
3321 3.67159859486856 34.2911166055128 7.35392645886168 ex
3322 8.88959232438356 18.3369347932748 6.77916211518459 ex
3323 15.3564841200132 35.3992618899792 3.63422113540582 ex
3324 3.78494832059368 25.3299419665709 8.24469332792796 ex
3325 9.76357049914077 18.7147295649629 13.3903364299331 ex
3326 10.5585085849743 23.6585741045419 5.29480961035006 ex
3327 2.48525164276361 21.3835920125712 7.12641004961915 ex
3328 6.47052634647116 19.9490539713297 7.33405029820278 ex
3329 4.10302761988714 23.8033048519865 0.00998285063542426 ex
3330 3.12109659961425 35.5639980828855 1.911788105499 ex
3331 16.6195221915841 29.5934919132851 13.5024329994339 ex
3332 11.8712535982486 25.5468552890234 16.1045349545311 ex
3333 6.53389132767916 33.7158772938419 10.7016117328312 ex
3334 16.4476443296298 33.4854066306725 8.95871935086325 ex
3335 12.8258108028676 18.2396368612535 16.8044721640181 ex
3336 3.73530963761732 23.0571080611553 2.73781087156385 ex
3337 15.5673289687838 19.320337055251 7.30025269393809 ex
3338 5.18722061184235 29.4291333688889 11.7287586156745 ex
3339 6.95883666165173 27.3223631239962 5.4612240139395 ex
3340 4.34400963154621 23.429359914735 13.4887097021565 ex
3341 14.7958840527572 30.7899993001483 8.66848806384951 ex
3342 15.3446014795918 32.0052252206951 17.580286151031 ex
3343 10.0107623804361 26.7697060592473 5.23257534066215 ex
3344 9.41040417249314 26.8312286683358 6.62404890940525 ex
3345 3.08181577245705 31.7703822031617 16.7958077082876 ex
3346 13.6822971832007 29.3124901091214 0.0976504264399409 ex
3347 11.9156654372346 22.6693740733899 13.5381774667185 ex
3348 14.8743922975846 33.2953394060023 5.74702775944024 ex
3349 9.33697083313018 31.643373795785 1.1706065677572 ex
3350 11.0895091595594 34.000616772566 9.73238351964392 ex
3351 15.9153690924868 34.1802814065013 10.5715920063667 ex
3352 12.5861501183826 19.0784604174551 3.32724170503207 ex
3353 5.22737247846089 18.043028967455 12.2772518685088 ex
3354 10.0242128639948 31.7720718956552 7.75319026689976 ex
3355 13.763021171093 23.1546180632431 9.3746036759112 ex
3356 11.7217954122461 28.5774699670728 11.4139102268964 ex
3357 14.6913191427011 22.206524732057 8.98972967965528 ex
3358 0.179561584023759 31.1679864577018 10.5479976136703 ex
3359 11.5151391853578 20.8179347396363 1.76740365545265 ex
3360 4.65531784971245 32.3237793149892 4.24813580373302 ex
3361 0.885356488870457 29.6475638439879 6.3868049737066 ex
3362 17.0339554287493 28.0980237356853 4.79068048507906 ex
3363 15.5420707818121 32.362305880757 6.16025606938638 ex
3364 14.9695006299298 30.4100722318981 1.85559206339531 ex
3365 4.11750754411332 32.3892968967557 0.579350861720741 ex
3366 3.25919302785769 24.7013285835274 15.3792993626557 ex
3367 13.0213303652126 26.8649022548925 5.06187551678158 ex
3368 0.972837112378329 19.6711854543537 9.57808547769673 ex
3369 1.2026397632435 23.693839982152 7.34367098892108 ex
3370 5.32326657162048 22.499044526834 0.335821891436353 ex
3371 8.02042548637837 32.2856279730331 15.269542417489 ex
3372 11.49424019875 29.2608586195856 11.1415321789682 ex
3373 9.2014990800526 29.5904801040888 10.5166713730432 ex
3374 7.80950417602435 29.1519524531905 16.2918166439049 ex
3375 2.33117349236272 26.6669407584704 17.2019722003024 ex
3376 1.61804467812181 20.3623248063959 3.17138372710906 ex
3377 14.2463834283408 21.3562211494427 9.06941755139269 ex
3378 0.286064330954105 31.9304029543418 8.54013233608566 ex
3379 13.5298125843983 25.2394034171011 3.89718297543004 ex
3380 13.005005210638 22.3918358935043 2.58572206459939 ex
3381 4.90894536441192 35.2135670618154 1.63331595016643 ex
3382 2.59776077000424 22.4308463730849 14.8858377225697 ex
3383 9.58656378672458 30.9056750067975 11.1788755289745 ex
3384 10.5754906188231 21.5970643174369 11.7480571572669 ex
3385 16.0900709484704 20.0026330517139 5.57047797949053 ex
3386 10.6075962379109 23.4053964514751 8.00297507853247 ex
3387 2.93555997591466 19.2861085045151 10.692464369582 ex
3388 15.8837270052172 29.8019001071807 1.28792111203074 ex
3389 2.16669996432029 19.7115438384935 12.2223792632576 ex
3390 15.3458670638502 23.6172504012939 8.52649472863413 ex
3391 13.532696259208 34.4443388229702 13.2596274623647 ex
3392 15.8711181180552 31.9538460883778 6.93868562323041 ex
3393 17.6268438035622 30.8309430121444 16.0551644482184 ex
3394 5.01014505955391 30.970661577303 16.6252995906398 ex
3395 13.2202018846292 23.0286774297711 8.70906821894459 ex
3396 15.8357347198762 26.6535268668085 13.8848983207718 ex
3397 14.1134060544427 27.1681001975667 12.1917848514859 ex
3398 9.70180764747784 31.0014110552147 17.4059062344022 ex
3399 4.05042393645272 30.7699337147642 16.2630693912506 ex
3400 16.6124882798176 26.3232221852522 13.7694208261091 ex
3401 13.956394644687 35.5613462694455 14.1689669273328 ex
3402 5.02804688503966 23.6076264895964 7.25594138889574 ex
3403 17.9496633894742 27.3684701991733 1.47744940244593 ex
3404 11.8061278988607 32.72531983722 17.8936438902747 ex
3405 3.00031180167571 24.1790700301062 14.3920718182344 ex
3406 13.8753297084477 34.4670042328071 0.373246528906748 ex
3407 12.7607865894679 18.2617762025911 15.6251109871082 ex
3408 0.21781568438746 31.480812046444 6.41082512564026 ex
3409 0.645424254005775 20.3530831092503 12.3753222739324 ex
3410 11.2493140827864 27.4931521434337 5.56112127471715 ex
3411 14.7066606322769 23.6961183145177 10.4133014695253 ex
3412 10.8191417411435 18.0147701215465 11.0275042189751 ex
3413 12.210167683661 19.1720245354809 8.8681523129344 ex
3414 10.1506723193452 29.215726505965 13.6975381723605 ex
3415 6.35079402173869 25.4555050691124 13.6282649200875 ex
3416 0.075284464051947 18.4759047171101 17.7958508206066 ex
3417 4.0084495076444 20.8487517209724 9.7254724020604 ex
3418 16.7005760422908 26.9824628662318 4.58514653635211 ex
3419 12.823282423662 29.5381693993695 15.9296492356807 ex
3420 13.8993868832476 28.965701708803 17.1247688040603 ex
3421 17.5472337550018 25.2899537151679 2.41448593325913 ex
3422 6.30610645259731 31.3598700996954 8.88703464972787 ex
3423 13.8854609406553 22.9894511229359 11.5366071707103 ex
3424 7.34595721494406 35.7257992941886 12.9760279946495 ex
3425 13.0454832245596 29.4140652285423 3.18951111240312 ex
3426 11.8932403346989 21.3775701676495 3.74755573202856 ex
3427 17.0069547817111 23.5867405140307 15.8631358065177 ex
3428 12.9654945326038 27.4167348442134 1.17807962815277 ex
3429 8.20734169241041 21.7841320175212 15.4152115879115 ex
3430 16.3798097181134 26.9245385809336 16.8094464021269 ex
3431 0.601933726342395 30.4506949256174 15.4112586532719 ex
3432 7.92614980856888 19.2585182753392 7.87834122916684 ex
3433 6.93464963557199 20.8015138544142 13.4637288651429 ex
3434 6.77337450161576 32.647389857797 13.7126052258536 ex
3435 11.4850658839568 31.7658790133428 14.2902608281001 ex
3436 11.2956760576926 21.0195180810988 1.93735902570188 ex
3437 15.1437131043058 27.4015120468102 12.0872233007103 ex
3438 1.51366910804063 28.2866409695707 0.790692732669413 ex
3439 0.994464672636241 32.2277190270834 4.6121540684253 ex
3440 4.90585959283635 24.3982645261567 14.506397202611 ex
3441 7.34436137019657 29.8405599745456 17.095980941318 ex
3442 2.65195337263867 35.7549573509023 5.68542460072786 ex
3443 15.2208741123322 24.2765859179199 4.30356175801717 ex
3444 0.00963617814704776 31.1216524718329 4.70199494319968 ex
3445 14.4648385457695 28.6993028309662 4.70023985952139 ex
3446 3.18847701209597 28.5650563884992 1.58939593704417 ex
3447 13.4012811859138 30.2026551349554 3.1363518924918 ex
3448 13.4781368549448 24.774165072944 3.80331453634426 ex
3449 15.9744010597933 32.1128915625159 2.30867716018111 ex
3450 17.0557093287352 27.3340507119428 17.0731372640003 ex
3451 10.8254072305281 32.7288440414704 17.073000986129 ex
3452 3.58773075998761 34.5853021934163 8.15154608385637 ex
3453 10.3180922444444 31.8277484420687 14.2703507945407 ex
3454 9.61844081617892 31.4709823115263 6.28142150351778 ex
3455 5.70183544303291 27.8974921333138 3.8656428407412 ex
3456 15.950612541521 19.0872589515056 3.20671957312152 ex
3457 4.38969548651949 19.5126418613363 17.0140826005954 ex
3458 5.85433724382892 29.7349337490741 7.30955946282484 ex
3459 9.20345239620656 29.6172046740539 11.7434881967492 ex
3460 15.7507648710161 35.9019784017 9.29595506191254 ex
3461 17.6518672236707 31.0107543910854 14.6583149088547 ex
3462 10.3034976939671 20.1863838012796 8.77932822681032 ex
3463 11.7310906085186 21.4330789747182 9.0134050087072 ex
3464 6.57955216127448 19.3387520392425 16.0478222370148 ex
3465 3.06081654201262 30.9316902575083 7.06148791941814 ex
3466 14.5854146655183 21.8369230835233 8.9712224623654 ex
3467 8.40482412930578 29.5925174450967 10.7251515893731 ex
3468 2.62710269005038 35.075130764395 13.6517954797018 ex
3469 10.8683858308941 24.8897695385385 10.3360709459521 ex
3470 2.1991644052323 22.6061907217372 0.516166640678421 ex
3471 14.9413429126143 22.8207382133696 7.98395905038342 ex
3472 16.7712697717361 34.6532722066622 13.0236902830657 ex
3473 17.997789775487 23.7213290713262 14.280226910254 ex
3474 2.65079493378289 25.6705147416797 9.35432505095378 ex
3475 2.88987562479451 35.1774743853603 12.8851324182469 ex
3476 16.4107536545489 33.5463153682649 11.7347052935511 ex
3477 11.0907148630358 22.3164318541531 5.18206319725141 ex
3478 5.1863340868149 22.0740516362712 4.42264605942182 ex
3479 14.7703989013098 23.9455321771093 15.4616671039257 ex
3480 0.187519662780687 21.6304928064346 15.8759937647264 ex
3481 15.5897709273268 20.1989959371276 12.0243803022895 ex
3482 10.5719628869556 20.2532582632266 3.4556473379489 ex
3483 1.63942029699683 30.3987803698983 9.96883913502097 ex
3484 10.7053864374757 32.4556766771711 0.364294023253024 ex
3485 4.56401845510118 24.7229450403247 0.899813092546538 ex
3486 16.7305771806277 24.8181719765998 4.33181305741891 ex
3487 13.9998524992261 32.8731467905454 10.5621830651071 ex
3488 14.0818868116476 20.3393539723475 6.28744522854686 ex
3489 16.9347260887735 25.9101693164557 6.34860073961318 ex
3490 13.119471486425 35.6781378597952 9.45538078038953 ex
3491 4.93881736835465 33.4112807873171 10.6336107286625 ex
3492 3.70994694088586 35.4691575472243 8.82094000419602 ex
3493 0.54200183483772 33.4985800138675 12.3972783389036 ex
3494 11.2972100151237 25.596904668957 3.24416979239322 ex
3495 12.475938414922 26.1178271255922 8.91302813193761 ex
3496 14.8339811644983 26.4112784957979 2.4286807407625 ex
3497 12.0850799730979 28.678543668706 5.55954369576648 ex
3498 13.2102495478466 22.0172381475568 0.951823932118714 ex
3499 2.53923447895795 35.6160890241154 4.8151974119246 ex
3500 7.31078352895565 19.0104936033022 11.9036269646604 ex
3501 1.33579838182777 22.7487053230871 4.61508832569234 ex
3502 0.778740587178618 21.368185734842 14.3949422121514 ex
3503 1.49289639526978 18.0166042428464 16.259898404358 ex
3504 17.8234007644933 31.9371444042772 12.5471014408395 ex
3505 12.7125512899365 30.5922279984225 10.7615815591998 ex
3506 6.36935630231164 26.1703379061073 1.39360211836174 ex
3507 14.2587175411172 20.5371498495806 0.783338675973937 ex
3508 14.6958092737477 27.0350189933088 1.612448341446 ex
3509 11.4192181990948 22.0790747411083 14.1220820976887 ex
3510 0.586949435761198 25.5656526312232 17.4678405581508 ex
3511 7.91005328064784 20.2636413990986 11.32136969571 ex
3512 3.72353507135995 28.2662718661595 7.15434829378501 ex
3513 10.5884906393476 18.3211024752818 5.04284067708068 ex
3514 8.06450518150814 27.3218211806379 9.12573330057785 ex
3515 16.2422906733118 27.1742996776011 0.932551629142836 ex
3516 14.5193501519971 33.7504396389704 4.68873092881404 ex
3517 0.455766129307449 18.1738910696004 11.5870248579886 ex
3518 12.3175631333143 28.0960259479471 8.78454558597878 ex
3519 13.1556293719914 30.1897826120257 0.27861765329726 ex
3520 11.8849646775052 31.6658630382735 13.1677171655465 ex
3521 8.36310013337061 35.045518575469 13.8523643231019 ex
3522 12.0121386852115 26.9675933709368 15.8239863289054 ex
3523 13.5429445144255 29.1539959227666 13.2179017055314 ex
3524 11.8314520241693 28.6105911750346 15.2772326781414 ex
3525 15.3559536966495 30.8971456754953 5.08545503229834 ex
3526 1.89227560348809 20.7550552489702 16.8839069521055 ex
3527 4.0796993104741 24.5887758454774 17.6449260208756 ex
3528 10.0885953719262 20.0595622346736 14.8121746366378 ex
3529 17.3661024384201 27.5598935773596 0.237457421375439 ex
3530 0.851162972627208 27.1088294994552 15.6933805930894 ex
3531 6.7199467997998 19.5611565900035 9.08343323436566 ex
3532 3.50913840951398 20.3035551917274 11.5342286911327 ex
3533 11.9815583585296 18.4146489526611 7.04882507072762 ex
3534 0.46538879419677 23.7255569824483 4.00944367144257 ex
3535 17.5161965419538 27.9652588702738 14.4463516566902 ex
3536 10.7859824982006 22.1282674663235 6.76579316542484 ex
3537 8.25995782436803 26.2469232326839 8.05616971408017 ex
3538 4.50832716887817 21.2350451084785 14.2271339776926 ex
3539 12.4963887941558 25.212200601818 6.6770563009195 ex
3540 5.29828836256638 20.8522795187309 10.2602083545644 ex
3541 3.62725361436605 21.8469609732274 17.1268376386724 ex
3542 6.12885031383485 29.5608410222922 5.88159663393162 ex
3543 2.04767601680942 24.3447030412499 13.6727128417697 ex
3544 12.6229722334538 30.9851385832299 15.3513602733146 ex
3545 6.3455590987578 28.6218333041761 16.3374920613132 ex
3546 4.48528305045329 23.2992197042331 14.0819065219257 ex
3547 14.3066503028385 19.5263864509761 9.33339078444988 ex
3548 10.5770581797697 22.3271635151468 16.6177302391734 ex
3549 14.4887763848528 25.5845460796263 13.7954101911746 ex
3550 9.01231389865279 18.9632520673331 15.5904177941848 ex
3551 11.5687376344576 19.9642501457129 17.5601456935983 ex
3552 13.3519703997299 28.9453043951653 6.83012892724946 ex
3553 13.5743903305847 21.4046908339951 17.6292728395201 ex
3554 17.9579348596744 29.0239977273159 10.6449651520234 ex
3555 4.44169262098148 28.4572841697372 2.51663002185524 ex
3556 0.925799841759726 31.727267944254 3.39389777486213 ex
3557 7.88173623476177 33.0085603427142 7.17500877822749 ex
3558 11.4215066139586 19.6165942228399 8.95798074780032 ex
3559 3.37534686317667 31.2258622962981 12.9836718817241 ex
3560 6.31744465744123 28.8913341027219 17.2383316443302 ex
3561 3.05280764051713 31.5505893302616 1.09294159105048 ex
3562 15.7946422365494 29.0846757285763 11.9233961752616 ex
3563 10.8799486975186 25.4103328506462 11.9037345228717 ex
3564 9.07539774943143 25.2087045975495 4.06373431626707 ex
3565 5.58512549567968 21.3969272479881 6.17603568825871 ex
3566 2.20679319696501 20.5264625700656 17.9113754341379 ex
3567 1.62248519714922 30.1418970171362 14.7786964129191 ex
3568 17.6601485253777 27.8457922711968 4.96333708404563 ex
3569 14.6247693458572 27.3321676109917 14.4234956721775 ex
3570 8.54986655921675 33.4701338871382 17.4323381253053 ex
3571 12.5170384282246 19.6181108350866 6.51635957020335 ex
3572 13.8670906382613 29.2020561038516 1.84586696280167 ex
3573 16.6178476028144 21.7352609930094 0.362417989876121 ex
3574 4.22679062769748 27.0567622329108 11.6622298385482 ex
3575 11.7017673964147 31.6142852704506 10.682606527349 ex
3576 11.4249223021325 33.6677957260981 7.33853641618043 ex
3577 8.4149479016196 22.5236576588359 10.5476240674034 ex
3578 3.42571739223786 22.3680179128423 14.7867654473521 ex
3579 7.54259843425825 30.3308136095293 13.5449115221854 ex
3580 13.0804570394102 33.8554116671439 13.15397368907 ex
3581 4.59288383065723 27.5962737246882 12.5411483431235 ex
3582 16.4229182831477 35.3353136475198 10.6821825930383 ex
3583 16.0636034430936 19.1923459873069 6.92693671165034 ex
3584 1.71868331194855 27.5664837199729 0.0845259686466306 ex
3585 14.680819564499 30.7099007139914 10.8495311194565 ex
3586 8.15659974352457 27.1450879587792 4.44110233220272 ex
3587 12.5050720544532 18.2678209401201 3.31997421011329 ex
3588 12.4873193707317 31.4510889588855 7.1978922104463 ex
3589 3.98198932642117 33.4345246281009 8.00507487356663 ex
3590 6.31227687327191 29.9346760124899 13.8551586375106 ex
3591 0.299955092836171 23.2225764256436 16.592446797993 ex
3592 0.735049590002745 32.2575768730603 15.3518921982031 ex
3593 13.7321594981477 20.8791487759445 7.7564664860256 ex
3594 12.9887726111338 22.2115625070874 17.3092985597905 ex
3595 4.75977600109763 25.6775386487134 0.551482099574059 ex
3596 5.00719831208698 30.8439976302907 8.86030225991271 ex
3597 16.0452031155583 24.5988656822592 0.0630963125731796 ex
3598 8.68660026951693 33.6691445270553 9.97126754629426 ex
3599 3.23055498371832 29.7146134339273 10.9176370191853 ex
3600 4.64438154129311 21.2762016444467 2.02322438382544 ex
3601 9.36442089756019 28.305477309972 10.097763071768 ex
3602 0.4152643061243 29.5017643710598 9.2349438117817 ex
3603 4.28902694699354 22.1686544737313 1.24417498358525 ex
3604 5.15738632972352 31.6405913068447 0.45904809050262 ex
3605 12.9252505353652 33.5160982806701 9.68243407388218 ex
3606 5.40429896558635 25.6014759596437 13.3653691406362 ex
3607 4.91579324449413 32.9791663554497 5.2079865494743 ex
3608 12.5386397973634 25.6633827416226 2.12531443545595 ex
3609 14.9410470426083 23.8655312210321 16.6278407000937 ex
3610 1.86609631031752 29.0186637276784 17.3592019893695 ex
3611 13.7197458751034 18.3675492447801 14.8891026352067 ex
3612 6.04217751417309 27.5356682692654 4.49142128718086 ex
3613 16.2578885159455 29.0629228043836 1.46827553352341 ex
3614 7.35682127508335 26.6206633967813 8.93481416883878 ex
3615 11.1012817102019 25.1429936576169 6.78717593313195 ex
3616 5.8417605694849 18.4257888721768 17.8426599060185 ex
3617 10.0393506749533 20.5561343922745 10.8229461903684 ex
3618 0.560265825362876 32.9718044358306 8.65597258298658 ex
3619 7.60141874593683 27.7825766515452 14.3636905925814 ex
3620 7.10715595632792 35.8972710440867 3.8330677470658 ex
3621 11.6118651553988 20.0807046261616 10.7650295875501 ex
3622 17.2689195109997 29.827195539372 5.42129498370923 ex
3623 13.8559107712936 30.6898194078822 5.03903712728061 ex
3624 6.57262161700055 33.9234360174742 13.2448142636567 ex
3625 8.14691286045127 34.783553152578 1.45204373984598 ex
3626 9.63651503855363 22.1529431508388 9.14799814973958 ex
3627 15.2926389810164 30.8393323640339 10.8737313465681 ex
3628 8.19546620734036 21.7594782563392 8.11350069078617 ex
3629 6.28678536321968 28.3314051586203 5.57229443895631 ex
3630 7.63150026323274 20.0367830935866 5.79621498752385 ex
3631 5.08019974012859 28.8855670734774 15.4094035450835 ex
3632 14.6250514152925 32.3940397955012 9.0664261688944 ex
3633 9.42186974757351 29.5149881474208 4.41589526552707 ex
3634 14.2773562513757 19.3476295028813 5.58757248171605 ex
3635 11.7111184806563 25.0547303347848 7.34483564505354 ex
3636 5.03050096868537 35.725535221165 0.365558784455061 ex
3637 17.4827917700168 29.7647756545339 12.8058206911664 ex
3638 6.39108444564044 30.9762984090485 5.38354874076322 ex
3639 12.3317106526811 35.8335672621615 0.386024438077584 ex
3640 11.7125441974495 35.9480219194666 4.65878239437006 ex
3641 2.50793760409579 29.3305639685132 0.824076716788113 ex
3642 2.31086590117775 18.2000173891429 4.4493791020941 ex
3643 1.07071035564877 23.535447118571 12.6690939643886 ex
3644 11.7584749376401 22.5756013237406 1.12164177279919 ex
3645 11.8213656477164 32.9292401622515 11.6625298995059 ex
3646 12.2215771621559 18.6913177627139 2.8821640056558 ex
3647 12.7289445530623 29.7163977485616 6.66943515697494 ex
3648 8.80497290543281 33.2745138294995 10.1629312522709 ex
3649 11.8122994604055 35.4831178842578 17.549691360211 ex
3650 10.2838020811323 21.3147621552926 10.7914327229373 ex
3651 4.49180544982664 35.7118165451102 12.0649980301969 ex
3652 4.63814968150109 34.1312941021752 16.1785380968358 ex
3653 2.90308276261203 35.3949605727103 15.3230837720912 ex
3654 10.0052064086776 35.0054857556242 12.0020189110655 ex
3655 1.40938314516097 22.0990634413902 5.03258129837923 ex
3656 15.8685439638793 23.2146490931045 1.80460247024894 ex
3657 15.7688882225193 34.133592819795 15.2555372307543 ex
3658 8.61504251463339 21.010334191611 17.7837505836505 ex
3659 12.0352208772674 29.6628586591687 16.3417282984592 ex
3660 10.8251527934335 24.2670063062105 3.04069762770087 ex
3661 11.9741895741317 29.5875236934517 14.1504330192693 ex
3662 7.95630215597339 23.80847433093 1.46682800771669 ex
3663 3.93339527118951 24.3230884151999 1.07119589950889 ex
3664 14.1799379354343 32.2416455824859 7.83959337812848 ex
3665 12.0108228651807 20.3728003541473 1.10319912666455 ex
3666 3.84162783296779 26.5906493384391 14.5446598171256 ex
3667 14.9965483630076 19.3338429394644 12.8152503767051 ex
3668 14.9080082695 18.7475631418638 12.4543081677984 ex
3669 12.3909398410469 19.8843849124387 0.989219051320106 ex
3670 16.3540875520557 19.3913575240877 3.48485608771443 ex
3671 1.12028701393865 34.5825587057043 14.5622019923758 ex
3672 1.13663486973383 32.7671736364719 15.2873261985369 ex
3673 8.1612435975112 19.8824235789943 15.3126940380316 ex
3674 10.9997949018143 23.0740109325852 13.3064267942682 ex
3675 6.13228588411584 30.6826103008352 0.981528795789927 ex
3676 3.34561736579053 32.5619236580096 17.4414728344418 ex
3677 9.68747838120908 32.4089780235663 4.81843799655326 ex
3678 15.8524945443496 20.4128847813699 9.4332704632543 ex
3679 5.81238085660152 19.4806736365426 11.1763224324677 ex
3680 9.54423433542252 23.3883023532107 14.8140582793858 ex
3681 3.36313168006018 34.7421035175212 15.9422176617663 ex
3682 17.3548592010047 22.6035324556287 6.04546486539766 ex
3683 13.8004078119993 27.3465150068514 6.65548669919372 ex
3684 15.8532717037015 25.7075997814536 4.59939023386687 ex
3685 1.47866823687218 25.0030216732994 14.1620073139202 ex
3686 5.77178269834258 32.9592201600317 2.45653354376554 ex
3687 2.33433528104797 22.8160749357194 2.97151016700082 ex
3688 13.0672372083645 20.2950329785235 17.6586160026491 ex
3689 9.43445250485092 29.8520350742619 6.20285555743612 ex
3690 8.99516435107216 18.6362865515985 7.17822207370773 ex
3691 3.79259668942541 25.7719854917377 9.50590631761588 ex
3692 2.75812496151775 28.3600068998057 15.1946301020216 ex
3693 13.327837234363 32.9365871343762 2.13303361274302 ex
3694 2.71338791563176 18.6422548093833 5.75868677278049 ex
3695 17.8936955919489 28.1129748490639 8.96042907587253 ex
3696 7.34277123142965 33.6569509487599 3.06693897373043 ex
3697 0.316851802868769 26.0004803093616 1.31409817794338 ex
3698 17.4338195531163 18.1595741475467 5.31948408461176 ex
3699 3.77427439251915 34.4062752663158 1.94575627241284 ex
3700 11.9373851795681 29.8092656300869 9.62323017278686 ex
3701 17.2390014168341 23.0147340202238 6.56304794410244 ex
3702 11.6777676639613 26.4990204139613 7.10134201170877 ex
3703 3.43480643047951 24.859117149841 7.98844168847427 ex
3704 1.18636931711808 32.9308235077187 9.95309292594902 ex
3705 11.5797311919741 23.3579700731207 17.1383799375035 ex
3706 3.21557631413452 35.6089590170886 5.8123911395669 ex
3707 8.38192846626043 19.7487131920643 0.798984152032062 ex
3708 2.41216577240266 22.4030887116678 3.64079638314433 ex
3709 16.4837737164926 30.772338805953 12.1120296979789 ex
3710 16.2248016360682 28.8017279880587 14.1922768352088 ex
3711 2.33031295053661 32.1587657143828 8.5527977142483 ex
3712 3.86543829250149 22.2261479576118 4.23480913625099 ex
3713 12.1991227662656 25.8174906945787 3.75969785498455 ex
3714 9.89214387512766 34.5964014111087 2.0420796147082 ex
3715 2.76774983247742 21.6764193517156 15.4970276367385 ex
3716 6.98665662133135 32.4847084109206 0.167829532176256 ex
3717 6.55304578482173 32.0878730569966 17.667284485884 ex
3718 1.07499523833394 27.0130166357849 10.3845922849141 ex
3719 9.53410028712824 20.0603666207753 1.89978542737663 ex
3720 13.1081966487691 32.9656092778314 12.8488314275164 ex
3721 15.7072613753844 28.7213277381379 2.51745051983744 ex
3722 6.60009670467116 24.8561775824055 10.8649920653552 ex
3723 5.30095423362218 24.8179375480395 11.2092797418591 ex
3724 13.0049380601849 24.1573190037161 5.9505747447256 ex
3725 4.98611761326902 22.3470087568276 4.74757471028715 ex
3726 1.31448331219144 31.9616643879563 6.13622023072094 ex
3727 7.6833469979465 35.4338949748781 17.2768227723427 ex
3728 2.77158549427986 21.3848843502346 8.10965655231848 ex
3729 14.6205788492225 32.3329775165766 14.5609496082179 ex
3730 4.1118759540841 21.8967918232083 1.91705237771384 ex
3731 15.086893562926 20.1373132267036 17.7889365763403 ex
3732 11.5553091336042 23.3150684069842 3.86865180847235 ex
3733 12.4727312335745 30.3796548969112 16.6981047203299 ex
3734 13.9817106523551 23.0046598517802 15.4279931138735 ex
3735 8.08073200169019 19.0879890737124 7.41888215462677 ex
3736 15.3355355125386 35.4066382874735 10.4313165871426 ex
3737 3.82384376903065 29.741733682109 1.53029354684986 ex
3738 2.86111778765917 27.4517095754854 16.5652168076485 ex
3739 0.592685401206836 34.0877720837016 1.62691857223399 ex
3740 13.9869907503016 33.0082252626307 11.0601981007494 ex
3741 17.4961451892741 21.632017034106 8.07472687447444 ex
3742 15.7867404334247 29.2390344867017 17.3338482107501 ex
3743 7.49077923875302 27.3247950735968 4.50158994924277 ex
3744 1.57883779332042 34.9337744242512 4.52900616405532 ex
3745 13.6515278825536 19.2527925155591 5.88777547841892 ex
3746 1.41484479513019 35.8410398305859 7.69700884609483 ex
3747 3.82644591876306 23.8226562633645 14.7145009830128 ex
3748 1.3460289677605 20.5293096899986 6.67276257975027 ex
3749 12.0803703765851 20.4833872304298 3.12479907996021 ex
3750 12.5787545642816 32.042658434948 8.52699470403604 ex
3751 15.6970502999611 18.9571785370354 13.7443109874148 ex
3752 16.7788602169603 19.5921872004401 14.3916573075112 ex
3753 6.77240227814764 30.6111003565602 3.41878334223293 ex
3754 14.076663877815 27.3269646211993 3.14640781586058 ex
3755 4.87606590962969 19.6202052684966 13.1250394876115 ex
3756 2.26557480194606 35.4065107153729 6.04396799695678 ex
3757 8.22813452640548 30.8267842016649 17.8955132672563 ex
3758 10.676373130409 33.5722960431594 14.9131811484694 ex
3759 14.8144676955417 31.6450666491874 11.2800146741793 ex
3760 6.52866843342781 19.2652050219476 13.9719936854672 ex
3761 14.4194603175856 26.544519451214 15.5842025089078 ex
3762 5.42901702318341 33.5816587696318 1.38605779618956 ex
3763 1.33042881847359 29.4790976855438 10.0441155675799 ex
3764 9.15797446854413 25.0350883745123 8.06703772302717 ex
3765 15.6056425655261 24.0531409708783 2.64008501078933 ex
3766 1.58211502875201 35.2602677282412 10.9044710842427 ex
3767 15.8397965396289 26.6661598200444 11.2532505800482 ex
3768 11.743176769698 33.744366230676 13.1935822295491 ex
3769 11.4410410809796 19.8803553632461 14.8284345041029 ex
3770 6.30803235177882 18.6284728003666 17.7645217285026 ex
3771 16.2380525008775 31.9768497031182 6.96862066653557 ex
3772 4.4821403180249 20.8891818705015 17.096266468754 ex
3773 9.12909653247334 22.2672023437917 6.87172796553932 ex
3774 5.11753229657188 30.7331764870323 10.5578120294958 ex
3775 3.77168819191866 24.0176439126953 13.0606104638427 ex
3776 8.80662110890262 20.7691167648882 3.26506251189858 ex
3777 12.1261567147449 34.0844353565481 7.07382745901123 ex
3778 13.8459941251203 21.8162845249753 8.46138023072854 ex
3779 10.3021664549597 35.3978893479798 13.4036460355856 ex
3780 10.0673126347829 34.5435731175821 15.3775711215567 ex
3781 4.12549687293358 20.2264433251694 13.5544609273784 ex
3782 17.8121302539948 25.3685085603502 4.29559296905063 ex
3783 4.50532605918124 28.9371714233421 13.5236110286787 ex
3784 2.18299966235645 26.7363788727671 8.03263375465758 ex
3785 1.15912245959044 23.6160478636157 10.9811864043586 ex
3786 17.4492271475028 22.9049985171296 11.2039024592377 ex
3787 9.28023957042024 27.826533162035 15.739255520748 ex
3788 10.2566955867223 32.0688152885996 15.4198992219754 ex
3789 0.911162550095469 35.5130438082851 12.6308966258075 ex
3790 7.59783474565484 18.2164769128431 10.6047108480707 ex
3791 8.27055236324668 18.6430985752959 2.66661461582407 ex
3792 9.22053495631553 29.3745747411158 16.3886415413581 ex
3793 6.10761773725972 22.8685900855344 8.56706304871477 ex
3794 13.86367269326 20.4297015878838 14.3905343357474 ex
3795 2.92080417764373 22.4503673873842 12.0152728664689 ex
3796 3.34438006370328 30.1149677499197 12.1249897035304 ex
3797 7.22513618599623 31.0923752842937 2.63532726257108 ex
3798 9.76859742659144 23.0929358073045 3.38418089295737 ex
3799 17.092881381046 31.702745613642 3.21052972157486 ex
3800 12.2127034647856 28.1289266459644 2.55687859235331 ex
3801 16.1857955367304 32.5117106696125 13.4576843038667 ex
3802 6.24746450781822 23.6358218491077 1.88365652156062 ex
3803 0.191173138329759 31.1969033249188 16.8717933315784 ex
3804 11.620084683178 27.6664966745302 16.9276541627478 ex
3805 8.97635289258324 35.8018323010765 14.0556077547371 ex
3806 0.514655915787444 20.937038524542 1.23928278777748 ex
3807 7.20467402692884 19.6608969743829 14.8596504307352 ex
3808 3.90327938296832 25.9532721149735 1.62623585527763 ex
3809 10.732751559699 29.8054741437081 12.9777052307036 ex
3810 9.05162415257655 23.8927817274816 11.6703720544465 ex
3811 4.42965445015579 33.1303010047413 4.77845013840124 ex
3812 8.75002178875729 21.1738977271598 10.8187488210388 ex
3813 15.6176994391717 25.9401139938273 10.7588484501466 ex
3814 4.51209955150262 32.6323977508582 7.91961827967316 ex
3815 12.0847627024632 18.0176570413169 10.7754622178618 ex
3816 12.3234117336106 29.2871377519332 1.54515070957132 ex
3817 10.7406493299641 28.1562047784682 10.2728379573673 ex
3818 8.90929884463549 19.9298229098786 10.8137642554939 ex
3819 5.89030823926441 19.2066971224267 16.5497157515492 ex
3820 9.84934767405502 32.2984146825038 16.3554726885632 ex
3821 7.84216832346283 21.5890224599279 13.6979728632141 ex
3822 14.3799337069504 25.8487687879242 7.12514224508777 ex
3823 4.22593463375233 25.0899909918662 8.78243873058818 ex
3824 2.23121274914593 20.8670236605685 13.0211527319625 ex
3825 15.3896289507393 27.8225673243869 17.5758824797813 ex
3826 12.9911294274498 24.5631861342117 12.8230804908089 ex
3827 10.4011005274951 30.3626619020943 3.07092486112379 ex
3828 3.77984664705582 30.8222114210948 4.43277568649501 ex
3829 9.92999266693369 33.739895947976 16.6909083202481 ex
3830 11.0054429641459 24.8554548432585 11.9880821853876 ex
3831 5.43688272219151 21.1122350427322 16.6598021108657 ex
3832 12.510852004867 33.5791849282105 11.3577037791256 ex
3833 5.41161314817145 34.0943208988756 12.0433242407162 ex
3834 1.62263352470472 35.0726447247434 16.7211812783498 ex
3835 11.7031011285726 34.0307255273219 11.6720896200277 ex
3836 3.74067495833151 19.2828432342503 4.22298941481858 ex
3837 5.53633213718422 27.9437085122336 16.301159508992 ex
3838 6.04326291289181 19.920215025777 12.3279655291699 ex
3839 0.580618621082976 24.3241734071635 8.44355262676254 ex
3840 0.27760375966318 26.7809264126699 7.83245734474622 ex
3841 16.7014902988449 19.2391265095212 9.06738022947684 ex
3842 6.65563023439609 18.4991646304261 16.3317050228361 ex
3843 17.1284892521799 25.7116472022608 8.85820414638147 ex
3844 8.80256320885383 31.2126677455381 5.35406061727554 ex
3845 6.15376515919343 33.7058923752047 5.14292274601758 ex
3846 11.3289387393743 18.963878080016 6.66779679362662 ex
3847 13.5753349089064 18.2918106666766 12.3987582263071 ex
3848 13.1808521989733 22.303668604698 7.42983219632879 ex
3849 11.5080943093635 28.6807453541551 17.5881755216978 ex
3850 12.3110921441112 23.5951592337806 17.4913112425711 ex
3851 11.7792425197549 34.9066420749296 8.6802299558185 ex
3852 1.52008368540555 33.1474865227938 7.12772558489814 ex
3853 2.97350206156261 34.3476750487462 12.5825672843494 ex
3854 9.96501681930386 33.1565421193372 8.30642483546399 ex
3855 3.46609396580607 19.697590662865 16.5467883963138 ex
3856 5.04737969930284 26.4626371813938 8.49171610968187 ex
3857 11.0074056766462 20.9517384569626 7.60753736551851 ex
3858 4.79263926064596 35.8259607956279 11.0715341968462 ex
3859 13.7142125426326 27.2502455078065 1.0395771744661 ex
3860 10.4607538913842 26.7379840344656 9.36313878465444 ex
3861 10.5821101644542 24.5162806035951 13.7400000749622 ex
3862 14.7873426014557 26.3217721458059 12.886839734856 ex
3863 3.42116433172487 23.0502807353623 7.83783515682444 ex
3864 11.3577117461246 26.7865070095286 5.35345784435049 ex
3865 14.5286837837193 25.175160104176 9.11865465762094 ex
3866 12.1735337681603 20.6915689881425 10.0463222609833 ex
3867 9.6682510888204 26.5137276940513 13.1383905638941 ex
3868 13.7741731007118 24.9552716214675 13.2112245692406 ex
3869 13.6260351268575 21.0533516146243 4.90752739971504 ex
3870 12.891961122863 30.3138532675803 3.18470629979856 ex
3871 15.0668107946403 29.8457063615788 6.57906036032364 ex
3872 11.8771661119536 20.712182629155 12.9036968511064 ex
3873 10.2393741935957 33.4969100716989 5.58026567241177 ex
3874 15.5487635477912 19.1480157922488 5.41836449317634 ex
3875 16.3037011476699 34.3408784563653 10.5419027903117 ex
3876 15.2532364162616 21.6918161758222 14.6899619549513 ex
3877 9.93490316416137 33.4926245117094 7.78373477212153 ex
3878 16.2349364114925 20.5733598177321 4.81109247123823 ex
3879 2.25323385000229 31.5913448068313 9.65106774237938 ex
3880 0.157560392282903 28.7190235073213 6.44006119458936 ex
3881 13.2880159323104 31.2580922802445 14.9839634604286 ex
3882 5.92168354103342 32.2043315644842 9.5006989876274 ex
3883 8.04265046515502 34.1795903693419 4.14271851861849 ex
3884 7.54844561335631 26.1093950285576 17.3932647346519 ex
3885 8.52925133309327 20.2285310819279 14.5987213612534 ex
3886 5.67967709060758 29.8396040271036 5.98729304573499 ex
3887 16.5474132508971 18.4101077676751 5.23897255561315 ex
3888 4.4500987555366 29.1827103521209 2.89111424516886 ex
3889 5.11457184003666 29.0844118930399 6.01316127064638 ex
3890 17.7670382377692 28.782601614017 0.921316997148097 ex
3891 4.99652463407256 31.0626571334433 14.9967148702126 ex
3892 13.9065120010637 19.5373175377026 14.1559274338651 ex
3893 14.8517346847802 18.5732830988709 16.3074494474567 ex
3894 2.8209435408935 32.4717156437691 13.6202298419084 ex
3895 15.2393411432859 21.6040526037104 0.87556016491726 ex
3896 5.62418672558852 24.3795050529297 0.010887706419453 ex
3897 5.93863575626165 18.5098745995201 2.12991675268859 ex
3898 14.9072708431631 21.5054007652216 1.56447671563365 ex
3899 8.91366427671164 30.4926767172292 4.14677773439325 ex
3900 6.25398348481394 32.7766636628658 10.217773074517 ex
3901 6.84933046950027 29.5086295332294 16.2586373277009 ex
3902 6.86165971169248 21.2535330548417 13.8582015968859 ex
3903 10.0628755106591 34.4178008709569 1.88321641320363 ex
3904 14.1611167464871 27.246513439808 15.9047274019103 ex
3905 16.0748672692571 23.3882877805736 16.4325020448305 ex
3906 12.5325536390301 34.4343167210463 0.688043917063624 ex
3907 4.10120830894448 28.6137060290202 10.2606489113532 ex
3908 6.54260336048901 35.2674632237758 2.40070313913748 ex
3909 6.42829820024781 24.2921222846489 0.566152141895145 ex
3910 16.4212517426349 20.549368054606 12.3749509367626 ex
3911 17.91477538459 25.0276542319916 5.74418195290491 ex
3912 14.3173480541445 27.1555859842338 10.2341809126083 ex
3913 13.778435817454 20.9966016274411 16.3612028199714 ex
3914 9.691565297544 21.9549374452326 3.78225029911846 ex
3915 2.67402257537469 31.2380436146632 2.93919036025181 ex
3916 11.5710727111436 31.2006338005885 0.722326276823878 ex
3917 6.72417871770449 34.0880228362512 8.74063910008408 ex
3918 15.3073335580993 25.2278181256261 3.2669533083681 ex
3919 8.12369097745977 25.1302666831762 9.3056579194963 ex
3920 0.990029949694872 30.2960610913578 4.99904617271386 ex
3921 10.5366266940255 28.8189052944072 11.3241876086686 ex
3922 0.193006124114618 25.2215633173473 10.4266670451034 ex
3923 3.11790125723928 27.6834995585959 5.41690571187064 ex
3924 4.04754946823232 27.9096864513122 13.9091522786766 ex
3925 8.98006045049988 21.4939159969799 9.84045945014805 ex
3926 10.3005659691989 31.0199196813628 0.631506696576253 ex
3927 14.2829357674345 21.5935531659052 4.82137070503086 ex
3928 1.5428546438925 19.1318785017356 8.84496493916959 ex
3929 15.2604361586273 26.2643581528682 17.1453486473765 ex
3930 12.5565367829986 29.4742039947305 9.08903467585333 ex
3931 3.98764897766523 18.4704008924309 11.8098126172554 ex
3932 9.8144455619622 26.1802386529744 8.70142764598131 ex
3933 7.93396237306297 23.9103155659977 10.7091935661156 ex
3934 1.51648221327923 19.823449018877 13.3456291386392 ex
3935 5.30447669140995 28.4661303574685 4.66676050028764 ex
3936 11.7872764014173 31.3966274906415 3.94253161665983 ex
3937 13.4661997153889 35.0123594484758 0.614984798710793 ex
3938 3.05686575849541 29.2776420691516 17.3488971947227 ex
3939 4.66269099269994 27.9957760183606 14.0072721412871 ex
3940 13.6092417144682 27.3929442113731 7.07182940444909 ex
3941 14.6821007432882 25.2062228007708 3.99834360252135 ex
3942 14.1885000534821 23.6713722858112 11.839501644019 ex
3943 11.9359661329072 27.3414520893712 8.4017320391722 ex
3944 17.9181643608026 32.5109951798804 10.2720238431357 ex
3945 1.78535184753127 31.5511593308765 16.3808046246413 ex
3946 0.155938494484872 32.8672028360888 0.989651917014271 ex
3947 10.8510457014199 29.8983208646532 14.0362614507321 ex
3948 0.753530718851835 25.1815117557999 11.9558386411518 ex
3949 7.09647021722049 23.7064396913629 6.4311554657761 ex
3950 15.6197387313005 19.7903967946768 14.5090695249382 ex
3951 16.1759429452941 30.0115234113764 3.74229625775479 ex
3952 2.50415194453672 18.8524526720867 12.3394434088841 ex
3953 3.7115771966055 32.2963366382755 12.1414295865688 ex
3954 11.1343103926629 32.0801234620158 14.6626218555029 ex
3955 5.3636745759286 35.2590221390128 9.24106708192267 ex
3956 5.00510149425827 19.633650368778 5.95599575643428 ex
3957 9.05191886122338 18.0715881041251 4.83182684797794 ex
3958 6.22293735551648 35.1596164116636 14.3400798044167 ex
3959 11.3595471377485 19.2936086377595 7.81834603170864 ex
3960 5.78685128269717 32.4565711568575 4.20628598937765 ex
3961 13.6203286706004 23.5120653458871 14.2346389542799 ex
3962 5.23029498010874 21.5244385562837 12.1806739692111 ex
3963 12.344694546191 27.1146966081578 3.32887909351848 ex
3964 10.1380509841256 19.5940601848997 17.2754678071942 ex
3965 6.02112353057601 25.6399482009001 12.3954402361996 ex
3966 7.20533073390834 19.9245000074152 13.3023894275539 ex
3967 14.454738273751 29.4538027069066 8.05516241840087 ex
3968 13.9840427301824 34.7810018451419 11.5094951598439 ex
3969 16.0826476993971 20.2396077134181 14.2025035161059 ex
3970 8.8208284645807 22.0065986523405 17.6037145692389 ex
3971 17.8321268302388 26.335586064728 13.6184477359056 ex
3972 3.92272087628953 33.0860630786046 1.81141928257421 ex
3973 1.41817668545991 34.5096987741999 5.68234918871894 ex
3974 14.6622183527797 26.6497583303135 10.1892927526496 ex
3975 6.19746600813232 33.8966964806896 11.7626854383852 ex
3976 16.6865841634572 28.5009676518384 13.877259576926 ex
3977 7.23905874276534 35.4993542684242 14.5098260890227 ex
3978 15.0610183882527 19.1149756941013 8.23112975270487 ex
3979 14.3417164925486 27.0269811793696 0.406676916638389 ex
3980 4.43832042324357 31.1413417796139 9.36701413872652 ex
3981 1.68848687480204 18.9731716713868 8.87758392444812 ex
3982 4.4671156136319 32.8247334228363 11.6119316068944 ex
3983 11.386613734765 21.9235487279948 14.35345825064 ex
3984 8.7856789084617 19.1387567005586 8.31213116669096 ex
3985 2.82324053882621 34.4351506319363 5.03953057806939 ex
3986 16.728240952827 22.6637160312384 12.0938532296568 ex
3987 7.01603248412721 18.6383273198735 2.86456670821644 ex
3988 13.7353210560977 21.0218083960935 3.34150412818417 ex
3989 3.87195888138376 19.7147065089084 10.7923286245205 ex
3990 12.9459587051533 32.6936786617152 2.057357595535 ex
3991 10.8953483891673 33.705266734818 7.75611728010699 ex
3992 9.51991143077612 24.8282675028313 0.864571865415201 ex
3993 4.17992032994516 22.5689703894313 17.0381286884658 ex
3994 16.4228413284291 22.8263160244096 5.83500783052295 ex
3995 3.75218641478568 34.9217481114902 13.6768116981257 ex
3996 12.5394353040028 21.528603781946 15.3401103012729 ex
3997 15.5972525840625 27.9739401119296 7.38350099581294 ex
3998 13.0557431911584 22.6624780218117 13.7079711575061 ex
3999 15.8791177440435 30.3927826762665 14.2934489988256 ex
4000 11.0445897660684 27.6899947847705 3.73526557395235 ex
4001 1.06176257296465 32.6931109074503 2.37538358638994 ex
4002 2.32527628308162 27.2189570614137 1.68683692417108 ex
4003 13.6779281278141 26.7350132474676 2.1105474466458 ex
4004 16.9587278328836 32.7787646853831 9.64560461044312 ex
4005 14.4080883171409 21.6643488931004 14.0953609799035 ex
4006 16.1790566171985 21.5775062646717 8.5075133559294 ex
4007 14.541313100839 25.8321827708278 4.62499145022593 ex
4008 9.10616242210381 18.9835744409356 8.66230894671753 ex
4009 15.2824109534267 33.0290268079843 11.581723285839 ex
4010 7.08098005014472 31.1827199133113 3.17076119477861 ex
4011 14.4519769258332 27.4917578592431 5.26734504289925 ex
4012 9.98139479686506 33.1964392389636 4.61310414224863 ex
4013 16.008870631922 35.9124965120573 12.9848262504674 ex
4014 8.96706089144573 21.0657731783576 13.9422671424691 ex
4015 11.721036481671 22.8444176495541 7.64475808432326 ex
4016 7.25853947363794 25.2368900789879 13.7377677974291 ex
4017 4.34921153169125 28.334023620002 7.12561237206683 ex
4018 17.6298292302527 31.80902756867 9.27422572206706 ex
4019 8.74515017494559 21.3922539639752 2.67735380376689 ex
4020 7.73573545459658 28.4370909193531 2.85903247166425 ex
4021 15.8807807350531 24.1088359800633 6.7006661829073 ex
4022 8.72908307891339 30.8622282997239 7.52052411483601 ex
4023 12.4561443065759 35.0216956159566 11.0177488122135 ex
4024 14.6614916224498 31.8581814735662 17.8156253036577 ex
4025 6.37529958062805 23.6853415358346 3.77881969278678 ex
4026 1.83065610053018 32.794555200031 17.8961694370955 ex
4027 15.6303012571298 21.5953355026431 12.508195954375 ex
4028 9.112530346727 18.2885598263238 9.9705538651906 ex
4029 2.98657840769738 19.8908853870817 5.34666673862375 ex
4030 9.61756810802035 22.3717773056123 14.7131552640349 ex
4031 7.19828479108401 33.4242103714496 11.3195816576481 ex
4032 17.4571935082786 20.8902615492698 7.44078699545935 ex
4033 4.99276635190472 24.7657783047762 6.62360760709271 ex
4034 11.3953290740028 29.8638565458823 6.39852280751802 ex
4035 11.6634731979575 27.5543459395412 10.1747459610924 ex
4036 7.36962614697404 33.4055624518078 2.94606307358481 ex
4037 3.51202209992334 26.1863377261907 16.8256011016201 ex
4038 16.2974534723908 18.4708029762842 1.23990033986047 ex
4039 6.60405709827319 24.3515809033997 9.32919472735375 ex
4040 10.1293295964133 19.3701669005677 1.60511789144948 ex
4041 0.444442987209186 21.9144620285369 5.13471889984794 ex
4042 2.36391615588218 28.466416354524 2.49151713564061 ex
4043 9.20094597595744 30.371727904072 9.83097402728163 ex
4044 14.3204701165669 34.0485387574881 13.4973164345138 ex
4045 2.40673720720224 22.0662792343646 13.752256358508 ex
4046 6.8644579872489 18.8383521463256 1.66339978203177 ex
4047 13.4302669696044 34.8525274093263 12.793066161219 ex
4048 17.4001352761406 31.9577829719055 1.98376403423026 ex
4049 4.55540642514825 31.678354161093 4.2386024761945 ex
4050 10.2506049196236 24.9483996024355 5.97034880775027 ex
4051 16.6071450328454 27.3577459400985 16.8790254835039 ex
4052 7.20748492260464 22.503166070208 7.6395760490559 ex
4053 8.52725917752832 26.7180858405773 4.13310106983408 ex
4054 11.9253502718639 28.786213489715 12.8276700456627 ex
4055 17.6519201875199 33.8029299315531 2.103113994468 ex
4056 8.88008884061128 30.9528234566096 1.79133257479407 ex
4057 6.17616835143417 24.6195947215892 3.12238546018489 ex
4058 16.4427781291306 35.7265700725839 7.77297324175015 ex
4059 11.1043208662886 30.4160878290422 6.33280737744644 ex
4060 12.3431182741188 30.0857578234281 6.48328221542761 ex
4061 1.83767966809683 26.0401491920929 8.31798204220831 ex
4062 13.5882584503852 30.0069556264207 9.66306080715731 ex
4063 9.43300391570665 24.1574138598517 3.06209262879565 ex
4064 1.75369803770445 24.2668385230936 7.01425330084749 ex
4065 13.3591337993275 24.1063124958891 12.7477357259486 ex
4066 7.97332910471596 32.930009349715 8.15372123336419 ex
4067 7.4615254253149 31.4745607522782 15.4150271452963 ex
4068 8.74511539610103 27.6979642000515 13.4568327872548 ex
4069 8.25879439571872 18.4408942651935 1.99444730137475 ex
4070 13.675806455547 20.6728412990924 4.73107605404221 ex
4071 10.2134175626561 24.3174380774144 0.732812321512029 ex
4072 6.29941669013351 28.1297356612049 1.18669383064844 ex
4073 9.08147887396626 24.1357819056138 5.41385796084069 ex
4074 16.0320238305721 28.5263630189002 7.26839359919541 ex
4075 17.3020702591166 22.8580263291951 12.2162802820094 ex
4076 16.4043025057763 29.2313772619236 17.242167445831 ex
4077 8.0478559487965 35.3899334296584 10.1651485867333 ex
4078 0.706530814059079 22.108368615387 9.30335331545211 ex
4079 16.8825559192337 21.5272806342691 14.7471717598382 ex
4080 11.7861625393853 27.4149465633091 17.4369363540318 ex
4081 9.52669396880083 22.5020006976556 3.43319419212639 ex
4082 1.43849217612296 35.9051856214646 5.67834441619925 ex
4083 4.81623834185302 26.1974590327591 0.830302871530876 ex
4084 5.59752854704857 18.5405623624101 1.98905144724995 ex
4085 11.5032036027405 26.1032072033267 11.3973424567375 ex
4086 15.0637369472533 30.6233487587888 0.735874409787357 ex
4087 5.95126133435406 35.1886883825064 17.6876888063271 ex
4088 13.9153450480662 24.738239207305 17.0007875508163 ex
4089 17.7882056380622 19.4634008500725 13.3973925670143 ex
4090 5.8742770976387 22.7139757187106 9.80712196649984 ex
4091 16.5371047023218 24.3041954038199 12.0508481163997 ex
4092 2.00374132790603 18.1493973818142 11.4814556585625 ex
4093 15.8095052060671 22.1009604183491 16.5140107404441 ex
4094 7.38894316507503 31.4581842708867 11.8048069123179 ex
4095 11.5157406595536 29.0581187158823 4.58515810291283 ex
4096 12.2439270308241 24.9860389488749 15.7345279813744 ex
4097 13.9160126401111 29.9296448719688 4.10217213421129 ex
4098 7.3287398298271 19.1259878936689 9.68623429420404 ex
4099 13.570356937591 35.8366264665965 6.32691243011504 ex
4100 13.4007853984367 31.2714707187843 16.1536222167779 ex
4101 8.66256489790976 33.0780779521447 7.3157665443141 ex
4102 10.338983302936 35.6247185324319 16.3542287060991 ex
4103 17.8529328557197 18.2010714302305 0.0619923360645771 ex
4104 2.72085168375634 18.8285778402351 16.8606638829224 ex
4105 14.2489431381691 27.7852250616997 8.05518070980906 ex
4106 6.68691237992607 19.6963508203626 17.0710321636871 ex
4107 16.3145145813469 28.3582845348865 5.63553572166711 ex
4108 16.0339509877376 30.4647455611266 7.60388425621204 ex
4109 4.09333000844344 30.3653450256679 7.30483486223966 ex
4110 8.5549855036661 26.5851547857746 9.36866411566734 ex
4111 5.53362453938462 18.5396756005939 9.42726854188368 ex
4112 1.1357438492123 25.0967438374646 0.102577299578115 ex
4113 17.7263773565646 26.301421006443 12.6458917432465 ex
4114 11.011703757802 35.1875964368228 6.41811294318177 ex
4115 12.2884431525599 35.4004110787064 17.0747371399775 ex
4116 6.63438275456429 32.1321880072355 9.88269842974842 ex
4117 15.594762571156 27.9988463132177 3.0123493343126 ex
4118 4.90625313925557 33.9377606371418 1.3188843219541 ex
4119 17.4073245162144 28.0669702978339 15.8438177476637 ex
4120 16.3741770531051 34.2370785067324 17.0752565804869 ex
4121 3.18337518116459 27.5037363118026 1.33227663626894 ex
4122 0.276207335758954 26.8353172182105 6.93666429328732 ex
4123 14.2100357871968 30.0378329399973 4.10799211752601 ex
4124 11.472397349542 30.0752339339815 4.79702735482715 ex
4125 6.1384505755268 27.2701906040311 14.1292450709734 ex
4126 2.0280639519915 35.0186829271261 14.3987680468708 ex
4127 5.17534458311275 33.4293105115648 5.2992308109533 ex
4128 17.2667827887926 34.4442294090986 15.9784105219878 ex
4129 6.43344010319561 28.8693655773532 7.81425151904114 ex
4130 7.55724745918997 30.3328995807096 7.66616815049201 ex
4131 15.4112082635984 26.7834910599049 6.02319864509627 ex
4132 10.5853220764548 30.219007487176 16.5692975630518 ex
4133 2.501351141138 27.1134086344391 6.51000567758456 ex
4134 2.91985156340525 24.2282020719722 9.50328419147991 ex
4135 16.6912083530333 18.4121833406389 3.8285746157635 ex
4136 14.9539134821389 21.8475226711016 7.55803767498583 ex
4137 12.9159224000759 26.1198674698826 4.21170796896331 ex
4138 12.3998619117774 21.3619383298792 12.9115209500305 ex
4139 11.6532620612998 28.2178126599174 8.1863125783857 ex
4140 6.75717242271639 32.7320128919091 11.6547660450451 ex
4141 14.3314152110834 23.4921621417161 9.58419566322118 ex
4142 0.806469900533557 24.2279055293184 10.7787573775277 ex
4143 1.53439065092243 20.9220784001518 7.4884081913624 ex
4144 2.31711490405723 34.355485800188 15.5836616146844 ex
4145 3.91319512785412 33.4343478993978 13.8363667540252 ex
4146 6.15723899216391 21.3131380646955 10.1537954490632 ex
4147 9.60269028204493 26.3341864813119 15.0824381893035 ex
4148 16.1617936524563 24.0743073637132 1.72558958618902 ex
4149 16.4723309264518 27.7943045245484 5.00444547715597 ex
4150 9.33310706564225 35.561979729915 10.3341550109908 ex
4151 11.3202797339763 33.1462868012022 14.1763510757592 ex
4152 13.3541422474664 27.4912788767833 2.19953294843435 ex
4153 7.0610529044643 35.2899104210082 4.94747773418203 ex
4154 17.0979073157068 22.8187368535437 14.8816581144929 ex
4155 0.687558520119637 24.500968122622 12.6380892093293 ex
4156 3.35342353559099 18.2270989180543 10.8309923654888 ex
4157 14.7811695046257 19.4763736093882 7.37054140889086 ex
4158 0.176221427042037 25.6823169575073 0.301744730211794 ex
4159 14.8912390205078 19.3430405301042 8.63939587492496 ex
4160 6.74858775665052 23.9562120952178 4.29723361833021 ex
4161 5.77222833852284 24.2115598502569 7.03064323076978 ex
4162 8.26890694280155 25.4352145446464 10.5180600713938 ex
4163 1.44545862847008 28.325261146063 11.227816749597 ex
4164 8.69026075024158 28.057378631318 10.8082365330774 ex
4165 5.15144534246065 33.616323023336 0.429922967916355 ex
4166 17.0932170611341 35.449958933983 14.0634894303512 ex
4167 2.36391005734913 35.0141773249488 9.4431175373029 ex
4168 1.11141240107827 31.7150965549517 3.77162128733471 ex
4169 5.63362239906564 27.860476490343 4.16733893030323 ex
4170 14.5284601028543 28.2116233669221 16.8185363528319 ex
4171 1.56657018954866 27.5360947910231 8.17862218478695 ex
4172 5.56521384953521 26.7953500796575 15.4729369336274 ex
4173 15.4349435756449 27.9553009015508 16.31461638771 ex
4174 1.19670102745295 27.9968391763978 17.1816488171462 ex
4175 16.0835483751725 29.1548289128114 0.971139667322859 ex
4176 16.1060733112972 33.9591826375108 2.34790937812068 ex
4177 10.1228034656961 28.3058025864884 14.2286897725426 ex
4178 9.66476255794987 21.7674805494025 6.70774809760042 ex
4179 10.4777808994986 27.7516310417559 3.07933240593411 ex
4180 12.5146660783794 20.9260328095406 0.0480247051455081 ex
4181 3.94996230397373 35.4624728932977 12.9785883026198 ex
4182 5.04336104379036 31.407500450965 9.07937674666755 ex
4183 12.5253320664633 26.8068229160272 11.755848207511 ex
4184 8.19160494580865 18.192482978804 14.7580832059029 ex
4185 6.45687889680266 27.5179501373786 1.7729989879299 ex
4186 5.09942166134715 25.9619007608853 10.3219913854264 ex
4187 8.52914782520384 25.9535869637039 12.4852016358636 ex
4188 17.4785254800227 28.5832240902819 10.5925284663681 ex
4189 3.20058623305522 28.9063551907893 5.17235235613771 ex
4190 9.86690594535321 34.3731354626361 7.02772771730088 ex
4191 7.90864420612343 27.9012371269055 2.05200161365792 ex
4192 13.7025499593001 30.4942511382978 4.02744262013584 ex
4193 6.13565301243216 20.2636032800656 12.6068680924363 ex
4194 7.21939203934744 28.1999705559574 4.45473664160818 ex
4195 1.05163222132251 22.2798022574279 7.66409814800136 ex
4196 13.8647763582412 28.5657837917097 0.21645581535995 ex
4197 4.85699925897643 25.4514172005001 12.2507622253615 ex
4198 14.5127139347605 28.1483608989511 2.95991500397213 ex
4199 10.1396030078176 30.0262874881737 12.4592277028132 ex
4200 10.8525289031677 18.7928429220337 2.57644047238864 ex
4201 14.1832317211665 29.5508447499014 14.6933172345161 ex
4202 8.68160913395695 32.9112153411843 4.565619623987 ex
4203 13.7940393027384 21.4279603566974 10.3321823412552 ex
4204 0.820917155127972 28.9624380900059 11.2990184538066 ex
4205 13.4473297377117 32.1593590513803 11.3234005218837 ex
4206 8.67332734912634 22.296660900116 12.4734794078395 ex
4207 1.99120074580424 28.014061944792 9.06549886241555 ex
4208 2.50282387807965 26.6142169919331 1.10839588404633 ex
4209 3.31198463146575 29.9580030024517 6.82279674592428 ex
4210 0.15613120351918 30.1147675642278 12.3774563171901 ex
4211 5.44330927729607 35.4505355292931 15.714659267338 ex
4212 10.0468201711774 20.2265157543588 11.156808079686 ex
4213 8.10958747309633 25.8324427877087 4.2968585761264 ex
4214 10.6069791102782 26.2643904404249 13.9919840982184 ex
4215 0.402833900880069 18.2159124955069 9.44666768563911 ex
4216 10.0995012049098 22.2237882453483 2.84194773505442 ex
4217 0.849513622233644 21.412472254131 2.6292356911581 ex
4218 0.313072368269786 22.1463697240688 17.5740274228156 ex
4219 0.266335658729076 35.4168844423257 11.2300720263738 ex
4220 5.10394781362265 30.827064068988 2.58673701179214 ex
4221 8.07480482431129 24.1622667615302 9.39629425224848 ex
4222 0.410466270055622 22.5707641369663 10.2737310624216 ex
4223 0.21836051158607 32.7658231388777 16.2386380175594 ex
4224 5.71955681825057 35.7519805533811 13.2612447130959 ex
4225 7.25084941321984 32.628968433477 1.75900520943105 ex
4226 3.79775583208539 22.0430992683396 16.75837408402 ex
4227 8.15020064869896 28.8193541024812 14.6522484249435 ex
4228 0.553564212750643 25.5396247026511 15.9094293650705 ex
4229 15.5663434467278 18.7198652315419 6.15219454024918 ex
4230 1.26622843835503 32.653822301887 1.11773983202875 ex
4231 0.277651001000777 26.9997320524417 15.1126636781264 ex
4232 13.5625193761662 29.8029925394803 10.7276660643984 ex
4233 17.8152397838421 20.678453006316 2.91055868891999 ex
4234 4.66521230270155 26.8975401972421 17.2832394794095 ex
4235 14.9241894145962 19.6533865113743 10.8236836206634 ex
4236 4.65352073544636 24.8508139729965 11.0838168149348 ex
4237 0.747544905170798 19.7652812991291 5.39229601528496 ex
4238 9.66684129321948 30.2006188123487 13.3897367510945 ex
4239 1.38393964362331 26.6293179504573 15.5781433242373 ex
4240 9.27329422230832 34.8199765027966 4.69203414302319 ex
4241 11.3372968044132 24.1745306923985 17.5383439238649 ex
4242 16.7037430999335 28.4622214571573 12.8684703030158 ex
4243 7.76220462122001 29.1321977251209 0.899267006199807 ex
4244 10.5801592855714 32.4902868424542 3.4800942488946 ex
4245 1.66446999995969 26.2772961410228 16.9900189985055 ex
4246 17.8125639255159 20.5411170546431 16.8426696206443 ex
4247 7.39241367019713 26.4319120177533 2.07301643420942 ex
4248 8.82557403901592 30.7186484597623 14.0424702311866 ex
4249 2.54697516886517 35.3842958319001 7.30690069799311 ex
4250 4.67800330114551 33.8052465284709 14.803540333407 ex
4251 7.62766859517433 27.1338754168246 3.00427773292176 ex
4252 2.34960448346101 25.610677071847 10.1929524221923 ex
4253 2.75028008432128 31.3307801077608 3.26664683525451 ex
4254 10.2443471027073 33.8961185922381 9.60603384417482 ex
4255 11.3018271580804 25.2156372484751 0.231166689423844 ex
4256 14.8833783855662 23.1555797511246 4.24989618244581 ex
4257 0.188955856021494 35.8536490406841 9.99535031779669 ex
4258 16.0778776626103 27.3260518054012 6.21718948869966 ex
4259 16.3315061060712 22.1810094849207 4.89807028486393 ex
4260 10.0579133823048 21.1163589791395 9.88054110249504 ex
4261 9.04832865251228 20.2996481396258 3.33379728067666 ex
4262 2.64019564073533 34.6796658500098 16.9593337529805 ex
4263 6.52744482341222 28.4879966201261 6.54073076299392 ex
4264 6.75170779554173 31.0423111824784 3.58022030582651 ex
4265 14.0131450721528 31.9127357946709 14.0768976858817 ex
4266 4.85637592547573 18.5588695455808 14.3280469942838 ex
4267 4.15120374108665 18.8036267005373 17.3710809748154 ex
4268 4.03754928172566 32.4998230040073 3.01085852854885 ex
4269 2.0079890571069 22.3140298735816 9.41528632584959 ex
4270 6.51126751047559 18.5260075561237 3.70199382305145 ex
4271 0.903624802595004 32.7363731986843 3.16368003864773 ex
4272 10.3081527450122 28.02200914477 3.63834935124032 ex
4273 8.23843668075278 34.7556177740917 11.8171512070112 ex
4274 4.10800645197742 25.6842723749578 1.34015498287044 ex
4275 6.71177040343173 30.5956629323773 12.5969175910577 ex
4276 9.6542947946582 24.8095935338642 17.0437892901246 ex
4277 10.7949202058371 23.1740873134695 9.70850674551912 ex
4278 0.499767383327708 33.0729164204095 13.9637172247749 ex
4279 13.2657879292965 34.0506907640956 4.13022590079345 ex
4280 11.6352960311342 19.4089594096877 9.28318193973973 ex
4281 16.9540332816541 25.7100713492837 4.44829266448505 ex
4282 7.28110780357383 29.8095473295543 9.76634826953523 ex
4283 17.8459631782025 23.5617169421166 17.1670327659231 ex
4284 9.33753415592946 24.2190439817496 14.845904877875 ex
4285 9.90728138945997 28.5111518439371 3.46023675776087 ex
4286 6.51823119400069 34.8227423776407 6.18785476731136 ex
4287 17.5839758487418 21.4740180182271 14.7044314583763 ex
4288 11.2320830433164 27.7707687716465 12.861753329169 ex
4289 7.61916096927598 29.3993794668932 5.69102203799412 ex
4290 11.6375816175714 25.7050616757479 13.8252147668973 ex
4291 3.07378734974191 29.9356821523979 13.0433610961773 ex
4292 0.839422575663775 30.3210308791604 5.81475509051234 ex
4293 16.4984681066126 34.0353250051849 8.0985145396553 ex
4294 11.8167094402015 30.6561683046166 5.89386432571337 ex
4295 5.76074936264195 23.1996845866088 16.3160130500328 ex
4296 17.3172493835445 26.692160498118 15.7995805128012 ex
4297 9.49988674325868 24.5966176385991 12.5766322177369 ex
4298 8.97531722090207 23.9137558669318 5.35462730028667 ex
4299 12.3277432208415 19.0554149365053 16.9954980197363 ex
4300 1.02260115044191 27.9530963504221 5.09220429277048 ex
4301 13.4059212717693 24.7467104604002 16.6005730491597 ex
4302 13.9825559856836 18.8896358914208 16.9887052364647 ex
4303 9.32093569939025 18.7754868660122 16.5298277367838 ex
4304 9.25413596676663 24.306320519885 15.2506151858252 ex
4305 16.9359863456339 35.1136561280582 15.2762221687008 ex
4306 16.4227397998329 31.1443927073851 15.0017204442993 ex
4307 17.2371304922272 23.3949271966703 7.13807009346783 ex
4308 2.21118022315204 22.3082014906686 17.6505678263493 ex
4309 2.12656175950542 24.628130101366 8.90104328491725 ex
4310 17.795319929719 20.2819575408939 13.4699032888748 ex
4311 16.1942425877787 18.5677356116939 2.78770566615276 ex
4312 5.74197558732703 34.8503543180414 17.1911295456812 ex
4313 6.32728557032533 35.8297392355744 6.08198962477036 ex
4314 6.36636470700614 35.3009820815641 7.17601824458688 ex
4315 0.451507203280926 18.220272623701 10.1402328996919 ex
4316 0.373937307158485 20.2440519197844 7.39257451868616 ex
4317 14.4413752369583 29.8496601702645 17.2364727116656 ex
4318 3.51860242895782 21.8077343543991 14.295426039258 ex
4319 2.29473073035479 28.1286571684759 8.2264561096672 ex
4320 3.15132543165237 24.5047977762297 5.69776647002436 ex
4321 15.492419582326 19.7512167461682 12.6191797396168 ex
4322 10.9849230581895 30.7376719475724 15.1261871953029 ex
4323 11.3514902389143 30.980995770311 16.5186691472773 ex
4324 10.8974273789208 29.4345705495216 0.0456772136967629 ex
4325 14.2483578643296 34.680570064811 5.7086832053028 ex
4326 3.652681163745 33.83881755732 2.69922843761742 ex
4327 7.60410539945588 20.4352935182396 15.2231983910315 ex
4328 0.740465426119044 34.2845939258114 4.60239710588939 ex
4329 14.7277319901623 32.6333839325234 10.685884855222 ex
4330 17.249305129284 25.6229596601333 13.4579777941108 ex
4331 12.5357968481258 34.1009581219405 8.73163252254017 ex
4332 17.3984965216368 30.4095862640534 6.31457057339139 ex
4333 11.8510354589671 33.6067595756613 6.26249691727571 ex
4334 4.44518684642389 22.946131677134 2.40957320504822 ex
4335 14.9216305441223 34.7542693133 15.7934394080658 ex
4336 3.96652488503605 19.2217614348046 1.7290347982198 ex
4337 5.06806196225807 25.276619403623 7.82430113083683 ex
4338 11.5568761457689 31.4791141711175 16.2919860079419 ex
4339 1.90975728305057 30.2946306278463 3.42595325992443 ex
4340 1.74813817301765 20.4797670601401 14.6828907073941 ex
4341 5.53089839033782 20.5859065314289 2.77238740213215 ex
4342 4.35295417741872 30.0546381960157 13.8443409954198 ex
4343 16.9782115370035 31.1666491690557 12.0197200065013 ex
4344 14.9059927547351 25.9893835836556 1.09771927213296 ex
4345 5.57124359719455 23.56525271805 5.70217778603546 ex
4346 5.61227799905464 26.2118104489055 13.6036636950448 ex
4347 3.2876869593747 18.7767874326091 15.8184727088083 ex
4348 3.13257000944577 23.1411396407057 0.480370319914073 ex
4349 17.7490039239638 31.2861110044178 7.30518871010281 ex
4350 1.72716403659433 34.2921495803166 11.186459231656 ex
4351 10.1550796728116 33.8385378236417 10.7616328473669 ex
4352 1.97928220313042 30.4925983981229 0.143400641158223 ex
4353 14.5737274757121 32.631412809249 13.499247093685 ex
4354 10.7096320067067 26.4099516302813 3.47351081669331 ex
4355 2.89747833926231 31.3803879823536 5.89108192571439 ex
4356 15.2797045635525 35.6671121341642 14.4095235269051 ex
4357 0.235369156813249 31.2369219653774 12.5561844881158 ex
4358 11.1155014673714 24.578514466295 15.4662138274871 ex
4359 9.04162841616198 19.7657079298515 15.8037094858009 ex
4360 10.8996234978549 23.0609720209613 3.10558905219659 ex
4361 5.31006593559869 31.6161332263146 15.1560850602109 ex
4362 1.67553579574451 35.7537286942825 4.67086709360592 ex
4363 10.6556201113854 30.5055629571434 11.572222317569 ex
4364 10.0354183006566 20.0436624400318 9.59895280376077 ex
4365 13.8977441268507 27.2592180918436 15.0807422385551 ex
4366 15.3169954849873 27.7548605124466 0.79811834753491 ex
4367 9.04774609464221 27.5195472880732 7.32076228479855 ex
4368 8.61208015470766 30.2748471857049 16.6175963205751 ex
4369 2.15053575974889 29.0251547608059 5.7413406339474 ex
4370 10.2449187878519 19.2356969977263 8.61997605417855 ex
4371 4.91881287703291 23.8937366052996 1.4353243377991 ex
4372 15.3843737067655 30.3543746517971 3.18228416470811 ex
4373 3.49125916650519 24.2291729298886 11.2249032221735 ex
4374 11.0591533642728 20.8209700940643 14.4076307462528 ex
4375 5.61570739769377 31.2657448812388 16.9111967042554 ex
4376 9.05834480142221 23.8397699871566 2.08861546986736 ex
4377 7.60312600736506 29.4268983644433 15.4689089611638 ex
4378 6.55382093042135 35.0583440242335 3.87151465401985 ex
4379 14.0125386076979 22.8256453196518 1.19381933333352 ex
4380 5.25901783956215 25.5524775467347 11.1533742053434 ex
4381 10.2219814069103 24.2543849968351 6.13854017434642 ex
4382 3.53016831330024 29.5360826996621 14.2982915013563 ex
4383 2.11068499344401 32.3304043770768 0.773159563541412 ex
4384 1.00025086523965 23.3712599026039 8.5545684734825 ex
4385 3.38508538762107 32.7792088498827 9.26184497284703 ex
4386 3.95640621031635 25.4396718733478 6.2835937438067 ex
4387 13.4717330927961 33.8806905937381 16.2824060691055 ex
4388 7.61776241124608 33.2068760411348 1.16968736774288 ex
4389 11.2321718325838 35.2080037086271 9.27216237317771 ex
4390 10.0794608113356 34.7922043090221 17.8941324178595 ex
4391 6.29389363690279 26.6609209121671 17.7570414552465 ex
4392 8.81483053369448 26.6417289171368 13.5044835731387 ex
4393 15.4809067926835 18.8686283074785 11.304259405937 ex
4394 9.1026364825666 25.4946994183119 11.0561889046803 ex
4395 12.3315585202072 25.996130450163 14.8208872750401 ex
4396 15.1492169038393 19.9185260897502 4.9866929333657 ex
4397 13.2325418908149 23.5857931936625 3.56343966373242 ex
4398 12.1994737815112 18.9330331161618 0.475603951606899 ex
4399 7.92254331964068 22.0912003631238 10.9020990806166 ex
4400 5.82189975026995 33.6981498587411 16.4475841906387 ex
4401 3.61557930032723 34.3137323025148 12.53798589902 ex
4402 12.4034773912281 28.4040093384683 12.749588282546 ex
4403 8.16268271650188 26.1221219166182 2.27004958735779 ex
4404 5.70230602519587 34.3629207301419 15.3091743369587 ex
4405 10.2459442005493 21.9070005849935 8.76016603526659 ex
4406 5.30385739752091 31.3460149511229 1.52026213030331 ex
4407 13.8758758287877 29.5192129840143 8.53924379940145 ex
4408 2.94358438276686 28.4877890460193 14.2697871350683 ex
4409 17.6036487696692 19.8977229399607 6.35699385870248 ex
4410 9.15028324630111 27.9633778864518 2.36236330284737 ex
4411 10.3502730452456 22.9424526600633 13.5146008885931 ex
4412 5.96438031969592 19.7682194716763 2.25178344384767 ex
4413 2.93760772352107 29.8400209527463 3.13863726821728 ex
4414 9.9600681734737 19.679923489457 7.48911323980428 ex
4415 3.10121515975334 30.6538577869069 3.56340795080177 ex
4416 8.88312572916038 27.9544787069317 10.9679241955746 ex
4417 3.18167300173081 27.7070987033658 8.78281777864322 ex
4418 6.60768094379455 24.9532281036954 12.1391165300738 ex
4419 0.955184297636151 33.7102339314297 10.7008982698899 ex
4420 9.57419047388248 21.9312316051219 1.19709333428182 ex
4421 3.80419134744443 33.3120830615517 4.983160630567 ex
4422 1.49768050154671 21.0323343160562 3.33922088798136 ex
4423 9.85228037042543 34.274274087511 3.46755719254725 ex
4424 8.38957537105307 30.1217865261715 5.99336593062617 ex
4425 16.6153511123266 24.5051682188641 5.48424434522167 ex
4426 15.8005499709398 32.9664838714525 4.98993507982232 ex
4427 1.38256922992878 34.4010856600944 13.3325782576576 ex
4428 11.7051271139644 26.7254012089688 6.29118258529343 ex
4429 8.24529217113741 32.9718497006688 14.6929047717713 ex
4430 8.88827432529069 35.9922701604664 12.871425749734 ex
4431 9.93764051026665 34.46962479176 13.0542590422556 ex
4432 5.43035549926572 20.9545167163014 6.95333938812837 ex
4433 17.5244098065887 27.6354836144019 11.3606200579088 ex
4434 9.77107793092728 29.8511065461207 0.819934868952259 ex
4435 12.4084765112493 30.4411847856827 4.68672482995316 ex
4436 12.2471993053332 33.2647098319139 0.954017372336239 ex
4437 15.1604569065385 31.9672477911226 15.1769927944988 ex
4438 4.07994122384116 35.2155226781033 7.6615280546248 ex
4439 5.17796626128256 26.2131152534857 17.9961684020236 ex
4440 7.02834734041244 27.6900053289719 1.7395658751484 ex
4441 0.62567024352029 35.7074152294081 3.16171213029884 ex
4442 3.70193659607321 24.5455476457719 4.20548647781834 ex
4443 15.2908120749053 20.3346395115368 15.5335450980347 ex
4444 3.84555502585135 30.7025779427495 6.66919993166812 ex
4445 2.55789714166895 30.1318023717031 15.484510743292 ex
4446 8.12846254860051 32.0135571775027 8.9799414598383 ex
4447 14.5339929587208 29.4227442794945 13.9900875294115 ex
4448 15.3842105944641 23.2965452866629 10.349953760393 ex
4449 5.33087144535966 34.0137302209623 3.98693933081813 ex
4450 4.87649545725435 25.9293142608367 9.80440820520744 ex
4451 8.73100993409753 22.5820412533358 4.29632601724006 ex
4452 17.177722859662 23.5763848444913 2.29243661346845 ex
4453 3.10343063645996 33.9868310324382 14.0744624370709 ex
4454 7.1563976702746 33.4468477012124 14.1668343835045 ex
4455 14.1416271664202 30.9253330018837 11.4699114786927 ex
4456 16.171674356563 23.0313108975533 11.2502708556131 ex
4457 9.28050316404551 30.4005440725014 6.06051495065913 ex
4458 2.25016127852723 24.8402920966037 11.917067465838 ex
4459 16.1603460072074 22.0798185006715 3.24472212372348 ex
4460 15.1021179871168 33.0628920788877 4.24265619320795 ex
4461 5.89796669501811 35.2661728351377 6.63701486331411 ex
4462 6.92862734268419 26.4789396841079 15.5519716448616 ex
4463 7.34267655713484 30.3217566933017 12.0435850508511 ex
4464 11.0701025719754 35.8190813385881 7.04199661477469 ex
4465 10.5083912678529 28.081957729999 4.30168840172701 ex
4466 7.08643690194003 24.4357083400246 7.59963515307754 ex
4467 13.4603647165932 29.7709399922751 12.0001546910498 ex
4468 12.4207230329048 32.4028229340911 12.3503946280107 ex
4469 13.1078540445305 21.9685074924491 15.9516207252163 ex
4470 3.00728718866594 20.7437606817111 14.4143618124072 ex
4471 2.28751357318833 23.6819123881869 9.22735674493015 ex
4472 16.6988590992987 30.9015239358414 2.59465133189224 ex
4473 4.18262619012967 28.6304788051639 12.569633489009 ex
4474 1.72653745138086 34.160052072024 12.6372739651706 ex
4475 4.38641835656017 22.8402005035896 10.7612215909176 ex
4476 15.0657243034802 35.5599558646791 16.5393580240197 ex
4477 8.88635766180232 27.2624624485616 11.1192647549324 ex
4478 2.95539294998161 29.8991538740229 4.65951713034883 ex
4479 14.8061929224059 32.0193485571072 8.41348373284563 ex
4480 0.313107185764238 30.5673128033523 6.04810758726671 ex
4481 15.2232196829282 23.1971808960661 15.7786115936469 ex
4482 13.8105230303481 27.4960015106481 0.262082359287888 ex
4483 8.94097572378814 34.7055253612343 2.71851190854795 ex
4484 6.78525505331345 28.2191889486276 12.3831931466702 ex
4485 16.2809627079405 31.163466992788 11.0539948351216 ex
4486 2.05330638261512 26.1600111983716 3.13458435144275 ex
4487 11.2207887631375 26.9143222726416 12.2191125808749 ex
4488 3.77749664173461 18.6554049737751 5.06400121049955 ex
4489 12.0106612346135 24.5764927363489 17.505767355673 ex
4490 9.91203556605615 26.13948669401 7.38120328821242 ex
4491 3.78050467302091 32.5650470985565 11.2068960873876 ex
4492 11.0277399078477 18.9930218027439 12.7682851606514 ex
4493 6.05116033763625 23.0967173769604 10.4465155454818 ex
4494 16.1291604260914 28.9350214526057 1.19663927704096 ex
4495 8.8056844798848 31.2493204085622 4.27937934105285 ex
4496 5.75801133480854 25.5654189919587 5.9938378140796 ex
4497 11.9399160584435 21.3322819937021 15.1625315165147 ex
4498 15.2982777981088 25.1457924039569 15.1801453456283 ex
4499 7.90453465492465 27.3349608534481 13.0058631512802 ex
4500 4.06280572200194 20.2153493675869 1.01185104670003 ex
4501 13.5850791635457 22.2787628276274 3.8984082902316 ex
4502 5.89186453376897 21.0231004329398 9.87374980095774 ex
4503 10.5546511593275 23.2679830898996 4.92872248007916 ex
4504 16.2732634199783 24.9665966471657 9.32844752678648 ex
4505 0.488538102945313 25.2825834811665 9.46511130174622 ex
4506 10.1999498980585 27.2716741017066 14.8321117477026 ex
4507 3.94320879201405 34.3207769631408 14.9075460110325 ex
4508 3.87933788564987 21.6005967678502 9.63621868006885 ex
4509 13.9829953396693 30.1206315259915 6.99598987912759 ex
4510 14.510572149884 35.4438413945027 8.55253641935997 ex
4511 3.92260769149289 20.7533910458442 0.341275289887562 ex
4512 14.2163804399315 24.1044589071535 4.60353079182096 ex
4513 5.0195163693279 19.0237709542271 15.5641349314246 ex
4514 5.0208255269099 29.3623425408732 3.75556213804521 ex
4515 7.67579666269012 28.6457844765391 8.71317047555931 ex
4516 6.72285927669145 33.0497676574159 9.70116123533808 ex
4517 10.7401386003476 29.7923363014124 5.45339599763975 ex
4518 6.66528368042782 30.4794154583942 14.4907416591886 ex
4519 15.1803675671108 26.6622609284241 12.6463353876024 ex
4520 16.7909138316754 25.9801752492785 12.3546598828398 ex
4521 2.08387135551311 32.3987183081917 2.6883554761298 ex
4522 1.08255386305973 27.49292287766 12.9639831855893 ex
4523 10.3669039679226 18.5244165633339 13.2353814204689 ex
4524 10.9835906755179 27.8949477539863 4.84213885548525 ex
4525 17.2259440638591 35.1438691304065 13.0614592167549 ex
4526 11.1547929961234 23.5137479857076 0.56509976205416 ex
4527 15.2588022865821 25.3200098972302 14.3038369433489 ex
4528 6.34902101568878 35.0104897820856 13.43719161232 ex
4529 13.522637916496 22.8565083707217 8.01975825452246 ex
4530 8.59637867147103 23.0228605729062 4.05027090501972 ex
4531 6.02766813384369 25.1994677369948 2.78415939654224 ex
4532 10.6871614973061 19.326232931111 4.20901356637478 ex
4533 5.76845771679655 19.6655136386398 17.9961834254209 ex
4534 10.3616302653681 24.2732128701173 7.07900693500414 ex
4535 3.26819888479076 34.3510849075392 11.5965475088451 ex
4536 6.33008239441551 33.0627150523942 3.62265966460109 ex
4537 7.78744491934776 35.9829396337736 13.0231455666944 ex
4538 5.40318747749552 29.9204051590059 10.1162986957934 ex
4539 16.1541183700319 19.3510324903764 4.24182775174268 ex
4540 13.8893846878782 25.645121072419 2.68026354606263 ex
4541 7.33244951884262 35.9839278233703 5.85553192091174 ex
4542 8.44130105990916 29.4356727723498 6.55671083810739 ex
4543 8.16392684704624 28.1769329197705 5.8860901677981 ex
4544 16.0673314069863 33.3255668035708 12.03935507196 ex
4545 15.6231762235984 23.1754925285932 6.44824105780572 ex
4546 5.87205811939202 29.8313490410801 8.24024395295419 ex
4547 1.66822711843997 35.9564247296657 1.06178730586544 ex
4548 2.3347146238666 23.8798766729888 8.7181900748983 ex
4549 17.303338922793 34.9309471054003 0.686233739135787 ex
4550 16.1183802981395 33.8859446588904 7.35443666693754 ex
4551 7.06192074506544 35.8962733827066 8.03423428465612 ex
4552 11.2965701038484 29.0756203685887 13.8304980669636 ex
4553 17.5043903042097 21.4205788387917 9.49145514960401 ex
4554 10.4498350522481 35.3021257955115 14.741492805304 ex
4555 12.1317354533821 32.5473184790462 13.8208676583599 ex
4556 8.59193475870416 31.3655361707788 17.4603288974613 ex
4557 16.622086352203 22.357073552208 15.3197162353899 ex
4558 11.6186182808597 24.3768684903625 0.936576639069244 ex
4559 0.779814595822245 31.1703737576026 14.2204738485161 ex
4560 14.8541951710358 26.5031567735132 7.92757699335925 ex
4561 16.032436018344 20.6538614605088 7.52232870296575 ex
4562 11.8267631058116 19.500925861299 15.4678033662494 ex
4563 12.0789516575169 27.5170625410974 13.330589680234 ex
4564 0.884434539591894 34.3939831112511 5.47794744186103 ex
4565 6.81586869619787 21.5298910853453 0.332293367013335 ex
4566 2.22789079020731 29.149200670654 7.48071057489142 ex
4567 5.07868406036869 32.6425638103392 12.3907170286402 ex
4568 9.70542607991956 23.5114851023536 13.2484129406512 ex
4569 16.6716350885108 32.8542812694795 12.5914555003401 ex
4570 6.87393327057362 22.1660638421308 4.46574790496379 ex
4571 17.697145546088 32.128381990362 13.5423993503209 ex
4572 14.8177181649953 22.909505613381 13.3388987334911 ex
4573 9.54383867885917 28.2569208987989 9.84519880753942 ex
4574 13.2728950541932 34.57814925001 7.83487428864464 ex
4575 10.564108672319 33.6431508213282 3.26033281581476 ex
4576 3.46896993136033 24.7369922748767 0.921814941801131 ex
4577 11.7794457196724 28.918855547905 0.527690833201632 ex
4578 4.55239140382037 32.5151787246577 2.76585345342755 ex
4579 10.3139504077844 19.9026042381302 13.2885024826974 ex
4580 2.35255111311562 25.1554177624639 7.17839971440844 ex
4581 15.4632187113166 28.7831939363386 16.136736714514 ex
4582 4.89562928234227 29.4431120057125 0.10328396060504 ex
4583 11.1601368330885 23.9952934412286 10.8901447160169 ex
4584 15.117542975815 22.2633142732084 10.2938826626632 ex
4585 7.62218212382868 23.2696111272089 8.81950954557396 ex
4586 4.18632275122218 20.8500386639498 2.14783878182061 ex
4587 8.70662217121571 34.9361907949205 5.29627730511129 ex
4588 5.52936451602727 23.3933789744042 17.6559783252887 ex
4589 6.79902201285586 31.6589866576251 12.5126638482325 ex
4590 15.6931204067077 26.8525939602405 5.75922693614848 ex
4591 7.75545592349954 27.1702483836561 10.531243869802 ex
4592 5.44442571885884 32.4172713092994 15.3412599817384 ex
4593 17.6358269737102 20.562659989344 11.1007475384977 ex
4594 10.4183758320287 19.1947572312783 10.4049722340424 ex
4595 10.651481507346 32.3059917946812 9.35732346796431 ex
4596 5.78076820028946 26.2679297199938 4.85629681334831 ex
4597 8.50260023702867 25.2501606801525 15.4507616732735 ex
4598 5.42962784017436 33.9872443359345 3.02895035455003 ex
4599 9.55934478249401 29.1737020201981 17.4280781340785 ex
4600 16.8060773187317 31.4809103489388 10.438511299435 ex
4601 2.42251469567418 33.2051864038222 0.0143502918072045 ex
4602 10.8425901408773 30.7586437528953 8.74420041125268 ex
4603 12.805372785544 29.6848016071599 4.49108282290399 ex
4604 9.96487637376413 33.0920810485259 9.36804076773115 ex
4605 17.5106785299722 33.4056821172126 6.22505145915784 ex
4606 15.4522572308779 18.6167290485464 15.3499897944275 ex
4607 16.554310903186 20.8304554293863 17.2696443914901 ex
4608 0.570311229210347 31.9078134261072 0.440089664654806 ex
4609 2.43630341533571 30.9078355408274 1.2454660104122 ex
4610 15.5919504957274 19.2442025528289 2.52154324227013 ex
4611 3.89849850116298 21.4717111121863 4.90226845233701 ex
4612 10.7966289618053 18.0671355330851 15.3697873589117 ex
4613 2.10471332375892 31.536918847356 15.8759504584596 ex
4614 16.1630066621583 24.140174175147 13.2268005036749 ex
4615 4.61223514890298 29.9563907801639 4.46303626801819 ex
4616 8.89343301579356 23.8274634275585 13.0493734150659 ex
4617 4.76644915482029 22.5282701991964 8.67994682257995 ex
4618 14.5926543513779 28.929814588977 12.5020862929523 ex
4619 8.00934699689969 31.3655775140505 6.84037847141735 ex
4620 5.6078967123758 22.4904759952333 14.5195725020021 ex
4621 13.8246063380502 18.5442718367558 13.9536092914641 ex
4622 16.5252054689918 30.871632384602 4.6271730591543 ex
4623 11.117525530979 28.821376243839 14.3661481295712 ex
4624 5.23318495810963 24.3453458824661 17.8058271599002 ex
4625 3.74477589991875 18.0013041426428 4.33801958989352 ex
4626 9.85553005314432 30.5987209680025 0.930472238222137 ex
4627 15.5805748046841 34.8983598973136 12.2871947847307 ex
4628 3.74388701631688 22.3366292358842 8.2949959768448 ex
4629 7.70395111525431 27.5213792654686 11.1594441491179 ex
4630 5.8852065440733 19.7307689676527 7.16494006710127 ex
4631 14.258631934179 19.4890156816691 0.191017624223605 ex
4632 13.6683510767762 29.7975645216648 5.08124183188193 ex
4633 13.5516578131355 26.5309143420309 16.6724934210069 ex
4634 13.310628390871 21.8419946245849 6.00645611085929 ex
4635 1.21354724024422 25.4718911054078 13.6059287439566 ex
4636 16.6254092284944 19.6518638411071 7.1464382307604 ex
4637 7.99723817477934 34.6474764521699 0.759791569085792 ex
4638 17.2213979300577 27.7278203286696 10.7507005881052 ex
4639 1.2203003577888 33.7314554234035 14.9237440568395 ex
4640 3.03598792175762 20.4686363772489 17.5458307124209 ex
4641 11.9423239042517 18.1228442804422 9.39642798434943 ex
4642 15.6866422609892 30.3818162260577 17.6855080523528 ex
4643 7.63979308772832 28.9702160623856 11.3935916759074 ex
4644 7.4234579403419 34.7216345274355 15.2540959545877 ex
4645 5.19324992131442 25.3303768255282 14.2513063778169 ex
4646 6.74822331173345 35.3004909087904 0.286833042511716 ex
4647 15.6601014360785 20.4290830558166 3.00384553894401 ex
4648 2.22585025732405 28.7468018622603 9.42283964715898 ex
4649 6.54998025624081 27.904651761055 12.2169985373039 ex
4650 13.9301601634361 22.3783381746616 9.36813248088583 ex
4651 13.4271258963272 32.5221972069703 15.4567108615302 ex
4652 12.0830676788464 22.8022498523351 15.3915337268263 ex
4653 8.23707231762819 25.181546315318 17.3324319182429 ex
4654 3.89168917411007 33.6444244072773 16.6716694328934 ex
4655 0.338729778304696 35.0653413024265 1.36105249566026 ex
4656 10.351035597967 19.1911097918637 5.17501376266591 ex
4657 5.6066680313088 24.2758715273812 12.0168822489213 ex
4658 12.4507660940289 18.5107311317697 11.7009077807888 ex
4659 5.5968192552682 22.510987825226 15.86553101358 ex
4660 0.103420438244939 18.4000906930305 3.28340718499385 ex
4661 11.3875637331512 26.4062564375345 15.6487503547687 ex
4662 10.6757089421153 22.3476855889894 7.41732722520828 ex
4663 10.924830537755 31.8208806419279 3.2093547610566 ex
4664 14.9597815626767 20.5696236847434 17.7677677145693 ex
4665 6.11158533976413 20.2328705587424 4.06438601994887 ex
4666 11.1131030337419 35.2200903398916 12.558838817291 ex
4667 6.19384210999124 34.1636102222838 1.25205416209064 ex
4668 8.16145573346876 23.8956662148703 17.55563511746 ex
4669 2.43705280125141 18.975790317636 14.4603763509076 ex
4670 13.1070473853033 26.6277975465637 4.1610085805878 ex
4671 2.40345340571366 22.889554454945 8.86909126141109 ex
4672 11.1639516134746 30.777976640733 2.03014440461993 ex
4673 17.8569267098792 30.9604866669979 8.29141459031962 ex
4674 9.67874490492977 28.306710611796 8.87224320974201 ex
4675 15.8026450169273 20.4563630330376 6.7768277535215 ex
4676 10.7226507624146 33.7501196123194 12.2792532858439 ex
4677 17.0001698993146 29.76405522204 6.60554635594599 ex
4678 17.7758294017985 20.3423566143028 12.6715297431219 ex
4679 7.03064095648006 30.3341195613611 3.48080501100048 ex
4680 12.854118011659 25.3967005142476 0.426183252828196 ex
4681 3.98631241964176 35.8633250105195 2.82747448119335 ex
4682 0.318381318356842 24.6398037157487 2.66764053725637 ex
4683 4.51624996657483 19.0698031543288 1.7379709079396 ex
4684 15.8395176844206 34.2355842401739 6.47204541251995 ex
4685 3.77904115687124 25.5960034281015 11.9515909969341 ex
4686 13.7997867225204 25.3797836881131 17.4710350262467 ex
4687 13.1680236554239 31.8016309004743 12.9306372802239 ex
4688 7.68538186652586 30.9155410316307 9.79689402529038 ex
4689 5.73918705061078 23.7472326480784 13.4505620521959 ex
4690 6.18563579418696 31.1146463938057 16.9464512192644 ex
4691 5.47573121427558 24.9854057910852 3.91626511700451 ex
4692 9.59370260173455 33.5329466206022 12.5153627563268 ex
4693 13.2821572143584 29.3029996687546 17.806687964825 ex
4694 8.23807405936532 18.5026031378657 4.49073281046003 ex
4695 12.0210294863209 23.5235658693127 5.42172508034855 ex
4696 12.9319490885828 28.2282782234251 15.9526430452242 ex
4697 0.2976285435725 26.9759110722225 8.40504268347286 ex
4698 2.51507262513041 24.8858099556528 14.2227862011641 ex
4699 3.58678164798766 24.2080567958765 2.09141124994494 ex
4700 12.7625138787553 35.0880275359377 13.0168238270562 ex
4701 15.7007070535328 20.2787060106639 11.7691702267621 ex
4702 12.4297423218377 24.4028401630931 4.89860072964802 ex
4703 14.2602571423631 32.7436222545803 3.46924701496027 ex
4704 16.5891261715442 27.1444970062003 17.9964727100451 ex
4705 16.2728643640876 25.7028912741225 2.79014717740938 ex
4706 6.53315229411237 25.1221050932072 3.90674445102923 ex
4707 13.6889893449843 19.6190318490844 6.50110506312922 ex
4708 17.9878510970157 30.0584956218954 4.70244370424189 ex
4709 13.9482286407147 21.9208290595561 11.7894019216765 ex
4710 2.56891847867519 22.4867099805269 11.4491652643774 ex
4711 15.7430843990296 27.2368376364466 8.06965032499284 ex
4712 2.20659817918204 28.9755347599275 3.58070942619815 ex
4713 4.29351265449077 23.6070737387054 4.95999622601084 ex
4714 15.5334987693932 26.7160936067812 8.08481168420985 ex
4715 7.0781198584009 28.7967464644462 14.6418342154939 ex
4716 0.816552930511534 21.6276069155429 13.0134629502427 ex
4717 8.38601199886762 28.9245151069481 16.7357807832304 ex
4718 9.95082883397117 35.998938013101 12.4204592432361 ex
4719 1.77943430561572 26.602074914379 6.27484242944047 ex
4720 11.4975035865791 25.7335965866223 4.80795420426875 ex
4721 0.729907853994519 34.3129813801497 13.1467024278827 ex
4722 2.59313998906873 35.3952064227778 3.70221676235087 ex
4723 11.9633692177013 19.6703612797428 10.1994016482495 ex
4724 9.45585845410824 30.2973771577235 4.79019774962217 ex
4725 15.1413947232068 27.6593568206299 6.95806574216112 ex
4726 0.979452183702961 19.3507263229694 8.97443194384687 ex
4727 1.62187590124086 18.8194169008639 14.0764390262775 ex
4728 8.16369396680966 24.2666371085215 12.0345815222245 ex
4729 1.83427384868264 18.3329695067368 7.94207050674595 ex
4730 7.58481984678656 24.7559032116551 2.22783295135014 ex
4731 17.711287779035 32.6879036778118 17.9722370018717 ex
4732 13.5423740034457 21.2613775704522 5.20963796926662 ex
4733 3.80671494198032 29.5180995999835 3.33216725336388 ex
4734 5.91726534441113 21.4640309740789 10.6850268107373 ex
4735 10.3598693036474 34.3415837006178 2.42084155557677 ex
4736 3.97279945481569 32.2312950554769 3.79282296728343 ex
4737 14.805508812191 30.7412769219372 9.52180677908473 ex
4738 2.03746755770408 25.62108437391 16.5555768643972 ex
4739 4.07520584808663 31.3918525949121 0.802665961440653 ex
4740 6.9314691380132 19.6674113434274 11.4956210178789 ex
4741 0.637755892705172 28.6693857931532 7.3959129282739 ex
4742 5.14600603212602 24.7602608266752 6.8137720420491 ex
4743 0.768259616103023 31.1221333623398 9.02021859050728 ex
4744 1.91953675146215 22.4322597668506 14.6081070695072 ex
4745 4.13530481187627 18.6556054861285 13.156323929783 ex
4746 6.20017029508017 31.7429733963218 6.42820195178501 ex
4747 14.0154699031264 23.1592661263421 5.60735109355301 ex
4748 13.9401083369739 24.7106198580004 11.4153017743956 ex
4749 9.0527287335135 25.5238853199407 7.86085818824358 ex
4750 15.6588136418723 24.8905148180202 7.47983263456263 ex
4751 13.7289066007361 35.5809107942041 3.74191790865734 ex
4752 9.6356501756236 24.3072443015408 8.65479045477696 ex
4753 15.8824590130243 27.5372716600541 15.7583732164931 ex
4754 17.8889864659868 33.9714449481107 14.056219675811 ex
4755 1.18929021130316 18.3620284458157 3.97257505171001 ex
4756 12.4535221613478 24.0159234567545 0.887684447225183 ex
4757 16.9182139334735 23.7211621776223 6.03279697801918 ex
4758 11.1853838954121 35.9081052525435 1.15137086063623 ex
4759 12.8466012326535 31.1624260477256 14.3193864005152 ex
4760 16.7381935121957 24.1833779774606 2.59218434197828 ex
4761 6.04835398565046 26.174799669534 0.943884974578395 ex
4762 8.04575374280103 31.9309594093356 15.9122014741879 ex
4763 2.84356029750779 33.2338231424801 14.4708655604627 ex
4764 15.4370088772848 35.6141962783877 1.54867745540105 ex
4765 15.8264954159968 23.6797141171992 7.46583018451929 ex
4766 15.1140245059505 22.1851089412812 12.7186973732896 ex
4767 12.1340146281291 20.5841866100673 7.24941445235163 ex
4768 0.95521869440563 27.7306693547871 1.41676832013763 ex
4769 0.766423408407718 34.0695430566557 6.93247125018388 ex
4770 10.9133260413073 31.1879132401664 11.9693269513082 ex
4771 10.9427749216557 32.5744244072121 11.0918533538934 ex
4772 2.75856537977234 26.0570311108604 2.75864032912068 ex
4773 15.9642668787856 31.8633942203596 10.2228549900465 ex
4774 9.48154323548079 35.1606175040361 7.65550069371238 ex
4775 11.1320278367493 35.2514253221452 5.90693040424958 ex
4776 13.9341176906601 26.2137382901274 7.91619359911419 ex
4777 12.8162097623572 24.193021152867 14.1355042718351 ex
4778 7.78959390847012 20.3181313073728 16.6912127668038 ex
4779 12.0023211617954 34.8585768269841 5.03031601267867 ex
4780 3.87923546251841 26.6338201616891 10.8048523694742 ex
4781 4.64621062972583 30.9830362396315 0.356833884958178 ex
4782 1.37608086573891 21.7321324804798 13.1553446929902 ex
4783 11.0801620504353 24.2587999117095 13.4035877876449 ex
4784 6.16496475064196 27.0441192635335 2.32580333366059 ex
4785 9.46583018265665 35.3175566017162 4.85945564555004 ex
4786 14.2775686061941 28.0262836720794 6.49101538723335 ex
4787 12.9612371481489 21.9448554529808 4.81184027064592 ex
4788 10.4546385414433 24.2382339162286 9.19125277781859 ex
4789 14.7811110012699 22.1187086964492 12.8169007552788 ex
4790 11.231189803686 20.3634153720923 17.3943973609712 ex
4791 9.47386622265913 27.6806566105224 11.99230935378 ex
4792 3.00107718422078 31.7756571883801 4.9012161155697 ex
4793 17.6620020715054 26.4602427869104 14.4077426667791 ex
4794 10.6677782894112 18.5615011546761 6.71809089765884 ex
4795 17.5499315974303 19.9491189233959 16.5490886594635 ex
4796 4.78627680824138 33.459204217419 8.90472747595049 ex
4797 17.0550157786347 19.9181598336436 5.84030413883738 ex
4798 2.09393729455769 22.1044639344327 10.6525697498582 ex
4799 2.01301902742125 19.5546559165232 8.47607651376165 ex
4800 6.7090575278271 29.8267888093833 2.79515628959052 ex
4801 10.9611440699082 22.5042714516167 8.1713306736201 ex
4802 3.3734407259617 31.0368467781227 7.02662648586556 ex
4803 13.7386212551501 26.0639969625045 12.645698846085 ex
4804 16.3738197290804 18.6907400791533 15.4166128409561 ex
4805 12.4511506510898 19.0002389529254 15.9775965323206 ex
4806 14.0081494566984 30.1888780985028 5.04175057355314 ex
4807 5.33045812346973 19.3000608070288 13.6729990255553 ex
4808 6.8691734157037 32.4217842998914 4.04657367663458 ex
4809 9.42207061173394 18.8135568546131 17.4645278782118 ex
4810 11.9216371134389 26.3008239448536 16.4735894275364 ex
4811 14.3921796432696 18.9254605623428 7.84166358411312 ex
4812 6.52262120251544 35.4000794568565 8.50270386855118 ex
4813 0.843805941520259 34.173851060681 9.62052238080651 ex
4814 8.804337216774 30.4983697326388 0.808945807395503 ex
4815 13.3228397835046 26.9050556989387 1.7268851317931 ex
4816 6.88028079667129 19.8819968360476 10.2585222069174 ex
4817 9.4889191633556 19.0077744068112 10.8000410953537 ex
4818 14.5356717032846 25.92027925211 8.02727643703111 ex
4819 2.18046095152386 33.9467329960316 13.1702095826622 ex
4820 11.1606438942254 29.8165377466939 3.29975182539783 ex
4821 17.1527508914005 35.2471323641948 16.7636455812026 ex
4822 17.7841083419044 30.5158856669441 0.078924604691565 ex
4823 3.77640108740889 19.5076514168177 3.72084956732579 ex
4824 13.7664232112002 28.3007596333046 15.1061291850638 ex
4825 7.14942667144351 21.738724560244 12.3519501884002 ex
4826 16.0208330187015 27.5288684619591 4.67900010407902 ex
4827 6.84226735355332 29.7189029769506 11.2101042778231 ex
4828 16.4722794278059 22.798909932375 8.32220892142504 ex
4829 17.3135535262991 29.2784680486657 1.33425488974899 ex
4830 1.3374728129711 27.9437736854888 16.6399447442964 ex
4831 14.3562772786245 19.4280736122746 17.5117173606995 ex
4832 0.957379009807482 23.6817996043246 3.7209524998907 ex
4833 3.44284180598333 21.9860905702226 16.8832628363743 ex
4834 8.49012382887304 29.9757591153029 17.8446967564523 ex
4835 9.20222202246077 35.5998597713187 6.29292503534816 ex
4836 0.950586357386783 33.1145834180061 16.1954217627645 ex
4837 12.2173244184814 34.5281239210162 14.0886629403103 ex
4838 16.5466377404518 26.5333517040126 12.5646365066059 ex
4839 17.3222187340725 27.4529461425263 2.64932976616547 ex
4840 5.83357552136295 34.3484503047075 14.3791647695471 ex
4841 3.38920691609383 22.3590272644069 11.3452290685382 ex
4842 10.1537904213183 18.2835886010434 0.312287342036143 ex
4843 7.93762414157391 27.2204606721643 0.951260704314336 ex
4844 7.96734433295205 34.6046260565054 10.3134716507047 ex
4845 15.2573953857645 31.960936662741 14.3333695414476 ex
4846 15.3778391650412 23.7116895220242 14.8279522336088 ex
4847 10.0483183858451 21.9612966580316 4.90739855612628 ex
4848 5.82744100620039 32.6849501221441 6.1893076854758 ex
4849 11.0720233405009 25.1262352338526 5.07725961180404 ex
4850 11.2079317474272 34.651991084218 6.78489471110515 ex
4851 17.1804122237954 28.886440704111 6.69981897855178 ex
4852 15.9253724734299 26.7897131282371 0.810895835282281 ex
4853 6.67205578042194 29.7673683133908 1.63074372103438 ex
4854 13.2580743350554 31.6758081170265 0.596361890668049 ex
4855 10.669884233037 28.4919075758662 7.40531926136464 ex
4856 3.42156529962085 19.1693090405315 11.9086742668878 ex
4857 2.58702718187124 24.1128057313617 6.21672493661754 ex
4858 2.36025945097208 19.3489964606706 3.04678893135861 ex
4859 16.4793250074144 27.0586659831461 9.03585148556158 ex
4860 2.79766375338659 24.0048357720952 7.71276505244896 ex
4861 4.49906110949814 21.7025581493508 6.71961198817007 ex
4862 13.9000254587736 34.9425503413659 10.3825007972773 ex
4863 13.9333595517091 19.5164614883251 13.6088200397789 ex
4864 5.02800447470509 32.8129711209331 5.88068106397986 ex
4865 3.80822821566835 35.374089482706 7.66488781315275 ex
4866 8.49231794057414 32.3262197582517 1.42421480151825 ex
4867 17.9753755342681 29.9628614075482 16.7234984152019 ex
4868 7.01261159079149 34.890073292423 4.82430231501348 ex
4869 13.3957168180496 30.4055483802222 11.4648232308682 ex
4870 5.06200592312962 31.2446493427269 11.2711994543206 ex
4871 5.53984715882689 32.3304527674336 10.2088771390263 ex
4872 8.53900825651363 24.1668756876606 1.36906081414782 ex
4873 9.77260276977904 29.3068356786389 1.3074627337046 ex
4874 16.1236029372085 18.3676015469246 8.77755667758174 ex
4875 1.16136394487694 28.2610468331259 17.5247525442392 ex
4876 8.74979095347226 26.5064219622873 16.4529574364424 ex
4877 0.182715232251212 27.5571409242693 7.13186796335503 ex
4878 2.12283209105954 19.7416899327654 4.95909736608155 ex
4879 17.2536705471575 24.9555082081351 5.90752638899721 ex
4880 1.02216074662283 22.0485267215408 11.2146258158609 ex
4881 2.87765579135157 21.55861663213 4.41706605418585 ex
4882 16.3665579420049 27.4778296430595 11.8422344527207 ex
4883 1.84172127186321 30.0616532256827 1.08197707612999 ex
4884 0.690157782984897 20.8525938538369 5.91707598255016 ex
4885 13.2000806960277 24.3224825998768 10.046420827508 ex
4886 16.0339344434906 27.7990227956325 14.0356316275429 ex
4887 1.47774905688129 32.7332147865091 4.62680163071491 ex
4888 14.4653598999139 33.9820512239821 15.9227039965335 ex
4889 13.7907143256161 19.1045679294039 16.9587501725182 ex
4890 17.4697825133335 23.2486330256797 11.4805027069524 ex
4891 14.3518402655609 21.9758424367756 13.8577039830852 ex
4892 17.950442945119 29.7162155532278 14.7932187269907 ex
4893 13.7363381243777 18.0489138802513 4.47723692981526 ex
4894 4.30610104696825 31.8675162785221 5.00871532666497 ex
4895 9.65363576961681 18.2383511569351 12.1560862089973 ex
4896 12.9864541778807 31.9204412996769 10.6757434187457 ex
4897 1.73558639734983 30.6709360308014 2.70239976374432 ex
4898 10.7206338988617 26.9833845370449 6.95120647270232 ex
4899 5.97658559191041 24.9798717962112 1.65990216634236 ex
4900 13.1990789533593 25.9907198096626 12.4459763232153 ex
4901 5.06021383940242 31.988910964923 17.2004193910398 ex
4902 8.84489648370072 32.7390118120238 6.10634532570839 ex
4903 6.08402763167396 20.604102633195 15.6038562140893 ex
4904 6.58205803809687 33.947898803046 15.9875217522494 ex
4905 10.8896802922245 20.8288513678126 4.32987173669972 ex
4906 16.4458889213856 30.3111398734618 13.7131824514363 ex
4907 6.7553632708732 34.8566446518525 7.49306081677787 ex
4908 9.92649112362415 34.3287255782634 1.86571675282903 ex
4909 8.22506125783548 30.305263024522 8.48847595904954 ex
4910 0.00240440620109439 24.1993237703573 14.2694819536991 ex
4911 5.29034814750776 33.8446286264807 15.830707508605 ex
4912 9.74936674744822 19.8159377742559 17.5117969431449 ex
4913 17.7605324150063 18.2783267102204 3.49568579369225 ex
4914 8.96634314348921 18.7206071510445 12.0623124174308 ex
4915 11.1401239794213 28.405025804881 16.1482668197714 ex
4916 16.7830316496547 31.072208060883 2.84072352503426 ex
4917 10.1400101806503 34.0097376958001 13.3716803283896 ex
4918 5.84586515184492 32.5049859504215 13.4250838786829 ex
4919 9.62273990083486 32.1889906846918 3.57091222982854 ex
4920 7.02792062191293 19.9528041509911 0.677732552634552 ex
4921 1.1871328225825 23.6949321529828 3.04163094540127 ex
4922 10.9406974043231 28.5226233280264 15.9502438365016 ex
4923 17.399673478445 21.622040967457 15.3828886661213 ex
4924 10.2259159805253 21.8109681371134 2.47810333501548 ex
4925 10.3105062704999 27.1236305648927 2.60800053179264 ex
4926 1.41397964092903 29.1208043047227 11.045638684649 ex
4927 1.81291193771176 24.406693758443 8.52911466360092 ex
4928 1.49228235753253 31.7490580847953 10.728405039059 ex
4929 11.9122746780049 28.7292016600259 10.6247138832696 ex
4930 0.466568228555843 32.3257461143658 9.83505555940792 ex
4931 9.57946263346821 27.6835915821139 1.51967107341625 ex
4932 14.3146239381749 33.8176721266937 13.7538064171094 ex
4933 6.57763133337721 27.8245796456467 0.2642759506125 ex
4934 6.06113048805855 19.1857744085137 3.62631604471244 ex
4935 13.6708549489267 24.879432954127 4.44989083148539 ex
4936 13.5414521556813 35.9812077078968 15.7363941154908 ex
4937 6.7511342454236 29.1943736153189 15.7505365947727 ex
4938 14.1646250919439 31.5295861631166 7.4758676791098 ex
4939 11.8793061953038 33.2491274988279 17.4426841430832 ex
4940 13.750294476049 21.3379174354486 0.902511585736647 ex
4941 5.88058547745459 33.2879705927335 4.77470906311646 ex
4942 17.2610734358896 24.3783591412939 7.55459705507383 ex
4943 11.5159180550836 29.9409711745102 2.45643648155965 ex
4944 11.2840516758151 28.3724009785801 13.4953101456631 ex
4945 10.9928894352634 29.7283485629596 6.03261944488622 ex
4946 7.32567682280205 29.7005242155865 8.14613034995273 ex
4947 13.2539103627205 29.6208880539052 11.3475402023178 ex
4948 17.850555495359 33.9014708944596 4.27993219019845 ex
4949 4.46741463872604 26.9063576997723 7.18004536326043 ex
4950 15.2314313272946 34.2048468962312 4.38497396861203 ex
4951 13.1792478300631 18.5964749157429 8.81145026884042 ex
4952 7.42160918470472 20.2337162420154 2.47834772337228 ex
4953 6.0341587793082 20.0868318718858 9.97206165664829 ex
4954 0.510183406993747 25.4524446041323 5.64122363529168 ex
4955 5.4914548730012 33.2523773263674 13.4822241256479 ex
4956 9.96145487041213 32.2504506178666 11.725111650303 ex
4957 13.9762270152569 35.9582320903428 10.6003666915931 ex
4958 7.53703295532614 26.9999546848703 10.7811960321851 ex
4959 6.92517149634659 30.4416922524106 13.5669729656074 ex
4960 15.4428673917428 29.486508653732 0.0711931153200567 ex
4961 2.79112688242458 35.3424394258764 8.92404505354352 ex
4962 5.68783927988261 34.278229479678 9.75609792978503 ex
4963 13.0189848616719 18.9719569801819 6.2528058309108 ex
4964 3.05510772508569 35.0770641618874 0.722989172441885 ex
4965 4.51952126459219 30.9878631313331 17.6069616843015 ex
4966 12.4328911053017 30.5584993090015 2.62998850410804 ex
4967 12.4114026862662 30.4328294103034 17.7400764247868 ex
4968 12.0841047656722 26.233408056898 6.52455519628711 ex
4969 13.0472309084143 19.1072263794485 11.1270760814659 ex
4970 17.5394741708878 29.5788616118953 3.77924058656208 ex
4971 9.92561246291734 29.2032389782835 15.9833668500651 ex
4972 5.68321099271998 20.6311816140078 4.03860200708732 ex
4973 6.59739619237371 25.1067821139004 1.09138401551172 ex
4974 16.0138999936171 35.089521486545 8.21069153933786 ex
4975 1.89034876460209 25.4093341245316 10.6364294819068 ex
4976 15.4472955525853 33.2259502809029 6.03776434832253 ex
4977 8.53265784704126 26.1564709355589 11.230864778161 ex
4978 14.2692901478149 25.7107560744043 2.6207094641868 ex
4979 5.57835297170095 28.180439514108 14.8864111616276 ex
4980 5.31705389521085 31.0001863904763 8.9448681732174 ex
4981 3.31919688242488 35.7965085362084 6.51566966949031 ex
4982 5.20712657831609 30.9542533797212 3.27515752566978 ex
4983 2.17615559557453 32.9223209456541 5.71137647284195 ex
4984 4.08484797226265 31.4989905545954 12.8766850554384 ex
4985 10.1816875482909 34.5855431966484 11.8650754259434 ex
4986 4.70546064851806 32.5731953845825 13.1216351112816 ex
4987 1.1293991447892 21.6391303311102 10.3668369983789 ex
4988 3.05316033726558 33.4619870639872 9.43876140890643 ex
4989 16.8240221377928 29.3921590445098 12.265878695529 ex
4990 12.2405110835098 32.1817355721723 3.79573981720023 ex
4991 17.4613839548547 24.3372504436411 10.5824855070096 ex
4992 6.79879116266966 30.9978834169451 11.5559970324393 ex
4993 13.9022849025205 28.6851627207361 1.48079636134207 ex
4994 15.9257625963073 21.8272695180494 15.2547434365842 ex
4995 8.64749551285058 21.1909964708611 11.5990838008001 ex
4996 8.01173955551349 19.4060915589798 17.9423124918249 ex
4997 0.506851710844785 35.5380326367449 2.1890034917742 ex
4998 10.6599011900835 26.3038435871713 14.1567202510778 ex
4999 0.166360332630575 21.702552647097 10.4183647697791 ex
5000 9.45891582220793 30.8841577346902 15.8938490520231 ex

