# 5000 of 40000
# Minimum x: 0
# Minimum y: 0
# Minimum z: 0
# Maximum x: 36
# Maximum y: 36
# Maximum z: 36
# <local id> <pos x> <pos y> <pos z> <type>
# Number of local subdomains: 1
# Local subdomain 0 boundaries (18, -0, -0) - (36, 18, 18)
1 28.6718066688627 14.7815367917065 10.292306978954 ex
2 33.7930345605128 1.97977194958366 5.43205101811327 ex
3 21.4185744314454 3.10436605662107 12.8831917771604 ex
4 21.0179316974245 4.41181158879772 2.78106914251111 ex
5 32.5151176028885 2.22060893382877 10.9898673684802 ex
6 33.4024316773284 7.37545789638534 11.3258154939394 ex
7 28.26686446229 0.935678687412292 7.77741831331514 ex
8 35.3691240760963 14.7745175205637 5.45530495932326 ex
9 24.7311318742577 6.4136882990133 0.661176263121888 ex
10 28.2510352304671 10.7525118526537 15.4222517129965 ex
11 30.3764094915241 4.86409179284237 10.0344670941122 ex
12 24.4099008569028 8.19933794438839 10.9893230025191 ex
13 18.1422174903564 3.77151498640887 1.03595484117977 ex
14 34.5332991962787 12.5114178545773 2.75736467726529 ex
15 32.9295376345981 12.12727562082 0.559069902636111 ex
16 35.20197655214 14.8406219135504 0.652153034228832 ex
17 33.0679820349906 4.7440880886279 8.71325838356279 ex
18 35.1733253127895 11.625301399501 1.61480482458137 ex
19 34.6736704499926 11.9515380184166 14.2753643430769 ex
20 26.940157355275 13.0608935514465 9.94472306291573 ex
21 33.2346186263021 17.2592397686094 13.3759988592938 ex
22 34.4201926928945 8.46141967317089 16.5918160174042 ex
23 28.0559424036182 12.8082419694401 14.1795324755367 ex
24 34.7646585605107 5.68842139397748 14.2578226062469 ex
25 35.964209278347 12.5370311597362 8.97313157259487 ex
26 30.7744211768731 8.74375790520571 11.5084116728976 ex
27 35.1443900121376 1.70240545528941 5.710555952508 ex
28 35.7254665673245 1.86299017025158 11.894584109541 ex
29 18.7843691199087 15.4445263927337 16.3652556377929 ex
30 30.8492944219615 1.66640330501832 1.82839870243333 ex
31 19.0771974676754 11.9406607681885 3.48154456191696 ex
32 26.8251554463059 8.1149498091545 9.85112886410207 ex
33 28.1394291231409 13.9914839665871 15.3333833580837 ex
34 25.2558210971765 8.39601428690366 17.5079691528808 ex
35 28.7534233217593 2.9812494921498 17.9023973303847 ex
36 34.2977634142153 8.92748494981788 7.33095585461706 ex
37 34.7034446671605 6.2379734069109 0.76322110183537 ex
38 22.3779394982848 13.1099321320653 9.31488828081638 ex
39 19.0909716971219 0.188381249085069 9.84943625633605 ex
40 20.1751594347879 9.43046854576096 8.19035572535358 ex
41 28.5592793063261 10.6129549283069 4.60222974838689 ex
42 31.8647055269685 13.1123825898394 0.99367535347119 ex
43 33.3574385482352 7.75805507414043 6.34727978636511 ex
44 35.6409658766352 12.9207737401593 1.76396074378863 ex
45 35.0213449131697 17.1408879088704 7.38600027840585 ex
46 28.123932772316 11.133880240377 6.10779436212033 ex
47 21.4666262895335 10.6631396571174 12.7590771573596 ex
48 19.1859465884045 7.38076332444325 0.18010030197911 ex
49 35.7558133997954 5.1250037564896 12.3807028951123 ex
50 26.877820929978 16.8154157837853 3.58594711055048 ex
51 22.2330766960513 4.22697130963206 13.0696732301731 ex
52 19.8088695001788 3.19007873698138 2.23313385224901 ex
53 27.1163618178107 10.7855997367296 17.0921017297078 ex
54 25.530362654943 9.48735813307576 0.166612810688093 ex
55 20.1345802401192 9.09307496622205 12.1477139671333 ex
56 27.8293838035315 14.0728697213344 1.88663429534063 ex
57 26.4721639836207 3.97911837138236 6.68995114648715 ex
58 24.5554470508359 12.5514388892334 17.1744580520317 ex
59 30.8511094697751 5.90076823462732 4.24570387927815 ex
60 23.1781261146534 12.241288987454 0.316031865542755 ex
61 31.4397322009318 13.3222624375485 3.52881425828673 ex
62 28.0595823444892 17.3460351226386 8.91110795433633 ex
63 24.8863832151983 10.9501815116964 13.1225930703804 ex
64 22.072857740568 13.0993343282025 11.6736497874372 ex
65 21.2396335231606 7.15161960176192 3.72506259940565 ex
66 33.6104984453414 9.1219969256781 13.381029228447 ex
67 22.8715846037958 0.649024365469813 9.85065730754286 ex
68 28.8255108930171 3.73535487381741 15.9599209511653 ex
69 18.1385106684174 17.9789079667535 12.52688222914 ex
70 28.7168936477974 9.34082257072441 6.51726728747599 ex
71 24.1669227345847 4.9590147479903 17.6732882107608 ex
72 20.8332711081021 0.767567194532603 16.9076234144159 ex
73 31.3190733727533 8.33343632356264 8.36301400768571 ex
74 28.7432601782493 0.131730464287102 10.9864992266521 ex
75 25.1813128171489 9.59604083630256 7.36062279692851 ex
76 24.6656508212909 8.83176298509352 15.4195963984821 ex
77 29.1176086298656 4.43911493080668 1.08434795332141 ex
78 34.7948422527406 10.5164850857109 10.2803263943642 ex
79 20.6330944292713 13.6934399087913 16.5037531133275 ex
80 31.7750416530762 10.2867974103428 16.9977065182757 ex
81 25.822863465175 10.8708671315107 14.79065105482 ex
82 26.5050666264724 2.89426769712009 0.672469763318077 ex
83 34.4888268935028 4.76819036947563 2.63363114837557 ex
84 33.0599713318516 13.5696016915608 5.06024486524984 ex
85 20.5386250191368 4.3965748893097 5.63181736203842 ex
86 27.3011645488441 14.8777724741958 12.6522280252539 ex
87 22.7466140945908 5.94539054739289 16.6836911595892 ex
88 28.7644741106778 16.6127131755929 2.70431817881763 ex
89 29.9772621963639 10.9184594836552 15.565985456109 ex
90 20.8392670950852 17.8361476263963 14.1346495936159 ex
91 25.1353545845486 2.2789109160658 15.0848925830796 ex
92 31.684933538083 17.0506431588437 10.7808580326382 ex
93 29.2590757925063 17.8031302476302 8.29037464014255 ex
94 21.7786859038752 14.1301587098278 12.7039942434058 ex
95 18.7195616876706 7.30256620468572 8.38042791094631 ex
96 18.0395466173068 6.11027828743681 3.69817864475772 ex
97 31.530498722801 14.9186686866451 12.872804928571 ex
98 22.291753225727 17.5313292550854 3.46375128393993 ex
99 28.6739734206349 11.0418111176696 0.239648080896586 ex
100 25.6796747429762 15.4917718989309 1.51921686413698 ex
101 33.337997196475 15.6492843255401 7.61326190410182 ex
102 32.8056512295734 1.61297174333595 4.83992143347859 ex
103 34.2501133487094 0.20342499925755 5.81456186505966 ex
104 21.7085385778919 2.30213966174051 1.89691748446785 ex
105 30.9531401339918 1.10723776021041 9.46938236383721 ex
106 18.361206151545 16.9822713918984 4.33469196339138 ex
107 21.8232440648135 17.9114898983389 12.6461038487032 ex
108 31.7102866342757 3.03258238686249 17.7483835862949 ex
109 34.2887887635734 9.52382794115692 13.5856959230732 ex
110 26.3325159563683 5.78198942914605 14.5522428888362 ex
111 27.6652408887167 15.1849385383539 7.51410051807761 ex
112 30.6410339206923 15.8162638372742 14.742573346477 ex
113 27.4144909838215 7.25780184031464 14.6827470108401 ex
114 31.1283250867855 6.77689268370159 10.3440161794424 ex
115 35.8283354826272 8.71493507595733 9.51638306630775 ex
116 33.8873626252171 9.28501505125314 5.8798238565214 ex
117 26.5729600817431 12.8140581101179 16.3489033265505 ex
118 18.4106768707279 15.7799464138225 11.0180602611508 ex
119 35.2790413703769 12.8861913178116 17.6209286141675 ex
120 34.2381981618237 17.8028748731595 6.57107818918303 ex
121 18.3375530776102 16.7950168643147 8.64179993257858 ex
122 27.6907398034818 5.27935118181631 2.77227021451108 ex
123 22.3912235822063 14.4774702321738 2.64856226718985 ex
124 22.1307382066734 3.21210584393702 10.018925626995 ex
125 29.5908198824618 4.27754813968204 4.59910107427277 ex
126 21.600270235911 4.2794961722102 12.6376568928827 ex
127 33.5415578521788 10.3068583097775 1.47998277633451 ex
128 18.3930308653507 1.49153722985648 17.0835053757764 ex
129 19.3090712914709 17.8255010161083 2.05218131700531 ex
130 21.3398237193469 2.01377228694037 8.09304896229878 ex
131 34.453729017172 15.9358263991307 2.49453696538694 ex
132 27.0869323536754 7.30295623163693 15.5861535510048 ex
133 25.9564983183518 10.2068101582117 11.2967886372935 ex
134 20.1970119087491 7.832908825716 8.87493855087087 ex
135 24.3607515022159 16.6145140579902 9.28955392027274 ex
136 30.8356689889915 2.32273396733217 9.00005419552326 ex
137 20.8639650680125 10.9869493101723 14.2722379881889 ex
138 23.4402649181429 16.8957883764524 12.87634578906 ex
139 31.5429127253592 3.75589192216285 13.2495561020914 ex
140 33.7074971285183 6.12433350994252 15.0780743120704 ex
141 22.6871049343608 17.5824153556023 8.93461907561868 ex
142 35.9923638997134 2.36583738471381 5.73453288758174 ex
143 29.6198966272641 0.807307945564389 10.8268125413451 ex
144 22.0059700822458 10.0844949535094 4.99440840026364 ex
145 22.654943959089 9.00215315446258 0.881902873748913 ex
146 23.628491552081 4.08055256260559 12.8386416833382 ex
147 24.5645185809117 17.2289367443882 12.6919240581337 ex
148 18.042703617597 16.1232000694145 1.45966965891421 ex
149 25.3800444577355 1.19180724886246 16.4906809909735 ex
150 24.5653490053955 16.5949170398526 17.5971098570153 ex
151 32.9357261331752 6.18627193407156 4.67771309730597 ex
152 29.4795937566087 9.74464579904452 0.365529853384942 ex
153 22.5826657733414 1.44084923132323 14.2397245448083 ex
154 32.0148507936392 7.51484874961898 9.1819880255498 ex
155 21.8692475515418 4.92891711252742 4.42887115478516 ex
156 34.0467086364515 11.6045543176588 9.36051850346848 ex
157 32.5241595197003 4.0272221704945 1.03694984363392 ex
158 30.4977938048542 10.9297277920414 11.192205394851 ex
159 34.3820209272671 9.9111396826338 7.10708565404639 ex
160 29.3407988967374 11.1259880480357 2.72564498893917 ex
161 20.2054758905433 15.4935240477789 13.1433221301995 ex
162 31.3149790046737 13.9995380300097 14.4878405581694 ex
163 32.8683912809938 12.4350490926299 9.84103488130495 ex
164 18.6590269175358 9.51851285411976 17.9951315650251 ex
165 29.8860178168397 8.81248457566835 12.1737217861228 ex
166 20.3538807649165 11.3086329216603 7.96623592241667 ex
167 34.3271847483702 0.998032193165272 9.61821754649282 ex
168 32.043076670263 12.7421739336569 11.2056767661124 ex
169 22.7678599641658 2.37058024434373 15.1852616583928 ex
170 30.993439067388 17.3142418521456 2.36839939909987 ex
171 35.535452500917 16.7755767633207 11.5620953454636 ex
172 30.9844235188793 7.19128626096062 13.7809498587158 ex
173 32.5771999093704 16.9174879866187 2.1656019827351 ex
174 30.978468576679 3.25686432980001 9.23007322847843 ex
175 28.0128896392416 4.27723084529862 3.27469154447317 ex
176 31.3902405567933 12.38804853498 17.7604694650508 ex
177 22.3724600176793 14.6745735292789 12.6475184017327 ex
178 31.8870890417602 8.44022222352214 2.08642956032418 ex
179 22.4776054674294 13.0388502818532 8.92228056048043 ex
180 32.0436331371311 17.8375618213322 7.45391355222091 ex
181 22.9618827993982 5.42638712376356 0.458758499473333 ex
182 23.5722734343726 6.57197264931165 1.05773943918757 ex
183 33.9194568265229 16.1284363297746 3.78757211146876 ex
184 27.1069795899093 16.3745972684119 8.84301119041629 ex
185 35.0442596056964 5.33209450496361 6.07826460665092 ex
186 23.2683482028078 17.5859751738608 9.19498323276639 ex
187 34.8485374161974 1.40527307172306 0.513131121173501 ex
188 24.5522273175884 1.78266574419104 14.3541493972298 ex
189 29.8519229935482 16.4324692625087 15.7728864850942 ex
190 19.5835412314627 10.8029998757411 10.4724316999782 ex
191 27.2278336600866 8.19660203671083 1.7787440828979 ex
192 29.5544624936301 9.76184346037917 9.16039397916757 ex
193 20.8013450913131 2.13067217473872 10.9882080936804 ex
194 25.3499515971635 11.048700182233 2.37269308557734 ex
195 28.6946152534802 9.89892522222362 10.9729832997546 ex
196 20.6877385941334 9.35986196366139 7.8134457829874 ex
197 32.82381407707 15.7872263761237 16.3691638284363 ex
198 30.5844747626688 4.22653124667704 14.984723561909 ex
199 31.2773887391668 1.22630235902034 9.1088380406145 ex
200 29.2590206821915 3.80996342981234 12.5912020506803 ex
201 33.264828487765 15.1739706587978 3.03417737060227 ex
202 22.0497205373831 5.53749207546934 10.3099778005853 ex
203 35.1029100371525 15.9476008510683 3.01793942088261 ex
204 28.4078133902512 4.50994873675518 16.2485932905693 ex
205 21.957477529766 0.937000210629776 3.44225988793187 ex
206 34.5374299038667 6.68161692260765 14.3431316788774 ex
207 28.0416385114659 0.159791244892403 11.623477795627 ex
208 24.695004561916 12.1582514827605 4.58123045088723 ex
209 27.7655079185497 4.0615448015742 7.08423531264998 ex
210 23.739381602034 14.0857310569845 16.8054617077578 ex
211 33.7019109297544 10.5672645540908 9.99933202844113 ex
212 35.8965941304341 13.5123044487555 17.9894539169036 ex
213 30.6611625924706 1.22000424703583 3.28999194246717 ex
214 21.8310899247881 0.0852124472148716 13.9696103183087 ex
215 26.1302558451425 6.16830119653605 0.329062150325626 ex
216 32.80801017466 6.1647149878554 8.18014596495777 ex
217 19.1134471576661 17.5963980692904 3.91448303265497 ex
218 19.3005165697541 6.85837631393224 13.5190257655922 ex
219 27.5752449498978 11.1836832670961 2.07964573125355 ex
220 19.7777875773609 10.6662488416769 6.63945615501143 ex
221 28.9555684481747 17.7383923246525 7.52839029417373 ex
222 31.4596140696667 6.94074001396075 15.686698589474 ex
223 28.4645874171983 10.6479761882219 2.75965698738582 ex
224 26.0521196871996 16.2287828235421 13.4412023038603 ex
225 33.8285569027066 6.8529447412584 11.6993001322262 ex
226 19.9737593359314 16.8988211869728 10.6167764482088 ex
227 20.7192340495531 5.12559936125763 6.12907184124924 ex
228 20.4980456689373 2.01497147139162 1.39853794244118 ex
229 25.6019475741778 9.25166697567329 15.5719133417588 ex
230 20.7575230111834 6.62063213298097 9.53663818351924 ex
231 18.2450217618607 16.950352732325 2.10739289666526 ex
232 31.6409906789195 15.6786807172466 7.37848637835123 ex
233 25.5238785149995 1.66900798073038 17.7554678814486 ex
234 33.6404566352721 10.189742101822 15.2579837152734 ex
235 33.6149118391331 11.0071581539232 9.58271909691393 ex
236 30.0957340693567 4.17451820708811 17.4235360231251 ex
237 27.5710911310744 0.168154512532055 11.7526348440442 ex
238 28.9328628575895 15.8872393022757 8.26352522638626 ex
239 34.3509514667094 4.74568098899908 12.1810636208393 ex
240 20.389452271862 2.61981329089031 15.7957613130566 ex
241 34.0519021588843 14.5705686416477 12.7739140768535 ex
242 20.8300751647912 14.4722004646901 5.7765682511963 ex
243 18.0552773049567 2.74900486716069 7.35161987552419 ex
244 32.3706652903929 17.985231883591 13.5419186134823 ex
245 31.2825574765448 12.7204617157113 3.02417647023685 ex
246 25.1514819781296 15.395586848259 12.8037956319749 ex
247 26.8431993285194 8.5402111124713 10.3606460881419 ex
248 33.766259519849 12.2037287571002 10.7908183694817 ex
249 21.764539509546 15.3564590923488 11.1459000224713 ex
250 34.3770758910105 1.57079037977383 17.2316829802003 ex
251 32.4121819168795 11.8261848664843 2.91217583161779 ex
252 24.5807110148016 12.897161930101 11.3118637024891 ex
253 18.0412779424805 14.2955271494575 16.4554586920422 ex
254 27.0506883310154 0.21689464780502 3.52123472001404 ex
255 23.8778795811813 6.94908952224068 2.16053595487028 ex
256 23.364599673776 4.61012128950097 9.79926341306418 ex
257 22.0757895379793 15.474062861409 2.83156944229268 ex
258 30.155631320551 16.5656344639137 9.4420288442634 ex
259 19.1683555489872 12.2474458678626 14.2364603448659 ex
260 25.0141927632503 1.76449249708094 3.21142154745758 ex
261 30.7336350723635 11.6773459652904 7.31892702681944 ex
262 24.5337822856382 14.5938525462989 8.62260094005615 ex
263 31.7048446510453 8.80022858874872 15.6323988300283 ex
264 24.2062754053622 5.14808736043051 17.3731110228691 ex
265 18.2341347343754 13.5409880876541 0.139249288477004 ex
266 34.0178669292945 9.83185693970881 8.9979863029439 ex
267 23.329419902293 13.7767328191549 17.5502042367589 ex
268 31.2918037711643 0.338211266789585 4.88564871484414 ex
269 27.1932011416648 11.6814734449144 10.8769962049555 ex
270 19.448834000621 9.108597477898 11.3824247512966 ex
271 32.2700843990315 5.77357762330212 10.4995096521452 ex
272 33.994437625166 2.93713447963819 11.110171129927 ex
273 25.388973060064 4.55309914634563 3.40223174821585 ex
274 34.608886758564 15.7769585081842 17.8093120886479 ex
275 29.705013428349 14.4750696574338 14.5595965103712 ex
276 24.6859307205305 9.44063779735006 7.43013147031888 ex
277 24.4388466512319 4.43234644876793 16.7576646271627 ex
278 19.48591786623 3.86272359825671 14.8867187963333 ex
279 28.5001387724187 10.149141518632 9.44935776316561 ex
280 30.0939003364183 4.32040078891441 8.0937697191257 ex
281 21.6549053222407 15.999491913477 5.23625902109779 ex
282 35.5253166300245 15.3571405545808 5.80793788656592 ex
283 28.1358908128459 7.22850689897314 9.35004739230499 ex
284 29.0445871672127 1.21553692105226 7.42922182707116 ex
285 28.5322925779037 16.6495407181792 10.0356799049769 ex
286 27.3145963407587 14.4371121500153 4.15482783154584 ex
287 33.9753551909234 11.6286006253213 14.9932309566066 ex
288 31.9774419073947 14.1574989156798 3.15679214359261 ex
289 26.301690577995 14.6621163554955 3.00301878130995 ex
290 34.147716275882 2.08434190880507 15.4351181483362 ex
291 30.8494240292348 4.0238886536099 2.03413358121179 ex
292 24.9880414260551 16.3207824041601 3.91284945746884 ex
293 22.5370203228667 15.8963919645175 10.0668532475829 ex
294 22.8851084399503 15.4083665348589 15.4788301680237 ex
295 28.3549955850467 8.15250976197422 14.6163039254025 ex
296 34.6379245938733 3.45644961646758 4.37420506193303 ex
297 31.9443056653254 6.47142629837617 2.08783555100672 ex
298 27.6124210515991 1.29901345958933 11.0643338446971 ex
299 25.0513947142754 2.2548993374221 16.0707005439326 ex
300 23.2990295034833 14.6195012812968 13.4435128744226 ex
301 21.0479988467414 11.2187263900414 12.1739097337704 ex
302 25.7844362275209 8.12525202310644 8.65131665952504 ex
303 22.9523672014475 5.59969573863782 3.85226078517735 ex
304 24.550402629422 11.9550595474429 15.1391240945086 ex
305 19.6661220842507 12.4385727008339 10.5289888456464 ex
306 27.1661731207278 11.2035403572954 0.697867141105235 ex
307 27.831905212719 15.2005496593192 15.9417916878592 ex
308 32.5908115985803 2.1722714244388 3.51755249407142 ex
309 18.9410209488124 5.43433877080679 4.60919073806144 ex
310 31.1459658292588 6.69783888175152 5.33121067308821 ex
311 21.9364477335475 16.9673248655163 9.99106083298102 ex
312 34.0218227009755 6.56706719752401 9.10016874107532 ex
313 18.5709023158997 16.4579574964009 16.5061209588312 ex
314 18.9891713510733 17.5073498976417 1.33137059002183 ex
315 27.1170726334676 8.30809689033777 5.91337804030627 ex
316 24.5816671687644 17.9699379131198 10.6101855267771 ex
317 18.7244315445423 11.4147948678583 2.99144801939838 ex
318 35.7550142323598 14.8978505267296 7.10328743583523 ex
319 35.4534442180302 5.87745202914812 0.403180588968098 ex
320 31.8263156688772 2.4298140227329 1.21498917951249 ex
321 25.21217283234 5.72006790805608 17.4616387595888 ex
322 31.0082184774801 7.2478585219942 16.4363258311059 ex
323 31.2445964536164 6.02236971072853 8.86926713795401 ex
324 35.5681354750413 4.84109142725356 17.7856551264413 ex
325 28.9408844697755 16.6770894632209 4.04573102644645 ex
326 29.8379040283617 2.75613505765796 2.88031953270547 ex
327 31.6641386041883 11.3128979932517 0.739766928600147 ex
328 24.9645846784115 9.81341979606077 10.7686846321449 ex
329 21.2811105330475 17.1170081209857 13.0034904908389 ex
330 34.041268699104 10.4721205360256 8.58496940415353 ex
331 28.6077969451435 16.6766631868668 16.5329719644506 ex
332 28.3288813622203 14.9888496533968 12.8383442328777 ex
333 26.1538144745864 16.9813873847015 2.41515006963164 ex
334 22.5219596426468 15.4736611479893 16.3235930665396 ex
335 18.7632024739869 6.64533070684411 10.3326129412744 ex
336 33.339982090285 7.31021142681129 9.68751502828673 ex
337 33.1076618237421 17.6413290209603 4.44606821006164 ex
338 29.658845659811 15.1574203670025 2.64139814418741 ex
339 26.4328906245064 11.6093146163039 2.71663314639591 ex
340 20.3324561396148 11.466252643615 5.63257817411795 ex
341 33.3076543884818 1.52145863627084 1.14168143295683 ex
342 32.5539500592276 6.95935125951655 1.23640311229974 ex
343 29.050989277428 10.6388282231055 8.68274704087526 ex
344 19.6945920018479 8.45919382153079 11.7332709329203 ex
345 31.7821569312364 3.97223674529232 1.21702858200297 ex
346 30.0956079727039 10.1607430628501 15.3777570107486 ex
347 25.335188817 10.5137160827871 6.50763530982658 ex
348 32.5992169594392 6.39711377304047 16.9247686285526 ex
349 23.4113182760775 1.26351172477007 11.2085102919955 ex
350 27.8768115655985 1.04732833988965 14.6956363508943 ex
351 35.9129338078201 6.22636811854318 15.3798835866619 ex
352 34.5517650165129 16.7234761894215 6.50958374585025 ex
353 31.914450440323 17.85562468227 0.700323005206883 ex
354 29.2663707206957 17.4103358401917 15.6701498092152 ex
355 23.2008111870382 4.64902434288524 6.65070937015116 ex
356 28.8504091342911 4.0514040121343 13.4640175264794 ex
357 34.6884465350304 0.647866637911648 3.47364359768108 ex
358 34.3847197219729 0.464588948292658 7.74717190209776 ex
359 20.5994705001358 8.15356748574413 4.52373793721199 ex
360 34.7523526693694 1.4196320886258 16.8381431461312 ex
361 22.9611530634575 17.6207507003564 5.17834527953528 ex
362 27.4457573231775 3.88923797523603 15.1669566542841 ex
363 22.5122557110153 4.20811854046769 10.0783064384013 ex
364 33.6300483283121 1.70122764608823 0.707397029735148 ex
365 24.6994897539262 15.9187086478341 5.32044323254377 ex
366 24.9223805365618 1.0268800763879 17.757517232094 ex
367 35.669497446157 14.4533291247208 3.23659146041609 ex
368 31.6715610199608 10.1517560016364 8.37565379054286 ex
369 26.8046300227288 17.7721644770354 15.4491204235237 ex
370 34.8327558157034 5.97743662679568 6.74817231530324 ex
371 22.6933312718756 4.56808389374055 5.73158252844587 ex
372 29.0335549917072 13.6952015254647 10.0164823979139 ex
373 20.9805416814052 5.4448406000156 8.75977465743199 ex
374 30.2169403207954 5.12221966939978 5.58644632110372 ex
375 19.6852193949744 12.6002302020788 15.9815286854282 ex
376 34.7664144118316 0.462671139510348 10.665041618282 ex
377 18.0528709767386 9.86124648689292 8.8710506351199 ex
378 31.2517402374651 14.0026019457728 15.610507780686 ex
379 18.9346324149519 9.51038198685274 16.6666428647004 ex
380 34.660734008532 4.74332942417823 16.0065947112162 ex
381 23.6742787724361 12.2823885665275 9.4232016322203 ex
382 20.8233937718906 12.6267470300663 4.14770783344284 ex
383 31.7891444331035 6.18384564714506 9.99714884953573 ex
384 24.1323167828377 17.7443430069834 1.2158983903937 ex
385 27.2235207154881 17.5796922012232 16.6384851273615 ex
386 24.2361290412955 2.70762351248413 10.2810077795293 ex
387 24.1197940714192 16.6533355866559 10.0350017319433 ex
388 19.9905897204299 13.0115747365635 0.115992243401706 ex
389 31.526287431363 2.77006406243891 12.3065702414606 ex
390 25.761242331937 12.1641152554657 3.31797697837465 ex
391 25.0063620100264 12.5509600692894 13.8449439664837 ex
392 27.1609927823301 16.6900077527389 9.42462398880161 ex
393 33.2203232785687 13.1164310595486 6.14417356322519 ex
394 22.0447841496207 9.23199990740977 8.38614429556765 ex
395 24.7988780532032 10.4198024237994 7.91379509726539 ex
396 32.2699616779573 1.84140405757353 8.55796935246326 ex
397 19.3144530570135 9.96293574338779 0.546996407909319 ex
398 34.3131208245177 17.2241270099767 4.38061980786733 ex
399 27.9941039758269 13.0206801004242 1.58810228621587 ex
400 26.0952174691483 6.87737518246286 12.6184641355649 ex
401 24.2707555228844 3.17055101972073 8.8745216394309 ex
402 21.8976628549863 12.4917864210438 17.4547394593246 ex
403 25.4226749516092 16.7650131126866 3.04274302488193 ex
404 28.7380616283044 17.7845615041442 10.6868782446254 ex
405 20.5749359987676 5.2828973622527 0.982457292033359 ex
406 31.0721028873231 14.5920138002839 9.48215344990604 ex
407 34.7337360070087 14.0439778014552 17.0178417081479 ex
408 23.7638642075472 2.67743312194943 5.30551957176067 ex
409 24.7927455380559 16.646302038338 11.7646882522386 ex
410 25.0904959940817 1.24621914722957 8.14092237572186 ex
411 25.6518622830044 0.211685967165977 16.4859395627864 ex
412 35.4317611127626 5.18085042736493 2.37605493306182 ex
413 31.6155127678066 13.6733588168863 12.1554413202684 ex
414 29.9698189606424 2.03383725997992 14.1477742756251 ex
415 33.625213510124 10.440083116293 17.5185501123779 ex
416 32.9935805310961 9.05879449215718 5.03221329860389 ex
417 31.4921222485136 12.644829506753 7.97686478449032 ex
418 19.5691440259106 14.4394595241174 4.5328845300246 ex
419 26.6070604592096 13.1701885217335 13.5136777074076 ex
420 25.2974917050451 10.8993025023956 3.11343569797464 ex
421 30.3579763511661 6.96824825159274 12.5011010221206 ex
422 27.782204803545 11.261735009728 8.19125696877018 ex
423 18.1854324154556 10.9387096010614 2.09967453288846 ex
424 29.0765463400166 3.04293055459857 14.2876068649348 ex
425 31.3500175685622 7.03684393013828 9.93046766170301 ex
426 25.1728026934434 14.1973488251679 11.6828995724209 ex
427 33.2432506203186 9.38952391524799 11.3658983027562 ex
428 25.3061791427899 13.1349081897642 2.51020746352151 ex
429 22.4997159128543 0.824011675547808 17.8155393500347 ex
430 32.424698936753 13.4068129975349 5.19229400530457 ex
431 31.8883537829388 5.50560040725395 7.26041699596681 ex
432 18.8607043675147 11.8723711110651 8.39250811818056 ex
433 35.7252975285519 12.6997476918623 9.3006890534889 ex
434 32.1809547764715 10.6908902616706 2.14294835389592 ex
435 23.5700205275789 8.95277650700882 17.4601114185061 ex
436 26.1368737567682 7.71498082159087 11.3513535575476 ex
437 28.2240528403781 11.738982377341 3.62281837244518 ex
438 21.6058372261468 10.068982490804 7.9919439626392 ex
439 30.9964612133335 11.4228470630478 13.5982957629021 ex
440 28.8502625478432 9.71981300786138 9.55385366384871 ex
441 18.4351937866304 3.45540232863277 2.45719630387612 ex
442 27.237430368783 5.81930368486792 14.8214429460932 ex
443 26.1808820785955 10.6709033783991 7.72140294825658 ex
444 27.1794414790347 5.36518141557463 4.19147900678217 ex
445 34.9370180985425 0.251438469160348 4.72403451078571 ex
446 19.2080097582657 2.02430189098231 1.45549228787422 ex
447 23.6387849217281 0.663525687763467 17.4515027028974 ex
448 31.6583814830519 4.87701635970734 15.8126179676037 ex
449 20.620821652934 0.129211618797854 5.27543845400214 ex
450 31.9031580297742 15.9702425724827 15.7636436149478 ex
451 31.0631913335528 5.26453724270687 10.6560878672171 ex
452 18.3160122933332 4.21486082626507 9.94199694972485 ex
453 34.5770903099328 1.54252980835736 5.96284552896395 ex
454 21.5120283623692 1.08072670176625 7.93737830757163 ex
455 29.809583687922 10.8098715867382 7.30122626386583 ex
456 30.587430128362 11.2768462868407 6.51684289425611 ex
457 29.835612915922 7.7151902820915 10.9116724017076 ex
458 24.2882329595741 1.90038158046082 13.7242986988276 ex
459 20.0125798829831 14.9931319949683 2.60854166722856 ex
460 33.1428772315849 17.2284756011795 11.0116549436934 ex
461 27.9775904458947 2.00669983844273 4.19720542244613 ex
462 28.9867902989499 5.06529028457589 5.97772442013957 ex
463 24.1829477576539 4.74835751159117 2.38065399648622 ex
464 26.5836535634007 11.7957700062543 3.46792482654564 ex
465 33.8070147694089 12.1598366822582 6.91693487786688 ex
466 26.3362810614053 13.8701773909852 6.45063856081106 ex
467 25.8674995938782 11.388215754414 5.37709796288982 ex
468 21.4113749228418 6.67897665826604 7.35750156571157 ex
469 18.5622125801165 7.23973508668132 13.3093418043572 ex
470 25.7631664834917 3.58951560291462 12.4793929797597 ex
471 19.6234260580968 17.697459397139 5.17240784899332 ex
472 30.0494194631465 15.9286916344427 0.96082577155903 ex
473 34.8117543689441 11.7669924038928 0.264768672641367 ex
474 29.8527548499405 12.7714918279089 17.5919687417336 ex
475 29.8911452996545 15.7027013578918 13.7298859374132 ex
476 22.0927130926866 2.12204173509963 2.1398573985789 ex
477 27.7105655684136 7.57379232533276 7.09128366969526 ex
478 29.3180152301211 9.28937641275115 14.7255735448562 ex
479 35.5450594038703 3.85280203958973 5.01931143831462 ex
480 27.3386834987905 7.66207628790289 13.6870337720029 ex
481 34.2058555497788 12.7502063326538 9.03835229366086 ex
482 22.6272558527999 17.3720386768691 15.6328026351985 ex
483 34.0254481118172 14.6222629055846 14.4085988921579 ex
484 24.7648198849056 0.401302187470719 7.6808601343073 ex
485 18.55323908641 6.26530252443627 16.2461558319628 ex
486 21.5397822777741 9.37024488067254 8.17181207588874 ex
487 21.4680207192432 15.5918304608203 14.2975288957823 ex
488 35.353612768231 2.8511568820104 2.39371663611382 ex
489 25.7984229305293 4.22894505225122 13.4468571785837 ex
490 24.8380236001685 2.35559896682389 6.30109322210774 ex
491 32.5239203532692 17.7245784639381 0.895300871692598 ex
492 26.3795236044098 5.03145275404677 12.4813700143714 ex
493 32.9364797899034 17.6976517320145 14.2335189541336 ex
494 20.4641177835874 9.45119763305411 3.56814551749267 ex
495 21.3027847993653 11.2563044398557 16.6452598345932 ex
496 33.1357410915662 8.50021956418641 8.8171739068348 ex
497 35.5979055915959 17.837462863652 17.5762780776713 ex
498 27.6884914559778 1.83132817107253 15.5556438253261 ex
499 32.8956993788015 8.93926633591764 10.4508538632654 ex
500 24.4173520745244 4.42643682099879 15.2628554669209 ex
501 33.6018028191756 11.8397045477759 3.21314387605526 ex
502 22.2231184470002 8.6390611208044 10.2345972179901 ex
503 20.4647919801064 6.11444290680811 13.6933978719171 ex
504 32.7849664364476 10.771421270445 6.77985284593888 ex
505 26.0684380801395 6.90570782800205 5.87279532919638 ex
506 21.9605139389168 14.234865933191 2.98139306344092 ex
507 33.1408863139804 13.8037732874509 7.50472765183076 ex
508 35.495971966302 2.2723668566905 13.6405777973123 ex
509 34.8497999913525 2.3003442697227 7.0247704104986 ex
510 21.1430721816141 1.9651293719653 3.71469008061104 ex
511 34.1767271605786 5.22472224128433 17.0912062940188 ex
512 20.1624579390045 10.7549224733375 17.0831621550024 ex
513 28.8745727378409 10.9102878416888 5.99020170676522 ex
514 33.0332640937995 4.14338993676938 12.2111668530852 ex
515 33.6719393052626 15.3595833231229 11.7685440427158 ex
516 20.198713142192 2.6350348375272 5.04693700256757 ex
517 25.0040044221096 2.28820557449944 9.07771932566538 ex
518 22.8480784005951 16.3492255746387 13.0629252877552 ex
519 19.1146781679709 1.3656005251687 17.1893380580004 ex
520 31.1311618546024 2.92774346098304 3.8730389229022 ex
521 18.3489039847627 16.6073796898127 7.33725191326812 ex
522 32.4766466319561 2.85793189308606 12.6584305926226 ex
523 35.0384038432967 13.6928396690637 1.60254541807808 ex
524 27.8178912955336 7.48154381196946 16.1600186883006 ex
525 26.9916917099617 11.2342051484156 4.45065085892566 ex
526 18.4999443120323 5.27165551972575 9.117138345493 ex
527 18.2064024743158 14.0146516328678 6.49239614256658 ex
528 18.2913599335589 1.6858109056484 15.402353159152 ex
529 26.7497527529486 12.5053832528647 13.7062284231652 ex
530 23.3200881823432 16.5445893609431 6.52537654316984 ex
531 33.2861876795068 15.1096711191349 9.84178141038865 ex
532 33.5325295168441 7.18396080867387 17.3654337890912 ex
533 33.8946516311262 3.39596944139339 6.1386028539855 ex
534 22.8915279789362 16.5189947204199 9.05880852392875 ex
535 22.9451548499055 15.6869367714971 4.98702679341659 ex
536 20.4896095248405 8.88038916746154 11.900015485473 ex
537 34.5894244168885 11.599633354228 15.677500854712 ex
538 26.8688568198122 17.0021221502684 8.13746460317634 ex
539 18.8212584503926 7.06782150012441 15.4227698533796 ex
540 23.2788613447919 9.14302449068055 16.2363100410439 ex
541 24.9638967807405 5.52002849336714 5.19140598643571 ex
542 21.2217055184301 5.8917191659566 10.6637408367824 ex
543 34.1244408667553 5.47680205898359 4.10269139008597 ex
544 26.0941586545669 0.328084614593536 7.63991621439345 ex
545 22.9881946127862 5.04223656118847 6.60205549234524 ex
546 20.6582399029285 14.0919778819662 4.63508625212125 ex
547 21.3514928317163 5.11104905745015 17.0685623027384 ex
548 31.5016404874623 15.0811798227951 0.408411708194762 ex
549 28.6001774789765 6.08787534222938 4.85716137452982 ex
550 23.8066955409013 4.04082766897045 3.25991375232115 ex
551 26.1250569366384 15.8315244067926 14.4570260159671 ex
552 28.4842821792699 5.23291579214856 7.23463994823396 ex
553 24.9418933137786 14.82508830796 14.9339275311213 ex
554 32.6689587046858 14.8873078869656 2.90175534039736 ex
555 26.1128966521937 17.1611901598517 17.4223057979252 ex
556 24.4582460117526 7.35846955422312 1.87693071831018 ex
557 27.1919856697787 5.9542276354041 0.59697018424049 ex
558 23.0525237941183 9.99742743140087 0.224248253973201 ex
559 20.6709256507456 1.63890142855234 0.466194021282718 ex
560 31.2226774443407 12.7955330752302 13.0749880108051 ex
561 32.2132712865714 17.4795088847168 9.7573022772558 ex
562 27.1773858864326 9.53597143501975 11.8990481020883 ex
563 22.1711713466793 6.05571832158603 16.3788755955175 ex
564 32.862360604573 16.1227555626538 10.1082665678114 ex
565 28.7165671181865 13.7462253968697 1.27276023407467 ex
566 33.4641580337193 12.553430198459 14.2208585229237 ex
567 27.4348970351275 16.2522402382456 10.5995610759128 ex
568 21.2825655965135 11.502134922659 3.94191431021318 ex
569 22.5180201593321 7.32270828774199 8.19938932359219 ex
570 24.8460943005048 1.11532065994106 1.53076045657508 ex
571 33.2461318632122 7.33133243885823 0.813727495260537 ex
572 24.4423358156346 11.65689062397 13.3193311139476 ex
573 29.5226368980948 8.73535323748365 2.05101623921655 ex
574 34.3126935225446 7.46864184248261 6.9230364235118 ex
575 35.8753367348108 12.1059721340425 3.67795058549382 ex
576 34.4030674058013 13.7248411704786 16.5354821409564 ex
577 25.4210700979456 8.99796580336988 3.6563677105587 ex
578 35.5243471052963 9.03422252554446 12.3612263025716 ex
579 23.1449743336998 7.20762613834813 14.1451311106794 ex
580 31.4901957910042 13.5561333869118 11.3609649175778 ex
581 21.8634028129745 15.8174988841638 1.59448137111031 ex
582 27.5360884210095 15.2028435533866 8.31968287657946 ex
583 24.692537633935 10.0001163838897 16.2679033302702 ex
584 18.686477857409 14.4171279759612 2.91648807213642 ex
585 22.8571511337068 15.8677924328949 12.6283670864068 ex
586 35.6158408813644 5.66676801396534 9.22299317270517 ex
587 22.8898685111199 7.55345712415874 1.96476310817525 ex
588 28.175667503383 11.3075267989188 17.968283215072 ex
589 22.3559623679612 3.24661844363436 5.42759293946438 ex
590 24.4845005697571 4.66884945589118 3.07045805826783 ex
591 20.1908951592632 0.85882842564024 10.8499060999602 ex
592 21.0009002622683 7.27337119611911 13.9440519162454 ex
593 27.3712415362243 6.93904668814503 5.43156533944421 ex
594 24.35524194967 13.4143732064404 1.83445526659489 ex
595 33.1088682657573 2.50123592559248 1.87652162299491 ex
596 22.5706878688652 16.424650230445 17.2997686781455 ex
597 20.1203108017799 6.07423911732621 4.13063827273436 ex
598 20.3507139363792 16.4387579963077 15.0080663855188 ex
599 32.5953256143257 4.55432456475683 16.0515165950637 ex
600 28.6349907175172 1.73690138268284 1.06429068697616 ex
601 19.9484523343854 6.71138791763224 2.51788875064813 ex
602 23.1716885066126 9.05058544175699 12.8891707186121 ex
603 24.0357250240631 7.06196718942374 0.607762027764693 ex
604 24.5309341135435 7.00333254691213 3.01968389609829 ex
605 33.7470874835271 0.396836318541318 5.23140832548961 ex
606 29.2247989110183 12.0631380565464 7.71924364636652 ex
607 22.9023537267931 12.4323878092691 16.1227559740655 ex
608 19.2727170961443 0.272178181447089 5.43771618464962 ex
609 24.9547767972108 13.0823465778958 13.1197001433466 ex
610 28.6690686864313 1.68202662444673 10.3969102622941 ex
611 25.9149042102508 15.0625407958869 2.28735485882498 ex
612 29.637525401311 6.58634326024912 16.146842361195 ex
613 26.4612039895728 8.67908131424338 11.5529827571008 ex
614 33.1422562573571 16.1270770924166 6.87354190717451 ex
615 27.8067949060351 1.63623840059154 17.1858837266918 ex
616 29.1771463868208 9.33899814565666 2.82437131064944 ex
617 21.5055100978352 10.8416005659383 13.6012517127674 ex
618 23.4554086891003 0.85055076610297 5.95631532231346 ex
619 34.7928147041239 12.2053012768738 3.92039865953848 ex
620 33.7258941768669 12.9340804861858 4.54895326541737 ex
621 25.9060174387414 14.061649549054 13.2069634646177 ex
622 23.2017284983303 11.0680855528917 2.62404928612523 ex
623 22.4914356139489 0.417868274264038 11.5953049375676 ex
624 24.6173025546595 14.6945898586418 5.48800636641681 ex
625 18.1219199514017 12.4812710669357 4.18015823862515 ex
626 30.2544991346076 5.52867197943851 2.78150030318648 ex
627 18.5382966923062 6.5171504043974 15.462946991669 ex
628 22.2906117204111 3.49712349264883 16.0033252160065 ex
629 27.8063215266448 5.21964926319197 8.61661721556447 ex
630 31.7242736245971 13.2144621026237 8.21332120266743 ex
631 23.5628803020809 5.34592101490125 14.0863506644964 ex
632 30.8897929266095 14.2806663638912 14.5326796353329 ex
633 26.5311731635593 9.27084053424187 7.91443144367076 ex
634 20.3177880370058 8.94491909747012 14.3583267850336 ex
635 25.7205383726396 5.32737773563713 7.34412691392936 ex
636 30.4059443378355 0.210065931081772 4.77126291790046 ex
637 22.4938114418183 5.49831401044503 7.009027446853 ex
638 34.9282626744825 7.73217915301211 3.47465874045156 ex
639 34.9821373168379 8.36103285034187 3.58065567607991 ex
640 23.464656240074 1.18365238769911 13.5192746906541 ex
641 22.0258656714577 16.408298749011 15.0880938423797 ex
642 25.604752355488 4.95527701149695 1.83966673351824 ex
643 26.3606291473843 4.8949381315615 1.40468998928554 ex
644 18.250833993312 12.2624258939177 12.6453979841899 ex
645 33.425850785803 4.17975135380402 10.5603736969642 ex
646 31.798353895545 8.28698319382966 13.9265534002334 ex
647 26.5989793692715 2.65594428032637 1.99434474855661 ex
648 19.4266849027481 9.63727489346638 3.44818684738129 ex
649 26.1972865869757 8.68116863793693 7.35397584619932 ex
650 18.6228976726998 7.48718643886968 12.1989772960078 ex
651 19.7240005729254 8.96646858914755 10.8776252269745 ex
652 27.2452166620642 9.1252875754144 7.47096028062515 ex
653 31.5721291508526 12.9060384752229 11.7254157653078 ex
654 18.6985468114726 9.11632862873375 12.3390558634419 ex
655 29.1488073642831 5.21945811249316 13.1211149843875 ex
656 23.6423333049752 4.92624309030361 0.586750423768535 ex
657 31.0717186590191 11.1925962357782 9.79329333943315 ex
658 22.3814413903747 5.26850692392327 17.4705750569701 ex
659 28.5091573025566 16.8940447750501 6.96447664685547 ex
660 22.9713585174177 9.83872396149673 12.9197804431897 ex
661 23.8938061636873 10.8918595327996 9.09105682792142 ex
662 23.9335938205477 8.39368183980696 12.0495094477665 ex
663 22.1657420652919 2.44988245260902 5.61152946297079 ex
664 35.6723271459341 15.9785935019609 11.0214127048384 ex
665 29.6449917049613 5.51236094697379 2.39639524114318 ex
666 26.8444292491768 8.61709230113775 4.5952447464224 ex
667 33.5249498558696 2.32615397986956 6.04438028880395 ex
668 19.819735563593 13.6716616549529 15.47949545132 ex
669 31.5656764274463 2.30512055777945 2.14846914913505 ex
670 25.4274693022016 13.0936082580592 5.10216544615105 ex
671 27.2003326467238 12.2409068429843 13.9825345028657 ex
672 27.2144687552936 11.2245694336016 16.1017161852214 ex
673 25.9816773512866 11.5641883213539 3.2491077480372 ex
674 21.1668534749188 8.47569443937391 14.1674804242793 ex
675 26.7726033388171 6.38597448565997 15.3492203240748 ex
676 24.2403350227978 16.2974707440007 1.62677488080226 ex
677 24.1655277831014 5.57868324383162 12.5536756163929 ex
678 23.8539361881558 11.8980911506806 10.5928067958448 ex
679 22.3999558317009 17.2543182619847 10.6788307635579 ex
680 34.8833423142787 16.7145286491141 2.74650268512778 ex
681 25.8793809188064 9.32655270141549 8.90558723290451 ex
682 22.086490314221 13.5071729717311 3.60877429111861 ex
683 23.2078214015346 17.4004492955282 0.749499907251447 ex
684 33.929474894423 17.845925377449 9.91392766661011 ex
685 35.089585728012 3.16551963076927 10.5107053120155 ex
686 20.0340446522459 6.1908311303705 14.6810312867165 ex
687 29.2531097389292 10.4797145626508 13.639425780857 ex
688 28.1091656312346 2.45795909548178 15.789764115354 ex
689 29.4397414138075 3.63133542286232 17.1987484511919 ex
690 34.1937131811865 9.71997099881992 15.6125533196609 ex
691 18.3223579963669 10.74521741434 10.5325143926311 ex
692 33.1916549059097 9.03923919959925 12.3313084139954 ex
693 25.3132348784711 14.5566348633729 16.5979826133698 ex
694 31.1929475890938 9.9794148337096 1.24538294435479 ex
695 26.3131788042374 2.06565770506859 2.33524513873272 ex
696 33.593236876186 4.84228131570853 7.12358693173155 ex
697 28.116600011941 11.5876882418524 11.2052831328474 ex
698 22.9476509124506 14.213196685072 0.8217930898536 ex
699 35.8375817956403 14.9217127866577 11.8352777890395 ex
700 26.6698395847343 14.7956301022787 14.0993867907673 ex
701 21.1784608510789 10.8595326629002 0.535807403270155 ex
702 35.4209723009262 7.68781192833558 0.068078461335972 ex
703 18.4944228520617 16.2542509685736 3.64364636922255 ex
704 22.6453070465941 4.61246545193717 1.48709510965273 ex
705 27.9424587239046 1.64309018780477 5.12706322176382 ex
706 29.0330614203122 11.7094092869665 8.17832477902994 ex
707 19.3389172318857 13.7528755734675 3.15742265619338 ex
708 33.0646798354574 12.1266272254288 16.354621906532 ex
709 31.9542248388752 16.8787048952654 6.5938200536184 ex
710 28.4892104684841 14.6232553727459 17.967249363428 ex
711 30.2635527008679 1.77553322236054 14.7957710877527 ex
712 24.6192050490063 17.7780699378345 0.221676812972873 ex
713 31.0358536206186 5.30388687760569 9.81690553203225 ex
714 22.0045998918358 8.0108933893498 9.76262901350856 ex
715 27.938783132704 3.11088592163287 10.2892778862733 ex
716 21.4697995863389 8.4516562235076 1.55012381775305 ex
717 30.7687147744 8.2087507606484 0.586635542334989 ex
718 23.0417994908057 11.2359686170239 17.1927371271886 ex
719 21.8650882667862 2.89523874269798 7.46581527986564 ex
720 33.368656732142 5.22021381068043 7.95899445354007 ex
721 30.8398883184418 3.66722778836265 6.4586943637114 ex
722 19.5550862990785 12.9839956033975 0.946958028478548 ex
723 28.2597667092923 0.947724896948785 6.30017305980437 ex
724 27.199702339014 7.07412734627724 17.7802908774465 ex
725 23.6196365077049 14.780106153572 6.56602771626785 ex
726 18.5071424157359 4.78551618638448 3.97894985182211 ex
727 22.697006004164 17.129114974523 2.92012720787898 ex
728 22.2225157632492 2.02421226305887 1.76104018674232 ex
729 25.9108223945368 6.5230915362481 15.9137467555702 ex
730 27.1692528610583 4.89730814471841 14.1083240695298 ex
731 30.2182541105431 13.9285969729535 12.5652222312056 ex
732 34.912804629188 0.958633010508493 6.88504677568562 ex
733 23.7412052028812 11.0482219834812 12.063723295927 ex
734 35.3212232948281 6.28184766578488 16.639514779672 ex
735 34.6821075784974 17.758461716352 15.6310935313813 ex
736 21.6782961168792 0.124446931760758 6.20134881325066 ex
737 33.358337159967 0.968097808538005 14.3575988844968 ex
738 19.9933459861204 3.9160897359252 0.749131330987439 ex
739 19.7321691084653 7.1299416848924 17.6910297519062 ex
740 35.3219670974649 9.54441867303103 15.3675502876285 ex
741 34.2458744791802 0.61579026421532 15.8455181894824 ex
742 32.135192562826 4.9600841277279 9.51136292750016 ex
743 26.4466569859069 9.23094866774045 16.5421873671003 ex
744 30.8656787446234 3.28071667859331 2.43698454694822 ex
745 28.2958633597009 16.0619512018748 3.63031572592445 ex
746 19.5921278195456 4.35739843919873 4.92521849484183 ex
747 21.8977015102282 14.24084199965 14.2772822256666 ex
748 31.7406984055415 2.95565839111805 14.5272737564519 ex
749 27.9955387380905 17.6405910954345 1.98527040123008 ex
750 21.8595575466752 7.60752629372291 8.37040431844071 ex
751 30.1010348973796 14.2400538518559 13.6040348482784 ex
752 21.7145167794079 6.87757395301014 2.96787018072791 ex
753 35.9154357737862 15.4132043248974 6.22379866265692 ex
754 27.8459285916761 10.7265599018428 1.84287555003539 ex
755 35.7072830586694 10.0854583755136 2.13207112648524 ex
756 18.3177144203801 8.07421291316859 8.75321817444637 ex
757 31.8294167679269 17.1321502744686 16.6434783309232 ex
758 31.9044521078467 11.2308949516155 10.9377532200888 ex
759 20.5495778173208 0.473902892787009 0.682132701622322 ex
760 33.6133985570632 1.13627189863473 11.4979595453478 ex
761 27.0855744001456 1.18466602172703 3.93712723953649 ex
762 34.0772095287684 2.08905286504887 13.38135305373 ex
763 23.3489775063936 6.21137500437908 4.83956652297638 ex
764 23.7219538378995 13.1518970022444 11.1218464907724 ex
765 20.1567969168536 14.4097304486204 16.5994394551963 ex
766 34.58986924286 5.87006848072633 5.23341629374772 ex
767 32.6735797056463 12.7302821341436 7.70386293018237 ex
768 26.0084119099192 12.6118710744195 11.3231939650141 ex
769 21.9430412859656 1.09175648726523 5.72071181959473 ex
770 19.695486692246 17.9597498881631 4.01543484139256 ex
771 20.7281082593836 13.3961760683451 9.53262060089037 ex
772 21.2307530688122 1.16003003926016 17.4325862976257 ex
773 35.8975314819254 17.9931854512542 11.8637834903784 ex
774 24.1809836435132 9.10318935778923 13.2251191481482 ex
775 29.9997536030132 4.67246776213869 2.6809157228563 ex
776 20.6064559500664 8.96135481912643 2.126120303059 ex
777 22.2920388351195 14.9938870281912 6.12896577850915 ex
778 26.5628091087565 15.6961834006943 3.90970486192964 ex
779 19.8253842359409 8.21396615216509 5.47553701372817 ex
780 27.9054894063156 15.7943913829513 12.721689154394 ex
781 32.4975311937742 11.8500665877946 9.68817069451325 ex
782 34.9176848700736 5.04226031713188 12.9914694819599 ex
783 28.1462149766739 6.71978744445369 8.89867977262475 ex
784 33.5881473810878 16.9731658580713 13.2693366026506 ex
785 19.6922801388428 9.81972502637655 14.8158488643821 ex
786 32.6911651992705 1.03431811905466 0.292399333557114 ex
787 28.487401656108 14.0970648035873 1.57470639212988 ex
788 26.2476666874718 2.62233712035231 8.1996355287265 ex
789 29.1496123464312 13.4808305795304 15.1032753302716 ex
790 25.9253215079661 17.4076965611894 2.6513173438143 ex
791 35.4858891987242 7.37722844909877 3.2016815263778 ex
792 25.851271603955 10.9623517550062 8.44317479454912 ex
793 22.4536376763135 13.8729832209647 0.743536855792627 ex
794 35.247632391518 7.81214563501999 15.4393518604338 ex
795 19.1232927769888 17.9580568743404 15.0507846595719 ex
796 18.6084566039499 4.85038044978864 5.76392707042396 ex
797 18.4418170491699 15.9244583211839 1.1902565669734 ex
798 20.2939549169969 12.6649343217723 12.0968617256731 ex
799 26.1624876998831 15.9824942783453 2.68468309496529 ex
800 34.0471354874317 9.52237405232154 12.5741802041885 ex
801 28.9228691919707 14.8860168745741 15.0244054349605 ex
802 35.8701680228114 17.9246891597286 6.33144112722948 ex
803 28.7894843025133 3.88139934279025 13.3691542618908 ex
804 33.8825316065922 17.2941677751951 14.0247910728212 ex
805 35.0349645772949 17.9505248784553 5.42067600507289 ex
806 29.8951801161747 2.06825034786016 13.7281673131511 ex
807 20.1902188626118 14.6675503423903 15.230985710863 ex
808 31.4428734681569 0.479780997149646 17.0836482923478 ex
809 24.795565080829 1.73388633481227 7.23567346739583 ex
810 34.8368869151454 11.0897190680262 2.76891870237887 ex
811 30.7015456655063 15.0401094479021 4.16946407151408 ex
812 22.3060130234808 6.46943974215537 5.66088974080049 ex
813 30.0288466392085 9.8028094721958 4.70011097029783 ex
814 22.590878469171 11.523572197184 6.86616618488915 ex
815 30.7099360080902 14.6378504373133 3.91240265197121 ex
816 30.3702844190411 12.2136971664149 1.751938827103 ex
817 22.2807407141663 12.5437548076734 9.44414171972312 ex
818 19.8012589127757 3.40163397346623 16.617372253444 ex
819 33.6978794173338 3.95773019548506 12.1078627873212 ex
820 19.7459658442531 16.2162035389338 3.24689594958909 ex
821 21.4795200501103 15.0314123292919 17.3182973470539 ex
822 34.8039694002364 7.75175846880302 8.18921793578193 ex
823 35.2602207425516 13.0265318755992 13.9067666216288 ex
824 22.3909416017123 9.06771622481756 2.16963358200155 ex
825 26.3368366374634 15.4328739764169 10.9492828119546 ex
826 22.265997126 7.46238681278192 16.6084410883486 ex
827 19.4832524575759 13.0849911260884 16.8935733926482 ex
828 27.7632870876696 16.113976997789 0.155273278011009 ex
829 26.17747299443 17.3003310905769 13.324367696885 ex
830 30.9249239584897 16.5051629175432 5.57922337646596 ex
831 35.7067902751733 8.37986812996678 0.583051241701469 ex
832 30.9216619674116 2.58515048120171 3.76726873265579 ex
833 33.1638653145637 6.6446170527488 8.23476647282951 ex
834 20.6170301057864 1.15638523595408 10.8068612997886 ex
835 19.853854405228 10.6146662284154 1.46000417671166 ex
836 26.3327269323636 17.6934078841005 6.18332105921581 ex
837 22.2926390918437 7.85831719101407 14.3803177324589 ex
838 18.8407334098592 3.00090944766998 13.5359191258904 ex
839 32.2497375004459 13.5825404354837 6.33339458331466 ex
840 18.722748266533 14.6089514316991 15.1990535142832 ex
841 29.6267181411386 14.7255019054282 3.06109814275987 ex
842 34.220326122595 2.15458567999303 0.852454578736797 ex
843 20.014728758717 6.87672987231053 0.765357197029516 ex
844 20.8392170395236 3.03209256799892 16.1804497437552 ex
845 18.0713086707983 2.16759982332587 9.95295500895008 ex
846 22.6856012425851 13.529065678129 16.674188103294 ex
847 27.0338609374594 2.05977117037401 8.93603582191281 ex
848 34.4241545391269 13.6617018117104 0.887925774091855 ex
849 33.3272912085522 6.35204221913591 13.0419547979254 ex
850 28.4279129737988 3.84939440432936 16.9632587260567 ex
851 22.5253931763582 14.6380201419815 7.44784455280751 ex
852 21.8627289449796 10.5680509670638 10.0001832847483 ex
853 27.9727383938152 9.11642264644615 13.3310240476858 ex
854 35.3696649556514 15.064294843236 16.8049628138542 ex
855 32.7648607541341 4.46374557586387 13.4334080554545 ex
856 20.2676547628362 7.54017725167796 9.67102220025845 ex
857 18.7883070979733 13.6360403343569 5.06970310490578 ex
858 32.4805331742391 9.45834921835922 11.1581705599092 ex
859 24.5346108409576 11.6352247039322 1.03457740321755 ex
860 18.4216941525228 0.856591404415667 17.2213422753848 ex
861 19.3205217747018 8.25422882381827 13.6851173467003 ex
862 28.1024364954792 12.7706345042679 13.7456570533104 ex
863 33.639066540869 0.440173874376342 12.1162521638907 ex
864 26.1781608241145 12.2621570173651 7.55210456927307 ex
865 31.0321594937705 14.0505162833724 17.7912133438513 ex
866 31.4072844388429 1.38370067533106 3.76168459141627 ex
867 21.8446158440784 3.61042257607915 11.4881013401318 ex
868 34.2678372072987 11.6761158190202 13.2286295432132 ex
869 31.4519046773203 4.87854374432936 5.64868365135044 ex
870 20.5473190215416 7.19001285033301 0.523440052522346 ex
871 18.1607039067894 9.11791463848203 14.6605493135285 ex
872 18.1823910572566 9.37338503426872 9.41451936215162 ex
873 30.7054024322424 1.09958175453357 4.16627969942056 ex
874 22.0998165621422 6.34450623113662 1.37991753406823 ex
875 27.5324754740577 9.16063742362894 0.591979703633115 ex
876 25.7638605481479 4.49553364492022 7.73651942051947 ex
877 18.8614077218808 1.25450107082725 9.9969742638059 ex
878 23.2781493018847 13.3112365349662 2.8831146073062 ex
879 33.5710144443437 9.88775517255999 4.56375689944252 ex
880 20.3203370592091 1.83101768116467 5.64794678171165 ex
881 21.2309026306029 12.6702754616272 6.84788635931909 ex
882 34.2306284974329 14.6046697569545 8.59030997287482 ex
883 21.7283244200516 6.58703069202602 17.1831333050504 ex
884 34.1424874784425 4.51431761868298 3.21864789794199 ex
885 34.5978287206963 2.52537756669335 8.10364763555117 ex
886 28.8760282627773 12.4345563629176 3.80541518214159 ex
887 34.4268801235594 17.1862428027671 17.0514132336248 ex
888 35.4676778283902 13.9669763925485 16.4756823331118 ex
889 18.0159452932421 0.452915459638461 2.80684438999742 ex
890 27.3856833113823 9.88447862886824 3.0156061318703 ex
891 28.5237033043522 5.38251835480332 2.24598509562202 ex
892 31.2107756393962 12.0839350256138 2.19469974981621 ex
893 27.1732600200921 3.74288971768692 3.45433143875562 ex
894 27.6326136279386 14.2374400247354 3.54424703028053 ex
895 23.1657459565904 12.2868855588604 5.01812680112198 ex
896 19.8860793504864 16.2465991671197 11.4639507364482 ex
897 24.9569366592914 3.29633979429491 15.9255700116046 ex
898 35.3818196647335 1.77643497218378 6.79018547385931 ex
899 30.0284210429527 17.9867359034251 17.1120264003985 ex
900 32.9316230700351 3.87432768428698 9.57990549691021 ex
901 23.6735407558735 6.19171290728264 16.6782924416475 ex
902 35.4660856532864 10.1706419151742 14.2682863117661 ex
903 21.8550593187101 11.2336605417076 15.6102897301316 ex
904 26.0256740848999 5.86619782168418 9.80553765129298 ex
905 27.0613951270934 17.1516961301677 8.1305924502667 ex
906 20.8040142324753 10.1966591584496 7.30730323982425 ex
907 31.1641751274001 9.65194003214128 9.84318841947243 ex
908 24.4763836238999 8.26335949846543 4.81460113520734 ex
909 29.1771001829766 0.137189355213195 0.420079316711053 ex
910 29.3097168405075 4.76480463054031 12.8214619944338 ex
911 29.3719634176232 15.1518615267705 16.9832312050276 ex
912 21.1534630295355 12.1068305126391 3.04408876853995 ex
913 24.9997427067719 14.6201217786875 11.866473584203 ex
914 26.1968097719364 3.56295063975267 11.333119422663 ex
915 19.6129841704387 13.7645967744756 17.1847050511278 ex
916 35.6140667581931 8.68369357543997 12.383178006392 ex
917 33.7355268981773 2.372204342857 17.5312217127066 ex
918 31.0791987993289 4.46451883786358 6.70863809389994 ex
919 31.6037665084004 10.918732091086 7.03230836126022 ex
920 19.050401232671 17.6053219924215 8.41643922450021 ex
921 28.7005905981641 13.0214016309474 12.3175867509563 ex
922 24.1978905387223 15.8786479416303 9.0178121891804 ex
923 30.3268066728488 4.06640075100586 13.2864474919625 ex
924 31.4997140846681 4.22206052951515 11.8391371786129 ex
925 24.614925126778 0.331977604422718 3.5554856560193 ex
926 22.123432867229 15.1911407681182 0.0851056075189263 ex
927 29.6228402073029 3.29625226533972 0.710906299063936 ex
928 21.5772869698703 11.5397722255439 0.447828753385693 ex
929 25.9520223401487 2.74853801098652 1.50361360795796 ex
930 23.0216037081555 11.5067396960221 4.45559327444062 ex
931 27.7474288635422 14.4863695478998 11.6312333499081 ex
932 35.1656340181362 5.29588529583998 10.9262012301479 ex
933 32.6103246747516 13.3885494978167 17.9104095713701 ex
934 30.2327799091581 1.03360612923279 8.53978144261055 ex
935 27.7102575753815 11.4301537510473 17.3413565517403 ex
936 34.7814229698852 10.3767285221256 13.5818888600916 ex
937 24.9220955553465 7.7909895228222 2.19075199961662 ex
938 19.8732903315686 10.087343263207 12.4042143081315 ex
939 20.8649509593379 13.6651599048637 13.5760217513889 ex
940 33.1983942673542 15.6132880833466 10.3023277826142 ex
941 30.4879141601268 17.3242867470253 5.05461152759381 ex
942 31.0643945236225 14.2741204157937 11.7029988772701 ex
943 23.8527258415706 16.7973834087607 3.31887928489596 ex
944 21.4901737135369 14.9088526379783 10.8975785521325 ex
945 35.5741303917021 3.85126451542601 9.26156130968593 ex
946 31.8945118831471 17.279466901673 4.9999981445726 ex
947 30.5341934927274 10.5858787340112 16.3401906942017 ex
948 32.9253832693212 5.95561950025149 16.6511166072451 ex
949 29.6441547074355 7.8301255130209 11.3445492873434 ex
950 30.4472071793862 5.83495745202526 7.62654801085591 ex
951 21.4906872576103 16.6262283148244 15.6038515532855 ex
952 34.7426565494388 11.5637371381745 1.00133638596162 ex
953 20.5244814760517 16.9388433177955 17.484287455678 ex
954 19.6595932564232 14.5041025923565 17.7215778927784 ex
955 34.782018676633 1.69352109963074 13.662496821722 ex
956 23.4354949386325 0.642340895486996 11.8260077829473 ex
957 32.4403121974319 9.69607400568202 14.0441919006407 ex
958 34.9138877273072 0.893353461287916 17.2783820489421 ex
959 30.1647232428659 15.6067754891701 10.1494596903212 ex
960 26.1961762052961 1.14121358445846 17.4473882124294 ex
961 21.0269782776013 10.3844919865951 1.76490915101022 ex
962 30.4891344304197 11.5843375588302 10.5178537399042 ex
963 21.3430811464787 11.6255890128668 14.8797761057504 ex
964 18.5155172229279 12.3527865554206 17.8363163196482 ex
965 34.547870811075 3.46590103209019 17.1058123919647 ex
966 24.5427572245244 1.74149577715434 4.89805786102079 ex
967 34.1802848468069 10.0669873303268 6.17218072433025 ex
968 21.8204511580989 5.9374016399961 5.66091111279093 ex
969 28.1116012823768 2.63085417822003 14.0294042637106 ex
970 21.0197482050862 11.8105026066769 10.5154987093993 ex
971 18.8318721714895 2.94335513236001 17.6651956217829 ex
972 33.3511985670775 3.19840217521414 9.27806679299101 ex
973 24.3288611203898 17.7302997242659 11.1534426643047 ex
974 20.3466238004621 17.621941790916 10.8487546232063 ex
975 35.3680447246879 5.96442560828291 15.8554952663835 ex
976 31.8571039305534 14.6078059724532 1.14591630967334 ex
977 31.5423252694309 16.4890814786777 12.6187450177968 ex
978 33.3739961907268 11.2508399717044 7.15850467747077 ex
979 30.5451164634433 9.78563210670836 0.53329195221886 ex
980 22.5090599854011 15.9260305953212 13.0295114342589 ex
981 27.7184957461432 9.3090742432978 9.6837232299149 ex
982 35.998568761861 3.57446217560209 16.145475697238 ex
983 35.8131060139276 17.5364012296777 10.4424461454619 ex
984 23.2659586290829 16.00113888341 13.3476092207711 ex
985 28.5022468979005 15.7539409231395 5.90417283168063 ex
986 33.4371028889436 0.0286338906735182 9.62059912178665 ex
987 33.7184594040737 15.2805471383035 0.427913354709744 ex
988 34.6970694267657 3.574953177711 0.929297825321555 ex
989 30.1995782479644 5.12278477102518 6.77302717394195 ex
990 28.6032173337881 16.559568478493 17.3567668646574 ex
991 23.0585908356588 12.8326813760214 3.21308700810187 ex
992 20.456992176827 2.46832650201395 3.40274632931687 ex
993 22.7201219471171 2.9967282586731 7.89190986286849 ex
994 25.6703984052874 4.99667239096016 10.3685624534264 ex
995 21.3890233375132 1.62056186515838 2.29129889188334 ex
996 30.8794188003521 7.55558071308769 0.952470077900216 ex
997 18.6235461633187 13.8816911873873 11.8049727110192 ex
998 23.2721529898699 15.1170654653106 4.16313964081928 ex
999 33.7783031337894 5.48831046326086 4.8379922369495 ex
1000 19.0504686902277 15.2199825989082 8.18498641275801 ex
1001 27.7988413278945 10.8308707182296 9.5037787000183 ex
1002 18.3036570723634 0.45403046044521 13.1119442700874 ex
1003 35.8406137619168 15.8083076025359 13.8059737256262 ex
1004 26.9189739327412 0.396297663683072 9.40332042775117 ex
1005 30.8283566930331 9.90498294215649 14.2380988728255 ex
1006 24.6765884840861 9.70407190639526 15.4077231632546 ex
1007 20.4440167006105 7.20720915892161 6.22230277839117 ex
1008 18.456671923399 9.40168210002594 11.1014167792164 ex
1009 27.9149647736922 9.66363602061756 14.5351168462075 ex
1010 25.3093527620658 15.0733847918455 15.0750519591384 ex
1011 30.3740641463082 12.552172847325 15.24641509098 ex
1012 24.9992210497148 17.3916180357337 13.8338018890936 ex
1013 34.3145413307939 17.745092764264 1.55726285255514 ex
1014 27.438318482833 7.19621607498266 6.17319685104303 ex
1015 20.0144724349957 11.9282947548199 3.11946614901535 ex
1016 34.8356541064568 8.53386863344349 14.6106016212143 ex
1017 27.3466809263919 8.20954782818444 8.65416859742254 ex
1018 18.471119078109 5.12763391854241 17.3134547809605 ex
1019 32.321779763326 17.271796786692 11.7555539493915 ex
1020 19.3643285054713 4.21353159751743 12.072198523907 ex
1021 23.5259222523309 10.95779907424 2.83745852299035 ex
1022 35.843558140099 8.07191992434673 7.38429413246922 ex
1023 21.375226946082 13.3616451448761 16.9557236232795 ex
1024 32.7335363652091 8.88891267566942 15.1255622294266 ex
1025 18.7332546894904 8.94063467346132 17.3822517907247 ex
1026 31.1478803723585 10.1307432812173 3.26083274232224 ex
1027 21.8720117465127 15.9804861254524 9.0349751226604 ex
1028 21.2109898901545 7.55261924210936 12.0244138685521 ex
1029 33.1853600942995 15.244948271662 1.43405387690291 ex
1030 20.9686172155198 15.7028669954743 5.87221962236799 ex
1031 30.1248501995578 1.09060778375715 11.2509125426877 ex
1032 26.1680613793433 7.91386042092927 9.0749364180956 ex
1033 31.0421769181266 14.4521494172513 16.4067904455587 ex
1034 26.0511738606729 8.91050808876753 3.2984066545032 ex
1035 31.5048971164506 3.11856528860517 5.46421832754277 ex
1036 21.6606592221651 5.82539575058036 1.13615486864001 ex
1037 28.141171131283 12.7243335077073 15.7612647467759 ex
1038 20.7457485024352 8.37860462302342 5.63332980219275 ex
1039 29.3343429658562 4.34867864730768 0.953422305174172 ex
1040 23.2515670361463 17.4239986543544 13.2436322220601 ex
1041 22.9522648015991 9.1660555221606 6.83647108566947 ex
1042 28.5986503241584 9.31480010319501 14.5748694343492 ex
1043 33.9742917779367 8.93184930551797 6.60676799551584 ex
1044 24.01020014612 5.69495244813152 4.44749922328629 ex
1045 24.0365284741856 9.52607016824186 12.290793023305 ex
1046 29.4417142330203 14.7212298063096 5.46246418100782 ex
1047 33.6368346945383 17.2932491854299 10.2591343582608 ex
1048 34.7449487796985 4.16811506962404 5.91829133639112 ex
1049 18.7674292437732 14.2640281403437 0.368771380744874 ex
1050 27.4840717848856 12.8516871901229 16.0561078321189 ex
1051 35.772905232152 2.76688998728059 17.45311561157 ex
1052 27.1618618713692 9.08697905228473 1.21644117729738 ex
1053 30.4682244663127 11.8021202031523 9.75455148075707 ex
1054 31.0803294442594 13.7642499262001 13.5050576557405 ex
1055 22.1806253972463 6.17672655195929 12.7748423919547 ex
1056 34.0006876820698 15.8494020053186 11.1736542389262 ex
1057 19.1354637194891 0.0845835355576128 2.84404715360142 ex
1058 27.1153786322102 6.58785801613703 14.0301978371572 ex
1059 24.245902200928 2.85238284687512 9.25838926015422 ex
1060 30.0427231427748 2.77144581498578 10.3539593389723 ex
1061 30.3885107124224 6.04745706077665 6.98241429030895 ex
1062 19.8861186429858 12.1499866787344 3.46433671796694 ex
1063 32.7659465237521 9.23536683153361 4.20152867329307 ex
1064 30.6668139661197 2.78492289013229 8.58257302222773 ex
1065 35.2278112296481 16.9330264860764 1.57575337681919 ex
1066 30.392408022657 17.0073312949389 15.7899526951369 ex
1067 30.8461100442801 6.18788145226426 11.2766087045893 ex
1068 27.9925191376824 0.480148709379137 15.6683119311929 ex
1069 19.8849375066347 11.5488755495753 5.73132559051737 ex
1070 32.0467527147848 11.4037832638714 3.11736571555957 ex
1071 18.1603179874364 17.2722166357562 17.4087036328856 ex
1072 34.6359862859827 4.501886426704 15.2624428225681 ex
1073 25.3049555288162 17.0352422478609 6.83261833060533 ex
1074 35.5667010494508 1.06091696070507 9.12444138689898 ex
1075 30.818607825553 17.3449918869883 6.27700065704994 ex
1076 20.1940192787442 5.12497814861126 10.8872677490581 ex
1077 28.8060935419053 8.92734349519014 9.79550133435987 ex
1078 34.43812606344 4.94125624303706 6.41623519314453 ex
1079 22.0790984707419 12.6381283029914 0.980343001894653 ex
1080 35.8176096274983 15.2740138333756 4.92741218884476 ex
1081 25.1821736351121 6.39362576999702 5.82954193768091 ex
1082 22.0493072068784 15.9958553363103 8.73752186028287 ex
1083 19.7998449301813 12.2858428729232 16.2277254117653 ex
1084 24.6883742818609 17.4819315187633 15.4482175207231 ex
1085 34.1906921444461 4.38209660490975 9.89964897022583 ex
1086 30.590266542742 2.00794325210154 12.8969027379062 ex
1087 31.8435229542665 16.5738876692485 10.720122563187 ex
1088 35.2509584112559 15.5172420495655 8.35040665231645 ex
1089 34.2895389024634 0.464042457286268 0.83011352061294 ex
1090 33.6417281762697 10.1803567821626 12.4634106250014 ex
1091 33.5790872087236 10.8964462014847 16.173943397589 ex
1092 19.7018873507623 9.3829072508961 2.20963764004409 ex
1093 31.7169460852165 5.33137652603909 12.1167507113423 ex
1094 27.1802177513018 11.9615909841377 13.870152479969 ex
1095 23.5992213753052 6.81292484910227 10.920858008787 ex
1096 32.6768038331065 5.93947196472436 5.78374599851668 ex
1097 27.6062225673813 0.540563633432612 6.23758579115383 ex
1098 33.4715342316777 12.1859282911755 8.33080666488968 ex
1099 26.0941619798541 14.716982064303 10.4448584022466 ex
1100 29.7660805571359 5.05506057688035 14.6710714972578 ex
1101 35.261346101528 1.01117554539815 10.157572066877 ex
1102 30.2181790897157 16.0869687045924 13.1623602695763 ex
1103 35.9495601577219 15.1067776337732 15.601523415884 ex
1104 23.4767184951343 9.20833409600891 15.405852355063 ex
1105 26.3678070050664 12.5633168951608 10.21282904502 ex
1106 18.7681281536352 10.7799827773124 12.7000839959364 ex
1107 35.3646492913831 11.9057616011705 17.4656939746346 ex
1108 32.710423523793 13.5902477125637 7.72576703666709 ex
1109 29.756359483581 7.21932598738931 1.19114817166701 ex
1110 26.3876281222329 2.77038162131794 4.04668634827249 ex
1111 29.5899720718153 4.38129144418053 7.8243306572549 ex
1112 35.9199010306038 3.8370511867106 17.2841781487223 ex
1113 28.6191292530857 14.0169967417605 13.2516802172177 ex
1114 18.6931391041726 15.9442625336815 8.753257824108 ex
1115 24.5372229220811 14.1885791432578 12.8170366210397 ex
1116 29.0952371517196 15.0495882220566 15.9812811817974 ex
1117 24.6446119209286 10.7490741987713 2.85032182652503 ex
1118 32.7856355737895 3.19691047538072 6.36462321667932 ex
1119 35.0357105419971 15.9997509731911 17.8743054901715 ex
1120 28.4269845699891 2.24279464944266 11.4571145835798 ex
1121 35.8308661440387 6.81934636598453 14.614470633911 ex
1122 29.0512194128241 14.600159996422 13.4262811699882 ex
1123 20.3537945086136 8.49909340264276 10.8615603996441 ex
1124 31.0641255404335 4.68498413753696 0.45400070794858 ex
1125 22.0168073137756 1.3600756386295 16.4934710070956 ex
1126 25.4339134448674 6.25157377053984 7.82866704161279 ex
1127 26.2122492822818 3.97082513710484 10.6771359227132 ex
1128 34.793851552764 6.14473822899163 3.69045896874741 ex
1129 22.4675298079383 1.91974303685129 1.80276577384211 ex
1130 22.3743090762291 14.6590652889572 4.60038258368149 ex
1131 31.7044307650067 13.4300958006643 16.6031871326268 ex
1132 20.3960788119584 10.8257640996017 5.63231202634051 ex
1133 24.4137342604809 5.90745872701518 11.4980639489368 ex
1134 29.6106576952152 12.2092033349909 0.862474094843492 ex
1135 34.9811770021915 13.3517388307955 5.77922802441753 ex
1136 19.7331310955342 8.87367512588389 3.78191566397436 ex
1137 29.6735988422297 0.72823843290098 9.39504693006165 ex
1138 25.0141150378622 6.37813321338035 3.7933131349273 ex
1139 25.1948109939694 13.3160392981954 11.9293312118389 ex
1140 18.5622466311324 3.00514311273582 3.20891314791515 ex
1141 25.3380153297912 4.11344939260744 11.3504591609817 ex
1142 24.7955626149196 12.5907649619039 14.8087726270314 ex
1143 26.0246594620403 7.62942453823052 5.5094413664192 ex
1144 29.5513184247538 4.55178542016074 5.43382586282678 ex
1145 31.6885705038439 9.74573086225428 12.3869426175952 ex
1146 18.1518987121526 6.34804908838123 9.30734618287534 ex
1147 21.3273706822656 3.25672154990025 7.70786488614976 ex
1148 19.6514107512776 16.6421555937268 17.194647076074 ex
1149 24.4866723222658 17.5080535158049 2.89356608362868 ex
1150 23.8488912605681 4.53499914403073 4.93847636622377 ex
1151 28.6883679556195 15.0356211087201 9.22014553286135 ex
1152 28.2630726161879 3.047532485798 11.8104201201349 ex
1153 33.6120498469099 4.71760852029547 11.8229717570357 ex
1154 26.5360111331102 17.9522077136207 12.6164713215549 ex
1155 29.0847657427657 0.490476060891524 15.6366375582293 ex
1156 18.8272263135295 11.4902676811907 15.5005987149198 ex
1157 26.9954951279797 9.15229006344453 14.4262682325207 ex
1158 27.0731160156429 15.2397625017911 3.17553580319509 ex
1159 28.9263394654263 14.0644910011906 3.44523816439323 ex
1160 31.6026472230442 6.51480588968843 4.37113930098712 ex
1161 27.6070504914969 11.0851259189658 15.4531982745975 ex
1162 29.0659465773497 9.12812470644712 10.0898268003948 ex
1163 19.6310932147317 12.2407129954081 9.21562351635657 ex
1164 32.0553426556289 4.1123529591132 17.0184619235806 ex
1165 30.6610587835312 13.0412421224173 16.9830083309207 ex
1166 29.8999245469458 16.982433940284 7.66339077963494 ex
1167 26.9414237018209 17.3037909502164 4.4282165884506 ex
1168 34.307830987731 2.19983201241121 6.63326097046956 ex
1169 26.5118622467853 16.4735094117932 11.3726375056431 ex
1170 30.7321208710782 6.79511933447793 2.99237418803386 ex
1171 30.2861634299625 4.40262647462077 12.4424884933978 ex
1172 31.4268332703505 2.22105204383843 6.68435114738531 ex
1173 30.2282022284344 4.22295548510738 7.15212946897373 ex
1174 29.1774769714102 3.52596141258255 1.21131336805411 ex
1175 34.5632456541061 10.595275875181 9.019525493728 ex
1176 28.8821066974197 15.3262974000536 15.3377351111267 ex
1177 23.6649985602126 7.34683181787841 1.32988609513268 ex
1178 28.0276634942275 17.7797980296891 3.23673080792651 ex
1179 34.1092043542303 12.2247556322254 10.7350133233704 ex
1180 26.9475907448214 17.2827901241835 1.11393717350438 ex
1181 33.135880518239 15.6527477335185 8.70273078116588 ex
1182 22.9847537521273 9.59966948395595 7.79524801578373 ex
1183 27.6067375796847 1.11243071197532 2.31401574634947 ex
1184 19.2729637976736 8.16744360327721 12.6457052300684 ex
1185 32.4769035340287 3.55182383302599 8.11184902954847 ex
1186 23.587782677263 12.3391686070245 14.5076759753283 ex
1187 24.23781930306 12.9714858031366 12.6282008457929 ex
1188 29.0039090812206 15.9731453456916 14.4783256133087 ex
1189 29.9198044841178 7.55886390828528 14.8026676571462 ex
1190 22.3102275358979 3.50555957295001 7.99607973149978 ex
1191 32.3030257967766 15.5709782969207 17.6291128960438 ex
1192 23.9731565024704 7.24169288785197 4.67178343841806 ex
1193 24.2595519709866 5.27723744418472 2.00896299304441 ex
1194 25.4703112561256 13.0615856074728 8.77414897130802 ex
1195 31.3250195500441 12.9309099584352 10.4866531228181 ex
1196 35.6345254438929 8.62469239369966 11.4793858425692 ex
1197 31.2133103229571 6.54436675133184 11.6129326890223 ex
1198 24.9184723177459 11.5921532295179 9.71864936617203 ex
1199 32.3766642480623 4.2225523146335 5.46694197459146 ex
1200 27.417928394163 10.1244015970733 10.0568556280341 ex
1201 35.9869875696022 11.0467481277883 5.00332024390809 ex
1202 18.0715202027932 10.3779403236695 16.4475789696444 ex
1203 20.8987882607616 6.16940704314038 2.11259844573215 ex
1204 28.6832856326364 10.2139851108659 11.3402442838997 ex
1205 26.788551535923 9.00592862186022 3.59078371548094 ex
1206 21.4403415797278 4.94957765494473 7.80227441084571 ex
1207 23.3824376440607 7.86563675804064 10.1764854195062 ex
1208 26.003305661492 14.9201290190686 1.51916656619869 ex
1209 21.9814480128698 8.34295715205371 4.98459826479666 ex
1210 29.1020022714511 11.6916009995621 14.1802696846426 ex
1211 19.9975299835205 7.29640983790159 13.3138533828314 ex
1212 22.6936006494798 13.3408706600312 10.2574066796806 ex
1213 32.8261597387027 1.7901993219275 16.5396341718733 ex
1214 25.1506652371027 12.1102226888761 5.47014604159631 ex
1215 21.4479740282986 12.5021753690671 7.58353692898527 ex
1216 25.5546816308051 11.1065686296206 0.983399822609499 ex
1217 21.0263705456164 12.5076631421689 1.85606927378103 ex
1218 23.1308768615127 6.00932201836258 3.16340577276424 ex
1219 35.9973347801715 5.97771888249554 7.63603769056499 ex
1220 19.2751335718203 11.7294207075611 2.29930636659265 ex
1221 20.5041728594806 1.92297358624637 12.9332015756518 ex
1222 35.2948712909129 9.52249089838006 4.31216481444426 ex
1223 32.3159206807613 3.04496384388767 5.45168630499393 ex
1224 35.5186143121682 7.79001951729879 7.65352536342107 ex
1225 29.304391460726 12.8412872469053 9.61513637704775 ex
1226 22.377679383615 2.69693563273177 0.773603583918884 ex
1227 22.2171390303411 9.17751794494689 10.8508101892658 ex
1228 30.6724686643574 6.50697927665897 16.9284340580925 ex
1229 25.7558931687381 7.79763464652933 17.5038037803024 ex
1230 27.92097917106 4.09652504441328 15.7740041785873 ex
1231 34.2132859297562 14.9318916664924 0.451452846406028 ex
1232 26.5484236150514 2.93230745033361 7.73366739437915 ex
1233 35.487589632161 13.2091015307233 3.25971232564189 ex
1234 22.3712890350726 13.2494400669821 12.8154410060961 ex
1235 24.0246658697724 2.53736007376574 2.4594078916125 ex
1236 29.8544610489625 8.10248629143462 16.968812340172 ex
1237 24.400603212649 9.50430050096475 8.34744296129793 ex
1238 24.1721788235009 6.4141249184031 8.42770084901713 ex
1239 28.4850763692521 1.75932719628327 11.9906023882795 ex
1240 19.6001606686041 3.87427471135743 3.75089153531007 ex
1241 31.5499728561845 16.9499299919698 13.3709554339293 ex
1242 25.3227912909351 10.5117684390862 0.265551052987576 ex
1243 34.6214936007746 11.1585382188205 7.53687198786065 ex
1244 25.7113845269196 10.2233173015993 4.79704500711523 ex
1245 35.3653638043907 11.3475248885807 12.911526245065 ex
1246 35.4150591157377 2.54565489548258 14.4675198032055 ex
1247 29.9405052950606 12.9745562800672 10.7809399436228 ex
1248 24.2668963526376 8.67206545104273 2.25402330351062 ex
1249 20.327507993672 14.5698270772118 13.5116414034273 ex
1250 30.290290117031 9.96638178289868 1.72929151565768 ex
1251 25.4780274580698 17.5538893265184 0.817174135707319 ex
1252 23.3344822754152 1.95431485376321 0.674480378394946 ex
1253 29.741728387773 0.775293552316725 6.60784339299425 ex
1254 31.57822727249 3.06081189634278 10.2214869200252 ex
1255 34.980825509876 15.5520642611664 6.36965023237281 ex
1256 19.1262346918229 4.30982446158305 9.05466655548662 ex
1257 35.0819771680981 2.04026654059999 7.36977960425429 ex
1258 25.638175529195 11.9385532489978 4.04583411943167 ex
1259 22.971414399799 10.0465246688109 7.66608383646235 ex
1260 21.1165740280412 15.173602447845 2.71243929583579 ex
1261 29.4155369668733 6.31232374580577 0.34253516071476 ex
1262 31.530577960657 3.37245231983252 6.56779347872362 ex
1263 22.431253641611 4.41228546272032 3.0695810043253 ex
1264 23.7221952844411 8.0599015771877 1.73989217565395 ex
1265 30.9925440500956 13.1092727181967 9.96476460481063 ex
1266 23.0815761070698 17.4675523624755 5.8831914011389 ex
1267 33.6636950273532 1.96416842914186 2.53348278137855 ex
1268 34.4335594880395 12.1263685552403 14.8866805667058 ex
1269 28.2262099150103 5.86945334891789 8.53882816783153 ex
1270 20.8530164279509 1.40171727957204 8.91786774457432 ex
1271 34.767453991808 15.8983288807794 15.4869809297379 ex
1272 30.5597590152174 11.7296436044853 16.7446484125685 ex
1273 20.8505960770417 16.0523444532882 16.4853235133924 ex
1274 24.0207436953206 3.9804639716167 4.17371443286538 ex
1275 21.2994551835582 2.85167657444254 0.0969786797650158 ex
1276 26.9429696972948 14.5940507191699 9.05052420240827 ex
1277 19.6593446407933 4.66198532562703 5.19014187739231 ex
1278 21.7036018900108 3.2682129109744 2.30608844570816 ex
1279 34.5680343993008 6.37982949707657 15.0273506119847 ex
1280 20.002528789686 13.2102533839643 11.7352596602868 ex
1281 29.8487462070771 0.548926981166005 4.4346499547828 ex
1282 22.2751067299396 10.0573703700211 12.8335774547886 ex
1283 34.4071083816234 2.81413126736879 11.0401383328717 ex
1284 21.3854808080941 9.81748973182403 3.65846242103726 ex
1285 23.4391864773352 4.11030558706261 16.082858571317 ex
1286 26.298530515749 6.89413905469701 9.47725635813549 ex
1287 29.0477406710852 17.9833598877303 7.45145868812688 ex
1288 25.0187887244392 12.3066917390097 12.8934189199936 ex
1289 27.8327746230643 14.5175373961683 14.3150733248331 ex
1290 32.0917649627663 0.093852516496554 17.5056646880694 ex
1291 21.5159846802708 16.5357005421538 5.54179649753496 ex
1292 19.1314920878503 1.54083380545489 8.67454251274467 ex
1293 18.2669800079893 14.7636264869943 7.73360886890441 ex
1294 25.8752263211645 2.99080165615305 5.42943815840408 ex
1295 19.7636817840394 6.2437622663565 12.3908811025321 ex
1296 35.1586395080667 9.75719785341062 1.32920846017078 ex
1297 34.0083301933482 12.2668806011789 0.292343191802502 ex
1298 29.8502151751891 11.4952328503132 6.40970491454937 ex
1299 30.119623614708 17.7437641581055 4.8533493054565 ex
1300 28.3151836632751 16.5148302051239 8.65577018819749 ex
1301 24.0148918731138 2.76365934684873 12.8328510022257 ex
1302 20.8187881438062 16.8389089426491 8.13997052214108 ex
1303 21.150962008629 13.139810439432 0.455244812881574 ex
1304 34.2404293338768 8.53106245445088 12.6544412598014 ex
1305 25.0187059696764 6.68879799358547 17.2723808977753 ex
1306 33.4565937907901 2.60518816160038 2.11474464065395 ex
1307 21.3330268843565 9.06385665666312 4.28669385914691 ex
1308 35.8821185370907 9.41028776112944 7.12060460378416 ex
1309 29.7300500893034 1.85774142760783 9.9054610314779 ex
1310 27.2324843804818 12.7714861272834 14.2541487501003 ex
1311 33.4384591989219 14.2652396345511 5.64293316053227 ex
1312 35.3927230651025 16.8371474635787 12.6997116541024 ex
1313 25.6464293107856 5.38363111298531 9.35632118303329 ex
1314 26.1803824023809 8.86507331533358 15.645793947624 ex
1315 28.039076418383 12.5246038334444 2.50872288946994 ex
1316 20.3240260279272 4.82212404767051 14.9469356713817 ex
1317 32.0363945385907 4.43177219829522 10.4291324804071 ex
1318 31.0744440811686 10.859190979274 9.37151716533117 ex
1319 29.6073129354045 14.2813527612016 11.2702215965837 ex
1320 33.7088216275442 13.9605226675048 14.4398211496882 ex
1321 18.7830984590109 3.78665745654143 0.186807037796825 ex
1322 31.9481767714024 4.66389363468625 12.2874629255384 ex
1323 24.8844800703228 14.9955986477435 13.2026550939772 ex
1324 26.3180227787234 10.4206564691849 1.62127846363001 ex
1325 30.312007118715 13.2299885074608 3.72545495256782 ex
1326 18.6783153468277 9.27134000509977 5.96535799908452 ex
1327 20.8757159302477 4.52400577161461 17.757423770614 ex
1328 18.4726657313295 5.35891290218569 7.83104840153828 ex
1329 27.8411425736267 13.9354265744332 12.0689821545966 ex
1330 32.0152273625135 5.38488692883402 3.78427634481341 ex
1331 22.6185861229897 6.44376262533478 7.52838828903623 ex
1332 29.8913187654689 5.53520145011134 5.48978018574417 ex
1333 26.9984845763538 4.05896261008456 2.7196776594501 ex
1334 25.12256101612 17.946993955411 12.1457482003607 ex
1335 27.9798036958091 13.6845561382361 9.13739191065542 ex
1336 27.7231804123148 0.722305425908417 17.2673650237266 ex
1337 31.1361534041353 17.9503903693985 5.7997113133315 ex
1338 19.3246380893979 17.3788955446798 17.5846055750735 ex
1339 24.4884726819582 0.828964313026518 13.4295744483825 ex
1340 26.6470200398471 14.1387107912451 0.573867628118023 ex
1341 28.3489473955706 4.02186372526921 14.9008240797557 ex
1342 31.3897508278023 16.7908625872806 14.9616576756816 ex
1343 25.7452184914146 8.45116348331794 9.17468157922849 ex
1344 25.5095449304208 10.5457799003925 7.84453511447646 ex
1345 23.2948920063209 9.46657437761314 8.34432040061802 ex
1346 18.4893444725312 0.617441017413512 3.6984972616192 ex
1347 33.0537828204688 2.74787844903767 10.8178537206259 ex
1348 23.7223633823451 17.6660763856489 12.7157781354617 ex
1349 22.4426060698461 8.96503457915969 3.58979581436142 ex
1350 32.2316822374705 1.42141128168441 9.69712783186696 ex
1351 27.7343277910259 11.875072082039 11.3183377271052 ex
1352 22.8546799540054 6.30309845879674 2.37399514764547 ex
1353 29.8155844861176 4.56356713059358 13.622556516435 ex
1354 30.4783248142339 3.52917708689347 3.8797736573033 ex
1355 34.0649541257881 12.9655226322357 7.45081586157903 ex
1356 20.9165200248826 4.87126531288959 9.31842450937256 ex
1357 21.311037927866 5.20243416726589 2.62170319166034 ex
1358 20.6489853248931 11.816914410796 4.90198567765765 ex
1359 26.3758038915694 16.2450635642745 14.269555271836 ex
1360 20.0829639418516 2.70400811661966 16.0429435172118 ex
1361 34.883110571187 11.0916732319165 12.8548637328204 ex
1362 23.560863067396 3.42380418791436 1.2457090660464 ex
1363 34.3896002413239 7.39672857918777 14.4702722381335 ex
1364 30.804354295833 7.24645350803621 11.7907038226258 ex
1365 26.2212149451952 12.4104763800278 5.86411415389739 ex
1366 31.8425301359966 1.99862264492549 14.0007505521644 ex
1367 21.2066315519623 8.2262815895956 16.4662908494938 ex
1368 24.5892280798871 13.6393105566967 7.90395320928656 ex
1369 33.3886830648407 10.4042427830864 7.57587363990024 ex
1370 30.318805054063 10.1806324729696 9.90143415518105 ex
1371 35.6038551332895 4.78663879190572 0.296511546242982 ex
1372 32.3011032918002 3.11355247511528 10.1518654027022 ex
1373 25.2486634361558 9.63378497469239 4.79994707973674 ex
1374 18.1975255967118 13.97228259244 4.55814903462306 ex
1375 33.3595780110918 1.75426548277028 10.7093403497711 ex
1376 25.6672237832099 10.0324680027552 1.60926489252597 ex
1377 25.6024871284608 14.8673075414263 10.3544723314699 ex
1378 25.6201051787939 12.0877784641925 2.82505504251458 ex
1379 33.4818433271721 5.65841432707384 6.91680115740746 ex
1380 26.2925765470136 7.83795805601403 10.4980580965057 ex
1381 32.8397093454842 7.19019236019813 6.50036621163599 ex
1382 20.7552299005911 4.7793895828072 7.47640404733829 ex
1383 27.3690907265991 14.3202682291158 15.1276356047019 ex
1384 26.3256238815375 3.37442502519116 2.16610823082738 ex
1385 20.5323181136046 1.66070102714002 16.1829965044744 ex
1386 35.0259351241402 4.1129296652507 7.48447017651051 ex
1387 35.4108897310216 9.33273699996062 14.2796442455146 ex
1388 29.1119677911047 16.3720016118605 11.6722406914923 ex
1389 27.92354870704 6.80158633110113 0.854695186251774 ex
1390 23.0049081053585 10.9672559988685 8.14973537879996 ex
1391 27.6255072199274 9.16232338082045 8.52361115231179 ex
1392 27.5545783217531 17.9666849167552 13.7188811509404 ex
1393 25.2558653871529 4.63305071601644 15.2041311585344 ex
1394 33.6228558351286 6.38724367041141 5.74450321728364 ex
1395 26.4385030618869 5.20877895900048 4.25303739332594 ex
1396 28.0295920895878 2.80659228749573 9.51672044931911 ex
1397 27.6027236843947 5.87191649083979 17.283042991301 ex
1398 33.0765850995667 13.267316899728 13.0564386756159 ex
1399 31.8731956083793 17.4860226332676 1.12271746131591 ex
1400 23.5551629399415 11.8373793633655 5.61603024462238 ex
1401 28.3065444715321 9.13371085072868 3.90300573315471 ex
1402 30.2126362812705 11.3050747159868 12.587223632494 ex
1403 34.538877608953 9.13018286344595 1.01466924371198 ex
1404 32.9779607539531 8.99698788649403 7.65724269021302 ex
1405 34.7479061223567 13.1829692011233 2.5723505797796 ex
1406 23.6290431425441 10.8981186326127 16.8414216029923 ex
1407 25.5280480049551 11.0493157126475 15.3968079062179 ex
1408 29.7108897515573 8.58209228026681 5.42867822549306 ex
1409 32.3883152548224 15.6248308611102 0.896774017019197 ex
1410 19.5757512913551 17.5724198459648 16.0454340160359 ex
1411 20.0372618869878 17.2305181403644 6.22456521820277 ex
1412 34.7620803245809 13.1002174881287 8.2482422303874 ex
1413 26.27193885413 0.197089233668521 13.87954574381 ex
1414 33.3785243460443 7.55329323885962 13.4281292168889 ex
1415 30.0794130307622 1.88369988347404 2.52580638322979 ex
1416 28.1839477182366 2.12389823095873 13.2715143370442 ex
1417 34.0277788613457 1.76564216171391 7.17799024819396 ex
1418 24.56765797548 3.78915232140571 13.9201496168971 ex
1419 24.1140776502434 12.3711574987974 3.45370514993556 ex
1420 26.4494021430146 0.156362968031317 2.62690147687681 ex
1421 19.5337698596995 9.23833599523641 5.3666943483986 ex
1422 35.9535295781679 10.2836249263491 7.88238596520387 ex
1423 25.6101734379772 5.27352416142821 14.2454250627197 ex
1424 25.1961054850835 2.68357084435411 17.0909116906114 ex
1425 25.8276562544052 15.4024630696513 4.46915566478856 ex
1426 23.2517035873607 3.59692076453939 9.40985906589776 ex
1427 21.3662921113428 11.8324219642673 1.71879556099884 ex
1428 18.4708197060972 12.7267563098576 9.16265002568252 ex
1429 32.6280236875173 15.6524568686727 8.78223763289861 ex
1430 35.773732957663 16.5177825067658 13.9081010085065 ex
1431 26.4969503569882 1.96094698715024 1.52813197532669 ex
1432 23.0666137703229 7.52188810473308 7.49683256377466 ex
1433 24.4730229969136 5.09965773415752 10.9814419851173 ex
1434 27.6059417049401 5.41498729796149 11.8400719074998 ex
1435 20.3969153764192 11.4701989893802 2.94772383966483 ex
1436 29.3523505565245 16.8650784722995 10.3290960672311 ex
1437 20.4137499232311 14.9582525582518 3.35474978620186 ex
1438 26.020125502022 15.7601993484423 16.3424742515199 ex
1439 22.5531334807165 12.7693540900946 5.27555445907637 ex
1440 28.9338933443651 3.3183665422257 1.93103876826353 ex
1441 21.145967528224 3.24197993334383 5.60231147659943 ex
1442 19.6183292216156 2.77877905126661 2.97447428689338 ex
1443 19.9001425527968 13.905254913494 1.05464441003278 ex
1444 18.9357551373541 8.41150219761766 10.4285585395992 ex
1445 20.2746502263471 11.1079897619784 6.0826683207415 ex
1446 26.6679785589222 1.29099415475503 12.2329672002234 ex
1447 24.7703146964777 16.9332231369335 14.5869376382325 ex
1448 24.7265316955745 0.747845840640366 0.661391018424183 ex
1449 29.8681781750638 14.7916076942347 17.7917893277481 ex
1450 29.6932457566727 16.5190757599194 5.35801658197306 ex
1451 25.9582832506858 17.1872069002129 1.37247102148831 ex
1452 30.8827442969196 4.90234210388735 3.91405624407344 ex
1453 25.7704429554287 12.4856335271616 17.5397107366007 ex
1454 19.9934733323753 14.6432025539689 7.43952317815274 ex
1455 34.6526156181935 11.110506357858 17.2114678153303 ex
1456 25.0659102962818 15.138978215633 7.01272741751745 ex
1457 24.5952623479534 16.1015525641851 5.02830164204352 ex
1458 19.0374681176618 0.0165653440635651 6.65046899532899 ex
1459 26.5391613475513 3.97678033378907 13.9645446452778 ex
1460 21.6927186143585 1.50924898474477 6.93406417453662 ex
1461 22.2627485238481 4.93799815070815 2.93230051011778 ex
1462 24.7354601665866 5.20764366793446 1.53349485946819 ex
1463 35.7162279984914 10.2582029220648 0.422109284205362 ex
1464 21.0992724986281 4.95994933578186 3.89051982806996 ex
1465 33.3985358439386 16.5762021620758 9.14796096342616 ex
1466 32.2573189588729 17.5583050355781 15.2904800560791 ex
1467 26.9271959848702 16.6101131015457 15.6006650880445 ex
1468 24.6089141750708 2.32127843308263 15.831821722677 ex
1469 20.9129161357414 17.6900736815296 7.97487260005437 ex
1470 18.015150378691 16.2311888739932 0.473481085384265 ex
1471 33.2406119448133 3.35473088664003 1.39551515225321 ex
1472 20.88343488588 5.46755077946 12.2016389188357 ex
1473 33.0442627584562 0.687873482471332 17.635983153712 ex
1474 32.3760790280066 8.33426570054144 0.60137031157501 ex
1475 34.3708803020418 12.4877636751626 5.1855455560144 ex
1476 29.4636762018781 15.4146914465819 10.0141570924316 ex
1477 26.764470575843 12.5821678796783 17.6194277573377 ex
1478 34.0510096678045 4.84520924463868 14.0819374611601 ex
1479 32.697113241069 2.45969552034512 6.3052411833778 ex
1480 18.5072275907733 1.7966985416133 11.4579213997349 ex
1481 33.2114812466316 5.81879369611852 15.8395006393548 ex
1482 31.3629675784614 11.6484733757097 6.71347250975668 ex
1483 23.6184389300179 11.7113622231409 6.06094086030498 ex
1484 29.0171000149567 11.0296110685449 13.5855196807534 ex
1485 30.4074247472454 13.8949874155223 11.4287204509601 ex
1486 27.0704230444971 1.13475689594634 1.3941163206473 ex
1487 31.7822385500185 8.01676561497152 16.9607199926395 ex
1488 26.2707640239969 0.90684026107192 10.0913628195412 ex
1489 29.4338811712805 5.69809061009437 17.8836014126427 ex
1490 19.9409436825663 9.73389650206082 17.8594212457538 ex
1491 23.8084916169755 15.6773689270485 1.48913053655997 ex
1492 22.8589022886008 11.5545915663242 4.38593734754249 ex
1493 18.1264068281744 15.0110116866417 7.00925076357089 ex
1494 20.3269588802941 10.9713151261676 16.9881210832391 ex
1495 31.0466126848478 9.01881074835546 6.13728712289594 ex
1496 21.8506750715896 2.98782910895534 11.4782755498309 ex
1497 30.7580794927198 6.37365259882063 14.9026006374042 ex
1498 21.3030293183401 4.70009216060862 13.2456051181071 ex
1499 20.7677727725822 17.3001174465753 5.84236228861846 ex
1500 30.6840048138984 3.82416567602195 1.26754641649313 ex
1501 32.3161232352722 7.25077421520837 16.2959395262878 ex
1502 21.6204176291358 7.50399598595686 17.6300077631604 ex
1503 22.6397754978389 15.5726341209374 11.5268638597336 ex
1504 31.4822712566238 3.36841974034905 11.2728516883217 ex
1505 29.0545115377754 15.4402797175571 0.0870663684327155 ex
1506 22.444567036815 5.8365471761208 11.0868698200211 ex
1507 33.9214513248298 11.8370883103926 12.3413785789162 ex
1508 33.1671280330047 0.0423639842774719 10.5653844142798 ex
1509 18.7009313048329 7.14492737478577 2.96944412169978 ex
1510 32.5448664603755 7.76660152920522 5.14134235237725 ex
1511 23.84881520411 16.903353895992 5.11507084290497 ex
1512 33.4842359547038 1.38503081444651 14.0310843752231 ex
1513 27.6419912248384 8.12885325448588 0.0532237763982266 ex
1514 18.6729022893123 12.7950975343119 1.66041110921651 ex
1515 20.8751519497018 6.46566763776354 1.6770131830126 ex
1516 21.1461972349789 4.21080705779605 14.4469360457733 ex
1517 22.2466479840223 0.060391528531909 7.5382202072069 ex
1518 25.0870804085862 5.23356760363095 15.6120269980747 ex
1519 34.169514486799 6.06192062818445 13.0847958975937 ex
1520 22.485876688268 16.7458593721967 3.74486149405129 ex
1521 33.5552077721804 2.6394587282557 14.8680300922133 ex
1522 23.2935162384529 0.623484889278188 15.2240210971795 ex
1523 32.8479838639032 8.73703320766799 14.9125477175694 ex
1524 29.4771323788445 6.20735182077624 14.9138950570486 ex
1525 23.1519111061934 0.239073302131146 6.48606631858274 ex
1526 21.1357398550026 1.9633214303758 12.5986267656554 ex
1527 31.7591023263521 14.8655167266261 6.08582923538052 ex
1528 29.311355629703 9.60430306103081 16.2098468672484 ex
1529 22.8414807466324 10.5333650119137 8.97444705059752 ex
1530 22.8880573872011 10.5996051889379 5.58900404605083 ex
1531 26.9719989888836 7.64435515413061 13.8843318019062 ex
1532 29.5399629583117 1.60677691968158 2.73709637345746 ex
1533 29.1245730805676 10.4686208344065 12.6331251044758 ex
1534 20.1446824688464 1.58764368970878 3.01924735028297 ex
1535 20.6899461599533 17.2526570663322 15.9050598298199 ex
1536 29.9735939051025 11.7373099362012 5.84740566788241 ex
1537 29.3233284864109 9.5776466964744 5.21707014599815 ex
1538 28.0718886076938 13.9134925564285 6.01269038324244 ex
1539 29.9913667014334 13.6037009248976 4.1882398459129 ex
1540 28.6212881775573 15.8278835900128 0.699325099121779 ex
1541 25.4187427060679 11.6578388740309 1.99378601135686 ex
1542 22.9539337167516 10.4209430159535 10.4875705835875 ex
1543 18.7523095952347 14.9075236944482 5.59097743709572 ex
1544 24.3369884330314 2.60308925714344 11.7414099997841 ex
1545 22.1901426515542 14.9775281776674 8.71896246448159 ex
1546 27.9808870712295 2.34683368960395 17.8675966435112 ex
1547 25.557127596112 14.4770166804083 9.80121029284783 ex
1548 25.9055184402969 9.03512173239142 6.03120109206066 ex
1549 20.5066451351158 15.6941018046346 15.9348074656446 ex
1550 23.6706951484084 10.9803684703074 17.8367223041132 ex
1551 34.6908536097035 1.3358198038768 12.4063423757907 ex
1552 29.1533311302774 14.5218615576159 7.20136135304347 ex
1553 26.2582969609648 6.61616749153472 13.7635466747452 ex
1554 19.471909960499 7.88232410512865 16.7295758442488 ex
1555 29.101618374465 10.2834910023957 14.640763745876 ex
1556 29.2036882534157 0.898472215281799 11.830283020623 ex
1557 20.5738978711888 13.3833957037423 7.06894962233491 ex
1558 29.3882660132367 11.4973956795875 16.1274114074185 ex
1559 35.8280513859354 11.6511630993336 14.2957067694515 ex
1560 21.5858188294806 5.4017750248313 13.4480073191226 ex
1561 22.7589923033956 11.4646220449358 0.372806617524475 ex
1562 21.7734100015368 10.6832180686761 14.4977091520559 ex
1563 35.912183504086 14.4114486635663 9.8834443371743 ex
1564 26.0541154618841 9.72974438895471 10.5872723788489 ex
1565 33.1695244505536 9.15861146780662 14.8772242674604 ex
1566 30.441823719535 3.34086715616286 4.42287524580024 ex
1567 31.590017732 17.4104237873107 14.0196620433126 ex
1568 32.3769993500318 7.12370350304991 4.07321111578494 ex
1569 19.9619999672286 12.3476593187079 2.96203013672493 ex
1570 18.3305131990928 6.08310990780592 2.36417945567518 ex
1571 32.7228981219232 17.2529729583766 2.48277276102453 ex
1572 35.8371631829068 0.284998532384634 7.00795923219994 ex
1573 19.1414463911206 13.9171820962802 13.8300335302483 ex
1574 33.5344236807432 16.7979833860882 10.4906527798157 ex
1575 35.4141980551649 13.1536239478737 11.3878562094178 ex
1576 23.6620051495265 13.7087400988676 0.00781845115125179 ex
1577 31.9431320664007 7.4330337792635 2.37250291625969 ex
1578 34.7354028711561 3.68633889965713 15.3739874209277 ex
1579 25.457147578476 5.06929481145926 10.4277771075722 ex
1580 24.8444784337189 9.4133226708509 3.05711177946068 ex
1581 33.1276756713632 7.50789056485519 15.7882502176799 ex
1582 30.5779792841058 0.455965590663254 17.9503531868104 ex
1583 33.4193526182789 10.9577242382802 3.78703598235734 ex
1584 33.1561338691972 12.6062534579542 0.553080769255757 ex
1585 31.6209270877298 2.07370054209605 7.63530854484998 ex
1586 19.3313146932051 5.38892577425577 6.62165360059589 ex
1587 32.2779324969742 13.7034225247335 16.6957192951813 ex
1588 30.2431577409152 0.72161716572009 6.55314876628108 ex
1589 33.6636755068321 17.2389370729215 0.311668714741245 ex
1590 31.0601705389563 15.4794196665753 10.530565177789 ex
1591 31.5870967067312 11.5425427013543 4.98238875903189 ex
1592 23.1644533874933 0.993970744078979 9.22099404432811 ex
1593 23.9158058280591 16.4299066807143 16.0343031696975 ex
1594 30.1976829234045 17.8204287386034 0.583022262202576 ex
1595 18.4656309981365 3.87804378871806 16.3084617534187 ex
1596 23.386733854888 0.787232014117762 13.3103581040632 ex
1597 29.5901177062187 3.07433951995336 9.34230342158116 ex
1598 25.0576920595486 11.4321501734667 13.9965929025784 ex
1599 25.4208092282061 10.3833028054796 10.1850819720421 ex
1600 25.0766218656208 8.53165650949813 5.96815989376046 ex
1601 35.1097380598076 0.127312638796866 14.0461607933976 ex
1602 26.4181811595336 7.24695646436885 15.1960035820957 ex
1603 25.6961224388797 7.01216326607391 11.9842510495801 ex
1604 23.8683953287546 13.9444574222434 15.2760142365005 ex
1605 25.8793072791304 1.10040503041819 12.1722874850966 ex
1606 32.7300105243921 5.90465168049559 14.495129684452 ex
1607 27.1008027216885 4.44684616685845 4.3287527798675 ex
1608 35.5332147306763 7.82896622829139 14.7076184537727 ex
1609 21.6555246915668 9.22043670876883 5.66082404111512 ex
1610 22.1741625436116 11.7688662959263 1.98712928569876 ex
1611 30.7761825774796 1.39708161330782 15.891500195954 ex
1612 29.3431571649853 17.5038789901882 5.33707370399497 ex
1613 18.8721488681622 15.5414164548274 10.803498085821 ex
1614 21.3972699150909 0.827330449596047 0.174576672259718 ex
1615 28.9227236662991 6.89946063305251 5.51733892597258 ex
1616 32.9032602456864 11.6049806119408 15.7651483102236 ex
1617 34.3154479188379 2.38609982817434 14.604865770787 ex
1618 24.3251425758936 0.175792252877727 16.024866538588 ex
1619 35.6918172200676 1.46338666183874 0.814526959089562 ex
1620 19.5285913487896 3.99796126224101 9.2115744180046 ex
1621 33.9222945549991 3.3077421602793 10.8266783759464 ex
1622 28.0390457429457 7.08095471491106 2.59678411856294 ex
1623 30.1469678236172 13.0689029085916 15.0684334367979 ex
1624 27.7202550203074 7.73002166277729 10.020890384214 ex
1625 23.2306651005056 1.63388680457138 9.24048757506534 ex
1626 32.4775589432102 0.783385750371963 4.7119271485135 ex
1627 32.7759812097065 14.8829636068549 17.399894265458 ex
1628 33.6419900669716 16.430750541389 12.7696701074019 ex
1629 32.1466470826417 6.16687903390266 7.87251740158536 ex
1630 34.5979344348889 9.40335373138078 0.885305241681635 ex
1631 21.1626915924717 17.021757503273 5.89308381034061 ex
1632 20.5594885309692 12.0525774534326 16.328462417936 ex
1633 32.0245953423437 17.1717286326457 16.6939077980351 ex
1634 31.9165121708065 3.97272564750165 2.93531280825846 ex
1635 23.7823700106237 16.460052221315 14.377660733182 ex
1636 35.1539986613207 5.63616947480477 3.1111601612065 ex
1637 31.4489572884049 13.3635604779702 15.0915802111849 ex
1638 30.4817403745838 2.13560017198324 11.7094733091071 ex
1639 26.8012201555539 1.09545800508931 5.24235852435231 ex
1640 27.9161642275285 17.9373056804761 10.2197572325822 ex
1641 27.7881470522843 3.87637064186856 6.18435694184154 ex
1642 18.0048221023753 1.57511645648628 13.6426449266728 ex
1643 34.9025601772591 1.43016134528443 3.23478037607856 ex
1644 20.1188770555891 9.16080018528737 4.87687883665785 ex
1645 18.820258511696 6.77657152409665 17.6253849517088 ex
1646 20.3956700651906 11.1009780070744 13.8277009280864 ex
1647 25.0237143756822 16.7847757914569 7.56762567325495 ex
1648 24.4471838911995 10.0442143597174 12.3689820289146 ex
1649 26.8634133292362 0.465483553474769 12.3986625843681 ex
1650 28.2482925709337 5.5665965762455 15.2741200898308 ex
1651 30.5910896963906 2.80555504653603 15.0953102307394 ex
1652 21.0236124026123 14.4894450542051 1.41262461571023 ex
1653 21.4824596426915 14.1365035208873 11.886554245837 ex
1654 18.9656032440253 16.7817985045258 9.6487493251916 ex
1655 29.7336131404154 16.7734947227873 9.90906014037319 ex
1656 33.095261390321 10.9276095042005 14.594722380396 ex
1657 22.2190361202229 14.4267522122245 15.099999461323 ex
1658 19.7709715075325 1.09359138458967 16.2251658518799 ex
1659 20.0624282469507 11.4827369637787 8.78137415344827 ex
1660 31.5930760877673 12.2961126351729 0.82110757776536 ex
1661 30.9328699782491 4.81336598121561 5.73998557589948 ex
1662 23.031213350594 16.0325571051799 15.9263693974353 ex
1663 30.1402959562838 10.3253659247421 8.83896341710351 ex
1664 19.2290844297968 13.8280667338986 6.62689429544844 ex
1665 25.9367194646038 2.49572250712663 14.8286240603775 ex
1666 28.8652431464288 11.971786091337 12.6237019770779 ex
1667 20.8267804749776 12.0550821425859 14.8684380091727 ex
1668 27.4801611099392 13.8441278440878 13.2178829542827 ex
1669 29.0959260670934 8.93538885144517 6.41368499677628 ex
1670 21.7779236789793 9.16931927553378 11.2234617071226 ex
1671 32.9267770198639 11.1555079594254 7.34004100388847 ex
1672 32.6908356409986 6.71517223794945 6.93989405827597 ex
1673 19.5684370058589 7.46338972472586 4.5154798743315 ex
1674 28.7759199452121 12.1636524212081 9.71082510310225 ex
1675 24.2733889173251 5.24273258028552 9.34513183124363 ex
1676 21.910179884173 8.862426050473 6.12000922253355 ex
1677 30.3511747992598 9.63030367274769 3.15025389776565 ex
1678 29.7460286002606 2.28203308349475 0.634702691109851 ex
1679 27.0352200833149 10.7180944713764 14.3864414445125 ex
1680 24.1423068204895 4.8058638528455 0.230555306421593 ex
1681 32.6582716745324 13.7181090672966 3.54953139112331 ex
1682 30.0153871111106 11.2112874030136 14.9516831331421 ex
1683 31.5679173166864 5.69801673502661 5.107539761113 ex
1684 31.5096110443119 15.318381099496 1.76490672538057 ex
1685 30.5256889450829 12.0994334530551 14.8758876484353 ex
1686 18.2228202428669 15.1239322938491 3.49680346925743 ex
1687 32.9232129887678 8.44738147268072 5.41298028221354 ex
1688 21.8050894543994 17.1625789296813 16.0903370755259 ex
1689 33.8355494856369 8.23040434555151 9.53246701974422 ex
1690 18.683046748396 3.19469518819824 12.7256429763511 ex
1691 22.1138164007571 13.5801045210101 17.28520412324 ex
1692 18.9683331679553 4.28019903926179 2.20566381164826 ex
1693 23.0478320396505 16.6373452381231 4.92252949764952 ex
1694 20.4354941411875 8.97920821257867 0.231596975587308 ex
1695 26.3823606153019 17.2183182088193 5.38440268184058 ex
1696 34.8356513495091 6.41977563034743 4.2913626243826 ex
1697 19.5703915313352 9.94049788126722 13.9657832114026 ex
1698 32.7619490020443 0.86292625265196 8.78647699742578 ex
1699 23.820025304798 4.87058135308325 10.2016969390679 ex
1700 22.8175524794497 16.8543944829144 6.34683438017964 ex
1701 28.2378263669088 0.172295976430178 4.18923694267869 ex
1702 21.5419724276289 8.07309729093686 3.01582806045189 ex
1703 27.7808575744275 4.83411518903449 2.38511386397295 ex
1704 24.4519942053594 16.1719211903401 12.8326377333142 ex
1705 23.2380075207911 6.4480316855479 11.5596895902418 ex
1706 25.4509430071339 5.72575642238371 1.4853323737625 ex
1707 29.8132182182744 10.4854414600413 4.85783953499049 ex
1708 30.6288657465484 13.5990994982421 7.09887938993052 ex
1709 28.3919261333067 13.0199747346342 9.81726301391609 ex
1710 20.6644418314099 3.06374262319878 3.49217455857433 ex
1711 22.3442702416796 11.1609909464605 13.7685539182276 ex
1712 28.9426676689181 13.5589291434735 4.82693597185425 ex
1713 21.3393710830715 9.79300029831938 17.5388232953846 ex
1714 29.4779824789148 17.7301127908286 3.94319708785042 ex
1715 33.4168282521423 8.0083457629662 11.723531950498 ex
1716 21.4571990917902 10.8115907628089 17.6529615931213 ex
1717 33.5091078449041 13.0652164460625 12.1210360557307 ex
1718 35.5793148984667 7.28440871625207 1.49037413625047 ex
1719 25.643002001103 0.343618508661166 12.4317701826803 ex
1720 25.965833197115 7.9217165466398 6.07766245654784 ex
1721 24.608339384431 14.5884013073519 6.49896413553506 ex
1722 21.2834492465481 2.96280031977221 13.7976761667524 ex
1723 30.5078832162544 8.30598536645994 3.01155629591085 ex
1724 31.2416226745117 11.6859681492206 2.27781930658966 ex
1725 27.4754980674479 11.5476444594096 3.08638105425052 ex
1726 34.7628167641815 15.1625748777296 9.98363324161619 ex
1727 18.6211071352009 17.911699347198 15.1776255916338 ex
1728 30.0071557129268 4.47486855275929 15.6621519294567 ex
1729 27.9735344706569 13.3030713009648 4.48140488541685 ex
1730 22.6699973752256 12.4517043163069 10.2247970914468 ex
1731 29.9190225112252 2.08726911433041 8.23507274826989 ex
1732 32.4078657357022 0.404832164756954 16.6870290983934 ex
1733 35.0522156362422 1.20797721925192 1.46561134816147 ex
1734 18.1787044689991 15.3979722154327 15.5922904261388 ex
1735 18.4266214543022 4.42364070285112 1.3681830689311 ex
1736 23.2253118969966 4.87147313915193 1.94870672025718 ex
1737 22.6085151094012 1.434432847891 17.062997414032 ex
1738 31.6157829125877 14.5637313544285 10.2559842122719 ex
1739 26.3330388346221 11.6184351914562 12.011971476255 ex
1740 35.4926377604716 13.1326935288962 0.380109469173476 ex
1741 30.7027007678989 7.9177921989467 15.6112730472814 ex
1742 21.6649202306289 0.0671841506846249 9.92504149372689 ex
1743 28.1389130891766 9.08391878311522 13.7362555237487 ex
1744 29.6609731446952 2.25247778580524 5.23077015625313 ex
1745 23.7727133128792 1.52091780584306 15.2882011954207 ex
1746 32.4735658827703 3.7752876742743 7.99972116947174 ex
1747 25.6476652382407 3.73405623016879 1.73113971250132 ex
1748 24.6832087615039 5.63968698913231 14.670781011926 ex
1749 24.8368750556838 0.566166369011626 6.32681912253611 ex
1750 34.6909348403569 17.2596380570903 13.8265167549253 ex
1751 30.3242427937221 3.87897898070514 12.2552763835993 ex
1752 18.4587587313727 7.74170792731456 0.0182973952032626 ex
1753 20.9959317147732 11.2310471991077 1.97280815523118 ex
1754 33.7653515201528 1.07959139626473 12.4316670452245 ex
1755 24.1911733273882 6.12009191373363 4.77907650428824 ex
1756 34.3025815817527 11.6715381783433 16.92071420094 ex
1757 35.1322028115392 11.9939462048933 10.5983844909351 ex
1758 24.32394048688 7.10427235718817 4.22035282477736 ex
1759 29.1282617503311 9.43716502003372 12.6526101431809 ex
1760 20.9783091237769 10.4785311825108 4.75938723632134 ex
1761 18.8474095668644 10.2796061763074 5.22629373217933 ex
1762 32.6552268366795 17.4981490012724 4.66033772029914 ex
1763 21.7199361245148 6.563620980829 0.659482820658013 ex
1764 34.7527358769439 7.01388772390783 16.5991956312209 ex
1765 31.2592893464025 13.8400224174839 17.3376714556944 ex
1766 35.9077510156203 4.47034502564929 15.1262903842144 ex
1767 24.5291433364619 10.3551091419067 3.62548306491226 ex
1768 18.578293757746 13.9251000103541 7.19078839663416 ex
1769 35.4159695517737 8.8631438864395 2.8953836094588 ex
1770 26.7573578639422 11.5072798461188 17.708884634776 ex
1771 32.0338943158276 12.3810953856446 16.0550966921728 ex
1772 18.6174967102706 12.766162219923 10.1499334853142 ex
1773 18.3144834330305 7.76893607806414 3.90124535723589 ex
1774 23.6107630345505 0.894645661115646 14.5838337584864 ex
1775 19.8117715129629 3.92489092051983 13.9159852929879 ex
1776 24.6390285952948 9.19298087037168 17.7755704729352 ex
1777 28.4125800242182 1.29112466191873 15.4280525480863 ex
1778 22.5508788356092 1.26949919248 2.96383592439815 ex
1779 28.9673993780743 4.72025119117461 12.6761198954191 ex
1780 30.9354664408602 17.0140190941747 16.9393357280642 ex
1781 23.3423326355405 9.90332658612169 10.4728749506176 ex
1782 29.8593035095837 11.7783544007689 12.0778125270735 ex
1783 28.6482628509402 9.9536822475493 17.2630089081358 ex
1784 22.6364554252941 11.6846371169668 11.7733432245441 ex
1785 30.4319703823421 6.48646780359559 1.98484738357365 ex
1786 31.6821359538008 12.6699547988828 4.26132501475513 ex
1787 34.5240164310671 11.0845936147962 10.2753574301023 ex
1788 23.0720253598411 0.179750204319134 16.853066647891 ex
1789 31.3920866118278 9.07896135840565 4.25114867580123 ex
1790 35.7948251417838 13.0472474647686 5.19852129160427 ex
1791 32.4577022753656 3.66405004635453 3.63624449004419 ex
1792 29.3289243578911 8.97427720343694 9.15212408290245 ex
1793 35.8705684754532 9.2669497365132 8.30522192828357 ex
1794 24.3640165268444 7.40505683119409 8.05726241180673 ex
1795 25.0509009282105 6.7477581105195 11.8561987145804 ex
1796 32.0234705333132 15.6991338022053 12.9878571631853 ex
1797 34.3483202259522 17.8965938850306 0.943479151697829 ex
1798 28.9835185818374 15.7523298435844 2.19810801185668 ex
1799 18.5287789113354 8.12922156462446 9.736802108353 ex
1800 32.9347876948304 16.4781247770879 12.8133566228207 ex
1801 26.7247360988986 4.96095680375583 4.73326183785684 ex
1802 21.1057043166365 6.83707325975411 10.8991565457545 ex
1803 26.4337830573786 7.92759217415005 14.3712898087688 ex
1804 33.8355908195954 10.2021846298594 4.85028383182362 ex
1805 28.0306210985873 7.42092192452401 5.17367689684033 ex
1806 21.2938057028223 1.43773573124781 9.36280277767219 ex
1807 27.7485348461196 4.48063513403758 12.1841854858212 ex
1808 31.1124988759402 13.6830666353926 9.58482223260216 ex
1809 29.0818856528495 13.7384706642479 0.585203728638589 ex
1810 26.7396389176138 3.98828208283521 8.0223428690806 ex
1811 32.4588399156928 14.2916127340868 7.30810794560239 ex
1812 34.6730376414489 17.5275046236347 16.7787689829711 ex
1813 30.7325110475067 16.170414177468 7.85887456219643 ex
1814 32.5833968855441 17.4710428505205 5.3281036419794 ex
1815 27.942468410125 10.5391457062215 12.0567492679693 ex
1816 34.2300009154715 10.0542453972157 5.55738728377037 ex
1817 32.5661917368416 2.0924869470764 1.43324750382453 ex
1818 22.4312571275514 14.6422743860167 1.47337975911796 ex
1819 19.2474213719834 2.10331251379102 15.8615137108136 ex
1820 23.4752154261805 15.3440006917808 9.48110987409018 ex
1821 21.9335953088012 15.4107366972603 3.13265794538893 ex
1822 27.5211625208613 2.38018248719163 7.5535907545127 ex
1823 22.6903881325852 3.30954749067314 0.434793257387355 ex
1824 34.8253216776066 7.91723549203016 15.1393329221755 ex
1825 24.0308553711511 7.99837011448108 14.8746304058004 ex
1826 28.1326250156853 16.9147114250809 0.539379846770316 ex
1827 18.4258387912996 3.61621836689301 4.63210737891495 ex
1828 18.5607097879983 0.322614895645529 8.63385820854455 ex
1829 20.0971434682142 12.5091522298753 3.85487838671543 ex
1830 32.9541147381533 14.5814061048441 6.11326814885251 ex
1831 29.2236062795855 14.7762580399867 10.4859050980303 ex
1832 24.8256218538154 12.8683930141851 15.545969103463 ex
1833 32.7793461352121 2.5770542442333 0.791033317102119 ex
1834 21.6755367466249 16.0815989125986 3.49322197050788 ex
1835 31.0132200124208 3.60290947416797 7.29407791653648 ex
1836 29.9789963951334 1.44361416972242 13.6617033868097 ex
1837 28.967762672808 8.4964525368996 16.2653615642339 ex
1838 25.0084087089635 9.27119071572088 1.0709516138304 ex
1839 35.8133876614738 4.03119365009479 1.22268385137431 ex
1840 27.8859572284855 6.29928085277788 13.1730331615545 ex
1841 20.6146353667136 0.462070258334279 14.3244957926217 ex
1842 24.4542869369034 6.87594848545268 17.5339737031609 ex
1843 27.8384462955873 7.69135736115277 5.82479190849699 ex
1844 27.906102059409 8.57364768837579 3.68565175426193 ex
1845 30.1254177785013 11.0380446636118 11.8251857915893 ex
1846 23.8656440048944 15.4141218052246 10.8241102367174 ex
1847 33.5864714954514 6.27699916390702 2.59888850920834 ex
1848 30.9776696274057 12.7212551995181 17.7860514076892 ex
1849 18.4624876095913 4.04918321687728 6.51573624275625 ex
1850 20.4522327845916 10.3763940983918 3.87790414504707 ex
1851 21.6789222171064 17.7013777885586 1.00839722948149 ex
1852 19.8013381329365 4.90869088680483 17.5563040785491 ex
1853 19.0967099086847 8.29734369041398 0.539251584326848 ex
1854 22.632834212156 12.2478588710073 13.57247245498 ex
1855 19.6129269623198 15.7799251105171 14.8033126993105 ex
1856 23.7461910096463 12.6349849875551 7.0816913167946 ex
1857 30.9795190419536 3.59772520489059 0.756255431100726 ex
1858 28.0431009829044 4.55098342057317 7.93801000667736 ex
1859 32.0994097292423 9.53086364478804 7.02764060604386 ex
1860 27.3348006559536 9.12020631297491 5.09770343545824 ex
1861 22.6803033843171 7.69475909415632 2.96679497999139 ex
1862 19.9321930508595 14.0222778564785 2.61099156714045 ex
1863 29.6560295075178 0.757355885114521 3.91175955161452 ex
1864 26.1310736997984 13.0913838627748 12.3787326535676 ex
1865 20.736659826478 15.9307451033965 16.9628254314885 ex
1866 32.2980045971926 12.2612233292311 12.544436799828 ex
1867 31.4557740741875 16.6202535664197 1.8728111225646 ex
1868 25.8623904807027 17.7143061337993 4.36030714958906 ex
1869 26.1605778671801 2.07957262685522 17.3341362716164 ex
1870 29.3119098488241 2.3021249002777 6.03023404162377 ex
1871 32.8979549943469 11.9696087336633 16.250361107057 ex
1872 31.8785630967468 4.599936444778 9.76919132634066 ex
1873 31.7746252347715 5.37140008807182 13.9321354487911 ex
1874 26.1438061960507 10.7120349437464 2.70777825312689 ex
1875 30.1165255829692 8.65525186550803 4.57735828938894 ex
1876 30.9261849753093 0.750603880966082 5.51060129143298 ex
1877 33.3099682058673 1.82012412464246 17.7641562898643 ex
1878 20.0463872936089 0.945538050262257 1.2634345991537 ex
1879 26.083332964452 5.4981312896125 8.2025135057047 ex
1880 19.7475374634378 2.74766272190027 10.2493083043955 ex
1881 27.6040617227554 7.08786627394147 2.20814864267595 ex
1882 24.9608590400312 3.56146906805225 2.17341399006546 ex
1883 21.0037000018638 15.2262703895103 13.5030919227283 ex
1884 24.1536075673066 11.8527696039528 6.28497714130208 ex
1885 19.6304273768328 7.40339977946132 10.1419001691975 ex
1886 21.8061834026594 17.0090891278815 17.3244217741303 ex
1887 35.5614935695194 12.8756463311147 12.7839091839269 ex
1888 30.5507633108646 9.21230161539279 6.75824105157517 ex
1889 26.4165217548143 11.0894120007288 5.37685432238504 ex
1890 23.2666839144658 9.4285712831188 1.47526094084606 ex
1891 27.5540049425326 7.81433742353693 8.70667329756543 ex
1892 32.5152936561499 7.88092273660004 17.7082421223167 ex
1893 26.4557952638716 1.66289618937299 16.8478992087767 ex
1894 22.4529202533886 10.3453231903259 15.465362850111 ex
1895 32.2609719741158 1.19062824547291 6.24202593090013 ex
1896 25.0815354010556 12.2154170854483 15.3106215246953 ex
1897 35.5449299663305 0.172653534216806 5.33022260246798 ex
1898 27.7550235884264 2.59278782969341 11.63059190684 ex
1899 25.7465828896966 15.4142816071399 14.3418322121724 ex
1900 27.7111776210368 0.988064027158543 1.64171088812873 ex
1901 31.6564592013601 11.3103316905908 11.4329564583022 ex
1902 20.1199572857004 4.71650319965556 15.2168435691856 ex
1903 20.419395128265 7.23596377926879 16.7273896895349 ex
1904 32.5235323754605 16.8142446775455 14.5166060428601 ex
1905 34.4861751601566 9.8876595350448 17.871128634084 ex
1906 35.5410920283757 10.1277845911682 17.2341095670126 ex
1907 27.6958159371279 3.00403154827654 9.52282081055455 ex
1908 22.5494241074193 7.42172329872847 10.1776317644399 ex
1909 24.2437021541409 8.45511882496066 1.21283727302216 ex
1910 24.4314231355675 1.41358831804246 9.91267014225014 ex
1911 29.7425497639924 0.694410262163728 7.21694340999238 ex
1912 29.3688852323685 1.30091359186918 17.3436088066082 ex
1913 18.662100529531 1.16039413260296 5.53213995788246 ex
1914 25.5432949031238 7.25323314871639 14.0263790404424 ex
1915 27.3306417074054 14.4615188089665 10.2978401842993 ex
1916 20.6148115710821 15.5743889193982 10.1304342430085 ex
1917 20.1836868992541 15.8097824878059 9.31882721162401 ex
1918 18.6481655025855 2.40303944260813 12.4772098003887 ex
1919 28.1532467843499 14.0938832368702 2.14426087401807 ex
1920 31.650377264712 9.72946982644498 14.0789006808773 ex
1921 35.0852678765077 16.3082021707669 2.80677994177677 ex
1922 20.8018641939852 12.5157186093275 15.9363072367851 ex
1923 31.6466039747465 17.1061529647559 11.2865883905906 ex
1924 32.6829824408051 2.51541985897347 15.0773495163303 ex
1925 18.4513205362018 15.3656135906931 6.47211311850697 ex
1926 25.9028654475696 3.10883010900579 10.0650902742054 ex
1927 28.1737093389966 11.666004548315 16.2394977575168 ex
1928 31.1809756776784 3.25185675313696 8.37489830492996 ex
1929 23.0951398902107 15.1707507139072 7.66914675245062 ex
1930 22.4679102466907 17.1941363171209 9.76531267073005 ex
1931 20.1729458551854 7.15789168793708 2.0260134935379 ex
1932 18.0172794419341 13.3427165397443 12.9803101171274 ex
1933 23.00730491383 13.0334821911529 12.7217693396378 ex
1934 18.4348782640882 7.97737943660468 5.57130497251637 ex
1935 33.6893636551686 6.85616598813795 7.30600186204538 ex
1936 32.7235798051115 10.1155065596104 0.681127811782062 ex
1937 26.6717671623919 15.9607715120073 7.36918168049306 ex
1938 22.6093835700303 12.7986676949076 17.8071520854719 ex
1939 29.141677841777 7.17909797723405 16.0639998761471 ex
1940 34.7016871618107 4.84180989372544 1.63939753989689 ex
1941 24.9345873794518 15.3801869908348 15.094283770537 ex
1942 19.7926423347089 2.67130110529251 12.1520603159443 ex
1943 31.3552991182078 7.00522539252415 10.0306342840195 ex
1944 21.8636416385416 6.27162931067869 12.4868606161326 ex
1945 20.784171323292 17.9792478955351 4.65554451406933 ex
1946 18.9986375465523 3.56893189344555 15.7657143187243 ex
1947 33.1833803646732 16.3549645715393 15.3378744553775 ex
1948 31.8917721298058 0.432660039747134 14.5107088633813 ex
1949 21.9790280165616 11.9872962359805 11.8172231316566 ex
1950 19.7137770270929 4.11466432013549 8.35806927015074 ex
1951 33.3332624617033 11.2578166269232 4.89895714027807 ex
1952 25.798419971019 6.20440449449234 14.5999325863086 ex
1953 33.1212049757596 10.9665657100268 6.88036076189019 ex
1954 24.5339650700334 0.907670174492523 1.87619369453751 ex
1955 21.8843177268282 3.72635157615878 0.804178713122383 ex
1956 23.1969248142559 17.917375090532 2.13147376757115 ex
1957 32.4815405230038 3.25283177103847 13.843248693971 ex
1958 28.8523535341956 1.67070635547861 13.1218714327551 ex
1959 33.8526707678102 4.19482047832571 16.1479496057145 ex
1960 33.7943561461288 8.4672883101739 10.8887019103859 ex
1961 22.3609808068722 8.83832512004301 7.93676043488085 ex
1962 29.4899443998002 5.28336271434091 0.78500958904624 ex
1963 29.5406423255336 15.9100057259202 4.09415180049837 ex
1964 27.1040949085727 7.87735530594364 0.486811615061015 ex
1965 28.4097240199335 16.3690205863677 13.2180334366858 ex
1966 24.807775771711 14.9098843229003 1.74908286402933 ex
1967 31.0384903834201 15.8830274338834 5.23411460244097 ex
1968 34.8405949466396 8.11101421830244 9.73903301684186 ex
1969 30.4746465166099 15.3859411331359 3.28197520808317 ex
1970 32.4970611531753 3.81613219459541 2.53319474612363 ex
1971 23.1505369618535 9.42508043837734 5.84685956686735 ex
1972 19.796980987303 0.151204900583252 3.58562835888006 ex
1973 25.9632734144107 1.5576307203155 11.8567929994315 ex
1974 35.9953232675325 8.49471583007835 10.2562053878792 ex
1975 28.9917400958948 1.21848115022294 4.22986187040806 ex
1976 19.6970368307084 17.0782041696366 9.38073085295036 ex
1977 22.0829385810066 14.3261629259214 10.4329335137736 ex
1978 29.0935983455274 9.83204313926399 6.96096435445361 ex
1979 34.5840766292531 7.22910272190347 11.6821131431498 ex
1980 21.1977986027487 5.72560487571172 16.4711578451097 ex
1981 24.5605532475747 17.1598505612928 7.80092294956557 ex
1982 32.1075096344575 13.0743917266373 11.1402072196361 ex
1983 19.8493129333947 15.4004671850707 11.7956326003186 ex
1984 20.4107854620088 2.68941240338609 6.812927787425 ex
1985 19.3833680914249 15.2297170157544 3.70763726811856 ex
1986 34.3777380031534 6.14251452940516 8.35839257901534 ex
1987 24.0859759552404 17.7341387597844 14.1870212389622 ex
1988 28.5881387977861 0.0665340065024793 8.3163962692488 ex
1989 20.1875672342721 9.05644487938844 6.13819876872003 ex
1990 21.2030786823016 14.46309484425 6.94830730720423 ex
1991 23.0196912419051 13.4662734123413 8.55771068483591 ex
1992 19.1404940956272 15.3133289187681 4.37027556193061 ex
1993 21.9417002361733 16.1893751847092 12.926246664254 ex
1994 21.8867451169062 4.907936766278 1.14005127525888 ex
1995 26.2069490675349 4.56873579323292 10.3863008751068 ex
1996 29.3909150348045 16.8509488562122 8.9863278621342 ex
1997 18.2030168357305 6.87808355758898 6.99413470411673 ex
1998 31.6344055195805 12.2033830862492 12.1650695148855 ex
1999 23.6992496410385 13.8385473124217 14.1420136846136 ex
2000 31.9777998200152 2.43964514345862 15.8476333441213 ex
2001 28.6956747593358 14.0777329567354 4.81945859198458 ex
2002 35.2811016857158 7.65741687244736 4.91477829217911 ex
2003 35.4878375853878 7.19114297511987 9.18136416841298 ex
2004 30.4308210210875 0.455281620379537 7.30576427513734 ex
2005 18.3835938812699 17.7912667593919 6.43572149961255 ex
2006 18.6127867996693 9.1099108112976 1.6943624750711 ex
2007 29.0157954865135 17.8123611514457 10.2615467386786 ex
2008 28.6408889053855 13.1358324887697 13.9590048920363 ex
2009 27.8891292421613 2.04781705187634 12.6090891675558 ex
2010 33.2578298635781 17.3412528440822 16.0976956789382 ex
2011 26.6138085704297 17.8568372922018 16.2476176826749 ex
2012 28.2513186992146 0.244752579601482 5.037795052398 ex
2013 27.808607394807 4.65263086883351 13.4988152880687 ex
2014 27.060046604136 12.4504155674949 15.4685781116132 ex
2015 22.7260042226408 9.34793126955628 11.5118782273494 ex
2016 20.9750394097064 17.3037063116208 1.11011999682523 ex
2017 18.9830616989639 16.4128721852321 15.5167817089241 ex
2018 26.5566177256405 10.4820753335953 17.8240189445205 ex
2019 34.468862319598 13.2496447907761 3.22485752427019 ex
2020 29.668240804458 6.54842158267274 9.15988692850806 ex
2021 18.2016522577032 10.2432506959885 3.57420201203786 ex
2022 32.1935285346117 9.93584008514881 9.22531239688396 ex
2023 31.3723138335627 9.69108792021871 17.9560888165142 ex
2024 24.2277506422251 7.2207472990267 11.5778816349339 ex
2025 30.4261311041191 12.7092245966196 16.9411416167859 ex
2026 34.8007067255676 8.51718289358541 4.86506755906157 ex
2027 33.8032387320418 8.84807032695971 16.6989604611881 ex
2028 25.0273346339818 17.7898694986943 7.10507215652615 ex
2029 26.9791893542279 3.37901409156621 3.35626357863657 ex
2030 24.2402135382872 0.951676444616169 17.4730689013377 ex
2031 33.4966843342409 0.600168033502996 4.45113207562827 ex
2032 21.9385478231125 6.56726163998246 8.51469180523418 ex
2033 19.1155533667188 14.4204980747309 15.3018370114733 ex
2034 29.3963077380322 8.42566326120868 11.0142310273368 ex
2035 19.5235684141517 14.0416596445721 13.0625253391918 ex
2036 18.5649086299818 8.25472039333545 15.2798954492901 ex
2037 19.1699731876142 13.6906811501831 4.5328611752484 ex
2038 20.471101851901 15.2601206393447 7.92505496670492 ex
2039 30.2441422820557 13.6428522828501 5.57147199171595 ex
2040 29.4758185727987 10.008858254645 0.759209784679115 ex
2041 30.1020265016705 16.6163264168426 2.7254381859675 ex
2042 20.0471884296276 0.254975612740964 8.75500510516576 ex
2043 24.7422339643817 13.4607754186727 14.0371192833409 ex
2044 25.283125781687 0.941359356511384 5.79257160401903 ex
2045 19.6918666304555 15.9026942062192 1.76329385186546 ex
2046 25.777201407589 8.63130942708813 6.77848241687752 ex
2047 31.7781871627085 3.01832198305055 3.68896982073784 ex
2048 29.6051105861552 13.0071384855546 9.2053963621147 ex
2049 28.4637201023288 8.37456050468609 2.73684387863614 ex
2050 34.0707967446651 8.0368489692919 10.118913857732 ex
2051 31.8840741771273 12.9912908473052 14.8048556530848 ex
2052 23.2977893622592 2.14456021157093 3.4920302091632 ex
2053 28.0196125938091 3.76445357850753 14.5180088116322 ex
2054 32.0483515756205 13.6130862142891 10.3914818363264 ex
2055 25.4717642050236 2.14337532664649 0.919865807285532 ex
2056 30.8333402946591 13.3630929095671 10.2396576018073 ex
2057 31.7957085114904 0.470896116923541 8.3101235521026 ex
2058 18.2564468667842 8.13850203156471 2.22484054393135 ex
2059 34.1156667538453 13.805873100413 15.0795076128561 ex
2060 27.5286590741016 4.91710206842981 5.73321683355607 ex
2061 28.3903064476326 14.752432647394 6.97465357091278 ex
2062 30.6346896172035 3.1919641373679 17.9502034122124 ex
2063 32.1156262715813 0.149095917353407 10.1242411318235 ex
2064 26.0544016461354 8.76182644255459 1.74068146641366 ex
2065 23.3993463802617 15.7050605996046 2.31075239903294 ex
2066 18.6013645608909 17.0646024753805 9.14715398638509 ex
2067 32.3853660854511 4.87778903055005 3.60754997190088 ex
2068 32.2660142190289 5.81416928931139 17.170362964971 ex
2069 30.6286102542654 4.57807712978683 16.891141702421 ex
2070 22.2957440786995 7.38988709636033 3.14344525011256 ex
2071 35.4618394370191 13.6435206651222 8.0214434384834 ex
2072 23.0100895813666 10.6761589692906 4.42520517646335 ex
2073 22.3472545635886 6.39688211726025 6.10883304197341 ex
2074 21.8152483305894 7.62942924723029 0.169825420714915 ex
2075 18.587004337227 2.51574489055201 2.02857805741951 ex
2076 32.612251682207 5.30678576929495 1.82539400667883 ex
2077 29.1560187076684 16.9833111674525 16.7493940587156 ex
2078 18.6221594000235 10.5746698202565 15.2534560889471 ex
2079 35.9675575790461 0.207397218327969 15.6560561363585 ex
2080 33.7813825858757 12.2523602792062 13.3993184335995 ex
2081 19.8382046511397 10.756872658385 2.17615226935595 ex
2082 35.6935684552882 17.0120013339911 0.933320967713371 ex
2083 20.4139392671641 14.9519901936874 17.2778242249042 ex
2084 32.6345562078059 12.9738030452281 5.11581347719766 ex
2085 21.5354641221929 5.47751230560243 11.5292010104749 ex
2086 33.3682986453641 17.5491789055523 6.87338491831906 ex
2087 23.3470162507147 3.4263927701395 16.9216119444463 ex
2088 31.5387116158381 15.8694098489359 6.03447027783841 ex
2089 28.9875153331086 10.987921505468 8.37452036608011 ex
2090 24.8490253735799 3.50880647567101 14.5246750283986 ex
2091 22.3252551204059 14.5798451725859 9.01331382896751 ex
2092 29.1790405106731 3.35556837473996 7.74986594519578 ex
2093 25.8641414495651 16.3755319060292 12.405950170476 ex
2094 34.7248493474908 5.29224590328522 16.3136312211864 ex
2095 35.8838800441008 0.949982637073845 9.64275374542922 ex
2096 25.1699144281447 2.15966911474243 8.71733989519998 ex
2097 35.923397339182 9.4838868547231 13.7843894099351 ex
2098 27.7670276879799 3.07525436487049 8.43478697026148 ex
2099 30.2476165054832 9.50261112092994 2.5581846893765 ex
2100 28.8957923422568 10.4613081554417 14.6116588369478 ex
2101 25.4395205348264 12.7793341346551 16.9009451379534 ex
2102 32.2245493524242 2.23863343521953 9.79458275646903 ex
2103 18.7567755631171 9.88422562764026 4.12857749219984 ex
2104 34.0355151388794 17.3259913411457 12.8174471349921 ex
2105 22.3727152973879 5.28427546098828 9.26645733113401 ex
2106 33.4298170765396 5.70813255314715 10.1245110903401 ex
2107 27.4183885499369 8.41066058306023 17.2114393168595 ex
2108 19.6957388098817 15.6453277145047 2.70221657818183 ex
2109 34.730329368962 3.57657580496743 16.8120181320701 ex
2110 18.8788402618375 11.1954935127869 1.71061834110878 ex
2111 34.2910476161633 2.6349786077626 3.58343302947469 ex
2112 21.0084800508339 8.9505441042129 11.7840230145957 ex
2113 34.6042811307125 17.4064131267369 8.89871591865085 ex
2114 35.9782880283892 0.8812562788371 2.57139189960435 ex
2115 27.4036524815019 1.32991238939576 4.7937005541753 ex
2116 31.1372480273712 6.06035967846401 12.0037959539331 ex
2117 33.3165839251596 8.85019419249147 14.9626662274823 ex
2118 21.4050805068109 4.8485517995432 6.56698879157193 ex
2119 35.3000757230911 3.39172665914521 8.95564672420733 ex
2120 30.0294208445121 10.8490949689876 17.8526745031122 ex
2121 32.856006995542 4.22916410234757 15.7654502668884 ex
2122 28.5657213928644 4.81842743721791 8.99711665394716 ex
2123 27.3688797024079 13.7731153313071 2.36587720829993 ex
2124 30.060827130219 7.62749235099182 3.26448211586103 ex
2125 35.7163826928008 4.56226697214879 2.33829015493393 ex
2126 21.5079020885751 17.3162433758844 3.04845139174722 ex
2127 25.6766505206469 1.75217015761882 9.0413412891794 ex
2128 21.5204538311809 11.0271474693436 17.7394196733367 ex
2129 19.3942061658017 0.479317876975983 15.1400468198117 ex
2130 21.835442608688 8.92888808203861 0.795000306796283 ex
2131 18.5019247438759 7.91273450176232 4.94662284944206 ex
2132 23.4152075690217 9.76444651838392 3.64639819366857 ex
2133 23.9078764326405 5.01361387525685 6.65005784970708 ex
2134 19.5436892348807 4.07334155286662 15.0884292013943 ex
2135 25.7569129418116 10.1901175209787 17.431051252177 ex
2136 31.2141966761556 1.33301805518568 17.9535910254344 ex
2137 18.9366793110967 8.67043831036426 11.7753966993187 ex
2138 35.3804612671956 6.06548978714272 13.9512526441831 ex
2139 21.0246894827578 11.0207151737995 2.47613826836459 ex
2140 28.6792028218042 7.12634878582321 10.5623946911655 ex
2141 28.1076910444535 7.08148961444385 13.1132858686615 ex
2142 29.6961150004063 15.2579882685095 5.03415940492414 ex
2143 26.1525482821744 17.0072726237122 14.0335386581719 ex
2144 26.7821524536703 7.76278169639409 7.45101745263673 ex
2145 32.2532611463685 8.90920766303316 2.08471021987498 ex
2146 29.0904039745219 3.12695848033763 3.70735766668804 ex
2147 27.712284790352 16.7449809205718 2.23148707230575 ex
2148 29.3285692392383 12.9986243797466 11.7625194427092 ex
2149 22.7620898715686 11.6646461694036 2.1978874693159 ex
2150 33.4046470515896 0.602696357062086 15.6414137058891 ex
2151 21.2920886110514 5.60805660183541 14.398681452265 ex
2152 24.4313050117344 8.39285953110084 16.8919529558625 ex
2153 26.4315313110128 13.3458321795333 16.124746939633 ex
2154 33.5444625141099 6.54266129736789 1.01472510653548 ex
2155 25.0642401725054 14.8952217339538 7.75146297621541 ex
2156 25.84893145971 7.53457045881078 3.39841115148738 ex
2157 31.1908628381789 5.13552836328745 14.7310572029091 ex
2158 34.4816700548399 16.5872142361477 15.0104402259458 ex
2159 26.2089991008397 10.9626003704034 0.883798567578197 ex
2160 33.299005456036 4.71714143571444 2.66987530887127 ex
2161 32.2358484531287 14.3541086558253 0.133778873365372 ex
2162 35.7971885921434 5.62902883719653 4.36438014754094 ex
2163 19.0205748886801 2.03846084396355 14.6447602387052 ex
2164 27.3925966948736 12.9898144272156 6.82458881824277 ex
2165 34.2220589797944 12.956025273772 16.6721644040663 ex
2166 23.050400942564 13.7483308748342 4.45637806481682 ex
2167 26.6530305012129 14.3783544346225 15.2461106383707 ex
2168 19.1992662036791 1.72701551415958 12.4096876715776 ex
2169 19.3452586929779 1.54809923307039 10.2621575500816 ex
2170 18.1426873549353 13.1198792993091 9.20391297200695 ex
2171 19.7613226540852 13.8567496289033 14.7836255929433 ex
2172 35.1608958169818 8.33350342186168 8.45071373716928 ex
2173 23.2262635265943 4.2385936405044 15.7429393203929 ex
2174 20.7148962805513 15.4276397149079 14.6980016906746 ex
2175 33.5712194473017 8.91342476266436 5.67133128014393 ex
2176 18.1282186312601 13.8882974945009 2.99458511639386 ex
2177 20.9423750494607 10.1483194995672 1.4102456974797 ex
2178 34.8110846611671 16.8442060435191 13.7798293419182 ex
2179 21.5672631992493 9.77291984506883 1.88736553303897 ex
2180 32.6986287203617 12.6908582916949 1.60675819288008 ex
2181 25.3921806914732 16.1094777903054 2.68706463184208 ex
2182 29.2316534637939 6.60119602642953 15.0751949402038 ex
2183 18.3276939957868 15.6688520708121 5.94750755024143 ex
2184 32.5213001656812 5.89332407061011 13.9618043117225 ex
2185 27.6579664424062 9.71806408604607 12.2092214561999 ex
2186 18.0146430481691 2.70510163716972 14.6210033867974 ex
2187 30.6974699166603 6.5693299532868 0.41605410957709 ex
2188 29.2433150359429 5.23300904594362 12.5927672984544 ex
2189 18.3908680656459 2.87330104387365 13.2017637479585 ex
2190 19.6364087769762 12.9308806364425 6.55748893646523 ex
2191 31.6220843077172 9.725861169165 7.64637576066889 ex
2192 18.2712861273903 16.4693501584698 12.9879009537399 ex
2193 22.6892148291226 16.6809340394102 4.94400134519674 ex
2194 23.7117875264958 11.5674989579711 11.1829590590205 ex
2195 32.9085441103671 7.7241999253165 8.31470069894567 ex
2196 23.6107011535205 8.11838619410992 8.35243725893088 ex
2197 28.5892663619015 2.18327387259342 12.5277464373503 ex
2198 26.7730204577092 10.7831757774111 16.588415337028 ex
2199 20.1333470682148 7.16158056282438 13.7017316038255 ex
2200 29.7296540499665 15.7997873756103 8.06420032284223 ex
2201 34.4363574287854 3.69198388792574 12.6269542954396 ex
2202 26.1073522781953 11.7780806212686 15.4012097024824 ex
2203 24.3427548189647 15.1053381797392 1.92887673387304 ex
2204 24.2051828764379 15.5701495986432 13.0121263773181 ex
2205 28.1307353912853 6.90357341035269 17.1088347807527 ex
2206 26.2982355162967 17.1525599679444 10.2510399566963 ex
2207 32.674816002138 7.13844215450808 0.999562881654128 ex
2208 30.5417324486189 1.23033296875656 7.42301604757085 ex
2209 31.2670458899811 9.8862525690347 2.09611491672695 ex
2210 29.6046405709349 15.2632517600432 17.9842513331678 ex
2211 30.6612056298181 15.7523711866233 11.8479264352936 ex
2212 33.8476753276773 6.38827798655257 0.838594557018951 ex
2213 35.3597783760633 0.143598382128403 0.764729644870386 ex
2214 29.9133081114851 4.41641427529976 16.8603845611215 ex
2215 30.0481493347324 7.67612663842738 5.45638645812869 ex
2216 26.7977105444297 7.25851136050187 17.9629784061108 ex
2217 25.3747775740921 12.9081426460762 10.8499711714685 ex
2218 29.261657649884 13.0018352079205 17.8281614407897 ex
2219 21.1646799661685 5.74676406150684 4.8487078230828 ex
2220 21.561997666955 7.39132781000808 4.58759592776187 ex
2221 24.9903963163961 7.02119913999923 15.5891967527568 ex
2222 34.3605642113835 12.6834451712202 13.6790684640873 ex
2223 26.6199191196356 9.75126641686074 6.2508228153456 ex
2224 19.5511112986133 10.6375936781988 16.9758559388574 ex
2225 32.4684262699448 11.9090674500912 17.5779574688058 ex
2226 24.7209906978533 15.8678633987438 2.67330653453246 ex
2227 20.5532728468534 0.03827911359258 17.2827477215324 ex
2228 28.6033491583075 7.27252831170335 4.61442695674486 ex
2229 33.4969082323369 2.13715175865218 4.6102192744147 ex
2230 31.6662825646345 0.697021126048639 2.51553510478698 ex
2231 34.5062641198747 6.14941820269451 12.3988836403005 ex
2232 24.3241009600461 0.0328535828739405 11.2804423563648 ex
2233 25.3791747279465 11.1608607666567 17.4271219086368 ex
2234 25.1881778838579 15.7882731535938 8.99183049472049 ex
2235 30.0388017955702 8.86814870731905 5.57934894808568 ex
2236 20.0550295230933 4.32905622734688 12.2471603031736 ex
2237 29.561508948449 4.5519387118984 6.40644452907145 ex
2238 18.1354345723521 4.04317878582515 10.2296094580088 ex
2239 18.420197729487 7.7227828388568 14.5252964769024 ex
2240 35.9342181400862 13.9456831524149 14.0108085500542 ex
2241 26.6568537252024 12.158222121885 0.45603507431224 ex
2242 21.89437799179 12.2403849193361 4.40989333717152 ex
2243 33.3576228001621 15.3652143792715 4.5972453081049 ex
2244 18.0948901576921 3.46680787741207 7.62285267887637 ex
2245 20.5510431004222 9.97406488680281 1.85143405711278 ex
2246 34.0099516140763 16.7358703189529 9.93018958414905 ex
2247 28.2102659873199 2.71533350367099 10.6218248982914 ex
2248 24.4675266698468 2.95788341201842 7.17627644049935 ex
2249 27.684610594064 2.56787116918713 2.09555649454705 ex
2250 19.4674086412415 15.0455860851798 0.978348587173969 ex
2251 29.8802467305213 2.90712035866454 4.97897807019763 ex
2252 23.2000173986889 14.5766114422586 5.13513134070672 ex
2253 27.5373716743197 14.224427027395 8.06228081858717 ex
2254 24.7437854139134 4.54855782329105 5.34118601935916 ex
2255 23.0658000430558 9.9752795167733 9.08095179265365 ex
2256 25.507577347802 6.15967095736414 10.9523265939206 ex
2257 24.3556879777461 17.8345303861424 6.15161604899913 ex
2258 21.771060828818 3.61899479478598 10.7855044126045 ex
2259 26.2700324226171 10.4450167173054 5.41027260245755 ex
2260 19.0302267363295 6.85499642509967 10.7275615988765 ex
2261 24.8352161103394 7.87790805543773 6.23655275977217 ex
2262 20.9620539974421 10.8289775629528 13.8688997402787 ex
2263 33.2931994199753 1.10353232338093 9.5325259489473 ex
2264 30.1736129161436 1.31875178543851 6.61582213151269 ex
2265 34.6574459222611 9.58723314153031 4.98966991342604 ex
2266 24.4525342306588 6.40382280480117 3.66336937714368 ex
2267 21.101268876344 3.90716693550348 13.4870430445299 ex
2268 19.1178043670952 6.68590908008628 4.02678304049186 ex
2269 33.2787432912737 7.2628747834824 8.78228552103974 ex
2270 24.4719947872218 8.42311713751405 5.38585254922509 ex
2271 30.6446108787786 12.3256454910152 9.53582469094545 ex
2272 30.7044541244395 11.0753979596775 15.893912879983 ex
2273 35.8871685171034 7.51555885351263 6.2512146376539 ex
2274 24.096534003038 15.9406887458172 6.56459883786738 ex
2275 18.0272089485079 17.1703186947852 5.50941325561143 ex
2276 22.6094160615467 7.94616479473189 7.6396232272964 ex
2277 32.4488773222547 8.0430056983605 8.20301127037965 ex
2278 29.4496100584511 14.7300836250652 1.6491606826894 ex
2279 24.9336153490003 17.6247962366324 16.4423489752226 ex
2280 20.4242072857451 15.4138120540883 17.0479593945201 ex
2281 27.1347875166684 15.4308011392131 16.0053302387241 ex
2282 26.5688309948891 17.8361091769766 3.00239877682179 ex
2283 28.4396992849652 11.5430191201158 8.47543069790117 ex
2284 27.7116858283989 8.30175534705631 7.8842268968001 ex
2285 19.6101804780774 0.964616860961542 14.712131004082 ex
2286 18.6741469579283 2.38357125874609 15.7374338968657 ex
2287 29.5889971200377 17.9438900460955 6.45477604819462 ex
2288 35.5769118044991 0.591080843005329 12.7551925461739 ex
2289 28.216645733919 8.74662924627773 6.02481196960434 ex
2290 27.5790046157781 8.17488428205252 9.55382617725991 ex
2291 22.063809039304 16.6806484693661 16.834304001648 ex
2292 30.8743229778484 17.514721320942 8.05033817165531 ex
2293 26.1583011373878 4.00913178804331 0.651162684895098 ex
2294 29.9193540629931 3.34348670160398 5.28089006128721 ex
2295 23.4141558324918 13.6808719083201 10.7693037942518 ex
2296 22.8955494652037 8.16618873365223 12.1700627920218 ex
2297 18.8255636326503 10.4617440397851 9.0821055364795 ex
2298 27.8335576029494 6.45458063669503 6.28730026865378 ex
2299 24.306283617625 17.3315832715016 8.30686101154424 ex
2300 29.7527577057481 7.82379836472683 2.16238784184679 ex
2301 18.7166831044015 17.414110858459 4.32615288486704 ex
2302 20.4040542049333 14.2959267261904 1.37232113047503 ex
2303 28.3499439931475 16.7590840149205 12.1250255473424 ex
2304 29.3865689986851 13.4737184413243 12.7132556636352 ex
2305 26.6535295646172 13.2571009390522 14.9589917282574 ex
2306 34.4510076970328 12.1928192942869 8.3223171737045 ex
2307 25.5099267200567 8.10388893052004 15.8284424410667 ex
2308 35.2333908302244 6.85248508607037 0.401004977058619 ex
2309 31.7629726205487 3.82188257807866 14.0644468993414 ex
2310 33.3261627946049 10.8523004904855 5.2975861185696 ex
2311 27.161157628987 14.0155975914095 7.11991892103106 ex
2312 26.8755891816691 4.32894077268429 17.7672266953159 ex
2313 35.3047951066401 13.3415435641073 15.4929370307364 ex
2314 32.2903330177069 0.159796845866367 7.35570268845186 ex
2315 31.9369137566537 1.91261912998743 0.250517497304827 ex
2316 31.2387073973659 15.3959539318457 8.90311278752051 ex
2317 28.7902364933398 4.12834756495431 4.39678764273413 ex
2318 34.728470681468 16.5862364000641 12.2200023708865 ex
2319 21.8622733983211 8.30302144726738 13.4673474431038 ex
2320 27.6212368882261 17.4172400166281 7.21768819633871 ex
2321 18.3614364634268 16.4846608578227 13.0145247376058 ex
2322 32.4291385950055 16.5382367540151 6.39470337703824 ex
2323 25.190558119677 6.02356668538414 2.95349243539385 ex
2324 18.738465720322 10.3568326046225 8.61338036181405 ex
2325 33.0939681914169 11.4821610685904 13.7998128691688 ex
2326 20.5487835947424 13.1677647475153 4.01608524378389 ex
2327 25.5223029223271 16.0378249627538 6.95567727857269 ex
2328 31.7150776479393 5.67768064956181 6.93738661520183 ex
2329 28.3886655706447 5.85849358094856 13.0742487173993 ex
2330 20.7308778914157 14.1075688824058 11.7182708815672 ex
2331 33.1780216307379 15.496199629968 2.07012540381402 ex
2332 19.6889428356662 8.48168126586825 6.84254809399135 ex
2333 21.9543579495512 4.8218731158413 15.5854836695362 ex
2334 27.6389062998351 12.0195063347928 2.91205248446204 ex
2335 23.1933124642819 4.36073707253672 13.5506635715719 ex
2336 21.6720118471421 2.10540469689295 12.3696467801929 ex
2337 30.9827688653022 10.0663420124911 12.2817372891586 ex
2338 20.9113026696723 12.1541781993583 10.6182659994811 ex
2339 23.4485007519834 10.8806065674871 13.4761367291212 ex
2340 24.0168935016263 11.5824619634077 7.35282488097437 ex
2341 31.9538756038528 1.66459202952683 1.87406475632451 ex
2342 19.7883900741581 15.5177454033401 17.9177218126133 ex
2343 26.1325209052302 12.0138301786501 4.59833653084934 ex
2344 27.9442444622982 14.008062296547 9.28075217665173 ex
2345 35.8615580757614 16.0414449393284 5.17933079483919 ex
2346 19.1146589014679 12.0107298039366 5.14899740274996 ex
2347 35.2984133756254 11.547671582317 3.32017953298055 ex
2348 35.8333025258034 3.86532682180405 14.0144779072143 ex
2349 28.3820443616714 1.87012802064419 3.56672027171589 ex
2350 21.3524934223387 17.1611415199004 15.1030229399912 ex
2351 29.4729518669192 10.6877044648863 11.183565067593 ex
2352 20.4475624279585 17.8148207350168 0.672097763745114 ex
2353 28.5980358326342 6.1286519493442 3.68279813230038 ex
2354 26.5217701075599 8.20770966890268 13.7965021431446 ex
2355 22.5291443888564 8.73116413783282 13.4737325278111 ex
2356 30.3341654923279 0.808462941786274 8.05939270346425 ex
2357 18.4921568783466 17.2593856235035 16.388491632184 ex
2358 27.8757718778215 3.76550748920999 7.45879181404598 ex
2359 35.8004402900115 8.24620661255904 15.196926318109 ex
2360 33.1180290954653 1.76051677158102 13.3978443632368 ex
2361 33.622737766942 2.25408869516104 15.0865069318097 ex
2362 26.2353055134881 15.7241035397165 4.39243971765973 ex
2363 28.469592130743 13.0030352794565 10.6022864461411 ex
2364 23.0588974929415 6.13318417523988 14.7257795897312 ex
2365 35.4580508314539 1.60631367284805 4.26531997742131 ex
2366 28.9723122050054 2.42909230361693 0.871074517257512 ex
2367 34.568574094912 10.5298584126867 3.23110121954232 ex
2368 21.0398276699707 8.64325338322669 5.20342314057052 ex
2369 25.7384144526441 11.6622410423588 6.2634058536496 ex
2370 21.1583918295801 1.10577579331584 10.8941066639964 ex
2371 20.7117195611354 13.2881546551362 6.45200849766843 ex
2372 31.962663956685 4.90867422660813 4.11271661077626 ex
2373 33.1936296080239 0.354120003525168 0.918523382628337 ex
2374 20.8064465029165 4.89325185655616 13.3239312204532 ex
2375 35.3739584623836 4.5210540315602 14.7465172670782 ex
2376 32.084926137235 12.2070355452597 17.1663744666148 ex
2377 31.2603731984273 9.74222005880438 16.46228348976 ex
2378 24.5560966469347 4.83054685941897 14.8923009992577 ex
2379 22.0129847440403 12.2259841009509 3.11836859188043 ex
2380 34.0743415397592 3.91039188276045 2.27431425568648 ex
2381 22.050817753654 0.432477291440591 14.0775963603519 ex
2382 28.3432661956176 17.5243822319899 17.3102888618596 ex
2383 19.1135803058278 12.3288769456558 8.32938458956778 ex
2384 18.838168105809 3.73082271241583 8.84956046752632 ex
2385 29.6397334916983 5.41669389931485 9.8826027775649 ex
2386 18.7334147712681 13.0737933032215 14.306804825319 ex
2387 25.5480920185801 4.27649347553961 8.7357353514526 ex
2388 33.4675833699293 9.15075642080046 9.93184542050585 ex
2389 30.8865732261911 12.1498369094916 8.17761815781705 ex
2390 19.1113553999458 1.83587820176035 13.0068419713061 ex
2391 35.2326843854971 11.1663073443342 4.27671682648361 ex
2392 26.2228883700445 10.8959247344173 3.28110318956897 ex
2393 30.0772487102076 6.14294535061345 5.11448157019913 ex
2394 35.1855353864376 14.8867043857463 12.341109697707 ex
2395 33.0443967594765 4.11939746164717 9.39874211233109 ex
2396 27.8154214473907 14.4363799132407 0.084382648114115 ex
2397 23.8322048047557 1.92811543750577 16.9446331677027 ex
2398 30.0661497116089 2.67195355403237 0.40552771021612 ex
2399 20.5296445647255 15.449147506617 4.89261375926435 ex
2400 24.4371026144363 12.932982691098 8.22631182451732 ex
2401 31.3576012188569 15.7256417155731 2.2363151118625 ex
2402 23.3567583663389 3.61577209690586 4.05383848072961 ex
2403 26.8491880458314 12.6271997957956 6.52485322440043 ex
2404 31.3757732398808 17.2719132089987 17.4179324964061 ex
2405 20.2451826049946 2.22604595962912 13.7609035412315 ex
2406 35.7134563908912 1.98066214076243 14.5058675620239 ex
2407 19.3688136278652 7.52364813513122 2.65643781726249 ex
2408 26.6683030675631 5.23325045756064 3.34878332260996 ex
2409 27.7550518941134 16.2514646560885 5.46427836525254 ex
2410 31.4126581449527 14.8605126424227 5.22115157148801 ex
2411 35.6465865564533 10.9203659896739 16.8337459911127 ex
2412 18.9675231724977 2.06459655705839 0.388411157298833 ex
2413 33.0472086938098 8.37917010346428 7.77737019676715 ex
2414 33.1962773799896 5.1867989054881 1.42446160735562 ex
2415 34.123678278178 5.52531489660032 10.1914146398194 ex
2416 18.7187314308248 5.52505631698295 1.43929809960537 ex
2417 18.3214752178174 7.59864785335958 9.59075275063515 ex
2418 32.0204711491242 6.07131427968852 12.2669954320882 ex
2419 20.7898954555858 12.8813518292736 13.0523463382851 ex
2420 32.0214572697878 10.6442690033 10.5064687682316 ex
2421 31.3598245237954 16.0875094735529 4.82831196463667 ex
2422 30.1769410700072 12.9577095096465 13.25622792379 ex
2423 28.1235938344616 0.588573946384713 1.93938545580022 ex
2424 27.8601711445954 17.7475520384032 11.7989732048009 ex
2425 33.1411299156025 6.80606121942401 10.7664824970998 ex
2426 31.6224509049207 6.15927943773568 7.44506668951362 ex
2427 25.2349496665411 0.47622061194852 15.8985341750085 ex
2428 29.0958990699146 8.73180843284354 7.85969359125011 ex
2429 21.8774625496008 15.4204438682646 8.7145122026559 ex
2430 23.0358833253849 8.01183470641263 15.5631898492575 ex
2431 34.2534152797889 3.59128458518535 6.66282401257195 ex
2432 30.4790372070856 14.8344558198005 12.5826136227697 ex
2433 30.1774364437442 14.2655604777392 10.0524311466143 ex
2434 23.3101735145319 5.08174873446114 13.7264933332335 ex
2435 19.0592923176009 17.5093899169005 11.7245174755808 ex
2436 31.2013935123105 4.87118957284838 17.1726172345225 ex
2437 20.5217252804432 17.8057316776831 12.26517787599 ex
2438 28.4571464103647 4.65042840060778 10.4427245724946 ex
2439 26.4613378362264 10.4440069554839 13.7016819501296 ex
2440 18.7746661244892 12.0544469491579 8.51524598104879 ex
2441 25.9660197135527 15.2921690463554 16.8541114004329 ex
2442 30.3128649857827 8.64729906874709 17.0693873325363 ex
2443 31.9988896811847 11.8010291103274 8.10683520976454 ex
2444 32.7527280317154 16.8936660438776 0.579166789539158 ex
2445 25.8359076401684 7.55921518127434 7.15552001865581 ex
2446 25.6716093649156 8.59813804808073 7.61739255371504 ex
2447 23.4783019756433 10.7394648159388 15.1342103495263 ex
2448 18.5537565387785 9.35561196319759 10.5569233533461 ex
2449 33.3222965169698 6.10320571181364 16.2484315561596 ex
2450 29.454925494967 9.22123557655141 3.02694546850398 ex
2451 25.7939601198304 14.8850529347546 4.17114354181103 ex
2452 24.0630299695767 14.5758935778867 4.29079262819141 ex
2453 29.6365246269852 10.6575266721193 6.64449587836862 ex
2454 23.4855611238163 11.7776425201446 14.984281611396 ex
2455 33.5051184613258 13.6579716252163 4.50273294514045 ex
2456 32.4845876435284 1.88776761339977 3.29298698483035 ex
2457 23.8891061176546 14.9258908124175 10.6247060887981 ex
2458 28.8263487601653 7.29695033258758 3.64738128287718 ex
2459 26.9262846009806 4.71686586993746 11.3512059391942 ex
2460 18.6110925211105 6.03942205780186 13.9899461832829 ex
2461 26.4703110924456 17.0876901708543 2.92211703769863 ex
2462 18.356448672479 10.3643183575477 1.55373347410932 ex
2463 26.2204453554004 0.787939583649859 3.28051790478639 ex
2464 21.9176151212305 0.234729918651283 5.22687729075551 ex
2465 30.9259187625721 7.43042669468559 14.7790780216455 ex
2466 20.4958165043499 17.0810287219938 3.58845416968688 ex
2467 22.9784557782114 2.69792539207265 6.58406266546808 ex
2468 23.4458108288236 4.70106711983681 2.3468501099851 ex
2469 21.2576870047487 6.02739376481622 3.99042303138413 ex
2470 22.2252206823323 17.96851014602 14.0572483874857 ex
2471 22.492745810654 11.3786655406002 3.71958075975999 ex
2472 24.7851227221545 1.09397879405878 12.7685465661343 ex
2473 35.4878796858247 1.98861873638816 17.8761994743254 ex
2474 24.3817138890736 0.556938602821901 2.522204851266 ex
2475 34.5199262560345 11.608024605317 11.8929419394117 ex
2476 22.8514020435978 13.8243933361955 5.17344194860198 ex
2477 32.4020240858663 4.80638645496219 12.4544183781836 ex
2478 31.5439216978848 5.01250658836216 8.34998897532932 ex
2479 21.840069167316 17.2736542264465 10.8897125064395 ex
2480 20.0653874354903 2.66639397712424 7.97788406396285 ex
2481 21.2016898605507 3.9493153069634 4.10942640434951 ex
2482 21.3086070094723 2.82663590298034 15.7489991916809 ex
2483 34.756169633707 11.2202458099928 6.63809286104515 ex
2484 32.4081556596793 14.3344771054108 10.0236144401133 ex
2485 33.0033304765821 0.105877806199715 16.8515552654862 ex
2486 26.5450272858143 7.06649316544645 16.95097797364 ex
2487 20.6103300545365 5.52467985916883 2.63801582274027 ex
2488 31.9994742029812 8.78557769604959 1.51920908456668 ex
2489 21.6751676297281 6.35458398750052 5.6683250379283 ex
2490 26.876584342448 8.97874660370871 8.66549436142668 ex
2491 35.1253187393304 6.13514848495834 5.55728155607358 ex
2492 31.9645274656359 17.0535005019046 6.40850205812603 ex
2493 32.9194103754126 2.10100851370953 7.97599915182218 ex
2494 28.5056919730268 10.490312236594 13.1822698968463 ex
2495 26.9319196743891 13.4666062230244 10.7368221271317 ex
2496 30.658459930215 14.0725255752914 9.36666768556461 ex
2497 30.9691008324735 2.46573830093257 14.9378960353788 ex
2498 20.5538188414648 5.85004923935048 3.31527958763763 ex
2499 35.9196152386721 7.09087339020334 11.2080991293769 ex
2500 20.9475382664241 3.66925937356427 14.6072682682425 ex
2501 27.0830006354954 9.20481368200853 16.9641589412931 ex
2502 25.0472026474308 5.77798285637982 2.61383263231255 ex
2503 33.3901274723466 13.9875031195115 8.18826350918971 ex
2504 32.1071415292099 2.14641794026829 4.84265116881579 ex
2505 33.3511394672096 13.7813465290237 2.31694728531875 ex
2506 29.4018436418846 10.9254676599521 9.54940758738667 ex
2507 25.0072548901662 3.20547689683735 16.1929424433038 ex
2508 35.5606188995298 10.2714949680958 6.78234664909542 ex
2509 22.7367212490644 3.43287346279249 3.22760180849582 ex
2510 32.2731991908513 1.3543852053117 7.6919944153633 ex
2511 18.3053005503025 13.9470863272436 17.2525957152247 ex
2512 21.170738871675 0.626477123238146 2.68370536877774 ex
2513 34.1196096444037 15.4236998546403 10.2544947254937 ex
2514 24.7390917227603 13.794981792802 12.0212196183857 ex
2515 24.5892063281499 14.6246515715029 0.285420204978436 ex
2516 32.3401169315912 2.943789830897 17.3410377178807 ex
2517 28.0237507999409 5.20807825145312 14.8609168578405 ex
2518 31.582165754633 12.0244671353139 15.7166440645233 ex
2519 34.5588684685063 16.5839871070348 10.1334948125295 ex
2520 24.9875128245912 7.31541207805276 13.9297294088174 ex
2521 23.6669541264419 17.9458985936362 6.61251367838122 ex
2522 18.249976370018 16.5959492099937 10.0989000967238 ex
2523 19.8829928783234 6.89719469170086 5.84219450806268 ex
2524 25.2044125867542 7.87668076576665 8.40889505320229 ex
2525 24.8953069690615 17.3076905445196 4.88509795279242 ex
2526 33.3643709081225 4.14945551543497 15.5415338901803 ex
2527 35.4634375793394 11.1942119484302 7.40266404766589 ex
2528 28.6829738018569 13.79083920829 8.65527496905997 ex
2529 29.4770069220103 6.68980840779841 5.07046698289923 ex
2530 35.2268763848115 3.80692145973444 12.5088255135342 ex
2531 18.1573768975213 2.9922411639709 16.1494060619734 ex
2532 23.9214549562894 14.3589406362735 11.6698062140495 ex
2533 19.5330410981551 17.166684245225 13.0401565220673 ex
2534 24.001907907892 7.50311345024966 9.8504557008855 ex
2535 23.5694525034633 15.1512236588169 0.353798865573481 ex
2536 32.6426533597987 9.61697771912441 1.99934793217108 ex
2537 34.9470663869288 7.02041506720707 9.70913172676228 ex
2538 26.688490573084 6.47971869655885 7.76096446206793 ex
2539 30.601355480263 12.7365681575611 5.8031660404522 ex
2540 35.4917000688147 5.72848314675502 5.16318558878265 ex
2541 33.0266021767166 1.93613077653572 3.19432784919627 ex
2542 24.3064482687041 8.16763869090937 12.5040990090929 ex
2543 30.2242043677252 5.54210040881298 8.93040239182301 ex
2544 21.4885459921788 11.5430643951986 9.42227365402505 ex
2545 27.0069693070836 3.58073768368922 4.63940258231014 ex
2546 25.8967861046549 0.383037756662816 7.40317860408686 ex
2547 24.9498359893914 3.72851056256332 5.94506229786202 ex
2548 30.7259922937956 4.02777634630911 0.279999244492501 ex
2549 30.2327461813111 4.97645713761449 9.84672315092757 ex
2550 32.5504806044046 10.2853351030499 5.92965344781987 ex
2551 22.6704370009247 2.21829337766394 10.5583815828431 ex
2552 25.4434621203691 1.05612343735993 4.14261504076421 ex
2553 20.5084887533449 0.697518868371844 3.30976059730165 ex
2554 25.6524639839772 10.2763308361173 12.6414883409161 ex
2555 21.6615655990317 8.65578995784745 8.41836613952182 ex
2556 35.2529576616362 4.33005035715178 9.55606320477091 ex
2557 25.9799476829357 3.61194129660726 7.00757809798233 ex
2558 25.3607954555191 17.0177962016314 5.57685425761156 ex
2559 32.489906767616 8.80359467864037 16.6678321568761 ex
2560 18.3834070195444 10.822767292615 13.136320035439 ex
2561 24.7708272228483 3.44130880036391 3.36666448460892 ex
2562 35.2802386146504 8.75873826793395 14.2171993693337 ex
2563 24.1004130463116 11.3775887121446 14.0014164515305 ex
2564 33.5511742283124 7.67222188133746 7.52654528431594 ex
2565 21.580998073332 15.8878897556569 0.627577697159722 ex
2566 31.7589275313076 0.132595018483698 9.02034026570618 ex
2567 34.3245617363136 12.3253092926461 12.2009571681265 ex
2568 18.7367055986542 13.9573424584232 13.3063475238159 ex
2569 24.3048197508324 7.27811387833208 7.29729214962572 ex
2570 18.3105776961893 13.543446747819 8.44812255515717 ex
2571 35.5577167319134 14.7985645483714 14.2027137423865 ex
2572 35.0402008937672 14.5047849898692 2.10993550810963 ex
2573 28.6855575982481 12.3124987375923 11.7148758918047 ex
2574 22.755337378243 6.46099076559767 13.1646393048577 ex
2575 33.6575459395535 5.80746517144144 14.9831449305639 ex
2576 29.9020110431593 9.65025017387234 11.4842924561817 ex
2577 27.3031087478157 6.99741392745636 7.94981729378924 ex
2578 26.2288468950428 0.310096320696175 8.78534746402875 ex
2579 27.9052371224388 11.7585204185452 7.1492032026872 ex
2580 25.4400116610341 0.433791797375306 2.98620382114314 ex
2581 18.3112762509845 5.22660776507109 8.87223062873818 ex
2582 32.4264768257271 16.1795083605684 4.60246768058278 ex
2583 24.6682482983451 15.3794920311775 17.3920924817212 ex
2584 30.8793476945721 16.252350327326 10.2084245870356 ex
2585 32.9829321270809 6.81411993852817 13.6876614768989 ex
2586 34.9366767187603 6.48831267980859 7.12646750034764 ex
2587 26.437624756014 5.10012101288885 10.74633214809 ex
2588 34.8472118929494 4.4131492737215 8.88987693656236 ex
2589 21.114401451312 13.9387494714465 11.7087686248124 ex
2590 23.1581722078845 11.362959100632 9.10023407684639 ex
2591 25.3009988307022 6.36571269924752 9.10998821305111 ex
2592 32.3595479028299 11.9181644020136 11.5344919546042 ex
2593 22.2190210376866 4.48646048479713 16.7922099418938 ex
2594 30.7971690879203 0.0703595075756311 12.363637765171 ex
2595 18.6207347484306 16.5718881122302 6.12632366782054 ex
2596 28.1950037986971 16.2454037074931 1.62828624201939 ex
2597 19.2033574031666 15.8161197896115 5.0439339231234 ex
2598 26.3658430851065 13.7380666295066 5.91681629302911 ex
2599 27.129931573756 13.5382919663098 0.383007899392396 ex
2600 25.3319558016956 12.3851627346594 7.08110769162886 ex
2601 18.6449759651441 13.1381073514931 3.00008785375394 ex
2602 27.5041445165407 8.94336942676455 10.5101155161392 ex
2603 29.2302053596359 6.33680076571181 17.3162601760123 ex
2604 31.2545517871622 8.22543438733555 7.37298188731074 ex
2605 19.8903480379377 4.94535381579772 1.4326049038209 ex
2606 23.0153033162933 3.41629230882972 7.60765645559877 ex
2607 22.7525052719284 7.06568133854307 6.30815241462551 ex
2608 31.3686397043057 11.146065688692 15.942529046908 ex
2609 30.0734456817154 7.39089617878199 17.0988244626205 ex
2610 19.7080742504913 5.46445537800901 7.14049088489264 ex
2611 20.0087356262375 6.62332062493078 15.7485248357989 ex
2612 25.4835506416857 3.69079456548207 5.17330598994158 ex
2613 31.7077726696152 5.02617315598764 11.6691325989086 ex
2614 25.0444581797346 6.93140615988523 13.3280920528341 ex
2615 34.8130125012249 7.65544341295026 5.22686714865267 ex
2616 32.2453824374825 4.68013179721311 7.38895927858539 ex
2617 33.0941562035587 11.47774172551 2.0493522991892 ex
2618 21.2993577814195 7.4467818683479 2.78650524024852 ex
2619 23.7895630700514 15.5046604757663 3.60178726562299 ex
2620 29.332333776867 8.20717065548524 10.9918833009433 ex
2621 20.8197236892302 0.217159942025319 2.39217375707813 ex
2622 22.3347168101463 5.0619503504131 14.2775733550079 ex
2623 28.7369407464284 7.27990736602806 16.6490822858177 ex
2624 35.3070141039789 12.6091244735289 0.486559804296121 ex
2625 29.7164825759828 17.9638419472612 17.0298957561608 ex
2626 20.3396756125148 16.1824408280663 0.00419156928546727 ex
2627 28.5915563681629 14.2912788800895 16.837669295026 ex
2628 31.9398665560875 14.2278613536619 0.418270813999698 ex
2629 27.1926580478903 0.953015672275797 12.899434403982 ex
2630 22.5651755889412 6.36410624161363 15.4709028766956 ex
2631 23.768460502848 2.85798598406836 7.56656252639368 ex
2632 20.3421679723542 10.2263393721078 9.32161978422664 ex
2633 27.958923754748 16.8122220239602 7.51850031246431 ex
2634 24.2929459775332 2.34192224987783 8.61167195346206 ex
2635 21.5741496190894 1.28689949214458 15.3361932807602 ex
2636 23.3761132275686 0.365641592536122 4.95462675881572 ex
2637 20.3679356765933 17.4675369136967 9.79997674259357 ex
2638 20.2116119333077 6.28095463011414 17.3764401259832 ex
2639 23.4530734433793 9.44253201712854 4.7404299818445 ex
2640 26.7968875183724 13.2828540022019 0.566990264225751 ex
2641 30.7841612701304 15.7495794417337 2.70303933694959 ex
2642 20.5227117107715 9.38848740956746 2.48357987659983 ex
2643 18.0770399949979 4.64027592889033 14.4433736484498 ex
2644 18.6935062506236 14.5972931929864 11.5508019258268 ex
2645 33.1274552221876 10.4858126605395 8.13431496918201 ex
2646 31.7276703768875 4.20184714626521 13.1318974711467 ex
2647 31.2884888327681 12.3247817549855 8.89675066294149 ex
2648 24.955242484808 12.7000168084633 2.87803355860524 ex
2649 19.4630996750202 17.0836361192632 0.123924231855199 ex
2650 26.9223233151715 5.38030242430978 0.582189923850819 ex
2651 26.4401052445173 15.6865546607878 17.9725115522742 ex
2652 30.9670577715151 12.5657032162417 7.70179306529462 ex
2653 29.2458621175028 7.38320314208977 15.5034867436625 ex
2654 22.9033330236562 0.112208363134414 8.44105810672045 ex
2655 35.5324261428323 5.95916682342067 11.484251933638 ex
2656 32.0930825555697 10.4207571351435 1.52259983168915 ex
2657 33.4249589482788 3.53853087476455 2.43343572481535 ex
2658 23.6905753982719 1.59816839033738 2.8698296234943 ex
2659 18.326845203992 7.22630521981046 16.462770079961 ex
2660 19.9824680928141 15.1519194783177 15.187015656149 ex
2661 31.9491963014007 6.22123577212915 3.093701827107 ex
2662 25.4966209158301 2.64672394446097 13.1904919352382 ex
2663 31.5298442449421 2.66039409767836 17.3406950589269 ex
2664 21.7880524334032 10.660266112769 11.4537926500197 ex
2665 27.4182600537315 6.80830089468509 2.88795922044665 ex
2666 31.4987735759933 2.28496837150306 9.64863080554642 ex
2667 33.2485481202602 10.8801081543788 11.4671624992043 ex
2668 22.8008116947021 16.1440020292066 2.59983773832209 ex
2669 23.6212559917476 2.57064702990465 15.4289624125231 ex
2670 30.8627934348769 1.2018691780977 12.7462088423781 ex
2671 31.2240367720369 9.49329318082891 10.2628489383496 ex
2672 32.9842036678456 7.94246855215169 7.24736625724472 ex
2673 19.9765348387882 15.7110454519279 16.0152949958574 ex
2674 29.7136116106994 1.5722870065365 14.0770495282486 ex
2675 21.5966596789658 14.1661889506504 4.39269045786932 ex
2676 28.6539557999931 10.4986920994706 12.8931287846062 ex
2677 29.8355788190383 1.42816133587621 0.337915383512154 ex
2678 32.2407277929597 4.53904333617538 11.4162533516064 ex
2679 24.4687208896503 9.85761844809167 4.77122121304274 ex
2680 33.4734246754088 11.7581754275598 11.2217759415507 ex
2681 20.4181799741928 13.2227938708384 10.7995460953098 ex
2682 23.9622774573509 13.0076589128003 6.12142829573713 ex
2683 29.4503832035698 8.98199367709458 4.23462110199034 ex
2684 27.3705226671882 5.49934290512465 5.37264597788453 ex
2685 21.2925923946314 13.1653133449145 2.98647790029645 ex
2686 29.093186900951 6.30911666038446 10.5342536184471 ex
2687 27.7343346383423 6.15120703401044 15.8760349890217 ex
2688 32.8503231087234 0.38739502732642 1.09816903644241 ex
2689 18.7391477525234 2.40346275898628 11.2008274004329 ex
2690 31.9154195862357 16.747439367231 7.04583517811261 ex
2691 31.5981052548159 17.9282875075005 2.69910339824855 ex
2692 32.0641113743186 9.72629916900769 2.39925311459228 ex
2693 25.8845090486575 3.85948889702559 14.077331335051 ex
2694 24.7247122919653 13.0229983450845 16.1927693132311 ex
2695 27.8971589060966 2.87130058929324 5.63773690955713 ex
2696 18.4721097538713 6.50024604657665 11.4670468382537 ex
2697 30.1465772406664 5.25962257036008 0.546358349267393 ex
2698 19.975110841915 14.8773214123212 16.5073277954943 ex
2699 35.0833140078466 8.0129473770503 1.50665329373442 ex
2700 26.3201251516584 3.85136868269183 4.42937737912871 ex
2701 33.1337923603132 14.0173229733482 2.92233556136489 ex
2702 22.4472607099451 12.4723026473075 15.9829272495117 ex
2703 28.0357880170923 4.53267321386375 5.28997096209787 ex
2704 27.0055534625426 6.47631001193076 4.64656172110699 ex
2705 28.2675346618053 0.759331472683698 13.9369768428151 ex
2706 34.931197130587 3.83861849061213 7.77587060700171 ex
2707 28.9257509668823 4.31755760824308 9.84787701442838 ex
2708 21.5549356532283 6.89599020918831 1.85107695776969 ex
2709 21.7632849235088 13.3018296475057 6.15711882943287 ex
2710 22.3214963718783 11.5924552106299 17.408309021499 ex
2711 35.9261863720603 9.24575206381269 3.98265366489068 ex
2712 34.4309013851453 4.65276976930909 17.571973213926 ex
2713 32.1530460312497 13.6611527418718 1.1116257540416 ex
2714 30.0524031561799 10.3341110507026 14.1599289812148 ex
2715 29.4427545235958 13.3204927272163 3.98666372802109 ex
2716 28.4909262610599 6.66649954579771 1.63073695660569 ex
2717 23.9469579791185 0.73353961436078 12.7432928951457 ex
2718 35.8697991124354 7.12936530634761 8.11755732540041 ex
2719 22.6349851882551 10.0435757162049 13.8739708771463 ex
2720 18.4745282998774 9.83115374506451 15.9602970124688 ex
2721 18.492814888712 4.17863161256537 16.5666647150647 ex
2722 18.3023708024994 12.1651285490952 11.1287325930316 ex
2723 29.7224588866811 5.93682884401642 7.13599977642298 ex
2724 33.7744567824993 13.9883594664279 0.799158641370013 ex
2725 24.5580810667016 14.7910245850217 10.7570231631398 ex
2726 22.664113583276 3.75077882781625 9.65543423476629 ex
2727 24.4392865824047 11.8884940992575 17.523389497539 ex
2728 23.5225576530211 11.574783024611 7.12099419324659 ex
2729 28.5125159712043 2.78310874314047 7.51034707063809 ex
2730 19.5218128049746 2.68537882179953 6.55188324698247 ex
2731 19.5310765656177 6.9777693618089 0.627626001602039 ex
2732 27.1021069413982 14.286628597416 13.107298502 ex
2733 34.215863966383 16.3596770542208 5.66886603576131 ex
2734 20.8117029226851 9.50554502382874 10.2662445483729 ex
2735 23.4938262978103 5.66506514884531 12.6900507688988 ex
2736 20.6659078362864 8.08141429210082 8.91511166491546 ex
2737 34.6732253092341 7.21257986361161 10.4501784543972 ex
2738 29.5795834197197 16.1599066008348 17.6694622454233 ex
2739 28.613750847755 11.6806589344051 13.9767881552689 ex
2740 19.8598323315382 6.96614467771724 17.6466386446264 ex
2741 28.5842541297898 17.762699362589 14.226953379577 ex
2742 26.9475532728247 12.0514396058861 14.861669012811 ex
2743 31.5161793024745 0.462414665380493 11.161130951019 ex
2744 30.9899254457559 13.3246784722432 2.1206316743046 ex
2745 29.8576530974824 14.6551847001538 2.88935937313363 ex
2746 21.8476989055052 2.80252591893077 6.39105648407713 ex
2747 30.3571366006508 12.6690913443454 0.962289970368147 ex
2748 33.8337716287933 5.19904496287927 16.8016491082963 ex
2749 30.3582243425772 6.01925540785305 17.8109953736421 ex
2750 30.7752907781396 4.62577282916754 6.64975469070487 ex
2751 26.9247188647278 15.7789476471953 0.842041208175942 ex
2752 21.9245800301433 9.54963042587042 12.5333496751264 ex
2753 31.0427656597458 8.31675695767626 0.474789157742634 ex
2754 27.6327708743047 15.2750442738179 0.692893078783527 ex
2755 30.6421259229537 14.1333622578532 2.29042502678931 ex
2756 22.1840369633865 8.88317199400626 4.86838607862592 ex
2757 23.8991010754835 4.53595232497901 14.1072931634262 ex
2758 28.944003991317 17.6347594433464 1.06276570633054 ex
2759 27.3241304028779 5.12035190849565 3.09597163368016 ex
2760 18.7464117091149 11.8465685162228 7.54467589850537 ex
2761 35.7273637440521 8.5998879109975 3.28465029527433 ex
2762 28.3969743896741 10.4947323645465 17.5575667209923 ex
2763 24.7525572925806 0.935219488572329 5.4117510758806 ex
2764 24.5549896259326 8.44798066979274 3.1541660989169 ex
2765 28.6162818996236 11.784857154591 5.34538899431936 ex
2766 32.8847434956115 15.0643876844551 1.16574200429022 ex
2767 34.7287378576584 0.891400305554271 1.1103384217713 ex
2768 34.0304559534416 13.695961501915 17.2826212856453 ex
2769 32.0665729613975 14.6154470446054 16.8211746111047 ex
2770 28.2119290952105 17.394011880504 2.25390861625783 ex
2771 20.7106446262915 3.86540374811739 12.8151105595753 ex
2772 20.0063397588674 2.18004813510925 11.5842655457091 ex
2773 31.9951445269398 9.597035309067 13.0359328284394 ex
2774 29.9602568934206 11.4569763797335 9.45007481030189 ex
2775 22.5577984796837 7.95772620267235 11.195125458762 ex
2776 33.9892476506066 7.5669142131228 16.3954932643101 ex
2777 34.6834692962002 8.33349726605229 0.189779223175719 ex
2778 29.1840480796527 8.47452934738249 8.85688191954978 ex
2779 20.6188342676032 15.6416009729728 0.121124994941056 ex
2780 25.6307925472502 0.257868895540014 14.4179795004893 ex
2781 26.9555779129732 6.56425899337046 8.01463559782133 ex
2782 23.4510366567411 10.4564963728189 5.71767060947604 ex
2783 24.9709386073519 14.7034749567974 16.8467881360557 ex
2784 27.2540750864428 16.5344720829744 13.1689342751633 ex
2785 33.2969000621233 14.5542893342208 7.41595819033682 ex
2786 25.353659321554 16.2859281112906 13.02013808419 ex
2787 35.0211128368974 4.87776974705048 3.27875932166353 ex
2788 32.6431390163489 5.82256033131853 7.19278794713318 ex
2789 25.3311074250378 17.6515316981822 10.9331446131691 ex
2790 25.7306680600159 5.38704933831468 11.0966452844441 ex
2791 32.2869199027773 13.5058361520059 2.16639328375459 ex
2792 23.4393290746957 10.877059004968 7.90703960740939 ex
2793 22.7302970741875 8.96656244318001 1.00533730024472 ex
2794 32.3608095289674 14.763064932311 4.78535209735855 ex
2795 26.3025769114029 10.2357866417151 8.1993574029766 ex
2796 21.6240480290726 4.17907959758304 17.829856205266 ex
2797 35.776551507879 12.851784608094 7.22745877341367 ex
2798 26.0334558270406 2.10044996626675 5.32584754889831 ex
2799 30.3817884062883 15.7726519040298 13.2275077411905 ex
2800 18.763739987975 7.58921270514838 1.08279621857218 ex
2801 28.7832727327477 7.92878677556291 7.95874198595993 ex
2802 31.7840962796472 16.6455229129642 17.8255960375536 ex
2803 25.4790640405845 14.6257315059192 15.6960183673073 ex
2804 29.6370455275755 13.5271816756576 5.90797891933471 ex
2805 27.5552381714806 10.0728849831503 6.42671138234437 ex
2806 24.2759999949485 11.6535495731514 4.51901523233391 ex
2807 25.4831676345784 6.8465956361033 8.01790461596102 ex
2808 30.1224462096579 15.657464108197 1.09017298021354 ex
2809 23.3720140117221 12.4713697806001 13.0995741633233 ex
2810 34.3482359740883 10.0143552660011 0.30664632213302 ex
2811 27.9096545036882 9.74321417836472 6.6099229902029 ex
2812 29.0627448447049 2.08243092545308 16.1285212673247 ex
2813 27.4909761494491 9.52725960128009 17.6493635831866 ex
2814 28.5301373391412 11.3413256884087 14.1713316943496 ex
2815 19.5772611857392 11.0611322761979 9.10642595286481 ex
2816 21.3220510371029 10.637703275308 3.06102054892108 ex
2817 27.7042785517406 13.0061888527125 7.60579713922925 ex
2818 25.0644537392072 7.54450114700012 10.880188554991 ex
2819 22.2006612373516 1.04491016524844 3.10303537477739 ex
2820 21.9871909911744 7.59150535101071 16.02158856811 ex
2821 29.0874749731738 1.87090871739201 3.63767851516604 ex
2822 28.6671089492738 3.96342389751226 6.44264997611754 ex
2823 35.8501119359862 1.0149236926809 7.54165838821791 ex
2824 26.8549724719487 13.0522438879125 7.18994191847742 ex
2825 21.6637314045802 2.74229751015082 2.19555177097209 ex
2826 30.9649491219316 0.242853660136461 0.00257947761565447 ex
2827 26.8598047185224 0.925514821894467 1.56214413489215 ex
2828 24.9338301578537 11.0448289969936 16.4992629869375 ex
2829 27.702329414431 16.3576699870173 12.100338046439 ex
2830 34.7318694260903 3.58928649453446 11.3453528326936 ex
2831 32.1908764410764 12.4737040977925 8.6389444549568 ex
2832 19.8071061202791 14.4147890449967 10.848825350171 ex
2833 29.1931998373475 1.88661176268943 5.47676984569989 ex
2834 35.5069651862141 2.78546158154495 15.3420337161515 ex
2835 19.4359561000019 11.9353902458679 17.6878008393105 ex
2836 33.8453621712979 7.96717274188995 2.44504136755131 ex
2837 27.4594529937021 10.0860380178783 16.9114485555328 ex
2838 33.1415892986115 4.62668908364139 0.852074105991051 ex
2839 34.7050208116416 9.82165233092383 10.555742190918 ex
2840 21.2320768975187 13.8134696860798 4.78248444129713 ex
2841 27.8125279354863 16.6185815050267 14.5214743663091 ex
2842 26.9056948698126 1.01396518829279 3.12507798359729 ex
2843 34.9556148860138 14.0270029646344 16.8719989391975 ex
2844 35.7752826306969 14.7417293384206 13.7594777499326 ex
2845 26.9689456191845 0.20877658482641 17.9497370510362 ex
2846 19.9505456052721 2.15720560238697 16.5958412757609 ex
2847 30.9603778547607 11.8013053166214 4.62460977490991 ex
2848 20.7901777005754 0.692729521077126 15.8798499421682 ex
2849 29.469208285911 11.0628173381556 17.8004563783761 ex
2850 33.5509972800501 14.3683462252375 17.416645803256 ex
2851 18.0812429108191 5.45324045629241 14.833104904741 ex
2852 35.8258271103259 4.0424463909585 8.65396309550852 ex
2853 26.8326994783711 16.4360021580942 16.3931747837923 ex
2854 26.2042303369381 11.6373347823974 11.4239730453119 ex
2855 30.7582126958296 15.6276509249583 12.3163599001709 ex
2856 31.5211655956227 6.01440344634466 14.3593295011669 ex
2857 31.9415764750447 11.0993146505207 5.13649478461593 ex
2858 27.2551854224876 8.74279404222034 2.68600122747011 ex
2859 31.4732497823425 13.045235783793 4.83252418902703 ex
2860 19.3672219337896 11.4105607890524 15.867354767397 ex
2861 21.1809027013369 16.7181676907931 1.78504620678723 ex
2862 25.5915720055345 8.7208387744613 13.6674174210057 ex
2863 29.2303192003164 12.4840952241793 2.41768379532732 ex
2864 20.6290840301663 10.0418750289828 12.3377398974262 ex
2865 23.107507425826 14.683441371657 15.5820164971519 ex
2866 20.8824053646531 2.92503547016531 17.102286565816 ex
2867 19.4810571256094 11.0105729324277 8.21502994420007 ex
2868 21.9011836342979 2.52631938131526 5.12604625546373 ex
2869 22.4798116211314 7.69142653374001 9.90931480354629 ex
2870 24.1743633486331 4.1988989119418 7.52005478693172 ex
2871 28.6528369418811 14.1258168264758 5.08735857671127 ex
2872 25.1612881277688 1.20238603721373 7.26159403752536 ex
2873 30.931828108849 17.0746082216501 9.26788680744357 ex
2874 21.9016012379434 12.1705796788447 12.3881312019657 ex
2875 21.3933222356718 1.10526343248785 16.2452428131364 ex
2876 29.2348911424633 14.4181535586249 8.23112536477856 ex
2877 28.9122486538254 11.5256966291927 4.63944545784034 ex
2878 26.2134580581915 12.346665377263 9.54223005357198 ex
2879 34.65320664295 11.9383429379668 8.76218642969616 ex
2880 32.354985922575 12.1501439681742 13.6861653102096 ex
2881 19.4369932780974 13.8455157203134 5.03463553520851 ex
2882 27.7641038545407 9.02512852661312 2.02168869879097 ex
2883 35.188091209624 7.07492842967622 12.8156632373575 ex
2884 18.8774605591316 1.87289228127338 12.1840330641717 ex
2885 27.3919319356792 4.31885739439167 6.00856402679347 ex
2886 35.9267316632904 6.60784013406374 17.2087060092017 ex
2887 33.8777075395919 11.737777749775 17.4387228123378 ex
2888 25.882732972037 12.36593980412 9.50335413101129 ex
2889 21.6935143615119 7.87037804396823 9.86773117841221 ex
2890 19.3014876225498 10.4365087570623 17.981801730115 ex
2891 28.3399399179034 3.46493236976676 10.7467361979652 ex
2892 31.9112734072842 5.02025693049654 15.9882405523676 ex
2893 18.5092135707382 4.00828792480752 17.6823105730582 ex
2894 23.643172546057 1.64167007501237 7.88246438326314 ex
2895 25.7029577193316 17.8944438726176 3.79228192055598 ex
2896 18.6584776691161 1.62958215456456 3.95761763933115 ex
2897 26.319376910571 5.97191603272222 15.7841314647812 ex
2898 22.8108092474286 4.1607403899543 11.081603806233 ex
2899 34.5011510003824 1.07234324864112 11.0568484959658 ex
2900 35.5315637486055 0.60932514583692 1.95759013015777 ex
2901 26.2488544858061 10.7532276983839 11.8115580540616 ex
2902 27.040426785592 5.84513257979415 16.1237864356954 ex
2903 35.8036169523839 16.0868279167917 4.85449071647599 ex
2904 25.4885038225912 7.43565800972283 4.95062727225013 ex
2905 23.2539116560947 13.6736168311909 3.95983871095814 ex
2906 23.9986773678102 9.77684390591457 6.86965478793718 ex
2907 23.9330733595416 10.9166334448382 1.42536105192266 ex
2908 21.9680022625253 7.73152740392834 5.49208283028565 ex
2909 18.1564079145901 5.96069159638137 0.0128615510184318 ex
2910 26.9715853868984 12.8576933182776 12.4358190379571 ex
2911 27.5632697122637 2.07458275812678 6.92604342801496 ex
2912 26.4555123909377 12.6927437135018 8.70551167195663 ex
2913 28.0135300534312 12.4173137324397 5.03423207974993 ex
2914 19.5570137314498 7.75377621222287 3.99284087237902 ex
2915 33.6576433933806 4.02829507365823 13.5178773032967 ex
2916 24.7311458694749 14.7188150824513 17.5103957292158 ex
2917 30.5832333103754 6.09533900441602 13.0544017392676 ex
2918 34.6655502165668 12.8984763664193 1.773998884717 ex
2919 19.4150962433778 13.1382867575157 9.10598401352763 ex
2920 27.4218314145692 16.6584563360084 1.36776135582477 ex
2921 26.821597954724 2.79319560690783 16.497831574874 ex
2922 24.4189186252188 13.5289172485936 10.7870384356938 ex
2923 23.6682007445488 3.14500439330004 6.79863576265052 ex
2924 30.6792953081895 13.2525149327703 0.445725396508351 ex
2925 24.5466194630135 16.9462047519628 13.1399921649136 ex
2926 22.0341246053576 3.45496817282401 1.5344049076084 ex
2927 30.3477958412841 11.2910513805691 2.24814729159698 ex
2928 26.0059664077125 4.1457420354709 15.6531107227784 ex
2929 29.1364854641724 14.7611947865225 16.4089849765878 ex
2930 35.9523336952552 8.7300899985712 5.34980192454532 ex
2931 23.3047726217192 5.43218663241714 4.68945056875236 ex
2932 26.131727454951 15.7696873759851 8.5738137238659 ex
2933 22.4077299614437 2.89580047060736 14.2496673385613 ex
2934 21.7599091199227 15.9365343279205 7.08869662904181 ex
2935 24.0128754321486 15.3526564447675 10.3381341046188 ex
2936 19.3012731864583 17.4059382819105 6.08862084127031 ex
2937 29.9420150527731 17.0619883744512 13.8051168702077 ex
2938 23.9709487089422 10.3816278572194 6.34791605873033 ex
2939 18.8029128669295 8.3246100617107 13.4562593712471 ex
2940 34.6745751195122 6.19073639321141 2.96340405126102 ex
2941 23.9843008881435 14.5158962202258 9.39079769258387 ex
2942 30.3640950596891 12.1632040960249 11.7133842466865 ex
2943 33.1316282157786 14.3065377892926 9.08457609871402 ex
2944 30.3443912025541 0.195237884065136 1.49797521042638 ex
2945 25.9579651281238 2.21821456588805 11.8866331782192 ex
2946 35.6947061307728 1.10511143342592 15.4597426895052 ex
2947 22.4748270066921 17.9038204173557 17.5761776030995 ex
2948 33.2293979236856 8.04773680772632 2.72794605325907 ex
2949 24.870878482936 7.03203209326603 16.4316152776591 ex
2950 35.618917462416 2.16516535310075 0.0637834509834647 ex
2951 29.7729910193011 16.6468167724088 6.24482422578149 ex
2952 22.2140026330017 14.0894781411625 16.5513924071565 ex
2953 20.7153760890942 2.28621067060158 4.98301859223284 ex
2954 23.7878322806209 3.67099885432981 10.0678513343446 ex
2955 22.8596501385327 16.0598384954501 5.43061676877551 ex
2956 27.3037459175102 1.31078333570622 8.730544032529 ex
2957 24.4501218500081 7.08220166573301 5.05825324822217 ex
2958 27.429412284866 11.7166924136691 6.78319126437418 ex
2959 18.8108739124145 0.415686508407816 15.6908356354106 ex
2960 35.2715000684839 6.68760803085752 1.75138875492848 ex
2961 18.6774667524733 2.82243932434358 10.4471507212147 ex
2962 30.9173252580222 11.7458389503881 1.1964919376187 ex
2963 30.1776226896327 9.57623479515314 12.7167561680544 ex
2964 23.1440789317712 5.39686688850634 17.7638587378897 ex
2965 31.339700915385 2.03577326587401 0.600853374926373 ex
2966 23.029572240077 5.56421676673926 10.2114532787818 ex
2967 21.771188093815 8.42365824105218 9.13775447732769 ex
2968 24.9511555600911 10.5068790647201 10.1835395332891 ex
2969 30.5136960793752 5.35417543002404 1.13275527069345 ex
2970 23.0466327269096 2.99600964249112 9.07856446155347 ex
2971 26.1244812919758 4.95772776892409 3.09470092249103 ex
2972 35.0661326986738 17.3381831219885 13.0380011505913 ex
2973 25.8993307275232 0.836780248908326 4.37329982081428 ex
2974 21.7212460699957 15.4110519215465 6.95748791866936 ex
2975 28.9459424237721 2.132643828867 8.73522953130305 ex
2976 35.6871651201509 9.39740791846998 5.23813942004927 ex
2977 21.4586959828157 7.85475262603723 1.57799782464281 ex
2978 21.3096025725827 0.536561326822266 16.5064261816442 ex
2979 30.929699794855 9.49421658879146 15.1216170112602 ex
2980 30.7133352307137 14.9310038993135 8.42776845884509 ex
2981 31.1514230391476 1.24602849711664 11.4779682485387 ex
2982 26.2508661509492 2.69173686672002 14.8431219356135 ex
2983 35.8557691071182 16.3537103177514 10.5428831668105 ex
2984 23.889938182896 7.86154998163693 2.77229252038524 ex
2985 23.9126615258865 8.42993353377096 4.05951522779651 ex
2986 24.5268393908627 5.36703769071028 15.1594385807402 ex
2987 30.2183586056344 8.37169616878964 7.32616352662444 ex
2988 23.796239934396 5.64655940025114 9.37509126565419 ex
2989 22.0514201561455 14.0566830083262 17.6007788474672 ex
2990 33.4000480624381 3.60827755834907 17.1579309571534 ex
2991 30.5060582216829 5.1101604946889 15.273525910452 ex
2992 21.1241402344313 10.2195751380641 15.6675678726751 ex
2993 32.7845278941095 4.02004411676899 14.6754918654915 ex
2994 29.970025105169 4.60811659879982 15.9489099702332 ex
2995 29.7818302123342 1.33608112973161 15.2607612460852 ex
2996 19.2290633970406 17.5232303829398 12.2883580191992 ex
2997 31.9049039743841 7.94402819336392 8.87576687498949 ex
2998 23.9321417852771 12.933552071685 12.9502352073323 ex
2999 26.8543840034399 14.6032749360893 4.19090713188052 ex
3000 23.5920300888829 14.9254715326242 0.65967544564046 ex
3001 35.5054103287403 13.1904415283352 6.52149223489687 ex
3002 30.2215503042098 16.7630903101526 12.057872248115 ex
3003 23.0450914271642 15.2470267345197 12.4971404494718 ex
3004 28.3894558742177 15.9665300745983 11.8521287313197 ex
3005 22.7199229937978 8.04609037330374 16.4699833805207 ex
3006 31.6546275515575 3.89286786387675 15.4719522516243 ex
3007 31.2629660535604 10.7032934885938 4.86779658473097 ex
3008 29.5434554002713 17.5087094211485 12.9939724425785 ex
3009 32.710223229602 8.84398215822875 12.2433798925485 ex
3010 21.7687837611884 0.447058786638081 12.917849563295 ex
3011 32.2005249410868 10.0527329999022 13.8762862421572 ex
3012 20.2951698789839 5.36353680049069 7.65526301809587 ex
3013 22.7129871600773 6.66762521793135 0.278959309915081 ex
3014 26.1532049069647 5.25034663663246 1.74188918550499 ex
3015 22.0817248879466 3.74493256327696 13.6628136544023 ex
3016 34.8333996189758 15.2033431148157 7.65931326360442 ex
3017 31.6352267386392 7.12906020600349 11.3887571492232 ex
3018 18.959312052466 9.00365443900228 6.55097889760509 ex
3019 22.7816515141167 10.090775532648 0.418296559946612 ex
3020 18.3015881492756 12.9618790389504 13.2339478032663 ex
3021 24.7337237522006 15.6551988578867 8.68085444555618 ex
3022 27.7376790768467 1.09197053126991 16.8698378792033 ex
3023 25.6536994331982 16.6856735288166 17.1942518283613 ex
3024 28.4130004327744 7.85179620911367 14.8140870158095 ex
3025 22.2068605883978 9.37694154283963 16.401941906428 ex
3026 20.8946518350858 1.24616331094876 17.0574017327745 ex
3027 35.3228338253684 11.1314336347859 9.43238805606961 ex
3028 33.4799452102743 4.30702199600637 3.87771636433899 ex
3029 24.3252577921376 12.1228111688979 5.73012349754572 ex
3030 24.088856942486 13.5237835752778 17.1250583229121 ex
3031 29.9748727595434 0.054483029525727 2.21362869325094 ex
3032 32.7294144029729 3.55467377020977 14.2365197562613 ex
3033 18.046181289712 2.23291919566691 1.72386930999346 ex
3034 27.6374407035764 0.230274395551533 7.08599280309863 ex
3035 28.136296101613 3.08415375743061 2.32018860173412 ex
3036 20.1162956971675 7.26694801240228 1.67601980594918 ex
3037 27.6087302148808 11.4798155503813 4.79664995614439 ex
3038 30.1137174619362 9.91582793858834 11.3936568130739 ex
3039 32.7411167589016 2.99369963258505 2.04701306996867 ex
3040 24.5878946171142 6.49233039398678 1.01855357829481 ex
3041 32.6898152194917 6.35711182141677 11.4997373679653 ex
3042 18.1185507918708 10.3400577108841 6.82344348635525 ex
3043 25.6937151469756 1.60040947771631 5.76496450440027 ex
3044 26.2552159931511 4.34402443305589 8.10535584180616 ex
3045 20.8424068873283 12.346539768856 11.0624710635748 ex
3046 34.7281209109351 15.7822337027173 8.25486107170582 ex
3047 20.673808477819 16.6848711457569 4.11001187935472 ex
3048 33.8732915720902 1.64346365421079 4.74958152836189 ex
3049 30.3223363084253 0.972615615464747 3.39791974518448 ex
3050 19.8911767248064 5.16045025316998 5.71965380990878 ex
3051 32.6040383228101 8.37984974891879 4.7774468397256 ex
3052 22.742865758948 12.1776728916448 12.335616068216 ex
3053 19.1536548750009 16.181822567014 2.29232050525025 ex
3054 28.4031331087463 3.27777174906805 4.1008434954565 ex
3055 31.6351251988672 10.540684923064 12.8640006873757 ex
3056 33.049421726726 15.6309069376439 13.2418556753546 ex
3057 21.6146870015655 7.14153553685173 6.88350718072616 ex
3058 23.1219927389175 6.30111208022572 15.2934052264318 ex
3059 35.6081982490141 7.10515193338506 10.9077636732254 ex
3060 25.7604419183917 6.51326417550445 1.59210201515816 ex
3061 32.0209116847254 9.9106669081375 13.2299916727934 ex
3062 23.8920208492782 10.288227109937 11.0237041017972 ex
3063 18.0844586661551 13.023129922105 1.51386903389357 ex
3064 31.8277489857282 10.3228499544784 2.73670784523711 ex
3065 24.7610028421041 17.910307907965 5.0792290030513 ex
3066 27.6851280042902 0.98946332000196 5.6654042401351 ex
3067 25.1655093897134 14.6116748512723 17.1342095718719 ex
3068 21.6037590363994 16.0810442490038 8.49165091919713 ex
3069 22.3852268201299 13.5128454091027 6.57919198204763 ex
3070 28.4099064841866 9.49338116613217 8.51510784146376 ex
3071 35.3249121964909 6.21200846624561 9.21466225176118 ex
3072 35.212288701674 12.1289178968873 15.8973634040449 ex
3073 27.2570966412313 2.61156624765135 0.441483435453847 ex
3074 20.905762934126 12.5459657199681 6.0817080992274 ex
3075 30.3571205937769 0.129996604751796 2.79020568518899 ex
3076 23.2209900463931 7.50348567031324 9.02735394821502 ex
3077 34.0490208540577 4.853182337014 10.9699719646014 ex
3078 30.0998608525842 14.1837358812336 17.0428274045698 ex
3079 35.6612971387804 9.17764606582932 17.1236883171368 ex
3080 29.5644633916672 10.6130761923268 2.19897679216228 ex
3081 31.9162384262308 4.41474496340379 2.74379510618746 ex
3082 21.0757696509827 16.8592386664823 13.2593801836483 ex
3083 22.1738094321918 12.6320990922395 6.54840389220044 ex
3084 22.7450084609445 2.24709040741436 9.36783898528665 ex
3085 33.6059418239165 10.8794004102238 10.3509770520031 ex
3086 32.8596393258777 14.5376000390388 13.191947030602 ex
3087 32.7174730186816 7.67811408056878 15.2615685509518 ex
3088 30.5188209833577 8.20062443311326 1.92091871472076 ex
3089 30.580310258083 2.52581133553758 7.31779250642285 ex
3090 18.3935813896824 11.4661858817562 12.614082561573 ex
3091 19.8561900833156 2.01214079675265 4.09006285830401 ex
3092 21.8481474285945 4.59795954078436 11.4921661003027 ex
3093 24.3611740558408 3.28617534576915 11.3909388144966 ex
3094 33.8722295684274 17.7652132387739 1.44979759631678 ex
3095 19.3690513032489 5.87106144172139 9.78628209070303 ex
3096 21.3828012333252 5.5801863304805 6.16634193761274 ex
3097 22.5908071864396 7.36666237120517 5.73389870813116 ex
3098 28.8129763735924 7.50304300081916 6.71776082739234 ex
3099 18.15031097061 8.3390227642376 0.405137180816382 ex
3100 29.5763564859517 16.8957019730005 2.32653646636754 ex
3101 35.5323080299422 2.18102097325027 1.84208500222303 ex
3102 25.3551245650742 16.5839417134412 9.14916728087701 ex
3103 21.501969106961 3.02011988172308 3.72218932956457 ex
3104 28.9588566198945 2.65372880594805 5.51286632986739 ex
3105 32.9924545327667 4.62666002777405 4.81227250536904 ex
3106 34.2104384559207 13.3423685200978 9.41515735769644 ex
3107 35.8997616081033 16.683250651462 6.96144307986833 ex
3108 24.0221686395817 15.1450449672993 11.8529782646801 ex
3109 18.0258147455752 12.9380375901237 3.62544206832536 ex
3110 19.4428152472246 7.49335103365593 9.93668251065537 ex
3111 20.6643136735074 10.5634367822204 0.0467790637630969 ex
3112 29.7091453515459 15.1318631237373 6.04975076927803 ex
3113 33.4860567178112 16.6467854366638 11.7629053408746 ex
3114 30.6707063799258 8.49063406814821 15.8263127661776 ex
3115 25.8506107148714 9.32080727233551 3.55136000481434 ex
3116 26.8187954542227 1.70857781777158 13.6057098340243 ex
3117 20.2261491741519 8.70326288766228 16.5002436821815 ex
3118 21.9756153454073 0.964009901275858 17.3603367882315 ex
3119 31.7343288385309 16.6982346640434 8.77243123087101 ex
3120 31.0214407437015 10.5216460458469 6.49277128838003 ex
3121 20.4836939193774 11.8727498659864 9.9197859771084 ex
3122 25.8483617112506 2.42481797002256 2.12993672769517 ex
3123 18.3400240158662 11.1166277560405 4.95573287527077 ex
3124 30.6204114775173 15.1342242485844 5.8615080807358 ex
3125 30.6927301816177 5.73438576306216 13.6711739187595 ex
3126 26.0949957291596 5.23887800169177 17.7942346606869 ex
3127 19.7116928398609 8.07681331597269 15.9231262663379 ex
3128 19.7992618118878 7.74925604881719 1.01203827187419 ex
3129 24.3029739763588 9.75318418676034 5.82445683865808 ex
3130 34.2270623126533 17.2396378936246 2.16757209762 ex
3131 21.7850382297765 3.04296598094516 9.01311272196472 ex
3132 24.8810597597621 4.98447660729289 6.66359355393797 ex
3133 27.8299564328045 10.3620313985739 5.73861140850931 ex
3134 20.7384918348398 6.58880551997572 12.7104003382847 ex
3135 34.491052794503 10.1069216497708 14.7402740535326 ex
3136 24.4518446428701 7.09292337344959 17.3482699296437 ex
3137 19.9035168441478 14.3242129543796 11.8392088047694 ex
3138 28.6011567208916 8.18324390798807 17.9778802839573 ex
3139 29.1431974321604 16.4658419464249 1.31925391149707 ex
3140 35.5409493811894 2.2447256334126 10.3111138974782 ex
3141 24.1430599908344 2.18844631826505 16.3538167085499 ex
3142 23.20236702892 2.31721418444067 6.78523635934107 ex
3143 24.0670963265002 11.249697309453 5.21194334188476 ex
3144 21.7832329242956 8.7134328240063 10.0065763723105 ex
3145 22.7728618714027 17.7042678548023 11.126652777195 ex
3146 28.6988045459148 17.0027658257168 12.5397467853036 ex
3147 24.9249051718507 10.3968482587952 14.8639934253879 ex
3148 20.1136419281829 5.81979988748208 14.3903584992513 ex
3149 20.6599455021787 9.11638642125763 14.1393049885519 ex
3150 21.9738990466576 10.91859713546 4.78103441325948 ex
3151 23.1082200403325 12.9293586087879 8.11298350268044 ex
3152 33.2793866647407 12.7039806649555 17.8668031061534 ex
3153 32.1792146540247 8.17312446609139 11.6505221882835 ex
3154 30.4712310552131 12.8890803488903 12.3663374502212 ex
3155 24.3558178530075 8.8968809035141 9.12966463319026 ex
3156 18.9513056396972 9.17189496709034 7.02827143343166 ex
3157 32.9146666803863 10.8410012109671 16.6105826019775 ex
3158 23.2609256403521 9.04453534120694 11.6060886783525 ex
3159 19.8283619205467 0.406283987453207 7.66510082851164 ex
3160 24.6858033868484 8.05782322632149 8.94451430812478 ex
3161 31.8761907981243 7.12569523975253 3.84223942924291 ex
3162 25.8072581652086 4.88763738237321 16.7166624506935 ex
3163 27.8269024284091 8.21601675101556 14.15729955188 ex
3164 30.0711755920202 15.3684583869763 9.7122194217518 ex
3165 18.4611811698414 0.425337573047727 7.63441732479259 ex
3166 27.333168128971 17.7988943543751 14.2114304257557 ex
3167 26.6134100663476 6.99293402116746 10.500599876279 ex
3168 21.48828965961 8.18363071721978 15.8704114067368 ex
3169 28.9022721014917 10.2548906456213 16.0443572397344 ex
3170 26.9997623590752 9.79696741513908 9.2225203064736 ex
3171 31.4421029018704 1.74240923114121 16.7559900050983 ex
3172 29.7734267278574 17.534771024948 0.893451803829521 ex
3173 20.7848674231209 5.52671496313997 15.1789528783411 ex
3174 34.2475856363308 15.6394479491282 1.57013702671975 ex
3175 18.5242711277679 12.2828680665698 6.76357583631761 ex
3176 32.5717869282234 2.30115499044769 5.35743165179156 ex
3177 33.1713344955351 3.33914604457095 14.2312497745734 ex
3178 23.2765706044156 4.52512948820367 17.3163151303306 ex
3179 31.3522417636123 9.37716450518928 15.020374949323 ex
3180 23.1491655260324 9.62572272797115 17.192001997726 ex
3181 26.114012392005 9.18488268554211 5.77515833731741 ex
3182 28.4840545861516 1.14489506278187 2.90601519192569 ex
3183 20.4938487580512 15.5831034600269 8.73930581333116 ex
3184 28.0586928403936 3.46310317586176 3.44660027418286 ex
3185 32.0026867995039 1.66864329250529 11.6517568721902 ex
3186 27.2322060663719 3.70158817595802 12.522562034661 ex
3187 26.0318969318178 3.53576853941195 17.7497890850063 ex
3188 18.1287082622293 2.40161805739626 5.59417764889076 ex
3189 26.5340842884034 6.35806340258569 16.5750388160814 ex
3190 35.7112543783151 7.84292811225168 2.05009645223618 ex
3191 27.2849257271737 17.6542218455579 6.87967630592175 ex
3192 24.0355186348315 17.9459534271155 3.43883757758886 ex
3193 35.7100820257328 2.37423677416518 12.9907844979316 ex
3194 31.4876745273359 11.5528561093379 3.05238597956486 ex
3195 27.863795398036 5.75306454696693 7.68349821865559 ex
3196 24.7601666760165 2.70443396712653 0.887353989761323 ex
3197 27.3474391982891 15.1939744320698 2.58359663607553 ex
3198 27.0599455961492 16.4142919925507 6.08049632725306 ex
3199 33.3459235506598 14.6490147218574 12.72769692773 ex
3200 19.0390301407315 9.75751025206409 10.1180895462167 ex
3201 25.6538375082891 8.36172228842042 4.42069057910703 ex
3202 24.1839353071991 7.64585375133902 10.5768818741199 ex
3203 29.8979744801763 6.71967878355645 13.9044996567536 ex
3204 22.0367405777797 6.70202751504257 10.4483680736739 ex
3205 25.8018884295598 0.491526366211474 10.8911864708643 ex
3206 35.935443759663 16.7541655865498 7.245165144559 ex
3207 19.0245278528892 14.6132507217117 14.6163631121162 ex
3208 23.2479813313112 1.08815290685743 17.3025720918085 ex
3209 19.6732138847001 7.59410118730739 8.70769545203075 ex
3210 21.7957891516853 13.2741008009762 3.19017049390823 ex
3211 26.1789974514395 3.22304549207911 7.08626044262201 ex
3212 30.1938097812235 5.68235932989046 17.2223698720336 ex
3213 27.3849350051023 16.2261536561418 11.308770212112 ex
3214 31.4408967324998 7.86509016202763 7.19349217764102 ex
3215 28.6079952677246 14.6982699243817 14.8213694468141 ex
3216 28.4552091951482 15.966199895367 4.91747292713262 ex
3217 22.7766974905971 4.45160413347185 8.55263931746595 ex
3218 19.7993118264712 9.70358752692118 4.44966473407112 ex
3219 29.7804821808822 5.28047720016912 4.27287302678451 ex
3220 19.8362110217568 0.568821958033368 10.4798821574077 ex
3221 24.5306476880796 4.88941821968183 12.7604068131186 ex
3222 21.143381617032 9.85366797377355 6.69443962001242 ex
3223 35.0327806093264 12.7463358945679 5.14009738015011 ex
3224 26.9279124422465 7.88860159670003 8.66542411549017 ex
3225 27.5965807228349 10.3713620400522 3.29949795571156 ex
3226 18.1953589303885 1.50554911512882 8.1723691963125 ex
3227 28.9443106185645 16.5994063303806 9.38780993060209 ex
3228 33.4461154253222 16.6781030858401 14.4006824290846 ex
3229 33.9316857296508 7.25706379488111 1.27528481464833 ex
3230 24.8561482818332 6.00568378088064 14.908489524154 ex
3231 20.2822974510491 9.79239305714145 9.77376401936635 ex
3232 28.327453595819 7.7304441248998 12.308769405121 ex
3233 32.5343048425857 3.75940799363889 11.0718878873158 ex
3234 27.5338875867892 17.1225648247637 9.23454404668882 ex
3235 33.5475010864902 9.78176080528647 3.5819705997128 ex
3236 26.5460001823958 14.8224827409722 17.0108517303597 ex
3237 31.1952326842584 15.606113120215 3.6260304285679 ex
3238 20.6774138102774 7.74062937311828 10.1455277949572 ex
3239 28.0037302335259 13.7256845191587 2.90728829568252 ex
3240 32.3810612037778 17.0888303637039 1.82577262958512 ex
3241 27.127185263671 6.55145137873478 16.8064307081513 ex
3242 25.5918626079801 7.95542175578885 5.74264905741438 ex
3243 18.1368176979013 2.24601889657788 8.70428198203444 ex
3244 23.7514424682595 1.92150692013092 1.57251584506594 ex
3245 28.1582450028509 1.7012680482585 0.178004058077931 ex
3246 35.8661119069438 12.1523078151513 14.3826671002898 ex
3247 31.2676254415419 15.3166599434335 14.7262451308779 ex
3248 30.9789948943071 16.9414750589058 3.05145246186294 ex
3249 33.3141294817906 14.323570370907 8.72254888899624 ex
3250 21.5262110922486 4.62665713671595 9.58342310483567 ex
3251 26.5329828190152 8.51619160291739 6.21980265039019 ex
3252 27.9892507800832 15.8451155712828 6.13580511556938 ex
3253 24.9896395804826 11.0050421527121 8.62498123431578 ex
3254 18.8892417429015 14.9064309871756 9.04485263023525 ex
3255 33.9869718211703 16.749426398892 5.07253317302093 ex
3256 27.3118621220347 3.66245099669322 1.82032575900666 ex
3257 26.93351871497 14.4784232021775 6.6189973668661 ex
3258 19.2400554551277 6.08368608495221 9.16129092313349 ex
3259 32.4110723675694 1.2820044553373 5.40216916054487 ex
3260 21.0412808558904 6.93288850481622 16.2513239281252 ex
3261 18.351527208928 4.94680208317004 15.9010594233405 ex
3262 19.2422807686962 11.6652775825933 14.0765933752991 ex
3263 29.6096726111136 6.76626721792854 6.52046254463494 ex
3264 32.942298805574 10.3029883878771 7.9079411723651 ex
3265 35.1645444494206 8.61181109678 6.44111678050831 ex
3266 35.1366632322315 11.9069103568327 15.6277159405872 ex
3267 22.0314230262302 8.60947142192163 11.9158579211216 ex
3268 29.6154900051188 12.7610433541704 3.41717159817927 ex
3269 20.8861378831789 7.82391624012962 11.6346103383694 ex
3270 24.9235140909441 15.2564700071234 12.8326293488499 ex
3271 23.3954287469387 9.39690341125242 7.55747519084252 ex
3272 26.3014276863541 11.1187682219315 13.6813192684203 ex
3273 24.1660223833751 1.50621091620997 0.933098239824176 ex
3274 24.0149491310585 5.00533502805047 16.22195282951 ex
3275 18.1859372027684 14.0324933200609 10.5226519210264 ex
3276 26.3457043741364 0.262902239570394 4.51239422592334 ex
3277 19.5604879253078 16.1250645455439 8.69018343137577 ex
3278 19.9746830265503 5.65063165081665 2.5361802468542 ex
3279 18.5468906171154 17.4692518473603 13.1516164541245 ex
3280 19.0637698124629 11.8217416114639 1.81185010261834 ex
3281 19.511452679988 1.69159982772544 14.5475082583725 ex
3282 26.9859491414391 7.12727027386427 6.8586430971045 ex
3283 23.832198590273 3.01354855578393 0.228170699439943 ex
3284 21.659444837831 3.13447302300483 8.16987393121235 ex
3285 31.2208283517975 6.45820518955588 1.29663470946252 ex
3286 29.6831299669575 1.07692963886075 16.8522101375274 ex
3287 18.4087553382851 0.320785637246445 10.7330746543594 ex
3288 18.8392891171388 6.25135498237796 0.0377036535646766 ex
3289 26.8216857884545 9.04814282152802 0.487653461750597 ex
3290 25.1410685619339 6.45496572926641 4.13350714440458 ex
3291 34.8445470998995 8.81075832620263 11.0211045565084 ex
3292 27.9670154945925 3.27942324755713 11.029754776042 ex
3293 20.0602778682951 17.5459665542003 17.0505290718284 ex
3294 33.9850758849643 9.85512518370524 0.519691854948178 ex
3295 26.3833517527673 9.42581364978105 1.7748013578821 ex
3296 30.9336118507199 16.6437518412713 15.9978995840065 ex
3297 35.6717459075153 11.4106278470717 8.67679770616814 ex
3298 24.9637468319852 3.6156525076367 16.8493432702962 ex
3299 33.9431186832953 5.75379998446442 12.3816134529188 ex
3300 29.2236895824317 7.21666294848546 6.98790445458144 ex
3301 32.0172691242769 15.2576271756552 3.38944665202871 ex
3302 33.6299230414443 3.47234762366861 13.8525309935212 ex
3303 34.0190997687168 8.69956531771459 13.0876490941737 ex
3304 23.125419806689 14.6664994040038 8.11065289494582 ex
3305 26.1776747780386 10.6749904188327 14.7908297865652 ex
3306 22.9043679337483 17.0297886263579 0.383853784063831 ex
3307 31.2023616128135 17.9652220373973 7.86963457986712 ex
3308 26.3854947732762 9.76543624280021 12.3837959179655 ex
3309 22.6733367599081 14.5725787072442 5.79522828990594 ex
3310 33.9054524558596 4.50178622663952 5.99896769598126 ex
3311 27.3417665720917 8.52567593799904 12.3552559046075 ex
3312 21.3914123266004 10.9289992391132 9.03678161208518 ex
3313 28.0677683944814 2.54210208472796 16.6993635308463 ex
3314 34.8880325520877 13.6762004946359 4.3297775646206 ex
3315 34.5238537301775 17.370806741761 7.59936630283482 ex
3316 31.9389669743832 5.96267148922198 17.0415345423389 ex
3317 35.3464821067173 6.40105447266251 6.75958505272865 ex
3318 32.9010466337204 7.07412190921605 14.6983641437255 ex
3319 19.0512583442032 10.2592907375656 3.91928908019327 ex
3320 18.8072780093644 5.25339479930699 12.2678833073005 ex
3321 20.4141389660072 9.08533995645121 16.2665973273106 ex
3322 22.7120566265658 17.4107755119912 12.9517558342777 ex
3323 25.173030548729 14.7206266736612 3.92962439078838 ex
3324 30.4256314600352 4.32535001356155 4.74165333784185 ex
3325 18.9504981206264 7.35870208893903 6.14341103471816 ex
3326 33.568949322449 12.6330591437872 11.2213547930587 ex
3327 19.5090251197107 10.789747441886 11.7146168439649 ex
3328 29.199805759592 8.0467335244175 17.053207750665 ex
3329 22.6785135772079 0.409063105471432 15.4521639137529 ex
3330 21.3805525810458 12.3137143792119 15.2831621386576 ex
3331 32.0086081987247 2.00519888917916 13.4092160067521 ex
3332 28.6122188970912 8.36768857925199 0.953260224545375 ex
3333 20.9360356519464 4.21197186945938 10.8283213381656 ex
3334 31.3821576049086 7.3786154743284 4.14294959628023 ex
3335 25.331023810897 8.04681640933268 14.1301704633515 ex
3336 25.5572232673876 3.65781270968728 6.64841154008172 ex
3337 24.2763874570373 8.56914061657153 7.44468499906361 ex
3338 21.0026169111952 14.3183614113368 5.70228898874484 ex
3339 23.8533840712626 12.2745912526734 11.5439525125548 ex
3340 19.2504826397635 14.962911642855 8.05854806839488 ex
3341 26.7096413078252 2.87631022091955 15.6846256172284 ex
3342 28.0786354758311 8.61163807683624 15.5576744982973 ex
3343 27.1093509874772 9.37096009659581 15.3934707574081 ex
3344 28.2327366240788 11.2733979991172 7.74094229587354 ex
3345 24.3710042859893 0.831845399690792 4.82824917766266 ex
3346 34.6272423840128 7.34478747332469 12.4047100143507 ex
3347 19.9618301673327 5.91483239922673 1.63077300670557 ex
3348 18.2294121882878 17.6007591232192 2.33389069908299 ex
3349 23.9480247753672 8.96498365397565 10.07423605863 ex
3350 18.8900128223468 17.3087665305939 14.1678244252689 ex
3351 28.0224511278793 3.7564133934211 8.08820649073459 ex
3352 29.7947811896447 11.6917306473479 7.59468655684032 ex
3353 22.8690420268103 14.223638772266 13.6135936670471 ex
3354 26.8326358138584 7.79440779238939 2.01342200604267 ex
3355 35.0936380580533 9.93739780923352 9.36122029018588 ex
3356 23.4397002400365 5.16337876627222 3.73270262777805 ex
3357 20.5120403983165 16.8941250385251 7.61219085706398 ex
3358 18.1387733255979 5.32789922063239 2.30711088632233 ex
3359 32.6352279067505 10.9606758935843 8.64457485405728 ex
3360 29.3498086230829 0.267975440016016 1.43988174153492 ex
3361 26.1286732302979 6.20487837539986 6.04631425649859 ex
3362 29.5038840202615 2.96191392815672 10.880333986599 ex
3363 18.5568163937423 0.402094418881461 9.83835004223511 ex
3364 28.7721390498336 16.0980185356457 14.5507937420625 ex
3365 21.4591562109999 17.2419257091824 7.74271036684513 ex
3366 24.090053238906 5.64002972771414 3.51841202750802 ex
3367 26.3039257270284 4.0750919454731 6.96579321031459 ex
3368 22.7494323109277 3.54782170755789 15.8215895288158 ex
3369 35.8541947770864 10.956701529678 4.1580745074898 ex
3370 27.5373483786825 6.84662928176112 11.0910292463377 ex
3371 19.2628737087362 14.2509463380557 5.51885389909148 ex
3372 30.5087635959499 9.92368001444265 5.47039844701067 ex
3373 28.0001376376022 11.1885834627319 10.5840064564254 ex
3374 22.6357476594858 16.845332559431 12.6442431537434 ex
3375 35.3039705685806 4.71562140062451 13.1919109697919 ex
3376 31.2510267721955 4.8358045918867 16.5326062566601 ex
3377 31.336547519546 17.9087764199357 13.0179232887458 ex
3378 29.2402146768291 2.20517820469104 7.27794059133157 ex
3379 30.339257957181 1.27690300764516 5.21078123850748 ex
3380 31.9811688046902 3.43025490548462 9.36753323744051 ex
3381 27.5120402853936 2.3220847141929 3.53420610865578 ex
3382 31.8472516501788 17.7325805318542 8.76155740162358 ex
3383 26.8419611244462 6.65388081595302 11.7095115028787 ex
3384 32.8610985884443 11.3740423226263 13.3108511045575 ex
3385 20.2621598632541 2.42548966570757 9.83373437565751 ex
3386 35.6754468190484 9.81486245547421 11.5739521908108 ex
3387 20.4254372348078 9.97955184057355 17.4861110062338 ex
3388 26.2893086813856 11.2454216443002 6.7199388362933 ex
3389 33.6890927338973 7.03354913252406 5.09865766135044 ex
3390 34.0139985177666 3.83162344852462 1.39210768602788 ex
3391 25.9050039602444 9.0862383665517 16.404474263778 ex
3392 34.596206467133 0.514500323683023 11.9918731988873 ex
3393 28.4458565698005 6.77004636242054 16.1977189034224 ex
3394 27.767702864483 15.9418820741121 1.90122986678034 ex
3395 33.116529851919 4.30011739372276 1.99543205858208 ex
3396 32.8160438193008 11.8582023957279 14.9985567275435 ex
3397 23.2812302764505 16.8662030552514 7.95902551850304 ex
3398 32.4568834584206 12.1494285662193 15.6897756289691 ex
3399 18.4274491176475 14.9213955043815 14.0925225247629 ex
3400 33.6700630031992 8.22230148944072 13.2927684702445 ex
3401 35.1491565224715 15.0440158331767 12.2968747506384 ex
3402 34.163993824739 1.56422841642052 1.23760371585377 ex
3403 22.5333154855762 5.42518432880752 5.05324382032268 ex
3404 24.3930227062665 6.93639311473817 16.7077213574667 ex
3405 32.5620072949678 15.1764807889704 14.7881752999965 ex
3406 18.2944776553195 10.4529200082179 0.193895099684596 ex
3407 35.743363318732 1.25360876880586 16.224208900705 ex
3408 27.2237589112483 3.45914106047712 14.6300495439209 ex
3409 34.2034223626833 5.95733449794352 1.59749550861306 ex
3410 21.302190938266 17.519262838643 2.89952196553349 ex
3411 28.022740050219 9.78294292138889 5.9338851030916 ex
3412 19.2950615747832 9.05427967989817 15.2384353559464 ex
3413 31.8610385358334 4.71916619013064 3.12752596102655 ex
3414 26.4543362562545 4.32574189966545 14.4695152486674 ex
3415 24.8404282142874 8.93886403413489 0.784910883288831 ex
3416 23.4391242600977 3.66048526205122 12.9408315864857 ex
3417 29.1003902326338 4.02317381650209 11.2251134933904 ex
3418 19.8688889122568 5.49711701530032 16.2697703894228 ex
3419 33.2413062001579 0.918111491482705 2.02933713281527 ex
3420 29.1625978604425 14.0762425116263 9.28985421103425 ex
3421 32.9557743554469 15.4010378937237 10.7321444621775 ex
3422 25.3251947821118 15.7399330509361 13.0644704597071 ex
3423 32.5284543740563 9.27864045836031 15.7223177952692 ex
3424 27.9091129156295 2.24747847183608 1.72823739098385 ex
3425 24.4811995504424 0.330520269693807 12.2410718672909 ex
3426 30.3192976331338 13.6947602285072 17.032589181792 ex
3427 25.9565321812406 4.73744402406737 4.34406227525324 ex
3428 25.7963961861096 6.53391177416779 12.8716932740062 ex
3429 19.7184517632704 7.96256733383052 12.1126454572659 ex
3430 31.1033616077621 3.41419281158596 12.2492954891641 ex
3431 21.772688845871 0.375802737893537 15.2470414359123 ex
3432 22.1376861298922 10.9200263621751 1.80783657124266 ex
3433 27.5797827809583 6.48126754024997 9.0529293846339 ex
3434 24.6446552306879 11.7560107228346 10.9162307758816 ex
3435 23.9497230090201 10.5197004433721 12.5838258434087 ex
3436 26.7585933781229 14.9875985910185 7.63036499591544 ex
3437 20.2902756249532 5.4304862213321 1.56585863116197 ex
3438 33.467223583255 5.66937613952905 13.1156241775025 ex
3439 34.2114862347953 2.56605369830504 17.2166526021902 ex
3440 35.4618748629 11.9621138514485 0.887159718899056 ex
3441 19.5634621775243 9.42814521025866 6.35039314464666 ex
3442 22.5594266017433 10.530009660637 2.36608268111013 ex
3443 20.6133236107416 3.19384172768332 15.1713053744752 ex
3444 28.1519629331306 7.3826037729159 11.1612726864405 ex
3445 19.6899456304964 6.33929551159963 15.4394098150078 ex
3446 34.6492795180529 5.23984966403805 13.5717398715205 ex
3447 19.8278463836759 14.6524519545492 3.04393019294366 ex
3448 24.1705629485659 3.49895649403334 12.2117044574115 ex
3449 25.6586665560026 13.6789819865953 1.93560625961982 ex
3450 22.3410662380047 0.0270654608029872 16.8659368355293 ex
3451 31.2050446122885 2.63417656277306 4.42942977230996 ex
3452 35.4286439458374 15.7531042820774 0.888388881692663 ex
3453 33.0115929499734 17.6086544126738 8.39714241074398 ex
3454 34.5673454983626 11.12678610906 5.5933971835766 ex
3455 32.3545640450902 14.603624464944 1.63473037281074 ex
3456 21.3578541437164 16.0407327674329 0.312769928947091 ex
3457 35.7188105632085 3.700762815075 2.08860369795002 ex
3458 33.4677907300647 12.8545195667539 2.70198542415164 ex
3459 20.00584904477 12.7100347524974 17.2208358696662 ex
3460 27.2490172677208 12.3971794745885 5.06433879490942 ex
3461 33.5138780814596 0.693637246498838 6.47141147498041 ex
3462 33.2115786659997 13.0497931670398 1.10250001889654 ex
3463 26.4654600808863 4.53431604523212 9.04320276319049 ex
3464 23.6126496326178 6.68182850559242 0.291988373035565 ex
3465 20.2644665536936 8.17035993165337 7.9656396326609 ex
3466 22.2146228458732 15.1762723301072 5.3735320859123 ex
3467 27.8446424407884 3.65937311388552 2.4129055631347 ex
3468 21.5514270134736 15.8625413344707 10.6908272984438 ex
3469 24.1748614974786 5.98214890807867 8.29596920101903 ex
3470 23.9153490534518 15.7394153578207 17.1141539693344 ex
3471 24.3403494206723 2.70603372738697 17.8927006048616 ex
3472 27.6853400405962 15.3581475303508 10.0176534461789 ex
3473 18.4109005192295 0.925208422355354 14.098735677544 ex
3474 32.9081530382391 4.9387586787343 0.36459374986589 ex
3475 35.3314284516964 15.1474670846947 1.80883959122002 ex
3476 21.2018576727714 5.42982810619287 12.6822514438536 ex
3477 20.0496735463385 0.324066728586331 9.15925782360137 ex
3478 19.9366496962029 6.94338045129552 16.7063145588618 ex
3479 22.8891313262284 4.80601691454649 0.838058472843841 ex
3480 27.4863306754269 14.5230426299386 2.52908417838626 ex
3481 19.920332533773 13.2414329231251 11.5673696957529 ex
3482 22.9737748054322 1.04820422036573 0.757806920912117 ex
3483 31.1057209887076 16.0623614720535 16.7935397119727 ex
3484 27.1767998747528 11.9600962554105 5.47062603593804 ex
3485 21.5576050560921 14.2898361422122 15.5814868584275 ex
3486 31.7094024168327 7.30183244124055 0.0824800448026508 ex
3487 19.3640259271488 10.710137917893 9.85489004198462 ex
3488 33.948802061379 5.79467972018756 2.92585072037764 ex
3489 32.873432329623 7.03071632492356 1.18765493039973 ex
3490 35.5399258886464 17.9700925680809 12.2010958848987 ex
3491 20.5136238231789 3.32885440159589 13.422130624298 ex
3492 20.0541863078251 16.2178730701562 14.4064930125605 ex
3493 18.188001901377 11.9173560184427 10.73749694461 ex
3494 22.4894922603853 10.119199304143 16.9351467057131 ex
3495 29.4094033264555 9.86899523483589 1.77329209749587 ex
3496 33.6678916160017 3.32845405559056 5.55647219740786 ex
3497 29.2665947198402 4.53489016182721 3.66700152703561 ex
3498 32.9500025024172 10.337918760255 14.5352275343612 ex
3499 24.6990365220699 0.718647382687777 8.55352189205587 ex
3500 20.4402762562968 7.53531654528342 14.598673958797 ex
3501 25.178529108176 12.2044425448403 0.522262210259214 ex
3502 31.6941106836312 16.2191589204594 3.84722106577829 ex
3503 30.6813168015797 16.9704723246396 11.1919128785376 ex
3504 28.5372343438212 10.2864415955264 1.59377169585787 ex
3505 31.9369858724531 15.175992167322 11.2300775714684 ex
3506 21.4816925032064 1.05540687544271 13.9054174951743 ex
3507 28.2559928800911 6.19132887688465 12.1530546930153 ex
3508 25.7823876212351 15.8328959757928 10.6565790332388 ex
3509 30.443790868856 16.8640949958935 6.29641187959351 ex
3510 18.9767913967371 16.8215728555806 14.6604826266412 ex
3511 33.0551655308809 12.7179777484853 12.2941639411729 ex
3512 32.1993795922026 7.40222837473266 12.1022199213039 ex
3513 19.0557736493647 1.65688792499714 1.26791519415565 ex
3514 20.1003795431461 13.8833639507648 5.95123461261392 ex
3515 32.8441290992778 17.8204442602582 10.8896473739296 ex
3516 20.9820657239761 2.0918635497801 8.61405170173384 ex
3517 18.3251842588652 3.28417531494051 11.48935390939 ex
3518 28.1142072435468 16.135544590652 11.6842794630211 ex
3519 18.6180367060006 8.87307946430519 1.82469172007404 ex
3520 25.5948897772469 10.5821716657374 2.92646562494338 ex
3521 31.3229534609709 0.00599361932836473 12.8379324856214 ex
3522 18.5854148105718 11.1892787744291 11.3488791070413 ex
3523 33.5220187017694 6.09076735540293 4.46474183560349 ex
3524 30.1813311022706 2.3883356815204 5.14974316279404 ex
3525 26.9021111365873 7.37977951159701 4.49735700665042 ex
3526 24.1632750420831 10.6857166304253 1.49073485773988 ex
3527 24.1895736018196 6.28921454702504 6.66431685606949 ex
3528 26.4765130460728 6.3659197119996 1.00452425377443 ex
3529 19.3876030736137 12.5573161961511 17.5597252117004 ex
3530 25.7865281347185 13.7084248333704 7.17266925168224 ex
3531 30.5658844090067 16.4138138650451 0.54428169503808 ex
3532 24.051529285498 14.5950994098093 7.64797763084061 ex
3533 31.2404668261297 12.1441839698236 9.77931558643468 ex
3534 21.6094124235678 8.77385617769323 7.11302029620856 ex
3535 27.504960950464 6.85586526757106 3.32939559826627 ex
3536 20.5864122346975 9.72974955895916 0.91765457787551 ex
3537 31.0881683649495 5.98439926747233 1.64663953194395 ex
3538 29.0431749033742 7.8117085325066 13.6395561071113 ex
3539 27.512567255646 1.35432662302628 7.9393903655 ex
3540 33.040750575019 4.1207261714153 4.54407428856939 ex
3541 32.2201596675441 13.636965303449 4.20304699195549 ex
3542 28.1290904243942 0.0353602103423327 0.0347365718334913 ex
3543 21.4397300798446 12.946716276696 8.12514731450938 ex
3544 30.2074111278635 12.211586519843 6.77741600316949 ex
3545 34.1325691340026 9.25816579628736 14.8862995686941 ex
3546 30.3234007006977 9.30057844542898 7.05495211621746 ex
3547 22.4306185434107 5.8798703989014 13.0912956765387 ex
3548 29.8385075563565 10.4273324932437 10.6486433590762 ex
3549 25.8222511876374 8.68679226189852 1.66013712715358 ex
3550 31.7540442915633 8.15669537172653 10.320677439915 ex
3551 35.8142821053043 13.4804088969249 9.56969113182276 ex
3552 23.5180777185597 6.33425094652921 6.8200771107804 ex
3553 26.3427923996933 10.465864370577 12.9620224719401 ex
3554 33.8278992888518 9.58158339513466 8.09307808824815 ex
3555 19.8644405179657 8.09980808710679 8.39826598064974 ex
3556 26.9792770917993 1.95798200694844 7.8339868078474 ex
3557 31.3532411225606 15.7190136089921 9.26451403577812 ex
3558 29.1553346479777 15.2751754694618 9.78535834583454 ex
3559 25.6260814541019 17.9255038429983 15.8235936560668 ex
3560 27.188666611677 2.76011083740741 9.96444522007369 ex
3561 23.174344398547 13.9682576779742 13.3529676932376 ex
3562 20.3596880135592 13.3955988618545 14.941974705318 ex
3563 29.4910407864954 17.7684970702976 1.52077100542374 ex
3564 26.4140229476616 16.200786072528 1.48706061113626 ex
3565 24.4467634663451 2.16381686669774 5.78187437006272 ex
3566 23.9182835330721 12.0264345377218 15.636287242407 ex
3567 20.0667848195881 3.53038644441403 0.296529902843758 ex
3568 19.2137796061579 0.968506725737825 0.426765594165772 ex
3569 33.0280134682544 17.5792833857704 3.48964985995553 ex
3570 33.1959266241174 14.5993606669363 10.4488044185564 ex
3571 21.3758858852088 16.387441782048 10.2684743558057 ex
3572 31.1353090086486 11.3003184082918 17.6028054016642 ex
3573 32.7470721991267 11.5681738688145 6.35459620528854 ex
3574 22.2736448603682 4.24942832370289 15.9029058637097 ex
3575 33.6794630342629 10.606619741302 13.8573370859958 ex
3576 24.0294734628405 9.42119529889897 1.3424421173986 ex
3577 25.4323751635384 11.4752494683489 11.0141711838078 ex
3578 21.8520609585103 5.64299649139866 15.9100624839775 ex
3579 30.7237726238091 15.5402243214194 17.6856228231918 ex
3580 27.955673886463 17.2233806150034 3.18780944938771 ex
3581 21.8072084055748 13.9959177437704 15.9530430100858 ex
3582 26.6740258787759 10.1339914090931 9.36564446194097 ex
3583 21.1455548582599 0.446466010995209 1.599531077547 ex
3584 24.1322407815605 1.088348550722 11.5265351484995 ex
3585 25.3187627026346 3.96657892456278 4.85146642313339 ex
3586 30.5583614700008 14.3905949473847 16.7753590659704 ex
3587 33.0252495552413 4.30189564125612 17.1208841118496 ex
3588 23.5264863609336 14.8958264081739 2.06983550800942 ex
3589 21.8253627801314 16.9983163436409 17.4628506361041 ex
3590 32.2143656124827 9.64662045566365 3.90400301013142 ex
3591 26.115400315728 16.1714416791219 6.42570861568674 ex
3592 22.7252252136823 10.628618528368 11.3520043930039 ex
3593 30.093728298787 3.90901672816835 14.8312764125876 ex
3594 32.7638227050193 10.156738399528 12.0481777423993 ex
3595 34.8154911645688 9.13423537742347 6.4000030674506 ex
3596 20.804012946086 10.1323937000707 6.50942575139925 ex
3597 20.3152935015969 8.17456886568107 6.18633844284341 ex
3598 34.1926009610761 7.51549237291329 7.53404721664265 ex
3599 27.0726520991884 0.0397354324813932 9.64625317393802 ex
3600 31.4750106835272 17.1644208424259 9.02576715103351 ex
3601 19.0325845188927 12.3923212778755 1.69510202761739 ex
3602 18.7297056587413 14.8117510012817 12.6582359096501 ex
3603 24.5554453027435 1.14205190492794 5.92492241598666 ex
3604 29.5439246995375 9.4254179042764 15.7482965991367 ex
3605 21.8567987133283 4.67578062042594 8.87985806772485 ex
3606 27.708499453729 9.60080667864531 10.1938747677486 ex
3607 27.7845378408674 12.2875430544373 10.051623333944 ex
3608 26.982695444487 8.56904757185839 14.7274873894639 ex
3609 25.7940076463856 11.0606340754312 10.4661652366631 ex
3610 21.4985388563946 15.8186121168546 15.2501073156018 ex
3611 18.5811995698605 11.974002356641 16.183229831513 ex
3612 35.3418193976395 13.8524281405844 10.0058718135115 ex
3613 30.6129628464114 7.67710219067521 12.6288355092984 ex
3614 33.6145712339785 11.2081898322795 8.07628841861151 ex
3615 20.0380107667297 4.97828192287125 2.59164457721636 ex
3616 23.9532851767726 9.01877808384597 13.0299766378012 ex
3617 22.3928072832059 2.63684051018208 8.21396353188902 ex
3618 19.4601628428791 12.1226462554187 13.188578967005 ex
3619 31.9859512888361 4.1041655857116 8.97993499971926 ex
3620 25.3641949135344 5.61043819598854 3.98140636272728 ex
3621 20.6845472056884 1.65506523917429 11.1965904997196 ex
3622 24.2443001214415 4.92954061320052 11.421553961467 ex
3623 33.9558026052546 17.8869680745993 17.0424897656776 ex
3624 29.0308556996752 6.00321013038047 11.3098222897388 ex
3625 33.8762121729087 16.1935536169913 4.61156835476868 ex
3626 30.0562823659275 14.3259010682814 6.73557619308122 ex
3627 34.3141122139059 5.44265529536642 15.458677558694 ex
3628 28.9106192765757 8.33524625329301 5.09198914538138 ex
3629 30.4928770223632 15.7716015106998 8.12493339786306 ex
3630 27.0112314273138 13.692163808737 11.4627580461092 ex
3631 23.434454933973 0.719981791684404 7.2310388146434 ex
3632 22.9382201437838 14.0844865937252 3.99638313078322 ex
3633 20.3363227720838 8.03577863425016 12.2084482940845 ex
3634 19.429684425937 3.50551330251619 6.84334313753061 ex
3635 28.2975091235712 9.22764128702693 1.56199670117348 ex
3636 34.215115298517 9.54430874669924 2.48398387106135 ex
3637 22.4626566679217 10.6816074822564 3.6904257722199 ex
3638 34.6975011131726 1.35101000918075 4.99332377617247 ex
3639 27.2272643095348 2.17787141934969 14.7388069063891 ex
3640 20.8739366980735 13.9700077115558 17.3142265868373 ex
3641 26.9414176244754 14.0262860190123 12.0772081904579 ex
3642 32.9049261382315 4.27592689357698 6.27788757975213 ex
3643 23.2818821775727 10.0154283489101 0.140533448429778 ex
3644 33.5113686278928 1.87881404790096 15.7459289175458 ex
3645 25.5357146880124 7.89154970832169 2.04597979574464 ex
3646 29.2312977986876 11.0740639837459 4.58161377068609 ex
3647 34.6950783135835 15.9969950777013 13.0196312207263 ex
3648 22.1319614495151 4.15173394652084 6.93622918776236 ex
3649 34.2221853698138 8.27185191120952 8.65806188457645 ex
3650 24.0923548005521 3.09580512158573 6.98882335866801 ex
3651 24.4054330550134 13.1203084753361 3.92348246113397 ex
3652 32.8347841629293 13.2626783871092 15.0351681478787 ex
3653 28.786869053496 5.95819990662858 11.3366957996041 ex
3654 19.4057775277179 0.0150818054098636 8.58719321223907 ex
3655 25.5164888768923 13.9949862032663 0.0732626549433917 ex
3656 20.6448345100507 13.6021961139049 8.63767008297145 ex
3657 30.8745193379 8.36914016655646 16.5640864025336 ex
3658 22.4431552160531 0.250322381732985 5.36607620655559 ex
3659 32.0822970566805 14.3293468547054 15.2749935949687 ex
3660 20.9334264046047 3.07623928971589 1.43527161376551 ex
3661 25.4988685350399 10.9657238917425 15.2352497028187 ex
3662 33.8884606997017 10.9059136218857 0.564039106247947 ex
3663 23.8385413023643 6.11986632901244 9.41579996654764 ex
3664 24.2989156651311 4.86106300982647 10.8962697482202 ex
3665 20.7131280906033 15.9255395156797 1.91179442266002 ex
3666 29.9880731040612 3.61646086489782 16.9895590427332 ex
3667 29.3447227138095 13.8868384533562 13.9345123567618 ex
3668 31.758651464479 0.736221210099757 3.06085093319416 ex
3669 28.2354886566754 0.0422285720705986 14.7150044054724 ex
3670 20.4141711720731 9.06689074891619 13.7331801026594 ex
3671 35.6871003229171 4.83917235280387 5.63520020269789 ex
3672 27.3586084472481 4.85706675052643 3.59580723242834 ex
3673 33.2515966582578 16.2534690899774 7.19185774284415 ex
3674 26.6573807937093 1.76853631739505 15.7477792114951 ex
3675 35.9148868704215 4.67113570286892 10.9662775555626 ex
3676 23.0597248284612 0.614282996626571 10.0294116812292 ex
3677 19.6626559172291 0.715959314489737 1.53492461633869 ex
3678 21.0692900270224 10.4784932860639 2.84917925018817 ex
3679 25.4159297060687 10.3290261551738 16.1274161825422 ex
3680 30.9107368066907 1.05503571080044 13.4131667588372 ex
3681 25.1987769834232 3.01689532678574 0.601071171695367 ex
3682 28.2339767937083 7.3811594361905 0.346682120813057 ex
3683 31.8442752456758 14.4536687417421 13.6403060846496 ex
3684 27.7685531226452 13.4355394383892 8.9499093235936 ex
3685 27.3337690737098 8.31860113446601 6.70793912769295 ex
3686 27.2781738997437 8.85950755164959 15.7301546731032 ex
3687 28.4550081843045 17.4815197023563 6.13352701277472 ex
3688 19.6974391052499 12.6853187496308 7.84219440235756 ex
3689 32.4834516807459 0.369166175369173 9.40224014455453 ex
3690 19.3302342137322 16.632024919847 15.0998673045542 ex
3691 28.2127216865774 1.60766330896877 17.5301348874345 ex
3692 32.6816617087461 0.876080447342247 11.1103175068274 ex
3693 20.413022871362 13.9894224267919 15.8942646887153 ex
3694 21.6052181855775 17.9721986262593 6.85926992865279 ex
3695 28.8349342742004 2.99175781174563 2.26281581260264 ex
3696 34.1260242289864 15.1257626637816 0.513312687864527 ex
3697 25.2672351140063 3.04891458642669 15.2034997276496 ex
3698 21.7249523685314 15.6004045256414 16.8442733525299 ex
3699 31.8237383016385 7.86187232960947 15.362755341921 ex
3700 27.7612004990224 1.01909149391577 12.7035704371519 ex
3701 19.1313716783188 7.70498979347758 6.96599140600301 ex
3702 29.3052697873209 8.21354872616939 15.9714807933196 ex
3703 27.5438596152235 12.0689917195123 1.07660477026366 ex
3704 33.9614088626113 14.6589914490469 13.3868733257987 ex
3705 20.6375540874433 5.06500017922372 4.36526393797249 ex
3706 18.9706302424893 11.4702997740824 6.81977240531705 ex
3707 23.8910163347609 12.1748675224371 6.32320242095739 ex
3708 31.7500491854735 7.37408834602684 12.985714797629 ex
3709 28.5982109452598 13.5567822866142 14.8507776821498 ex
3710 18.6415374292992 9.37465263996273 0.0225204939488322 ex
3711 33.9511642835569 11.5859077128116 5.42074235435575 ex
3712 23.591249482939 4.87912495387718 8.74694504565559 ex
3713 33.593586294679 4.11092887539417 6.08421281795017 ex
3714 19.2633262928575 14.8367829367053 9.87792894616723 ex
3715 32.494966421742 6.10854871780612 2.40326129784808 ex
3716 21.4534726145212 15.4708130669314 12.998244771501 ex
3717 27.6591726029292 5.53773257182911 15.9563505349215 ex
3718 27.7140340283513 4.98251850157976 17.3285136024933 ex
3719 34.6182032397483 7.59500999422744 2.44602264696732 ex
3720 23.889504938852 17.4097170536406 1.79691575677134 ex
3721 23.2195488815196 3.17203248199075 11.0592813161202 ex
3722 19.7156293054577 12.5728356533218 4.53069977951236 ex
3723 19.5627940313425 16.488409614889 5.55971505120397 ex
3724 26.0872395890765 3.62010138691403 0.283913031918928 ex
3725 26.2307106917724 12.2688465544488 1.46829393575899 ex
3726 27.266939828638 12.0339920369443 7.96234921994619 ex
3727 18.5694260941818 14.6578421790618 3.23685998260044 ex
3728 27.597081748303 14.2139693491627 6.80240763630718 ex
3729 29.9284631963819 3.76421613874845 13.5000713104382 ex
3730 29.3150806927588 2.15892411000095 17.8116408109199 ex
3731 33.2304846183397 17.8623432461172 7.75054822047241 ex
3732 21.2847607636359 7.00323992595077 15.4709204516839 ex
3733 20.5519504914992 3.58858132665046 4.20965086389333 ex
3734 23.9313349588774 2.8065521591343 4.23428232758306 ex
3735 25.1196612901986 4.42646652832627 17.3221019394696 ex
3736 29.3093487820588 3.43288788781501 10.7340207053348 ex
3737 35.3440391162876 11.0431094807573 16.0298147634603 ex
3738 33.1732296319678 13.2987516969442 15.7845196241979 ex
3739 23.5628293969203 16.1321792360395 2.39732056646608 ex
3740 34.2728123581037 4.23833679175004 11.9605728895403 ex
3741 32.5555949034169 6.80738778645173 10.4972879972775 ex
3742 34.5992668056861 15.3610556356143 3.81541504664347 ex
3743 35.0373103432357 17.4857699715067 1.37765705701895 ex
3744 34.4725066444371 5.9669479788281 3.74825691943988 ex
3745 31.0057901940309 4.43072010297328 1.84837530599907 ex
3746 25.9591953991912 11.7598353908397 9.31154432496987 ex
3747 20.6831112159416 11.4925977378152 12.2125683939084 ex
3748 29.5342457555234 14.2770439065062 0.404655285179615 ex
3749 34.2500965618528 8.14839561888948 15.2967418830376 ex
3750 35.1330903596245 2.42648982489482 6.7921787975356 ex
3751 21.3317546597682 14.4015741895419 0.796467077918351 ex
3752 33.3689945254009 2.6097809812054 8.52996905101463 ex
3753 33.1559900976717 0.374235518509522 3.19424913194962 ex
3754 20.1682905093767 10.7977810136508 2.89873551949859 ex
3755 29.3486458377447 5.63984374934807 6.66432574624196 ex
3756 33.226443413645 16.0637364105787 0.32660151226446 ex
3757 20.9517642620485 1.74348326260224 7.8831501645036 ex
3758 25.0010680858977 13.0738234536257 9.14474822906777 ex
3759 18.4536130584311 10.3028091811575 7.10836246935651 ex
3760 20.00864742673 4.16424515470862 16.4040658157319 ex
3761 33.77438991284 0.0245704695116729 1.26452016015537 ex
3762 23.0939833861776 10.5977229611017 14.3531571698841 ex
3763 27.7682954925112 2.29364137700759 10.3597262708936 ex
3764 22.7459996328689 6.70671858871356 8.72513694036752 ex
3765 35.5377504942007 3.54701559408568 11.7007183297537 ex
3766 18.4636512503494 3.64112057327293 17.656680125976 ex
3767 18.7379032599274 1.30318781919777 10.2097836884204 ex
3768 19.1707124605309 10.6571060479619 5.97511614440009 ex
3769 34.6775730650406 14.9139698322397 5.49429295165464 ex
3770 29.5981440863106 7.91372956871055 5.23083618981764 ex
3771 33.3199886078946 12.5577586858999 1.35927752056159 ex
3772 29.1709301839583 7.75649566622451 4.64122779574245 ex
3773 26.4732468992006 0.126503683626652 11.4426038993988 ex
3774 19.3692021982279 15.6052203497384 12.8302683660295 ex
3775 35.6260950148571 9.07639920874499 6.93469644035213 ex
3776 24.3010001552757 11.8300440935418 2.23101437347941 ex
3777 23.9225375133101 13.6651923134923 1.65274588903412 ex
3778 26.4576787464321 17.0113152719568 0.563561883755028 ex
3779 22.6780061523896 17.1873404462822 6.72854856750928 ex
3780 32.8242761632428 0.708229137118906 15.9171682090964 ex
3781 20.8363741841167 16.763287517475 5.8040063327644 ex
3782 30.5721512564924 16.0758305126801 16.5688696263824 ex
3783 28.2863976508379 8.04542876803316 1.58545314543881 ex
3784 19.4373001032509 6.42434862186201 14.8834143376444 ex
3785 34.7307523556519 10.8232614579611 12.2903530760668 ex
3786 32.5984595350455 7.39732690807432 13.4809824093245 ex
3787 32.8267241748981 1.17047288827598 13.1016298006289 ex
3788 23.2008800006006 5.27860618312843 1.495710702613 ex
3789 23.7965579510201 0.821158633334562 0.147138703847304 ex
3790 29.9522114859428 11.9991276231594 3.97108007012866 ex
3791 18.5491162699182 14.8659903598018 1.52931904839352 ex
3792 26.9278966635466 2.92757183057256 6.73967648949474 ex
3793 22.8002010756172 5.00132219051011 8.81877065170556 ex
3794 31.2451042809989 7.32839752105065 17.2040714058094 ex
3795 26.5466360007413 5.09226657939143 7.71097467653453 ex
3796 20.9323818474077 16.5082142523024 13.2437497184146 ex
3797 23.5552523497026 4.07396331615746 5.97109483345412 ex
3798 32.1145019955002 10.1252555195242 17.4312639329582 ex
3799 32.3591215827037 11.0709081548266 5.14879681286402 ex
3800 35.223216396058 0.395923922304064 4.40352834900841 ex
3801 23.0895989725832 6.89684495166875 13.7329543770757 ex
3802 19.6311779646203 0.583897682372481 16.5389940715395 ex
3803 26.801187899895 2.40880265762098 3.26040431810543 ex
3804 29.9399761285167 2.6931927560363 1.10430576442741 ex
3805 27.0038885441609 7.73485172982328 4.99577743373811 ex
3806 30.3849468289409 17.6383873256855 13.0481257601641 ex
3807 19.0361358195078 15.820123734884 9.95543091441505 ex
3808 21.153499225853 0.599114241544157 4.43960962537676 ex
3809 30.7448322102427 17.0877583161928 3.19048577686772 ex
3810 30.9186298600398 11.1608090305235 3.67691363673657 ex
3811 20.8619373624679 8.80174762173556 17.5915236435831 ex
3812 24.1433097464032 6.53807206917554 12.131298444001 ex
3813 34.4140955801122 14.5589322345331 1.00271073286422 ex
3814 26.1496683370788 0.436757215997204 16.3292683626059 ex
3815 20.4226408090908 14.9877067438792 8.50457068136893 ex
3816 18.5322550518904 8.57414433732629 6.81941360374913 ex
3817 24.8948728847317 8.93794659990817 11.1605696713086 ex
3818 27.9836172531359 17.268133829115 2.20159579440951 ex
3819 24.8598479460925 16.1855241875164 16.1952866681386 ex
3820 22.1779626815114 8.2035613481421 14.4944840951357 ex
3821 21.2770551531576 2.14013664145023 14.2629079723265 ex
3822 33.9819754229393 5.52850361680612 5.26695503736846 ex
3823 27.6042487237137 8.00002455874346 16.415364860557 ex
3824 28.4877435616218 12.2185919152107 0.0115305462386459 ex
3825 28.0948535930365 10.406787273474 6.22716435766779 ex
3826 25.1727455905639 2.71390615543351 6.20116174966097 ex
3827 26.3394326104317 2.61676846328191 12.564437501831 ex
3828 24.4516225382686 10.1424819324166 5.42191311321221 ex
3829 33.8042889898643 5.59103132435121 0.367522274609655 ex
3830 26.3385575495195 13.727869895054 3.94190967874601 ex
3831 25.0558470461983 1.07817764184438 2.5567680853419 ex
3832 18.9910335619934 4.20869925362058 8.9051605865825 ex
3833 29.0199035727419 6.72809594287537 4.71732095140032 ex
3834 29.4484879616648 7.85919390222989 3.03906470211223 ex
3835 29.9440715245437 2.79190280265175 3.08957612630911 ex
3836 27.1609921385534 12.8281767957378 8.70636588381603 ex
3837 32.6738062773366 11.5097194509581 0.901392012368888 ex
3838 21.2217377535999 6.64676268165931 6.65574240637943 ex
3839 18.2741923793219 7.44626277359203 17.5056836821605 ex
3840 31.2996074061375 8.94212540145963 4.89339799131267 ex
3841 22.9095327046234 1.51526397652924 11.8639760934748 ex
3842 20.3622683105059 15.688130591996 2.64325756486505 ex
3843 30.0156142162159 10.4145574457943 4.13304392714053 ex
3844 28.9133517271839 15.8773565974552 14.6200522300787 ex
3845 28.2255438526627 6.8153830554802 7.88004587194882 ex
3846 18.1369948247448 6.22823716816492 5.20757731515914 ex
3847 23.2107993718237 15.6050369564909 15.7628422756679 ex
3848 21.1382540743798 3.75685913371854 17.592465093825 ex
3849 20.1207384041045 1.37580200308003 14.4733969259541 ex
3850 25.8656889358535 13.2752449281979 13.1479416154325 ex
3851 28.8036698796786 5.70451798522845 16.2801883257926 ex
3852 21.2488654491026 14.4360030428506 7.4531949616503 ex
3853 28.5536332032643 5.85629618330859 10.7698073256761 ex
3854 30.439654230373 9.43617486674339 17.7021659333259 ex
3855 35.8700256766751 17.0604330387432 9.38620797847398 ex
3856 27.6254218297545 12.0353831360117 3.41513776266947 ex
3857 22.0503947287798 3.74149737460539 14.9128199401312 ex
3858 24.9553934240248 12.1710008934606 10.9430887582712 ex
3859 34.4542165126186 2.14531335537322 4.26137181557715 ex
3860 22.0493840794079 4.53799989074469 4.11284965416417 ex
3861 32.2555002667941 7.39762784400955 3.85247765667737 ex
3862 20.5999602517113 14.3787160862703 6.83409601263702 ex
3863 26.5099675701931 11.0840951572172 1.57408125931397 ex
3864 32.3488690098748 3.25065961689688 17.8984393256251 ex
3865 19.6994817953091 1.47245162515901 15.7887007608078 ex
3866 28.988811006071 15.5222936647478 13.1028497314546 ex
3867 24.3331212115008 2.26382307428867 3.73360226931982 ex
3868 26.2386907383334 15.2475032005459 12.5033864306752 ex
3869 23.2110874201171 4.90355720487423 11.1180517508183 ex
3870 26.9506336606573 15.7063896069303 11.2735045359004 ex
3871 35.0012694499455 16.5696411819663 3.05930951586924 ex
3872 28.1371251791716 6.01165347918868 2.17176218237728 ex
3873 31.3625355029944 3.18951803818345 4.18953023455106 ex
3874 31.3524064181838 2.82462470093742 16.840864868369 ex
3875 32.4198746525217 17.0998954079114 8.45595927117392 ex
3876 26.9317101670895 1.4338301429525 4.90598808950745 ex
3877 18.9712176369503 3.98708375892602 10.1093438575044 ex
3878 23.9293714466039 13.3139094896615 5.99908663216047 ex
3879 27.1981557160616 1.78932835394517 13.9141968730837 ex
3880 29.4140704795718 15.1139022819698 1.07414171169512 ex
3881 22.3178416416049 11.4511495965999 12.8675341601484 ex
3882 33.0153841879219 14.2787594508845 16.694353701314 ex
3883 31.4186800029129 15.1227992558852 4.94374134088866 ex
3884 25.7788979054894 8.45431746449322 16.8235445732716 ex
3885 24.0903974189423 6.73139160964638 9.69619211833924 ex
3886 23.6973535362631 11.062245270703 16.157697125338 ex
3887 34.8666022589896 14.4544057578314 7.9148439783603 ex
3888 19.1773237811867 16.8841437946539 14.5079394038767 ex
3889 29.4945653963368 2.66416225628927 9.68833727831952 ex
3890 20.6295829256997 15.739270419348 12.5844885746483 ex
3891 28.8807066641748 9.77588790073059 15.3400564889889 ex
3892 21.6700251991861 7.67906444449909 11.5845893472433 ex
3893 19.9833743949421 0.490108350059018 13.2150840489194 ex
3894 28.5409215372056 14.3161260886118 0.129103612387553 ex
3895 23.7637302163057 9.66608524578623 14.9300912728067 ex
3896 26.5810143004637 3.9468750981614 12.7807909394614 ex
3897 21.361002509715 1.65329539426602 14.4289690339938 ex
3898 26.2045883643441 11.790599871194 8.71254979004152 ex
3899 20.3611362057272 12.1958629237488 5.26302672550082 ex
3900 22.1663221970666 10.4091354573611 6.30575404921547 ex
3901 30.2139364217874 7.30703996890225 4.82167421444319 ex
3902 18.3818098977208 15.5240370540414 12.5997823625803 ex
3903 33.1148331866134 15.0915736472234 6.76277580973692 ex
3904 32.7707545058802 9.54966810438782 16.476092177676 ex
3905 19.1605264241807 6.96912775351666 11.1413947946858 ex
3906 20.237620536238 10.2167548115831 10.0289278530981 ex
3907 34.8589770263061 10.7731593961362 11.7918666545302 ex
3908 33.5502872490324 16.7408628135454 17.2625154552516 ex
3909 18.4271539847832 4.92549915914424 0.0525084622204304 ex
3910 28.8812313314993 7.49012404610403 15.9953549210913 ex
3911 19.2982594927307 15.4673708709888 6.20599009492435 ex
3912 30.2620260766707 3.98399436520413 13.707226134371 ex
3913 18.8945591337979 1.01572045707144 7.79153328761458 ex
3914 29.180300768232 2.70210342458449 11.395242647035 ex
3915 25.5742810361553 13.5272395634092 6.21830854914151 ex
3916 28.2374930907972 1.0467670285143 5.96097033726983 ex
3917 30.763265813468 17.2288172030821 10.4573996884283 ex
3918 32.2939033673611 1.90193682489917 10.4215022427961 ex
3919 35.1058374943677 2.54437960335054 11.0079683398362 ex
3920 27.1390692058485 16.5800170605071 15.4186816532165 ex
3921 32.9375122089405 10.5588337699883 4.13811251474544 ex
3922 22.2054601141717 9.59455295815133 3.08165376121178 ex
3923 23.9037027223967 3.24923198460601 13.9329609028064 ex
3924 31.6375905142631 2.99211263027973 10.1204959324095 ex
3925 20.2402238580398 0.965040406212211 7.82111432566307 ex
3926 20.881117495941 10.7768860256765 11.9903541358653 ex
3927 21.72675416735 12.6372841650154 5.0690151702147 ex
3928 34.5529472031631 1.21118236589245 14.3495834416244 ex
3929 26.2714177262969 7.41878337133676 12.6715808333829 ex
3930 19.7611812509131 11.8390615344979 0.831604431150481 ex
3931 31.9639985200483 1.91625587292947 10.5619325127918 ex
3932 31.9985481528565 1.00270458380692 13.2489638759289 ex
3933 23.5459712340962 2.93572883168235 2.20311722788028 ex
3934 32.5756075836252 14.9586691467557 12.1355954420287 ex
3935 24.7041996249463 12.4443796398118 9.14592042588629 ex
3936 18.7713928497396 4.43811716465279 7.30453884531744 ex
3937 33.7783597093076 4.56253935117275 14.8942779814824 ex
3938 33.8618905439507 12.7489735835698 7.47226579347625 ex
3939 28.6034286946524 8.67931439285167 12.9678561633918 ex
3940 26.898071144009 14.0695678782649 8.64517195755616 ex
3941 26.8918875318486 7.21288087707944 0.510259336559102 ex
3942 23.7522406901699 6.28966121934354 5.01807084679604 ex
3943 29.8668875417206 3.97251239861362 8.81610856275074 ex
3944 31.8243045751005 14.9544488657266 4.830407892121 ex
3945 28.0858966785017 2.66253867582418 3.65096116182394 ex
3946 26.9715647532139 13.4663356689271 15.0330504744779 ex
3947 26.5589857946616 14.8892522251699 2.73350254679099 ex
3948 23.7798687471077 16.7235834815074 9.80478873057291 ex
3949 18.1367613847833 15.3020415250212 4.41509242029861 ex
3950 23.9501649304293 7.73247264651582 16.8799410057254 ex
3951 21.5266265184619 10.6942491345108 5.04090384300798 ex
3952 26.5968867857009 17.1251101156231 9.43389434856363 ex
3953 25.6524830653798 10.1966551623773 13.1758868973702 ex
3954 24.8879732037894 9.18109055305831 0.626876135123894 ex
3955 29.953880316345 4.71409219363704 8.92740913340822 ex
3956 19.1304555546958 5.14258368290029 11.6055138695519 ex
3957 30.1057858602144 16.0338120870292 8.27991685969755 ex
3958 19.2284533297643 2.45861766301095 11.5635269929189 ex
3959 33.5827555414289 15.7217620264273 14.0410998603329 ex
3960 30.7976465204265 14.7332323219161 15.2409487422556 ex
3961 24.1391421121079 12.019973360002 16.7773376107216 ex
3962 20.9097358079161 2.88452072511427 2.68027938087471 ex
3963 21.420314200921 16.3514324554708 16.1555491972249 ex
3964 31.4630743332673 0.267451759893447 0.410788381239399 ex
3965 19.8200410450809 10.794027189957 4.11463622190058 ex
3966 22.3020492233336 0.332528575789183 6.90923108137213 ex
3967 27.7914582686499 14.1308107706718 17.2557664420456 ex
3968 21.0254068803042 2.93797236587852 9.63731595315039 ex
3969 18.9471003818326 12.7166757604573 2.09521139785647 ex
3970 29.4184864242561 12.4634764529765 13.1205230175983 ex
3971 30.2971751494333 0.799268878996372 11.917891105637 ex
3972 22.6005545449443 0.511843559099361 3.34844490489922 ex
3973 34.8635802771896 1.74510088190436 6.05894541647285 ex
3974 33.8736312745605 17.5887363199145 5.51591979619116 ex
3975 33.0024999086745 5.84379894891754 17.938346613897 ex
3976 22.9635641274508 4.27053305902518 12.4729464354459 ex
3977 24.368219915079 3.46156190452166 17.6443274365738 ex
3978 22.1455574831925 15.9397964705713 9.00429892167449 ex
3979 19.0707681716885 2.03255259967409 7.79861820745282 ex
3980 19.7706229286268 13.1535303434357 2.26163606764749 ex
3981 25.0379304923117 0.276776717277244 1.53084916225635 ex
3982 20.9333007163368 1.33830390381627 2.90810056519695 ex
3983 29.950139447581 13.7817637280095 7.78112615225837 ex
3984 34.8632190185599 8.42932308465242 6.19573526992463 ex
3985 21.5751476809382 3.14996734750457 6.29238027520478 ex
3986 34.3960586355533 2.0149542815052 16.1085709137842 ex
3987 19.8145403340459 3.57306065317243 5.95140621229075 ex
3988 32.5446267190855 17.5643847584724 3.25718972156756 ex
3989 23.2696911934763 8.96471136319451 0.705258941743523 ex
3990 31.8591783070005 7.88980154739693 6.08099106512964 ex
3991 28.881171557121 2.1120753432624 1.80623831460252 ex
3992 34.1627697788645 16.8816518688109 3.44125097477809 ex
3993 35.6272909254767 1.63247028063051 12.419585573487 ex
3994 27.5962057204451 3.73874268424697 17.6783922682516 ex
3995 22.5611948976293 8.35498857195489 6.5289339045994 ex
3996 30.0911995130591 7.64215179043822 9.98714747512713 ex
3997 23.8546961268876 0.0227043067570776 2.74689348204993 ex
3998 24.5690020639449 4.42024542717263 13.6295139715075 ex
3999 35.6325308999512 16.4840338754002 17.3835176124703 ex
4000 19.9428985768463 5.41673614853062 0.707593211438507 ex
4001 24.7488335471135 11.3750894260593 0.919819376198575 ex
4002 27.624032628024 0.00394461303949356 2.14284896035679 ex
4003 21.2896155151539 8.10632072761655 12.5474922095891 ex
4004 24.4644198233727 4.04227269254625 8.41072832327336 ex
4005 20.8965882884804 12.1783454169054 1.38288241717964 ex
4006 25.1769135752693 8.57583614066243 12.2688927168492 ex
4007 24.1402668100782 12.8744924396742 6.82881075586192 ex
4008 20.9943191900384 5.39876689598896 17.8378154507373 ex
4009 32.4002811016981 4.87031951919198 2.97160356095992 ex
4010 31.4276656040456 8.80401474796236 11.695913953241 ex
4011 22.3594424386974 0.175912409787998 4.80576910846867 ex
4012 34.0633250703104 1.4644528508652 9.8798095008824 ex
4013 30.6855524959974 11.4800873859785 5.37367050442845 ex
4014 26.0299213493709 0.358288333751261 0.525550507009029 ex
4015 31.2544854013249 8.26142117776908 17.8905959378462 ex
4016 18.836921160575 14.2365658506751 13.5402588935103 ex
4017 34.1959596411325 4.34660564712249 7.73071208852343 ex
4018 27.2527280286886 5.89371070754714 1.33525589015335 ex
4019 35.8005559868179 13.5060324778315 4.83721890486777 ex
4020 27.1515324998181 5.16386584122665 10.8875948896166 ex
4021 30.0333467097953 0.238244623644277 15.7305245152675 ex
4022 34.0107250164729 17.4811583824921 5.09220758802257 ex
4023 25.3643513608258 11.8160474679898 8.20153622794896 ex
4024 31.0567968876567 6.32704790169373 16.1519190552644 ex
4025 20.7801180186216 11.2882249348331 0.481968754669651 ex
4026 31.4729697487783 5.04231119644828 2.45933904428966 ex
4027 26.8771839134861 15.5446713659912 13.0367938105483 ex
4028 19.4445009259507 2.41332301031798 8.62019711150788 ex
4029 33.6497812720481 15.892995870905 5.41061692731455 ex
4030 31.610520995222 4.9398524928838 14.69752596342 ex
4031 18.9599190887529 11.2119179004803 14.4052436151542 ex
4032 20.3988736879546 1.60426623793319 15.0429608291015 ex
4033 29.7813903328497 6.23566419491544 2.78678992856294 ex
4034 20.2675230009481 0.0783061813563108 11.9021046101116 ex
4035 28.8005797150545 10.0065041333437 3.53946882276796 ex
4036 31.0816444614902 5.15223750169389 16.907431737287 ex
4037 34.9921001885086 14.1563549484126 13.5946310805157 ex
4038 20.7035541040823 3.78818764165044 6.56946724955924 ex
4039 32.4400668139569 2.00288905343041 16.4495442574844 ex
4040 22.2406357894652 1.27384296129458 15.3080524124671 ex
4041 20.3857054200489 0.284642156446353 13.6055656920653 ex
4042 22.730486293789 7.66234218073077 12.4698152800556 ex
4043 26.6115403645672 11.7144089567009 9.04441699781455 ex
4044 27.9438782439101 4.76412819791585 8.46741196047515 ex
4045 27.3089000114705 3.99993276386522 0.0524865370243788 ex
4046 18.4087446760386 17.3498210986145 10.3976831862237 ex
4047 26.1563231926411 0.173263009637594 15.1471392132808 ex
4048 30.0987682435662 5.91803452302702 9.825468437979 ex
4049 28.7935593386646 16.293273960473 7.8530326297041 ex
4050 31.6280019122642 8.6101406251546 3.22128526633605 ex
4051 21.8596092809457 6.8143631410785 11.3224358032458 ex
4052 23.5108462686185 12.5189448737074 2.75480093667284 ex
4053 22.2602721403819 2.52840325562283 16.163571877405 ex
4054 27.5407806329895 2.53987825778313 15.7362948537339 ex
4055 26.4632249793503 14.919638998108 5.41958943149075 ex
4056 19.9486289443448 6.03135542478412 6.09402495832182 ex
4057 32.3550073795486 1.26414826582186 15.2275453088805 ex
4058 33.7759984687436 16.4646311395336 16.5230982548092 ex
4059 26.8088160047773 16.5030165084172 10.3524665297009 ex
4060 30.1392547385767 0.0636563641019166 16.4100688109174 ex
4061 25.8205152400769 13.3105245488696 16.0849645901471 ex
4062 25.0188028926495 2.74288537562825 10.0784431120846 ex
4063 31.4816622806247 0.0822473564185202 5.49441875307821 ex
4064 31.9011260475963 1.43624467612244 6.40748292463832 ex
4065 31.7667812686414 0.659910340094939 15.751872619614 ex
4066 25.6856422943529 0.838678274303675 6.9977395827882 ex
4067 20.2383509413339 12.3183189008851 2.24899731646292 ex
4068 22.7622383080889 4.62498342944309 17.6118406443857 ex
4069 19.1941920630634 8.77772126952186 16.6383411698043 ex
4070 25.8221504429821 15.9290310770739 3.62530739442445 ex
4071 28.9876451643649 13.4404942127876 3.6642509130761 ex
4072 23.6445970449131 0.35623485269025 1.74274572823197 ex
4073 21.7089316560887 17.499499843223 8.02788826380856 ex
4074 20.7205299027264 6.27241896488704 5.00584018556401 ex
4075 20.7178599257022 1.62999313417822 1.57928167073987 ex
4076 35.11444764724 16.0765835146885 16.3934399315622 ex
4077 29.5229874982033 12.5645749694668 16.3884851539042 ex
4078 33.1555421364028 2.98258945648558 9.92575072334148 ex
4079 26.3672842970118 13.7795953773893 17.0706433819141 ex
4080 30.8722626473755 12.5802227719687 10.0185380743351 ex
4081 18.7730176071636 15.4555762193631 13.165424869163 ex
4082 30.0111735039391 7.15039474121295 8.43818213464692 ex
4083 32.0342098220717 5.64197135297582 6.89815780660138 ex
4084 26.4624548794236 15.9110013265163 15.1212922786362 ex
4085 30.6558790940326 12.3170422217809 2.19099579099566 ex
4086 22.9575408729725 11.8599982915912 10.6863099907059 ex
4087 21.7593267713673 0.0257153457496315 11.7129512554966 ex
4088 18.7387402984314 9.52312075416557 3.61861851322465 ex
4089 32.0342015766073 1.51074601197615 17.2530285681132 ex
4090 25.7890209381003 13.7742894114926 4.29616193124093 ex
4091 23.7646257416345 11.1784712027293 3.44583243690431 ex
4092 35.5308244014159 7.37941290228628 16.3061001768801 ex
4093 18.4270831684116 1.74961298541166 6.05008106073365 ex
4094 35.3420407669619 0.0866414359770715 11.4664453600999 ex
4095 23.8619598825462 13.8396166269667 9.90427249902859 ex
4096 26.4380791538861 2.96787876356393 9.3818982988596 ex
4097 18.7209675610065 1.85128087969497 1.57565105892718 ex
4098 19.3061008977238 15.8489448018372 13.8963995974045 ex
4099 34.6576932445168 6.90049425815232 6.7892138811294 ex
4100 29.9059245907702 3.97936760215089 11.5955206374638 ex
4101 21.967389679281 16.3535685653333 4.80629182211123 ex
4102 19.7009361530654 2.58748111687601 13.1199927860871 ex
4103 26.01354616764 16.3916617115028 7.95740955020301 ex
4104 35.7337384021375 17.4721877733245 14.6797138063703 ex
4105 23.6867869980633 17.5208426753525 3.96626355033368 ex
4106 22.4150802558288 7.24152802000754 17.0608593802899 ex
4107 30.68074489641 7.01598921092227 6.04853740264662 ex
4108 22.6719530655537 8.14742488251068 5.74050461244769 ex
4109 21.8702759961598 6.90536872250959 15.6990635171533 ex
4110 33.6057401073631 10.2067542038858 2.92179599381052 ex
4111 23.9259123746306 11.8289001057856 8.67155751911923 ex
4112 30.8968383942265 2.16651476221159 1.02343013789505 ex
4113 27.0060887348372 6.58159839478321 8.03458511969075 ex
4114 29.9894616436213 17.5551433986984 9.63003088254482 ex
4115 34.2368797762319 15.8729268116876 16.0517720258795 ex
4116 24.6535317793023 16.7837723984849 8.14853177708574 ex
4117 23.9171090004966 8.07250596932136 9.60374659020454 ex
4118 30.6264862266835 8.77752036903985 8.21933805104345 ex
4119 20.712770071812 3.42157606827095 2.50494502414949 ex
4120 19.0082630068064 3.08860607678071 1.44755244953558 ex
4121 21.5264795238618 4.80711170309223 5.11187769728713 ex
4122 21.5364272606093 9.08584307087585 13.4357270610053 ex
4123 23.4629954593256 13.8635823021177 16.2754724756815 ex
4124 27.1631940582301 15.5176166761667 9.35144552611746 ex
4125 32.3494944439735 17.9335087400395 12.9840994765982 ex
4126 21.9515400396194 9.51505811582319 14.3236140466761 ex
4127 25.3075741566718 4.89259180868976 9.28379801451229 ex
4128 32.1522927104961 14.2881196020171 8.74494002852589 ex
4129 25.4042662563734 1.45434363209642 0.390875126468018 ex
4130 28.1164933815598 12.4587064965162 17.6471342460718 ex
4131 30.9501532805152 9.35310136456974 13.0209885577206 ex
4132 18.727010054281 10.3152612051927 14.1386373329442 ex
4133 31.7728371522389 7.77344054938294 13.7324178030249 ex
4134 33.1605145810172 14.8773521271069 4.7320797953289 ex
4135 30.725430333754 7.0440132629592 1.05249796924181 ex
4136 31.4849030149635 3.91500378563069 16.7232920464594 ex
4137 23.3957175032701 8.09483759431168 14.7059811542276 ex
4138 25.6208237269893 8.61604616814293 11.2303578592837 ex
4139 29.63155758637 8.65871316613629 3.7577956430614 ex
4140 20.303441870492 7.61248290678486 17.7456323511433 ex
4141 32.143043451244 16.5176332362462 7.47947316500358 ex
4142 24.5990570713766 3.64677188266069 1.85316969337873 ex
4143 24.9989409258123 14.9819560996257 15.8769608456641 ex
4144 22.056369718397 15.1794845876284 17.0748341851868 ex
4145 18.5066676761489 11.1872333665378 13.2241823475342 ex
4146 21.7271533489693 16.7175214043818 14.1356642157771 ex
4147 35.1289885744918 16.1852570811752 9.78698055143468 ex
4148 24.1730629869271 1.47082985541783 6.21603634464554 ex
4149 35.1015769096557 9.3421954556834 10.4237246543635 ex
4150 30.8835557312705 16.3947283490561 1.79040101659484 ex
4151 31.9080888156313 7.20136176119559 14.6249531279318 ex
4152 21.5944663528353 13.7134699474555 12.4993719649501 ex
4153 20.998309326591 16.8398762710858 1.0015431442298 ex
4154 24.7398890270852 0.262142575811595 14.0410691972356 ex
4155 35.7100909193978 17.1896853607614 15.1337063494138 ex
4156 34.1835775736254 17.8573114632163 9.70979728153907 ex
4157 30.592238616664 13.646861158777 8.36130676767789 ex
4158 19.7383614592254 6.80272576375864 8.63993676751852 ex
4159 19.1406181307975 10.7333361846395 15.0501468251459 ex
4160 21.8844063060824 12.5296207417268 11.8586880841758 ex
4161 26.827260596212 16.8763107724953 9.9410027123522 ex
4162 24.1194765912369 13.538017353043 4.81647508218884 ex
4163 30.3955444674939 17.1797065956052 1.91061785281636 ex
4164 34.2206082346383 8.24474243842997 17.4473246547859 ex
4165 35.9515757693443 11.1375603207853 6.90892750234343 ex
4166 24.1723334263079 5.94098159461282 6.26118652778678 ex
4167 22.1035874511581 5.77108337148093 4.05341617809609 ex
4168 28.9496634905227 5.0485510667786 3.11841261410154 ex
4169 33.1367769285571 12.8765105281491 15.8776087504812 ex
4170 29.625126554165 16.193010780029 3.51943036098965 ex
4171 26.9836530943867 5.07220591907389 13.0058801118284 ex
4172 31.9282835989725 5.83127192337997 0.270766204921529 ex
4173 25.1146288292948 1.61378577374853 6.44321030587889 ex
4174 34.8165107942186 14.3627135762945 3.34564477601089 ex
4175 24.9068403944839 16.5523978814017 4.27219060598873 ex
4176 32.9685284744482 15.0228608800098 13.9757116644178 ex
4177 32.6340339886956 1.7799062540289 14.3642559389118 ex
4178 29.8231263428461 17.6210634403396 4.74188381643035 ex
4179 18.8881374537013 5.49470474175178 11.2253754527774 ex
4180 23.1034430400468 8.41958977701142 16.2492649017368 ex
4181 30.2142321984284 16.9580176228192 17.7873563228641 ex
4182 25.127622632077 6.21359524573199 6.44255333859473 ex
4183 24.8039875696413 9.1408383406233 6.3023090090137 ex
4184 31.4824625847396 13.3913084755186 7.98994032875635 ex
4185 33.6999008678831 3.47084204154089 3.78276787698269 ex
4186 28.5403685413767 1.32082058908418 6.75262057618238 ex
4187 18.593351294985 13.7601712793112 10.1525904459413 ex
4188 20.5427641589195 14.7800938228611 12.1480560395867 ex
4189 28.0992830987088 15.7495209262706 10.5238359074574 ex
4190 34.6108179187868 11.8110459228046 3.59075955720618 ex
4191 21.5975980884396 13.9139518272132 17.4223922586534 ex
4192 30.9746514554136 10.2372102388181 10.5533314072527 ex
4193 35.3931690014433 14.7386959211435 17.9922124075238 ex
4194 27.4317004936747 3.84808741440065 16.2563066491857 ex
4195 29.8048033586238 9.80119193159044 4.46542710973881 ex
4196 34.8667231721338 3.30508351651952 10.5236771327909 ex
4197 30.8407322845887 9.96084958524443 8.8585532347206 ex
4198 35.7580449027009 3.74811810720712 4.32765939459205 ex
4199 27.5650982854422 10.1890877431724 2.16580506972969 ex
4200 22.8419068502262 2.48372934036888 3.12860213895328 ex
4201 22.7265735731926 0.152930514188483 12.086769469548 ex
4202 20.7353247464634 5.4302846675273 5.88872248865664 ex
4203 22.2130266102031 9.91851417440921 9.17747159558348 ex
4204 35.4458604352549 1.92416001460515 8.89558648248203 ex
4205 32.5488711607177 10.7714478210546 15.7771845813841 ex
4206 22.8957924344577 0.899244739906862 0.75243564019911 ex
4207 22.2790824240074 0.16920649795793 10.1476589525118 ex
4208 27.8028053469025 12.7988969651051 9.41711504408158 ex
4209 28.5778983805794 0.407926686108112 2.25765128899366 ex
4210 35.6409432736691 2.22713397163898 9.9934557871893 ex
4211 25.2848699931055 11.1327261282131 16.852823616704 ex
4212 21.2068728662562 12.8926133543719 13.2977113334928 ex
4213 33.5701671310235 8.80917182494886 15.341986005893 ex
4214 25.6048037086148 0.474691630341113 17.9080133009702 ex
4215 21.7213201627601 9.49933890765533 2.98970863455907 ex
4216 30.0813941319939 17.6445486284792 11.5521622649394 ex
4217 29.7682704196777 13.9212450962514 14.5407411966007 ex
4218 18.5459008342586 17.4262715873774 8.47833658056334 ex
4219 22.9620291758329 13.7350999328773 2.43841212103143 ex
4220 29.3284692133311 3.40782162407413 2.75589651428163 ex
4221 26.8431033850648 14.860668344656 11.5217994106933 ex
4222 18.2133622779511 11.0472062267363 9.00217523728497 ex
4223 34.3877171312924 12.2079699586611 17.0742924241349 ex
4224 21.8056315712165 0.118438675766811 7.34042984829284 ex
4225 29.8024897645228 5.07353286677971 15.7643883801065 ex
4226 25.6605075062253 3.74892521719448 8.56600464088842 ex
4227 19.1396937794052 8.46395256533287 9.32754127332009 ex
4228 25.3296438239049 2.62686258764006 4.24491140758619 ex
4229 18.8023949472699 2.28351545054466 4.22684599156491 ex
4230 32.9333847796079 8.96827259263955 3.2234555108007 ex
4231 29.2843784301076 10.6537999694701 17.3755014794879 ex
4232 20.3654664731584 7.84207455744036 15.7597551336512 ex
4233 35.4026988013647 8.5078569909092 17.2589354722295 ex
4234 22.6738433765713 10.1938035746571 14.1009932416491 ex
4235 30.8958691565786 3.7852397011593 15.0799897671677 ex
4236 31.5059750298969 10.9101438277867 11.05132783507 ex
4237 26.7986121922731 1.38425256079063 10.0268426258117 ex
4238 27.7275331052952 12.0812157448381 4.57420002343133 ex
4239 27.2131619919091 15.9133251584135 17.2389820863027 ex
4240 26.4690758239012 17.0352509419899 11.880127918208 ex
4241 34.9506232687272 1.56206895341165 10.0288708268199 ex
4242 21.4927945793606 14.7185517654289 16.4595410793554 ex
4243 30.4389799281489 3.98648421326652 7.38850166997872 ex
4244 31.9323680035304 12.3842910018284 5.11770575866103 ex
4245 22.0122286945116 6.07934328517877 17.2921384028159 ex
4246 18.4830248444341 11.0116838165559 0.448180369799957 ex
4247 23.1980796013959 16.1783822195139 17.6342375411186 ex
4248 32.6872229496948 6.76088380836882 17.1068872448523 ex
4249 30.8719908401836 6.95738296303898 3.85927549051121 ex
4250 30.1521307725925 8.17629688815214 13.7105377092957 ex
4251 26.080415174365 3.65213515679352 15.4247313949745 ex
4252 19.6871231466066 3.22221091971733 11.5243175635114 ex
4253 22.0957027273253 10.4406713966746 9.4642679640092 ex
4254 20.8653419935144 17.1057100356556 11.6221138455439 ex
4255 23.132160047302 9.91842324240133 2.43439636309631 ex
4256 23.0404457172845 12.9761636154726 16.7266001368407 ex
4257 27.1163103352301 4.57594240899198 9.33816270437092 ex
4258 26.7399469991215 5.79847380379215 16.0438654383179 ex
4259 27.6200535167009 0.402514727553353 14.3960258977022 ex
4260 20.3719557116274 12.6223896883894 0.799615786643699 ex
4261 24.0585213061422 10.2296510050073 9.43139141867869 ex
4262 22.9279206180945 4.96198552148417 9.20553619391285 ex
4263 35.8275272385217 10.0239583097864 3.26308835530654 ex
4264 33.2059275521897 1.71448620501906 7.45539715373889 ex
4265 34.6414149377961 10.901137792971 16.9324407393578 ex
4266 34.7180791548453 6.24079468031414 11.8227419645991 ex
4267 29.1621617339551 11.970751928864 11.1397518629674 ex
4268 26.5997613181826 2.61346863140352 11.8283332930878 ex
4269 25.602209438337 11.6677191718481 7.05045647686347 ex
4270 19.5304747933988 5.89922735840082 17.7073008664884 ex
4271 22.1743169452529 12.9630630773026 14.5764004434459 ex
4272 29.0626348336227 7.57523723016493 17.5111034617294 ex
4273 21.1580805105623 9.50030748662539 16.8379604457878 ex
4274 34.776946580736 17.8313868900295 3.00534155941568 ex
4275 26.1997579724994 9.12982343067415 17.9434986070264 ex
4276 23.031725010369 2.18546284502372 17.4351343475282 ex
4277 19.437788963085 1.39578245906159 3.19646261632442 ex
4278 23.9312541284598 1.15664655552246 6.67377695138566 ex
4279 21.1317639211193 0.0785170237068087 8.3295004251413 ex
4280 32.7829356321599 7.95856282557361 2.65880259335972 ex
4281 29.2325543658808 3.1424657329917 6.06414119945839 ex
4282 32.8734943587333 14.1562668841798 9.66419620602392 ex
4283 28.5107483118773 4.44705312536098 2.01758141163737 ex
4284 35.4972699542996 10.4594802500214 5.39722022530623 ex
4285 35.190570697654 3.01023593801074 0.154048476368189 ex
4286 29.7679215758108 0.567945385817438 8.25764412269928 ex
4287 22.0603810215835 5.40249897167087 1.8700909235049 ex
4288 18.5074081807397 12.1300724432804 15.5618996052071 ex
4289 27.1939709526487 15.0573410515208 5.73084309347905 ex
4290 28.3208248734009 11.5833120597526 15.756147113163 ex
4291 22.1421376238577 16.7391602331772 10.2308444164228 ex
4292 34.5433610351756 3.35674307425506 8.38713637040928 ex
4293 26.239581798669 1.28378544328734 9.68988129752688 ex
4294 28.6184433349408 3.26262251962908 12.5120802652091 ex
4295 34.1541151206475 0.566908128093928 13.1470381580293 ex
4296 29.1570647587068 16.7781401281245 4.27016792679206 ex
4297 25.2590476248879 2.56156109645963 3.77344320807606 ex
4298 20.4266037226189 3.66966622858308 17.9574474811088 ex
4299 33.8889857386239 7.865898396587 3.13389735529199 ex
4300 20.431980666006 8.44901484483853 1.97451720759273 ex
4301 23.990267849993 1.31516206404194 4.84460088820197 ex
4302 18.7969337857794 5.20668522967026 3.09592237346806 ex
4303 19.023347688606 4.22976105497219 0.887549741426483 ex
4304 25.011753910454 14.1283184357453 5.10953338886611 ex
4305 29.4366305798758 1.15190814062953 4.27415020996705 ex
4306 19.8682212394197 2.31332791713066 17.9381901309825 ex
4307 21.1822122165468 5.73545015370473 8.15725585538894 ex
4308 24.8444173415191 13.6425880144816 0.536011812277138 ex
4309 30.8531891228631 10.2413270755205 0.0756983999162912 ex
4310 33.5787700440269 15.9108134931885 17.6153954090551 ex
4311 19.448527244851 16.0192117216066 12.2498146549333 ex
4312 21.8789871106856 11.5123164951801 5.33011254249141 ex
4313 22.2082839081995 1.41226542578079 8.61368496902287 ex
4314 22.3786630341783 15.6727840707172 6.35093762073666 ex
4315 21.3170634033158 9.4022987249773 10.0575584070757 ex
4316 24.4029571306892 11.3360773152672 12.1095840635244 ex
4317 33.5267596254125 2.30344064068049 13.1318529280834 ex
4318 19.9564199002925 7.3741916064173 11.6199755936395 ex
4319 26.570233145263 15.5430633297656 9.89254746353254 ex
4320 24.161659784615 5.4185529910028 0.959871183848009 ex
4321 18.1686531789601 8.12742798449472 12.1872395742685 ex
4322 29.2978667514399 14.4744286311325 4.62872752919793 ex
4323 32.6280148429796 16.8107643346302 1.54646221292205 ex
4324 31.1326590895187 14.0227498328313 2.41982275480404 ex
4325 19.2902553782333 11.1482567570638 7.38161787902936 ex
4326 32.857135764556 17.0878288105596 17.2844564402476 ex
4327 33.3554762757849 14.7817456449848 0.443857684964314 ex
4328 19.9458852466196 9.258469437249 12.6934536495246 ex
4329 23.083183867624 14.0928956640419 3.14147029980086 ex
4330 35.9546954578254 0.634249130496755 8.36591976974159 ex
4331 32.5332722205203 15.6937233174685 6.26119325356558 ex
4332 33.4479222134687 7.59028370678425 10.7141271005385 ex
4333 24.4132365807891 17.8484545550309 17.7801982329693 ex
4334 21.4379097213969 16.827243380947 11.7270181605127 ex
4335 29.1582422677893 13.5507443395909 11.5757613331079 ex
4336 27.2110744835809 14.7847214725334 16.9797076778486 ex
4337 28.4512688645627 3.90792539506219 9.30456801201217 ex
4338 20.3739360747859 4.64441343769431 8.08112454274669 ex
4339 20.7780022241641 16.0396595946513 2.05945978779346 ex
4340 28.0634976611473 14.6805904849898 7.25316802272573 ex
4341 25.0882684271783 7.93835710803978 9.30444044526666 ex
4342 26.2977836120408 8.67404175782576 5.30129661341198 ex
4343 21.40631249547 10.6128764590248 16.0834627787117 ex
4344 35.472787136212 2.85083666164428 3.15316924243234 ex
4345 28.025984716136 9.78109245165251 12.7106153401546 ex
4346 30.2980884946883 15.9281536987983 6.82353299437091 ex
4347 26.0762879315298 4.37342565413564 7.3007084291894 ex
4348 33.9160180485342 9.75770994904451 6.38010381045751 ex
4349 24.7744971229695 1.05448930151761 8.0599445940461 ex
4350 28.7561418577097 13.0421981071122 7.30963408155367 ex
4351 34.2941001835279 14.7415042032953 4.97220392897725 ex
4352 19.5227038983721 5.46983997174539 12.4459847831167 ex
4353 31.4435900067911 11.4690076350234 13.737745591905 ex
4354 33.5697717887815 11.9375200045761 10.9715163391083 ex
4355 24.3213273088913 6.31111285439692 15.6431636686902 ex
4356 21.6357206352986 13.3504035437945 1.99315268173814 ex
4357 25.166220467072 0.367361549986526 8.33523955568671 ex
4358 28.7171328146942 0.607559820404276 3.32070847833529 ex
4359 34.91884752037 15.2257642929908 5.83651307527907 ex
4360 28.6278166621923 17.5489567723125 4.91675259103067 ex
4361 30.6018847557716 11.6901638619602 0.514170351438224 ex
4362 30.4193897116929 4.96025035809726 1.30208980082534 ex
4363 28.9707722887397 1.08668584330007 8.46926178154536 ex
4364 35.9242146862671 6.31945376540534 8.69316545454785 ex
4365 30.4057219703682 0.160859282361344 14.4611036349088 ex
4366 30.0893192091025 5.11491744569503 12.6169141035061 ex
4367 29.8568304036744 2.65683272108436 15.8866607605014 ex
4368 32.4218871127814 15.7465867728461 11.7926342680585 ex
4369 27.8583776308224 5.66691097593866 6.28947072685696 ex
4370 19.1603353121318 13.2131616661791 7.59339476027526 ex
4371 35.3232565820217 7.68908014101908 17.208689032821 ex
4372 34.5758375469595 1.44427926512435 8.21241541719064 ex
4373 24.4205268444493 3.02941171545535 0.00465469271875918 ex
4374 32.0929507426918 11.2947227114346 12.9222635172773 ex
4375 19.2830524498131 7.38679142831825 5.48052504425868 ex
4376 28.8633231027052 1.25559569871984 16.1064780834131 ex
4377 26.6687938324176 11.7926757864188 10.6526449385565 ex
4378 27.2019866879564 7.32316333730705 1.47784813144244 ex
4379 34.971123911906 6.75715164956637 5.98694044607691 ex
4380 33.8352508100215 1.50926002301276 6.88881718646735 ex
4381 21.6223691981286 2.20140431844629 17.6427049424965 ex
4382 32.8581124455668 13.3958780243993 8.75980516639538 ex
4383 25.2245670978446 5.40310152387246 16.5593544333242 ex
4384 19.91249897331 1.51764653949067 6.64939853455871 ex
4385 24.9940266301855 4.14718145062216 9.55417907633819 ex
4386 26.397156921681 9.92454928462394 11.6262296438217 ex
4387 18.3843961760867 3.29442022228613 6.61358949565329 ex
4388 24.4889240430202 13.1648004944436 2.65945366281085 ex
4389 21.7203533207066 14.842850923771 13.3751649158075 ex
4390 27.9760834441986 11.419978201855 12.0804102809634 ex
4391 18.1475213440135 17.3472876478918 0.927791296970099 ex
4392 22.9406247220468 4.79644370335154 7.97598544810899 ex
4393 33.3487126303371 9.27259830594994 7.45023402408697 ex
4394 20.7293341667391 11.4753841650672 10.7166052504908 ex
4395 30.80716184224 7.89926701784134 2.9068829792086 ex
4396 19.8726335221436 11.9033240787685 10.7288369622547 ex
4397 25.0828729851637 16.9095362334047 5.2660712946672 ex
4398 18.4523347662762 13.2026494671591 16.4712454045657 ex
4399 19.2326161386445 11.0033916558605 12.9608744082507 ex
4400 18.5223274172749 10.5869507465977 4.74593119090423 ex
4401 34.3105216715485 3.32622232520953 13.2088982737623 ex
4402 20.3907239600085 17.5615748967975 2.72124508372508 ex
4403 31.4327048258856 11.6342374682426 12.4063053305726 ex
4404 26.7058176246937 4.21294252853841 12.8473273292184 ex
4405 33.4683861387894 3.85018723341636 8.35670214262791 ex
4406 29.1428427770734 12.0895038153976 14.626661876915 ex
4407 33.4738828353584 3.04992941673845 4.50301588210277 ex
4408 30.3957014807966 14.7119698822498 4.37572015519254 ex
4409 33.6290903459303 16.2280448167585 1.94932947866619 ex
4410 21.7208439321257 16.6855180885177 7.28546300204471 ex
4411 18.7061961619183 13.7555608027615 15.3541878580581 ex
4412 32.2315190434456 6.21008822927251 5.96865455503576 ex
4413 18.4329892043024 6.4442728201393 14.7029447481036 ex
4414 28.8356337801088 6.16698882705532 15.3304978797678 ex
4415 30.1713835431729 2.99493323196657 16.3116212598979 ex
4416 21.9734680934343 17.9193750745617 4.68139723083004 ex
4417 35.2186145493761 3.24427517317235 3.9175130634103 ex
4418 29.3069445758592 6.08874799939804 3.02617198531516 ex
4419 20.3960204340983 15.508536163019 11.5358750591986 ex
4420 29.7989452029578 5.40255207428709 16.1514826775528 ex
4421 18.2421533367597 6.39682049350813 8.63904570322484 ex
4422 22.2552921967581 12.9094292253722 1.10389087325893 ex
4423 26.5898862842005 1.8078461100813 14.7480851293076 ex
4424 35.5324690635316 6.89641164755449 11.5047711541411 ex
4425 19.9657716127113 7.77905467245728 14.2015131965745 ex
4426 24.5742517658509 10.3946690452285 15.3064306613524 ex
4427 28.2263993488159 8.81031124992296 4.58343272889033 ex
4428 24.1703558093868 6.83942418103106 2.96681245439686 ex
4429 20.1806013719179 12.7527054063976 8.01177686266601 ex
4430 28.0063682170585 5.80283772060648 17.0312641181517 ex
4431 23.6450272193179 8.88765281694941 7.53913728776388 ex
4432 20.7920968364924 4.06656555575319 6.59396372106858 ex
4433 24.5612453084905 13.8681632606313 15.2529732938856 ex
4434 22.5576375075616 13.2130100631621 1.51071464107372 ex
4435 25.6795064311009 17.320887097856 14.79808511585 ex
4436 24.3670343172271 16.8109261177015 2.6904572234489 ex
4437 32.2181522410829 13.9528981917538 9.344843886327 ex
4438 32.9273367845453 5.08212956856005 11.9696931657381 ex
4439 32.5829265452921 9.21192377386615 17.8591888388619 ex
4440 26.4180462821387 8.53151458082721 16.6352020620834 ex
4441 27.1108964830637 12.5991828567348 17.7912265430205 ex
4442 32.0065568671562 5.31324652419426 9.6320265326649 ex
4443 33.3229312135372 2.64233565144241 0.346220286097378 ex
4444 30.6794382282533 8.04012112389319 12.2489240027498 ex
4445 33.5045101363212 2.03219583397731 12.1624205738772 ex
4446 23.5315991577227 10.2430207468569 3.94801915669814 ex
4447 25.4577802291606 0.873279298655689 0.707910823402926 ex
4448 28.6068194636609 3.18463356141001 7.66450327727944 ex
4449 32.0565329268575 15.1786420966964 4.66034498997033 ex
4450 20.9497851827182 4.89930285164155 0.348361254669726 ex
4451 25.5718124236446 15.8592198234983 11.0481361944694 ex
4452 34.5556903132237 10.6384076757822 17.9699579542503 ex
4453 22.2143832796719 13.384493266698 7.41873893234879 ex
4454 19.8943075772841 10.5651808136608 7.41296412725933 ex
4455 31.2560209417716 10.7596809940878 1.71314844721928 ex
4456 26.4932300427463 9.46636891714297 15.2779029654339 ex
4457 28.7134515072685 16.2788665520493 5.96588439214975 ex
4458 21.0932151733432 12.3162194555625 14.3069987290073 ex
4459 35.0184303876013 5.62089870404452 16.4004245034885 ex
4460 19.7868509078398 4.96655332529917 14.410934001673 ex
4461 20.2312172262464 3.71943052182905 7.12527959910221 ex
4462 30.4363496841397 11.5836585033685 8.0887486608699 ex
4463 25.8467649742961 8.131504626479 10.3827257594094 ex
4464 30.5870988811366 9.39430823596194 9.7610551759135 ex
4465 24.4753967751749 14.7363031667192 3.71834580297582 ex
4466 27.4573975719977 16.6219365498982 3.48594669578597 ex
4467 32.0350515858736 14.2803310323507 11.4129645656794 ex
4468 34.757148219971 8.3265132762026 2.00180149287917 ex
4469 27.6755190608092 10.2925030805636 8.28331155981869 ex
4470 34.9917728151195 10.8130753978621 2.06370722083375 ex
4471 32.5905404884834 8.58008867246099 1.44276309106499 ex
4472 35.7693563390058 11.2818897748366 11.8638823051006 ex
4473 31.5928510408849 11.8879733849317 14.5697298890445 ex
4474 18.0238007318694 8.46246789395809 16.4447192943189 ex
4475 18.8629490421154 15.8830124239903 0.807699237950146 ex
4476 19.6259566759691 8.13963245949708 4.50562918512151 ex
4477 33.6555841136724 2.06338288844563 16.5568961803801 ex
4478 28.605445580557 6.6456647743471 14.751257503638 ex
4479 21.1090381662361 10.4938354340848 6.91607666807249 ex
4480 18.3551705400459 5.75207520951517 10.5450136584695 ex
4481 23.7423115430865 2.89580880245194 12.6468785076868 ex
4482 19.5094091957435 9.78448717854917 9.71891439356841 ex
4483 28.6083627606276 15.2788128827233 7.73147148336284 ex
4484 34.0872613454703 15.508434366202 12.4797517852858 ex
4485 21.842007253319 4.24367299699225 16.8604473881423 ex
4486 22.2285225060768 0.0079549856018275 13.5195087688044 ex
4487 28.4982058966998 11.4501521128695 2.10499486303888 ex
4488 31.1058710690122 12.3368296257686 1.49000883684494 ex
4489 24.8355863229372 12.5382083230652 13.5818533052225 ex
4490 30.1649462629575 14.5628566520754 7.84466720744967 ex
4491 31.142671829788 1.01378441648558 7.49687820277177 ex
4492 26.696700690547 16.7949236514978 17.0456536062993 ex
4493 30.9119646961335 3.78780379495583 8.47544924588874 ex
4494 20.6834046153817 1.74963215808384 13.4098226672504 ex
4495 33.983425156679 15.3634643049445 15.9401810062118 ex
4496 30.8737156332936 13.4158933337312 6.23864666000009 ex
4497 30.0627761345822 15.1263581307139 15.7227501193993 ex
4498 25.247346682474 14.9812208840158 6.44677068432793 ex
4499 22.5687933207955 2.08837984455749 12.0273545824457 ex
4500 34.2164720124565 0.664613144937903 14.5639882560354 ex
4501 23.1380548940506 16.1619714074768 11.6967160725035 ex
4502 28.0128588515799 4.70881021628156 0.828249425394461 ex
4503 25.1155671952292 13.8816776492167 14.2998909705784 ex
4504 34.6762628303841 3.76574551686645 3.66106873983517 ex
4505 20.7241156143136 8.06077949330211 15.5985393566079 ex
4506 19.4538534840103 10.1368774410803 0.744533255929127 ex
4507 19.1242431243882 6.75767973857 3.25025210692547 ex
4508 21.7235678236466 1.8999990823213 0.428158266237006 ex
4509 29.3299272658769 9.24144806340337 7.36381366546266 ex
4510 25.8878172142431 14.6591312105302 0.0508557097055018 ex
4511 24.0722089575138 14.2493417535443 9.43749554944225 ex
4512 23.8308762155939 17.3159050857648 16.358220718801 ex
4513 27.9144683899358 7.65955819771625 11.3038792933803 ex
4514 21.1623133246321 12.9594826037064 10.8969859741628 ex
4515 23.7039658112917 1.57601370802149 8.4888463660609 ex
4516 19.9708982196171 3.14811873296276 15.5121189951897 ex
4517 19.8114054976031 9.15106859966181 16.0611450041179 ex
4518 27.4457138434518 13.9954535078723 15.6576504937839 ex
4519 28.190654296428 10.3020569223445 0.59802314452827 ex
4520 22.758863726398 13.5553195476532 15.3705012265127 ex
4521 19.2722639220301 0.198246679967269 17.3724777647294 ex
4522 25.2869648691267 3.69657933781855 2.69680757122114 ex
4523 20.8961049944628 6.30719569884241 8.7279821455013 ex
4524 18.2181456871331 0.530727862380445 0.323693460086361 ex
4525 29.0768956199754 16.2352062277496 0.220398696837947 ex
4526 35.8051921115257 8.43606589920819 13.9396782566328 ex
4527 18.613140901085 17.3394092740491 11.866384773748 ex
4528 27.1208200780675 15.8538450009655 13.2951100040227 ex
4529 21.920113732107 6.82484876248054 9.03622046927921 ex
4530 22.191286186222 3.48981748265214 4.11302727158181 ex
4531 33.0351592528168 15.0069034174085 16.9132935819216 ex
4532 26.693833302008 1.63697735825554 0.269094082526863 ex
4533 32.9079751975369 5.46793706947938 12.2818776310887 ex
4534 20.7311172231566 4.42538396269083 11.1205175991636 ex
4535 24.1446328221355 8.42965111904778 6.80263615609147 ex
4536 28.3056217429694 1.53542427322827 12.7192374840379 ex
4537 28.0422639274038 3.21844208193943 5.30486702546477 ex
4538 18.8419608434197 15.1836768938228 14.4487864011899 ex
4539 24.4315653408412 5.04767157416791 13.4454379933886 ex
4540 31.149018005468 10.1110188886523 14.326978900237 ex
4541 18.8133509352338 16.6623590425588 17.8604565109126 ex
4542 21.3909001103602 1.98568473616615 1.70179126039147 ex
4543 19.908772845054 16.4107142433058 9.79691644664854 ex
4544 26.8943669712171 10.1501392100472 6.01695968164131 ex
4545 30.7752904305235 16.058470412856 14.0402599750087 ex
4546 25.7657865432557 1.18351152888499 13.6341120302677 ex
4547 20.5228513267357 5.91285273502581 11.2488478343002 ex
4548 28.6258337879553 0.971719884546474 15.5598726856988 ex
4549 19.8765780448448 10.7629818583373 14.5276323684957 ex
4550 18.5457917123567 15.6014937837608 17.725710046012 ex
4551 29.8526150423568 13.4668789017014 8.40980042424053 ex
4552 35.2824214145076 10.4786399239674 13.8195633315481 ex
4553 28.2526442001108 6.35868745483458 0.660669177304953 ex
4554 33.3010835228488 2.72640983317979 3.9296323149465 ex
4555 25.3861669632606 9.50280997739173 9.07097785966471 ex
4556 34.5486723035574 6.3106915447861 10.6188915248495 ex
4557 30.7620752782095 10.3698493202683 6.29006236954592 ex
4558 23.4497584747151 5.72809106204659 15.9595573975239 ex
4559 21.3764296376612 16.1024036824238 2.97769631934352 ex
4560 27.1549601627048 16.9645906600635 17.199230709346 ex
4561 33.4121854603291 13.2367236330174 10.3235157865565 ex
4562 21.8259982361924 5.20005330559798 7.63036311254837 ex
4563 27.858132998459 5.70233235042542 13.6262498167343 ex
4564 25.2962510487996 10.9494393020868 5.64136739145033 ex
4565 23.9527009129524 13.6487411202397 7.49826705874875 ex
4566 22.7360092953313 9.93222511769272 4.67599044530652 ex
4567 23.2236677119508 17.0413384020794 17.8295558725949 ex
4568 21.8008682194632 13.4483006729279 9.18417417258024 ex
4569 22.3516367841512 1.27911722287536 10.43359839404 ex
4570 26.6448882953264 10.0977930314839 10.9927443913184 ex
4571 25.0210768554825 4.47304913774133 12.7544349825475 ex
4572 33.6986371260136 11.2158579779789 0.694390988675877 ex
4573 18.3837464407552 8.2763876193203 14.6155400904827 ex
4574 34.352107612649 1.06914239283651 15.9111317556817 ex
4575 23.8013463101815 17.6742271336261 10.3216367301065 ex
4576 30.3716277554631 5.55534846428782 16.1950557159726 ex
4577 25.7683082567528 12.7114329733886 6.07982547720894 ex
4578 26.6004134623799 13.7098108439241 8.89987343153916 ex
4579 31.6736957910471 10.7695071697235 13.011617942946 ex
4580 26.2198991933838 13.1612963641528 11.9110581215937 ex
4581 21.849340955494 13.4612661343999 8.25830348138697 ex
4582 20.0287351356819 14.4954109820537 14.3736987954471 ex
4583 34.8290139199235 13.3761973034125 1.01376891019754 ex
4584 23.8376783258282 5.38049732451327 0.266528248554096 ex
4585 22.3732906533405 17.0757775485981 1.94138175644912 ex
4586 28.6376645732671 1.18973386008292 7.83463760837913 ex
4587 22.102214415092 5.83877160120755 2.00546108791605 ex
4588 25.1413437051233 4.22076468961313 0.0473948670551181 ex
4589 18.1049681773875 12.3202856194694 7.76477657002397 ex
4590 32.3059649846982 16.6889768023975 13.4333733462263 ex
4591 23.5279321051203 1.60546425357461 5.26625433913432 ex
4592 26.079314614879 11.8664756442886 16.7862847615033 ex
4593 25.9676548093557 17.7096406968776 16.7727547178511 ex
4594 29.1748866352718 14.6458216407336 12.3471652583685 ex
4595 29.6795127775986 16.4618662954308 14.0635175034404 ex
4596 32.3116892743856 15.3473935148213 7.67007300327532 ex
4597 34.9690945786424 13.3556705333758 7.77484408114105 ex
4598 29.704111752566 5.14045013836585 11.4695736977737 ex
4599 23.4006965123117 12.0228017771151 1.22689517633989 ex
4600 22.1871675420552 1.35649636993185 6.05576599761844 ex
4601 34.8092238947283 3.35490059736185 5.62129195267335 ex
4602 19.3191574555822 1.94440453499556 7.86501672351733 ex
4603 25.1767832846381 14.7838063954841 12.3302084046882 ex
4604 32.8869268347044 15.0835174606182 5.24084639712237 ex
4605 25.085505641764 1.71577661950141 15.0370657127351 ex
4606 27.5190846829209 6.09855295205489 17.8887181230821 ex
4607 29.5743145230226 17.365484648617 2.89353499561548 ex
4608 34.5473492150195 17.2103518561926 11.0827803555876 ex
4609 18.1129330561962 7.68597306823358 10.5097641898319 ex
4610 29.2860372536816 1.65574802830815 10.3123004657682 ex
4611 19.0493835201487 14.2482033632696 1.8107398643624 ex
4612 29.6029766506981 5.63096162932925 3.51875311485492 ex
4613 29.0916596055031 16.6389115920756 13.2180699992459 ex
4614 24.3401476647705 12.0852317474782 7.98986661736853 ex
4615 28.8466288112104 5.36946371686645 9.76811974286102 ex
4616 20.0603321136441 8.07316206139512 13.9259199786466 ex
4617 33.3995400876738 3.33695988426916 11.7082923636772 ex
4618 24.9233398330398 9.34175917459652 9.83668645517901 ex
4619 28.6079791921657 17.2125645601191 5.25490064010955 ex
4620 26.8603283977136 15.2522407716606 1.3511594098527 ex
4621 25.7161949207075 6.13136413530447 16.8231773730367 ex
4622 30.4669945843052 5.60342834726907 14.6418567395303 ex
4623 25.0207414599136 8.05818728590384 2.89936688286252 ex
4624 29.9719757493585 17.3659728781786 16.6446656631306 ex
4625 31.8294764342718 8.08371255197562 6.5925327881705 ex
4626 32.4005436459556 11.1335691725835 4.11250942084007 ex
4627 22.314356718678 1.89183914428577 4.81238262006082 ex
4628 19.6429298236035 14.178724860074 0.668973817955703 ex
4629 20.8898143798579 6.54574530152604 6.83522598166019 ex
4630 20.4150106334127 12.9965147399344 9.99897308507934 ex
4631 22.8897279801313 11.2629690715112 16.0193358415272 ex
4632 35.9942163338419 2.73984041437507 4.97831080853939 ex
4633 34.4943532948382 2.67073651938699 5.3865928791929 ex
4634 27.1087445095181 13.0712089170702 10.1592283055652 ex
4635 34.0269351913594 17.9647071317304 10.0420617547352 ex
4636 22.5787298441865 12.1619496012572 11.3324953010306 ex
4637 27.618193505099 7.2401396939531 3.09196702437475 ex
4638 27.3716104694176 4.35095139499754 1.43813381134532 ex
4639 26.2202430677135 7.94201008649543 1.99026440409943 ex
4640 34.4823981465306 13.6848303379957 14.1729121501558 ex
4641 25.7675119910855 16.3279226757586 15.1280522125307 ex
4642 32.0685628692154 3.02196947671473 4.83592435717583 ex
4643 22.7298124157824 8.42254633503035 15.2396997790784 ex
4644 19.3834965750575 2.00791184906848 5.33103552437387 ex
4645 25.6787644489668 9.84305579797365 2.78887251997367 ex
4646 18.9334118680563 13.164794894401 6.44981992477551 ex
4647 22.8372592022642 1.66957575711422 13.011725145625 ex
4648 32.0340146825183 5.254136006115 8.1533124614507 ex
4649 25.139644036768 12.1108418339863 11.8982090961654 ex
4650 18.2897326035891 5.97342307167128 13.6310874670744 ex
4651 29.4789306938183 6.05409017764032 1.21397334896028 ex
4652 31.9483985295519 14.0454923762009 7.46759777935222 ex
4653 24.1370944138616 0.285779769066721 10.7836977627594 ex
4654 32.0645710569806 11.1109263082035 8.73954819422215 ex
4655 30.0246132840402 17.3202076382004 7.41968682105653 ex
4656 24.979607174173 6.87867604917847 13.5276973196305 ex
4657 25.3002748552244 17.5735809702892 8.78762561711483 ex
4658 23.004264930496 3.79485189612024 2.1575123667717 ex
4659 18.0618536756374 16.3323848394211 5.50615548947826 ex
4660 27.5665179805364 16.6593876492698 4.35161850252189 ex
4661 27.5209640739486 10.7070172850508 11.929149260046 ex
4662 31.3391007455066 10.3911247726064 15.3697671797127 ex
4663 26.1052011006977 17.7138891771901 7.69272254081443 ex
4664 24.7065817601979 5.60823408677243 7.42113035079092 ex
4665 30.5031993282028 15.2041214976925 7.84370209253393 ex
4666 20.3837706102058 6.87179591646418 7.11520181293599 ex
4667 33.248501094291 0.0293034473434091 11.5823529371992 ex
4668 31.7761781814042 14.275486176135 8.59384004143067 ex
4669 33.0374321886338 6.65233948151581 6.23241187259555 ex
4670 31.0439090116415 1.00778097705916 15.4688363503665 ex
4671 29.6946928424295 1.00687284208834 11.5210006528068 ex
4672 30.5498820031062 10.9051936184987 5.254493287066 ex
4673 20.2400183766149 16.9093724500854 9.89925203821622 ex
4674 21.6628571792971 7.62843414884992 10.7420121701434 ex
4675 29.8191511970945 1.28972585848533 1.85068778251298 ex
4676 35.2296901724767 4.88060460821725 6.66570838121697 ex
4677 25.2992122082505 17.8625495701563 13.1215434733313 ex
4678 22.0668520820327 5.73036933830008 12.7013005705085 ex
4679 21.9800201673061 9.58116151578724 15.0901615433395 ex
4680 32.3563062977046 7.33660950115882 10.5160092499573 ex
4681 31.3795386997517 1.41791754006408 4.38822972611524 ex
4682 21.4142574991565 17.533525245497 0.527116124285385 ex
4683 18.289811078459 1.88606959022582 0.0741926624905318 ex
4684 27.6334736165591 6.37108544679359 12.0611806064844 ex
4685 21.2379779499024 3.9951692877803 1.48720947303809 ex
4686 20.5212704935111 9.99919539084658 5.03276973194443 ex
4687 34.7817176447716 16.8524689949118 1.69585704384372 ex
4688 20.9532517450862 6.17876376654021 16.9004351927433 ex
4689 20.3279178810772 1.36793415457942 6.82993565546349 ex
4690 20.7619216870517 3.47089527500793 10.1259340120014 ex
4691 26.7193007131573 5.44631667761132 5.48382444656454 ex
4692 29.4833925007842 13.2804583578836 6.35108275921084 ex
4693 32.4080773298629 1.73569124238566 1.81423537060618 ex
4694 24.972396050347 4.03945899475366 4.51639237208292 ex
4695 34.0170687856153 7.00390268024057 1.37964015291072 ex
4696 21.9150216253474 9.32538539473899 7.71335936780088 ex
4697 24.3782739008311 13.6284416825511 9.56159204896539 ex
4698 29.7455231107306 10.2776141851209 1.51693540206179 ex
4699 22.0580899727065 14.6248006890528 11.7894206563942 ex
4700 29.4243908589706 0.411240042885765 5.62462142808363 ex
4701 20.7367227631621 1.45139480824582 9.52066983422264 ex
4702 19.3212316003628 3.14822159428149 7.0478781494312 ex
4703 28.857075887965 15.463839416625 12.1658349747304 ex
4704 25.0595421644393 3.67093855072744 3.04293925524689 ex
4705 35.7372925030068 12.3756508259103 2.21291648456827 ex
4706 21.4348278446123 9.28950956324115 0.476978001650423 ex
4707 26.7102217990905 4.49550802493468 13.467080197297 ex
4708 19.0177285603713 11.4570991219953 13.23352300236 ex
4709 22.6777142153587 3.65770339057781 8.66314132907428 ex
4710 19.001529864734 5.07383967284113 14.6940029282123 ex
4711 19.4788244748488 3.14830727735534 4.8257515958976 ex
4712 30.2535769450478 13.9656202394981 13.1515333051793 ex
4713 25.860963443527 2.00834404816851 12.5555547103286 ex
4714 33.9969206596725 15.7077090379316 12.9425036411267 ex
4715 19.0162813882343 4.17873774818145 16.0991665017791 ex
4716 29.9895606050268 9.93578958045691 8.72582555329427 ex
4717 23.2379920496605 10.0591247265693 10.8834838899784 ex
4718 18.8692420499865 0.224708566907793 4.4545178739354 ex
4719 19.752958169207 11.2263010311872 6.26685745804571 ex
4720 32.4456564609427 7.26086864923127 11.6959626164753 ex
4721 32.5112285346258 6.01441094418988 15.4365272466093 ex
4722 25.6364279678091 15.8701664505061 17.4209055684041 ex
4723 21.3595041090157 2.9448056423571 3.3028872536961 ex
4724 22.8408586066216 15.6065854555927 1.70551046612673 ex
4725 28.9654446325731 6.55723275896162 9.11264896090142 ex
4726 30.7628600851167 7.96493787132204 7.20709625747986 ex
4727 28.9340444856789 11.9320419637952 1.92972630914301 ex
4728 32.4174154079519 14.8241540619638 3.98596929805353 ex
4729 24.3345711657312 17.0087863404769 9.12955427588895 ex
4730 18.5571765061468 14.574822130613 8.15798364742659 ex
4731 18.2000842445996 2.19446569820866 6.0111007518135 ex
4732 30.6619591999333 1.30518650636077 17.8120482021477 ex
4733 19.2595244576223 3.58062595571391 10.6339591012802 ex
4734 22.2645203231368 16.3377267632168 1.2219725267496 ex
4735 20.2161928049754 10.80749109108 15.6862370646559 ex
4736 27.3917502607219 8.24898680555634 11.7301722157281 ex
4737 18.6499907884281 7.58495429088362 7.61358416080475 ex
4738 34.6193178945687 2.57768578245305 9.90981555334292 ex
4739 34.5419106972404 15.3444697868545 4.05818780977279 ex
4740 27.1829482337926 5.90048680384643 9.82876368844882 ex
4741 21.5008562335279 17.0030694762245 11.9793761912733 ex
4742 19.3213285023812 3.21911822934635 12.7958219749853 ex
4743 29.4733204247896 8.25727154617198 1.61420962656848 ex
4744 27.0909208543599 8.73557838355191 13.0241314214654 ex
4745 20.9872018061578 11.2521773849148 14.5244689807296 ex
4746 20.1697416505776 14.2690626343247 9.51828430569731 ex
4747 27.3686486720107 15.7179411891848 14.279162641149 ex
4748 29.0929994259495 10.8693459676579 3.00633589597419 ex
4749 26.0155985017773 3.50904178060591 9.54025466111489 ex
4750 33.2561156596057 14.9797558656428 1.5405357524287 ex
4751 31.2731826200616 16.4391299430281 0.972679445752874 ex
4752 35.9364558297675 16.9964261681307 15.7787527842447 ex
4753 35.9662124253809 17.5381692056544 16.3835869166069 ex
4754 19.0983955292031 8.94421171443537 7.75338073982857 ex
4755 30.1281113151927 10.1762255211361 1.63367120316252 ex
4756 25.0367081011645 16.1653073653579 4.29439237667248 ex
4757 18.5520550550427 3.96734313503839 5.0740516919177 ex
4758 25.6835925870109 5.27000735886395 12.3922334953677 ex
4759 35.5194601446856 2.50178338470869 8.60025999578647 ex
4760 24.0889899050817 8.54655055236071 14.7479760295246 ex
4761 19.1484527247958 8.00897665112279 17.311980384402 ex
4762 27.9773803914431 10.6836583993863 4.23360360763036 ex
4763 28.6719090871047 9.79302524658851 0.395104053197429 ex
4764 34.7829253592063 16.5667023633141 17.490056355251 ex
4765 29.4022027761675 0.670119076501578 13.9205059532542 ex
4766 25.972841626266 16.95856061019 11.7270595612936 ex
4767 29.4672747044824 11.1741944563109 10.7846577772871 ex
4768 32.2879101382568 5.39401329983957 4.8581165233627 ex
4769 35.5802807689179 3.88773029926233 6.54772538738325 ex
4770 32.3076051957905 2.13615501159802 11.1697227125987 ex
4771 30.1691381668206 3.00778460875154 10.0295539514627 ex
4772 31.8386024080683 12.9256262960844 6.68766608694568 ex
4773 30.4062863036525 17.8191993366927 14.7288442333229 ex
4774 25.1464413525537 7.79217536607757 15.925088073127 ex
4775 26.0864246990532 11.2053556279279 0.251010807231069 ex
4776 32.3935032479931 8.45501651708037 9.63315547257662 ex
4777 35.6942179577891 3.65470441593789 7.74000325007364 ex
4778 27.8501958327834 13.4577411324717 6.81419802154414 ex
4779 18.2536670947447 4.3219816701021 11.9693859301042 ex
4780 32.4802954602055 1.55188600532711 2.46674124058336 ex
4781 25.5801038932987 4.73086150200106 2.03650902933441 ex
4782 31.7303335259203 15.3534674891271 16.0336632521357 ex
4783 21.7551239570603 8.56274190614931 2.41251449729316 ex
4784 29.2789189633913 7.06170389591716 7.24367748713121 ex
4785 28.5120748938061 13.1307532826904 0.295335246715695 ex
4786 22.1526927526575 13.3069845554419 4.98562173452228 ex
4787 22.1126851679292 1.84498434863053 7.82447752240114 ex
4788 23.7983090651687 14.8115120059811 14.0739581717644 ex
4789 20.0265339831822 13.9008229752071 3.41933557484299 ex
4790 32.6493564371485 10.9836337121669 9.10175763536245 ex
4791 35.4939078462776 7.82776589412242 5.72489454620518 ex
4792 26.6572969604749 3.30270415591076 1.29995386488736 ex
4793 21.6981356837787 9.74024122627452 9.29006070340984 ex
4794 28.525053931633 5.49584811297245 6.4972358844243 ex
4795 18.9253587999847 5.26241514831781 16.7545746772084 ex
4796 34.5309207001701 13.0863851949107 13.2573697688058 ex
4797 23.6113434114959 7.88447999209166 11.7603380968794 ex
4798 19.3738902208861 17.50071826973 1.19684361363761 ex
4799 29.4152840606403 3.66458503901958 4.52952428092249 ex
4800 34.3104442087933 14.7961917473003 9.30350137152709 ex
4801 22.5963356518187 6.98464316711761 11.4112580176443 ex
4802 32.7979212696664 8.04259508964606 13.3748093694448 ex
4803 28.3681440919172 1.61392473592423 9.02123216143809 ex
4804 21.9784342679195 3.5645598268602 14.0287218249869 ex
4805 31.8389600003138 17.80770861567 12.7455163572449 ex
4806 22.2636997094378 2.40268189948983 4.9685116126202 ex
4807 29.9235229620244 6.18964833463542 8.66361327795312 ex
4808 24.669238867471 16.3838397224899 7.73933701450005 ex
4809 20.5642088516615 14.8369217831641 10.4942198775243 ex
4810 19.5282673109323 10.6369113873225 8.75804626801983 ex
4811 22.990691958461 17.9119981243275 16.1701672754716 ex
4812 23.8974993033335 17.7099336721003 7.96402791375294 ex
4813 35.6777260936797 5.37884689308703 13.3182521376293 ex
4814 27.7803856199607 13.7870739786886 16.6461090247612 ex
4815 26.1127818657551 1.0700521748513 6.49933682428673 ex
4816 29.1834907203447 9.68798395898193 17.5264301446732 ex
4817 27.0589514453895 17.079647132894 5.17879462661222 ex
4818 26.2286551080178 0.334257943322882 6.21992024453357 ex
4819 28.859247747343 17.9994893192779 11.4152761157602 ex
4820 23.3333713035099 7.1283147316426 5.02820190577768 ex
4821 18.2821790587623 12.7453147501219 5.77669364050962 ex
4822 33.8170576465782 6.8384234062396 12.2402134689037 ex
4823 28.5316460907925 3.45040998375043 17.7600052470807 ex
4824 19.7232411920559 17.9884910457768 14.2126430659555 ex
4825 31.0846760566346 16.408746778965 2.32314927107655 ex
4826 28.9255422409624 9.28355032578111 16.3827964940574 ex
4827 19.9647466102615 13.0827106570359 8.61490821233019 ex
4828 32.0365002418403 2.87933396804146 8.15733799431473 ex
4829 18.1095577611122 16.092074065702 11.6365366906393 ex
4830 21.0635334728286 3.00697103049606 16.9476240391377 ex
4831 31.940280245617 0.781213694019243 1.08434015978128 ex
4832 22.7944064212497 9.05340930284001 17.8000026878435 ex
4833 28.7518492869567 14.9509624924976 9.52444175654091 ex
4834 31.6552432181779 11.3973761708476 1.85271320817992 ex
4835 22.6984883323312 11.8926109669264 15.2321145322639 ex
4836 23.7090462623164 17.2328296690248 4.54374156077392 ex
4837 34.6578592150472 17.6816536602564 14.5354927745648 ex
4838 35.273847789038 15.134825832909 9.52317301183939 ex
4839 31.3644065035041 16.063168679364 5.83759743580595 ex
4840 28.2391378979664 0.19876510463655 12.559411194874 ex
4841 22.3485117326491 5.19824840989895 15.4467815104872 ex
4842 32.0425129828509 0.982353321975097 6.56709370668977 ex
4843 31.2225397517905 2.58285075356252 13.3297688015737 ex
4844 33.0129332726356 2.65973712760024 5.16542635904625 ex
4845 25.1434735003859 1.89639859297313 1.8307984599378 ex
4846 25.3928302107379 15.142265249975 9.73814378073439 ex
4847 26.8211063197814 9.73088431032375 8.25207493710332 ex
4848 32.8018830891233 9.23934485553764 12.2904363705311 ex
4849 30.2926811780781 6.29528751480393 10.1911563223694 ex
4850 25.1143697327934 1.68883935990743 14.0355328782462 ex
4851 24.1063212321606 15.8817007471807 7.28431636583991 ex
4852 32.975853273645 13.572153261397 13.0783882348333 ex
4853 33.4430712882895 14.6513959802687 6.82644979306497 ex
4854 19.4024476318154 16.3342448184267 1.28261352935806 ex
4855 23.9489079429768 17.1681704607327 15.7757032788359 ex
4856 22.7127360708546 7.05118936439976 13.819539033575 ex
4857 35.1044205627404 13.2840015497059 12.377489102073 ex
4858 22.1587137959432 12.1409394957591 2.56868232786655 ex
4859 35.5712753648404 14.4196162510198 16.3725123596378 ex
4860 19.4029574499 11.5211340826936 4.11703765694983 ex
4861 24.7691570608877 3.07592733390629 10.5430442465004 ex
4862 33.9293552003801 9.57363570365123 16.4447049868759 ex
4863 22.1936715231277 11.1072746952996 14.6374155594967 ex
4864 18.2227874330711 12.5732174501754 16.9943111876491 ex
4865 28.9253054717556 5.00578041281551 4.15114531875588 ex
4866 25.7750009121373 16.7817262157332 1.43464646395296 ex
4867 32.8913945979439 9.8755143310409 10.6161165088415 ex
4868 30.6855424402747 12.5330551376101 3.74542930466123 ex
4869 29.5804758798331 12.2265490398277 6.07014793087728 ex
4870 26.5985445063561 16.4053894293029 4.94381636148319 ex
4871 30.0580710459035 4.18547987891361 11.9766139858402 ex
4872 33.9299642434344 11.0752182011493 16.5514744012617 ex
4873 19.0713598188013 4.8820551072713 3.38074082066305 ex
4874 28.0824188762344 8.34872890356928 7.962802892318 ex
4875 25.0107618668117 6.43963097524829 0.532050967216492 ex
4876 26.584640406305 8.21933397254907 12.6407876100857 ex
4877 20.2576142286416 12.8148420494981 7.69986870675348 ex
4878 21.8189984823111 7.74214830226265 7.79554078215733 ex
4879 30.4973975913599 2.5869726461824 13.3791075705085 ex
4880 35.8915102682076 12.9118573381566 4.8655618140474 ex
4881 33.1671832464635 1.65242572734132 8.57431501941755 ex
4882 19.0253879746888 7.68224462075159 7.44505547755398 ex
4883 22.2997726174071 13.4610761150252 14.1391443002503 ex
4884 34.3792202051263 16.8709358451888 7.84698075777851 ex
4885 28.6950093081687 12.9616180600133 12.4555572667159 ex
4886 23.4115619778167 11.7107274921145 13.2985944061074 ex
4887 21.5764049158897 12.0064790616743 0.255424035480246 ex
4888 26.3850630356465 3.98137770174071 5.87614602921531 ex
4889 33.2758838261943 5.17109429440461 9.47431269171648 ex
4890 29.463559309952 0.569964250084013 12.554573669564 ex
4891 29.0668443671893 7.8344636221882 9.97627534787171 ex
4892 31.4605917201843 0.442545922705904 13.2977500576526 ex
4893 27.1413266009185 11.8020202147309 1.11683894903399 ex
4894 35.7729979234282 14.4677504405845 6.23815145506524 ex
4895 27.3532286963891 1.60045134020038 9.59488688013516 ex
4896 25.8960729574319 16.6066056746058 8.06334788864478 ex
4897 33.6522212850396 9.14515731693245 15.8979835100472 ex
4898 18.8963042879477 11.3669733486604 17.8079750845209 ex
4899 33.2153871585615 14.6891760462895 11.5720461835153 ex
4900 35.0090057000052 14.840668402845 8.07925391383469 ex
4901 22.7753888098523 16.5236496434081 11.2327113666106 ex
4902 18.0266729167197 3.1666005703155 14.5863760365173 ex
4903 33.3152368797455 17.2493850148749 15.1039312323555 ex
4904 23.9720347500406 6.97660086071119 7.90603248146363 ex
4905 33.6472575971857 6.23506170813926 9.58282908098772 ex
4906 35.6916825014632 15.4511444706004 14.7089979399461 ex
4907 31.4561253404245 0.419355350080878 7.3872567624785 ex
4908 20.7569706055801 6.74582046968862 11.2720077168196 ex
4909 26.4130669066217 4.23150476324372 5.42857918073423 ex
4910 25.1728932708502 5.64070017309859 6.5998235468287 ex
4911 26.1160693555139 14.0015972673427 16.7377033000812 ex
4912 35.0014499630779 10.4286031993106 1.36436633602716 ex
4913 28.5387129862793 8.41673486866057 10.5762476532254 ex
4914 18.1880732628051 4.22813483932987 12.1273845480755 ex
4915 18.4154381914996 6.23919067229144 7.53505141707137 ex
4916 23.8388788632583 2.0831028339453 11.3088904824108 ex
4917 25.8051555280108 15.4205967788585 5.84266703063622 ex
4918 31.7409517401829 4.3953919801861 10.071257785894 ex
4919 21.9827111358754 7.26199760288 14.0495283149648 ex
4920 32.6619295128621 16.6232819596771 16.7574548211414 ex
4921 21.8500116388313 4.68123985710554 0.490025387145579 ex
4922 28.1666922536679 12.063456825912 1.47126740776002 ex
4923 24.2407981608994 1.54838577611372 2.18668362731114 ex
4924 27.1069556532893 17.6975263766944 17.6504965191707 ex
4925 22.8409749320708 1.90340252406895 5.20965710561723 ex
4926 20.8960974258371 16.0189421165269 3.20230959472246 ex
4927 25.3620001070667 3.66614623833448 13.2792805198114 ex
4928 26.4209595143329 6.46394795062952 17.6171354381368 ex
4929 29.4368350005243 4.02297594584525 10.0397324974183 ex
4930 33.0706152475905 13.6422262242995 16.8533503492363 ex
4931 26.6359518198296 6.56520295096561 4.45417573186569 ex
4932 28.5746259831358 14.6486157749314 11.9249709395226 ex
4933 35.5699403283652 0.861399626126513 6.08537360327318 ex
4934 28.5281321834773 5.62982896529138 0.907142464304343 ex
4935 35.116512502078 10.044422467472 12.8158868961036 ex
4936 22.1316676961724 17.7223830947187 7.44651458645239 ex
4937 33.8989837614354 9.29696556623094 17.9986913020257 ex
4938 19.317850653315 5.44609671854414 8.81903027370572 ex
4939 33.4716392727569 5.69561223709024 3.51912559615448 ex
4940 30.4552319820505 6.11750333197415 15.2734739207663 ex
4941 35.3918582727201 12.5647619969677 13.8184431341942 ex
4942 34.7144015594386 16.6968524912372 0.856392511632293 ex
4943 28.7594601800665 10.84488413902 7.95425567077473 ex
4944 32.9849614612758 17.7012972836383 6.73558329907246 ex
4945 20.1123739131726 4.0872849219013 4.81810574186966 ex
4946 28.4737027145457 6.56976394262165 13.4831570589449 ex
4947 22.7038720180281 4.84312652423978 14.1756662616972 ex
4948 34.2288778668735 12.7991375441197 4.99326960835606 ex
4949 31.3239398589358 9.62464405293576 3.2911429698579 ex
4950 28.2957133643795 12.2360442846548 6.82297911215574 ex
4951 31.5195899107493 8.72730890801176 12.9286161449272 ex
4952 27.595273764804 4.69808204821311 11.2412197841331 ex
4953 28.9579344282392 7.28519557695836 8.04470498906448 ex
4954 23.2772660974879 7.74519835831597 6.32606662390754 ex
4955 25.7436953545548 4.12271999404766 6.5138175599277 ex
4956 19.505322281504 14.4586488511413 12.3538797306828 ex
4957 31.3203492548782 5.46038978151046 4.05837683542632 ex
4958 27.0600534433033 10.0961481761187 0.279292529681697 ex
4959 23.544523594901 1.24677033047192 14.5916489793453 ex
4960 32.3667082870379 3.97353724204004 16.1919493286405 ex
4961 31.3496459398884 10.6754747328814 10.5932076692116 ex
4962 28.1327006598003 12.6024179987144 16.8227247318719 ex
4963 18.2813585267868 6.69901553122327 12.4764279783703 ex
4964 19.7483505734708 3.82360366662033 17.9529971943703 ex
4965 27.6177769424394 5.93338940059766 12.6018750001676 ex
4966 31.9278508895077 2.5734303125646 11.3737365058623 ex
4967 23.6729094241746 15.8113439858425 6.52646185341291 ex
4968 18.4192035580054 8.69503812096082 4.03508605854586 ex
4969 29.0264220903628 10.2296796338633 16.112618078012 ex
4970 21.2869283366017 8.29945733188652 17.5801401827484 ex
4971 35.1302100962494 15.772217746824 7.56078023440205 ex
4972 30.2166636569891 5.93698944407515 3.53113079629838 ex
4973 21.9568227420095 14.9438239114825 8.17242128145881 ex
4974 19.8373981751502 15.1428891101386 7.94687624718063 ex
4975 33.7792305313051 6.85086559201591 14.8484798204154 ex
4976 29.4336964564864 11.4056120794266 0.963984495960176 ex
4977 19.7281032730825 9.47061240300536 8.7413500379771 ex
4978 18.2205657463055 8.50048570614308 5.45401511830278 ex
4979 31.314152900828 0.166359977563843 10.0640441963915 ex
4980 24.9104620316066 13.3743476180825 5.42367218341678 ex
4981 21.3139907987788 11.2080070606899 8.32807597261854 ex
4982 35.2683060769923 14.1925011891872 1.66473907441832 ex
4983 32.8299723276868 12.9497604591306 3.75697298021987 ex
4984 32.3990101853851 11.5822806372307 10.0372033321764 ex
4985 18.0297156022862 7.39026937680319 11.2562871784903 ex
4986 32.7130501754582 3.98504151962698 1.30827198852785 ex
4987 25.2167242302094 3.11476537189446 9.10859180893749 ex
4988 30.5720914569683 13.3036086501088 1.42892021359876 ex
4989 25.0094404737465 12.5106080081314 8.97049769270234 ex
4990 22.5363520109095 3.89826683863066 2.98887125728652 ex
4991 29.2255597081967 10.1589555279352 5.36033021658659 ex
4992 31.8594184557442 10.0166113476735 5.91943808016367 ex
4993 22.1417481368408 8.19284235406667 17.3220619626809 ex
4994 33.0474194688722 16.6898290775716 8.30589751340449 ex
4995 23.5584996896796 5.01746821939014 5.40147522347979 ex
4996 29.8706754387822 15.4248374642339 12.3159735945519 ex
4997 19.2623376944102 1.69422810501419 5.34121281537227 ex
4998 35.6101885873359 5.80379892396741 17.7300550534856 ex
4999 21.6209463095292 5.70593590009958 9.54293213528581 ex
5000 30.2917951843701 17.4753161172848 12.9577312052716 ex

