# 5000 of 40000
# Minimum x: 0
# Minimum y: 0
# Minimum z: 0
# Maximum x: 36
# Maximum y: 36
# Maximum z: 36
# <local id> <pos x> <pos y> <pos z> <type>
# Number of local subdomains: 1
# Local subdomain 0 boundaries (18, 18, 18) - (36, 36, 36)
1 30.6917823203839 33.8293673088774 32.470801854739 ex
2 27.1282964192796 29.7146044683177 25.8446732228622 ex
3 29.6525640203618 35.5143268408719 29.9477950595319 ex
4 28.603284498211 23.3564947547857 30.0784375097137 ex
5 22.6998873718549 35.0942043175455 34.2216418308672 ex
6 19.1927508390509 31.1177519955672 35.8990465931129 ex
7 18.217212903779 24.8474568640813 30.5346617905889 ex
8 35.8341790358536 25.7859242139384 22.3433528449386 ex
9 22.1741519991774 22.4992488508578 30.7030830280855 ex
10 32.0087676718831 32.1324706736486 30.7724775082897 ex
11 28.3969810002018 27.9443242601119 30.1590075993445 ex
12 31.3048116581049 18.7774271182716 35.5557290839497 ex
13 22.4895785890985 23.1461065919138 33.1070930629503 ex
14 21.0440714205615 27.4506043831352 33.1817660338711 ex
15 24.3131997806486 35.2912171350326 19.9833325545769 ex
16 26.3784952014685 21.1806232247036 26.6996920811944 ex
17 31.9860079037026 34.2471126958262 22.2263652593829 ex
18 30.3176877037622 34.28196027386 21.3478639058303 ex
19 30.7706333587412 29.6956105916761 18.8593233355787 ex
20 29.0578406045679 31.277744888328 32.0094643083867 ex
21 29.2815786367282 32.5382185101043 30.8345273546875 ex
22 25.0203717937693 31.1224020482041 22.9732318811584 ex
23 33.1632244912907 27.7734910605941 27.8322835811414 ex
24 35.3432798928116 24.4807938039303 21.4932044900488 ex
25 35.6600890434347 29.469767207047 21.6708823810332 ex
26 26.4896301252302 34.197204854805 31.2482614454348 ex
27 27.7925156543497 29.3240201349836 22.4373985263519 ex
28 20.1018935972825 26.1560107106343 23.2507241331041 ex
29 25.1774486380164 21.9534559003077 22.1132113812491 ex
30 21.3696907155681 33.5412076322827 30.4806081182323 ex
31 21.1319158060942 23.2743967380375 21.6753532283474 ex
32 32.9684140803292 19.0365707247984 32.01183385076 ex
33 25.0986249463167 32.3991751680151 30.4865203993395 ex
34 23.248428161256 18.8887524798047 28.5048393779434 ex
35 30.9627329877112 33.1062131028157 26.7037240520585 ex
36 18.9760444501881 33.249643366551 34.4335471491795 ex
37 23.1575395376422 28.1467681704089 30.1873094523326 ex
38 34.1958714753855 32.8155014452059 30.6301621431485 ex
39 27.7304650209844 26.8516778594349 25.7682495717891 ex
40 21.3839505012147 31.746282242937 34.0042614038102 ex
41 27.4950547993649 30.3705981553067 32.3904875402804 ex
42 23.4204793008976 25.8456208894495 22.3128097611479 ex
43 18.7734515471384 29.0547737255692 31.6931822814513 ex
44 22.2663467982784 23.5821519247256 19.0110870832577 ex
45 29.4673112900928 20.6783750203904 22.9665688271634 ex
46 32.9866240846459 28.5267189464066 35.8498894092627 ex
47 34.5064218768384 31.6014782791026 31.907114996342 ex
48 29.8748162027914 28.1344176908024 22.0663986410946 ex
49 18.1983282985166 19.0344089635182 29.7568989559077 ex
50 19.3656063810922 34.8458966517355 19.1230771960691 ex
51 26.3604523150716 31.1019307484385 27.1252052425407 ex
52 29.9291856205091 18.8441416583955 29.5519314808771 ex
53 30.0682460705284 34.7731175199151 18.8723413059488 ex
54 26.5971472228412 21.948618594557 34.0675378555898 ex
55 22.0438368981704 21.0989958399441 27.9980663179886 ex
56 18.0138053325936 27.3682295142207 30.7511619408615 ex
57 19.2011140279938 20.3745630499907 31.6559397198725 ex
58 26.1866554266308 28.9092070492916 23.5020241544116 ex
59 22.6211379088927 33.3304108115844 34.0578505862504 ex
60 18.2905126183759 21.4102178625762 24.4304204683285 ex
61 25.7464792663231 18.4781921305694 28.3078646948561 ex
62 34.6973610515706 27.7098918559495 29.1396916261874 ex
63 35.630960382754 20.5047654164955 20.273536039982 ex
64 26.5512255323119 31.3845057794824 18.1277307439595 ex
65 24.5496908340137 28.7233929217327 24.0553341002669 ex
66 27.8784075297881 25.0734351738356 19.6060303803533 ex
67 22.6313414128963 31.952500035055 24.6851398863364 ex
68 35.251294092508 21.3869038110133 33.4513127901591 ex
69 25.9421525548678 20.2489128606394 30.7028855872341 ex
70 33.877376610646 22.360361485742 33.6210804057773 ex
71 34.8897703245748 27.9814427983947 26.3256305039395 ex
72 19.386644842336 32.605759668164 25.8649706821889 ex
73 33.1402251441032 20.7097031250596 24.7093843515031 ex
74 19.1386149467435 33.3788009649143 27.9927248097956 ex
75 27.9805899653584 19.1853325173724 27.777469136985 ex
76 31.5078170921188 26.8566817967221 33.4226478338242 ex
77 35.0131945712492 31.0439836485311 24.1339056647848 ex
78 31.497270099353 35.1466895479243 26.1294006498065 ex
79 31.2496714571025 28.8129620132968 21.05609537079 ex
80 33.5046910911333 20.4654171832372 22.4612297222484 ex
81 27.713055487955 21.8768709353171 27.0843348279595 ex
82 35.8210079642013 18.767191900406 27.4927261555567 ex
83 35.6600934441667 34.8859862922691 27.1927999532782 ex
84 22.174366081832 21.5724408009555 19.9190498744138 ex
85 23.7195269789081 35.2575213992968 31.5547462604009 ex
86 33.4180829066318 27.3844745606184 31.4600568523165 ex
87 18.1355080052745 26.0971296457574 27.339125598548 ex
88 35.117132908199 23.3273126424756 21.3768984624185 ex
89 29.6597800066229 22.0527527385857 21.5680475607514 ex
90 30.8747537198942 34.4973336171824 31.0556595178787 ex
91 33.7653334126808 23.2621990360785 22.6165465246886 ex
92 26.5862939634826 31.6401725187898 30.2392644672655 ex
93 28.2242207203526 34.8611483131535 27.7887575426139 ex
94 25.9900342922192 26.8850591031369 20.1725905404892 ex
95 24.586860034382 31.1819607010111 27.5038915125187 ex
96 22.5284299689811 24.6681982690934 34.0937993677799 ex
97 19.5248813552316 35.1431410447694 33.878985124873 ex
98 27.7002942981198 19.3387517477386 34.1270367810503 ex
99 18.7644247482531 18.9891015603207 29.8661740329117 ex
100 20.037764585577 32.0766258917283 27.9223662631121 ex
101 20.430526571814 23.1954995193519 21.7487197271548 ex
102 23.4426213342231 19.9356879161205 26.8207539254799 ex
103 21.7820498896763 32.5390254252125 35.4178514266387 ex
104 31.6084844202269 23.1142565032933 34.5302938967943 ex
105 24.5041731798556 26.784475278575 26.2112524425611 ex
106 24.4117847685702 35.7290256605484 30.4620298254304 ex
107 18.6334773930721 23.8376888274215 31.8703134292737 ex
108 23.9730812970083 21.6921247281134 30.1403155960143 ex
109 20.2575803636573 33.1726183241699 23.4980266904458 ex
110 24.0872625634074 34.4440829872619 20.1430501323193 ex
111 19.4424691158347 22.2907470515929 28.9957858065609 ex
112 19.6981491572224 33.0402429297101 26.6033911376726 ex
113 27.4882543443237 35.1082847281359 35.3114896935876 ex
114 30.6809921690729 33.8725636368617 27.8741989939008 ex
115 24.1934354037512 26.5211150227115 30.4252270173747 ex
116 20.9013099111617 34.5597986569628 26.730969090946 ex
117 25.691528763622 34.0186136385892 19.8016575593501 ex
118 32.5552366129123 32.2317006846424 21.0086141105276 ex
119 22.7459596775007 29.8632136078086 29.9989094978664 ex
120 23.1876768735237 24.8621746296994 18.0448814171832 ex
121 22.9160570837557 25.3606968529057 31.3047659180593 ex
122 32.1553492569365 33.009405158693 31.9384689291473 ex
123 20.6475406696554 35.1474851060193 19.6143609501887 ex
124 31.8270252812654 18.6293061040342 31.8199564325623 ex
125 34.6909102539066 22.9896446000785 18.189632916823 ex
126 33.5972420440521 21.7703863256611 28.7213095957413 ex
127 28.122118485393 25.8886839475017 33.0581051623449 ex
128 35.446446233429 35.7824944439344 31.199773702072 ex
129 31.183574110968 19.2333055289928 24.6647305104416 ex
130 22.9585473977495 20.5905212878715 21.6200969286729 ex
131 29.4909952534363 19.8459095286671 21.2023776154965 ex
132 25.7440386968665 25.1085189960431 27.1290226385463 ex
133 34.5458984680008 28.5483381079976 32.2002972082701 ex
134 33.7788813889492 24.5875679049641 32.2729571792297 ex
135 23.2991615149658 20.2051637854893 29.5464876806363 ex
136 26.66227961611 27.2078039478511 19.8795557741541 ex
137 23.1911218333989 34.5944952007849 33.945331107825 ex
138 22.3192515890114 22.5709331477992 32.2802357336041 ex
139 27.4465189564507 20.2742527287919 20.3726599181537 ex
140 18.1340756849386 34.8779748775996 33.4508723362815 ex
141 28.40168773802 32.6261085928418 27.8661795107182 ex
142 22.9734517449979 19.2105534123257 26.4759272842202 ex
143 22.7362788675819 34.6166277162265 32.5889077840839 ex
144 33.3379271274898 25.6615061308257 21.5793565092608 ex
145 26.0555133770686 22.4281604853459 32.6827389390673 ex
146 25.878739700187 31.0126065884251 32.8376048959326 ex
147 32.4759397602174 22.4758765713777 28.5389974068385 ex
148 30.9209857359529 21.0911223567091 18.9282125951722 ex
149 32.3501716307364 19.5734823092353 19.6521841255017 ex
150 25.3649788808543 33.5232553326059 18.9632778428495 ex
151 32.5163702229038 34.6375912455842 29.6627479295712 ex
152 35.9249027715996 25.6206622631289 28.0287511914503 ex
153 22.3312119389884 35.6537126200274 23.5842140563764 ex
154 34.3048057171982 19.7214101988357 22.8482594606467 ex
155 33.0196101169568 34.3739316703286 34.6682654465549 ex
156 35.129750798922 35.5686268424615 19.0184006025083 ex
157 35.2724214352202 19.2697253797669 20.6150621436536 ex
158 32.0961994258687 33.8656543896068 18.0769415274262 ex
159 19.5442299370188 20.8757558839861 24.2606860569213 ex
160 19.3205744018778 23.3861559042707 27.6489557686727 ex
161 30.497465563938 26.2322795668151 33.6752821516711 ex
162 24.844933851622 22.7822140487842 34.0620516706258 ex
163 26.4642068424728 26.4275890511926 34.0099571477622 ex
164 34.9986961516552 35.1335108515341 31.8937236643396 ex
165 28.504453283269 25.33248601784 32.6696492070332 ex
166 33.416576935444 31.9258255674504 32.0021818815731 ex
167 35.404944345355 30.8603680031374 27.329508224735 ex
168 20.0275298156776 27.1347693263087 27.3719328527804 ex
169 22.1397815465461 22.8326876421925 21.5105319458526 ex
170 18.6435836851597 30.8775517661124 18.3603141012136 ex
171 22.4864752246067 20.7645665958989 23.1919171807822 ex
172 22.220015605446 22.9778057746589 18.8197977012023 ex
173 25.3591363250744 32.1155963065103 23.6694762462284 ex
174 34.4797879564576 21.4352706368081 22.5037531552371 ex
175 20.0466914968565 18.3505743741989 29.5521954533178 ex
176 23.8065463658422 33.7254932450596 31.0389290670864 ex
177 30.7028057049029 35.0119769119192 25.9939812815282 ex
178 35.8943433666136 20.0940792472102 19.819026396377 ex
179 25.2476058697794 25.2024344897363 25.0618791989982 ex
180 31.0147322139237 30.4603203311563 29.4432139147539 ex
181 25.8933782216627 28.2407085194718 25.9412983409129 ex
182 24.8878736675251 18.5960683894809 19.2766500143334 ex
183 27.9001889789943 22.9478536690585 35.6337985172868 ex
184 30.3902117188554 22.8593941177242 26.6830073674209 ex
185 22.5322812143713 22.0030854917131 19.5104039467406 ex
186 27.4563797207084 31.1812614176888 26.7617249495815 ex
187 33.1764401870314 35.8365576537326 25.5240675313398 ex
188 18.6559641640633 20.2235281246249 22.1697525936179 ex
189 30.3625918247271 35.8157333747949 22.8791942496318 ex
190 28.2549694681074 28.7743769343942 22.4674358158372 ex
191 26.6474693836644 22.4376205066219 30.5661429250613 ex
192 24.4484443122055 26.0285277313087 27.3177296759095 ex
193 19.1801038808189 31.3527527588885 30.7575591092464 ex
194 35.5522844407242 19.4885026453994 29.5541399391368 ex
195 23.6037106488366 28.0292175139766 27.1347007863224 ex
196 18.7653916997369 27.5297369915061 19.8280042377301 ex
197 29.0342254757416 25.3087077143136 21.1811732719652 ex
198 23.6520499910694 26.091484104516 24.8808408600744 ex
199 30.491820367286 25.6096899888944 24.9791174200363 ex
200 18.9495467124507 18.8329003320541 25.7534257518128 ex
201 28.8273119879887 33.2542152737733 34.2618208103813 ex
202 35.547991894884 25.7008168543689 20.3478556664195 ex
203 26.8662799510639 34.1202717851847 29.3861107218545 ex
204 27.9285644914489 18.51450449205 30.7477473521139 ex
205 30.6314401580021 18.528490630677 31.012292971136 ex
206 21.5524284699932 34.8609465272166 24.274080917472 ex
207 34.4455670942552 30.4449307175819 19.382700355025 ex
208 18.8458565601613 22.0560562456958 34.8044553883374 ex
209 31.0406067881268 25.3577511662152 22.1679561079945 ex
210 34.47465737327 31.4691982830409 25.7423726818524 ex
211 25.9128868945409 21.406766310567 26.0329377634916 ex
212 26.81864441582 30.058292450849 23.3696258512791 ex
213 28.5002169902436 21.9541283156723 19.6308832487557 ex
214 32.1301357860211 19.0326865692623 25.2637848155573 ex
215 22.0365295202937 23.0348273899872 21.2677253526635 ex
216 23.5968605969101 35.7817876248155 29.8406413521152 ex
217 32.1019426323473 18.1956049206201 28.6933574967552 ex
218 28.3559951384086 26.6852190529462 31.1040287101641 ex
219 25.8166376582813 21.4310784067493 35.162832416594 ex
220 24.3017771563027 31.8005539525766 32.7625930656213 ex
221 29.5403992405627 25.6497401813976 19.2142265264411 ex
222 18.4875773128588 19.4806096875109 26.2008213337976 ex
223 22.6155509436503 20.7578204418533 28.5587865950074 ex
224 34.5187647012062 23.4967867371161 27.3202773067169 ex
225 26.5810056733899 35.5055076216813 27.5906656468287 ex
226 35.08542882232 34.1799006771762 28.4349572709762 ex
227 21.9785055678803 27.6009849072434 27.0407943297178 ex
228 31.3405685119797 24.9761504544877 31.7318292332347 ex
229 18.7481352395844 20.8373592335265 28.1218288573436 ex
230 26.3706106259488 30.5179453955498 20.9024880002253 ex
231 31.9202228728682 32.4665491876658 28.2063547743019 ex
232 25.1623175702989 28.1184525755234 30.2303377976641 ex
233 29.1464760068338 35.8283379278146 33.6897147328127 ex
234 21.5372094279155 21.8113445122726 21.4944112563971 ex
235 33.0867983738426 18.0225093306508 29.6433736933395 ex
236 26.3733338906895 26.5185900400393 20.526262491243 ex
237 32.3288647045847 20.3118160939775 25.1310905327555 ex
238 34.0300741104875 35.8879550765269 21.2970688950736 ex
239 30.9848935250193 31.4352748324163 29.7465675035492 ex
240 33.6625151545741 24.379294865299 35.635523392586 ex
241 21.2253763142508 23.5407328379806 22.7971321088262 ex
242 25.9109444082715 28.8655851583462 33.8185690126847 ex
243 34.6409553426784 20.0244985718746 21.4847726589069 ex
244 28.1986816928256 18.9328625921626 20.9946572664194 ex
245 25.0245733640622 27.1455414523371 28.3818455641158 ex
246 19.9056404076982 32.9788708970882 23.086503945291 ex
247 28.8560028222855 35.6405140357092 22.7479778907727 ex
248 24.204724231502 22.4805633570068 24.6503529178444 ex
249 29.2428630085196 19.5545984136406 27.3370395738166 ex
250 28.9187692268752 33.3558674138039 28.774894438684 ex
251 29.5588743803091 19.2474873021711 24.8711354825646 ex
252 18.9042146920692 25.2659003173467 28.9458725235891 ex
253 30.5839617860038 29.6526315901428 22.7547795043793 ex
254 28.0116128025111 28.5631456526462 31.9543736882042 ex
255 35.8425439333078 22.722474404145 18.8798707691021 ex
256 28.9878730140626 22.6286730782595 24.1228400242981 ex
257 26.9726796231698 28.1535604670644 30.6195450478699 ex
258 28.4250295429956 27.7762883279938 18.9608742424753 ex
259 25.6505512373988 23.2510587468278 32.1386217887048 ex
260 18.6614178458694 22.7014318441506 32.7403357024305 ex
261 30.1318904368673 35.4518214990385 31.5758557121735 ex
262 27.9427824264858 27.269057438476 29.9625975973904 ex
263 21.4721458184067 25.8984441324137 29.3142452184111 ex
264 32.6236353840213 23.6182697997428 26.0685026093852 ex
265 22.1147397030145 30.9089584888425 20.4800978419371 ex
266 22.6395249469206 32.9743201490492 27.6541040313896 ex
267 18.6309948253911 28.3859986735042 23.5366452815942 ex
268 26.0504723023623 20.4460403420962 23.5871894648299 ex
269 29.8488856360782 23.7349059025291 20.7809840494301 ex
270 28.0254799262621 25.8195570565294 28.1378226086963 ex
271 24.3755378436763 29.8028071713634 22.1319390574936 ex
272 19.4777639706153 25.673915465828 24.1524595434312 ex
273 26.1820862682071 30.5030067043845 26.9921713441145 ex
274 26.4108993394766 30.2296562106349 34.4895737168845 ex
275 23.4860715821851 26.8868224080652 21.4961151408497 ex
276 21.3404862908646 34.8302604339551 30.9181496088859 ex
277 24.8208252242766 33.3968487812672 24.0089135796297 ex
278 21.8241953337565 18.9679385288619 25.3283323007636 ex
279 30.6208887975663 21.9264245801605 20.6823915895075 ex
280 23.0223261404317 28.6662105598953 33.1150015073363 ex
281 26.6775651492644 20.0075872924645 28.6242044828832 ex
282 33.7828684169799 33.6451725820079 26.9382486413233 ex
283 33.1091302302666 20.1903437038418 29.0446716253646 ex
284 19.4557901110966 23.9213415728882 31.9467429458164 ex
285 19.9674302577041 20.2641147447284 19.9361792062409 ex
286 24.6536013947334 30.0876609811094 27.7513918224722 ex
287 22.3064157946501 29.4702878079843 23.3819012928288 ex
288 21.6475552998018 27.2853429650422 18.1922687038314 ex
289 22.0049320657272 23.6594845650252 32.0651380699128 ex
290 29.6156792945694 20.2797881816514 35.6721932159271 ex
291 18.7286261238623 29.8739951734897 22.325446855044 ex
292 23.8550055630039 23.2807121539954 18.9016259687487 ex
293 30.6682979403995 29.613751800498 25.7064569962677 ex
294 21.844617319759 18.3204398695379 34.7755108380225 ex
295 22.94500758918 35.0726321195252 19.1139493677765 ex
296 23.6395463377703 32.5963999636006 25.5951624086592 ex
297 28.220204110723 28.4833751362748 25.8640697682276 ex
298 26.6999550249893 33.705565377837 31.3642963657621 ex
299 23.1436554070096 25.8138883181382 30.9262710474432 ex
300 29.8196979011409 33.6219568112865 19.7329835887067 ex
301 35.4416501207743 33.4315258613788 22.3519170614891 ex
302 30.5079328722786 34.8703226197977 24.1267286404036 ex
303 29.6256668425631 34.4927217562217 26.7941708453 ex
304 29.9361490120646 29.4405931595247 22.4257918014191 ex
305 28.2281650302466 21.7880220510997 34.5577766890638 ex
306 35.1284504870418 27.3533122432418 18.080941919703 ex
307 33.3132433155552 29.6455089375377 21.5743730000686 ex
308 20.0234780788887 27.9091221785638 26.0926073514856 ex
309 30.7343998255674 23.9601674035657 31.1724369695876 ex
310 23.2826183016878 27.9295280484948 30.6270737217274 ex
311 26.1735473156441 25.297052504262 21.4404725395143 ex
312 20.5241873133928 25.8572637639008 19.5234187592287 ex
313 34.5093065260444 18.2410165248439 21.0945506908465 ex
314 34.1264269025996 33.8393571155611 25.0650556411128 ex
315 28.201587297488 21.8755833881442 24.8522621132433 ex
316 18.9777980365325 34.58050565538 29.4735791210551 ex
317 29.0934067976195 22.2692942251451 28.0536734319758 ex
318 23.4682233084459 20.1372017655522 31.2185069837142 ex
319 29.7709402656183 32.4416812811978 20.810767364921 ex
320 29.0363067970611 29.0286162358243 35.0693977519404 ex
321 28.9707707331982 28.4090513917617 32.3070180406794 ex
322 31.3110628640279 22.0491809286177 21.3496088439133 ex
323 26.3182909467723 23.2471518805251 20.8176875985228 ex
324 31.1182885901071 26.791002178099 19.7165820077062 ex
325 30.4516907860525 20.9650914387312 21.3996149222367 ex
326 22.4507090267725 28.2098660140764 30.147072289139 ex
327 32.2836108992342 31.3460621717386 21.9073311120737 ex
328 31.6020561687183 20.4655544371344 27.9806862641126 ex
329 21.9152110656723 26.4197311857715 34.1008449646179 ex
330 29.7382451593876 31.872952695936 18.0513838988263 ex
331 34.5271168460604 20.7253840635531 29.1468132431619 ex
332 29.559164352715 24.1743340047542 25.6973739902023 ex
333 29.8835136606358 21.5982581593562 28.5366833021399 ex
334 28.4729885077104 31.9653474779334 30.7911426469218 ex
335 18.3534384295344 24.9742250468116 34.8836267129518 ex
336 21.2806395411026 21.7306763227098 23.3090149427298 ex
337 18.5124371545389 34.6152222042438 30.0147276048083 ex
338 18.4991028455552 30.562103087781 19.3367676052731 ex
339 27.1308805379085 33.8782960358076 21.5215485233348 ex
340 23.4328441750258 35.0726555960719 20.5348451351747 ex
341 28.8332988554612 21.1648934716359 22.3477865329478 ex
342 28.233128171647 31.546236056136 18.625653141411 ex
343 20.9989491270389 20.2918438091874 23.0933737074956 ex
344 35.9889217952732 22.5008564351592 22.5328684509732 ex
345 20.1075053077657 18.0635660244152 20.1326719368808 ex
346 34.1305368973408 18.6683547310531 24.7521749497391 ex
347 33.6630298029631 20.1572613224853 28.0703294035047 ex
348 18.6019720723853 29.1806402546354 19.7234417139553 ex
349 33.1357900584117 32.7683675291482 22.6257671597414 ex
350 20.6994226621464 20.090311064152 24.2755985779222 ex
351 32.2634008992463 32.9487616748083 24.3588175522164 ex
352 23.1650044755079 25.010138112586 23.3882821046282 ex
353 20.2628271311987 18.3056832731236 33.5151925301179 ex
354 28.9616451214533 18.8011397281662 29.1936984395143 ex
355 28.2934525753371 21.803766626399 29.6852105641738 ex
356 24.5329716391861 33.4821952749044 34.7218317866791 ex
357 28.1179961124435 34.6124303543475 30.4852392345201 ex
358 34.599578557536 20.3754110035952 20.0014675399289 ex
359 21.5224775432143 20.5664808566216 27.1637464275118 ex
360 28.0988560321275 28.3123897381593 18.9739979130682 ex
361 35.2551846608985 21.4179214134347 35.3264114924241 ex
362 21.5021027775947 25.6845521209762 28.7077354085632 ex
363 30.0125383273698 28.703313439386 24.9610938373953 ex
364 23.4096780661494 18.340625656303 26.2580763618462 ex
365 31.4375451542437 24.6804187926464 29.7238100573886 ex
366 23.8620240772143 27.6967309981119 19.6844782407861 ex
367 27.3229917951394 28.7732021950651 29.4354343153536 ex
368 30.8293005703017 27.3048382604029 23.485927076079 ex
369 29.806606026832 28.1146495132707 29.6358721749857 ex
370 22.1974782070611 25.8613139372319 26.558388806181 ex
371 27.7256355185527 31.5925939555746 27.9391316627152 ex
372 23.0036670498084 18.19966955157 22.6016981019638 ex
373 34.1111860342789 27.4196134016383 35.4031730100978 ex
374 29.3040398987941 27.0118624959141 18.6748624367174 ex
375 20.9932149036322 31.3294672060292 32.9174539598171 ex
376 30.8176962889265 32.1965683277231 34.4939597430639 ex
377 28.5815945069771 35.6038993238471 23.859232630115 ex
378 35.3641147601884 25.3720203530975 27.8054852269124 ex
379 19.6312489628326 29.7407710812986 35.8142752037384 ex
380 30.4430661594961 28.1530743222684 31.2549682320096 ex
381 29.6554928047117 21.2287959789392 34.2341676244978 ex
382 29.7026276390534 35.0202325654682 28.577587523032 ex
383 32.7979224524461 29.1396826375276 23.6947155857924 ex
384 28.4656064689625 33.6895597630646 30.2376815704629 ex
385 31.6828068401664 34.5885731112212 25.5527284140699 ex
386 23.6004952725489 30.3509836206213 26.2808799962513 ex
387 24.0428530192003 22.5961940311827 33.6436430087779 ex
388 30.3380818541627 30.962650886504 21.4302354857791 ex
389 21.8429505247623 21.0752026634291 25.5673741481733 ex
390 32.7825925091747 33.8116454049014 23.8946999274194 ex
391 20.3051754340995 25.436499991687 29.3317646186333 ex
392 27.1695275411475 25.9992707998026 24.0639098035172 ex
393 35.8912995287683 21.421649091877 32.9628316306043 ex
394 20.1550164637156 33.3890065057203 32.4240419017151 ex
395 28.8664062775206 32.632594404975 34.3937918902375 ex
396 20.8171889267396 29.5880110159051 30.6143367446493 ex
397 21.6493245037273 26.330284770811 24.9991392379161 ex
398 20.2139399086591 25.4905098699965 34.2794631219003 ex
399 26.8565994249657 31.4386661478784 31.3051723234821 ex
400 28.1373628915753 32.8875258658081 29.4462230568752 ex
401 26.2209384264424 34.590203453321 24.6764057802502 ex
402 35.9279455346987 30.0215666927397 23.1900865114294 ex
403 33.5315316496417 20.5749490431044 32.7876036656089 ex
404 19.5872672221158 28.3415059221443 21.4960137198213 ex
405 35.4075053883716 26.8613473973237 32.2664803788066 ex
406 19.6845319583081 26.4326102682389 35.4612314491533 ex
407 24.9783654783387 33.4128413544968 31.4633785658516 ex
408 26.1452182321809 32.1089820933994 26.7684657212812 ex
409 34.0521637755446 35.9537256048061 20.0122859571129 ex
410 30.6802341109142 34.3970999345183 23.4874348996673 ex
411 22.8411272342782 34.7415419176687 18.075317974668 ex
412 34.7156184893101 26.7739728055894 20.4153668899089 ex
413 34.1073245620355 23.1581220226362 30.4168394012377 ex
414 19.4727280703373 26.0700851862784 33.8214060526807 ex
415 22.7526753579732 27.4579818043858 30.3012209846638 ex
416 35.4532863106579 21.5333116855472 22.4911865124013 ex
417 33.8068934651092 30.5249738672283 34.432566204574 ex
418 21.7020214009099 34.325004743645 22.2202719897032 ex
419 24.6349589102902 31.0140029769391 20.610711731948 ex
420 32.6833164386917 23.4141286173835 23.3362630528864 ex
421 23.386483903043 26.6235956749879 34.5876208699774 ex
422 24.9766361797228 35.0013424602803 35.1094797807746 ex
423 35.786584357731 21.8609885931946 25.9708474774379 ex
424 29.3090580243152 30.7575730357785 34.1726040758658 ex
425 20.519824887393 20.9863242683932 35.8075699058827 ex
426 31.3794669581112 27.173150861403 20.5780694310088 ex
427 22.1319475925993 22.1967942765914 20.293922967976 ex
428 29.0576586006209 21.081007221248 29.8272141516209 ex
429 23.9591685724445 20.3270231187344 23.4248862974346 ex
430 22.2170983406249 35.7692027254961 30.3121304735541 ex
431 23.6759240874089 21.2788307510782 29.5361035696696 ex
432 20.0785100189969 35.8032942654099 24.3942758876365 ex
433 18.7381380337756 24.2818545720074 19.8440657104366 ex
434 24.0407303499524 27.0543974486645 34.4669074518606 ex
435 23.9388505853713 23.4038584339432 19.9696961357258 ex
436 31.622801737627 28.2080817646347 19.179221700877 ex
437 24.464128929656 23.5367073579691 35.4382826520596 ex
438 33.981855147751 29.1661044261418 23.8412630348466 ex
439 19.5300143393688 32.4734546828549 22.1054641713854 ex
440 32.8174860815052 28.8551472723484 24.7833482383285 ex
441 23.7640947550535 24.5121078446973 27.7010208156426 ex
442 24.2029989506118 33.6347113065422 22.4192427778617 ex
443 35.5350050905254 32.1922720298171 27.5265604699962 ex
444 22.996676072944 27.9037631086539 32.1061984037515 ex
445 31.6462723121513 23.5433939581271 18.4099675593898 ex
446 33.3172955524642 30.6391263168771 20.3511351302732 ex
447 19.7368012883235 20.5625786688179 22.9244743685704 ex
448 35.43252960057 23.9887313712388 27.989880748326 ex
449 18.1947613232769 21.5407897958066 30.1806159964763 ex
450 25.5416092977393 19.3151964046992 27.2019229426514 ex
451 30.0599092005286 24.7410993045196 34.8235089122318 ex
452 32.0471242580097 27.5755303923506 31.981600737432 ex
453 34.9531009881757 18.2142241648398 19.1075880641583 ex
454 24.1504216832109 20.6351793382782 34.8550577366259 ex
455 25.1837068228051 33.8839806043543 30.4016449789051 ex
456 35.8353921291418 22.1864584132563 27.7421175548807 ex
457 35.8365412438288 21.7122135544196 19.6994495899417 ex
458 22.5615572449751 21.4142494455446 23.3505713404156 ex
459 25.2743904076051 31.8936124898028 26.7483263076283 ex
460 19.0639339024201 28.8603411561344 19.8047010933515 ex
461 28.2273411229253 25.0052323772106 35.827706058044 ex
462 24.744399456773 31.6351323449053 24.0229475602973 ex
463 26.7777494718321 30.8649106894154 22.7275652040262 ex
464 24.9588039980736 22.6379824317992 28.5846670365427 ex
465 20.2488462685142 35.2538760777097 34.4649507207796 ex
466 30.6401552211028 30.3396201066207 31.7133934057783 ex
467 35.3476096736267 21.9617257218342 18.8885255630594 ex
468 32.4838738557883 22.1553954901174 27.8707281413954 ex
469 18.1644546880852 19.8487226988655 25.2003604837228 ex
470 28.5552700283006 24.0775198126212 25.0033180648461 ex
471 27.6485516238026 20.8116176675539 28.121097273659 ex
472 26.4251912813634 23.8636802968103 28.4561660618056 ex
473 19.5470068594441 32.4198935562745 18.1661254910287 ex
474 31.3547835764475 26.9490205100738 34.8580375835299 ex
475 19.5582831655629 24.3865118355025 31.5922791089397 ex
476 20.5947066068184 32.8953733970411 32.2957256769296 ex
477 31.157062418526 24.1808913829736 24.7071340554394 ex
478 29.3803082532249 18.2025912769604 19.0220110802911 ex
479 35.8129624177236 28.0935238874517 35.2838317651767 ex
480 35.2061285839882 33.4893879471347 19.9121312687639 ex
481 32.0270676475484 29.2025719040539 34.7351982647087 ex
482 26.7458101517987 18.4744403294753 26.7567827692255 ex
483 18.2371940903831 20.7034472357482 18.6924337069504 ex
484 22.0907574091107 21.2448561727069 28.7270091734827 ex
485 34.5288625818212 29.1812509575393 18.036122031277 ex
486 31.0858488338999 34.5422275173478 20.8543160150293 ex
487 32.0459072832018 19.8405701920856 31.3816216648556 ex
488 25.0913450592197 26.0324374272022 34.4873585370369 ex
489 19.5493820195552 35.7735270876437 35.5851703903172 ex
490 31.8500842198264 18.6076507249381 27.2942978879437 ex
491 31.1854982713703 19.5371482381597 18.7761977575719 ex
492 18.4305651201867 28.857981847832 29.3022317739669 ex
493 21.2696836648975 27.0933464870322 29.636149241589 ex
494 33.7492084004916 18.5926997533534 20.5536680491641 ex
495 21.2628793776967 23.0642435776535 23.1145819097292 ex
496 31.3503646736499 26.2971434427891 25.7630287739448 ex
497 24.9318508470897 35.5693894345313 25.7850517279003 ex
498 19.7842951747589 28.8275634760503 23.4789342812728 ex
499 35.6884559167083 24.2552406264003 24.2333545850124 ex
500 23.5911761892494 24.3865853790194 35.3473509410396 ex
501 19.9294342102949 26.945160638541 26.4611286094878 ex
502 34.6390736943576 34.3097358725499 31.9950647093356 ex
503 22.1997683916707 18.6358428953681 35.4820289956406 ex
504 25.0131796307396 30.2152240464929 26.1778573780321 ex
505 35.2845097719692 25.4546107882634 30.484525521053 ex
506 33.7527795927599 23.2395177492872 24.2098092269152 ex
507 21.3406051483471 19.7135319472291 32.1922743546311 ex
508 32.7139462500345 30.721919339383 18.7442189888097 ex
509 26.1663228515536 22.7218797982205 23.2444897810929 ex
510 23.739333022153 31.3627301207744 27.6340465245303 ex
511 20.9776943332981 33.2048516767099 21.5014533940703 ex
512 35.7720294955652 29.3772885517683 19.6577335207257 ex
513 30.7306106088217 18.0169789670035 23.021510647377 ex
514 21.4428677575197 23.5145532060415 30.0008631213568 ex
515 31.9775061104447 28.9723050878383 26.4491697310004 ex
516 28.3045278945938 28.5430931770243 30.5705404533073 ex
517 30.7977181449533 28.6318659710232 35.9822340141982 ex
518 24.7250941158272 31.2322388791945 19.2093127230182 ex
519 23.7542103456799 24.3755766386166 20.7040965049528 ex
520 21.3211740828119 35.3011559823062 20.9999902860727 ex
521 30.0969201854896 23.4155290147755 25.5311444730032 ex
522 24.4234026516788 29.6146597904153 24.7728857803158 ex
523 25.9227526360191 22.9719665329903 25.1200264648069 ex
524 32.2215111018158 34.2174463076517 33.4373433717992 ex
525 35.3350214504171 31.8514600808267 22.29113238235 ex
526 28.393616989255 20.6553449237254 25.6395271660294 ex
527 23.2360433719587 24.5093487745617 32.3167396071367 ex
528 35.228272032924 35.5543583631516 30.0894378318917 ex
529 33.5423746884335 35.2587799858302 22.4586134816054 ex
530 19.3996514440514 22.6658550272696 32.8540803624783 ex
531 31.9659537719563 32.1622548899613 19.1733030264731 ex
532 21.5514239992481 24.2315457661171 23.9674531247001 ex
533 26.4964058615733 25.5789871478919 27.0996859294828 ex
534 21.8945257437881 34.673671252327 26.0216719927266 ex
535 24.4384840033017 28.4827233173419 19.6547874750104 ex
536 29.7879907062743 25.8784526574891 26.3975509875454 ex
537 30.1259943209589 33.8910477289464 34.5299293498974 ex
538 29.9795255814679 26.9097748186905 24.9709744900465 ex
539 33.5423908776138 35.5797204140108 29.7376482847612 ex
540 19.4650923283771 33.9132804945111 32.4902644050308 ex
541 32.6013276879676 33.5811824286357 19.5401299181394 ex
542 29.2639923850074 30.4915884148795 19.7994907179382 ex
543 25.5486882373225 27.1058640952688 22.587528256001 ex
544 35.6338506811298 32.9383143181913 23.6085961535573 ex
545 21.8135724074673 23.4593722696882 19.4145529929083 ex
546 21.4545424161479 32.6175418188795 31.976613331819 ex
547 25.9204733853694 23.7090806704946 25.3843447756954 ex
548 24.5749178926926 31.903712203959 35.5395103918854 ex
549 33.379891668912 21.2845297993626 26.9837689318229 ex
550 29.717349894112 25.4157160907052 32.8477155503351 ex
551 27.9363945617806 23.4917812810745 27.0624715643935 ex
552 24.1924743924756 26.0530729773454 34.0973932582419 ex
553 32.7400388864335 19.8856551826466 23.6939880219288 ex
554 19.3126974296756 29.4022880578414 31.3223785962909 ex
555 33.1163436432835 34.87194883544 35.8850433467887 ex
556 19.8352197194472 22.1813855594955 27.2760745487176 ex
557 25.9655970621388 30.6633142549545 29.5004659043625 ex
558 35.7459888884332 28.7612156034447 26.3565444056876 ex
559 25.703024452785 20.0113718686625 21.8341017113999 ex
560 20.608528214274 22.5360931181349 30.834879941307 ex
561 18.792669754941 19.2099988597911 28.4822542064358 ex
562 30.5969037073664 26.1565055409446 35.8467282699421 ex
563 34.9871332116891 20.978303988697 35.6834251135588 ex
564 21.7592401052825 29.8630389126483 35.6024732899386 ex
565 24.5544040373061 21.937237262493 19.7792205049191 ex
566 33.3778087531682 21.4390303124674 29.4459810985718 ex
567 27.8383074670564 18.9795569493435 25.9292825798038 ex
568 21.4868085680064 31.178030713927 18.0842578434385 ex
569 23.7564790863544 35.63805519999 18.5011774417944 ex
570 23.5209336562548 35.7191758360714 21.8186637214385 ex
571 24.1178188491613 18.0609188650269 21.8885885244235 ex
572 30.341773517197 20.768016314134 19.4728233721107 ex
573 20.5205902259331 35.0431866575964 22.0543530290015 ex
574 30.1812981008552 21.0880631608889 29.5631687957793 ex
575 26.8265298192855 26.4139357942622 21.8676535417326 ex
576 31.0152391209267 34.913543732604 34.3768531025853 ex
577 21.5111570232548 24.9453721626196 26.4009493410122 ex
578 33.3672410275321 22.6464524380863 31.9607410493772 ex
579 32.2022732198238 31.5970328496769 19.1281335654203 ex
580 33.8186537793372 27.4847839644644 20.5149134355597 ex
581 32.5360367766116 19.2032885483932 18.780228592921 ex
582 18.1955596599728 28.9164011508692 24.7032131154556 ex
583 33.0192770038266 25.2896641837433 27.8829365547281 ex
584 28.8926393848378 22.0228427508846 25.9239216251299 ex
585 26.9419886837713 33.9518409129232 27.7774750308599 ex
586 27.7284342311323 21.3637058273889 29.8287977410946 ex
587 35.8014652167913 35.5060388089623 35.126248724293 ex
588 22.3043885529041 30.2936764149927 33.8900569276884 ex
589 31.8371292550582 24.328029099619 33.5045016238 ex
590 27.9455938655883 20.0350927477702 35.7632848985959 ex
591 35.9222790345084 34.7028224372771 23.8534717052244 ex
592 35.6277776057832 23.3281948238146 31.840108669363 ex
593 19.399507060647 28.2002919998486 24.8328723004088 ex
594 21.7179398555309 26.348280649865 33.6858243925963 ex
595 25.5844755091239 19.9465555401985 29.2750895672943 ex
596 33.9547373820096 31.9172418916132 30.0602413262241 ex
597 27.4003384422977 21.5265737599693 18.7748322323896 ex
598 19.7906326516531 24.0673447267618 34.6522833514027 ex
599 23.5087948851287 22.5912019230891 33.659103148384 ex
600 21.6421654156875 28.5086118315812 31.3159578840714 ex
601 27.0704294894822 18.9270666355733 19.9260257817805 ex
602 22.5784650163259 32.1075396076776 26.1044491564389 ex
603 29.5843413227703 35.3727692991961 19.6334672768135 ex
604 30.3568975972012 27.4140889577102 28.52810923988 ex
605 18.5710435409565 35.7007309158798 21.9648050442338 ex
606 31.9745671998244 20.2370654104743 30.9264983939938 ex
607 28.8067418204155 27.5923814205453 20.8366126483306 ex
608 30.3606022845488 22.7512638261542 19.5572318569757 ex
609 27.3000772765372 31.5558058156166 23.0468431825284 ex
610 34.5202165530063 27.6850646976382 20.061906372197 ex
611 20.4952104559634 22.9943219556008 32.2663462390192 ex
612 29.9351717662066 22.0172658017837 19.5637437852565 ex
613 33.5939643702004 25.8742382091004 18.4210678741802 ex
614 23.9241665345617 33.6596325661521 29.5857983452734 ex
615 23.6499394564889 34.6524682552554 24.7587002071086 ex
616 31.7493714888114 22.824323748704 31.5051946188323 ex
617 31.6309859314933 24.4038479621522 23.3268495521042 ex
618 32.1397910297383 35.6838475924451 20.0711072694976 ex
619 20.3690571240149 34.1632559306454 34.8553120915312 ex
620 33.197763675591 20.7902299182024 23.5242789143231 ex
621 32.6594779465813 30.7375044024084 29.664174976293 ex
622 25.7310528531671 25.7950364709832 23.4468227131292 ex
623 20.0035448358394 18.312409465434 19.4974544537254 ex
624 23.5176442754455 25.9757687712554 28.766189152142 ex
625 35.8146901889704 26.8521978361532 34.3635273636319 ex
626 23.9838145822287 25.2525353953242 35.5481906584464 ex
627 23.7910978849977 30.4192453243304 32.7848533813376 ex
628 25.1649262192659 28.9285932935309 21.5340727372095 ex
629 19.5789986539166 22.282016960904 30.8652721890248 ex
630 19.0216408905108 29.9365373828914 28.3818048252724 ex
631 21.0332191630732 23.8094190054107 25.9685210776515 ex
632 34.4922269955277 28.8456443569157 28.3335504960269 ex
633 31.2892643550877 33.8299056901596 22.9258758060168 ex
634 34.7891075210646 33.2026679250412 26.0226538509596 ex
635 30.1118303595576 18.8067407449707 20.0687781069428 ex
636 22.0525391169358 24.7685757547151 32.1179834222421 ex
637 35.1472616086248 27.0472353931982 20.8306342451833 ex
638 19.1288264244795 20.7917252785992 28.0826422530226 ex
639 30.6242017915938 31.0035788903479 35.3286603325978 ex
640 24.4775919565 22.5095509658568 27.198742762208 ex
641 27.3350941387471 31.4968966969755 18.0423728623427 ex
642 20.6094805190805 22.848655448528 20.5932063537184 ex
643 33.047073663678 33.0734827271663 31.110236186767 ex
644 19.6914011610206 29.7300832108594 25.523955843877 ex
645 21.8342313223984 22.4956314272713 35.0705997911282 ex
646 31.5751716443338 25.9185998290777 33.2983398379292 ex
647 33.741377961589 22.0218667341396 25.9076709577348 ex
648 35.6605193854775 19.0000339166727 26.8766129880678 ex
649 18.4873140612617 32.3447657891084 18.9172039718833 ex
650 32.7281754636206 20.6074474498164 21.6918339449912 ex
651 20.8672265300993 18.0813642663416 32.0165143900085 ex
652 31.1503887746949 20.0638403478079 34.3865729703102 ex
653 25.0436445153318 21.7557900240645 29.4310999496374 ex
654 27.5132587063126 26.8852170282044 33.9565126413945 ex
655 19.6677548999432 30.0881321784109 29.3166073702741 ex
656 28.503499265993 35.7719242444728 33.6945298246574 ex
657 20.1670783190057 20.71912433533 33.9522747164592 ex
658 21.2916295831092 21.5942334991414 34.6692296836991 ex
659 18.3539918668102 25.5165793558117 22.6872739621904 ex
660 35.1088318666443 22.6599622862414 25.3007000116631 ex
661 34.9460814257618 23.8050840743817 33.0130690131336 ex
662 26.1879532251041 27.4811949464492 21.1176495489199 ex
663 33.7912892356981 35.5868578623049 23.2736072901171 ex
664 25.052592698019 21.7765361324418 21.6399667349178 ex
665 22.7245792872272 27.1142350428272 28.4806428065058 ex
666 28.4632395468652 20.012426403584 23.7234441502951 ex
667 23.9131782457698 29.6381112970412 21.2374085101765 ex
668 19.9365553373937 30.0751995777246 28.8043956449255 ex
669 27.6052534857299 29.5685897038784 33.7687672167085 ex
670 31.271209103521 34.2153088296764 35.8535789563321 ex
671 27.9242088154424 24.7144814275671 32.5417418600991 ex
672 31.7124873886351 28.9503221134655 18.0749277849682 ex
673 27.0430887485854 30.5791553133167 34.8709779027849 ex
674 33.4571540888865 34.0444566730876 33.800565585494 ex
675 24.845727128908 25.1597379890736 29.1357048298232 ex
676 27.5722454187926 24.0653817160055 21.1259164600633 ex
677 18.4651672404725 18.7984343119897 21.4695690181106 ex
678 34.4010048250202 31.4091491638683 29.5343393604271 ex
679 31.5517683352809 31.2415450375993 24.8039208720438 ex
680 32.6969727224205 30.5467059698422 30.9504241091199 ex
681 28.646819756832 34.3525641411543 19.7573197335005 ex
682 30.2173491567373 34.0009674220346 19.2595137062017 ex
683 23.3195602612104 23.0032859661151 34.9566995415371 ex
684 25.4988692316692 31.2091257295106 35.5842202657368 ex
685 33.1497644840274 25.889630802907 25.9867653062101 ex
686 21.0615932019427 25.3057698525954 31.4472801145166 ex
687 35.6391423605382 25.949690107489 32.5852957754396 ex
688 24.6588274633978 31.656412051525 22.8889490123838 ex
689 21.7073671096005 21.7272998446133 18.7570328768343 ex
690 33.6647144502494 29.5407254509628 27.2552530767862 ex
691 23.9121109803673 19.3552095578052 24.518469496863 ex
692 21.4841737330426 35.6801402920391 28.5082001478877 ex
693 24.9966602514032 25.3329208970536 32.6607657202985 ex
694 33.9991467588115 23.5541530121118 34.1192469832022 ex
695 20.7192399210762 24.3976732513402 21.0521592407022 ex
696 24.9848946800921 18.3894768557511 33.5503356778063 ex
697 24.4072571860161 30.0998516578693 26.7709799567237 ex
698 26.128169149626 24.2358888443559 25.4927589851432 ex
699 33.4454272428993 30.5629639730323 32.7638385195751 ex
700 21.8250996985007 22.87078099465 24.1343607346062 ex
701 22.2709332301747 20.9362363778055 25.5958025720902 ex
702 31.0572598986328 27.0870842684526 29.6078599214088 ex
703 22.167597073596 32.1017688880675 32.5900514635723 ex
704 18.6199584971182 34.5817250078544 24.185883577913 ex
705 20.1457514080685 35.6548439881299 18.951953246491 ex
706 31.0872164352331 30.3394608187955 34.8906263697427 ex
707 19.9446133766323 22.6996508382726 35.1636770491023 ex
708 23.4598496747203 19.9426100563724 22.9982157209888 ex
709 18.9925318341702 30.4193448165897 23.2877727709711 ex
710 22.8808395322412 30.5485862763599 25.1875844555907 ex
711 24.116615218576 34.8485798942856 31.4939520040061 ex
712 32.96509316843 24.9232017954346 25.6172424175311 ex
713 24.0065605929121 27.0316661093384 32.2561088462826 ex
714 35.955533023458 34.4389385639224 24.3330556971487 ex
715 27.6666019603144 18.5814891187474 35.5482442111243 ex
716 27.8920259242877 32.3084136862308 24.6687978168484 ex
717 31.1777436090633 21.5019166464917 24.0659416706767 ex
718 34.678416590672 25.0359429656528 24.9104559719563 ex
719 24.6633157548495 28.6950765317306 31.9588578969706 ex
720 22.1072368489113 31.9220139505342 19.5528289985377 ex
721 31.5158110624179 19.3244402369019 26.3699099365622 ex
722 29.094412481878 34.9367138254456 21.0861921680626 ex
723 23.5361715375911 34.5500174036715 20.2588579147123 ex
724 20.1817379002459 27.8895229219925 30.3374352441169 ex
725 27.9911509105004 22.4001603841316 28.1237583784387 ex
726 20.7167034838349 21.1377484067343 19.8809807251673 ex
727 21.2751517465804 34.8751572621986 29.6112043436151 ex
728 33.2394111063331 30.2955010572914 35.1046082610264 ex
729 28.050546012586 27.4765045586973 27.0338144914713 ex
730 19.2876558990683 30.7802701306064 33.2787111215293 ex
731 31.8429008512758 22.3340165016707 29.2831959438045 ex
732 32.0649522629101 18.884369100444 34.0060643982142 ex
733 19.6430569458753 34.8130880205426 32.368222626159 ex
734 19.0495128766634 19.506454157643 35.793213364901 ex
735 21.2012486867607 27.7216506991535 19.1478884164244 ex
736 18.7531763243023 31.2471892905887 18.674398645293 ex
737 28.1575436543208 25.3839375954121 22.7013278589584 ex
738 24.8020851204637 21.2432986479253 29.9820033877622 ex
739 21.3940106173977 27.6837692537811 24.6440166265238 ex
740 18.7632586092222 26.58283635322 29.4133664856199 ex
741 28.8077439791523 35.7013677696232 28.4879903474357 ex
742 32.6119858839083 25.5511061057914 30.0060915565118 ex
743 26.760180336656 34.5596546819434 20.921387829585 ex
744 30.0655999956653 35.0169733790681 27.675430357689 ex
745 19.5164294207934 27.2934794120956 25.0601354548708 ex
746 33.9541802068707 21.0951233529486 27.4380017025396 ex
747 32.5931146708317 25.2716104320716 34.3334689470939 ex
748 33.2475567448419 31.1431981683709 23.4969399878755 ex
749 25.0681245357264 26.7229057820514 32.6323695962783 ex
750 35.1404097620398 19.0787840541452 31.9330473470036 ex
751 26.9971230663359 25.38438626891 23.2071667497512 ex
752 20.0383635344915 34.4221489906777 22.0776377285365 ex
753 32.7249087991659 34.5579242184758 28.771357849706 ex
754 35.400512374239 18.8995044280309 25.7588873244822 ex
755 33.6363973140251 24.7034969346132 30.549840983469 ex
756 29.0357879896183 24.9381635021418 35.1522441336419 ex
757 20.8042986541986 23.6755093671381 25.9280494744889 ex
758 35.7149088508449 27.9160111302044 23.4255434477236 ex
759 26.7494727096055 19.7911563839298 22.9594388760161 ex
760 29.8111903714016 18.9158997931518 26.9830762366764 ex
761 27.0628017480485 33.2128638837021 20.2830973104574 ex
762 23.9901851932518 21.2244723050389 31.8215326541103 ex
763 32.1653302065097 28.8649687117431 23.8605444412678 ex
764 26.3583437793422 25.9328779256903 19.9022814133205 ex
765 32.94923701277 33.8889525716659 21.2416333314031 ex
766 31.7093852821272 25.8307297744323 32.9476653530728 ex
767 28.5234171908814 21.3435784475878 33.9044972972479 ex
768 21.2934238901362 20.633425776381 31.7278363574296 ex
769 35.6566654965281 35.7524326613639 26.0645682236645 ex
770 22.4998292257078 32.2788722252008 18.88616433274 ex
771 19.6966324027162 34.5609232704155 34.7111594579183 ex
772 28.2628854436334 32.7445220109075 35.5347110605799 ex
773 18.1514215478674 30.1938328328542 32.4590116145555 ex
774 20.78938463144 28.1034101045225 21.1014285550918 ex
775 34.719380377559 31.9405200916808 26.3668593030889 ex
776 33.7084014187567 32.3759937225841 20.4784272841644 ex
777 24.521997864591 33.445888922317 19.8376767393202 ex
778 30.5769643941894 26.6860546779353 29.9883503685705 ex
779 30.3558668408077 22.4249190839473 30.7392427225132 ex
780 19.6441753215622 29.4993452236522 24.8575605207589 ex
781 29.9109396459535 27.8631940528285 31.5564275120851 ex
782 29.0856899598148 19.8681958846282 30.0171822814737 ex
783 30.8400352955796 28.1420074496418 25.7816320536658 ex
784 26.7481691252906 18.7402635202743 34.7577556213364 ex
785 21.2008092198521 30.2366505977698 21.2411965236533 ex
786 28.44799045939 26.0534766747151 29.0503828248475 ex
787 21.4016007189639 22.7479413701221 23.403727190569 ex
788 32.1919751830865 28.7176118635107 30.0837437976152 ex
789 24.2462745059747 20.6537751392461 29.855484446045 ex
790 28.945175509667 21.0307809161022 20.7444958353881 ex
791 32.9229887665715 32.7340125767514 35.0083438418806 ex
792 20.8062247012276 23.3135062747169 33.6601394172758 ex
793 34.1693782543298 20.0639444240369 24.7237670049071 ex
794 19.7344262944534 33.0114473362919 31.0953409059439 ex
795 29.316462765215 21.153036899399 32.0350910481066 ex
796 28.6308725720737 26.9736164628994 20.2160595892929 ex
797 35.3999303739984 19.2042700573802 30.5591848543845 ex
798 20.9745138478465 27.4633391702082 23.8749233239796 ex
799 20.6079928157851 34.5012881304137 24.2640158473514 ex
800 20.253321726108 30.1929175776895 32.3581042622682 ex
801 21.359056675341 23.8657746517565 35.3255733468104 ex
802 18.0824966516811 28.3096338724717 21.1525972639211 ex
803 27.4245934712235 25.1695674532093 20.3888715824578 ex
804 32.9459593915381 26.8701371157076 18.2915119393729 ex
805 25.8525120660197 18.8223162186332 22.1424192034174 ex
806 31.379050466232 18.9266931936145 25.5406486438587 ex
807 27.5619074192364 28.4442701530643 21.6534900318366 ex
808 18.4459843037184 24.5554549912922 25.1773474717047 ex
809 19.2619993051048 35.3671377627179 18.4151258321945 ex
810 20.971212901175 21.3533420553431 33.4304975820705 ex
811 27.2180208454374 23.8637090304401 25.5727711666841 ex
812 29.3228861307725 25.6891015635338 35.7584817153402 ex
813 19.0045979307033 35.3248914380092 24.86110200244 ex
814 32.6160897219088 23.2515072226524 20.8066346140113 ex
815 23.8476012314204 29.1297713941894 30.9592964069452 ex
816 22.6726409103721 23.2689355805051 34.367559683742 ex
817 35.0502017328981 30.8155339255463 32.7971691589337 ex
818 27.3167249402031 34.9889200488105 24.4839407871477 ex
819 21.6573783147614 30.0543239479885 19.2928609363735 ex
820 24.4405330822337 32.5740456832573 29.0927986374591 ex
821 23.184376813937 35.8880238176789 35.3356176388916 ex
822 23.6271699313074 30.764594201697 27.1081202463247 ex
823 34.9649683719035 29.7119070421904 24.4970193326008 ex
824 35.5559273972176 29.1650530633051 25.9761637586635 ex
825 33.3434693703894 31.0038053060416 35.8514353481587 ex
826 30.9007745655254 30.5602085890714 27.5700382587966 ex
827 20.6074735666625 19.4113836803008 22.6913028589915 ex
828 31.2584611198399 30.9617910108063 31.9527259443421 ex
829 23.2551728349645 25.2442084390204 18.0492961963173 ex
830 31.2496020665858 18.7811650123913 33.3285102783702 ex
831 29.3929839644115 18.4451953449752 34.5317287521902 ex
832 25.9146575615741 22.6705364333466 21.0121164352167 ex
833 33.5515795340762 33.5090591385961 30.1376734457444 ex
834 24.6371078274678 26.2758574644104 32.6119975019246 ex
835 25.1805312877987 34.8187701415736 24.3226062941831 ex
836 20.5984335483517 22.1044438690878 33.7133439737372 ex
837 26.4100702553988 19.6756226320285 26.7393946237862 ex
838 35.2851305585355 35.2019501777831 21.5597814638168 ex
839 22.6010502474383 28.9412517549936 23.7246176998597 ex
840 19.9187898517121 22.6516457088292 23.628393370891 ex
841 18.1243322833907 33.3399227538612 25.5177237382159 ex
842 19.2929854553659 26.8364422325976 27.2128999982961 ex
843 26.4882917494979 35.3537887872662 23.2470114873722 ex
844 24.7891952979844 21.3670742667746 35.4505530700553 ex
845 35.3305823651608 30.9376700008288 35.296162448125 ex
846 32.5087394574657 25.8494383294601 29.9018673417158 ex
847 22.4029472926632 26.8421331956051 28.6879322675522 ex
848 25.9798893949483 18.2991751783993 33.4303667901549 ex
849 23.1749063534662 29.7706192412879 20.266599182738 ex
850 23.2731762989424 25.9956338778138 29.0298017901368 ex
851 31.8439243049361 25.6178716463037 24.9090304200072 ex
852 21.8076494948473 19.0787004900631 20.875969794346 ex
853 19.6864756459836 33.6310701584443 23.2001046829391 ex
854 20.1305782913696 22.2157389000058 31.5889118919149 ex
855 30.8612320523243 33.1255168472417 19.9202158926055 ex
856 35.0626134932972 27.910529199522 32.7104764848482 ex
857 27.3805239910726 34.2168652678374 34.0676686374936 ex
858 20.5795180250425 32.3167197059374 20.8503975190688 ex
859 34.3116040795576 26.3194918187801 22.5518438525032 ex
860 28.3487289338373 23.8387986063026 34.6850376990624 ex
861 27.8843904933892 21.2185373625252 21.918989029713 ex
862 28.4663525787182 18.9151881115977 19.3679427769966 ex
863 32.2433684293646 21.4532010203693 19.2791689292062 ex
864 20.6393719699699 33.9417686350644 18.7634046715684 ex
865 34.4861104090232 33.8935267957859 35.1336514358409 ex
866 21.6923348759301 18.0082369621377 24.6334458822384 ex
867 32.5148111574817 29.0489866284188 29.1318782849703 ex
868 23.9671641883906 27.5758929785807 21.879402929917 ex
869 28.9817093533929 28.1122360907029 33.8246296485886 ex
870 32.5693764253519 24.057609557407 27.5186563858297 ex
871 29.1368304556236 26.9804334109649 29.7139848659281 ex
872 35.7545463331044 25.4516897920985 31.2103802612983 ex
873 31.5765319780912 21.7074290325399 20.8868443921674 ex
874 23.0135603379458 22.8426683698781 19.1716828772333 ex
875 35.8459079344757 31.762541963486 25.9476716446225 ex
876 21.3262676617596 22.7876910285559 30.1926897254307 ex
877 25.6463654176332 32.3873463447671 32.8638694481924 ex
878 23.3703725663945 21.7094162392896 18.5398550436366 ex
879 28.9352991152555 25.279450553935 19.8523388300091 ex
880 32.602600555867 26.559084123699 24.0585542519111 ex
881 33.3574003130198 20.0584879061207 18.6636352920905 ex
882 35.4886118816212 28.2600077448878 31.5237128329463 ex
883 18.6133605220821 28.5276118491311 32.1395463147201 ex
884 33.195410494227 28.7865117965266 33.3774851120543 ex
885 23.4091220302507 20.7785993027501 34.2333235878032 ex
886 27.532135593472 23.7107116829138 23.6509377306793 ex
887 19.8116601319052 22.0875016045757 29.0878487883601 ex
888 22.0625512581319 33.7036833430175 19.4637437195051 ex
889 19.3152931523509 35.7569000693038 30.794680457795 ex
890 19.2998885654379 32.2602278036065 32.341894735815 ex
891 26.7998274257407 23.9856428368948 22.3399721542373 ex
892 33.4099364068825 33.6559616613667 19.7301885976922 ex
893 29.6396737524774 18.5129313599318 20.8101822081953 ex
894 34.9753715852275 21.4165890559088 18.1631812960841 ex
895 18.7446342494804 31.3900422211736 33.1514084145892 ex
896 30.66014246759 28.8028224646114 28.4640620097052 ex
897 31.6484916803893 28.7536724444944 32.382642808836 ex
898 27.873041406041 32.4582024163101 25.3697672560811 ex
899 29.7830749906134 24.1485602105968 19.2485904495697 ex
900 22.3452521499712 29.1972495475784 19.3642799085937 ex
901 20.3320550189819 18.2969500247855 35.1159929446876 ex
902 24.2375617288053 30.7194520488847 19.4882050093729 ex
903 20.5053288140334 34.2681791454088 21.5414424252231 ex
904 30.6021119265351 31.4640688707586 18.1116532457527 ex
905 33.2621062579565 23.9368563266471 26.5274098759983 ex
906 29.1338126535993 30.7392660535406 26.1760121858679 ex
907 31.5730372352991 28.0945627950132 35.9014338876586 ex
908 21.0387455213349 31.8266171591822 19.9030849484261 ex
909 33.0519549481105 19.0706509223673 19.9029713352211 ex
910 27.8258370147087 18.3316501360387 26.4982234679628 ex
911 23.383773292182 33.2837081074249 30.5940858998802 ex
912 25.2079230938107 20.2726117337588 32.9892608306836 ex
913 21.9988469604868 33.2721069178078 22.1659982013516 ex
914 21.3085989383981 28.9675955031998 18.6739862521645 ex
915 25.5317037268542 20.8800851383712 35.6301470405888 ex
916 29.4771420543548 21.047962378012 35.0209971517324 ex
917 30.4627846952062 33.0497203909326 33.7336848590057 ex
918 26.8185821818188 21.2062267304864 30.2375522837974 ex
919 21.9540659328923 18.5030486804899 26.752331970958 ex
920 26.0332343971822 26.8370096716098 28.6935611045919 ex
921 22.2729475065134 33.3723609577864 21.7203727040906 ex
922 34.5020856962074 32.3421679537278 29.4063580092043 ex
923 22.1584219553042 30.6894319453277 26.5673795465846 ex
924 23.6108133173548 22.5755298486911 27.4668009248562 ex
925 18.6542329955846 22.9140693291556 21.7096609317232 ex
926 22.6587243017275 25.6746179880574 22.3196312051732 ex
927 19.806321977172 18.1743711885065 22.1134409869555 ex
928 29.6735232225619 22.257114541484 32.2495112209581 ex
929 24.6823092109989 25.8181083805393 34.3938917566556 ex
930 18.7596163498238 20.0553152100183 33.4963770955801 ex
931 29.3673604552168 26.3414875641465 20.8404832801316 ex
932 29.5978493625298 32.4553097374737 19.6056018103845 ex
933 18.8885943032801 25.3096450825687 27.6805312177166 ex
934 27.4490954766516 26.2839665319771 30.0929288477637 ex
935 32.6957729465794 18.711373312166 20.2659211880527 ex
936 32.4296105511021 26.5419037120882 21.220446535619 ex
937 29.403981664218 20.713142372435 31.8156364688184 ex
938 27.0193413763773 18.5193914733827 20.8309095578734 ex
939 23.3388274016324 28.0062886835076 23.8684589762706 ex
940 21.4005714983214 25.8448685256299 30.4685843146872 ex
941 23.072583102854 28.4324253161903 18.4564386741258 ex
942 26.7218674805481 24.0747383662965 24.1857281802222 ex
943 29.6610727498773 34.7119733742438 32.229972393252 ex
944 19.4376077856869 26.5452100350522 22.4244941526558 ex
945 34.3844110320788 27.3020594199188 25.8003962198272 ex
946 34.1089027596172 26.8831623247825 29.6352002597414 ex
947 29.6578516014852 30.5605279882438 33.6743861197028 ex
948 30.1154234788846 32.3614704795182 31.5909320544451 ex
949 18.758754288312 22.8899006666616 23.55069259624 ex
950 29.3621524861082 22.4745845203288 23.3519081354607 ex
951 26.6875287091825 24.6704630877357 31.6607162128203 ex
952 31.1635178076103 22.7809035847895 24.0307731430512 ex
953 22.9160917238332 20.230908452766 35.7332318671979 ex
954 34.947934117401 35.1935918687377 27.9563034579623 ex
955 35.2714612155687 21.8171940306202 31.923227586085 ex
956 18.8844300250057 23.1441177555826 33.6891938236076 ex
957 34.782792539103 26.6247563646175 28.6400518224109 ex
958 21.274875738658 20.5515647942666 34.2717480647843 ex
959 28.0927954888903 21.1370559798088 21.4521024320275 ex
960 27.6477927868254 29.4933309995104 32.2538558873348 ex
961 18.0473538318183 21.8124658402521 26.0148405823857 ex
962 34.4447408698034 28.757946223719 22.5925610980485 ex
963 27.9976957926992 31.9100978877395 32.1168660551775 ex
964 28.313639907632 19.5343484780751 34.0505398286041 ex
965 35.0537814889103 24.3624898239505 22.5377188974526 ex
966 34.8751777231228 33.2684048069641 28.1032864113804 ex
967 22.4883706138935 24.464715073118 29.4681988991797 ex
968 26.1575284467544 25.7762450946029 22.4461117663886 ex
969 30.3507294047158 25.4351440502796 26.7309246023651 ex
970 24.135086215334 26.0480635063723 25.4854110842571 ex
971 24.635540163843 24.2195312932599 22.132458999753 ex
972 29.1290405944455 29.7001414981205 34.0349126793444 ex
973 30.9193737995811 21.3702435321175 35.9656662240159 ex
974 24.132275161799 35.7611842933111 31.3649744149297 ex
975 27.0541116069071 35.8630622932687 27.1917602224275 ex
976 32.5833236728795 34.5757205395494 20.8805355669465 ex
977 24.4260216078255 30.5344205615111 18.4034387976862 ex
978 31.5619358557742 31.2589561128989 29.3797409585677 ex
979 30.3743090915959 31.4324714348186 25.9337879633531 ex
980 31.3630995894782 35.0591585384682 20.0369874995667 ex
981 23.3378917847294 32.6228535354603 34.1755957044661 ex
982 35.7505102902651 24.8304058620706 19.9086057718378 ex
983 29.4456724070478 32.8390872231685 34.7512174225412 ex
984 22.5459102869499 33.8203909259755 26.2484954197425 ex
985 32.2926189363934 35.0513151665218 34.8814100222662 ex
986 24.5829579215497 21.1673752700444 28.4402010326739 ex
987 28.5068560303189 33.9979234267958 31.4798237397335 ex
988 28.7702189320698 35.5260258547496 25.2544631594792 ex
989 26.1085372003727 33.9219712130725 18.4666572713759 ex
990 33.5479949573055 30.2366463097278 29.1275328407064 ex
991 32.9637013874017 31.9421334548388 30.3051326710265 ex
992 32.2943726142403 34.4157975567505 21.6448769792914 ex
993 21.4714293449651 33.2920709399041 19.9186782508623 ex
994 24.3754590433091 20.1550123386551 21.5487293591723 ex
995 26.0243757050484 19.3473020587116 35.4338056370616 ex
996 34.219470781507 30.0492854232434 33.6178073047195 ex
997 22.9094950666185 23.3399703314062 28.6488421356771 ex
998 28.1690916067455 24.7105046536308 18.9770627331454 ex
999 19.1849400440697 35.1453459267505 27.1260864599608 ex
1000 28.735781498719 25.5747731197625 24.384251290001 ex
1001 23.9338310600724 33.9761304254644 34.1428383239545 ex
1002 30.9315489185974 20.4806020583492 18.857622459298 ex
1003 31.7423107977957 23.0258276776876 21.7387055917643 ex
1004 25.6693073001225 22.4585369140841 27.154483907856 ex
1005 33.8974380078726 34.7659559703898 30.7011183558498 ex
1006 19.6925285221078 30.4016436070669 34.5228717371356 ex
1007 32.5569470382761 27.9378746459261 23.0354181863368 ex
1008 20.4619175291155 26.5483726717066 18.8797925594263 ex
1009 31.5910960559268 19.9076675423421 33.3343653816264 ex
1010 35.2665306022391 30.4082726247143 25.3642832923215 ex
1011 23.7757368155289 25.7579347072169 20.1924695326015 ex
1012 34.8307152441703 22.8139385352843 23.2334463149309 ex
1013 34.0431822689716 25.7204992773477 30.5706243321765 ex
1014 28.9713151566684 35.599778332049 21.7353447694331 ex
1015 26.302509305533 35.9795699503738 30.9102361269761 ex
1016 29.4715294188354 32.4453548304737 22.8292576852255 ex
1017 27.0079840701073 33.7901667652186 35.9733124265913 ex
1018 23.2293385516386 30.4474339773878 25.1927580728661 ex
1019 21.3943426837213 33.40645352914 35.5313156030606 ex
1020 33.1628715768456 26.795286840992 30.2868287104648 ex
1021 35.2675859539304 26.8792554796673 24.4967563713435 ex
1022 22.1133446746971 32.1899787439033 35.3612034046091 ex
1023 29.812327533029 35.9478061720729 21.3365830257535 ex
1024 25.3546809672844 27.0634616909083 27.0957291596569 ex
1025 26.0955191657413 21.5378031376749 20.9458052453119 ex
1026 22.5961241712794 34.3095408054069 19.8681535464711 ex
1027 30.2138045111205 21.5410833638161 24.7448724096175 ex
1028 20.5178994482849 25.6923246234655 24.6224594234955 ex
1029 33.8690118619706 29.3706623942126 35.7939262057189 ex
1030 26.8784753058571 32.8544505888131 35.3963134880178 ex
1031 23.6949638670776 32.218438443495 33.3560635771137 ex
1032 20.1948498813435 28.4509585225023 30.9646277248394 ex
1033 34.1123910136521 29.4977485630661 35.3200863560196 ex
1034 26.9137544580735 19.2611001972109 20.8103374233469 ex
1035 20.2951082524378 24.0814987490885 30.8126361044124 ex
1036 23.5738546603825 29.0455403076485 29.2130960267968 ex
1037 32.4666444070172 29.44558216515 19.8652883702889 ex
1038 29.3555239988491 18.9082741262391 22.9477674432565 ex
1039 21.6741628532764 27.2821704696398 35.5489157103002 ex
1040 22.9448232289869 24.3147755942773 21.1266308638733 ex
1041 33.4999016532674 22.1392200812697 28.6916765156202 ex
1042 33.8971679401584 28.364389112452 20.7465956483502 ex
1043 25.5605362176429 22.5582637474872 19.3948168759234 ex
1044 24.9022943505552 25.6261087385938 19.2226384729147 ex
1045 19.3478882813361 25.6437332991045 19.9043706774246 ex
1046 25.2150727999397 29.1152563395444 34.3697443341371 ex
1047 30.2635315735824 26.7828510415275 22.4204467402305 ex
1048 23.2804895441514 22.4385440084152 18.9568648065906 ex
1049 18.4187924307771 25.2544924747199 32.6715199463069 ex
1050 27.9302344017196 24.1441849025432 23.0631319920067 ex
1051 22.6143595727626 29.021376331104 30.8983654296026 ex
1052 24.2916785154957 22.7185142608359 26.924434609944 ex
1053 27.3030801261775 20.1975889937021 25.8896352814045 ex
1054 26.8976233750582 32.7133032942656 22.8140815256629 ex
1055 34.8814576920122 28.0645046778955 21.8395381828304 ex
1056 18.0692175873555 19.6352534284815 30.9569355649874 ex
1057 35.1915860325098 20.757028138265 23.2533713076264 ex
1058 32.743377743056 20.0416446595918 30.2426133963745 ex
1059 22.4679641337134 26.5143238760065 30.5206088104751 ex
1060 29.3182811478619 23.5436943934765 30.2575347416569 ex
1061 25.5176247407217 33.792317483807 25.119633565424 ex
1062 19.9767274868209 19.190441980958 29.3507201527245 ex
1063 21.0784822178539 18.4105508420616 33.1855068476871 ex
1064 23.4478795859031 30.8231893347111 23.6843503741547 ex
1065 20.0019492616411 28.234178630868 34.2000890113413 ex
1066 23.0205947686918 23.6208508929703 28.2150573267136 ex
1067 30.1526928353123 33.2653176297899 30.238283977611 ex
1068 25.4147268736269 31.4618349506054 18.1796102095395 ex
1069 19.8134256121702 19.6250986706 19.5756434940267 ex
1070 25.6464198436588 19.6368105923757 30.4425142831169 ex
1071 22.706338499207 31.2137419951614 21.9065766830463 ex
1072 30.2795933764428 30.0005769575946 26.2805844868999 ex
1073 35.9701056410559 24.1008388614282 28.374125587754 ex
1074 22.349473984912 25.9820425591897 20.3861365613993 ex
1075 25.7672517490573 26.7914368798956 26.0045397714712 ex
1076 34.0468397962395 28.188506691251 31.2263089180924 ex
1077 25.7913907279726 25.7947666586842 33.4254458309151 ex
1078 27.0784736080095 21.9103573327884 35.6118689377327 ex
1079 24.3993822315242 26.2050407915376 24.2033776305616 ex
1080 21.3289004808757 21.7554634900298 30.9610620054882 ex
1081 29.1979578770697 25.1141190875787 33.3439198844135 ex
1082 24.0672262390144 26.8199992761947 19.9642414785922 ex
1083 22.0090479934588 22.6571496687829 33.5380326162558 ex
1084 33.481478988193 23.2345525890123 35.9801844898611 ex
1085 34.6034843425732 35.3388176104054 30.5917580241803 ex
1086 31.6653983427677 23.7125171225052 26.6718647363596 ex
1087 33.6676582049113 30.0348779307678 22.3851864510216 ex
1088 27.0376341510564 19.090827039443 32.3629223997705 ex
1089 29.1072753372137 24.0226027043536 20.9747490494046 ex
1090 19.4805127303116 26.4092042362317 30.9300749744289 ex
1091 23.5386680057272 18.4013775470667 35.4306807436515 ex
1092 26.3957119078841 24.1304441227112 27.4267151476815 ex
1093 34.559557862347 32.9934634652454 26.7172296517529 ex
1094 21.7645776090212 27.9150236628484 20.3207990259398 ex
1095 30.3336466592737 33.188898144057 23.0589319441933 ex
1096 29.422673612833 28.5607619329821 26.0274106727447 ex
1097 35.852698804345 33.0941137375776 21.4472277646419 ex
1098 29.4366083680652 33.8427137832623 20.8967141369358 ex
1099 20.8356218379922 21.5811329390854 30.7996058538556 ex
1100 20.6834993395023 35.4720031272154 30.3198558189906 ex
1101 24.843640582636 23.3078992515802 24.0088081131689 ex
1102 29.5218084179796 27.096252048621 23.2831604948733 ex
1103 26.8067363812588 32.8122294005007 34.0629662401043 ex
1104 27.8464326353278 21.2735225530341 30.3363775971811 ex
1105 27.2351424759254 24.3876533659641 18.8781194719486 ex
1106 32.9210604052059 22.6398856556043 24.7743832289707 ex
1107 33.0153020278085 26.9554594634101 26.0897539102007 ex
1108 22.7406518824864 28.6647956334054 28.4984422803391 ex
1109 25.9508248537313 35.0649913018569 24.4030306152999 ex
1110 27.127269030083 35.8590333440807 26.7735217644367 ex
1111 28.6496979631484 19.7761103538796 35.7381353210658 ex
1112 34.4288491015323 26.1157486746088 27.5207090973854 ex
1113 23.3253005088773 35.1747810072266 28.692734782584 ex
1114 34.2982287579216 34.5418704005424 34.5675343913026 ex
1115 34.1511841113679 21.9043536437675 25.1113287028857 ex
1116 24.7950332791079 27.2194135028403 29.2163374559022 ex
1117 26.1942821163684 23.3466677854303 31.7014702141751 ex
1118 30.0235100619029 35.9065286419354 32.6206555156969 ex
1119 24.6753686787561 35.3001401596703 32.357584601501 ex
1120 32.1421454730444 21.6688334364444 35.06407068111 ex
1121 33.8274275150616 18.590329098748 21.1374779907055 ex
1122 30.097903129179 25.9115576646291 20.5439760272857 ex
1123 24.4641946982592 29.1283328074496 20.3945688721724 ex
1124 22.7829168930184 31.7165705650114 28.4144902047701 ex
1125 18.4613424667623 19.0500897711609 23.0004199761897 ex
1126 33.9280468665529 26.0516399559565 18.7214937312528 ex
1127 34.5269796848297 30.3774759257212 23.8939137847628 ex
1128 28.8698920537718 35.0543821717147 29.6360668069683 ex
1129 23.0432147318497 25.2355207384098 32.6031497805379 ex
1130 28.9717082250863 28.6405350086279 19.9478848383296 ex
1131 23.9987618592568 34.0745501155034 21.8309431567322 ex
1132 24.6007228197996 29.3942928570323 23.1402359588537 ex
1133 24.1544591039419 18.7360462208744 24.9067930884194 ex
1134 21.587872388307 26.1377566205338 20.7557963000145 ex
1135 35.1749652796425 31.0283133052289 34.4079517913051 ex
1136 34.8947685463354 28.8992309074383 26.405564702116 ex
1137 21.0695333469193 35.2276806833688 34.4361814653967 ex
1138 19.3417929853313 19.8651958489791 24.0751982536167 ex
1139 27.7041378177237 28.3496648767032 18.5446631861851 ex
1140 34.4731316021644 19.694091259269 24.0259411016013 ex
1141 21.8987427575048 31.4280797920655 30.8831937783398 ex
1142 20.9786938512698 23.7921929555014 22.2001848926302 ex
1143 23.5771743201185 24.2431683994364 22.1442569980863 ex
1144 28.1568829535972 23.9437227260787 19.9272172946949 ex
1145 23.5882212135475 32.2777247237973 27.8962205916177 ex
1146 34.9275498795323 24.6879786057398 34.6479099257849 ex
1147 18.6420423451345 22.2801018573809 18.2330348733813 ex
1148 31.8211984445807 31.9133060637396 21.2229110486805 ex
1149 29.3860866848845 33.6336136755999 24.595520318253 ex
1150 21.3521950875875 18.0915668483358 27.8794608579483 ex
1151 21.4800818508957 25.5685152586084 18.2358407326974 ex
1152 26.1853107230272 19.6368096466176 25.7816935626324 ex
1153 35.7411907406058 26.6571685860399 19.4629686016124 ex
1154 21.4758629580028 27.78318671952 23.9813192219008 ex
1155 34.1240272070281 26.2357939023059 25.5284949610941 ex
1156 32.5682205618359 31.1139498890843 34.5880980091169 ex
1157 22.1093277053442 29.7785127251409 18.423416843405 ex
1158 33.5227236808278 22.5995457386598 21.276818445418 ex
1159 23.9573261167388 19.7343445478473 28.4072817722335 ex
1160 33.0869710058905 18.0896737161092 27.2648367739748 ex
1161 32.6282241016161 32.0403343550861 18.7063923599198 ex
1162 31.5029903477989 29.2118624437135 28.7569505698048 ex
1163 28.552549182903 18.4608242234681 23.7297802921385 ex
1164 34.7614521218929 25.3348288086709 31.8328953010496 ex
1165 26.3666686702054 26.2563532735221 25.3511036483105 ex
1166 27.5721559536178 34.5532962600701 27.69824632979 ex
1167 23.064513705438 19.331153444713 32.7597242651973 ex
1168 27.5478082562331 33.1972521683201 24.1198219216894 ex
1169 19.5518633509055 18.7813489588443 27.6691367281601 ex
1170 26.787311182823 31.1397711492609 20.9285536929965 ex
1171 21.7102550526615 33.7211242103949 24.4343077677768 ex
1172 22.8312866967171 20.5395258702338 33.0846873417031 ex
1173 19.2027337336913 26.1731476176064 23.5813289848156 ex
1174 29.7167530942243 34.7339093624614 34.7424417396542 ex
1175 30.3271202456672 31.2422423190437 33.869444665499 ex
1176 20.2105579355266 19.3108878009953 19.3621156120207 ex
1177 22.3627846674062 20.632685178658 22.9190442215186 ex
1178 33.2003750486765 31.9620411272626 29.0242946413346 ex
1179 30.3468390796334 23.6272659322713 29.661910550436 ex
1180 34.5602440577932 20.0419994115364 23.4260365588125 ex
1181 20.7142263315618 34.0809049806558 32.3384251177777 ex
1182 26.4910815353505 18.8820346684661 32.3359440513887 ex
1183 34.7420088823419 29.6456967697013 32.6494782345835 ex
1184 30.9866416938603 24.0980868327897 22.4068142336328 ex
1185 34.003799528582 24.9139895758126 33.618405214278 ex
1186 34.7915987051092 28.6930080985185 30.6306236309465 ex
1187 34.2029070598073 21.9812848137226 35.3025925245602 ex
1188 24.9324021579232 34.9400220045354 23.6491060010158 ex
1189 18.6294627825264 21.1391269378364 33.3176317019388 ex
1190 19.7358276622836 20.85753872036 30.0397015821654 ex
1191 23.4412888681982 18.4149924030062 21.2783537735231 ex
1192 18.7426834467333 31.8858838400338 27.6912947616074 ex
1193 26.1050481316634 34.7903848518617 30.7745689232834 ex
1194 26.8858233517967 21.8799797424581 27.2022078337613 ex
1195 25.3184126168489 26.2483566866722 35.4382913568988 ex
1196 25.4508713020477 33.0467486144044 22.6586639734451 ex
1197 18.3751135230996 20.4020599892829 32.2785899958108 ex
1198 31.8053120207042 20.4753146718722 28.5488022803329 ex
1199 20.1001226892695 28.3344190572388 27.7630757864099 ex
1200 30.1005934614222 25.6316190813668 33.7025611202698 ex
1201 19.7200419171713 26.1786970468238 25.2119783884846 ex
1202 28.5864286867436 20.3548471191898 28.6215527092572 ex
1203 30.0197680180427 22.4109382366296 23.3781195234042 ex
1204 19.0440302845091 24.2763561841566 21.6935105933808 ex
1205 20.7882726998068 31.8969444362447 30.9264388789888 ex
1206 21.2436878317967 33.9141558131669 25.3240383150987 ex
1207 21.4562441085 21.8768991103861 22.0819697135594 ex
1208 35.3006233810447 34.1213013068773 34.6914617700968 ex
1209 24.7744971006177 23.9653627807274 28.9806830098387 ex
1210 28.1539259965066 19.4222392577212 33.1371923673432 ex
1211 18.161523549119 32.6732524854597 33.6063255874906 ex
1212 25.1965781715699 20.3997509027831 28.7813114859164 ex
1213 22.1076224059798 34.1699008641299 20.0343518981244 ex
1214 22.2324284480419 20.0256651991513 24.0714271035977 ex
1215 19.9033261281438 25.1126794468146 28.8184285101015 ex
1216 20.1519365489949 20.0372833302245 26.9513332101051 ex
1217 33.6641858189832 20.9725948339328 25.9759485132527 ex
1218 20.4841198057402 29.2478400245309 34.4786597476341 ex
1219 29.9556050200481 18.2924511455931 33.3565760229249 ex
1220 26.9984016288072 18.6390095329843 22.6223367999773 ex
1221 22.7148665597197 25.6479662985075 19.8453970190603 ex
1222 22.9226493849419 23.1823145188391 31.6954582375474 ex
1223 35.3722612932324 22.2545111712534 32.7219577112701 ex
1224 24.8409597803839 21.5456931791268 32.6997835757211 ex
1225 31.3403865722939 23.0178287620656 24.736897946801 ex
1226 34.5600528954528 34.0958773004822 33.9704599014949 ex
1227 28.6470902604051 22.7110626476351 21.8658938014414 ex
1228 20.6767639860045 33.5645997026004 24.4153628889471 ex
1229 24.8801303741056 27.55571187241 26.6855548219755 ex
1230 28.9888169167098 24.7199496368412 32.1392501550727 ex
1231 35.3538415834773 26.8074362995103 20.9400243104901 ex
1232 31.8700025219005 22.457193078706 35.5772499050945 ex
1233 20.548058624845 24.4957862074953 27.7689104971942 ex
1234 28.1509897557553 34.9619927224703 21.4385838347953 ex
1235 21.2130145672709 35.7407149823848 25.1297960509546 ex
1236 28.7345534539782 20.3240669048391 35.570351798553 ex
1237 32.1588979710359 22.8851032245439 32.7584422030486 ex
1238 30.1634804659989 25.7370974540245 31.5660606662277 ex
1239 28.8911255863495 18.6138321787585 28.1172388773412 ex
1240 27.9443573674653 24.1121303853579 26.3557513023261 ex
1241 32.4233474710491 24.3613160143141 22.859395821346 ex
1242 32.0035020655487 27.904155152617 21.74238207913 ex
1243 32.3405348490924 34.1780027486384 32.4388502086513 ex
1244 33.8623997375835 27.0908737725113 21.3813094319776 ex
1245 27.6807203476783 19.3675275128335 23.8602316947654 ex
1246 22.2177298115566 23.5368251216132 24.8409167206846 ex
1247 35.9188728609588 18.880280721467 20.6924336764496 ex
1248 35.6606109335553 33.0962945949286 24.6456114316825 ex
1249 18.1819630728569 25.4556403837632 29.7776030872483 ex
1250 19.1994533445686 23.2462227935903 32.9970297277905 ex
1251 27.3370870680083 24.7850938022602 19.144723162055 ex
1252 18.9957179336343 22.472955852747 26.5915855956264 ex
1253 33.5822780304588 28.7296512352768 32.5481269040611 ex
1254 24.0965659485664 32.0410559957381 30.400971355848 ex
1255 26.3607235094532 27.8921011285856 26.7461721682921 ex
1256 25.9532612429466 21.3965275830124 33.8949008388445 ex
1257 32.7604258155916 19.6799164421391 28.944070431171 ex
1258 35.2224988089874 30.8840725242626 21.6483315974474 ex
1259 32.5753926415928 32.3350225894246 23.4851727986243 ex
1260 31.2709334583487 35.1049674151 19.1618017859291 ex
1261 35.7002125012223 24.8600192419253 27.6783054580446 ex
1262 23.7296218154952 18.1672825196292 23.0613405692857 ex
1263 28.0312967388891 18.2483575174119 26.5858345027082 ex
1264 31.3672633734532 29.4689235293772 20.6692138344515 ex
1265 33.2586902631447 28.8646770643536 28.8280548439361 ex
1266 25.8219408264849 29.3309490417596 33.16286782315 ex
1267 35.4271787186153 28.9883123564068 18.9073277201969 ex
1268 23.7218881431036 18.8547812721226 18.942179627018 ex
1269 27.2294116322882 35.5898363159504 25.1662102001719 ex
1270 34.0607572766021 23.0809056044091 23.7296314439736 ex
1271 26.3375499879476 24.6210800637491 28.0241895606741 ex
1272 27.3347706196364 29.547311067814 19.3616778939031 ex
1273 34.3232381863054 32.8419207967818 22.1145263439976 ex
1274 20.1593490187079 25.9263195109088 25.4757189496886 ex
1275 31.5389248994179 19.5067280796356 34.9505706846248 ex
1276 33.9111910250504 34.8174549262039 18.9432007856667 ex
1277 27.9802475783508 32.445788747631 34.2946615477558 ex
1278 24.0186065470334 18.0455785281956 34.59264869662 ex
1279 23.9047386490274 24.6385045135394 26.000538442051 ex
1280 19.6110390729737 20.0416483115405 27.9704731418751 ex
1281 31.6515179583803 25.6034771585837 23.1637428936083 ex
1282 30.1516767761204 32.0239122270141 20.1263958485797 ex
1283 25.694942579139 21.440990783507 27.1380310507957 ex
1284 30.0968463846948 35.6143536474556 24.8437712907325 ex
1285 23.7675079344772 33.3138210102916 27.9467997059692 ex
1286 19.3865358037874 18.2982836430892 23.5565694898833 ex
1287 30.3084625976626 35.4105991967954 19.361162558198 ex
1288 29.5670497636311 28.4004444824532 31.5103707045782 ex
1289 18.009332110174 23.1720403800718 20.8219290548004 ex
1290 28.7787111951038 18.1963858236559 18.7655323550571 ex
1291 27.6406661947258 18.4939535022713 22.5226958135609 ex
1292 23.3132416256703 24.061281749513 34.3368480291683 ex
1293 28.7069361556787 31.5469979650807 28.4335030966904 ex
1294 26.4869342921302 20.7242319919169 20.9022048639599 ex
1295 18.3923055808991 31.1977304196917 23.6479197912849 ex
1296 24.7253499440849 25.7117669321597 24.6356321661733 ex
1297 20.266948872013 19.5193027923815 27.327438397333 ex
1298 18.9604132906534 34.0451139002107 28.6647775010206 ex
1299 32.3583555642981 33.9277085780632 28.0233301492408 ex
1300 32.0416146465577 24.1363188757095 31.7969059748575 ex
1301 33.5533795284573 33.1560970724095 29.8926171935163 ex
1302 24.0982246890198 35.0529752729926 21.6450348251965 ex
1303 20.6861569867469 20.1726345643401 18.0195159434807 ex
1304 31.9061417016201 26.3301739317831 29.4035310673062 ex
1305 22.2317821569741 22.0492013529874 25.0084428933915 ex
1306 21.4931389181875 19.9318087524734 23.9196671950631 ex
1307 20.8296077540144 33.0970557460096 34.8059881071094 ex
1308 23.3677836910356 29.3571218592115 18.8515106348787 ex
1309 27.8231571270153 19.4989720364101 21.8889379827306 ex
1310 21.5535692381673 35.3321022987366 23.572596577229 ex
1311 35.5900842912961 19.6855942355469 24.0915672720876 ex
1312 28.8998761733528 23.9265427924693 21.5161251570098 ex
1313 28.5874566438142 21.8118836735375 31.2096847807989 ex
1314 30.0845485406462 35.227890813956 18.1782077772077 ex
1315 28.0810502076056 33.6024745698087 19.2927348893136 ex
1316 35.4088403608184 26.7545416585635 29.5206493213773 ex
1317 30.377866177354 30.3857690761797 24.3626233465038 ex
1318 22.5396547056735 30.8247383330017 23.8070843569003 ex
1319 34.1356623470783 27.7539923568256 30.6747000969481 ex
1320 27.070769548649 29.2359593592118 18.7130445649382 ex
1321 20.3647597655654 31.0491664088331 20.6318054930307 ex
1322 21.952999002533 29.940810036147 18.7365847222973 ex
1323 30.8499360946007 35.4236642045435 30.6776892982889 ex
1324 35.406481357757 27.7155089271255 33.9983751617838 ex
1325 33.3814012752846 18.6301498378161 24.2572449941654 ex
1326 22.5427142041735 28.7696262192912 34.6154441207182 ex
1327 19.4428954788018 20.1507571230177 20.2312266842928 ex
1328 18.9073697915301 33.4056264690589 33.1768670955207 ex
1329 34.1879910582211 31.3404885528143 28.9113740848843 ex
1330 22.9969918522984 33.2128541162238 24.955662461929 ex
1331 31.6231224189978 33.1515805213712 26.5219089421444 ex
1332 26.465918519767 25.4376448509283 28.0358038733248 ex
1333 33.0426203953102 25.1963260152843 20.8537001421209 ex
1334 35.2089260106441 32.1115271644667 22.7002645127941 ex
1335 27.9123781032395 34.9043551951181 28.7376687028445 ex
1336 31.9311382367741 20.3923866311088 20.0521982160863 ex
1337 26.0246449804399 21.9204751218203 24.8267312597018 ex
1338 25.74461433338 33.4749057109002 23.7314497814514 ex
1339 27.5433182136621 28.7681915806606 34.7958782997448 ex
1340 26.1841603938956 18.6640756933484 23.6347841979004 ex
1341 19.1925475222524 25.1317001071293 32.1475026404951 ex
1342 30.1391589895356 28.4436349947937 32.2561113936827 ex
1343 33.7179759750143 24.1225122991018 29.7116182018071 ex
1344 21.9339917842299 29.4699909056071 31.9677931854967 ex
1345 33.145398942288 24.4615841596387 34.6801696515176 ex
1346 28.8964651231654 32.6107379919849 33.8635411823634 ex
1347 29.8354264830705 33.2648689786438 22.7954450591933 ex
1348 26.0871198095847 34.9889858919196 23.9561117694248 ex
1349 22.3642524087336 32.9507571228314 25.2335224528797 ex
1350 31.5240293124225 20.5429285573773 18.9589983820915 ex
1351 25.9564917241223 18.4619456997607 19.4795678744558 ex
1352 27.0221361881122 20.9224080601707 26.050476469798 ex
1353 33.2682390522677 35.29876698507 34.7840385686141 ex
1354 23.7396977823228 33.8007048480213 25.2129156580195 ex
1355 23.723581293365 31.2385350640398 32.6206433735788 ex
1356 20.6650691328105 18.9918150699232 24.652357367333 ex
1357 18.2312237354927 29.129082596628 20.1327168494463 ex
1358 29.6107176563237 35.3837841979694 34.8445216787513 ex
1359 34.1294921217486 31.0666875934694 18.1298361362424 ex
1360 23.1237128218636 22.471380564617 20.0783083064016 ex
1361 31.068726477446 33.7569624639582 20.7557004946284 ex
1362 32.2870463994332 29.9932954090182 24.9763747933321 ex
1363 18.0297504414339 19.6501731963363 22.7049592381809 ex
1364 29.9356579638552 26.5962585038505 34.4501678920351 ex
1365 33.9126575174741 27.4145874229725 22.2263559962157 ex
1366 26.0492622917518 30.8619128791615 24.0401629412081 ex
1367 24.7418245836161 34.8353950357996 18.1537588306237 ex
1368 32.3539476292208 26.9153782089707 35.7512375032529 ex
1369 19.8831370247062 29.8695802704897 32.9436456288677 ex
1370 21.6692517488264 20.9448895617388 18.8965187731665 ex
1371 25.2779113135766 25.8517477009445 18.9831556659192 ex
1372 35.0124780815095 31.830187568441 27.6466531497426 ex
1373 27.0073510240763 32.7829672365915 23.113803193206 ex
1374 31.8828675071709 24.7782844214235 28.5043300322723 ex
1375 27.7906778324395 32.5087069603615 35.2398835381027 ex
1376 34.5259661043528 25.8040157791693 28.7172613642178 ex
1377 26.8827386887278 30.3827880916651 25.4661752330139 ex
1378 25.8065159467515 33.7203229984734 33.8792712879367 ex
1379 24.8212255486287 29.7518662891816 26.2003041664138 ex
1380 31.8979724505916 31.7644208546262 28.0395547084045 ex
1381 18.9072668391746 21.9280606196262 21.106143562356 ex
1382 26.9247016003355 28.9185650667641 34.1947270142846 ex
1383 33.4947762771044 28.1336276177317 31.0085094962269 ex
1384 28.8318126152735 30.0702612504829 33.4725858985912 ex
1385 21.9611657732166 31.6360805332661 22.6436930829659 ex
1386 22.565327601973 20.1396326872054 26.0473789316602 ex
1387 35.5409791292623 24.5085084133316 31.9842604328878 ex
1388 25.3403889585752 31.0283702840097 23.4614048872609 ex
1389 32.1008165739477 35.5247398652136 26.1452432430815 ex
1390 22.3621615755837 22.1576380026527 35.9903471644502 ex
1391 31.3896868077572 19.4213394324761 32.6325524970889 ex
1392 26.7930454311427 19.1461495789699 28.2402015840635 ex
1393 23.8996379261371 27.0636150960345 27.6937383897603 ex
1394 29.4184041181579 23.6600729690399 24.3092248335015 ex
1395 32.3999115505721 34.0008824220859 26.5550142615102 ex
1396 30.1109677960631 24.734907272039 20.1950456460472 ex
1397 25.2783184924629 32.2877158841584 25.8426629072055 ex
1398 19.5460825671908 31.9486877268646 33.5509570592549 ex
1399 32.9430157709867 22.7740505749825 18.3608565237373 ex
1400 33.29301810381 24.7604761067778 24.8346535309684 ex
1401 28.1669510120992 26.7588430594187 19.4270234431606 ex
1402 35.3004745736253 20.4974000127986 18.0963999459054 ex
1403 19.914216899313 29.2040964907501 21.4163676635362 ex
1404 35.3275993210264 34.0154318606947 29.4424187566619 ex
1405 31.8072081310675 27.7510945210233 23.4678849743214 ex
1406 34.920124652097 31.4356834259816 27.0774947991595 ex
1407 30.1041162551846 20.0864389794879 25.5134817967191 ex
1408 32.2071401735302 23.3802879832219 27.4027206320316 ex
1409 26.9137612786144 29.5382857276127 19.4011007642839 ex
1410 34.9936927312519 25.4487917553633 27.0379509357736 ex
1411 31.6561584649608 26.1523461923935 32.085046071792 ex
1412 34.192797221709 31.1782445427962 19.4263383406214 ex
1413 35.3597249018494 29.3720697737299 28.2563315902371 ex
1414 25.8752459485549 30.7460287893191 19.6408981767017 ex
1415 30.4626254157629 26.8936234503053 21.5982037691865 ex
1416 30.3832955758553 20.8544694355223 33.9747696958948 ex
1417 29.6571497975383 23.354563198518 34.3810763873626 ex
1418 27.825879514683 18.9475463298149 21.3128794818185 ex
1419 28.5679363862146 18.5619787720498 24.3649851565715 ex
1420 25.033451278694 31.4332153536379 19.7141478396952 ex
1421 19.5002059040125 18.216532647144 26.9639816579875 ex
1422 26.8769511817954 18.6610075403005 29.4264612239785 ex
1423 35.1837584392633 18.8863324096892 30.5217187176459 ex
1424 25.1258342952933 24.2538594871294 30.3013535833452 ex
1425 23.7337842516135 30.8977768491022 31.199437381234 ex
1426 33.577567687491 19.2746267965995 30.1507113964763 ex
1427 29.6839599485975 27.5119877734687 33.259397175163 ex
1428 35.7470681243576 31.1251492958982 21.8474952382967 ex
1429 27.5241984946188 21.4195283874869 31.5592070615385 ex
1430 28.1319671499077 32.1603816519491 23.7706490033306 ex
1431 23.2482531636488 28.6106453381944 31.4355256187264 ex
1432 35.3940550212283 19.0826809729915 22.6979751442559 ex
1433 30.7701104872394 19.7400757961441 23.0269089017529 ex
1434 21.0408758069389 34.0913050312083 33.4844284635037 ex
1435 32.0518236712087 29.6987864987459 31.8298588346224 ex
1436 27.3842340698466 32.2079414976761 18.3170844316483 ex
1437 30.1527186743915 31.2955750531983 24.5588256092742 ex
1438 30.1865210004617 25.0791339206044 23.2552924400661 ex
1439 27.5666467519477 31.7221143203788 29.1072358631063 ex
1440 20.0909252692945 29.776405503042 21.8325187019072 ex
1441 27.3178102115635 29.3977979170159 28.4669055398554 ex
1442 20.7862724920269 20.4103731275536 25.5050633405335 ex
1443 22.8623476703651 21.6241056555882 24.8478792482056 ex
1444 29.5344122601673 19.7777692186646 33.744158427231 ex
1445 28.5354387636762 23.5571050252765 24.8187348481733 ex
1446 27.5269703269005 26.6139391467441 20.5244315431919 ex
1447 20.1720393155701 33.080814915942 29.0075561075937 ex
1448 19.8068907936104 22.3537514379714 25.8524023115169 ex
1449 30.7529053778853 26.392161099473 18.927450920688 ex
1450 19.1750245185103 28.4729452801403 26.8661047380883 ex
1451 19.671465337975 21.360916255042 26.9450396085158 ex
1452 28.4522473355755 33.0241238519084 29.3676394487265 ex
1453 24.8743580584414 33.8696408786345 30.8606079672463 ex
1454 22.8732741093263 21.1712980407756 35.3184749372303 ex
1455 27.8865796935279 24.2489495554473 22.6732541099191 ex
1456 30.2610153001733 35.0532939943951 29.7806082158349 ex
1457 21.2801385798957 34.0372651834041 28.2398234640714 ex
1458 18.195854611462 24.9566633705981 22.7042445275001 ex
1459 33.2079073253553 29.9941107304767 30.4629782771226 ex
1460 33.7300778350327 35.963796668686 20.8840694769751 ex
1461 27.1008435862605 21.5611249522772 24.8689054858405 ex
1462 34.0829916200601 32.4172838469967 35.7094451226294 ex
1463 20.0767093563918 20.1656793924049 30.8953694519587 ex
1464 18.9200371871702 18.529131893767 33.9547517653555 ex
1465 23.5620258592535 34.8241946133785 23.6887765300926 ex
1466 31.109727076022 30.2916413745843 19.3548127289396 ex
1467 29.6883025032002 32.8010161509737 33.925854297122 ex
1468 27.7660276440438 35.0756593327969 31.9796165800653 ex
1469 21.7925300786737 19.9768594841007 22.7566262541804 ex
1470 29.6048415834084 33.2957515416201 26.1508795516565 ex
1471 29.0104967714287 31.4971341181081 23.0119084154721 ex
1472 28.2742593393195 31.4993558833376 26.7769303156529 ex
1473 33.691363052465 27.7510333752725 26.7422700943425 ex
1474 31.283837758936 35.3105675466359 31.7139323689044 ex
1475 20.6251396632288 33.3706831864547 28.1613861580845 ex
1476 30.0031283588614 23.9964785943739 20.2353684064001 ex
1477 23.2955363348592 35.5530387060717 34.1066009961069 ex
1478 35.2566673299298 30.2126127621159 34.5398234948516 ex
1479 34.3474041491281 25.6274676804896 25.8038352797739 ex
1480 34.1586346293334 30.6324988827109 31.3740696916357 ex
1481 22.4724996576551 25.8908345708624 23.4535646438599 ex
1482 22.0203525242396 30.2899270185735 31.5278417784721 ex
1483 34.9701586789452 26.0427018741611 23.0632592495531 ex
1484 26.4246145407669 24.404708977323 29.4603254434187 ex
1485 33.0769570895936 20.5961443183478 34.0695533833932 ex
1486 30.8100657195318 24.2605263818987 25.968226470286 ex
1487 21.2968966548797 34.7917568548582 21.924991265405 ex
1488 30.4634060550015 28.1418550903909 30.0470745554194 ex
1489 26.6790865573566 19.3049604184926 29.5130506963469 ex
1490 32.1432575562503 27.7986379724462 18.3409908309113 ex
1491 32.0748196754139 18.1173058212735 29.2104764780961 ex
1492 28.9460819454398 22.11464933143 30.3634781616274 ex
1493 27.0232732223812 19.4121371665969 28.5336798427161 ex
1494 27.5897902054712 30.9918391450774 27.2503219521604 ex
1495 18.6103546652012 27.7783261337318 35.9964243746363 ex
1496 24.8929141981062 35.8287500580773 26.375034873141 ex
1497 22.5153279341757 19.6561128410976 19.6004197320435 ex
1498 18.792642803397 30.8639213561546 34.0253649656661 ex
1499 19.6236870475113 29.9786471235566 29.9759836583398 ex
1500 29.8412923510186 32.8999925639946 28.8671863970812 ex
1501 32.4248447481077 32.2393265238497 28.2423339260276 ex
1502 23.5597595241852 19.3607387677766 29.692947920179 ex
1503 34.6751843944658 30.8261773358099 34.0406077641528 ex
1504 27.8634069268592 19.7352132538799 25.6243866302539 ex
1505 26.0381069222931 23.2807511079591 24.2363694971427 ex
1506 25.4976539423224 20.3415168416686 23.3362899553031 ex
1507 31.5895188106224 19.8312176933978 31.8864278565161 ex
1508 33.6926305491943 24.9513174043968 31.5313847183716 ex
1509 31.0684073921293 22.938597885659 18.2426687255502 ex
1510 20.602878482081 20.3844539532438 27.71051640925 ex
1511 27.0170848274138 23.3583677480929 22.9460532567464 ex
1512 22.2565545416437 35.5992652627174 25.3440057300031 ex
1513 32.9856591511052 18.7897723703645 30.6878754124045 ex
1514 28.9614130083937 27.7491429590154 31.0243560397066 ex
1515 23.8067679244559 30.532503930619 21.7401717207395 ex
1516 31.1306864835788 33.4341616337188 19.6221442816313 ex
1517 19.8719991019461 18.1515256292187 25.7043782491237 ex
1518 21.6316858725622 28.4200862243306 24.5301533534657 ex
1519 24.4160401558038 33.6008736267686 29.3825029321015 ex
1520 20.883203672478 20.8786051077768 34.549397686962 ex
1521 25.5589182171971 27.6232741889544 33.8967307023704 ex
1522 22.1591460830532 18.0530867816415 27.4075720533729 ex
1523 26.4338680573273 20.3480777379591 24.538802157389 ex
1524 34.0145924743265 35.516847869847 33.8428236606997 ex
1525 22.8587773758918 33.1734508532099 20.5720723429695 ex
1526 24.3796627463307 19.1698625918943 31.0813704768661 ex
1527 23.6472156781238 35.936182276113 19.8011221890338 ex
1528 35.8589047186542 35.6632670913823 33.0031505564693 ex
1529 30.3681302114855 24.6566267744638 30.679397684522 ex
1530 29.9682473225985 20.0674817573745 21.728321041679 ex
1531 22.9120534318499 35.9827402015217 27.8066118203569 ex
1532 35.8829438362736 32.0298900527414 29.2888428028673 ex
1533 31.8262362070382 24.290442008758 32.478495414136 ex
1534 19.080856136512 26.5335994628258 21.2098518519197 ex
1535 28.0093582889531 27.9778649876826 21.9305145747494 ex
1536 32.4907165854238 30.0847025341354 31.8697171180975 ex
1537 31.2897034862544 31.8245087871328 23.243569447659 ex
1538 23.7508879597299 25.0095852594823 26.8777862917632 ex
1539 31.5959159764461 23.4385248932522 33.9263686102349 ex
1540 19.8805783123244 24.6940311149228 20.6985969187226 ex
1541 28.9106168460567 22.9495378602296 20.170370813692 ex
1542 22.3073840539437 25.1552973280195 34.5730794570409 ex
1543 32.1700320909731 25.4982024978381 25.8089762823656 ex
1544 27.9060357210692 28.9764998273458 30.6374611537904 ex
1545 22.7823614333756 29.3149107457139 20.2132511695381 ex
1546 29.5928120482713 25.7922343059909 28.3300051705446 ex
1547 25.2436133106239 19.7306098293047 21.540038337931 ex
1548 34.0615536079276 31.2948886479717 33.3122724446002 ex
1549 31.2424372492824 23.5781246831175 32.1766591994092 ex
1550 30.2504365362693 27.3639548602514 22.5529902251437 ex
1551 34.4599716921803 23.7619424371514 31.519972774433 ex
1552 31.8439110759646 30.6447502714582 32.7813721953426 ex
1553 22.984954532003 31.1562973698601 32.686382282991 ex
1554 27.0344030142296 23.1290580325294 24.0725755135063 ex
1555 20.0807895206381 24.8704740786925 19.9020058091264 ex
1556 19.7846284059342 21.6121850379277 35.6124015341047 ex
1557 19.4748037322424 28.2382622398436 18.2862280514091 ex
1558 20.608880210435 27.3820939669386 35.7679859520867 ex
1559 20.4601781358942 32.560085802339 26.2505522540305 ex
1560 22.8054705043323 19.5922506588977 23.3129813845735 ex
1561 31.5901387063786 18.150087678805 22.6257771120872 ex
1562 33.7586648622528 26.5630759131163 31.8597523542121 ex
1563 29.9854074262548 33.4108756254427 32.7510957261547 ex
1564 33.1510415601078 21.7451508091763 24.6486848313361 ex
1565 33.0275902589783 26.563736903714 33.2937043081038 ex
1566 20.333535715472 34.3813242872711 35.7469347186852 ex
1567 28.2404804080725 21.4158560575452 35.3634454463609 ex
1568 26.7946286962833 19.3713370000478 24.8858770686202 ex
1569 30.3137806151062 31.1926562984008 32.3396436108742 ex
1570 21.8465783665888 35.5142377638258 19.6463498889934 ex
1571 27.1568433302455 30.5269975799602 18.9417782360688 ex
1572 20.4923052918166 31.7109837119933 21.1553384980652 ex
1573 34.551408512285 26.3333835743833 35.8066273161676 ex
1574 31.1123614821117 23.7909163015429 27.333416458685 ex
1575 28.8662281755824 31.6647404874675 20.0092550681438 ex
1576 32.0823572308291 22.1540967489127 29.9765917321201 ex
1577 27.7561865681782 26.4707676623948 31.9864536360838 ex
1578 22.1675783568062 34.3336516062263 34.7798731657676 ex
1579 34.5347604346462 18.5083868149668 35.0079700241331 ex
1580 23.445055969758 26.3954092168715 19.2079162483569 ex
1581 34.0353383384645 24.553524245508 31.8028998214286 ex
1582 29.951633655699 25.7423644468654 23.6977595591452 ex
1583 25.8863855022937 33.9979154397734 21.8679003803991 ex
1584 24.5482447075192 35.1378438610118 34.4385559586808 ex
1585 30.7975275171921 32.3346191579476 24.2603390163276 ex
1586 35.2987359466497 22.9145113362465 23.3412572247908 ex
1587 35.4279856090434 33.6453254290391 27.5307250909973 ex
1588 34.6581926713698 27.097158342367 18.1591659383848 ex
1589 33.1627686936408 19.7733299883548 31.156368738506 ex
1590 30.6884997312445 32.6678254054859 30.513928164728 ex
1591 34.9784217660781 32.5628558313474 28.0244670051616 ex
1592 29.5474948065821 31.1074527669698 29.7327590002678 ex
1593 27.1493576357607 34.858860330889 25.9001161067281 ex
1594 23.7313395815436 34.5322733914945 26.1654497769196 ex
1595 31.9242462834809 34.5139960665256 23.3812344851904 ex
1596 31.3266849606298 33.1542374875862 23.7880769991316 ex
1597 24.9008640917018 23.4909564692061 30.2351374919526 ex
1598 21.4634797871113 18.3509612304624 28.3695697374642 ex
1599 33.9366890189704 24.6827366300859 23.2611718080007 ex
1600 26.9412838257849 33.8855357801076 22.7842612359673 ex
1601 25.9455995634198 18.0310078260954 24.7734367449302 ex
1602 19.2738437226508 32.8877878023777 19.2784591307864 ex
1603 26.8366499633994 20.5896219990682 32.0682328667026 ex
1604 21.7585566036869 22.3993200769182 34.7956836458761 ex
1605 25.7278000917286 30.8369976223912 18.8125674354378 ex
1606 34.9431127682328 23.4237640367355 20.8087681948673 ex
1607 31.8471521541942 18.9081824638415 30.1590267831925 ex
1608 19.7736168403644 22.7311682910658 34.5943636142183 ex
1609 18.63699574559 21.0281454843935 29.7335301034618 ex
1610 28.0572018409148 35.3786811691243 34.8477558146697 ex
1611 23.6837801006623 21.9453949800227 23.7063832466956 ex
1612 33.2376062877011 27.5537188218441 30.4699943910819 ex
1613 24.4808405351359 20.5717200576328 27.5508341519162 ex
1614 34.1957056601532 24.2027257476002 28.9553605259862 ex
1615 25.4456863249652 24.189792486839 28.5417903447524 ex
1616 23.5745210463647 22.8242228005547 29.4110993195791 ex
1617 23.3868527135346 20.8420053117443 22.1167768202722 ex
1618 34.611598135205 21.0445754583925 31.6604569356423 ex
1619 24.5049792092759 34.0401070923544 24.2260959150735 ex
1620 20.2361976674292 24.1946052655112 23.1735705845058 ex
1621 22.9812259012833 35.8111102082767 20.6222147818189 ex
1622 33.6969974315725 22.8176549740601 20.0443218732253 ex
1623 18.270207936177 19.8757676377427 35.6890719425865 ex
1624 18.8102458242793 20.4977534413338 24.509642154444 ex
1625 23.3761454960331 26.7405436749104 23.4028531888034 ex
1626 23.5527691873722 35.8774196149316 25.4177261851728 ex
1627 30.5659250183962 33.983087458415 28.8763273225632 ex
1628 29.2009290494025 30.4413186141755 32.1080878067296 ex
1629 27.5548865750898 27.0375049391296 18.3686099399347 ex
1630 35.5884530313779 29.2860779815819 26.5535092558712 ex
1631 26.1257350083906 18.105690972181 33.9458997594193 ex
1632 27.8513960484415 22.8416267961729 32.657792983111 ex
1633 33.0467705682386 24.1364411918912 19.2906296697911 ex
1634 34.638442868134 33.4259912727866 34.4402590480167 ex
1635 35.2292085341178 24.494228591444 33.8445690947119 ex
1636 33.0380923186895 27.3194427182898 19.1866800994612 ex
1637 31.8534088397864 20.8258222138975 22.6275620853994 ex
1638 18.5924430033192 25.5062323417515 30.7390888708178 ex
1639 22.6333194375038 19.4576043921988 27.9529355431441 ex
1640 19.0501556510571 35.4818195344415 28.8519293621648 ex
1641 26.6615604662802 23.1224273089319 19.4809287174139 ex
1642 30.8231317289174 27.9830436571501 29.8011383560952 ex
1643 29.0483176547568 30.890269221738 30.2972722609993 ex
1644 23.1988507912029 28.6504069156945 25.4785284937825 ex
1645 24.8053973908536 31.4149110675789 31.0299182615709 ex
1646 20.3834609875921 20.4751360453665 32.6697423534933 ex
1647 25.8522480090614 28.7625093976967 27.6103610359132 ex
1648 32.8725095323753 18.55639906344 23.9256320677232 ex
1649 22.1761722632218 25.6605322551914 18.3025252467487 ex
1650 21.0694520573597 30.0603494159877 33.0147049699444 ex
1651 28.7984012027737 18.5210513053462 27.9945944398642 ex
1652 25.8355804928578 31.2666019483004 24.7221297139768 ex
1653 33.5415635548998 22.2470434955321 18.3731458948459 ex
1654 27.9473157564644 34.9550711275078 35.943008829141 ex
1655 18.0917906942777 27.1440748660825 25.181060330011 ex
1656 24.6953411486465 21.7870297154877 34.0091718083713 ex
1657 35.3133297441527 25.1288890661672 35.4490320079494 ex
1658 32.9391560761724 26.1959004781675 30.1444277595729 ex
1659 22.6522552352399 19.2212382487487 21.4827314608265 ex
1660 22.6849636107218 23.394844540162 35.6155914198607 ex
1661 20.7885549075436 28.263016594341 20.5289899916388 ex
1662 26.2317401347682 25.1644813057501 30.5701082085725 ex
1663 32.028533164179 30.4707104694098 32.3177297131624 ex
1664 18.8998314456549 34.8915060823783 20.0763933537528 ex
1665 25.5116867546458 19.2928778859787 28.8751338657457 ex
1666 21.5546383713372 28.1506537408568 23.4316396669019 ex
1667 35.9661845825613 25.3413231605664 34.4601714164019 ex
1668 18.4007903565653 21.7184412225615 23.5091375205666 ex
1669 24.6347333244048 19.7217648453079 20.1936947738286 ex
1670 35.3459896056447 31.8603919353336 20.6384808844887 ex
1671 20.0813444512896 28.9760516509414 29.617319224868 ex
1672 29.041990858037 28.3489150069654 23.4706472712569 ex
1673 35.8923048570286 32.8566869751085 21.2453558882698 ex
1674 25.6060605549719 21.4655164652504 32.5029745011125 ex
1675 20.4246371632908 24.0371194283944 25.741717889905 ex
1676 21.3447511896957 32.6588495413307 26.4855427616276 ex
1677 31.9120880416594 29.035950739868 26.128258888144 ex
1678 27.1267622255255 25.4730880165007 33.554191500647 ex
1679 28.2701904177666 20.8275529905222 31.7779586564284 ex
1680 29.3397071594372 30.3180611494463 18.3455179140437 ex
1681 30.7354297009297 19.6273830132559 19.7435659342445 ex
1682 32.2508999123238 21.6288564407732 25.4239533499349 ex
1683 35.6401361415628 33.4195794227999 35.0545635765884 ex
1684 20.9283005194739 23.379652157193 29.65650907089 ex
1685 33.4762957971543 32.6961997656617 25.8897273757029 ex
1686 30.4532664793078 29.469072928885 20.5191895177122 ex
1687 19.2269976427779 32.0767693175003 28.6811107848771 ex
1688 33.1245580469258 35.5256436709315 31.7557923446875 ex
1689 30.4911567615345 31.7712156074122 26.6049553258345 ex
1690 34.4390907953493 20.2466260294896 26.7110014653299 ex
1691 24.8578888517804 18.5649283614475 22.7696835116949 ex
1692 33.120485890191 33.3725619637407 34.8809050356504 ex
1693 32.2140733751003 25.882839763537 21.207711160183 ex
1694 30.009565009037 23.1819156631827 26.4572430662811 ex
1695 25.548772625858 29.4397431996185 35.4567612146493 ex
1696 27.2502172645181 18.9611318164971 23.1103992701974 ex
1697 34.5959674895275 33.2777398433536 27.5983784366399 ex
1698 21.2183555727825 35.6405133020598 32.9663621454965 ex
1699 27.429283748148 31.3259431591723 25.5919982846826 ex
1700 27.0763449738733 31.3169904905371 22.0666715756524 ex
1701 21.6444165224675 20.3625578822102 28.9927602650132 ex
1702 32.6869777911343 29.4010754297487 27.5666951825842 ex
1703 19.9287182569969 34.2586617057677 20.5952555313706 ex
1704 22.2587368534878 29.1483337243553 27.3075174961705 ex
1705 29.8932044003159 22.1513176781591 26.9879618792329 ex
1706 24.0238562177401 28.2812645719387 33.2039717696607 ex
1707 21.7647096198052 27.1948658386245 30.8975904851686 ex
1708 32.3473630687222 30.0240607496817 20.2343413792551 ex
1709 29.3820520089939 24.2999390705954 34.1698207994923 ex
1710 25.8384977979586 30.3806673621293 35.9930513554718 ex
1711 22.349692665739 27.6656414205208 20.095674186945 ex
1712 18.9523816092405 31.7548289285041 22.8459707337897 ex
1713 24.9574844357558 21.4330768510699 26.7784970379435 ex
1714 33.2114050977398 32.2227718220092 29.2636907107662 ex
1715 18.7012738692574 26.1470433599316 30.2593877234031 ex
1716 32.6521180993877 28.7369318797719 34.6825904012658 ex
1717 26.5372313817497 27.6074087310117 22.1936344567221 ex
1718 35.8315087028313 30.3240113761276 24.2127183135599 ex
1719 35.5888642473146 19.0640574016143 35.7485636908095 ex
1720 22.5151121474337 31.0341451358981 20.4485195723828 ex
1721 24.8555655053351 22.1163023139816 22.8628210411407 ex
1722 20.0598984067328 28.4995825621299 25.1210192961153 ex
1723 22.2748925529886 23.8082405829336 25.2981134003494 ex
1724 26.9715662044473 31.3054070179351 35.7831598387565 ex
1725 19.9815855801571 27.6321441414766 20.4809493143111 ex
1726 19.3974592280574 25.3407390315551 20.1437112898566 ex
1727 28.9006667479407 26.5723033738323 25.6741862786002 ex
1728 27.790059920866 29.6953089814633 34.1473331020679 ex
1729 30.842933895532 35.3142245598137 20.5484354898799 ex
1730 23.9331295762677 32.6616616174579 26.5308089714963 ex
1731 34.9124379255809 20.6242140389513 28.3540447778068 ex
1732 19.0488958712667 29.2184606920928 20.8758653237019 ex
1733 32.1272860532627 33.2906189085916 20.0317677310668 ex
1734 25.2808372112922 19.9264794639312 19.9281286019832 ex
1735 31.5307987290435 24.4135137228295 27.3092923101503 ex
1736 24.65556116472 31.8497003400698 34.2725690479856 ex
1737 24.3043494408485 25.0740701318718 28.6730584977195 ex
1738 24.1491599236615 24.3621930286754 27.1383431309368 ex
1739 33.9325682588387 28.8073084896896 22.6291851657443 ex
1740 29.2949544265866 18.9232998513617 27.3676088796929 ex
1741 26.7428604420274 34.9611406975891 26.3766477624886 ex
1742 24.3885080069304 27.4412622349337 19.3548070231918 ex
1743 21.2838987919968 25.2155417052563 22.7870253443252 ex
1744 19.0139342031907 31.4901126208715 26.8140010326169 ex
1745 28.9898068881594 31.0740547950845 27.8361163900699 ex
1746 29.5702522126958 32.132980043767 24.5787742023822 ex
1747 22.2363421234768 33.3594200010411 32.5185849999543 ex
1748 21.9998647333123 24.3004707475193 25.0763934559654 ex
1749 30.9314425990451 20.0717217072379 20.8166188071482 ex
1750 20.4352017496713 19.5049437612761 21.5452266109642 ex
1751 34.8470446006395 18.3208250536118 33.9385511958972 ex
1752 32.0342028269079 26.6124814266805 34.3491049087606 ex
1753 31.4569455944002 35.1441002755892 24.7838410953991 ex
1754 29.4782447856851 23.3980008980725 25.5085859810933 ex
1755 31.7181691739243 28.5128949470818 23.144542289665 ex
1756 24.5134334859904 26.1415077093989 33.759650048567 ex
1757 25.1399836349301 19.2968949349597 20.0991647981573 ex
1758 18.7261404455639 29.5643956866115 34.6010606789496 ex
1759 23.701525054872 21.7665332255419 25.991539937444 ex
1760 31.812677612761 29.4915641862899 31.5865927159321 ex
1761 24.3089815690182 29.2830307574477 34.4636712633073 ex
1762 20.70701278653 28.6621833550744 31.7820304159541 ex
1763 33.7393876684364 21.8345051286742 18.2289989648852 ex
1764 18.520340670133 32.0045963393059 30.6111309204716 ex
1765 34.8765554446727 33.8431262322702 21.1082206210122 ex
1766 20.8258233536035 35.5438371985219 28.8166408520192 ex
1767 24.0731704363134 22.5004222027492 18.7580704044085 ex
1768 30.2956812866032 23.479275743477 19.0423033765983 ex
1769 25.9662136153784 31.050379952183 25.0954122438561 ex
1770 35.1277907306794 29.6419667971786 35.1559536650311 ex
1771 22.9008148789871 31.0310222411063 31.8054950074293 ex
1772 23.9619301331695 20.452634919202 27.6175135262311 ex
1773 29.1605100312736 28.9802748612128 30.2816745846067 ex
1774 23.9711598809808 35.0305751855485 33.3652869558427 ex
1775 29.2604984820355 26.1370812484529 27.9517467957921 ex
1776 20.7762371983845 19.8761327911634 23.6345030688681 ex
1777 19.2825967383105 25.0834100514185 18.3829437452368 ex
1778 19.4614013738465 30.3021299003158 32.9344515502453 ex
1779 31.2809531651437 23.1544878208078 31.5223881250713 ex
1780 25.3145216922276 34.579185066279 27.7832844452932 ex
1781 32.7475703575183 23.0929450867698 35.4090717113577 ex
1782 34.1948998619337 27.0316649174783 32.7001593196765 ex
1783 28.0368413003162 30.0738356469665 28.9683158141561 ex
1784 27.6681337195914 19.8110965082888 22.5569309764542 ex
1785 27.6403045603074 25.4789813905954 18.1746681835502 ex
1786 28.1097158908378 30.8362541883253 23.5809934772551 ex
1787 22.3144206297584 27.723159460118 33.6200999340508 ex
1788 30.8932601553388 19.5551360305399 32.9935061468277 ex
1789 26.1213995532598 20.8910366329364 29.8875092843082 ex
1790 22.7007574727759 20.9493981355336 32.8830546785612 ex
1791 28.5284364577383 27.8844723701477 33.547348290449 ex
1792 30.3147695739754 30.6995295265224 30.7398005959112 ex
1793 21.6405150063802 24.7418321159203 33.3169519687071 ex
1794 25.613495569909 28.5118605017196 29.288009857526 ex
1795 34.632575634867 28.5607144378591 33.0442503020167 ex
1796 23.8017607352231 35.4405220183544 32.9848896230105 ex
1797 23.1106711737812 24.6428504218347 31.595679780934 ex
1798 29.9864541012794 18.3459913479164 21.7105725819711 ex
1799 27.8998908004723 28.4668399114162 25.7284128661267 ex
1800 19.9326469087973 28.2514348323457 27.6042163115926 ex
1801 26.4407703171019 33.8370045400225 34.0814160085283 ex
1802 31.2583109005354 25.2305159831885 34.6746135216672 ex
1803 20.5818554870784 27.5270791987423 32.556143901078 ex
1804 24.517975409748 21.3589337840676 22.5506103124935 ex
1805 35.0079462020658 27.1251645421144 35.0375566610601 ex
1806 22.6685045615304 18.2981857568957 23.085356205469 ex
1807 31.468114517862 18.0501229676884 21.6967557352036 ex
1808 21.3917917462531 18.4601414650679 19.3362972396426 ex
1809 28.6944321759511 30.315334613435 35.7528887218796 ex
1810 34.8226525201462 22.7439889842644 34.0271598522086 ex
1811 21.4059070530348 31.1495886349585 31.8064127922989 ex
1812 26.3168477031868 23.861725438619 23.7185066451784 ex
1813 24.7090426078066 21.5107750049792 21.8019797296729 ex
1814 24.6856532411184 25.7397690967191 35.3206730470993 ex
1815 22.7753731005359 35.780675343005 35.3944922604132 ex
1816 31.729851461947 29.7750662609469 18.9251175425015 ex
1817 22.6617213815916 30.0680438913405 18.0570344747975 ex
1818 29.1220330491196 23.9949929481372 35.8186363440473 ex
1819 19.0610749388579 20.6167478787247 25.525517312577 ex
1820 24.2808412131853 32.0906960098073 32.7507391297258 ex
1821 29.4740409592632 31.8816677646246 34.5389981193002 ex
1822 33.1769059062935 26.2626670529135 32.7445177885238 ex
1823 28.7221924853511 25.4692525982391 25.2806627999526 ex
1824 35.1482124009635 25.9898109780625 24.9046187812928 ex
1825 35.1422429885715 23.403329834342 29.2482606400736 ex
1826 33.1446927317884 20.9737381832674 31.0605234547984 ex
1827 30.6245743120089 28.9129704923835 22.587479156442 ex
1828 22.0288161877543 34.100483095739 33.5088276439346 ex
1829 29.2030704831704 28.0000220071524 24.2558538115118 ex
1830 31.2828927671071 31.6911730368156 33.7076055828948 ex
1831 30.4633945534006 28.9719397365116 19.4634914391208 ex
1832 19.503319381969 24.9929728151765 33.2781277894974 ex
1833 28.243219824275 33.3310107041616 21.4507120114285 ex
1834 31.6095990643371 21.896823086543 19.5396391735412 ex
1835 20.0030747312121 19.8368351249956 24.2231359898578 ex
1836 20.2074028400239 31.5292226036545 25.9679429708049 ex
1837 21.8343238884117 21.405761460308 29.8556589230429 ex
1838 31.1429904727265 29.0382533427328 35.206529395422 ex
1839 18.4508623452857 28.4202638482675 18.0892769619823 ex
1840 34.0493331579491 34.4482344519347 20.8507847886067 ex
1841 29.7339114299975 34.8591599145439 33.6317931488156 ex
1842 22.9647244054358 24.6521102064289 20.8978356982116 ex
1843 18.8591554113664 33.8191977955867 22.3183802613057 ex
1844 35.5212125079706 20.324415685609 24.6545947368722 ex
1845 18.8399263522588 32.4654675151687 25.2988999388181 ex
1846 30.0850624376908 33.0543224767316 21.9772486344445 ex
1847 26.5963147694711 26.3721672520041 33.2312647721265 ex
1848 26.8105096218642 35.9580594263971 34.0512202670798 ex
1849 34.8260827146005 34.2608044277877 25.2527565762866 ex
1850 25.3716865677852 22.3821532430593 22.7484664972872 ex
1851 20.2294912720099 22.8186820677947 28.5839174902067 ex
1852 31.1414287355728 19.6338786117267 22.8141760665458 ex
1853 29.6138199528214 32.0440842404496 23.2982326871715 ex
1854 18.0222313902341 26.1904176545795 25.5560012396891 ex
1855 18.0971904303879 35.32859800593 29.5902937133797 ex
1856 28.114552177256 31.3384496034123 29.8031382891349 ex
1857 30.7226488147862 34.6996010870207 26.6284338219557 ex
1858 18.9826416939031 19.0264057554305 19.7599878008477 ex
1859 20.679448237177 25.4816210870631 26.2376857863273 ex
1860 27.0647621995304 33.9266874440946 27.2074600525666 ex
1861 31.07674888568 24.5532108100597 20.8120663962327 ex
1862 31.7312863853294 26.626669742167 31.7394475392066 ex
1863 34.4827690322418 26.2493665055372 34.1817521625198 ex
1864 21.6362698238809 32.9239567499608 20.1904170096386 ex
1865 24.4928304436617 25.919796395814 20.6432693838142 ex
1866 18.1756704444997 29.0297783601563 29.4138485840522 ex
1867 30.4931777359452 19.7726055099629 34.7270999022294 ex
1868 28.1757723833434 24.2019453919493 20.3503521804232 ex
1869 30.4322492959909 20.2503360903356 27.9319806289859 ex
1870 30.4194489608053 28.7598324941937 29.7044021538459 ex
1871 20.034525656607 28.6917506959289 18.5893851614092 ex
1872 23.6512260201853 28.4200498473365 32.4194705914706 ex
1873 18.9547508219257 30.2099400348961 31.1209232360125 ex
1874 18.008556725923 23.9910309514962 18.9881909871474 ex
1875 27.3798796220217 25.2576252680738 28.1805366564076 ex
1876 21.1311956758145 35.2481137251016 35.7146381353959 ex
1877 26.2671521895099 23.9860413626302 27.794235925423 ex
1878 23.4535756024998 34.4308688654564 30.368700100109 ex
1879 20.2437960323878 35.7908818975557 31.4703773648944 ex
1880 32.4876881530508 27.9177998073865 33.1552399059292 ex
1881 23.5756870233454 34.342256946722 29.2805253022816 ex
1882 23.4980236797128 24.1841253314633 24.7073994709644 ex
1883 24.6357632097788 27.5204741333146 27.2764284582809 ex
1884 31.8858253413346 31.1533178705722 26.0772861526348 ex
1885 34.807256455766 26.868090036558 26.914558885619 ex
1886 26.8564995024353 29.2584975475911 26.7606839383952 ex
1887 29.6376098587643 35.2354821444023 32.0771659761667 ex
1888 23.8869022326544 26.0561491465196 33.4544519151095 ex
1889 27.9034397767391 27.8685771983583 32.6864982107654 ex
1890 21.7875993028283 33.924424899742 21.4991133233998 ex
1891 32.6655077845789 25.1152951288968 24.8536335907411 ex
1892 28.8813012891915 23.1148565744516 28.6091979818884 ex
1893 21.881364720175 32.7471046792343 18.5969981516246 ex
1894 20.0472390993964 29.4878171130549 35.4666296057403 ex
1895 33.1781280629802 26.8095441891346 27.2128500491381 ex
1896 32.4763411921449 26.3814271381125 27.8310946249403 ex
1897 30.3023288839031 31.3569761486724 23.1890695288312 ex
1898 33.2574900498148 19.7055751744192 23.8421924090944 ex
1899 28.5923926725518 30.1908259540796 34.4866200729739 ex
1900 34.646760314703 25.6959611400962 19.7959764010739 ex
1901 21.3041954548098 20.8203066182323 22.7096074253786 ex
1902 26.5769735896029 23.0593453012407 29.3365897762123 ex
1903 28.237365734065 19.9911970552057 19.0417641589884 ex
1904 18.6609743968584 34.4716543885879 23.2037884639576 ex
1905 24.063956717262 26.166869451059 28.3734753897879 ex
1906 22.3314059171826 25.1342478687875 35.5142890601419 ex
1907 23.0058075652923 35.1289957556874 27.7723853501957 ex
1908 21.53437569784 35.0552443768829 21.9277131294366 ex
1909 25.7892871110234 20.4013355998322 22.602918635821 ex
1910 25.1259865474422 19.5489077286329 24.4746575306635 ex
1911 19.728251850931 26.543577382341 20.0166330868378 ex
1912 29.9790329376701 31.8200027591083 31.9357122818474 ex
1913 29.7443784191273 35.6272568565328 20.166016650619 ex
1914 32.971537320409 18.8860812452622 18.1337651563808 ex
1915 31.3372481751721 27.6493981240783 32.9927367358468 ex
1916 35.6461131386459 25.3996985282283 18.9877919056453 ex
1917 22.0568840932101 33.609197857324 30.9023546592798 ex
1918 23.985029197298 22.264785049716 23.5405806635972 ex
1919 19.4140629949979 20.6028046051506 35.8178066527471 ex
1920 24.065179257188 32.050840417156 33.6550988852978 ex
1921 30.1156432805583 20.9105198031757 23.5925347239245 ex
1922 24.9696384251583 19.2113284822553 27.2407558457926 ex
1923 21.6832775110379 20.6817137466278 35.2691739848815 ex
1924 20.0874223588035 30.7706493125297 30.3299983823672 ex
1925 28.4171594327781 29.1899835967924 33.2720942890737 ex
1926 21.3016190256458 24.6665473179892 27.0586304985918 ex
1927 25.320667170221 20.5013543190435 20.2376873255707 ex
1928 20.6372716587503 30.573680837173 19.1508773893584 ex
1929 31.0110774657223 22.3375318560284 19.4743556701578 ex
1930 19.7643737739418 34.266205534339 30.4768799506128 ex
1931 23.9291692650877 29.3245017898735 23.5692123735789 ex
1932 34.0144782259595 22.4689555945806 20.1454528712202 ex
1933 26.8929001658689 25.9578900414053 29.5662640004884 ex
1934 23.6760006339755 34.3612302520778 27.7850933386944 ex
1935 30.6011495478451 25.2555858234409 30.0739545091055 ex
1936 29.9340757355094 20.1530740866438 29.100905821193 ex
1937 24.8914975987282 24.4550460230093 19.4230675019789 ex
1938 26.4173221949022 35.9949547944125 18.2019491163082 ex
1939 29.9537110547535 25.0846946700476 24.7914578779601 ex
1940 21.1349082030356 24.5526711004786 18.9527809869032 ex
1941 35.9548657129053 31.2514239912853 35.181391723454 ex
1942 27.5241415782366 34.835230730474 22.3687523838598 ex
1943 22.8025368948001 28.3117203081492 35.1225093612447 ex
1944 23.4875282351859 24.2331404944416 19.0856266352348 ex
1945 28.291565825697 28.02506068605 21.3312830100767 ex
1946 24.1680537930224 22.3747913728002 30.0481441521551 ex
1947 35.8601813148707 22.2740085283294 20.4349432459567 ex
1948 20.3758276060689 21.9964350101072 28.5627562894952 ex
1949 31.5257434137166 27.7354770035017 27.7815347623546 ex
1950 22.5931536071002 32.3457231465727 29.915244466858 ex
1951 20.3721995542292 21.2366700721905 25.3369120936841 ex
1952 31.3367683242541 30.6957549732178 30.6605971725658 ex
1953 29.298748467816 29.27054084884 29.4787223800085 ex
1954 35.5877651099581 24.2242839077953 35.5213228631765 ex
1955 34.7467801005114 33.0325485297944 29.5054662323091 ex
1956 29.8870440220926 24.0150583251379 22.5207573228981 ex
1957 28.8696772428229 34.6893522783648 31.7610614744481 ex
1958 26.6996466713026 32.915037605213 31.9681157751475 ex
1959 22.344382295385 33.0247578478884 27.6986774099059 ex
1960 27.7096258653328 22.2139637714718 18.9791534997057 ex
1961 30.7430305262096 24.2571542239748 31.2023711239453 ex
1962 31.2881577000953 19.7929907424841 29.0911935614422 ex
1963 34.9143326326739 19.2407778152265 32.5403424415272 ex
1964 25.758575973101 19.1484091067687 35.4271951254923 ex
1965 32.2415016489103 27.4384106765501 26.0607869073283 ex
1966 32.5092458231375 22.2775808651932 34.9907485800795 ex
1967 29.7723082574084 31.1013578528073 27.9622409809381 ex
1968 32.2661730274558 21.8586829744745 29.7876003757119 ex
1969 34.9904152718373 30.5078139253892 20.4902469941881 ex
1970 28.3782548420131 21.7907574407291 27.0829890635796 ex
1971 31.9209283657838 32.1698032075074 23.6420436033513 ex
1972 23.8438858280424 35.8101078621112 22.5231673638336 ex
1973 33.4599899859168 31.1473809657618 33.2463423665613 ex
1974 33.4734952473082 20.9160123381298 30.393848555861 ex
1975 25.3493556303438 30.4938605469652 31.07604778721 ex
1976 33.1282894960605 18.7007742992137 25.4210599656217 ex
1977 22.9900437926408 34.4531739228405 22.0327300543431 ex
1978 30.3041164611932 27.5949935545214 27.4021912219469 ex
1979 20.2933328093495 31.4990894102957 27.8018225955311 ex
1980 24.9255332960747 35.1841882311273 24.4260362915229 ex
1981 29.6646427293308 21.7378452830017 18.1344495455269 ex
1982 33.5800742923748 23.1503646667115 21.3594492769334 ex
1983 21.9489672263153 28.6739874265622 32.6806233213283 ex
1984 20.5345494830981 26.481481477851 29.2765103969723 ex
1985 20.6915938544553 32.7753590680659 28.1143036517315 ex
1986 22.6320724922698 32.2451775569934 22.6970984975342 ex
1987 33.0852619337384 25.4035170311108 19.2799797460902 ex
1988 35.6394401071593 20.1420096657239 28.7193126785569 ex
1989 19.4519235831685 35.8042034956161 23.0057325800881 ex
1990 25.4671206614003 23.1112885773182 35.3818074536975 ex
1991 27.1186900043394 33.6823423190508 34.7259745099582 ex
1992 28.8795685321093 27.0896097493824 23.2630785135552 ex
1993 25.7770988768898 27.1757523869164 19.8982694409788 ex
1994 34.3811422581784 32.4310066299513 20.6138573663775 ex
1995 27.1843848747667 23.8687766366638 31.6850646352395 ex
1996 28.7909007053822 18.5320820338093 35.5186372667085 ex
1997 28.1588555877097 19.7785995977465 20.6000226566102 ex
1998 35.4696507439949 18.8593648823444 21.8922910336405 ex
1999 19.9978251154535 33.3765154201537 21.5716607274953 ex
2000 26.154648383148 26.3082832151558 27.747536271112 ex
2001 20.8753919205628 25.4771833990235 27.0832497728989 ex
2002 26.8380085928366 26.8220755704679 29.4585239149164 ex
2003 18.9525977193844 21.4483634249773 22.8693860927597 ex
2004 33.8452573199756 26.7559051788412 20.3821860614698 ex
2005 30.9623106690124 23.2785126662347 30.4512293466832 ex
2006 33.7362817691173 34.1426214538515 31.795990353683 ex
2007 24.7591814531479 33.6781162791885 20.3278111102991 ex
2008 31.4732604159508 21.1065199074801 27.7217220582534 ex
2009 20.1755141573958 31.1186415236443 23.3317035846412 ex
2010 35.8255034172907 23.1994962561876 22.4140935032628 ex
2011 31.0779310844373 20.9272504306864 19.4162082665134 ex
2012 23.5617365746293 34.7053364587482 25.2487147282809 ex
2013 30.4059067089111 35.2172325255815 26.2808452409226 ex
2014 32.3293618950993 32.4628629547078 34.7202185105998 ex
2015 23.4534924079198 21.2049675751477 20.1185112611856 ex
2016 19.995355342282 30.2739640874788 19.7274179283995 ex
2017 33.620459114667 20.0078897005878 27.7744281110354 ex
2018 20.6034938076045 33.1982276791241 27.6291409938131 ex
2019 23.2812192640267 30.8542892162222 35.2104507419281 ex
2020 26.228802670259 24.4488587784581 30.7378335318062 ex
2021 23.6692745755427 31.4014698951505 22.5205007465556 ex
2022 23.2980583393946 29.8640467061196 25.7499029622413 ex
2023 32.2979919931386 18.718187291408 19.2613603807986 ex
2024 30.4791485997848 33.7743050698191 29.422555468278 ex
2025 22.1395598121453 23.3934281719849 30.2811056962237 ex
2026 24.0190632271115 28.0709882427473 29.7130260104313 ex
2027 21.2811828840058 33.4330314774998 26.1469238335267 ex
2028 24.2622888586484 24.9685386579949 31.6582209335174 ex
2029 30.7707447402645 35.7205784099642 35.6028861738741 ex
2030 35.535081947688 35.8174139684997 23.6587472897954 ex
2031 19.672415463021 30.9964671994094 22.4168362924829 ex
2032 26.2904605865479 22.8343436447904 21.6749565317295 ex
2033 25.1694765435532 29.566992493812 22.156835488975 ex
2034 34.6251197161619 34.8936825301498 24.71466065594 ex
2035 21.1917270268314 19.7360027357936 34.0768417112995 ex
2036 31.5571317828726 35.0950442592148 34.6412136848085 ex
2037 18.4952412054408 23.0885690255091 21.6750778695568 ex
2038 28.0697731345426 31.3313844522927 22.0462282740045 ex
2039 21.5224474379793 33.4163426011801 18.6253140177578 ex
2040 22.6817994427402 23.0780588916969 22.2796968976036 ex
2041 20.5302209358197 18.4416867480613 28.2155510592274 ex
2042 26.0516345982905 35.409505801741 35.7593345283531 ex
2043 20.6694298479706 28.4314847425558 22.3484563566744 ex
2044 27.5585191657301 25.1003554451745 23.62739059655 ex
2045 34.1924285488203 34.5511910750065 27.9248880390078 ex
2046 27.9017267192248 35.2823917786591 18.0413677019533 ex
2047 28.4377342662774 31.7686592475511 34.6476541149896 ex
2048 25.4835454949643 25.4766692537814 29.7648905606475 ex
2049 29.00606859033 24.6508456235752 31.0872162918095 ex
2050 21.8999115468469 19.305758605944 28.5623927379493 ex
2051 23.2617610285524 21.5682763103396 33.7559191444889 ex
2052 33.1452398130205 27.5952093463857 18.2607139775064 ex
2053 30.703411081573 31.3726790423971 19.5708526191302 ex
2054 32.8841510491911 22.4673323722091 22.4851004565135 ex
2055 29.893815907184 29.6228120790329 27.6931649411563 ex
2056 18.9794094420504 22.01338529028 29.5595109970309 ex
2057 24.3875511307269 26.2645072897431 20.0733056874014 ex
2058 34.6781231455971 24.4418715871871 23.1965701449662 ex
2059 20.8034413382411 30.5773536297493 21.2661278946325 ex
2060 24.4889617345762 23.3280028232839 21.292863628827 ex
2061 34.9232881704811 35.0872382733505 19.9639333740342 ex
2062 27.3301645566244 32.7648974508047 33.4612876868341 ex
2063 18.2754624357913 18.7209262321703 28.8198501162697 ex
2064 34.4385488498956 27.4619683183264 22.4019503854215 ex
2065 29.9126469187904 19.5614094077609 23.5092120501213 ex
2066 29.8652984905057 29.5542263349053 33.9313895273954 ex
2067 18.2578380077612 27.785993181169 31.5681157670915 ex
2068 31.7867725868709 27.7172164360527 22.4210638597142 ex
2069 18.5718597020023 26.5541398928035 28.4051184975542 ex
2070 19.4629410628695 23.0489952955395 33.830057461746 ex
2071 33.5128513511736 21.1986689881887 34.8498258728068 ex
2072 31.5606887631584 32.9896657553036 35.5494910127018 ex
2073 31.2269215865526 29.1381138060242 29.5561381287407 ex
2074 29.1368483442347 35.2870250532869 35.8400591523387 ex
2075 22.3875596779399 21.8589596683159 33.7437858234625 ex
2076 30.9372055593412 18.5925433137454 30.2641793664079 ex
2077 35.4375804292504 35.7575918715447 22.9208152848296 ex
2078 28.0317653040402 33.471223723609 23.1088865443598 ex
2079 28.0365659981035 30.106984971324 31.5344940470532 ex
2080 30.1783987893723 22.165528688347 18.6863064097706 ex
2081 26.5719731892459 31.3612583721988 22.530188514851 ex
2082 34.2305712876841 35.7649364825338 26.9031273704022 ex
2083 20.0230553320143 18.2037334009074 27.1499268864281 ex
2084 23.4111635684967 20.2293414457235 24.2575282370672 ex
2085 35.4551008932758 23.9737944856752 35.2120046648197 ex
2086 18.2563186082989 24.7872860180214 29.8721975274384 ex
2087 27.7439299947582 20.3523980856407 19.3824961159844 ex
2088 32.3527395392302 33.5698695264291 34.3403295641765 ex
2089 22.7446119445376 19.9861626215279 20.9946367363445 ex
2090 30.9763180590235 31.0082529736683 34.8755277157761 ex
2091 18.3502237426583 34.1490168257151 34.2787120891735 ex
2092 20.9060288188048 22.1911094347015 26.932639207691 ex
2093 29.3513308637775 20.4176191932056 23.4368720147759 ex
2094 23.521406319458 34.5088997937273 19.6729766121134 ex
2095 33.825263063889 29.6884234922472 32.1714480102528 ex
2096 18.0550195993856 32.4329378751572 32.0962981507182 ex
2097 27.2170560702216 26.0887323343195 24.3463123426773 ex
2098 21.4938068646006 26.5529019727837 32.8682094896212 ex
2099 28.3563084134366 28.8729402248282 23.4170962506905 ex
2100 20.2144104829058 23.234185741283 30.4059647361282 ex
2101 31.3692301069386 26.3868424836546 20.883512502769 ex
2102 35.5184528930113 28.3326924429275 30.9390117563307 ex
2103 30.3869142618496 24.147788306931 33.1487346824724 ex
2104 33.9267551442608 26.4924015088473 22.145656430861 ex
2105 32.6932062783744 23.9454655896407 33.6063024238683 ex
2106 26.267278441228 19.182841675356 34.564959198935 ex
2107 19.0999518707395 20.7467507552356 34.5356707377359 ex
2108 28.3606075067073 32.4679372287355 22.5059137314092 ex
2109 23.480304353172 30.8968682577834 29.4206316825002 ex
2110 30.5869989928324 20.4677224529441 31.6073823357001 ex
2111 18.5172430935781 21.4386551049538 27.1398950621951 ex
2112 25.4771492080763 35.1324164571706 27.039229020942 ex
2113 26.6664951643907 35.4294611760415 19.89656848507 ex
2114 35.1654181252234 22.3402206096798 30.470712590497 ex
2115 23.5860576815903 22.1325980094261 24.7146320051979 ex
2116 30.1441639540717 27.955833429005 20.9821454253979 ex
2117 26.4105961862952 30.8262001164258 28.2113180491142 ex
2118 22.7557527858298 18.7299752247054 34.8857822006103 ex
2119 25.0174318873324 26.4594736879226 27.6686153444462 ex
2120 23.2723591737449 24.6799330629874 28.6279019995127 ex
2121 33.2826919595245 24.2117593938019 27.5386732888874 ex
2122 25.3060163676273 18.2065393899102 29.0602495952044 ex
2123 25.1237956669647 25.1607076427899 34.3648323344532 ex
2124 32.7941778516397 20.6211741480511 31.0262755015865 ex
2125 30.0490276166238 35.2579245823435 28.1646600933746 ex
2126 31.5029612055514 23.2093739758711 20.5776994689368 ex
2127 27.0897919689305 34.4410113897175 23.345128583489 ex
2128 27.2394735340495 28.1632463533897 32.9558462991845 ex
2129 30.667002766626 27.1341359517537 32.2892640305217 ex
2130 31.4366885838099 33.8978884702083 31.4916409810539 ex
2131 21.7472494826652 22.3464606027119 26.7444640924223 ex
2132 32.7456290049013 23.7281933936756 21.0318947981577 ex
2133 26.0534555388149 29.5649040443823 34.712354788091 ex
2134 22.3490889200475 19.9983964462299 18.4612859776244 ex
2135 28.6704314211383 35.651866883738 18.0158763460349 ex
2136 23.2054893593304 27.1049100179225 35.1587968301028 ex
2137 23.3788559045643 28.7865062009078 22.7411938949954 ex
2138 27.5193867916241 30.5417183460668 33.913874049671 ex
2139 22.601347903721 34.3951500821859 30.4642637185752 ex
2140 26.7610428798944 29.4715806001332 28.8359835573938 ex
2141 21.4724453114904 32.9522048120853 30.6547919411678 ex
2142 24.3291471586563 23.1233893879689 34.4760976803955 ex
2143 30.4042016915046 35.6921347267926 33.2372223464772 ex
2144 29.6595079537947 19.0270145407412 22.4895289742853 ex
2145 18.2181064535398 20.0585704422556 34.1036759391427 ex
2146 28.7896055360325 35.4623218667693 32.9766186226625 ex
2147 19.6995849702507 23.0034500695765 24.8915714621544 ex
2148 22.3215508160647 31.3764940693509 30.5552076015156 ex
2149 27.9203212158754 25.9401645143516 22.1463139401749 ex
2150 20.5888332226314 19.9266047410201 29.1841555791907 ex
2151 33.1870893044397 35.7110192812979 19.2383661402855 ex
2152 31.3955331214238 31.9209255969618 27.8673151202966 ex
2153 35.665172837209 34.2649428348523 32.3910946315154 ex
2154 29.3313311617821 35.2348053310998 27.9309563336428 ex
2155 28.1479096843395 32.428347009467 32.7055560615845 ex
2156 31.628371728817 25.494034167612 18.7176550740842 ex
2157 28.8737462789286 24.6822317657061 24.1922374912538 ex
2158 22.5067165433429 21.7495287810452 32.3327727012802 ex
2159 23.0423080543987 21.9515566097107 26.4434876444284 ex
2160 34.3122133947909 23.6368015555199 26.4753838176839 ex
2161 23.3991378985811 33.9790939122904 20.4380729836412 ex
2162 32.0327370469458 33.7711528155487 24.5867113200948 ex
2163 30.5036890739575 26.4837393318303 31.2847429618705 ex
2164 24.0848652825225 28.5483775387984 23.2650119576138 ex
2165 28.862632719567 35.6121972419787 31.5978654490318 ex
2166 35.4742236421444 34.0367531511001 25.929395072395 ex
2167 27.7673995529767 25.8147498157341 31.3277281643823 ex
2168 29.6747764919419 20.6022067645099 30.221278965706 ex
2169 19.477801696863 22.4948222059757 18.2159278208856 ex
2170 26.7826544828713 19.0919851316139 31.7953549236991 ex
2171 20.4220807058737 26.762278443668 32.5746642060112 ex
2172 29.9757709698752 30.2787606881466 22.0055950556416 ex
2173 29.0572666851804 28.2968449788168 27.2815327004064 ex
2174 35.4143144367263 19.5693558768835 34.5421705553308 ex
2175 18.628289737273 30.2417160130572 20.3706045183353 ex
2176 29.4126390041783 27.9883894508239 35.6965888715349 ex
2177 33.2783251886722 24.1608498233836 21.8275534636341 ex
2178 20.9478885172866 21.0889693903737 26.8006442144979 ex
2179 35.4368740441278 25.912395468913 26.5446733238641 ex
2180 31.8808129136451 32.4805540381931 22.5309915104881 ex
2181 24.920699498849 19.7070986668114 33.5919493117835 ex
2182 30.1282887842972 23.4631360901985 28.5979768063407 ex
2183 24.2855213999283 21.1320129116066 25.0350507318508 ex
2184 26.0401314564515 22.7609497099183 18.1465246726293 ex
2185 35.1851042897906 29.2388202338479 31.7567603846546 ex
2186 32.5656032843981 21.5827426405158 32.1779227391817 ex
2187 24.6794878875371 20.3743215342984 32.8569506746717 ex
2188 29.6028682063334 32.9897173822392 29.1888192410115 ex
2189 22.6333098621108 20.4759455607273 34.6149260581005 ex
2190 27.2773452603724 26.8561906795949 22.8787559196353 ex
2191 27.158467047615 22.9972568822559 23.7023584579583 ex
2192 34.7952339889016 30.8037531443406 32.7951433546841 ex
2193 19.6690004426055 23.1011309972964 26.6586175519042 ex
2194 21.7441859638784 34.7179143007379 18.5120935651939 ex
2195 27.9779206314124 21.6935634324327 28.3005432453938 ex
2196 23.8463917714544 27.6827298523858 20.2082324109506 ex
2197 35.4430875526741 21.7120726436842 23.2645542258397 ex
2198 31.2796352598816 33.0221301747952 21.8408380444162 ex
2199 25.6861768562812 20.9358894794714 27.4437128095888 ex
2200 21.9813119634055 24.9608901853207 28.9114367875736 ex
2201 26.8838300723583 23.2381009771489 21.7314590916503 ex
2202 26.0859473154414 33.8823412940837 29.5589431058615 ex
2203 28.8355414532125 34.1264432522003 23.2918177063111 ex
2204 35.9989374794532 26.7441855664365 28.2426734040491 ex
2205 32.7380262787919 29.6890376911033 20.4311544378288 ex
2206 26.3390916483477 29.8232223275118 33.910262223566 ex
2207 30.0067429014016 29.9000499171671 27.7209171866998 ex
2208 18.2968994746916 19.8723916935269 18.8264147785958 ex
2209 24.4374823595863 35.5137324796524 23.6134456649888 ex
2210 30.062128304271 24.9958548117429 21.2356676224153 ex
2211 28.2416319174226 22.4062479513232 27.7224478013813 ex
2212 21.1986077725887 21.3583770266268 31.4110048306175 ex
2213 25.6064415141009 25.7001922915224 26.7107961494476 ex
2214 20.9585119297262 25.2993267448619 20.9023999753408 ex
2215 34.7557514316868 19.6980474106967 26.702704890864 ex
2216 20.7942308322527 34.8474337004591 23.4049005648121 ex
2217 21.5198871672619 30.406454770593 31.6810804337729 ex
2218 21.6858834577724 28.1349856178276 25.6047475249507 ex
2219 28.0017734621651 22.8812519859057 26.3430869264994 ex
2220 35.5755854661111 34.898033565376 20.9737463314086 ex
2221 32.964705127757 18.6202533633914 26.5963739806321 ex
2222 18.8953593925107 34.7403739504516 21.9230112854857 ex
2223 22.0923069070559 29.237693246454 33.2890805122443 ex
2224 29.6555459008086 29.5115623460151 28.9868881709408 ex
2225 21.7318812934682 24.7780538543593 32.8426056255121 ex
2226 19.9644544746261 34.0817057995591 21.2071789212059 ex
2227 29.9003903295379 18.162119083805 30.7694967857096 ex
2228 25.6336555236485 22.3531898753718 31.7211923154537 ex
2229 19.0073677536566 20.9275988105219 23.8598029522691 ex
2230 31.973059742013 26.1349613242783 24.9790902235545 ex
2231 32.2743440538179 20.8440645365044 22.1468679294921 ex
2232 31.3599587429781 29.424852178432 32.0196756022051 ex
2233 27.8604626306333 35.8549916497432 32.3765180681366 ex
2234 18.0765451237094 22.9400961215142 27.2500849890057 ex
2235 27.7322387376335 35.500342750689 33.9891448565759 ex
2236 34.9778172350489 32.7172152267303 24.9310831406619 ex
2237 23.9043984306045 23.207556059584 21.789280293975 ex
2238 25.8384963315912 30.8014044980519 22.2097569410689 ex
2239 30.7585348875728 25.3399959679227 21.9776837886311 ex
2240 28.0380293952767 29.2427345339675 29.0307496532332 ex
2241 28.2590084392577 29.5220718889032 22.1112468363717 ex
2242 28.7342687896453 23.8953011839185 32.3713288095314 ex
2243 21.3963986416347 22.0947673839983 20.0881095705554 ex
2244 29.436259976821 29.7979986222927 21.2732786333654 ex
2245 20.5866144676693 23.6448636727873 24.3110863522161 ex
2246 18.3844942755532 25.692823428195 25.5142681137659 ex
2247 25.9764513424598 25.7739305277355 19.6440378450789 ex
2248 18.9238558837678 35.0031168174464 23.8569996722508 ex
2249 26.8498611189425 22.8383049340919 31.0166176615749 ex
2250 21.7887959450018 22.2410117639229 18.0261092789005 ex
2251 35.4206931600347 33.4136543960776 31.4212434086949 ex
2252 19.4982034803834 18.8206436901819 24.5461358518805 ex
2253 27.8355865469202 29.9381335040089 30.4100024462678 ex
2254 33.3024095080327 23.529182594968 30.4404868376441 ex
2255 19.5957700957078 34.9983146176673 28.2250259576831 ex
2256 21.1821090588346 27.2972437501885 22.6762259753887 ex
2257 27.4810261884704 18.5139871824067 33.7976900886279 ex
2258 25.7227530484088 27.6825277747121 23.7812939281575 ex
2259 33.1975367923733 35.1629005491268 26.3785981836263 ex
2260 29.637668114854 31.7904282172676 22.6470278217457 ex
2261 23.7576144826598 22.7244719418231 34.001921269577 ex
2262 28.8403070298955 31.1873387233354 31.7145855182316 ex
2263 24.0724252718501 24.4898038217798 24.7644602993969 ex
2264 25.7566665518098 30.8510621546302 32.6726455977187 ex
2265 24.3064173969906 29.9664859753102 18.8441033116542 ex
2266 25.4099570617545 34.1283820897806 20.377779658651 ex
2267 30.2447450223844 23.8120827430394 24.951379111968 ex
2268 21.2945092376322 34.3636444094591 25.4867429030128 ex
2269 32.9341733774636 30.1181879637297 34.2674637893215 ex
2270 22.018245652318 24.9671756729949 22.7313706441782 ex
2271 19.484017225448 22.4538809359074 20.3441858801525 ex
2272 18.0302276634611 22.5937809117604 25.7255466959905 ex
2273 23.8699710494839 26.0790108758956 26.1922170610633 ex
2274 33.764038173249 23.3482219593134 32.1791959221009 ex
2275 21.9401612828951 30.7871693214402 27.5980547051877 ex
2276 18.1358093777671 28.4107192358933 31.532125697704 ex
2277 33.1560606590938 25.2868132358417 35.5390081312507 ex
2278 30.1913435570896 20.2416029828601 28.6211498889606 ex
2279 25.9594644850586 29.4334649175871 23.9164810073562 ex
2280 29.4797972186934 33.1176393455826 23.0152329648845 ex
2281 29.8364878152497 25.2826750236563 18.0253681400791 ex
2282 20.1342630367726 29.8089566363487 27.6553080123849 ex
2283 21.6395058273338 25.582665280439 24.9119010854047 ex
2284 32.1006837277673 33.1959144333377 22.5838894441258 ex
2285 32.2199713105801 30.3924505230971 28.459137636004 ex
2286 26.0054538324475 29.4752191519365 18.6908881922718 ex
2287 31.7083126052748 34.3525056526996 31.1783930903766 ex
2288 33.1456066344399 34.7609273144044 29.7387824102771 ex
2289 23.7195977889933 29.4834840849508 27.9469501029234 ex
2290 24.1188829969615 27.1563625384588 25.0727573717013 ex
2291 34.0501421706285 34.5279456621502 35.8847298233304 ex
2292 30.0318490942009 20.0747396680526 22.4860043665394 ex
2293 32.8100164197385 23.0319649649318 24.4302672403865 ex
2294 28.8047052507754 18.2932872720994 34.2701508721802 ex
2295 20.325117849512 18.343054264551 31.5977698171046 ex
2296 30.3570122192614 31.0652319679502 30.6122486407403 ex
2297 30.5058366891462 33.4557599977124 18.9445718890056 ex
2298 24.7809627866372 33.9043774043676 26.4401079502422 ex
2299 23.1789198995102 31.0850169581827 31.1597557249479 ex
2300 28.0038892345037 19.6736126018222 24.890160260722 ex
2301 32.8563898052089 30.876295837108 22.1697649769485 ex
2302 28.7832439921331 23.0772899121512 22.0140512913931 ex
2303 22.7843880595174 28.6861472157761 21.8068579230458 ex
2304 21.706751315156 19.8045451326761 21.5892362354789 ex
2305 33.6757766106166 35.5547811833676 32.3634023547638 ex
2306 20.1221986659802 31.3694515053649 24.6709510816727 ex
2307 20.7536693364382 27.0187215239275 18.5289493009914 ex
2308 20.3438875458669 35.299189852085 20.5304027462844 ex
2309 27.3052496728487 33.5750051084906 31.9125472649466 ex
2310 19.7735018457752 21.2684063485358 18.5262249682564 ex
2311 31.9841250812169 18.0005942927673 19.1021086021792 ex
2312 18.6929032215849 30.8779679562431 27.8682563730981 ex
2313 18.6076553629246 32.2069063759409 20.1612713334616 ex
2314 24.2480758896563 33.3323957601096 21.8905411942396 ex
2315 30.4154087691568 29.4858281100169 19.4853314622305 ex
2316 29.6482005142607 24.5246479341295 33.2018804007675 ex
2317 32.5788312382065 25.8959332418162 32.9741406596731 ex
2318 21.7334044196177 22.653932036832 19.0245757938828 ex
2319 35.0851612119004 28.9549868770409 33.7953665382229 ex
2320 23.4532308983617 29.7884105015546 35.4251649761572 ex
2321 25.4984132519457 34.4807697609067 23.3415539413691 ex
2322 24.2331815217622 26.6177020606119 21.3493524554651 ex
2323 33.4868752968032 32.3923901910894 32.8200819846243 ex
2324 27.8022949849255 30.2321661715396 29.073531545233 ex
2325 29.2380745259579 22.6168329562061 20.9605196141638 ex
2326 34.6367374716792 29.9241481411736 23.3417808553204 ex
2327 25.0641851774417 18.9449563783128 35.5415723347105 ex
2328 22.5195853621699 19.4623703006655 24.1043902565725 ex
2329 29.5854571221862 31.644011446042 25.9028244847432 ex
2330 28.473674749257 19.0866325031966 25.0111605336424 ex
2331 23.5585224269889 25.4734789091162 33.4095824104734 ex
2332 18.7256910130382 32.0103185966145 24.2705440206919 ex
2333 18.8279393380508 27.5278969760984 20.7514128165785 ex
2334 30.1790841631591 25.3758572577499 34.940927970456 ex
2335 34.6809159356635 29.8143588032108 29.4114081028383 ex
2336 31.3353328157682 34.1312600071542 21.9788832473569 ex
2337 27.8737458339892 24.1556665822864 20.5595930952113 ex
2338 20.3074160809629 26.6492526188958 34.8909969085362 ex
2339 18.3256687340327 24.1977906650864 23.409140057629 ex
2340 31.8198235742748 19.2524377645459 28.0906365925912 ex
2341 20.5795776508749 30.9577488452196 27.9764996818267 ex
2342 22.9244796354324 24.5341336783022 27.0311875983607 ex
2343 30.5621462038253 32.6811706938315 19.9962224042974 ex
2344 31.0453991114628 22.6537540655117 23.584825223079 ex
2345 27.2597252668347 20.1075358865783 18.2967735046986 ex
2346 35.8557230383158 35.8569453516975 32.9630419879686 ex
2347 29.6359512950294 26.9672679568175 22.5230433295947 ex
2348 33.6828516710084 23.5115701786708 29.1508457320742 ex
2349 29.9052017028444 21.456576528959 22.8823977010325 ex
2350 34.2347327051684 19.7810319215059 28.8810942503624 ex
2351 32.4056440682616 26.2931041354313 28.0020894703921 ex
2352 34.2148503025528 32.2944991351105 33.8693339240272 ex
2353 35.8321251969319 26.1497997753322 21.8673403917346 ex
2354 31.682647929294 20.7193735581823 26.2203432552051 ex
2355 32.3151159898844 22.3177862102166 23.2813247055747 ex
2356 21.4268384885509 27.494944291655 25.5280342458282 ex
2357 33.3911979489494 18.9368668817915 26.0236925131176 ex
2358 20.7453324552625 27.6259003428277 33.8390629950445 ex
2359 34.4026993073057 19.8839281350374 33.4647245123051 ex
2360 23.8495802709367 25.0491488534026 31.0074553154409 ex
2361 18.9898908943869 21.0641380543821 31.0919073368423 ex
2362 18.7854766908567 25.0432999227196 18.0852671165485 ex
2363 27.0301923323423 27.7554299051408 25.0616273644846 ex
2364 27.3485778961331 29.8498781360686 29.0478514847346 ex
2365 19.0898016185965 29.0274827554822 27.7833413046319 ex
2366 26.8613839989994 32.5256905092392 33.3257425180636 ex
2367 27.4842815431766 35.7126220401842 24.2480757380836 ex
2368 32.0637536877766 23.2714470438659 28.7446789362002 ex
2369 25.193345075706 22.5344962379895 35.3411493503954 ex
2370 28.3950470776763 26.1740956546273 18.1675072573125 ex
2371 32.8545864301268 29.4581634583883 35.8154894164763 ex
2372 35.0305716528092 30.7702860860154 28.6379127074033 ex
2373 35.5937969959341 28.9639746446628 29.6431626302656 ex
2374 20.5279002666939 21.1466900054365 18.9049373485614 ex
2375 32.1141707526986 31.0781886167824 23.1849305033684 ex
2376 28.6795016529504 33.5765843060799 25.8748345477507 ex
2377 25.5166420410387 19.0693659419194 23.6342782492284 ex
2378 32.2361778256018 28.2750802298542 31.8597096388694 ex
2379 18.4254897977225 34.4142121772747 22.3781644057017 ex
2380 25.1435741607565 29.4199838547502 32.1714186961763 ex
2381 28.6565427591559 24.1428014996927 34.1054364093579 ex
2382 32.5274010549765 28.7688670861535 22.1397901354358 ex
2383 33.1552994910162 25.9064527528826 30.6027690088376 ex
2384 30.7548956566025 22.6289661494084 24.1671416326426 ex
2385 19.6607198780403 22.8572428524494 24.4739283453673 ex
2386 24.2154601740185 20.5213815527968 26.0118916553911 ex
2387 22.9839510882739 24.5675062024966 23.6123563800938 ex
2388 23.8562527382746 19.8372585875914 25.8178692241199 ex
2389 33.958524211077 22.8555461873766 30.9238008554094 ex
2390 26.6364638390951 33.6844645398669 33.4012918127701 ex
2391 27.4238504734822 34.6560749995988 20.1093696071766 ex
2392 32.1466235977132 33.7688060519286 27.892369500827 ex
2393 33.3247239245102 27.5630939197727 33.9860519960057 ex
2394 19.0811106332112 33.5628540713806 28.5462700985372 ex
2395 18.6703830233309 34.1970156987663 19.5389976568986 ex
2396 18.7076699256431 32.1110833343118 19.0167792805005 ex
2397 29.0336431146134 34.1825721675996 31.6944769988768 ex
2398 33.8104322501458 28.7684834748507 29.7678529717959 ex
2399 24.9606471953448 32.4342251755297 21.3412897747476 ex
2400 22.9693458168767 22.642551073106 29.7973830916453 ex
2401 31.685027878033 21.5020582971629 28.9589834834915 ex
2402 23.0343563391361 19.288935277611 27.5830919300206 ex
2403 28.0405192140024 20.8738576269243 32.1150118322112 ex
2404 31.8340632384643 35.793544200249 22.4498462837655 ex
2405 25.8969790623523 35.6057859905995 26.9676097796764 ex
2406 26.9923827110324 26.3421486248262 18.8217006216291 ex
2407 31.4012161968276 21.1560324116144 22.1078999459278 ex
2408 34.5670341008808 34.9712684336118 21.3549081280362 ex
2409 23.4204971445724 33.8980050049722 24.7166557023302 ex
2410 22.1957929225173 24.9998604184948 25.1470685775857 ex
2411 28.5784634766169 22.3053783946671 19.5405063861981 ex
2412 35.8466158397496 21.0118946000002 34.0969508122653 ex
2413 20.9524621351156 23.5490815255325 19.9381804266013 ex
2414 25.9698154199868 29.1878263531253 21.3728084287141 ex
2415 24.115960782161 27.3405304858461 23.2558660749346 ex
2416 23.1922960029915 27.333793628728 34.1099403845146 ex
2417 33.144622242311 20.4376228125766 21.2819613444153 ex
2418 28.0955202637706 34.281571561005 26.2169110043906 ex
2419 19.4373188833706 21.0518419058062 34.2609262736514 ex
2420 32.2070285140071 23.4682906300295 18.7714009364136 ex
2421 33.3291346568149 24.7660023109056 28.3490424230695 ex
2422 23.0138003884349 30.4074546871707 22.323383724317 ex
2423 29.5231587835588 25.7110497171525 20.5184200149961 ex
2424 33.5746324101929 35.067849784391 28.2329217484221 ex
2425 31.4569220370613 20.9806711457204 21.4760098275729 ex
2426 24.9948178604245 34.0802659376059 30.7598444444593 ex
2427 19.9092592934612 35.0894519041758 34.5502605687361 ex
2428 19.3261031594593 23.7404938298278 22.9345515270252 ex
2429 22.7130998685025 24.114828427555 31.5819565721322 ex
2430 24.7327030051965 23.6238772885408 18.899315409828 ex
2431 19.253089169506 20.2126813004725 26.0827398286201 ex
2432 18.4811211244669 20.377115319483 30.5796213019639 ex
2433 23.2087427242659 32.0459968820214 20.8293617903255 ex
2434 23.6856125222985 32.6181644853204 28.5064344790298 ex
2435 22.3176984970924 33.6416963103693 22.4244683866855 ex
2436 24.3080830913968 29.7509628962725 25.2797974904533 ex
2437 19.9029812098015 19.1678176850546 28.2786775724962 ex
2438 24.0462391909678 35.2335024364293 33.3693817523308 ex
2439 35.5014037627261 19.8953403180931 21.0511117365677 ex
2440 34.2785227515269 33.7433104917873 32.7424709724728 ex
2441 32.8440268600825 21.8344492611941 28.56815518043 ex
2442 19.1981060774997 34.6988302054815 35.6603947838303 ex
2443 19.686482436955 25.5297111056279 21.3014670468401 ex
2444 19.3151792504359 20.8539327331819 33.7510118221398 ex
2445 20.2262536475901 18.2353682608809 18.9950928606559 ex
2446 18.3034280489665 20.6364066910464 29.7784548299387 ex
2447 19.2536149255466 27.2297259459738 27.0420107960235 ex
2448 34.4494976147544 34.0380747055169 23.7182619131636 ex
2449 27.9653303143568 24.3221654288936 31.8590205633081 ex
2450 25.7523691595998 18.124868808547 21.7567086492199 ex
2451 27.3473890305031 27.5683034928516 21.0693607679568 ex
2452 25.6709588498343 27.5863426171709 34.0794462745544 ex
2453 21.5643652807921 30.4539031626191 34.7062888012733 ex
2454 28.1306785747875 35.656772519229 26.1571490613278 ex
2455 21.6712053716183 20.000455200905 25.387717401376 ex
2456 28.8614415084012 29.9760566712357 31.1795095903799 ex
2457 22.1291427505203 24.0872927191667 33.560134512838 ex
2458 30.3560898955911 27.4655299263541 21.4573826536071 ex
2459 27.4438567098696 30.0667881311383 30.2563636931591 ex
2460 30.4210810032673 21.9419943760149 32.6642514085397 ex
2461 19.1262759703677 19.0427116483916 20.9240537576843 ex
2462 35.9685739714187 22.9755022232421 34.4066854482517 ex
2463 35.4059746270068 20.0208175221924 21.4223907720298 ex
2464 22.0406166869216 18.2305532689206 25.1052650420461 ex
2465 32.2783184291329 29.398555849446 32.0907550200354 ex
2466 26.6990682168398 23.702769968193 32.4024060664233 ex
2467 26.6053498142865 24.8780809117015 18.6524463037495 ex
2468 34.4560651951469 19.6169049160089 23.8677031684201 ex
2469 19.2137373501901 28.5010571966413 20.2989345139358 ex
2470 31.7812969819643 26.5591552464757 35.6167893689126 ex
2471 32.7084218142554 32.0102130309679 20.9533122670837 ex
2472 26.0955970534123 35.3022982566617 32.4862181465141 ex
2473 28.7011589466128 32.1724675847217 26.8055568772834 ex
2474 25.3113353324588 21.6002030854579 24.4060772603843 ex
2475 20.4147628655192 32.3981810337864 21.0707206875086 ex
2476 24.5925339818932 31.485570010962 21.6483047993388 ex
2477 28.4643466244452 28.5942320073955 29.7145337343682 ex
2478 28.8084446629509 29.7968709098641 28.4574075180572 ex
2479 18.4224158085417 30.5779711520299 29.6853473230731 ex
2480 30.6114763359074 23.2314639054239 18.3343960754573 ex
2481 35.8866377067752 22.7146346815862 33.1323948155623 ex
2482 26.0910157233011 29.9978697283659 22.9291834381875 ex
2483 19.9207623316906 21.0620938208885 32.4393992107362 ex
2484 31.9426281740889 21.4443316867109 26.236624490004 ex
2485 19.3146255463362 27.5154398507439 31.1273429992143 ex
2486 31.4812641167082 20.1594493302982 23.5359333595261 ex
2487 22.4390427491162 27.476731703151 29.309378467733 ex
2488 18.9070299454033 26.9353978026193 20.0078280940652 ex
2489 34.3831415807363 28.0622500905301 27.5848877280951 ex
2490 24.9377720176708 32.0073978351429 23.0279741273262 ex
2491 29.4112099893391 34.3748807695229 22.918676121626 ex
2492 26.1246930991765 32.850477976026 25.4345216315705 ex
2493 29.6458602391649 27.5620780917816 29.4036753708497 ex
2494 20.157864787383 26.257624998223 31.3323212296236 ex
2495 18.9641700265929 35.3920667376369 33.4842195829842 ex
2496 32.6741284870077 31.8283895468339 18.4593612137251 ex
2497 26.3331384158228 29.718037171755 25.6286957485136 ex
2498 27.6105601226445 23.7563836583868 18.6925194771029 ex
2499 32.4321818354074 35.903402284719 30.6225434606895 ex
2500 34.2188540715724 27.3514889292419 33.9656558833085 ex
2501 34.4656160136219 22.6623587950598 29.5781215175521 ex
2502 33.524984662421 24.0225312353577 26.7084427271038 ex
2503 28.5952242924832 33.2090320715215 20.9033097247593 ex
2504 31.827885866398 21.0843840227462 25.962058000965 ex
2505 19.2851227282081 26.945064481115 18.3673068515491 ex
2506 30.4261449780315 23.972930946853 23.1325120006222 ex
2507 28.9621681275312 24.4518506471068 28.6321055230219 ex
2508 23.9269992311019 26.7700972445309 20.5426034536213 ex
2509 21.5670003811829 33.8059002081864 20.0256460560486 ex
2510 35.7221958523151 30.992366387276 31.3677833362017 ex
2511 29.0708766395692 34.7976833686698 28.3077753311954 ex
2512 19.6891982364468 35.6328133402858 21.2245873126667 ex
2513 23.6766389536206 29.3997762692161 22.8937321433332 ex
2514 27.4689515463542 25.1947656874545 32.0476783285849 ex
2515 28.574716089759 30.7867697197944 24.5991469188593 ex
2516 31.6866774549708 29.408394502243 24.0857474871445 ex
2517 27.4109393393155 23.4830912284087 20.3358925662469 ex
2518 35.0357144800946 27.6071344655938 21.444821015466 ex
2519 24.8089186879806 26.2205330918077 29.011903364677 ex
2520 34.7913201740012 33.0923184389248 30.8458122517914 ex
2521 31.3668326381594 24.0320072118193 35.9074669049587 ex
2522 24.8422302159015 18.6947196410038 31.0834229213651 ex
2523 23.3563990266994 19.5014354102314 20.442030336475 ex
2524 31.4827610473149 26.6953980654944 30.6568657252938 ex
2525 26.9962576050311 19.1799988280982 30.7940738808829 ex
2526 34.959512877278 27.0434234079439 34.126427508425 ex
2527 28.5313220997341 35.4342517862096 35.752136528492 ex
2528 25.8474928047508 27.9968108721077 18.304404141847 ex
2529 25.881681694882 25.73538495088 32.9213561154902 ex
2530 25.2929945189971 23.6040190272033 26.1121128662489 ex
2531 23.3240415328182 34.5926532063168 32.2163891191594 ex
2532 21.0950122242793 18.578046587063 35.1270180458669 ex
2533 34.2915881022345 31.8940820503049 30.5763565369416 ex
2534 19.0692768476438 21.460567077389 25.3581764209084 ex
2535 20.0959494025446 30.977032734314 28.7172269918956 ex
2536 30.9974236928392 26.118190223584 26.7117371174973 ex
2537 26.6528815471102 21.4975116441492 22.0674378864933 ex
2538 33.7284821353387 21.6226949850097 35.4501417488791 ex
2539 32.5804268978536 24.4743659177329 29.2658793616574 ex
2540 28.2856745147146 18.7668197106104 21.3604496887419 ex
2541 25.0314642898738 22.9488417333923 24.0464911216404 ex
2542 29.269478171831 31.6892576273531 19.1767073255032 ex
2543 19.0566358829383 23.1517536658794 21.9138393248431 ex
2544 21.7622352505568 23.7030078023672 26.1573331325781 ex
2545 20.8237112155184 29.2006235816516 26.6939468369819 ex
2546 32.6621328464244 20.3901043529622 34.2790172814857 ex
2547 25.266013388522 34.7766637029126 28.1072939508595 ex
2548 29.1024696140084 22.1047937429976 18.3849125856068 ex
2549 22.6227305517532 18.9706879924051 29.7976780345198 ex
2550 25.5530957635492 29.9554808149114 25.1683668014593 ex
2551 31.591238360852 25.715522385668 35.5620574736968 ex
2552 29.9601658533793 25.3377251445781 31.8632807829417 ex
2553 24.7983258944005 26.6774346854072 31.4546734900214 ex
2554 28.60660859989 29.0009810191114 18.9854523157701 ex
2555 23.6225648212712 23.7105769340415 20.71047607949 ex
2556 25.534536330495 26.4426552315708 21.7699691154994 ex
2557 19.0820998281706 22.8048996047582 31.1046945133712 ex
2558 32.3655035565607 35.9070675508119 18.8474226421677 ex
2559 19.5591172017157 31.2503581969067 22.0431961093564 ex
2560 24.0188015019521 26.7560761407949 23.6770925994497 ex
2561 27.9811339438893 30.3298424310051 21.7620384511538 ex
2562 25.8803454183508 31.0704768332653 21.3716753884219 ex
2563 28.3198180289473 28.397624849109 27.2645976452623 ex
2564 33.2555743935518 29.6906097668689 24.4811096773483 ex
2565 20.6242023708764 34.139558610972 25.4440727850888 ex
2566 23.9782574879937 30.9385859046597 19.6394101919141 ex
2567 29.0571421147324 33.7177970902994 33.8434559092857 ex
2568 27.3890696223825 25.1259614697192 34.1538741867989 ex
2569 26.5114341059234 25.0308227646165 35.7837891129311 ex
2570 35.8299609073438 31.9951368069742 19.6752577191219 ex
2571 18.5878552133217 27.7184541956522 33.0291235723998 ex
2572 23.9039463663939 19.1271935617551 34.1704100130592 ex
2573 27.5593214603141 21.7808462625835 26.7371576030273 ex
2574 26.5835961836856 26.078157912707 32.9875227611046 ex
2575 31.2017414427828 34.6517417472787 27.0064939770382 ex
2576 29.4532309453934 18.5908869041596 18.716037024511 ex
2577 33.1472194888629 31.6134856003337 34.2148903876077 ex
2578 25.5211772555485 30.6512721171603 24.4342365164775 ex
2579 32.8266761119012 27.0572139422875 29.3461095683742 ex
2580 30.939562340267 27.9983820207417 31.0243126496207 ex
2581 31.0061429168563 26.7402575446758 23.6485803322867 ex
2582 27.9048576089554 31.3297995659523 34.4063500619959 ex
2583 26.7331606463995 18.7710072793998 21.4043982215226 ex
2584 24.5577719602734 24.8015864507761 35.9861051600892 ex
2585 33.8125776981469 24.7739107352681 20.0912580853328 ex
2586 19.4714523067232 31.6943415952846 32.9644476794638 ex
2587 27.8676812788472 21.2172297700308 23.840647994075 ex
2588 22.94443300087 24.9158717305399 26.7923873690888 ex
2589 25.6856532082893 29.8836643348914 19.4389161993749 ex
2590 34.9157682307996 23.1668301450554 35.5019887478556 ex
2591 29.408578033559 27.6430561761372 32.8917713039555 ex
2592 19.759258025093 18.4944159535225 35.8965783882886 ex
2593 21.3363777920604 34.8450051078107 35.542765240185 ex
2594 26.6404720498249 34.8643910512328 32.2652156478725 ex
2595 26.3517161747441 32.7310541067272 19.704069877509 ex
2596 28.6664243338164 26.8403629814275 27.4532829301897 ex
2597 20.1772103637923 19.1111654601991 30.796041050693 ex
2598 29.2401077153627 21.0172328192275 20.8049631319009 ex
2599 19.3116373617668 29.0407002724241 30.2468820745125 ex
2600 27.0673612803221 27.9429414763581 24.3969949148595 ex
2601 35.7417156193405 34.7355430647731 31.0675052031875 ex
2602 35.8070434732363 28.633989635855 19.3556297994219 ex
2603 32.066989836283 20.0178526616655 28.6789898062125 ex
2604 30.2381757730618 27.2288582981564 35.9577049703803 ex
2605 18.0443398884963 33.4845034524333 28.5610797347035 ex
2606 20.4263369976543 29.2078170257155 22.569044371834 ex
2607 18.8003762308508 31.4180658867117 30.5704345458653 ex
2608 20.5452619930729 21.2014703224413 22.8121456922963 ex
2609 29.4779796409421 34.1309321944136 23.3067385035101 ex
2610 34.189928814536 34.8062687856145 18.5614190620836 ex
2611 28.5797560249921 34.8299541368615 35.8535549468361 ex
2612 27.6713612414896 28.6770655692089 19.7720801581163 ex
2613 18.2621198664419 18.515555025544 22.4596017790027 ex
2614 27.8627887002658 23.6696439916268 33.1982783293352 ex
2615 35.3520210923161 19.8214446769562 27.986695277039 ex
2616 33.7649268931709 34.8321100701578 27.981452414766 ex
2617 20.2346689119004 31.3003193871118 28.9250017651357 ex
2618 33.7727028194349 30.9227242569905 28.8047502778936 ex
2619 35.3006585023832 34.3654476592783 33.5865301801823 ex
2620 32.3690699141007 29.7077501376625 21.2949538165703 ex
2621 26.7008562590927 22.2936635913793 34.2763261892833 ex
2622 35.5424364418723 33.6143398047425 20.4765394390561 ex
2623 18.8732150970027 32.3854935001582 26.0852957381867 ex
2624 27.6859798191581 20.2700804010965 22.1754133675713 ex
2625 29.0478235904593 32.3567818726879 18.6648475960828 ex
2626 26.5467664853204 35.951281014597 25.4092302189674 ex
2627 23.184952426469 23.3729562405497 33.3019088415895 ex
2628 21.2444284372032 20.5581958931871 32.0164149699267 ex
2629 32.8275240922812 33.5750613335986 32.4001380947884 ex
2630 27.683955503162 31.9253832492977 33.8733015840407 ex
2631 19.3182306312956 18.7374705509283 31.6568915636744 ex
2632 27.1801229810808 20.1240811252501 29.7808510195464 ex
2633 28.2305741449818 27.8954499438405 22.7232994129881 ex
2634 22.5433023942169 28.8859414323233 27.6402205657214 ex
2635 34.2194755305536 31.3741847656202 23.3577243203763 ex
2636 20.1532741978299 28.873581063468 26.5248739470262 ex
2637 27.4230484343134 27.4068105160259 19.1192116127349 ex
2638 32.1960993085522 26.0590140817221 31.5473477009218 ex
2639 18.7894871416502 26.4726911277976 35.9334193931427 ex
2640 27.3396337616723 33.032148845261 18.3049273930956 ex
2641 33.2650952355471 20.8845148256514 26.1175981895067 ex
2642 24.2123896905687 34.7653250021394 34.2772414851934 ex
2643 30.1115625824314 21.3681126211304 28.3000781128649 ex
2644 19.876350343693 33.9681314283516 22.0315382804256 ex
2645 34.6231188119855 20.3558356075082 33.9318946341518 ex
2646 34.8480197649915 24.4672190053388 18.8062272362877 ex
2647 31.6143360589631 34.4528210537974 18.4557939039078 ex
2648 30.5268305593636 32.2076051991899 27.9747882725205 ex
2649 29.4911881654989 24.8648519853596 21.1681660274044 ex
2650 22.8208582301158 21.8508748547174 34.7485242865514 ex
2651 23.3167090292554 18.5924105248414 33.0769684424158 ex
2652 34.3031088802963 24.4202956503723 29.5282000349835 ex
2653 34.7088704202324 33.680020199623 33.5704744283576 ex
2654 18.6727481789421 21.6109737937804 19.7065655172337 ex
2655 24.9730277333874 19.8226336231455 19.3155684871599 ex
2656 30.9236755112652 29.3189595288131 31.7972031293903 ex
2657 32.6772585047875 28.8334760926664 21.3880838791374 ex
2658 21.2992036622018 30.4684536745772 29.4832691671327 ex
2659 23.5140187595971 29.4111220866907 34.3088886386249 ex
2660 25.9093010514043 24.5631399580743 35.8124249510001 ex
2661 30.5838859060314 27.6368985609151 33.338545596227 ex
2662 26.3421402426902 33.2829451672733 25.2221529169474 ex
2663 31.2769151688553 19.3487667327281 19.1535604984965 ex
2664 21.8616850145627 28.9167805442121 30.5652623022906 ex
2665 22.2371835217346 24.5160286009777 24.5358906753827 ex
2666 32.8123249441851 25.6367019310128 26.3705490645953 ex
2667 29.7195412155706 19.0910511875991 32.4843961270526 ex
2668 26.3493038348388 30.4038188809063 27.9679613567423 ex
2669 21.470567937009 23.9150522460695 28.6889119830448 ex
2670 32.3400686995592 26.2564564745408 23.3551440667361 ex
2671 29.5688344025984 34.3285095382016 29.1224499486852 ex
2672 31.813514563255 20.0055823631119 35.6048241225071 ex
2673 28.7700098403729 19.6364122035448 32.8209292881656 ex
2674 26.3718192337546 25.4097758652642 18.8346472145058 ex
2675 26.8482494517229 31.2698466640431 25.8563336422667 ex
2676 21.6973456789274 26.9510559565388 35.4772891898174 ex
2677 27.3392929686233 29.5879078782164 24.6536848102696 ex
2678 20.5462835275102 26.0596586717293 27.7106075442862 ex
2679 19.2651710594073 21.1698853033595 20.6865641213953 ex
2680 31.1208628257737 30.4494645763189 24.0254360286053 ex
2681 21.1097383757588 24.9984397708904 22.0299705984071 ex
2682 30.7311259778216 31.5073915733956 27.2186373167206 ex
2683 33.9569860990159 32.4350017558318 30.2950253062882 ex
2684 31.2960220691748 29.7967415074818 21.5457067789976 ex
2685 21.6915162524674 19.918075515423 24.6168474208098 ex
2686 24.9406868352089 30.7663610882591 30.463765702676 ex
2687 24.1296534899157 26.0564767059404 35.5853099252563 ex
2688 31.3046689012554 33.5000408361666 29.0172720246483 ex
2689 29.4157574791461 23.2468903353438 19.8511410774663 ex
2690 19.0812493036501 24.3110231866594 23.9067315203138 ex
2691 23.7005509315059 30.8533114963211 20.8962427400984 ex
2692 35.2690006040502 19.3625745645259 19.6239776080474 ex
2693 24.6870449704584 19.4000047952868 25.5649578967132 ex
2694 34.646635426674 34.9027564828284 29.4739825152792 ex
2695 19.8344360133633 33.0297174877487 33.7888144776225 ex
2696 27.5616844920442 26.1583674973808 27.2000096167903 ex
2697 35.7493685819209 21.3946256251074 30.1293540578336 ex
2698 27.2094481796958 35.5778080108576 34.5726057444699 ex
2699 22.1467647447716 34.6615185486153 24.2985132390168 ex
2700 20.5984863552731 18.6471918921452 22.7427658305969 ex
2701 31.6425307362806 34.5215062962379 33.6712996943388 ex
2702 26.222793773748 28.9502719666343 26.3090120055713 ex
2703 33.5452342750505 23.7363912798464 33.5700800672639 ex
2704 22.5935220110696 32.1573794325814 28.1078649060801 ex
2705 22.5901040625758 35.5833079982549 29.9535885439254 ex
2706 35.875733606983 25.1626142146997 21.0530776171945 ex
2707 28.9170327472966 22.9997869275976 34.1473049239721 ex
2708 26.9270440556575 33.9301046603359 21.446654467145 ex
2709 31.4669373757206 27.6834010754246 19.9004164163489 ex
2710 28.18860548269 26.8672549126204 35.0268430318683 ex
2711 33.651677105343 21.5301529585849 22.646211784333 ex
2712 18.8135478077456 22.068341472419 28.5035180314444 ex
2713 25.3332262611948 32.1281875574496 19.9653188548982 ex
2714 32.1500343275256 18.3912081334274 24.4944308360573 ex
2715 22.7539654483553 19.2600046154112 33.0572299913038 ex
2716 27.7052660132758 32.5805390554015 27.8400664592627 ex
2717 34.6889156051911 30.2939539570361 30.3494960826356 ex
2718 19.435145549709 24.0755105528515 19.6884280410595 ex
2719 23.7052519025747 33.7753922226839 32.7237130752765 ex
2720 27.726370964665 34.2157714073546 32.3825127265882 ex
2721 21.1162524251267 28.2181651461869 26.498243546579 ex
2722 34.4858478698879 29.0749898331705 26.4793860996142 ex
2723 29.0178441624157 26.9527064755093 28.8045703975949 ex
2724 33.3942440180108 25.6966515874956 29.8159979740158 ex
2725 31.162301608827 23.9803009675816 22.9129767159466 ex
2726 24.8721690613311 18.0110721986275 27.8977578948252 ex
2727 21.1219022045843 27.1191965721082 32.2257511971984 ex
2728 22.8474449489731 35.4446978315245 22.8862694369163 ex
2729 28.5745614441112 23.8773560661357 35.1017075229902 ex
2730 19.4630008009262 27.265087084379 19.229893958196 ex
2731 23.5367162115872 30.9511473223101 18.0365424321499 ex
2732 26.6349631932098 24.7590590773616 23.2018177004065 ex
2733 28.7107585698832 24.7246434418485 35.7805571835488 ex
2734 21.2365722646937 23.4493228693027 18.036274503218 ex
2735 19.6654291569721 23.4945521398913 25.9552930309437 ex
2736 25.6694733444601 32.7172258670907 31.5275058769621 ex
2737 32.7965785036795 22.9147505932488 33.1566664669663 ex
2738 33.0453941843007 29.9546621819027 25.6752446847968 ex
2739 25.4982261445839 22.6412585014477 18.1433710812125 ex
2740 31.483710790053 21.2986834829208 31.3732729249168 ex
2741 23.2449666962493 19.0841238675639 35.1699872161262 ex
2742 29.7205189275555 22.9296182587277 34.4828081561718 ex
2743 34.2559689646587 18.1423949317541 29.1439190173987 ex
2744 22.872988129966 18.6511433401611 31.74969778792 ex
2745 31.9089320802595 34.1112997967284 19.3290617216844 ex
2746 19.7240916402079 24.2901883781888 29.0448501983192 ex
2747 22.8514625034295 26.9966999210883 32.0182329767849 ex
2748 35.2987537353765 22.3336274439935 29.1554878668394 ex
2749 20.5676497910172 32.2724251984619 30.3708193600178 ex
2750 31.6381482984871 27.523035160033 21.4874330335297 ex
2751 19.3614613832906 26.1079156536143 34.756291271653 ex
2752 24.0267816337291 24.6084694783203 28.8705046623945 ex
2753 22.1329402872361 18.1189060215838 26.8752708348911 ex
2754 19.035503563704 33.1867898665369 25.6161271173041 ex
2755 23.6857655537315 27.6565221785568 33.9988975112792 ex
2756 27.7352794371545 33.1208695454989 22.522061994765 ex
2757 34.1471539861523 33.681548675755 22.4545876288321 ex
2758 24.7144292960875 19.2335613395553 18.5511241550557 ex
2759 22.3177568784449 20.0030621716287 19.1523826895282 ex
2760 25.0081057532225 32.9843174854759 34.9271009794902 ex
2761 24.8759045051411 32.1351791820489 35.7394715992268 ex
2762 25.1061893957667 19.9850363796577 26.351357086096 ex
2763 35.1226802354213 24.0311077025253 29.0654570213519 ex
2764 21.4756830153055 26.1886454098858 27.7804938866757 ex
2765 34.6602131396066 29.295590774389 22.3491262961179 ex
2766 32.4529229959007 20.2703822918702 26.0717795446981 ex
2767 25.6615697322413 32.0845582887996 35.3518145799171 ex
2768 25.3778490421828 26.7764694849029 30.9862677513156 ex
2769 18.9475575971883 32.4486373080872 35.2068585343659 ex
2770 18.964856865583 33.1161099968012 19.897770346608 ex
2771 26.5172304527368 35.2451366467867 22.7689045388252 ex
2772 18.8723054237198 26.2098238158505 34.1015189371537 ex
2773 22.9662936776876 21.8503345055506 18.8830342376605 ex
2774 18.7846436779946 18.3244094776455 26.5435144116636 ex
2775 23.4611699939705 32.5438365810551 19.070377195254 ex
2776 26.6691118145827 21.3758610843215 33.2918476718478 ex
2777 30.0919463129248 19.2278442720417 22.6863992568105 ex
2778 21.4356429274194 24.4930401118472 31.8955583099741 ex
2779 29.847376339836 19.7191612874158 31.6802915993612 ex
2780 18.6768384894822 24.2292427213397 21.8082947868388 ex
2781 31.6256226056721 28.3469418559689 31.2202363179531 ex
2782 34.5526621153113 23.0365773048252 34.4877586141229 ex
2783 19.0178077332675 24.9586976564024 22.5117123001255 ex
2784 24.7892541256733 28.9744090847671 22.3949004525784 ex
2785 31.6832773042843 35.8043894448783 29.9922287391964 ex
2786 30.2605168041773 25.789076740155 22.6682533663698 ex
2787 21.4043375691399 23.8552162640262 29.6134926185478 ex
2788 31.3538098642603 19.9607750950381 35.2768813453149 ex
2789 29.9629139392637 29.987933765864 32.1262822391 ex
2790 29.6331724144984 21.9368829182349 30.4727173191495 ex
2791 28.5936003006063 19.2244313824922 21.9714785490651 ex
2792 30.3768980344757 26.6081507494673 19.6198870760854 ex
2793 30.3488462287933 28.1354775328655 18.0388582525775 ex
2794 23.572655969765 18.9931030650623 30.9636866943911 ex
2795 29.8156974173617 24.3015980478376 32.7990950662643 ex
2796 27.2985098653007 25.0694046290591 30.6247531347908 ex
2797 25.6251374667045 23.2506111562252 34.7592292926274 ex
2798 34.3878679482732 23.5625198802445 19.2912489017472 ex
2799 19.8286949021276 23.9781795630697 20.9820109801367 ex
2800 21.0974563390482 25.844265544787 20.9801284996793 ex
2801 26.9926197228488 32.6226775455289 27.4359259763733 ex
2802 29.9965794831514 24.012737280922 18.6224842711817 ex
2803 20.9064828886185 33.1422519260086 19.3848357379902 ex
2804 18.9809795399196 31.8442331498954 20.6480234649498 ex
2805 19.6564692782704 25.5175468723755 27.9906588557642 ex
2806 33.7142699712422 26.8347301115282 29.7075910312124 ex
2807 31.9663133586291 30.6147941567469 22.7297780637164 ex
2808 25.9481782256626 34.1482421131805 32.4922332074493 ex
2809 22.228389919037 33.0143613943364 35.9300938462839 ex
2810 19.0010075580794 23.4999466731679 30.2654180261306 ex
2811 24.7249147428665 32.4350379004609 34.5599410410505 ex
2812 29.733394329669 21.5312558838632 19.3202039916068 ex
2813 31.955975826364 32.7467219315004 32.6932055437937 ex
2814 33.2575038666837 30.4462823439389 31.1107562594116 ex
2815 25.9197376680095 29.1556478741113 31.7625524525065 ex
2816 22.5740486893337 21.0141063684132 22.8816542739514 ex
2817 34.1847568207886 22.1343549801968 19.7582942359149 ex
2818 22.5946122943424 30.6067429378163 27.4340687356889 ex
2819 22.8792246840894 19.3886093238834 32.4484843448736 ex
2820 33.0957133020274 27.7910240059718 34.0513201544527 ex
2821 35.7254983184393 29.9156628150959 23.4203905910254 ex
2822 29.4436394989025 31.811453592265 30.3785989831667 ex
2823 18.8069994363468 34.32531805709 32.8293523099273 ex
2824 35.6082810955122 27.3471622443758 34.1254444539081 ex
2825 20.2448636374902 30.0104379346594 22.1406271297019 ex
2826 35.5864127404056 18.5271824363153 19.7664496796206 ex
2827 30.2092166468501 27.6833777620923 34.0662604479585 ex
2828 22.0174200928304 31.6078065675683 22.712642934639 ex
2829 34.156675693579 20.8924312144518 18.9192388546653 ex
2830 32.4609651046339 33.7530039600097 25.5202251905575 ex
2831 24.6942196649034 30.4618127245922 32.2329141891096 ex
2832 34.8399851301219 25.4874718594365 32.8605139299762 ex
2833 32.3518961623777 31.1721034387592 32.991626087809 ex
2834 27.9999146722257 31.7387289139442 21.9527635371778 ex
2835 34.3129471577704 21.4000503928401 19.9294300405309 ex
2836 23.9213381139562 23.0359544630628 23.7601944948547 ex
2837 30.9559114950243 18.6729326187633 26.1601133593358 ex
2838 25.0071124217939 26.3962829743978 18.6567556236405 ex
2839 20.6254213810898 25.2400756136049 32.8908467213623 ex
2840 20.739318511216 20.0787184154615 29.6879550241865 ex
2841 35.4391922510695 32.9713995403145 19.9748781963717 ex
2842 21.6300712509546 18.2834878677968 29.5132525560912 ex
2843 35.7772921666037 21.2394473436289 28.6395006019156 ex
2844 32.6345914779231 21.0861342728604 31.6979688270949 ex
2845 23.6894967944827 35.1380211478099 26.8048222800717 ex
2846 31.3458649774548 18.5014090337791 34.8455079896376 ex
2847 23.2503489828669 21.2609064695425 24.9978456883691 ex
2848 22.6563180310186 27.1855834671296 21.9531288235448 ex
2849 30.3236324081663 24.5293661709875 18.9566369762179 ex
2850 31.2714322297834 28.6706512416713 27.7339255039115 ex
2851 22.7511412005406 32.2962681734934 30.2575130525511 ex
2852 35.6080069704913 32.5289119847585 34.4811225561425 ex
2853 19.8184672393836 23.108407251304 29.6879040934145 ex
2854 23.2918331306428 23.0192522343714 29.5613498960156 ex
2855 27.1118591877166 18.532810700126 27.914548562374 ex
2856 26.6332441300619 32.6641697012819 32.0522544707637 ex
2857 18.3081393309403 23.4221455047373 26.4191914503463 ex
2858 21.2941749680322 31.1896218413021 28.2885703674983 ex
2859 28.3167103307787 18.8857797638047 31.868103209883 ex
2860 33.6616218821146 21.3161976425909 25.2370259796735 ex
2861 25.2074184347875 34.2303611645475 21.7559291406069 ex
2862 28.2660145771224 31.8726718996186 32.2494729894679 ex
2863 24.9276568582281 19.3105711955577 24.2212001862936 ex
2864 31.6330735525116 32.9250224023126 27.2481139819138 ex
2865 33.1552605426405 25.8848246897105 31.3229282544926 ex
2866 20.9624412339181 32.7803708778229 23.4484585176688 ex
2867 29.0632918011397 18.0958595529664 31.4234537612647 ex
2868 20.5885944445617 35.518922510324 25.624924790347 ex
2869 35.392934465548 35.8975564877037 27.863090808969 ex
2870 22.6926028658636 29.3167851623148 28.9778207507916 ex
2871 27.0471677533351 34.453312090598 21.8676044913009 ex
2872 24.6676666126586 33.6751868459396 35.025800608797 ex
2873 29.1307807844132 34.7378017792944 18.0298642576672 ex
2874 23.6592633756809 21.8730119343381 34.4025174772833 ex
2875 33.485204851022 20.0347457097378 33.2923780146521 ex
2876 27.3473016165663 28.9338653334416 23.642723523546 ex
2877 33.9278142601252 34.4621137010399 20.1329922021832 ex
2878 29.1678309049457 34.4288984665181 30.6059654846322 ex
2879 24.7027092943899 27.761460224865 31.1063359461259 ex
2880 28.2233980016317 29.413683669176 21.3242644937709 ex
2881 30.3605306711979 20.1632189126685 24.9267042013817 ex
2882 21.0577331595123 26.2960602995008 30.7013817587867 ex
2883 18.8827402729075 28.0081931869499 27.3842141211499 ex
2884 30.3474530002568 31.9216355409008 21.0110779264942 ex
2885 19.4221082620788 24.4196529709734 30.6383558742236 ex
2886 30.0361512531526 31.7542543788441 31.2568378602155 ex
2887 25.0214185144287 23.3614303332288 30.4685958044138 ex
2888 25.1021529550198 30.7903840942308 23.5089336873498 ex
2889 26.446521302918 32.1514706851449 24.2519754457753 ex
2890 34.2698564054444 23.4901275746524 28.3753226241097 ex
2891 34.1242381676566 32.2583866948262 34.7763242051005 ex
2892 29.7696559973992 34.5134776679333 27.7987974432763 ex
2893 27.7469797087833 30.9955931771547 22.9120147787035 ex
2894 31.0770178819075 33.8787884842604 32.2103504482657 ex
2895 25.3389055454172 33.4836995755322 24.4178464652505 ex
2896 29.5741165140644 19.1640601803083 35.1735176746733 ex
2897 34.9424344780855 19.5148030654527 29.4838420427404 ex
2898 34.5170141393319 25.794451297028 26.4653290500864 ex
2899 19.3876030105166 24.8914019842632 18.9007075191475 ex
2900 28.9558175697457 33.3633209476247 35.232533080969 ex
2901 33.2342979314271 21.5341704552993 30.5096782916225 ex
2902 33.8202164159156 19.0954620637931 32.6181631612126 ex
2903 29.5296677725855 29.1945759714581 25.8587711723521 ex
2904 27.1653304495849 31.1879458457697 31.5089406115003 ex
2905 34.1434100838378 25.4986684590112 20.2002224435564 ex
2906 26.9871532060206 28.18754081917 25.146551300073 ex
2907 25.419438342331 28.3966221315786 18.1518659030553 ex
2908 28.3731322207022 23.2527601276524 31.8113891021349 ex
2909 30.5747478306293 23.031118086772 34.4790398729965 ex
2910 33.9975315765478 19.0889731990173 34.2635330061894 ex
2911 18.3226681777742 26.6687529950868 33.3901493272278 ex
2912 19.1541404586751 34.7852278950159 26.8916192853358 ex
2913 29.5792808781844 20.0071199438535 18.7800485668704 ex
2914 28.2533131963573 25.4473828794435 18.3911915107165 ex
2915 35.2294201829936 34.1156944518443 18.624377933098 ex
2916 34.9187001551036 27.12565500848 27.1195887078065 ex
2917 33.5116540233139 30.9136693337932 27.0921728298999 ex
2918 27.1496594527271 30.7729508823249 20.1537673582789 ex
2919 27.1115576811135 20.1128424021881 33.2890359780286 ex
2920 21.3846425521187 34.4496220992878 32.8322064350359 ex
2921 29.0420042427722 29.8333769857418 26.5751244532876 ex
2922 19.0395300299861 35.5385875210632 29.6401616458315 ex
2923 23.2909463800024 33.0472015189007 19.5363334871363 ex
2924 23.1250676829368 35.1302690005396 30.7260819452349 ex
2925 22.0358980207238 27.4263635319658 27.7965115380939 ex
2926 28.2321586033795 31.470524588367 35.380532785086 ex
2927 31.7042940703686 25.2860988108441 27.629441520432 ex
2928 33.7199448626488 28.0935186943971 19.4132269041147 ex
2929 27.1321806041524 31.6210051970556 20.9103440062609 ex
2930 32.0305143210571 23.8477750618476 34.2036700893659 ex
2931 18.2668734577019 30.002608878538 33.5361321340315 ex
2932 19.079042796744 18.2601767932065 34.0372736705467 ex
2933 19.4853731284384 20.7783959473018 29.5594217069447 ex
2934 30.5824455742259 27.070012471173 25.0582228128333 ex
2935 21.251738101244 32.3438009717502 24.7037166967057 ex
2936 27.9545443186071 19.4770743146073 30.3560505483765 ex
2937 18.6548927025869 25.4873845060356 31.7841556679923 ex
2938 28.814566885354 26.6266396793071 34.0407046219334 ex
2939 25.3320669250097 18.2703256704845 31.1160210142843 ex
2940 25.2127747097984 34.9393004060257 18.1145515837707 ex
2941 29.9743117515463 22.1535425712354 31.6833567589056 ex
2942 23.3376151281409 25.4012778550386 34.6433701522183 ex
2943 26.0520398321096 28.9535613947082 27.1372764150146 ex
2944 21.2489138720557 23.0995153328404 31.1887268805876 ex
2945 20.0310208043084 30.989004466217 34.034543170128 ex
2946 28.585716126021 27.2311123907566 34.0614030263387 ex
2947 18.9723546267487 19.7236698532943 27.9673580487724 ex
2948 20.1625003959052 21.9650755524635 32.6350679253228 ex
2949 28.1071378674824 34.344025393948 32.0163704403676 ex
2950 30.9672339810058 28.7755255787633 20.4444154864177 ex
2951 31.8655895811971 26.4689006835688 26.4088954618201 ex
2952 24.3852663268335 20.6531615359709 31.4858032930642 ex
2953 34.0851357770152 19.4722687508911 27.6092914112378 ex
2954 20.0095983343199 35.4147852668539 23.6273151708301 ex
2955 35.9797634291463 18.8024452554528 18.5768762282096 ex
2956 18.54335470777 22.6484227608889 20.9802917174529 ex
2957 35.1489874001127 21.9633655089419 24.9104005103 ex
2958 34.3062812166754 19.7124358587898 31.5893579847179 ex
2959 35.2348795942962 31.8148184153251 30.8610843759961 ex
2960 21.5640178453177 20.9821796340402 26.2737302961759 ex
2961 22.5430211345665 23.9068421495613 23.4642593611497 ex
2962 22.1167808538303 24.8577919597737 28.9149593717884 ex
2963 25.3882378796116 19.8805235158652 34.2767971716821 ex
2964 33.9690764914267 28.0637547189835 21.9169070429634 ex
2965 26.8250251377467 29.0201256838627 31.7992503822315 ex
2966 18.9747310862876 19.4842466153204 32.9325097519904 ex
2967 31.0518019644078 34.2429603813216 32.0977044326719 ex
2968 20.089662293205 22.7561648839619 25.3101519194897 ex
2969 22.2879865244031 27.9100717415567 22.742616211297 ex
2970 24.1336754865479 27.0329038312193 33.2090779133141 ex
2971 24.5607683642302 27.8097504717298 30.5370740175713 ex
2972 33.7576224922668 23.6406532158144 19.6002393597737 ex
2973 21.8898745579645 31.5621127320919 24.5110410912894 ex
2974 25.8292017807253 23.4305862670299 22.8613038796466 ex
2975 24.0663363602944 34.7258581705391 28.1717045537662 ex
2976 27.6620396322105 27.6501407646574 34.6281067233067 ex
2977 32.9464453570545 27.4148151981644 27.293483102927 ex
2978 20.0633422271349 20.8125642461237 22.5730269935448 ex
2979 34.8225931767374 30.1802398611326 27.68510069279 ex
2980 33.338233377086 30.7662038165145 30.2474660605658 ex
2981 23.4013396550436 26.5997273952235 30.4200133648701 ex
2982 20.3565844518598 26.0483925384469 21.5093434115406 ex
2983 28.1394346004818 26.12633129186 26.5015771680046 ex
2984 32.4798252175096 25.3325814453419 31.9117823524866 ex
2985 25.5424575556535 32.891650164267 33.2983434186317 ex
2986 18.4407442745287 32.9427228460554 22.081921384437 ex
2987 35.3129112017341 24.6568162257317 18.1560551244766 ex
2988 18.8961139521562 35.7872730894014 28.6768032105174 ex
2989 20.516598016955 26.8468743851408 30.1651498004794 ex
2990 28.548589754384 33.4279958507977 32.3444021404721 ex
2991 32.5771699491888 24.1682998372708 21.5394223199692 ex
2992 34.4338831305504 32.5596629139036 21.1888589602895 ex
2993 27.2172695447225 34.8872661674395 31.7181466415059 ex
2994 34.7373402018566 20.3009551654104 31.5581533547956 ex
2995 33.643832518952 24.8069467947353 22.3757876097225 ex
2996 25.7534921586048 32.8891634307802 22.417406947352 ex
2997 18.621853166027 32.143718667794 29.7911906584632 ex
2998 18.5208251457661 35.9748913219664 25.1015623765998 ex
2999 25.8773225389887 30.7801851374097 34.4306646008044 ex
3000 25.6303040762432 33.2556314740796 32.2061835550703 ex
3001 19.8946812411305 27.7215452976525 22.710973050911 ex
3002 32.9237231877632 34.9325462267734 18.9821021736134 ex
3003 25.1979067481589 20.6300179709215 29.1744771716185 ex
3004 19.0552321895957 20.3953455633018 18.952286149608 ex
3005 21.0570750255138 27.5648118127137 26.1429503585678 ex
3006 28.014203917468 34.8853037939407 20.7754445045721 ex
3007 27.0898198653013 20.225316031836 34.5659386804327 ex
3008 29.1451354818419 34.5140598982107 24.0171125915367 ex
3009 31.1975073332433 30.649010929279 21.6204836403485 ex
3010 21.4502550731413 20.9431882039644 29.450069488259 ex
3011 22.9142752755433 19.3824824267067 22.9476012401283 ex
3012 32.6795202086214 22.1009749853984 26.057982545346 ex
3013 23.6718565649353 22.8065693236422 31.1913999062963 ex
3014 29.9233364765532 28.0574614196084 25.6395641856361 ex
3015 25.4807890877128 24.7375064808875 19.1038440081757 ex
3016 23.822900561383 32.3200449442957 30.161241305992 ex
3017 20.7898380518891 23.7623761538416 28.9971341879573 ex
3018 34.1436847902369 26.3850819289219 30.5468872305937 ex
3019 26.7463467856869 18.8363107054029 20.3913061686326 ex
3020 21.5978524521925 20.1598114932422 30.8522916536313 ex
3021 31.7327259827871 34.7197476557922 24.2715722417925 ex
3022 33.9841999160126 30.0050726365298 25.3943102026824 ex
3023 30.2284625051543 34.3211068655364 34.62721090368 ex
3024 34.9854816272855 33.3135522811208 31.3044795319438 ex
3025 31.151861928869 29.7302575858776 25.8127300564665 ex
3026 26.0994820937049 31.6820974985603 26.2917467062362 ex
3027 33.9521613905672 27.3258448115084 35.2060502865352 ex
3028 23.6984421026427 22.0696998646017 30.8681622403674 ex
3029 31.7467977115884 22.7609660930466 22.8291212883778 ex
3030 20.8498896092642 23.2143819860648 26.1072880905122 ex
3031 33.2311484201346 24.9735523527488 25.4243647453841 ex
3032 33.3870037577581 28.2061452392954 30.8236371390522 ex
3033 31.6922842077911 21.1167290159501 35.3233028098475 ex
3034 28.200374399079 30.6084435645025 26.1213190243579 ex
3035 21.0318863315042 27.3813844965771 34.9971445302945 ex
3036 21.3285877832677 28.1746601059567 35.7216935956385 ex
3037 31.1117089907639 30.9263726845384 23.8865589667112 ex
3038 32.0588225277606 33.374743350083 26.546722096391 ex
3039 18.4908233096357 29.3985359161161 35.691577243153 ex
3040 25.6569796300028 30.2038491903804 20.7327219333965 ex
3041 21.2753017034847 32.3171826966573 27.9514723550528 ex
3042 30.7298068825621 26.207039717352 28.7150155841373 ex
3043 28.6021162813995 24.2620229050517 29.3707822025754 ex
3044 23.6304528061301 33.1623764501419 18.5698994528502 ex
3045 32.0827972700354 32.7770154203754 27.9345497733448 ex
3046 19.1960632095579 31.0280514687765 23.8691709779669 ex
3047 30.8605132407974 18.5719332357403 34.7370925634168 ex
3048 33.1622254943941 22.6113981253002 27.4698466588743 ex
3049 23.2964183001313 30.5193128576502 34.0788424098864 ex
3050 19.4053476140834 26.9851522413082 28.8073464895133 ex
3051 32.0227829269134 31.0546071405988 31.9854614469223 ex
3052 33.3349461741745 22.3673057812266 34.6282092977781 ex
3053 22.9437854066491 22.3671757746488 26.823382698698 ex
3054 27.0880226891022 33.8305004532449 33.2689206618816 ex
3055 30.6085407841019 19.4381999149919 31.5053241832647 ex
3056 27.9596100004856 22.5102140097879 34.5924675844144 ex
3057 31.4979808512144 24.4946919362992 25.6553248765413 ex
3058 18.9473624546081 18.5553619924467 34.4595555050764 ex
3059 26.1028216476552 23.0981225580908 33.7672442868352 ex
3060 27.7879923849832 32.2680891233031 32.8240611390211 ex
3061 34.3625813769177 26.0317336262669 31.1818103697151 ex
3062 21.5838317698799 31.1235541440547 26.4151356350631 ex
3063 32.3634481367189 35.7335668017622 33.055449695792 ex
3064 20.3333003146108 26.268506106222 24.0348774869926 ex
3065 32.7125039969105 20.1666265688837 35.2279936263803 ex
3066 34.1384542854503 22.5172439515591 28.1260407534428 ex
3067 23.0029837121256 24.2476295279339 30.2166366206948 ex
3068 28.6034682434984 27.5044967753347 25.3190416400321 ex
3069 27.2364206819329 29.5986049114726 35.7489776189905 ex
3070 29.7622625112999 28.1043872153386 20.6641923978459 ex
3071 29.3409201607574 34.9359052453656 35.495607774239 ex
3072 33.169685262721 25.423312662635 23.4402263707016 ex
3073 26.491100035375 33.0438476577401 23.8709410354495 ex
3074 22.5282566959504 29.258369919844 21.9540527793579 ex
3075 34.9322812240571 19.6734382268041 21.0963892552536 ex
3076 26.1469409673009 24.8917746702209 32.4319157395512 ex
3077 34.2920861830935 22.4713102993555 21.2421504114754 ex
3078 25.4971051316243 21.4123738259077 23.4350224712398 ex
3079 25.3073472403921 24.8181625001598 34.2414603058714 ex
3080 33.4704269699287 34.138806914445 32.5245312685147 ex
3081 25.2926932205446 34.8035126740579 25.0841883060057 ex
3082 18.4009926747531 18.7803384566214 30.0195800052024 ex
3083 24.6351925018243 25.5146290801931 27.28593120398 ex
3084 26.9055054169148 18.4202950117178 25.350630967645 ex
3085 30.6637417559978 30.5877509317361 25.32281144429 ex
3086 20.562812598655 23.8157020027284 18.9180171305779 ex
3087 27.8676134790294 21.828381040832 20.9302558898926 ex
3088 25.9687491920777 30.8078895460349 30.6049612925854 ex
3089 23.411557227606 20.6615257475059 18.0277369827963 ex
3090 22.3270684368908 22.6589366730768 22.4413704092149 ex
3091 25.4335537049919 34.9257178688422 34.3591324207373 ex
3092 22.8997095369268 26.4598421750125 31.8941715105902 ex
3093 34.0568538978696 29.0619275469799 28.3777402371634 ex
3094 27.0070617101155 33.2820318895392 26.8223529742099 ex
3095 25.9584581374656 20.4611771779601 26.9379331420641 ex
3096 22.1832852596417 22.7586135321762 31.2511664645281 ex
3097 20.0660304205958 19.2817165802699 35.013430345105 ex
3098 29.0223946389742 18.4425469213165 25.1895142521244 ex
3099 23.028070199769 31.4164605240803 28.4101375250611 ex
3100 33.7156528206542 21.6717305446509 31.4597988217138 ex
3101 26.3940039565787 25.9842955840286 25.3621162360068 ex
3102 34.6724718485493 34.3066957925912 19.6946160199586 ex
3103 21.6497546054889 29.5743460753001 20.226189639885 ex
3104 35.0832479570527 24.4922474855557 34.6640544361435 ex
3105 35.7836246159859 31.6701328160707 32.9018278080039 ex
3106 34.7470593287144 21.5566873291973 33.6551847485825 ex
3107 30.4550331130158 19.8770462668035 33.1705677199643 ex
3108 20.2869903261308 23.559600320179 20.6096745592076 ex
3109 24.8316323596518 32.6795075975824 20.490937108174 ex
3110 26.9747254143003 20.1831129319035 18.9869199169334 ex
3111 28.0624667683151 29.5989587695803 20.1735398762394 ex
3112 26.9725366693456 34.7298287642188 34.6711787825916 ex
3113 32.1873612161726 31.5273765348829 25.4624852417037 ex
3114 22.0680461325683 28.7074230217841 24.3841977810953 ex
3115 24.6488957884721 28.8149666455574 28.78027390223 ex
3116 22.103571620537 32.3892408020329 23.9760514872614 ex
3117 28.4465799231548 22.0974739366211 23.7262404290959 ex
3118 27.0928128019441 32.7713179890998 30.9510933903512 ex
3119 32.534712033812 22.2369728821795 20.0641553958412 ex
3120 22.2509123415221 18.4906833630521 21.2216142530087 ex
3121 23.4738602624275 27.9935593104456 31.7060908759013 ex
3122 21.7807739498094 18.4375421656296 21.9906196657103 ex
3123 18.8693014257587 21.0437821329106 28.550481076818 ex
3124 27.7124883402139 34.1005965664517 30.4290955981705 ex
3125 28.1805437563453 29.4858663789928 19.9497276830953 ex
3126 33.819899890339 35.9030241325963 30.2705793853384 ex
3127 23.1750299478881 18.2967947765719 34.1476968592033 ex
3128 19.9841528653633 34.9077018687967 18.413783402415 ex
3129 21.5075341591146 31.4882636736147 21.0376787649002 ex
3130 22.0463144809473 30.363833327312 19.3197949407622 ex
3131 22.2020996671636 25.0187747378368 28.0530289288145 ex
3132 22.7245589571539 35.1772132930346 26.8298812990543 ex
3133 25.4628426977433 33.3010932519101 28.5347506089602 ex
3134 25.62686504866 28.4494610526599 19.5563631446566 ex
3135 35.8157962583937 32.8493291235063 31.3177328549791 ex
3136 28.8519456000067 18.5626882310025 25.2801432574634 ex
3137 30.9242397963535 23.0590246093925 22.4903543347027 ex
3138 34.4414412367623 32.2635109692346 32.5845015416853 ex
3139 29.3137232065201 22.004792178981 29.7003215753939 ex
3140 19.1089989012107 33.8586719878949 20.6441929189023 ex
3141 33.8151517305523 33.4760185605846 27.1160866294522 ex
3142 31.8108526577707 35.1368633466773 28.0249562144745 ex
3143 21.8933940504212 20.2052790727466 24.8685322131496 ex
3144 22.0619771045167 24.2137866823468 18.3435185910203 ex
3145 30.2343857511878 22.0728515575174 28.0795106291771 ex
3146 18.6048155955505 24.337792326929 20.0673662759364 ex
3147 21.6124847289175 30.6794421421364 28.3544572948013 ex
3148 28.4195653719362 25.5311021374073 23.6149841912556 ex
3149 23.5887343478389 31.7396421220619 25.4184589863289 ex
3150 28.4043374904431 25.4338945958298 27.9910863984842 ex
3151 19.3125612281729 33.678672386799 30.5924750596751 ex
3152 27.3439990677871 19.6915853542741 19.6798742073588 ex
3153 21.9378129218239 24.4980359461624 21.5988640869036 ex
3154 27.2022134624422 22.0863100856077 26.4118629179429 ex
3155 28.1849736364093 18.7614517919719 32.8361945806537 ex
3156 26.4704978764057 18.8984239532147 28.9422312329989 ex
3157 27.342451710254 18.0643576015718 31.1981959608383 ex
3158 24.8107197894715 23.9796525384299 31.322455485817 ex
3159 22.8900374106597 30.7451013519894 34.3705640642438 ex
3160 34.5351989353076 18.7078634575009 32.5899744140916 ex
3161 30.1057503498159 18.1862632869743 28.4844448065851 ex
3162 26.9031900649425 32.475170762511 30.1681699431501 ex
3163 35.1871401527897 23.1514127734117 26.1096361158416 ex
3164 24.0051421450917 23.8084079853725 25.7148737735115 ex
3165 22.6883034126367 29.05586432782 25.4430751914624 ex
3166 19.878550459398 25.396134427283 25.8860454855021 ex
3167 28.5250268329401 29.6043903322425 30.5623875723686 ex
3168 19.7043528119102 18.2834235816263 30.6377663360909 ex
3169 23.0491324376781 21.735268128803 19.3244539098814 ex
3170 35.4801491694525 25.4436719084624 23.1713666813448 ex
3171 21.0795404196251 21.9911896681879 26.8007934601046 ex
3172 35.030126118334 31.4844957315363 28.1048270747997 ex
3173 28.1263694704976 22.2961358183529 29.373597515747 ex
3174 24.7782317325473 28.407053738134 20.0499328544829 ex
3175 32.682400273392 22.9321340622846 21.4072299085092 ex
3176 19.7610951086972 21.2998877039645 29.925004994031 ex
3177 19.1897915762383 20.4099419317208 21.7524061994627 ex
3178 19.8186134735588 29.8887857077643 26.6775669511408 ex
3179 33.0668920313474 18.0295510550495 28.3509915764444 ex
3180 25.4861306122039 35.1481853118166 20.8829995358828 ex
3181 25.1049338553566 33.5459617581218 26.5034202763345 ex
3182 19.0477925459854 21.2934292086866 30.6195650575683 ex
3183 25.0677120273467 28.3341190491337 32.0690784356557 ex
3184 30.9725405024365 30.0771865539718 20.9266507693101 ex
3185 32.6075243912637 34.1337662702426 35.5190261651296 ex
3186 24.2578243110329 25.9776857292745 26.3067351912614 ex
3187 23.5759338960052 31.2287117408123 26.0529251222033 ex
3188 31.0390664108563 25.4573161723092 25.1380556777585 ex
3189 35.2224889118224 34.8998456750996 30.4800552909728 ex
3190 29.4000200191513 31.68771328195 33.4759485865943 ex
3191 26.0501335866284 22.2788162729703 26.1542653271463 ex
3192 31.9503191269469 25.7892822206486 26.8200417261105 ex
3193 18.9376297923736 25.1337773653213 21.0185034484603 ex
3194 31.4002558588982 28.2621125339065 34.6209329320118 ex
3195 22.9222920243628 28.0606600581668 19.3846609503962 ex
3196 21.0293431070168 33.7902857942972 31.3185024145059 ex
3197 23.5873827224132 28.2186348054092 24.7488483358175 ex
3198 25.2254048194736 18.5262085238937 34.5681796206627 ex
3199 28.9024563557468 32.0548053358216 30.5173326227814 ex
3200 32.2849664378446 31.5773455384187 35.1823243824765 ex
3201 30.7556652431376 24.7499759416096 27.1025219138246 ex
3202 26.8100149314851 20.4649655958638 26.8227848801762 ex
3203 33.768444793066 19.5803407111671 25.7200757465325 ex
3204 24.3950016060844 32.2297956109978 28.0449780044146 ex
3205 35.8072585933842 20.4820368995424 30.5875568070915 ex
3206 25.0350936190225 18.6552668130025 23.285297642462 ex
3207 21.2835411124397 28.9825342302211 20.5361954469699 ex
3208 31.3553073434159 21.3984569793101 18.4877208818216 ex
3209 28.7297476253007 28.937533630291 35.2258340283297 ex
3210 32.2281590886414 19.7643209742382 20.1862936422694 ex
3211 24.7619529876392 25.7759943187702 18.3360489532351 ex
3212 32.1217064959928 28.4540540939197 25.4929275081959 ex
3213 25.9448018430267 26.4679070306011 24.2766557582654 ex
3214 34.1149461318273 27.7988858497702 24.788454344729 ex
3215 24.4534973537084 28.6100408539642 30.7161603698041 ex
3216 25.1683665853925 34.9722666521557 26.6841486699414 ex
3217 31.753750547301 35.0289356762078 32.3098615370691 ex
3218 32.3705161458347 28.5799902488943 32.4172638675664 ex
3219 34.7362663270906 21.0572513164952 32.2409969868604 ex
3220 20.1132867108099 22.6062354389578 27.1850576892029 ex
3221 28.6879698971752 20.4362538109999 19.1969891057815 ex
3222 32.6417421167716 20.2739230880979 32.681041311007 ex
3223 26.5525313259568 22.5828540504444 33.6743855054956 ex
3224 29.6886436212808 28.5676905454602 33.052175082732 ex
3225 20.8541732581798 21.6927618163172 23.6049889051355 ex
3226 33.0673368189018 35.5951901224907 27.8656349866651 ex
3227 18.796086611459 23.4581683254801 30.2933293352835 ex
3228 26.3244229841512 24.1624990913551 21.6300264359452 ex
3229 20.6020743127447 29.5067992052063 23.1312861056067 ex
3230 18.9779303146061 25.2488387662452 19.080166157335 ex
3231 34.8867967785336 21.9633404477499 34.2313316043001 ex
3232 25.4509666839149 22.8593681375496 23.2021287214011 ex
3233 31.8679507391062 20.1244177951012 31.736274381401 ex
3234 25.9288830247242 29.0487358120736 18.37009795825 ex
3235 18.0312461131252 18.172758646775 32.3636674864683 ex
3236 32.2442154828459 19.201405182248 24.1849068403244 ex
3237 19.6032655271702 25.3508534664288 33.8431969902012 ex
3238 26.5922907239292 27.0550223370083 32.1916830472182 ex
3239 20.3231768293772 24.1042146850377 26.6668568928726 ex
3240 32.6376942011993 35.0396129032597 23.1304164761677 ex
3241 31.8474419421982 19.6556231710128 25.679646847304 ex
3242 34.9366430074442 34.4209086985793 32.4392333461437 ex
3243 33.7420272105373 22.1254696703982 35.4132564500906 ex
3244 23.2878072615713 26.5832166906912 32.7236984234769 ex
3245 24.5689155266155 19.7517518515233 26.8345677717589 ex
3246 22.7773807011545 26.3576924153604 23.1631037294865 ex
3247 31.7298795678653 18.2548715809826 28.0773351870012 ex
3248 26.8562727107201 20.6077270531096 21.6699647335336 ex
3249 26.1398160303943 21.3631995322648 32.8747555082664 ex
3250 21.3957868837751 33.8136212048121 23.3091742892284 ex
3251 25.1719554334413 26.2642495357431 28.2178723877296 ex
3252 27.9602092700079 26.322426747065 23.4332157615572 ex
3253 34.9475869457237 25.6478547952138 21.0493046185002 ex
3254 20.2022915175185 24.479446868645 18.073192920303 ex
3255 31.0961789113935 25.2822806008626 29.3988163450267 ex
3256 24.0529400259256 19.7241896900814 22.0535525081214 ex
3257 31.9930587443523 29.3152035914827 19.691802612273 ex
3258 26.7669304802548 31.1318267660681 33.5837794835679 ex
3259 22.1210108220112 18.6577712395228 28.2185169777367 ex
3260 18.3127573574893 28.6651066157501 20.9417401845567 ex
3261 20.1739795587491 28.730619907612 33.2222211726476 ex
3262 27.6414417221677 29.2493496118113 26.5536182364449 ex
3263 31.0107763858978 30.886690227082 18.6193630050402 ex
3264 33.1007673169952 22.9208661601879 23.4290256518871 ex
3265 35.202142855851 32.00461648684 33.4812544612214 ex
3266 19.4793769370299 21.956034564646 31.8771244231611 ex
3267 30.430918415077 29.3575273798779 21.7957115292083 ex
3268 24.2045411833096 24.6893330970779 21.0955541301519 ex
3269 23.4345605503768 20.6023724835832 25.1938445155974 ex
3270 32.329358979594 20.2359076952562 18.2181817684323 ex
3271 31.0311249839142 27.7268360417802 25.8024806720205 ex
3272 33.7298121149652 30.5638123890385 24.7655768881086 ex
3273 27.7965103057213 26.2415078398772 28.2698448086157 ex
3274 24.9410616164096 29.0204484225251 33.2208332708105 ex
3275 31.4559118745383 23.7576968714129 25.551808109507 ex
3276 20.9481658097357 30.3378081650008 29.8770482845139 ex
3277 25.4857906948309 31.7361811255105 34.5893864696845 ex
3278 19.3027758256067 35.7822239953093 26.3518569977023 ex
3279 35.7280452423729 35.9937998545356 28.1593455653638 ex
3280 34.8022432511207 35.1301869237795 29.5189174572006 ex
3281 27.6641645452473 28.0493200351484 35.5159390100744 ex
3282 24.5704268228728 21.4922972877976 20.0511659826152 ex
3283 35.3711867709644 20.6882047781255 29.1965146802831 ex
3284 19.5562484683469 34.7168988019694 23.9637350884732 ex
3285 33.7834141605999 26.3834470896982 35.2524737468921 ex
3286 20.9542394722812 22.7587298671715 29.8612926821224 ex
3287 34.8974002960604 24.3431006493047 27.7833104697056 ex
3288 29.1162994112819 25.0844268254004 29.6178571882192 ex
3289 31.0028734582011 25.4017425556667 19.5653217826039 ex
3290 30.2370501251426 19.930577081861 35.3550698766485 ex
3291 27.887367577292 35.730595726287 23.6940958919004 ex
3292 29.0469556413591 33.9302575602196 35.2422220893204 ex
3293 24.74818921322 18.4495903451461 30.570237869164 ex
3294 31.8789343803655 23.5443701655604 35.6147392187268 ex
3295 26.4255435883533 26.1055734085385 30.0679472687189 ex
3296 24.9297754191794 18.8132540120278 20.8493061899208 ex
3297 30.0614975318313 35.3064564333763 23.9702304622624 ex
3298 23.996004433604 24.8824846325442 25.5017591817304 ex
3299 35.1193292099051 21.9676582296379 29.6494841626845 ex
3300 24.900848767953 33.4472799620125 23.5434630166274 ex
3301 19.0151402705815 25.1393580436707 26.1456431047991 ex
3302 28.8113648714498 23.2070501083508 33.6377187427133 ex
3303 22.3383703720756 28.4695240932051 20.9754312471487 ex
3304 24.1714750251267 35.9644411322661 18.7243021791801 ex
3305 24.1395923800301 21.3971292281058 24.8262728040572 ex
3306 28.3814826423768 22.7332383042667 35.1412620886695 ex
3307 31.1464406962041 18.0588876295369 32.8982858979143 ex
3308 32.0258452743292 31.7427725929301 20.334128753515 ex
3309 19.7677753036842 25.7978832353838 34.2240898753516 ex
3310 28.1631329371594 25.8938420419581 31.7417188510299 ex
3311 26.1390369378496 27.9240623153746 23.6423283386976 ex
3312 22.072633192176 32.365455559222 31.894818615634 ex
3313 22.6809874745086 26.2426876488607 21.8768193977885 ex
3314 25.5187135518063 25.3642166017089 24.7685000370257 ex
3315 24.2843189751729 23.1495931660756 29.9862846408505 ex
3316 31.3664057904389 29.2026852900162 34.8138268073089 ex
3317 25.5216222517192 23.2609009579755 33.2032439662144 ex
3318 24.9056638418697 35.122928643832 28.2892425025348 ex
3319 32.5168110372033 24.6896464284509 32.1489585076924 ex
3320 22.1092487704009 35.1857874207199 21.478207730921 ex
3321 34.752386638429 18.5451946633402 26.1427919943817 ex
3322 34.4417908638716 31.0923894231673 32.4603560732212 ex
3323 32.0156831711065 30.084945673123 25.8561539275106 ex
3324 19.7214516398963 22.918539138278 21.3925030049868 ex
3325 21.337036765879 25.1494489770848 21.4438719714526 ex
3326 23.3342987843789 25.236647233367 21.4769245104399 ex
3327 20.2986886030994 30.3173933955841 26.6661439710297 ex
3328 21.7411451921798 29.4698146616574 28.2094733433332 ex
3329 34.7916596878786 32.6444850803819 19.471403630916 ex
3330 28.2523333344143 33.0956881719176 18.062129615806 ex
3331 28.2888648922089 26.0537749163341 21.5862766520586 ex
3332 30.4140048129484 28.22360386746 33.5855708408635 ex
3333 27.8095400936436 29.7693688406143 31.3356127308216 ex
3334 20.0190069756936 27.5996802481823 24.6938655027188 ex
3335 25.5512383140158 19.4855305759702 25.8343970167916 ex
3336 27.0102668257896 24.3600419776049 34.0814490225166 ex
3337 27.7690236950293 18.0264762961306 24.502867073752 ex
3338 33.2346358858049 19.5983457744587 27.6694984280039 ex
3339 22.2925693269353 30.875548757147 21.3440342401154 ex
3340 32.596158730099 26.0001712939702 29.7643547144253 ex
3341 23.0110613747966 18.4506192333065 25.4495282410644 ex
3342 29.8134282063693 35.1918857307173 30.1315685501322 ex
3343 32.0811153773684 24.6937344551552 28.9273544691969 ex
3344 21.3449019170366 34.395394628169 20.2261874685064 ex
3345 30.0162761302199 25.5938515726011 32.1685470934026 ex
3346 24.5145229396876 28.4211519714445 21.2141242527869 ex
3347 29.3977242067922 35.5467602137942 22.9202320640907 ex
3348 22.2164072371088 30.2992405318655 35.8337891763076 ex
3349 35.5555007259827 26.5192682219204 35.1262389591429 ex
3350 28.4361868298147 24.1445993457455 26.8217704221606 ex
3351 33.888505817391 31.0837709368207 21.5140041864943 ex
3352 30.3512399685569 35.2327980245464 21.7418389318045 ex
3353 25.0433144678827 20.5983950726222 24.0124921582174 ex
3354 32.8980517210439 28.1787857285235 19.7123016919941 ex
3355 28.3078714613803 22.0583655193914 28.1221816991456 ex
3356 21.2570987083018 31.5630603623576 35.3523857563268 ex
3357 35.8867081713397 28.9789996051695 34.0019831154495 ex
3358 34.9290478148032 25.8371053093579 23.316427096026 ex
3359 20.5289681416471 25.1734357804526 23.3733009302523 ex
3360 35.7364255047869 35.1232947856188 29.025783891324 ex
3361 35.0463513543364 32.4229351349641 20.0751782902516 ex
3362 26.4931561434641 32.972317490261 18.330526600359 ex
3363 19.6288681742735 27.5899616081733 28.1421155033167 ex
3364 20.5179782034829 24.4854109752923 28.5143949519843 ex
3365 35.8701661885716 22.0623114900663 28.8959384188056 ex
3366 25.1303075184114 27.580543525517 32.464041186031 ex
3367 25.0540837061126 20.9967358512804 34.1314845606685 ex
3368 22.9240819858387 35.2345077053178 18.0097005306743 ex
3369 33.3272091252729 33.5713577468414 22.8470446947031 ex
3370 24.0042640841566 20.4530701995827 22.9327223543078 ex
3371 33.8166062284727 31.3959674190264 26.9598803517874 ex
3372 24.617344457889 35.4024073514156 29.5482443470974 ex
3373 21.5823102379218 25.0295047329273 34.7464859187603 ex
3374 34.3085265757982 33.9365337726194 24.5838132570498 ex
3375 20.5775843111333 26.1973390863277 19.6939722727984 ex
3376 19.3652159245685 27.8599635364953 24.8016658539418 ex
3377 21.6742277946323 34.8620575626846 34.2235274240375 ex
3378 20.4642082515638 33.3100362005644 22.8788648934569 ex
3379 27.5041012049187 29.450987176504 27.3108613679651 ex
3380 28.5242687768769 30.8624263762031 22.1603243274149 ex
3381 20.1208273889497 22.2635639812797 34.5155778944027 ex
3382 33.0490100155585 34.7540545254014 22.7289329438936 ex
3383 22.0088062274735 21.5528902588412 20.5206765483599 ex
3384 28.9234696226195 25.5226520760916 30.3566858088598 ex
3385 23.2431755268481 33.534922682913 23.3189990033861 ex
3386 34.6507879658602 25.257309214212 35.9517842284404 ex
3387 22.6780171457212 26.5223005979788 25.0789324343204 ex
3388 33.5473541591782 28.6048202335369 18.2376238843426 ex
3389 18.5292543212418 26.1092808998656 24.8280101811979 ex
3390 24.5470597252715 23.4687790283933 22.2913891104981 ex
3391 18.6347207024228 31.2484438035171 28.3455688741524 ex
3392 32.7683324641548 35.6413752499502 21.0914585611317 ex
3393 25.1997582635377 31.6760113216005 30.4894736628048 ex
3394 26.7387784202583 33.5294438316487 20.7219387064688 ex
3395 35.8450350214262 29.787125277333 32.5915074704681 ex
3396 21.7018260958139 35.4061817424372 24.1536261753645 ex
3397 20.0668524729554 32.8327167313546 31.3971817053389 ex
3398 33.3381537869573 22.4854726521298 22.4611563931685 ex
3399 22.9842543730047 29.3367573553696 35.5767597544473 ex
3400 27.2357880452182 25.8184741241857 29.0717642521486 ex
3401 19.8421133512165 18.6811119758058 32.0805323084351 ex
3402 32.7792824406642 22.7202313211747 25.8195826180745 ex
3403 35.9150434762705 26.9324906410184 18.2831560745835 ex
3404 23.2081070526037 31.9737541917711 30.0068178002257 ex
3405 35.3759154239669 18.9059300124645 32.188927423209 ex
3406 34.1257741404697 35.1224161912687 32.0393138367217 ex
3407 20.3397132372484 30.6575951585546 18.0346876534168 ex
3408 33.0522542227991 30.9269938941579 18.7061329248827 ex
3409 23.063199212309 32.6323717492633 23.8732570505235 ex
3410 18.2757911363151 19.7126533458941 31.3493008413352 ex
3411 34.5186908750329 26.2491104463115 21.6514542161021 ex
3412 18.3114212425426 22.2828611480072 30.0157380055171 ex
3413 26.2467793081887 26.0513574380893 19.1728894223925 ex
3414 26.89863013383 24.8152096269187 20.4147160546854 ex
3415 33.976930208737 34.4066813462414 26.1867870693095 ex
3416 22.8017705015372 33.3055882046465 23.1738550867885 ex
3417 33.5459727228153 22.9321635705419 19.4601639751345 ex
3418 27.5004444655497 27.7551925261505 33.6965021088254 ex
3419 32.6084882544819 27.6050808236469 30.9010656019673 ex
3420 26.4216189607978 22.7639075655024 27.7270031191874 ex
3421 26.3066262369975 22.1332469037734 19.4541344430763 ex
3422 20.7771270093508 25.6865564167965 18.26512647653 ex
3423 23.982472937787 31.3901289103087 29.0936843571253 ex
3424 31.5276845628396 31.1176543782931 34.8129559233785 ex
3425 34.5193546987139 35.6714830396231 18.4911831491627 ex
3426 30.9319956621621 19.8074606985319 24.7488240972161 ex
3427 30.8414796038996 32.9857861415949 33.1055578901432 ex
3428 26.3011080785654 19.2771857813932 33.001150725875 ex
3429 19.0324254622683 23.6218783587683 23.5293179252185 ex
3430 22.9657957768068 27.1421073996462 31.8735034195706 ex
3431 27.5577141738031 28.1949594358448 22.990808079252 ex
3432 21.6345107145607 31.6236690969672 25.5073135013226 ex
3433 26.4665062464774 28.6899377233349 35.5073340281378 ex
3434 19.0172731135972 22.1693787598051 26.5660437550396 ex
3435 35.5616389508359 29.6268444976304 27.1394503179472 ex
3436 24.4491899041459 24.1762256582733 30.0146376094781 ex
3437 19.6243864186108 33.0227584852837 18.7619872938376 ex
3438 18.4565305355936 35.4601417086087 34.6370129520074 ex
3439 25.4369894177653 27.4218290806748 25.1347163210157 ex
3440 21.9593795926776 30.5865589517634 23.6648284576368 ex
3441 29.735415912699 27.6628038994968 20.4175811519381 ex
3442 29.6114856277127 26.5392949806992 35.7971073321532 ex
3443 30.4533661871683 32.4600311026443 23.152112359181 ex
3444 27.5935952488799 27.5034500143956 27.8300020564348 ex
3445 20.1857054340653 34.2362156852614 30.4977191463113 ex
3446 32.8242228773888 29.9501252353657 25.0336557240225 ex
3447 24.1537016544025 29.810881240759 19.0803104310762 ex
3448 23.2078129409347 28.0537489289418 19.8383847246878 ex
3449 28.0957454128657 20.4408759747166 22.9610734903254 ex
3450 26.8944428137038 18.3196243299171 27.5186255674344 ex
3451 25.5468889011536 19.5038689097855 32.333890349837 ex
3452 30.0995321879163 18.2918517943472 27.3202934958972 ex
3453 35.6822826231364 19.4944895405788 23.9701927844435 ex
3454 25.3140037839767 25.953764165286 21.5892461386975 ex
3455 27.5297671172302 31.3549063585233 24.5474674226716 ex
3456 23.2788823707961 21.897780319443 27.3130706197117 ex
3457 28.4567959841806 21.565800803015 23.6773745119572 ex
3458 26.7756488530431 32.6331865238026 21.4474247230683 ex
3459 31.336709786905 24.5801810265984 26.7328320275992 ex
3460 19.3597810540814 24.7072740003932 35.2335463466588 ex
3461 32.0082440706901 19.7352318777703 29.623203667812 ex
3462 33.1340945917182 27.9195843969937 32.5967536109965 ex
3463 18.9028268081602 35.9692159262486 18.689876408549 ex
3464 20.5821450068615 18.9309113221243 26.3625244470313 ex
3465 33.8127543907613 27.6577420684043 25.8605576227419 ex
3466 29.2562653152272 27.7747592569795 25.5965753877535 ex
3467 26.7355634698179 21.709750066977 21.5506509528495 ex
3468 35.5369178759865 28.9707820524927 24.8105444381945 ex
3469 21.9799188156612 22.7619847995229 25.1982861598954 ex
3470 26.8802072808612 22.0752296491992 29.5789272626862 ex
3471 30.4211966965813 34.220736132469 27.8629677996505 ex
3472 26.6667104815133 35.359846167732 21.087368364213 ex
3473 24.3668078780174 35.8828701677267 22.3374298491981 ex
3474 29.6834832443856 27.0123958622571 34.0419967232738 ex
3475 24.5311008037534 30.2018166983034 23.1883978943806 ex
3476 33.0857796438504 21.9546642864589 32.8124736375175 ex
3477 34.9371408515144 31.2379514216445 35.1310260565951 ex
3478 30.2297314670868 25.6513980305754 28.9709169871639 ex
3479 33.1236453659367 29.4745064240415 28.5916531272233 ex
3480 31.6873299218714 18.4266915924381 20.3179065359291 ex
3481 22.9798839350697 23.063511359971 29.3897376814857 ex
3482 26.2244938635267 21.0025137923658 19.2206116965972 ex
3483 26.4852427921724 34.4236613756511 19.6358766003978 ex
3484 18.5512022892945 31.1637263465673 34.6532677514479 ex
3485 32.0848814020865 20.0072075815406 24.341638386948 ex
3486 23.5781184018124 20.3208413491957 35.3418644599151 ex
3487 35.7629205610137 30.6851947659161 19.247027490288 ex
3488 31.6519102619495 33.3896628548391 18.2410507276654 ex
3489 35.9728937582113 25.7544607182499 19.4284087098204 ex
3490 28.0738368378952 32.40255571343 31.4970898046158 ex
3491 23.2933899378404 18.2744039404206 29.1071688511875 ex
3492 28.0701749988366 19.9672178248875 22.1175680255983 ex
3493 29.879064390203 30.5055442820303 28.7070407243446 ex
3494 23.6420358438045 26.2455900530331 25.8483362572733 ex
3495 24.9375617180485 20.9241696787067 18.9714396097697 ex
3496 34.5992301686201 32.6111906941514 23.4407938551158 ex
3497 28.7490663011558 29.6067672453355 25.9673269188497 ex
3498 33.8732409053482 24.4833175048698 18.3140053839888 ex
3499 32.0507744234055 26.2852424012963 19.0769860886503 ex
3500 32.7556970841251 27.8934744524304 19.4886869473848 ex
3501 21.5707763452083 24.1089773066342 35.5384246727917 ex
3502 18.3447107002139 31.5736453991849 24.1444954108447 ex
3503 31.734292579582 23.0724142065737 29.3119241131935 ex
3504 20.2262301535811 25.0972905782983 30.949077940546 ex
3505 22.5096961546224 27.3444859848823 34.1485998940188 ex
3506 35.4120353364851 28.3367071745452 27.1115017449483 ex
3507 29.7661127769388 22.2318327939138 35.1282658881973 ex
3508 18.9874650042038 20.524282834027 21.9856018947903 ex
3509 35.4026121720672 35.7775573085528 20.8925911535043 ex
3510 30.6165402070619 22.126231346745 35.428019752726 ex
3511 19.5362399427686 31.8446787788998 28.2058013326023 ex
3512 20.3934331112541 25.6461848635226 28.0607497824822 ex
3513 28.6608599978499 27.3321763114072 35.2864888103213 ex
3514 28.8126568431035 27.4356384882703 24.9224112969823 ex
3515 29.5371117652394 22.2047200461384 27.6825588115025 ex
3516 27.5947301203851 22.7739279710222 24.6695128104184 ex
3517 35.8978165904991 18.7968388395384 23.9728267581668 ex
3518 26.4593730045017 18.6386146829464 30.7009292542934 ex
3519 28.1516230981797 21.0886075717863 32.1658793350216 ex
3520 33.006033011945 28.5531413112767 23.1178746516816 ex
3521 25.104020946892 26.0880909636617 29.379724801518 ex
3522 35.4523096145131 26.2452033506706 23.7511809414718 ex
3523 21.0773697351106 25.0702502790373 23.4315725080669 ex
3524 29.4420339523349 20.7321505076252 19.8969678799622 ex
3525 26.2607362940907 18.1351646538824 19.539810058428 ex
3526 23.3380792683456 33.5944701675326 22.4453319318127 ex
3527 33.7513489546254 25.6292138891295 26.3360928283073 ex
3528 31.0063332754653 29.4457427517045 33.9957014401443 ex
3529 27.6168346481863 18.533385700779 34.9514932895545 ex
3530 20.7682568917517 27.3575117571745 19.1985904558096 ex
3531 25.8837987964507 29.469394129701 26.4113785852678 ex
3532 19.0840298635885 32.6101712849922 30.0676301722415 ex
3533 19.0370541387238 27.1137858831789 26.3888868279755 ex
3534 29.997131254524 22.634304643143 22.2870484953746 ex
3535 21.8572317932267 21.9898908270989 24.6926277831662 ex
3536 29.2826270142104 32.2282816972584 21.7266214860138 ex
3537 30.3708149096929 24.1593718708027 19.4709571693093 ex
3538 31.4336677943356 22.7463984948117 27.2862108906265 ex
3539 26.3640047009103 20.0524138044566 31.955769122811 ex
3540 27.5576454659458 26.4405481794383 32.1158661677036 ex
3541 21.0235647766385 23.910246853251 32.7668300406076 ex
3542 21.6033080406487 19.375638425583 25.8124135341495 ex
3543 27.6109585012309 31.6328497827053 19.078140260186 ex
3544 34.2801270140335 26.3528157849796 32.7362502820324 ex
3545 32.2212933381088 26.9132161368616 20.2499899687245 ex
3546 35.1194730934221 25.5080576422624 33.2392992752139 ex
3547 34.5442624073476 24.8620115867816 21.5064699919894 ex
3548 34.4360965429805 18.5364607886877 20.845122781815 ex
3549 24.0044887792319 34.1664419677109 33.3035206382629 ex
3550 25.7411050603259 20.2104834825732 19.86186824576 ex
3551 23.7958372568246 22.5454088582192 25.9644245435484 ex
3552 22.2911184811965 35.8418092632201 28.0207282905467 ex
3553 24.7873655548319 24.6580670960248 33.3059035432525 ex
3554 27.5727047692053 19.5451361355372 29.3651390802115 ex
3555 34.8943993456196 26.3637290445622 18.6370139548089 ex
3556 21.5351421469823 32.1006473226007 23.3477771435864 ex
3557 25.6448330732528 35.3493296375964 30.7413145462051 ex
3558 24.5729711728636 26.856404182734 22.7077903160825 ex
3559 32.0023621749133 24.7141802939586 19.5467995691579 ex
3560 26.0414489470422 30.2456539480481 29.0151921503711 ex
3561 19.4805151685141 33.2036082553677 24.1739488069434 ex
3562 31.2787076432724 35.6731578542385 18.1949174224865 ex
3563 25.9280067402869 30.9092874783091 28.7331528773066 ex
3564 27.5103294751607 30.6283269086853 31.9774772308301 ex
3565 24.4075041867327 18.8236792790703 25.3170166895725 ex
3566 22.6876343737822 31.2555144119542 29.1851165324915 ex
3567 21.2798053033184 30.7926527594682 20.2552484730259 ex
3568 33.6303819832392 27.7749818004668 23.7101217645686 ex
3569 24.6319497511722 27.6915115059819 18.3427114719525 ex
3570 21.869736737106 30.0448511657305 35.8823003498837 ex
3571 29.9668359674979 18.8631882246118 23.5095786144957 ex
3572 21.6573285986669 33.3474752067123 27.716112454189 ex
3573 33.0907708064187 32.4621878596954 19.4321017609909 ex
3574 27.1272470310796 28.032042933628 27.3428042249288 ex
3575 35.428897211561 23.7060389786493 24.3068377731834 ex
3576 32.6123888811562 21.2833420413081 24.34337236383 ex
3577 18.8431205595843 30.8687069921289 28.1168043925427 ex
3578 18.1725654625334 22.6796989243012 35.3032944058068 ex
3579 33.7601913257968 34.1019098188262 23.3029606263153 ex
3580 31.4727035651449 28.4906040369533 30.9349388934206 ex
3581 35.7887874771841 27.0564368034247 26.534207650926 ex
3582 35.1220852062106 34.4093770023901 22.1379137753975 ex
3583 19.8353720065206 32.3551323814318 33.3087233470287 ex
3584 27.5021432302892 30.002494819928 23.777412091149 ex
3585 29.6790948053822 32.306382505456 27.8139618074056 ex
3586 30.3924814509228 24.6617418900132 29.2230176187586 ex
3587 25.3899649188388 24.9040905991569 18.4333450535778 ex
3588 29.1332152355462 24.5828932716977 26.6468864837661 ex
3589 29.8664338905364 27.4045778922737 26.8466889876872 ex
3590 31.552800550824 33.8274500826374 27.3063542761374 ex
3591 18.7086894346867 34.7763660552446 18.4926652016584 ex
3592 21.3177000700962 29.7739850056823 23.264226041967 ex
3593 18.963647122262 25.6287338868715 26.6599724283442 ex
3594 21.5870349362958 19.5945523767732 35.6697253673337 ex
3595 25.0668252997566 33.9682887655217 31.5742081869394 ex
3596 20.6353043054696 27.7984532508999 20.9586007862817 ex
3597 32.8319607027806 30.1057318260428 26.2503717057407 ex
3598 23.0289575578645 26.4117938552517 28.7530683514196 ex
3599 24.8830269987229 22.4177927260753 20.5903254358564 ex
3600 26.8192803859711 20.9176143042278 30.3719723764807 ex
3601 21.5710038482212 23.092089866288 20.7145073441789 ex
3602 29.5771928804461 18.8561009829864 28.1559722162783 ex
3603 21.1168167139404 23.1718590646051 34.1643018506002 ex
3604 23.9493954919744 34.5336851691827 28.647379871225 ex
3605 22.5878286939114 18.4646945865825 30.9643518363591 ex
3606 33.5143583836034 20.1089834589511 19.3828633544035 ex
3607 25.4375397735275 23.4196671480313 23.6435073360335 ex
3608 21.1750717097893 20.8751277755946 20.3135983319953 ex
3609 23.1044954627287 21.364610659657 21.0203608516604 ex
3610 23.9299829404335 29.6785610080697 32.3044628542848 ex
3611 28.8643678645603 25.0477497074753 21.8123304846231 ex
3612 30.2262377541047 19.8246281566098 29.488408240024 ex
3613 19.5623656655662 32.9444492864423 27.2073092753999 ex
3614 26.4642355826218 29.0860916904639 30.4822291173041 ex
3615 33.7016145449597 31.2744775139727 31.9692353468854 ex
3616 26.6984285546932 29.3521469398402 29.2500568006653 ex
3617 28.7487630830146 25.7083697505295 20.5705366837792 ex
3618 18.5894193784334 25.108458797913 35.3840603246354 ex
3619 24.8643841894809 20.847385443747 30.1485131264199 ex
3620 32.4736295784824 31.0080351312645 22.0294059456792 ex
3621 20.9677867533173 20.3832295578904 20.3415742055513 ex
3622 34.0938216079958 29.6805298686959 25.2898205337115 ex
3623 23.355682377005 28.6942180846818 29.2961410684511 ex
3624 26.7096852115355 27.5339439944364 29.380198669387 ex
3625 21.2402813308872 24.332295189146 19.352910752641 ex
3626 18.9124889052473 18.6369697144255 31.2342979232781 ex
3627 18.0071717742831 23.1909170390572 19.7853220410179 ex
3628 30.2675272852648 28.3322480318602 23.8785853781737 ex
3629 22.1963662700728 19.4991711175535 34.748400709359 ex
3630 18.8880277767312 18.6200649547391 20.9419715604745 ex
3631 31.0976132475771 30.4055208209902 35.6578958239406 ex
3632 24.5312481927685 23.7226487486623 26.4926113872789 ex
3633 27.8743923413567 23.6120730664115 29.1362487629522 ex
3634 35.1283288497943 18.2005910705775 26.6175639901776 ex
3635 20.95094914129 26.2639074502513 28.196608961327 ex
3636 29.7768693328835 23.0389973386191 33.7121375282295 ex
3637 30.6486221128143 22.1121922186576 33.8775629349984 ex
3638 19.9356253326405 21.2705507536884 28.2881353853736 ex
3639 20.0858847415075 34.0014194219839 31.1249523712322 ex
3640 23.6567294194829 23.4689858884085 22.6279015459586 ex
3641 30.8367533301935 20.12523763231 26.3770367309917 ex
3642 18.978236905532 32.4858063131105 28.6044252817519 ex
3643 32.4199259201996 26.9531033402309 26.3960627547931 ex
3644 28.73541811225 23.0515876004938 25.1174365030602 ex
3645 18.7092999040615 33.6988449946512 18.7112679390702 ex
3646 34.7700179798994 19.9582863128744 30.0735601703636 ex
3647 31.2818417879753 28.3447112608701 20.2540281626862 ex
3648 32.5954859501217 35.1350272865966 32.8064877223223 ex
3649 26.6405205151532 22.9851107867435 25.1349616218358 ex
3650 21.5929932123981 29.6776051134802 22.6815138158854 ex
3651 18.1832025353797 27.8156084497459 28.5627046001609 ex
3652 22.8753419246059 32.7311986405402 20.6511366965715 ex
3653 27.7903561485 28.2294576719869 28.3859895789064 ex
3654 25.0757633715402 28.6674367715605 28.1097189760767 ex
3655 19.3777316391934 29.7494001486339 23.5908191772178 ex
3656 23.7145720238332 31.3217343746219 20.5024287167471 ex
3657 32.7334535990376 18.6523087427486 33.1737877794076 ex
3658 21.4650612957776 34.0541959598195 19.5154521649238 ex
3659 32.806026432896 35.6346305301413 29.0677897559945 ex
3660 35.4506815986242 20.017064433312 33.8607537860516 ex
3661 27.4240780468099 30.2115806275979 28.5435866047628 ex
3662 23.714337302139 21.9817470363341 32.3360777378548 ex
3663 21.0644986000843 27.5500189694576 31.7803513072431 ex
3664 32.9696895652451 20.720958573278 27.5379729999695 ex
3665 21.4325474512298 34.699597512139 27.9933574334718 ex
3666 30.4824504612479 34.3471108963713 35.4396159460302 ex
3667 24.0958263813518 20.3090410637669 20.5806848234497 ex
3668 20.792887484422 19.5846111071296 32.127771507483 ex
3669 28.1168342216406 28.0739700971171 20.2682562104892 ex
3670 35.9632486784831 33.1735115882475 18.6819934907835 ex
3671 21.3687082303222 24.4706261437386 24.5149190984666 ex
3672 35.4097121432424 28.0798239919823 32.7770437041763 ex
3673 24.8854095721617 18.4455515712034 26.7480249861255 ex
3674 18.4376513131429 28.704228909919 35.7346795881167 ex
3675 18.6128708370961 26.6876673377119 26.5051027117297 ex
3676 29.0817176336423 20.3341313109268 28.2929663863033 ex
3677 18.444748246111 34.7626323099248 26.1672641821206 ex
3678 24.7067806136329 30.6991535306443 28.3699652650394 ex
3679 26.2492875212338 19.0185413816944 19.738082557451 ex
3680 31.2540516580921 27.352519540349 26.6230716526043 ex
3681 31.9700549310073 33.5067774876952 28.8134940178134 ex
3682 27.6397503118496 21.4583969078958 32.0087861884385 ex
3683 23.8069243608043 23.830435723532 30.3954394417815 ex
3684 32.8503352655098 23.7000852411147 22.6027747287881 ex
3685 18.6551095761824 34.5352484544273 35.0405798475258 ex
3686 19.2722761745099 31.256523392396 19.2632860026788 ex
3687 31.9022790242452 22.829485782655 32.0554463665467 ex
3688 26.1041543462779 23.468135347357 34.5117221712135 ex
3689 32.5078604929149 19.8103407744784 27.3160227111075 ex
3690 25.5759020349942 24.2101485568564 26.6492860130966 ex
3691 27.7829868041445 22.1716931401752 19.06753858109 ex
3692 32.9695017978083 31.1516977811698 24.996057858225 ex
3693 30.3756409692578 23.0331527637318 21.2141064649913 ex
3694 33.7721298909746 18.1614720856305 32.5406999823172 ex
3695 26.3925093046855 28.979574744124 33.1583423269913 ex
3696 19.8459559408948 31.2046909315977 27.3997634330299 ex
3697 27.1009589100722 32.9245676109567 20.6494615627453 ex
3698 24.0175236137584 18.8375514759682 35.4309986555018 ex
3699 20.2152031047735 20.3121848523151 19.101270777639 ex
3700 22.7887442223728 31.5196795582306 26.2777187728789 ex
3701 19.8693918215577 28.2670096154325 28.1344977945555 ex
3702 31.0643450531643 26.4752710438333 28.3705036083702 ex
3703 31.4700271633919 23.8149138791487 30.9355378218461 ex
3704 25.2021801711526 23.0880080456845 21.4976859665476 ex
3705 29.1661920424085 23.0718077754136 28.1117514492944 ex
3706 20.8056042431854 30.7245593569241 33.2300723581575 ex
3707 32.6658109761775 24.178213435458 20.7287744155619 ex
3708 27.3179309307598 27.1499324382748 31.0632056193426 ex
3709 27.503900320502 28.8988115275279 24.1721804032568 ex
3710 30.5602577340323 33.8833793087397 25.9594073558692 ex
3711 32.5340827973559 23.0737201755401 19.0527489287779 ex
3712 25.1983794013504 22.3634089478292 28.5121987734456 ex
3713 26.2278630586807 29.8451204053126 32.7014606473967 ex
3714 35.1251269609202 20.1052886475809 35.9430285689887 ex
3715 25.5924619163852 28.3063178849407 35.597598815104 ex
3716 26.3159414299298 20.2721128244884 22.1979770753533 ex
3717 24.5319329560734 19.9797420878895 35.2773168454878 ex
3718 20.3659885232337 24.7066335256677 31.6610787948593 ex
3719 22.9541035341099 34.3261433870066 31.14088697033 ex
3720 35.8625318869017 25.1901937315706 25.4790428532287 ex
3721 31.7338962613139 32.8099693327677 18.8584519915748 ex
3722 27.6275265477598 25.4539091982879 26.7275272002444 ex
3723 27.2353492793627 18.2073621316813 18.208918197779 ex
3724 31.1134581866208 18.8023504533339 24.0916316783987 ex
3725 35.5197974666953 22.2525683015119 31.6429662904702 ex
3726 18.644450674532 27.7200498022139 22.1058781039901 ex
3727 30.2308890921995 21.0678623307031 21.1582840990741 ex
3728 35.2767097160686 30.6762528477702 33.9261352354661 ex
3729 29.1663080693688 19.958873600699 20.345787269529 ex
3730 18.0668204445392 30.6420317946468 21.9956100287382 ex
3731 28.0472643899266 30.4055662211031 18.4108418021351 ex
3732 27.6416210625321 23.8861840122845 26.3429100646172 ex
3733 27.0308887506835 24.8398814045358 24.3653246234171 ex
3734 24.705192609923 20.7621119460091 28.3441749408375 ex
3735 33.4355263558682 29.7668196747545 33.9146620461252 ex
3736 27.4068966673221 21.8800501937512 25.8087215099949 ex
3737 26.4886077188421 29.409636874916 35.6091135456227 ex
3738 27.6823338207323 34.2533156496938 18.2886650869623 ex
3739 27.9147364741657 34.7255800804123 33.6203642855398 ex
3740 30.2338507534005 26.9209342163522 30.5118409178685 ex
3741 22.3839548083488 34.9061653928366 29.4635059840512 ex
3742 18.5885107619688 35.8896981824655 19.3245259588584 ex
3743 30.1168459285982 34.373847583076 20.0071166390553 ex
3744 25.4083260577172 28.4797209328972 31.3484336696565 ex
3745 25.126758164959 22.0324847146403 33.1260587314609 ex
3746 28.4993445284199 27.3354054612573 28.658005133504 ex
3747 29.842076136265 18.6557315820828 35.3744698613882 ex
3748 22.423096507322 19.5323010128923 30.9328927451279 ex
3749 28.3472205179278 35.9000873335171 24.7678465463687 ex
3750 32.4618978092913 35.5119611732662 28.3420451239217 ex
3751 23.4220958794467 35.9182081741747 23.7207089955918 ex
3752 19.8630715387408 25.5585058848374 35.3590036870446 ex
3753 31.3257514629513 21.7596989176236 21.3477865506429 ex
3754 29.2058649645187 32.5139386865776 25.5638808391523 ex
3755 34.7398972748779 34.6929310907144 26.7091152919456 ex
3756 24.220305401599 27.6084751382004 35.8607315362897 ex
3757 27.7445231301244 23.2850221057888 35.6853360326495 ex
3758 30.512942501111 34.6594586658757 22.073809661204 ex
3759 26.3461855312344 30.334601696115 21.8139595282264 ex
3760 18.7641528688837 33.1227472990286 35.9197278097272 ex
3761 26.2444902465213 35.2460420487914 20.2824430379551 ex
3762 32.2538244950119 35.5984596789349 24.3857809782494 ex
3763 19.3357213556301 26.9528172865976 19.9062811844051 ex
3764 31.6143325055018 35.1928982881363 35.6543893278576 ex
3765 20.8400473394431 31.8892964273691 26.6710693077184 ex
3766 19.1078398511745 26.967030941043 31.3005934548564 ex
3767 35.991462346632 32.1215306394733 30.9635900012217 ex
3768 21.5217875747476 31.2646061936393 23.1227201216388 ex
3769 28.292777576251 25.9438303853385 29.8940645409748 ex
3770 23.1595552533399 22.7358421389945 28.1686622819398 ex
3771 23.1403529043309 35.7666036759038 24.1141415722668 ex
3772 19.0325971259736 23.0621366682462 35.0394013917539 ex
3773 28.8488408471458 33.4172883816063 26.7023904707748 ex
3774 19.2220067961607 26.9762980656233 32.7332662874833 ex
3775 19.1154484881554 25.6105481756385 23.6858920499217 ex
3776 27.3614021011163 18.4307514661923 32.3248032331467 ex
3777 23.4769706272054 18.0972325287294 19.6516013701912 ex
3778 29.0880995711777 28.9076822260395 32.2136231400073 ex
3779 31.4483613818884 22.5988058841322 28.9558552976232 ex
3780 34.2023398871534 26.8950650633778 19.6045262964908 ex
3781 27.1375580036547 24.7444953115191 35.9232251984067 ex
3782 19.015016668709 29.9368022419512 19.2883709568996 ex
3783 25.5370705041569 22.7274065138772 34.21516893222 ex
3784 19.9367768324446 24.5605141716078 24.0330981034786 ex
3785 35.7248719423078 26.9089019021485 22.9198275655508 ex
3786 20.0421548406594 19.550811693538 18.6772657092661 ex
3787 24.5216465340927 32.1634912574664 25.2222477835603 ex
3788 35.0289868700784 29.8641908762511 22.1708620914724 ex
3789 22.0096153547056 27.394786010962 26.1272907969542 ex
3790 20.8415639328305 33.3943017199636 35.0020701417234 ex
3791 25.8202647839207 23.6830532038584 20.0682994634844 ex
3792 30.7502564361785 32.3199022174813 22.3715812996961 ex
3793 28.0786114260554 21.771234808024 18.6737382849678 ex
3794 18.5091216308065 20.0741195545997 20.0511749179568 ex
3795 18.2164801517501 20.3068378604949 35.1310910265893 ex
3796 28.5319204165135 20.8387427013367 30.1983878272586 ex
3797 20.2970949439332 23.9201330807991 27.571090220008 ex
3798 35.6639625153039 29.8096103668213 29.6867908667773 ex
3799 19.0840053977445 24.9987403184641 25.5916324639693 ex
3800 30.5158364784438 26.4222511723638 20.2313649079297 ex
3801 29.7352116922848 25.6952703385614 22.6344950012863 ex
3802 35.7971059724223 23.9116063858382 25.0656398714054 ex
3803 35.6019178773277 24.115877061151 23.5774122453295 ex
3804 20.9749011774547 31.7804539834615 34.3159807978664 ex
3805 35.0962278561201 26.8175258093979 33.0464932471514 ex
3806 20.1669507769402 32.5580133432522 29.7064626980573 ex
3807 19.0742039629258 23.7612599052954 34.3508981303312 ex
3808 21.6318178109359 30.1101903219242 24.3592190926429 ex
3809 34.1026575462893 29.7857911081519 30.6575813386589 ex
3810 29.75735648931 19.5137514027301 19.9628359144554 ex
3811 34.6582154200878 31.337905827444 24.3671751180664 ex
3812 24.2477834550664 22.5443886145949 25.8996299246792 ex
3813 33.1623717199545 32.7795532075688 27.0628104889765 ex
3814 28.7812772151083 33.6133124763146 22.9836003901437 ex
3815 28.1500668895897 26.545066808816 33.9748703467194 ex
3816 21.8055092794821 21.4909792093094 32.9900333839469 ex
3817 19.4538748830091 31.7526893222239 29.1444020059425 ex
3818 21.0351127611939 26.5240851447452 26.0140912367497 ex
3819 31.7966612067539 19.5944417652208 27.8435540827923 ex
3820 30.2567081341986 21.5530482076574 25.9647065298632 ex
3821 31.698637833586 30.3165307564195 33.0056263008155 ex
3822 28.9425429725088 30.2985180693213 29.4863460748456 ex
3823 34.7625380964018 21.3457850064151 30.62689518556 ex
3824 20.954030477209 27.1476307888515 29.9063690064941 ex
3825 28.310403710464 35.7308279969729 19.8778585027903 ex
3826 34.9434322388843 33.6772635171656 23.0761094323825 ex
3827 30.3870158260688 25.6491488949396 19.7888481228147 ex
3828 27.2206585367676 23.0700251697563 34.5480788126588 ex
3829 31.5892557026818 32.2238235617988 34.1381589903031 ex
3830 31.7045533589553 31.897371563362 22.7091827986296 ex
3831 31.3812984814867 31.8223000916187 31.1485844484996 ex
3832 25.8935877887998 28.1039101714268 26.7057297839783 ex
3833 30.12785428809 30.0880060154013 34.0610374563839 ex
3834 31.2322453144006 30.768225856591 28.2925070370547 ex
3835 22.0604481962509 25.1634432284627 30.9991428335197 ex
3836 20.7099895363208 22.0607026419602 21.7032899188343 ex
3837 19.5718437624164 34.3924984058831 24.8935375944711 ex
3838 20.3976626084186 24.1584921402391 35.5922925614286 ex
3839 26.564993513748 26.0246590552852 35.8403189093806 ex
3840 23.5556603029836 26.4595648522954 18.5323589066975 ex
3841 27.4180609250907 20.06731230882 21.19350737473 ex
3842 30.1944137862884 18.0085209954996 35.7679664837196 ex
3843 23.9458333891816 34.1616086605936 18.0296913557686 ex
3844 28.2081453753635 29.2764250969049 34.8040362182073 ex
3845 27.1911421711557 22.1523358530831 20.9301955464762 ex
3846 24.9810215262696 24.1774710223544 32.5520333200693 ex
3847 34.6616175025702 27.2330703281332 23.3975014560856 ex
3848 20.3438254562207 32.127796439454 24.4741706319619 ex
3849 20.4035581538919 29.6923156434204 25.2503237507772 ex
3850 22.7125032613985 23.9017029039096 27.6426783904899 ex
3851 26.2962407323066 35.5153683631215 31.998102968093 ex
3852 22.4042857841123 34.0477670913097 28.2698068835307 ex
3853 35.8499678289518 18.033042320516 24.0404150583781 ex
3854 21.7468070408795 21.9520626754966 27.9162645412143 ex
3855 25.7645151887555 24.333261606982 21.7492888278794 ex
3856 18.4296234957874 19.3956963552628 34.6159204118885 ex
3857 20.4121602098458 29.4504115511663 32.410428895615 ex
3858 35.6211773862597 28.5337675623596 21.2218337606173 ex
3859 19.6108556613326 23.4774913571309 19.3893645298667 ex
3860 21.632818067912 31.1549939890392 33.24929999304 ex
3861 26.2054932799656 23.2748851827346 35.7055343294051 ex
3862 25.4958442510106 29.1298163826577 29.6104936646298 ex
3863 18.3855961170048 26.2680156419519 23.3885696202051 ex
3864 32.4060303724837 27.9487718173768 22.3105693059042 ex
3865 35.0157490002457 27.5523600294255 29.2274405048229 ex
3866 21.1353154571261 34.7488438736182 23.6502078522462 ex
3867 23.333213057369 24.1120909887832 29.3070801224094 ex
3868 18.2632769583724 24.8999989624135 35.0241954936646 ex
3869 20.8757088985294 32.3960511775222 34.7605368446093 ex
3870 32.7735187597573 34.2337030905765 30.2456736448221 ex
3871 31.6793705145828 25.6809058208019 31.8204097039998 ex
3872 26.2507941033691 35.5836569622625 33.5807446353137 ex
3873 33.3796195797622 32.9590336557012 34.5919525995851 ex
3874 31.4196255165152 31.1643942182418 35.6226184756961 ex
3875 23.604315278586 27.2186836916953 25.5364597621374 ex
3876 34.1306089702994 30.3871207684278 26.0139287537895 ex
3877 28.5306416668463 27.9615510713775 32.2866431477014 ex
3878 26.30948526063 24.962785228854 26.3291369753424 ex
3879 31.126533373259 31.0198156395927 18.8959371515084 ex
3880 31.6462127580307 24.3124124135356 18.4595323523972 ex
3881 29.1637367026415 27.082886871649 28.3668924802914 ex
3882 32.5667473569047 28.8826728970744 20.3370996653102 ex
3883 29.1006507219281 30.5239843281452 25.7129202657379 ex
3884 29.5511391281616 24.8996751059312 29.8335604716558 ex
3885 29.5375617358368 30.4790527927689 27.0095672053285 ex
3886 23.1486306996085 34.4428034496959 22.348269126378 ex
3887 26.6258398643695 28.5932911436539 18.8862619574647 ex
3888 25.9399028669577 35.409926345339 25.8128418640699 ex
3889 34.1253290870227 18.4502711941022 25.4658022657968 ex
3890 25.2492634961382 18.5007584486157 32.2019329138566 ex
3891 34.3580051825847 18.9867972102948 18.5919940341264 ex
3892 29.0399932479486 34.9036099647637 19.3960273540579 ex
3893 25.8585207681172 29.1153709925711 24.1449961508624 ex
3894 34.6117747765966 25.6366612978745 33.7592512581032 ex
3895 34.2413373319432 18.8499888943043 30.7139316729736 ex
3896 21.9085286809132 32.7736268474255 28.976497921627 ex
3897 22.5313015079591 32.7723035893869 24.70502406382 ex
3898 29.7995241554454 25.3582767245825 27.013834903948 ex
3899 22.6357210697606 33.5821576067246 31.4546613234561 ex
3900 19.326913646888 30.7143093985505 31.0501849129796 ex
3901 19.5285909469239 27.6212300790939 30.1170486300252 ex
3902 35.3265648509841 33.4888383154757 26.8384376796894 ex
3903 27.3151181198191 35.9413474940229 29.3348830945324 ex
3904 35.5246353144757 26.8171444104519 25.947207770776 ex
3905 22.9109951825812 29.9899486456998 31.8036860318389 ex
3906 29.709040421294 31.3076611093711 20.8544066946488 ex
3907 32.3804081724957 21.8846649862826 26.1538136817981 ex
3908 32.2076931260526 25.6779329362325 28.1553115542047 ex
3909 18.7917330174241 20.8292260705493 23.3920152278151 ex
3910 26.2627718369476 25.0444919476286 32.7001617250498 ex
3911 28.9759469528217 20.9437261717394 18.4288311165292 ex
3912 32.9790527061559 35.5633616563864 27.8127158556599 ex
3913 35.8700393277686 22.732463580789 21.4647746093106 ex
3914 22.3074259222485 28.5295990237501 18.8718437463976 ex
3915 24.9681754675694 29.9472083123401 35.9017122837249 ex
3916 29.2732469814364 33.5294270070735 34.5944834444672 ex
3917 24.9742001823615 19.7255344616715 30.2875282557216 ex
3918 27.0351962237619 32.8915716258343 31.4807562797796 ex
3919 34.8461421066895 23.4467915040441 22.0503335813992 ex
3920 20.8857781481929 34.5747274092864 29.1342572683934 ex
3921 33.5519729196094 28.8918476745021 34.2477269079536 ex
3922 27.3550793325994 30.2981606468093 35.1040931956377 ex
3923 28.9708681013435 32.4481617938727 21.0838530799374 ex
3924 33.8371862557251 33.2672378772404 21.7690772849601 ex
3925 18.3008506640326 33.3804867505096 20.2221295104828 ex
3926 18.2941744301934 34.6366151426919 25.1523052772973 ex
3927 19.1782862027176 27.3896800626535 18.4144728647079 ex
3928 30.5302847935818 34.4854423783254 29.5445131249726 ex
3929 25.702740555862 31.5886162128299 29.1651983400807 ex
3930 19.6259861313738 30.5029931203462 18.0985959044192 ex
3931 32.9853162253276 19.8573362720199 33.8912910325453 ex
3932 30.978369665565 33.4745493482333 20.6057515684515 ex
3933 19.1177676068619 19.9721202696674 30.7334804434795 ex
3934 22.1469606896862 30.2810388018843 24.4009263170883 ex
3935 25.8190878238529 30.806046587415 33.3335075655486 ex
3936 30.0541926065926 29.2710585969035 32.4423010898754 ex
3937 22.4598174097482 20.9125135906506 20.0846480084583 ex
3938 29.5248833075166 27.2821836967487 30.1130967722274 ex
3939 34.1692132421304 29.9402968699578 21.7413191092201 ex
3940 31.5302547775209 25.4127581533976 21.3744687414728 ex
3941 33.5232656348962 20.1389779704623 20.5290614431724 ex
3942 29.8097649756819 21.2181198054459 33.9544695031364 ex
3943 32.7276150377002 22.8802845415194 19.2653857853729 ex
3944 34.102099604439 25.0639232581016 18.2155335501302 ex
3945 32.8338526829612 31.8300377686974 33.3087580027059 ex
3946 30.5436227153987 18.6898869962897 32.8635635878891 ex
3947 27.0053176220972 23.4480228500906 19.9627398529556 ex
3948 31.7760233464651 32.545533435652 31.8629115920048 ex
3949 24.8376425218303 29.6970751292538 28.6757558584213 ex
3950 18.1285542722326 21.6514576603658 32.759501981549 ex
3951 20.7027046910953 35.3660886117723 29.6188912105281 ex
3952 19.9447696625721 32.1096701773349 35.1618949600961 ex
3953 22.6326429825276 31.7342232868541 35.7331223373767 ex
3954 32.3384941732511 18.4236322664656 21.5439814687707 ex
3955 31.7424906820524 34.0623721731827 30.9554730372038 ex
3956 27.1823785062879 27.1902656005695 35.5184430829249 ex
3957 19.0149050063919 35.0158618784044 19.5872155809775 ex
3958 28.8111180940177 19.4378012409434 31.3808305764105 ex
3959 26.7836428082082 18.3047052351758 31.7666710093617 ex
3960 21.4790980573744 30.04625137127 26.645074906759 ex
3961 24.9712082005572 30.381006004056 21.7560145743191 ex
3962 27.0487666430417 34.2683418467641 29.1373492195271 ex
3963 24.4233239989262 22.6672788879368 29.7082076363731 ex
3964 28.2530160550959 24.4872082092334 19.8354641278274 ex
3965 26.6031008504797 27.614556661807 30.6664600153454 ex
3966 33.5842543335166 18.5949784293771 23.1361754508689 ex
3967 26.7772860454861 25.0497703810688 20.5511370140593 ex
3968 30.4373624739237 19.529154810356 26.360280433204 ex
3969 25.7929699961096 25.8520042791497 35.4182905924972 ex
3970 29.5596652000677 26.4082348686643 33.4412612423766 ex
3971 28.3503769799136 30.4072472364642 20.4182458797004 ex
3972 32.5813851347193 18.2299344525672 32.5355565738864 ex
3973 30.0380567156244 34.7385852034204 30.9465763447806 ex
3974 32.3513462918345 32.783287052298 31.5477231044788 ex
3975 27.9145659913775 27.3129501033109 30.0213917929213 ex
3976 32.5662838676944 27.8186757937074 24.5876616053283 ex
3977 26.7890078204218 21.9518318686169 31.9586701309308 ex
3978 18.7343296222389 33.5388329443522 26.8545764745213 ex
3979 22.2920718642417 31.9252326404676 18.8884891998023 ex
3980 31.7303627987858 28.609351972118 28.8736727323849 ex
3981 34.2370256632566 21.926688128151 23.1163372828159 ex
3982 22.8696433913428 22.6129746723454 27.7382335120346 ex
3983 24.6028820492793 30.851102370536 20.9405812246259 ex
3984 27.0047216757666 21.9979954501614 19.5329293878749 ex
3985 22.1464280276559 22.4187950554769 23.0093346242793 ex
3986 20.3145594068337 35.5740524739958 32.9338412648067 ex
3987 20.6967492292169 22.4816869394854 19.3339268888813 ex
3988 34.8963631365914 33.5733817210421 18.8626598075498 ex
3989 24.5274885050021 34.1990687702782 22.7148931769188 ex
3990 28.9604792355094 18.5871908110566 22.2746237118263 ex
3991 29.8683826432098 24.1484997430816 27.7529474643525 ex
3992 28.0993097119499 18.5440005359706 33.4393313406035 ex
3993 33.1101958814543 34.0637334496714 24.8468765548896 ex
3994 28.2577618691139 24.5904174202587 30.1019761839416 ex
3995 31.9741758692544 26.6749336125795 22.6496906836983 ex
3996 30.7213909516577 19.840022638673 28.6118194092996 ex
3997 33.2897617183626 22.0234294063412 24.1093572359532 ex
3998 18.43791565625 27.7913615277503 26.9962002779357 ex
3999 35.6859562976751 30.6347594086546 18.6423723872285 ex
4000 26.4021172225475 29.2630465256516 20.6517656648066 ex
4001 21.1085031072143 23.250367620727 33.5959695596248 ex
4002 32.6918357345276 29.2186901681125 22.6168972549494 ex
4003 28.9621210782789 23.5336722661741 26.1195816698018 ex
4004 29.8301275800914 20.2307842154987 32.9067767669912 ex
4005 34.194957928732 35.8503184909932 23.4132558896672 ex
4006 30.562272436684 24.996065772837 35.430902070133 ex
4007 27.2999206366949 20.2894426931161 31.2445709866006 ex
4008 19.9943344474304 32.9620147119276 29.8157271593809 ex
4009 23.0803478825837 27.2253412797581 22.5004359679297 ex
4010 20.7725511691533 29.1177852589171 20.6867340253666 ex
4011 19.3666482621338 32.4602393121459 21.9979339581914 ex
4012 29.5607157007325 23.0597337707877 22.5706612463109 ex
4013 24.8463497445919 33.4211170023773 25.5496188760735 ex
4014 19.2073622918688 22.882390456507 33.6238302474376 ex
4015 33.7753146125469 18.6240794204641 19.5136566346046 ex
4016 27.2680406018626 31.6053167087957 28.6307090723421 ex
4017 26.6531297976617 23.1417841773946 25.4168137961533 ex
4018 19.8505248178262 24.0019778299611 32.2772576329298 ex
4019 22.766861345619 30.0774494372308 32.7125427962746 ex
4020 21.9983620434068 31.8154299014714 20.1714571379125 ex
4021 29.2386562402826 23.9492594241165 23.8873916242737 ex
4022 32.3971923126373 31.3165725590661 26.9560586363077 ex
4023 35.456871465547 20.4851128414739 31.8173577752896 ex
4024 19.0550254767295 35.0197677465621 25.6270706823561 ex
4025 26.2441079907585 21.0294844417367 35.8057331754826 ex
4026 34.787325064186 28.4430597058963 20.6562920338474 ex
4027 29.2866198837291 33.5194057568442 30.1273337742314 ex
4028 25.355301191099 20.4727719777729 31.065190753201 ex
4029 29.4679405626375 30.8861850278918 23.2226747758687 ex
4030 19.7819731256459 21.4815059958491 21.549989145482 ex
4031 23.4934953604825 30.0459677220788 30.0005929644685 ex
4032 19.3651324077509 19.260384803405 32.9625100654084 ex
4033 24.1847691419534 23.0465272965375 20.4346942319535 ex
4034 25.4068380286917 31.2123557331506 33.25058958726 ex
4035 20.5023544547148 29.2600882812403 19.4382485477254 ex
4036 24.7524597879965 30.4308992342558 34.2643736752216 ex
4037 24.8693099599332 33.8723405208439 27.32531793206 ex
4038 19.6995041184127 28.0189311327413 34.1301476759836 ex
4039 23.0122644465882 29.8040179689415 31.684396954719 ex
4040 27.3465458301362 30.4668161210138 25.1706576268189 ex
4041 25.3745623582508 29.9630080801435 27.1383024349343 ex
4042 25.1781853341963 34.745236750925 29.1242137071677 ex
4043 26.6576007029507 30.3756490566302 19.3157474203035 ex
4044 32.1506574095692 29.9020739276893 33.5830104865599 ex
4045 19.3749843016267 28.0465893100481 30.844440468587 ex
4046 30.2521158689633 22.6584304459393 25.7223205754999 ex
4047 20.733410395449 18.7210601905826 30.8992015393451 ex
4048 24.8100653022993 28.8402937625069 26.5667535378598 ex
4049 32.2298863939941 28.2153731237631 27.1103891874664 ex
4050 18.1672725235112 29.3380276509561 30.1397651496809 ex
4051 32.9937693909742 32.3777839611284 33.1980541802477 ex
4052 27.7911024061032 31.9876476982608 30.6236499315128 ex
4053 31.8237024436239 31.8930689203553 30.1065405448899 ex
4054 20.3694252709392 27.4058224468026 21.1357052223757 ex
4055 27.0779472135473 26.3822708739899 18.4517681004945 ex
4056 25.0669372354168 18.8419480209704 20.0754365436733 ex
4057 21.4084045989439 25.7193032409996 27.9406349854544 ex
4058 28.6949519573245 25.2482179414947 26.7076760884374 ex
4059 35.6345784782898 30.6689887677785 29.9466084730811 ex
4060 28.600979936542 21.7028303185944 26.0883559312206 ex
4061 20.8798915955704 19.7982566845603 25.6733153767418 ex
4062 28.7384907177184 25.9247105498798 34.6474365396425 ex
4063 35.1530802890193 35.5986941882875 34.5035931465682 ex
4064 18.3228907641023 24.8167900773697 26.2155739217997 ex
4065 33.9640720533207 29.1043687122874 29.2148485681973 ex
4066 31.802761741681 27.6840103503782 34.0018453365192 ex
4067 24.4342527149711 19.9065200292971 28.8422237029299 ex
4068 34.3915188042447 19.2462343722582 18.8110697416123 ex
4069 28.9393310605083 32.7833897199016 24.0625180231873 ex
4070 28.0724176273216 28.7772371780593 28.9356377702206 ex
4071 20.3143097376451 34.9932899898849 20.4553104077931 ex
4072 23.6409657914191 25.5714097621385 24.5738273845054 ex
4073 25.1294877468608 32.3844128656201 27.3945346658584 ex
4074 19.9713493166491 19.707870466169 22.0330261483323 ex
4075 25.99963263073 23.9163840222172 24.2603323482908 ex
4076 20.6726172869094 19.7406147276051 26.340326148551 ex
4077 33.5600067994092 18.2273436940741 34.3326831858139 ex
4078 26.6124050526414 31.4933790054638 34.8828308822121 ex
4079 18.109175830381 28.1293016094714 28.8364553719293 ex
4080 32.6031283673365 25.718975417316 22.2020843552891 ex
4081 28.8303175352048 35.0422117530834 30.2145960803609 ex
4082 28.4032508586533 21.4513980962802 28.0049750232138 ex
4083 28.7735901572742 21.3903687663842 25.6679290104657 ex
4084 20.3166895378381 22.6618556096219 23.7740126661956 ex
4085 32.7901512922253 19.6392840642948 34.1179218769539 ex
4086 33.0102274147794 21.8960047008004 21.540164599428 ex
4087 29.7498072278686 27.5803927658126 24.2196779639926 ex
4088 18.7664004126564 22.6733278846368 31.8924532816745 ex
4089 31.0799414871726 28.1392378418241 25.6932607977651 ex
4090 29.3294920017943 23.8518935192842 32.9706101256888 ex
4091 22.4972262817901 35.8300439999439 32.7412190136965 ex
4092 30.4601824064739 23.9483550258446 35.5228274811525 ex
4093 20.5191866862588 32.6712906514294 35.1200186891947 ex
4094 20.7187778926454 35.8583785670344 26.0572300702333 ex
4095 33.1634933245368 32.777315198211 23.7256358612794 ex
4096 26.7949172565714 34.3537615027744 18.5484787374735 ex
4097 26.4830558109097 20.1747363440227 19.4208451076411 ex
4098 35.9984891139902 22.0726511867251 26.2610734170303 ex
4099 24.124787701061 31.795197638683 30.5773009266704 ex
4100 19.2392904905137 24.8648718250915 27.3463281164877 ex
4101 28.2390805068426 28.1402937527746 24.3006248432212 ex
4102 30.3883434652817 31.6331955564674 20.4251516270451 ex
4103 32.8168000709265 24.8442540136166 18.191683575511 ex
4104 22.3193384972401 25.2786306480411 24.1204331961926 ex
4105 25.1578163001686 32.6265903126914 26.6836947901174 ex
4106 20.0394953971263 19.7493016759399 33.2319533850532 ex
4107 22.9647136456333 24.601249627769 35.3098263805732 ex
4108 24.4384794211946 29.2244308614172 27.9614297470544 ex
4109 31.1900113611482 23.7631712215953 28.6677710113581 ex
4110 24.8896022504196 22.268497278681 23.1925006771926 ex
4111 20.4166433084756 30.5774366732221 23.1975524327718 ex
4112 34.1679787244648 28.8309564078227 23.1817060054746 ex
4113 22.205055361148 20.9711084472947 27.4412536523305 ex
4114 30.278773679398 31.2582225177903 22.3070706885774 ex
4115 33.1122401650064 28.1863963995129 35.7749511520378 ex
4116 34.9075446291827 23.1395291748922 18.1071856343187 ex
4117 20.2931401287206 28.4057344284374 19.4938727272674 ex
4118 21.2615274828859 19.2021709755063 30.5669465081301 ex
4119 29.3672660454176 20.0488351068925 20.4006536097731 ex
4120 22.251870084554 26.5802379595116 24.3460903451778 ex
4121 34.7502230815589 21.4001811379567 20.5846227253787 ex
4122 18.8204162460752 31.9656962559093 26.3286641640589 ex
4123 26.9506640804466 19.228206578875 23.1036880351603 ex
4124 34.5334654764738 22.9415211714804 30.0004806434736 ex
4125 29.570313210832 23.8681587579194 21.9511737164576 ex
4126 34.2644671620801 20.6860587804113 27.5917029595003 ex
4127 34.0484851237852 35.1528608845547 25.5509791004006 ex
4128 34.7132786090951 23.8879643050022 32.7220213285182 ex
4129 18.9971440054942 34.3250987012871 27.7246043910272 ex
4130 25.5883912020363 32.9166930930223 28.4567042472772 ex
4131 19.6045434928965 35.9944567822386 31.5865240348503 ex
4132 22.5005488046445 18.4408693511505 19.6965519157238 ex
4133 33.640494926367 33.2403527195565 33.8479205064941 ex
4134 32.8397350253072 19.4594471396413 21.1657435353845 ex
4135 28.7487672006246 26.3396535280626 32.145979832625 ex
4136 25.6684528433252 26.9359607414808 25.6687589117792 ex
4137 18.4193835787009 27.5977731521707 29.0700095270295 ex
4138 34.2621773944702 29.7614480820484 33.6319781059865 ex
4139 35.4218678376637 34.6855794487055 26.1220042500645 ex
4140 24.0666489955038 30.5414198902436 22.8979010784533 ex
4141 28.6341268781107 24.9898113356903 33.6115792118944 ex
4142 32.2643401271198 20.0822687097825 20.6290695834905 ex
4143 27.9137420023326 22.6103959896136 27.7799643618055 ex
4144 35.555095117772 23.1754918240476 33.3751563846599 ex
4145 18.592732577119 23.3251897946466 22.7275963583961 ex
4146 19.0313152740709 34.9321388963144 27.8214414860122 ex
4147 35.828632454155 27.7599907289259 19.3973945912439 ex
4148 32.9844442598987 23.9982516265009 30.4388720998541 ex
4149 30.2646891328041 20.7525669198949 35.0756868354511 ex
4150 31.580326402327 31.4141279770993 32.8718160653953 ex
4151 21.3976363174152 28.9076096920762 34.1377513622865 ex
4152 29.2782852384262 21.8451804379001 26.4319411711767 ex
4153 26.1122458765749 26.6810752628371 24.0712016276084 ex
4154 23.0667789243162 19.560711175669 18.2409246847965 ex
4155 22.2377607948147 25.8121738107875 32.8107417011634 ex
4156 23.655194378458 18.2915608824696 20.415395653341 ex
4157 32.8485187741462 30.4677783600055 33.3740963069722 ex
4158 25.4355470368173 35.2582053837832 31.9531526667997 ex
4159 33.0427692958619 18.8112857856322 30.9563847098034 ex
4160 31.097376585938 27.5264781259466 33.4167226774152 ex
4161 30.340834769886 18.8019168842584 21.8884665102232 ex
4162 20.0820868157316 23.3015616727062 31.3975395453162 ex
4163 27.0777810278814 23.4999686512165 32.7557366525289 ex
4164 29.3770468828734 27.4384402753785 22.1092890205327 ex
4165 34.2550433257129 22.9236445252318 33.6989157269709 ex
4166 25.9105189368129 21.790875046514 28.1711831137072 ex
4167 30.030788351316 20.7472401140258 29.3499476399738 ex
4168 24.8275840426795 20.1424129952211 25.0617906351108 ex
4169 32.4130198287312 26.8105906504206 25.7690957041923 ex
4170 33.5232467346359 26.6161907559726 24.9541434147395 ex
4171 23.7054073936306 21.4050820076372 35.437454146333 ex
4172 21.6022814349271 28.0347752752714 28.5452063945122 ex
4173 27.6622675310355 33.1620597534347 23.5066497123335 ex
4174 35.447942879051 23.919651797507 19.3685115408152 ex
4175 19.949045983376 29.0516477120109 22.1652853256091 ex
4176 21.1168330118526 20.1622765238862 23.0769721255638 ex
4177 32.9525342728011 29.9245386486873 28.0452685253695 ex
4178 29.7798791027162 31.0064396380913 35.5918759859633 ex
4179 31.6930168431718 29.4783846735954 27.6767130866647 ex
4180 21.7268582670949 20.1534636381548 21.6634853126016 ex
4181 31.6840489071328 24.1898438574281 21.2790287109092 ex
4182 32.8152610547841 24.9666904006153 34.397315440001 ex
4183 29.7359205754474 35.4882723253686 25.1549955124501 ex
4184 31.4497508974746 25.7388184887823 30.4595074804965 ex
4185 25.386910088826 21.2468637537677 20.3263953770511 ex
4186 19.3555508772843 22.183513358701 19.6084837715607 ex
4187 24.3488009313587 20.8868976240046 33.0343016851693 ex
4188 18.5356152912136 26.1883778234478 21.8904708940536 ex
4189 30.0760611169972 33.6249715071172 22.6682876478881 ex
4190 35.8490406600758 19.6416883873753 25.1901400885545 ex
4191 19.7059253440239 31.4577454614919 31.8212365196086 ex
4192 25.3213561077137 22.0782965072431 29.3637478468008 ex
4193 32.4011591125745 28.2835078607313 28.3203935439233 ex
4194 25.7298716802616 19.0377061092295 33.0502168280073 ex
4195 23.4270513274241 25.9473866226617 27.2780957738869 ex
4196 32.2351088123396 34.8841364171822 24.7736006868072 ex
4197 32.3119526766241 27.0695400889963 35.9528232719749 ex
4198 32.988037025556 35.2960415473208 31.7758280150592 ex
4199 32.1791563087609 25.3209099296946 27.0253328492399 ex
4200 23.9704188026953 20.5382490179036 20.5818252011668 ex
4201 21.1771012982354 29.51907916856 27.6378844794817 ex
4202 23.733579107793 26.2394670620561 22.7308724019676 ex
4203 31.80706858146 21.0954055220354 23.3738053729758 ex
4204 32.8965102764778 19.100800613407 22.7290313579142 ex
4205 19.0580390670802 19.3180178487673 33.6699660157319 ex
4206 25.4628365498502 29.0144798546098 20.702778623905 ex
4207 30.3292392266449 30.80272773467 23.1770676469896 ex
4208 31.3234023773111 33.8477165920194 25.2813989808783 ex
4209 35.9127769407351 35.2511114024092 24.3116984530352 ex
4210 19.277389669558 30.0024880266283 21.041118822759 ex
4211 18.4556890963577 35.4664536828641 30.0777621148154 ex
4212 34.2968680346385 18.5955509683117 27.8315236628987 ex
4213 18.8123824426439 33.39068747079 32.6175717706792 ex
4214 24.9396797239315 32.8143107951619 26.6677948315628 ex
4215 27.069829295855 27.6954329959117 28.10042382963 ex
4216 27.5518844577018 33.1817269143648 25.2267747509759 ex
4217 32.9006675323471 24.1464520881418 26.7074291310273 ex
4218 18.5480598160066 27.8638089131564 34.0826191273518 ex
4219 24.406087573152 21.5846136503387 33.4383288167883 ex
4220 29.5296032861806 23.980092701735 18.8808050681837 ex
4221 18.1368198352866 32.1728613874875 23.1966446847655 ex
4222 20.4619900123216 30.108517305227 35.5381720962469 ex
4223 30.5073856939562 29.4128428508993 35.6885288802441 ex
4224 23.0950928525999 24.2076565541793 21.581611124333 ex
4225 21.0051710046828 32.9952639408875 29.5314397634938 ex
4226 18.6335832714103 24.5798123884015 24.5369464585092 ex
4227 25.6019835944753 31.3138485634699 28.713103473885 ex
4228 28.1515354055446 30.890599236358 30.0078629087657 ex
4229 22.4749365237076 22.4292187390383 34.5451462988276 ex
4230 26.7029218168464 34.6282268532086 35.8663337705657 ex
4231 18.1085634706542 24.6960976189002 31.6830809658859 ex
4232 24.2686486092862 28.8014137875289 25.4894751713146 ex
4233 31.2413327849936 28.8812803514302 33.8434937316924 ex
4234 19.7584899754729 18.403810122516 18.6494382694364 ex
4235 27.2150082970038 19.2517109639011 20.6779661271721 ex
4236 30.7680038067047 18.4000981366262 25.6088451247197 ex
4237 32.0093309900258 23.885806242004 29.3779918432701 ex
4238 22.3577437154017 26.5424103336409 26.0410911093932 ex
4239 18.5268474081531 29.1290497165173 24.1942331169266 ex
4240 35.5250996197574 35.626783314161 25.2243183238897 ex
4241 31.9719746336341 33.0526922084391 34.0319536395837 ex
4242 20.8184814753477 28.7149905078113 28.2682500337251 ex
4243 30.669584748568 22.5356656911317 34.250042849686 ex
4244 25.3840382916387 24.4034008469898 25.1120549291372 ex
4245 33.645311624743 18.0250866301358 18.2861716528423 ex
4246 21.164537431905 32.8586177949328 33.0804002694786 ex
4247 34.9280033402611 31.1878297731746 21.2740086000413 ex
4248 27.7505639037117 27.2953349426389 26.5380067564547 ex
4249 34.6982604737859 35.0407655281015 28.0542187509127 ex
4250 30.9482369157486 19.3810218533035 25.1414871066809 ex
4251 33.6768651565071 32.4167710470501 28.4002613355406 ex
4252 22.0127534244675 18.7392444531433 24.2786666888278 ex
4253 27.339291408658 24.5287906806916 25.1116871272679 ex
4254 19.5219845925458 18.1318049693946 19.4371480983682 ex
4255 20.1351921784226 21.6819224783685 31.9518759630155 ex
4256 25.1252150894143 21.892598900944 34.840002433164 ex
4257 28.0482954713516 21.7265886927489 30.9813336897641 ex
4258 32.080456718104 21.0354055985808 27.3229762965348 ex
4259 26.7046204346698 18.1389572620392 18.4770264518447 ex
4260 27.2516423454508 19.2553022084758 18.4400764685124 ex
4261 18.9341284339316 26.31703309156 31.0171941567678 ex
4262 21.4517091372982 33.4059616243467 34.5626943951938 ex
4263 25.317450530827 35.5417195349 23.5668999101035 ex
4264 27.9464666200802 19.8223929344676 35.4079145062715 ex
4265 23.6066526297946 33.647196601145 35.6558668804355 ex
4266 26.964671401307 29.0462384747807 24.1204944697674 ex
4267 19.1710987475235 32.6268278385978 34.8701255966444 ex
4268 32.7194932606071 31.0755180416163 27.8163996064104 ex
4269 18.4598701295909 30.1644672576804 25.2508303176146 ex
4270 30.0701987359207 19.7905512647703 21.0397302743513 ex
4271 24.3490703413263 30.1054670547601 24.3677113673184 ex
4272 19.3027003263123 19.239458323922 18.8489446658641 ex
4273 25.3861588959116 27.8892290312797 26.5519589225296 ex
4274 23.8153837732971 27.7636323720217 23.3984885960817 ex
4275 24.4114051463548 31.1398968994617 33.3501291533466 ex
4276 30.3093908706214 26.5931102002505 32.7135972250253 ex
4277 28.6938246707432 31.6576963677071 33.9994849355426 ex
4278 23.7881246113684 28.9999832429457 28.0019928377587 ex
4279 29.5482662064023 27.9120943455491 19.7603502888232 ex
4280 30.3632254244294 23.6700336898211 33.1666553607211 ex
4281 22.2867837990634 34.6670532412827 25.9958532352466 ex
4282 19.5936834234744 21.6394392976072 23.7250572496559 ex
4283 21.260473795468 19.333599251695 18.0800939125475 ex
4284 29.0936078988016 26.7914420713205 32.3273495347239 ex
4285 19.6921034180559 30.7902184945997 25.3045713112224 ex
4286 27.4058330007829 20.1190574527718 24.348978895694 ex
4287 32.5647599047516 21.06891688006 33.8336781112012 ex
4288 33.6181182167493 32.642543121241 18.4245617939159 ex
4289 26.954782114597 25.6867767693475 33.7620842815377 ex
4290 24.5409956441727 22.9184292843565 31.5928126412909 ex
4291 26.1000512414612 30.9481907302979 30.8078600277659 ex
4292 28.3363153901882 22.4051021635532 31.0290329735726 ex
4293 21.2788558751345 29.3770380374044 29.0131393787451 ex
4294 32.6619018153287 31.8296617416199 28.0597251129802 ex
4295 35.3300608370919 20.9341155095026 27.4384351642802 ex
4296 18.3106248381082 26.1843774195295 18.0902386833914 ex
4297 20.3112239812035 19.2786908997223 34.8735292069614 ex
4298 33.3198451558128 32.01138513349 31.2962855158839 ex
4299 28.2526832581498 22.7979709021747 18.4071239465848 ex
4300 21.2635493178386 33.9256548010744 29.7585670803674 ex
4301 25.8307745212223 24.8927070179489 24.8650684235618 ex
4302 25.9661998013034 28.5964069340844 34.4841614165343 ex
4303 18.453886320116 20.6010601755697 31.3574360320345 ex
4304 23.5197109407745 33.1970449408982 21.657850233838 ex
4305 25.9571470692754 26.9678570614196 33.9160494366661 ex
4306 29.7696565319784 19.1728133810684 26.5206981899682 ex
4307 23.5799935893156 31.7965000409167 34.5709788338281 ex
4308 27.4564563555177 20.0058732063044 30.7308317548595 ex
4309 18.0239450796507 18.452573726885 35.3465383639559 ex
4310 35.0152497594245 18.0018538185395 33.0679733923171 ex
4311 30.6309075648896 25.3403460104018 25.8656926769763 ex
4312 18.0870427633636 33.68861007737 24.7049717078917 ex
4313 30.0221771143842 29.3898669017944 26.7231257169042 ex
4314 33.7619162113406 19.4525077862199 24.8271957819816 ex
4315 19.2715627176221 21.3223353975918 24.1023813995998 ex
4316 30.0762276411988 21.490213527577 19.6615843952168 ex
4317 25.8160602226853 32.6528379446827 18.043121939525 ex
4318 30.1344271646813 21.8563295002095 22.9057715644594 ex
4319 29.8952249505091 26.6317106303759 18.2881840146147 ex
4320 34.7339549513999 35.46369620529 24.4459516888019 ex
4321 27.7893773622345 25.7421843374614 35.5914049844723 ex
4322 32.1295932205394 33.1469911364838 35.2478085712064 ex
4323 29.9721809166949 30.1377325828653 35.7008465244435 ex
4324 31.90775229875 24.1286680772901 19.675762266852 ex
4325 24.1559010341298 35.3912577319425 20.9068524537142 ex
4326 29.173068640288 20.7047546028625 34.4982186532579 ex
4327 27.2819561841898 25.4271139006596 21.0829220276792 ex
4328 26.447710986482 31.4688579293434 24.8379728512373 ex
4329 31.5794382428285 20.4328844391275 24.7043092809618 ex
4330 22.4124491091352 25.7414489090443 25.246146465186 ex
4331 21.3786624900531 27.3266973756254 21.0630925598089 ex
4332 34.1528524963651 30.3062209179625 28.8877908433788 ex
4333 30.9973236720543 19.204932782799 18.2434839238413 ex
4334 18.3859378134366 23.8546139013488 34.6763301836327 ex
4335 22.570512505481 22.6870145937428 28.0707709991839 ex
4336 28.3812361916061 26.1718026164453 22.3245527744293 ex
4337 34.5573505011853 28.3063378802035 25.8739178001415 ex
4338 28.8343535715248 20.8573151545133 27.8964239130728 ex
4339 29.4742421994451 28.7013264386915 35.791536325356 ex
4340 20.4006960578263 27.4672100727912 31.1307278778404 ex
4341 30.1583602824248 20.800750017399 30.6374695999548 ex
4342 28.2175789307803 29.6193864878733 35.6821549860761 ex
4343 29.0171290086582 33.4541643711273 21.505297586089 ex
4344 24.3539931299165 18.414392859675 28.8815708255861 ex
4345 26.9762706765905 33.5261446267832 24.2906842208467 ex
4346 30.67038728646 24.7698198265862 26.1465873827692 ex
4347 30.020606050035 29.917043852387 33.9950542354491 ex
4348 24.4517696402036 34.4848282642197 26.7585927862674 ex
4349 26.4146392527036 27.5974692329764 20.1646229843609 ex
4350 34.8864665909205 21.5507197496481 24.9409680741373 ex
4351 32.1242335233837 33.430882655317 33.8217148925178 ex
4352 33.7986766293179 33.9846041183919 32.3338276105933 ex
4353 20.7676805946976 31.4216201324016 18.2541842993814 ex
4354 25.5618987113703 26.8874966031872 23.1805986526888 ex
4355 24.6798487945925 32.1960167526267 31.5565920434892 ex
4356 21.3855923453812 28.9001306325663 27.7876308925916 ex
4357 29.5485306689516 28.5263043686282 21.4663743095007 ex
4358 20.2320357281715 29.2596653685905 33.0967965393793 ex
4359 25.4716318650171 34.0339658607263 31.0539491975214 ex
4360 28.9178949678317 30.0668118947651 25.2236117238645 ex
4361 18.9670556196943 29.6244930999819 21.2916305314284 ex
4362 24.6758964036126 24.9609974334016 20.3683992526494 ex
4363 21.7582568530925 28.7395501497667 22.3847725412343 ex
4364 27.1321897918824 28.3490387389902 31.0067442187574 ex
4365 32.4819918374997 27.5267477089074 32.5816925785039 ex
4366 34.2599388910457 21.1617253303993 29.0568877768237 ex
4367 21.9000686621293 26.1538344905712 31.2325280315708 ex
4368 18.4705554372631 26.2367955441587 19.2075494951569 ex
4369 25.8060477476101 31.1341628495138 31.2220645786729 ex
4370 28.2469493390527 31.5693791909143 24.0671077575535 ex
4371 20.6514058960602 26.7730259527452 25.9305591287557 ex
4372 26.561737768352 27.2840034512337 35.0745829641819 ex
4373 35.4060620856471 29.5264057789464 18.3414076413028 ex
4374 19.0908662085421 23.3843809096143 28.2314043294173 ex
4375 32.9030319985468 35.5974103044719 35.9202204812318 ex
4376 30.1991760311648 25.4682916640304 27.7254849274177 ex
4377 26.9199585285969 27.4694689174648 18.0340077406727 ex
4378 26.1641484845895 19.2915165820159 32.2580156966578 ex
4379 32.7359496576246 25.0550381252542 19.6271094116382 ex
4380 24.5791443416383 30.3981189192273 35.3860662190709 ex
4381 20.6505838595331 26.1928625311702 35.0224606494885 ex
4382 24.8282829599921 31.1672068664338 28.2775951335207 ex
4383 34.1776783659589 22.4804958077148 22.2222385820933 ex
4384 24.2966259573586 33.6918832487427 18.2926880160812 ex
4385 21.7572669384535 23.0481916863937 27.1193553935736 ex
4386 33.4157438431866 31.5346412635408 25.2511390007567 ex
4387 33.9071340283845 26.6366619574837 23.5493740637321 ex
4388 26.4823284975719 29.6875019539148 23.478178414749 ex
4389 32.4263494112529 32.3124616143759 22.6533751466777 ex
4390 22.3483281047083 30.8075913703069 29.4911942274775 ex
4391 27.6981292916462 30.246835842263 24.6236519843806 ex
4392 22.1336687298026 35.3461181896273 31.4938836211804 ex
4393 19.539842878934 32.4802235825919 26.3016625209711 ex
4394 24.2884546052665 28.878692481434 35.7342403538059 ex
4395 33.0789414334577 21.102472049417 23.5698720114306 ex
4396 29.014075032901 26.4664901299402 25.7365669419523 ex
4397 24.647856606869 25.6930689136498 23.7334215890151 ex
4398 20.565499919001 24.5477555247489 34.3081646172795 ex
4399 20.6578592120204 30.1911025093868 24.4875286305323 ex
4400 34.33935790346 20.3254866516218 25.5822164989077 ex
4401 30.7995379285421 31.5534109352157 28.7002314785495 ex
4402 20.9484384586103 30.3646183356177 25.2620805958286 ex
4403 18.9336454065051 18.2241720303427 24.6018805899657 ex
4404 23.3890708531253 32.7233302753884 29.2512040294241 ex
4405 34.7752592491452 22.7223504502326 27.3464080609847 ex
4406 34.4215965732001 27.8304073691834 31.2503173300065 ex
4407 31.2444349925499 21.8302520799916 29.6736863811966 ex
4408 21.841631756397 33.0758618812542 32.2752938468475 ex
4409 23.2972977580503 31.9898575001862 23.5351296458393 ex
4410 20.8912270972505 31.2276273206808 29.0579817779362 ex
4411 32.052755456185 25.3488349025138 35.9259518822655 ex
4412 34.699950056849 22.8260684625711 35.1073496141471 ex
4413 24.9871805161238 25.8147477242164 30.046636916697 ex
4414 26.5873536397703 32.3008162877522 20.4256243095733 ex
4415 28.0328880967572 29.0568010867573 32.3806073782034 ex
4416 33.9625266615767 22.9688550669234 32.9202727922238 ex
4417 20.6784767222125 30.5073881172575 31.6282294660341 ex
4418 29.6223714251537 29.7410961082205 30.0906953455415 ex
4419 32.147378834663 35.0408561914228 22.3306703919079 ex
4420 22.6161939944141 31.0192471682094 27.8926581412088 ex
4421 34.9276390664745 18.0703027783893 22.2685923634563 ex
4422 25.0205898946151 19.5085201866459 18.3572511544917 ex
4423 24.0045143051539 31.3281209238339 29.7830420236569 ex
4424 19.3794136655051 32.8008089046925 31.1542511202861 ex
4425 32.3797333291732 18.772221504245 25.8137588284444 ex
4426 29.6734776885714 21.2919375400525 23.5603507640772 ex
4427 30.8897377122194 19.1417452346068 20.8182172302622 ex
4428 19.2323343926109 29.9646716155112 33.2946073890198 ex
4429 21.632866701344 35.4936420228332 31.4384351763874 ex
4430 33.0030801806133 25.7804748485796 28.0651366093662 ex
4431 18.519707368454 35.1220059988555 26.1807515185792 ex
4432 29.5884983660653 20.0373690999113 33.0894061801955 ex
4433 31.1798327194992 31.9357122736983 19.0963985954877 ex
4434 31.9817621638067 22.0315730986185 26.4571867377963 ex
4435 24.2123766238801 35.330128450878 27.3563958297018 ex
4436 25.2984745551366 18.4617720930837 27.0604293565266 ex
4437 26.3319501806982 30.7897572163492 32.1470552517567 ex
4438 24.9112224299461 30.3995935174171 31.2054835234303 ex
4439 34.8823962206952 23.0944838845171 25.5518360924907 ex
4440 29.7717629880644 31.1168760871515 24.190973496763 ex
4441 19.4132414478809 19.7530846279114 26.1216370223556 ex
4442 25.7384677606169 27.5320046981797 29.5043757376261 ex
4443 29.5021685876418 18.7523683684412 24.8159568086267 ex
4444 32.3723828285001 18.1754525699653 31.9510989864357 ex
4445 22.4950502007268 18.480892457068 33.0046570796985 ex
4446 29.4229612788185 33.1746890286449 18.2029519716743 ex
4447 26.3557087790687 22.5313177579083 20.6963595508132 ex
4448 26.9438821491785 27.0738758551888 28.1095744089689 ex
4449 33.6450081851799 32.0436090191361 35.929309731815 ex
4450 26.4498556812759 26.8471513646655 31.9079172115307 ex
4451 32.1245235106908 30.0246884997468 21.4987691782881 ex
4452 31.3943437079433 32.9030569356401 33.7719971905462 ex
4453 35.9033357689623 31.2240649750456 18.8943046291824 ex
4454 27.4792291098274 33.0117090893909 28.9164055688307 ex
4455 19.7210065256804 28.4812240342144 25.9582173186354 ex
4456 34.3916089446284 20.753038384486 19.106046687346 ex
4457 35.7106112504844 29.6177873108536 33.5465073608793 ex
4458 24.3442349312827 32.9335105605423 18.3403734329622 ex
4459 24.1265020244755 22.8074947632849 32.9665924306028 ex
4460 19.1880645118654 28.9360329941846 31.8043399602175 ex
4461 33.1863999038469 27.5710139584262 28.6575304011349 ex
4462 30.275237192167 20.4733192711137 34.2585601734463 ex
4463 23.2339931372553 32.009295316413 22.7259958849754 ex
4464 19.8318358894903 27.4428185075521 29.3269105427898 ex
4465 25.0913720224053 30.3127645349596 21.9282473467756 ex
4466 33.7272825487889 35.5972159744706 35.0538996255491 ex
4467 32.2477229447104 21.3288547408301 20.3783672407735 ex
4468 23.441048335284 28.3315564212389 21.8688198116142 ex
4469 30.9398900200613 19.0903954538517 30.1410709968768 ex
4470 34.509251413634 24.132885575993 26.9750321153551 ex
4471 27.0288415802643 35.4403676055372 22.3840428038966 ex
4472 26.1727077870164 33.1439106203616 26.9341753402259 ex
4473 30.8393140789121 21.1090165646747 31.7801147820428 ex
4474 28.0440323995426 32.637366363313 28.6632227213122 ex
4475 35.5691691339016 23.1197186512873 18.7028680704534 ex
4476 26.8301019661594 27.782733857166 33.6657736713532 ex
4477 31.1069198644254 33.2229851286393 24.4436650087591 ex
4478 31.3650818162132 26.6869385689497 27.5231200279668 ex
4479 27.1453739607241 26.7098075305112 29.7876961803995 ex
4480 34.6601885512937 30.4018854810856 25.990071499953 ex
4481 20.4258406762965 33.8917662960012 26.3456301924307 ex
4482 18.5248478911817 29.7700605127029 28.8754717041738 ex
4483 23.2182878744788 20.995625898242 32.9279952424113 ex
4484 25.9906975545455 24.5721588984597 32.4797273324803 ex
4485 22.3784827140626 31.4532928140834 33.5509831525851 ex
4486 20.3878323379904 32.2622911850922 18.3380168019794 ex
4487 26.7328823944554 23.6558878766373 18.4211765567306 ex
4488 29.2527341963723 27.8529446891043 27.2696229869034 ex
4489 21.2650665892288 22.545291680377 33.8259907558095 ex
4490 30.4966908958741 30.629625541158 29.2532666246407 ex
4491 33.1336579793133 31.9135637525469 24.6044864391442 ex
4492 32.4421516298316 32.5310939510819 32.5927068847232 ex
4493 30.8116321519483 27.3078026520088 24.4446714960504 ex
4494 32.0202381524723 30.6237834275234 35.4952949399594 ex
4495 30.8899775173049 34.3808618141338 32.4122127508745 ex
4496 24.7054717489518 23.4371249254327 33.5746264779009 ex
4497 30.6408592150547 21.7703148580622 27.6417504088022 ex
4498 29.3877773145214 25.5133907296695 25.0521106706001 ex
4499 22.3255790141411 26.882845353568 34.8363053167704 ex
4500 30.2810208615847 29.1938134871889 23.9792237256188 ex
4501 19.1187041613739 31.8587633036077 24.9909148169681 ex
4502 21.4119986593723 20.1948373925406 33.6822397215292 ex
4503 21.1359349901322 26.6708327946253 19.134929524269 ex
4504 28.5359494339209 31.5970256440341 25.6801371928304 ex
4505 35.1993801651988 32.0845035121311 18.7975773504004 ex
4506 27.1754124863073 29.9266859379131 21.9739670755807 ex
4507 23.823126036441 27.4789551233407 29.8954418967478 ex
4508 25.8561665271409 33.3072922809515 27.6830687082838 ex
4509 33.3779548308812 35.2352455337532 21.8362298577558 ex
4510 22.4677330383565 20.0829497578088 30.5889743410517 ex
4511 32.2391223295126 24.9895034844521 33.0742125518154 ex
4512 19.614184330916 18.2799630803056 29.909231997095 ex
4513 28.8340952263679 32.169419643702 19.8962118390482 ex
4514 32.3652741636615 33.3610068783164 30.7401219333988 ex
4515 32.4754339910578 23.2179968450218 32.7628972737584 ex
4516 29.542983982712 24.9090039262082 23.2168516062666 ex
4517 31.7692214914132 22.3725756946951 20.0143782638479 ex
4518 24.2802324844524 25.9319814483169 22.8418358901981 ex
4519 30.3854811650235 27.4921649731696 18.9483123638202 ex
4520 35.7264425097965 32.2379480784293 28.2860178903211 ex
4521 31.5606913957745 18.9955853763968 23.4042150652967 ex
4522 23.731145599857 23.0740086918231 24.5918023718987 ex
4523 19.1411603298038 33.514259577496 29.6154759237543 ex
4524 32.1044389628805 29.6732209525071 26.312742899172 ex
4525 20.3157803972717 23.9397588770371 35.0094917251263 ex
4526 30.1046628789045 18.0736411914695 18.8895080985967 ex
4527 32.2044576343615 31.2933473647572 29.5216445685364 ex
4528 29.4097147348803 20.3031954437029 25.5200549536385 ex
4529 32.8491664649919 30.2214062216226 23.3024771746714 ex
4530 24.8114546104334 27.0262524608988 22.1740086374339 ex
4531 29.3219917889219 21.6710575614125 24.8628911853302 ex
4532 25.8697535523679 35.8223369035404 18.1806052066386 ex
4533 27.4814146212302 20.7583164721727 32.6994347840082 ex
4534 33.1149850117508 18.757567192195 22.9132713086437 ex
4535 23.0851321183145 31.8363020201214 19.9106751428917 ex
4536 30.543677625712 27.2030432426836 26.052254768787 ex
4537 23.5543331189547 29.4360740829725 26.3255263445899 ex
4538 33.7366800738964 30.458300079219 23.9272176846862 ex
4539 27.3693233558442 26.9134228399489 19.2217173073441 ex
4540 32.6263097636402 35.3488728876691 19.86598526733 ex
4541 19.414256505901 19.7533676831517 21.1516348277219 ex
4542 32.1232926044613 21.6730878907256 22.6473680515774 ex
4543 18.8220726980362 23.458703631768 24.7684540695045 ex
4544 34.0704647123348 25.9569259963464 22.7282546358183 ex
4545 29.5247233796399 22.438527920749 33.9847713613417 ex
4546 18.2213766139466 33.2054802330676 30.7707749092951 ex
4547 20.0889511138666 23.3899349020794 32.124208082445 ex
4548 20.8327554583084 33.7624342420604 31.2487739196513 ex
4549 35.6463140558917 23.6839517904446 32.8186744011473 ex
4550 22.0604281318374 28.520216865465 25.4949144157581 ex
4551 23.1863380374853 32.9840185802896 35.6314648361877 ex
4552 21.7005900405347 24.6750896538142 20.56374721881 ex
4553 23.1557723765727 30.7565849642269 33.3325728913769 ex
4554 32.4690958170686 34.3291762883309 19.745585255092 ex
4555 35.4395374492742 23.1240287036635 20.8928746057209 ex
4556 33.6522895849776 32.5636361644138 26.8251981849317 ex
4557 28.9555067340843 20.4694250437897 21.5499837817624 ex
4558 28.8903204638045 34.2471421624068 18.5640112382825 ex
4559 28.412959971698 34.674455401022 25.3358748354949 ex
4560 22.2774565084837 30.8445374486037 28.7208365297411 ex
4561 33.1507344923448 25.7997113710735 34.7690860179719 ex
4562 25.7730585844256 33.1802197112702 20.17789879255 ex
4563 26.9445157579612 23.0410939573776 26.8193812069949 ex
4564 22.3875339068472 19.1442811856978 29.4500719646458 ex
4565 20.184825532604 22.4922582751606 35.4247717980761 ex
4566 26.1367323726881 21.0950892788824 25.4891566056758 ex
4567 34.5977541233879 30.3084018561058 35.2801737806294 ex
4568 34.4451430307236 18.5148002982605 34.2461776540149 ex
4569 29.2433096969035 35.6530171879567 23.9400524296798 ex
4570 27.195442624623 23.9372688131407 30.7750184340402 ex
4571 24.4077023242135 18.6578844473697 18.0951934419572 ex
4572 24.1646542961244 31.1479511167854 23.3922244519927 ex
4573 34.5422475864179 24.4990956655238 25.1339749339968 ex
4574 24.9758006634656 19.3459577006288 21.6532108336687 ex
4575 35.9002574803308 33.6838532541879 33.7602234755177 ex
4576 31.518607709324 34.0251746617723 26.0116759042721 ex
4577 34.5520832014736 31.0775797124952 22.7279220570344 ex
4578 20.2989015397616 18.3608382854145 25.7118055154569 ex
4579 32.0824758312665 27.1418587560765 20.158648878336 ex
4580 33.765026985202 30.4735956904478 21.0514283939265 ex
4581 24.6751363638323 34.6085478214081 19.5379950446077 ex
4582 25.4909269683994 18.1363578280434 26.5368603274692 ex
4583 25.748604448745 24.7531575402245 29.6493744102772 ex
4584 27.9434031371493 24.266714496538 30.2433060230687 ex
4585 21.1627169230487 22.981309650233 22.8360513509251 ex
4586 25.140935766045 34.9079901913647 22.6164537603036 ex
4587 33.7694251004141 32.7546948730014 21.5499471873045 ex
4588 20.5752231071237 23.1233059908263 23.7076870379969 ex
4589 25.2525065850932 24.3030577185564 27.0402498936746 ex
4590 31.7248310807627 33.6933185986709 35.0551067399792 ex
4591 23.7808674538974 27.3222245909274 24.9134293608367 ex
4592 20.2972743764985 21.4108996421564 24.850101843942 ex
4593 30.6947070299648 26.8673927094787 25.2155197793618 ex
4594 25.7592012588866 27.7542060532141 35.4644057054538 ex
4595 29.0652913325466 26.8737721554935 31.4701480902731 ex
4596 22.7219274726231 20.5233807782643 18.6439864796121 ex
4597 28.3406095847022 35.8426464123186 27.6272898796014 ex
4598 34.7711684890091 21.1595039088279 28.0981302387081 ex
4599 31.9116318698507 19.6592926466838 20.2363400498871 ex
4600 25.4959232206456 21.756839516107 19.8203638100531 ex
4601 18.0518638866488 25.2100053033791 33.8063406171277 ex
4602 35.4234811554197 24.0731209360529 32.4498383703176 ex
4603 20.6365246914793 20.4326581130736 31.9107606557664 ex
4604 35.9682154860348 24.9100177867804 26.6431801698636 ex
4605 26.9531752560288 24.6045189208817 19.6804325319827 ex
4606 33.4761656981427 19.5234000000637 18.2403458191548 ex
4607 25.632405099459 30.7245489582419 25.4779921590816 ex
4608 18.454018993536 21.2016476322897 20.1148073149379 ex
4609 33.9356460110284 32.6119047910906 24.8951083484571 ex
4610 18.2992766695097 35.7319348233286 24.8574495951179 ex
4611 35.3137892836239 27.2236845109146 30.6365185612813 ex
4612 21.6764757272322 19.67165851756 29.870387300849 ex
4613 34.2365540149622 26.0875297898892 24.1985038665589 ex
4614 20.4516311218031 21.8538942297455 35.7914549550042 ex
4615 25.5098880666774 28.8542619356886 24.1051245077979 ex
4616 31.4511142370757 35.1047291811556 30.548017822206 ex
4617 20.0240778946318 28.8975236278493 35.0728671350516 ex
4618 24.9650517653208 24.7714154347777 18.0851255916059 ex
4619 21.1011506847572 31.9583478951827 32.8222901877016 ex
4620 23.6930519293528 18.3900447958149 24.8539883492049 ex
4621 25.8160534112249 25.6265161740594 20.668866758002 ex
4622 26.3280683949124 22.8414308151696 28.7443386616651 ex
4623 34.4125403207727 21.4374322697986 21.2611028745305 ex
4624 34.9723462972324 28.1668321806937 19.9500890325289 ex
4625 34.6902049770579 24.7757836976089 30.1795046608895 ex
4626 35.0534192959312 24.4644085054751 20.5153789604083 ex
4627 23.6077303455677 18.8189456393011 32.6879067737609 ex
4628 35.7657283924054 23.3022363609634 28.1642763998825 ex
4629 33.1208201949485 33.4038082505576 20.9794468928594 ex
4630 30.8024343526922 30.7004932290874 19.485350624891 ex
4631 32.5268240673468 27.8571067273151 25.4078310139012 ex
4632 25.2217491758056 21.5940411046613 18.7806582977064 ex
4633 26.45158994128 21.5667393114418 29.8921205138322 ex
4634 26.2118212534115 32.982563161524 28.9549716138281 ex
4635 18.6153847142123 30.7534611430019 22.209147119429 ex
4636 19.7338770083152 33.4685106715187 34.7502931463532 ex
4637 29.1514107494149 32.8731265042443 32.1234423185233 ex
4638 18.9978423223365 28.4094775468111 19.4621987822466 ex
4639 32.9482207235415 34.5312051535584 25.5038438693155 ex
4640 18.7750761038624 22.6730498513207 19.7324499296956 ex
4641 26.5544050550088 31.6396815758198 29.0559412117582 ex
4642 21.9947158808354 23.2988400824834 24.4906486030668 ex
4643 27.6472541496623 33.595007061027 19.1900934481528 ex
4644 25.9748405814171 35.9572276859544 28.9226686318871 ex
4645 30.6932777049951 32.3742406556848 26.0553281186149 ex
4646 34.037668995792 22.5932152967434 24.2378882672638 ex
4647 19.7148468724918 23.3112209320534 18.2001149004791 ex
4648 35.7789795175195 29.0931902916636 30.2850917179603 ex
4649 18.8475053554866 25.517268957803 24.1563752444927 ex
4650 35.0165354406927 32.3911521872506 32.4523812320549 ex
4651 26.3504294697195 34.4878959911875 25.9964493371081 ex
4652 30.6922185078729 26.316373487236 27.4963242420927 ex
4653 29.3094094600528 29.1558476067148 23.0822146697901 ex
4654 18.7557219895534 20.3040156322531 27.2900630463846 ex
4655 23.1645946966019 31.3320411243476 21.9840056356043 ex
4656 18.0794095178135 24.923983463319 18.2449963653926 ex
4657 22.6206596451811 35.7523481349926 33.8227408297826 ex
4658 18.6082568350248 21.5832420729566 35.3036200888455 ex
4659 23.4675507722422 23.4416123684496 32.0369910665322 ex
4660 34.873519346118 34.8039337205701 22.5826017165091 ex
4661 28.602612508228 35.4104272997938 20.4269855555613 ex
4662 30.7239389996976 24.0597669351846 24.9553252025507 ex
4663 30.457909778459 35.4335511685349 34.9376494525932 ex
4664 24.0667292824946 23.4995290220249 27.8893024928402 ex
4665 24.9634317965247 32.0758084564004 27.224016162334 ex
4666 32.632224424975 27.991847362835 34.629695127951 ex
4667 25.4302709291223 32.7113052371424 29.0706233275123 ex
4668 25.1905173265841 33.9261895979289 34.9289029343054 ex
4669 22.9881477747113 26.9258278990164 33.1075287524145 ex
4670 30.098348387517 22.8820859154221 32.3057567903306 ex
4671 23.8967487940099 28.3855785415508 35.9111003098078 ex
4672 27.876961306436 28.9327504695393 26.4869146826677 ex
4673 26.5865765602794 27.3081718052272 34.9698639737908 ex
4674 32.3573278812692 32.2422003347892 29.124147022143 ex
4675 19.0787607785314 24.5574118159711 28.0527200885117 ex
4676 18.2067925638985 25.0206140615046 34.9515995373949 ex
4677 29.4401309133973 19.6535426052287 18.9135178057477 ex
4678 31.4702989761718 20.7171895138454 29.8374438905157 ex
4679 29.2555280837696 32.966011443641 35.7396328195464 ex
4680 19.6803947307635 19.4583537152503 25.6823901594616 ex
4681 28.3141566475388 34.5017631587107 22.3822273688857 ex
4682 30.2296743914485 28.2576714586467 21.8636255557649 ex
4683 28.5843509626575 33.2337297566701 24.4409567657858 ex
4684 18.6338407506701 31.128310646629 21.8747349453624 ex
4685 26.7690688346047 28.9008435942233 20.6766631538048 ex
4686 30.6143016335554 25.5802838329691 35.9298636943568 ex
4687 26.3240203782916 31.2688750256784 23.2657153441105 ex
4688 33.0820010516327 34.9081424141768 21.6538516201545 ex
4689 32.7813694644719 32.6979594575241 25.5498557700776 ex
4690 33.1400537109002 18.5820758885238 31.1448170412332 ex
4691 31.2727989184204 34.843757661758 28.8663420840167 ex
4692 30.8086036506575 19.1885364782065 27.8184362750035 ex
4693 26.8015821729787 34.4295831162017 28.7158523304388 ex
4694 25.4806393380277 28.0101274263579 20.3625187287107 ex
4695 23.0116135757416 29.8724100044928 19.1199706830084 ex
4696 34.0690643901471 19.9447162461001 35.0426183687523 ex
4697 20.7171249107923 29.3786852150224 18.1761218749452 ex
4698 32.0098759243265 32.4163818638772 19.0931618905161 ex
4699 18.6573026040569 18.858364392072 23.2149003865197 ex
4700 18.8618868468329 35.5815910743549 31.5502601808403 ex
4701 18.2447328246199 30.1293720989488 26.4609397638123 ex
4702 30.7148962409701 29.5675120679662 34.1941891892347 ex
4703 31.5186855024658 31.0916558534373 20.1557145998813 ex
4704 27.1300174840726 24.5693302243017 28.1366317686625 ex
4705 27.5923294608947 23.6431257440709 28.1242010642309 ex
4706 34.6620912728831 25.7479137778282 34.7705087719951 ex
4707 19.8881187695079 27.6414301646873 32.3565665234346 ex
4708 29.0375349749811 22.9992462696973 25.5733209406026 ex
4709 23.5406110002659 28.7280362707097 34.280526248971 ex
4710 26.2982861059718 21.8321293066256 23.0724742426537 ex
4711 26.6291465917602 25.275126765715 31.8073390184436 ex
4712 33.819210538175 29.358627907699 19.8558106590062 ex
4713 21.789018826792 30.0108051048592 30.575097813271 ex
4714 24.3401126591489 33.9739170328248 33.6947472421452 ex
4715 34.0333717956673 33.596716928063 19.9094170841854 ex
4716 34.5682680497412 20.5720202266239 30.3839295243379 ex
4717 23.4876644711476 23.0567146849353 31.3427827239502 ex
4718 30.1497740780469 24.0817639552988 32.1954865343869 ex
4719 34.3682336215861 23.5268390991259 24.4942738229875 ex
4720 23.5246450328268 25.4295177629683 19.9250481857453 ex
4721 24.7368738416117 19.2919160577003 23.7780774068087 ex
4722 28.3927337252535 31.4348979066126 19.8973058648407 ex
4723 32.1935608033091 25.669707266381 23.2549284573179 ex
4724 26.0854066114407 24.0826816423796 22.9314418497961 ex
4725 29.1048175240867 26.5047654747032 30.1648361764383 ex
4726 33.4836244948674 34.2332831770182 28.5060764607042 ex
4727 22.5291308583692 18.1421557015274 20.825818359619 ex
4728 23.9690799464006 19.952686439734 19.0399825847708 ex
4729 31.6502646200825 29.5888141223695 30.317250022199 ex
4730 34.0542498719878 20.1217076100875 34.5591205894016 ex
4731 18.2210083871614 33.8396206158213 27.6562963810284 ex
4732 29.1549684880301 21.9114489175845 21.4836637689732 ex
4733 25.2353125838563 21.2632149725687 31.6574916958343 ex
4734 19.419336645864 31.2845483566634 21.3033926475327 ex
4735 19.652758999262 18.2620124209207 33.1563305088785 ex
4736 26.1349595459178 25.4116843207739 24.1105775244068 ex
4737 33.2816636506468 33.6369043090381 35.1022295623552 ex
4738 25.2225496696774 18.3612442952581 30.384777904721 ex
4739 35.4075254399795 29.2275732622948 20.0897514917888 ex
4740 21.5286079694051 29.366821876727 34.1842329846695 ex
4741 29.9993769738358 32.0390305935871 31.5802137823775 ex
4742 19.6236615129746 27.0383841500152 33.6727860623505 ex
4743 22.1969785159454 19.3368248471525 31.6220745223109 ex
4744 21.7359244064428 30.1159535543993 32.3141399505548 ex
4745 24.7708636855241 19.2815191266127 34.9797610093374 ex
4746 34.2578101735562 24.5729036401026 32.5761048661079 ex
4747 34.8119120148476 18.1162506940309 28.0239059922751 ex
4748 21.3180992878042 18.2406018411275 20.1166129491758 ex
4749 29.5487808382604 28.5136206054594 34.2663170224987 ex
4750 34.1799002068583 27.4864810460713 19.27592853643 ex
4751 31.2161909833085 21.4036054890603 32.2688420608174 ex
4752 19.0085297534242 21.3338639368303 19.8981822580099 ex
4753 30.9355820482597 21.3740934808739 26.999743945431 ex
4754 26.6777684015688 20.1111084816512 27.9143951446749 ex
4755 24.6317148883827 29.6034303756896 21.2272568868939 ex
4756 25.6267811430153 18.2776363887824 18.0362449288368 ex
4757 24.150182944024 33.9081194610335 28.1206240442116 ex
4758 23.0924259645399 27.615566018736 28.8807238540612 ex
4759 24.2751298798248 24.5888093078975 29.6470748197753 ex
4760 35.1432982443366 19.3877510486636 32.0739956728648 ex
4761 35.4178046770394 19.4243244493846 18.6846184779424 ex
4762 25.9050173566211 35.216239371337 21.5055212830193 ex
4763 29.506856753258 25.9965796123724 34.8758695938159 ex
4764 34.4188779569231 18.2284732989501 31.234137788415 ex
4765 21.6708867233247 29.8354828516021 25.2410176207777 ex
4766 28.7349437905941 19.0250207034405 23.6211266501341 ex
4767 26.156124491943 24.5223390869796 35.8040453875437 ex
4768 31.2897146912292 22.2116478860844 25.9577908387873 ex
4769 28.2865513397846 34.9758621926885 34.7229438072536 ex
4770 35.8644688846543 18.7515082012396 22.6175398235209 ex
4771 33.984240278136 25.3426277691033 33.6251482642256 ex
4772 18.7293954207562 23.1398915022146 25.0030491056386 ex
4773 32.0581358871423 20.4188979999162 33.5123957116157 ex
4774 31.4564878654201 24.574533773819 22.0137054233346 ex
4775 22.3246167823672 29.8093824540265 32.2715948857367 ex
4776 31.6890055190306 30.5284191502724 27.316846069647 ex
4777 18.4851842049975 33.2430171514861 29.8822439482901 ex
4778 20.4754655295983 32.440145294182 33.5903237578459 ex
4779 24.8098890176043 21.6297701857984 30.3941602178384 ex
4780 27.0292915566824 18.2498244235758 28.2956167997327 ex
4781 20.226475686999 31.7112782350741 22.1794442457613 ex
4782 35.5108573581092 20.6039940810297 26.179107925389 ex
4783 33.0015972072724 33.9508573259227 28.3634844329208 ex
4784 33.8878753317986 30.7365550459363 33.2032495702151 ex
4785 21.3742670326028 21.385320865782 35.3157922355458 ex
4786 31.6704212913755 35.3095293391962 27.0729557955638 ex
4787 26.1602592174895 27.2425496533979 25.4702241618652 ex
4788 21.0328163977247 29.2248488443438 21.7334993816912 ex
4789 34.8641938746441 23.3124423013069 21.3492888982873 ex
4790 30.0738586357329 22.8794793786947 22.1892248012591 ex
4791 23.161959775025 23.4661955793854 26.0215105889365 ex
4792 27.446837676689 35.5299596891273 20.4131370561663 ex
4793 22.6088124399539 29.1180332147051 26.2271216334775 ex
4794 30.7105998406187 29.6570379633922 30.3660420712549 ex
4795 18.9633344765753 34.7833300400525 31.1694358605891 ex
4796 18.4003091023769 28.0260604403447 33.0245282493997 ex
4797 20.3207072010264 28.4466970411595 23.7963133831508 ex
4798 18.7043958473951 18.0105829120148 19.8195250919089 ex
4799 18.3656585074496 35.0903761947993 27.3164407855365 ex
4800 22.8715377678163 33.8749202443287 28.2793089696206 ex
4801 26.1598724254873 35.8572133139241 29.3552523294929 ex
4802 20.1825862855185 31.8417814564891 35.4508453777526 ex
4803 28.277009378653 24.4478474890348 22.8297420297749 ex
4804 18.1386871149298 33.2717574194539 21.0650044938084 ex
4805 33.3793781434651 24.0390898936894 33.2794912634417 ex
4806 30.6092544342391 32.190167141147 29.5445927393157 ex
4807 26.6036742895376 34.9725458943285 22.5397326659877 ex
4808 30.3357316723559 30.5043924371712 28.6760569957551 ex
4809 19.054290028289 32.4029241038952 24.1292617195286 ex
4810 25.643958238652 35.6322173352819 34.0791854346171 ex
4811 31.9492924585938 32.8495438292157 29.3424734105356 ex
4812 31.5101053919643 28.4139268491417 24.4200840052217 ex
4813 33.8985733804293 19.6858400315978 20.8596024219878 ex
4814 24.0470120955724 31.0487149725668 26.8674295872916 ex
4815 28.2369539518841 23.5936934335623 29.2036006199196 ex
4816 31.0825385686476 28.7746138663497 29.2769806219731 ex
4817 26.3493425787892 24.1677813553251 33.5712446121033 ex
4818 32.4722044067457 20.6325546414591 23.9714792452287 ex
4819 23.6123975822702 29.0551857566461 28.5978934313171 ex
4820 28.8673391640186 32.3504859081004 20.591815832071 ex
4821 18.2083718455397 28.4369382155128 34.5048541284632 ex
4822 26.3117663643789 28.4271848504432 19.577048728941 ex
4823 22.0804537839722 26.2671232344583 19.5596778776962 ex
4824 24.7079768597614 25.6703624580987 25.1499376851134 ex
4825 25.4713688772172 26.694285397185 31.922833647579 ex
4826 33.3629248775542 25.4208438950591 24.7415589534212 ex
4827 29.6908335040789 35.9590454907157 18.5959666357376 ex
4828 34.9422356276773 28.9200726291165 35.3031952627935 ex
4829 20.1082709087059 24.4138098172843 33.9131007678807 ex
4830 22.271879429929 27.508361147251 35.1599851404317 ex
4831 21.4511059168726 35.7288666805252 29.5317223956808 ex
4832 32.4392479434609 26.0013006550726 22.3633535811678 ex
4833 24.695543900365 27.7601272582542 24.2773935068399 ex
4834 34.6334416929167 24.5264000513125 35.2667749517132 ex
4835 22.3868820555508 26.8316207441967 27.5857522389852 ex
4836 33.4895991785452 33.9752578993794 18.5667481096461 ex
4837 19.5665400861762 31.2070071953349 34.6760329501703 ex
4838 35.8427652206738 33.445733633358 23.9155958942138 ex
4839 25.9247976387851 33.0955896994565 29.9006115726661 ex
4840 21.0150903014001 18.1760816839524 32.9246360638645 ex
4841 21.9588243325707 28.38435526588 33.825225252891 ex
4842 32.0480905768927 22.4774403416086 30.9241880364716 ex
4843 34.3667990486138 22.4911168657709 26.8550213126 ex
4844 23.3936298096087 34.8396037025377 31.4672005169559 ex
4845 29.5823596082628 24.6450000498444 30.9879002382513 ex
4846 18.0456003625877 30.930874850601 30.3743564398028 ex
4847 33.2451795004308 23.96493384731 31.0553745005745 ex
4848 34.7232549840119 26.6950039351359 33.7062303586863 ex
4849 28.9443714786321 30.9229385824874 32.3615806014277 ex
4850 21.9290208439343 34.4285970721394 31.3161429138854 ex
4851 26.9714797935449 33.1537334807217 32.1503827341367 ex
4852 32.2220648480579 18.3416246827692 22.4825742456596 ex
4853 18.5146002927795 21.0514334810432 34.8923385036178 ex
4854 25.395721717272 33.5715924259275 19.856101437239 ex
4855 28.8211976238526 19.7855856402311 30.5061311444733 ex
4856 27.7445945970248 35.2507340584416 28.2618151344359 ex
4857 18.1144143196288 27.8464105671737 32.2795250541531 ex
4858 33.8771471525542 28.4957721077371 26.0552777892444 ex
4859 29.8570656543598 33.9896202266682 28.120379496133 ex
4860 18.3496414376423 31.3141881998163 32.7008130536415 ex
4861 31.9480309146456 26.3901249330956 21.3727151013445 ex
4862 31.2111907049548 34.7337940633297 29.9257322612684 ex
4863 35.7474392657168 20.0413355270866 34.6802343281452 ex
4864 18.3340466415975 29.7920833674725 33.1471777714323 ex
4865 30.1408453306649 26.1910611218773 34.1930997632444 ex
4866 32.048237974057 27.0247061871924 28.7660073570441 ex
4867 29.5024462928995 26.0583504568785 26.3235187563114 ex
4868 19.6437259230297 18.7485885170754 28.2956585302018 ex
4869 22.9036583725829 21.6926050309557 29.6422241595574 ex
4870 24.0154055003077 27.3365654931404 21.7899627664592 ex
4871 27.8493994579185 22.1302112468984 29.3984640969429 ex
4872 22.5877085956745 18.801730282139 22.3775372901 ex
4873 20.117725799093 29.7765690088272 31.1125124269165 ex
4874 18.1656990642659 29.1599110821262 23.385428825859 ex
4875 31.4751599633601 32.2512111554388 24.90834054281 ex
4876 35.4930273175705 22.6193587218877 35.9145762952976 ex
4877 28.6557234220672 20.0677782183047 20.9898735021707 ex
4878 31.8432706277817 31.2387593421154 25.5132582867518 ex
4879 35.2074639804196 20.8862626473419 25.8013792778365 ex
4880 35.0778481154703 23.4475632663816 23.0067889224738 ex
4881 24.767113546608 34.1889890746679 25.0391946535092 ex
4882 35.8599603448529 34.2359579359181 35.4130999092013 ex
4883 30.2859922104981 25.7354287116323 29.8842828858178 ex
4884 22.2919168989174 29.3730787835084 34.2563864139374 ex
4885 19.9776989484672 26.3558792613912 24.2253245802131 ex
4886 33.1643842593767 18.0243804589845 33.3828675972763 ex
4887 23.1580427668523 33.2969226639252 26.6755918494891 ex
4888 28.2085952933412 28.3444947237149 26.6295743882656 ex
4889 22.6685331638437 33.1445717148017 33.8383045848459 ex
4890 19.6621904396452 19.401963808341 27.5953439492732 ex
4891 19.3720205419231 34.019444988342 29.9570302397478 ex
4892 26.7913936206605 27.1506096017547 27.0489589537028 ex
4893 33.3997741157655 23.2010223830584 20.7020447968971 ex
4894 31.263204498915 33.6971181381959 30.3398440394085 ex
4895 21.7059687878937 28.9531746583525 19.2163089888636 ex
4896 22.3701814489905 26.7071036486886 20.7477407352999 ex
4897 22.345084288856 35.5332133898046 24.7341765149031 ex
4898 25.4994965787046 22.0008353160229 32.4430091520771 ex
4899 27.949863814516 20.6193248212803 27.6717816104647 ex
4900 30.635050795041 29.2011270087678 24.3103434017394 ex
4901 26.6015419904143 31.9380332848523 19.5347941252403 ex
4902 29.0389453410171 29.759475024417 19.1339490052778 ex
4903 21.9658354527783 19.498031653231 19.4811623424757 ex
4904 24.1939462588634 28.2212203261442 34.598224012414 ex
4905 22.7786583364941 31.3161243440118 25.5322478283197 ex
4906 22.6761593760457 34.5428863258567 21.393848441774 ex
4907 19.1942617224995 34.1406325402204 22.4638074282557 ex
4908 21.8874869851861 25.1981618285645 26.154441509163 ex
4909 18.0782058495097 27.7434900030494 24.7515251622535 ex
4910 32.1663629370742 23.711901883129 25.5369826287497 ex
4911 35.1439544698223 26.1508075750899 31.2881538616493 ex
4912 31.2707906058058 18.4899545994122 29.0937585660722 ex
4913 22.1266578205395 23.971362516284 26.9509575120173 ex
4914 25.7269140703138 22.7415167759173 26.4962716265582 ex
4915 32.7197375276592 19.0781737368088 26.615846671164 ex
4916 25.1076568749268 28.8035908073653 22.4204059436452 ex
4917 26.9452782906592 31.2938120372128 28.9530036242213 ex
4918 35.2870723314118 30.2785294645 22.0762069532648 ex
4919 25.0834303121082 28.290642473381 23.3593319347128 ex
4920 21.5336392896716 26.9031627534423 21.9929436694365 ex
4921 21.9334731274284 22.1413241261616 27.33815574646 ex
4922 18.4953195017297 32.1303906894755 34.9831568514928 ex
4923 27.3516720610205 22.2375933672301 33.6441152787302 ex
4924 20.2887719911523 25.9040518794209 21.7355770552531 ex
4925 30.1471472578123 24.3664582141209 23.8521107989363 ex
4926 28.4822043781169 23.7604168069083 18.0776150235906 ex
4927 29.278831504751 19.8117772913538 28.5226632906124 ex
4928 20.7958012039308 21.2893690897617 34.166700232774 ex
4929 19.3484162779059 28.1402162045706 22.6864211454522 ex
4930 35.6840645463672 32.8314962144941 24.3892642725259 ex
4931 20.0835482911207 25.874617224792 35.6128168466967 ex
4932 30.118139307946 18.1034232687671 22.7219099653885 ex
4933 20.8544916324317 33.9406029118691 33.5803349348716 ex
4934 27.9272132234182 24.5125692971051 33.3256792528555 ex
4935 29.1868353700265 28.2471371870488 18.6407970821019 ex
4936 29.7769752319437 24.2651315708645 28.5107152508572 ex
4937 22.6276454080362 33.9148555025458 18.6290471553802 ex
4938 31.1213798506651 27.7676522177644 28.4678132100962 ex
4939 20.3497351256665 21.0397426693235 20.2735784410033 ex
4940 28.0440339657944 34.496513714781 28.7746976835188 ex
4941 21.8348750749137 26.3461112731602 23.6765151431318 ex
4942 27.3523778670933 33.4702261660714 29.2703461307101 ex
4943 35.4050091914833 30.2763623478822 26.9897146737203 ex
4944 22.7597424255218 27.5200360217132 19.9986703984905 ex
4945 21.3471824475564 18.8630576077849 31.4684192689601 ex
4946 33.9904388983268 33.2319890081417 25.2909885512199 ex
4947 35.5337181168143 24.3260525867809 30.6495239515789 ex
4948 30.1177819524892 34.2414880136494 25.3796689049341 ex
4949 18.6705198560376 27.8918934350368 23.9831431244966 ex
4950 19.1726004073862 19.4454437377863 23.9429351196159 ex
4951 30.1990713111591 21.2622894900851 33.4447368043475 ex
4952 34.2919445401058 35.5514623778872 22.217202902073 ex
4953 20.6218928878661 21.9399313728791 21.6476505063474 ex
4954 27.0111289573833 25.8083587149158 25.9661719789729 ex
4955 23.2858060665894 20.7910836883821 21.2030570481438 ex
4956 20.1495000033174 24.7066457727924 20.9574364828877 ex
4957 33.4741258644499 29.6214793140534 26.561602165224 ex
4958 35.9261834803037 18.48451278219 35.9553778609261 ex
4959 20.6245259155985 19.0424841139466 20.3276692940854 ex
4960 21.1375886439346 22.4165526856668 21.0808384101838 ex
4961 32.020072062267 25.817991908174 18.0437218798324 ex
4962 30.8801176452544 18.2421198023949 33.3837580601685 ex
4963 34.8257865505293 28.1330718786921 34.148634750396 ex
4964 35.7574116548058 27.7015648812521 22.7970150483306 ex
4965 33.7680178075098 19.503761875676 35.6324666594155 ex
4966 21.9837721921504 25.9531840586569 25.6752453888766 ex
4967 24.1479652924463 34.1916522702668 32.2508749826811 ex
4968 33.9595624646172 33.0316563665401 24.2952202109154 ex
4969 31.2645244682208 35.6960173093248 21.7690771038178 ex
4970 23.7969614975154 20.6746925099287 30.674061058322 ex
4971 28.2735548592173 24.0061001912691 21.2163154252339 ex
4972 27.651011093054 26.008468960179 34.9938595970161 ex
4973 19.1774157048203 24.6887030298822 26.0542567765806 ex
4974 18.2438285970129 19.7731299421284 20.1621882817708 ex
4975 25.7175737405196 27.2486997307278 31.1249885822181 ex
4976 19.1764668214601 26.0015650258865 29.0455382638611 ex
4977 35.983295155922 20.9505594666116 22.6336622475646 ex
4978 18.5261522992514 27.6977657591924 18.1930421534926 ex
4979 30.5581000901293 29.9710857614409 28.4289957466535 ex
4980 23.4859859815333 20.1826570834965 33.5583862841595 ex
4981 22.1249258408789 28.7250541965477 33.9434675164521 ex
4982 28.0076038432308 32.828514830675 25.9881492035929 ex
4983 29.2845316366293 28.190947474679 28.8906120702159 ex
4984 24.7114883863833 18.9477208165918 23.5315502265003 ex
4985 31.6355361789465 24.0134876000229 34.3736176895909 ex
4986 24.0354117085226 27.2940247196238 20.8880616445094 ex
4987 31.2320863381028 19.3458471661434 21.7434235475957 ex
4988 18.3701011554804 35.5250654448755 22.2264715759084 ex
4989 18.8571533244103 20.7244643156882 19.7137431465089 ex
4990 35.8493774794042 33.8648346837144 32.204083114164 ex
4991 35.3833862580359 26.3411095782649 30.2790111529175 ex
4992 18.6944083289709 29.9061215482652 18.2831650478765 ex
4993 20.1143511219416 35.4671645709313 35.3790002781898 ex
4994 23.6115641072392 28.3638966307044 26.4613134076353 ex
4995 18.5694045615382 35.9960396499373 32.669856738532 ex
4996 33.809082626598 28.8375647992361 27.0998531184159 ex
4997 29.5968445015606 34.1762349237688 20.1068518050015 ex
4998 33.3494286786299 29.1233044387773 20.0984382522292 ex
4999 24.1712543317117 31.0221358772833 18.8193488717079 ex
5000 33.0322753936052 35.7832791188266 24.85880476702 ex

