# Total number neurons: 20000
# Local number neurons: 5000
# Number MPI ranks: 4
# Current simulation step: 2002
# <target rank> <target neuron id>	<source rank> <source neuron id>	<weight>	<plastic>
2 1497	2 1	1	1
2 703	2 1	1	1
2 2384	2 1	1	1
0 3046	2 1	1	1
0 562	2 1	1	1
1 1420	2 1	1	1
2 2729	2 2	1	1
2 4231	2 2	1	1
0 1960	2 2	1	1
0 2473	2 2	1	1
1 1183	2 2	1	1
3 326	2 2	1	1
2 4152	2 3	1	1
0 2736	2 3	1	1
0 2179	2 3	1	1
0 3425	2 3	1	1
1 823	2 3	1	1
3 3043	2 3	1	1
0 2182	2 4	1	1
1 3968	2 4	1	1
1 222	2 4	1	1
1 3696	2 4	1	1
0 3967	2 4	1	1
1 4629	2 4	1	1
2 4818	2 5	1	1
0 3050	2 5	1	1
0 1350	2 5	1	1
0 3186	2 5	1	1
1 705	2 5	1	1
1 1967	2 5	1	1
2 1242	2 6	1	1
2 3803	2 6	1	1
1 2734	2 6	1	1
1 3811	2 6	1	1
3 3667	2 6	1	1
3 3542	2 6	1	1
2 1618	2 7	1	1
2 2463	2 7	1	1
2 814	2 7	1	1
2 2527	2 7	1	1
3 4457	2 7	1	1
3 3935	2 7	1	1
2 1087	2 8	1	1
2 460	2 8	1	1
0 726	2 8	1	1
0 2286	2 8	1	1
1 4222	2 8	1	1
3 2910	2 8	1	1
2 2519	2 9	1	1
2 1572	2 9	1	1
0 1982	2 9	1	1
1 2932	2 9	1	1
1 3509	2 9	1	1
1 3894	2 9	1	1
2 1766	2 10	1	1
2 2462	2 10	1	1
0 2229	2 10	1	1
3 821	2 10	1	1
0 3073	2 10	1	1
1 77	2 10	1	1
2 4925	2 11	1	1
2 4245	2 11	1	1
2 344	2 11	1	1
1 2335	2 11	1	1
3 1522	2 11	1	1
3 4844	2 11	1	1
2 827	2 12	1	1
0 2189	2 12	1	1
1 3896	2 12	1	1
1 1771	2 12	1	1
3 3733	2 12	1	1
3 2181	2 12	1	1
2 4404	2 13	1	1
2 920	2 13	1	1
2 498	2 13	1	1
0 2844	2 13	1	1
1 3697	2 13	1	1
1 187	2 13	1	1
2 1773	2 14	1	1
2 2540	2 14	1	1
1 2595	2 14	1	1
1 3793	2 14	1	1
1 4160	2 14	1	1
3 3295	2 14	1	1
2 2493	2 15	1	1
2 678	2 15	1	1
0 2490	2 15	1	1
0 1894	2 15	1	1
1 3350	2 15	1	1
3 2663	2 15	1	1
2 1166	2 16	1	1
2 4005	2 16	1	1
0 4079	2 16	1	1
1 4764	2 16	1	1
3 213	2 16	1	1
3 4278	2 16	1	1
2 1877	2 17	1	1
0 2309	2 17	1	1
1 93	2 17	1	1
3 527	2 17	1	1
3 3292	2 17	1	1
1 951	2 17	1	1
0 3939	2 18	1	1
0 2291	2 18	1	1
1 4716	2 18	1	1
1 3763	2 18	1	1
3 1427	2 18	1	1
0 2452	2 18	1	1
0 1375	2 19	1	1
1 4115	2 19	1	1
1 388	2 19	1	1
3 672	2 19	1	1
3 3220	2 19	1	1
3 1784	2 19	1	1
2 4334	2 20	1	1
2 4313	2 20	1	1
0 4836	2 20	1	1
0 239	2 20	1	1
0 128	2 20	1	1
3 3078	2 20	1	1
2 288	2 21	1	1
2 3974	2 21	1	1
1 3794	2 21	1	1
1 2921	2 21	1	1
1 2987	2 21	1	1
3 181	2 21	1	1
2 3991	2 22	1	1
0 3213	2 22	1	1
0 2219	2 22	1	1
3 894	2 22	1	1
3 702	2 22	1	1
0 3377	2 22	1	1
2 3969	2 23	1	1
2 2332	2 23	1	1
2 2561	2 23	1	1
0 3545	2 23	1	1
0 2952	2 23	1	1
3 4993	2 23	1	1
2 3146	2 24	1	1
2 2853	2 24	1	1
2 912	2 24	1	1
0 4677	2 24	1	1
3 3453	2 24	1	1
1 2312	2 24	1	1
2 4453	2 25	1	1
2 4228	2 25	1	1
0 1855	2 25	1	1
0 150	2 25	1	1
1 3383	2 25	1	1
3 640	2 25	1	1
1 4030	2 26	1	1
1 4146	2 26	1	1
3 4661	2 26	1	1
3 4990	2 26	1	1
3 2466	2 26	1	1
3 349	2 26	1	1
2 3090	2 27	1	1
2 4973	2 27	1	1
2 1915	2 27	1	1
2 2363	2 27	1	1
0 410	2 27	1	1
3 1096	2 27	1	1
2 4693	2 28	1	1
1 1396	2 28	1	1
1 1296	2 28	1	1
3 3886	2 28	1	1
3 2297	2 28	1	1
0 1032	2 28	1	1
0 1291	2 29	1	1
0 3463	2 29	1	1
0 1954	2 29	1	1
3 2084	2 29	1	1
3 3795	2 29	1	1
1 4294	2 29	1	1
2 633	2 30	1	1
0 1877	2 30	1	1
1 4649	2 30	1	1
3 4160	2 30	1	1
3 4060	2 30	1	1
3 3506	2 30	1	1
1 1596	2 31	1	1
3 361	2 31	1	1
3 4264	2 31	1	1
3 4113	2 31	1	1
3 3616	2 31	1	1
3 2903	2 31	1	1
0 1446	2 32	1	1
0 608	2 32	1	1
1 1102	2 32	1	1
1 554	2 32	1	1
1 4492	2 32	1	1
3 4855	2 32	1	1
2 926	2 33	1	1
0 2814	2 33	1	1
0 2899	2 33	1	1
3 2821	2 33	1	1
3 2561	2 33	1	1
1 741	2 33	1	1
2 3476	2 34	1	1
2 1377	2 34	1	1
0 4850	2 34	1	1
1 2299	2 34	1	1
3 3748	2 34	1	1
3 1039	2 34	1	1
2 3618	2 35	1	1
0 4181	2 35	1	1
1 4874	2 35	1	1
3 1951	2 35	1	1
3 4465	2 35	1	1
1 512	2 35	1	1
2 4605	2 36	1	1
2 4402	2 36	1	1
2 135	2 36	1	1
1 4687	2 36	1	1
3 4896	2 36	1	1
1 1202	2 36	1	1
2 3102	2 37	1	1
2 3799	2 37	1	1
1 1989	2 37	1	1
1 4786	2 37	1	1
3 915	2 37	1	1
0 122	2 37	1	1
2 3957	2 38	1	1
0 1293	2 38	1	1
0 938	2 38	1	1
0 2929	2 38	1	1
1 4391	2 38	1	1
0 158	2 38	1	1
2 394	2 39	1	1
1 3829	2 39	1	1
1 1299	2 39	1	1
1 294	2 39	1	1
1 3840	2 39	1	1
1 944	2 39	1	1
0 1941	2 40	1	1
1 1807	2 40	1	1
1 2570	2 40	1	1
1 3259	2 40	1	1
3 4601	2 40	1	1
3 1814	2 40	1	1
2 4863	2 41	1	1
0 3867	2 41	1	1
0 2630	2 41	1	1
0 2132	2 41	1	1
1 1115	2 41	1	1
3 2395	2 41	1	1
2 1842	2 42	1	1
2 3806	2 42	1	1
0 2887	2 42	1	1
0 3972	2 42	1	1
3 1842	2 42	1	1
3 230	2 42	1	1
2 2312	2 43	1	1
0 4210	2 43	1	1
0 237	2 43	1	1
1 1614	2 43	1	1
1 4609	2 43	1	1
3 874	2 43	1	1
2 116	2 44	1	1
2 1570	2 44	1	1
3 2193	2 44	1	1
0 3435	2 44	1	1
1 2427	2 44	1	1
3 1367	2 44	1	1
1 2786	2 45	1	1
1 2838	2 45	1	1
1 371	2 45	1	1
3 2758	2 45	1	1
0 4034	2 45	1	1
3 2535	2 45	1	1
2 2107	2 46	1	1
2 3348	2 46	1	1
0 1204	2 46	1	1
1 833	2 46	1	1
3 553	2 46	1	1
3 3183	2 46	1	1
2 2877	2 47	1	1
1 716	2 47	1	1
1 1134	2 47	1	1
1 3127	2 47	1	1
1 1113	2 47	1	1
3 4394	2 47	1	1
2 3964	2 48	1	1
2 1290	2 48	1	1
2 1875	2 48	1	1
0 4413	2 48	1	1
1 2408	2 48	1	1
0 1481	2 48	1	1
2 2895	2 49	1	1
2 4210	2 49	1	1
0 3576	2 49	1	1
0 2809	2 49	1	1
1 579	2 49	1	1
1 2228	2 49	1	1
2 1894	2 50	1	1
2 4942	2 50	1	1
2 2090	2 50	1	1
1 2331	2 50	1	1
3 3850	2 50	1	1
1 3221	2 50	1	1
2 267	2 51	1	1
2 2586	2 51	1	1
1 3846	2 51	1	1
1 1943	2 51	1	1
3 2436	2 51	1	1
1 2120	2 51	1	1
2 4756	2 52	1	1
0 1802	2 52	1	1
0 365	2 52	1	1
3 3057	2 52	1	1
3 674	2 52	1	1
3 1489	2 52	1	1
0 2867	2 53	1	1
1 1245	2 53	1	1
1 1231	2 53	1	1
1 2866	2 53	1	1
3 4604	2 53	1	1
0 1315	2 53	1	1
1 892	2 54	1	1
3 2004	2 54	1	1
0 3591	2 54	1	1
1 2347	2 54	1	1
1 3566	2 54	1	1
0 4986	2 54	1	1
2 1994	2 55	1	1
2 2880	2 55	1	1
0 1674	2 55	1	1
0 1010	2 55	1	1
1 4057	2 55	1	1
3 1848	2 55	1	1
2 2390	2 56	1	1
2 3824	2 56	1	1
2 2261	2 56	1	1
1 1769	2 56	1	1
3 2547	2 56	1	1
3 3090	2 56	1	1
2 3234	2 57	1	1
2 1965	2 57	1	1
2 994	2 57	1	1
0 2117	2 57	1	1
1 2810	2 57	1	1
3 3932	2 57	1	1
1 1154	2 58	1	1
1 66	2 58	1	1
3 274	2 58	1	1
1 2736	2 58	1	1
1 2614	2 58	1	1
3 2351	2 58	1	1
2 3356	2 59	1	1
1 4641	2 59	1	1
1 2667	2 59	1	1
1 199	2 59	1	1
3 3573	2 59	1	1
0 1819	2 59	1	1
2 3747	2 60	1	1
2 909	2 60	1	1
0 2256	2 60	1	1
1 4854	2 60	1	1
3 3542	2 60	1	1
1 3969	2 60	1	1
2 4579	2 61	1	1
2 3751	2 61	1	1
2 4137	2 61	1	1
0 1815	2 61	1	1
0 2036	2 61	1	1
1 4732	2 61	1	1
2 33	2 62	1	1
0 1975	2 62	1	1
0 3289	2 62	1	1
0 809	2 62	1	1
1 4413	2 62	1	1
3 2541	2 62	1	1
0 2026	2 63	1	1
1 2829	2 63	1	1
1 3026	2 63	1	1
0 2025	2 63	1	1
0 1631	2 63	1	1
1 4475	2 63	1	1
2 4216	2 64	1	1
2 2202	2 64	1	1
0 1092	2 64	1	1
1 139	2 64	1	1
3 225	2 64	1	1
3 2995	2 64	1	1
2 2571	2 65	1	1
2 83	2 65	1	1
1 2842	2 65	1	1
1 4122	2 65	1	1
3 3668	2 65	1	1
3 2370	2 65	1	1
0 2328	2 66	1	1
0 4992	2 66	1	1
0 2469	2 66	1	1
0 2189	2 66	1	1
0 2157	2 66	1	1
1 53	2 66	1	1
2 4116	2 67	1	1
2 3705	2 67	1	1
0 2635	2 67	1	1
1 2088	2 67	1	1
3 1277	2 67	1	1
3 2864	2 67	1	1
2 4816	2 68	1	1
2 4235	2 68	1	1
2 4336	2 68	1	1
2 3534	2 68	1	1
0 4791	2 68	1	1
1 937	2 68	1	1
2 3295	2 69	1	1
2 4411	2 69	1	1
2 4380	2 69	1	1
3 4615	2 69	1	1
3 4146	2 69	1	1
3 2380	2 69	1	1
2 3396	2 70	1	1
0 3239	2 70	1	1
0 3183	2 70	1	1
1 3845	2 70	1	1
0 2247	2 70	1	1
0 4820	2 70	1	1
2 3053	2 71	1	1
2 4285	2 71	1	1
1 1069	2 71	1	1
1 4371	2 71	1	1
1 1199	2 71	1	1
3 510	2 71	1	1
2 4721	2 72	1	1
2 4135	2 72	1	1
1 1778	2 72	1	1
3 1986	2 72	1	1
3 3427	2 72	1	1
3 4999	2 72	1	1
2 655	2 73	1	1
2 2672	2 73	1	1
0 1089	2 73	1	1
1 170	2 73	1	1
1 2457	2 73	1	1
3 1518	2 73	1	1
0 4702	2 74	1	1
3 4000	2 74	1	1
3 26	2 74	1	1
3 2414	2 74	1	1
3 449	2 74	1	1
3 1770	2 74	1	1
2 1396	2 75	1	1
2 278	2 75	1	1
2 4783	2 75	1	1
1 2471	2 75	1	1
1 2229	2 75	1	1
3 2601	2 75	1	1
2 1736	2 76	1	1
0 2200	2 76	1	1
0 4253	2 76	1	1
0 1611	2 76	1	1
0 71	2 76	1	1
1 4192	2 76	1	1
2 924	2 77	1	1
1 2295	2 77	1	1
3 4725	2 77	1	1
3 770	2 77	1	1
3 4458	2 77	1	1
0 3305	2 77	1	1
2 163	2 78	1	1
2 3922	2 78	1	1
0 4321	2 78	1	1
3 1111	2 78	1	1
3 3875	2 78	1	1
3 1714	2 78	1	1
2 3651	2 79	1	1
2 1684	2 79	1	1
1 4569	2 79	1	1
3 838	2 79	1	1
1 3299	2 79	1	1
1 3933	2 79	1	1
2 388	2 80	1	1
2 1695	2 80	1	1
0 4207	2 80	1	1
1 3992	2 80	1	1
3 1440	2 80	1	1
3 2692	2 80	1	1
2 610	2 81	1	1
1 2061	2 81	1	1
1 3001	2 81	1	1
1 2438	2 81	1	1
3 392	2 81	1	1
3 2499	2 81	1	1
0 4258	2 82	1	1
0 4752	2 82	1	1
0 2285	2 82	1	1
1 3531	2 82	1	1
3 1671	2 82	1	1
1 886	2 82	1	1
2 235	2 83	1	1
1 1194	2 83	1	1
3 2105	2 83	1	1
3 3791	2 83	1	1
3 785	2 83	1	1
3 59	2 83	1	1
0 3813	2 84	1	1
0 2907	2 84	1	1
0 2526	2 84	1	1
1 126	2 84	1	1
3 1093	2 84	1	1
3 690	2 84	1	1
2 430	2 85	1	1
2 1507	2 85	1	1
0 3224	2 85	1	1
0 2126	2 85	1	1
3 404	2 85	1	1
3 50	2 85	1	1
2 3979	2 86	1	1
2 4132	2 86	1	1
1 1354	2 86	1	1
1 1432	2 86	1	1
3 1025	2 86	1	1
3 3207	2 86	1	1
2 2956	2 87	1	1
1 3565	2 87	1	1
1 820	2 87	1	1
1 4274	2 87	1	1
3 1836	2 87	1	1
3 2233	2 87	1	1
2 1179	2 88	1	1
0 4029	2 88	1	1
0 1552	2 88	1	1
0 4944	2 88	1	1
0 4688	2 88	1	1
3 4282	2 88	1	1
2 3136	2 89	1	1
2 614	2 89	1	1
2 4543	2 89	1	1
2 2508	2 89	1	1
0 4094	2 89	1	1
1 4071	2 89	1	1
2 378	2 90	1	1
1 4124	2 90	1	1
1 3845	2 90	1	1
3 1667	2 90	1	1
3 238	2 90	1	1
3 1956	2 90	1	1
2 728	2 91	1	1
2 4522	2 91	1	1
0 203	2 91	1	1
1 833	2 91	1	1
3 4728	2 91	1	1
3 4942	2 91	1	1
2 1352	2 92	1	1
0 351	2 92	1	1
0 4116	2 92	1	1
0 2354	2 92	1	1
1 4624	2 92	1	1
1 3842	2 92	1	1
2 2215	2 93	1	1
2 3459	2 93	1	1
0 4885	2 93	1	1
3 1665	2 93	1	1
3 2435	2 93	1	1
3 1081	2 93	1	1
2 2185	2 94	1	1
0 4504	2 94	1	1
1 2099	2 94	1	1
1 3538	2 94	1	1
1 74	2 94	1	1
3 2243	2 94	1	1
2 3702	2 95	1	1
2 4146	2 95	1	1
1 994	2 95	1	1
1 2658	2 95	1	1
3 1719	2 95	1	1
0 1247	2 95	1	1
2 3361	2 96	1	1
2 2803	2 96	1	1
1 1733	2 96	1	1
1 1738	2 96	1	1
3 501	2 96	1	1
3 1061	2 96	1	1
2 68	2 97	1	1
2 4640	2 97	1	1
0 1328	2 97	1	1
3 2314	2 97	1	1
3 42	2 97	1	1
1 1760	2 97	1	1
2 3636	2 98	1	1
2 4553	2 98	1	1
2 1779	2 98	1	1
0 3876	2 98	1	1
0 1435	2 98	1	1
3 4169	2 98	1	1
2 4004	2 99	1	1
2 383	2 99	1	1
2 3856	2 99	1	1
0 3940	2 99	1	1
1 1432	2 99	1	1
3 4594	2 99	1	1
2 4985	2 100	1	1
2 4253	2 100	1	1
0 2731	2 100	1	1
1 2571	2 100	1	1
1 2140	2 100	1	1
0 1261	2 100	1	1
2 492	2 101	1	1
2 4098	2 101	1	1
2 1729	2 101	1	1
2 4016	2 101	1	1
2 1453	2 101	1	1
0 1869	2 101	1	1
2 429	2 102	1	1
2 491	2 102	1	1
2 1103	2 102	1	1
1 1480	2 102	1	1
3 913	2 102	1	1
3 1766	2 102	1	1
2 4771	2 103	1	1
2 567	2 103	1	1
2 1294	2 103	1	1
3 2128	2 103	1	1
3 2020	2 103	1	1
3 3987	2 103	1	1
2 3258	2 104	1	1
2 4085	2 104	1	1
2 3232	2 104	1	1
3 3747	2 104	1	1
3 3893	2 104	1	1
3 1645	2 104	1	1
0 1648	2 105	1	1
0 4795	2 105	1	1
0 3771	2 105	1	1
0 1975	2 105	1	1
1 2046	2 105	1	1
1 2034	2 105	1	1
2 384	2 106	1	1
2 4719	2 106	1	1
0 3978	2 106	1	1
3 3767	2 106	1	1
3 4403	2 106	1	1
3 2280	2 106	1	1
2 2209	2 107	1	1
2 302	2 107	1	1
0 1371	2 107	1	1
1 1904	2 107	1	1
3 4566	2 107	1	1
3 2846	2 107	1	1
2 40	2 108	1	1
2 2498	2 108	1	1
2 2546	2 108	1	1
0 1357	2 108	1	1
1 4329	2 108	1	1
0 1270	2 108	1	1
2 1380	2 109	1	1
2 2342	2 109	1	1
2 2566	2 109	1	1
0 831	2 109	1	1
0 3994	2 109	1	1
1 2950	2 109	1	1
2 204	2 110	1	1
2 1864	2 110	1	1
2 2886	2 110	1	1
2 3777	2 110	1	1
0 2353	2 110	1	1
0 4207	2 110	1	1
2 4157	2 111	1	1
0 3201	2 111	1	1
0 2899	2 111	1	1
0 628	2 111	1	1
1 1304	2 111	1	1
3 3122	2 111	1	1
2 4057	2 112	1	1
2 573	2 112	1	1
2 1745	2 112	1	1
0 4814	2 112	1	1
3 2308	2 112	1	1
3 3617	2 112	1	1
2 2133	2 113	1	1
1 4983	2 113	1	1
1 3871	2 113	1	1
3 2465	2 113	1	1
3 4353	2 113	1	1
1 3711	2 113	1	1
2 874	2 114	1	1
2 4623	2 114	1	1
0 4065	2 114	1	1
0 1963	2 114	1	1
0 4338	2 114	1	1
3 3556	2 114	1	1
2 2035	2 115	1	1
2 4463	2 115	1	1
2 542	2 115	1	1
2 3758	2 115	1	1
2 4127	2 115	1	1
3 483	2 115	1	1
0 4951	2 116	1	1
1 362	2 116	1	1
3 2175	2 116	1	1
3 402	2 116	1	1
0 186	2 116	1	1
0 2890	2 116	1	1
1 4241	2 117	1	1
1 1775	2 117	1	1
1 3626	2 117	1	1
3 1675	2 117	1	1
0 1546	2 117	1	1
3 474	2 117	1	1
2 2110	2 118	1	1
2 740	2 118	1	1
0 3542	2 118	1	1
1 4163	2 118	1	1
1 1303	2 118	1	1
3 887	2 118	1	1
2 481	2 119	1	1
0 2930	2 119	1	1
1 2407	2 119	1	1
3 280	2 119	1	1
3 4146	2 119	1	1
3 619	2 119	1	1
2 4012	2 120	1	1
0 1830	2 120	1	1
1 492	2 120	1	1
1 139	2 120	1	1
1 4879	2 120	1	1
1 488	2 120	1	1
0 2964	2 121	1	1
0 830	2 121	1	1
1 74	2 121	1	1
3 1754	2 121	1	1
1 154	2 121	1	1
1 1994	2 121	1	1
2 3848	2 122	1	1
0 4314	2 122	1	1
1 4010	2 122	1	1
1 1013	2 122	1	1
1 2089	2 122	1	1
0 563	2 122	1	1
2 2462	2 123	1	1
2 2956	2 123	1	1
0 3995	2 123	1	1
0 1939	2 123	1	1
1 129	2 123	1	1
1 3723	2 123	1	1
2 3276	2 124	1	1
2 360	2 124	1	1
2 2102	2 124	1	1
2 3996	2 124	1	1
1 2095	2 124	1	1
3 1787	2 124	1	1
2 339	2 125	1	1
2 2287	2 125	1	1
2 1989	2 125	1	1
1 334	2 125	1	1
1 4242	2 125	1	1
3 51	2 125	1	1
2 181	2 126	1	1
0 4783	2 126	1	1
0 2387	2 126	1	1
1 4167	2 126	1	1
1 4985	2 126	1	1
1 2425	2 126	1	1
0 4329	2 127	1	1
0 14	2 127	1	1
1 3309	2 127	1	1
1 1975	2 127	1	1
1 2199	2 127	1	1
3 4314	2 127	1	1
0 2607	2 128	1	1
0 2208	2 128	1	1
1 1370	2 128	1	1
1 2874	2 128	1	1
1 4531	2 128	1	1
3 233	2 128	1	1
2 1563	2 129	1	1
2 4748	2 129	1	1
2 2364	2 129	1	1
2 3260	2 129	1	1
0 124	2 129	1	1
3 2916	2 129	1	1
2 1230	2 130	1	1
2 2157	2 130	1	1
0 4637	2 130	1	1
1 2880	2 130	1	1
3 2886	2 130	1	1
3 4361	2 130	1	1
2 4426	2 131	1	1
0 2942	2 131	1	1
1 4237	2 131	1	1
3 805	2 131	1	1
0 3942	2 131	1	1
1 4626	2 131	1	1
2 2673	2 132	1	1
1 3194	2 132	1	1
1 782	2 132	1	1
3 3606	2 132	1	1
3 1653	2 132	1	1
3 3813	2 132	1	1
2 1785	2 133	1	1
0 2871	2 133	1	1
0 1335	2 133	1	1
1 3337	2 133	1	1
1 1842	2 133	1	1
1 2990	2 133	1	1
2 286	2 134	1	1
3 1546	2 134	1	1
3 3222	2 134	1	1
0 4288	2 134	1	1
3 646	2 134	1	1
3 1990	2 134	1	1
2 705	2 135	1	1
2 3966	2 135	1	1
0 4314	2 135	1	1
3 4131	2 135	1	1
3 468	2 135	1	1
3 1835	2 135	1	1
2 437	2 136	1	1
2 558	2 136	1	1
0 4194	2 136	1	1
3 4942	2 136	1	1
1 761	2 136	1	1
3 4811	2 136	1	1
2 4951	2 137	1	1
0 1954	2 137	1	1
1 2790	2 137	1	1
1 3986	2 137	1	1
3 4791	2 137	1	1
3 1024	2 137	1	1
2 4216	2 138	1	1
2 3305	2 138	1	1
0 1099	2 138	1	1
1 2139	2 138	1	1
3 2943	2 138	1	1
3 3045	2 138	1	1
2 2570	2 139	1	1
0 3950	2 139	1	1
1 113	2 139	1	1
1 4272	2 139	1	1
1 4116	2 139	1	1
3 2811	2 139	1	1
2 3175	2 140	1	1
2 2683	2 140	1	1
2 2030	2 140	1	1
0 3069	2 140	1	1
1 2127	2 140	1	1
3 4363	2 140	1	1
2 2736	2 141	1	1
2 2559	2 141	1	1
0 3391	2 141	1	1
0 4185	2 141	1	1
3 3604	2 141	1	1
3 1997	2 141	1	1
2 1077	2 142	1	1
2 409	2 142	1	1
2 442	2 142	1	1
0 2465	2 142	1	1
0 4701	2 142	1	1
0 2997	2 142	1	1
2 219	2 143	1	1
0 144	2 143	1	1
1 1134	2 143	1	1
3 581	2 143	1	1
3 3274	2 143	1	1
0 183	2 143	1	1
2 1938	2 144	1	1
0 2073	2 144	1	1
1 1956	2 144	1	1
1 476	2 144	1	1
3 3941	2 144	1	1
3 90	2 144	1	1
2 3910	2 145	1	1
2 257	2 145	1	1
2 2368	2 145	1	1
0 3155	2 145	1	1
0 1389	2 145	1	1
1 1794	2 145	1	1
2 4265	2 146	1	1
2 3334	2 146	1	1
2 4061	2 146	1	1
2 2177	2 146	1	1
0 4810	2 146	1	1
1 1303	2 146	1	1
0 1505	2 147	1	1
0 2078	2 147	1	1
3 4876	2 147	1	1
3 1470	2 147	1	1
0 3319	2 147	1	1
1 2851	2 147	1	1
2 479	2 148	1	1
0 3849	2 148	1	1
0 3734	2 148	1	1
1 2824	2 148	1	1
1 718	2 148	1	1
3 3312	2 148	1	1
2 335	2 149	1	1
0 2888	2 149	1	1
0 4604	2 149	1	1
0 1287	2 149	1	1
3 2689	2 149	1	1
0 4198	2 149	1	1
2 860	2 150	1	1
0 1750	2 150	1	1
1 4790	2 150	1	1
3 1863	2 150	1	1
3 387	2 150	1	1
3 135	2 150	1	1
2 1778	2 151	1	1
2 3059	2 151	1	1
1 2308	2 151	1	1
1 2855	2 151	1	1
3 4339	2 151	1	1
3 1750	2 151	1	1
2 2593	2 152	1	1
2 4226	2 152	1	1
0 489	2 152	1	1
0 4293	2 152	1	1
0 2710	2 152	1	1
1 2712	2 152	1	1
2 3893	2 153	1	1
0 311	2 153	1	1
0 4054	2 153	1	1
3 4143	2 153	1	1
3 481	2 153	1	1
0 1755	2 153	1	1
2 97	2 154	1	1
0 4359	2 154	1	1
3 656	2 154	1	1
3 3853	2 154	1	1
3 901	2 154	1	1
1 4859	2 154	1	1
1 3503	2 155	1	1
1 3983	2 155	1	1
3 607	2 155	1	1
3 3692	2 155	1	1
0 3355	2 155	1	1
3 4095	2 155	1	1
0 802	2 156	1	1
1 4346	2 156	1	1
3 2719	2 156	1	1
0 1956	2 156	1	1
1 376	2 156	1	1
1 3859	2 156	1	1
2 4746	2 157	1	1
2 358	2 157	1	1
2 1103	2 157	1	1
1 1346	2 157	1	1
1 3777	2 157	1	1
3 2166	2 157	1	1
2 3915	2 158	1	1
2 2969	2 158	1	1
0 4112	2 158	1	1
1 824	2 158	1	1
1 4032	2 158	1	1
3 1335	2 158	1	1
2 1929	2 159	1	1
2 1268	2 159	1	1
2 2475	2 159	1	1
2 3877	2 159	1	1
2 2413	2 159	1	1
2 2674	2 159	1	1
2 2817	2 160	1	1
0 2738	2 160	1	1
0 3360	2 160	1	1
0 2823	2 160	1	1
3 849	2 160	1	1
3 5	2 160	1	1
0 2473	2 161	1	1
1 3053	2 161	1	1
1 2333	2 161	1	1
3 109	2 161	1	1
3 2082	2 161	1	1
3 2326	2 161	1	1
0 1499	2 162	1	1
0 2301	2 162	1	1
1 4235	2 162	1	1
1 4416	2 162	1	1
3 966	2 162	1	1
3 125	2 162	1	1
2 722	2 163	1	1
0 4569	2 163	1	1
1 3327	2 163	1	1
3 2104	2 163	1	1
3 4988	2 163	1	1
3 1963	2 163	1	1
2 2800	2 164	1	1
2 2940	2 164	1	1
0 2974	2 164	1	1
1 1200	2 164	1	1
1 1834	2 164	1	1
1 2615	2 164	1	1
2 3116	2 165	1	1
2 3817	2 165	1	1
0 193	2 165	1	1
0 1751	2 165	1	1
1 2431	2 165	1	1
3 546	2 165	1	1
2 2628	2 166	1	1
1 2859	2 166	1	1
1 3824	2 166	1	1
1 2807	2 166	1	1
3 2387	2 166	1	1
3 4260	2 166	1	1
2 2102	2 167	1	1
2 969	2 167	1	1
0 2547	2 167	1	1
1 1359	2 167	1	1
1 4090	2 167	1	1
3 3708	2 167	1	1
0 788	2 168	1	1
0 3185	2 168	1	1
0 527	2 168	1	1
0 3309	2 168	1	1
3 2200	2 168	1	1
1 4441	2 168	1	1
2 3412	2 169	1	1
2 2723	2 169	1	1
0 1755	2 169	1	1
1 2781	2 169	1	1
1 2110	2 169	1	1
3 507	2 169	1	1
2 41	2 170	1	1
1 2945	2 170	1	1
1 173	2 170	1	1
1 3711	2 170	1	1
3 951	2 170	1	1
3 3065	2 170	1	1
2 234	2 171	1	1
2 688	2 171	1	1
0 2286	2 171	1	1
0 3029	2 171	1	1
1 3545	2 171	1	1
3 4021	2 171	1	1
2 3783	2 172	1	1
2 2844	2 172	1	1
1 4499	2 172	1	1
3 1824	2 172	1	1
3 4517	2 172	1	1
0 4611	2 172	1	1
2 547	2 173	1	1
2 2667	2 173	1	1
2 4626	2 173	1	1
0 4129	2 173	1	1
0 4560	2 173	1	1
3 4665	2 173	1	1
2 533	2 174	1	1
0 2410	2 174	1	1
1 3140	2 174	1	1
3 3245	2 174	1	1
3 2954	2 174	1	1
0 2516	2 174	1	1
2 2161	2 175	1	1
0 4839	2 175	1	1
0 953	2 175	1	1
1 3003	2 175	1	1
1 2582	2 175	1	1
3 4531	2 175	1	1
2 3026	2 176	1	1
2 612	2 176	1	1
2 3702	2 176	1	1
0 1119	2 176	1	1
1 4751	2 176	1	1
3 1247	2 176	1	1
2 119	2 177	1	1
2 3065	2 177	1	1
2 1976	2 177	1	1
2 2573	2 177	1	1
2 2841	2 177	1	1
0 4690	2 177	1	1
2 1929	2 178	1	1
2 4214	2 178	1	1
1 4762	2 178	1	1
3 3524	2 178	1	1
3 4839	2 178	1	1
3 1303	2 178	1	1
2 1590	2 179	1	1
0 3377	2 179	1	1
3 3296	2 179	1	1
3 4002	2 179	1	1
3 4806	2 179	1	1
3 1909	2 179	1	1
2 32	2 180	1	1
0 1100	2 180	1	1
0 3971	2 180	1	1
0 1940	2 180	1	1
0 4679	2 180	1	1
3 2991	2 180	1	1
2 3179	2 181	1	1
0 2596	2 181	1	1
1 4309	2 181	1	1
1 1636	2 181	1	1
3 1324	2 181	1	1
3 3238	2 181	1	1
2 3532	2 182	1	1
0 3281	2 182	1	1
1 3028	2 182	1	1
1 509	2 182	1	1
1 2703	2 182	1	1
1 2887	2 182	1	1
2 2739	2 183	1	1
0 3390	2 183	1	1
1 2503	2 183	1	1
1 3252	2 183	1	1
3 972	2 183	1	1
3 2425	2 183	1	1
0 2940	2 184	1	1
3 3105	2 184	1	1
0 3556	2 184	1	1
1 4291	2 184	1	1
1 70	2 184	1	1
0 4211	2 184	1	1
2 3461	2 185	1	1
2 4185	2 185	1	1
0 3474	2 185	1	1
1 1165	2 185	1	1
1 3656	2 185	1	1
1 405	2 185	1	1
2 487	2 186	1	1
2 1337	2 186	1	1
2 4580	2 186	1	1
0 2411	2 186	1	1
1 595	2 186	1	1
3 4369	2 186	1	1
2 466	2 187	1	1
2 4594	2 187	1	1
0 2694	2 187	1	1
0 4992	2 187	1	1
1 4209	2 187	1	1
1 4003	2 187	1	1
2 192	2 188	1	1
1 2254	2 188	1	1
3 4855	2 188	1	1
3 1938	2 188	1	1
3 4961	2 188	1	1
1 2979	2 188	1	1
0 945	2 189	1	1
0 4793	2 189	1	1
0 3285	2 189	1	1
3 3069	2 189	1	1
1 512	2 189	1	1
1 3693	2 189	1	1
2 3396	2 190	1	1
2 3628	2 190	1	1
2 3742	2 190	1	1
0 2045	2 190	1	1
3 869	2 190	1	1
3 2806	2 190	1	1
2 3545	2 191	1	1
2 1135	2 191	1	1
2 4036	2 191	1	1
2 2632	2 191	1	1
1 80	2 191	1	1
1 2744	2 191	1	1
2 3155	2 192	1	1
2 929	2 192	1	1
2 4182	2 192	1	1
1 1439	2 192	1	1
1 2238	2 192	1	1
3 1045	2 192	1	1
2 1068	2 193	1	1
0 4415	2 193	1	1
1 4928	2 193	1	1
1 276	2 193	1	1
1 744	2 193	1	1
3 249	2 193	1	1
2 1567	2 194	1	1
2 333	2 194	1	1
2 4611	2 194	1	1
2 2892	2 194	1	1
0 1509	2 194	1	1
1 119	2 194	1	1
2 3104	2 195	1	1
2 3850	2 195	1	1
2 3943	2 195	1	1
1 966	2 195	1	1
1 1574	2 195	1	1
3 1949	2 195	1	1
2 267	2 196	1	1
2 2558	2 196	1	1
2 2609	2 196	1	1
2 2890	2 196	1	1
2 1338	2 196	1	1
3 390	2 196	1	1
2 737	2 197	1	1
0 956	2 197	1	1
1 3141	2 197	1	1
1 3748	2 197	1	1
1 4442	2 197	1	1
3 3731	2 197	1	1
1 1422	2 198	1	1
1 1146	2 198	1	1
3 1124	2 198	1	1
3 4712	2 198	1	1
3 1794	2 198	1	1
3 544	2 198	1	1
1 3577	2 199	1	1
1 2570	2 199	1	1
3 4139	2 199	1	1
1 4414	2 199	1	1
3 1941	2 199	1	1
0 1190	2 199	1	1
2 237	2 200	1	1
0 4791	2 200	1	1
1 2685	2 200	1	1
3 1262	2 200	1	1
3 4686	2 200	1	1
0 4967	2 200	1	1
2 2076	2 201	1	1
0 2856	2 201	1	1
1 918	2 201	1	1
1 4420	2 201	1	1
1 3173	2 201	1	1
3 3247	2 201	1	1
0 4202	2 202	1	1
0 2921	2 202	1	1
0 1393	2 202	1	1
1 12	2 202	1	1
3 1385	2 202	1	1
3 4648	2 202	1	1
2 3817	2 203	1	1
1 421	2 203	1	1
1 2971	2 203	1	1
3 2853	2 203	1	1
3 4254	2 203	1	1
1 734	2 203	1	1
2 4156	2 204	1	1
2 2267	2 204	1	1
2 2931	2 204	1	1
2 2155	2 204	1	1
3 1881	2 204	1	1
3 2511	2 204	1	1
0 3872	2 205	1	1
0 3985	2 205	1	1
1 3703	2 205	1	1
1 1453	2 205	1	1
3 2702	2 205	1	1
1 4991	2 205	1	1
2 3902	2 206	1	1
2 2637	2 206	1	1
0 326	2 206	1	1
3 934	2 206	1	1
3 1722	2 206	1	1
0 3878	2 206	1	1
2 4988	2 207	1	1
0 1145	2 207	1	1
0 3094	2 207	1	1
1 250	2 207	1	1
3 3077	2 207	1	1
3 1130	2 207	1	1
2 1859	2 208	1	1
0 2597	2 208	1	1
1 246	2 208	1	1
1 4432	2 208	1	1
1 2941	2 208	1	1
3 797	2 208	1	1
2 3573	2 209	1	1
2 2762	2 209	1	1
0 2103	2 209	1	1
1 4170	2 209	1	1
0 2701	2 209	1	1
3 4418	2 209	1	1
0 3130	2 210	1	1
0 574	2 210	1	1
1 857	2 210	1	1
1 898	2 210	1	1
3 4837	2 210	1	1
3 3867	2 210	1	1
2 1737	2 211	1	1
2 1441	2 211	1	1
2 2132	2 211	1	1
3 4895	2 211	1	1
3 4004	2 211	1	1
3 4882	2 211	1	1
0 4239	2 212	1	1
0 141	2 212	1	1
1 3251	2 212	1	1
1 818	2 212	1	1
1 1874	2 212	1	1
0 3927	2 212	1	1
2 2325	2 213	1	1
2 258	2 213	1	1
1 2412	2 213	1	1
3 3306	2 213	1	1
0 2568	2 213	1	1
1 1215	2 213	1	1
2 1445	2 214	1	1
2 550	2 214	1	1
0 2796	2 214	1	1
1 4238	2 214	1	1
1 4182	2 214	1	1
3 2397	2 214	1	1
2 3349	2 215	1	1
0 2284	2 215	1	1
0 2306	2 215	1	1
1 1770	2 215	1	1
3 3652	2 215	1	1
0 1465	2 215	1	1
2 1400	2 216	1	1
0 1828	2 216	1	1
0 1298	2 216	1	1
0 4487	2 216	1	1
3 4879	2 216	1	1
3 3230	2 216	1	1
2 1626	2 217	1	1
2 3300	2 217	1	1
2 2433	2 217	1	1
1 793	2 217	1	1
1 3306	2 217	1	1
3 2986	2 217	1	1
2 982	2 218	1	1
0 2517	2 218	1	1
0 2972	2 218	1	1
1 3512	2 218	1	1
3 804	2 218	1	1
3 3877	2 218	1	1
2 2404	2 219	1	1
2 3320	2 219	1	1
1 2026	2 219	1	1
3 2246	2 219	1	1
1 1041	2 219	1	1
0 3677	2 219	1	1
2 4296	2 220	1	1
2 482	2 220	1	1
2 4084	2 220	1	1
1 2930	2 220	1	1
1 4057	2 220	1	1
1 2586	2 220	1	1
2 3376	2 221	1	1
1 2896	2 221	1	1
3 1464	2 221	1	1
3 2514	2 221	1	1
1 4815	2 221	1	1
1 2389	2 221	1	1
2 2416	2 222	1	1
1 1597	2 222	1	1
3 3031	2 222	1	1
3 4954	2 222	1	1
1 4377	2 222	1	1
3 1618	2 222	1	1
2 1388	2 223	1	1
2 426	2 223	1	1
2 1485	2 223	1	1
0 4729	2 223	1	1
1 3566	2 223	1	1
3 624	2 223	1	1
0 2	2 224	1	1
0 330	2 224	1	1
1 1915	2 224	1	1
1 4888	2 224	1	1
1 4656	2 224	1	1
1 1864	2 224	1	1
2 46	2 225	1	1
0 2687	2 225	1	1
1 4825	2 225	1	1
1 751	2 225	1	1
3 689	2 225	1	1
3 1193	2 225	1	1
2 4767	2 226	1	1
2 199	2 226	1	1
0 2035	2 226	1	1
3 1830	2 226	1	1
3 1675	2 226	1	1
3 4070	2 226	1	1
2 4087	2 227	1	1
0 3004	2 227	1	1
0 1389	2 227	1	1
0 121	2 227	1	1
3 286	2 227	1	1
1 778	2 227	1	1
2 575	2 228	1	1
0 3178	2 228	1	1
0 2255	2 228	1	1
0 4725	2 228	1	1
3 3694	2 228	1	1
3 1040	2 228	1	1
2 4459	2 229	1	1
2 1522	2 229	1	1
0 1218	2 229	1	1
1 4318	2 229	1	1
1 3795	2 229	1	1
1 1368	2 229	1	1
2 3315	2 230	1	1
0 4232	2 230	1	1
1 2515	2 230	1	1
3 1793	2 230	1	1
3 2982	2 230	1	1
0 353	2 230	1	1
2 1568	2 231	1	1
1 3100	2 231	1	1
1 2007	2 231	1	1
1 2986	2 231	1	1
0 3735	2 231	1	1
1 154	2 231	1	1
2 2591	2 232	1	1
2 1931	2 232	1	1
0 1718	2 232	1	1
1 1454	2 232	1	1
1 2103	2 232	1	1
1 2169	2 232	1	1
2 575	2 233	1	1
2 1458	2 233	1	1
0 542	2 233	1	1
1 2667	2 233	1	1
1 3664	2 233	1	1
3 3218	2 233	1	1
0 1089	2 234	1	1
0 4223	2 234	1	1
0 1134	2 234	1	1
1 4128	2 234	1	1
3 4100	2 234	1	1
0 4489	2 234	1	1
0 3040	2 235	1	1
0 2032	2 235	1	1
0 76	2 235	1	1
1 4110	2 235	1	1
1 140	2 235	1	1
3 593	2 235	1	1
2 198	2 236	1	1
0 4343	2 236	1	1
0 1983	2 236	1	1
3 3531	2 236	1	1
3 2059	2 236	1	1
0 4294	2 236	1	1
2 2584	2 237	1	1
2 1809	2 237	1	1
0 3199	2 237	1	1
0 3443	2 237	1	1
1 4052	2 237	1	1
1 2047	2 237	1	1
2 2921	2 238	1	1
2 1270	2 238	1	1
1 3145	2 238	1	1
1 3862	2 238	1	1
3 1058	2 238	1	1
3 2404	2 238	1	1
2 2849	2 239	1	1
0 4186	2 239	1	1
0 3321	2 239	1	1
1 1622	2 239	1	1
1 320	2 239	1	1
0 1022	2 239	1	1
2 1169	2 240	1	1
1 2871	2 240	1	1
1 988	2 240	1	1
3 3086	2 240	1	1
3 4699	2 240	1	1
3 2927	2 240	1	1
2 986	2 241	1	1
0 56	2 241	1	1
0 2843	2 241	1	1
3 800	2 241	1	1
3 3281	2 241	1	1
3 2462	2 241	1	1
2 1661	2 242	1	1
2 3458	2 242	1	1
3 1312	2 242	1	1
3 2337	2 242	1	1
3 1156	2 242	1	1
3 3326	2 242	1	1
2 3576	2 243	1	1
2 1267	2 243	1	1
2 2311	2 243	1	1
2 3320	2 243	1	1
3 1990	2 243	1	1
3 4972	2 243	1	1
2 2201	2 244	1	1
0 4769	2 244	1	1
1 2112	2 244	1	1
3 1916	2 244	1	1
3 2928	2 244	1	1
3 4664	2 244	1	1
2 3513	2 245	1	1
2 3400	2 245	1	1
2 2128	2 245	1	1
0 4896	2 245	1	1
1 4264	2 245	1	1
1 1039	2 245	1	1
2 2455	2 246	1	1
1 43	2 246	1	1
1 3040	2 246	1	1
3 4037	2 246	1	1
3 2738	2 246	1	1
3 1807	2 246	1	1
2 2345	2 247	1	1
0 177	2 247	1	1
1 1403	2 247	1	1
1 4734	2 247	1	1
3 3238	2 247	1	1
1 2672	2 247	1	1
2 515	2 248	1	1
2 1227	2 248	1	1
0 430	2 248	1	1
0 2311	2 248	1	1
1 875	2 248	1	1
0 3786	2 248	1	1
2 4682	2 249	1	1
0 3600	2 249	1	1
0 2228	2 249	1	1
0 4514	2 249	1	1
1 575	2 249	1	1
0 4921	2 249	1	1
2 914	2 250	1	1
2 2971	2 250	1	1
0 3898	2 250	1	1
1 1917	2 250	1	1
1 5	2 250	1	1
3 1626	2 250	1	1
0 3939	2 251	1	1
0 4492	2 251	1	1
1 1700	2 251	1	1
3 531	2 251	1	1
3 3678	2 251	1	1
1 4794	2 251	1	1
0 3052	2 252	1	1
0 839	2 252	1	1
1 3835	2 252	1	1
3 4603	2 252	1	1
3 1481	2 252	1	1
3 444	2 252	1	1
0 431	2 253	1	1
1 1493	2 253	1	1
1 2125	2 253	1	1
1 4807	2 253	1	1
1 2194	2 253	1	1
3 2839	2 253	1	1
2 3754	2 254	1	1
0 662	2 254	1	1
1 3008	2 254	1	1
3 1401	2 254	1	1
3 1551	2 254	1	1
3 2254	2 254	1	1
2 1662	2 255	1	1
2 2442	2 255	1	1
2 3762	2 255	1	1
1 513	2 255	1	1
3 1413	2 255	1	1
1 4693	2 255	1	1
2 2565	2 256	1	1
0 4429	2 256	1	1
0 2666	2 256	1	1
1 2294	2 256	1	1
3 4264	2 256	1	1
3 1819	2 256	1	1
2 4726	2 257	1	1
2 4862	2 257	1	1
1 4250	2 257	1	1
1 391	2 257	1	1
3 4512	2 257	1	1
1 2934	2 257	1	1
2 938	2 258	1	1
2 2598	2 258	1	1
0 1395	2 258	1	1
1 378	2 258	1	1
3 2432	2 258	1	1
3 3655	2 258	1	1
3 3361	2 259	1	1
3 2384	2 259	1	1
3 4920	2 259	1	1
3 3122	2 259	1	1
3 4513	2 259	1	1
3 128	2 259	1	1
2 1254	2 260	1	1
2 2054	2 260	1	1
2 3030	2 260	1	1
2 2122	2 260	1	1
0 1732	2 260	1	1
1 4803	2 260	1	1
2 2502	2 261	1	1
0 3195	2 261	1	1
1 292	2 261	1	1
1 3637	2 261	1	1
3 265	2 261	1	1
1 2053	2 261	1	1
2 4103	2 262	1	1
0 4682	2 262	1	1
1 4319	2 262	1	1
3 1975	2 262	1	1
3 3926	2 262	1	1
0 534	2 262	1	1
2 849	2 263	1	1
2 2827	2 263	1	1
2 20	2 263	1	1
0 366	2 263	1	1
1 2560	2 263	1	1
3 2787	2 263	1	1
2 1592	2 264	1	1
2 929	2 264	1	1
0 4444	2 264	1	1
1 2664	2 264	1	1
3 3839	2 264	1	1
3 3254	2 264	1	1
2 660	2 265	1	1
2 2032	2 265	1	1
1 1226	2 265	1	1
1 3758	2 265	1	1
1 4936	2 265	1	1
3 4703	2 265	1	1
2 3566	2 266	1	1
0 1507	2 266	1	1
0 1729	2 266	1	1
1 4771	2 266	1	1
3 1936	2 266	1	1
3 2935	2 266	1	1
2 4076	2 267	1	1
2 1348	2 267	1	1
0 994	2 267	1	1
1 3260	2 267	1	1
3 4378	2 267	1	1
3 3559	2 267	1	1
2 4829	2 268	1	1
1 3030	2 268	1	1
3 1386	2 268	1	1
3 3404	2 268	1	1
0 2071	2 268	1	1
3 3597	2 268	1	1
0 2473	2 269	1	1
0 2073	2 269	1	1
3 2462	2 269	1	1
3 4258	2 269	1	1
1 2144	2 269	1	1
1 4658	2 269	1	1
2 4459	2 270	1	1
2 3859	2 270	1	1
2 1373	2 270	1	1
0 356	2 270	1	1
0 1514	2 270	1	1
3 770	2 270	1	1
2 1094	2 271	1	1
2 37	2 271	1	1
2 4614	2 271	1	1
0 245	2 271	1	1
1 1166	2 271	1	1
3 419	2 271	1	1
2 1547	2 272	1	1
2 4998	2 272	1	1
1 3667	2 272	1	1
1 2356	2 272	1	1
3 3479	2 272	1	1
1 2403	2 272	1	1
0 4074	2 273	1	1
1 4037	2 273	1	1
3 4631	2 273	1	1
3 2616	2 273	1	1
3 1447	2 273	1	1
3 444	2 273	1	1
2 4272	2 274	1	1
2 4458	2 274	1	1
2 4199	2 274	1	1
1 2104	2 274	1	1
1 2556	2 274	1	1
3 3203	2 274	1	1
2 804	2 275	1	1
2 2113	2 275	1	1
2 4638	2 275	1	1
0 373	2 275	1	1
1 3989	2 275	1	1
3 1220	2 275	1	1
2 1357	2 276	1	1
2 1800	2 276	1	1
1 3393	2 276	1	1
3 3155	2 276	1	1
3 4156	2 276	1	1
1 526	2 276	1	1
2 259	2 277	1	1
0 3318	2 277	1	1
0 2770	2 277	1	1
1 1527	2 277	1	1
1 4501	2 277	1	1
1 3287	2 277	1	1
0 3718	2 278	1	1
0 4024	2 278	1	1
0 3317	2 278	1	1
0 4118	2 278	1	1
3 905	2 278	1	1
0 2422	2 278	1	1
2 2725	2 279	1	1
1 3088	2 279	1	1
3 690	2 279	1	1
0 4362	2 279	1	1
0 3836	2 279	1	1
1 1799	2 279	1	1
2 768	2 280	1	1
0 574	2 280	1	1
1 132	2 280	1	1
3 4670	2 280	1	1
3 4296	2 280	1	1
3 3221	2 280	1	1
2 1632	2 281	1	1
0 4860	2 281	1	1
0 4752	2 281	1	1
0 1237	2 281	1	1
0 3496	2 281	1	1
1 2722	2 281	1	1
2 3583	2 282	1	1
2 1697	2 282	1	1
2 984	2 282	1	1
2 771	2 282	1	1
0 2151	2 282	1	1
3 2403	2 282	1	1
2 3854	2 283	1	1
0 4782	2 283	1	1
1 269	2 283	1	1
1 1536	2 283	1	1
3 1469	2 283	1	1
1 3707	2 283	1	1
0 4152	2 284	1	1
0 71	2 284	1	1
1 4632	2 284	1	1
1 3356	2 284	1	1
3 4387	2 284	1	1
3 3865	2 284	1	1
2 2633	2 285	1	1
0 2193	2 285	1	1
1 3319	2 285	1	1
1 4565	2 285	1	1
1 215	2 285	1	1
3 3175	2 285	1	1
0 1682	2 286	1	1
1 1608	2 286	1	1
1 2209	2 286	1	1
3 2582	2 286	1	1
3 1066	2 286	1	1
0 3701	2 286	1	1
2 1915	2 287	1	1
0 2906	2 287	1	1
0 4197	2 287	1	1
3 2590	2 287	1	1
3 1637	2 287	1	1
3 408	2 287	1	1
2 4724	2 288	1	1
0 4632	2 288	1	1
0 4107	2 288	1	1
1 1016	2 288	1	1
1 252	2 288	1	1
3 2711	2 288	1	1
0 4890	2 289	1	1
0 1991	2 289	1	1
3 2517	2 289	1	1
3 3771	2 289	1	1
3 4916	2 289	1	1
3 1543	2 289	1	1
2 1494	2 290	1	1
2 1424	2 290	1	1
0 4855	2 290	1	1
1 867	2 290	1	1
3 2416	2 290	1	1
1 1454	2 290	1	1
2 4374	2 291	1	1
2 1956	2 291	1	1
0 2698	2 291	1	1
1 2243	2 291	1	1
3 4222	2 291	1	1
3 4200	2 291	1	1
2 1975	2 292	1	1
0 1564	2 292	1	1
0 416	2 292	1	1
1 4195	2 292	1	1
3 536	2 292	1	1
3 3261	2 292	1	1
2 4604	2 293	1	1
0 4194	2 293	1	1
0 2708	2 293	1	1
1 2435	2 293	1	1
3 4053	2 293	1	1
1 4996	2 293	1	1
2 1357	2 294	1	1
0 4652	2 294	1	1
0 3604	2 294	1	1
0 1372	2 294	1	1
3 4648	2 294	1	1
0 4149	2 294	1	1
2 2323	2 295	1	1
2 2250	2 295	1	1
2 4659	2 295	1	1
0 1050	2 295	1	1
1 63	2 295	1	1
3 862	2 295	1	1
2 2392	2 296	1	1
1 4017	2 296	1	1
1 2630	2 296	1	1
1 1481	2 296	1	1
3 4804	2 296	1	1
3 2946	2 296	1	1
2 789	2 297	1	1
2 1063	2 297	1	1
1 1812	2 297	1	1
3 2262	2 297	1	1
3 1208	2 297	1	1
3 1706	2 297	1	1
2 3833	2 298	1	1
0 1835	2 298	1	1
1 2849	2 298	1	1
3 3516	2 298	1	1
3 4818	2 298	1	1
3 3316	2 298	1	1
2 4732	2 299	1	1
2 2466	2 299	1	1
0 850	2 299	1	1
1 2121	2 299	1	1
3 1275	2 299	1	1
3 4197	2 299	1	1
2 3559	2 300	1	1
2 36	2 300	1	1
0 3182	2 300	1	1
0 67	2 300	1	1
3 3845	2 300	1	1
3 4173	2 300	1	1
2 612	2 301	1	1
2 346	2 301	1	1
2 1354	2 301	1	1
0 3889	2 301	1	1
0 4754	2 301	1	1
3 2452	2 301	1	1
2 539	2 302	1	1
2 14	2 302	1	1
1 885	2 302	1	1
1 2090	2 302	1	1
3 1733	2 302	1	1
3 1428	2 302	1	1
2 2369	2 303	1	1
2 3888	2 303	1	1
0 4137	2 303	1	1
0 4934	2 303	1	1
1 4464	2 303	1	1
3 1686	2 303	1	1
0 1741	2 304	1	1
1 87	2 304	1	1
1 4524	2 304	1	1
3 1979	2 304	1	1
1 3320	2 304	1	1
1 1619	2 304	1	1
2 1554	2 305	1	1
2 3523	2 305	1	1
2 2551	2 305	1	1
0 3538	2 305	1	1
1 3192	2 305	1	1
1 2226	2 305	1	1
2 1173	2 306	1	1
2 3382	2 306	1	1
2 3804	2 306	1	1
3 729	2 306	1	1
3 4108	2 306	1	1
1 4739	2 306	1	1
2 3150	2 307	1	1
2 1572	2 307	1	1
2 1041	2 307	1	1
2 1156	2 307	1	1
3 160	2 307	1	1
3 3854	2 307	1	1
2 4666	2 308	1	1
1 4136	2 308	1	1
1 4633	2 308	1	1
1 3796	2 308	1	1
1 4535	2 308	1	1
1 4743	2 308	1	1
2 163	2 309	1	1
0 4305	2 309	1	1
0 2785	2 309	1	1
1 2279	2 309	1	1
3 2840	2 309	1	1
1 354	2 309	1	1
2 1985	2 310	1	1
0 597	2 310	1	1
0 991	2 310	1	1
3 4602	2 310	1	1
3 2024	2 310	1	1
3 4167	2 310	1	1
2 2497	2 311	1	1
2 3386	2 311	1	1
2 531	2 311	1	1
0 998	2 311	1	1
1 2017	2 311	1	1
3 3490	2 311	1	1
0 1395	2 312	1	1
0 4496	2 312	1	1
1 1386	2 312	1	1
3 3382	2 312	1	1
3 4717	2 312	1	1
3 3726	2 312	1	1
2 4577	2 313	1	1
2 172	2 313	1	1
2 1629	2 313	1	1
2 3925	2 313	1	1
0 4296	2 313	1	1
0 4358	2 313	1	1
0 3101	2 314	1	1
0 1262	2 314	1	1
0 803	2 314	1	1
1 1428	2 314	1	1
1 2553	2 314	1	1
3 2581	2 314	1	1
0 1391	2 315	1	1
0 1041	2 315	1	1
0 333	2 315	1	1
3 4663	2 315	1	1
1 2043	2 315	1	1
0 1276	2 315	1	1
2 1631	2 316	1	1
0 4464	2 316	1	1
1 4056	2 316	1	1
3 2315	2 316	1	1
3 787	2 316	1	1
1 3728	2 316	1	1
2 4802	2 317	1	1
0 2337	2 317	1	1
3 3198	2 317	1	1
3 4328	2 317	1	1
3 60	2 317	1	1
3 2597	2 317	1	1
2 3492	2 318	1	1
2 4524	2 318	1	1
0 913	2 318	1	1
1 2509	2 318	1	1
3 1318	2 318	1	1
3 4894	2 318	1	1
2 1128	2 319	1	1
0 1089	2 319	1	1
1 2501	2 319	1	1
3 2515	2 319	1	1
3 2446	2 319	1	1
3 4672	2 319	1	1
2 947	2 320	1	1
0 4012	2 320	1	1
1 4326	2 320	1	1
1 2697	2 320	1	1
3 625	2 320	1	1
3 3381	2 320	1	1
2 4960	2 321	1	1
2 3466	2 321	1	1
2 4570	2 321	1	1
0 3220	2 321	1	1
3 2838	2 321	1	1
0 3586	2 321	1	1
2 1431	2 322	1	1
2 4001	2 322	1	1
0 4048	2 322	1	1
1 2410	2 322	1	1
1 2774	2 322	1	1
1 4788	2 322	1	1
2 4373	2 323	1	1
0 4333	2 323	1	1
3 2070	2 323	1	1
3 1425	2 323	1	1
0 3836	2 323	1	1
3 2067	2 323	1	1
0 4663	2 324	1	1
0 4573	2 324	1	1
1 2974	2 324	1	1
1 3703	2 324	1	1
3 1028	2 324	1	1
3 2332	2 324	1	1
0 4775	2 325	1	1
1 699	2 325	1	1
1 2766	2 325	1	1
1 1400	2 325	1	1
0 3929	2 325	1	1
1 4739	2 325	1	1
2 2293	2 326	1	1
2 1047	2 326	1	1
2 4489	2 326	1	1
2 1284	2 326	1	1
1 1657	2 326	1	1
3 1675	2 326	1	1
2 3586	2 327	1	1
1 309	2 327	1	1
1 1269	2 327	1	1
3 4715	2 327	1	1
3 2110	2 327	1	1
1 1980	2 327	1	1
2 3264	2 328	1	1
2 307	2 328	1	1
0 3217	2 328	1	1
0 1976	2 328	1	1
1 1232	2 328	1	1
0 2424	2 328	1	1
2 560	2 329	1	1
0 1662	2 329	1	1
0 2826	2 329	1	1
1 2682	2 329	1	1
3 3084	2 329	1	1
3 1316	2 329	1	1
2 3440	2 330	1	1
2 622	2 330	1	1
0 1767	2 330	1	1
0 3326	2 330	1	1
1 3182	2 330	1	1
3 563	2 330	1	1
1 1685	2 331	1	1
1 2576	2 331	1	1
1 1618	2 331	1	1
3 1599	2 331	1	1
0 3122	2 331	1	1
0 137	2 331	1	1
2 1191	2 332	1	1
0 3648	2 332	1	1
0 519	2 332	1	1
0 3616	2 332	1	1
0 3230	2 332	1	1
3 4780	2 332	1	1
2 663	2 333	1	1
2 1115	2 333	1	1
1 1612	2 333	1	1
1 4248	2 333	1	1
3 2717	2 333	1	1
3 2972	2 333	1	1
2 3862	2 334	1	1
0 400	2 334	1	1
1 2086	2 334	1	1
3 3662	2 334	1	1
3 1620	2 334	1	1
3 3706	2 334	1	1
2 4650	2 335	1	1
2 4457	2 335	1	1
3 158	2 335	1	1
3 2237	2 335	1	1
3 1525	2 335	1	1
1 263	2 335	1	1
2 3062	2 336	1	1
2 12	2 336	1	1
1 2246	2 336	1	1
1 1729	2 336	1	1
3 2967	2 336	1	1
3 756	2 336	1	1
2 4186	2 337	1	1
2 1879	2 337	1	1
2 1540	2 337	1	1
0 4206	2 337	1	1
0 3821	2 337	1	1
0 4594	2 337	1	1
2 1435	2 338	1	1
2 2691	2 338	1	1
1 1308	2 338	1	1
3 3438	2 338	1	1
1 3460	2 338	1	1
1 766	2 338	1	1
2 3743	2 339	1	1
0 2077	2 339	1	1
1 20	2 339	1	1
1 4096	2 339	1	1
0 3278	2 339	1	1
0 1096	2 339	1	1
2 2135	2 340	1	1
2 1732	2 340	1	1
2 2701	2 340	1	1
3 2230	2 340	1	1
3 4186	2 340	1	1
3 4168	2 340	1	1
1 3306	2 341	1	1
1 1668	2 341	1	1
3 2073	2 341	1	1
3 2241	2 341	1	1
3 2408	2 341	1	1
3 4861	2 341	1	1
0 2730	2 342	1	1
0 2605	2 342	1	1
1 497	2 342	1	1
3 2494	2 342	1	1
3 1696	2 342	1	1
1 4440	2 342	1	1
2 1965	2 343	1	1
2 4918	2 343	1	1
0 2272	2 343	1	1
0 3485	2 343	1	1
0 4837	2 343	1	1
1 4524	2 343	1	1
1 1188	2 344	1	1
1 3176	2 344	1	1
1 1100	2 344	1	1
3 2240	2 344	1	1
3 1655	2 344	1	1
3 2222	2 344	1	1
2 482	2 345	1	1
2 4135	2 345	1	1
2 3067	2 345	1	1
0 2161	2 345	1	1
1 3724	2 345	1	1
3 3608	2 345	1	1
2 1054	2 346	1	1
2 212	2 346	1	1
0 2279	2 346	1	1
1 4771	2 346	1	1
3 3001	2 346	1	1
0 409	2 346	1	1
1 2245	2 347	1	1
3 1962	2 347	1	1
3 4816	2 347	1	1
3 4566	2 347	1	1
1 3514	2 347	1	1
3 3451	2 347	1	1
2 4527	2 348	1	1
0 505	2 348	1	1
0 794	2 348	1	1
3 3985	2 348	1	1
3 479	2 348	1	1
3 164	2 348	1	1
2 2003	2 349	1	1
2 3022	2 349	1	1
0 3395	2 349	1	1
0 722	2 349	1	1
1 1972	2 349	1	1
1 1107	2 349	1	1
2 2733	2 350	1	1
2 667	2 350	1	1
2 2203	2 350	1	1
2 4730	2 350	1	1
2 4440	2 350	1	1
1 489	2 350	1	1
2 2489	2 351	1	1
0 1681	2 351	1	1
0 4082	2 351	1	1
1 3226	2 351	1	1
3 2632	2 351	1	1
3 2886	2 351	1	1
2 3449	2 352	1	1
2 1298	2 352	1	1
0 3348	2 352	1	1
1 2905	2 352	1	1
3 1894	2 352	1	1
3 4726	2 352	1	1
2 2424	2 353	1	1
2 673	2 353	1	1
2 4265	2 353	1	1
2 911	2 353	1	1
3 4886	2 353	1	1
3 359	2 353	1	1
2 3617	2 354	1	1
2 1598	2 354	1	1
1 3079	2 354	1	1
1 3511	2 354	1	1
1 814	2 354	1	1
0 945	2 354	1	1
2 1484	2 355	1	1
2 528	2 355	1	1
0 2692	2 355	1	1
0 4059	2 355	1	1
3 3620	2 355	1	1
3 1660	2 355	1	1
2 4452	2 356	1	1
2 77	2 356	1	1
1 807	2 356	1	1
3 3484	2 356	1	1
3 3426	2 356	1	1
1 3063	2 356	1	1
0 2646	2 357	1	1
1 4615	2 357	1	1
1 309	2 357	1	1
3 2015	2 357	1	1
3 2795	2 357	1	1
3 1030	2 357	1	1
2 4219	2 358	1	1
2 3790	2 358	1	1
1 1545	2 358	1	1
3 2178	2 358	1	1
3 279	2 358	1	1
3 210	2 358	1	1
0 3273	2 359	1	1
1 4684	2 359	1	1
3 209	2 359	1	1
3 3032	2 359	1	1
3 1219	2 359	1	1
1 2906	2 359	1	1
2 1520	2 360	1	1
0 899	2 360	1	1
0 1383	2 360	1	1
1 2597	2 360	1	1
3 245	2 360	1	1
0 2446	2 360	1	1
2 2107	2 361	1	1
2 2481	2 361	1	1
0 530	2 361	1	1
0 3365	2 361	1	1
1 1417	2 361	1	1
3 433	2 361	1	1
2 2738	2 362	1	1
2 4723	2 362	1	1
0 13	2 362	1	1
1 2501	2 362	1	1
3 3338	2 362	1	1
1 2505	2 362	1	1
0 1853	2 363	1	1
1 1022	2 363	1	1
3 4745	2 363	1	1
3 1171	2 363	1	1
1 4613	2 363	1	1
1 1782	2 363	1	1
2 3160	2 364	1	1
2 2005	2 364	1	1
0 1314	2 364	1	1
0 533	2 364	1	1
1 1265	2 364	1	1
0 4903	2 364	1	1
2 1928	2 365	1	1
2 4578	2 365	1	1
2 1866	2 365	1	1
0 4029	2 365	1	1
0 4712	2 365	1	1
1 4085	2 365	1	1
2 355	2 366	1	1
0 799	2 366	1	1
0 4577	2 366	1	1
0 3302	2 366	1	1
3 3040	2 366	1	1
1 3328	2 366	1	1
2 628	2 367	1	1
0 4389	2 367	1	1
1 579	2 367	1	1
1 1601	2 367	1	1
3 3405	2 367	1	1
1 3023	2 367	1	1
0 4142	2 368	1	1
0 4658	2 368	1	1
0 4813	2 368	1	1
0 965	2 368	1	1
3 4659	2 368	1	1
3 4760	2 368	1	1
2 36	2 369	1	1
0 3378	2 369	1	1
0 784	2 369	1	1
1 1765	2 369	1	1
1 893	2 369	1	1
3 4329	2 369	1	1
2 4189	2 370	1	1
2 549	2 370	1	1
0 2269	2 370	1	1
1 1805	2 370	1	1
1 3967	2 370	1	1
3 3139	2 370	1	1
0 2857	2 371	1	1
1 1517	2 371	1	1
3 4167	2 371	1	1
3 2222	2 371	1	1
0 1232	2 371	1	1
0 4868	2 371	1	1
0 1719	2 372	1	1
1 179	2 372	1	1
3 2721	2 372	1	1
3 4395	2 372	1	1
3 2697	2 372	1	1
0 2517	2 372	1	1
0 4109	2 373	1	1
1 372	2 373	1	1
3 2814	2 373	1	1
3 4012	2 373	1	1
1 4217	2 373	1	1
3 3674	2 373	1	1
2 2811	2 374	1	1
2 2755	2 374	1	1
0 1510	2 374	1	1
0 639	2 374	1	1
1 3489	2 374	1	1
1 4802	2 374	1	1
2 1784	2 375	1	1
2 4799	2 375	1	1
0 2079	2 375	1	1
3 2134	2 375	1	1
3 4994	2 375	1	1
1 4826	2 375	1	1
0 2331	2 376	1	1
3 842	2 376	1	1
3 1949	2 376	1	1
3 3704	2 376	1	1
3 3289	2 376	1	1
1 471	2 376	1	1
2 2924	2 377	1	1
0 2809	2 377	1	1
0 3508	2 377	1	1
0 740	2 377	1	1
3 4851	2 377	1	1
3 3876	2 377	1	1
2 1889	2 378	1	1
1 1185	2 378	1	1
1 3211	2 378	1	1
1 4400	2 378	1	1
3 988	2 378	1	1
1 1498	2 378	1	1
0 162	2 379	1	1
0 179	2 379	1	1
1 4054	2 379	1	1
1 1091	2 379	1	1
1 852	2 379	1	1
0 3191	2 379	1	1
2 3078	2 380	1	1
2 4548	2 380	1	1
1 1121	2 380	1	1
1 4693	2 380	1	1
3 898	2 380	1	1
1 3281	2 380	1	1
2 2218	2 381	1	1
2 1807	2 381	1	1
0 3314	2 381	1	1
0 1882	2 381	1	1
0 3860	2 381	1	1
3 835	2 381	1	1
0 1149	2 382	1	1
1 3916	2 382	1	1
1 3600	2 382	1	1
1 2644	2 382	1	1
1 22	2 382	1	1
1 3049	2 382	1	1
2 551	2 383	1	1
1 4916	2 383	1	1
3 3932	2 383	1	1
3 4682	2 383	1	1
3 3656	2 383	1	1
1 409	2 383	1	1
2 4005	2 384	1	1
2 3384	2 384	1	1
2 2085	2 384	1	1
2 3423	2 384	1	1
0 908	2 384	1	1
0 1689	2 384	1	1
2 3520	2 385	1	1
2 4632	2 385	1	1
0 3353	2 385	1	1
1 1086	2 385	1	1
1 3195	2 385	1	1
3 3633	2 385	1	1
2 4467	2 386	1	1
0 4476	2 386	1	1
1 3687	2 386	1	1
1 2020	2 386	1	1
3 1059	2 386	1	1
0 1016	2 386	1	1
2 3184	2 387	1	1
0 4539	2 387	1	1
0 2700	2 387	1	1
1 1062	2 387	1	1
3 1751	2 387	1	1
1 3683	2 387	1	1
2 4668	2 388	1	1
1 2829	2 388	1	1
1 1974	2 388	1	1
3 2415	2 388	1	1
1 1464	2 388	1	1
1 581	2 388	1	1
2 4146	2 389	1	1
2 1453	2 389	1	1
1 1244	2 389	1	1
1 4033	2 389	1	1
3 112	2 389	1	1
3 433	2 389	1	1
2 231	2 390	1	1
0 3010	2 390	1	1
0 2453	2 390	1	1
1 3344	2 390	1	1
3 2218	2 390	1	1
0 3556	2 390	1	1
2 3972	2 391	1	1
0 4910	2 391	1	1
3 4412	2 391	1	1
1 716	2 391	1	1
3 1096	2 391	1	1
1 4888	2 391	1	1
2 4742	2 392	1	1
1 3609	2 392	1	1
3 1023	2 392	1	1
1 160	2 392	1	1
3 1382	2 392	1	1
3 2788	2 392	1	1
2 1703	2 393	1	1
2 2544	2 393	1	1
2 3097	2 393	1	1
1 1588	2 393	1	1
3 3060	2 393	1	1
1 2175	2 393	1	1
2 2971	2 394	1	1
0 3148	2 394	1	1
1 157	2 394	1	1
3 4371	2 394	1	1
3 3250	2 394	1	1
3 3097	2 394	1	1
2 481	2 395	1	1
2 3032	2 395	1	1
0 1374	2 395	1	1
3 221	2 395	1	1
0 1423	2 395	1	1
0 4914	2 395	1	1
2 3858	2 396	1	1
2 548	2 396	1	1
2 1983	2 396	1	1
0 4728	2 396	1	1
0 2202	2 396	1	1
0 4571	2 396	1	1
2 75	2 397	1	1
2 4665	2 397	1	1
2 4170	2 397	1	1
3 188	2 397	1	1
3 1149	2 397	1	1
1 3400	2 397	1	1
0 4327	2 398	1	1
1 3680	2 398	1	1
1 560	2 398	1	1
3 3235	2 398	1	1
3 343	2 398	1	1
3 4249	2 398	1	1
2 2980	2 399	1	1
2 1243	2 399	1	1
1 3444	2 399	1	1
3 462	2 399	1	1
3 1936	2 399	1	1
3 3958	2 399	1	1
2 2373	2 400	1	1
2 4557	2 400	1	1
1 4911	2 400	1	1
1 3380	2 400	1	1
3 2084	2 400	1	1
3 3203	2 400	1	1
2 2158	2 401	1	1
0 142	2 401	1	1
1 3881	2 401	1	1
1 2771	2 401	1	1
3 139	2 401	1	1
0 3015	2 401	1	1
0 1152	2 402	1	1
1 4954	2 402	1	1
3 28	2 402	1	1
3 2358	2 402	1	1
3 640	2 402	1	1
0 1475	2 402	1	1
2 4131	2 403	1	1
2 2771	2 403	1	1
0 141	2 403	1	1
3 2763	2 403	1	1
3 40	2 403	1	1
3 995	2 403	1	1
2 3998	2 404	1	1
2 340	2 404	1	1
0 783	2 404	1	1
0 2997	2 404	1	1
0 4898	2 404	1	1
3 749	2 404	1	1
2 34	2 405	1	1
0 3427	2 405	1	1
1 381	2 405	1	1
1 2282	2 405	1	1
3 2309	2 405	1	1
1 722	2 405	1	1
2 1489	2 406	1	1
0 3048	2 406	1	1
1 1821	2 406	1	1
3 516	2 406	1	1
0 4466	2 406	1	1
1 652	2 406	1	1
2 2168	2 407	1	1
2 2178	2 407	1	1
1 601	2 407	1	1
1 3740	2 407	1	1
1 2440	2 407	1	1
3 4898	2 407	1	1
2 2633	2 408	1	1
0 3002	2 408	1	1
0 1646	2 408	1	1
0 3938	2 408	1	1
1 4347	2 408	1	1
3 3157	2 408	1	1
2 4380	2 409	1	1
2 225	2 409	1	1
2 1955	2 409	1	1
2 1481	2 409	1	1
0 4264	2 409	1	1
3 85	2 409	1	1
2 423	2 410	1	1
1 2624	2 410	1	1
1 1428	2 410	1	1
1 4929	2 410	1	1
3 3742	2 410	1	1
1 89	2 410	1	1
2 246	2 411	1	1
1 2987	2 411	1	1
1 636	2 411	1	1
3 4485	2 411	1	1
3 2505	2 411	1	1
3 1547	2 411	1	1
2 938	2 412	1	1
2 3565	2 412	1	1
2 1105	2 412	1	1
0 1184	2 412	1	1
0 3718	2 412	1	1
1 1248	2 412	1	1
2 569	2 413	1	1
2 2374	2 413	1	1
0 449	2 413	1	1
0 505	2 413	1	1
0 1165	2 413	1	1
0 4357	2 413	1	1
2 516	2 414	1	1
2 2088	2 414	1	1
0 1348	2 414	1	1
0 1274	2 414	1	1
3 2931	2 414	1	1
0 4311	2 414	1	1
1 2322	2 415	1	1
3 74	2 415	1	1
3 975	2 415	1	1
3 2432	2 415	1	1
3 2953	2 415	1	1
0 4590	2 415	1	1
2 4961	2 416	1	1
2 522	2 416	1	1
3 973	2 416	1	1
0 2447	2 416	1	1
1 3045	2 416	1	1
1 480	2 416	1	1
0 4584	2 417	1	1
3 1220	2 417	1	1
3 3933	2 417	1	1
3 852	2 417	1	1
0 3324	2 417	1	1
1 958	2 417	1	1
2 4402	2 418	1	1
2 240	2 418	1	1
0 1321	2 418	1	1
0 1141	2 418	1	1
0 768	2 418	1	1
1 1764	2 418	1	1
2 3118	2 419	1	1
2 66	2 419	1	1
0 1597	2 419	1	1
3 2950	2 419	1	1
0 2558	2 419	1	1
3 1004	2 419	1	1
2 3921	2 420	1	1
2 3959	2 420	1	1
0 880	2 420	1	1
1 4241	2 420	1	1
3 1342	2 420	1	1
3 4319	2 420	1	1
0 3732	2 421	1	1
1 1477	2 421	1	1
1 1957	2 421	1	1
3 1440	2 421	1	1
3 913	2 421	1	1
3 345	2 421	1	1
2 3388	2 422	1	1
2 4300	2 422	1	1
0 4375	2 422	1	1
0 2064	2 422	1	1
1 3157	2 422	1	1
1 2890	2 422	1	1
2 775	2 423	1	1
1 4866	2 423	1	1
1 133	2 423	1	1
1 502	2 423	1	1
3 4874	2 423	1	1
1 4849	2 423	1	1
0 1610	2 424	1	1
0 1333	2 424	1	1
1 2509	2 424	1	1
1 1775	2 424	1	1
1 1520	2 424	1	1
0 1784	2 424	1	1
2 3398	2 425	1	1
0 1574	2 425	1	1
1 2681	2 425	1	1
3 192	2 425	1	1
3 1154	2 425	1	1
1 3040	2 425	1	1
2 2153	2 426	1	1
2 4979	2 426	1	1
2 498	2 426	1	1
0 3097	2 426	1	1
3 2064	2 426	1	1
1 1037	2 426	1	1
0 3229	2 427	1	1
0 4108	2 427	1	1
3 1503	2 427	1	1
3 3045	2 427	1	1
3 1517	2 427	1	1
3 3878	2 427	1	1
0 4815	2 428	1	1
1 762	2 428	1	1
1 3253	2 428	1	1
1 4780	2 428	1	1
3 2076	2 428	1	1
3 2872	2 428	1	1
2 4505	2 429	1	1
0 1762	2 429	1	1
1 1423	2 429	1	1
1 1722	2 429	1	1
1 1079	2 429	1	1
1 2329	2 429	1	1
2 2654	2 430	1	1
2 2253	2 430	1	1
0 2216	2 430	1	1
1 2690	2 430	1	1
3 1963	2 430	1	1
1 690	2 430	1	1
0 2314	2 431	1	1
0 3202	2 431	1	1
1 4197	2 431	1	1
3 4400	2 431	1	1
3 2544	2 431	1	1
3 771	2 431	1	1
2 3950	2 432	1	1
3 4355	2 432	1	1
3 1465	2 432	1	1
3 2073	2 432	1	1
3 1926	2 432	1	1
3 3027	2 432	1	1
0 1462	2 433	1	1
0 216	2 433	1	1
0 2485	2 433	1	1
1 3806	2 433	1	1
1 3973	2 433	1	1
3 4758	2 433	1	1
0 2268	2 434	1	1
0 1625	2 434	1	1
1 3500	2 434	1	1
1 2178	2 434	1	1
3 1386	2 434	1	1
3 908	2 434	1	1
2 4011	2 435	1	1
2 2262	2 435	1	1
0 4674	2 435	1	1
0 990	2 435	1	1
3 2272	2 435	1	1
0 2066	2 435	1	1
2 504	2 436	1	1
2 2498	2 436	1	1
0 1873	2 436	1	1
0 1876	2 436	1	1
1 1095	2 436	1	1
1 3985	2 436	1	1
2 2757	2 437	1	1
2 205	2 437	1	1
2 786	2 437	1	1
0 1877	2 437	1	1
3 2770	2 437	1	1
3 3321	2 437	1	1
2 1176	2 438	1	1
2 500	2 438	1	1
0 479	2 438	1	1
0 3629	2 438	1	1
0 2404	2 438	1	1
3 1145	2 438	1	1
0 3540	2 439	1	1
1 1584	2 439	1	1
3 227	2 439	1	1
3 1081	2 439	1	1
3 4231	2 439	1	1
3 625	2 439	1	1
2 965	2 440	1	1
1 1626	2 440	1	1
3 2249	2 440	1	1
3 4256	2 440	1	1
0 2479	2 440	1	1
1 1613	2 440	1	1
2 1034	2 441	1	1
2 3184	2 441	1	1
0 3955	2 441	1	1
1 2592	2 441	1	1
1 4948	2 441	1	1
0 3379	2 441	1	1
2 4624	2 442	1	1
2 633	2 442	1	1
2 4378	2 442	1	1
0 3399	2 442	1	1
0 2668	2 442	1	1
1 2001	2 442	1	1
2 2646	2 443	1	1
0 4777	2 443	1	1
0 3403	2 443	1	1
0 4862	2 443	1	1
1 1321	2 443	1	1
3 3351	2 443	1	1
2 302	2 444	1	1
0 2881	2 444	1	1
0 2401	2 444	1	1
0 1987	2 444	1	1
1 1551	2 444	1	1
3 2527	2 444	1	1
0 4824	2 445	1	1
0 4670	2 445	1	1
1 1145	2 445	1	1
1 3085	2 445	1	1
3 1065	2 445	1	1
3 1358	2 445	1	1
2 4607	2 446	1	1
2 4749	2 446	1	1
0 3228	2 446	1	1
0 1689	2 446	1	1
1 625	2 446	1	1
3 4740	2 446	1	1
2 4491	2 447	1	1
2 2461	2 447	1	1
2 2862	2 447	1	1
0 574	2 447	1	1
3 2529	2 447	1	1
0 1926	2 447	1	1
2 2398	2 448	1	1
0 1245	2 448	1	1
1 4680	2 448	1	1
1 3376	2 448	1	1
1 518	2 448	1	1
1 2000	2 448	1	1
2 3121	2 449	1	1
2 3281	2 449	1	1
1 4809	2 449	1	1
1 2154	2 449	1	1
1 1800	2 449	1	1
3 4840	2 449	1	1
2 3460	2 450	1	1
2 3625	2 450	1	1
3 2603	2 450	1	1
3 2970	2 450	1	1
1 2413	2 450	1	1
0 3601	2 450	1	1
2 806	2 451	1	1
2 619	2 451	1	1
0 1455	2 451	1	1
3 2693	2 451	1	1
3 2398	2 451	1	1
3 3150	2 451	1	1
2 829	2 452	1	1
2 4597	2 452	1	1
2 2535	2 452	1	1
1 2589	2 452	1	1
3 2524	2 452	1	1
3 4448	2 452	1	1
2 3071	2 453	1	1
2 979	2 453	1	1
1 4347	2 453	1	1
1 1885	2 453	1	1
3 1765	2 453	1	1
3 105	2 453	1	1
2 183	2 454	1	1
2 1958	2 454	1	1
1 1276	2 454	1	1
1 2789	2 454	1	1
1 212	2 454	1	1
1 3689	2 454	1	1
2 3616	2 455	1	1
0 2142	2 455	1	1
0 2600	2 455	1	1
3 230	2 455	1	1
1 2228	2 455	1	1
0 2231	2 455	1	1
2 3717	2 456	1	1
1 51	2 456	1	1
1 3259	2 456	1	1
1 4804	2 456	1	1
3 759	2 456	1	1
3 3170	2 456	1	1
2 675	2 457	1	1
0 2066	2 457	1	1
0 186	2 457	1	1
1 1529	2 457	1	1
3 2186	2 457	1	1
3 866	2 457	1	1
2 1494	2 458	1	1
2 1711	2 458	1	1
1 2825	2 458	1	1
3 4621	2 458	1	1
3 1251	2 458	1	1
0 1864	2 458	1	1
2 369	2 459	1	1
0 4331	2 459	1	1
0 4284	2 459	1	1
0 4025	2 459	1	1
1 4163	2 459	1	1
3 2107	2 459	1	1
2 1601	2 460	1	1
0 622	2 460	1	1
3 4865	2 460	1	1
3 1401	2 460	1	1
3 201	2 460	1	1
3 767	2 460	1	1
1 693	2 461	1	1
1 448	2 461	1	1
1 825	2 461	1	1
3 1824	2 461	1	1
1 772	2 461	1	1
1 3202	2 461	1	1
0 3863	2 462	1	1
1 3346	2 462	1	1
3 3977	2 462	1	1
3 2940	2 462	1	1
3 3135	2 462	1	1
0 829	2 462	1	1
2 2371	2 463	1	1
0 3286	2 463	1	1
1 3247	2 463	1	1
1 1694	2 463	1	1
1 96	2 463	1	1
3 1345	2 463	1	1
0 764	2 464	1	1
1 1095	2 464	1	1
1 4376	2 464	1	1
1 1130	2 464	1	1
1 688	2 464	1	1
1 316	2 464	1	1
2 1593	2 465	1	1
2 2068	2 465	1	1
0 297	2 465	1	1
0 4724	2 465	1	1
1 83	2 465	1	1
3 1678	2 465	1	1
2 4928	2 466	1	1
0 4508	2 466	1	1
0 2581	2 466	1	1
1 742	2 466	1	1
1 985	2 466	1	1
1 2073	2 466	1	1
2 4198	2 467	1	1
1 3446	2 467	1	1
3 4877	2 467	1	1
3 360	2 467	1	1
1 4155	2 467	1	1
1 478	2 467	1	1
2 4719	2 468	1	1
2 2833	2 468	1	1
2 65	2 468	1	1
0 492	2 468	1	1
1 962	2 468	1	1
3 3717	2 468	1	1
0 2645	2 469	1	1
3 3161	2 469	1	1
3 4004	2 469	1	1
0 1132	2 469	1	1
3 1567	2 469	1	1
3 1585	2 469	1	1
2 2713	2 470	1	1
2 879	2 470	1	1
0 393	2 470	1	1
0 3961	2 470	1	1
3 4677	2 470	1	1
3 2333	2 470	1	1
2 2182	2 471	1	1
0 4498	2 471	1	1
0 4219	2 471	1	1
0 4302	2 471	1	1
3 1191	2 471	1	1
1 2769	2 471	1	1
0 4185	2 472	1	1
0 3109	2 472	1	1
1 2846	2 472	1	1
1 4622	2 472	1	1
3 224	2 472	1	1
1 2765	2 472	1	1
2 452	2 473	1	1
2 2904	2 473	1	1
2 3850	2 473	1	1
1 4376	2 473	1	1
3 1154	2 473	1	1
3 2960	2 473	1	1
2 309	2 474	1	1
1 4411	2 474	1	1
1 4293	2 474	1	1
1 2635	2 474	1	1
1 3725	2 474	1	1
3 3597	2 474	1	1
2 1206	2 475	1	1
0 3311	2 475	1	1
0 1518	2 475	1	1
0 1738	2 475	1	1
3 4193	2 475	1	1
3 45	2 475	1	1
2 1063	2 476	1	1
0 4789	2 476	1	1
1 477	2 476	1	1
1 1711	2 476	1	1
3 2715	2 476	1	1
0 3709	2 476	1	1
2 4698	2 477	1	1
2 3362	2 477	1	1
0 3995	2 477	1	1
3 2828	2 477	1	1
3 2728	2 477	1	1
3 4434	2 477	1	1
2 733	2 478	1	1
2 4794	2 478	1	1
0 3775	2 478	1	1
0 1596	2 478	1	1
0 3650	2 478	1	1
3 2470	2 478	1	1
2 1783	2 479	1	1
2 1199	2 479	1	1
0 4517	2 479	1	1
1 3082	2 479	1	1
3 3924	2 479	1	1
3 4218	2 479	1	1
2 4738	2 480	1	1
0 4630	2 480	1	1
0 4722	2 480	1	1
0 4824	2 480	1	1
3 2599	2 480	1	1
3 3163	2 480	1	1
2 3350	2 481	1	1
2 4151	2 481	1	1
1 4254	2 481	1	1
1 702	2 481	1	1
3 158	2 481	1	1
1 597	2 481	1	1
2 1728	2 482	1	1
0 4351	2 482	1	1
0 87	2 482	1	1
3 3427	2 482	1	1
3 2421	2 482	1	1
3 4405	2 482	1	1
0 2721	2 483	1	1
1 2641	2 483	1	1
1 820	2 483	1	1
1 4685	2 483	1	1
1 3877	2 483	1	1
3 3588	2 483	1	1
0 2953	2 484	1	1
1 727	2 484	1	1
1 4037	2 484	1	1
3 4849	2 484	1	1
3 4098	2 484	1	1
3 4051	2 484	1	1
2 2349	2 485	1	1
1 1364	2 485	1	1
1 2345	2 485	1	1
3 2513	2 485	1	1
3 2791	2 485	1	1
0 1487	2 485	1	1
2 3889	2 486	1	1
2 1592	2 486	1	1
2 120	2 486	1	1
0 4120	2 486	1	1
1 4112	2 486	1	1
3 28	2 486	1	1
2 4783	2 487	1	1
2 163	2 487	1	1
2 1878	2 487	1	1
2 4276	2 487	1	1
2 4180	2 487	1	1
0 1074	2 487	1	1
0 297	2 488	1	1
0 4158	2 488	1	1
0 1183	2 488	1	1
3 3943	2 488	1	1
0 4325	2 488	1	1
3 4178	2 488	1	1
2 1937	2 489	1	1
2 1403	2 489	1	1
0 1758	2 489	1	1
1 1105	2 489	1	1
1 3190	2 489	1	1
3 3684	2 489	1	1
2 1559	2 490	1	1
2 4775	2 490	1	1
2 4197	2 490	1	1
1 1195	2 490	1	1
1 1686	2 490	1	1
1 2683	2 490	1	1
1 872	2 491	1	1
3 4758	2 491	1	1
3 618	2 491	1	1
3 1928	2 491	1	1
3 2467	2 491	1	1
1 4510	2 491	1	1
2 980	2 492	1	1
2 4149	2 492	1	1
1 1477	2 492	1	1
3 2096	2 492	1	1
3 3538	2 492	1	1
0 3549	2 492	1	1
2 4936	2 493	1	1
0 2206	2 493	1	1
0 593	2 493	1	1
0 3291	2 493	1	1
3 4817	2 493	1	1
3 3881	2 493	1	1
2 1313	2 494	1	1
2 1623	2 494	1	1
0 344	2 494	1	1
1 1883	2 494	1	1
1 2569	2 494	1	1
3 2446	2 494	1	1
0 1997	2 495	1	1
0 1347	2 495	1	1
0 2658	2 495	1	1
1 3031	2 495	1	1
3 3291	2 495	1	1
3 1996	2 495	1	1
2 179	2 496	1	1
0 4558	2 496	1	1
0 2577	2 496	1	1
3 4227	2 496	1	1
0 3933	2 496	1	1
1 1428	2 496	1	1
0 458	2 497	1	1
1 1171	2 497	1	1
1 2984	2 497	1	1
1 2192	2 497	1	1
3 3469	2 497	1	1
1 3557	2 497	1	1
2 1737	2 498	1	1
2 1748	2 498	1	1
2 1726	2 498	1	1
1 107	2 498	1	1
1 3882	2 498	1	1
1 4300	2 498	1	1
2 2576	2 499	1	1
0 28	2 499	1	1
0 3387	2 499	1	1
3 2034	2 499	1	1
3 3824	2 499	1	1
3 4823	2 499	1	1
2 1531	2 500	1	1
2 4709	2 500	1	1
0 2428	2 500	1	1
3 1509	2 500	1	1
3 3935	2 500	1	1
3 1043	2 500	1	1
2 3456	2 501	1	1
2 2162	2 501	1	1
0 1006	2 501	1	1
0 3172	2 501	1	1
1 196	2 501	1	1
1 4226	2 501	1	1
0 3078	2 502	1	1
0 3595	2 502	1	1
1 2137	2 502	1	1
1 3526	2 502	1	1
3 3925	2 502	1	1
3 4101	2 502	1	1
2 377	2 503	1	1
0 989	2 503	1	1
0 4034	2 503	1	1
0 2788	2 503	1	1
3 1397	2 503	1	1
1 2824	2 503	1	1
2 4669	2 504	1	1
2 51	2 504	1	1
0 4419	2 504	1	1
1 495	2 504	1	1
1 3967	2 504	1	1
3 3125	2 504	1	1
2 3625	2 505	1	1
2 3345	2 505	1	1
0 1083	2 505	1	1
1 3888	2 505	1	1
3 1194	2 505	1	1
3 2252	2 505	1	1
2 2807	2 506	1	1
0 2197	2 506	1	1
0 494	2 506	1	1
3 4472	2 506	1	1
3 1356	2 506	1	1
0 3648	2 506	1	1
2 2271	2 507	1	1
1 3688	2 507	1	1
1 4791	2 507	1	1
1 75	2 507	1	1
3 2736	2 507	1	1
3 2805	2 507	1	1
2 315	2 508	1	1
2 213	2 508	1	1
0 2138	2 508	1	1
1 3770	2 508	1	1
3 3723	2 508	1	1
3 692	2 508	1	1
2 4251	2 509	1	1
0 4405	2 509	1	1
0 968	2 509	1	1
1 833	2 509	1	1
3 15	2 509	1	1
0 3515	2 509	1	1
2 4304	2 510	1	1
0 2897	2 510	1	1
1 3146	2 510	1	1
1 2789	2 510	1	1
3 1330	2 510	1	1
3 4289	2 510	1	1
2 2901	2 511	1	1
2 2440	2 511	1	1
2 2236	2 511	1	1
0 4342	2 511	1	1
0 4129	2 511	1	1
3 312	2 511	1	1
2 2872	2 512	1	1
2 2343	2 512	1	1
2 2808	2 512	1	1
2 4959	2 512	1	1
2 1562	2 512	1	1
1 2052	2 512	1	1
2 613	2 513	1	1
2 4188	2 513	1	1
0 2079	2 513	1	1
0 2625	2 513	1	1
1 1641	2 513	1	1
3 1004	2 513	1	1
2 677	2 514	1	1
2 4534	2 514	1	1
0 2310	2 514	1	1
1 1993	2 514	1	1
1 1707	2 514	1	1
1 639	2 514	1	1
2 1354	2 515	1	1
2 4596	2 515	1	1
1 2629	2 515	1	1
3 4850	2 515	1	1
3 4427	2 515	1	1
1 1819	2 515	1	1
2 4363	2 516	1	1
0 4218	2 516	1	1
0 3072	2 516	1	1
0 207	2 516	1	1
3 2098	2 516	1	1
1 1367	2 516	1	1
2 3585	2 517	1	1
0 89	2 517	1	1
0 4656	2 517	1	1
1 1448	2 517	1	1
1 982	2 517	1	1
3 3119	2 517	1	1
2 4695	2 518	1	1
0 3242	2 518	1	1
0 4583	2 518	1	1
1 2833	2 518	1	1
3 557	2 518	1	1
3 316	2 518	1	1
2 4643	2 519	1	1
0 4219	2 519	1	1
0 123	2 519	1	1
1 2968	2 519	1	1
3 4250	2 519	1	1
3 105	2 519	1	1
2 4402	2 520	1	1
0 1987	2 520	1	1
1 3055	2 520	1	1
3 1119	2 520	1	1
3 2706	2 520	1	1
3 2712	2 520	1	1
2 3481	2 521	1	1
2 781	2 521	1	1
1 2317	2 521	1	1
3 3345	2 521	1	1
0 2719	2 521	1	1
3 3546	2 521	1	1
2 2530	2 522	1	1
2 1607	2 522	1	1
0 2325	2 522	1	1
1 1926	2 522	1	1
1 2795	2 522	1	1
1 389	2 522	1	1
2 268	2 523	1	1
2 3772	2 523	1	1
2 3217	2 523	1	1
1 2237	2 523	1	1
3 3740	2 523	1	1
3 690	2 523	1	1
0 3612	2 524	1	1
0 1518	2 524	1	1
1 3867	2 524	1	1
3 2679	2 524	1	1
3 55	2 524	1	1
1 11	2 524	1	1
2 3131	2 525	1	1
0 2293	2 525	1	1
0 3856	2 525	1	1
0 1764	2 525	1	1
1 1484	2 525	1	1
3 273	2 525	1	1
2 2360	2 526	1	1
0 3700	2 526	1	1
0 4063	2 526	1	1
1 2335	2 526	1	1
1 469	2 526	1	1
3 4738	2 526	1	1
1 1042	2 527	1	1
1 2539	2 527	1	1
1 3898	2 527	1	1
3 55	2 527	1	1
0 3890	2 527	1	1
3 3474	2 527	1	1
2 2810	2 528	1	1
2 1860	2 528	1	1
1 2480	2 528	1	1
3 1278	2 528	1	1
3 3671	2 528	1	1
3 3045	2 528	1	1
2 4355	2 529	1	1
0 3594	2 529	1	1
1 3928	2 529	1	1
1 2428	2 529	1	1
1 884	2 529	1	1
3 1697	2 529	1	1
2 1556	2 530	1	1
0 2509	2 530	1	1
1 3818	2 530	1	1
1 4444	2 530	1	1
1 2035	2 530	1	1
0 935	2 530	1	1
0 143	2 531	1	1
0 4791	2 531	1	1
1 1664	2 531	1	1
1 3831	2 531	1	1
3 4949	2 531	1	1
0 3991	2 531	1	1
2 1747	2 532	1	1
2 2444	2 532	1	1
0 1601	2 532	1	1
0 1937	2 532	1	1
1 1254	2 532	1	1
1 2299	2 532	1	1
2 1339	2 533	1	1
2 2077	2 533	1	1
0 232	2 533	1	1
0 1185	2 533	1	1
0 1554	2 533	1	1
1 1825	2 533	1	1
2 2608	2 534	1	1
2 1385	2 534	1	1
2 1826	2 534	1	1
0 374	2 534	1	1
1 2261	2 534	1	1
1 3861	2 534	1	1
2 4282	2 535	1	1
2 424	2 535	1	1
2 836	2 535	1	1
0 4800	2 535	1	1
1 4921	2 535	1	1
3 1520	2 535	1	1
2 1116	2 536	1	1
0 4545	2 536	1	1
0 3178	2 536	1	1
1 4627	2 536	1	1
1 2861	2 536	1	1
3 4166	2 536	1	1
2 2290	2 537	1	1
2 1832	2 537	1	1
0 4524	2 537	1	1
0 1	2 537	1	1
0 1421	2 537	1	1
0 3784	2 537	1	1
2 2291	2 538	1	1
2 2183	2 538	1	1
0 2886	2 538	1	1
1 2990	2 538	1	1
1 1332	2 538	1	1
3 1086	2 538	1	1
2 156	2 539	1	1
2 3308	2 539	1	1
0 4652	2 539	1	1
1 2921	2 539	1	1
1 2066	2 539	1	1
3 4533	2 539	1	1
2 3530	2 540	1	1
1 4300	2 540	1	1
1 2626	2 540	1	1
0 315	2 540	1	1
3 537	2 540	1	1
3 1275	2 540	1	1
2 1489	2 541	1	1
2 1908	2 541	1	1
2 4645	2 541	1	1
2 3201	2 541	1	1
0 2197	2 541	1	1
0 1881	2 541	1	1
2 320	2 542	1	1
2 3563	2 542	1	1
0 223	2 542	1	1
0 378	2 542	1	1
1 3019	2 542	1	1
3 3918	2 542	1	1
2 2000	2 543	1	1
2 1561	2 543	1	1
0 3279	2 543	1	1
0 3169	2 543	1	1
1 3232	2 543	1	1
3 2588	2 543	1	1
2 410	2 544	1	1
1 2064	2 544	1	1
3 2851	2 544	1	1
3 36	2 544	1	1
3 4878	2 544	1	1
0 2247	2 544	1	1
2 2893	2 545	1	1
2 4738	2 545	1	1
2 19	2 545	1	1
0 4299	2 545	1	1
3 2735	2 545	1	1
1 680	2 545	1	1
2 4464	2 546	1	1
2 2551	2 546	1	1
0 3422	2 546	1	1
1 2664	2 546	1	1
3 2692	2 546	1	1
1 2412	2 546	1	1
0 2348	2 547	1	1
0 1563	2 547	1	1
0 2466	2 547	1	1
1 3569	2 547	1	1
1 811	2 547	1	1
3 4631	2 547	1	1
0 3983	2 548	1	1
1 266	2 548	1	1
1 2987	2 548	1	1
1 684	2 548	1	1
1 3860	2 548	1	1
3 3928	2 548	1	1
2 931	2 549	1	1
0 1255	2 549	1	1
0 1443	2 549	1	1
0 3043	2 549	1	1
0 1824	2 549	1	1
3 3288	2 549	1	1
2 4838	2 550	1	1
2 3333	2 550	1	1
0 2995	2 550	1	1
1 940	2 550	1	1
3 3862	2 550	1	1
1 2486	2 550	1	1
2 3177	2 551	1	1
0 4918	2 551	1	1
0 937	2 551	1	1
3 2576	2 551	1	1
3 3194	2 551	1	1
0 793	2 551	1	1
2 3767	2 552	1	1
2 4187	2 552	1	1
0 3996	2 552	1	1
1 2033	2 552	1	1
1 249	2 552	1	1
3 2820	2 552	1	1
2 1913	2 553	1	1
2 3785	2 553	1	1
1 3923	2 553	1	1
3 2794	2 553	1	1
3 4975	2 553	1	1
1 1804	2 553	1	1
2 3012	2 554	1	1
2 1986	2 554	1	1
2 4148	2 554	1	1
0 3972	2 554	1	1
1 4253	2 554	1	1
3 83	2 554	1	1
2 1425	2 555	1	1
0 1507	2 555	1	1
0 3908	2 555	1	1
1 1604	2 555	1	1
3 2022	2 555	1	1
3 206	2 555	1	1
2 3347	2 556	1	1
2 1180	2 556	1	1
2 2365	2 556	1	1
2 327	2 556	1	1
3 1762	2 556	1	1
3 3248	2 556	1	1
2 2083	2 557	1	1
0 2295	2 557	1	1
1 2670	2 557	1	1
1 2892	2 557	1	1
1 3418	2 557	1	1
1 3454	2 557	1	1
2 1892	2 558	1	1
0 1259	2 558	1	1
3 207	2 558	1	1
3 428	2 558	1	1
3 4575	2 558	1	1
1 724	2 558	1	1
2 463	2 559	1	1
2 4566	2 559	1	1
2 1684	2 559	1	1
2 3065	2 559	1	1
1 2483	2 559	1	1
1 4303	2 559	1	1
0 795	2 560	1	1
1 191	2 560	1	1
1 4092	2 560	1	1
3 3271	2 560	1	1
0 1661	2 560	1	1
0 205	2 560	1	1
2 1949	2 561	1	1
2 704	2 561	1	1
0 1809	2 561	1	1
3 847	2 561	1	1
3 4976	2 561	1	1
1 177	2 561	1	1
0 4881	2 562	1	1
0 56	2 562	1	1
1 4163	2 562	1	1
1 552	2 562	1	1
1 3338	2 562	1	1
3 4981	2 562	1	1
2 2152	2 563	1	1
1 1361	2 563	1	1
1 1572	2 563	1	1
3 135	2 563	1	1
3 652	2 563	1	1
1 2565	2 563	1	1
2 1432	2 564	1	1
2 1427	2 564	1	1
1 4765	2 564	1	1
1 2812	2 564	1	1
3 617	2 564	1	1
1 3199	2 564	1	1
2 593	2 565	1	1
2 2460	2 565	1	1
0 3551	2 565	1	1
1 536	2 565	1	1
3 1917	2 565	1	1
3 42	2 565	1	1
2 4658	2 566	1	1
0 2619	2 566	1	1
0 4939	2 566	1	1
3 1166	2 566	1	1
3 2938	2 566	1	1
1 1528	2 566	1	1
2 1641	2 567	1	1
0 2425	2 567	1	1
1 2432	2 567	1	1
1 673	2 567	1	1
1 4945	2 567	1	1
1 2231	2 567	1	1
2 3462	2 568	1	1
2 115	2 568	1	1
0 3926	2 568	1	1
0 954	2 568	1	1
0 3191	2 568	1	1
1 2094	2 568	1	1
1 4657	2 569	1	1
1 834	2 569	1	1
3 3892	2 569	1	1
0 4412	2 569	1	1
1 2476	2 569	1	1
0 1631	2 569	1	1
2 2648	2 570	1	1
0 2816	2 570	1	1
0 2060	2 570	1	1
3 2078	2 570	1	1
1 4441	2 570	1	1
3 1944	2 570	1	1
2 2907	2 571	1	1
2 805	2 571	1	1
0 1251	2 571	1	1
0 4175	2 571	1	1
1 4639	2 571	1	1
3 2977	2 571	1	1
2 4994	2 572	1	1
2 2440	2 572	1	1
1 1394	2 572	1	1
1 3264	2 572	1	1
3 1238	2 572	1	1
0 2317	2 572	1	1
2 1015	2 573	1	1
0 3255	2 573	1	1
3 3832	2 573	1	1
3 3215	2 573	1	1
1 2181	2 573	1	1
3 1082	2 573	1	1
2 1	2 574	1	1
2 3954	2 574	1	1
2 4010	2 574	1	1
1 3178	2 574	1	1
1 1028	2 574	1	1
3 4074	2 574	1	1
2 1838	2 575	1	1
0 2244	2 575	1	1
1 4814	2 575	1	1
1 968	2 575	1	1
3 4730	2 575	1	1
3 534	2 575	1	1
2 753	2 576	1	1
0 1403	2 576	1	1
0 3728	2 576	1	1
1 4465	2 576	1	1
3 601	2 576	1	1
0 2380	2 576	1	1
2 2765	2 577	1	1
2 2579	2 577	1	1
0 23	2 577	1	1
1 2264	2 577	1	1
1 2232	2 577	1	1
3 1094	2 577	1	1
2 946	2 578	1	1
0 1086	2 578	1	1
0 147	2 578	1	1
0 4477	2 578	1	1
3 4186	2 578	1	1
1 4463	2 578	1	1
2 813	2 579	1	1
0 3849	2 579	1	1
1 348	2 579	1	1
1 2364	2 579	1	1
3 970	2 579	1	1
0 4686	2 579	1	1
2 3286	2 580	1	1
2 2265	2 580	1	1
0 414	2 580	1	1
0 4803	2 580	1	1
1 4512	2 580	1	1
3 4698	2 580	1	1
2 2079	2 581	1	1
2 1363	2 581	1	1
0 1630	2 581	1	1
0 884	2 581	1	1
3 4825	2 581	1	1
3 1155	2 581	1	1
2 2320	2 582	1	1
0 1628	2 582	1	1
0 4547	2 582	1	1
3 1353	2 582	1	1
3 2342	2 582	1	1
0 4371	2 582	1	1
0 2213	2 583	1	1
0 2222	2 583	1	1
3 546	2 583	1	1
3 1290	2 583	1	1
3 4879	2 583	1	1
3 4045	2 583	1	1
2 1240	2 584	1	1
0 3951	2 584	1	1
1 4725	2 584	1	1
3 314	2 584	1	1
3 3680	2 584	1	1
1 897	2 584	1	1
2 4607	2 585	1	1
1 4110	2 585	1	1
1 4090	2 585	1	1
3 510	2 585	1	1
3 3334	2 585	1	1
1 1545	2 585	1	1
2 3357	2 586	1	1
0 1156	2 586	1	1
3 4086	2 586	1	1
3 988	2 586	1	1
3 1881	2 586	1	1
1 4236	2 586	1	1
2 4424	2 587	1	1
0 557	2 587	1	1
0 879	2 587	1	1
1 3807	2 587	1	1
1 4862	2 587	1	1
0 621	2 587	1	1
2 1255	2 588	1	1
2 3552	2 588	1	1
1 4197	2 588	1	1
3 2892	2 588	1	1
3 3819	2 588	1	1
0 462	2 588	1	1
2 994	2 589	1	1
0 977	2 589	1	1
0 2705	2 589	1	1
3 3615	2 589	1	1
3 1327	2 589	1	1
0 892	2 589	1	1
2 3329	2 590	1	1
0 4623	2 590	1	1
1 699	2 590	1	1
3 3015	2 590	1	1
0 3370	2 590	1	1
3 2604	2 590	1	1
2 3117	2 591	1	1
2 2759	2 591	1	1
0 1196	2 591	1	1
1 576	2 591	1	1
3 2074	2 591	1	1
1 3358	2 591	1	1
2 2944	2 592	1	1
1 2533	2 592	1	1
1 2535	2 592	1	1
1 413	2 592	1	1
3 879	2 592	1	1
3 2671	2 592	1	1
2 1094	2 593	1	1
3 4317	2 593	1	1
3 4326	2 593	1	1
3 4411	2 593	1	1
0 1362	2 593	1	1
1 3176	2 593	1	1
2 3090	2 594	1	1
0 4917	2 594	1	1
1 727	2 594	1	1
1 228	2 594	1	1
1 4744	2 594	1	1
0 68	2 594	1	1
2 3420	2 595	1	1
0 3907	2 595	1	1
0 4237	2 595	1	1
1 1022	2 595	1	1
1 2798	2 595	1	1
1 2910	2 595	1	1
0 994	2 596	1	1
0 899	2 596	1	1
1 4610	2 596	1	1
3 3984	2 596	1	1
3 930	2 596	1	1
3 4714	2 596	1	1
2 4201	2 597	1	1
0 3479	2 597	1	1
0 1946	2 597	1	1
1 488	2 597	1	1
3 1337	2 597	1	1
3 4135	2 597	1	1
2 4795	2 598	1	1
2 37	2 598	1	1
0 4002	2 598	1	1
0 3500	2 598	1	1
1 1300	2 598	1	1
1 3485	2 598	1	1
2 4191	2 599	1	1
2 3388	2 599	1	1
0 83	2 599	1	1
1 1081	2 599	1	1
1 1512	2 599	1	1
1 3896	2 599	1	1
2 3735	2 600	1	1
0 329	2 600	1	1
1 3871	2 600	1	1
3 1248	2 600	1	1
3 430	2 600	1	1
3 1777	2 600	1	1
2 2450	2 601	1	1
0 2052	2 601	1	1
1 2713	2 601	1	1
3 2156	2 601	1	1
0 736	2 601	1	1
1 2009	2 601	1	1
2 3630	2 602	1	1
2 640	2 602	1	1
0 4091	2 602	1	1
0 1041	2 602	1	1
3 1998	2 602	1	1
3 4340	2 602	1	1
0 869	2 603	1	1
0 2232	2 603	1	1
3 2741	2 603	1	1
3 4739	2 603	1	1
3 3179	2 603	1	1
3 2410	2 603	1	1
2 2337	2 604	1	1
0 2821	2 604	1	1
0 765	2 604	1	1
3 1845	2 604	1	1
0 4278	2 604	1	1
3 666	2 604	1	1
2 3674	2 605	1	1
0 962	2 605	1	1
0 2284	2 605	1	1
0 4376	2 605	1	1
0 398	2 605	1	1
0 1337	2 605	1	1
2 664	2 606	1	1
2 1127	2 606	1	1
0 697	2 606	1	1
0 3173	2 606	1	1
0 4009	2 606	1	1
1 2778	2 606	1	1
2 4766	2 607	1	1
0 1022	2 607	1	1
0 1719	2 607	1	1
3 1940	2 607	1	1
3 1125	2 607	1	1
1 2630	2 607	1	1
2 2680	2 608	1	1
2 3380	2 608	1	1
0 1042	2 608	1	1
3 4201	2 608	1	1
0 4729	2 608	1	1
3 99	2 608	1	1
2 2602	2 609	1	1
2 4705	2 609	1	1
0 207	2 609	1	1
1 2705	2 609	1	1
1 1841	2 609	1	1
3 4613	2 609	1	1
2 1676	2 610	1	1
2 4647	2 610	1	1
2 1094	2 610	1	1
0 388	2 610	1	1
0 1181	2 610	1	1
1 586	2 610	1	1
2 2537	2 611	1	1
0 1697	2 611	1	1
1 4167	2 611	1	1
3 287	2 611	1	1
3 4572	2 611	1	1
0 4170	2 611	1	1
0 4180	2 612	1	1
0 4816	2 612	1	1
0 2938	2 612	1	1
1 1190	2 612	1	1
1 4446	2 612	1	1
3 1076	2 612	1	1
2 821	2 613	1	1
0 40	2 613	1	1
0 1719	2 613	1	1
1 605	2 613	1	1
1 338	2 613	1	1
1 54	2 613	1	1
2 3098	2 614	1	1
2 2400	2 614	1	1
2 57	2 614	1	1
0 3756	2 614	1	1
1 2768	2 614	1	1
3 2304	2 614	1	1
2 1991	2 615	1	1
2 1875	2 615	1	1
2 1862	2 615	1	1
2 2065	2 615	1	1
0 2628	2 615	1	1
0 1481	2 615	1	1
2 4680	2 616	1	1
2 2514	2 616	1	1
0 3962	2 616	1	1
0 4085	2 616	1	1
3 3029	2 616	1	1
3 2424	2 616	1	1
2 2736	2 617	1	1
2 3238	2 617	1	1
0 711	2 617	1	1
0 2562	2 617	1	1
1 4305	2 617	1	1
3 1665	2 617	1	1
2 4034	2 618	1	1
2 609	2 618	1	1
1 1928	2 618	1	1
1 3887	2 618	1	1
3 18	2 618	1	1
1 2783	2 618	1	1
2 4351	2 619	1	1
0 1202	2 619	1	1
1 3376	2 619	1	1
1 2527	2 619	1	1
3 1030	2 619	1	1
3 1269	2 619	1	1
2 3820	2 620	1	1
0 4720	2 620	1	1
1 3493	2 620	1	1
3 2489	2 620	1	1
3 3887	2 620	1	1
3 3540	2 620	1	1
2 3446	2 621	1	1
0 2207	2 621	1	1
0 3143	2 621	1	1
3 2944	2 621	1	1
3 803	2 621	1	1
0 4259	2 621	1	1
0 1991	2 622	1	1
0 1206	2 622	1	1
0 4912	2 622	1	1
0 3678	2 622	1	1
1 621	2 622	1	1
1 3123	2 622	1	1
2 2425	2 623	1	1
2 199	2 623	1	1
0 3106	2 623	1	1
0 2769	2 623	1	1
1 4226	2 623	1	1
3 3026	2 623	1	1
0 3077	2 624	1	1
0 398	2 624	1	1
1 3002	2 624	1	1
3 1437	2 624	1	1
3 1983	2 624	1	1
1 3875	2 624	1	1
2 4753	2 625	1	1
0 4518	2 625	1	1
0 2217	2 625	1	1
0 2350	2 625	1	1
1 3909	2 625	1	1
3 1281	2 625	1	1
2 1227	2 626	1	1
2 2316	2 626	1	1
2 2886	2 626	1	1
0 849	2 626	1	1
3 902	2 626	1	1
1 4808	2 626	1	1
0 3646	2 627	1	1
0 2527	2 627	1	1
0 494	2 627	1	1
3 1111	2 627	1	1
3 2079	2 627	1	1
3 1221	2 627	1	1
2 105	2 628	1	1
0 548	2 628	1	1
0 4658	2 628	1	1
1 4874	2 628	1	1
3 4224	2 628	1	1
3 4723	2 628	1	1
2 2809	2 629	1	1
0 1945	2 629	1	1
1 3875	2 629	1	1
1 249	2 629	1	1
1 3084	2 629	1	1
3 1521	2 629	1	1
2 1422	2 630	1	1
0 3691	2 630	1	1
1 3273	2 630	1	1
1 3062	2 630	1	1
1 2121	2 630	1	1
1 1318	2 630	1	1
2 808	2 631	1	1
2 4128	2 631	1	1
1 3435	2 631	1	1
1 2675	2 631	1	1
1 1147	2 631	1	1
1 2446	2 631	1	1
2 3	2 632	1	1
0 3190	2 632	1	1
0 3513	2 632	1	1
1 1627	2 632	1	1
1 666	2 632	1	1
3 3594	2 632	1	1
2 1874	2 633	1	1
2 2682	2 633	1	1
2 3128	2 633	1	1
0 2704	2 633	1	1
0 2443	2 633	1	1
1 1892	2 633	1	1
2 1114	2 634	1	1
0 1957	2 634	1	1
1 2911	2 634	1	1
1 1236	2 634	1	1
3 4237	2 634	1	1
3 1656	2 634	1	1
0 1132	2 635	1	1
0 587	2 635	1	1
1 4740	2 635	1	1
3 4729	2 635	1	1
3 732	2 635	1	1
3 2251	2 635	1	1
1 2623	2 636	1	1
1 3210	2 636	1	1
1 2240	2 636	1	1
3 1142	2 636	1	1
3 3289	2 636	1	1
3 2699	2 636	1	1
0 3853	2 637	1	1
1 3706	2 637	1	1
3 3791	2 637	1	1
3 4424	2 637	1	1
3 1323	2 637	1	1
3 1018	2 637	1	1
2 1034	2 638	1	1
2 990	2 638	1	1
0 1873	2 638	1	1
0 4608	2 638	1	1
1 1159	2 638	1	1
1 1801	2 638	1	1
2 2074	2 639	1	1
2 3495	2 639	1	1
2 1073	2 639	1	1
0 1675	2 639	1	1
1 3708	2 639	1	1
3 501	2 639	1	1
2 2719	2 640	1	1
0 4482	2 640	1	1
1 2254	2 640	1	1
1 3092	2 640	1	1
1 3449	2 640	1	1
3 3487	2 640	1	1
2 2372	2 641	1	1
2 2154	2 641	1	1
2 1023	2 641	1	1
1 1187	2 641	1	1
3 784	2 641	1	1
0 1589	2 641	1	1
2 2594	2 642	1	1
2 4541	2 642	1	1
0 4689	2 642	1	1
1 1793	2 642	1	1
1 4153	2 642	1	1
1 3195	2 642	1	1
2 91	2 643	1	1
1 277	2 643	1	1
1 3659	2 643	1	1
3 883	2 643	1	1
3 2770	2 643	1	1
3 215	2 643	1	1
2 4873	2 644	1	1
0 1889	2 644	1	1
1 3179	2 644	1	1
1 2409	2 644	1	1
3 103	2 644	1	1
1 3225	2 644	1	1
2 2594	2 645	1	1
2 4887	2 645	1	1
2 4806	2 645	1	1
3 3849	2 645	1	1
3 2498	2 645	1	1
3 3035	2 645	1	1
0 1682	2 646	1	1
1 995	2 646	1	1
3 2557	2 646	1	1
3 155	2 646	1	1
3 4587	2 646	1	1
0 1383	2 646	1	1
2 3966	2 647	1	1
2 2865	2 647	1	1
0 697	2 647	1	1
1 2445	2 647	1	1
1 780	2 647	1	1
3 657	2 647	1	1
2 3688	2 648	1	1
2 2793	2 648	1	1
0 3911	2 648	1	1
1 2655	2 648	1	1
3 3744	2 648	1	1
0 3690	2 648	1	1
2 3085	2 649	1	1
2 81	2 649	1	1
2 2096	2 649	1	1
0 1594	2 649	1	1
3 1898	2 649	1	1
1 744	2 649	1	1
2 3191	2 650	1	1
2 3629	2 650	1	1
0 1775	2 650	1	1
1 1093	2 650	1	1
1 937	2 650	1	1
3 21	2 650	1	1
2 2410	2 651	1	1
2 1785	2 651	1	1
0 4250	2 651	1	1
0 1287	2 651	1	1
3 736	2 651	1	1
3 1809	2 651	1	1
2 1966	2 652	1	1
2 1921	2 652	1	1
0 3606	2 652	1	1
1 663	2 652	1	1
3 3898	2 652	1	1
3 4053	2 652	1	1
2 1887	2 653	1	1
0 570	2 653	1	1
0 4195	2 653	1	1
3 2505	2 653	1	1
3 2686	2 653	1	1
3 4184	2 653	1	1
0 1147	2 654	1	1
0 232	2 654	1	1
1 341	2 654	1	1
1 134	2 654	1	1
3 1449	2 654	1	1
3 1475	2 654	1	1
2 1215	2 655	1	1
0 4156	2 655	1	1
0 4715	2 655	1	1
1 518	2 655	1	1
3 326	2 655	1	1
3 488	2 655	1	1
2 2018	2 656	1	1
2 3778	2 656	1	1
0 3185	2 656	1	1
1 3807	2 656	1	1
0 2192	2 656	1	1
1 4624	2 656	1	1
2 936	2 657	1	1
0 3651	2 657	1	1
1 2289	2 657	1	1
1 3580	2 657	1	1
1 3278	2 657	1	1
1 2233	2 657	1	1
2 4483	2 658	1	1
2 828	2 658	1	1
1 770	2 658	1	1
3 729	2 658	1	1
3 164	2 658	1	1
3 4373	2 658	1	1
2 2871	2 659	1	1
2 1879	2 659	1	1
0 410	2 659	1	1
0 2522	2 659	1	1
1 1518	2 659	1	1
3 223	2 659	1	1
2 2590	2 660	1	1
0 930	2 660	1	1
1 3749	2 660	1	1
3 1434	2 660	1	1
3 1616	2 660	1	1
3 843	2 660	1	1
2 4552	2 661	1	1
2 2866	2 661	1	1
2 2580	2 661	1	1
0 1564	2 661	1	1
0 1648	2 661	1	1
3 753	2 661	1	1
0 4202	2 662	1	1
0 4054	2 662	1	1
3 2298	2 662	1	1
3 3679	2 662	1	1
3 2467	2 662	1	1
1 1878	2 662	1	1
2 2962	2 663	1	1
0 3064	2 663	1	1
0 1534	2 663	1	1
1 790	2 663	1	1
1 2025	2 663	1	1
3 3155	2 663	1	1
2 3804	2 664	1	1
1 3616	2 664	1	1
1 3238	2 664	1	1
3 1931	2 664	1	1
3 400	2 664	1	1
3 4694	2 664	1	1
2 2143	2 665	1	1
0 2221	2 665	1	1
1 4461	2 665	1	1
3 2875	2 665	1	1
0 3254	2 665	1	1
3 3781	2 665	1	1
2 146	2 666	1	1
2 4106	2 666	1	1
2 643	2 666	1	1
0 2663	2 666	1	1
3 1520	2 666	1	1
1 14	2 666	1	1
2 3578	2 667	1	1
0 4715	2 667	1	1
1 3547	2 667	1	1
1 2986	2 667	1	1
3 3914	2 667	1	1
3 4551	2 667	1	1
0 3074	2 668	1	1
1 116	2 668	1	1
1 1040	2 668	1	1
3 1937	2 668	1	1
3 1165	2 668	1	1
3 46	2 668	1	1
2 3233	2 669	1	1
1 1011	2 669	1	1
1 4700	2 669	1	1
1 795	2 669	1	1
3 2761	2 669	1	1
3 3969	2 669	1	1
2 1973	2 670	1	1
2 4305	2 670	1	1
1 1643	2 670	1	1
1 23	2 670	1	1
3 1059	2 670	1	1
3 788	2 670	1	1
0 1208	2 671	1	1
1 43	2 671	1	1
3 3220	2 671	1	1
3 995	2 671	1	1
3 171	2 671	1	1
3 4174	2 671	1	1
2 4006	2 672	1	1
2 1733	2 672	1	1
1 1781	2 672	1	1
1 4717	2 672	1	1
3 2464	2 672	1	1
3 4042	2 672	1	1
0 3911	2 673	1	1
0 4115	2 673	1	1
1 3122	2 673	1	1
1 66	2 673	1	1
3 4801	2 673	1	1
3 1093	2 673	1	1
2 2295	2 674	1	1
0 2744	2 674	1	1
3 2389	2 674	1	1
3 1065	2 674	1	1
3 623	2 674	1	1
0 957	2 674	1	1
2 722	2 675	1	1
0 4130	2 675	1	1
0 2213	2 675	1	1
1 4526	2 675	1	1
3 3386	2 675	1	1
1 149	2 675	1	1
0 2050	2 676	1	1
1 3181	2 676	1	1
3 3607	2 676	1	1
3 3507	2 676	1	1
0 1173	2 676	1	1
1 1252	2 676	1	1
2 1531	2 677	1	1
2 4633	2 677	1	1
0 4148	2 677	1	1
1 1953	2 677	1	1
1 1938	2 677	1	1
1 2196	2 677	1	1
2 3494	2 678	1	1
2 3292	2 678	1	1
2 269	2 678	1	1
0 1428	2 678	1	1
1 3541	2 678	1	1
0 2319	2 678	1	1
2 1332	2 679	1	1
2 2473	2 679	1	1
0 2977	2 679	1	1
1 1940	2 679	1	1
3 3469	2 679	1	1
3 1739	2 679	1	1
0 1231	2 680	1	1
0 1026	2 680	1	1
1 2815	2 680	1	1
1 2338	2 680	1	1
1 2587	2 680	1	1
3 1207	2 680	1	1
2 2941	2 681	1	1
0 2462	2 681	1	1
1 2280	2 681	1	1
1 752	2 681	1	1
3 659	2 681	1	1
3 3173	2 681	1	1
2 3591	2 682	1	1
2 642	2 682	1	1
3 3009	2 682	1	1
3 1715	2 682	1	1
3 2009	2 682	1	1
1 852	2 682	1	1
2 2229	2 683	1	1
0 4382	2 683	1	1
0 4644	2 683	1	1
1 1158	2 683	1	1
3 2069	2 683	1	1
3 3968	2 683	1	1
2 1634	2 684	1	1
2 4857	2 684	1	1
0 4060	2 684	1	1
1 4679	2 684	1	1
3 1571	2 684	1	1
0 1885	2 684	1	1
0 1842	2 685	1	1
0 3266	2 685	1	1
1 2003	2 685	1	1
1 4356	2 685	1	1
1 921	2 685	1	1
3 4059	2 685	1	1
2 4396	2 686	1	1
0 669	2 686	1	1
1 2593	2 686	1	1
3 4583	2 686	1	1
3 1537	2 686	1	1
3 798	2 686	1	1
2 4438	2 687	1	1
2 1342	2 687	1	1
0 4589	2 687	1	1
0 386	2 687	1	1
3 2415	2 687	1	1
0 1897	2 687	1	1
0 2771	2 688	1	1
0 2038	2 688	1	1
1 3043	2 688	1	1
1 4727	2 688	1	1
1 891	2 688	1	1
1 1502	2 688	1	1
0 2173	2 689	1	1
0 4033	2 689	1	1
0 4282	2 689	1	1
1 3835	2 689	1	1
1 645	2 689	1	1
3 3677	2 689	1	1
2 1735	2 690	1	1
2 4272	2 690	1	1
0 3647	2 690	1	1
1 1560	2 690	1	1
3 1211	2 690	1	1
1 3958	2 690	1	1
0 4322	2 691	1	1
1 602	2 691	1	1
3 4000	2 691	1	1
0 4493	2 691	1	1
0 493	2 691	1	1
1 4381	2 691	1	1
2 3059	2 692	1	1
2 3520	2 692	1	1
1 18	2 692	1	1
3 1545	2 692	1	1
3 4431	2 692	1	1
3 2908	2 692	1	1
2 4500	2 693	1	1
2 1690	2 693	1	1
2 1391	2 693	1	1
2 4862	2 693	1	1
3 1744	2 693	1	1
3 4087	2 693	1	1
0 3416	2 694	1	1
0 1936	2 694	1	1
3 1413	2 694	1	1
0 596	2 694	1	1
1 663	2 694	1	1
0 617	2 694	1	1
2 676	2 695	1	1
1 1688	2 695	1	1
1 2057	2 695	1	1
3 3933	2 695	1	1
1 2736	2 695	1	1
3 365	2 695	1	1
2 3981	2 696	1	1
0 4434	2 696	1	1
3 1228	2 696	1	1
3 63	2 696	1	1
3 2118	2 696	1	1
3 2728	2 696	1	1
2 4524	2 697	1	1
2 3135	2 697	1	1
0 2481	2 697	1	1
1 1112	2 697	1	1
3 2560	2 697	1	1
3 1374	2 697	1	1
2 214	2 698	1	1
2 2615	2 698	1	1
1 2448	2 698	1	1
1 4553	2 698	1	1
3 1457	2 698	1	1
1 1227	2 698	1	1
2 675	2 699	1	1
2 3423	2 699	1	1
2 763	2 699	1	1
2 2158	2 699	1	1
3 3816	2 699	1	1
1 3865	2 699	1	1
2 2803	2 700	1	1
2 2143	2 700	1	1
0 1111	2 700	1	1
1 1946	2 700	1	1
1 1092	2 700	1	1
1 2920	2 700	1	1
0 4859	2 701	1	1
0 305	2 701	1	1
1 3477	2 701	1	1
3 2898	2 701	1	1
3 7	2 701	1	1
0 1862	2 701	1	1
2 2131	2 702	1	1
2 3000	2 702	1	1
0 4769	2 702	1	1
0 30	2 702	1	1
1 9	2 702	1	1
1 1552	2 702	1	1
2 2933	2 703	1	1
0 261	2 703	1	1
0 1219	2 703	1	1
1 4262	2 703	1	1
3 2418	2 703	1	1
0 1197	2 703	1	1
2 133	2 704	1	1
2 4741	2 704	1	1
0 3340	2 704	1	1
3 872	2 704	1	1
0 2317	2 704	1	1
1 4591	2 704	1	1
0 1375	2 705	1	1
0 2700	2 705	1	1
1 4112	2 705	1	1
3 2774	2 705	1	1
3 1990	2 705	1	1
3 4333	2 705	1	1
0 1449	2 706	1	1
0 3315	2 706	1	1
1 379	2 706	1	1
1 2675	2 706	1	1
3 1787	2 706	1	1
1 1113	2 706	1	1
2 2812	2 707	1	1
2 1031	2 707	1	1
0 2953	2 707	1	1
1 3296	2 707	1	1
3 3574	2 707	1	1
0 4597	2 707	1	1
2 3970	2 708	1	1
0 4734	2 708	1	1
1 1192	2 708	1	1
1 297	2 708	1	1
0 1508	2 708	1	1
1 4836	2 708	1	1
2 2779	2 709	1	1
2 4354	2 709	1	1
0 1565	2 709	1	1
1 499	2 709	1	1
3 2204	2 709	1	1
0 1974	2 709	1	1
2 437	2 710	1	1
2 1865	2 710	1	1
2 516	2 710	1	1
2 4845	2 710	1	1
0 4403	2 710	1	1
3 4504	2 710	1	1
2 3603	2 711	1	1
2 2600	2 711	1	1
1 1909	2 711	1	1
3 1901	2 711	1	1
1 281	2 711	1	1
3 2883	2 711	1	1
2 773	2 712	1	1
0 1354	2 712	1	1
1 462	2 712	1	1
1 1070	2 712	1	1
3 4520	2 712	1	1
3 68	2 712	1	1
2 918	2 713	1	1
2 2829	2 713	1	1
2 2781	2 713	1	1
2 2613	2 713	1	1
0 885	2 713	1	1
1 299	2 713	1	1
2 3849	2 714	1	1
0 1443	2 714	1	1
1 1512	2 714	1	1
3 1632	2 714	1	1
3 1448	2 714	1	1
3 71	2 714	1	1
2 4803	2 715	1	1
2 2832	2 715	1	1
0 818	2 715	1	1
0 2376	2 715	1	1
3 4928	2 715	1	1
0 4853	2 715	1	1
1 1335	2 716	1	1
1 4504	2 716	1	1
1 2956	2 716	1	1
3 2474	2 716	1	1
3 4438	2 716	1	1
3 2230	2 716	1	1
2 573	2 717	1	1
1 851	2 717	1	1
3 1406	2 717	1	1
3 4963	2 717	1	1
3 4413	2 717	1	1
3 3648	2 717	1	1
2 536	2 718	1	1
2 3769	2 718	1	1
2 3188	2 718	1	1
0 3386	2 718	1	1
3 2727	2 718	1	1
3 3679	2 718	1	1
2 2242	2 719	1	1
0 4924	2 719	1	1
0 4109	2 719	1	1
1 734	2 719	1	1
3 3141	2 719	1	1
3 1082	2 719	1	1
2 2627	2 720	1	1
0 2049	2 720	1	1
1 2562	2 720	1	1
0 3327	2 720	1	1
3 3108	2 720	1	1
1 4162	2 720	1	1
2 1554	2 721	1	1
2 1776	2 721	1	1
0 3761	2 721	1	1
1 4642	2 721	1	1
3 602	2 721	1	1
3 1095	2 721	1	1
0 976	2 722	1	1
1 812	2 722	1	1
3 2924	2 722	1	1
3 456	2 722	1	1
3 3440	2 722	1	1
0 3353	2 722	1	1
2 4622	2 723	1	1
0 3509	2 723	1	1
0 1241	2 723	1	1
3 746	2 723	1	1
3 2384	2 723	1	1
1 2661	2 723	1	1
2 2234	2 724	1	1
2 4750	2 724	1	1
0 2817	2 724	1	1
0 3174	2 724	1	1
1 3954	2 724	1	1
1 3716	2 724	1	1
2 1372	2 725	1	1
2 154	2 725	1	1
2 2263	2 725	1	1
2 4592	2 725	1	1
2 1128	2 725	1	1
0 2795	2 725	1	1
2 873	2 726	1	1
2 1437	2 726	1	1
0 4461	2 726	1	1
1 3649	2 726	1	1
3 2833	2 726	1	1
3 3180	2 726	1	1
2 68	2 727	1	1
0 468	2 727	1	1
0 3947	2 727	1	1
0 3887	2 727	1	1
3 2202	2 727	1	1
3 1269	2 727	1	1
2 4985	2 728	1	1
0 4339	2 728	1	1
0 2024	2 728	1	1
1 1028	2 728	1	1
1 1161	2 728	1	1
3 1942	2 728	1	1
2 2566	2 729	1	1
2 2568	2 729	1	1
1 1165	2 729	1	1
1 2946	2 729	1	1
3 2434	2 729	1	1
1 2161	2 729	1	1
0 1938	2 730	1	1
1 1300	2 730	1	1
3 2577	2 730	1	1
3 1095	2 730	1	1
3 1470	2 730	1	1
0 3965	2 730	1	1
0 133	2 731	1	1
0 4359	2 731	1	1
1 2781	2 731	1	1
3 4330	2 731	1	1
3 80	2 731	1	1
3 868	2 731	1	1
2 4843	2 732	1	1
2 1285	2 732	1	1
2 2894	2 732	1	1
1 2903	2 732	1	1
3 1485	2 732	1	1
3 2352	2 732	1	1
2 86	2 733	1	1
0 4648	2 733	1	1
0 1019	2 733	1	1
1 3228	2 733	1	1
3 3733	2 733	1	1
3 2765	2 733	1	1
0 4956	2 734	1	1
1 2813	2 734	1	1
1 2605	2 734	1	1
3 4425	2 734	1	1
3 2495	2 734	1	1
0 2530	2 734	1	1
2 1571	2 735	1	1
2 3497	2 735	1	1
2 328	2 735	1	1
1 3012	2 735	1	1
3 592	2 735	1	1
3 2613	2 735	1	1
2 450	2 736	1	1
2 2683	2 736	1	1
0 3066	2 736	1	1
1 1721	2 736	1	1
1 532	2 736	1	1
0 1411	2 736	1	1
2 431	2 737	1	1
0 122	2 737	1	1
1 1841	2 737	1	1
1 2976	2 737	1	1
1 4654	2 737	1	1
3 4721	2 737	1	1
0 1120	2 738	1	1
0 2761	2 738	1	1
0 2646	2 738	1	1
1 4397	2 738	1	1
3 3640	2 738	1	1
1 1092	2 738	1	1
2 433	2 739	1	1
2 1347	2 739	1	1
2 748	2 739	1	1
2 1851	2 739	1	1
3 2171	2 739	1	1
0 2969	2 739	1	1
0 2980	2 740	1	1
0 3652	2 740	1	1
0 4927	2 740	1	1
3 3480	2 740	1	1
3 969	2 740	1	1
0 724	2 740	1	1
0 35	2 741	1	1
0 1579	2 741	1	1
0 2655	2 741	1	1
1 4618	2 741	1	1
3 4485	2 741	1	1
3 398	2 741	1	1
2 3628	2 742	1	1
1 592	2 742	1	1
3 3490	2 742	1	1
3 2477	2 742	1	1
0 115	2 742	1	1
3 1318	2 742	1	1
2 3852	2 743	1	1
2 604	2 743	1	1
0 3786	2 743	1	1
1 1389	2 743	1	1
1 3050	2 743	1	1
1 167	2 743	1	1
3 506	2 744	1	1
3 3386	2 744	1	1
3 4762	2 744	1	1
3 2117	2 744	1	1
3 1447	2 744	1	1
0 1301	2 744	1	1
2 2446	2 745	1	1
0 648	2 745	1	1
0 4727	2 745	1	1
1 1901	2 745	1	1
3 3441	2 745	1	1
3 4370	2 745	1	1
2 3413	2 746	1	1
2 93	2 746	1	1
2 3194	2 746	1	1
0 3892	2 746	1	1
3 3860	2 746	1	1
3 514	2 746	1	1
2 3341	2 747	1	1
0 371	2 747	1	1
1 3721	2 747	1	1
1 4500	2 747	1	1
3 936	2 747	1	1
3 2967	2 747	1	1
2 2080	2 748	1	1
0 3613	2 748	1	1
1 3353	2 748	1	1
3 891	2 748	1	1
3 440	2 748	1	1
3 326	2 748	1	1
2 3734	2 749	1	1
2 3551	2 749	1	1
2 2406	2 749	1	1
0 321	2 749	1	1
0 570	2 749	1	1
0 4886	2 749	1	1
0 2991	2 750	1	1
1 2572	2 750	1	1
3 1114	2 750	1	1
3 3064	2 750	1	1
0 4953	2 750	1	1
0 4978	2 750	1	1
2 4817	2 751	1	1
0 520	2 751	1	1
1 569	2 751	1	1
1 1743	2 751	1	1
0 1040	2 751	1	1
0 4145	2 751	1	1
2 2770	2 752	1	1
2 1515	2 752	1	1
1 987	2 752	1	1
1 4554	2 752	1	1
3 1955	2 752	1	1
3 750	2 752	1	1
2 2788	2 753	1	1
2 1906	2 753	1	1
2 4319	2 753	1	1
0 1540	2 753	1	1
1 4671	2 753	1	1
3 878	2 753	1	1
2 2632	2 754	1	1
2 1888	2 754	1	1
0 3445	2 754	1	1
1 4319	2 754	1	1
0 2830	2 754	1	1
1 3950	2 754	1	1
2 1488	2 755	1	1
2 2503	2 755	1	1
0 3115	2 755	1	1
0 1315	2 755	1	1
0 4634	2 755	1	1
1 3615	2 755	1	1
2 2025	2 756	1	1
2 3285	2 756	1	1
2 1534	2 756	1	1
0 2211	2 756	1	1
1 4738	2 756	1	1
1 2652	2 756	1	1
2 2580	2 757	1	1
2 524	2 757	1	1
2 2945	2 757	1	1
0 4334	2 757	1	1
3 1780	2 757	1	1
1 3800	2 757	1	1
2 4662	2 758	1	1
0 2679	2 758	1	1
0 2160	2 758	1	1
0 515	2 758	1	1
0 3203	2 758	1	1
3 1151	2 758	1	1
2 150	2 759	1	1
1 703	2 759	1	1
3 860	2 759	1	1
3 2882	2 759	1	1
3 3971	2 759	1	1
3 4059	2 759	1	1
2 385	2 760	1	1
2 1536	2 760	1	1
0 1082	2 760	1	1
1 4612	2 760	1	1
3 146	2 760	1	1
0 4210	2 760	1	1
2 1370	2 761	1	1
0 1144	2 761	1	1
3 4917	2 761	1	1
3 1246	2 761	1	1
3 4605	2 761	1	1
1 915	2 761	1	1
2 978	2 762	1	1
2 2556	2 762	1	1
2 1430	2 762	1	1
2 4259	2 762	1	1
0 3333	2 762	1	1
3 553	2 762	1	1
2 4326	2 763	1	1
0 1692	2 763	1	1
1 2609	2 763	1	1
1 1842	2 763	1	1
3 58	2 763	1	1
3 856	2 763	1	1
2 1695	2 764	1	1
0 3779	2 764	1	1
1 4384	2 764	1	1
1 3123	2 764	1	1
3 1810	2 764	1	1
3 3225	2 764	1	1
2 4438	2 765	1	1
2 3091	2 765	1	1
2 3165	2 765	1	1
0 4261	2 765	1	1
1 4060	2 765	1	1
3 1453	2 765	1	1
2 4077	2 766	1	1
2 1153	2 766	1	1
2 4285	2 766	1	1
2 4734	2 766	1	1
0 4400	2 766	1	1
3 2253	2 766	1	1
2 1219	2 767	1	1
2 3067	2 767	1	1
0 3472	2 767	1	1
0 3223	2 767	1	1
1 951	2 767	1	1
1 2692	2 767	1	1
2 219	2 768	1	1
2 936	2 768	1	1
0 2258	2 768	1	1
0 3340	2 768	1	1
1 257	2 768	1	1
1 3799	2 768	1	1
2 4349	2 769	1	1
0 3739	2 769	1	1
0 2290	2 769	1	1
0 870	2 769	1	1
0 1428	2 769	1	1
3 4424	2 769	1	1
1 70	2 770	1	1
1 378	2 770	1	1
1 631	2 770	1	1
1 561	2 770	1	1
3 3570	2 770	1	1
1 332	2 770	1	1
2 2756	2 771	1	1
2 4489	2 771	1	1
0 1696	2 771	1	1
0 2131	2 771	1	1
1 3500	2 771	1	1
0 961	2 771	1	1
2 4301	2 772	1	1
0 2844	2 772	1	1
0 1214	2 772	1	1
1 2358	2 772	1	1
3 814	2 772	1	1
3 2637	2 772	1	1
0 740	2 773	1	1
0 4094	2 773	1	1
1 1286	2 773	1	1
3 3728	2 773	1	1
0 381	2 773	1	1
3 1349	2 773	1	1
2 1162	2 774	1	1
0 1932	2 774	1	1
1 2052	2 774	1	1
1 149	2 774	1	1
1 2556	2 774	1	1
3 4274	2 774	1	1
2 2287	2 775	1	1
0 328	2 775	1	1
1 498	2 775	1	1
3 652	2 775	1	1
3 482	2 775	1	1
0 324	2 775	1	1
2 3619	2 776	1	1
2 3747	2 776	1	1
2 1007	2 776	1	1
1 1766	2 776	1	1
3 2843	2 776	1	1
0 843	2 776	1	1
2 1399	2 777	1	1
2 557	2 777	1	1
2 1148	2 777	1	1
3 3335	2 777	1	1
0 3731	2 777	1	1
1 1123	2 777	1	1
0 2824	2 778	1	1
0 4726	2 778	1	1
1 3514	2 778	1	1
1 1648	2 778	1	1
3 3683	2 778	1	1
1 1369	2 778	1	1
2 2281	2 779	1	1
0 907	2 779	1	1
1 1571	2 779	1	1
1 122	2 779	1	1
1 2078	2 779	1	1
3 1232	2 779	1	1
2 2270	2 780	1	1
2 4094	2 780	1	1
2 270	2 780	1	1
0 1744	2 780	1	1
3 2332	2 780	1	1
3 4339	2 780	1	1
0 4499	2 781	1	1
0 988	2 781	1	1
3 501	2 781	1	1
3 3753	2 781	1	1
0 1427	2 781	1	1
3 3297	2 781	1	1
0 153	2 782	1	1
1 2246	2 782	1	1
3 4608	2 782	1	1
3 3258	2 782	1	1
0 219	2 782	1	1
3 2748	2 782	1	1
2 3323	2 783	1	1
2 894	2 783	1	1
2 26	2 783	1	1
0 4781	2 783	1	1
1 2091	2 783	1	1
1 4601	2 783	1	1
2 816	2 784	1	1
2 143	2 784	1	1
2 1080	2 784	1	1
0 123	2 784	1	1
1 2935	2 784	1	1
1 2534	2 784	1	1
0 824	2 785	1	1
0 1256	2 785	1	1
0 3205	2 785	1	1
1 9	2 785	1	1
1 3527	2 785	1	1
3 489	2 785	1	1
2 2296	2 786	1	1
2 2528	2 786	1	1
0 2928	2 786	1	1
0 562	2 786	1	1
3 3068	2 786	1	1
3 4574	2 786	1	1
0 2718	2 787	1	1
1 2469	2 787	1	1
1 1115	2 787	1	1
1 318	2 787	1	1
3 3776	2 787	1	1
3 4480	2 787	1	1
2 4517	2 788	1	1
0 299	2 788	1	1
0 2324	2 788	1	1
1 1489	2 788	1	1
3 122	2 788	1	1
1 2115	2 788	1	1
2 1284	2 789	1	1
0 328	2 789	1	1
0 3194	2 789	1	1
1 4155	2 789	1	1
3 806	2 789	1	1
3 2660	2 789	1	1
2 1035	2 790	1	1
2 4362	2 790	1	1
0 1000	2 790	1	1
1 2927	2 790	1	1
1 1541	2 790	1	1
3 3470	2 790	1	1
2 4469	2 791	1	1
2 1112	2 791	1	1
0 1195	2 791	1	1
3 2279	2 791	1	1
3 4009	2 791	1	1
3 3275	2 791	1	1
2 4544	2 792	1	1
2 147	2 792	1	1
2 1575	2 792	1	1
0 3742	2 792	1	1
3 3524	2 792	1	1
3 1259	2 792	1	1
2 58	2 793	1	1
2 1797	2 793	1	1
2 952	2 793	1	1
2 2815	2 793	1	1
0 1505	2 793	1	1
0 2200	2 793	1	1
2 2992	2 794	1	1
2 2404	2 794	1	1
0 3918	2 794	1	1
1 4295	2 794	1	1
0 1026	2 794	1	1
0 4949	2 794	1	1
0 1362	2 795	1	1
0 2865	2 795	1	1
1 3772	2 795	1	1
1 3850	2 795	1	1
3 54	2 795	1	1
3 1915	2 795	1	1
2 743	2 796	1	1
2 2121	2 796	1	1
2 4534	2 796	1	1
0 2457	2 796	1	1
1 3632	2 796	1	1
1 4859	2 796	1	1
2 397	2 797	1	1
0 4040	2 797	1	1
0 9	2 797	1	1
1 1828	2 797	1	1
3 4131	2 797	1	1
1 2941	2 797	1	1
2 3765	2 798	1	1
0 1285	2 798	1	1
0 2600	2 798	1	1
0 4868	2 798	1	1
3 1935	2 798	1	1
3 293	2 798	1	1
2 4834	2 799	1	1
2 3495	2 799	1	1
0 2448	2 799	1	1
0 3593	2 799	1	1
1 700	2 799	1	1
1 2627	2 799	1	1
2 2144	2 800	1	1
2 3030	2 800	1	1
2 4495	2 800	1	1
3 1523	2 800	1	1
3 3314	2 800	1	1
3 221	2 800	1	1
0 1617	2 801	1	1
1 1092	2 801	1	1
3 2609	2 801	1	1
3 3809	2 801	1	1
0 4217	2 801	1	1
3 1270	2 801	1	1
1 4628	2 802	1	1
1 3674	2 802	1	1
3 4975	2 802	1	1
3 836	2 802	1	1
3 4042	2 802	1	1
3 4253	2 802	1	1
2 3717	2 803	1	1
2 2175	2 803	1	1
1 4252	2 803	1	1
3 1168	2 803	1	1
3 4088	2 803	1	1
0 231	2 803	1	1
2 521	2 804	1	1
2 653	2 804	1	1
0 3332	2 804	1	1
3 608	2 804	1	1
3 3216	2 804	1	1
0 2798	2 804	1	1
2 3055	2 805	1	1
0 2728	2 805	1	1
1 4458	2 805	1	1
1 2187	2 805	1	1
3 2762	2 805	1	1
1 199	2 805	1	1
2 3453	2 806	1	1
2 2357	2 806	1	1
2 1555	2 806	1	1
0 4932	2 806	1	1
0 3344	2 806	1	1
0 2618	2 806	1	1
2 2600	2 807	1	1
2 1014	2 807	1	1
0 3164	2 807	1	1
0 4803	2 807	1	1
3 4075	2 807	1	1
3 1991	2 807	1	1
0 4934	2 808	1	1
0 3318	2 808	1	1
1 4254	2 808	1	1
1 4763	2 808	1	1
1 4642	2 808	1	1
3 2066	2 808	1	1
0 3732	2 809	1	1
0 3302	2 809	1	1
3 3778	2 809	1	1
3 3931	2 809	1	1
3 3153	2 809	1	1
3 2362	2 809	1	1
0 1343	2 810	1	1
0 1617	2 810	1	1
0 3798	2 810	1	1
3 3554	2 810	1	1
3 4368	2 810	1	1
3 3114	2 810	1	1
2 1504	2 811	1	1
0 329	2 811	1	1
0 817	2 811	1	1
0 1637	2 811	1	1
1 4657	2 811	1	1
3 3814	2 811	1	1
2 902	2 812	1	1
1 1506	2 812	1	1
1 419	2 812	1	1
3 1014	2 812	1	1
1 1568	2 812	1	1
3 4251	2 812	1	1
2 1701	2 813	1	1
2 4513	2 813	1	1
0 2467	2 813	1	1
0 2190	2 813	1	1
1 4961	2 813	1	1
3 2533	2 813	1	1
2 4673	2 814	1	1
0 540	2 814	1	1
0 1484	2 814	1	1
1 83	2 814	1	1
1 3664	2 814	1	1
3 2126	2 814	1	1
2 3981	2 815	1	1
0 3699	2 815	1	1
1 4348	2 815	1	1
3 1996	2 815	1	1
3 1108	2 815	1	1
1 1487	2 815	1	1
2 2158	2 816	1	1
2 4951	2 816	1	1
0 624	2 816	1	1
0 3829	2 816	1	1
0 4484	2 816	1	1
0 2009	2 816	1	1
2 3947	2 817	1	1
2 2940	2 817	1	1
2 1352	2 817	1	1
0 3774	2 817	1	1
1 809	2 817	1	1
1 3235	2 817	1	1
2 2818	2 818	1	1
2 4521	2 818	1	1
2 4261	2 818	1	1
2 1379	2 818	1	1
1 1351	2 818	1	1
3 3165	2 818	1	1
2 4291	2 819	1	1
2 1748	2 819	1	1
0 695	2 819	1	1
1 4873	2 819	1	1
1 3054	2 819	1	1
3 2305	2 819	1	1
2 729	2 820	1	1
2 2365	2 820	1	1
1 1398	2 820	1	1
1 2186	2 820	1	1
3 1327	2 820	1	1
0 981	2 820	1	1
2 50	2 821	1	1
2 407	2 821	1	1
2 527	2 821	1	1
1 2947	2 821	1	1
1 2004	2 821	1	1
1 4707	2 821	1	1
2 3791	2 822	1	1
2 1033	2 822	1	1
2 2580	2 822	1	1
3 1985	2 822	1	1
3 3153	2 822	1	1
3 47	2 822	1	1
2 3967	2 823	1	1
2 1002	2 823	1	1
2 2379	2 823	1	1
0 1012	2 823	1	1
1 3612	2 823	1	1
0 3992	2 823	1	1
2 1040	2 824	1	1
2 2159	2 824	1	1
1 1752	2 824	1	1
3 2784	2 824	1	1
3 2007	2 824	1	1
3 3983	2 824	1	1
2 1293	2 825	1	1
0 4263	2 825	1	1
0 1688	2 825	1	1
1 136	2 825	1	1
3 738	2 825	1	1
3 4210	2 825	1	1
2 1598	2 826	1	1
2 2132	2 826	1	1
2 3886	2 826	1	1
1 1298	2 826	1	1
1 4073	2 826	1	1
3 1630	2 826	1	1
2 2610	2 827	1	1
2 4365	2 827	1	1
0 2036	2 827	1	1
1 1447	2 827	1	1
1 1526	2 827	1	1
3 4829	2 827	1	1
2 921	2 828	1	1
0 2193	2 828	1	1
0 2313	2 828	1	1
0 2830	2 828	1	1
0 2004	2 828	1	1
3 1928	2 828	1	1
2 3797	2 829	1	1
2 1206	2 829	1	1
0 433	2 829	1	1
0 1271	2 829	1	1
3 3522	2 829	1	1
3 2922	2 829	1	1
2 676	2 830	1	1
0 619	2 830	1	1
0 1774	2 830	1	1
1 2177	2 830	1	1
1 2442	2 830	1	1
0 4649	2 830	1	1
2 1774	2 831	1	1
0 1233	2 831	1	1
0 1600	2 831	1	1
3 3654	2 831	1	1
3 1299	2 831	1	1
1 4013	2 831	1	1
2 324	2 832	1	1
2 4232	2 832	1	1
2 4534	2 832	1	1
1 3565	2 832	1	1
3 3777	2 832	1	1
3 961	2 832	1	1
2 2385	2 833	1	1
2 3223	2 833	1	1
2 4526	2 833	1	1
2 2658	2 833	1	1
1 4524	2 833	1	1
1 3817	2 833	1	1
2 4934	2 834	1	1
2 3310	2 834	1	1
0 4654	2 834	1	1
1 3381	2 834	1	1
1 3701	2 834	1	1
1 4869	2 834	1	1
2 3223	2 835	1	1
2 3114	2 835	1	1
2 911	2 835	1	1
0 2978	2 835	1	1
1 1427	2 835	1	1
1 1050	2 835	1	1
0 184	2 836	1	1
0 4665	2 836	1	1
0 145	2 836	1	1
1 569	2 836	1	1
3 2976	2 836	1	1
3 3996	2 836	1	1
2 168	2 837	1	1
2 1771	2 837	1	1
2 4016	2 837	1	1
0 4624	2 837	1	1
3 4620	2 837	1	1
0 739	2 837	1	1
2 330	2 838	1	1
2 3942	2 838	1	1
2 4957	2 838	1	1
0 3689	2 838	1	1
3 900	2 838	1	1
0 2525	2 838	1	1
2 3213	2 839	1	1
2 3789	2 839	1	1
3 2346	2 839	1	1
3 2757	2 839	1	1
3 2292	2 839	1	1
3 4169	2 839	1	1
2 4839	2 840	1	1
2 4361	2 840	1	1
2 4234	2 840	1	1
0 1915	2 840	1	1
0 3917	2 840	1	1
3 4042	2 840	1	1
2 2035	2 841	1	1
1 1059	2 841	1	1
1 518	2 841	1	1
3 2425	2 841	1	1
3 2558	2 841	1	1
1 2108	2 841	1	1
0 4490	2 842	1	1
0 2552	2 842	1	1
3 3019	2 842	1	1
3 2628	2 842	1	1
3 1695	2 842	1	1
3 3454	2 842	1	1
2 3611	2 843	1	1
2 2207	2 843	1	1
2 4368	2 843	1	1
0 2393	2 843	1	1
1 4807	2 843	1	1
1 1635	2 843	1	1
2 3208	2 844	1	1
2 3917	2 844	1	1
2 460	2 844	1	1
0 2626	2 844	1	1
1 2101	2 844	1	1
3 3490	2 844	1	1
2 1340	2 845	1	1
0 4529	2 845	1	1
1 874	2 845	1	1
1 3030	2 845	1	1
1 3765	2 845	1	1
3 2058	2 845	1	1
0 871	2 846	1	1
0 3489	2 846	1	1
1 2467	2 846	1	1
3 3418	2 846	1	1
3 783	2 846	1	1
3 4824	2 846	1	1
2 499	2 847	1	1
2 4050	2 847	1	1
0 2853	2 847	1	1
0 846	2 847	1	1
0 4750	2 847	1	1
0 993	2 847	1	1
2 2064	2 848	1	1
2 3407	2 848	1	1
0 2753	2 848	1	1
0 1724	2 848	1	1
3 597	2 848	1	1
3 2525	2 848	1	1
2 3026	2 849	1	1
2 1865	2 849	1	1
2 1991	2 849	1	1
0 369	2 849	1	1
0 901	2 849	1	1
3 3819	2 849	1	1
2 261	2 850	1	1
0 4120	2 850	1	1
1 3898	2 850	1	1
3 807	2 850	1	1
3 1637	2 850	1	1
0 961	2 850	1	1
2 183	2 851	1	1
0 25	2 851	1	1
1 4350	2 851	1	1
3 4378	2 851	1	1
3 3981	2 851	1	1
0 2807	2 851	1	1
2 674	2 852	1	1
1 846	2 852	1	1
3 2074	2 852	1	1
3 4084	2 852	1	1
3 635	2 852	1	1
0 4031	2 852	1	1
2 4685	2 853	1	1
2 3190	2 853	1	1
2 4059	2 853	1	1
1 2665	2 853	1	1
1 1131	2 853	1	1
3 4492	2 853	1	1
2 1968	2 854	1	1
2 2123	2 854	1	1
2 1787	2 854	1	1
1 4583	2 854	1	1
1 3882	2 854	1	1
3 2691	2 854	1	1
2 4376	2 855	1	1
2 3092	2 855	1	1
2 4014	2 855	1	1
1 599	2 855	1	1
1 1218	2 855	1	1
1 1914	2 855	1	1
0 1419	2 856	1	1
0 1838	2 856	1	1
1 1176	2 856	1	1
1 1786	2 856	1	1
3 3534	2 856	1	1
0 380	2 856	1	1
2 2601	2 857	1	1
2 1531	2 857	1	1
2 2496	2 857	1	1
0 4384	2 857	1	1
0 1468	2 857	1	1
3 130	2 857	1	1
2 4404	2 858	1	1
1 1848	2 858	1	1
3 1707	2 858	1	1
3 3568	2 858	1	1
0 1116	2 858	1	1
0 2325	2 858	1	1
2 2137	2 859	1	1
2 2996	2 859	1	1
0 2627	2 859	1	1
3 3276	2 859	1	1
3 102	2 859	1	1
1 3606	2 859	1	1
0 319	2 860	1	1
1 3559	2 860	1	1
1 2963	2 860	1	1
3 3540	2 860	1	1
3 860	2 860	1	1
3 2449	2 860	1	1
2 1965	2 861	1	1
2 4582	2 861	1	1
2 1132	2 861	1	1
0 2390	2 861	1	1
0 81	2 861	1	1
3 699	2 861	1	1
2 4544	2 862	1	1
2 686	2 862	1	1
0 3495	2 862	1	1
1 549	2 862	1	1
3 3201	2 862	1	1
3 2112	2 862	1	1
2 224	2 863	1	1
0 2993	2 863	1	1
0 3525	2 863	1	1
0 2436	2 863	1	1
3 2593	2 863	1	1
1 3134	2 863	1	1
2 2458	2 864	1	1
0 3180	2 864	1	1
0 1216	2 864	1	1
1 2197	2 864	1	1
3 3456	2 864	1	1
3 368	2 864	1	1
2 2434	2 865	1	1
0 214	2 865	1	1
1 1353	2 865	1	1
1 1951	2 865	1	1
3 233	2 865	1	1
3 2092	2 865	1	1
2 3622	2 866	1	1
0 1507	2 866	1	1
0 3462	2 866	1	1
3 2586	2 866	1	1
3 81	2 866	1	1
3 3782	2 866	1	1
2 3122	2 867	1	1
2 1297	2 867	1	1
2 490	2 867	1	1
2 4058	2 867	1	1
0 4836	2 867	1	1
1 2312	2 867	1	1
2 1939	2 868	1	1
2 4282	2 868	1	1
2 2090	2 868	1	1
1 428	2 868	1	1
1 1123	2 868	1	1
3 1692	2 868	1	1
2 2913	2 869	1	1
0 4361	2 869	1	1
1 4850	2 869	1	1
3 2838	2 869	1	1
3 2867	2 869	1	1
3 3352	2 869	1	1
2 2337	2 870	1	1
2 2476	2 870	1	1
2 956	2 870	1	1
1 3347	2 870	1	1
1 4023	2 870	1	1
1 893	2 870	1	1
2 1438	2 871	1	1
0 4720	2 871	1	1
0 1607	2 871	1	1
1 1104	2 871	1	1
3 175	2 871	1	1
3 4157	2 871	1	1
0 3111	2 872	1	1
0 2689	2 872	1	1
1 4688	2 872	1	1
3 378	2 872	1	1
3 3641	2 872	1	1
0 395	2 872	1	1
0 3479	2 873	1	1
1 2769	2 873	1	1
3 2328	2 873	1	1
3 4965	2 873	1	1
3 565	2 873	1	1
3 4249	2 873	1	1
2 10	2 874	1	1
2 3993	2 874	1	1
0 1636	2 874	1	1
1 3481	2 874	1	1
0 2949	2 874	1	1
3 427	2 874	1	1
2 3454	2 875	1	1
2 165	2 875	1	1
2 2456	2 875	1	1
0 2330	2 875	1	1
1 1345	2 875	1	1
3 3681	2 875	1	1
1 1437	2 876	1	1
1 3696	2 876	1	1
1 1344	2 876	1	1
3 2937	2 876	1	1
3 4008	2 876	1	1
3 4183	2 876	1	1
2 1694	2 877	1	1
2 3094	2 877	1	1
3 94	2 877	1	1
3 134	2 877	1	1
3 2378	2 877	1	1
0 981	2 877	1	1
2 4047	2 878	1	1
0 4779	2 878	1	1
1 2142	2 878	1	1
1 4095	2 878	1	1
3 2061	2 878	1	1
3 2038	2 878	1	1
2 2910	2 879	1	1
2 1992	2 879	1	1
2 4064	2 879	1	1
3 2842	2 879	1	1
0 2044	2 879	1	1
1 2394	2 879	1	1
0 4804	2 880	1	1
0 4798	2 880	1	1
0 424	2 880	1	1
1 609	2 880	1	1
1 162	2 880	1	1
3 451	2 880	1	1
2 862	2 881	1	1
2 988	2 881	1	1
3 4936	2 881	1	1
3 4511	2 881	1	1
3 1609	2 881	1	1
0 202	2 881	1	1
0 2068	2 882	1	1
0 250	2 882	1	1
1 1386	2 882	1	1
1 3058	2 882	1	1
3 1286	2 882	1	1
1 189	2 882	1	1
2 4189	2 883	1	1
3 2814	2 883	1	1
3 3085	2 883	1	1
3 4196	2 883	1	1
1 3073	2 883	1	1
1 1023	2 883	1	1
2 2614	2 884	1	1
2 3655	2 884	1	1
2 4097	2 884	1	1
0 1559	2 884	1	1
1 853	2 884	1	1
3 3989	2 884	1	1
2 717	2 885	1	1
1 2698	2 885	1	1
1 2224	2 885	1	1
1 2952	2 885	1	1
3 3656	2 885	1	1
3 578	2 885	1	1
2 4575	2 886	1	1
2 4547	2 886	1	1
1 1116	2 886	1	1
3 3303	2 886	1	1
3 272	2 886	1	1
0 1422	2 886	1	1
2 4752	2 887	1	1
0 1077	2 887	1	1
1 1124	2 887	1	1
1 4277	2 887	1	1
3 1807	2 887	1	1
3 1267	2 887	1	1
2 792	2 888	1	1
2 2006	2 888	1	1
0 2067	2 888	1	1
0 2557	2 888	1	1
0 948	2 888	1	1
0 1107	2 888	1	1
2 3079	2 889	1	1
2 454	2 889	1	1
2 3343	2 889	1	1
0 312	2 889	1	1
0 3867	2 889	1	1
3 3111	2 889	1	1
2 4070	2 890	1	1
0 3026	2 890	1	1
3 3082	2 890	1	1
0 4418	2 890	1	1
3 1787	2 890	1	1
1 2013	2 890	1	1
2 3330	2 891	1	1
0 2981	2 891	1	1
0 794	2 891	1	1
0 3848	2 891	1	1
3 3707	2 891	1	1
1 4318	2 891	1	1
2 1382	2 892	1	1
2 3252	2 892	1	1
0 1390	2 892	1	1
3 545	2 892	1	1
3 1933	2 892	1	1
1 1236	2 892	1	1
2 395	2 893	1	1
0 478	2 893	1	1
0 1257	2 893	1	1
1 2661	2 893	1	1
3 3295	2 893	1	1
3 4792	2 893	1	1
2 621	2 894	1	1
0 2278	2 894	1	1
0 2462	2 894	1	1
1 1780	2 894	1	1
1 4850	2 894	1	1
1 3575	2 894	1	1
2 449	2 895	1	1
2 3761	2 895	1	1
1 1373	2 895	1	1
3 2688	2 895	1	1
0 1373	2 895	1	1
0 1576	2 895	1	1
2 2114	2 896	1	1
0 2051	2 896	1	1
0 1573	2 896	1	1
1 2318	2 896	1	1
3 20	2 896	1	1
3 4118	2 896	1	1
2 3890	2 897	1	1
2 2405	2 897	1	1
2 4676	2 897	1	1
1 3588	2 897	1	1
3 2924	2 897	1	1
3 1200	2 897	1	1
2 2691	2 898	1	1
1 1579	2 898	1	1
1 1342	2 898	1	1
3 3954	2 898	1	1
0 673	2 898	1	1
1 1737	2 898	1	1
2 3347	2 899	1	1
0 2908	2 899	1	1
0 3686	2 899	1	1
0 424	2 899	1	1
0 2183	2 899	1	1
1 3964	2 899	1	1
2 1535	2 900	1	1
0 4392	2 900	1	1
0 2932	2 900	1	1
1 2249	2 900	1	1
1 767	2 900	1	1
3 1189	2 900	1	1
0 3007	2 901	1	1
0 2894	2 901	1	1
1 3101	2 901	1	1
3 4250	2 901	1	1
3 3055	2 901	1	1
0 3796	2 901	1	1
2 2816	2 902	1	1
0 4467	2 902	1	1
1 1699	2 902	1	1
1 155	2 902	1	1
1 1192	2 902	1	1
3 4033	2 902	1	1
2 710	2 903	1	1
0 3913	2 903	1	1
0 77	2 903	1	1
0 3215	2 903	1	1
0 2970	2 903	1	1
0 3661	2 903	1	1
2 1925	2 904	1	1
2 4868	2 904	1	1
0 519	2 904	1	1
0 1532	2 904	1	1
1 811	2 904	1	1
3 782	2 904	1	1
2 1615	2 905	1	1
2 1299	2 905	1	1
0 2234	2 905	1	1
0 2710	2 905	1	1
1 4151	2 905	1	1
1 4668	2 905	1	1
0 1066	2 906	1	1
1 642	2 906	1	1
1 1023	2 906	1	1
3 8	2 906	1	1
1 394	2 906	1	1
0 4598	2 906	1	1
2 3116	2 907	1	1
0 4674	2 907	1	1
1 2643	2 907	1	1
1 794	2 907	1	1
1 3600	2 907	1	1
3 1579	2 907	1	1
2 897	2 908	1	1
2 1770	2 908	1	1
2 1558	2 908	1	1
0 2242	2 908	1	1
3 3453	2 908	1	1
3 3274	2 908	1	1
2 1334	2 909	1	1
2 1332	2 909	1	1
2 4413	2 909	1	1
0 4911	2 909	1	1
3 1158	2 909	1	1
3 2192	2 909	1	1
2 4369	2 910	1	1
2 2226	2 910	1	1
0 4730	2 910	1	1
0 440	2 910	1	1
1 2134	2 910	1	1
3 3857	2 910	1	1
2 124	2 911	1	1
2 4347	2 911	1	1
2 1770	2 911	1	1
2 2146	2 911	1	1
0 3629	2 911	1	1
1 682	2 911	1	1
2 3648	2 912	1	1
0 85	2 912	1	1
0 520	2 912	1	1
3 1441	2 912	1	1
3 176	2 912	1	1
3 2734	2 912	1	1
2 3903	2 913	1	1
0 4782	2 913	1	1
0 4983	2 913	1	1
3 2889	2 913	1	1
3 1439	2 913	1	1
1 1528	2 913	1	1
2 725	2 914	1	1
0 3452	2 914	1	1
0 3514	2 914	1	1
1 2439	2 914	1	1
1 3945	2 914	1	1
3 2510	2 914	1	1
2 4464	2 915	1	1
2 939	2 915	1	1
0 1766	2 915	1	1
1 872	2 915	1	1
3 3402	2 915	1	1
3 1300	2 915	1	1
2 3146	2 916	1	1
0 1082	2 916	1	1
0 2288	2 916	1	1
0 4765	2 916	1	1
1 535	2 916	1	1
3 392	2 916	1	1
2 2976	2 917	1	1
0 4200	2 917	1	1
0 4739	2 917	1	1
1 945	2 917	1	1
3 1715	2 917	1	1
3 22	2 917	1	1
2 4017	2 918	1	1
3 3568	2 918	1	1
3 209	2 918	1	1
3 2028	2 918	1	1
3 3585	2 918	1	1
0 2564	2 918	1	1
2 1677	2 919	1	1
2 1477	2 919	1	1
1 4329	2 919	1	1
1 613	2 919	1	1
1 395	2 919	1	1
0 2050	2 919	1	1
2 1197	2 920	1	1
1 1742	2 920	1	1
1 3499	2 920	1	1
3 620	2 920	1	1
3 646	2 920	1	1
3 1453	2 920	1	1
2 1950	2 921	1	1
0 598	2 921	1	1
0 4749	2 921	1	1
1 3019	2 921	1	1
1 4863	2 921	1	1
1 4905	2 921	1	1
2 3094	2 922	1	1
0 2259	2 922	1	1
0 250	2 922	1	1
3 3100	2 922	1	1
3 3818	2 922	1	1
1 1513	2 922	1	1
2 2545	2 923	1	1
0 4353	2 923	1	1
0 3347	2 923	1	1
0 178	2 923	1	1
1 2509	2 923	1	1
3 1515	2 923	1	1
2 1297	2 924	1	1
2 3112	2 924	1	1
2 4059	2 924	1	1
0 1400	2 924	1	1
3 2624	2 924	1	1
3 1974	2 924	1	1
2 3960	2 925	1	1
2 1804	2 925	1	1
0 842	2 925	1	1
0 3082	2 925	1	1
1 4497	2 925	1	1
3 4950	2 925	1	1
2 4104	2 926	1	1
2 3277	2 926	1	1
0 3099	2 926	1	1
3 1529	2 926	1	1
3 3117	2 926	1	1
3 4745	2 926	1	1
2 751	2 927	1	1
2 3748	2 927	1	1
1 4856	2 927	1	1
3 1741	2 927	1	1
1 3941	2 927	1	1
1 607	2 927	1	1
2 3169	2 928	1	1
2 4448	2 928	1	1
2 1586	2 928	1	1
2 4712	2 928	1	1
0 2573	2 928	1	1
0 4718	2 928	1	1
0 2833	2 929	1	1
0 487	2 929	1	1
0 2133	2 929	1	1
0 1752	2 929	1	1
0 1130	2 929	1	1
1 1138	2 929	1	1
2 3059	2 930	1	1
0 3793	2 930	1	1
1 3014	2 930	1	1
1 4800	2 930	1	1
1 243	2 930	1	1
3 4028	2 930	1	1
2 3472	2 931	1	1
2 523	2 931	1	1
0 4205	2 931	1	1
3 521	2 931	1	1
3 3203	2 931	1	1
1 70	2 931	1	1
0 763	2 932	1	1
1 4856	2 932	1	1
3 45	2 932	1	1
3 2762	2 932	1	1
3 1039	2 932	1	1
3 604	2 932	1	1
2 2383	2 933	1	1
2 2649	2 933	1	1
1 164	2 933	1	1
3 3981	2 933	1	1
3 4299	2 933	1	1
3 4902	2 933	1	1
2 1998	2 934	1	1
2 127	2 934	1	1
1 4908	2 934	1	1
1 1658	2 934	1	1
1 1590	2 934	1	1
1 2477	2 934	1	1
2 2230	2 935	1	1
0 3291	2 935	1	1
1 4177	2 935	1	1
1 222	2 935	1	1
1 3839	2 935	1	1
3 3747	2 935	1	1
2 757	2 936	1	1
0 1366	2 936	1	1
0 677	2 936	1	1
3 2987	2 936	1	1
3 1496	2 936	1	1
3 4073	2 936	1	1
2 972	2 937	1	1
2 681	2 937	1	1
0 4004	2 937	1	1
1 722	2 937	1	1
3 2910	2 937	1	1
3 834	2 937	1	1
0 3618	2 938	1	1
1 305	2 938	1	1
1 4580	2 938	1	1
3 4457	2 938	1	1
1 452	2 938	1	1
1 3798	2 938	1	1
2 1128	2 939	1	1
2 49	2 939	1	1
2 4751	2 939	1	1
2 4182	2 939	1	1
1 2298	2 939	1	1
1 2329	2 939	1	1
2 691	2 940	1	1
2 4562	2 940	1	1
2 968	2 940	1	1
0 2507	2 940	1	1
1 4130	2 940	1	1
0 3181	2 940	1	1
3 29	2 941	1	1
3 4903	2 941	1	1
3 2480	2 941	1	1
3 3363	2 941	1	1
3 992	2 941	1	1
3 4663	2 941	1	1
2 1978	2 942	1	1
1 4594	2 942	1	1
3 410	2 942	1	1
3 2815	2 942	1	1
3 4314	2 942	1	1
3 1463	2 942	1	1
0 2913	2 943	1	1
0 4645	2 943	1	1
1 3006	2 943	1	1
1 1149	2 943	1	1
3 3942	2 943	1	1
3 1372	2 943	1	1
2 256	2 944	1	1
2 286	2 944	1	1
0 469	2 944	1	1
0 2185	2 944	1	1
3 1905	2 944	1	1
3 480	2 944	1	1
2 311	2 945	1	1
0 2161	2 945	1	1
1 4461	2 945	1	1
3 3440	2 945	1	1
3 2383	2 945	1	1
3 3115	2 945	1	1
2 1696	2 946	1	1
2 4196	2 946	1	1
2 1600	2 946	1	1
2 4087	2 946	1	1
0 3620	2 946	1	1
3 4345	2 946	1	1
2 4463	2 947	1	1
0 4596	2 947	1	1
0 3384	2 947	1	1
1 4969	2 947	1	1
1 3104	2 947	1	1
0 212	2 947	1	1
2 4442	2 948	1	1
2 2189	2 948	1	1
0 256	2 948	1	1
1 1341	2 948	1	1
3 4031	2 948	1	1
3 2217	2 948	1	1
2 3561	2 949	1	1
2 1940	2 949	1	1
0 1386	2 949	1	1
1 1118	2 949	1	1
1 134	2 949	1	1
3 4015	2 949	1	1
2 4826	2 950	1	1
2 697	2 950	1	1
1 4432	2 950	1	1
3 3776	2 950	1	1
3 4546	2 950	1	1
3 1290	2 950	1	1
2 2377	2 951	1	1
2 3385	2 951	1	1
0 1853	2 951	1	1
3 923	2 951	1	1
3 4229	2 951	1	1
1 1498	2 951	1	1
2 1115	2 952	1	1
2 4226	2 952	1	1
0 36	2 952	1	1
0 3429	2 952	1	1
1 1729	2 952	1	1
1 2326	2 952	1	1
2 1074	2 953	1	1
2 1350	2 953	1	1
2 2314	2 953	1	1
0 931	2 953	1	1
0 4670	2 953	1	1
1 742	2 953	1	1
2 4186	2 954	1	1
0 1477	2 954	1	1
0 417	2 954	1	1
1 877	2 954	1	1
3 3348	2 954	1	1
3 4945	2 954	1	1
2 2497	2 955	1	1
0 920	2 955	1	1
0 1517	2 955	1	1
1 2252	2 955	1	1
3 4595	2 955	1	1
3 2070	2 955	1	1
2 4430	2 956	1	1
0 2429	2 956	1	1
0 2781	2 956	1	1
1 4950	2 956	1	1
3 2058	2 956	1	1
1 1991	2 956	1	1
2 791	2 957	1	1
2 1492	2 957	1	1
0 4894	2 957	1	1
1 943	2 957	1	1
1 394	2 957	1	1
3 1168	2 957	1	1
2 353	2 958	1	1
2 4893	2 958	1	1
1 1967	2 958	1	1
3 330	2 958	1	1
3 4861	2 958	1	1
1 1219	2 958	1	1
2 1941	2 959	1	1
1 3236	2 959	1	1
3 1465	2 959	1	1
3 1449	2 959	1	1
3 2619	2 959	1	1
3 2376	2 959	1	1
2 2796	2 960	1	1
2 4257	2 960	1	1
0 649	2 960	1	1
1 3057	2 960	1	1
3 533	2 960	1	1
3 143	2 960	1	1
2 4530	2 961	1	1
2 4018	2 961	1	1
0 3666	2 961	1	1
1 2183	2 961	1	1
1 4973	2 961	1	1
3 2337	2 961	1	1
0 4662	2 962	1	1
1 527	2 962	1	1
3 1517	2 962	1	1
3 106	2 962	1	1
3 3839	2 962	1	1
0 4911	2 962	1	1
2 4112	2 963	1	1
2 1778	2 963	1	1
2 390	2 963	1	1
2 2380	2 963	1	1
1 1700	2 963	1	1
1 3209	2 963	1	1
2 4115	2 964	1	1
2 674	2 964	1	1
2 3264	2 964	1	1
3 2772	2 964	1	1
0 3241	2 964	1	1
1 2352	2 964	1	1
2 2324	2 965	1	1
2 2692	2 965	1	1
0 3273	2 965	1	1
1 1322	2 965	1	1
3 1233	2 965	1	1
1 990	2 965	1	1
2 2766	2 966	1	1
0 3218	2 966	1	1
1 22	2 966	1	1
1 3149	2 966	1	1
1 546	2 966	1	1
3 3668	2 966	1	1
0 2404	2 967	1	1
0 1673	2 967	1	1
0 295	2 967	1	1
0 2865	2 967	1	1
1 4406	2 967	1	1
3 1123	2 967	1	1
0 943	2 968	1	1
0 3307	2 968	1	1
0 3193	2 968	1	1
3 4977	2 968	1	1
3 3963	2 968	1	1
3 4340	2 968	1	1
2 147	2 969	1	1
2 3063	2 969	1	1
2 4974	2 969	1	1
0 4092	2 969	1	1
0 3867	2 969	1	1
1 1280	2 969	1	1
0 4348	2 970	1	1
0 3375	2 970	1	1
0 784	2 970	1	1
1 2827	2 970	1	1
3 1938	2 970	1	1
3 1603	2 970	1	1
2 4520	2 971	1	1
2 1518	2 971	1	1
0 532	2 971	1	1
0 4003	2 971	1	1
0 4128	2 971	1	1
3 1755	2 971	1	1
2 511	2 972	1	1
1 4632	2 972	1	1
3 1156	2 972	1	1
3 4564	2 972	1	1
3 495	2 972	1	1
3 4800	2 972	1	1
2 627	2 973	1	1
2 4745	2 973	1	1
2 1029	2 973	1	1
1 214	2 973	1	1
1 4950	2 973	1	1
3 917	2 973	1	1
2 2823	2 974	1	1
2 1583	2 974	1	1
0 4977	2 974	1	1
0 2094	2 974	1	1
1 841	2 974	1	1
1 4565	2 974	1	1
0 4461	2 975	1	1
0 2598	2 975	1	1
0 4094	2 975	1	1
0 3504	2 975	1	1
3 2065	2 975	1	1
1 1003	2 975	1	1
2 1220	2 976	1	1
2 3593	2 976	1	1
2 4389	2 976	1	1
2 1402	2 976	1	1
1 4505	2 976	1	1
3 3338	2 976	1	1
2 4708	2 977	1	1
2 1269	2 977	1	1
2 3253	2 977	1	1
0 432	2 977	1	1
1 808	2 977	1	1
1 3345	2 977	1	1
2 445	2 978	1	1
0 132	2 978	1	1
1 4619	2 978	1	1
1 3689	2 978	1	1
3 1325	2 978	1	1
3 4877	2 978	1	1
2 3827	2 979	1	1
0 2013	2 979	1	1
3 3496	2 979	1	1
3 3873	2 979	1	1
3 2849	2 979	1	1
0 3555	2 979	1	1
2 844	2 980	1	1
1 4350	2 980	1	1
1 3263	2 980	1	1
0 2701	2 980	1	1
1 1275	2 980	1	1
3 127	2 980	1	1
3 4241	2 981	1	1
3 3198	2 981	1	1
1 4078	2 981	1	1
1 4794	2 981	1	1
3 1798	2 981	1	1
3 4484	2 981	1	1
2 890	2 982	1	1
1 1775	2 982	1	1
1 1896	2 982	1	1
1 4932	2 982	1	1
1 4961	2 982	1	1
1 2956	2 982	1	1
2 1657	2 983	1	1
2 2240	2 983	1	1
0 4126	2 983	1	1
3 1615	2 983	1	1
1 4906	2 983	1	1
1 144	2 983	1	1
2 3900	2 984	1	1
2 2431	2 984	1	1
2 2661	2 984	1	1
0 699	2 984	1	1
1 1387	2 984	1	1
1 3897	2 984	1	1
2 4770	2 985	1	1
2 2083	2 985	1	1
0 227	2 985	1	1
1 533	2 985	1	1
1 4195	2 985	1	1
3 214	2 985	1	1
2 3916	2 986	1	1
0 862	2 986	1	1
1 2338	2 986	1	1
1 4623	2 986	1	1
3 4958	2 986	1	1
3 4373	2 986	1	1
0 3658	2 987	1	1
0 340	2 987	1	1
0 2354	2 987	1	1
3 2983	2 987	1	1
0 3306	2 987	1	1
1 1978	2 987	1	1
2 2043	2 988	1	1
2 92	2 988	1	1
0 1889	2 988	1	1
1 3530	2 988	1	1
1 3679	2 988	1	1
0 2136	2 988	1	1
2 2839	2 989	1	1
2 4062	2 989	1	1
2 2479	2 989	1	1
0 3606	2 989	1	1
1 4487	2 989	1	1
1 1613	2 989	1	1
2 1000	2 990	1	1
0 59	2 990	1	1
0 4631	2 990	1	1
1 1964	2 990	1	1
3 1672	2 990	1	1
3 3249	2 990	1	1
2 3313	2 991	1	1
2 1121	2 991	1	1
2 1203	2 991	1	1
2 4031	2 991	1	1
1 1302	2 991	1	1
1 1388	2 991	1	1
2 2043	2 992	1	1
2 257	2 992	1	1
0 3720	2 992	1	1
0 4439	2 992	1	1
3 4568	2 992	1	1
3 3060	2 992	1	1
2 289	2 993	1	1
2 1717	2 993	1	1
0 3858	2 993	1	1
1 3998	2 993	1	1
1 52	2 993	1	1
1 2313	2 993	1	1
2 363	2 994	1	1
0 4808	2 994	1	1
0 4576	2 994	1	1
3 4309	2 994	1	1
3 3820	2 994	1	1
0 2233	2 994	1	1
0 4221	2 995	1	1
1 4391	2 995	1	1
3 405	2 995	1	1
3 805	2 995	1	1
3 2626	2 995	1	1
3 93	2 995	1	1
2 1563	2 996	1	1
2 3170	2 996	1	1
2 2813	2 996	1	1
2 4609	2 996	1	1
0 4735	2 996	1	1
1 3231	2 996	1	1
2 1610	2 997	1	1
0 1530	2 997	1	1
1 4558	2 997	1	1
1 4084	2 997	1	1
1 4920	2 997	1	1
1 4648	2 997	1	1
2 3598	2 998	1	1
0 3638	2 998	1	1
0 436	2 998	1	1
1 1945	2 998	1	1
1 63	2 998	1	1
1 4444	2 998	1	1
2 1513	2 999	1	1
2 4839	2 999	1	1
2 4182	2 999	1	1
2 3043	2 999	1	1
2 3373	2 999	1	1
3 838	2 999	1	1
2 855	2 1000	1	1
2 1082	2 1000	1	1
2 3672	2 1000	1	1
0 943	2 1000	1	1
3 1793	2 1000	1	1
3 1578	2 1000	1	1
2 2408	2 1001	1	1
0 1789	2 1001	1	1
1 3114	2 1001	1	1
1 666	2 1001	1	1
3 2363	2 1001	1	1
3 247	2 1001	1	1
2 3190	2 1002	1	1
2 2603	2 1002	1	1
0 3014	2 1002	1	1
1 1587	2 1002	1	1
1 1650	2 1002	1	1
3 2532	2 1002	1	1
2 4703	2 1003	1	1
2 2573	2 1003	1	1
0 1948	2 1003	1	1
0 1608	2 1003	1	1
0 255	2 1003	1	1
3 1049	2 1003	1	1
0 28	2 1004	1	1
1 2404	2 1004	1	1
1 4976	2 1004	1	1
3 2996	2 1004	1	1
3 954	2 1004	1	1
3 1498	2 1004	1	1
2 1106	2 1005	1	1
0 4343	2 1005	1	1
0 2271	2 1005	1	1
0 2599	2 1005	1	1
0 2060	2 1005	1	1
0 88	2 1005	1	1
0 3061	2 1006	1	1
0 2505	2 1006	1	1
1 443	2 1006	1	1
3 4063	2 1006	1	1
3 2179	2 1006	1	1
3 2247	2 1006	1	1
1 1739	2 1007	1	1
1 3429	2 1007	1	1
1 4395	2 1007	1	1
3 3767	2 1007	1	1
3 2962	2 1007	1	1
3 897	2 1007	1	1
2 3163	2 1008	1	1
2 1376	2 1008	1	1
1 644	2 1008	1	1
1 4120	2 1008	1	1
1 1467	2 1008	1	1
3 939	2 1008	1	1
2 4572	2 1009	1	1
2 224	2 1009	1	1
0 1801	2 1009	1	1
0 69	2 1009	1	1
0 2170	2 1009	1	1
1 572	2 1009	1	1
0 1199	2 1010	1	1
1 1033	2 1010	1	1
1 4731	2 1010	1	1
3 681	2 1010	1	1
3 1596	2 1010	1	1
3 840	2 1010	1	1
2 4200	2 1011	1	1
0 3179	2 1011	1	1
1 1601	2 1011	1	1
1 1254	2 1011	1	1
1 2692	2 1011	1	1
1 1581	2 1011	1	1
2 151	2 1012	1	1
0 3885	2 1012	1	1
0 2753	2 1012	1	1
0 2220	2 1012	1	1
1 2627	2 1012	1	1
3 1934	2 1012	1	1
1 498	2 1013	1	1
3 4594	2 1013	1	1
3 2089	2 1013	1	1
3 3515	2 1013	1	1
0 1824	2 1013	1	1
3 868	2 1013	1	1
2 930	2 1014	1	1
2 1350	2 1014	1	1
0 1613	2 1014	1	1
1 4820	2 1014	1	1
1 3138	2 1014	1	1
1 1837	2 1014	1	1
2 1956	2 1015	1	1
0 3408	2 1015	1	1
0 4730	2 1015	1	1
1 4643	2 1015	1	1
3 3883	2 1015	1	1
3 402	2 1015	1	1
2 3373	2 1016	1	1
0 1938	2 1016	1	1
0 3001	2 1016	1	1
1 4083	2 1016	1	1
3 3809	2 1016	1	1
0 4297	2 1016	1	1
2 258	2 1017	1	1
0 4698	2 1017	1	1
0 3840	2 1017	1	1
3 3224	2 1017	1	1
0 2203	2 1017	1	1
0 2096	2 1017	1	1
2 3396	2 1018	1	1
2 2237	2 1018	1	1
0 3996	2 1018	1	1
1 961	2 1018	1	1
3 100	2 1018	1	1
1 3964	2 1018	1	1
2 4850	2 1019	1	1
2 4491	2 1019	1	1
0 4410	2 1019	1	1
1 2004	2 1019	1	1
1 2083	2 1019	1	1
3 724	2 1019	1	1
2 2842	2 1020	1	1
2 4546	2 1020	1	1
1 4370	2 1020	1	1
1 2723	2 1020	1	1
3 1818	2 1020	1	1
0 1318	2 1020	1	1
2 3863	2 1021	1	1
2 2144	2 1021	1	1
0 1416	2 1021	1	1
0 3820	2 1021	1	1
3 1134	2 1021	1	1
3 4209	2 1021	1	1
2 2615	2 1022	1	1
1 1869	2 1022	1	1
1 2231	2 1022	1	1
1 2658	2 1022	1	1
3 786	2 1022	1	1
3 3793	2 1022	1	1
2 1530	2 1023	1	1
1 1867	2 1023	1	1
1 1193	2 1023	1	1
3 3027	2 1023	1	1
1 2387	2 1023	1	1
3 2755	2 1023	1	1
0 2563	2 1024	1	1
1 1543	2 1024	1	1
1 2099	2 1024	1	1
3 2703	2 1024	1	1
3 4203	2 1024	1	1
1 4291	2 1024	1	1
2 3727	2 1025	1	1
0 1358	2 1025	1	1
1 2749	2 1025	1	1
3 248	2 1025	1	1
3 4290	2 1025	1	1
0 2261	2 1025	1	1
0 3184	2 1026	1	1
3 1591	2 1026	1	1
3 2930	2 1026	1	1
3 1249	2 1026	1	1
0 2257	2 1026	1	1
3 2444	2 1026	1	1
2 683	2 1027	1	1
2 2922	2 1027	1	1
2 620	2 1027	1	1
0 488	2 1027	1	1
1 4181	2 1027	1	1
3 1183	2 1027	1	1
0 999	2 1028	1	1
0 1650	2 1028	1	1
3 262	2 1028	1	1
3 299	2 1028	1	1
1 2146	2 1028	1	1
3 1681	2 1028	1	1
2 3500	2 1029	1	1
2 2209	2 1029	1	1
2 2350	2 1029	1	1
1 1589	2 1029	1	1
1 3636	2 1029	1	1
3 2733	2 1029	1	1
2 3750	2 1030	1	1
0 3279	2 1030	1	1
0 1781	2 1030	1	1
1 4611	2 1030	1	1
3 4103	2 1030	1	1
3 2098	2 1030	1	1
2 3427	2 1031	1	1
0 1794	2 1031	1	1
1 4425	2 1031	1	1
1 2635	2 1031	1	1
1 122	2 1031	1	1
1 4710	2 1031	1	1
2 3369	2 1032	1	1
0 1899	2 1032	1	1
3 983	2 1032	1	1
3 3658	2 1032	1	1
3 261	2 1032	1	1
3 1028	2 1032	1	1
2 378	2 1033	1	1
2 619	2 1033	1	1
0 642	2 1033	1	1
1 1578	2 1033	1	1
1 3792	2 1033	1	1
0 1827	2 1033	1	1
2 1189	2 1034	1	1
0 4788	2 1034	1	1
0 806	2 1034	1	1
3 4371	2 1034	1	1
3 4437	2 1034	1	1
3 4097	2 1034	1	1
2 239	2 1035	1	1
2 4399	2 1035	1	1
0 3588	2 1035	1	1
1 4121	2 1035	1	1
1 1233	2 1035	1	1
3 3867	2 1035	1	1
2 1291	2 1036	1	1
0 2281	2 1036	1	1
0 3220	2 1036	1	1
0 905	2 1036	1	1
1 1265	2 1036	1	1
1 4179	2 1036	1	1
2 4346	2 1037	1	1
2 3586	2 1037	1	1
2 4962	2 1037	1	1
0 518	2 1037	1	1
1 840	2 1037	1	1
3 4782	2 1037	1	1
2 879	2 1038	1	1
2 726	2 1038	1	1
2 1567	2 1038	1	1
0 2718	2 1038	1	1
0 957	2 1038	1	1
3 211	2 1038	1	1
2 2439	2 1039	1	1
2 624	2 1039	1	1
0 4260	2 1039	1	1
1 4255	2 1039	1	1
3 2196	2 1039	1	1
3 4203	2 1039	1	1
2 292	2 1040	1	1
0 3297	2 1040	1	1
1 2171	2 1040	1	1
3 789	2 1040	1	1
3 4651	2 1040	1	1
3 4975	2 1040	1	1
2 4751	2 1041	1	1
2 3703	2 1041	1	1
0 2905	2 1041	1	1
1 467	2 1041	1	1
1 1567	2 1041	1	1
3 7	2 1041	1	1
0 2174	2 1042	1	1
1 3606	2 1042	1	1
1 270	2 1042	1	1
3 258	2 1042	1	1
3 3156	2 1042	1	1
1 2442	2 1042	1	1
2 4792	2 1043	1	1
0 3717	2 1043	1	1
0 1761	2 1043	1	1
1 1482	2 1043	1	1
1 76	2 1043	1	1
0 3724	2 1043	1	1
2 4594	2 1044	1	1
0 2574	2 1044	1	1
0 3992	2 1044	1	1
1 4598	2 1044	1	1
1 4207	2 1044	1	1
3 357	2 1044	1	1
2 3931	2 1045	1	1
2 2328	2 1045	1	1
0 4043	2 1045	1	1
3 1629	2 1045	1	1
3 4298	2 1045	1	1
3 3692	2 1045	1	1
2 3173	2 1046	1	1
0 1364	2 1046	1	1
0 2040	2 1046	1	1
0 4472	2 1046	1	1
1 2143	2 1046	1	1
1 968	2 1046	1	1
2 1064	2 1047	1	1
2 1456	2 1047	1	1
2 3572	2 1047	1	1
0 2344	2 1047	1	1
1 339	2 1047	1	1
3 2966	2 1047	1	1
2 677	2 1048	1	1
3 3319	2 1048	1	1
3 1036	2 1048	1	1
0 2971	2 1048	1	1
3 869	2 1048	1	1
0 3567	2 1048	1	1
2 956	2 1049	1	1
2 1653	2 1049	1	1
2 1373	2 1049	1	1
1 664	2 1049	1	1
3 4024	2 1049	1	1
3 2072	2 1049	1	1
2 2173	2 1050	1	1
0 4654	2 1050	1	1
0 2047	2 1050	1	1
1 701	2 1050	1	1
3 4420	2 1050	1	1
3 1543	2 1050	1	1
2 4946	2 1051	1	1
1 2946	2 1051	1	1
1 1170	2 1051	1	1
1 4304	2 1051	1	1
1 1760	2 1051	1	1
3 2688	2 1051	1	1
2 1498	2 1052	1	1
1 2885	2 1052	1	1
1 4417	2 1052	1	1
3 1708	2 1052	1	1
3 2067	2 1052	1	1
1 517	2 1052	1	1
2 844	2 1053	1	1
0 131	2 1053	1	1
0 2123	2 1053	1	1
1 3817	2 1053	1	1
3 297	2 1053	1	1
3 11	2 1053	1	1
2 1	2 1054	1	1
2 3229	2 1054	1	1
0 2714	2 1054	1	1
3 4960	2 1054	1	1
3 3392	2 1054	1	1
3 1766	2 1054	1	1
2 2211	2 1055	1	1
2 1410	2 1055	1	1
2 103	2 1055	1	1
3 2391	2 1055	1	1
3 2381	2 1055	1	1
1 860	2 1055	1	1
2 1008	2 1056	1	1
0 3617	2 1056	1	1
1 4161	2 1056	1	1
1 3960	2 1056	1	1
3 4573	2 1056	1	1
3 820	2 1056	1	1
2 3608	2 1057	1	1
2 649	2 1057	1	1
2 703	2 1057	1	1
0 4323	2 1057	1	1
3 2150	2 1057	1	1
3 1033	2 1057	1	1
2 4133	2 1058	1	1
2 1772	2 1058	1	1
2 281	2 1058	1	1
0 3485	2 1058	1	1
1 3642	2 1058	1	1
3 1094	2 1058	1	1
2 3553	2 1059	1	1
0 1891	2 1059	1	1
0 3988	2 1059	1	1
1 3486	2 1059	1	1
1 1744	2 1059	1	1
1 2668	2 1059	1	1
2 1505	2 1060	1	1
2 3160	2 1060	1	1
1 2020	2 1060	1	1
3 4754	2 1060	1	1
3 197	2 1060	1	1
3 2025	2 1060	1	1
2 878	2 1061	1	1
2 3809	2 1061	1	1
2 1552	2 1061	1	1
2 1961	2 1061	1	1
0 2664	2 1061	1	1
3 4199	2 1061	1	1
2 1746	2 1062	1	1
1 3878	2 1062	1	1
3 610	2 1062	1	1
3 519	2 1062	1	1
3 2629	2 1062	1	1
0 2858	2 1062	1	1
0 4268	2 1063	1	1
0 3160	2 1063	1	1
1 3984	2 1063	1	1
1 1746	2 1063	1	1
1 1266	2 1063	1	1
3 3525	2 1063	1	1
2 4145	2 1064	1	1
2 4456	2 1064	1	1
2 2127	2 1064	1	1
2 3548	2 1064	1	1
0 2176	2 1064	1	1
0 4300	2 1064	1	1
2 2188	2 1065	1	1
0 3726	2 1065	1	1
0 2936	2 1065	1	1
0 4304	2 1065	1	1
1 3103	2 1065	1	1
3 2905	2 1065	1	1
1 1338	2 1066	1	1
1 2831	2 1066	1	1
1 2361	2 1066	1	1
1 4093	2 1066	1	1
3 3336	2 1066	1	1
1 4138	2 1066	1	1
2 2115	2 1067	1	1
2 2520	2 1067	1	1
2 1128	2 1067	1	1
0 537	2 1067	1	1
1 4724	2 1067	1	1
1 276	2 1067	1	1
0 4481	2 1068	1	1
0 349	2 1068	1	1
0 1436	2 1068	1	1
3 1884	2 1068	1	1
3 3046	2 1068	1	1
0 4800	2 1068	1	1
0 2504	2 1069	1	1
0 3288	2 1069	1	1
1 2804	2 1069	1	1
1 3265	2 1069	1	1
1 4491	2 1069	1	1
1 2173	2 1069	1	1
2 3013	2 1070	1	1
2 2991	2 1070	1	1
2 239	2 1070	1	1
0 781	2 1070	1	1
1 1500	2 1070	1	1
3 516	2 1070	1	1
2 4864	2 1071	1	1
1 2008	2 1071	1	1
1 3189	2 1071	1	1
3 1680	2 1071	1	1
3 4108	2 1071	1	1
3 726	2 1071	1	1
2 621	2 1072	1	1
2 952	2 1072	1	1
0 2336	2 1072	1	1
1 2961	2 1072	1	1
1 4285	2 1072	1	1
0 3823	2 1072	1	1
2 2450	2 1073	1	1
0 914	2 1073	1	1
0 39	2 1073	1	1
1 4198	2 1073	1	1
3 2158	2 1073	1	1
3 610	2 1073	1	1
2 2221	2 1074	1	1
3 2886	2 1074	1	1
3 4926	2 1074	1	1
0 2565	2 1074	1	1
3 3829	2 1074	1	1
1 1138	2 1074	1	1
2 4183	2 1075	1	1
0 1983	2 1075	1	1
0 3542	2 1075	1	1
1 4112	2 1075	1	1
3 3322	2 1075	1	1
3 1578	2 1075	1	1
2 596	2 1076	1	1
1 48	2 1076	1	1
3 2075	2 1076	1	1
3 4170	2 1076	1	1
3 4712	2 1076	1	1
3 3662	2 1076	1	1
2 4150	2 1077	1	1
0 4467	2 1077	1	1
0 3704	2 1077	1	1
1 4064	2 1077	1	1
1 3059	2 1077	1	1
3 4954	2 1077	1	1
2 4639	2 1078	1	1
0 3357	2 1078	1	1
0 590	2 1078	1	1
1 395	2 1078	1	1
1 2030	2 1078	1	1
3 4022	2 1078	1	1
2 284	2 1079	1	1
2 1794	2 1079	1	1
2 742	2 1079	1	1
1 1602	2 1079	1	1
1 4364	2 1079	1	1
0 2716	2 1079	1	1
0 1928	2 1080	1	1
1 3121	2 1080	1	1
1 3924	2 1080	1	1
1 3274	2 1080	1	1
3 3167	2 1080	1	1
0 4270	2 1080	1	1
2 4923	2 1081	1	1
2 3605	2 1081	1	1
2 413	2 1081	1	1
2 1866	2 1081	1	1
2 3011	2 1081	1	1
0 3530	2 1081	1	1
2 3939	2 1082	1	1
1 3741	2 1082	1	1
1 3691	2 1082	1	1
3 2583	2 1082	1	1
3 4690	2 1082	1	1
0 3897	2 1082	1	1
2 3812	2 1083	1	1
0 4486	2 1083	1	1
3 3141	2 1083	1	1
3 3570	2 1083	1	1
3 1405	2 1083	1	1
3 3655	2 1083	1	1
2 4486	2 1084	1	1
2 4301	2 1084	1	1
0 1115	2 1084	1	1
0 4107	2 1084	1	1
3 4082	2 1084	1	1
3 657	2 1084	1	1
2 606	2 1085	1	1
0 2405	2 1085	1	1
1 1974	2 1085	1	1
3 2518	2 1085	1	1
3 4887	2 1085	1	1
0 3288	2 1085	1	1
2 1989	2 1086	1	1
2 950	2 1086	1	1
1 713	2 1086	1	1
3 3941	2 1086	1	1
1 1817	2 1086	1	1
3 3292	2 1086	1	1
2 3818	2 1087	1	1
0 670	2 1087	1	1
0 1698	2 1087	1	1
1 511	2 1087	1	1
1 1198	2 1087	1	1
1 1562	2 1087	1	1
2 81	2 1088	1	1
2 3408	2 1088	1	1
0 4531	2 1088	1	1
1 1211	2 1088	1	1
1 174	2 1088	1	1
1 55	2 1088	1	1
2 1000	2 1089	1	1
0 4686	2 1089	1	1
3 4781	2 1089	1	1
3 1391	2 1089	1	1
3 2906	2 1089	1	1
0 2018	2 1089	1	1
2 1589	2 1090	1	1
2 4470	2 1090	1	1
0 4834	2 1090	1	1
1 1907	2 1090	1	1
3 1947	2 1090	1	1
3 2027	2 1090	1	1
2 836	2 1091	1	1
0 3022	2 1091	1	1
0 3960	2 1091	1	1
1 3521	2 1091	1	1
1 2348	2 1091	1	1
3 199	2 1091	1	1
1 273	2 1092	1	1
1 2661	2 1092	1	1
3 4495	2 1092	1	1
3 4195	2 1092	1	1
1 1431	2 1092	1	1
0 3778	2 1092	1	1
2 1452	2 1093	1	1
0 3258	2 1093	1	1
1 1966	2 1093	1	1
1 4220	2 1093	1	1
3 571	2 1093	1	1
3 564	2 1093	1	1
2 2419	2 1094	1	1
2 3806	2 1094	1	1
2 198	2 1094	1	1
0 3777	2 1094	1	1
0 3128	2 1094	1	1
0 1443	2 1094	1	1
0 1190	2 1095	1	1
0 3145	2 1095	1	1
1 383	2 1095	1	1
3 900	2 1095	1	1
3 2705	2 1095	1	1
3 3553	2 1095	1	1
2 4211	2 1096	1	1
0 4287	2 1096	1	1
1 4224	2 1096	1	1
1 1239	2 1096	1	1
3 4808	2 1096	1	1
3 3001	2 1096	1	1
2 1910	2 1097	1	1
0 530	2 1097	1	1
0 4049	2 1097	1	1
1 4440	2 1097	1	1
3 1061	2 1097	1	1
3 583	2 1097	1	1
2 1002	2 1098	1	1
2 497	2 1098	1	1
2 2775	2 1098	1	1
0 3373	2 1098	1	1
1 3142	2 1098	1	1
1 1541	2 1098	1	1
2 4907	2 1099	1	1
2 3618	2 1099	1	1
0 4299	2 1099	1	1
0 1910	2 1099	1	1
1 471	2 1099	1	1
3 1471	2 1099	1	1
2 942	2 1100	1	1
2 3085	2 1100	1	1
0 3851	2 1100	1	1
3 1126	2 1100	1	1
3 2509	2 1100	1	1
0 4758	2 1100	1	1
2 4732	2 1101	1	1
2 3752	2 1101	1	1
2 1815	2 1101	1	1
0 2237	2 1101	1	1
0 2238	2 1101	1	1
1 3886	2 1101	1	1
2 513	2 1102	1	1
2 2339	2 1102	1	1
1 4168	2 1102	1	1
1 2076	2 1102	1	1
3 504	2 1102	1	1
3 1563	2 1102	1	1
2 733	2 1103	1	1
0 955	2 1103	1	1
1 1049	2 1103	1	1
3 330	2 1103	1	1
3 542	2 1103	1	1
3 1513	2 1103	1	1
2 4108	2 1104	1	1
2 2101	2 1104	1	1
2 4827	2 1104	1	1
0 3168	2 1104	1	1
1 3952	2 1104	1	1
1 3125	2 1104	1	1
2 1329	2 1105	1	1
0 1669	2 1105	1	1
0 293	2 1105	1	1
3 702	2 1105	1	1
3 187	2 1105	1	1
3 3181	2 1105	1	1
2 4247	2 1106	1	1
0 4362	2 1106	1	1
1 1795	2 1106	1	1
1 3807	2 1106	1	1
1 2933	2 1106	1	1
1 3837	2 1106	1	1
0 1643	2 1107	1	1
1 1285	2 1107	1	1
1 3088	2 1107	1	1
1 303	2 1107	1	1
3 239	2 1107	1	1
3 2290	2 1107	1	1
2 4836	2 1108	1	1
0 4432	2 1108	1	1
0 2718	2 1108	1	1
0 3803	2 1108	1	1
1 2305	2 1108	1	1
3 3590	2 1108	1	1
0 542	2 1109	1	1
0 4196	2 1109	1	1
1 2850	2 1109	1	1
3 3286	2 1109	1	1
3 4466	2 1109	1	1
3 4624	2 1109	1	1
2 311	2 1110	1	1
2 916	2 1110	1	1
3 1929	2 1110	1	1
0 2592	2 1110	1	1
3 1333	2 1110	1	1
3 3334	2 1110	1	1
0 4460	2 1111	1	1
1 2415	2 1111	1	1
1 4523	2 1111	1	1
1 4863	2 1111	1	1
1 2788	2 1111	1	1
3 2236	2 1111	1	1
2 2564	2 1112	1	1
0 2567	2 1112	1	1
1 2400	2 1112	1	1
1 4646	2 1112	1	1
1 4439	2 1112	1	1
3 22	2 1112	1	1
2 672	2 1113	1	1
2 4839	2 1113	1	1
2 2791	2 1113	1	1
2 263	2 1113	1	1
3 1747	2 1113	1	1
0 1962	2 1113	1	1
2 1507	2 1114	1	1
0 2144	2 1114	1	1
0 2427	2 1114	1	1
1 2748	2 1114	1	1
1 2174	2 1114	1	1
1 1682	2 1114	1	1
2 2887	2 1115	1	1
0 780	2 1115	1	1
0 1913	2 1115	1	1
1 3100	2 1115	1	1
3 3686	2 1115	1	1
3 4473	2 1115	1	1
2 3115	2 1116	1	1
0 2856	2 1116	1	1
1 4203	2 1116	1	1
3 123	2 1116	1	1
1 206	2 1116	1	1
3 1870	2 1116	1	1
0 639	2 1117	1	1
0 4335	2 1117	1	1
1 3180	2 1117	1	1
1 1570	2 1117	1	1
1 4924	2 1117	1	1
3 2936	2 1117	1	1
2 1768	2 1118	1	1
2 2459	2 1118	1	1
0 269	2 1118	1	1
1 3267	2 1118	1	1
3 1200	2 1118	1	1
1 4905	2 1118	1	1
2 2789	2 1119	1	1
2 1495	2 1119	1	1
0 3573	2 1119	1	1
0 1370	2 1119	1	1
1 1534	2 1119	1	1
3 548	2 1119	1	1
2 1389	2 1120	1	1
0 4557	2 1120	1	1
0 146	2 1120	1	1
1 3240	2 1120	1	1
3 2762	2 1120	1	1
3 1130	2 1120	1	1
2 2755	2 1121	1	1
0 1691	2 1121	1	1
0 767	2 1121	1	1
0 2506	2 1121	1	1
1 2092	2 1121	1	1
3 3986	2 1121	1	1
2 1962	2 1122	1	1
2 327	2 1122	1	1
0 1413	2 1122	1	1
1 4652	2 1122	1	1
1 4008	2 1122	1	1
3 3517	2 1122	1	1
2 33	2 1123	1	1
2 132	2 1123	1	1
0 166	2 1123	1	1
1 4518	2 1123	1	1
3 4681	2 1123	1	1
0 3134	2 1123	1	1
2 3967	2 1124	1	1
0 3915	2 1124	1	1
1 2865	2 1124	1	1
3 1031	2 1124	1	1
0 2325	2 1124	1	1
3 1713	2 1124	1	1
2 1823	2 1125	1	1
2 3335	2 1125	1	1
0 1687	2 1125	1	1
0 2059	2 1125	1	1
3 2899	2 1125	1	1
1 2102	2 1125	1	1
2 2953	2 1126	1	1
2 4546	2 1126	1	1
0 4014	2 1126	1	1
1 4282	2 1126	1	1
3 1628	2 1126	1	1
0 4790	2 1126	1	1
2 3609	2 1127	1	1
0 42	2 1127	1	1
1 393	2 1127	1	1
1 3441	2 1127	1	1
1 4530	2 1127	1	1
3 4839	2 1127	1	1
2 3933	2 1128	1	1
2 1322	2 1128	1	1
0 3146	2 1128	1	1
1 2794	2 1128	1	1
0 2446	2 1128	1	1
3 2907	2 1128	1	1
2 2520	2 1129	1	1
2 2833	2 1129	1	1
0 810	2 1129	1	1
3 3263	2 1129	1	1
3 2551	2 1129	1	1
3 839	2 1129	1	1
2 2216	2 1130	1	1
0 1022	2 1130	1	1
0 2844	2 1130	1	1
0 268	2 1130	1	1
0 4572	2 1130	1	1
1 3637	2 1130	1	1
2 2944	2 1131	1	1
2 2099	2 1131	1	1
0 2058	2 1131	1	1
0 332	2 1131	1	1
0 149	2 1131	1	1
3 744	2 1131	1	1
2 4937	2 1132	1	1
2 1331	2 1132	1	1
0 3014	2 1132	1	1
0 2932	2 1132	1	1
3 3114	2 1132	1	1
3 4891	2 1132	1	1
2 318	2 1133	1	1
0 3232	2 1133	1	1
1 4292	2 1133	1	1
1 2902	2 1133	1	1
1 3581	2 1133	1	1
3 4693	2 1133	1	1
2 1436	2 1134	1	1
2 3615	2 1134	1	1
0 26	2 1134	1	1
0 4317	2 1134	1	1
1 496	2 1134	1	1
1 943	2 1134	1	1
2 1229	2 1135	1	1
1 39	2 1135	1	1
3 3088	2 1135	1	1
3 2903	2 1135	1	1
3 361	2 1135	1	1
3 1695	2 1135	1	1
2 4362	2 1136	1	1
2 1997	2 1136	1	1
0 29	2 1136	1	1
0 15	2 1136	1	1
3 311	2 1136	1	1
0 3421	2 1136	1	1
2 1208	2 1137	1	1
2 2471	2 1137	1	1
0 4923	2 1137	1	1
1 2052	2 1137	1	1
1 889	2 1137	1	1
3 3711	2 1137	1	1
2 419	2 1138	1	1
0 75	2 1138	1	1
1 1114	2 1138	1	1
1 3045	2 1138	1	1
3 1197	2 1138	1	1
3 97	2 1138	1	1
0 2927	2 1139	1	1
1 935	2 1139	1	1
1 4704	2 1139	1	1
3 2798	2 1139	1	1
3 577	2 1139	1	1
1 1553	2 1139	1	1
1 1292	2 1140	1	1
3 1574	2 1140	1	1
3 2488	2 1140	1	1
3 836	2 1140	1	1
3 4936	2 1140	1	1
3 4122	2 1140	1	1
2 2857	2 1141	1	1
2 187	2 1141	1	1
2 3642	2 1141	1	1
0 724	2 1141	1	1
0 4316	2 1141	1	1
3 1972	2 1141	1	1
2 3187	2 1142	1	1
2 3678	2 1142	1	1
2 2915	2 1142	1	1
1 867	2 1142	1	1
3 443	2 1142	1	1
0 1379	2 1142	1	1
2 3194	2 1143	1	1
0 2859	2 1143	1	1
3 1865	2 1143	1	1
3 773	2 1143	1	1
3 2464	2 1143	1	1
1 1478	2 1143	1	1
2 2289	2 1144	1	1
2 1340	2 1144	1	1
1 4144	2 1144	1	1
3 3553	2 1144	1	1
3 2989	2 1144	1	1
0 4925	2 1144	1	1
2 2491	2 1145	1	1
2 544	2 1145	1	1
0 731	2 1145	1	1
1 658	2 1145	1	1
1 898	2 1145	1	1
3 4751	2 1145	1	1
2 1251	2 1146	1	1
0 1959	2 1146	1	1
0 1090	2 1146	1	1
3 1380	2 1146	1	1
1 4832	2 1146	1	1
3 1163	2 1146	1	1
0 3942	2 1147	1	1
1 1324	2 1147	1	1
1 2899	2 1147	1	1
3 2532	2 1147	1	1
3 286	2 1147	1	1
3 328	2 1147	1	1
0 2650	2 1148	1	1
3 2442	2 1148	1	1
3 3880	2 1148	1	1
3 4337	2 1148	1	1
1 2442	2 1148	1	1
3 4206	2 1148	1	1
2 599	2 1149	1	1
0 99	2 1149	1	1
1 3267	2 1149	1	1
3 1291	2 1149	1	1
3 1314	2 1149	1	1
3 3514	2 1149	1	1
2 4649	2 1150	1	1
2 3219	2 1150	1	1
1 668	2 1150	1	1
3 1000	2 1150	1	1
3 841	2 1150	1	1
1 2436	2 1150	1	1
2 296	2 1151	1	1
2 2828	2 1151	1	1
0 1706	2 1151	1	1
0 4633	2 1151	1	1
1 1241	2 1151	1	1
3 2183	2 1151	1	1
2 3807	2 1152	1	1
0 838	2 1152	1	1
1 683	2 1152	1	1
1 2267	2 1152	1	1
3 4779	2 1152	1	1
0 756	2 1152	1	1
2 1790	2 1153	1	1
2 2493	2 1153	1	1
2 2345	2 1153	1	1
0 2965	2 1153	1	1
1 4615	2 1153	1	1
1 1818	2 1153	1	1
2 1945	2 1154	1	1
2 786	2 1154	1	1
0 979	2 1154	1	1
3 4409	2 1154	1	1
3 2149	2 1154	1	1
3 2658	2 1154	1	1
2 2419	2 1155	1	1
0 971	2 1155	1	1
3 454	2 1155	1	1
3 4430	2 1155	1	1
3 2455	2 1155	1	1
3 4499	2 1155	1	1
2 3256	2 1156	1	1
2 202	2 1156	1	1
1 3200	2 1156	1	1
1 2315	2 1156	1	1
3 1804	2 1156	1	1
0 867	2 1156	1	1
2 1396	2 1157	1	1
2 481	2 1157	1	1
0 4066	2 1157	1	1
0 2681	2 1157	1	1
0 2619	2 1157	1	1
0 3801	2 1157	1	1
2 2729	2 1158	1	1
0 3611	2 1158	1	1
1 1645	2 1158	1	1
1 2294	2 1158	1	1
1 2845	2 1158	1	1
3 1226	2 1158	1	1
2 650	2 1159	1	1
2 4903	2 1159	1	1
0 76	2 1159	1	1
1 4296	2 1159	1	1
1 4913	2 1159	1	1
1 4713	2 1159	1	1
1 622	2 1160	1	1
1 907	2 1160	1	1
3 3058	2 1160	1	1
3 3921	2 1160	1	1
0 2491	2 1160	1	1
1 3803	2 1160	1	1
2 2587	2 1161	1	1
2 4458	2 1161	1	1
1 992	2 1161	1	1
1 1357	2 1161	1	1
3 4129	2 1161	1	1
0 3667	2 1161	1	1
2 11	2 1162	1	1
0 714	2 1162	1	1
0 3202	2 1162	1	1
3 3469	2 1162	1	1
3 4897	2 1162	1	1
0 3703	2 1162	1	1
2 371	2 1163	1	1
1 3556	2 1163	1	1
1 345	2 1163	1	1
3 2133	2 1163	1	1
3 1000	2 1163	1	1
3 232	2 1163	1	1
2 217	2 1164	1	1
2 2604	2 1164	1	1
2 3469	2 1164	1	1
0 1908	2 1164	1	1
0 2413	2 1164	1	1
1 3350	2 1164	1	1
2 4731	2 1165	1	1
2 4551	2 1165	1	1
1 4951	2 1165	1	1
1 3707	2 1165	1	1
3 2132	2 1165	1	1
3 3178	2 1165	1	1
2 3565	2 1166	1	1
2 4879	2 1166	1	1
2 4862	2 1166	1	1
0 4779	2 1166	1	1
3 1721	2 1166	1	1
0 2880	2 1166	1	1
0 348	2 1167	1	1
1 2276	2 1167	1	1
1 2583	2 1167	1	1
3 744	2 1167	1	1
3 3852	2 1167	1	1
0 1623	2 1167	1	1
2 3813	2 1168	1	1
2 382	2 1168	1	1
0 3645	2 1168	1	1
0 4355	2 1168	1	1
1 2560	2 1168	1	1
3 1532	2 1168	1	1
2 2932	2 1169	1	1
2 4357	2 1169	1	1
3 4107	2 1169	1	1
3 4442	2 1169	1	1
1 4713	2 1169	1	1
3 1406	2 1169	1	1
2 3690	2 1170	1	1
2 4504	2 1170	1	1
1 2626	2 1170	1	1
3 3771	2 1170	1	1
3 4092	2 1170	1	1
3 3176	2 1170	1	1
2 3478	2 1171	1	1
2 2105	2 1171	1	1
2 4342	2 1171	1	1
0 1093	2 1171	1	1
0 3590	2 1171	1	1
1 753	2 1171	1	1
2 2067	2 1172	1	1
0 380	2 1172	1	1
1 897	2 1172	1	1
1 3592	2 1172	1	1
3 2372	2 1172	1	1
3 2414	2 1172	1	1
2 276	2 1173	1	1
2 610	2 1173	1	1
1 2506	2 1173	1	1
1 3789	2 1173	1	1
0 3107	2 1173	1	1
1 342	2 1173	1	1
2 2795	2 1174	1	1
2 2910	2 1174	1	1
2 3305	2 1174	1	1
0 3572	2 1174	1	1
1 2176	2 1174	1	1
0 1413	2 1174	1	1
2 712	2 1175	1	1
0 3960	2 1175	1	1
1 314	2 1175	1	1
1 2231	2 1175	1	1
1 3110	2 1175	1	1
3 799	2 1175	1	1
0 431	2 1176	1	1
1 1807	2 1176	1	1
3 687	2 1176	1	1
3 359	2 1176	1	1
1 2059	2 1176	1	1
0 756	2 1176	1	1
2 1039	2 1177	1	1
2 1399	2 1177	1	1
2 1796	2 1177	1	1
1 2906	2 1177	1	1
1 3074	2 1177	1	1
3 2993	2 1177	1	1
2 3024	2 1178	1	1
0 761	2 1178	1	1
0 2875	2 1178	1	1
0 4525	2 1178	1	1
1 3447	2 1178	1	1
0 1391	2 1178	1	1
2 4502	2 1179	1	1
0 307	2 1179	1	1
0 3070	2 1179	1	1
1 1927	2 1179	1	1
1 1279	2 1179	1	1
3 1414	2 1179	1	1
2 1991	2 1180	1	1
2 110	2 1180	1	1
0 1595	2 1180	1	1
0 717	2 1180	1	1
3 3759	2 1180	1	1
3 1624	2 1180	1	1
2 3538	2 1181	1	1
2 1282	2 1181	1	1
0 2491	2 1181	1	1
3 1437	2 1181	1	1
3 1006	2 1181	1	1
3 2473	2 1181	1	1
0 4177	2 1182	1	1
0 1187	2 1182	1	1
0 337	2 1182	1	1
1 4577	2 1182	1	1
1 2030	2 1182	1	1
0 2628	2 1182	1	1
2 2031	2 1183	1	1
2 2240	2 1183	1	1
0 3784	2 1183	1	1
0 3026	2 1183	1	1
3 255	2 1183	1	1
3 737	2 1183	1	1
0 3228	2 1184	1	1
0 1457	2 1184	1	1
1 2686	2 1184	1	1
1 262	2 1184	1	1
3 2145	2 1184	1	1
3 1189	2 1184	1	1
2 790	2 1185	1	1
2 1723	2 1185	1	1
0 3715	2 1185	1	1
0 4030	2 1185	1	1
1 2237	2 1185	1	1
3 3796	2 1185	1	1
2 1805	2 1186	1	1
2 4190	2 1186	1	1
0 4445	2 1186	1	1
0 638	2 1186	1	1
0 4696	2 1186	1	1
1 2859	2 1186	1	1
0 690	2 1187	1	1
1 2724	2 1187	1	1
1 3017	2 1187	1	1
3 1483	2 1187	1	1
1 524	2 1187	1	1
3 637	2 1187	1	1
2 238	2 1188	1	1
0 2268	2 1188	1	1
0 1872	2 1188	1	1
1 4677	2 1188	1	1
1 4586	2 1188	1	1
1 3374	2 1188	1	1
2 3826	2 1189	1	1
1 465	2 1189	1	1
3 48	2 1189	1	1
3 3271	2 1189	1	1
3 4943	2 1189	1	1
0 2365	2 1189	1	1
2 1111	2 1190	1	1
2 1724	2 1190	1	1
2 605	2 1190	1	1
2 2743	2 1190	1	1
1 703	2 1190	1	1
1 2210	2 1190	1	1
2 4005	2 1191	1	1
2 4224	2 1191	1	1
0 3655	2 1191	1	1
0 3083	2 1191	1	1
0 683	2 1191	1	1
0 3788	2 1191	1	1
2 354	2 1192	1	1
2 277	2 1192	1	1
2 3607	2 1192	1	1
2 1326	2 1192	1	1
3 2947	2 1192	1	1
3 381	2 1192	1	1
2 1519	2 1193	1	1
2 3159	2 1193	1	1
0 2837	2 1193	1	1
1 4453	2 1193	1	1
3 4232	2 1193	1	1
0 4455	2 1193	1	1
2 1943	2 1194	1	1
0 4446	2 1194	1	1
3 2076	2 1194	1	1
3 4755	2 1194	1	1
1 14	2 1194	1	1
1 975	2 1194	1	1
0 1884	2 1195	1	1
0 3921	2 1195	1	1
1 3764	2 1195	1	1
1 3839	2 1195	1	1
1 2586	2 1195	1	1
3 140	2 1195	1	1
2 4143	2 1196	1	1
0 785	2 1196	1	1
1 2979	2 1196	1	1
1 702	2 1196	1	1
3 1593	2 1196	1	1
3 4214	2 1196	1	1
2 2620	2 1197	1	1
0 1034	2 1197	1	1
0 2841	2 1197	1	1
1 473	2 1197	1	1
1 105	2 1197	1	1
3 1438	2 1197	1	1
2 4848	2 1198	1	1
1 3013	2 1198	1	1
3 3484	2 1198	1	1
3 3973	2 1198	1	1
3 4529	2 1198	1	1
3 2627	2 1198	1	1
0 2088	2 1199	1	1
1 4948	2 1199	1	1
1 4884	2 1199	1	1
1 1546	2 1199	1	1
3 3815	2 1199	1	1
3 3918	2 1199	1	1
0 4625	2 1200	1	1
0 1994	2 1200	1	1
0 2896	2 1200	1	1
3 1120	2 1200	1	1
3 4899	2 1200	1	1
3 1348	2 1200	1	1
2 449	2 1201	1	1
1 856	2 1201	1	1
3 3729	2 1201	1	1
3 1471	2 1201	1	1
0 4031	2 1201	1	1
3 4278	2 1201	1	1
2 2148	2 1202	1	1
0 3678	2 1202	1	1
1 224	2 1202	1	1
3 2916	2 1202	1	1
1 4814	2 1202	1	1
1 1264	2 1202	1	1
0 1569	2 1203	1	1
0 4501	2 1203	1	1
0 1425	2 1203	1	1
1 2738	2 1203	1	1
1 3932	2 1203	1	1
0 1641	2 1203	1	1
2 443	2 1204	1	1
2 1004	2 1204	1	1
0 2117	2 1204	1	1
0 1875	2 1204	1	1
1 4964	2 1204	1	1
1 360	2 1204	1	1
0 4381	2 1205	1	1
0 4535	2 1205	1	1
0 2939	2 1205	1	1
0 3253	2 1205	1	1
1 4892	2 1205	1	1
3 3644	2 1205	1	1
2 4931	2 1206	1	1
0 942	2 1206	1	1
1 4394	2 1206	1	1
1 2507	2 1206	1	1
3 3578	2 1206	1	1
3 1941	2 1206	1	1
2 4766	2 1207	1	1
0 1633	2 1207	1	1
1 1689	2 1207	1	1
3 2324	2 1207	1	1
1 2702	2 1207	1	1
3 1113	2 1207	1	1
2 3	2 1208	1	1
2 118	2 1208	1	1
0 3728	2 1208	1	1
0 3855	2 1208	1	1
0 1655	2 1208	1	1
1 2725	2 1208	1	1
2 395	2 1209	1	1
0 1243	2 1209	1	1
1 1383	2 1209	1	1
1 2074	2 1209	1	1
1 4822	2 1209	1	1
3 2941	2 1209	1	1
2 2258	2 1210	1	1
2 1009	2 1210	1	1
0 86	2 1210	1	1
3 4070	2 1210	1	1
1 2732	2 1210	1	1
1 467	2 1210	1	1
2 3910	2 1211	1	1
2 3860	2 1211	1	1
3 2877	2 1211	1	1
3 1695	2 1211	1	1
0 2471	2 1211	1	1
0 266	2 1211	1	1
2 336	2 1212	1	1
2 1874	2 1212	1	1
2 264	2 1212	1	1
0 1476	2 1212	1	1
3 4754	2 1212	1	1
3 1298	2 1212	1	1
1 1965	2 1213	1	1
1 250	2 1213	1	1
3 171	2 1213	1	1
3 1979	2 1213	1	1
0 1908	2 1213	1	1
3 4269	2 1213	1	1
2 2835	2 1214	1	1
1 4083	2 1214	1	1
1 590	2 1214	1	1
1 4903	2 1214	1	1
3 2378	2 1214	1	1
1 4015	2 1214	1	1
2 2872	2 1215	1	1
0 4120	2 1215	1	1
1 1248	2 1215	1	1
3 3748	2 1215	1	1
3 3732	2 1215	1	1
3 846	2 1215	1	1
2 2929	2 1216	1	1
0 3322	2 1216	1	1
0 3521	2 1216	1	1
0 1989	2 1216	1	1
1 2268	2 1216	1	1
3 670	2 1216	1	1
1 665	2 1217	1	1
1 4320	2 1217	1	1
3 3590	2 1217	1	1
3 1504	2 1217	1	1
3 2051	2 1217	1	1
1 4321	2 1217	1	1
2 367	2 1218	1	1
0 1787	2 1218	1	1
0 3932	2 1218	1	1
1 4675	2 1218	1	1
3 2294	2 1218	1	1
1 4508	2 1218	1	1
2 4532	2 1219	1	1
2 3923	2 1219	1	1
1 343	2 1219	1	1
3 4671	2 1219	1	1
3 3175	2 1219	1	1
3 57	2 1219	1	1
2 1702	2 1220	1	1
2 4065	2 1220	1	1
2 2448	2 1220	1	1
0 3866	2 1220	1	1
1 1905	2 1220	1	1
3 1294	2 1220	1	1
2 3949	2 1221	1	1
0 1942	2 1221	1	1
0 1143	2 1221	1	1
1 1070	2 1221	1	1
1 3731	2 1221	1	1
3 4820	2 1221	1	1
2 3575	2 1222	1	1
1 4501	2 1222	1	1
3 3761	2 1222	1	1
3 2990	2 1222	1	1
1 602	2 1222	1	1
1 3159	2 1222	1	1
2 2151	2 1223	1	1
0 3670	2 1223	1	1
0 455	2 1223	1	1
3 1005	2 1223	1	1
3 2064	2 1223	1	1
3 1818	2 1223	1	1
2 1632	2 1224	1	1
1 1050	2 1224	1	1
1 2180	2 1224	1	1
1 3213	2 1224	1	1
3 1050	2 1224	1	1
3 2774	2 1224	1	1
2 955	2 1225	1	1
0 2010	2 1225	1	1
0 509	2 1225	1	1
1 4846	2 1225	1	1
3 2187	2 1225	1	1
0 4520	2 1225	1	1
2 2804	2 1226	1	1
2 2091	2 1226	1	1
0 4915	2 1226	1	1
0 417	2 1226	1	1
1 1408	2 1226	1	1
1 4597	2 1226	1	1
0 146	2 1227	1	1
1 445	2 1227	1	1
3 1016	2 1227	1	1
3 4761	2 1227	1	1
1 4064	2 1227	1	1
1 3711	2 1227	1	1
2 1992	2 1228	1	1
2 3428	2 1228	1	1
2 12	2 1228	1	1
0 2465	2 1228	1	1
3 4170	2 1228	1	1
0 205	2 1228	1	1
2 4556	2 1229	1	1
2 3119	2 1229	1	1
0 3005	2 1229	1	1
3 3634	2 1229	1	1
3 3410	2 1229	1	1
1 596	2 1229	1	1
2 739	2 1230	1	1
2 543	2 1230	1	1
2 989	2 1230	1	1
1 1866	2 1230	1	1
1 3195	2 1230	1	1
3 2591	2 1230	1	1
2 485	2 1231	1	1
2 4646	2 1231	1	1
0 4992	2 1231	1	1
3 2616	2 1231	1	1
3 3236	2 1231	1	1
0 680	2 1231	1	1
2 1800	2 1232	1	1
2 3093	2 1232	1	1
2 2223	2 1232	1	1
0 2057	2 1232	1	1
0 1823	2 1232	1	1
1 1825	2 1232	1	1
0 3920	2 1233	1	1
0 1111	2 1233	1	1
1 4769	2 1233	1	1
1 52	2 1233	1	1
3 3128	2 1233	1	1
0 3252	2 1233	1	1
2 222	2 1234	1	1
2 4203	2 1234	1	1
3 2710	2 1234	1	1
3 3400	2 1234	1	1
3 3450	2 1234	1	1
1 1219	2 1234	1	1
2 526	2 1235	1	1
2 1713	2 1235	1	1
0 4216	2 1235	1	1
1 1266	2 1235	1	1
3 4267	2 1235	1	1
3 129	2 1235	1	1
0 4414	2 1236	1	1
1 146	2 1236	1	1
1 1625	2 1236	1	1
1 3934	2 1236	1	1
1 1972	2 1236	1	1
1 4586	2 1236	1	1
0 4961	2 1237	1	1
0 3608	2 1237	1	1
1 3906	2 1237	1	1
3 2022	2 1237	1	1
1 4707	2 1237	1	1
3 2504	2 1237	1	1
2 2353	2 1238	1	1
2 1524	2 1238	1	1
0 3223	2 1238	1	1
1 1332	2 1238	1	1
0 4409	2 1238	1	1
1 2288	2 1238	1	1
2 3787	2 1239	1	1
1 4533	2 1239	1	1
1 1774	2 1239	1	1
3 2677	2 1239	1	1
3 4396	2 1239	1	1
0 1127	2 1239	1	1
2 4019	2 1240	1	1
2 2379	2 1240	1	1
2 1062	2 1240	1	1
0 4730	2 1240	1	1
1 3388	2 1240	1	1
1 1781	2 1240	1	1
2 2582	2 1241	1	1
2 2255	2 1241	1	1
0 1879	2 1241	1	1
3 2488	2 1241	1	1
3 507	2 1241	1	1
3 3674	2 1241	1	1
0 3540	2 1242	1	1
1 2429	2 1242	1	1
1 933	2 1242	1	1
1 1592	2 1242	1	1
1 3214	2 1242	1	1
3 2608	2 1242	1	1
2 3377	2 1243	1	1
2 2711	2 1243	1	1
2 4097	2 1243	1	1
0 1332	2 1243	1	1
0 3904	2 1243	1	1
1 3778	2 1243	1	1
2 1463	2 1244	1	1
2 1175	2 1244	1	1
0 1620	2 1244	1	1
0 1406	2 1244	1	1
3 1218	2 1244	1	1
3 2017	2 1244	1	1
2 1391	2 1245	1	1
0 3100	2 1245	1	1
0 4546	2 1245	1	1
0 4625	2 1245	1	1
1 765	2 1245	1	1
3 1576	2 1245	1	1
2 1841	2 1246	1	1
2 3912	2 1246	1	1
0 1295	2 1246	1	1
0 2000	2 1246	1	1
0 40	2 1246	1	1
3 1781	2 1246	1	1
2 2001	2 1247	1	1
2 3439	2 1247	1	1
2 1859	2 1247	1	1
0 4052	2 1247	1	1
0 4382	2 1247	1	1
3 4350	2 1247	1	1
2 1415	2 1248	1	1
0 3096	2 1248	1	1
1 4603	2 1248	1	1
3 1126	2 1248	1	1
3 4325	2 1248	1	1
3 4404	2 1248	1	1
0 2620	2 1249	1	1
1 630	2 1249	1	1
3 59	2 1249	1	1
0 1132	2 1249	1	1
0 2198	2 1249	1	1
1 4393	2 1249	1	1
2 16	2 1250	1	1
0 4776	2 1250	1	1
0 2292	2 1250	1	1
0 3905	2 1250	1	1
3 1651	2 1250	1	1
1 2366	2 1250	1	1
2 3501	2 1251	1	1
2 4430	2 1251	1	1
1 1865	2 1251	1	1
3 1178	2 1251	1	1
3 51	2 1251	1	1
3 2226	2 1251	1	1
2 1659	2 1252	1	1
2 1636	2 1252	1	1
0 3856	2 1252	1	1
0 1266	2 1252	1	1
0 2063	2 1252	1	1
1 2223	2 1252	1	1
2 4750	2 1253	1	1
2 1367	2 1253	1	1
0 1905	2 1253	1	1
1 4504	2 1253	1	1
1 537	2 1253	1	1
3 4909	2 1253	1	1
2 4805	2 1254	1	1
2 4917	2 1254	1	1
0 2089	2 1254	1	1
3 2539	2 1254	1	1
3 1466	2 1254	1	1
3 1383	2 1254	1	1
2 1106	2 1255	1	1
1 2397	2 1255	1	1
3 2196	2 1255	1	1
3 2859	2 1255	1	1
3 2431	2 1255	1	1
1 4365	2 1255	1	1
0 4276	2 1256	1	1
0 4199	2 1256	1	1
0 1296	2 1256	1	1
1 3262	2 1256	1	1
3 3405	2 1256	1	1
3 758	2 1256	1	1
2 2194	2 1257	1	1
2 2199	2 1257	1	1
0 3271	2 1257	1	1
1 4515	2 1257	1	1
1 444	2 1257	1	1
3 3771	2 1257	1	1
2 3103	2 1258	1	1
0 1596	2 1258	1	1
0 1071	2 1258	1	1
0 702	2 1258	1	1
1 4660	2 1258	1	1
1 472	2 1258	1	1
2 2864	2 1259	1	1
2 1533	2 1259	1	1
1 1311	2 1259	1	1
1 1243	2 1259	1	1
3 1286	2 1259	1	1
1 1987	2 1259	1	1
2 226	2 1260	1	1
0 2857	2 1260	1	1
0 4320	2 1260	1	1
3 4382	2 1260	1	1
1 2115	2 1260	1	1
1 37	2 1260	1	1
1 3016	2 1261	1	1
1 2504	2 1261	1	1
3 2345	2 1261	1	1
3 2886	2 1261	1	1
0 1925	2 1261	1	1
1 3648	2 1261	1	1
2 848	2 1262	1	1
2 3768	2 1262	1	1
2 4233	2 1262	1	1
2 1994	2 1262	1	1
3 3149	2 1262	1	1
1 2846	2 1262	1	1
2 4505	2 1263	1	1
0 88	2 1263	1	1
0 3034	2 1263	1	1
1 3051	2 1263	1	1
3 1970	2 1263	1	1
3 2696	2 1263	1	1
2 2110	2 1264	1	1
2 1528	2 1264	1	1
1 3190	2 1264	1	1
1 817	2 1264	1	1
3 4829	2 1264	1	1
3 2077	2 1264	1	1
2 4637	2 1265	1	1
0 4882	2 1265	1	1
0 4291	2 1265	1	1
1 1307	2 1265	1	1
1 3795	2 1265	1	1
1 4094	2 1265	1	1
2 1337	2 1266	1	1
0 2911	2 1266	1	1
1 2659	2 1266	1	1
1 2700	2 1266	1	1
3 4563	2 1266	1	1
0 1486	2 1266	1	1
2 1398	2 1267	1	1
2 1196	2 1267	1	1
1 1573	2 1267	1	1
1 300	2 1267	1	1
0 1162	2 1267	1	1
1 3390	2 1267	1	1
0 880	2 1268	1	1
1 683	2 1268	1	1
3 1877	2 1268	1	1
3 3868	2 1268	1	1
0 3242	2 1268	1	1
1 2756	2 1268	1	1
0 2385	2 1269	1	1
0 3984	2 1269	1	1
0 916	2 1269	1	1
0 4547	2 1269	1	1
1 2882	2 1269	1	1
3 4587	2 1269	1	1
2 3325	2 1270	1	1
2 570	2 1270	1	1
2 4064	2 1270	1	1
1 2630	2 1270	1	1
3 2767	2 1270	1	1
3 2147	2 1270	1	1
2 3234	2 1271	1	1
2 1274	2 1271	1	1
0 678	2 1271	1	1
3 392	2 1271	1	1
0 2389	2 1271	1	1
1 3615	2 1271	1	1
2 4775	2 1272	1	1
0 4205	2 1272	1	1
0 2993	2 1272	1	1
0 2580	2 1272	1	1
1 4309	2 1272	1	1
3 1256	2 1272	1	1
2 1320	2 1273	1	1
2 1643	2 1273	1	1
1 2077	2 1273	1	1
3 4375	2 1273	1	1
3 4837	2 1273	1	1
3 3447	2 1273	1	1
2 2689	2 1274	1	1
2 3058	2 1274	1	1
2 2429	2 1274	1	1
2 2530	2 1274	1	1
0 390	2 1274	1	1
0 3110	2 1274	1	1
2 371	2 1275	1	1
0 1500	2 1275	1	1
0 4040	2 1275	1	1
1 2649	2 1275	1	1
3 1122	2 1275	1	1
3 107	2 1275	1	1
2 1935	2 1276	1	1
0 2522	2 1276	1	1
0 3118	2 1276	1	1
1 2060	2 1276	1	1
3 2483	2 1276	1	1
1 1228	2 1276	1	1
2 3648	2 1277	1	1
2 4988	2 1277	1	1
0 1959	2 1277	1	1
3 2329	2 1277	1	1
3 1145	2 1277	1	1
1 3227	2 1277	1	1
2 2268	2 1278	1	1
2 3564	2 1278	1	1
0 3219	2 1278	1	1
1 2934	2 1278	1	1
0 1645	2 1278	1	1
0 4059	2 1278	1	1
2 2900	2 1279	1	1
0 4128	2 1279	1	1
0 4940	2 1279	1	1
0 3457	2 1279	1	1
1 55	2 1279	1	1
3 2947	2 1279	1	1
2 2356	2 1280	1	1
0 1293	2 1280	1	1
0 1532	2 1280	1	1
0 36	2 1280	1	1
1 3013	2 1280	1	1
3 4303	2 1280	1	1
2 262	2 1281	1	1
2 2266	2 1281	1	1
0 1138	2 1281	1	1
0 140	2 1281	1	1
1 1226	2 1281	1	1
3 404	2 1281	1	1
2 2887	2 1282	1	1
1 4868	2 1282	1	1
1 1715	2 1282	1	1
3 3654	2 1282	1	1
3 623	2 1282	1	1
3 3794	2 1282	1	1
2 1786	2 1283	1	1
0 638	2 1283	1	1
1 813	2 1283	1	1
1 1210	2 1283	1	1
1 939	2 1283	1	1
3 401	2 1283	1	1
2 1391	2 1284	1	1
2 1844	2 1284	1	1
2 4679	2 1284	1	1
0 48	2 1284	1	1
1 4418	2 1284	1	1
1 4746	2 1284	1	1
2 3346	2 1285	1	1
1 4654	2 1285	1	1
1 4717	2 1285	1	1
3 1603	2 1285	1	1
3 3516	2 1285	1	1
0 4371	2 1285	1	1
2 4432	2 1286	1	1
0 219	2 1286	1	1
1 4980	2 1286	1	1
1 4914	2 1286	1	1
3 3156	2 1286	1	1
3 330	2 1286	1	1
2 2649	2 1287	1	1
2 3147	2 1287	1	1
0 1245	2 1287	1	1
1 4921	2 1287	1	1
1 1384	2 1287	1	1
1 1967	2 1287	1	1
2 4003	2 1288	1	1
2 2410	2 1288	1	1
0 2759	2 1288	1	1
0 351	2 1288	1	1
1 2559	2 1288	2	1
2 1075	2 1289	1	1
0 4812	2 1289	1	1
1 2247	2 1289	1	1
1 2747	2 1289	1	1
3 2386	2 1289	1	1
3 3854	2 1289	1	1
2 4091	2 1290	1	1
1 2444	2 1290	1	1
1 321	2 1290	1	1
1 2778	2 1290	1	1
3 1709	2 1290	1	1
3 3779	2 1290	1	1
2 1851	2 1291	1	1
0 2334	2 1291	1	1
1 3845	2 1291	1	1
0 3230	2 1291	1	1
0 2608	2 1291	1	1
1 4323	2 1291	1	1
2 1525	2 1292	1	1
2 541	2 1292	1	1
2 1560	2 1292	1	1
1 3916	2 1292	1	1
1 1666	2 1292	1	1
3 3562	2 1292	1	1
2 2777	2 1293	1	1
2 385	2 1293	1	1
1 3379	2 1293	1	1
3 2662	2 1293	1	1
3 4584	2 1293	1	1
0 2743	2 1293	1	1
2 22	2 1294	1	1
0 4514	2 1294	1	1
1 2959	2 1294	1	1
1 4774	2 1294	1	1
1 153	2 1294	1	1
3 1385	2 1294	1	1
2 3509	2 1295	1	1
0 3243	2 1295	1	1
1 1385	2 1295	1	1
3 1394	2 1295	1	1
0 1778	2 1295	1	1
0 1469	2 1295	1	1
1 4661	2 1296	1	1
1 3235	2 1296	1	1
3 1665	2 1296	1	1
3 1888	2 1296	1	1
3 3149	2 1296	1	1
1 3134	2 1296	1	1
2 2746	2 1297	1	1
2 190	2 1297	1	1
2 4055	2 1297	1	1
0 2407	2 1297	1	1
3 1101	2 1297	1	1
1 672	2 1297	1	1
2 272	2 1298	1	1
2 473	2 1298	1	1
2 2111	2 1298	1	1
1 2159	2 1298	1	1
3 3188	2 1298	1	1
3 2823	2 1298	1	1
2 4107	2 1299	1	1
2 3602	2 1299	1	1
0 1857	2 1299	1	1
0 2211	2 1299	1	1
3 4619	2 1299	1	1
3 3812	2 1299	1	1
2 2023	2 1300	1	1
1 3824	2 1300	1	1
1 3000	2 1300	1	1
1 4258	2 1300	1	1
1 1543	2 1300	1	1
1 497	2 1300	1	1
2 4379	2 1301	1	1
0 1145	2 1301	1	1
0 4162	2 1301	1	1
0 1664	2 1301	1	1
1 3347	2 1301	1	1
0 4762	2 1301	1	1
2 4650	2 1302	1	1
0 1147	2 1302	1	1
0 385	2 1302	1	1
1 2669	2 1302	1	1
1 2807	2 1302	1	1
0 1369	2 1302	1	1
2 3383	2 1303	1	1
0 1992	2 1303	1	1
0 3759	2 1303	1	1
3 4352	2 1303	1	1
0 4461	2 1303	1	1
3 4360	2 1303	1	1
2 3236	2 1304	1	1
2 3944	2 1304	1	1
0 2396	2 1304	1	1
0 1182	2 1304	1	1
1 2021	2 1304	1	1
1 716	2 1304	1	1
2 4894	2 1305	1	1
2 892	2 1305	1	1
0 1642	2 1305	1	1
3 1924	2 1305	1	1
3 912	2 1305	1	1
1 1095	2 1305	1	1
0 964	2 1306	1	1
0 1432	2 1306	1	1
0 1476	2 1306	1	1
0 4537	2 1306	1	1
3 2979	2 1306	1	1
1 1855	2 1306	1	1
0 3532	2 1307	1	1
0 3417	2 1307	1	1
1 992	2 1307	1	1
3 974	2 1307	1	1
3 3351	2 1307	1	1
0 4556	2 1307	1	1
2 410	2 1308	1	1
2 1436	2 1308	1	1
2 2260	2 1308	1	1
2 1751	2 1308	1	1
2 1714	2 1308	1	1
3 3277	2 1308	1	1
2 759	2 1309	1	1
1 3874	2 1309	1	1
1 1450	2 1309	1	1
1 571	2 1309	1	1
3 426	2 1309	1	1
3 222	2 1309	1	1
2 4291	2 1310	1	1
0 2879	2 1310	1	1
3 2069	2 1310	1	1
3 2500	2 1310	1	1
0 4851	2 1310	1	1
3 3415	2 1310	1	1
2 3958	2 1311	1	1
2 1682	2 1311	1	1
0 2243	2 1311	1	1
1 3077	2 1311	1	1
3 1568	2 1311	1	1
0 2345	2 1311	1	1
2 3216	2 1312	1	1
2 1877	2 1312	1	1
2 570	2 1312	1	1
0 4478	2 1312	1	1
3 2093	2 1312	1	1
0 41	2 1312	1	1
0 3199	2 1313	1	1
0 2253	2 1313	1	1
1 2880	2 1313	1	1
1 3594	2 1313	1	1
1 3843	2 1313	1	1
3 749	2 1313	1	1
2 193	2 1314	1	1
2 374	2 1314	1	1
2 3788	2 1314	1	1
0 3839	2 1314	1	1
0 2004	2 1314	1	1
3 2204	2 1314	1	1
0 3643	2 1315	1	1
0 3766	2 1315	1	1
0 285	2 1315	1	1
1 2391	2 1315	1	1
3 2772	2 1315	1	1
0 1445	2 1315	1	1
2 1717	2 1316	1	1
2 508	2 1316	1	1
3 1245	2 1316	1	1
3 4492	2 1316	1	1
1 4840	2 1316	1	1
3 1799	2 1316	1	1
2 3922	2 1317	1	1
0 3584	2 1317	1	1
3 2053	2 1317	1	1
3 2630	2 1317	1	1
1 4329	2 1317	1	1
0 4838	2 1317	1	1
0 2548	2 1318	1	1
1 4150	2 1318	1	1
3 4337	2 1318	1	1
3 2283	2 1318	1	1
3 1453	2 1318	1	1
1 3242	2 1318	1	1
2 1077	2 1319	1	1
0 112	2 1319	1	1
0 4076	2 1319	1	1
3 1463	2 1319	1	1
3 1476	2 1319	1	1
1 4413	2 1319	1	1
2 444	2 1320	1	1
0 1831	2 1320	1	1
0 3426	2 1320	1	1
3 1109	2 1320	1	1
3 1419	2 1320	1	1
3 4376	2 1320	1	1
2 764	2 1321	1	1
2 4641	2 1321	1	1
2 462	2 1321	1	1
0 2699	2 1321	1	1
3 4045	2 1321	1	1
3 4059	2 1321	1	1
2 2202	2 1322	1	1
2 2308	2 1322	1	1
2 1232	2 1322	1	1
0 1160	2 1322	1	1
3 3824	2 1322	1	1
1 3660	2 1322	1	1
2 1218	2 1323	1	1
2 1890	2 1323	1	1
0 442	2 1323	1	1
0 3560	2 1323	1	1
1 669	2 1323	1	1
3 1861	2 1323	1	1
2 2587	2 1324	1	1
2 886	2 1324	1	1
0 418	2 1324	1	1
0 476	2 1324	1	1
3 2634	2 1324	1	1
0 1068	2 1324	1	1
2 1548	2 1325	1	1
1 4356	2 1325	1	1
1 2042	2 1325	1	1
3 1324	2 1325	1	1
3 1342	2 1325	1	1
3 260	2 1325	1	1
2 3644	2 1326	1	1
2 4381	2 1326	1	1
1 3183	2 1326	1	1
1 119	2 1326	1	1
1 2193	2 1326	1	1
3 1500	2 1326	1	1
2 417	2 1327	1	1
2 2006	2 1327	1	1
2 3952	2 1327	1	1
1 2399	2 1327	1	1
3 1971	2 1327	1	1
3 3893	2 1327	1	1
2 1074	2 1328	1	1
2 1545	2 1328	1	1
2 1500	2 1328	1	1
0 1834	2 1328	1	1
1 392	2 1328	1	1
1 4553	2 1328	1	1
0 3905	2 1329	1	1
1 1310	2 1329	1	1
1 1356	2 1329	1	1
1 1726	2 1329	1	1
0 1679	2 1329	1	1
1 3759	2 1329	1	1
2 1844	2 1330	1	1
0 1254	2 1330	1	1
0 4121	2 1330	1	1
1 3702	2 1330	1	1
3 122	2 1330	1	1
3 1773	2 1330	1	1
2 1840	2 1331	1	1
0 487	2 1331	1	1
1 477	2 1331	1	1
3 3727	2 1331	1	1
3 1009	2 1331	1	1
3 4135	2 1331	1	1
2 756	2 1332	1	1
0 2630	2 1332	1	1
1 3384	2 1332	1	1
1 896	2 1332	1	1
3 908	2 1332	1	1
1 3285	2 1332	1	1
2 1918	2 1333	1	1
0 4111	2 1333	1	1
1 3476	2 1333	1	1
1 580	2 1333	1	1
3 4534	2 1333	1	1
3 4626	2 1333	1	1
0 2401	2 1334	1	1
0 72	2 1334	1	1
1 3187	2 1334	1	1
1 3427	2 1334	1	1
3 3374	2 1334	1	1
3 711	2 1334	1	1
0 4867	2 1335	1	1
1 4035	2 1335	1	1
1 2397	2 1335	1	1
3 2330	2 1335	1	1
0 284	2 1335	1	1
3 4562	2 1335	1	1
2 4907	2 1336	1	1
1 4045	2 1336	1	1
1 3864	2 1336	1	1
3 2117	2 1336	1	1
3 4719	2 1336	1	1
3 4215	2 1336	1	1
2 3134	2 1337	1	1
2 4165	2 1337	1	1
2 4970	2 1337	1	1
0 2712	2 1337	1	1
1 921	2 1337	1	1
3 371	2 1337	1	1
0 4820	2 1338	1	1
1 3533	2 1338	1	1
3 2134	2 1338	1	1
3 573	2 1338	1	1
1 3138	2 1338	1	1
3 3108	2 1338	1	1
2 3142	2 1339	1	1
2 3680	2 1339	1	1
0 4655	2 1339	1	1
0 4463	2 1339	1	1
1 757	2 1339	1	1
3 2679	2 1339	1	1
2 819	2 1340	1	1
2 3983	2 1340	1	1
1 1605	2 1340	1	1
3 442	2 1340	1	1
3 797	2 1340	1	1
0 4907	2 1340	1	1
1 4560	2 1341	1	1
1 4169	2 1341	1	1
3 3857	2 1341	1	1
3 1462	2 1341	1	1
0 3159	2 1341	1	1
3 4549	2 1341	1	1
0 1608	2 1342	1	1
0 3895	2 1342	1	1
1 3278	2 1342	1	1
1 862	2 1342	1	1
1 3822	2 1342	1	1
3 4440	2 1342	1	1
2 3860	2 1343	1	1
2 3428	2 1343	1	1
1 2951	2 1343	1	1
1 2186	2 1343	1	1
3 4144	2 1343	1	1
1 479	2 1343	1	1
2 3794	2 1344	1	1
2 3793	2 1344	1	1
2 2842	2 1344	1	1
1 1867	2 1344	1	1
1 4996	2 1344	1	1
3 449	2 1344	1	1
2 170	2 1345	1	1
2 1463	2 1345	1	1
0 584	2 1345	1	1
1 1267	2 1345	1	1
3 4110	2 1345	1	1
0 1232	2 1345	1	1
2 4116	2 1346	1	1
2 3105	2 1346	1	1
2 418	2 1346	1	1
2 2274	2 1346	1	1
0 2497	2 1346	1	1
3 2296	2 1346	1	1
2 4712	2 1347	1	1
2 4821	2 1347	1	1
0 4273	2 1347	1	1
0 3136	2 1347	1	1
3 1619	2 1347	1	1
0 4820	2 1347	1	1
2 839	2 1348	1	1
0 3612	2 1348	1	1
0 2794	2 1348	1	1
1 4691	2 1348	1	1
1 3895	2 1348	1	1
1 3101	2 1348	1	1
2 3764	2 1349	1	1
2 3818	2 1349	1	1
2 3001	2 1349	1	1
0 1738	2 1349	1	1
3 2858	2 1349	1	1
0 3485	2 1349	1	1
2 3548	2 1350	1	1
0 2734	2 1350	1	1
1 9	2 1350	1	1
1 212	2 1350	1	1
3 1534	2 1350	1	1
1 3114	2 1350	1	1
0 2174	2 1351	1	1
0 3157	2 1351	1	1
3 2459	2 1351	1	1
3 2085	2 1351	1	1
3 543	2 1351	1	1
3 3114	2 1351	1	1
0 3704	2 1352	1	1
0 1331	2 1352	1	1
0 4775	2 1352	1	1
1 3536	2 1352	1	1
3 3866	2 1352	1	1
3 888	2 1352	1	1
2 4891	2 1353	1	1
2 3639	2 1353	1	1
0 2343	2 1353	1	1
1 4668	2 1353	1	1
1 3015	2 1353	1	1
3 4055	2 1353	1	1
0 1605	2 1354	1	1
1 2834	2 1354	1	1
1 1221	2 1354	1	1
3 4434	2 1354	1	1
1 4728	2 1354	1	1
1 4761	2 1354	1	1
2 3175	2 1355	1	1
2 4857	2 1355	1	1
0 2627	2 1355	1	1
1 1258	2 1355	1	1
1 893	2 1355	1	1
3 4968	2 1355	1	1
2 2783	2 1356	1	1
0 1544	2 1356	1	1
0 21	2 1356	1	1
1 907	2 1356	1	1
1 262	2 1356	1	1
3 4449	2 1356	1	1
2 2164	2 1357	1	1
2 2287	2 1357	1	1
0 16	2 1357	1	1
1 3825	2 1357	1	1
3 627	2 1357	1	1
3 4428	2 1357	1	1
0 3337	2 1358	1	1
3 269	2 1358	1	1
3 3216	2 1358	1	1
3 2718	2 1358	1	1
3 2323	2 1358	1	1
0 479	2 1358	1	1
2 4425	2 1359	1	1
2 3488	2 1359	1	1
0 420	2 1359	1	1
1 2506	2 1359	1	1
3 2906	2 1359	1	1
3 1186	2 1359	1	1
2 2834	2 1360	1	1
2 1362	2 1360	1	1
0 2423	2 1360	1	1
0 4884	2 1360	1	1
3 3503	2 1360	1	1
0 2722	2 1360	1	1
2 3356	2 1361	1	1
2 3980	2 1361	1	1
0 3335	2 1361	1	1
3 4670	2 1361	1	1
3 2582	2 1361	1	1
3 4870	2 1361	1	1
2 3222	2 1362	1	1
0 447	2 1362	1	1
0 4640	2 1362	1	1
0 2533	2 1362	1	1
1 252	2 1362	1	1
3 3682	2 1362	1	1
2 2543	2 1363	1	1
2 4846	2 1363	1	1
2 2059	2 1363	1	1
0 2801	2 1363	1	1
3 3681	2 1363	1	1
3 3091	2 1363	1	1
2 638	2 1364	1	1
2 3309	2 1364	1	1
1 2754	2 1364	1	1
1 3	2 1364	1	1
3 668	2 1364	1	1
3 1299	2 1364	1	1
2 2100	2 1365	1	1
0 650	2 1365	1	1
0 1249	2 1365	1	1
1 4813	2 1365	1	1
3 705	2 1365	1	1
3 1719	2 1365	1	1
2 4824	2 1366	1	1
2 3162	2 1366	1	1
2 4739	2 1366	1	1
0 4428	2 1366	1	1
1 4066	2 1366	1	1
3 1789	2 1366	1	1
2 3751	2 1367	1	1
0 2680	2 1367	1	1
0 4315	2 1367	1	1
3 3508	2 1367	1	1
1 2166	2 1367	1	1
3 1359	2 1367	1	1
2 3982	2 1368	1	1
2 1359	2 1368	1	1
0 1276	2 1368	1	1
0 617	2 1368	1	1
1 2637	2 1368	1	1
1 902	2 1368	1	1
2 3189	2 1369	1	1
2 1232	2 1369	1	1
2 3627	2 1369	1	1
0 4516	2 1369	1	1
0 3429	2 1369	1	1
1 4780	2 1369	1	1
2 1349	2 1370	1	1
2 1895	2 1370	1	1
0 4404	2 1370	1	1
0 2418	2 1370	1	1
1 3368	2 1370	1	1
3 3023	2 1370	1	1
2 2959	2 1371	1	1
1 1660	2 1371	1	1
3 1468	2 1371	1	1
3 448	2 1371	1	1
3 4451	2 1371	1	1
3 1870	2 1371	1	1
2 719	2 1372	1	1
0 1623	2 1372	1	1
1 4259	2 1372	1	1
3 805	2 1372	1	1
0 4550	2 1372	1	1
1 283	2 1372	1	1
2 669	2 1373	1	1
1 717	2 1373	1	1
1 1344	2 1373	1	1
1 4527	2 1373	1	1
1 4095	2 1373	1	1
3 3354	2 1373	1	1
2 1012	2 1374	1	1
2 4725	2 1374	1	1
0 4742	2 1374	1	1
1 3814	2 1374	1	1
3 1731	2 1374	1	1
3 487	2 1374	1	1
2 241	2 1375	1	1
2 1262	2 1375	1	1
1 3581	2 1375	1	1
1 2459	2 1375	1	1
3 2274	2 1375	1	1
3 2385	2 1375	1	1
2 3145	2 1376	1	1
0 1042	2 1376	1	1
0 1696	2 1376	1	1
1 1469	2 1376	1	1
1 1821	2 1376	1	1
1 1668	2 1376	1	1
2 2017	2 1377	1	1
0 2968	2 1377	1	1
3 4807	2 1377	1	1
3 615	2 1377	1	1
3 3921	2 1377	1	1
0 1516	2 1377	1	1
2 2388	2 1378	1	1
2 1890	2 1378	1	1
2 19	2 1378	1	1
0 505	2 1378	1	1
1 1214	2 1378	1	1
1 4219	2 1378	1	1
2 2600	2 1379	1	1
0 4948	2 1379	1	1
0 824	2 1379	1	1
1 2634	2 1379	1	1
1 4731	2 1379	1	1
1 4088	2 1379	1	1
2 2600	2 1380	1	1
0 1186	2 1380	1	1
0 2932	2 1380	1	1
0 1892	2 1380	1	1
1 1691	2 1380	1	1
3 2931	2 1380	1	1
2 379	2 1381	1	1
2 4314	2 1381	1	1
0 4111	2 1381	1	1
0 3480	2 1381	1	1
1 3591	2 1381	1	1
0 3350	2 1381	1	1
2 1001	2 1382	1	1
2 4344	2 1382	1	1
1 4691	2 1382	1	1
3 3775	2 1382	1	1
3 2705	2 1382	1	1
3 3224	2 1382	1	1
2 4674	2 1383	1	1
2 1102	2 1383	1	1
0 1463	2 1383	1	1
1 2579	2 1383	1	1
1 758	2 1383	1	1
0 3653	2 1383	1	1
2 3245	2 1384	1	1
0 393	2 1384	1	1
1 886	2 1384	1	1
1 202	2 1384	1	1
1 4639	2 1384	1	1
3 333	2 1384	1	1
2 3794	2 1385	1	1
0 3031	2 1385	1	1
1 3881	2 1385	1	1
1 1360	2 1385	1	1
3 2031	2 1385	1	1
3 3812	2 1385	1	1
2 4599	2 1386	1	1
0 4759	2 1386	1	1
1 1193	2 1386	1	1
3 3672	2 1386	1	1
3 2600	2 1386	1	1
3 2241	2 1386	1	1
2 3732	2 1387	1	1
2 2259	2 1387	1	1
1 1834	2 1387	1	1
3 4037	2 1387	1	1
3 760	2 1387	1	1
3 2568	2 1387	1	1
2 4609	2 1388	1	1
0 2222	2 1388	1	1
0 1224	2 1388	1	1
0 1601	2 1388	1	1
3 4312	2 1388	1	1
3 359	2 1388	1	1
2 1142	2 1389	1	1
2 2660	2 1389	1	1
2 509	2 1389	1	1
0 4156	2 1389	1	1
1 2656	2 1389	1	1
1 3707	2 1389	1	1
2 528	2 1390	1	1
2 3223	2 1390	1	1
0 4892	2 1390	1	1
0 3550	2 1390	1	1
0 758	2 1390	1	1
3 2095	2 1390	1	1
0 4834	2 1391	1	1
1 3863	2 1391	1	1
1 3977	2 1391	1	1
1 3630	2 1391	1	1
1 552	2 1391	1	1
3 3446	2 1391	1	1
2 681	2 1392	1	1
0 1528	2 1392	1	1
0 1695	2 1392	1	1
0 340	2 1392	1	1
0 3595	2 1392	1	1
3 4228	2 1392	1	1
2 755	2 1393	1	1
2 722	2 1393	1	1
0 1669	2 1393	1	1
3 555	2 1393	1	1
3 3935	2 1393	1	1
3 2043	2 1393	1	1
0 4703	2 1394	1	1
0 2457	2 1394	1	1
1 1645	2 1394	1	1
1 4254	2 1394	1	1
1 4917	2 1394	1	1
1 2669	2 1394	1	1
2 784	2 1395	1	1
1 4452	2 1395	1	1
1 3540	2 1395	1	1
3 3814	2 1395	1	1
3 2791	2 1395	1	1
1 404	2 1395	1	1
0 1837	2 1396	1	1
0 1494	2 1396	1	1
0 4676	2 1396	1	1
1 4876	2 1396	1	1
1 3491	2 1396	1	1
3 2073	2 1396	1	1
2 1758	2 1397	1	1
2 146	2 1397	1	1
2 3554	2 1397	1	1
0 3061	2 1397	1	1
3 1854	2 1397	1	1
0 323	2 1397	1	1
2 4468	2 1398	1	1
2 4090	2 1398	1	1
1 823	2 1398	1	1
3 1995	2 1398	1	1
3 344	2 1398	1	1
3 3483	2 1398	1	1
2 2215	2 1399	1	1
0 4072	2 1399	1	1
1 3916	2 1399	1	1
1 137	2 1399	1	1
3 4811	2 1399	1	1
3 3426	2 1399	1	1
2 3746	2 1400	1	1
2 3401	2 1400	1	1
0 647	2 1400	1	1
0 1047	2 1400	1	1
1 676	2 1400	1	1
0 1993	2 1400	1	1
2 1093	2 1401	1	1
2 888	2 1401	1	1
0 27	2 1401	1	1
0 82	2 1401	1	1
1 4658	2 1401	1	1
3 3595	2 1401	1	1
0 4042	2 1402	1	1
0 4295	2 1402	1	1
1 3764	2 1402	1	1
1 2064	2 1402	1	1
3 2480	2 1402	1	1
3 683	2 1402	1	1
2 1914	2 1403	1	1
0 3410	2 1403	1	1
1 2762	2 1403	1	1
1 3196	2 1403	1	1
3 3339	2 1403	1	1
0 1918	2 1403	1	1
2 171	2 1404	1	1
2 2078	2 1404	1	1
0 67	2 1404	1	1
1 4934	2 1404	1	1
1 4340	2 1404	1	1
3 2397	2 1404	1	1
2 2243	2 1405	1	1
1 1924	2 1405	1	1
3 958	2 1405	1	1
3 893	2 1405	1	1
3 1132	2 1405	1	1
1 2070	2 1405	1	1
2 635	2 1406	1	1
0 1619	2 1406	1	1
0 1716	2 1406	1	1
3 712	2 1406	1	1
3 2513	2 1406	1	1
0 263	2 1406	1	1
2 2794	2 1407	1	1
2 2887	2 1407	1	1
0 3802	2 1407	1	1
1 2859	2 1407	1	1
3 2882	2 1407	1	1
1 3572	2 1407	1	1
2 605	2 1408	1	1
2 2454	2 1408	1	1
0 3323	2 1408	1	1
3 195	2 1408	1	1
3 3134	2 1408	1	1
3 2751	2 1408	1	1
0 3833	2 1409	1	1
0 3274	2 1409	1	1
3 2879	2 1409	1	1
3 790	2 1409	1	1
3 733	2 1409	1	1
3 4682	2 1409	1	1
2 1702	2 1410	1	1
2 3383	2 1410	1	1
1 916	2 1410	1	1
3 2370	2 1410	1	1
0 1170	2 1410	1	1
1 2316	2 1410	1	1
2 2615	2 1411	1	1
2 2367	2 1411	1	1
2 3454	2 1411	1	1
0 246	2 1411	1	1
3 4599	2 1411	1	1
3 4786	2 1411	1	1
0 985	2 1412	1	1
0 1842	2 1412	1	1
0 271	2 1412	1	1
1 4862	2 1412	1	1
0 708	2 1412	1	1
3 3623	2 1412	1	1
2 595	2 1413	1	1
2 465	2 1413	1	1
0 1620	2 1413	1	1
1 4410	2 1413	1	1
1 677	2 1413	1	1
3 1240	2 1413	1	1
2 4851	2 1414	1	1
2 2959	2 1414	1	1
0 3328	2 1414	1	1
1 1249	2 1414	1	1
3 134	2 1414	1	1
3 3876	2 1414	1	1
2 163	2 1415	1	1
0 444	2 1415	1	1
0 366	2 1415	1	1
0 2994	2 1415	1	1
1 2753	2 1415	1	1
1 417	2 1415	1	1
0 3770	2 1416	1	1
0 1371	2 1416	1	1
0 2980	2 1416	1	1
1 4029	2 1416	1	1
1 1942	2 1416	1	1
3 268	2 1416	1	1
2 3066	2 1417	1	1
0 3776	2 1417	1	1
0 1905	2 1417	1	1
3 4224	2 1417	1	1
3 1089	2 1417	1	1
0 1657	2 1417	1	1
2 392	2 1418	1	1
0 4273	2 1418	1	1
3 2557	2 1418	1	1
3 4881	2 1418	1	1
3 4247	2 1418	1	1
0 4283	2 1418	1	1
2 213	2 1419	1	1
2 2107	2 1419	1	1
0 4960	2 1419	1	1
1 4007	2 1419	1	1
1 3397	2 1419	1	1
0 3957	2 1419	1	1
2 4687	2 1420	1	1
0 288	2 1420	1	1
0 452	2 1420	1	1
3 2163	2 1420	1	1
0 1690	2 1420	1	1
0 318	2 1420	1	1
2 1746	2 1421	1	1
2 829	2 1421	1	1
1 1653	2 1421	1	1
1 1033	2 1421	1	1
1 2688	2 1421	1	1
3 3618	2 1421	1	1
2 3647	2 1422	1	1
0 3244	2 1422	1	1
1 4604	2 1422	1	1
1 4281	2 1422	1	1
1 4034	2 1422	1	1
3 2604	2 1422	1	1
2 3874	2 1423	1	1
2 1478	2 1423	1	1
0 3211	2 1423	1	1
0 4899	2 1423	1	1
3 2927	2 1423	1	1
0 1848	2 1423	1	1
2 3883	2 1424	1	1
2 765	2 1424	1	1
2 888	2 1424	1	1
1 1281	2 1424	1	1
3 3961	2 1424	1	1
3 1473	2 1424	1	1
2 2998	2 1425	1	1
2 1207	2 1425	1	1
1 1918	2 1425	1	1
3 1973	2 1425	1	1
3 337	2 1425	1	1
3 3154	2 1425	1	1
2 3867	2 1426	1	1
2 4868	2 1426	1	1
2 1719	2 1426	1	1
1 1503	2 1426	1	1
3 4610	2 1426	1	1
0 3470	2 1426	1	1
2 1515	2 1427	1	1
1 1240	2 1427	1	1
3 3168	2 1427	1	1
3 1582	2 1427	1	1
3 1306	2 1427	1	1
1 11	2 1427	1	1
2 4417	2 1428	1	1
0 1695	2 1428	1	1
0 1852	2 1428	1	1
1 4584	2 1428	1	1
1 689	2 1428	1	1
3 3728	2 1428	1	1
2 1973	2 1429	1	1
2 4410	2 1429	1	1
2 4304	2 1429	1	1
2 1324	2 1429	1	1
1 3951	2 1429	1	1
1 1434	2 1429	1	1
2 209	2 1430	1	1
1 4566	2 1430	1	1
3 2178	2 1430	1	1
0 683	2 1430	1	1
3 4540	2 1430	1	1
0 4036	2 1430	1	1
2 1768	2 1431	1	1
1 2707	2 1431	1	1
1 4793	2 1431	1	1
3 4572	2 1431	1	1
3 2193	2 1431	1	1
3 676	2 1431	1	1
2 2704	2 1432	1	1
0 4602	2 1432	1	1
1 3125	2 1432	1	1
1 1985	2 1432	1	1
1 4491	2 1432	1	1
1 41	2 1432	1	1
0 612	2 1433	1	1
0 3568	2 1433	1	1
0 3893	2 1433	1	1
1 4611	2 1433	1	1
1 3018	2 1433	1	1
1 452	2 1433	1	1
0 4761	2 1434	1	1
0 3557	2 1434	1	1
1 3882	2 1434	1	1
1 4845	2 1434	1	1
1 4477	2 1434	1	1
1 2835	2 1434	1	1
2 2867	2 1435	1	1
2 582	2 1435	1	1
1 2071	2 1435	1	1
1 4520	2 1435	1	1
3 1870	2 1435	1	1
0 3868	2 1435	1	1
2 2000	2 1436	1	1
1 2174	2 1436	1	1
1 4325	2 1436	1	1
1 3652	2 1436	1	1
1 980	2 1436	1	1
0 2166	2 1436	1	1
2 3664	2 1437	1	1
2 3372	2 1437	1	1
2 3043	2 1437	1	1
3 227	2 1437	1	1
3 3157	2 1437	1	1
0 2443	2 1437	1	1
2 3653	2 1438	1	1
0 3293	2 1438	1	1
1 3848	2 1438	1	1
1 2535	2 1438	1	1
3 4141	2 1438	1	1
3 1135	2 1438	1	1
2 3633	2 1439	1	1
2 2164	2 1439	1	1
2 191	2 1439	1	1
2 3904	2 1439	1	1
2 2191	2 1439	1	1
0 1258	2 1439	1	1
2 919	2 1440	1	1
0 4247	2 1440	1	1
1 705	2 1440	1	1
3 2494	2 1440	1	1
3 1176	2 1440	1	1
3 4863	2 1440	1	1
0 2884	2 1441	1	1
1 4786	2 1441	1	1
1 748	2 1441	1	1
3 3630	2 1441	1	1
3 1765	2 1441	1	1
3 2588	2 1441	1	1
2 1538	2 1442	1	1
2 3228	2 1442	1	1
2 2414	2 1442	1	1
1 2933	2 1442	1	1
3 2023	2 1442	1	1
3 3730	2 1442	1	1
2 3054	2 1443	1	1
0 4721	2 1443	1	1
1 2084	2 1443	1	1
1 1031	2 1443	1	1
0 2576	2 1443	1	1
3 2668	2 1443	1	1
2 4421	2 1444	1	1
2 360	2 1444	1	1
2 318	2 1444	1	1
0 4164	2 1444	1	1
1 1150	2 1444	1	1
1 4176	2 1444	1	1
2 3285	2 1445	1	1
1 949	2 1445	1	1
1 1621	2 1445	1	1
1 2912	2 1445	1	1
3 2537	2 1445	1	1
3 3529	2 1445	1	1
2 3975	2 1446	1	1
0 1687	2 1446	1	1
1 4684	2 1446	1	1
3 2578	2 1446	1	1
3 3639	2 1446	1	1
3 3787	2 1446	1	1
0 4861	2 1447	1	1
1 4473	2 1447	1	1
1 1988	2 1447	1	1
3 131	2 1447	1	1
3 4945	2 1447	1	1
1 671	2 1447	1	1
2 3396	2 1448	1	1
2 2701	2 1448	1	1
3 3907	2 1448	1	1
0 2876	2 1448	1	1
0 828	2 1448	1	1
1 1610	2 1448	1	1
2 4408	2 1449	1	1
0 3725	2 1449	1	1
0 394	2 1449	1	1
1 2495	2 1449	1	1
1 44	2 1449	1	1
1 2446	2 1449	1	1
2 2039	2 1450	1	1
2 779	2 1450	1	1
0 4292	2 1450	1	1
1 352	2 1450	1	1
1 104	2 1450	1	1
0 448	2 1450	1	1
2 4908	2 1451	1	1
0 2341	2 1451	1	1
1 1126	2 1451	1	1
3 3713	2 1451	1	1
0 3092	2 1451	1	1
0 440	2 1451	1	1
2 1842	2 1452	1	1
0 3130	2 1452	1	1
1 2954	2 1452	1	1
1 3026	2 1452	1	1
3 2344	2 1452	1	1
3 2021	2 1452	1	1
2 1764	2 1453	1	1
2 733	2 1453	1	1
3 3958	2 1453	1	1
3 2198	2 1453	1	1
0 4911	2 1453	1	1
1 1934	2 1453	1	1
2 1760	2 1454	1	1
2 3787	2 1454	1	1
0 4913	2 1454	1	1
3 1795	2 1454	1	1
3 685	2 1454	1	1
3 2045	2 1454	1	1
0 3610	2 1455	1	1
1 2512	2 1455	1	1
3 2195	2 1455	1	1
3 2404	2 1455	1	1
3 4115	2 1455	1	1
0 3936	2 1455	1	1
2 3559	2 1456	1	1
0 1106	2 1456	1	1
3 3912	2 1456	1	1
3 4804	2 1456	1	1
3 1425	2 1456	1	1
1 215	2 1456	1	1
2 1357	2 1457	1	1
0 3937	2 1457	1	1
0 4847	2 1457	1	1
1 4244	2 1457	1	1
1 3762	2 1457	1	1
0 3512	2 1457	1	1
2 1816	2 1458	1	1
0 4240	2 1458	1	1
0 4772	2 1458	1	1
1 1298	2 1458	1	1
3 3226	2 1458	1	1
3 3090	2 1458	1	1
2 3403	2 1459	1	1
0 4773	2 1459	1	1
0 3405	2 1459	1	1
0 2170	2 1459	1	1
1 533	2 1459	1	1
3 4520	2 1459	1	1
2 112	2 1460	1	1
2 3080	2 1460	1	1
2 1775	2 1460	1	1
2 3337	2 1460	1	1
2 4169	2 1460	1	1
0 3304	2 1460	1	1
2 3292	2 1461	1	1
2 785	2 1461	1	1
0 128	2 1461	1	1
1 2952	2 1461	1	1
1 1167	2 1461	1	1
1 864	2 1461	1	1
2 1599	2 1462	1	1
2 1886	2 1462	1	1
1 1760	2 1462	1	1
1 1117	2 1462	1	1
1 4878	2 1462	1	1
3 4439	2 1462	1	1
2 3959	2 1463	1	1
2 2529	2 1463	1	1
0 986	2 1463	1	1
0 2661	2 1463	1	1
1 81	2 1463	1	1
0 413	2 1463	1	1
2 4657	2 1464	1	1
0 4648	2 1464	1	1
0 3036	2 1464	1	1
0 778	2 1464	1	1
0 2989	2 1464	1	1
0 2398	2 1464	1	1
2 3455	2 1465	1	1
2 162	2 1465	1	1
0 2680	2 1465	1	1
0 2909	2 1465	1	1
1 2730	2 1465	1	1
1 2462	2 1465	1	1
2 901	2 1466	1	1
0 2261	2 1466	1	1
0 969	2 1466	1	1
0 4584	2 1466	1	1
3 1692	2 1466	1	1
0 4325	2 1466	1	1
2 2333	2 1467	1	1
0 179	2 1467	1	1
1 3676	2 1467	1	1
3 2724	2 1467	1	1
3 531	2 1467	1	1
3 328	2 1467	1	1
2 2456	2 1468	1	1
2 1356	2 1468	1	1
0 3665	2 1468	1	1
1 3427	2 1468	1	1
3 3460	2 1468	1	1
1 3277	2 1468	1	1
2 4511	2 1469	1	1
0 136	2 1469	1	1
1 3899	2 1469	1	1
3 1426	2 1469	1	1
3 3050	2 1469	1	1
3 4423	2 1469	1	1
2 3738	2 1470	1	1
2 897	2 1470	1	1
2 961	2 1470	1	1
0 2484	2 1470	1	1
1 4227	2 1470	1	1
3 1563	2 1470	1	1
2 1245	2 1471	1	1
2 4800	2 1471	1	1
1 3064	2 1471	1	1
1 2920	2 1471	1	1
3 1335	2 1471	1	1
3 743	2 1471	1	1
2 3882	2 1472	1	1
2 4675	2 1472	1	1
0 4438	2 1472	1	1
0 1762	2 1472	1	1
0 4721	2 1472	1	1
3 3181	2 1472	1	1
2 812	2 1473	1	1
1 957	2 1473	1	1
1 561	2 1473	1	1
1 3375	2 1473	1	1
3 3043	2 1473	1	1
3 946	2 1473	1	1
2 4178	2 1474	1	1
2 2111	2 1474	1	1
2 122	2 1474	1	1
1 4178	2 1474	1	1
3 4973	2 1474	1	1
1 4013	2 1474	1	1
2 3738	2 1475	1	1
2 393	2 1475	1	1
0 2990	2 1475	1	1
1 731	2 1475	1	1
1 1058	2 1475	1	1
3 4637	2 1475	1	1
2 1161	2 1476	1	1
0 160	2 1476	1	1
1 3655	2 1476	1	1
3 4459	2 1476	1	1
3 3334	2 1476	1	1
0 4456	2 1476	1	1
2 3303	2 1477	1	1
2 2748	2 1477	1	1
0 2762	2 1477	1	1
0 2278	2 1477	1	1
0 72	2 1477	1	1
1 4590	2 1477	1	1
2 2402	2 1478	1	1
0 1051	2 1478	1	1
0 1813	2 1478	1	1
1 130	2 1478	1	1
1 664	2 1478	1	1
3 4515	2 1478	1	1
2 4157	2 1479	1	1
0 3889	2 1479	1	1
1 715	2 1479	1	1
1 3044	2 1479	1	1
1 3257	2 1479	1	1
1 2387	2 1479	1	1
0 4912	2 1480	1	1
1 2437	2 1480	1	1
1 3962	2 1480	1	1
3 2330	2 1480	1	1
0 2492	2 1480	1	1
1 3134	2 1480	1	1
2 473	2 1481	1	1
0 27	2 1481	1	1
0 3240	2 1481	1	1
3 1086	2 1481	1	1
3 1522	2 1481	1	1
3 3444	2 1481	1	1
2 700	2 1482	1	1
0 3667	2 1482	1	1
1 176	2 1482	1	1
3 3713	2 1482	1	1
3 1261	2 1482	1	1
1 2445	2 1482	1	1
2 3262	2 1483	1	1
1 4459	2 1483	1	1
1 2187	2 1483	1	1
3 1675	2 1483	1	1
3 590	2 1483	1	1
3 2249	2 1483	1	1
0 1714	2 1484	1	1
0 4489	2 1484	1	1
1 1366	2 1484	1	1
3 492	2 1484	1	1
1 4302	2 1484	1	1
1 4074	2 1484	1	1
2 3496	2 1485	1	1
2 871	2 1485	1	1
2 4262	2 1485	1	1
1 2417	2 1485	1	1
3 3864	2 1485	1	1
1 4736	2 1485	1	1
2 230	2 1486	1	1
2 2072	2 1486	1	1
0 3997	2 1486	1	1
1 3568	2 1486	1	1
1 112	2 1486	1	1
3 997	2 1486	1	1
2 4305	2 1487	1	1
1 3159	2 1487	1	1
1 837	2 1487	1	1
1 3245	2 1487	1	1
3 1674	2 1487	1	1
3 2921	2 1487	1	1
2 4371	2 1488	1	1
2 1780	2 1488	1	1
2 255	2 1488	1	1
0 3476	2 1488	1	1
1 12	2 1488	1	1
3 4217	2 1488	1	1
2 184	2 1489	1	1
2 244	2 1489	1	1
2 1952	2 1489	1	1
0 3581	2 1489	1	1
0 189	2 1489	1	1
0 2735	2 1489	1	1
2 1105	2 1490	1	1
2 2404	2 1490	1	1
2 2226	2 1490	1	1
1 1821	2 1490	1	1
3 3106	2 1490	1	1
3 3356	2 1490	1	1
2 2513	2 1491	1	1
2 2014	2 1491	1	1
0 4462	2 1491	1	1
0 2103	2 1491	1	1
1 2105	2 1491	1	1
3 889	2 1491	1	1
0 1894	2 1492	1	1
1 2906	2 1492	1	1
3 3736	2 1492	1	1
0 1995	2 1492	1	1
3 1023	2 1492	1	1
1 3016	2 1492	1	1
0 4088	2 1493	1	1
0 799	2 1493	1	1
0 1169	2 1493	1	1
1 4212	2 1493	1	1
1 3317	2 1493	1	1
1 86	2 1493	1	1
2 2763	2 1494	1	1
1 2841	2 1494	1	1
1 4294	2 1494	1	1
1 167	2 1494	1	1
3 962	2 1494	1	1
3 304	2 1494	1	1
0 1106	2 1495	1	1
1 3982	2 1495	1	1
1 3372	2 1495	1	1
3 2182	2 1495	1	1
3 2419	2 1495	1	1
3 3770	2 1495	1	1
2 4751	2 1496	1	1
0 562	2 1496	1	1
1 2952	2 1496	1	1
1 3801	2 1496	1	1
1 495	2 1496	1	1
1 1693	2 1496	1	1
2 3481	2 1497	1	1
0 3470	2 1497	1	1
1 360	2 1497	1	1
3 1711	2 1497	1	1
3 945	2 1497	1	1
3 4948	2 1497	1	1
0 91	2 1498	1	1
1 1296	2 1498	1	1
1 3853	2 1498	1	1
0 4778	2 1498	1	1
3 1751	2 1498	1	1
3 637	2 1498	1	1
2 2868	2 1499	1	1
2 2183	2 1499	1	1
0 11	2 1499	1	1
1 4757	2 1499	1	1
3 1210	2 1499	1	1
3 1559	2 1499	1	1
2 862	2 1500	1	1
2 4838	2 1500	1	1
2 2380	2 1500	1	1
2 1987	2 1500	1	1
3 4661	2 1500	1	1
1 2709	2 1500	1	1
2 1743	2 1501	1	1
2 3778	2 1501	1	1
0 2495	2 1501	1	1
1 2870	2 1501	1	1
3 863	2 1501	1	1
3 3274	2 1501	1	1
2 331	2 1502	1	1
0 2212	2 1502	1	1
3 4059	2 1502	1	1
3 1980	2 1502	1	1
1 3842	2 1502	1	1
3 3660	2 1502	1	1
2 415	2 1503	1	1
0 317	2 1503	1	1
1 2842	2 1503	1	1
1 2174	2 1503	1	1
3 4086	2 1503	1	1
3 1061	2 1503	1	1
2 3677	2 1504	1	1
0 2889	2 1504	1	1
0 1706	2 1504	1	1
1 747	2 1504	1	1
3 922	2 1504	1	1
3 203	2 1504	1	1
0 1377	2 1505	1	1
1 4742	2 1505	1	1
1 2797	2 1505	1	1
1 1329	2 1505	1	1
3 730	2 1505	1	1
3 1253	2 1505	1	1
2 3690	2 1506	1	1
0 3080	2 1506	1	1
0 4745	2 1506	1	1
1 2081	2 1506	1	1
3 333	2 1506	1	1
3 2035	2 1506	1	1
0 2186	2 1507	1	1
0 1189	2 1507	1	1
0 1886	2 1507	1	1
1 1984	2 1507	1	1
0 4676	2 1507	1	1
0 498	2 1507	1	1
2 3909	2 1508	1	1
2 3391	2 1508	1	1
2 3726	2 1508	1	1
0 3461	2 1508	1	1
3 1832	2 1508	1	1
3 2822	2 1508	1	1
2 2668	2 1509	1	1
2 469	2 1509	1	1
0 3361	2 1509	1	1
0 4038	2 1509	1	1
1 1149	2 1509	1	1
1 1927	2 1509	1	1
2 2216	2 1510	1	1
2 1582	2 1510	1	1
2 4190	2 1510	1	1
1 463	2 1510	1	1
1 2498	2 1510	1	1
3 3891	2 1510	1	1
2 104	2 1511	1	1
2 70	2 1511	1	1
1 3071	2 1511	1	1
1 1346	2 1511	1	1
1 1030	2 1511	1	1
1 4387	2 1511	1	1
2 343	2 1512	1	1
2 2077	2 1512	1	1
0 2639	2 1512	1	1
1 4711	2 1512	1	1
1 3210	2 1512	1	1
1 3197	2 1512	1	1
2 2815	2 1513	1	1
0 4450	2 1513	1	1
0 2028	2 1513	1	1
0 3665	2 1513	1	1
1 4227	2 1513	1	1
0 1655	2 1513	1	1
2 4888	2 1514	1	1
2 2389	2 1514	1	1
1 365	2 1514	1	1
1 2654	2 1514	1	1
3 3911	2 1514	1	1
1 1577	2 1514	1	1
2 2858	2 1515	1	1
2 4264	2 1515	1	1
0 332	2 1515	1	1
3 4245	2 1515	1	1
3 140	2 1515	1	1
0 1777	2 1515	1	1
2 3279	2 1516	1	1
2 1810	2 1516	1	1
2 9	2 1516	1	1
0 3497	2 1516	1	1
0 1879	2 1516	1	1
1 473	2 1516	1	1
2 3694	2 1517	1	1
2 762	2 1517	1	1
2 2263	2 1517	1	1
0 3545	2 1517	1	1
0 831	2 1517	1	1
1 2126	2 1517	1	1
2 4318	2 1518	1	1
2 724	2 1518	1	1
0 752	2 1518	1	1
1 2862	2 1518	1	1
3 926	2 1518	1	1
3 2884	2 1518	1	1
2 1085	2 1519	1	1
0 1702	2 1519	1	1
0 2745	2 1519	1	1
3 4300	2 1519	1	1
1 4050	2 1519	1	1
1 3418	2 1519	1	1
2 3294	2 1520	1	1
2 4258	2 1520	1	1
0 2043	2 1520	1	1
1 2247	2 1520	1	1
1 4349	2 1520	1	1
3 1131	2 1520	1	1
2 3606	2 1521	1	1
1 3746	2 1521	1	1
1 4626	2 1521	1	1
3 4261	2 1521	1	1
3 3739	2 1521	1	1
3 4313	2 1521	1	1
1 116	2 1522	1	1
1 4437	2 1522	1	1
1 2109	2 1522	1	1
1 2462	2 1522	1	1
1 587	2 1522	1	1
3 2816	2 1522	1	1
2 4767	2 1523	1	1
0 3075	2 1523	1	1
0 3484	2 1523	1	1
1 290	2 1523	1	1
1 2260	2 1523	1	1
3 888	2 1523	1	1
2 476	2 1524	1	1
2 2142	2 1524	1	1
0 1415	2 1524	1	1
1 288	2 1524	1	1
3 2766	2 1524	1	1
3 2948	2 1524	1	1
2 1317	2 1525	1	1
2 612	2 1525	1	1
2 1384	2 1525	1	1
0 4407	2 1525	1	1
3 3040	2 1525	1	1
3 1532	2 1525	1	1
0 2097	2 1526	1	1
1 956	2 1526	1	1
3 4516	2 1526	1	1
3 2522	2 1526	1	1
3 2397	2 1526	1	1
1 572	2 1526	1	1
2 3694	2 1527	1	1
2 3994	2 1527	1	1
0 2583	2 1527	1	1
3 833	2 1527	1	1
3 595	2 1527	1	1
3 359	2 1527	1	1
2 888	2 1528	1	1
2 426	2 1528	1	1
1 1390	2 1528	1	1
3 2467	2 1528	1	1
3 687	2 1528	1	1
1 927	2 1528	1	1
1 3079	2 1529	1	1
1 3752	2 1529	1	1
3 1895	2 1529	1	1
3 521	2 1529	1	1
3 710	2 1529	1	1
0 4679	2 1529	1	1
2 3210	2 1530	1	1
0 3572	2 1530	1	1
1 2388	2 1530	1	1
1 3442	2 1530	1	1
3 958	2 1530	1	1
0 3929	2 1530	1	1
1 2633	2 1531	1	1
1 2089	2 1531	1	1
1 2508	2 1531	1	1
1 3639	2 1531	1	1
1 720	2 1531	1	1
3 2502	2 1531	1	1
2 4990	2 1532	1	1
2 707	2 1532	1	1
2 820	2 1532	1	1
0 3109	2 1532	1	1
1 4761	2 1532	1	1
3 3747	2 1532	1	1
2 3288	2 1533	1	1
0 1375	2 1533	1	1
0 2230	2 1533	1	1
0 4268	2 1533	1	1
0 2632	2 1533	1	1
1 3011	2 1533	1	1
2 4732	2 1534	1	1
2 3540	2 1534	1	1
0 2475	2 1534	1	1
1 4660	2 1534	1	1
3 2201	2 1534	1	1
3 4855	2 1534	1	1
2 4921	2 1535	1	1
2 318	2 1535	1	1
3 2091	2 1535	1	1
3 2597	2 1535	1	1
3 4118	2 1535	1	1
1 2369	2 1535	1	1
0 4520	2 1536	1	1
0 4840	2 1536	1	1
1 4988	2 1536	1	1
1 3952	2 1536	1	1
3 1238	2 1536	1	1
3 277	2 1536	1	1
0 1469	2 1537	1	1
1 2977	2 1537	1	1
1 1730	2 1537	1	1
1 2953	2 1537	1	1
0 2359	2 1537	1	1
0 2785	2 1537	1	1
2 193	2 1538	1	1
2 885	2 1538	1	1
1 4974	2 1538	1	1
1 3883	2 1538	1	1
1 2523	2 1538	1	1
3 508	2 1538	1	1
1 4311	2 1539	1	1
1 1487	2 1539	1	1
1 1547	2 1539	1	1
3 4511	2 1539	1	1
3 1511	2 1539	1	1
3 3223	2 1539	1	1
2 2433	2 1540	1	1
2 1806	2 1540	1	1
0 1014	2 1540	1	1
1 3507	2 1540	1	1
3 2740	2 1540	1	1
1 1855	2 1540	1	1
2 3999	2 1541	1	1
0 4719	2 1541	1	1
3 1233	2 1541	1	1
3 4192	2 1541	1	1
3 2320	2 1541	1	1
3 2735	2 1541	1	1
0 2402	2 1542	1	1
0 3981	2 1542	1	1
0 4910	2 1542	1	1
0 4607	2 1542	1	1
3 587	2 1542	1	1
0 135	2 1542	1	1
2 805	2 1543	1	1
2 1640	2 1543	1	1
0 3684	2 1543	1	1
1 3448	2 1543	1	1
0 4100	2 1543	1	1
1 59	2 1543	1	1
2 3309	2 1544	1	1
1 8	2 1544	1	1
1 4102	2 1544	1	1
1 2806	2 1544	1	1
3 3592	2 1544	1	1
3 4517	2 1544	1	1
2 3509	2 1545	1	1
2 1179	2 1545	1	1
0 2246	2 1545	1	1
0 2699	2 1545	1	1
1 4665	2 1545	1	1
3 2329	2 1545	1	1
0 4547	2 1546	1	1
0 1020	2 1546	1	1
0 758	2 1546	1	1
1 2110	2 1546	1	1
3 2727	2 1546	1	1
1 4541	2 1546	1	1
2 1048	2 1547	1	1
0 3227	2 1547	1	1
0 719	2 1547	1	1
1 4751	2 1547	1	1
1 131	2 1547	1	1
0 3	2 1547	1	1
2 2963	2 1548	1	1
2 2858	2 1548	1	1
0 3082	2 1548	1	1
1 1440	2 1548	1	1
3 4853	2 1548	1	1
1 2515	2 1548	1	1
2 123	2 1549	1	1
2 4586	2 1549	1	1
0 4255	2 1549	1	1
1 539	2 1549	1	1
1 125	2 1549	1	1
3 1354	2 1549	1	1
2 3828	2 1550	1	1
2 3977	2 1550	1	1
0 285	2 1550	1	1
1 538	2 1550	1	1
3 381	2 1550	1	1
3 4390	2 1550	1	1
2 4237	2 1551	1	1
2 94	2 1551	1	1
0 2361	2 1551	1	1
1 4957	2 1551	1	1
3 4536	2 1551	1	1
3 3355	2 1551	1	1
2 4770	2 1552	1	1
2 4695	2 1552	1	1
0 561	2 1552	1	1
1 4370	2 1552	1	1
3 1686	2 1552	1	1
0 4436	2 1552	1	1
2 3747	2 1553	1	1
2 4071	2 1553	1	1
2 3827	2 1553	1	1
2 738	2 1553	1	1
1 4965	2 1553	1	1
3 1781	2 1553	1	1
1 426	2 1554	1	1
3 27	2 1554	1	1
3 3533	2 1554	1	1
3 1535	2 1554	1	1
3 2157	2 1554	1	1
0 2876	2 1554	1	1
2 2078	2 1555	1	1
2 3301	2 1555	1	1
0 4985	2 1555	1	1
0 4880	2 1555	1	1
1 2567	2 1555	1	1
3 4421	2 1555	1	1
2 2995	2 1556	1	1
0 4792	2 1556	1	1
0 2644	2 1556	1	1
3 4858	2 1556	1	1
3 4622	2 1556	1	1
3 1341	2 1556	1	1
2 326	2 1557	1	1
0 4439	2 1557	1	1
0 4207	2 1557	1	1
1 1141	2 1557	1	1
3 3793	2 1557	1	1
0 3739	2 1557	1	1
2 3739	2 1558	1	1
0 4894	2 1558	1	1
0 885	2 1558	1	1
1 2440	2 1558	1	1
3 519	2 1558	1	1
3 2757	2 1558	1	1
2 4542	2 1559	1	1
2 4261	2 1559	1	1
1 588	2 1559	1	1
3 1214	2 1559	1	1
3 2082	2 1559	1	1
1 1219	2 1559	1	1
2 3142	2 1560	1	1
0 1605	2 1560	1	1
1 2285	2 1560	1	1
1 591	2 1560	1	1
1 3732	2 1560	1	1
1 2123	2 1560	1	1
2 2069	2 1561	1	1
0 1122	2 1561	1	1
1 2917	2 1561	1	1
1 4832	2 1561	1	1
1 4699	2 1561	1	1
3 1139	2 1561	1	1
2 2457	2 1562	1	1
2 27	2 1562	1	1
2 4522	2 1562	1	1
0 4310	2 1562	1	1
3 1700	2 1562	1	1
3 2645	2 1562	1	1
0 277	2 1563	1	1
0 3478	2 1563	1	1
0 1671	2 1563	1	1
1 4503	2 1563	1	1
1 3320	2 1563	1	1
0 1577	2 1563	1	1
2 1745	2 1564	1	1
0 1586	2 1564	1	1
1 3174	2 1564	1	1
1 1116	2 1564	1	1
3 2345	2 1564	1	1
3 100	2 1564	1	1
2 190	2 1565	1	1
2 4969	2 1565	1	1
0 3234	2 1565	1	1
0 1082	2 1565	1	1
3 778	2 1565	1	1
3 1206	2 1565	1	1
0 4648	2 1566	1	1
1 2806	2 1566	1	1
1 3321	2 1566	1	1
3 2273	2 1566	1	1
3 4307	2 1566	1	1
0 392	2 1566	1	1
2 1657	2 1567	1	1
2 4940	2 1567	1	1
0 2312	2 1567	1	1
1 3761	2 1567	1	1
3 2581	2 1567	1	1
0 1443	2 1567	1	1
0 3487	2 1568	1	1
0 1632	2 1568	1	1
0 3843	2 1568	1	1
0 268	2 1568	1	1
1 805	2 1568	1	1
3 2090	2 1568	1	1
2 16	2 1569	1	1
0 3664	2 1569	1	1
0 844	2 1569	1	1
1 199	2 1569	1	1
1 2002	2 1569	1	1
1 470	2 1569	1	1
2 3869	2 1570	1	1
2 2692	2 1570	1	1
2 2952	2 1570	1	1
1 1995	2 1570	1	1
1 2780	2 1570	1	1
3 1325	2 1570	1	1
2 4477	2 1571	1	1
2 1774	2 1571	1	1
2 2838	2 1571	1	1
1 2782	2 1571	1	1
3 855	2 1571	1	1
1 1396	2 1571	1	1
2 3189	2 1572	1	1
2 3934	2 1572	1	1
3 4462	2 1572	1	1
3 3360	2 1572	1	1
3 4456	2 1572	1	1
3 776	2 1572	1	1
2 615	2 1573	1	1
0 3495	2 1573	1	1
1 4651	2 1573	1	1
1 2931	2 1573	1	1
1 3958	2 1573	1	1
3 1992	2 1573	1	1
2 922	2 1574	1	1
0 975	2 1574	1	1
0 1323	2 1574	1	1
1 552	2 1574	1	1
3 810	2 1574	1	1
3 3349	2 1574	1	1
2 2468	2 1575	1	1
0 2169	2 1575	1	1
3 979	2 1575	1	1
1 1128	2 1575	1	1
1 4624	2 1575	1	1
1 2434	2 1575	1	1
2 4314	2 1576	1	1
2 1779	2 1576	1	1
1 3762	2 1576	1	1
3 4390	2 1576	1	1
0 3929	2 1576	1	1
1 2170	2 1576	1	1
2 3342	2 1577	1	1
0 829	2 1577	1	1
0 2404	2 1577	1	1
1 2264	2 1577	1	1
3 1952	2 1577	1	1
1 3311	2 1577	1	1
0 3973	2 1578	1	1
1 3729	2 1578	1	1
1 4120	2 1578	1	1
1 1120	2 1578	1	1
3 418	2 1578	1	1
3 3586	2 1578	1	1
2 2278	2 1579	1	1
0 817	2 1579	1	1
1 1064	2 1579	1	1
3 2104	2 1579	1	1
0 1581	2 1579	1	1
0 3025	2 1579	1	1
2 429	2 1580	1	1
2 4397	2 1580	1	1
0 3700	2 1580	1	1
0 2248	2 1580	1	1
1 587	2 1580	1	1
3 1853	2 1580	1	1
0 3054	2 1581	1	1
0 182	2 1581	1	1
0 4257	2 1581	1	1
1 4174	2 1581	1	1
1 2080	2 1581	1	1
1 4628	2 1581	1	1
2 4425	2 1582	1	1
1 3724	2 1582	1	1
1 870	2 1582	1	1
1 1398	2 1582	1	1
3 4526	2 1582	1	1
3 542	2 1582	1	1
2 2674	2 1583	1	1
2 4848	2 1583	1	1
2 610	2 1583	1	1
1 343	2 1583	1	1
1 4970	2 1583	1	1
1 3275	2 1583	1	1
2 3498	2 1584	1	1
0 1346	2 1584	1	1
0 1179	2 1584	1	1
0 3418	2 1584	1	1
3 4450	2 1584	1	1
3 769	2 1584	1	1
0 4049	2 1585	1	1
0 3391	2 1585	1	1
0 1308	2 1585	1	1
3 2052	2 1585	1	1
3 2474	2 1585	1	1
0 3241	2 1585	1	1
2 3278	2 1586	1	1
2 1611	2 1586	1	1
0 3938	2 1586	1	1
1 3849	2 1586	1	1
3 325	2 1586	1	1
3 4106	2 1586	1	1
2 4479	2 1587	1	1
0 3320	2 1587	1	1
0 4404	2 1587	1	1
1 2529	2 1587	1	1
1 2200	2 1587	1	1
3 3872	2 1587	1	1
2 4653	2 1588	1	1
0 2140	2 1588	1	1
0 2504	2 1588	1	1
1 3920	2 1588	1	1
3 4244	2 1588	1	1
3 282	2 1588	1	1
2 1593	2 1589	1	1
2 2	2 1589	1	1
2 598	2 1589	1	1
0 3942	2 1589	1	1
1 1602	2 1589	1	1
3 535	2 1589	1	1
1 2513	2 1590	1	1
1 3316	2 1590	1	1
3 2676	2 1590	1	1
3 3051	2 1590	1	1
1 3798	2 1590	1	1
1 1181	2 1590	1	1
0 1378	2 1591	1	1
1 2378	2 1591	1	1
1 386	2 1591	1	1
1 1289	2 1591	1	1
3 919	2 1591	1	1
3 3837	2 1591	1	1
0 3524	2 1592	1	1
0 4450	2 1592	1	1
1 2304	2 1592	1	1
3 3869	2 1592	1	1
3 3896	2 1592	1	1
1 1858	2 1592	1	1
2 9	2 1593	1	1
0 1124	2 1593	1	1
1 4082	2 1593	1	1
3 498	2 1593	1	1
1 998	2 1593	1	1
1 1196	2 1593	1	1
2 124	2 1594	1	1
2 970	2 1594	1	1
2 62	2 1594	1	1
2 105	2 1594	1	1
1 187	2 1594	1	1
3 2730	2 1594	1	1
2 3733	2 1595	1	1
2 1646	2 1595	1	1
2 980	2 1595	1	1
0 1306	2 1595	1	1
1 800	2 1595	1	1
3 2031	2 1595	1	1
2 2255	2 1596	1	1
2 2626	2 1596	1	1
0 718	2 1596	1	1
1 3790	2 1596	1	1
1 3987	2 1596	1	1
3 2209	2 1596	1	1
2 3393	2 1597	1	1
2 3271	2 1597	1	1
1 4045	2 1597	1	1
3 2876	2 1597	1	1
0 4384	2 1597	1	1
0 1882	2 1597	1	1
2 541	2 1598	1	1
2 3358	2 1598	1	1
1 3209	2 1598	1	1
1 1241	2 1598	1	1
3 3666	2 1598	1	1
3 3888	2 1598	1	1
2 3687	2 1599	1	1
0 79	2 1599	1	1
0 4569	2 1599	1	1
1 1123	2 1599	1	1
1 3480	2 1599	1	1
1 1548	2 1599	1	1
2 1134	2 1600	1	1
2 3268	2 1600	1	1
2 117	2 1600	1	1
0 1727	2 1600	1	1
1 3869	2 1600	1	1
3 679	2 1600	1	1
2 1239	2 1601	1	1
2 689	2 1601	1	1
1 4660	2 1601	1	1
1 2962	2 1601	1	1
3 1693	2 1601	1	1
3 1526	2 1601	1	1
2 3619	2 1602	1	1
2 2344	2 1602	1	1
0 1732	2 1602	1	1
0 4444	2 1602	1	1
3 1581	2 1602	1	1
3 4682	2 1602	1	1
2 3347	2 1603	1	1
0 4846	2 1603	1	1
0 827	2 1603	1	1
1 4044	2 1603	1	1
3 4666	2 1603	1	1
3 4789	2 1603	1	1
2 3673	2 1604	1	1
0 421	2 1604	1	1
0 1121	2 1604	1	1
0 3581	2 1604	1	1
3 314	2 1604	1	1
3 3623	2 1604	1	1
1 500	2 1605	1	1
3 256	2 1605	1	1
3 1719	2 1605	1	1
3 687	2 1605	1	1
3 1751	2 1605	1	1
1 356	2 1605	1	1
0 2711	2 1606	1	1
1 2612	2 1606	1	1
1 4246	2 1606	1	1
1 4328	2 1606	1	1
3 4530	2 1606	1	1
1 2960	2 1606	1	1
2 4577	2 1607	1	1
0 2647	2 1607	1	1
0 1887	2 1607	1	1
3 3710	2 1607	1	1
3 3090	2 1607	1	1
1 1143	2 1607	1	1
2 4296	2 1608	1	1
0 4966	2 1608	1	1
0 4344	2 1608	1	1
3 4490	2 1608	1	1
3 1761	2 1608	1	1
3 3815	2 1608	1	1
2 4560	2 1609	1	1
2 2458	2 1609	1	1
2 1471	2 1609	1	1
2 998	2 1609	1	1
0 2468	2 1609	1	1
1 698	2 1609	1	1
2 4432	2 1610	1	1
2 4880	2 1610	1	1
1 4257	2 1610	1	1
3 2289	2 1610	1	1
3 919	2 1610	1	1
3 3543	2 1610	1	1
2 24	2 1611	1	1
0 2433	2 1611	1	1
0 2538	2 1611	1	1
1 502	2 1611	1	1
3 1460	2 1611	1	1
3 866	2 1611	1	1
2 2935	2 1612	1	1
0 3412	2 1612	1	1
0 1945	2 1612	1	1
3 3588	2 1612	1	1
0 963	2 1612	1	1
0 906	2 1612	1	1
2 418	2 1613	1	1
2 2987	2 1613	1	1
0 2339	2 1613	1	1
1 3455	2 1613	1	1
1 2754	2 1613	1	1
3 264	2 1613	1	1
2 657	2 1614	1	1
1 3164	2 1614	1	1
3 1576	2 1614	1	1
3 370	2 1614	1	1
3 2110	2 1614	1	1
3 3280	2 1614	1	1
2 662	2 1615	1	1
2 4943	2 1615	1	1
3 2226	2 1615	1	1
3 2581	2 1615	1	1
3 2898	2 1615	1	1
3 3888	2 1615	1	1
0 663	2 1616	1	1
0 2160	2 1616	1	1
0 1332	2 1616	1	1
3 2892	2 1616	1	1
3 4957	2 1616	1	1
0 4494	2 1616	1	1
2 96	2 1617	1	1
2 4700	2 1617	1	1
0 3854	2 1617	1	1
1 3119	2 1617	1	1
3 74	2 1617	1	1
3 3445	2 1617	1	1
2 2787	2 1618	1	1
2 3394	2 1618	1	1
0 1723	2 1618	1	1
3 3479	2 1618	1	1
3 2930	2 1618	1	1
3 843	2 1618	1	1
2 2006	2 1619	1	1
0 113	2 1619	1	1
1 4499	2 1619	1	1
1 1655	2 1619	1	1
1 3710	2 1619	1	1
0 1205	2 1619	1	1
0 2479	2 1620	1	1
0 1008	2 1620	1	1
1 1220	2 1620	1	1
3 1244	2 1620	1	1
3 3395	2 1620	1	1
3 3175	2 1620	1	1
1 2242	2 1621	1	1
1 1462	2 1621	1	1
1 2675	2 1621	1	1
1 4630	2 1621	1	1
1 3585	2 1621	1	1
3 2073	2 1621	1	1
2 2589	2 1622	1	1
0 545	2 1622	1	1
0 2655	2 1622	1	1
0 492	2 1622	1	1
0 4763	2 1622	1	1
3 2157	2 1622	1	1
2 1836	2 1623	1	1
0 473	2 1623	1	1
1 87	2 1623	1	1
3 2277	2 1623	1	1
3 1395	2 1623	1	1
1 784	2 1623	1	1
2 1164	2 1624	1	1
0 980	2 1624	1	1
0 628	2 1624	1	1
1 41	2 1624	1	1
3 135	2 1624	1	1
3 2841	2 1624	1	1
2 4447	2 1625	1	1
2 1380	2 1625	1	1
2 1171	2 1625	1	1
0 4078	2 1625	1	1
0 1664	2 1625	1	1
3 1527	2 1625	1	1
0 2194	2 1626	1	1
0 1708	2 1626	1	1
1 2338	2 1626	1	1
3 3922	2 1626	1	1
3 1672	2 1626	1	1
0 2313	2 1626	1	1
2 1566	2 1627	1	1
2 4225	2 1627	1	1
3 3161	2 1627	1	1
3 567	2 1627	1	1
3 4227	2 1627	1	1
3 3580	2 1627	1	1
2 1485	2 1628	1	1
2 4565	2 1628	1	1
2 3295	2 1628	1	1
0 1412	2 1628	1	1
0 2339	2 1628	1	1
3 1497	2 1628	1	1
2 856	2 1629	1	1
1 4045	2 1629	1	1
1 4874	2 1629	1	1
1 2433	2 1629	1	1
0 3945	2 1629	1	1
1 1594	2 1629	1	1
2 1961	2 1630	1	1
2 4137	2 1630	1	1
2 2701	2 1630	1	1
0 4737	2 1630	1	1
3 4730	2 1630	1	1
3 192	2 1630	1	1
2 548	2 1631	1	1
2 2647	2 1631	1	1
0 2531	2 1631	1	1
0 4900	2 1631	1	1
1 4926	2 1631	1	1
0 4844	2 1631	1	1
2 1121	2 1632	1	1
2 1981	2 1632	1	1
0 2370	2 1632	1	1
3 2463	2 1632	1	1
3 4284	2 1632	1	1
1 766	2 1632	1	1
2 3333	2 1633	1	1
0 2789	2 1633	1	1
0 566	2 1633	1	1
0 4049	2 1633	1	1
1 1160	2 1633	1	1
3 4054	2 1633	1	1
2 3452	2 1634	1	1
2 1600	2 1634	1	1
0 4061	2 1634	1	1
0 1686	2 1634	1	1
1 2058	2 1634	1	1
1 1751	2 1634	1	1
2 785	2 1635	1	1
2 3913	2 1635	1	1
0 804	2 1635	1	1
0 3062	2 1635	1	1
1 4629	2 1635	1	1
1 1895	2 1635	1	1
2 281	2 1636	1	1
0 2000	2 1636	1	1
0 4096	2 1636	1	1
3 407	2 1636	1	1
3 2369	2 1636	1	1
0 1537	2 1636	1	1
0 3398	2 1637	1	1
0 1030	2 1637	1	1
0 4476	2 1637	1	1
0 4620	2 1637	1	1
1 2571	2 1637	1	1
3 2985	2 1637	1	1
2 4303	2 1638	1	1
2 285	2 1638	1	1
0 3152	2 1638	1	1
0 1175	2 1638	1	1
1 674	2 1638	1	1
3 1960	2 1638	1	1
2 2900	2 1639	1	1
2 1667	2 1639	1	1
2 255	2 1639	1	1
2 863	2 1639	1	1
1 1559	2 1639	1	1
3 554	2 1639	1	1
2 1345	2 1640	1	1
1 2541	2 1640	1	1
1 4928	2 1640	1	1
1 235	2 1640	1	1
0 239	2 1640	1	1
1 879	2 1640	1	1
2 3191	2 1641	1	1
1 3387	2 1641	1	1
3 3303	2 1641	1	1
3 61	2 1641	1	1
3 997	2 1641	1	1
1 4351	2 1641	1	1
0 2381	2 1642	1	1
1 2044	2 1642	1	1
3 3109	2 1642	1	1
1 2765	2 1642	1	1
1 3683	2 1642	1	1
0 4879	2 1642	1	1
2 3566	2 1643	1	1
0 3762	2 1643	1	1
1 1835	2 1643	1	1
1 400	2 1643	1	1
3 1241	2 1643	1	1
3 2070	2 1643	1	1
2 2261	2 1644	1	1
2 3421	2 1644	1	1
1 3732	2 1644	1	1
1 384	2 1644	1	1
1 911	2 1644	1	1
1 998	2 1644	1	1
2 2846	2 1645	1	1
0 1831	2 1645	1	1
1 1598	2 1645	1	1
1 1822	2 1645	1	1
3 1491	2 1645	1	1
3 2433	2 1645	1	1
2 2358	2 1646	1	1
2 327	2 1646	1	1
0 2326	2 1646	1	1
0 918	2 1646	1	1
1 4549	2 1646	1	1
3 2292	2 1646	1	1
0 2228	2 1647	1	1
0 3048	2 1647	1	1
1 1266	2 1647	1	1
3 1297	2 1647	1	1
3 3036	2 1647	1	1
3 4639	2 1647	1	1
2 4147	2 1648	1	1
0 466	2 1648	1	1
1 3898	2 1648	1	1
3 2721	2 1648	1	1
0 2811	2 1648	1	1
1 1377	2 1648	1	1
2 1305	2 1649	1	1
2 4323	2 1649	1	1
0 247	2 1649	1	1
0 1229	2 1649	1	1
0 1884	2 1649	1	1
3 1830	2 1649	1	1
2 555	2 1650	1	1
0 163	2 1650	1	1
1 858	2 1650	1	1
3 270	2 1650	1	1
1 564	2 1650	1	1
3 1152	2 1650	1	1
1 4545	2 1651	1	1
1 849	2 1651	1	1
1 3375	2 1651	1	1
3 45	2 1651	1	1
3 157	2 1651	1	1
1 2936	2 1651	1	1
2 3691	2 1652	1	1
2 4437	2 1652	1	1
2 4220	2 1652	1	1
3 1506	2 1652	1	1
3 3295	2 1652	1	1
0 3389	2 1652	1	1
2 1444	2 1653	1	1
0 3033	2 1653	1	1
1 4654	2 1653	1	1
1 1030	2 1653	1	1
3 1462	2 1653	1	1
3 1266	2 1653	1	1
0 1665	2 1654	1	1
1 378	2 1654	1	1
1 2448	2 1654	1	1
3 4259	2 1654	1	1
3 3493	2 1654	1	1
0 2783	2 1654	1	1
2 1159	2 1655	1	1
2 928	2 1655	1	1
0 500	2 1655	1	1
0 89	2 1655	1	1
1 3534	2 1655	1	1
3 3972	2 1655	1	1
2 3025	2 1656	1	1
1 1400	2 1656	1	1
1 3014	2 1656	1	1
1 2295	2 1656	1	1
1 2242	2 1656	1	1
3 1021	2 1656	1	1
2 427	2 1657	1	1
2 3449	2 1657	1	1
2 1776	2 1657	1	1
0 4755	2 1657	1	1
1 3837	2 1657	1	1
1 4292	2 1657	1	1
2 938	2 1658	1	1
2 270	2 1658	1	1
0 1510	2 1658	1	1
0 3825	2 1658	1	1
0 1849	2 1658	1	1
3 4485	2 1658	1	1
2 36	2 1659	1	1
2 2810	2 1659	1	1
0 3874	2 1659	1	1
1 1931	2 1659	1	1
1 891	2 1659	1	1
3 1658	2 1659	1	1
2 4422	2 1660	1	1
2 3595	2 1660	1	1
2 1609	2 1660	1	1
2 4991	2 1660	1	1
3 3461	2 1660	1	1
0 1629	2 1660	1	1
2 4445	2 1661	1	1
0 2529	2 1661	1	1
0 3527	2 1661	1	1
1 2379	2 1661	1	1
1 2015	2 1661	1	1
1 3237	2 1661	1	1
2 3634	2 1662	1	1
1 675	2 1662	1	1
1 437	2 1662	1	1
1 805	2 1662	1	1
3 703	2 1662	1	1
3 4997	2 1662	1	1
2 3834	2 1663	1	1
1 2337	2 1663	1	1
1 1184	2 1663	1	1
3 3684	2 1663	1	1
3 655	2 1663	1	1
3 4589	2 1663	1	1
2 2937	2 1664	1	1
1 4760	2 1664	1	1
3 4173	2 1664	1	1
3 1673	2 1664	1	1
0 1673	2 1664	1	1
1 1861	2 1664	1	1
2 697	2 1665	1	1
2 4955	2 1665	1	1
0 1643	2 1665	1	1
1 3025	2 1665	1	1
3 159	2 1665	1	1
3 802	2 1665	1	1
2 4990	2 1666	1	1
2 654	2 1666	1	1
2 4918	2 1666	1	1
1 2429	2 1666	1	1
3 2334	2 1666	1	1
0 766	2 1666	1	1
2 1757	2 1667	1	1
0 3144	2 1667	1	1
0 4003	2 1667	1	1
1 4806	2 1667	1	1
3 2698	2 1667	1	1
3 3899	2 1667	1	1
0 866	2 1668	1	1
0 4659	2 1668	1	1
1 2066	2 1668	1	1
1 1491	2 1668	1	1
3 4394	2 1668	1	1
3 2998	2 1668	1	1
2 4738	2 1669	1	1
2 2151	2 1669	1	1
0 3844	2 1669	1	1
1 2049	2 1669	1	1
1 2246	2 1669	1	1
3 2152	2 1669	1	1
2 4686	2 1670	1	1
2 182	2 1670	1	1
0 84	2 1670	1	1
0 2730	2 1670	1	1
1 3994	2 1670	1	1
3 831	2 1670	1	1
2 2509	2 1671	1	1
2 282	2 1671	1	1
2 673	2 1671	1	1
1 1843	2 1671	1	1
1 1896	2 1671	1	1
3 3187	2 1671	1	1
2 1656	2 1672	1	1
2 1929	2 1672	1	1
0 785	2 1672	1	1
1 2030	2 1672	1	1
3 3186	2 1672	1	1
3 2859	2 1672	1	1
2 1279	2 1673	1	1
2 2793	2 1673	1	1
0 4214	2 1673	1	1
0 599	2 1673	1	1
0 461	2 1673	1	1
3 2605	2 1673	1	1
2 2537	2 1674	1	1
0 1457	2 1674	1	1
1 3245	2 1674	1	1
3 507	2 1674	1	1
3 1863	2 1674	1	1
3 570	2 1674	1	1
2 698	2 1675	1	1
0 3024	2 1675	1	1
0 1515	2 1675	1	1
3 3391	2 1675	1	1
3 1067	2 1675	1	1
3 4984	2 1675	1	1
2 4298	2 1676	1	1
0 1482	2 1676	1	1
0 1830	2 1676	1	1
0 2329	2 1676	1	1
3 3533	2 1676	1	1
3 101	2 1676	1	1
0 2455	2 1677	1	1
0 1017	2 1677	1	1
1 640	2 1677	1	1
1 4357	2 1677	1	1
1 4010	2 1677	1	1
1 1252	2 1677	1	1
2 2578	2 1678	1	1
2 4786	2 1678	1	1
2 623	2 1678	1	1
1 1849	2 1678	1	1
3 2240	2 1678	1	1
3 2032	2 1678	1	1
0 3400	2 1679	1	1
1 1122	2 1679	1	1
1 315	2 1679	1	1
3 1006	2 1679	1	1
3 3325	2 1679	1	1
3 2339	2 1679	1	1
0 1592	2 1680	1	1
1 2287	2 1680	1	1
3 1173	2 1680	1	1
3 3751	2 1680	1	1
3 990	2 1680	1	1
3 2504	2 1680	1	1
2 1839	2 1681	1	1
2 4386	2 1681	1	1
2 4357	2 1681	1	1
0 3966	2 1681	1	1
0 2677	2 1681	1	1
3 1593	2 1681	1	1
2 4267	2 1682	1	1
0 2181	2 1682	1	1
0 4692	2 1682	1	1
1 3	2 1682	1	1
1 2106	2 1682	1	1
3 2696	2 1682	1	1
2 3395	2 1683	1	1
2 2737	2 1683	1	1
1 502	2 1683	1	1
3 2911	2 1683	1	1
1 1228	2 1683	1	1
3 4038	2 1683	1	1
2 1121	2 1684	1	1
2 3463	2 1684	1	1
0 3388	2 1684	1	1
3 931	2 1684	1	1
3 4015	2 1684	1	1
3 461	2 1684	1	1
2 994	2 1685	1	1
2 3187	2 1685	1	1
2 1064	2 1685	1	1
0 835	2 1685	1	1
1 1512	2 1685	1	1
3 3158	2 1685	1	1
2 3271	2 1686	1	1
0 1339	2 1686	1	1
0 3322	2 1686	1	1
1 4223	2 1686	1	1
1 1594	2 1686	1	1
1 3431	2 1686	1	1
2 3317	2 1687	1	1
0 3183	2 1687	1	1
0 1101	2 1687	1	1
1 4445	2 1687	1	1
1 253	2 1687	1	1
3 4061	2 1687	1	1
2 2895	2 1688	1	1
2 812	2 1688	1	1
0 475	2 1688	1	1
0 3579	2 1688	1	1
0 3472	2 1688	1	1
1 95	2 1688	1	1
2 28	2 1689	1	1
0 3741	2 1689	1	1
0 4963	2 1689	1	1
1 1137	2 1689	1	1
3 747	2 1689	1	1
3 2032	2 1689	1	1
2 2580	2 1690	1	1
2 1052	2 1690	1	1
2 3971	2 1690	1	1
0 3453	2 1690	1	1
0 3287	2 1690	1	1
0 4779	2 1690	1	1
2 540	2 1691	1	1
2 1700	2 1691	1	1
1 3190	2 1691	1	1
1 2312	2 1691	1	1
1 2135	2 1691	1	1
3 2480	2 1691	1	1
0 1604	2 1692	1	1
0 4401	2 1692	1	1
1 589	2 1692	1	1
1 614	2 1692	1	1
3 447	2 1692	1	1
0 4258	2 1692	1	1
2 795	2 1693	1	1
0 3914	2 1693	1	1
0 1119	2 1693	1	1
1 4893	2 1693	1	1
3 1937	2 1693	1	1
0 406	2 1693	1	1
2 4274	2 1694	1	1
2 1305	2 1694	1	1
2 4724	2 1694	1	1
0 472	2 1694	1	1
0 1751	2 1694	1	1
1 4979	2 1694	1	1
2 4218	2 1695	1	1
1 4266	2 1695	1	1
1 4603	2 1695	1	1
3 2094	2 1695	1	1
0 3556	2 1695	1	1
0 2810	2 1695	1	1
2 4455	2 1696	1	1
2 4306	2 1696	1	1
2 1302	2 1696	1	1
0 4209	2 1696	1	1
1 1587	2 1696	1	1
3 3779	2 1696	1	1
2 2959	2 1697	1	1
0 2374	2 1697	1	1
1 2289	2 1697	1	1
1 543	2 1697	1	1
1 357	2 1697	1	1
3 4385	2 1697	1	1
2 3986	2 1698	1	1
0 4458	2 1698	1	1
0 2588	2 1698	1	1
1 2766	2 1698	1	1
1 2388	2 1698	1	1
1 2065	2 1698	1	1
2 260	2 1699	1	1
2 1466	2 1699	1	1
0 1593	2 1699	1	1
3 2619	2 1699	1	1
3 3172	2 1699	1	1
3 620	2 1699	1	1
3 1892	2 1700	1	1
3 301	2 1700	1	1
3 3600	2 1700	1	1
3 1851	2 1700	1	1
1 2074	2 1700	1	1
3 3401	2 1700	1	1
2 3145	2 1701	1	1
0 2105	2 1701	1	1
0 1903	2 1701	1	1
1 3527	2 1701	1	1
3 2784	2 1701	1	1
1 117	2 1701	1	1
2 897	2 1702	1	1
0 2581	2 1702	1	1
0 1983	2 1702	1	1
0 1309	2 1702	1	1
3 241	2 1702	1	1
3 3153	2 1702	1	1
2 1120	2 1703	1	1
2 377	2 1703	1	1
1 2447	2 1703	1	1
3 514	2 1703	1	1
3 1007	2 1703	1	1
1 3566	2 1703	1	1
0 190	2 1704	1	1
0 2134	2 1704	1	1
0 148	2 1704	1	1
1 384	2 1704	1	1
3 4283	2 1704	1	1
3 196	2 1704	1	1
2 2585	2 1705	1	1
2 374	2 1705	1	1
0 2920	2 1705	1	1
0 4639	2 1705	1	1
1 1578	2 1705	1	1
3 906	2 1705	1	1
2 719	2 1706	1	1
2 4571	2 1706	1	1
2 1383	2 1706	1	1
0 88	2 1706	1	1
3 1327	2 1706	1	1
3 4245	2 1706	1	1
2 1168	2 1707	1	1
0 108	2 1707	1	1
3 1524	2 1707	1	1
3 306	2 1707	1	1
1 1573	2 1707	1	1
3 2257	2 1707	1	1
2 1338	2 1708	1	1
0 3062	2 1708	1	1
3 4050	2 1708	1	1
3 492	2 1708	1	1
3 4941	2 1708	1	1
0 4340	2 1708	1	1
0 3619	2 1709	1	1
0 3978	2 1709	1	1
1 3928	2 1709	1	1
3 3487	2 1709	1	1
3 678	2 1709	1	1
3 12	2 1709	1	1
2 4770	2 1710	1	1
0 123	2 1710	1	1
1 1960	2 1710	1	1
1 1397	2 1710	1	1
3 2506	2 1710	1	1
0 1952	2 1710	1	1
2 3884	2 1711	1	1
2 4856	2 1711	1	1
2 843	2 1711	1	1
0 4704	2 1711	1	1
1 2555	2 1711	1	1
3 238	2 1711	1	1
2 2049	2 1712	1	1
2 3954	2 1712	1	1
0 3097	2 1712	1	1
3 32	2 1712	1	1
3 4161	2 1712	1	1
3 63	2 1712	1	1
2 2742	2 1713	1	1
0 1733	2 1713	1	1
1 2895	2 1713	1	1
3 420	2 1713	1	1
3 3286	2 1713	1	1
3 3659	2 1713	1	1
1 1076	2 1714	1	1
1 567	2 1714	1	1
1 2203	2 1714	1	1
1 2374	2 1714	1	1
3 384	2 1714	1	1
3 3088	2 1714	1	1
0 1661	2 1715	1	1
0 169	2 1715	1	1
3 2990	2 1715	1	1
3 934	2 1715	1	1
3 3344	2 1715	1	1
0 4799	2 1715	1	1
2 243	2 1716	1	1
2 834	2 1716	1	1
0 466	2 1716	1	1
3 686	2 1716	1	1
1 102	2 1716	1	1
0 2210	2 1716	1	1
2 3177	2 1717	1	1
0 2534	2 1717	1	1
0 2935	2 1717	1	1
3 4423	2 1717	1	1
0 75	2 1717	1	1
1 4829	2 1717	1	1
2 71	2 1718	1	1
0 3403	2 1718	1	1
0 1968	2 1718	1	1
1 61	2 1718	1	1
1 1602	2 1718	1	1
3 1713	2 1718	1	1
2 4864	2 1719	1	1
2 3262	2 1719	1	1
2 240	2 1719	1	1
0 820	2 1719	1	1
0 1513	2 1719	1	1
1 4630	2 1719	1	1
2 1072	2 1720	1	1
2 242	2 1720	1	1
2 2638	2 1720	1	1
1 2088	2 1720	1	1
1 4890	2 1720	1	1
0 2611	2 1720	1	1
2 1462	2 1721	1	1
2 3347	2 1721	1	1
0 2113	2 1721	1	1
1 3580	2 1721	1	1
3 1431	2 1721	1	1
3 2609	2 1721	1	1
2 2576	2 1722	1	1
2 1921	2 1722	1	1
2 1905	2 1722	1	1
0 1676	2 1722	1	1
3 4752	2 1722	1	1
3 2866	2 1722	1	1
0 4322	2 1723	1	1
1 4123	2 1723	1	1
3 2375	2 1723	1	1
3 3686	2 1723	1	1
3 897	2 1723	1	1
3 2782	2 1723	1	1
2 1674	2 1724	1	1
2 3587	2 1724	1	1
0 4528	2 1724	1	1
0 2494	2 1724	1	1
1 4537	2 1724	1	1
3 1739	2 1724	1	1
2 1630	2 1725	1	1
2 1993	2 1725	1	1
0 42	2 1725	1	1
1 1323	2 1725	1	1
3 4460	2 1725	1	1
3 752	2 1725	1	1
2 3387	2 1726	1	1
1 3549	2 1726	1	1
1 4553	2 1726	1	1
1 106	2 1726	1	1
3 1506	2 1726	1	1
0 3331	2 1726	1	1
2 4783	2 1727	1	1
2 622	2 1727	1	1
2 1675	2 1727	1	1
2 3210	2 1727	1	1
3 2135	2 1727	1	1
3 2472	2 1727	1	1
2 3282	2 1728	1	1
0 4207	2 1728	1	1
1 3993	2 1728	1	1
1 2341	2 1728	1	1
3 1303	2 1728	1	1
1 4218	2 1728	1	1
2 840	2 1729	1	1
0 749	2 1729	1	1
0 1707	2 1729	1	1
3 4687	2 1729	1	1
3 194	2 1729	1	1
3 771	2 1729	1	1
2 1741	2 1730	1	1
1 4077	2 1730	1	1
3 1603	2 1730	1	1
3 3607	2 1730	1	1
0 2363	2 1730	1	1
1 2564	2 1730	1	1
2 443	2 1731	1	1
2 1705	2 1731	1	1
2 3762	2 1731	1	1
2 1075	2 1731	1	1
0 2152	2 1731	1	1
3 4069	2 1731	1	1
2 4474	2 1732	1	1
0 3174	2 1732	1	1
0 551	2 1732	1	1
1 2651	2 1732	1	1
3 4192	2 1732	1	1
3 2212	2 1732	1	1
2 1736	2 1733	1	1
2 2368	2 1733	1	1
0 3344	2 1733	1	1
3 3219	2 1733	1	1
3 3537	2 1733	1	1
0 3093	2 1733	1	1
2 3724	2 1734	1	1
2 2182	2 1734	1	1
0 1875	2 1734	1	1
0 1263	2 1734	1	1
1 2319	2 1734	1	1
3 2290	2 1734	1	1
2 4398	2 1735	1	1
2 2412	2 1735	1	1
0 3716	2 1735	1	1
0 1099	2 1735	1	1
3 678	2 1735	1	1
0 1641	2 1735	1	1
0 2178	2 1736	1	1
1 3531	2 1736	1	1
1 2693	2 1736	1	1
3 168	2 1736	1	1
0 3402	2 1736	1	1
1 1222	2 1736	1	1
2 4634	2 1737	1	1
0 4871	2 1737	1	1
1 3267	2 1737	1	1
3 1046	2 1737	1	1
3 1534	2 1737	1	1
3 1107	2 1737	1	1
2 4407	2 1738	1	1
0 943	2 1738	1	1
0 1290	2 1738	1	1
0 3852	2 1738	1	1
1 1905	2 1738	1	1
3 767	2 1738	1	1
2 2449	2 1739	1	1
2 1075	2 1739	1	1
0 2671	2 1739	1	1
3 3551	2 1739	1	1
3 1749	2 1739	1	1
1 1121	2 1739	1	1
2 3116	2 1740	1	1
2 3335	2 1740	1	1
2 2594	2 1740	1	1
0 798	2 1740	1	1
1 678	2 1740	1	1
3 880	2 1740	1	1
2 3658	2 1741	1	1
2 3805	2 1741	1	1
0 4337	2 1741	1	1
1 1313	2 1741	1	1
3 1933	2 1741	1	1
3 4906	2 1741	1	1
0 4862	2 1742	1	1
0 2216	2 1742	1	1
0 383	2 1742	1	1
1 965	2 1742	1	1
0 3284	2 1742	1	1
1 4156	2 1742	1	1
2 1723	2 1743	1	1
2 3013	2 1743	1	1
2 4261	2 1743	1	1
2 1133	2 1743	1	1
0 3963	2 1743	1	1
3 1148	2 1743	1	1
2 2771	2 1744	1	1
2 4953	2 1744	1	1
2 4719	2 1744	1	1
2 2951	2 1744	1	1
1 857	2 1744	1	1
1 2491	2 1744	1	1
2 3221	2 1745	1	1
1 1372	2 1745	1	1
1 2574	2 1745	1	1
3 4788	2 1745	1	1
1 2912	2 1745	1	1
1 955	2 1745	1	1
2 1010	2 1746	1	1
2 4243	2 1746	1	1
0 4425	2 1746	1	1
0 3412	2 1746	1	1
1 320	2 1746	1	1
3 448	2 1746	1	1
2 3453	2 1747	1	1
2 1810	2 1747	1	1
2 1647	2 1747	1	1
0 4224	2 1747	1	1
3 2816	2 1747	1	1
0 1977	2 1747	1	1
2 1242	2 1748	1	1
2 3550	2 1748	1	1
0 3501	2 1748	1	1
0 4192	2 1748	1	1
3 1313	2 1748	1	1
0 3350	2 1748	1	1
0 1114	2 1749	1	1
0 921	2 1749	1	1
1 2334	2 1749	1	1
1 808	2 1749	1	1
1 3268	2 1749	1	1
3 2478	2 1749	1	1
2 2652	2 1750	1	1
2 740	2 1750	1	1
2 3760	2 1750	1	1
0 3468	2 1750	1	1
1 4397	2 1750	1	1
1 657	2 1750	1	1
2 273	2 1751	1	1
1 3981	2 1751	1	1
1 2393	2 1751	1	1
3 625	2 1751	1	1
1 4821	2 1751	1	1
3 751	2 1751	1	1
2 3037	2 1752	1	1
0 2374	2 1752	1	1
1 4845	2 1752	1	1
3 3199	2 1752	1	1
3 2126	2 1752	1	1
1 331	2 1752	1	1
0 1308	2 1753	1	1
1 3075	2 1753	1	1
3 3511	2 1753	1	1
3 1698	2 1753	1	1
3 1290	2 1753	1	1
0 3007	2 1753	1	1
2 2958	2 1754	1	1
2 4621	2 1754	1	1
0 2657	2 1754	1	1
0 1312	2 1754	1	1
1 1494	2 1754	1	1
1 2779	2 1754	1	1
2 213	2 1755	1	1
2 404	2 1755	1	1
0 4984	2 1755	1	1
3 469	2 1755	1	1
3 4591	2 1755	1	1
0 4454	2 1755	1	1
0 1449	2 1756	1	1
0 2036	2 1756	1	1
0 1376	2 1756	1	1
0 3688	2 1756	1	1
1 1311	2 1756	1	1
3 4361	2 1756	1	1
2 3191	2 1757	1	1
2 1188	2 1757	1	1
0 635	2 1757	1	1
1 460	2 1757	1	1
1 1385	2 1757	1	1
0 4988	2 1757	1	1
2 2236	2 1758	1	1
0 2562	2 1758	1	1
3 4255	2 1758	1	1
0 1018	2 1758	1	1
3 1684	2 1758	1	1
1 4968	2 1758	1	1
2 4029	2 1759	1	1
2 3879	2 1759	1	1
0 983	2 1759	1	1
1 2108	2 1759	1	1
3 1518	2 1759	1	1
3 3723	2 1759	1	1
2 729	2 1760	1	1
2 2475	2 1760	1	1
0 145	2 1760	1	1
0 625	2 1760	1	1
1 4063	2 1760	1	1
1 777	2 1760	1	1
2 1078	2 1761	1	1
2 5000	2 1761	1	1
0 1134	2 1761	1	1
0 3817	2 1761	1	1
1 3406	2 1761	1	1
3 599	2 1761	1	1
2 1246	2 1762	1	1
1 2237	2 1762	1	1
3 2052	2 1762	1	1
3 4201	2 1762	1	1
3 2318	2 1762	1	1
0 3170	2 1762	1	1
2 1281	2 1763	1	1
2 784	2 1763	1	1
2 4316	2 1763	1	1
0 4575	2 1763	1	1
1 1519	2 1763	1	1
3 2905	2 1763	1	1
2 1305	2 1764	1	1
2 2340	2 1764	1	1
0 4467	2 1764	1	1
3 3373	2 1764	1	1
0 2054	2 1764	1	1
1 1575	2 1764	1	1
2 698	2 1765	1	1
0 1284	2 1765	1	1
0 176	2 1765	1	1
3 1904	2 1765	1	1
3 1199	2 1765	1	1
3 211	2 1765	1	1
2 193	2 1766	1	1
2 3198	2 1766	1	1
0 2551	2 1766	1	1
1 2076	2 1766	1	1
1 1045	2 1766	1	1
3 2238	2 1766	1	1
2 1269	2 1767	1	1
2 1394	2 1767	1	1
2 3260	2 1767	1	1
2 4912	2 1767	1	1
0 694	2 1767	1	1
1 834	2 1767	1	1
2 4283	2 1768	1	1
0 71	2 1768	1	1
1 424	2 1768	1	1
1 195	2 1768	1	1
1 871	2 1768	1	1
3 4140	2 1768	1	1
2 4902	2 1769	1	1
0 4887	2 1769	1	1
0 276	2 1769	1	1
1 577	2 1769	1	1
3 3268	2 1769	1	1
3 934	2 1769	1	1
2 266	2 1770	1	1
2 1157	2 1770	1	1
2 3144	2 1770	1	1
2 4697	2 1770	1	1
0 2198	2 1770	1	1
1 2691	2 1770	1	1
2 4673	2 1771	1	1
0 1768	2 1771	1	1
0 1400	2 1771	1	1
1 3530	2 1771	1	1
1 1448	2 1771	1	1
1 3208	2 1771	1	1
2 2214	2 1772	1	1
2 1345	2 1772	1	1
2 3211	2 1772	1	1
0 2651	2 1772	1	1
3 1559	2 1772	1	1
0 4997	2 1772	1	1
2 2093	2 1773	1	1
2 3761	2 1773	1	1
0 4395	2 1773	1	1
0 2526	2 1773	1	1
1 2598	2 1773	1	1
3 2805	2 1773	1	1
2 3248	2 1774	1	1
2 562	2 1774	1	1
2 1620	2 1774	1	1
1 1705	2 1774	1	1
1 2866	2 1774	1	1
3 1	2 1774	1	1
1 1036	2 1775	1	1
1 4086	2 1775	1	1
1 1390	2 1775	1	1
1 1126	2 1775	1	1
1 1952	2 1775	1	1
3 4465	2 1775	1	1
2 1884	2 1776	1	1
2 2642	2 1776	1	1
2 1198	2 1776	1	1
1 3230	2 1776	1	1
3 3277	2 1776	1	1
3 1516	2 1776	1	1
2 1169	2 1777	1	1
0 1672	2 1777	1	1
0 954	2 1777	1	1
1 2302	2 1777	1	1
1 1831	2 1777	1	1
3 3070	2 1777	1	1
1 3819	2 1778	1	1
1 2131	2 1778	1	1
1 1806	2 1778	1	1
1 4099	2 1778	1	1
3 1560	2 1778	1	1
1 4067	2 1778	1	1
2 2519	2 1779	1	1
0 2684	2 1779	1	1
1 3695	2 1779	1	1
1 2335	2 1779	1	1
3 3220	2 1779	1	1
3 230	2 1779	1	1
2 2666	2 1780	1	1
0 4461	2 1780	1	1
0 2168	2 1780	1	1
1 1171	2 1780	1	1
3 4358	2 1780	1	1
0 2266	2 1780	1	1
0 793	2 1781	1	1
1 2538	2 1781	1	1
3 847	2 1781	1	1
3 3128	2 1781	1	1
1 2715	2 1781	1	1
3 2483	2 1781	1	1
2 1433	2 1782	1	1
2 3981	2 1782	1	1
0 4314	2 1782	1	1
0 3486	2 1782	1	1
1 1916	2 1782	1	1
1 3389	2 1782	1	1
2 698	2 1783	1	1
2 3414	2 1783	1	1
0 2412	2 1783	1	1
0 2856	2 1783	1	1
3 2749	2 1783	1	1
3 738	2 1783	1	1
2 1192	2 1784	1	1
2 2638	2 1784	1	1
0 2525	2 1784	1	1
1 4236	2 1784	1	1
3 1693	2 1784	1	1
3 2322	2 1784	1	1
2 1171	2 1785	1	1
2 763	2 1785	1	1
1 4032	2 1785	1	1
1 4938	2 1785	1	1
3 1425	2 1785	1	1
3 2262	2 1785	1	1
2 2209	2 1786	1	1
2 2368	2 1786	1	1
0 721	2 1786	1	1
1 1055	2 1786	1	1
1 3374	2 1786	1	1
3 3555	2 1786	1	1
2 2800	2 1787	1	1
0 4618	2 1787	1	1
1 4325	2 1787	1	1
3 3421	2 1787	1	1
3 3217	2 1787	1	1
3 2155	2 1787	1	1
2 2280	2 1788	1	1
1 2254	2 1788	1	1
1 885	2 1788	1	1
3 4292	2 1788	1	1
3 4268	2 1788	1	1
0 3989	2 1788	1	1
2 1748	2 1789	1	1
2 2471	2 1789	1	1
3 3218	2 1789	1	1
0 2150	2 1789	1	1
0 539	2 1789	1	1
1 4755	2 1789	1	1
2 3652	2 1790	1	1
2 40	2 1790	1	1
0 581	2 1790	1	1
1 3102	2 1790	1	1
1 2739	2 1790	1	1
1 4280	2 1790	1	1
2 2616	2 1791	1	1
2 1834	2 1791	1	1
1 25	2 1791	1	1
1 2330	2 1791	1	1
3 2473	2 1791	1	1
1 4749	2 1791	1	1
2 2201	2 1792	1	1
2 1205	2 1792	1	1
2 164	2 1792	1	1
0 2552	2 1792	1	1
3 4886	2 1792	1	1
3 258	2 1792	1	1
2 4766	2 1793	1	1
0 1390	2 1793	1	1
0 643	2 1793	1	1
1 1708	2 1793	1	1
1 2357	2 1793	1	1
1 2996	2 1793	1	1
2 43	2 1794	1	1
0 472	2 1794	1	1
0 4958	2 1794	1	1
1 2714	2 1794	1	1
3 1211	2 1794	1	1
3 3303	2 1794	1	1
2 3188	2 1795	1	1
2 2136	2 1795	1	1
2 3002	2 1795	1	1
1 3704	2 1795	1	1
1 3451	2 1795	1	1
3 491	2 1795	1	1
2 474	2 1796	1	1
0 2841	2 1796	1	1
1 3	2 1796	1	1
1 4709	2 1796	1	1
1 4879	2 1796	1	1
3 3471	2 1796	1	1
2 1447	2 1797	1	1
0 2490	2 1797	1	1
0 3693	2 1797	1	1
3 4538	2 1797	1	1
3 2440	2 1797	1	1
3 4786	2 1797	1	1
2 1309	2 1798	1	1
1 622	2 1798	1	1
1 34	2 1798	1	1
3 1638	2 1798	1	1
3 3252	2 1798	1	1
1 4168	2 1798	1	1
2 3303	2 1799	1	1
2 1042	2 1799	1	1
2 3092	2 1799	1	1
0 1040	2 1799	1	1
1 2647	2 1799	1	1
1 1515	2 1799	1	1
2 4527	2 1800	1	1
0 260	2 1800	1	1
0 2513	2 1800	1	1
1 1376	2 1800	1	1
1 1613	2 1800	1	1
3 4253	2 1800	1	1
1 3948	2 1801	1	1
3 221	2 1801	1	1
3 3886	2 1801	1	1
3 622	2 1801	1	1
3 82	2 1801	1	1
3 1319	2 1801	1	1
0 1276	2 1802	1	1
0 865	2 1802	1	1
0 3602	2 1802	1	1
1 3102	2 1802	1	1
3 4832	2 1802	1	1
0 1199	2 1802	1	1
1 3611	2 1803	1	1
1 3077	2 1803	1	1
3 4037	2 1803	1	1
3 2349	2 1803	1	1
3 1128	2 1803	1	1
0 1791	2 1803	1	1
2 3541	2 1804	1	1
2 905	2 1804	1	1
1 4511	2 1804	1	1
1 309	2 1804	1	1
1 1429	2 1804	1	1
1 2214	2 1804	1	1
2 1740	2 1805	1	1
2 3692	2 1805	1	1
0 1279	2 1805	1	1
1 2017	2 1805	1	1
3 4547	2 1805	1	1
1 795	2 1805	1	1
0 4944	2 1806	1	1
0 4113	2 1806	1	1
1 2308	2 1806	1	1
3 773	2 1806	1	1
3 4773	2 1806	1	1
0 2313	2 1806	1	1
0 4514	2 1807	1	1
0 3611	2 1807	1	1
0 1356	2 1807	1	1
1 4950	2 1807	1	1
3 1794	2 1807	1	1
1 2349	2 1807	1	1
2 4386	2 1808	1	1
2 3915	2 1808	1	1
1 1152	2 1808	1	1
1 1771	2 1808	1	1
1 3415	2 1808	1	1
0 185	2 1808	1	1
2 753	2 1809	1	1
0 33	2 1809	1	1
3 2172	2 1809	1	1
3 2437	2 1809	1	1
3 1347	2 1809	1	1
3 2206	2 1809	1	1
2 582	2 1810	1	1
0 2596	2 1810	1	1
1 4001	2 1810	1	1
3 544	2 1810	1	1
3 4783	2 1810	1	1
3 3116	2 1810	1	1
0 3766	2 1811	1	1
0 3497	2 1811	1	1
1 1751	2 1811	1	1
1 3286	2 1811	1	1
1 3133	2 1811	1	1
3 4721	2 1811	1	1
0 3783	2 1812	1	1
0 280	2 1812	1	1
0 1213	2 1812	1	1
1 2755	2 1812	1	1
3 3435	2 1812	1	1
3 1072	2 1812	1	1
2 1106	2 1813	1	1
0 3435	2 1813	1	1
0 16	2 1813	1	1
1 2825	2 1813	1	1
1 1679	2 1813	1	1
3 2321	2 1813	1	1
2 1458	2 1814	1	1
2 4	2 1814	1	1
2 4632	2 1814	1	1
1 2785	2 1814	1	1
1 298	2 1814	1	1
0 2996	2 1814	1	1
2 923	2 1815	1	1
0 927	2 1815	1	1
0 1659	2 1815	1	1
1 3268	2 1815	1	1
1 290	2 1815	1	1
1 2407	2 1815	1	1
2 2349	2 1816	1	1
0 2760	2 1816	1	1
1 3677	2 1816	1	1
1 1671	2 1816	1	1
3 3544	2 1816	1	1
3 2325	2 1816	1	1
0 3917	2 1817	1	1
0 4522	2 1817	1	1
1 2624	2 1817	1	1
3 2423	2 1817	1	1
0 3814	2 1817	1	1
3 4959	2 1817	1	1
2 1184	2 1818	1	1
0 1107	2 1818	1	1
3 956	2 1818	1	1
3 1729	2 1818	1	1
3 886	2 1818	1	1
3 2078	2 1818	1	1
2 4184	2 1819	1	1
1 4443	2 1819	1	1
3 1927	2 1819	1	1
3 22	2 1819	1	1
3 2352	2 1819	1	1
0 3704	2 1819	1	1
2 1131	2 1820	1	1
0 4353	2 1820	1	1
0 4040	2 1820	1	1
0 1745	2 1820	1	1
1 4663	2 1820	1	1
3 1117	2 1820	1	1
2 693	2 1821	1	1
2 4888	2 1821	1	1
2 2595	2 1821	1	1
2 843	2 1821	1	1
0 357	2 1821	1	1
1 1267	2 1821	1	1
2 4142	2 1822	1	1
0 3718	2 1822	1	1
1 2799	2 1822	1	1
1 1573	2 1822	1	1
1 4239	2 1822	1	1
3 2317	2 1822	1	1
2 58	2 1823	1	1
2 759	2 1823	1	1
2 3391	2 1823	1	1
2 3285	2 1823	1	1
3 591	2 1823	1	1
3 2169	2 1823	1	1
2 2499	2 1824	1	1
0 415	2 1824	1	1
1 2611	2 1824	1	1
1 2750	2 1824	1	1
3 2159	2 1824	1	1
1 1364	2 1824	1	1
2 1403	2 1825	1	1
0 1126	2 1825	1	1
0 3811	2 1825	1	1
0 3395	2 1825	1	1
1 3335	2 1825	1	1
1 3414	2 1825	1	1
2 2627	2 1826	1	1
2 280	2 1826	1	1
1 3233	2 1826	1	1
1 2031	2 1826	1	1
1 1733	2 1826	1	1
3 843	2 1826	1	1
2 11	2 1827	1	1
0 4667	2 1827	1	1
0 2363	2 1827	1	1
0 2398	2 1827	1	1
1 836	2 1827	1	1
0 4856	2 1827	1	1
2 3899	2 1828	1	1
1 2141	2 1828	1	1
1 3250	2 1828	1	1
3 979	2 1828	1	1
3 1312	2 1828	1	1
3 677	2 1828	1	1
0 2724	2 1829	1	1
0 4818	2 1829	1	1
1 3361	2 1829	1	1
1 1120	2 1829	1	1
3 607	2 1829	1	1
3 63	2 1829	1	1
2 2438	2 1830	1	1
0 3507	2 1830	1	1
0 3221	2 1830	1	1
0 283	2 1830	1	1
1 878	2 1830	1	1
3 1226	2 1830	1	1
2 440	2 1831	1	1
0 3282	2 1831	1	1
0 4439	2 1831	1	1
0 96	2 1831	1	1
0 3634	2 1831	1	1
1 940	2 1831	1	1
2 3687	2 1832	1	1
1 3670	2 1832	1	1
1 437	2 1832	1	1
1 650	2 1832	1	1
3 800	2 1832	1	1
3 124	2 1832	1	1
0 2438	2 1833	1	1
0 975	2 1833	1	1
0 243	2 1833	1	1
0 2426	2 1833	1	1
1 2711	2 1833	1	1
3 3789	2 1833	1	1
2 2655	2 1834	1	1
0 359	2 1834	1	1
0 3874	2 1834	1	1
1 2305	2 1834	1	1
1 1042	2 1834	1	1
1 3844	2 1834	1	1
2 1335	2 1835	1	1
0 4552	2 1835	1	1
1 3374	2 1835	1	1
1 4341	2 1835	1	1
3 2695	2 1835	1	1
0 2915	2 1835	1	1
2 3811	2 1836	1	1
0 2026	2 1836	1	1
0 1753	2 1836	1	1
3 2450	2 1836	1	1
0 4028	2 1836	1	1
0 4515	2 1836	1	1
2 368	2 1837	1	1
0 4791	2 1837	1	1
1 3392	2 1837	1	1
1 4619	2 1837	1	1
1 1608	2 1837	1	1
1 3813	2 1837	1	1
2 4825	2 1838	1	1
0 2239	2 1838	1	1
1 82	2 1838	1	1
3 381	2 1838	1	1
3 523	2 1838	1	1
3 4240	2 1838	1	1
2 546	2 1839	1	1
0 3141	2 1839	1	1
1 621	2 1839	1	1
1 1237	2 1839	1	1
0 4635	2 1839	1	1
1 1815	2 1839	1	1
2 2755	2 1840	1	1
0 4653	2 1840	1	1
1 2987	2 1840	1	1
3 4946	2 1840	1	1
3 3277	2 1840	1	1
3 857	2 1840	1	1
2 3987	2 1841	1	1
0 2900	2 1841	1	1
1 3579	2 1841	1	1
1 4617	2 1841	1	1
1 2563	2 1841	1	1
3 1776	2 1841	1	1
2 2180	2 1842	1	1
0 4959	2 1842	1	1
1 869	2 1842	1	1
1 4844	2 1842	1	1
3 1332	2 1842	1	1
3 633	2 1842	1	1
2 1460	2 1843	1	1
2 3147	2 1843	1	1
2 1860	2 1843	1	1
1 110	2 1843	1	1
0 4474	2 1843	1	1
3 626	2 1843	1	1
2 2153	2 1844	1	1
1 3378	2 1844	1	1
1 1563	2 1844	1	1
3 2048	2 1844	1	1
3 3225	2 1844	1	1
1 4507	2 1844	1	1
2 2136	2 1845	1	1
0 2332	2 1845	1	1
0 2865	2 1845	1	1
1 3064	2 1845	1	1
1 3170	2 1845	1	1
0 3724	2 1845	1	1
2 360	2 1846	1	1
2 4701	2 1846	1	1
3 3381	2 1846	1	1
3 4699	2 1846	1	1
3 4932	2 1846	1	1
3 2066	2 1846	1	1
2 3206	2 1847	1	1
2 4632	2 1847	1	1
2 1571	2 1847	1	1
0 1590	2 1847	1	1
1 419	2 1847	1	1
3 4493	2 1847	1	1
1 2589	2 1848	1	1
3 840	2 1848	1	1
3 264	2 1848	1	1
0 1337	2 1848	1	1
0 4580	2 1848	1	1
0 816	2 1848	1	1
0 389	2 1849	1	1
0 1113	2 1849	1	1
3 1039	2 1849	1	1
3 3647	2 1849	1	1
3 1541	2 1849	1	1
3 3934	2 1849	1	1
2 1953	2 1850	1	1
0 896	2 1850	1	1
0 2669	2 1850	1	1
0 3806	2 1850	1	1
1 4993	2 1850	1	1
3 3868	2 1850	1	1
2 1730	2 1851	1	1
0 2685	2 1851	1	1
1 4454	2 1851	1	1
1 2835	2 1851	1	1
3 1634	2 1851	1	1
3 2004	2 1851	1	1
2 3574	2 1852	1	1
0 348	2 1852	1	1
0 1599	2 1852	1	1
0 2914	2 1852	1	1
1 3059	2 1852	1	1
3 4010	2 1852	1	1
2 1342	2 1853	1	1
0 274	2 1853	1	1
1 1976	2 1853	1	1
3 1354	2 1853	1	1
3 2284	2 1853	1	1
3 4181	2 1853	1	1
2 1277	2 1854	1	1
0 747	2 1854	1	1
1 440	2 1854	1	1
3 3225	2 1854	1	1
3 243	2 1854	1	1
1 4814	2 1854	1	1
2 3256	2 1855	1	1
0 4483	2 1855	1	1
0 3097	2 1855	1	1
0 2091	2 1855	1	1
1 218	2 1855	1	1
3 2426	2 1855	1	1
2 613	2 1856	1	1
2 38	2 1856	1	1
2 675	2 1856	1	1
0 3296	2 1856	1	1
0 445	2 1856	1	1
0 2166	2 1856	1	1
2 1104	2 1857	1	1
0 3016	2 1857	1	1
3 3549	2 1857	1	1
3 4183	2 1857	1	1
3 2950	2 1857	1	1
3 1024	2 1857	1	1
2 1026	2 1858	1	1
2 3450	2 1858	1	1
2 3888	2 1858	1	1
2 2700	2 1858	1	1
1 3780	2 1858	1	1
0 3408	2 1858	1	1
2 2595	2 1859	1	1
2 1869	2 1859	1	1
1 1051	2 1859	1	1
1 25	2 1859	1	1
3 2163	2 1859	1	1
1 4815	2 1859	1	1
2 3441	2 1860	1	1
1 1679	2 1860	1	1
1 605	2 1860	1	1
1 3369	2 1860	1	1
3 1344	2 1860	1	1
3 3042	2 1860	1	1
2 4831	2 1861	1	1
2 400	2 1861	1	1
2 4392	2 1861	1	1
2 1996	2 1861	1	1
2 3587	2 1861	1	1
0 453	2 1861	1	1
2 1388	2 1862	1	1
2 1360	2 1862	1	1
2 2319	2 1862	1	1
0 1402	2 1862	1	1
1 1412	2 1862	1	1
3 4334	2 1862	1	1
2 1363	2 1863	1	1
2 520	2 1863	1	1
0 4826	2 1863	1	1
0 3412	2 1863	1	1
3 3421	2 1863	1	1
0 2563	2 1863	1	1
2 3747	2 1864	1	1
0 3927	2 1864	1	1
0 2747	2 1864	1	1
1 1664	2 1864	1	1
3 3138	2 1864	1	1
1 1786	2 1864	1	1
2 4065	2 1865	1	1
2 3002	2 1865	1	1
1 370	2 1865	1	1
1 1073	2 1865	1	1
1 4436	2 1865	1	1
3 3445	2 1865	1	1
2 3791	2 1866	1	1
2 4263	2 1866	1	1
1 1861	2 1866	1	1
0 812	2 1866	1	1
0 1757	2 1866	1	1
1 3098	2 1866	1	1
2 2508	2 1867	1	1
0 1311	2 1867	1	1
0 358	2 1867	1	1
1 326	2 1867	1	1
1 3222	2 1867	1	1
3 350	2 1867	1	1
2 1268	2 1868	1	1
2 4849	2 1868	1	1
2 2535	2 1868	1	1
2 128	2 1868	1	1
1 1632	2 1868	1	1
1 3024	2 1868	1	1
0 130	2 1869	1	1
1 3307	2 1869	1	1
3 47	2 1869	1	1
3 3040	2 1869	1	1
0 3149	2 1869	1	1
3 1989	2 1869	1	1
2 2248	2 1870	1	1
2 2888	2 1870	1	1
0 1503	2 1870	1	1
3 4411	2 1870	1	1
3 545	2 1870	1	1
0 2420	2 1870	1	1
2 3901	2 1871	1	1
0 470	2 1871	1	1
0 306	2 1871	1	1
1 4350	2 1871	1	1
3 2033	2 1871	1	1
0 736	2 1871	1	1
0 4550	2 1872	1	1
0 3076	2 1872	1	1
0 3782	2 1872	1	1
3 1401	2 1872	1	1
3 3091	2 1872	1	1
0 2623	2 1872	1	1
2 3491	2 1873	1	1
2 2206	2 1873	1	1
0 1305	2 1873	1	1
1 4050	2 1873	1	1
3 2040	2 1873	1	1
1 1309	2 1873	1	1
0 1259	2 1874	1	1
0 3514	2 1874	1	1
0 4515	2 1874	1	1
1 1456	2 1874	1	1
1 2740	2 1874	1	1
3 702	2 1874	1	1
2 420	2 1875	1	1
2 4740	2 1875	1	1
1 1461	2 1875	1	1
3 3002	2 1875	1	1
3 1022	2 1875	1	1
3 1279	2 1875	1	1
2 2033	2 1876	1	1
2 47	2 1876	1	1
1 2251	2 1876	1	1
1 1669	2 1876	1	1
3 3709	2 1876	1	1
1 3763	2 1876	1	1
0 2391	2 1877	1	1
1 2750	2 1877	1	1
1 4141	2 1877	1	1
3 2450	2 1877	1	1
3 3283	2 1877	1	1
1 3550	2 1877	1	1
2 3544	2 1878	1	1
0 173	2 1878	1	1
1 3084	2 1878	1	1
1 2292	2 1878	1	1
1 2327	2 1878	1	1
1 730	2 1878	1	1
2 1546	2 1879	1	1
0 1806	2 1879	1	1
0 2989	2 1879	1	1
1 4122	2 1879	1	1
1 3593	2 1879	1	1
0 482	2 1879	1	1
2 4848	2 1880	1	1
0 2873	2 1880	1	1
0 4581	2 1880	1	1
0 4129	2 1880	1	1
1 4720	2 1880	1	1
1 679	2 1880	1	1
2 4333	2 1881	1	1
2 1822	2 1881	1	1
2 3956	2 1881	1	1
2 1315	2 1881	1	1
0 4152	2 1881	1	1
0 1848	2 1881	1	1
2 2534	2 1882	1	1
0 2096	2 1882	1	1
0 4319	2 1882	1	1
1 3743	2 1882	1	1
3 387	2 1882	1	1
0 613	2 1882	1	1
2 4956	2 1883	1	1
2 3480	2 1883	1	1
0 2889	2 1883	1	1
0 2409	2 1883	1	1
0 3785	2 1883	1	1
1 3168	2 1883	1	1
2 4265	2 1884	1	1
2 3146	2 1884	1	1
1 3069	2 1884	1	1
3 4534	2 1884	1	1
3 2299	2 1884	1	1
1 1465	2 1884	1	1
2 3066	2 1885	1	1
0 1174	2 1885	1	1
0 77	2 1885	1	1
0 320	2 1885	1	1
1 4163	2 1885	1	1
1 3221	2 1885	1	1
2 1350	2 1886	1	1
2 4421	2 1886	1	1
1 3883	2 1886	1	1
1 1493	2 1886	1	1
3 413	2 1886	1	1
3 2408	2 1886	1	1
2 2663	2 1887	1	1
1 1755	2 1887	1	1
1 2086	2 1887	1	1
1 398	2 1887	1	1
1 1545	2 1887	1	1
0 3081	2 1887	1	1
2 1321	2 1888	1	1
0 1920	2 1888	1	1
0 1238	2 1888	1	1
0 1986	2 1888	1	1
0 2540	2 1888	1	1
3 2223	2 1888	1	1
2 1348	2 1889	1	1
0 4964	2 1889	1	1
0 1338	2 1889	1	1
1 900	2 1889	1	1
0 462	2 1889	1	1
1 854	2 1889	1	1
2 2416	2 1890	1	1
2 4866	2 1890	1	1
3 150	2 1890	1	1
3 547	2 1890	1	1
0 2072	2 1890	1	1
3 4624	2 1890	1	1
2 1865	2 1891	1	1
1 2508	2 1891	1	1
1 3349	2 1891	1	1
1 4262	2 1891	1	1
3 3805	2 1891	1	1
3 4623	2 1891	1	1
2 2507	2 1892	1	1
2 2709	2 1892	1	1
2 549	2 1892	1	1
1 3607	2 1892	1	1
1 3926	2 1892	1	1
1 344	2 1892	1	1
2 1207	2 1893	1	1
0 1068	2 1893	1	1
1 2976	2 1893	1	1
3 586	2 1893	1	1
3 2066	2 1893	1	1
3 1472	2 1893	1	1
0 4841	2 1894	1	1
1 2211	2 1894	1	1
1 2294	2 1894	1	1
3 4993	2 1894	1	1
3 4746	2 1894	1	1
0 1190	2 1894	1	1
2 118	2 1895	1	1
0 4119	2 1895	1	1
0 1366	2 1895	1	1
1 2415	2 1895	1	1
3 2805	2 1895	1	1
3 693	2 1895	1	1
2 4063	2 1896	1	1
1 4802	2 1896	1	1
1 2573	2 1896	1	1
3 1787	2 1896	1	1
3 4958	2 1896	1	1
1 3488	2 1896	1	1
1 4982	2 1897	1	1
3 4482	2 1897	1	1
3 2316	2 1897	1	1
3 1917	2 1897	1	1
3 514	2 1897	1	1
3 1390	2 1897	1	1
0 2119	2 1898	1	1
0 656	2 1898	1	1
0 1749	2 1898	1	1
1 1516	2 1898	1	1
3 2209	2 1898	1	1
3 2584	2 1898	1	1
0 4510	2 1899	1	1
1 4990	2 1899	1	1
1 1911	2 1899	1	1
1 2457	2 1899	1	1
1 4898	2 1899	1	1
3 4931	2 1899	1	1
2 2830	2 1900	1	1
2 4250	2 1900	1	1
0 2324	2 1900	1	1
1 791	2 1900	1	1
1 2087	2 1900	1	1
1 3291	2 1900	1	1
2 1651	2 1901	1	1
2 1116	2 1901	1	1
1 706	2 1901	1	1
3 118	2 1901	1	1
1 4363	2 1901	1	1
3 3546	2 1901	1	1
2 459	2 1902	1	1
0 2346	2 1902	1	1
0 4449	2 1902	1	1
1 4542	2 1902	1	1
3 3795	2 1902	1	1
3 3720	2 1902	1	1
2 4403	2 1903	1	1
0 3637	2 1903	1	1
1 856	2 1903	1	1
3 1234	2 1903	1	1
1 4871	2 1903	1	1
1 4779	2 1903	1	1
2 1007	2 1904	1	1
2 3839	2 1904	1	1
2 3260	2 1904	1	1
2 4433	2 1904	1	1
2 4910	2 1904	1	1
3 2699	2 1904	1	1
2 4696	2 1905	1	1
0 4291	2 1905	1	1
1 4832	2 1905	1	1
1 2868	2 1905	1	1
1 2802	2 1905	1	1
3 4011	2 1905	1	1
0 3761	2 1906	1	1
0 2277	2 1906	1	1
1 3018	2 1906	1	1
1 3343	2 1906	1	1
1 803	2 1906	1	1
3 2626	2 1906	1	1
2 1079	2 1907	1	1
0 4771	2 1907	1	1
1 3234	2 1907	1	1
3 4761	2 1907	1	1
3 3273	2 1907	1	1
1 815	2 1907	1	1
2 1251	2 1908	1	1
0 1403	2 1908	1	1
1 1725	2 1908	1	1
3 2146	2 1908	1	1
3 1966	2 1908	1	1
3 3589	2 1908	1	1
2 1750	2 1909	1	1
2 1308	2 1909	1	1
0 2782	2 1909	1	1
0 4321	2 1909	1	1
3 1206	2 1909	1	1
3 534	2 1909	1	1
0 4441	2 1910	1	1
0 106	2 1910	1	1
0 152	2 1910	1	1
1 373	2 1910	1	1
3 4656	2 1910	1	1
0 1294	2 1910	1	1
2 4243	2 1911	1	1
0 150	2 1911	1	1
1 3556	2 1911	1	1
1 2201	2 1911	1	1
3 4696	2 1911	1	1
3 2102	2 1911	1	1
0 395	2 1912	1	1
1 3561	2 1912	1	1
1 365	2 1912	1	1
3 1370	2 1912	1	1
3 2381	2 1912	1	1
0 4451	2 1912	1	1
2 4882	2 1913	1	1
2 239	2 1913	1	1
0 1259	2 1913	1	1
0 4351	2 1913	1	1
3 759	2 1913	1	1
3 35	2 1913	1	1
2 4165	2 1914	1	1
2 348	2 1914	1	1
0 3910	2 1914	1	1
0 268	2 1914	1	1
3 1922	2 1914	1	1
1 4622	2 1914	1	1
2 298	2 1915	1	1
0 671	2 1915	1	1
0 2831	2 1915	1	1
1 348	2 1915	1	1
1 3427	2 1915	1	1
1 3934	2 1915	1	1
2 2758	2 1916	1	1
2 2955	2 1916	1	1
1 2341	2 1916	1	1
1 4224	2 1916	1	1
3 3107	2 1916	1	1
3 3851	2 1916	1	1
0 4653	2 1917	1	1
1 1182	2 1917	1	1
3 4962	2 1917	1	1
3 944	2 1917	1	1
3 2092	2 1917	1	1
0 4293	2 1917	1	1
2 447	2 1918	1	1
2 524	2 1918	1	1
2 1539	2 1918	1	1
2 4375	2 1918	1	1
1 967	2 1918	1	1
3 1595	2 1918	1	1
0 1738	2 1919	1	1
0 3362	2 1919	1	1
0 2099	2 1919	1	1
1 3066	2 1919	1	1
1 2870	2 1919	1	1
3 2878	2 1919	1	1
0 988	2 1920	1	1
0 3682	2 1920	1	1
0 3356	2 1920	1	1
1 397	2 1920	1	1
3 771	2 1920	1	1
3 2666	2 1920	1	1
2 2702	2 1921	1	1
2 4790	2 1921	1	1
2 2266	2 1921	1	1
0 3326	2 1921	1	1
0 3054	2 1921	1	1
3 3186	2 1921	1	1
2 4375	2 1922	1	1
2 4090	2 1922	1	1
0 4638	2 1922	1	1
3 735	2 1922	1	1
3 1792	2 1922	1	1
3 4672	2 1922	1	1
0 1812	2 1923	1	1
0 275	2 1923	1	1
3 2681	2 1923	1	1
3 1362	2 1923	1	1
3 3462	2 1923	1	1
3 2597	2 1923	1	1
0 1447	2 1924	1	1
1 364	2 1924	1	1
3 1788	2 1924	1	1
3 3973	2 1924	1	1
3 4909	2 1924	1	1
3 2458	2 1924	1	1
2 2882	2 1925	1	1
2 3840	2 1925	1	1
1 4487	2 1925	1	1
1 2545	2 1925	1	1
3 1362	2 1925	1	1
3 3270	2 1925	1	1
0 2079	2 1926	1	1
1 1765	2 1926	1	1
3 3602	2 1926	1	1
3 275	2 1926	1	1
3 4210	2 1926	1	1
3 4319	2 1926	1	1
2 221	2 1927	1	1
0 3507	2 1927	1	1
1 1667	2 1927	1	1
3 4995	2 1927	1	1
3 3306	2 1927	1	1
0 621	2 1927	1	1
2 3237	2 1928	1	1
0 176	2 1928	1	1
0 2279	2 1928	1	1
1 2578	2 1928	1	1
3 3492	2 1928	1	1
3 3742	2 1928	1	1
2 986	2 1929	1	1
2 2088	2 1929	1	1
2 4464	2 1929	1	1
2 1548	2 1929	1	1
0 326	2 1929	1	1
0 1229	2 1929	1	1
2 2262	2 1930	1	1
2 1062	2 1930	1	1
0 152	2 1930	1	1
3 1578	2 1930	1	1
0 1373	2 1930	1	1
1 2050	2 1930	1	1
2 2619	2 1931	1	1
2 1850	2 1931	1	1
2 2436	2 1931	1	1
1 3494	2 1931	1	1
3 3465	2 1931	1	1
3 3697	2 1931	1	1
2 4491	2 1932	1	1
0 2774	2 1932	1	1
1 3879	2 1932	1	1
1 270	2 1932	1	1
1 1621	2 1932	1	1
1 1765	2 1932	1	1
2 1950	2 1933	1	1
0 4135	2 1933	1	1
1 2191	2 1933	1	1
3 3677	2 1933	1	1
3 2523	2 1933	1	1
0 3028	2 1933	1	1
2 3164	2 1934	1	1
2 3083	2 1934	1	1
0 2924	2 1934	1	1
0 614	2 1934	1	1
1 4941	2 1934	1	1
3 4285	2 1934	1	1
0 4639	2 1935	1	1
0 2979	2 1935	1	1
1 1750	2 1935	1	1
1 4532	2 1935	1	1
1 2365	2 1935	1	1
3 2838	2 1935	1	1
3 492	2 1936	1	1
3 386	2 1936	1	1
3 2177	2 1936	1	1
3 4159	2 1936	1	1
0 4220	2 1936	1	1
1 1309	2 1936	1	1
2 1516	2 1937	1	1
2 4211	2 1937	1	1
1 3168	2 1937	1	1
1 2820	2 1937	1	1
1 1431	2 1937	1	1
3 1315	2 1937	1	1
2 494	2 1938	1	1
2 909	2 1938	1	1
0 4942	2 1938	1	1
0 427	2 1938	1	1
0 552	2 1938	1	1
1 1250	2 1938	1	1
2 336	2 1939	1	1
0 4203	2 1939	1	1
1 3530	2 1939	1	1
3 2742	2 1939	1	1
0 3308	2 1939	1	1
3 4292	2 1939	1	1
2 4640	2 1940	1	1
2 2197	2 1940	1	1
0 3480	2 1940	1	1
0 3583	2 1940	1	1
1 3852	2 1940	1	1
0 1243	2 1940	1	1
2 4156	2 1941	1	1
2 1472	2 1941	1	1
0 249	2 1941	1	1
0 4007	2 1941	1	1
1 787	2 1941	1	1
1 87	2 1941	1	1
2 2284	2 1942	1	1
2 2438	2 1942	1	1
0 3218	2 1942	1	1
3 1873	2 1942	1	1
3 4346	2 1942	1	1
0 755	2 1942	1	1
0 2524	2 1943	1	1
3 963	2 1943	1	1
3 4683	2 1943	1	1
3 4121	2 1943	1	1
0 3157	2 1943	1	1
1 3837	2 1943	1	1
2 819	2 1944	1	1
0 1478	2 1944	1	1
3 4590	2 1944	1	1
3 2391	2 1944	1	1
0 1753	2 1944	1	1
1 2561	2 1944	1	1
2 482	2 1945	1	1
2 218	2 1945	1	1
2 3208	2 1945	1	1
0 484	2 1945	1	1
1 1323	2 1945	1	1
3 3645	2 1945	1	1
2 1236	2 1946	1	1
0 4690	2 1946	1	1
0 3438	2 1946	1	1
1 2001	2 1946	1	1
3 1290	2 1946	1	1
1 1255	2 1946	1	1
2 132	2 1947	1	1
2 247	2 1947	1	1
2 4459	2 1947	1	1
1 280	2 1947	1	1
1 4583	2 1947	1	1
0 1809	2 1947	1	1
2 749	2 1948	1	1
0 3652	2 1948	1	1
1 425	2 1948	1	1
3 1907	2 1948	1	1
3 1986	2 1948	1	1
3 4956	2 1948	1	1
2 155	2 1949	1	1
1 514	2 1949	1	1
3 4080	2 1949	1	1
3 4838	2 1949	1	1
3 1140	2 1949	1	1
0 2469	2 1949	1	1
0 90	2 1950	1	1
0 1677	2 1950	1	1
0 3624	2 1950	1	1
0 2818	2 1950	1	1
1 2165	2 1950	1	1
3 1934	2 1950	1	1
0 3657	2 1951	1	1
0 4784	2 1951	1	1
3 1167	2 1951	1	1
3 2984	2 1951	1	1
3 2193	2 1951	1	1
1 4514	2 1951	1	1
2 3951	2 1952	1	1
0 1731	2 1952	1	1
0 2970	2 1952	1	1
1 563	2 1952	1	1
3 1939	2 1952	1	1
1 4020	2 1952	1	1
2 4596	2 1953	1	1
2 1013	2 1953	1	1
0 3713	2 1953	1	1
0 2280	2 1953	1	1
0 1145	2 1953	1	1
3 3931	2 1953	1	1
2 1783	2 1954	1	1
0 3109	2 1954	1	1
0 3306	2 1954	1	1
1 267	2 1954	1	1
3 704	2 1954	1	1
3 4684	2 1954	1	1
2 2624	2 1955	1	1
2 84	2 1955	1	1
2 3191	2 1955	1	1
0 2672	2 1955	1	1
3 4615	2 1955	1	1
1 3863	2 1955	1	1
2 2396	2 1956	1	1
2 1685	2 1956	1	1
2 3169	2 1956	1	1
0 4014	2 1956	1	1
3 4525	2 1956	1	1
3 3307	2 1956	1	1
2 2756	2 1957	1	1
0 3909	2 1957	1	1
0 3880	2 1957	1	1
3 4467	2 1957	1	1
1 2113	2 1957	1	1
3 294	2 1957	1	1
2 152	2 1958	1	1
2 2188	2 1958	1	1
0 434	2 1958	1	1
1 2647	2 1958	1	1
1 4354	2 1958	1	1
0 1168	2 1958	1	1
2 1098	2 1959	1	1
2 1156	2 1959	1	1
2 1083	2 1959	1	1
1 285	2 1959	1	1
1 4997	2 1959	1	1
3 4972	2 1959	1	1
2 3309	2 1960	1	1
0 3730	2 1960	1	1
1 627	2 1960	1	1
1 3316	2 1960	1	1
3 1472	2 1960	1	1
0 1814	2 1960	1	1
2 716	2 1961	1	1
1 3293	2 1961	1	1
3 2988	2 1961	1	1
3 3243	2 1961	1	1
1 883	2 1961	1	1
1 2929	2 1961	1	1
0 454	2 1962	1	1
1 1642	2 1962	1	1
1 1522	2 1962	1	1
3 1894	2 1962	1	1
3 3350	2 1962	1	1
0 3133	2 1962	1	1
0 1336	2 1963	1	1
3 2379	2 1963	1	1
3 2720	2 1963	1	1
3 3947	2 1963	1	1
0 3025	2 1963	1	1
1 2934	2 1963	1	1
0 2232	2 1964	1	1
0 1870	2 1964	1	1
0 3038	2 1964	1	1
3 3825	2 1964	1	1
3 4293	2 1964	1	1
3 561	2 1964	1	1
2 1908	2 1965	1	1
2 4224	2 1965	1	1
1 2769	2 1965	1	1
1 680	2 1965	1	1
3 2291	2 1965	1	1
3 2922	2 1965	1	1
2 3957	2 1966	1	1
0 4872	2 1966	1	1
0 1412	2 1966	1	1
1 2762	2 1966	1	1
1 1017	2 1966	1	1
3 4169	2 1966	1	1
2 3685	2 1967	1	1
0 1661	2 1967	1	1
1 3892	2 1967	1	1
3 3428	2 1967	1	1
3 729	2 1967	1	1
1 1515	2 1967	1	1
0 1501	2 1968	1	1
3 1380	2 1968	1	1
1 3883	2 1968	1	1
1 3531	2 1968	1	1
1 3995	2 1968	1	1
3 4556	2 1968	1	1
2 4812	2 1969	1	1
0 541	2 1969	1	1
1 1036	2 1969	1	1
1 2076	2 1969	1	1
3 1603	2 1969	1	1
3 1208	2 1969	1	1
2 2431	2 1970	1	1
2 2745	2 1970	1	1
0 3537	2 1970	1	1
0 3446	2 1970	1	1
3 124	2 1970	1	1
3 2295	2 1970	1	1
2 3140	2 1971	1	1
1 650	2 1971	1	1
1 3236	2 1971	1	1
1 1407	2 1971	1	1
3 2196	2 1971	1	1
3 1470	2 1971	1	1
2 3820	2 1972	1	1
0 1460	2 1972	1	1
1 1364	2 1972	1	1
1 3458	2 1972	1	1
3 4544	2 1972	1	1
3 4658	2 1972	1	1
0 2904	2 1973	1	1
0 2070	2 1973	1	1
1 841	2 1973	1	1
1 3352	2 1973	1	1
3 3942	2 1973	1	1
1 2939	2 1973	1	1
2 2486	2 1974	1	1
2 1226	2 1974	1	1
2 4863	2 1974	1	1
1 230	2 1974	1	1
3 183	2 1974	1	1
3 4112	2 1974	1	1
2 4138	2 1975	1	1
2 2404	2 1975	1	1
2 1760	2 1975	1	1
2 1035	2 1975	1	1
3 1954	2 1975	1	1
3 2626	2 1975	1	1
0 3986	2 1976	1	1
1 930	2 1976	1	1
1 1175	2 1976	1	1
3 1115	2 1976	1	1
3 995	2 1976	1	1
1 3693	2 1976	1	1
2 4894	2 1977	1	1
0 1528	2 1977	1	1
1 4253	2 1977	1	1
3 2251	2 1977	1	1
3 4609	2 1977	1	1
3 364	2 1977	1	1
2 4101	2 1978	1	1
2 409	2 1978	1	1
0 1155	2 1978	1	1
1 867	2 1978	1	1
1 1837	2 1978	1	1
1 4902	2 1978	1	1
2 4382	2 1979	1	1
2 212	2 1979	1	1
2 3684	2 1979	1	1
1 28	2 1979	1	1
1 2761	2 1979	1	1
3 3795	2 1979	1	1
2 2993	2 1980	1	1
2 3087	2 1980	1	1
1 1346	2 1980	1	1
1 4339	2 1980	1	1
1 514	2 1980	1	1
1 4622	2 1980	1	1
2 1352	2 1981	1	1
2 4699	2 1981	1	1
1 4041	2 1981	1	1
3 3824	2 1981	1	1
3 4933	2 1981	1	1
3 1788	2 1981	1	1
0 1381	2 1982	1	1
0 1964	2 1982	1	1
1 618	2 1982	1	1
1 4358	2 1982	1	1
1 296	2 1982	1	1
0 2626	2 1982	1	1
0 507	2 1983	1	1
0 4630	2 1983	1	1
0 2936	2 1983	1	1
1 4036	2 1983	1	1
3 1761	2 1983	1	1
3 785	2 1983	1	1
2 879	2 1984	1	1
0 4595	2 1984	1	1
3 591	2 1984	1	1
3 3659	2 1984	1	1
1 3448	2 1984	1	1
0 3930	2 1984	1	1
2 648	2 1985	1	1
2 1258	2 1985	1	1
2 113	2 1985	1	1
1 4445	2 1985	1	1
3 4525	2 1985	1	1
0 955	2 1985	1	1
2 1315	2 1986	1	1
0 4929	2 1986	1	1
0 3094	2 1986	1	1
1 62	2 1986	1	1
3 4072	2 1986	1	1
3 948	2 1986	1	1
2 3596	2 1987	1	1
2 1500	2 1987	1	1
2 4221	2 1987	1	1
0 159	2 1987	1	1
3 3342	2 1987	1	1
3 3506	2 1987	1	1
2 2063	2 1988	1	1
2 3452	2 1988	1	1
2 4918	2 1988	1	1
1 3750	2 1988	1	1
3 3716	2 1988	1	1
3 2111	2 1988	1	1
2 578	2 1989	1	1
0 70	2 1989	1	1
0 495	2 1989	1	1
3 3923	2 1989	1	1
3 3992	2 1989	1	1
3 2953	2 1989	1	1
2 3725	2 1990	1	1
2 4239	2 1990	1	1
1 715	2 1990	1	1
1 365	2 1990	1	1
3 2589	2 1990	1	1
3 4211	2 1990	1	1
2 3919	2 1991	1	1
2 4994	2 1991	1	1
1 4716	2 1991	1	1
1 40	2 1991	1	1
3 3400	2 1991	1	1
3 1814	2 1991	1	1
2 1883	2 1992	1	1
2 2743	2 1992	1	1
0 1523	2 1992	1	1
1 1017	2 1992	1	1
3 799	2 1992	1	1
1 4281	2 1992	1	1
2 30	2 1993	1	1
2 1884	2 1993	1	1
0 1341	2 1993	1	1
0 3366	2 1993	1	1
0 4082	2 1993	1	1
1 3240	2 1993	1	1
2 2669	2 1994	1	1
0 4941	2 1994	1	1
1 4662	2 1994	1	1
1 3651	2 1994	1	1
1 597	2 1994	1	1
3 1212	2 1994	1	1
0 2256	2 1995	1	1
0 4970	2 1995	1	1
1 3554	2 1995	1	1
1 3605	2 1995	1	1
3 669	2 1995	1	1
3 485	2 1995	1	1
1 1342	2 1996	1	1
1 3525	2 1996	1	1
1 101	2 1996	1	1
1 4910	2 1996	1	1
3 3269	2 1996	1	1
0 3702	2 1996	1	1
0 1660	2 1997	1	1
1 4018	2 1997	1	1
3 1320	2 1997	1	1
3 4709	2 1997	1	1
3 4000	2 1997	1	1
0 1096	2 1997	1	1
0 118	2 1998	1	1
0 420	2 1998	1	1
0 1991	2 1998	1	1
1 706	2 1998	1	1
3 306	2 1998	1	1
1 3978	2 1998	1	1
2 4655	2 1999	1	1
0 932	2 1999	1	1
1 2743	2 1999	1	1
3 1592	2 1999	1	1
3 3146	2 1999	1	1
0 986	2 1999	1	1
0 633	2 2000	1	1
0 1143	2 2000	1	1
0 1244	2 2000	1	1
3 4465	2 2000	1	1
3 1373	2 2000	1	1
3 4486	2 2000	1	1
2 2685	2 2001	1	1
2 2580	2 2001	1	1
0 2219	2 2001	1	1
0 3566	2 2001	1	1
0 675	2 2001	1	1
3 2724	2 2001	1	1
1 3469	2 2002	1	1
1 1626	2 2002	1	1
1 1196	2 2002	1	1
3 457	2 2002	1	1
3 2401	2 2002	1	1
0 4818	2 2002	1	1
2 3032	2 2003	1	1
2 2477	2 2003	1	1
2 4668	2 2003	1	1
0 1587	2 2003	1	1
0 225	2 2003	1	1
3 1126	2 2003	1	1
2 3841	2 2004	1	1
0 1799	2 2004	1	1
1 858	2 2004	1	1
3 2323	2 2004	1	1
3 1172	2 2004	1	1
0 1065	2 2004	1	1
2 957	2 2005	1	1
2 1930	2 2005	1	1
2 2012	2 2005	1	1
2 305	2 2005	1	1
2 3955	2 2005	1	1
2 2	2 2005	1	1
2 668	2 2006	1	1
1 4977	2 2006	1	1
1 4246	2 2006	1	1
1 4756	2 2006	1	1
1 479	2 2006	1	1
1 586	2 2006	1	1
2 1285	2 2007	1	1
2 1229	2 2007	1	1
0 3649	2 2007	1	1
0 4987	2 2007	1	1
0 1498	2 2007	1	1
3 2033	2 2007	1	1
2 1465	2 2008	1	1
2 127	2 2008	1	1
0 500	2 2008	1	1
0 1342	2 2008	1	1
3 3153	2 2008	1	1
0 161	2 2008	1	1
2 1321	2 2009	1	1
0 3792	2 2009	1	1
0 4519	2 2009	1	1
1 4868	2 2009	1	1
1 4187	2 2009	1	1
3 4244	2 2009	1	1
2 2332	2 2010	1	1
0 1130	2 2010	1	1
0 4124	2 2010	1	1
0 3347	2 2010	1	1
3 26	2 2010	1	1
3 416	2 2010	1	1
0 3756	2 2011	1	1
0 453	2 2011	1	1
1 3009	2 2011	1	1
1 3653	2 2011	1	1
3 370	2 2011	1	1
3 4645	2 2011	1	1
2 4308	2 2012	1	1
2 872	2 2012	1	1
1 2455	2 2012	1	1
1 3531	2 2012	1	1
1 2232	2 2012	1	1
3 3735	2 2012	1	1
2 2153	2 2013	1	1
0 2615	2 2013	1	1
0 3598	2 2013	1	1
0 4160	2 2013	1	1
3 3635	2 2013	1	1
0 2382	2 2013	1	1
2 4223	2 2014	1	1
2 364	2 2014	1	1
0 804	2 2014	1	1
1 2606	2 2014	1	1
3 616	2 2014	1	1
0 1962	2 2014	1	1
2 4594	2 2015	1	1
2 1272	2 2015	1	1
1 192	2 2015	1	1
3 4291	2 2015	1	1
3 66	2 2015	1	1
3 2831	2 2015	1	1
2 113	2 2016	1	1
2 1401	2 2016	1	1
2 4898	2 2016	1	1
2 112	2 2016	1	1
0 1573	2 2016	1	1
0 1404	2 2016	1	1
2 2229	2 2017	1	1
2 3943	2 2017	1	1
0 2769	2 2017	1	1
1 2792	2 2017	1	1
3 1845	2 2017	1	1
0 4796	2 2017	1	1
2 1568	2 2018	1	1
0 4529	2 2018	1	1
0 2178	2 2018	1	1
0 1475	2 2018	1	1
1 504	2 2018	1	1
0 1284	2 2018	1	1
0 36	2 2019	1	1
1 2267	2 2019	1	1
1 2259	2 2019	1	1
3 4564	2 2019	1	1
3 2608	2 2019	1	1
3 1826	2 2019	1	1
2 2392	2 2020	1	1
2 2908	2 2020	1	1
2 4871	2 2020	1	1
0 3040	2 2020	1	1
0 3364	2 2020	1	1
3 3438	2 2020	1	1
0 4427	2 2021	1	1
0 2639	2 2021	1	1
0 2394	2 2021	1	1
3 2444	2 2021	1	1
0 2185	2 2021	1	1
1 4830	2 2021	1	1
2 569	2 2022	1	1
1 2684	2 2022	1	1
1 95	2 2022	1	1
1 2944	2 2022	1	1
3 2424	2 2022	1	1
3 1496	2 2022	1	1
2 2557	2 2023	1	1
2 2343	2 2023	1	1
0 1580	2 2023	1	1
3 989	2 2023	1	1
3 3497	2 2023	1	1
3 1421	2 2023	1	1
2 4663	2 2024	1	1
1 2283	2 2024	1	1
3 3136	2 2024	1	1
1 2575	2 2024	1	1
1 3610	2 2024	1	1
0 2851	2 2024	1	1
2 4229	2 2025	1	1
0 674	2 2025	1	1
0 1117	2 2025	1	1
1 4758	2 2025	1	1
3 4871	2 2025	1	1
3 2103	2 2025	1	1
2 3705	2 2026	1	1
0 1346	2 2026	1	1
1 1572	2 2026	1	1
1 1206	2 2026	1	1
1 456	2 2026	1	1
1 1608	2 2026	1	1
2 4128	2 2027	1	1
2 833	2 2027	1	1
2 2385	2 2027	1	1
2 3757	2 2027	1	1
0 2074	2 2027	1	1
3 2256	2 2027	1	1
2 2206	2 2028	1	1
2 1966	2 2028	1	1
1 3953	2 2028	1	1
1 2193	2 2028	1	1
3 1778	2 2028	1	1
1 3634	2 2028	1	1
2 747	2 2029	1	1
1 1963	2 2029	1	1
1 3357	2 2029	1	1
3 3054	2 2029	1	1
1 1114	2 2029	1	1
3 312	2 2029	1	1
2 4631	2 2030	1	1
0 4883	2 2030	1	1
0 74	2 2030	1	1
3 979	2 2030	1	1
3 2411	2 2030	1	1
3 4170	2 2030	1	1
2 4152	2 2031	1	1
2 4861	2 2031	1	1
0 2947	2 2031	1	1
0 1971	2 2031	1	1
1 802	2 2031	1	1
3 4503	2 2031	1	1
2 2747	2 2032	1	1
2 3609	2 2032	1	1
0 2296	2 2032	1	1
3 4637	2 2032	1	1
3 2190	2 2032	1	1
0 3790	2 2032	1	1
2 559	2 2033	1	1
2 1927	2 2033	1	1
2 2525	2 2033	1	1
1 2209	2 2033	1	1
3 201	2 2033	1	1
3 1214	2 2033	1	1
2 4913	2 2034	1	1
2 537	2 2034	1	1
0 4527	2 2034	1	1
0 4823	2 2034	1	1
1 4946	2 2034	1	1
3 253	2 2034	1	1
2 2576	2 2035	1	1
2 845	2 2035	1	1
0 2532	2 2035	1	1
1 1770	2 2035	1	1
3 1327	2 2035	1	1
0 2149	2 2035	1	1
2 4584	2 2036	1	1
2 1038	2 2036	1	1
2 3208	2 2036	1	1
0 3625	2 2036	1	1
1 2445	2 2036	1	1
3 2953	2 2036	1	1
2 1992	2 2037	1	1
2 3863	2 2037	1	1
2 3408	2 2037	1	1
0 3818	2 2037	1	1
1 365	2 2037	1	1
1 4041	2 2037	1	1
2 4887	2 2038	1	1
2 1750	2 2038	1	1
1 1781	2 2038	1	1
3 1748	2 2038	1	1
3 2314	2 2038	1	1
3 4919	2 2038	1	1
2 1188	2 2039	1	1
0 2110	2 2039	1	1
0 4698	2 2039	1	1
0 1301	2 2039	1	1
1 2154	2 2039	1	1
3 4262	2 2039	1	1
2 1440	2 2040	1	1
1 1812	2 2040	1	1
1 1628	2 2040	1	1
1 4505	2 2040	1	1
1 2362	2 2040	1	1
3 4595	2 2040	1	1
2 4393	2 2041	1	1
2 2541	2 2041	1	1
2 1431	2 2041	1	1
2 4193	2 2041	1	1
3 572	2 2041	1	1
1 815	2 2041	1	1
2 4180	2 2042	1	1
2 3256	2 2042	1	1
0 228	2 2042	1	1
1 1412	2 2042	1	1
1 2204	2 2042	1	1
3 814	2 2042	1	1
2 1788	2 2043	1	1
2 3565	2 2043	1	1
0 60	2 2043	1	1
1 300	2 2043	1	1
3 4008	2 2043	1	1
3 2437	2 2043	1	1
2 715	2 2044	1	1
2 3019	2 2044	1	1
2 1846	2 2044	1	1
1 105	2 2044	1	1
1 331	2 2044	1	1
1 4507	2 2044	1	1
2 4401	2 2045	1	1
2 2719	2 2045	1	1
0 1703	2 2045	1	1
0 2094	2 2045	1	1
3 4410	2 2045	1	1
1 2889	2 2045	1	1
1 1622	2 2046	1	1
1 4653	2 2046	1	1
3 3236	2 2046	1	1
3 1235	2 2046	1	1
0 4266	2 2046	1	1
3 1471	2 2046	1	1
2 3682	2 2047	1	1
0 2299	2 2047	1	1
0 1572	2 2047	1	1
1 3758	2 2047	1	1
1 2840	2 2047	1	1
0 2357	2 2047	1	1
2 1844	2 2048	1	1
0 4573	2 2048	1	1
0 4718	2 2048	1	1
1 2189	2 2048	1	1
3 896	2 2048	1	1
0 4563	2 2048	1	1
0 1877	2 2049	1	1
1 1658	2 2049	1	1
3 2534	2 2049	1	1
3 2884	2 2049	1	1
3 205	2 2049	1	1
3 2323	2 2049	1	1
1 410	2 2050	1	1
1 1732	2 2050	1	1
3 3977	2 2050	1	1
3 4175	2 2050	1	1
3 539	2 2050	1	1
1 1603	2 2050	1	1
2 4827	2 2051	1	1
2 4655	2 2051	1	1
0 3972	2 2051	1	1
0 885	2 2051	1	1
1 881	2 2051	1	1
3 3749	2 2051	1	1
2 3261	2 2052	1	1
0 320	2 2052	1	1
3 3431	2 2052	1	1
3 4331	2 2052	1	1
3 69	2 2052	1	1
1 3060	2 2052	1	1
2 539	2 2053	1	1
0 3317	2 2053	1	1
1 3642	2 2053	1	1
1 945	2 2053	1	1
3 4814	2 2053	1	1
1 1862	2 2053	1	1
0 4010	2 2054	1	1
0 929	2 2054	1	1
1 2645	2 2054	1	1
1 299	2 2054	1	1
1 4900	2 2054	1	1
3 237	2 2054	1	1
2 1805	2 2055	1	1
0 3632	2 2055	1	1
3 121	2 2055	1	1
3 255	2 2055	1	1
0 500	2 2055	1	1
1 4495	2 2055	1	1
2 646	2 2056	1	1
2 2776	2 2056	1	1
0 2605	2 2056	1	1
0 4039	2 2056	1	1
0 3935	2 2056	1	1
1 1535	2 2056	1	1
2 4494	2 2057	1	1
0 3250	2 2057	1	1
1 1325	2 2057	1	1
1 2451	2 2057	1	1
1 2544	2 2057	1	1
3 3845	2 2057	1	1
2 4874	2 2058	1	1
0 2490	2 2058	1	1
1 3187	2 2058	1	1
3 375	2 2058	1	1
3 4947	2 2058	1	1
3 3325	2 2058	1	1
2 4964	2 2059	1	1
2 1825	2 2059	1	1
2 4024	2 2059	1	1
2 4643	2 2059	1	1
2 64	2 2059	1	1
3 311	2 2059	1	1
2 3259	2 2060	1	1
0 2428	2 2060	1	1
0 4255	2 2060	1	1
3 686	2 2060	1	1
3 4037	2 2060	1	1
3 2143	2 2060	1	1
2 3894	2 2061	1	1
2 1707	2 2061	1	1
0 3767	2 2061	1	1
1 2303	2 2061	1	1
3 1421	2 2061	1	1
3 3870	2 2061	1	1
2 170	2 2062	1	1
2 9	2 2062	1	1
2 2194	2 2062	1	1
2 2476	2 2062	1	1
0 3052	2 2062	1	1
3 1249	2 2062	1	1
2 1410	2 2063	1	1
0 3425	2 2063	1	1
0 1734	2 2063	1	1
1 3956	2 2063	1	1
3 2339	2 2063	1	1
3 2267	2 2063	1	1
2 1195	2 2064	1	1
1 4386	2 2064	1	1
3 4561	2 2064	1	1
3 930	2 2064	1	1
3 1850	2 2064	1	1
3 1095	2 2064	1	1
0 1883	2 2065	1	1
0 666	2 2065	1	1
0 615	2 2065	1	1
0 2934	2 2065	1	1
3 3567	2 2065	1	1
3 4122	2 2065	1	1
2 4289	2 2066	1	1
0 1986	2 2066	1	1
0 4241	2 2066	1	1
0 2495	2 2066	1	1
1 718	2 2066	1	1
3 111	2 2066	1	1
2 4891	2 2067	1	1
0 4651	2 2067	1	1
0 4341	2 2067	1	1
1 3613	2 2067	1	1
1 4044	2 2067	1	1
3 2232	2 2067	1	1
0 4212	2 2068	1	1
0 1681	2 2068	1	1
1 4273	2 2068	1	1
1 2732	2 2068	1	1
3 978	2 2068	1	1
1 2744	2 2068	1	1
2 121	2 2069	1	1
0 4507	2 2069	1	1
1 4929	2 2069	1	1
1 4277	2 2069	1	1
3 3953	2 2069	1	1
1 901	2 2069	1	1
2 4899	2 2070	1	1
2 1310	2 2070	1	1
2 4208	2 2070	1	1
0 1941	2 2070	1	1
1 4613	2 2070	1	1
1 4890	2 2070	1	1
2 3227	2 2071	1	1
2 4262	2 2071	1	1
1 4369	2 2071	1	1
0 4266	2 2071	1	1
1 4989	2 2071	1	1
0 4887	2 2071	1	1
0 560	2 2072	1	1
0 1033	2 2072	1	1
0 4226	2 2072	1	1
1 10	2 2072	1	1
1 1627	2 2072	1	1
1 2774	2 2072	1	1
2 4571	2 2073	1	1
0 4743	2 2073	1	1
0 1489	2 2073	1	1
0 1025	2 2073	1	1
1 2324	2 2073	1	1
3 4521	2 2073	1	1
2 3206	2 2074	1	1
2 3588	2 2074	1	1
2 426	2 2074	1	1
2 3356	2 2074	1	1
1 38	2 2074	1	1
3 4211	2 2074	1	1
0 2403	2 2075	1	1
1 231	2 2075	1	1
1 4472	2 2075	1	1
3 3257	2 2075	1	1
3 1303	2 2075	1	1
0 3340	2 2075	1	1
2 3949	2 2076	1	1
2 4246	2 2076	1	1
0 1136	2 2076	1	1
1 4151	2 2076	1	1
3 2394	2 2076	1	1
3 4156	2 2076	1	1
2 4451	2 2077	1	1
2 2226	2 2077	1	1
0 3773	2 2077	1	1
0 3546	2 2077	1	1
3 1144	2 2077	1	1
1 4759	2 2077	1	1
0 2573	2 2078	1	1
1 194	2 2078	1	1
3 2516	2 2078	1	1
3 3366	2 2078	1	1
3 3356	2 2078	1	1
3 1713	2 2078	1	1
0 3487	2 2079	1	1
1 352	2 2079	1	1
1 4845	2 2079	1	1
1 4107	2 2079	1	1
1 2380	2 2079	1	1
0 168	2 2079	1	1
2 4302	2 2080	1	1
2 1904	2 2080	1	1
2 3599	2 2080	1	1
0 3047	2 2080	1	1
1 4875	2 2080	1	1
0 3844	2 2080	1	1
2 4901	2 2081	1	1
2 3148	2 2081	1	1
1 2634	2 2081	1	1
3 4696	2 2081	1	1
3 4614	2 2081	1	1
3 485	2 2081	1	1
2 4714	2 2082	1	1
0 786	2 2082	1	1
0 2581	2 2082	1	1
1 1856	2 2082	1	1
1 3082	2 2082	1	1
3 2837	2 2082	1	1
2 1536	2 2083	1	1
1 59	2 2083	1	1
1 2554	2 2083	1	1
3 4885	2 2083	1	1
3 3933	2 2083	1	1
0 4016	2 2083	1	1
2 3547	2 2084	1	1
2 3945	2 2084	1	1
2 2616	2 2084	1	1
0 1331	2 2084	1	1
0 1686	2 2084	1	1
3 791	2 2084	1	1
2 4161	2 2085	1	1
2 4312	2 2085	1	1
0 1677	2 2085	1	1
0 826	2 2085	1	1
1 4893	2 2085	1	1
1 1842	2 2085	1	1
2 2957	2 2086	1	1
2 1750	2 2086	1	1
0 1666	2 2086	1	1
1 2791	2 2086	1	1
1 1774	2 2086	1	1
0 601	2 2086	1	1
0 1363	2 2087	1	1
0 2232	2 2087	1	1
1 2875	2 2087	1	1
1 3892	2 2087	1	1
3 3653	2 2087	1	1
3 500	2 2087	1	1
2 3334	2 2088	1	1
0 1005	2 2088	1	1
0 401	2 2088	1	1
0 2099	2 2088	1	1
0 1173	2 2088	1	1
1 3874	2 2088	1	1
0 3843	2 2089	1	1
1 2441	2 2089	1	1
3 571	2 2089	1	1
3 4338	2 2089	1	1
3 4695	2 2089	1	1
1 4709	2 2089	1	1
2 3031	2 2090	1	1
2 4451	2 2090	1	1
0 2828	2 2090	1	1
0 521	2 2090	1	1
3 628	2 2090	1	1
0 3272	2 2090	1	1
2 1593	2 2091	1	1
2 4815	2 2091	1	1
2 3264	2 2091	1	1
1 4490	2 2091	1	1
1 4869	2 2091	1	1
3 795	2 2091	1	1
0 792	2 2092	1	1
1 2153	2 2092	1	1
1 218	2 2092	1	1
3 4846	2 2092	1	1
3 4999	2 2092	1	1
0 1768	2 2092	1	1
2 4117	2 2093	1	1
1 1444	2 2093	1	1
1 4919	2 2093	1	1
3 2456	2 2093	1	1
3 1639	2 2093	1	1
3 3467	2 2093	1	1
2 4878	2 2094	1	1
2 2129	2 2094	1	1
2 4203	2 2094	1	1
0 1970	2 2094	1	1
0 2024	2 2094	1	1
3 4667	2 2094	1	1
2 1407	2 2095	1	1
0 1922	2 2095	1	1
0 4609	2 2095	1	1
1 3086	2 2095	1	1
3 4317	2 2095	1	1
0 1223	2 2095	1	1
2 696	2 2096	1	1
0 1322	2 2096	1	1
0 1561	2 2096	1	1
1 3455	2 2096	1	1
3 3813	2 2096	1	1
3 850	2 2096	1	1
2 3970	2 2097	1	1
0 28	2 2097	1	1
1 1737	2 2097	1	1
3 184	2 2097	1	1
3 3229	2 2097	1	1
3 4357	2 2097	1	1
2 1726	2 2098	1	1
0 4998	2 2098	1	1
1 3904	2 2098	1	1
1 1974	2 2098	1	1
3 3847	2 2098	1	1
3 378	2 2098	1	1
2 2954	2 2099	1	1
0 4322	2 2099	1	1
1 305	2 2099	1	1
1 416	2 2099	1	1
3 3365	2 2099	1	1
3 2908	2 2099	1	1
0 1958	2 2100	1	1
1 49	2 2100	1	1
1 3348	2 2100	1	1
3 765	2 2100	1	1
3 3929	2 2100	1	1
3 4261	2 2100	1	1
2 545	2 2101	1	1
2 1009	2 2101	1	1
1 2748	2 2101	1	1
1 4528	2 2101	1	1
3 1740	2 2101	1	1
1 999	2 2101	1	1
0 467	2 2102	1	1
1 956	2 2102	1	1
3 4932	2 2102	1	1
3 1601	2 2102	1	1
3 736	2 2102	1	1
0 4693	2 2102	1	1
0 4219	2 2103	1	1
0 1571	2 2103	1	1
1 3032	2 2103	1	1
1 4579	2 2103	1	1
1 4452	2 2103	1	1
0 1903	2 2103	1	1
2 3885	2 2104	1	1
0 1967	2 2104	1	1
0 1788	2 2104	1	1
1 338	2 2104	1	1
1 1030	2 2104	1	1
3 1070	2 2104	1	1
2 3529	2 2105	1	1
2 1503	2 2105	1	1
2 1748	2 2105	1	1
1 3934	2 2105	1	1
1 3289	2 2105	1	1
0 324	2 2105	1	1
0 1216	2 2106	1	1
0 4837	2 2106	1	1
1 3910	2 2106	1	1
1 2302	2 2106	1	1
3 3203	2 2106	1	1
3 3136	2 2106	1	1
0 1140	2 2107	1	1
0 2725	2 2107	1	1
0 1776	2 2107	1	1
3 3807	2 2107	1	1
3 2842	2 2107	1	1
3 2481	2 2107	1	1
2 3929	2 2108	1	1
2 3492	2 2108	1	1
2 2088	2 2108	1	1
0 1450	2 2108	1	1
3 818	2 2108	1	1
3 3753	2 2108	1	1
2 4487	2 2109	1	1
1 570	2 2109	1	1
1 2499	2 2109	1	1
1 251	2 2109	1	1
1 4671	2 2109	1	1
3 4859	2 2109	1	1
2 341	2 2110	1	1
0 2523	2 2110	1	1
0 2445	2 2110	1	1
1 2809	2 2110	1	1
1 237	2 2110	1	1
3 1003	2 2110	1	1
2 1650	2 2111	1	1
0 1570	2 2111	1	1
1 2753	2 2111	1	1
1 1533	2 2111	1	1
1 3815	2 2111	1	1
0 4975	2 2111	1	1
2 225	2 2112	1	1
0 3011	2 2112	1	1
1 1388	2 2112	1	1
1 1537	2 2112	1	1
3 2434	2 2112	1	1
0 1694	2 2112	1	1
0 4377	2 2113	1	1
1 694	2 2113	1	1
3 2301	2 2113	1	1
3 4106	2 2113	1	1
0 1987	2 2113	1	1
0 4731	2 2113	1	1
2 3192	2 2114	1	1
0 3551	2 2114	1	1
0 2651	2 2114	1	1
0 3362	2 2114	1	1
0 2069	2 2114	1	1
1 781	2 2114	1	1
2 3426	2 2115	1	1
2 3229	2 2115	1	1
1 2249	2 2115	1	1
1 2586	2 2115	1	1
1 2155	2 2115	1	1
1 1128	2 2115	1	1
2 1541	2 2116	1	1
2 3166	2 2116	1	1
0 875	2 2116	1	1
1 2073	2 2116	1	1
1 4804	2 2116	1	1
1 3569	2 2116	1	1
2 461	2 2117	1	1
0 1081	2 2117	1	1
0 4741	2 2117	1	1
0 4659	2 2117	1	1
3 1010	2 2117	1	1
0 147	2 2117	1	1
2 2250	2 2118	1	1
2 1411	2 2118	1	1
3 626	2 2118	1	1
3 1781	2 2118	1	1
0 1846	2 2118	1	1
1 1431	2 2118	1	1
0 1996	2 2119	1	1
0 2930	2 2119	1	1
0 1811	2 2119	1	1
0 4017	2 2119	1	1
3 3771	2 2119	1	1
0 3640	2 2119	1	1
1 2161	2 2120	1	1
1 2599	2 2120	1	1
3 3237	2 2120	1	1
3 2512	2 2120	1	1
3 4299	2 2120	1	1
1 2455	2 2120	1	1
2 1599	2 2121	1	1
2 4050	2 2121	1	1
1 3085	2 2121	1	1
1 808	2 2121	1	1
3 1151	2 2121	1	1
3 1521	2 2121	1	1
1 676	2 2122	1	1
1 318	2 2122	1	1
1 4968	2 2122	1	1
3 2915	2 2122	1	1
3 2516	2 2122	1	1
3 2014	2 2122	1	1
2 1035	2 2123	1	1
2 3781	2 2123	1	1
1 645	2 2123	1	1
1 4905	2 2123	1	1
1 3177	2 2123	1	1
0 316	2 2123	1	1
2 2167	2 2124	1	1
2 1717	2 2124	1	1
2 1408	2 2124	1	1
0 1233	2 2124	1	1
3 3221	2 2124	1	1
3 512	2 2124	1	1
2 3839	2 2125	1	1
2 1768	2 2125	1	1
2 50	2 2125	1	1
2 734	2 2125	1	1
1 2875	2 2125	1	1
1 658	2 2125	1	1
2 995	2 2126	1	1
0 4136	2 2126	1	1
0 309	2 2126	1	1
0 4229	2 2126	1	1
3 2802	2 2126	1	1
3 4149	2 2126	1	1
2 4906	2 2127	1	1
0 4720	2 2127	1	1
3 2770	2 2127	1	1
3 74	2 2127	1	1
3 443	2 2127	1	1
0 809	2 2127	1	1
2 2676	2 2128	1	1
2 796	2 2128	1	1
2 4313	2 2128	1	1
3 591	2 2128	1	1
3 4772	2 2128	1	1
3 811	2 2128	1	1
2 2828	2 2129	1	1
2 224	2 2129	1	1
3 4854	2 2129	1	1
3 4077	2 2129	1	1
3 1563	2 2129	1	1
1 1376	2 2129	1	1
2 1273	2 2130	1	1
2 3378	2 2130	1	1
2 142	2 2130	1	1
1 2318	2 2130	1	1
1 372	2 2130	1	1
1 566	2 2130	1	1
2 2046	2 2131	1	1
0 3466	2 2131	1	1
0 4569	2 2131	1	1
1 60	2 2131	1	1
3 309	2 2131	1	1
3 225	2 2131	1	1
2 4053	2 2132	1	1
2 654	2 2132	1	1
0 4733	2 2132	1	1
0 2061	2 2132	1	1
1 3756	2 2132	1	1
3 4992	2 2132	1	1
2 3234	2 2133	1	1
2 4342	2 2133	1	1
2 4538	2 2133	1	1
1 2105	2 2133	1	1
3 621	2 2133	1	1
0 2509	2 2133	1	1
2 2081	2 2134	1	1
2 4635	2 2134	1	1
3 2928	2 2134	1	1
3 946	2 2134	1	1
3 2299	2 2134	1	1
3 212	2 2134	1	1
0 2890	2 2135	1	1
1 3010	2 2135	1	1
1 4451	2 2135	1	1
3 3150	2 2135	1	1
0 2259	2 2135	1	1
1 3971	2 2135	1	1
2 299	2 2136	1	1
2 2203	2 2136	1	1
2 3061	2 2136	1	1
2 4648	2 2136	1	1
0 1200	2 2136	1	1
0 2703	2 2136	1	1
2 2362	2 2137	1	1
0 2835	2 2137	1	1
1 4613	2 2137	1	1
1 1504	2 2137	1	1
1 3547	2 2137	1	1
3 762	2 2137	1	1
2 4878	2 2138	1	1
2 4879	2 2138	1	1
2 4758	2 2138	1	1
0 1382	2 2138	1	1
0 4602	2 2138	1	1
3 4474	2 2138	1	1
2 517	2 2139	1	1
2 35	2 2139	1	1
0 4280	2 2139	1	1
1 3893	2 2139	1	1
3 3520	2 2139	1	1
3 881	2 2139	1	1
1 4632	2 2140	1	1
1 4225	2 2140	1	1
1 3201	2 2140	1	1
3 1688	2 2140	1	1
3 509	2 2140	1	1
3 3538	2 2140	1	1
2 1295	2 2141	1	1
0 3824	2 2141	1	1
1 4133	2 2141	1	1
1 1014	2 2141	1	1
3 446	2 2141	1	1
1 3378	2 2141	1	1
2 3697	2 2142	1	1
2 721	2 2142	1	1
0 2891	2 2142	1	1
1 3757	2 2142	1	1
1 319	2 2142	1	1
3 3960	2 2142	1	1
2 1881	2 2143	1	1
2 896	2 2143	1	1
2 1673	2 2143	1	1
0 1028	2 2143	1	1
1 86	2 2143	1	1
3 2270	2 2143	1	1
2 4683	2 2144	1	1
2 3429	2 2144	1	1
2 4953	2 2144	1	1
1 2940	2 2144	1	1
1 4219	2 2144	1	1
3 661	2 2144	1	1
2 3619	2 2145	1	1
2 4054	2 2145	1	1
1 514	2 2145	1	1
3 2419	2 2145	1	1
0 3728	2 2145	1	1
1 4024	2 2145	1	1
1 4166	2 2146	1	1
1 2069	2 2146	1	1
1 1498	2 2146	1	1
1 2181	2 2146	1	1
3 329	2 2146	1	1
1 1942	2 2146	1	1
2 2833	2 2147	1	1
0 884	2 2147	1	1
1 3167	2 2147	1	1
1 1649	2 2147	1	1
1 2915	2 2147	1	1
3 120	2 2147	1	1
2 4650	2 2148	1	1
2 663	2 2148	1	1
1 1710	2 2148	1	1
1 3226	2 2148	1	1
1 1302	2 2148	1	1
1 815	2 2148	1	1
2 2641	2 2149	1	1
0 455	2 2149	1	1
0 3431	2 2149	1	1
0 4675	2 2149	1	1
0 4337	2 2149	1	1
3 697	2 2149	1	1
2 3561	2 2150	1	1
0 3894	2 2150	1	1
1 4577	2 2150	1	1
1 4183	2 2150	1	1
1 3658	2 2150	1	1
0 447	2 2150	1	1
0 236	2 2151	1	1
0 288	2 2151	1	1
1 1004	2 2151	1	1
3 4032	2 2151	1	1
3 4881	2 2151	1	1
3 4580	2 2151	1	1
2 4150	2 2152	1	1
0 922	2 2152	1	1
0 3822	2 2152	1	1
1 3447	2 2152	1	1
1 1982	2 2152	1	1
1 1368	2 2152	1	1
2 1174	2 2153	1	1
2 768	2 2153	1	1
0 4271	2 2153	1	1
0 1670	2 2153	1	1
3 1780	2 2153	1	1
0 3450	2 2153	1	1
2 1872	2 2154	1	1
0 4239	2 2154	1	1
3 3498	2 2154	1	1
3 1560	2 2154	1	1
3 2483	2 2154	1	1
0 665	2 2154	1	1
2 1431	2 2155	1	1
2 1280	2 2155	1	1
1 580	2 2155	1	1
3 605	2 2155	1	1
1 1763	2 2155	1	1
0 2076	2 2155	1	1
2 3476	2 2156	1	1
2 4240	2 2156	1	1
2 2055	2 2156	1	1
2 229	2 2156	1	1
0 416	2 2156	1	1
1 4648	2 2156	1	1
2 2981	2 2157	1	1
2 969	2 2157	1	1
0 1712	2 2157	1	1
1 2813	2 2157	1	1
1 4828	2 2157	1	1
3 4660	2 2157	1	1
1 4735	2 2158	1	1
1 12	2 2158	1	1
1 3145	2 2158	1	1
3 3413	2 2158	1	1
3 4186	2 2158	1	1
3 1614	2 2158	1	1
2 1900	2 2159	1	1
0 1568	2 2159	1	1
0 2671	2 2159	1	1
0 1357	2 2159	1	1
1 2089	2 2159	1	1
1 2888	2 2159	1	1
2 1454	2 2160	1	1
2 971	2 2160	1	1
1 2066	2 2160	1	1
1 608	2 2160	1	1
3 3532	2 2160	1	1
0 1040	2 2160	1	1
2 604	2 2161	1	1
2 4917	2 2161	1	1
0 3842	2 2161	1	1
1 1394	2 2161	1	1
3 4627	2 2161	1	1
3 4892	2 2161	1	1
2 762	2 2162	1	1
2 2640	2 2162	1	1
0 1305	2 2162	1	1
1 2766	2 2162	1	1
1 1630	2 2162	1	1
1 4434	2 2162	1	1
0 2594	2 2163	1	1
0 2449	2 2163	1	1
0 511	2 2163	1	1
0 2527	2 2163	1	1
3 2018	2 2163	1	1
0 4229	2 2163	1	1
0 247	2 2164	1	1
1 1256	2 2164	1	1
1 2506	2 2164	1	1
3 1414	2 2164	1	1
1 2043	2 2164	1	1
3 4188	2 2164	1	1
2 4916	2 2165	1	1
2 646	2 2165	1	1
2 394	2 2165	1	1
1 1462	2 2165	1	1
3 4363	2 2165	1	1
1 279	2 2165	1	1
2 2338	2 2166	1	1
2 629	2 2166	1	1
0 2460	2 2166	1	1
0 4544	2 2166	1	1
0 97	2 2166	1	1
1 2213	2 2166	1	1
2 844	2 2167	1	1
2 627	2 2167	1	1
0 3705	2 2167	1	1
1 3202	2 2167	1	1
3 3485	2 2167	1	1
0 2396	2 2167	1	1
2 988	2 2168	1	1
1 2396	2 2168	1	1
1 4330	2 2168	1	1
1 2850	2 2168	1	1
1 4900	2 2168	1	1
3 2481	2 2168	1	1
2 2827	2 2169	1	1
2 554	2 2169	1	1
0 3444	2 2169	1	1
1 1227	2 2169	1	1
3 3511	2 2169	1	1
0 1338	2 2169	1	1
2 580	2 2170	1	1
0 681	2 2170	1	1
0 4627	2 2170	1	1
1 821	2 2170	1	1
3 303	2 2170	1	1
3 2938	2 2170	1	1
2 4153	2 2171	1	1
2 2777	2 2171	1	1
2 4436	2 2171	1	1
0 3012	2 2171	1	1
1 135	2 2171	1	1
3 3043	2 2171	1	1
2 633	2 2172	1	1
2 625	2 2172	1	1
2 1528	2 2172	1	1
3 2996	2 2172	1	1
3 372	2 2172	1	1
3 4965	2 2172	1	1
0 3399	2 2173	1	1
3 2654	2 2173	1	1
3 1898	2 2173	1	1
3 3149	2 2173	1	1
1 317	2 2173	1	1
1 2503	2 2173	1	1
0 3376	2 2174	1	1
0 1402	2 2174	1	1
1 2980	2 2174	1	1
3 4	2 2174	1	1
3 1656	2 2174	1	1
3 1099	2 2174	1	1
2 1791	2 2175	1	1
2 223	2 2175	1	1
0 4069	2 2175	1	1
0 437	2 2175	1	1
0 3656	2 2175	1	1
3 2107	2 2175	1	1
2 2468	2 2176	1	1
2 4897	2 2176	1	1
1 3621	2 2176	1	1
1 757	2 2176	1	1
3 4005	2 2176	1	1
0 3673	2 2176	1	1
2 1667	2 2177	1	1
2 481	2 2177	1	1
0 3313	2 2177	1	1
0 4890	2 2177	1	1
0 875	2 2177	1	1
0 1627	2 2177	1	1
2 4410	2 2178	1	1
2 1546	2 2178	1	1
2 1580	2 2178	1	1
0 4008	2 2178	1	1
0 2062	2 2178	1	1
0 2592	2 2178	1	1
0 1344	2 2179	1	1
1 2811	2 2179	1	1
1 2403	2 2179	1	1
1 417	2 2179	1	1
1 1845	2 2179	1	1
3 1343	2 2179	1	1
2 4886	2 2180	1	1
0 917	2 2180	1	1
0 2665	2 2180	1	1
1 4276	2 2180	1	1
3 1678	2 2180	1	1
0 1407	2 2180	1	1
2 4247	2 2181	1	1
2 2417	2 2181	1	1
0 1253	2 2181	1	1
3 3053	2 2181	1	1
3 1342	2 2181	1	1
3 2638	2 2181	1	1
2 4372	2 2182	1	1
2 1440	2 2182	1	1
0 3564	2 2182	1	1
1 4417	2 2182	1	1
3 4873	2 2182	1	1
3 4179	2 2182	1	1
0 1712	2 2183	1	1
1 4538	2 2183	1	1
1 2459	2 2183	1	1
3 3337	2 2183	1	1
3 4241	2 2183	1	1
1 2446	2 2183	1	1
0 3709	2 2184	1	1
1 3951	2 2184	1	1
1 4842	2 2184	1	1
3 4447	2 2184	1	1
3 4425	2 2184	1	1
3 416	2 2184	1	1
2 3033	2 2185	1	1
2 4622	2 2185	1	1
0 3239	2 2185	1	1
1 1091	2 2185	1	1
1 1694	2 2185	1	1
3 4221	2 2185	1	1
2 3768	2 2186	1	1
0 3458	2 2186	1	1
0 3689	2 2186	1	1
1 708	2 2186	1	1
3 3980	2 2186	1	1
3 2481	2 2186	1	1
2 3907	2 2187	1	1
2 3787	2 2187	1	1
2 2272	2 2187	1	1
0 311	2 2187	1	1
0 2774	2 2187	1	1
3 125	2 2187	1	1
2 1864	2 2188	1	1
0 4905	2 2188	1	1
3 2081	2 2188	1	1
3 2877	2 2188	1	1
3 1913	2 2188	1	1
3 807	2 2188	1	1
0 2302	2 2189	1	1
0 1480	2 2189	1	1
1 1159	2 2189	1	1
1 970	2 2189	1	1
3 290	2 2189	1	1
0 3989	2 2189	1	1
2 4480	2 2190	1	1
2 1245	2 2190	1	1
2 4045	2 2190	1	1
2 835	2 2190	1	1
0 4698	2 2190	1	1
0 3079	2 2190	1	1
2 2562	2 2191	1	1
0 4867	2 2191	1	1
0 1710	2 2191	1	1
3 3323	2 2191	1	1
1 2894	2 2191	1	1
0 2347	2 2191	1	1
2 4696	2 2192	1	1
0 275	2 2192	1	1
0 1960	2 2192	1	1
1 3013	2 2192	1	1
1 2075	2 2192	1	1
3 3509	2 2192	1	1
2 3159	2 2193	1	1
2 1425	2 2193	1	1
0 4357	2 2193	1	1
0 2376	2 2193	1	1
1 2781	2 2193	1	1
3 1689	2 2193	1	1
2 4534	2 2194	1	1
1 2318	2 2194	1	1
3 2591	2 2194	1	1
3 1431	2 2194	1	1
3 964	2 2194	1	1
0 3052	2 2194	1	1
2 1425	2 2195	1	1
0 1672	2 2195	1	1
1 442	2 2195	1	1
1 3491	2 2195	1	1
3 929	2 2195	1	1
3 928	2 2195	1	1
0 981	2 2196	1	1
1 3830	2 2196	1	1
1 4673	2 2196	1	1
1 4365	2 2196	1	1
3 4203	2 2196	1	1
3 2383	2 2196	1	1
2 2819	2 2197	1	1
2 2025	2 2197	1	1
2 1248	2 2197	1	1
1 3396	2 2197	1	1
1 1458	2 2197	1	1
3 124	2 2197	1	1
2 3727	2 2198	1	1
0 2647	2 2198	1	1
1 2020	2 2198	1	1
1 1379	2 2198	1	1
3 436	2 2198	1	1
3 2244	2 2198	1	1
2 4749	2 2199	1	1
1 1090	2 2199	1	1
3 381	2 2199	1	1
3 1375	2 2199	1	1
3 2364	2 2199	1	1
3 2126	2 2199	1	1
2 1214	2 2200	1	1
2 3290	2 2200	1	1
0 2500	2 2200	1	1
1 4948	2 2200	1	1
1 3007	2 2200	1	1
3 3435	2 2200	1	1
2 3013	2 2201	1	1
1 2504	2 2201	1	1
3 2465	2 2201	1	1
3 1974	2 2201	1	1
3 3067	2 2201	1	1
1 3139	2 2201	1	1
2 2259	2 2202	1	1
0 459	2 2202	1	1
0 231	2 2202	1	1
1 4137	2 2202	1	1
0 1461	2 2202	1	1
1 1932	2 2202	1	1
2 2549	2 2203	1	1
0 201	2 2203	1	1
3 102	2 2203	1	1
3 4853	2 2203	1	1
3 1154	2 2203	1	1
3 4912	2 2203	1	1
2 1505	2 2204	1	1
2 1294	2 2204	1	1
0 304	2 2204	1	1
0 3025	2 2204	1	1
0 3421	2 2204	1	1
1 3523	2 2204	1	1
2 1703	2 2205	1	1
2 4674	2 2205	1	1
0 2473	2 2205	1	1
3 4176	2 2205	1	1
1 2912	2 2205	1	1
3 2699	2 2205	1	1
2 3355	2 2206	1	1
2 3580	2 2206	1	1
2 3862	2 2206	1	1
0 2033	2 2206	1	1
1 4720	2 2206	1	1
1 776	2 2206	1	1
2 4753	2 2207	1	1
1 3442	2 2207	1	1
1 2251	2 2207	1	1
3 2899	2 2207	1	1
3 1022	2 2207	1	1
3 1333	2 2207	1	1
0 3337	2 2208	1	1
0 3150	2 2208	1	1
0 355	2 2208	1	1
0 457	2 2208	1	1
3 2750	2 2208	1	1
3 4987	2 2208	1	1
2 1206	2 2209	1	1
2 1355	2 2209	1	1
1 2675	2 2209	1	1
1 3118	2 2209	1	1
3 2989	2 2209	1	1
3 2959	2 2209	1	1
2 682	2 2210	1	1
1 2423	2 2210	1	1
1 1049	2 2210	1	1
3 1802	2 2210	1	1
3 4047	2 2210	1	1
3 1230	2 2210	1	1
2 359	2 2211	1	1
2 1527	2 2211	1	1
2 2980	2 2211	1	1
1 4525	2 2211	1	1
1 2057	2 2211	1	1
0 3189	2 2211	1	1
2 1248	2 2212	1	1
2 987	2 2212	1	1
2 1850	2 2212	1	1
0 3687	2 2212	1	1
3 4810	2 2212	1	1
1 3903	2 2212	1	1
2 3109	2 2213	1	1
0 3776	2 2213	1	1
0 421	2 2213	1	1
3 2213	2 2213	1	1
3 3828	2 2213	1	1
1 1810	2 2213	1	1
2 3434	2 2214	1	1
0 4925	2 2214	1	1
0 2593	2 2214	1	1
1 3790	2 2214	1	1
1 4753	2 2214	1	1
3 4522	2 2214	1	1
2 2128	2 2215	1	1
0 3323	2 2215	1	1
0 620	2 2215	1	1
1 4511	2 2215	1	1
1 1964	2 2215	1	1
3 2590	2 2215	1	1
2 2777	2 2216	1	1
2 2493	2 2216	1	1
1 3944	2 2216	1	1
1 739	2 2216	1	1
1 2868	2 2216	1	1
3 1881	2 2216	1	1
0 1229	2 2217	1	1
0 3445	2 2217	1	1
1 4757	2 2217	1	1
3 3856	2 2217	1	1
3 4313	2 2217	1	1
3 3500	2 2217	1	1
2 3968	2 2218	1	1
2 3720	2 2218	1	1
1 2925	2 2218	1	1
3 602	2 2218	1	1
1 4827	2 2218	1	1
0 2634	2 2218	1	1
2 3279	2 2219	1	1
1 4592	2 2219	1	1
1 878	2 2219	1	1
1 4955	2 2219	1	1
1 2728	2 2219	1	1
1 3034	2 2219	1	1
2 2957	2 2220	1	1
1 1564	2 2220	1	1
1 2886	2 2220	1	1
3 4769	2 2220	1	1
3 2747	2 2220	1	1
3 4131	2 2220	1	1
2 4077	2 2221	1	1
2 1446	2 2221	1	1
0 2091	2 2221	1	1
1 3982	2 2221	1	1
1 967	2 2221	1	1
1 306	2 2221	1	1
0 1900	2 2222	1	1
1 3545	2 2222	1	1
3 91	2 2222	1	1
3 3923	2 2222	1	1
3 2236	2 2222	1	1
0 3166	2 2222	1	1
2 1252	2 2223	1	1
0 106	2 2223	1	1
0 201	2 2223	1	1
1 1661	2 2223	1	1
0 1880	2 2223	1	1
0 3910	2 2223	1	1
2 149	2 2224	1	1
0 4405	2 2224	1	1
0 4168	2 2224	1	1
0 3301	2 2224	1	1
1 3035	2 2224	1	1
3 3805	2 2224	1	1
2 4773	2 2225	1	1
2 1595	2 2225	1	1
0 4349	2 2225	1	1
0 4769	2 2225	1	1
1 4651	2 2225	1	1
0 1445	2 2225	1	1
2 4387	2 2226	1	1
2 1764	2 2226	1	1
2 176	2 2226	1	1
2 4182	2 2226	1	1
0 2584	2 2226	1	1
1 3014	2 2226	1	1
2 3927	2 2227	1	1
0 2310	2 2227	1	1
0 3168	2 2227	1	1
1 4811	2 2227	1	1
3 3143	2 2227	1	1
3 4171	2 2227	1	1
2 1193	2 2228	1	1
1 2864	2 2228	1	1
1 4430	2 2228	1	1
3 4827	2 2228	1	1
3 4333	2 2228	1	1
0 1846	2 2228	1	1
2 3237	2 2229	1	1
2 2360	2 2229	1	1
0 2288	2 2229	1	1
1 432	2 2229	1	1
1 1496	2 2229	1	1
1 1457	2 2229	1	1
2 2718	2 2230	1	1
2 1478	2 2230	1	1
2 4357	2 2230	1	1
3 4345	2 2230	1	1
0 3460	2 2230	1	1
1 4099	2 2230	1	1
2 4024	2 2231	1	1
0 772	2 2231	1	1
0 956	2 2231	1	1
0 2395	2 2231	1	1
3 1271	2 2231	1	1
1 4488	2 2231	1	1
0 3502	2 2232	1	1
0 687	2 2232	1	1
0 3471	2 2232	1	1
1 1062	2 2232	1	1
3 4913	2 2232	1	1
0 4607	2 2232	1	1
2 2461	2 2233	1	1
0 1849	2 2233	1	1
0 2463	2 2233	1	1
0 1721	2 2233	1	1
1 944	2 2233	1	1
3 2281	2 2233	1	1
2 4716	2 2234	1	1
0 4481	2 2234	1	1
0 2695	2 2234	1	1
0 150	2 2234	1	1
1 4370	2 2234	1	1
3 2897	2 2234	1	1
2 2725	2 2235	1	1
2 4558	2 2235	1	1
2 2143	2 2235	1	1
1 4953	2 2235	1	1
3 1286	2 2235	1	1
3 4094	2 2235	1	1
0 589	2 2236	1	1
0 272	2 2236	1	1
1 3750	2 2236	1	1
3 2435	2 2236	1	1
3 267	2 2236	1	1
3 3346	2 2236	1	1
2 2298	2 2237	1	1
0 648	2 2237	1	1
3 1392	2 2237	1	1
3 3638	2 2237	1	1
3 1875	2 2237	1	1
3 4731	2 2237	1	1
2 4937	2 2238	1	1
2 2754	2 2238	1	1
1 1399	2 2238	1	1
3 2725	2 2238	1	1
3 633	2 2238	1	1
0 1763	2 2238	1	1
2 4492	2 2239	1	1
2 3348	2 2239	1	1
2 1632	2 2239	1	1
1 4215	2 2239	1	1
1 1411	2 2239	1	1
1 376	2 2239	1	1
2 3307	2 2240	1	1
2 1982	2 2240	1	1
0 2519	2 2240	1	1
0 991	2 2240	1	1
1 1560	2 2240	1	1
1 593	2 2240	1	1
2 4477	2 2241	1	1
2 4667	2 2241	1	1
0 1119	2 2241	1	1
1 882	2 2241	1	1
3 4765	2 2241	1	1
3 1233	2 2241	1	1
0 923	2 2242	1	1
0 23	2 2242	1	1
0 1088	2 2242	1	1
0 4435	2 2242	1	1
1 308	2 2242	1	1
1 3062	2 2242	1	1
2 3634	2 2243	1	1
2 2869	2 2243	1	1
2 2917	2 2243	1	1
1 1244	2 2243	1	1
3 222	2 2243	1	1
0 1384	2 2243	1	1
0 549	2 2244	1	1
0 3283	2 2244	1	1
0 186	2 2244	1	1
1 4186	2 2244	1	1
3 1587	2 2244	1	1
3 133	2 2244	1	1
2 4435	2 2245	1	1
0 1001	2 2245	1	1
3 1305	2 2245	1	1
1 355	2 2245	1	1
3 700	2 2245	1	1
3 3026	2 2245	1	1
2 2997	2 2246	1	1
2 1560	2 2246	1	1
2 4386	2 2246	1	1
0 3322	2 2246	1	1
0 1677	2 2246	1	1
3 4180	2 2246	1	1
0 3962	2 2247	1	1
0 1994	2 2247	1	1
0 1420	2 2247	1	1
3 2800	2 2247	1	1
0 4917	2 2247	1	1
1 3134	2 2247	1	1
2 3932	2 2248	1	1
2 3239	2 2248	1	1
0 1916	2 2248	1	1
0 3023	2 2248	1	1
1 2692	2 2248	1	1
3 39	2 2248	1	1
2 3306	2 2249	1	1
2 2565	2 2249	1	1
2 1644	2 2249	1	1
0 1774	2 2249	1	1
0 1709	2 2249	1	1
3 2997	2 2249	1	1
2 4454	2 2250	1	1
1 3495	2 2250	1	1
3 1694	2 2250	1	1
3 3507	2 2250	1	1
0 2852	2 2250	1	1
3 4522	2 2250	1	1
0 4603	2 2251	1	1
1 3096	2 2251	1	1
1 2796	2 2251	1	1
3 2794	2 2251	1	1
3 2005	2 2251	1	1
3 893	2 2251	1	1
2 3733	2 2252	1	1
1 3366	2 2252	1	1
1 2129	2 2252	1	1
1 1480	2 2252	1	1
3 3027	2 2252	1	1
3 632	2 2252	1	1
2 1721	2 2253	1	1
2 1260	2 2253	1	1
0 2249	2 2253	1	1
0 2159	2 2253	1	1
1 3934	2 2253	1	1
1 4093	2 2253	1	1
2 4725	2 2254	1	1
2 3214	2 2254	1	1
2 4718	2 2254	1	1
0 348	2 2254	1	1
0 1844	2 2254	1	1
1 4603	2 2254	1	1
2 981	2 2255	1	1
2 85	2 2255	1	1
2 1516	2 2255	1	1
0 4085	2 2255	1	1
3 1236	2 2255	1	1
3 2577	2 2255	1	1
0 1660	2 2256	1	1
1 1059	2 2256	1	1
1 1785	2 2256	1	1
3 4430	2 2256	1	1
3 2316	2 2256	1	1
1 2943	2 2256	1	1
0 3787	2 2257	1	1
1 3175	2 2257	1	1
1 1099	2 2257	1	1
3 4920	2 2257	1	1
3 1549	2 2257	1	1
1 1289	2 2257	1	1
2 3380	2 2258	1	1
1 829	2 2258	1	1
3 2864	2 2258	1	1
3 459	2 2258	1	1
3 2678	2 2258	1	1
1 4113	2 2258	1	1
2 4521	2 2259	1	1
0 1612	2 2259	1	1
0 1699	2 2259	1	1
0 264	2 2259	1	1
3 4922	2 2259	1	1
3 1970	2 2259	1	1
2 2400	2 2260	1	1
2 4519	2 2260	1	1
2 2914	2 2260	1	1
0 1967	2 2260	1	1
0 104	2 2260	1	1
1 93	2 2260	1	1
2 373	2 2261	1	1
2 3845	2 2261	1	1
2 3254	2 2261	1	1
0 3424	2 2261	1	1
3 1574	2 2261	1	1
3 1694	2 2261	1	1
2 784	2 2262	1	1
2 85	2 2262	1	1
3 2695	2 2262	1	1
3 3009	2 2262	1	1
3 854	2 2262	1	1
3 4070	2 2262	1	1
2 3463	2 2263	1	1
2 1912	2 2263	1	1
2 3140	2 2263	1	1
0 303	2 2263	1	1
0 512	2 2263	1	1
1 3843	2 2263	1	1
2 2296	2 2264	1	1
0 1606	2 2264	1	1
1 330	2 2264	1	1
3 1150	2 2264	1	1
1 584	2 2264	1	1
0 1058	2 2264	1	1
2 408	2 2265	1	1
2 230	2 2265	1	1
0 3118	2 2265	1	1
1 4058	2 2265	1	1
3 3743	2 2265	1	1
3 3214	2 2265	1	1
2 28	2 2266	1	1
2 687	2 2266	1	1
1 3439	2 2266	1	1
3 945	2 2266	1	1
3 4353	2 2266	1	1
3 3765	2 2266	1	1
2 3155	2 2267	1	1
2 1451	2 2267	1	1
0 1743	2 2267	1	1
1 1295	2 2267	1	1
3 4204	2 2267	1	1
1 3518	2 2267	1	1
0 3708	2 2268	1	1
0 4322	2 2268	1	1
1 1486	2 2268	1	1
3 2775	2 2268	1	1
3 2831	2 2268	1	1
3 2573	2 2268	1	1
2 551	2 2269	1	1
2 2489	2 2269	1	1
0 1637	2 2269	1	1
1 3429	2 2269	1	1
3 305	2 2269	1	1
3 4301	2 2269	1	1
0 625	2 2270	1	1
0 4430	2 2270	1	1
1 3770	2 2270	1	1
3 2624	2 2270	1	1
3 3761	2 2270	1	1
3 4777	2 2270	1	1
2 4688	2 2271	1	1
2 2248	2 2271	1	1
0 1761	2 2271	1	1
3 2541	2 2271	1	1
1 1699	2 2271	1	1
0 3436	2 2271	1	1
2 3499	2 2272	1	1
2 4641	2 2272	1	1
2 817	2 2272	1	1
2 2434	2 2272	1	1
1 3004	2 2272	1	1
1 4029	2 2272	1	1
2 3727	2 2273	1	1
0 2342	2 2273	1	1
0 3960	2 2273	1	1
3 4607	2 2273	1	1
3 3770	2 2273	1	1
1 1941	2 2273	1	1
0 1290	2 2274	1	1
0 1852	2 2274	1	1
1 420	2 2274	1	1
3 4345	2 2274	1	1
3 2562	2 2274	1	1
3 179	2 2274	1	1
0 1023	2 2275	1	1
1 2717	2 2275	1	1
1 2551	2 2275	1	1
3 4327	2 2275	1	1
3 1712	2 2275	1	1
3 994	2 2275	1	1
0 3714	2 2276	1	1
1 3318	2 2276	1	1
1 321	2 2276	1	1
3 2506	2 2276	1	1
0 3070	2 2276	1	1
3 2853	2 2276	1	1
2 4977	2 2277	1	1
0 874	2 2277	1	1
0 1747	2 2277	1	1
1 2640	2 2277	1	1
3 4990	2 2277	1	1
3 4900	2 2277	1	1
2 2654	2 2278	1	1
2 4556	2 2278	1	1
0 2877	2 2278	1	1
0 1165	2 2278	1	1
1 889	2 2278	1	1
0 3643	2 2278	1	1
2 3632	2 2279	1	1
2 3077	2 2279	1	1
1 2328	2 2279	1	1
1 1242	2 2279	1	1
3 4938	2 2279	1	1
0 1700	2 2279	1	1
2 4225	2 2280	1	1
0 4506	2 2280	1	1
0 1138	2 2280	1	1
0 3156	2 2280	1	1
1 1490	2 2280	1	1
3 478	2 2280	1	1
2 1588	2 2281	1	1
0 2004	2 2281	1	1
0 4478	2 2281	1	1
1 3274	2 2281	1	1
1 684	2 2281	1	1
1 1773	2 2281	1	1
2 1379	2 2282	1	1
2 2023	2 2282	1	1
0 895	2 2282	1	1
1 1430	2 2282	1	1
3 4126	2 2282	1	1
3 2243	2 2282	1	1
2 3641	2 2283	1	1
2 4496	2 2283	1	1
0 4646	2 2283	1	1
1 4603	2 2283	1	1
3 745	2 2283	1	1
1 3411	2 2283	1	1
2 3720	2 2284	1	1
2 4142	2 2284	1	1
0 3853	2 2284	1	1
0 1761	2 2284	1	1
0 4960	2 2284	1	1
3 830	2 2284	1	1
2 1001	2 2285	1	1
0 4694	2 2285	1	1
1 3865	2 2285	1	1
3 3640	2 2285	1	1
3 2669	2 2285	1	1
3 1178	2 2285	1	1
2 1579	2 2286	1	1
0 1199	2 2286	1	1
0 2323	2 2286	1	1
1 861	2 2286	1	1
1 3139	2 2286	1	1
1 3290	2 2286	1	1
2 2506	2 2287	1	1
1 2443	2 2287	1	1
1 1603	2 2287	1	1
3 185	2 2287	1	1
3 1141	2 2287	1	1
0 338	2 2287	1	1
2 3117	2 2288	1	1
0 4714	2 2288	1	1
1 1695	2 2288	1	1
3 3846	2 2288	1	1
3 1207	2 2288	1	1
3 2781	2 2288	1	1
2 1323	2 2289	1	1
3 4684	2 2289	1	1
3 3125	2 2289	1	1
3 1942	2 2289	1	1
3 2790	2 2289	1	1
3 156	2 2289	1	1
2 4238	2 2290	1	1
0 2933	2 2290	1	1
1 1761	2 2290	1	1
3 3315	2 2290	1	1
1 1817	2 2290	1	1
3 3473	2 2290	1	1
2 2426	2 2291	1	1
0 3357	2 2291	1	1
0 3278	2 2291	1	1
1 290	2 2291	1	1
1 4823	2 2291	1	1
3 3318	2 2291	1	1
2 1532	2 2292	1	1
0 3911	2 2292	1	1
0 2503	2 2292	1	1
1 3493	2 2292	1	1
1 2057	2 2292	1	1
3 516	2 2292	1	1
2 2203	2 2293	1	1
0 950	2 2293	1	1
1 2986	2 2293	1	1
3 3736	2 2293	1	1
3 4207	2 2293	1	1
0 1600	2 2293	1	1
2 1321	2 2294	1	1
2 2822	2 2294	1	1
2 4940	2 2294	1	1
0 3504	2 2294	1	1
1 1958	2 2294	1	1
3 2152	2 2294	1	1
2 2252	2 2295	1	1
0 3027	2 2295	1	1
1 1657	2 2295	1	1
1 2591	2 2295	1	1
3 3352	2 2295	1	1
3 957	2 2295	1	1
0 3	2 2296	1	1
3 1051	2 2296	1	1
3 4102	2 2296	1	1
1 632	2 2296	1	1
3 598	2 2296	1	1
0 3788	2 2296	1	1
2 1276	2 2297	1	1
0 3371	2 2297	1	1
1 3166	2 2297	1	1
3 2761	2 2297	1	1
3 1740	2 2297	1	1
1 1591	2 2297	1	1
2 2196	2 2298	1	1
2 1849	2 2298	1	1
0 1771	2 2298	1	1
0 3604	2 2298	1	1
3 459	2 2298	1	1
3 1436	2 2298	1	1
2 2912	2 2299	1	1
2 573	2 2299	1	1
2 2467	2 2299	1	1
2 1531	2 2299	1	1
0 4539	2 2299	1	1
3 2715	2 2299	1	1
2 1239	2 2300	1	1
2 3519	2 2300	1	1
1 357	2 2300	1	1
3 3376	2 2300	1	1
3 2706	2 2300	1	1
3 4197	2 2300	1	1
0 2574	2 2301	1	1
1 3300	2 2301	1	1
1 3691	2 2301	1	1
3 4980	2 2301	1	1
3 471	2 2301	1	1
3 3751	2 2301	1	1
2 2985	2 2302	1	1
2 1567	2 2302	1	1
2 3886	2 2302	1	1
2 4009	2 2302	1	1
0 1813	2 2302	1	1
0 462	2 2302	1	1
2 548	2 2303	1	1
2 4202	2 2303	1	1
2 3596	2 2303	1	1
2 2324	2 2303	1	1
2 881	2 2303	1	1
3 246	2 2303	1	1
2 1285	2 2304	1	1
0 2267	2 2304	1	1
3 579	2 2304	1	1
0 2735	2 2304	1	1
1 4046	2 2304	1	1
3 646	2 2304	1	1
2 4135	2 2305	1	1
0 2101	2 2305	1	1
0 2038	2 2305	1	1
1 2079	2 2305	1	1
1 871	2 2305	1	1
1 2166	2 2305	1	1
0 4739	2 2306	1	1
0 2290	2 2306	1	1
1 2512	2 2306	1	1
3 4893	2 2306	1	1
1 588	2 2306	1	1
3 4397	2 2306	1	1
2 458	2 2307	1	1
0 4652	2 2307	1	1
0 3358	2 2307	1	1
1 2440	2 2307	1	1
3 841	2 2307	1	1
1 2523	2 2307	1	1
0 4597	2 2308	1	1
0 3245	2 2308	1	1
1 3240	2 2308	1	1
1 3596	2 2308	1	1
1 1148	2 2308	1	1
3 743	2 2308	1	1
2 4297	2 2309	1	1
2 3292	2 2309	1	1
1 4249	2 2309	1	1
3 333	2 2309	1	1
1 3104	2 2309	1	1
3 4750	2 2309	1	1
2 538	2 2310	1	1
2 4672	2 2310	1	1
0 4815	2 2310	1	1
1 3559	2 2310	1	1
3 3565	2 2310	1	1
3 64	2 2310	1	1
0 1299	2 2311	1	1
1 1514	2 2311	1	1
1 1077	2 2311	1	1
1 1288	2 2311	1	1
1 532	2 2311	1	1
3 4673	2 2311	1	1
2 3817	2 2312	1	1
2 4354	2 2312	1	1
2 4852	2 2312	1	1
1 4721	2 2312	1	1
3 4828	2 2312	1	1
3 4375	2 2312	1	1
2 1375	2 2313	1	1
2 4480	2 2313	1	1
0 259	2 2313	1	1
0 1254	2 2313	1	1
0 463	2 2313	1	1
0 2810	2 2313	1	1
2 2880	2 2314	1	1
2 4797	2 2314	1	1
0 4622	2 2314	1	1
0 460	2 2314	1	1
0 134	2 2314	1	1
1 1083	2 2314	1	1
2 165	2 2315	1	1
2 3092	2 2315	1	1
0 710	2 2315	1	1
0 876	2 2315	1	1
1 3620	2 2315	1	1
3 4753	2 2315	1	1
2 4527	2 2316	1	1
0 3906	2 2316	1	1
0 4117	2 2316	1	1
0 697	2 2316	1	1
1 2077	2 2316	1	1
0 4383	2 2316	1	1
0 1178	2 2317	1	1
0 2832	2 2317	1	1
1 3592	2 2317	1	1
1 2398	2 2317	1	1
1 1103	2 2317	1	1
1 2551	2 2317	1	1
2 3217	2 2318	1	1
2 835	2 2318	1	1
2 2323	2 2318	1	1
0 4488	2 2318	1	1
0 4292	2 2318	1	1
1 1142	2 2318	1	1
2 397	2 2319	1	1
0 1768	2 2319	1	1
0 4376	2 2319	1	1
3 439	2 2319	1	1
3 1823	2 2319	1	1
3 3596	2 2319	1	1
2 2377	2 2320	1	1
0 2635	2 2320	1	1
0 270	2 2320	1	1
0 4989	2 2320	1	1
3 1840	2 2320	1	1
3 2400	2 2320	1	1
1 4243	2 2321	1	1
1 2141	2 2321	1	1
3 3544	2 2321	1	1
3 2483	2 2321	1	1
3 4771	2 2321	1	1
3 980	2 2321	1	1
2 4513	2 2322	1	1
2 4451	2 2322	1	1
0 193	2 2322	1	1
1 3873	2 2322	1	1
1 1857	2 2322	1	1
0 244	2 2322	1	1
2 3078	2 2323	1	1
2 3317	2 2323	1	1
0 4516	2 2323	1	1
1 991	2 2323	1	1
1 148	2 2323	1	1
3 2698	2 2323	1	1
2 4010	2 2324	1	1
2 3001	2 2324	1	1
1 3246	2 2324	1	1
1 3219	2 2324	1	1
1 1445	2 2324	1	1
1 939	2 2324	1	1
2 4901	2 2325	1	1
0 3135	2 2325	1	1
1 1586	2 2325	1	1
3 4395	2 2325	1	1
3 2200	2 2325	1	1
0 4566	2 2325	1	1
2 1051	2 2326	1	1
2 3270	2 2326	1	1
0 2329	2 2326	1	1
1 3902	2 2326	1	1
3 3621	2 2326	1	1
3 2308	2 2326	1	1
2 3847	2 2327	1	1
2 1103	2 2327	1	1
0 3580	2 2327	1	1
0 4378	2 2327	1	1
1 1951	2 2327	1	1
1 1181	2 2327	1	1
2 116	2 2328	1	1
2 34	2 2328	1	1
2 3198	2 2328	1	1
0 1514	2 2328	1	1
1 1273	2 2328	1	1
0 3716	2 2328	1	1
2 4371	2 2329	1	1
0 3856	2 2329	1	1
0 2328	2 2329	1	1
1 895	2 2329	1	1
1 3553	2 2329	1	1
3 2071	2 2329	1	1
2 3703	2 2330	1	1
2 358	2 2330	1	1
0 3199	2 2330	1	1
0 3412	2 2330	1	1
1 2639	2 2330	1	1
3 1335	2 2330	1	1
2 257	2 2331	1	1
1 3681	2 2331	1	1
1 3783	2 2331	1	1
0 257	2 2331	1	1
1 3237	2 2331	1	1
1 120	2 2331	1	1
0 1153	2 2332	1	1
0 1222	2 2332	1	1
1 3686	2 2332	1	1
1 4562	2 2332	1	1
3 2629	2 2332	1	1
3 3166	2 2332	1	1
2 2437	2 2333	1	1
2 1246	2 2333	1	1
2 3218	2 2333	1	1
1 78	2 2333	1	1
3 377	2 2333	1	1
3 4503	2 2333	1	1
0 4848	2 2334	1	1
0 3869	2 2334	1	1
0 3964	2 2334	1	1
1 3455	2 2334	1	1
1 1697	2 2334	1	1
3 1026	2 2334	1	1
2 4593	2 2335	1	1
0 1307	2 2335	1	1
0 4218	2 2335	1	1
1 730	2 2335	1	1
3 2958	2 2335	1	1
3 3409	2 2335	1	1
2 443	2 2336	1	1
0 4326	2 2336	1	1
0 2699	2 2336	1	1
0 2159	2 2336	1	1
1 1493	2 2336	1	1
3 1991	2 2336	1	1
0 968	2 2337	1	1
0 898	2 2337	1	1
1 550	2 2337	1	1
3 4978	2 2337	1	1
0 1761	2 2337	1	1
1 3805	2 2337	1	1
2 4283	2 2338	1	1
2 149	2 2338	1	1
0 1103	2 2338	1	1
1 2182	2 2338	1	1
1 2116	2 2338	1	1
3 2604	2 2338	1	1
0 2830	2 2339	1	1
0 1633	2 2339	1	1
1 3779	2 2339	1	1
1 3617	2 2339	1	1
3 3902	2 2339	1	1
0 3240	2 2339	1	1
2 87	2 2340	1	1
2 4895	2 2340	1	1
2 3415	2 2340	1	1
1 460	2 2340	1	1
0 1317	2 2340	1	1
3 530	2 2340	1	1
2 4367	2 2341	1	1
0 4814	2 2341	1	1
1 1412	2 2341	1	1
1 1500	2 2341	1	1
3 1466	2 2341	1	1
1 4290	2 2341	1	1
2 4654	2 2342	1	1
2 3512	2 2342	1	1
1 3421	2 2342	1	1
1 4338	2 2342	1	1
3 2097	2 2342	1	1
3 596	2 2342	1	1
2 3891	2 2343	1	1
2 3738	2 2343	1	1
2 4566	2 2343	1	1
2 4982	2 2343	1	1
0 162	2 2343	1	1
1 534	2 2343	1	1
0 3825	2 2344	1	1
1 4732	2 2344	1	1
3 3654	2 2344	1	1
3 1858	2 2344	1	1
3 881	2 2344	1	1
3 2917	2 2344	1	1
2 157	2 2345	1	1
0 4565	2 2345	1	1
0 2241	2 2345	1	1
1 1411	2 2345	1	1
3 2523	2 2345	1	1
3 3711	2 2345	1	1
2 2326	2 2346	1	1
2 8	2 2346	1	1
0 431	2 2346	1	1
0 3488	2 2346	1	1
1 3659	2 2346	1	1
1 2478	2 2346	1	1
2 1663	2 2347	1	1
1 4824	2 2347	1	1
1 4965	2 2347	1	1
3 4947	2 2347	1	1
3 2069	2 2347	1	1
3 2946	2 2347	1	1
2 3864	2 2348	1	1
2 2940	2 2348	1	1
0 3263	2 2348	1	1
1 3418	2 2348	1	1
3 660	2 2348	1	1
0 806	2 2348	1	1
2 4659	2 2349	1	1
0 494	2 2349	1	1
0 2141	2 2349	1	1
3 4971	2 2349	1	1
3 2012	2 2349	1	1
1 1065	2 2349	1	1
2 3729	2 2350	1	1
2 3807	2 2350	1	1
2 1212	2 2350	1	1
0 3803	2 2350	1	1
0 2633	2 2350	1	1
3 3299	2 2350	1	1
0 4342	2 2351	1	1
0 1608	2 2351	1	1
0 1100	2 2351	1	1
1 4398	2 2351	1	1
1 4129	2 2351	1	1
3 134	2 2351	1	1
2 3344	2 2352	1	1
2 3127	2 2352	1	1
2 996	2 2352	1	1
0 3880	2 2352	1	1
1 2558	2 2352	1	1
3 4288	2 2352	1	1
2 958	2 2353	1	1
2 1231	2 2353	1	1
2 1666	2 2353	1	1
1 201	2 2353	1	1
1 1104	2 2353	1	1
1 3758	2 2353	1	1
2 2871	2 2354	1	1
0 1475	2 2354	1	1
0 4997	2 2354	1	1
0 1722	2 2354	1	1
3 4956	2 2354	1	1
3 733	2 2354	1	1
2 1795	2 2355	1	1
0 3579	2 2355	1	1
0 4140	2 2355	1	1
1 784	2 2355	1	1
3 4066	2 2355	1	1
1 620	2 2355	1	1
2 3675	2 2356	1	1
2 144	2 2356	1	1
0 1009	2 2356	1	1
1 1058	2 2356	1	1
1 4696	2 2356	1	1
0 2247	2 2356	1	1
2 348	2 2357	1	1
0 1530	2 2357	1	1
0 4452	2 2357	1	1
0 2055	2 2357	1	1
1 1293	2 2357	1	1
1 2821	2 2357	1	1
2 3436	2 2358	1	1
2 3541	2 2358	1	1
0 1181	2 2358	1	1
1 3109	2 2358	1	1
3 1410	2 2358	1	1
3 3329	2 2358	1	1
2 2718	2 2359	1	1
0 1795	2 2359	1	1
1 2063	2 2359	1	1
3 53	2 2359	1	1
3 4756	2 2359	1	1
0 2761	2 2359	1	1
2 3885	2 2360	1	1
2 1392	2 2360	1	1
1 1005	2 2360	1	1
1 838	2 2360	1	1
3 3728	2 2360	1	1
3 1364	2 2360	1	1
2 4341	2 2361	1	1
2 3062	2 2361	1	1
0 2947	2 2361	1	1
1 2611	2 2361	1	1
3 2161	2 2361	1	1
3 3765	2 2361	1	1
1 4706	2 2362	1	1
3 3347	2 2362	1	1
3 4523	2 2362	1	1
3 4498	2 2362	1	1
0 3390	2 2362	1	1
1 2210	2 2362	1	1
2 500	2 2363	1	1
2 4819	2 2363	1	1
2 842	2 2363	1	1
1 2787	2 2363	1	1
1 4076	2 2363	1	1
3 136	2 2363	1	1
2 1480	2 2364	1	1
0 1776	2 2364	1	1
1 278	2 2364	1	1
1 3515	2 2364	1	1
0 2628	2 2364	1	1
3 3070	2 2364	1	1
2 4151	2 2365	1	1
0 4858	2 2365	1	1
0 4984	2 2365	1	1
1 3523	2 2365	1	1
0 819	2 2365	1	1
1 1416	2 2365	1	1
2 2791	2 2366	1	1
2 1163	2 2366	1	1
1 4009	2 2366	1	1
3 1306	2 2366	1	1
3 414	2 2366	1	1
0 296	2 2366	1	1
2 2435	2 2367	1	1
0 2896	2 2367	1	1
0 4622	2 2367	1	1
1 3241	2 2367	1	1
1 3631	2 2367	1	1
3 2346	2 2367	1	1
2 2277	2 2368	1	1
1 3845	2 2368	1	1
1 661	2 2368	1	1
3 557	2 2368	1	1
3 4528	2 2368	1	1
3 4007	2 2368	1	1
2 4369	2 2369	1	1
0 2745	2 2369	1	1
0 101	2 2369	1	1
0 2407	2 2369	1	1
3 672	2 2369	1	1
3 246	2 2369	1	1
2 731	2 2370	1	1
2 1700	2 2370	1	1
2 3982	2 2370	1	1
2 966	2 2370	1	1
1 2682	2 2370	1	1
3 1344	2 2370	1	1
2 193	2 2371	1	1
2 1329	2 2371	1	1
0 1089	2 2371	1	1
1 2912	2 2371	1	1
1 2859	2 2371	1	1
3 3671	2 2371	1	1
2 1247	2 2372	1	1
2 2087	2 2372	1	1
2 3761	2 2372	1	1
2 4403	2 2372	1	1
0 4895	2 2372	1	1
1 4945	2 2372	1	1
2 1222	2 2373	1	1
2 2915	2 2373	1	1
1 2843	2 2373	1	1
1 1541	2 2373	1	1
3 3673	2 2373	1	1
3 3245	2 2373	1	1
0 2163	2 2374	1	1
0 2122	2 2374	1	1
0 1896	2 2374	1	1
3 1240	2 2374	1	1
3 754	2 2374	1	1
0 3342	2 2374	1	1
2 2742	2 2375	1	1
2 4069	2 2375	1	1
1 3782	2 2375	1	1
1 2218	2 2375	1	1
3 2569	2 2375	1	1
3 148	2 2375	1	1
2 4315	2 2376	1	1
2 1951	2 2376	1	1
0 2737	2 2376	1	1
1 3553	2 2376	1	1
3 4031	2 2376	1	1
3 4800	2 2376	1	1
2 3922	2 2377	1	1
0 4936	2 2377	1	1
0 3003	2 2377	1	1
0 4241	2 2377	1	1
3 2289	2 2377	1	1
3 2395	2 2377	1	1
2 4249	2 2378	1	1
0 3457	2 2378	1	1
1 216	2 2378	1	1
1 4839	2 2378	1	1
1 1158	2 2378	1	1
3 2176	2 2378	1	1
2 200	2 2379	1	1
0 948	2 2379	1	1
1 212	2 2379	1	1
1 2380	2 2379	1	1
1 983	2 2379	1	1
3 1321	2 2379	1	1
2 2296	2 2380	1	1
0 3457	2 2380	1	1
0 3855	2 2380	1	1
3 662	2 2380	1	1
3 3313	2 2380	1	1
3 4562	2 2380	1	1
2 4159	2 2381	1	1
0 2823	2 2381	1	1
0 3433	2 2381	1	1
1 4719	2 2381	1	1
3 4938	2 2381	1	1
3 4200	2 2381	1	1
2 3798	2 2382	1	1
2 2690	2 2382	1	1
2 4618	2 2382	1	1
1 4634	2 2382	1	1
1 4925	2 2382	1	1
1 3804	2 2382	1	1
2 287	2 2383	1	1
1 4891	2 2383	1	1
3 3848	2 2383	1	1
3 4506	2 2383	1	1
3 768	2 2383	1	1
3 4966	2 2383	1	1
2 3666	2 2384	1	1
2 1476	2 2384	1	1
1 2879	2 2384	1	1
1 1043	2 2384	1	1
3 3963	2 2384	1	1
3 879	2 2384	1	1
2 2689	2 2385	1	1
2 4904	2 2385	1	1
0 530	2 2385	1	1
1 3347	2 2385	1	1
1 429	2 2385	1	1
1 3588	2 2385	1	1
2 749	2 2386	1	1
2 1832	2 2386	1	1
0 2727	2 2386	1	1
0 1960	2 2386	1	1
1 801	2 2386	1	1
1 4469	2 2386	1	1
2 4981	2 2387	1	1
2 3886	2 2387	1	1
0 2316	2 2387	1	1
1 2538	2 2387	1	1
3 3564	2 2387	1	1
3 3571	2 2387	1	1
2 911	2 2388	1	1
2 76	2 2388	1	1
1 2660	2 2388	1	1
3 4716	2 2388	1	1
0 1603	2 2388	1	1
3 4811	2 2388	1	1
2 1201	2 2389	1	1
2 3533	2 2389	1	1
0 402	2 2389	1	1
3 3911	2 2389	1	1
3 341	2 2389	1	1
1 4692	2 2389	1	1
2 2352	2 2390	1	1
2 4843	2 2390	1	1
2 2667	2 2390	1	1
1 1417	2 2390	1	1
3 386	2 2390	1	1
3 1043	2 2390	1	1
2 4870	2 2391	1	1
2 4832	2 2391	1	1
2 2650	2 2391	1	1
0 3327	2 2391	1	1
0 2413	2 2391	1	1
0 4309	2 2391	1	1
2 3620	2 2392	1	1
2 3755	2 2392	1	1
0 234	2 2392	1	1
0 2226	2 2392	1	1
3 1041	2 2392	1	1
3 4992	2 2392	1	1
2 1610	2 2393	1	1
0 702	2 2393	1	1
0 85	2 2393	1	1
0 4587	2 2393	1	1
1 4389	2 2393	1	1
3 684	2 2393	1	1
2 875	2 2394	1	1
2 1085	2 2394	1	1
0 535	2 2394	1	1
3 2569	2 2394	1	1
3 1184	2 2394	1	1
3 3206	2 2394	1	1
2 2974	2 2395	1	1
0 4756	2 2395	1	1
0 2577	2 2395	1	1
3 4451	2 2395	1	1
1 3816	2 2395	1	1
3 2406	2 2395	1	1
2 1319	2 2396	1	1
0 2720	2 2396	1	1
3 4730	2 2396	1	1
0 4541	2 2396	1	1
1 2532	2 2396	1	1
1 2983	2 2396	1	1
2 598	2 2397	1	1
2 4638	2 2397	1	1
2 2123	2 2397	1	1
3 636	2 2397	1	1
0 1880	2 2397	1	1
1 3861	2 2397	1	1
2 3100	2 2398	1	1
0 3587	2 2398	1	1
3 4231	2 2398	1	1
3 149	2 2398	1	1
3 4702	2 2398	1	1
3 398	2 2398	1	1
2 4032	2 2399	1	1
0 193	2 2399	1	1
0 2368	2 2399	1	1
1 3419	2 2399	1	1
1 1809	2 2399	1	1
0 1640	2 2399	1	1
2 780	2 2400	1	1
2 2422	2 2400	1	1
0 826	2 2400	1	1
0 1523	2 2400	1	1
1 2527	2 2400	1	1
3 3245	2 2400	1	1
2 1421	2 2401	1	1
2 1555	2 2401	1	1
0 3052	2 2401	1	1
1 1344	2 2401	1	1
3 4486	2 2401	1	1
0 1641	2 2401	1	1
2 1516	2 2402	1	1
2 1184	2 2402	1	1
2 2913	2 2402	1	1
1 3013	2 2402	1	1
3 1959	2 2402	1	1
1 4331	2 2402	1	1
2 2767	2 2403	1	1
2 3732	2 2403	1	1
0 835	2 2403	1	1
0 3267	2 2403	1	1
0 2445	2 2403	1	1
1 4334	2 2403	1	1
2 1850	2 2404	1	1
2 3833	2 2404	1	1
0 4937	2 2404	1	1
1 3468	2 2404	1	1
3 3216	2 2404	1	1
3 424	2 2404	1	1
0 1905	2 2405	1	1
0 2041	2 2405	1	1
0 4368	2 2405	1	1
0 78	2 2405	1	1
1 1290	2 2405	1	1
1 1801	2 2405	1	1
2 1719	2 2406	1	1
2 3026	2 2406	1	1
1 1366	2 2406	1	1
3 1029	2 2406	1	1
3 4787	2 2406	1	1
1 2549	2 2406	1	1
2 759	2 2407	1	1
2 3481	2 2407	1	1
0 3515	2 2407	1	1
0 664	2 2407	1	1
0 2250	2 2407	1	1
0 302	2 2407	1	1
1 1063	2 2408	1	1
3 3520	2 2408	1	1
3 366	2 2408	1	1
3 1376	2 2408	1	1
3 653	2 2408	1	1
3 3531	2 2408	1	1
2 715	2 2409	1	1
2 1237	2 2409	1	1
0 4834	2 2409	1	1
1 3090	2 2409	1	1
1 4242	2 2409	1	1
3 939	2 2409	1	1
2 3709	2 2410	1	1
0 308	2 2410	1	1
0 1176	2 2410	1	1
0 2633	2 2410	1	1
0 4155	2 2410	1	1
1 3105	2 2410	1	1
2 466	2 2411	1	1
1 3970	2 2411	1	1
1 2923	2 2411	1	1
1 3350	2 2411	1	1
3 2933	2 2411	1	1
0 4498	2 2411	1	1
2 965	2 2412	1	1
2 3241	2 2412	1	1
1 197	2 2412	1	1
3 4615	2 2412	1	1
3 4109	2 2412	1	1
1 1939	2 2412	1	1
2 4755	2 2413	1	1
1 213	2 2413	1	1
1 3837	2 2413	1	1
1 93	2 2413	1	1
3 1322	2 2413	1	1
3 1030	2 2413	1	1
0 3039	2 2414	1	1
0 144	2 2414	1	1
3 2804	2 2414	1	1
3 2817	2 2414	1	1
3 2792	2 2414	1	1
1 1617	2 2414	1	1
2 3789	2 2415	1	1
1 4801	2 2415	1	1
3 4231	2 2415	1	1
3 3476	2 2415	1	1
3 3965	2 2415	1	1
3 4771	2 2415	1	1
2 3141	2 2416	1	1
0 567	2 2416	1	1
1 364	2 2416	1	1
3 3730	2 2416	1	1
3 3218	2 2416	1	1
3 2099	2 2416	1	1
2 2194	2 2417	1	1
2 4368	2 2417	1	1
0 802	2 2417	1	1
1 2179	2 2417	1	1
3 1077	2 2417	1	1
3 4569	2 2417	1	1
0 4943	2 2418	1	1
0 2725	2 2418	1	1
0 348	2 2418	1	1
1 69	2 2418	1	1
3 198	2 2418	1	1
3 4921	2 2418	1	1
2 1583	2 2419	1	1
2 3784	2 2419	1	1
2 3516	2 2419	1	1
0 4731	2 2419	1	1
1 1921	2 2419	1	1
1 1822	2 2419	1	1
2 3195	2 2420	1	1
0 4893	2 2420	1	1
0 557	2 2420	1	1
0 3944	2 2420	1	1
1 4782	2 2420	1	1
3 4666	2 2420	1	1
2 2077	2 2421	1	1
2 2659	2 2421	1	1
0 3816	2 2421	1	1
1 2620	2 2421	1	1
1 3977	2 2421	1	1
3 4172	2 2421	1	1
2 243	2 2422	1	1
2 3938	2 2422	1	1
2 4765	2 2422	1	1
0 2876	2 2422	1	1
0 2025	2 2422	1	1
1 102	2 2422	1	1
2 2872	2 2423	1	1
0 4437	2 2423	1	1
0 4448	2 2423	1	1
1 2126	2 2423	1	1
3 4132	2 2423	1	1
1 603	2 2423	1	1
2 3247	2 2424	1	1
0 4198	2 2424	1	1
0 980	2 2424	1	1
1 1950	2 2424	1	1
1 4132	2 2424	1	1
3 1240	2 2424	1	1
2 4700	2 2425	1	1
2 1016	2 2425	1	1
1 1729	2 2425	1	1
1 4307	2 2425	1	1
1 2151	2 2425	1	1
3 636	2 2425	1	1
1 540	2 2426	1	1
1 3526	2 2426	1	1
1 3754	2 2426	1	1
1 1279	2 2426	1	1
1 3989	2 2426	1	1
3 666	2 2426	1	1
2 609	2 2427	1	1
1 2222	2 2427	1	1
1 739	2 2427	1	1
3 4775	2 2427	1	1
3 1109	2 2427	1	1
3 4434	2 2427	1	1
1 399	2 2428	1	1
1 878	2 2428	1	1
1 2793	2 2428	1	1
3 4560	2 2428	1	1
3 2854	2 2428	1	1
3 1775	2 2428	1	1
2 2439	2 2429	1	1
2 4495	2 2429	1	1
3 1830	2 2429	1	1
3 4134	2 2429	1	1
3 4827	2 2429	1	1
0 4723	2 2429	1	1
2 421	2 2430	1	1
0 4620	2 2430	1	1
3 2654	2 2430	1	1
3 4075	2 2430	1	1
3 2180	2 2430	1	1
3 1760	2 2430	1	1
2 1875	2 2431	1	1
3 3696	2 2431	1	1
3 2280	2 2431	1	1
3 809	2 2431	1	1
3 3578	2 2431	1	1
0 1586	2 2431	1	1
2 4999	2 2432	1	1
2 3654	2 2432	1	1
0 2776	2 2432	1	1
3 2949	2 2432	1	1
0 1210	2 2432	1	1
1 1443	2 2432	1	1
2 1077	2 2433	1	1
2 372	2 2433	1	1
2 2144	2 2433	1	1
3 1819	2 2433	1	1
3 1299	2 2433	1	1
3 2552	2 2433	1	1
2 4480	2 2434	1	1
0 4528	2 2434	1	1
1 3944	2 2434	1	1
3 1580	2 2434	1	1
0 1951	2 2434	1	1
0 876	2 2434	1	1
1 3035	2 2435	1	1
1 2959	2 2435	1	1
1 3781	2 2435	1	1
3 3620	2 2435	1	1
3 3006	2 2435	1	1
3 3928	2 2435	1	1
2 1101	2 2436	1	1
1 2440	2 2436	1	1
1 2007	2 2436	1	1
1 1024	2 2436	1	1
1 1240	2 2436	1	1
3 4820	2 2436	1	1
2 1369	2 2437	1	1
2 4353	2 2437	1	1
2 4321	2 2437	1	1
2 2172	2 2437	1	1
0 723	2 2437	1	1
3 2528	2 2437	1	1
0 2838	2 2438	1	1
1 1668	2 2438	1	1
1 3873	2 2438	1	1
3 3313	2 2438	1	1
3 2093	2 2438	1	1
3 2664	2 2438	1	1
2 611	2 2439	1	1
0 2004	2 2439	1	1
1 1151	2 2439	1	1
1 1492	2 2439	1	1
3 783	2 2439	1	1
1 1479	2 2439	1	1
2 1060	2 2440	1	1
0 3898	2 2440	1	1
0 4146	2 2440	1	1
0 4485	2 2440	1	1
0 1335	2 2440	1	1
3 4111	2 2440	1	1
2 2543	2 2441	1	1
2 746	2 2441	1	1
1 2042	2 2441	1	1
3 3578	2 2441	1	1
3 4496	2 2441	1	1
3 4700	2 2441	1	1
2 44	2 2442	1	1
0 2981	2 2442	1	1
0 461	2 2442	1	1
1 3186	2 2442	1	1
3 4883	2 2442	1	1
3 1887	2 2442	1	1
2 3010	2 2443	1	1
2 4890	2 2443	1	1
1 3009	2 2443	1	1
3 431	2 2443	1	1
0 1763	2 2443	1	1
1 1320	2 2443	1	1
2 504	2 2444	1	1
2 2697	2 2444	1	1
0 163	2 2444	1	1
0 3577	2 2444	1	1
3 2843	2 2444	1	1
1 4836	2 2444	1	1
2 4474	2 2445	1	1
2 4832	2 2445	1	1
2 17	2 2445	1	1
0 1029	2 2445	1	1
0 4614	2 2445	1	1
1 2130	2 2445	1	1
0 4641	2 2446	1	1
1 3659	2 2446	1	1
1 1791	2 2446	1	1
3 1982	2 2446	1	1
3 1506	2 2446	1	1
3 2396	2 2446	1	1
0 863	2 2447	1	1
1 3570	2 2447	1	1
1 2755	2 2447	1	1
1 1891	2 2447	1	1
1 565	2 2447	1	1
0 2210	2 2447	1	1
2 2781	2 2448	1	1
2 3249	2 2448	1	1
0 2322	2 2448	1	1
3 3745	2 2448	1	1
1 3326	2 2448	1	1
1 4508	2 2448	1	1
2 3996	2 2449	1	1
2 357	2 2449	1	1
0 1668	2 2449	1	1
0 4719	2 2449	1	1
1 3852	2 2449	1	1
0 1981	2 2449	1	1
0 3456	2 2450	1	1
1 782	2 2450	1	1
3 1801	2 2450	1	1
3 3019	2 2450	1	1
3 1867	2 2450	1	1
1 2393	2 2450	1	1
2 1483	2 2451	1	1
1 2150	2 2451	1	1
1 4366	2 2451	1	1
1 2218	2 2451	1	1
3 4520	2 2451	1	1
3 1854	2 2451	1	1
2 3985	2 2452	1	1
2 3095	2 2452	1	1
0 559	2 2452	1	1
0 4069	2 2452	1	1
1 968	2 2452	1	1
3 3004	2 2452	1	1
2 2333	2 2453	1	1
0 2575	2 2453	1	1
1 4532	2 2453	1	1
1 4174	2 2453	1	1
3 2426	2 2453	1	1
3 2985	2 2453	1	1
2 1225	2 2454	1	1
2 4652	2 2454	1	1
2 3945	2 2454	1	1
0 2396	2 2454	1	1
3 1077	2 2454	1	1
3 887	2 2454	1	1
2 1273	2 2455	1	1
0 4899	2 2455	1	1
1 4571	2 2455	1	1
3 3124	2 2455	1	1
3 2942	2 2455	1	1
3 1079	2 2455	1	1
2 4599	2 2456	1	1
2 2045	2 2456	1	1
2 179	2 2456	1	1
3 4848	2 2456	1	1
0 1819	2 2456	1	1
0 1284	2 2456	1	1
0 2534	2 2457	1	1
0 3615	2 2457	1	1
0 1370	2 2457	1	1
1 4789	2 2457	1	1
1 3091	2 2457	1	1
3 3063	2 2457	1	1
2 1871	2 2458	1	1
1 1377	2 2458	1	1
1 1770	2 2458	1	1
3 2024	2 2458	1	1
3 2038	2 2458	1	1
3 4428	2 2458	1	1
2 3950	2 2459	1	1
0 554	2 2459	1	1
0 787	2 2459	1	1
1 2162	2 2459	1	1
1 2457	2 2459	1	1
3 2721	2 2459	1	1
2 3946	2 2460	1	1
2 21	2 2460	1	1
3 4352	2 2460	1	1
3 4859	2 2460	1	1
0 2585	2 2460	1	1
3 3309	2 2460	1	1
2 2087	2 2461	1	1
0 1421	2 2461	1	1
0 2881	2 2461	1	1
1 4014	2 2461	1	1
1 2588	2 2461	1	1
0 4723	2 2461	1	1
2 3601	2 2462	1	1
2 3882	2 2462	1	1
2 4653	2 2462	1	1
2 3919	2 2462	1	1
0 1109	2 2462	1	1
3 395	2 2462	1	1
2 47	2 2463	1	1
2 907	2 2463	1	1
1 238	2 2463	1	1
1 2592	2 2463	1	1
1 1222	2 2463	1	1
3 1304	2 2463	1	1
2 4615	2 2464	1	1
2 3726	2 2464	1	1
2 4677	2 2464	1	1
0 2559	2 2464	1	1
0 767	2 2464	1	1
1 2281	2 2464	1	1
2 4036	2 2465	1	1
2 4865	2 2465	1	1
2 1907	2 2465	1	1
2 405	2 2465	1	1
3 502	2 2465	1	1
3 3434	2 2465	1	1
2 4826	2 2466	1	1
2 4051	2 2466	1	1
0 748	2 2466	1	1
1 431	2 2466	1	1
0 368	2 2466	1	1
1 3364	2 2466	1	1
2 3430	2 2467	1	1
2 4236	2 2467	1	1
2 4783	2 2467	1	1
0 2354	2 2467	1	1
3 1554	2 2467	1	1
1 1920	2 2467	1	1
2 4111	2 2468	1	1
2 4572	2 2468	1	1
2 70	2 2468	1	1
0 4114	2 2468	1	1
1 4666	2 2468	1	1
3 527	2 2468	1	1
2 2625	2 2469	1	1
2 1693	2 2469	1	1
0 3802	2 2469	1	1
1 3700	2 2469	1	1
3 874	2 2469	1	1
3 2348	2 2469	1	1
0 1937	2 2470	1	1
1 3522	2 2470	1	1
1 1499	2 2470	1	1
1 4438	2 2470	1	1
3 2144	2 2470	1	1
0 2449	2 2470	1	1
0 4523	2 2471	1	1
0 4067	2 2471	1	1
0 1816	2 2471	1	1
1 3589	2 2471	1	1
3 447	2 2471	1	1
3 4700	2 2471	1	1
0 4754	2 2472	1	1
1 1210	2 2472	1	1
1 3423	2 2472	1	1
1 4105	2 2472	1	1
1 1133	2 2472	1	1
1 2468	2 2472	1	1
2 600	2 2473	1	1
2 4600	2 2473	1	1
0 957	2 2473	1	1
3 2448	2 2473	1	1
3 1159	2 2473	1	1
3 1495	2 2473	1	1
0 3547	2 2474	1	1
1 2828	2 2474	1	1
3 4618	2 2474	1	1
3 4315	2 2474	1	1
3 544	2 2474	1	1
0 1731	2 2474	1	1
2 4446	2 2475	1	1
2 3771	2 2475	1	1
0 2224	2 2475	1	1
1 24	2 2475	1	1
1 1744	2 2475	1	1
3 3908	2 2475	1	1
2 296	2 2476	1	1
2 3149	2 2476	1	1
2 3494	2 2476	1	1
0 3314	2 2476	1	1
1 1530	2 2476	1	1
3 43	2 2476	1	1
2 536	2 2477	1	1
2 3170	2 2477	1	1
2 57	2 2477	1	1
3 2852	2 2477	1	1
0 1408	2 2477	1	1
1 489	2 2477	1	1
2 1715	2 2478	1	1
2 4514	2 2478	1	1
3 4818	2 2478	1	1
3 4923	2 2478	1	1
3 3687	2 2478	1	1
1 2920	2 2478	1	1
2 970	2 2479	1	1
1 3410	2 2479	1	1
1 3608	2 2479	1	1
3 512	2 2479	1	1
1 1935	2 2479	1	1
3 1547	2 2479	1	1
2 4336	2 2480	1	1
2 3901	2 2480	1	1
0 2773	2 2480	1	1
0 1796	2 2480	1	1
1 4908	2 2480	1	1
1 4331	2 2480	1	1
0 1087	2 2481	1	1
1 2658	2 2481	1	1
1 2677	2 2481	1	1
3 4925	2 2481	1	1
3 2979	2 2481	1	1
3 1686	2 2481	1	1
2 2275	2 2482	1	1
2 667	2 2482	1	1
2 936	2 2482	1	1
1 1257	2 2482	1	1
1 4978	2 2482	1	1
3 1704	2 2482	1	1
2 2588	2 2483	1	1
2 2445	2 2483	1	1
2 865	2 2483	1	1
3 3488	2 2483	1	1
3 3568	2 2483	1	1
1 1884	2 2483	1	1
2 2913	2 2484	1	1
2 745	2 2484	1	1
2 2080	2 2484	1	1
2 859	2 2484	1	1
0 4965	2 2484	1	1
1 3188	2 2484	1	1
2 2642	2 2485	1	1
2 2859	2 2485	1	1
0 1169	2 2485	1	1
1 4501	2 2485	1	1
3 4379	2 2485	1	1
3 2136	2 2485	1	1
0 2946	2 2486	1	1
0 4246	2 2486	1	1
1 4070	2 2486	1	1
3 1998	2 2486	1	1
3 1344	2 2486	1	1
3 211	2 2486	1	1
2 1164	2 2487	1	1
2 720	2 2487	1	1
0 4125	2 2487	1	1
0 4281	2 2487	1	1
1 3072	2 2487	1	1
0 1527	2 2487	1	1
2 548	2 2488	1	1
2 2068	2 2488	1	1
1 4573	2 2488	1	1
1 3823	2 2488	1	1
3 1820	2 2488	1	1
0 338	2 2488	1	1
2 653	2 2489	1	1
2 2674	2 2489	1	1
1 2136	2 2489	1	1
1 1807	2 2489	1	1
3 3799	2 2489	1	1
3 484	2 2489	1	1
2 794	2 2490	1	1
0 4788	2 2490	1	1
1 3259	2 2490	1	1
1 4264	2 2490	1	1
3 767	2 2490	1	1
0 390	2 2490	1	1
2 1471	2 2491	1	1
2 1965	2 2491	1	1
3 1487	2 2491	1	1
3 1794	2 2491	1	1
3 1688	2 2491	1	1
3 1204	2 2491	1	1
2 4701	2 2492	1	1
0 1350	2 2492	1	1
0 4693	2 2492	1	1
0 4525	2 2492	1	1
3 104	2 2492	1	1
3 2146	2 2492	1	1
2 2697	2 2493	1	1
0 3164	2 2493	1	1
1 3267	2 2493	1	1
3 2295	2 2493	1	1
3 2983	2 2493	1	1
3 1731	2 2493	1	1
2 3312	2 2494	1	1
2 495	2 2494	1	1
0 3587	2 2494	1	1
0 4767	2 2494	1	1
0 4290	2 2494	1	1
3 4817	2 2494	1	1
2 3614	2 2495	1	1
0 2875	2 2495	1	1
1 1113	2 2495	1	1
3 4598	2 2495	1	1
3 4040	2 2495	1	1
3 1228	2 2495	1	1
2 3599	2 2496	1	1
0 3138	2 2496	1	1
1 3119	2 2496	1	1
3 3039	2 2496	1	1
3 529	2 2496	1	1
3 4964	2 2496	1	1
2 1100	2 2497	1	1
3 3105	2 2497	1	1
3 370	2 2497	1	1
3 1301	2 2497	1	1
0 1804	2 2497	1	1
1 4657	2 2497	1	1
2 899	2 2498	1	1
2 1960	2 2498	1	1
0 3140	2 2498	1	1
1 3248	2 2498	1	1
1 2971	2 2498	1	1
3 2156	2 2498	1	1
2 3570	2 2499	1	1
2 3691	2 2499	1	1
1 343	2 2499	1	1
0 3759	2 2499	1	1
3 4831	2 2499	1	1
1 1395	2 2499	1	1
2 1397	2 2500	1	1
1 1290	2 2500	1	1
1 4546	2 2500	1	1
1 173	2 2500	1	1
3 4749	2 2500	1	1
3 1785	2 2500	1	1
2 1707	2 2501	1	1
2 4806	2 2501	1	1
0 2505	2 2501	1	1
1 2438	2 2501	1	1
3 3828	2 2501	1	1
0 1409	2 2501	1	1
2 1221	2 2502	1	1
2 3225	2 2502	1	1
2 3662	2 2502	1	1
0 1076	2 2502	1	1
1 4950	2 2502	1	1
3 1109	2 2502	1	1
2 3683	2 2503	1	1
2 3035	2 2503	1	1
2 2808	2 2503	1	1
2 4016	2 2503	1	1
1 4137	2 2503	1	1
0 434	2 2503	1	1
0 2362	2 2504	1	1
1 4611	2 2504	1	1
1 3489	2 2504	1	1
3 3980	2 2504	1	1
1 557	2 2504	1	1
3 374	2 2504	1	1
2 1298	2 2505	1	1
0 1362	2 2505	1	1
0 4726	2 2505	1	1
1 4098	2 2505	1	1
3 801	2 2505	1	1
3 4383	2 2505	1	1
0 4284	2 2506	1	1
0 2792	2 2506	1	1
1 203	2 2506	1	1
1 2284	2 2506	1	1
3 1939	2 2506	1	1
3 4798	2 2506	1	1
2 259	2 2507	1	1
2 1708	2 2507	1	1
2 2042	2 2507	1	1
3 329	2 2507	1	1
0 3018	2 2507	1	1
1 1347	2 2507	1	1
2 277	2 2508	1	1
2 220	2 2508	1	1
2 2056	2 2508	1	1
0 4349	2 2508	1	1
1 2412	2 2508	1	1
3 3624	2 2508	1	1
0 2447	2 2509	1	1
0 3104	2 2509	1	1
0 1565	2 2509	1	1
1 2317	2 2509	1	1
1 588	2 2509	1	1
3 90	2 2509	1	1
2 4327	2 2510	1	1
0 1743	2 2510	1	1
0 2837	2 2510	1	1
1 3775	2 2510	1	1
1 1795	2 2510	1	1
1 4511	2 2510	1	1
2 2189	2 2511	1	1
2 2816	2 2511	1	1
0 3401	2 2511	1	1
1 545	2 2511	1	1
1 1156	2 2511	1	1
3 4390	2 2511	1	1
2 1393	2 2512	1	1
1 143	2 2512	1	1
1 2036	2 2512	1	1
3 2003	2 2512	1	1
3 810	2 2512	1	1
3 959	2 2512	1	1
2 3203	2 2513	1	1
2 3102	2 2513	1	1
2 3716	2 2513	1	1
3 2672	2 2513	1	1
0 4089	2 2513	1	1
1 1715	2 2513	1	1
2 3152	2 2514	1	1
2 926	2 2514	1	1
2 2880	2 2514	1	1
2 626	2 2514	1	1
0 1771	2 2514	1	1
1 3452	2 2514	1	1
2 3819	2 2515	1	1
2 4270	2 2515	1	1
0 4913	2 2515	1	1
0 666	2 2515	1	1
1 1130	2 2515	1	1
3 918	2 2515	1	1
0 196	2 2516	1	1
0 356	2 2516	1	1
1 3403	2 2516	1	1
3 3529	2 2516	1	1
3 2960	2 2516	1	1
1 2071	2 2516	1	1
2 4853	2 2517	1	1
2 2685	2 2517	1	1
2 3562	2 2517	1	1
0 4376	2 2517	1	1
1 799	2 2517	1	1
3 2972	2 2517	1	1
2 3543	2 2518	1	1
0 2177	2 2518	1	1
0 907	2 2518	1	1
1 3351	2 2518	1	1
3 4736	2 2518	1	1
3 2735	2 2518	1	1
2 1597	2 2519	1	1
0 2338	2 2519	1	1
0 2498	2 2519	1	1
1 2384	2 2519	1	1
1 3980	2 2519	1	1
3 3314	2 2519	1	1
2 616	2 2520	1	1
1 153	2 2520	1	1
1 2351	2 2520	1	1
3 4305	2 2520	1	1
3 412	2 2520	1	1
3 1228	2 2520	1	1
2 2533	2 2521	1	1
0 2571	2 2521	1	1
0 2327	2 2521	1	1
3 2405	2 2521	1	1
3 520	2 2521	1	1
3 1095	2 2521	1	1
2 1805	2 2522	1	1
2 3807	2 2522	1	1
0 4954	2 2522	1	1
1 2619	2 2522	1	1
3 2237	2 2522	1	1
1 512	2 2522	1	1
2 38	2 2523	1	1
1 225	2 2523	1	1
3 138	2 2523	1	1
3 4006	2 2523	1	1
3 2815	2 2523	1	1
3 3270	2 2523	1	1
2 2704	2 2524	1	1
1 4343	2 2524	1	1
1 3272	2 2524	1	1
3 4829	2 2524	1	1
3 3551	2 2524	1	1
3 4478	2 2524	1	1
2 2439	2 2525	1	1
2 4556	2 2525	1	1
0 1415	2 2525	1	1
0 856	2 2525	1	1
1 590	2 2525	1	1
3 4036	2 2525	1	1
2 1666	2 2526	1	1
2 4542	2 2526	1	1
0 2374	2 2526	1	1
0 4522	2 2526	1	1
3 2020	2 2526	1	1
3 3212	2 2526	1	1
0 1381	2 2527	1	1
0 2438	2 2527	1	1
1 3429	2 2527	1	1
3 1304	2 2527	1	1
3 123	2 2527	1	1
3 4779	2 2527	1	1
2 4583	2 2528	1	1
2 4423	2 2528	1	1
2 1472	2 2528	1	1
3 1200	2 2528	1	1
0 337	2 2528	1	1
1 2914	2 2528	1	1
2 3328	2 2529	1	1
0 414	2 2529	1	1
1 2739	2 2529	1	1
3 939	2 2529	1	1
3 3992	2 2529	1	1
0 3735	2 2529	1	1
0 663	2 2530	1	1
0 90	2 2530	1	1
1 461	2 2530	1	1
1 4286	2 2530	1	1
3 3364	2 2530	1	1
0 1574	2 2530	1	1
2 506	2 2531	1	1
0 4341	2 2531	1	1
0 2178	2 2531	1	1
1 1067	2 2531	1	1
1 4750	2 2531	1	1
3 458	2 2531	1	1
2 1671	2 2532	1	1
2 4108	2 2532	1	1
2 3580	2 2532	1	1
1 2717	2 2532	1	1
1 2335	2 2532	1	1
3 953	2 2532	1	1
2 3927	2 2533	1	1
0 3747	2 2533	1	1
1 2032	2 2533	1	1
3 4657	2 2533	1	1
3 841	2 2533	1	1
3 4918	2 2533	1	1
0 2060	2 2534	1	1
0 697	2 2534	1	1
0 2211	2 2534	1	1
1 1859	2 2534	1	1
1 4516	2 2534	1	1
1 2302	2 2534	1	1
2 580	2 2535	1	1
2 4416	2 2535	1	1
2 2436	2 2535	1	1
0 968	2 2535	1	1
0 2806	2 2535	1	1
3 4231	2 2535	1	1
2 3632	2 2536	1	1
0 971	2 2536	1	1
1 103	2 2536	1	1
3 855	2 2536	1	1
3 1715	2 2536	1	1
1 3204	2 2536	1	1
2 4194	2 2537	1	1
0 1268	2 2537	1	1
0 4940	2 2537	1	1
1 4998	2 2537	1	1
1 1572	2 2537	1	1
3 3431	2 2537	1	1
0 1072	2 2538	1	1
0 230	2 2538	1	1
1 3780	2 2538	1	1
1 2638	2 2538	1	1
3 2832	2 2538	1	1
3 2245	2 2538	1	1
2 2189	2 2539	1	1
2 2335	2 2539	1	1
0 402	2 2539	1	1
1 4774	2 2539	1	1
1 2829	2 2539	1	1
3 1117	2 2539	1	1
2 2120	2 2540	1	1
2 4164	2 2540	1	1
0 3646	2 2540	1	1
1 530	2 2540	1	1
1 3016	2 2540	1	1
1 1438	2 2540	1	1
1 3914	2 2541	1	1
1 2484	2 2541	1	1
1 4649	2 2541	1	1
1 1752	2 2541	1	1
1 2714	2 2541	1	1
1 2008	2 2541	1	1
2 1390	2 2542	1	1
2 4028	2 2542	1	1
0 913	2 2542	1	1
1 592	2 2542	1	1
1 33	2 2542	1	1
1 6	2 2542	1	1
2 3850	2 2543	1	1
0 4643	2 2543	1	1
0 1807	2 2543	1	1
0 1013	2 2543	1	1
1 4134	2 2543	1	1
1 2893	2 2543	1	1
2 2282	2 2544	1	1
0 1878	2 2544	1	1
1 3225	2 2544	1	1
1 147	2 2544	1	1
3 2523	2 2544	1	1
3 1898	2 2544	1	1
2 4896	2 2545	1	1
2 3867	2 2545	1	1
1 2691	2 2545	1	1
1 739	2 2545	1	1
3 1724	2 2545	1	1
3 3621	2 2545	1	1
2 282	2 2546	1	1
2 3629	2 2546	1	1
2 2660	2 2546	1	1
0 1129	2 2546	1	1
1 4506	2 2546	1	1
1 2626	2 2546	1	1
2 2817	2 2547	1	1
0 4734	2 2547	1	1
1 891	2 2547	1	1
3 2376	2 2547	1	1
3 721	2 2547	1	1
3 725	2 2547	1	1
2 3112	2 2548	1	1
2 410	2 2548	1	1
1 1078	2 2548	1	1
1 2334	2 2548	1	1
3 1986	2 2548	1	1
0 248	2 2548	1	1
2 3783	2 2549	1	1
2 869	2 2549	1	1
0 3323	2 2549	1	1
1 1773	2 2549	1	1
1 1601	2 2549	1	1
3 3622	2 2549	1	1
2 3926	2 2550	1	1
0 4716	2 2550	1	1
1 4178	2 2550	1	1
3 3476	2 2550	1	1
3 2981	2 2550	1	1
1 1234	2 2550	1	1
2 4317	2 2551	1	1
0 2436	2 2551	1	1
1 834	2 2551	1	1
1 1702	2 2551	1	1
1 3483	2 2551	1	1
1 2646	2 2551	1	1
0 2566	2 2552	1	1
0 4419	2 2552	1	1
1 2131	2 2552	1	1
1 592	2 2552	1	1
1 3009	2 2552	1	1
3 3589	2 2552	1	1
2 1135	2 2553	1	1
0 59	2 2553	1	1
1 1118	2 2553	1	1
3 3788	2 2553	1	1
3 1973	2 2553	1	1
0 1170	2 2553	1	1
2 2086	2 2554	1	1
1 3502	2 2554	1	1
1 4283	2 2554	1	1
3 2623	2 2554	1	1
3 1383	2 2554	1	1
3 3502	2 2554	1	1
2 3695	2 2555	1	1
0 1319	2 2555	1	1
0 4892	2 2555	1	1
1 4404	2 2555	1	1
1 999	2 2555	1	1
1 1362	2 2555	1	1
2 376	2 2556	1	1
2 4586	2 2556	1	1
0 4072	2 2556	1	1
1 1159	2 2556	1	1
3 1255	2 2556	1	1
3 3176	2 2556	1	1
2 699	2 2557	1	1
0 382	2 2557	1	1
0 3883	2 2557	1	1
0 63	2 2557	1	1
1 2956	2 2557	1	1
1 565	2 2557	1	1
2 4423	2 2558	1	1
2 3144	2 2558	1	1
0 1580	2 2558	1	1
1 2151	2 2558	1	1
1 4489	2 2558	1	1
3 4644	2 2558	1	1
2 955	2 2559	1	1
2 1183	2 2559	1	1
2 4600	2 2559	1	1
0 2333	2 2559	1	1
0 2192	2 2559	1	1
1 1525	2 2559	1	1
0 1548	2 2560	1	1
0 85	2 2560	1	1
1 4892	2 2560	1	1
1 4298	2 2560	1	1
3 2647	2 2560	1	1
3 1199	2 2560	1	1
2 4305	2 2561	1	1
1 2995	2 2561	1	1
3 4196	2 2561	1	1
3 1608	2 2561	1	1
3 1228	2 2561	1	1
0 1876	2 2561	1	1
2 4178	2 2562	1	1
2 4518	2 2562	1	1
2 2470	2 2562	1	1
1 3896	2 2562	1	1
0 171	2 2562	1	1
1 3782	2 2562	1	1
2 2687	2 2563	1	1
2 3310	2 2563	1	1
0 4065	2 2563	1	1
3 2158	2 2563	1	1
0 814	2 2563	1	1
3 974	2 2563	1	1
0 2582	2 2564	1	1
1 1999	2 2564	1	1
3 3027	2 2564	1	1
1 3941	2 2564	1	1
3 3203	2 2564	1	1
3 1395	2 2564	1	1
1 4602	2 2565	1	1
1 1766	2 2565	1	1
1 2676	2 2565	1	1
1 2084	2 2565	1	1
3 4974	2 2565	1	1
0 4619	2 2565	1	1
2 4166	2 2566	1	1
2 984	2 2566	1	1
0 4591	2 2566	1	1
1 4492	2 2566	1	1
3 2498	2 2566	1	1
0 1015	2 2566	1	1
0 1121	2 2567	1	1
0 4749	2 2567	1	1
1 2101	2 2567	1	1
3 2954	2 2567	1	1
3 3357	2 2567	1	1
3 774	2 2567	1	1
2 205	2 2568	1	1
2 121	2 2568	1	1
2 78	2 2568	1	1
0 2436	2 2568	1	1
1 4081	2 2568	1	1
3 1706	2 2568	1	1
2 2647	2 2569	1	1
0 3750	2 2569	1	1
0 3861	2 2569	1	1
3 4462	2 2569	1	1
0 1342	2 2569	1	1
3 4938	2 2569	1	1
2 1716	2 2570	1	1
2 4642	2 2570	1	1
2 1571	2 2570	1	1
0 629	2 2570	1	1
3 2469	2 2570	1	1
3 114	2 2570	1	1
2 3345	2 2571	1	1
2 3800	2 2571	1	1
2 1455	2 2571	1	1
1 1845	2 2571	1	1
3 2113	2 2571	1	1
0 2880	2 2571	1	1
0 3137	2 2572	1	1
0 3679	2 2572	1	1
1 3047	2 2572	1	1
0 3620	2 2572	1	1
0 1818	2 2572	1	1
3 2477	2 2572	1	1
2 2808	2 2573	1	1
2 487	2 2573	1	1
2 1732	2 2573	1	1
3 4291	2 2573	1	1
0 1429	2 2573	1	1
0 1306	2 2573	1	1
2 4477	2 2574	1	1
2 2630	2 2574	1	1
1 2717	2 2574	1	1
1 2479	2 2574	1	1
3 4958	2 2574	1	1
0 3868	2 2574	1	1
2 4923	2 2575	1	1
2 252	2 2575	1	1
2 1442	2 2575	1	1
1 1261	2 2575	1	1
1 4171	2 2575	1	1
1 4169	2 2575	1	1
2 2030	2 2576	1	1
1 2590	2 2576	1	1
3 848	2 2576	1	1
3 2656	2 2576	1	1
3 3925	2 2576	1	1
1 276	2 2576	1	1
2 1772	2 2577	1	1
2 3337	2 2577	1	1
0 2483	2 2577	1	1
1 4276	2 2577	1	1
3 423	2 2577	1	1
3 3684	2 2577	1	1
2 274	2 2578	1	1
0 3848	2 2578	1	1
0 683	2 2578	1	1
0 773	2 2578	1	1
0 3004	2 2578	1	1
0 190	2 2578	1	1
2 2779	2 2579	1	1
1 2535	2 2579	1	1
3 1925	2 2579	1	1
3 315	2 2579	1	1
0 405	2 2579	1	1
1 1848	2 2579	1	1
2 3370	2 2580	1	1
2 999	2 2580	1	1
0 4637	2 2580	1	1
0 541	2 2580	1	1
1 4216	2 2580	1	1
0 1550	2 2580	1	1
2 623	2 2581	1	1
2 1689	2 2581	1	1
0 3234	2 2581	1	1
1 655	2 2581	1	1
3 2790	2 2581	1	1
3 2253	2 2581	1	1
2 3440	2 2582	1	1
0 939	2 2582	1	1
0 933	2 2582	1	1
1 259	2 2582	1	1
1 3985	2 2582	1	1
3 1680	2 2582	1	1
0 87	2 2583	1	1
0 3241	2 2583	1	1
1 955	2 2583	1	1
1 928	2 2583	1	1
1 4084	2 2583	1	1
3 4562	2 2583	1	1
2 4280	2 2584	1	1
2 823	2 2584	1	1
0 3565	2 2584	1	1
0 2769	2 2584	1	1
3 3971	2 2584	1	1
0 2066	2 2584	1	1
2 4525	2 2585	1	1
0 715	2 2585	1	1
0 527	2 2585	1	1
0 3208	2 2585	1	1
1 4520	2 2585	1	1
1 1556	2 2585	1	1
2 4540	2 2586	1	1
2 2382	2 2586	1	1
0 4151	2 2586	1	1
0 3127	2 2586	1	1
1 4086	2 2586	1	1
3 2263	2 2586	1	1
2 948	2 2587	1	1
2 1009	2 2587	1	1
0 55	2 2587	1	1
1 4342	2 2587	1	1
1 2937	2 2587	1	1
1 4746	2 2587	1	1
2 4613	2 2588	1	1
0 4507	2 2588	1	1
0 1382	2 2588	1	1
1 819	2 2588	1	1
1 657	2 2588	1	1
1 4135	2 2588	1	1
0 4645	2 2589	1	1
0 3009	2 2589	1	1
1 2962	2 2589	1	1
1 1203	2 2589	1	1
1 1308	2 2589	1	1
0 334	2 2589	1	1
2 4930	2 2590	1	1
0 4839	2 2590	1	1
0 291	2 2590	1	1
0 1232	2 2590	1	1
3 2059	2 2590	1	1
3 1585	2 2590	1	1
0 144	2 2591	1	1
0 2475	2 2591	1	1
0 3404	2 2591	1	1
1 949	2 2591	1	1
1 2102	2 2591	1	1
3 2543	2 2591	1	1
2 2491	2 2592	1	1
2 332	2 2592	1	1
0 3012	2 2592	1	1
0 1231	2 2592	1	1
1 4050	2 2592	1	1
3 4883	2 2592	1	1
0 4047	2 2593	1	1
0 373	2 2593	1	1
1 1529	2 2593	1	1
1 1019	2 2593	1	1
1 510	2 2593	1	1
3 2012	2 2593	1	1
2 1652	2 2594	1	1
1 67	2 2594	1	1
1 3745	2 2594	1	1
3 1080	2 2594	1	1
3 2296	2 2594	1	1
3 1088	2 2594	1	1
2 4217	2 2595	1	1
2 3591	2 2595	1	1
2 4101	2 2595	1	1
2 3096	2 2595	1	1
0 3966	2 2595	1	1
0 4734	2 2595	1	1
2 483	2 2596	1	1
2 640	2 2596	1	1
0 3413	2 2596	1	1
1 1170	2 2596	1	1
3 4351	2 2596	1	1
3 4385	2 2596	1	1
2 56	2 2597	1	1
2 4082	2 2597	1	1
1 781	2 2597	1	1
1 3516	2 2597	1	1
3 902	2 2597	1	1
0 4672	2 2597	1	1
2 2428	2 2598	1	1
0 2528	2 2598	1	1
0 3102	2 2598	1	1
0 1239	2 2598	1	1
0 3108	2 2598	1	1
3 928	2 2598	1	1
0 525	2 2599	1	1
1 922	2 2599	1	1
3 2254	2 2599	1	1
3 3541	2 2599	1	1
1 1624	2 2599	1	1
1 4541	2 2599	1	1
2 4411	2 2600	1	1
2 3664	2 2600	1	1
2 4936	2 2600	1	1
0 4856	2 2600	1	1
3 809	2 2600	1	1
1 2997	2 2600	1	1
2 3869	2 2601	1	1
2 2931	2 2601	1	1
0 1753	2 2601	1	1
1 346	2 2601	1	1
1 1085	2 2601	1	1
3 3432	2 2601	1	1
2 2604	2 2602	1	1
2 4132	2 2602	1	1
0 466	2 2602	1	1
0 2698	2 2602	1	1
1 2345	2 2602	1	1
3 4941	2 2602	1	1
2 4098	2 2603	1	1
2 1933	2 2603	1	1
0 1291	2 2603	1	1
0 1006	2 2603	1	1
3 1553	2 2603	1	1
3 4715	2 2603	1	1
2 181	2 2604	1	1
0 4598	2 2604	1	1
1 2118	2 2604	1	1
1 1333	2 2604	1	1
1 4176	2 2604	1	1
3 2724	2 2604	1	1
2 530	2 2605	1	1
2 4124	2 2605	1	1
0 2073	2 2605	1	1
3 2736	2 2605	1	1
3 4631	2 2605	1	1
3 3718	2 2605	1	1
2 160	2 2606	1	1
2 2185	2 2606	1	1
2 4174	2 2606	1	1
0 3720	2 2606	1	1
1 3269	2 2606	1	1
3 278	2 2606	1	1
2 4954	2 2607	1	1
0 4457	2 2607	1	1
1 194	2 2607	1	1
3 3397	2 2607	1	1
0 3409	2 2607	1	1
0 2603	2 2607	1	1
2 2710	2 2608	1	1
0 2499	2 2608	1	1
0 4474	2 2608	1	1
0 1368	2 2608	1	1
0 3239	2 2608	1	1
1 1989	2 2608	1	1
2 1805	2 2609	1	1
2 1688	2 2609	1	1
2 1607	2 2609	1	1
1 1134	2 2609	1	1
1 1686	2 2609	1	1
3 2252	2 2609	1	1
2 4860	2 2610	1	1
2 4473	2 2610	1	1
0 3250	2 2610	1	1
1 763	2 2610	1	1
1 2761	2 2610	1	1
3 4667	2 2610	1	1
0 1180	2 2611	1	1
3 2389	2 2611	1	1
3 3512	2 2611	1	1
0 3958	2 2611	1	1
1 623	2 2611	1	1
3 4156	2 2611	1	1
2 2386	2 2612	1	1
2 1059	2 2612	1	1
2 2050	2 2612	1	1
0 2799	2 2612	1	1
0 1696	2 2612	1	1
1 1754	2 2612	1	1
2 3913	2 2613	1	1
0 1398	2 2613	1	1
1 1559	2 2613	1	1
1 3541	2 2613	1	1
3 3842	2 2613	1	1
0 13	2 2613	1	1
2 496	2 2614	1	1
2 668	2 2614	1	1
1 2009	2 2614	1	1
1 4914	2 2614	1	1
3 4855	2 2614	1	1
1 3637	2 2614	1	1
2 1387	2 2615	1	1
2 4503	2 2615	1	1
2 2748	2 2615	1	1
2 4411	2 2615	1	1
0 3291	2 2615	1	1
0 4064	2 2615	1	1
2 3461	2 2616	1	1
2 717	2 2616	1	1
2 624	2 2616	1	1
1 4924	2 2616	1	1
1 3896	2 2616	1	1
1 426	2 2616	1	1
2 708	2 2617	1	1
2 4828	2 2617	1	1
0 3364	2 2617	1	1
0 135	2 2617	1	1
1 3677	2 2617	1	1
3 4446	2 2617	1	1
2 2259	2 2618	1	1
0 1280	2 2618	1	1
1 1542	2 2618	1	1
3 3006	2 2618	1	1
3 1955	2 2618	1	1
3 244	2 2618	1	1
2 3028	2 2619	1	1
0 2754	2 2619	1	1
3 3362	2 2619	1	1
3 823	2 2619	1	1
3 1888	2 2619	1	1
0 1603	2 2619	1	1
2 4192	2 2620	1	1
0 4026	2 2620	1	1
1 3803	2 2620	1	1
1 4814	2 2620	1	1
3 281	2 2620	1	1
3 348	2 2620	1	1
0 136	2 2621	1	1
0 4918	2 2621	1	1
0 4389	2 2621	1	1
1 327	2 2621	1	1
3 4588	2 2621	1	1
3 2756	2 2621	1	1
2 1023	2 2622	1	1
2 4110	2 2622	1	1
2 1648	2 2622	1	1
1 769	2 2622	1	1
1 73	2 2622	1	1
1 2120	2 2622	1	1
2 1672	2 2623	1	1
2 4499	2 2623	1	1
2 2523	2 2623	1	1
0 3101	2 2623	1	1
3 4459	2 2623	1	1
3 1909	2 2623	1	1
0 1094	2 2624	1	1
0 2551	2 2624	1	1
1 3886	2 2624	1	1
3 2764	2 2624	1	1
0 3991	2 2624	1	1
1 1576	2 2624	1	1
2 643	2 2625	1	1
0 3152	2 2625	1	1
1 933	2 2625	1	1
1 4994	2 2625	1	1
3 421	2 2625	1	1
0 770	2 2625	1	1
2 2573	2 2626	1	1
2 1432	2 2626	1	1
1 616	2 2626	1	1
1 769	2 2626	1	1
1 4610	2 2626	1	1
1 1045	2 2626	1	1
2 1601	2 2627	1	1
0 2822	2 2627	1	1
1 1986	2 2627	1	1
1 1174	2 2627	1	1
3 1614	2 2627	1	1
3 3284	2 2627	1	1
2 460	2 2628	1	1
2 1014	2 2628	1	1
1 4130	2 2628	1	1
1 2745	2 2628	1	1
3 1308	2 2628	1	1
3 1543	2 2628	1	1
2 4458	2 2629	1	1
2 3505	2 2629	1	1
2 1231	2 2629	1	1
0 1031	2 2629	1	1
1 1942	2 2629	1	1
3 3206	2 2629	1	1
2 4052	2 2630	1	1
2 1598	2 2630	1	1
0 162	2 2630	1	1
0 1644	2 2630	1	1
1 1053	2 2630	1	1
3 287	2 2630	1	1
2 422	2 2631	1	1
0 2967	2 2631	1	1
0 3846	2 2631	1	1
0 1731	2 2631	1	1
1 3641	2 2631	1	1
3 970	2 2631	1	1
1 2733	2 2632	1	1
1 448	2 2632	1	1
1 2374	2 2632	1	1
3 771	2 2632	1	1
3 3473	2 2632	1	1
3 244	2 2632	1	1
0 1955	2 2633	1	1
1 752	2 2633	1	1
3 698	2 2633	1	1
3 1328	2 2633	1	1
3 2388	2 2633	1	1
3 3074	2 2633	1	1
2 1110	2 2634	1	1
0 4230	2 2634	1	1
1 1652	2 2634	1	1
3 1692	2 2634	1	1
3 3544	2 2634	1	1
3 1742	2 2634	1	1
2 2242	2 2635	1	1
2 1307	2 2635	1	1
0 2371	2 2635	1	1
0 4764	2 2635	1	1
1 2999	2 2635	1	1
1 3024	2 2635	1	1
2 3709	2 2636	1	1
2 3292	2 2636	1	1
0 1547	2 2636	1	1
3 182	2 2636	1	1
3 615	2 2636	1	1
3 3119	2 2636	1	1
2 2068	2 2637	1	1
1 1284	2 2637	1	1
1 3244	2 2637	1	1
3 1774	2 2637	1	1
3 3026	2 2637	1	1
3 707	2 2637	1	1
2 2448	2 2638	1	1
0 3568	2 2638	1	1
0 4578	2 2638	1	1
0 4971	2 2638	1	1
3 18	2 2638	1	1
3 2740	2 2638	1	1
2 4857	2 2639	1	1
0 1558	2 2639	1	1
1 1882	2 2639	1	1
1 4269	2 2639	1	1
1 1380	2 2639	1	1
3 4108	2 2639	1	1
2 2657	2 2640	1	1
1 145	2 2640	1	1
1 431	2 2640	1	1
3 975	2 2640	1	1
0 3669	2 2640	1	1
3 387	2 2640	1	1
2 3270	2 2641	1	1
2 4568	2 2641	1	1
0 4532	2 2641	1	1
3 340	2 2641	1	1
3 4636	2 2641	1	1
3 1585	2 2641	1	1
2 2174	2 2642	1	1
2 4032	2 2642	1	1
0 2363	2 2642	1	1
1 1277	2 2642	1	1
3 2155	2 2642	1	1
3 3710	2 2642	1	1
2 1327	2 2643	1	1
0 2834	2 2643	1	1
1 185	2 2643	1	1
1 473	2 2643	1	1
3 2385	2 2643	1	1
3 577	2 2643	1	1
2 4936	2 2644	1	1
0 3609	2 2644	1	1
1 1517	2 2644	1	1
1 3384	2 2644	1	1
1 560	2 2644	1	1
1 1730	2 2644	1	1
2 619	2 2645	1	1
1 4249	2 2645	1	1
1 3786	2 2645	1	1
3 3098	2 2645	1	1
3 3444	2 2645	1	1
0 2586	2 2645	1	1
2 1151	2 2646	1	1
2 815	2 2646	1	1
0 150	2 2646	1	1
0 99	2 2646	1	1
1 3754	2 2646	1	1
1 49	2 2646	1	1
0 2726	2 2647	1	1
0 2068	2 2647	1	1
0 1191	2 2647	1	1
1 3551	2 2647	1	1
3 2874	2 2647	1	1
0 67	2 2647	1	1
2 253	2 2648	1	1
2 2683	2 2648	1	1
2 1406	2 2648	1	1
2 2389	2 2648	1	1
1 2375	2 2648	1	1
1 412	2 2648	1	1
2 155	2 2649	1	1
2 2030	2 2649	1	1
2 2980	2 2649	1	1
1 4309	2 2649	1	1
1 829	2 2649	1	1
3 1718	2 2649	1	1
2 2602	2 2650	1	1
0 815	2 2650	1	1
0 3917	2 2650	1	1
3 316	2 2650	1	1
3 1897	2 2650	1	1
3 2377	2 2650	1	1
2 3539	2 2651	1	1
2 3875	2 2651	1	1
2 3610	2 2651	1	1
1 3124	2 2651	1	1
3 2191	2 2651	1	1
3 4833	2 2651	1	1
2 3729	2 2652	1	1
2 4727	2 2652	1	1
1 3074	2 2652	1	1
1 48	2 2652	1	1
1 4560	2 2652	1	1
3 3941	2 2652	1	1
2 1954	2 2653	1	1
2 361	2 2653	1	1
0 3233	2 2653	1	1
0 2492	2 2653	1	1
3 987	2 2653	1	1
3 2176	2 2653	1	1
2 1662	2 2654	1	1
2 2352	2 2654	1	1
0 1095	2 2654	1	1
1 4962	2 2654	1	1
3 1520	2 2654	1	1
3 1143	2 2654	1	1
2 542	2 2655	1	1
2 3372	2 2655	1	1
0 4443	2 2655	1	1
1 3010	2 2655	1	1
3 299	2 2655	1	1
3 4622	2 2655	1	1
2 277	2 2656	1	1
0 1552	2 2656	1	1
1 2085	2 2656	1	1
3 4342	2 2656	1	1
0 281	2 2656	1	1
1 3198	2 2656	1	1
2 1906	2 2657	1	1
0 628	2 2657	1	1
1 3365	2 2657	1	1
3 2079	2 2657	1	1
3 4065	2 2657	1	1
3 3626	2 2657	1	1
2 2444	2 2658	1	1
1 977	2 2658	1	1
3 3358	2 2658	1	1
3 4298	2 2658	1	1
3 3346	2 2658	1	1
0 3457	2 2658	1	1
2 2129	2 2659	1	1
2 3339	2 2659	1	1
0 2812	2 2659	1	1
1 3989	2 2659	1	1
3 902	2 2659	1	1
3 1169	2 2659	1	1
2 3008	2 2660	1	1
0 4382	2 2660	1	1
0 3621	2 2660	1	1
0 3380	2 2660	1	1
3 216	2 2660	1	1
3 2754	2 2660	1	1
2 3560	2 2661	1	1
0 2260	2 2661	1	1
1 4759	2 2661	1	1
1 2466	2 2661	1	1
3 4878	2 2661	1	1
3 2700	2 2661	1	1
2 3281	2 2662	1	1
0 360	2 2662	1	1
0 830	2 2662	1	1
3 3545	2 2662	1	1
1 807	2 2662	1	1
3 173	2 2662	1	1
0 449	2 2663	1	1
0 705	2 2663	1	1
1 4376	2 2663	1	1
3 2262	2 2663	1	1
3 165	2 2663	1	1
3 4158	2 2663	1	1
0 1029	2 2664	1	1
0 3808	2 2664	1	1
1 1283	2 2664	1	1
3 3381	2 2664	1	1
3 763	2 2664	1	1
1 1038	2 2664	1	1
2 3100	2 2665	1	1
2 2631	2 2665	1	1
2 1245	2 2665	1	1
2 2183	2 2665	1	1
3 1444	2 2665	1	1
3 1510	2 2665	1	1
0 3955	2 2666	1	1
0 4654	2 2666	1	1
1 1035	2 2666	1	1
1 4118	2 2666	1	1
3 2410	2 2666	1	1
3 4138	2 2666	1	1
2 2465	2 2667	1	1
0 2190	2 2667	1	1
0 4009	2 2667	1	1
1 4502	2 2667	1	1
1 1778	2 2667	1	1
1 767	2 2667	1	1
2 3132	2 2668	1	1
2 1334	2 2668	1	1
0 227	2 2668	1	1
1 1063	2 2668	1	1
3 3988	2 2668	1	1
3 1513	2 2668	1	1
0 2705	2 2669	1	1
0 2560	2 2669	1	1
0 3718	2 2669	1	1
1 1040	2 2669	1	1
1 1944	2 2669	1	1
3 2874	2 2669	1	1
2 647	2 2670	1	1
2 4788	2 2670	1	1
3 4989	2 2670	1	1
3 2534	2 2670	1	1
0 388	2 2670	1	1
3 3983	2 2670	1	1
2 1819	2 2671	1	1
2 4257	2 2671	1	1
0 3586	2 2671	1	1
0 1510	2 2671	1	1
0 3948	2 2671	1	1
0 503	2 2671	1	1
2 4188	2 2672	1	1
2 1007	2 2672	1	1
0 2911	2 2672	1	1
1 2731	2 2672	1	1
1 1783	2 2672	1	1
3 2349	2 2672	1	1
2 4233	2 2673	1	1
2 3263	2 2673	1	1
0 4678	2 2673	1	1
1 3102	2 2673	1	1
3 3806	2 2673	1	1
1 2283	2 2673	1	1
2 2944	2 2674	1	1
0 2910	2 2674	1	1
1 2707	2 2674	1	1
1 1066	2 2674	1	1
3 3768	2 2674	1	1
3 3259	2 2674	1	1
2 3221	2 2675	1	1
2 4344	2 2675	1	1
0 257	2 2675	1	1
1 4976	2 2675	1	1
1 2118	2 2675	1	1
3 2469	2 2675	1	1
2 4821	2 2676	1	1
2 1642	2 2676	1	1
0 1226	2 2676	1	1
0 75	2 2676	1	1
1 3494	2 2676	1	1
1 1802	2 2676	1	1
2 1129	2 2677	1	1
0 3144	2 2677	1	1
1 4221	2 2677	1	1
3 1844	2 2677	1	1
3 1970	2 2677	1	1
3 294	2 2677	1	1
2 1381	2 2678	1	1
1 2527	2 2678	1	1
1 3292	2 2678	1	1
1 4795	2 2678	1	1
3 466	2 2678	1	1
3 1537	2 2678	1	1
2 138	2 2679	1	1
0 342	2 2679	1	1
0 2271	2 2679	1	1
1 4872	2 2679	1	1
1 2820	2 2679	1	1
3 4482	2 2679	1	1
2 2046	2 2680	1	1
0 486	2 2680	1	1
1 1301	2 2680	1	1
1 1289	2 2680	1	1
1 1201	2 2680	1	1
3 285	2 2680	1	1
2 3258	2 2681	1	1
0 4178	2 2681	1	1
0 2521	2 2681	1	1
1 1030	2 2681	1	1
1 2667	2 2681	1	1
1 3532	2 2681	1	1
2 3444	2 2682	1	1
0 4316	2 2682	1	1
1 4144	2 2682	1	1
3 2963	2 2682	1	1
3 2769	2 2682	1	1
3 2932	2 2682	1	1
2 3779	2 2683	1	1
2 2682	2 2683	1	1
2 4516	2 2683	1	1
0 2080	2 2683	1	1
3 4212	2 2683	1	1
3 2499	2 2683	1	1
2 2086	2 2684	1	1
2 109	2 2684	1	1
2 4727	2 2684	1	1
0 3288	2 2684	1	1
1 3937	2 2684	1	1
3 4210	2 2684	1	1
2 3616	2 2685	1	1
1 2107	2 2685	1	1
1 4072	2 2685	1	1
3 2341	2 2685	1	1
1 2430	2 2685	1	1
1 3574	2 2685	1	1
0 4271	2 2686	1	1
1 2253	2 2686	1	1
3 175	2 2686	1	1
3 1037	2 2686	1	1
3 4271	2 2686	1	1
3 4369	2 2686	1	1
2 2563	2 2687	1	1
2 4209	2 2687	1	1
0 3644	2 2687	1	1
0 2285	2 2687	1	1
1 1675	2 2687	1	1
3 4457	2 2687	1	1
2 1649	2 2688	1	1
2 2497	2 2688	1	1
0 1885	2 2688	1	1
3 2358	2 2688	1	1
3 2199	2 2688	1	1
1 2080	2 2688	1	1
2 2605	2 2689	1	1
1 2315	2 2689	1	1
1 3503	2 2689	1	1
1 3291	2 2689	1	1
3 3264	2 2689	1	1
3 1839	2 2689	1	1
1 4456	2 2690	1	1
1 3501	2 2690	1	1
3 274	2 2690	1	1
3 140	2 2690	1	1
3 1079	2 2690	1	1
3 4018	2 2690	1	1
2 3704	2 2691	1	1
2 869	2 2691	1	1
0 4618	2 2691	1	1
1 2836	2 2691	1	1
1 2160	2 2691	1	1
3 374	2 2691	1	1
2 394	2 2692	1	1
2 115	2 2692	1	1
0 3659	2 2692	1	1
1 3072	2 2692	1	1
3 2853	2 2692	1	1
0 1939	2 2692	1	1
2 2350	2 2693	1	1
1 3453	2 2693	1	1
1 1228	2 2693	1	1
1 500	2 2693	1	1
3 4904	2 2693	1	1
0 4052	2 2693	1	1
0 1410	2 2694	1	1
0 3277	2 2694	1	1
0 2445	2 2694	1	1
0 771	2 2694	1	1
1 4672	2 2694	1	1
1 4116	2 2694	1	1
2 2979	2 2695	1	1
2 218	2 2695	1	1
0 3780	2 2695	1	1
0 1006	2 2695	1	1
0 122	2 2695	1	1
3 3244	2 2695	1	1
0 1928	2 2696	1	1
0 4003	2 2696	1	1
0 2943	2 2696	1	1
3 293	2 2696	1	1
3 3057	2 2696	1	1
3 2508	2 2696	1	1
2 2486	2 2697	1	1
0 720	2 2697	1	1
0 436	2 2697	1	1
1 442	2 2697	1	1
3 1181	2 2697	1	1
1 2720	2 2697	1	1
2 1213	2 2698	1	1
0 3105	2 2698	1	1
1 1874	2 2698	1	1
1 4478	2 2698	1	1
3 1870	2 2698	1	1
3 3972	2 2698	1	1
2 1058	2 2699	1	1
2 2555	2 2699	1	1
2 4260	2 2699	1	1
0 3424	2 2699	1	1
1 3414	2 2699	1	1
1 4856	2 2699	1	1
2 3167	2 2700	1	1
2 347	2 2700	1	1
0 2843	2 2700	1	1
1 3822	2 2700	1	1
1 1484	2 2700	1	1
1 753	2 2700	1	1
2 1412	2 2701	1	1
0 3635	2 2701	1	1
0 3939	2 2701	1	1
1 2006	2 2701	1	1
1 1058	2 2701	1	1
3 1805	2 2701	1	1
0 3065	2 2702	1	1
0 3466	2 2702	1	1
0 3420	2 2702	1	1
1 1751	2 2702	1	1
3 1195	2 2702	1	1
0 3203	2 2702	1	1
2 3390	2 2703	1	1
0 4395	2 2703	1	1
1 4461	2 2703	1	1
3 1800	2 2703	1	1
3 2450	2 2703	1	1
3 4535	2 2703	1	1
0 1664	2 2704	1	1
0 3030	2 2704	1	1
0 4651	2 2704	1	1
1 2641	2 2704	1	1
3 968	2 2704	1	1
3 3308	2 2704	1	1
2 2	2 2705	1	1
0 209	2 2705	1	1
1 2646	2 2705	1	1
1 2531	2 2705	1	1
3 4380	2 2705	1	1
0 3754	2 2705	1	1
2 2835	2 2706	1	1
0 331	2 2706	1	1
0 453	2 2706	1	1
0 1304	2 2706	1	1
0 2437	2 2706	1	1
3 37	2 2706	1	1
2 119	2 2707	1	1
2 2147	2 2707	1	1
2 3997	2 2707	1	1
0 592	2 2707	1	1
1 4144	2 2707	1	1
1 1017	2 2707	1	1
2 518	2 2708	1	1
0 4370	2 2708	1	1
1 3667	2 2708	1	1
1 2764	2 2708	1	1
3 2775	2 2708	1	1
3 2608	2 2708	1	1
2 1705	2 2709	1	1
2 4834	2 2709	1	1
1 466	2 2709	1	1
3 41	2 2709	1	1
3 911	2 2709	1	1
3 2957	2 2709	1	1
2 170	2 2710	1	1
2 448	2 2710	1	1
2 831	2 2710	1	1
3 3895	2 2710	1	1
3 293	2 2710	1	1
3 924	2 2710	1	1
0 1098	2 2711	1	1
0 4443	2 2711	1	1
0 595	2 2711	1	1
1 1490	2 2711	1	1
1 4769	2 2711	1	1
3 318	2 2711	1	1
2 3097	2 2712	1	1
2 3881	2 2712	1	1
2 2112	2 2712	1	1
0 3913	2 2712	1	1
1 3053	2 2712	1	1
3 3741	2 2712	1	1
2 2974	2 2713	1	1
0 2367	2 2713	1	1
0 1745	2 2713	1	1
1 2192	2 2713	1	1
3 1954	2 2713	1	1
3 3956	2 2713	1	1
2 614	2 2714	1	1
2 251	2 2714	1	1
0 729	2 2714	1	1
3 428	2 2714	1	1
0 3249	2 2714	1	1
3 4352	2 2714	1	1
2 3412	2 2715	1	1
2 2770	2 2715	1	1
0 706	2 2715	1	1
0 1039	2 2715	1	1
3 3278	2 2715	1	1
3 2126	2 2715	1	1
2 2198	2 2716	1	1
0 57	2 2716	1	1
1 4415	2 2716	1	1
1 165	2 2716	1	1
1 4448	2 2716	1	1
3 2820	2 2716	1	1
2 4195	2 2717	1	1
0 3887	2 2717	1	1
1 1695	2 2717	1	1
1 4880	2 2717	1	1
1 547	2 2717	1	1
1 2365	2 2717	1	1
2 4877	2 2718	1	1
0 60	2 2718	1	1
0 731	2 2718	1	1
0 2855	2 2718	1	1
1 3137	2 2718	1	1
3 1306	2 2718	1	1
0 1776	2 2719	1	1
0 3996	2 2719	1	1
3 1504	2 2719	1	1
3 4191	2 2719	1	1
3 66	2 2719	1	1
3 3730	2 2719	1	1
0 4178	2 2720	1	1
1 1930	2 2720	1	1
1 4165	2 2720	1	1
1 1749	2 2720	1	1
3 893	2 2720	1	1
3 895	2 2720	1	1
0 1954	2 2721	1	1
0 4132	2 2721	1	1
1 3585	2 2721	1	1
3 146	2 2721	1	1
3 2785	2 2721	1	1
0 6	2 2721	1	1
2 4300	2 2722	1	1
0 3761	2 2722	1	1
1 1587	2 2722	1	1
1 2167	2 2722	1	1
3 1660	2 2722	1	1
3 3495	2 2722	1	1
2 646	2 2723	1	1
0 2466	2 2723	1	1
1 2398	2 2723	1	1
3 2643	2 2723	1	1
3 2409	2 2723	1	1
3 1480	2 2723	1	1
2 4668	2 2724	1	1
0 190	2 2724	1	1
3 3357	2 2724	1	1
0 1388	2 2724	1	1
1 3484	2 2724	1	1
0 1963	2 2724	1	1
2 1835	2 2725	1	1
2 3637	2 2725	1	1
2 4612	2 2725	1	1
0 3737	2 2725	1	1
3 1284	2 2725	1	1
1 734	2 2725	1	1
2 2458	2 2726	1	1
2 1493	2 2726	1	1
2 2460	2 2726	1	1
3 2000	2 2726	1	1
1 1630	2 2726	1	1
1 4321	2 2726	1	1
0 2422	2 2727	1	1
0 3585	2 2727	1	1
0 762	2 2727	1	1
3 1932	2 2727	1	1
3 3954	2 2727	1	1
3 4426	2 2727	1	1
2 1209	2 2728	1	1
1 3446	2 2728	1	1
1 1308	2 2728	1	1
1 1331	2 2728	1	1
3 2152	2 2728	1	1
3 197	2 2728	1	1
2 2709	2 2729	1	1
2 2613	2 2729	1	1
0 35	2 2729	1	1
3 860	2 2729	1	1
3 1730	2 2729	1	1
3 1535	2 2729	1	1
2 3226	2 2730	1	1
0 4411	2 2730	1	1
1 3187	2 2730	1	1
3 550	2 2730	1	1
3 3038	2 2730	1	1
0 1058	2 2730	1	1
2 550	2 2731	1	1
2 1480	2 2731	1	1
0 451	2 2731	1	1
0 1946	2 2731	1	1
1 4947	2 2731	1	1
3 2588	2 2731	1	1
2 3188	2 2732	1	1
2 863	2 2732	1	1
2 4134	2 2732	1	1
2 934	2 2732	1	1
0 4050	2 2732	1	1
0 2110	2 2732	1	1
0 2998	2 2733	1	1
1 2133	2 2733	1	1
3 3989	2 2733	1	1
3 38	2 2733	1	1
3 2341	2 2733	1	1
0 1962	2 2733	1	1
2 2951	2 2734	1	1
2 4126	2 2734	1	1
1 346	2 2734	1	1
3 1420	2 2734	1	1
1 4196	2 2734	1	1
1 4477	2 2734	1	1
2 3247	2 2735	1	1
0 4533	2 2735	1	1
0 778	2 2735	1	1
1 1806	2 2735	1	1
3 3323	2 2735	1	1
3 862	2 2735	1	1
2 200	2 2736	1	1
2 228	2 2736	1	1
2 38	2 2736	1	1
0 2439	2 2736	1	1
3 2042	2 2736	1	1
1 4753	2 2736	1	1
2 1413	2 2737	1	1
0 4151	2 2737	1	1
1 1237	2 2737	1	1
1 3321	2 2737	1	1
3 497	2 2737	1	1
3 14	2 2737	1	1
0 1876	2 2738	1	1
0 2638	2 2738	1	1
1 3677	2 2738	1	1
1 4659	2 2738	1	1
3 2018	2 2738	1	1
3 2492	2 2738	1	1
2 162	2 2739	1	1
0 2088	2 2739	1	1
1 4278	2 2739	1	1
1 3806	2 2739	1	1
1 1511	2 2739	1	1
3 675	2 2739	1	1
0 1108	2 2740	1	1
0 416	2 2740	1	1
0 668	2 2740	1	1
0 2131	2 2740	1	1
1 553	2 2740	1	1
1 1853	2 2740	1	1
2 639	2 2741	1	1
2 2552	2 2741	1	1
1 530	2 2741	1	1
1 1949	2 2741	1	1
1 4047	2 2741	1	1
3 3493	2 2741	1	1
0 2192	2 2742	1	1
1 3299	2 2742	1	1
1 2379	2 2742	1	1
1 4706	2 2742	1	1
1 1674	2 2742	1	1
3 429	2 2742	1	1
2 2711	2 2743	1	1
0 4228	2 2743	1	1
0 3481	2 2743	1	1
1 2848	2 2743	1	1
1 3411	2 2743	1	1
3 3816	2 2743	1	1
0 3170	2 2744	1	1
1 3344	2 2744	1	1
1 2425	2 2744	1	1
1 295	2 2744	1	1
3 2306	2 2744	1	1
0 4976	2 2744	1	1
2 4056	2 2745	1	1
0 4499	2 2745	1	1
1 2747	2 2745	1	1
1 273	2 2745	1	1
3 1186	2 2745	1	1
3 3044	2 2745	1	1
2 4691	2 2746	1	1
2 4760	2 2746	1	1
0 249	2 2746	1	1
1 211	2 2746	1	1
3 1196	2 2746	1	1
1 3606	2 2746	1	1
2 1159	2 2747	1	1
2 2909	2 2747	1	1
2 3377	2 2747	1	1
0 3268	2 2747	1	1
1 3974	2 2747	1	1
3 801	2 2747	1	1
2 3326	2 2748	1	1
2 1981	2 2748	1	1
0 1661	2 2748	1	1
1 2463	2 2748	1	1
3 4981	2 2748	1	1
3 2870	2 2748	1	1
2 723	2 2749	1	1
2 614	2 2749	1	1
1 482	2 2749	1	1
3 4428	2 2749	1	1
3 2635	2 2749	1	1
3 1993	2 2749	1	1
0 4853	2 2750	1	1
1 2933	2 2750	1	1
3 2324	2 2750	1	1
3 3283	2 2750	1	1
3 2111	2 2750	1	1
0 3833	2 2750	1	1
2 3144	2 2751	1	1
0 4035	2 2751	1	1
1 4936	2 2751	1	1
1 4682	2 2751	1	1
3 61	2 2751	1	1
0 2034	2 2751	1	1
2 3210	2 2752	1	1
1 1311	2 2752	1	1
1 2989	2 2752	1	1
3 3868	2 2752	1	1
3 682	2 2752	1	1
0 2442	2 2752	1	1
2 2735	2 2753	1	1
1 2580	2 2753	1	1
1 1814	2 2753	1	1
3 575	2 2753	1	1
3 828	2 2753	1	1
3 1039	2 2753	1	1
0 3009	2 2754	1	1
0 1497	2 2754	1	1
0 2920	2 2754	1	1
0 1367	2 2754	1	1
1 994	2 2754	1	1
0 3930	2 2754	1	1
2 1035	2 2755	1	1
0 3881	2 2755	1	1
0 3044	2 2755	1	1
0 2151	2 2755	1	1
3 1046	2 2755	1	1
3 884	2 2755	1	1
2 3328	2 2756	1	1
2 2741	2 2756	1	1
0 1988	2 2756	1	1
1 2897	2 2756	1	1
3 4884	2 2756	1	1
3 29	2 2756	1	1
2 1212	2 2757	1	1
2 428	2 2757	1	1
2 1099	2 2757	1	1
0 2825	2 2757	1	1
1 2196	2 2757	1	1
1 4440	2 2757	1	1
2 4498	2 2758	1	1
0 51	2 2758	1	1
3 2208	2 2758	1	1
3 2793	2 2758	1	1
1 4126	2 2758	1	1
3 1600	2 2758	1	1
0 1705	2 2759	1	1
1 4353	2 2759	1	1
1 4620	2 2759	1	1
3 4907	2 2759	1	1
1 1898	2 2759	1	1
3 2663	2 2759	1	1
0 3502	2 2760	1	1
1 202	2 2760	1	1
1 2002	2 2760	1	1
3 3908	2 2760	1	1
3 2738	2 2760	1	1
3 786	2 2760	1	1
2 1280	2 2761	1	1
2 2260	2 2761	1	1
0 2250	2 2761	1	1
0 1218	2 2761	1	1
1 582	2 2761	1	1
3 607	2 2761	1	1
2 3973	2 2762	1	1
0 59	2 2762	1	1
1 1852	2 2762	1	1
1 169	2 2762	1	1
1 457	2 2762	1	1
1 1377	2 2762	1	1
2 4690	2 2763	1	1
2 2485	2 2763	1	1
0 3456	2 2763	1	1
0 30	2 2763	1	1
0 2065	2 2763	1	1
1 756	2 2763	1	1
2 4158	2 2764	1	1
0 4078	2 2764	1	1
1 4684	2 2764	1	1
3 240	2 2764	1	1
3 2612	2 2764	1	1
1 4626	2 2764	1	1
2 2108	2 2765	1	1
0 1370	2 2765	1	1
0 3986	2 2765	1	1
0 3908	2 2765	1	1
0 4293	2 2765	1	1
3 1113	2 2765	1	1
0 2501	2 2766	1	1
0 1417	2 2766	1	1
1 4669	2 2766	1	1
3 4889	2 2766	1	1
3 2871	2 2766	1	1
3 4234	2 2766	1	1
0 967	2 2767	1	1
0 386	2 2767	1	1
3 3724	2 2767	1	1
3 3557	2 2767	1	1
3 174	2 2767	1	1
3 1828	2 2767	1	1
0 2114	2 2768	1	1
0 1495	2 2768	1	1
1 2221	2 2768	1	1
1 2055	2 2768	1	1
1 4679	2 2768	1	1
3 1457	2 2768	1	1
2 1121	2 2769	1	1
2 4880	2 2769	1	1
0 4135	2 2769	1	1
0 816	2 2769	1	1
1 1410	2 2769	1	1
0 2410	2 2769	1	1
2 621	2 2770	1	1
2 3736	2 2770	1	1
1 4407	2 2770	1	1
3 4117	2 2770	1	1
1 2466	2 2770	1	1
1 2369	2 2770	1	1
2 140	2 2771	1	1
2 3969	2 2771	1	1
2 4288	2 2771	1	1
0 433	2 2771	1	1
1 106	2 2771	1	1
3 1900	2 2771	1	1
2 721	2 2772	1	1
2 1996	2 2772	1	1
2 2630	2 2772	1	1
0 4523	2 2772	1	1
1 1077	2 2772	1	1
1 4453	2 2772	1	1
2 1512	2 2773	1	1
2 3726	2 2773	1	1
1 3952	2 2773	1	1
1 1740	2 2773	1	1
3 1094	2 2773	1	1
1 4522	2 2773	1	1
2 4837	2 2774	1	1
0 2309	2 2774	1	1
0 1597	2 2774	1	1
1 2098	2 2774	1	1
3 3731	2 2774	1	1
1 975	2 2774	1	1
2 2693	2 2775	1	1
0 2597	2 2775	1	1
0 1806	2 2775	1	1
0 912	2 2775	1	1
3 1139	2 2775	1	1
3 3958	2 2775	1	1
2 1618	2 2776	1	1
0 1614	2 2776	1	1
0 1406	2 2776	1	1
0 3925	2 2776	1	1
3 3376	2 2776	1	1
3 2451	2 2776	1	1
0 694	2 2777	1	1
0 4112	2 2777	1	1
1 2605	2 2777	1	1
1 871	2 2777	1	1
3 907	2 2777	1	1
3 864	2 2777	1	1
2 623	2 2778	1	1
2 4677	2 2778	1	1
0 2284	2 2778	1	1
0 2371	2 2778	1	1
3 2134	2 2778	1	1
1 1582	2 2778	1	1
2 2949	2 2779	1	1
1 2935	2 2779	1	1
1 3066	2 2779	1	1
1 4595	2 2779	1	1
1 402	2 2779	1	1
0 1317	2 2779	1	1
2 4702	2 2780	1	1
2 1798	2 2780	1	1
0 1592	2 2780	1	1
1 4216	2 2780	1	1
1 315	2 2780	1	1
1 107	2 2780	1	1
0 1147	2 2781	1	1
1 4658	2 2781	1	1
3 1191	2 2781	1	1
3 4416	2 2781	1	1
0 4421	2 2781	1	1
3 112	2 2781	1	1
2 4268	2 2782	1	1
2 325	2 2782	1	1
2 3004	2 2782	1	1
2 4100	2 2782	1	1
0 232	2 2782	1	1
1 3833	2 2782	1	1
2 643	2 2783	1	1
0 629	2 2783	1	1
0 157	2 2783	1	1
3 3073	2 2783	1	1
3 1165	2 2783	1	1
3 3104	2 2783	1	1
1 3288	2 2784	1	1
1 4584	2 2784	1	1
1 3022	2 2784	1	1
1 4164	2 2784	1	1
1 3517	2 2784	1	1
3 2467	2 2784	1	1
0 1743	2 2785	1	1
1 3847	2 2785	1	1
1 1657	2 2785	1	1
3 867	2 2785	1	1
3 3518	2 2785	1	1
3 2190	2 2785	1	1
2 1564	2 2786	1	1
2 1077	2 2786	1	1
0 4197	2 2786	1	1
3 2843	2 2786	1	1
3 234	2 2786	1	1
1 4726	2 2786	1	1
2 3974	2 2787	1	1
2 3869	2 2787	1	1
2 732	2 2787	1	1
2 1971	2 2787	1	1
1 3222	2 2787	1	1
3 2648	2 2787	1	1
0 4196	2 2788	1	1
0 962	2 2788	1	1
0 2178	2 2788	1	1
1 1946	2 2788	1	1
1 3355	2 2788	1	1
3 1136	2 2788	1	1
2 122	2 2789	1	1
2 4131	2 2789	1	1
2 1120	2 2789	1	1
0 3944	2 2789	1	1
1 3887	2 2789	1	1
3 4575	2 2789	1	1
2 2547	2 2790	1	1
2 250	2 2790	1	1
0 1600	2 2790	1	1
1 2103	2 2790	1	1
3 4755	2 2790	1	1
3 1636	2 2790	1	1
0 409	2 2791	1	1
3 4577	2 2791	1	1
3 3667	2 2791	1	1
0 963	2 2791	1	1
1 1314	2 2791	1	1
3 2791	2 2791	1	1
2 3486	2 2792	1	1
0 3987	2 2792	1	1
1 2644	2 2792	1	1
3 3340	2 2792	1	1
3 2487	2 2792	1	1
1 1537	2 2792	1	1
2 3193	2 2793	1	1
2 2955	2 2793	1	1
0 524	2 2793	1	1
1 3136	2 2793	1	1
3 3969	2 2793	1	1
1 4380	2 2793	1	1
2 1593	2 2794	1	1
2 3439	2 2794	1	1
2 2093	2 2794	1	1
2 1326	2 2794	1	1
3 218	2 2794	1	1
3 4287	2 2794	1	1
0 4106	2 2795	1	1
1 2765	2 2795	1	1
1 4378	2 2795	1	1
1 3857	2 2795	1	1
1 2498	2 2795	1	1
3 225	2 2795	1	1
2 1676	2 2796	1	1
2 818	2 2796	1	1
2 2192	2 2796	1	1
1 1208	2 2796	1	1
3 4924	2 2796	1	1
0 168	2 2796	1	1
2 2174	2 2797	1	1
2 4805	2 2797	1	1
0 3367	2 2797	1	1
0 1436	2 2797	1	1
1 223	2 2797	1	1
3 445	2 2797	1	1
2 962	2 2798	1	1
2 789	2 2798	1	1
0 4084	2 2798	1	1
0 1830	2 2798	1	1
0 2663	2 2798	1	1
1 2958	2 2798	1	1
2 3879	2 2799	1	1
0 1170	2 2799	1	1
1 1739	2 2799	1	1
1 474	2 2799	1	1
1 3028	2 2799	1	1
1 1878	2 2799	1	1
2 876	2 2800	1	1
1 1896	2 2800	1	1
1 4597	2 2800	1	1
3 2543	2 2800	1	1
3 3333	2 2800	1	1
3 1641	2 2800	1	1
2 4688	2 2801	1	1
2 4917	2 2801	1	1
2 2877	2 2801	1	1
3 2923	2 2801	1	1
3 2579	2 2801	1	1
1 3004	2 2801	1	1
2 679	2 2802	1	1
2 695	2 2802	1	1
2 3581	2 2802	1	1
2 4322	2 2802	1	1
2 1310	2 2802	1	1
1 421	2 2802	1	1
2 4851	2 2803	1	1
2 2109	2 2803	1	1
0 2233	2 2803	1	1
1 3792	2 2803	1	1
1 2540	2 2803	1	1
1 1744	2 2803	1	1
2 4852	2 2804	1	1
0 4668	2 2804	1	1
1 1553	2 2804	1	1
3 4816	2 2804	1	1
0 4123	2 2804	1	1
3 4529	2 2804	1	1
2 1412	2 2805	1	1
2 2874	2 2805	1	1
2 1139	2 2805	1	1
2 2384	2 2805	1	1
1 2117	2 2805	1	1
3 956	2 2805	1	1
2 698	2 2806	1	1
2 371	2 2806	1	1
2 4597	2 2806	1	1
0 4437	2 2806	1	1
0 3084	2 2806	1	1
0 1704	2 2806	1	1
0 2870	2 2807	1	1
1 883	2 2807	1	1
3 4971	2 2807	1	1
3 3151	2 2807	1	1
0 387	2 2807	1	1
0 3108	2 2807	1	1
2 4884	2 2808	1	1
0 801	2 2808	1	1
0 612	2 2808	1	1
3 689	2 2808	1	1
3 3121	2 2808	1	1
1 3865	2 2808	1	1
2 2277	2 2809	1	1
2 4242	2 2809	1	1
2 1095	2 2809	1	1
2 918	2 2809	1	1
2 2874	2 2809	1	1
0 4550	2 2809	1	1
2 4358	2 2810	1	1
2 1258	2 2810	1	1
2 919	2 2810	1	1
1 3538	2 2810	1	1
1 384	2 2810	1	1
3 813	2 2810	1	1
2 1111	2 2811	1	1
1 3873	2 2811	1	1
1 4363	2 2811	1	1
3 4766	2 2811	1	1
3 2181	2 2811	1	1
3 1757	2 2811	1	1
2 701	2 2812	1	1
0 2408	2 2812	1	1
0 496	2 2812	1	1
1 2555	2 2812	1	1
3 2902	2 2812	1	1
3 3120	2 2812	1	1
0 4435	2 2813	1	1
1 1964	2 2813	1	1
1 3868	2 2813	1	1
1 3945	2 2813	1	1
3 2279	2 2813	1	1
3 2311	2 2813	1	1
2 4426	2 2814	1	1
2 3389	2 2814	1	1
2 3818	2 2814	1	1
2 3110	2 2814	1	1
1 2942	2 2814	1	1
1 4195	2 2814	1	1
0 3156	2 2815	1	1
0 4699	2 2815	1	1
0 3548	2 2815	1	1
1 2421	2 2815	1	1
3 3330	2 2815	1	1
0 3755	2 2815	1	1
2 1912	2 2816	1	1
2 4946	2 2816	1	1
2 3943	2 2816	1	1
1 2110	2 2816	1	1
3 63	2 2816	1	1
3 1769	2 2816	1	1
2 3081	2 2817	1	1
2 704	2 2817	1	1
2 4348	2 2817	1	1
0 742	2 2817	1	1
3 39	2 2817	1	1
3 1115	2 2817	1	1
1 466	2 2818	1	1
1 4438	2 2818	1	1
1 2758	2 2818	1	1
3 4274	2 2818	1	1
3 4644	2 2818	1	1
3 2673	2 2818	1	1
2 4818	2 2819	1	1
3 4394	2 2819	1	1
3 4414	2 2819	1	1
1 459	2 2819	1	1
3 3405	2 2819	1	1
1 2262	2 2819	1	1
2 3778	2 2820	1	1
2 4593	2 2820	1	1
2 4949	2 2820	1	1
1 306	2 2820	1	1
3 256	2 2820	1	1
3 2133	2 2820	1	1
2 1738	2 2821	1	1
2 879	2 2821	1	1
2 3342	2 2821	1	1
0 2459	2 2821	1	1
0 711	2 2821	1	1
1 4063	2 2821	1	1
2 3795	2 2822	1	1
2 4184	2 2822	1	1
0 3643	2 2822	1	1
1 4304	2 2822	1	1
1 4424	2 2822	1	1
3 3933	2 2822	1	1
2 1686	2 2823	1	1
2 1654	2 2823	1	1
2 3400	2 2823	1	1
0 4945	2 2823	1	1
1 3945	2 2823	1	1
3 4359	2 2823	1	1
2 629	2 2824	1	1
2 4245	2 2824	1	1
0 4800	2 2824	1	1
1 967	2 2824	1	1
3 4020	2 2824	1	1
3 450	2 2824	1	1
2 2016	2 2825	1	1
0 2174	2 2825	1	1
1 1599	2 2825	1	1
3 2969	2 2825	1	1
3 4	2 2825	1	1
0 4482	2 2825	1	1
2 405	2 2826	1	1
2 3026	2 2826	1	1
0 535	2 2826	1	1
1 4062	2 2826	1	1
1 3686	2 2826	1	1
0 2147	2 2826	1	1
2 2577	2 2827	1	1
2 1668	2 2827	1	1
2 2399	2 2827	1	1
2 2528	2 2827	1	1
1 4912	2 2827	1	1
3 4098	2 2827	1	1
2 2412	2 2828	1	1
2 1046	2 2828	1	1
3 4127	2 2828	1	1
3 2334	2 2828	1	1
0 1512	2 2828	1	1
1 1827	2 2828	1	1
2 4391	2 2829	1	1
2 1222	2 2829	1	1
1 3715	2 2829	1	1
3 4715	2 2829	1	1
3 938	2 2829	1	1
3 3181	2 2829	1	1
2 4576	2 2830	1	1
1 1054	2 2830	1	1
1 3415	2 2830	1	1
3 4081	2 2830	1	1
0 863	2 2830	1	1
3 2048	2 2830	1	1
2 4807	2 2831	1	1
2 2708	2 2831	1	1
0 4448	2 2831	1	1
0 4429	2 2831	1	1
1 2093	2 2831	1	1
3 2537	2 2831	1	1
2 4750	2 2832	1	1
2 3272	2 2832	1	1
2 3368	2 2832	1	1
2 2696	2 2832	1	1
2 290	2 2832	1	1
0 868	2 2832	1	1
2 1785	2 2833	1	1
2 3047	2 2833	1	1
0 3508	2 2833	1	1
0 4973	2 2833	1	1
0 511	2 2833	1	1
3 3803	2 2833	1	1
2 292	2 2834	1	1
2 2218	2 2834	1	1
1 1940	2 2834	1	1
1 3647	2 2834	1	1
3 4813	2 2834	1	1
3 1616	2 2834	1	1
2 4125	2 2835	1	1
2 640	2 2835	1	1
2 2162	2 2835	1	1
2 4166	2 2835	1	1
0 4262	2 2835	1	1
1 3155	2 2835	1	1
2 594	2 2836	1	1
0 4322	2 2836	1	1
1 3909	2 2836	1	1
1 4719	2 2836	1	1
1 3011	2 2836	1	1
3 3267	2 2836	1	1
2 4563	2 2837	1	1
2 256	2 2837	1	1
1 4690	2 2837	1	1
1 3435	2 2837	1	1
3 3725	2 2837	1	1
3 382	2 2837	1	1
2 2191	2 2838	1	1
2 3954	2 2838	1	1
0 1459	2 2838	1	1
0 325	2 2838	1	1
1 3574	2 2838	1	1
0 4452	2 2838	1	1
0 95	2 2839	1	1
0 3095	2 2839	1	1
1 4998	2 2839	1	1
1 2741	2 2839	1	1
1 4466	2 2839	1	1
3 4586	2 2839	1	1
2 832	2 2840	1	1
2 3384	2 2840	1	1
2 3011	2 2840	1	1
2 892	2 2840	1	1
2 3121	2 2840	1	1
3 3142	2 2840	1	1
0 2860	2 2841	1	1
1 4301	2 2841	1	1
1 2734	2 2841	1	1
3 2785	2 2841	1	1
3 616	2 2841	1	1
1 3790	2 2841	1	1
2 83	2 2842	1	1
2 3247	2 2842	1	1
2 1365	2 2842	1	1
0 4343	2 2842	1	1
1 4497	2 2842	1	1
3 4182	2 2842	1	1
2 632	2 2843	1	1
0 375	2 2843	1	1
0 4479	2 2843	1	1
1 239	2 2843	1	1
0 1167	2 2843	1	1
3 4249	2 2843	1	1
2 1172	2 2844	1	1
0 183	2 2844	1	1
0 473	2 2844	1	1
1 4504	2 2844	1	1
3 4005	2 2844	1	1
3 4845	2 2844	1	1
2 3184	2 2845	1	1
2 1643	2 2845	1	1
0 281	2 2845	1	1
0 3184	2 2845	1	1
0 3781	2 2845	1	1
3 4978	2 2845	1	1
2 3477	2 2846	1	1
2 2371	2 2846	1	1
0 3411	2 2846	1	1
1 228	2 2846	1	1
1 700	2 2846	1	1
3 3165	2 2846	1	1
2 1621	2 2847	1	1
2 2702	2 2847	1	1
0 1974	2 2847	1	1
1 4902	2 2847	1	1
3 1240	2 2847	1	1
3 2242	2 2847	1	1
2 2648	2 2848	1	1
0 2362	2 2848	1	1
0 3614	2 2848	1	1
1 942	2 2848	1	1
3 3785	2 2848	1	1
1 2680	2 2848	1	1
2 2839	2 2849	1	1
0 4676	2 2849	1	1
1 3129	2 2849	1	1
1 535	2 2849	1	1
1 1309	2 2849	1	1
3 3458	2 2849	1	1
2 1914	2 2850	1	1
0 3349	2 2850	1	1
1 537	2 2850	1	1
3 4956	2 2850	1	1
3 1911	2 2850	1	1
3 4882	2 2850	1	1
2 2407	2 2851	1	1
2 845	2 2851	1	1
2 1867	2 2851	1	1
0 4979	2 2851	1	1
0 4933	2 2851	1	1
1 113	2 2851	1	1
2 968	2 2852	1	1
0 3079	2 2852	1	1
0 2150	2 2852	1	1
1 961	2 2852	1	1
3 120	2 2852	1	1
3 2461	2 2852	1	1
2 1146	2 2853	1	1
0 3619	2 2853	1	1
0 3892	2 2853	1	1
3 4076	2 2853	1	1
0 4238	2 2853	1	1
1 680	2 2853	1	1
2 1921	2 2854	1	1
2 2904	2 2854	1	1
2 2244	2 2854	1	1
0 2083	2 2854	1	1
1 1066	2 2854	1	1
3 421	2 2854	1	1
0 42	2 2855	1	1
0 176	2 2855	1	1
0 1867	2 2855	1	1
1 1345	2 2855	1	1
3 1744	2 2855	1	1
0 4163	2 2855	1	1
2 111	2 2856	1	1
2 465	2 2856	1	1
2 18	2 2856	1	1
3 1391	2 2856	1	1
3 1901	2 2856	1	1
1 4644	2 2856	1	1
0 4851	2 2857	1	1
3 1768	2 2857	1	1
3 2761	2 2857	1	1
3 3172	2 2857	1	1
3 570	2 2857	1	1
1 236	2 2857	1	1
2 1328	2 2858	1	1
2 4051	2 2858	1	1
0 4259	2 2858	1	1
1 239	2 2858	1	1
1 4752	2 2858	1	1
3 1131	2 2858	1	1
0 3590	2 2859	1	1
1 1842	2 2859	1	1
1 1116	2 2859	1	1
1 4516	2 2859	1	1
1 631	2 2859	1	1
1 2114	2 2859	1	1
2 4941	2 2860	1	1
1 101	2 2860	1	1
3 3115	2 2860	1	1
3 4254	2 2860	1	1
0 2215	2 2860	1	1
0 4353	2 2860	1	1
2 1032	2 2861	1	1
0 1635	2 2861	1	1
0 4688	2 2861	1	1
3 1308	2 2861	1	1
3 757	2 2861	1	1
3 4673	2 2861	1	1
2 944	2 2862	1	1
0 1083	2 2862	1	1
0 3909	2 2862	1	1
3 1057	2 2862	1	1
3 3866	2 2862	1	1
0 977	2 2862	1	1
2 2315	2 2863	1	1
2 2641	2 2863	1	1
1 3684	2 2863	1	1
3 4495	2 2863	1	1
3 1446	2 2863	1	1
3 1758	2 2863	1	1
2 3033	2 2864	1	1
2 4559	2 2864	1	1
2 421	2 2864	1	1
2 4661	2 2864	1	1
1 4363	2 2864	1	1
3 2961	2 2864	1	1
2 4382	2 2865	1	1
0 1618	2 2865	1	1
0 1610	2 2865	1	1
1 1919	2 2865	1	1
1 43	2 2865	1	1
3 258	2 2865	1	1
2 575	2 2866	1	1
2 4809	2 2866	1	1
1 1886	2 2866	1	1
3 1151	2 2866	1	1
0 405	2 2866	1	1
3 3597	2 2866	1	1
2 1909	2 2867	1	1
0 1288	2 2867	1	1
0 1726	2 2867	1	1
3 144	2 2867	1	1
3 4439	2 2867	1	1
3 2135	2 2867	1	1
2 2301	2 2868	1	1
2 1933	2 2868	1	1
2 4308	2 2868	1	1
0 2945	2 2868	1	1
0 2578	2 2868	1	1
0 4709	2 2868	1	1
2 2523	2 2869	1	1
2 135	2 2869	1	1
2 4811	2 2869	1	1
2 3267	2 2869	1	1
1 235	2 2869	1	1
3 757	2 2869	1	1
1 2544	2 2870	1	1
1 968	2 2870	1	1
3 1330	2 2870	1	1
3 3354	2 2870	1	1
3 4046	2 2870	1	1
0 4480	2 2870	1	1
2 1082	2 2871	1	1
0 3776	2 2871	1	1
1 4418	2 2871	1	1
3 2808	2 2871	1	1
3 1586	2 2871	1	1
3 80	2 2871	1	1
2 2547	2 2872	1	1
2 970	2 2872	1	1
0 4708	2 2872	1	1
1 3913	2 2872	1	1
1 2400	2 2872	1	1
0 262	2 2872	1	1
2 4520	2 2873	1	1
2 2795	2 2873	1	1
2 3611	2 2873	1	1
2 3516	2 2873	1	1
1 13	2 2873	1	1
3 1599	2 2873	1	1
2 1788	2 2874	1	1
0 1608	2 2874	1	1
1 4396	2 2874	1	1
3 510	2 2874	1	1
0 1430	2 2874	1	1
1 2337	2 2874	1	1
2 4224	2 2875	1	1
2 3543	2 2875	1	1
0 1332	2 2875	1	1
1 598	2 2875	1	1
1 758	2 2875	1	1
1 2552	2 2875	1	1
0 282	2 2876	1	1
1 359	2 2876	1	1
3 2851	2 2876	1	1
3 4421	2 2876	1	1
3 3101	2 2876	1	1
1 1749	2 2876	1	1
2 1377	2 2877	1	1
0 4308	2 2877	1	1
0 3191	2 2877	1	1
3 4739	2 2877	1	1
3 955	2 2877	1	1
1 2324	2 2877	1	1
2 1241	2 2878	1	1
2 2924	2 2878	1	1
0 3698	2 2878	1	1
1 3915	2 2878	1	1
1 2845	2 2878	1	1
3 4157	2 2878	1	1
2 3087	2 2879	1	1
2 2475	2 2879	1	1
0 70	2 2879	1	1
0 1258	2 2879	1	1
1 4641	2 2879	1	1
1 4851	2 2879	1	1
2 3797	2 2880	1	1
2 3379	2 2880	1	1
2 1791	2 2880	1	1
0 1612	2 2880	1	1
3 1015	2 2880	1	1
3 3514	2 2880	1	1
0 3232	2 2881	1	1
0 3467	2 2881	1	1
1 3554	2 2881	1	1
1 456	2 2881	1	1
3 3771	2 2881	1	1
0 2019	2 2881	1	1
0 465	2 2882	1	1
0 2485	2 2882	1	1
1 2597	2 2882	1	1
0 3735	2 2882	1	1
1 1310	2 2882	1	1
1 2098	2 2882	1	1
2 4282	2 2883	1	1
2 4511	2 2883	1	1
0 4002	2 2883	1	1
0 1487	2 2883	1	1
3 537	2 2883	1	1
1 4026	2 2883	1	1
2 1023	2 2884	1	1
2 3014	2 2884	1	1
0 902	2 2884	1	1
1 3535	2 2884	1	1
0 2876	2 2884	1	1
0 4510	2 2884	1	1
1 1443	2 2885	1	1
1 1517	2 2885	1	1
1 3378	2 2885	1	1
1 3733	2 2885	1	1
0 335	2 2885	1	1
0 2593	2 2885	1	1
2 4179	2 2886	1	1
2 4071	2 2886	1	1
0 1922	2 2886	1	1
1 1169	2 2886	1	1
1 2748	2 2886	1	1
3 342	2 2886	1	1
2 2	2 2887	1	1
0 435	2 2887	1	1
1 749	2 2887	1	1
3 4507	2 2887	1	1
0 2044	2 2887	1	1
1 4022	2 2887	1	1
0 1249	2 2888	1	1
1 111	2 2888	1	1
1 2489	2 2888	1	1
1 2902	2 2888	1	1
3 2949	2 2888	1	1
3 1967	2 2888	1	1
2 2779	2 2889	1	1
2 3990	2 2889	1	1
2 4775	2 2889	1	1
1 2464	2 2889	1	1
1 2424	2 2889	1	1
3 2512	2 2889	1	1
0 2736	2 2890	1	1
0 3425	2 2890	1	1
1 4050	2 2890	1	1
3 3201	2 2890	1	1
3 1849	2 2890	1	1
3 2115	2 2890	1	1
2 2419	2 2891	1	1
2 414	2 2891	1	1
2 1231	2 2891	1	1
1 4341	2 2891	1	1
3 1610	2 2891	1	1
1 2704	2 2891	1	1
2 2766	2 2892	1	1
0 3655	2 2892	1	1
0 4433	2 2892	1	1
1 73	2 2892	1	1
3 2574	2 2892	1	1
1 773	2 2892	1	1
2 4342	2 2893	1	1
0 741	2 2893	1	1
1 2848	2 2893	1	1
3 3048	2 2893	1	1
1 3130	2 2893	1	1
3 3197	2 2893	1	1
0 4789	2 2894	1	1
1 3802	2 2894	1	1
1 2959	2 2894	1	1
1 2128	2 2894	1	1
1 3421	2 2894	1	1
0 1264	2 2894	1	1
2 3631	2 2895	1	1
2 1595	2 2895	1	1
0 1859	2 2895	1	1
1 3603	2 2895	1	1
1 1796	2 2895	1	1
3 1361	2 2895	1	1
2 4100	2 2896	1	1
2 1361	2 2896	1	1
2 4854	2 2896	1	1
0 2574	2 2896	1	1
1 896	2 2896	1	1
1 3662	2 2896	1	1
0 3923	2 2897	1	1
0 1471	2 2897	1	1
0 2405	2 2897	1	1
0 2804	2 2897	1	1
3 4749	2 2897	1	1
1 1395	2 2897	1	1
0 3636	2 2898	1	1
0 733	2 2898	1	1
1 4956	2 2898	1	1
3 1372	2 2898	1	1
3 3246	2 2898	1	1
3 2869	2 2898	1	1
2 1318	2 2899	1	1
2 1701	2 2899	1	1
2 1723	2 2899	1	1
2 3617	2 2899	1	1
1 2867	2 2899	1	1
3 1842	2 2899	1	1
0 1120	2 2900	1	1
1 1389	2 2900	1	1
3 2946	2 2900	1	1
3 2357	2 2900	1	1
0 2937	2 2900	1	1
1 2355	2 2900	1	1
2 235	2 2901	1	1
0 3222	2 2901	1	1
0 4205	2 2901	1	1
1 4006	2 2901	1	1
1 3658	2 2901	1	1
3 4000	2 2901	1	1
0 481	2 2902	1	1
1 3110	2 2902	1	1
1 22	2 2902	1	1
1 4312	2 2902	1	1
3 3177	2 2902	1	1
0 893	2 2902	1	1
0 4557	2 2903	1	1
0 2209	2 2903	1	1
1 3201	2 2903	1	1
3 4124	2 2903	1	1
0 1649	2 2903	1	1
1 2239	2 2903	1	1
2 4512	2 2904	1	1
0 106	2 2904	1	1
0 4172	2 2904	1	1
1 3282	2 2904	1	1
1 4368	2 2904	1	1
1 3272	2 2904	1	1
2 3784	2 2905	1	1
0 77	2 2905	1	1
1 3711	2 2905	1	1
1 3854	2 2905	1	1
3 596	2 2905	1	1
3 118	2 2905	1	1
2 2733	2 2906	1	1
2 2488	2 2906	1	1
0 236	2 2906	1	1
0 3861	2 2906	1	1
1 2361	2 2906	1	1
1 1400	2 2906	1	1
2 1550	2 2907	1	1
0 364	2 2907	1	1
0 4909	2 2907	1	1
1 2800	2 2907	1	1
3 3143	2 2907	1	1
3 4315	2 2907	1	1
2 321	2 2908	1	1
0 1395	2 2908	1	1
1 2418	2 2908	1	1
3 4560	2 2908	1	1
0 950	2 2908	1	1
1 2529	2 2908	1	1
0 2142	2 2909	1	1
0 2039	2 2909	1	1
0 4190	2 2909	1	1
1 2266	2 2909	1	1
3 2349	2 2909	1	1
0 2614	2 2909	1	1
2 2596	2 2910	1	1
0 3721	2 2910	1	1
0 4772	2 2910	1	1
1 4803	2 2910	1	1
3 1536	2 2910	1	1
3 1771	2 2910	1	1
2 3262	2 2911	1	1
0 3871	2 2911	1	1
0 2043	2 2911	1	1
3 3243	2 2911	1	1
3 2630	2 2911	1	1
3 1587	2 2911	1	1
0 2463	2 2912	1	1
0 1300	2 2912	1	1
1 411	2 2912	1	1
1 3458	2 2912	1	1
3 4725	2 2912	1	1
3 1457	2 2912	1	1
2 1454	2 2913	1	1
2 4572	2 2913	1	1
1 1701	2 2913	1	1
1 4249	2 2913	1	1
3 3398	2 2913	1	1
3 1515	2 2913	1	1
2 4999	2 2914	1	1
2 1366	2 2914	1	1
2 2816	2 2914	1	1
0 341	2 2914	1	1
1 214	2 2914	1	1
1 3901	2 2914	1	1
2 2823	2 2915	1	1
0 921	2 2915	1	1
1 2418	2 2915	1	1
1 1648	2 2915	1	1
3 2636	2 2915	1	1
3 2598	2 2915	1	1
2 1596	2 2916	1	1
2 1982	2 2916	1	1
0 3363	2 2916	1	1
3 4129	2 2916	1	1
3 1994	2 2916	1	1
0 2066	2 2916	1	1
2 4136	2 2917	1	1
2 3260	2 2917	1	1
0 2812	2 2917	1	1
0 4141	2 2917	1	1
3 3495	2 2917	1	1
3 315	2 2917	1	1
0 377	2 2918	1	1
0 4505	2 2918	1	1
0 911	2 2918	1	1
1 3068	2 2918	1	1
3 1789	2 2918	1	1
1 3572	2 2918	1	1
2 1848	2 2919	1	1
1 3700	2 2919	1	1
1 4549	2 2919	1	1
3 3118	2 2919	1	1
3 2527	2 2919	1	1
3 233	2 2919	1	1
2 3861	2 2920	1	1
2 2270	2 2920	1	1
0 2898	2 2920	1	1
1 110	2 2920	1	1
3 1282	2 2920	1	1
3 4416	2 2920	1	1
2 501	2 2921	1	1
0 1800	2 2921	1	1
0 1733	2 2921	1	1
1 475	2 2921	1	1
1 3165	2 2921	1	1
3 12	2 2921	1	1
2 2012	2 2922	1	1
0 1078	2 2922	1	1
1 3130	2 2922	1	1
3 837	2 2922	1	1
3 4362	2 2922	1	1
1 2271	2 2922	1	1
2 78	2 2923	1	1
1 3197	2 2923	1	1
1 3536	2 2923	1	1
3 1529	2 2923	1	1
3 3785	2 2923	1	1
0 101	2 2923	1	1
0 2033	2 2924	1	1
1 853	2 2924	1	1
1 4369	2 2924	1	1
1 1599	2 2924	1	1
1 3961	2 2924	1	1
1 3730	2 2924	1	1
2 3861	2 2925	1	1
0 2504	2 2925	1	1
0 3713	2 2925	1	1
1 2494	2 2925	1	1
3 2961	2 2925	1	1
1 2638	2 2925	1	1
2 4483	2 2926	1	1
2 4533	2 2926	1	1
0 253	2 2926	1	1
1 4386	2 2926	1	1
1 3117	2 2926	1	1
0 4100	2 2926	1	1
2 1095	2 2927	1	1
1 62	2 2927	1	1
1 957	2 2927	1	1
3 4056	2 2927	1	1
3 1977	2 2927	1	1
3 2658	2 2927	1	1
0 624	2 2928	1	1
1 3901	2 2928	1	1
1 2642	2 2928	1	1
1 2694	2 2928	1	1
1 2771	2 2928	1	1
3 509	2 2928	1	1
2 3434	2 2929	1	1
2 3538	2 2929	1	1
0 334	2 2929	1	1
0 1938	2 2929	1	1
1 3434	2 2929	1	1
1 2439	2 2929	1	1
2 4625	2 2930	1	1
1 3402	2 2930	1	1
1 756	2 2930	1	1
1 4422	2 2930	1	1
3 2693	2 2930	1	1
3 84	2 2930	1	1
2 3074	2 2931	1	1
2 3849	2 2931	1	1
0 1050	2 2931	1	1
0 3379	2 2931	1	1
0 1665	2 2931	1	1
1 3960	2 2931	1	1
2 464	2 2932	1	1
0 2561	2 2932	1	1
0 2827	2 2932	1	1
1 2748	2 2932	1	1
1 3539	2 2932	1	1
3 1083	2 2932	1	1
2 841	2 2933	1	1
2 883	2 2933	1	1
0 949	2 2933	1	1
0 2966	2 2933	1	1
1 164	2 2933	1	1
1 982	2 2933	1	1
2 753	2 2934	1	1
2 4722	2 2934	1	1
0 2587	2 2934	1	1
1 1750	2 2934	1	1
3 3711	2 2934	1	1
3 2532	2 2934	1	1
2 4132	2 2935	1	1
2 3000	2 2935	1	1
2 2420	2 2935	1	1
2 265	2 2935	1	1
3 337	2 2935	1	1
1 1794	2 2935	1	1
2 908	2 2936	1	1
2 2315	2 2936	1	1
1 2210	2 2936	1	1
1 4156	2 2936	1	1
1 1132	2 2936	1	1
0 1080	2 2936	1	1
2 3527	2 2937	1	1
2 1993	2 2937	1	1
0 2109	2 2937	1	1
0 4051	2 2937	1	1
1 3776	2 2937	1	1
3 3807	2 2937	1	1
2 261	2 2938	1	1
2 4378	2 2938	1	1
1 3330	2 2938	1	1
1 3340	2 2938	1	1
3 3508	2 2938	1	1
3 607	2 2938	1	1
0 392	2 2939	1	1
1 1326	2 2939	1	1
1 975	2 2939	1	1
1 4237	2 2939	1	1
1 2033	2 2939	1	1
1 2021	2 2939	1	1
2 2578	2 2940	1	1
2 1846	2 2940	1	1
0 2447	2 2940	1	1
0 3421	2 2940	1	1
0 3512	2 2940	1	1
3 4561	2 2940	1	1
2 1455	2 2941	1	1
1 4790	2 2941	1	1
3 2680	2 2941	1	1
3 1924	2 2941	1	1
3 697	2 2941	1	1
3 682	2 2941	1	1
2 1393	2 2942	1	1
2 310	2 2942	1	1
2 2126	2 2942	1	1
1 2632	2 2942	1	1
1 3114	2 2942	1	1
1 1847	2 2942	1	1
2 4530	2 2943	1	1
1 274	2 2943	1	1
1 1929	2 2943	1	1
3 1963	2 2943	1	1
3 1559	2 2943	1	1
1 3918	2 2943	1	1
2 2868	2 2944	1	1
2 4596	2 2944	1	1
0 1455	2 2944	1	1
1 3315	2 2944	1	1
3 4869	2 2944	1	1
0 1536	2 2944	1	1
2 1191	2 2945	1	1
2 4487	2 2945	1	1
0 1574	2 2945	1	1
0 1216	2 2945	1	1
1 3431	2 2945	1	1
1 4426	2 2945	1	1
2 798	2 2946	1	1
2 2266	2 2946	1	1
1 3747	2 2946	1	1
1 4164	2 2946	1	1
3 639	2 2946	1	1
0 1293	2 2946	1	1
2 3617	2 2947	1	1
2 1410	2 2947	1	1
2 4254	2 2947	1	1
0 2015	2 2947	1	1
0 3230	2 2947	1	1
3 157	2 2947	1	1
0 3583	2 2948	1	1
0 1450	2 2948	1	1
1 3193	2 2948	1	1
1 3604	2 2948	1	1
3 277	2 2948	1	1
3 1819	2 2948	1	1
0 4832	2 2949	1	1
0 1665	2 2949	1	1
1 439	2 2949	1	1
1 1426	2 2949	1	1
3 3990	2 2949	1	1
3 2747	2 2949	1	1
2 1808	2 2950	1	1
0 1935	2 2950	1	1
0 749	2 2950	1	1
1 138	2 2950	1	1
3 638	2 2950	1	1
1 1723	2 2950	1	1
2 3812	2 2951	1	1
2 3596	2 2951	1	1
0 3415	2 2951	1	1
1 4757	2 2951	1	1
3 1352	2 2951	1	1
3 726	2 2951	1	1
2 3744	2 2952	1	1
2 4009	2 2952	1	1
0 1714	2 2952	1	1
1 2422	2 2952	1	1
3 154	2 2952	1	1
1 1135	2 2952	1	1
2 541	2 2953	1	1
0 4807	2 2953	1	1
0 1746	2 2953	1	1
1 641	2 2953	1	1
3 3523	2 2953	1	1
1 4500	2 2953	1	1
2 712	2 2954	1	1
0 2268	2 2954	1	1
3 566	2 2954	2	1
3 1410	2 2954	1	1
1 4956	2 2954	1	1
0 2797	2 2955	1	1
0 4738	2 2955	1	1
0 3382	2 2955	1	1
0 3476	2 2955	1	1
0 3685	2 2955	1	1
3 360	2 2955	1	1
2 1645	2 2956	1	1
1 4429	2 2956	1	1
1 4894	2 2956	1	1
1 4929	2 2956	1	1
1 4339	2 2956	1	1
3 1932	2 2956	1	1
0 4196	2 2957	1	1
1 4777	2 2957	1	1
3 3392	2 2957	1	1
3 2848	2 2957	1	1
3 1148	2 2957	1	1
3 296	2 2957	1	1
0 2534	2 2958	1	1
0 463	2 2958	1	1
1 3624	2 2958	1	1
1 2494	2 2958	1	1
1 3578	2 2958	1	1
0 3381	2 2958	1	1
0 2291	2 2959	1	1
0 2432	2 2959	1	1
0 2036	2 2959	1	1
1 1061	2 2959	1	1
3 4680	2 2959	1	1
3 338	2 2959	1	1
2 4416	2 2960	1	1
2 4898	2 2960	1	1
0 4330	2 2960	1	1
3 2338	2 2960	1	1
3 2616	2 2960	1	1
1 356	2 2960	1	1
2 227	2 2961	1	1
0 1052	2 2961	1	1
1 4887	2 2961	1	1
1 4847	2 2961	1	1
1 182	2 2961	1	1
1 59	2 2961	1	1
2 489	2 2962	1	1
2 2117	2 2962	1	1
2 2374	2 2962	1	1
0 2867	2 2962	1	1
1 2951	2 2962	1	1
3 1997	2 2962	1	1
2 1055	2 2963	1	1
0 4965	2 2963	1	1
0 1748	2 2963	1	1
1 60	2 2963	1	1
1 2693	2 2963	1	1
3 4415	2 2963	1	1
2 572	2 2964	1	1
0 4913	2 2964	1	1
0 2414	2 2964	1	1
0 4303	2 2964	1	1
1 192	2 2964	1	1
3 2174	2 2964	1	1
2 911	2 2965	1	1
2 4808	2 2965	1	1
2 4376	2 2965	1	1
1 4389	2 2965	1	1
3 4892	2 2965	1	1
3 2978	2 2965	1	1
2 2671	2 2966	1	1
2 214	2 2966	1	1
0 4081	2 2966	1	1
1 4690	2 2966	1	1
3 715	2 2966	1	1
1 1007	2 2966	1	1
2 2799	2 2967	1	1
2 603	2 2967	1	1
2 4257	2 2967	1	1
0 3919	2 2967	1	1
3 88	2 2967	1	1
3 896	2 2967	1	1
2 4701	2 2968	1	1
2 4899	2 2968	1	1
2 3087	2 2968	1	1
2 873	2 2968	1	1
1 133	2 2968	1	1
0 3850	2 2968	1	1
2 4009	2 2969	1	1
1 1947	2 2969	1	1
1 4827	2 2969	1	1
3 2731	2 2969	1	1
3 818	2 2969	1	1
3 4951	2 2969	1	1
2 2002	2 2970	1	1
2 3201	2 2970	1	1
0 314	2 2970	1	1
1 2854	2 2970	1	1
3 2466	2 2970	1	1
0 4988	2 2970	1	1
2 2328	2 2971	1	1
0 4468	2 2971	1	1
0 704	2 2971	1	1
0 2476	2 2971	1	1
1 4576	2 2971	1	1
3 4549	2 2971	1	1
2 716	2 2972	1	1
2 3049	2 2972	1	1
2 3521	2 2972	1	1
0 254	2 2972	1	1
0 850	2 2972	1	1
3 4053	2 2972	1	1
2 1382	2 2973	1	1
2 114	2 2973	1	1
2 4440	2 2973	1	1
1 1886	2 2973	1	1
1 1122	2 2973	1	1
0 491	2 2973	1	1
0 904	2 2974	1	1
0 4819	2 2974	1	1
0 2802	2 2974	1	1
3 1055	2 2974	1	1
0 168	2 2974	1	1
3 2427	2 2974	1	1
2 3787	2 2975	1	1
0 92	2 2975	1	1
1 3698	2 2975	1	1
3 4023	2 2975	1	1
3 1133	2 2975	1	1
3 4433	2 2975	1	1
1 2192	2 2976	1	1
3 4770	2 2976	1	1
3 4756	2 2976	1	1
3 4869	2 2976	1	1
3 1925	2 2976	1	1
3 4768	2 2976	1	1
2 785	2 2977	1	1
0 783	2 2977	1	1
1 30	2 2977	1	1
3 4873	2 2977	1	1
3 689	2 2977	1	1
1 1080	2 2977	1	1
0 989	2 2978	1	1
0 3381	2 2978	1	1
1 3260	2 2978	1	1
1 261	2 2978	1	1
3 821	2 2978	1	1
3 1963	2 2978	1	1
2 1205	2 2979	1	1
2 1676	2 2979	1	1
0 4240	2 2979	1	1
1 4794	2 2979	1	1
1 4371	2 2979	1	1
0 3857	2 2979	1	1
2 2889	2 2980	1	1
2 4415	2 2980	1	1
0 2123	2 2980	1	1
1 1468	2 2980	1	1
3 1441	2 2980	1	1
3 629	2 2980	1	1
0 2132	2 2981	1	1
0 2608	2 2981	1	1
1 328	2 2981	1	1
1 1743	2 2981	1	1
1 2466	2 2981	1	1
1 1368	2 2981	1	1
0 2976	2 2982	1	1
1 2143	2 2982	1	1
1 2425	2 2982	1	1
1 4319	2 2982	1	1
3 2670	2 2982	1	1
3 388	2 2982	1	1
2 3539	2 2983	1	1
0 2732	2 2983	1	1
0 1358	2 2983	1	1
3 3407	2 2983	1	1
3 1812	2 2983	1	1
0 4089	2 2983	1	1
2 2837	2 2984	1	1
2 2841	2 2984	1	1
3 3162	2 2984	1	1
0 4132	2 2984	1	1
1 4172	2 2984	1	1
1 4591	2 2984	1	1
2 1682	2 2985	1	1
1 494	2 2985	1	1
1 3553	2 2985	1	1
1 732	2 2985	1	1
3 2711	2 2985	1	1
3 4542	2 2985	1	1
2 2459	2 2986	1	1
2 14	2 2986	1	1
3 3730	2 2986	1	1
3 3654	2 2986	1	1
3 531	2 2986	1	1
1 3216	2 2986	1	1
2 4476	2 2987	1	1
2 1599	2 2987	1	1
0 650	2 2987	1	1
0 414	2 2987	1	1
1 1155	2 2987	1	1
3 2726	2 2987	1	1
2 4173	2 2988	1	1
2 2896	2 2988	1	1
0 4224	2 2988	1	1
3 1349	2 2988	1	1
1 505	2 2988	1	1
1 4139	2 2988	1	1
2 2540	2 2989	1	1
2 2304	2 2989	1	1
1 3963	2 2989	1	1
1 3643	2 2989	1	1
3 1338	2 2989	1	1
0 620	2 2989	1	1
0 3417	2 2990	1	1
0 566	2 2990	1	1
1 4824	2 2990	1	1
1 3517	2 2990	1	1
3 4848	2 2990	1	1
3 3212	2 2990	1	1
2 3499	2 2991	1	1
0 4850	2 2991	1	1
0 3304	2 2991	1	1
1 1881	2 2991	1	1
0 2643	2 2991	1	1
1 2017	2 2991	1	1
2 1279	2 2992	1	1
2 1617	2 2992	1	1
2 4223	2 2992	1	1
0 3588	2 2992	1	1
0 1932	2 2992	1	1
1 631	2 2992	1	1
2 2764	2 2993	1	1
2 882	2 2993	1	1
0 829	2 2993	1	1
1 2061	2 2993	1	1
3 287	2 2993	1	1
0 3529	2 2993	1	1
2 1272	2 2994	1	1
2 3472	2 2994	1	1
2 4774	2 2994	1	1
2 3631	2 2994	1	1
1 2752	2 2994	1	1
1 2100	2 2994	1	1
2 2911	2 2995	1	1
3 2612	2 2995	1	1
3 373	2 2995	1	1
3 2899	2 2995	1	1
0 3370	2 2995	1	1
3 3449	2 2995	1	1
2 2658	2 2996	1	1
2 3263	2 2996	1	1
2 1584	2 2996	1	1
2 2108	2 2996	1	1
1 2517	2 2996	1	1
3 3278	2 2996	1	1
1 3792	2 2997	1	1
3 3370	2 2997	1	1
3 3580	2 2997	1	1
3 2136	2 2997	1	1
3 3010	2 2997	1	1
3 2883	2 2997	1	1
2 182	2 2998	1	1
2 1493	2 2998	1	1
2 4070	2 2998	1	1
1 1884	2 2998	1	1
3 1790	2 2998	1	1
3 3790	2 2998	1	1
2 3156	2 2999	1	1
1 2837	2 2999	1	1
1 2544	2 2999	1	1
3 1928	2 2999	1	1
3 1322	2 2999	1	1
3 3701	2 2999	1	1
2 3779	2 3000	1	1
0 3324	2 3000	1	1
0 3030	2 3000	1	1
1 4826	2 3000	1	1
0 964	2 3000	1	1
3 2290	2 3000	1	1
2 4964	2 3001	1	1
0 1898	2 3001	1	1
1 4561	2 3001	1	1
1 686	2 3001	1	1
3 482	2 3001	1	1
3 4664	2 3001	1	1
2 3824	2 3002	1	1
2 846	2 3002	1	1
0 1521	2 3002	1	1
1 3469	2 3002	1	1
3 3621	2 3002	1	1
3 1018	2 3002	1	1
2 4517	2 3003	1	1
0 76	2 3003	1	1
0 4654	2 3003	1	1
1 199	2 3003	1	1
1 4256	2 3003	1	1
1 1317	2 3003	1	1
2 3822	2 3004	1	1
0 3823	2 3004	1	1
0 2115	2 3004	1	1
0 3995	2 3004	1	1
1 4654	2 3004	1	1
0 2296	2 3004	1	1
2 2717	2 3005	1	1
0 3432	2 3005	1	1
3 2154	2 3005	1	1
0 4980	2 3005	1	1
0 2515	2 3005	1	1
0 4424	2 3005	1	1
2 4153	2 3006	1	1
2 3669	2 3006	1	1
0 1314	2 3006	1	1
0 4179	2 3006	1	1
1 4602	2 3006	1	1
3 1654	2 3006	1	1
2 3070	2 3007	1	1
2 4363	2 3007	1	1
0 4721	2 3007	1	1
1 224	2 3007	1	1
0 1221	2 3007	1	1
1 4851	2 3007	1	1
2 1756	2 3008	1	1
2 4880	2 3008	1	1
0 1394	2 3008	1	1
0 2001	2 3008	1	1
0 4892	2 3008	1	1
3 1427	2 3008	1	1
2 793	2 3009	1	1
2 3791	2 3009	1	1
2 2980	2 3009	1	1
1 1743	2 3009	1	1
3 2938	2 3009	1	1
3 4788	2 3009	1	1
0 3094	2 3010	1	1
1 1346	2 3010	1	1
3 2084	2 3010	1	1
3 1924	2 3010	1	1
3 1504	2 3010	1	1
1 3635	2 3010	1	1
2 279	2 3011	1	1
0 3108	2 3011	1	1
1 1766	2 3011	1	1
3 3648	2 3011	1	1
3 4765	2 3011	1	1
3 1220	2 3011	1	1
2 1960	2 3012	1	1
2 4689	2 3012	1	1
0 108	2 3012	1	1
0 3884	2 3012	1	1
3 598	2 3012	1	1
3 1564	2 3012	1	1
2 3858	2 3013	1	1
2 4520	2 3013	1	1
2 2951	2 3013	1	1
2 4295	2 3013	1	1
2 4330	2 3013	1	1
1 1224	2 3013	1	1
2 281	2 3014	1	1
0 3378	2 3014	1	1
0 1949	2 3014	1	1
0 4010	2 3014	1	1
0 2691	2 3014	1	1
0 2439	2 3014	1	1
2 3387	2 3015	1	1
0 2228	2 3015	1	1
1 4693	2 3015	1	1
1 2973	2 3015	1	1
3 1387	2 3015	1	1
3 3767	2 3015	1	1
1 4960	2 3016	1	1
1 4345	2 3016	1	1
1 3656	2 3016	1	1
1 2501	2 3016	1	1
3 1752	2 3016	1	1
1 3191	2 3016	1	1
2 1028	2 3017	1	1
0 3452	2 3017	1	1
1 2815	2 3017	1	1
1 4745	2 3017	1	1
1 4059	2 3017	1	1
1 1556	2 3017	1	1
2 3926	2 3018	1	1
2 4692	2 3018	1	1
0 3856	2 3018	1	1
1 2103	2 3018	1	1
3 4016	2 3018	1	1
1 1619	2 3018	1	1
2 1643	2 3019	1	1
0 2030	2 3019	1	1
0 4081	2 3019	1	1
1 2464	2 3019	1	1
1 4003	2 3019	1	1
3 74	2 3019	1	1
2 523	2 3020	1	1
0 3043	2 3020	1	1
0 730	2 3020	1	1
1 4244	2 3020	1	1
3 4786	2 3020	1	1
1 1923	2 3020	1	1
2 1177	2 3021	1	1
0 2470	2 3021	1	1
0 1466	2 3021	1	1
3 273	2 3021	1	1
1 3247	2 3021	1	1
3 2137	2 3021	1	1
2 770	2 3022	1	1
0 3442	2 3022	1	1
1 1595	2 3022	1	1
1 697	2 3022	1	1
1 129	2 3022	1	1
1 3640	2 3022	1	1
1 2952	2 3023	1	1
1 4564	2 3023	1	1
3 4621	2 3023	1	1
3 900	2 3023	1	1
0 2722	2 3023	1	1
0 3855	2 3023	1	1
2 1831	2 3024	1	1
2 1474	2 3024	1	1
1 43	2 3024	1	1
1 1457	2 3024	1	1
3 3480	2 3024	1	1
3 2868	2 3024	1	1
2 4171	2 3025	1	1
0 3603	2 3025	1	1
1 3316	2 3025	1	1
1 3923	2 3025	1	1
1 4719	2 3025	1	1
1 2088	2 3025	1	1
2 2096	2 3026	1	1
2 932	2 3026	1	1
2 3999	2 3026	1	1
1 3787	2 3026	1	1
3 4012	2 3026	1	1
0 301	2 3026	1	1
2 2806	2 3027	1	1
2 3619	2 3027	1	1
1 3797	2 3027	1	1
1 3218	2 3027	1	1
3 461	2 3027	1	1
3 2745	2 3027	1	1
2 3757	2 3028	1	1
0 3276	2 3028	1	1
0 2714	2 3028	1	1
0 4412	2 3028	1	1
0 1780	2 3028	1	1
1 4237	2 3028	1	1
0 552	2 3029	1	1
0 4497	2 3029	1	1
0 4962	2 3029	1	1
1 1651	2 3029	1	1
1 1479	2 3029	1	1
1 2420	2 3029	1	1
2 3070	2 3030	1	1
2 4453	2 3030	1	1
2 338	2 3030	1	1
1 1366	2 3030	1	1
1 1687	2 3030	1	1
0 1446	2 3030	1	1
2 2219	2 3031	1	1
0 4340	2 3031	1	1
0 4321	2 3031	1	1
3 972	2 3031	1	1
3 2496	2 3031	1	1
1 3880	2 3031	1	1
2 4562	2 3032	1	1
0 2632	2 3032	1	1
0 2837	2 3032	1	1
1 46	2 3032	1	1
3 3696	2 3032	1	1
0 3005	2 3032	1	1
2 3175	2 3033	1	1
2 2444	2 3033	1	1
2 4356	2 3033	1	1
0 558	2 3033	1	1
1 468	2 3033	1	1
1 2290	2 3033	1	1
2 2206	2 3034	1	1
2 204	2 3034	1	1
0 2813	2 3034	1	1
0 3204	2 3034	1	1
1 1103	2 3034	1	1
3 2756	2 3034	1	1
0 2570	2 3035	1	1
0 1210	2 3035	1	1
3 2952	2 3035	1	1
3 1812	2 3035	1	1
1 1775	2 3035	1	1
1 1196	2 3035	1	1
2 3149	2 3036	1	1
2 4499	2 3036	1	1
2 2602	2 3036	1	1
0 499	2 3036	1	1
3 806	2 3036	1	1
3 3908	2 3036	1	1
2 3974	2 3037	1	1
2 4273	2 3037	1	1
2 3370	2 3037	1	1
3 4347	2 3037	1	1
3 1887	2 3037	1	1
3 2270	2 3037	1	1
0 1517	2 3038	1	1
1 1753	2 3038	1	1
1 2417	2 3038	1	1
3 2599	2 3038	1	1
3 4508	2 3038	1	1
3 3895	2 3038	1	1
2 4720	2 3039	1	1
2 2553	2 3039	1	1
0 1304	2 3039	1	1
0 2144	2 3039	1	1
1 1071	2 3039	1	1
1 1761	2 3039	1	1
2 375	2 3040	1	1
2 2089	2 3040	1	1
2 304	2 3040	1	1
0 4562	2 3040	1	1
1 3520	2 3040	1	1
1 264	2 3040	1	1
2 3130	2 3041	1	1
2 3920	2 3041	1	1
0 427	2 3041	1	1
0 1088	2 3041	1	1
3 4436	2 3041	1	1
1 2510	2 3041	1	1
2 3802	2 3042	1	1
0 756	2 3042	1	1
0 87	2 3042	1	1
1 4275	2 3042	1	1
0 4540	2 3042	1	1
0 3590	2 3042	1	1
2 1146	2 3043	1	1
2 4006	2 3043	1	1
0 825	2 3043	1	1
0 2255	2 3043	1	1
0 3082	2 3043	1	1
3 1369	2 3043	1	1
2 3944	2 3044	1	1
0 501	2 3044	1	1
0 4882	2 3044	1	1
3 2925	2 3044	1	1
3 282	2 3044	1	1
1 4119	2 3044	1	1
2 631	2 3045	1	1
0 4228	2 3045	1	1
1 674	2 3045	1	1
3 1314	2 3045	1	1
3 4115	2 3045	1	1
3 393	2 3045	1	1
2 2151	2 3046	1	1
2 1797	2 3046	1	1
2 4414	2 3046	1	1
0 2118	2 3046	1	1
1 4558	2 3046	1	1
1 2248	2 3046	1	1
2 1247	2 3047	1	1
0 1083	2 3047	1	1
0 1449	2 3047	1	1
3 2773	2 3047	1	1
1 2263	2 3047	1	1
3 444	2 3047	1	1
2 2362	2 3048	1	1
2 3354	2 3048	1	1
0 854	2 3048	1	1
1 3653	2 3048	1	1
1 1778	2 3048	1	1
1 940	2 3048	1	1
0 2775	2 3049	1	1
1 1972	2 3049	1	1
3 732	2 3049	1	1
3 4351	2 3049	1	1
3 1203	2 3049	1	1
0 4501	2 3049	1	1
2 4744	2 3050	1	1
2 2284	2 3050	1	1
1 3652	2 3050	1	1
3 2210	2 3050	1	1
3 374	2 3050	1	1
1 3759	2 3050	1	1
2 4523	2 3051	1	1
0 1177	2 3051	1	1
0 1697	2 3051	1	1
3 4066	2 3051	1	1
3 2809	2 3051	1	1
0 678	2 3051	1	1
2 257	2 3052	1	1
2 1009	2 3052	1	1
0 3453	2 3052	1	1
0 2376	2 3052	1	1
1 1081	2 3052	1	1
3 2422	2 3052	1	1
2 2825	2 3053	1	1
0 2807	2 3053	1	1
3 4245	2 3053	1	1
3 3825	2 3053	1	1
3 3374	2 3053	1	1
3 4552	2 3053	1	1
2 2587	2 3054	1	1
2 4134	2 3054	1	1
1 953	2 3054	1	1
1 103	2 3054	1	1
1 135	2 3054	1	1
3 4744	2 3054	1	1
2 1598	2 3055	1	1
0 37	2 3055	1	1
1 4391	2 3055	1	1
1 956	2 3055	1	1
3 781	2 3055	1	1
3 1053	2 3055	1	1
2 2265	2 3056	1	1
0 1907	2 3056	1	1
1 1234	2 3056	1	1
1 218	2 3056	1	1
3 3754	2 3056	1	1
3 3435	2 3056	1	1
2 387	2 3057	1	1
0 3334	2 3057	1	1
1 2037	2 3057	1	1
1 4520	2 3057	1	1
1 2716	2 3057	1	1
3 396	2 3057	1	1
2 250	2 3058	1	1
0 1874	2 3058	1	1
3 474	2 3058	1	1
3 1212	2 3058	1	1
3 4474	2 3058	1	1
3 768	2 3058	1	1
2 1784	2 3059	1	1
2 3062	2 3059	1	1
2 1946	2 3059	1	1
1 4584	2 3059	1	1
3 4748	2 3059	1	1
3 4328	2 3059	1	1
2 3111	2 3060	1	1
2 1574	2 3060	1	1
1 1065	2 3060	1	1
1 2099	2 3060	1	1
3 676	2 3060	1	1
3 2598	2 3060	1	1
2 3057	2 3061	1	1
0 1952	2 3061	1	1
1 1415	2 3061	1	1
3 4568	2 3061	1	1
3 1649	2 3061	1	1
1 2449	2 3061	1	1
2 3203	2 3062	1	1
2 564	2 3062	1	1
2 1573	2 3062	1	1
3 2994	2 3062	1	1
3 1381	2 3062	1	1
3 1053	2 3062	1	1
0 4231	2 3063	1	1
1 4166	2 3063	1	1
1 4270	2 3063	1	1
3 2118	2 3063	1	1
3 2701	2 3063	1	1
0 1371	2 3063	1	1
2 951	2 3064	1	1
3 3117	2 3064	1	1
3 1048	2 3064	1	1
1 1383	2 3064	1	1
3 708	2 3064	1	1
1 4534	2 3064	1	1
2 4816	2 3065	1	1
2 4270	2 3065	1	1
2 3324	2 3065	1	1
1 4375	2 3065	1	1
1 2034	2 3065	1	1
1 693	2 3065	1	1
0 545	2 3066	1	1
0 4043	2 3066	1	1
1 4077	2 3066	1	1
3 2529	2 3066	1	1
0 4511	2 3066	1	1
3 642	2 3066	1	1
2 1339	2 3067	1	1
2 1744	2 3067	1	1
2 4941	2 3067	1	1
0 4652	2 3067	1	1
3 2617	2 3067	1	1
1 2287	2 3067	1	1
2 638	2 3068	1	1
1 2968	2 3068	1	1
1 931	2 3068	1	1
1 1031	2 3068	1	1
3 2571	2 3068	1	1
3 4493	2 3068	1	1
2 486	2 3069	1	1
0 2909	2 3069	1	1
0 3997	2 3069	1	1
3 1575	2 3069	1	1
1 374	2 3069	1	1
0 9	2 3069	1	1
2 393	2 3070	1	1
2 117	2 3070	1	1
2 4906	2 3070	1	1
0 3218	2 3070	1	1
1 1816	2 3070	1	1
1 4175	2 3070	1	1
0 2061	2 3071	1	1
0 4088	2 3071	1	1
3 4689	2 3071	1	1
3 2258	2 3071	1	1
1 4357	2 3071	1	1
3 2297	2 3071	1	1
2 3801	2 3072	1	1
0 2872	2 3072	1	1
0 3405	2 3072	1	1
0 147	2 3072	1	1
1 1253	2 3072	1	1
3 2985	2 3072	1	1
2 4483	2 3073	1	1
2 2171	2 3073	1	1
0 3906	2 3073	1	1
0 4150	2 3073	1	1
1 508	2 3073	1	1
3 4477	2 3073	1	1
2 2841	2 3074	1	1
1 4807	2 3074	1	1
1 4311	2 3074	1	1
1 2341	2 3074	1	1
3 780	2 3074	1	1
3 2459	2 3074	1	1
0 1970	2 3075	1	1
0 2853	2 3075	1	1
1 414	2 3075	1	1
1 2068	2 3075	1	1
1 3775	2 3075	1	1
0 1387	2 3075	1	1
2 2438	2 3076	1	1
2 122	2 3076	1	1
0 467	2 3076	1	1
1 3542	2 3076	1	1
1 679	2 3076	1	1
3 694	2 3076	1	1
0 2335	2 3077	1	1
0 3290	2 3077	1	1
0 1845	2 3077	1	1
1 3489	2 3077	1	1
3 2541	2 3077	1	1
3 1838	2 3077	1	1
2 872	2 3078	1	1
2 4353	2 3078	1	1
0 1793	2 3078	1	1
0 2514	2 3078	1	1
1 2280	2 3078	1	1
3 54	2 3078	1	1
2 3828	2 3079	1	1
0 3715	2 3079	1	1
0 3738	2 3079	1	1
0 4227	2 3079	1	1
1 1667	2 3079	1	1
1 2639	2 3079	1	1
0 1181	2 3080	1	1
1 3772	2 3080	1	1
3 1726	2 3080	1	1
3 255	2 3080	1	1
3 3112	2 3080	1	1
3 2244	2 3080	1	1
2 587	2 3081	1	1
2 1833	2 3081	1	1
2 327	2 3081	1	1
1 4351	2 3081	1	1
3 3345	2 3081	1	1
3 3024	2 3081	1	1
2 3107	2 3082	1	1
1 4223	2 3082	1	1
1 4652	2 3082	1	1
3 1800	2 3082	1	1
0 4436	2 3082	1	1
0 3833	2 3082	1	1
2 2556	2 3083	1	1
2 3667	2 3083	1	1
2 3014	2 3083	1	1
0 4852	2 3083	1	1
3 2411	2 3083	1	1
1 4597	2 3083	1	1
2 3564	2 3084	1	1
2 4353	2 3084	1	1
0 4313	2 3084	1	1
0 591	2 3084	1	1
3 367	2 3084	1	1
3 3147	2 3084	1	1
0 2041	2 3085	1	1
0 2944	2 3085	1	1
0 2079	2 3085	1	1
0 988	2 3085	1	1
1 2907	2 3085	1	1
3 1889	2 3085	1	1
2 1703	2 3086	1	1
0 2275	2 3086	1	1
0 1775	2 3086	1	1
1 3619	2 3086	1	1
1 2866	2 3086	1	1
3 2880	2 3086	1	1
2 4817	2 3087	1	1
0 1964	2 3087	1	1
1 2147	2 3087	1	1
1 2478	2 3087	1	1
3 4795	2 3087	1	1
3 4032	2 3087	1	1
2 4051	2 3088	1	1
1 3130	2 3088	1	1
3 4713	2 3088	1	1
3 1184	2 3088	1	1
3 438	2 3088	1	1
0 269	2 3088	1	1
2 4272	2 3089	1	1
2 4312	2 3089	1	1
2 2710	2 3089	1	1
1 3735	2 3089	1	1
3 2093	2 3089	1	1
3 1355	2 3089	1	1
2 2117	2 3090	1	1
0 4763	2 3090	1	1
3 185	2 3090	1	1
3 176	2 3090	1	1
3 3123	2 3090	1	1
3 228	2 3090	1	1
2 1776	2 3091	1	1
2 2824	2 3091	1	1
0 4630	2 3091	1	1
0 4307	2 3091	1	1
1 4751	2 3091	1	1
3 2778	2 3091	1	1
2 4858	2 3092	1	1
2 2412	2 3092	1	1
0 1870	2 3092	1	1
0 4131	2 3092	1	1
1 1858	2 3092	1	1
3 1700	2 3092	1	1
0 1428	2 3093	1	1
0 509	2 3093	1	1
1 4232	2 3093	1	1
1 4870	2 3093	1	1
3 144	2 3093	1	1
3 4742	2 3093	1	1
0 2223	2 3094	1	1
0 3673	2 3094	1	1
3 629	2 3094	1	1
3 4612	2 3094	1	1
3 2425	2 3094	1	1
3 1339	2 3094	1	1
2 3928	2 3095	1	1
0 1004	2 3095	1	1
0 2078	2 3095	1	1
1 3895	2 3095	1	1
3 3024	2 3095	1	1
0 3860	2 3095	1	1
2 4708	2 3096	1	1
2 344	2 3096	1	1
2 2460	2 3096	1	1
0 699	2 3096	1	1
0 4340	2 3096	1	1
3 1010	2 3096	1	1
2 458	2 3097	1	1
2 3369	2 3097	1	1
2 2343	2 3097	1	1
2 3125	2 3097	1	1
1 360	2 3097	1	1
3 4151	2 3097	1	1
2 2757	2 3098	1	1
2 3576	2 3098	1	1
2 2262	2 3098	1	1
2 4246	2 3098	1	1
3 3597	2 3098	1	1
3 2007	2 3098	1	1
2 4085	2 3099	1	1
2 329	2 3099	1	1
2 3998	2 3099	1	1
0 996	2 3099	1	1
1 4247	2 3099	1	1
3 4656	2 3099	1	1
2 4231	2 3100	1	1
0 328	2 3100	1	1
1 3131	2 3100	1	1
3 36	2 3100	1	1
3 662	2 3100	1	1
1 3549	2 3100	1	1
2 766	2 3101	1	1
0 645	2 3101	1	1
1 4923	2 3101	1	1
1 1771	2 3101	1	1
3 1875	2 3101	1	1
0 3598	2 3101	1	1
2 1820	2 3102	1	1
1 2058	2 3102	1	1
1 2611	2 3102	1	1
1 3167	2 3102	1	1
1 3017	2 3102	1	1
3 785	2 3102	1	1
0 2637	2 3103	1	1
0 1405	2 3103	1	1
0 4372	2 3103	1	1
0 3841	2 3103	1	1
0 4627	2 3103	1	1
1 568	2 3103	1	1
0 1943	2 3104	1	1
1 357	2 3104	1	1
1 1529	2 3104	1	1
1 3458	2 3104	1	1
3 366	2 3104	1	1
0 4646	2 3104	1	1
0 3605	2 3105	1	1
0 1422	2 3105	1	1
1 2541	2 3105	1	1
1 1206	2 3105	1	1
1 3666	2 3105	1	1
3 542	2 3105	1	1
0 1242	2 3106	1	1
0 300	2 3106	1	1
0 1975	2 3106	1	1
1 4967	2 3106	1	1
3 463	2 3106	1	1
3 3164	2 3106	1	1
2 543	2 3107	1	1
2 1225	2 3107	1	1
0 4887	2 3107	1	1
1 1843	2 3107	1	1
3 2764	2 3107	1	1
3 3753	2 3107	1	1
2 643	2 3108	1	1
0 3449	2 3108	1	1
0 3262	2 3108	1	1
0 4069	2 3108	1	1
0 1233	2 3108	1	1
1 286	2 3108	1	1
2 3873	2 3109	1	1
0 1181	2 3109	1	1
0 1773	2 3109	1	1
1 3888	2 3109	1	1
1 4069	2 3109	1	1
1 2849	2 3109	1	1
2 4817	2 3110	1	1
2 2094	2 3110	1	1
2 2549	2 3110	1	1
3 2262	2 3110	1	1
3 1785	2 3110	1	1
3 50	2 3110	1	1
2 4269	2 3111	1	1
2 855	2 3111	1	1
0 4928	2 3111	1	1
0 4707	2 3111	1	1
1 1997	2 3111	1	1
3 334	2 3111	1	1
2 2696	2 3112	1	1
2 3407	2 3112	1	1
2 461	2 3112	1	1
1 3933	2 3112	1	1
3 1528	2 3112	1	1
3 4714	2 3112	1	1
2 2599	2 3113	1	1
0 1042	2 3113	1	1
0 4601	2 3113	1	1
1 4119	2 3113	1	1
3 1274	2 3113	1	1
3 52	2 3113	1	1
2 3259	2 3114	1	1
2 4978	2 3114	1	1
2 4002	2 3114	1	1
1 2662	2 3114	1	1
3 2194	2 3114	1	1
3 3418	2 3114	1	1
0 1444	2 3115	1	1
1 4342	2 3115	1	1
3 4550	2 3115	1	1
0 1227	2 3115	1	1
0 532	2 3115	1	1
1 4067	2 3115	1	1
2 276	2 3116	1	1
0 2836	2 3116	1	1
0 4751	2 3116	1	1
1 2255	2 3116	1	1
3 513	2 3116	1	1
3 3610	2 3116	1	1
0 4827	2 3117	1	1
0 2744	2 3117	1	1
1 4878	2 3117	1	1
1 1922	2 3117	1	1
1 1177	2 3117	1	1
1 2100	2 3117	1	1
2 3229	2 3118	1	1
0 2713	2 3118	1	1
1 1205	2 3118	1	1
1 1986	2 3118	1	1
1 4562	2 3118	1	1
1 2894	2 3118	1	1
2 3049	2 3119	1	1
2 2054	2 3119	1	1
2 2156	2 3119	1	1
0 861	2 3119	1	1
0 707	2 3119	1	1
3 2432	2 3119	1	1
2 4921	2 3120	1	1
2 104	2 3120	1	1
2 2359	2 3120	1	1
0 4827	2 3120	1	1
0 1386	2 3120	1	1
1 479	2 3120	1	1
2 618	2 3121	1	1
2 1573	2 3121	1	1
1 2744	2 3121	1	1
3 696	2 3121	1	1
3 2554	2 3121	1	1
3 2323	2 3121	1	1
2 2847	2 3122	1	1
0 336	2 3122	1	1
0 4086	2 3122	1	1
1 1165	2 3122	1	1
0 3247	2 3122	1	1
3 1467	2 3122	1	1
1 89	2 3123	1	1
1 2040	2 3123	1	1
1 4058	2 3123	1	1
1 2758	2 3123	1	1
3 4164	2 3123	1	1
3 853	2 3123	1	1
2 1649	2 3124	1	1
2 3941	2 3124	1	1
0 474	2 3124	1	1
1 492	2 3124	1	1
1 2026	2 3124	1	1
1 4037	2 3124	1	1
2 4196	2 3125	1	1
0 3741	2 3125	1	1
1 3207	2 3125	1	1
1 551	2 3125	1	1
3 128	2 3125	1	1
1 2564	2 3125	1	1
2 1371	2 3126	1	1
2 706	2 3126	1	1
0 1515	2 3126	1	1
1 1988	2 3126	1	1
3 2024	2 3126	1	1
3 1542	2 3126	1	1
2 1821	2 3127	1	1
2 4055	2 3127	1	1
1 4048	2 3127	1	1
3 2493	2 3127	1	1
3 4606	2 3127	1	1
3 2971	2 3127	1	1
2 3009	2 3128	1	1
0 2765	2 3128	1	1
0 3686	2 3128	1	1
1 1497	2 3128	1	1
3 677	2 3128	1	1
3 4354	2 3128	1	1
2 3531	2 3129	1	1
2 704	2 3129	1	1
0 244	2 3129	1	1
1 2518	2 3129	1	1
3 2978	2 3129	1	1
3 2882	2 3129	1	1
2 2638	2 3130	1	1
2 2556	2 3130	1	1
2 3592	2 3130	1	1
0 4632	2 3130	1	1
1 205	2 3130	1	1
1 1590	2 3130	1	1
2 696	2 3131	1	1
0 1140	2 3131	1	1
3 1422	2 3131	1	1
1 772	2 3131	1	1
3 304	2 3131	1	1
3 2788	2 3131	1	1
2 2339	2 3132	1	1
0 1602	2 3132	1	1
0 4132	2 3132	1	1
3 757	2 3132	1	1
0 3071	2 3132	1	1
3 820	2 3132	1	1
0 712	2 3133	1	1
1 260	2 3133	1	1
3 2141	2 3133	1	1
3 1277	2 3133	1	1
0 1285	2 3133	1	1
3 1544	2 3133	1	1
2 549	2 3134	1	1
0 3808	2 3134	1	1
0 3010	2 3134	1	1
3 2950	2 3134	1	1
0 3714	2 3134	1	1
1 1032	2 3134	1	1
2 4991	2 3135	1	1
0 1155	2 3135	1	1
1 1281	2 3135	1	1
1 4237	2 3135	1	1
3 175	2 3135	1	1
3 1698	2 3135	1	1
2 3656	2 3136	1	1
0 4816	2 3136	1	1
0 358	2 3136	1	1
1 418	2 3136	1	1
1 348	2 3136	1	1
1 4954	2 3136	1	1
2 5000	2 3137	1	1
2 3466	2 3137	1	1
2 693	2 3137	1	1
1 3623	2 3137	1	1
1 2749	2 3137	1	1
1 3397	2 3137	1	1
2 1225	2 3138	1	1
2 1526	2 3138	1	1
1 3820	2 3138	1	1
3 2224	2 3138	1	1
0 1732	2 3138	1	1
3 3657	2 3138	1	1
2 4567	2 3139	1	1
2 2715	2 3139	1	1
0 932	2 3139	1	1
0 2303	2 3139	1	1
1 4738	2 3139	1	1
3 1645	2 3139	1	1
2 2703	2 3140	1	1
0 4451	2 3140	1	1
1 4173	2 3140	1	1
3 1195	2 3140	1	1
3 292	2 3140	1	1
3 3179	2 3140	1	1
2 2458	2 3141	1	1
2 4532	2 3141	1	1
2 445	2 3141	1	1
2 2319	2 3141	1	1
0 2111	2 3141	1	1
0 4211	2 3141	1	1
2 2083	2 3142	1	1
2 3683	2 3142	1	1
2 1043	2 3142	1	1
2 487	2 3142	1	1
2 3232	2 3142	1	1
1 4415	2 3142	1	1
2 2710	2 3143	1	1
1 1005	2 3143	1	1
1 697	2 3143	1	1
3 4720	2 3143	1	1
3 1008	2 3143	1	1
3 2651	2 3143	1	1
2 3402	2 3144	1	1
0 360	2 3144	1	1
1 3266	2 3144	1	1
3 1544	2 3144	1	1
3 3011	2 3144	1	1
3 3349	2 3144	1	1
2 1896	2 3145	1	1
2 1563	2 3145	1	1
2 1355	2 3145	1	1
3 4505	2 3145	1	1
3 4190	2 3145	1	1
3 1155	2 3145	1	1
2 1115	2 3146	1	1
0 851	2 3146	1	1
1 3510	2 3146	1	1
3 1373	2 3146	1	1
3 3	2 3146	1	1
3 3868	2 3146	1	1
0 2535	2 3147	1	1
0 3829	2 3147	1	1
0 4402	2 3147	1	1
1 648	2 3147	1	1
3 4070	2 3147	1	1
1 2810	2 3147	1	1
2 1634	2 3148	1	1
2 2197	2 3148	1	1
0 3471	2 3148	1	1
1 3821	2 3148	1	1
1 1847	2 3148	1	1
0 4184	2 3148	1	1
2 4493	2 3149	1	1
2 668	2 3149	1	1
2 1025	2 3149	1	1
3 2175	2 3149	1	1
0 1759	2 3149	1	1
1 3334	2 3149	1	1
2 413	2 3150	1	1
1 1010	2 3150	1	1
1 1514	2 3150	1	1
3 3534	2 3150	1	1
3 3105	2 3150	1	1
3 1262	2 3150	1	1
2 672	2 3151	1	1
2 3372	2 3151	1	1
0 1016	2 3151	1	1
0 448	2 3151	1	1
1 2302	2 3151	1	1
0 6	2 3151	1	1
2 4822	2 3152	1	1
2 2916	2 3152	1	1
2 1709	2 3152	1	1
1 1141	2 3152	1	1
3 2964	2 3152	1	1
3 1573	2 3152	1	1
2 4235	2 3153	1	1
0 2797	2 3153	1	1
0 2792	2 3153	1	1
1 313	2 3153	1	1
3 2054	2 3153	1	1
0 1961	2 3153	1	1
2 3144	2 3154	1	1
0 270	2 3154	1	1
0 2382	2 3154	1	1
1 2100	2 3154	1	1
3 1505	2 3154	1	1
1 3657	2 3154	1	1
2 2172	2 3155	1	1
2 4280	2 3155	1	1
0 3847	2 3155	1	1
0 791	2 3155	1	1
1 725	2 3155	1	1
3 1726	2 3155	1	1
2 2618	2 3156	1	1
0 468	2 3156	1	1
1 2806	2 3156	1	1
3 3953	2 3156	1	1
3 3324	2 3156	1	1
0 1048	2 3156	1	1
2 479	2 3157	1	1
1 1921	2 3157	1	1
1 837	2 3157	1	1
3 2591	2 3157	1	1
3 3941	2 3157	1	1
0 3493	2 3157	1	1
2 3291	2 3158	1	1
2 1173	2 3158	1	1
2 3802	2 3158	1	1
1 4208	2 3158	1	1
3 3574	2 3158	1	1
3 980	2 3158	1	1
2 2655	2 3159	1	1
2 156	2 3159	1	1
2 2705	2 3159	1	1
2 4885	2 3159	1	1
3 3833	2 3159	1	1
3 2387	2 3159	1	1
2 1192	2 3160	1	1
2 1656	2 3160	1	1
2 1291	2 3160	1	1
1 2797	2 3160	1	1
3 4774	2 3160	1	1
0 3338	2 3160	1	1
2 3838	2 3161	1	1
0 3520	2 3161	1	1
0 4353	2 3161	1	1
0 1	2 3161	1	1
1 4382	2 3161	1	1
3 1977	2 3161	1	1
2 3994	2 3162	1	1
1 1482	2 3162	1	1
1 3155	2 3162	1	1
1 4206	2 3162	1	1
1 1692	2 3162	1	1
3 1118	2 3162	1	1
2 2012	2 3163	1	1
2 740	2 3163	1	1
0 1339	2 3163	1	1
1 2282	2 3163	1	1
1 5000	2 3163	1	1
3 2496	2 3163	1	1
2 3214	2 3164	1	1
0 2537	2 3164	1	1
0 2659	2 3164	1	1
0 4934	2 3164	1	1
1 4124	2 3164	1	1
3 1841	2 3164	1	1
2 3311	2 3165	1	1
2 2788	2 3165	1	1
2 4106	2 3165	1	1
1 1380	2 3165	1	1
1 1662	2 3165	1	1
1 2008	2 3165	1	1
2 1768	2 3166	1	1
2 2437	2 3166	1	1
2 1802	2 3166	1	1
0 655	2 3166	1	1
0 3276	2 3166	1	1
3 1859	2 3166	1	1
1 3563	2 3167	1	1
1 3872	2 3167	1	1
3 3205	2 3167	1	1
3 3099	2 3167	1	1
3 3086	2 3167	1	1
0 3015	2 3167	1	1
0 2100	2 3168	1	1
0 3391	2 3168	1	1
0 3015	2 3168	1	1
1 373	2 3168	1	1
3 4098	2 3168	1	1
3 76	2 3168	1	1
2 2193	2 3169	1	1
2 19	2 3169	1	1
0 1800	2 3169	1	1
3 4308	2 3169	1	1
3 4879	2 3169	1	1
3 4451	2 3169	1	1
2 2131	2 3170	1	1
1 1758	2 3170	1	1
1 4827	2 3170	1	1
3 284	2 3170	1	1
3 4312	2 3170	1	1
0 1989	2 3170	1	1
2 2205	2 3171	1	1
2 319	2 3171	1	1
2 4914	2 3171	1	1
0 3792	2 3171	1	1
1 1678	2 3171	1	1
0 4107	2 3171	1	1
2 2751	2 3172	1	1
0 3025	2 3172	1	1
1 1075	2 3172	1	1
1 705	2 3172	1	1
1 1080	2 3172	1	1
3 1539	2 3172	1	1
2 3594	2 3173	1	1
2 3384	2 3173	1	1
0 3444	2 3173	1	1
1 1353	2 3173	1	1
3 1002	2 3173	1	1
3 729	2 3173	1	1
2 239	2 3174	1	1
0 2027	2 3174	1	1
1 1215	2 3174	1	1
1 1060	2 3174	1	1
3 2817	2 3174	1	1
3 502	2 3174	1	1
0 4979	2 3175	1	1
0 4787	2 3175	1	1
0 1440	2 3175	1	1
1 1674	2 3175	1	1
1 2303	2 3175	1	1
3 1056	2 3175	1	1
2 2128	2 3176	1	1
0 1256	2 3176	1	1
0 1930	2 3176	1	1
1 2618	2 3176	1	1
3 639	2 3176	1	1
0 812	2 3176	1	1
0 1289	2 3177	1	1
0 4993	2 3177	1	1
0 1377	2 3177	1	1
0 3178	2 3177	1	1
0 170	2 3177	1	1
1 1701	2 3177	1	1
2 2918	2 3178	1	1
2 2516	2 3178	1	1
2 3154	2 3178	1	1
3 3642	2 3178	1	1
0 2942	2 3178	1	1
3 1194	2 3178	1	1
0 153	2 3179	1	1
0 927	2 3179	1	1
3 4784	2 3179	1	1
3 1853	2 3179	1	1
1 991	2 3179	1	1
3 2307	2 3179	1	1
2 1421	2 3180	1	1
0 4412	2 3180	1	1
1 4782	2 3180	1	1
3 851	2 3180	1	1
3 2520	2 3180	1	1
3 4772	2 3180	1	1
2 351	2 3181	1	1
2 107	2 3181	1	1
2 3878	2 3181	1	1
2 3099	2 3181	1	1
0 2038	2 3181	1	1
0 2743	2 3181	1	1
2 189	2 3182	1	1
2 559	2 3182	1	1
0 4133	2 3182	1	1
0 3292	2 3182	1	1
3 2990	2 3182	1	1
1 3093	2 3182	1	1
0 1523	2 3183	1	1
0 3351	2 3183	1	1
0 1268	2 3183	1	1
1 3469	2 3183	1	1
1 3939	2 3183	1	1
3 1267	2 3183	1	1
2 4759	2 3184	1	1
2 3929	2 3184	1	1
2 3106	2 3184	1	1
0 4159	2 3184	1	1
0 3380	2 3184	1	1
1 914	2 3184	1	1
0 3753	2 3185	1	1
1 3450	2 3185	1	1
1 27	2 3185	1	1
1 1390	2 3185	1	1
3 1156	2 3185	1	1
3 782	2 3185	1	1
2 1142	2 3186	1	1
0 2899	2 3186	1	1
1 455	2 3186	1	1
3 4976	2 3186	1	1
3 1535	2 3186	1	1
3 4282	2 3186	1	1
2 1387	2 3187	1	1
2 1529	2 3187	1	1
2 4845	2 3187	1	1
1 3103	2 3187	1	1
3 318	2 3187	1	1
3 1815	2 3187	1	1
2 3433	2 3188	1	1
0 4181	2 3188	1	1
0 145	2 3188	1	1
0 3514	2 3188	1	1
0 1206	2 3188	1	1
3 941	2 3188	1	1
2 4489	2 3189	1	1
2 1931	2 3189	1	1
1 188	2 3189	1	1
3 3265	2 3189	1	1
1 1143	2 3189	1	1
1 1057	2 3189	1	1
2 2058	2 3190	1	1
0 2163	2 3190	1	1
0 2897	2 3190	1	1
1 2879	2 3190	1	1
3 993	2 3190	1	1
3 2081	2 3190	1	1
2 988	2 3191	1	1
0 3339	2 3191	1	1
0 2485	2 3191	1	1
0 1149	2 3191	1	1
0 3823	2 3191	1	1
3 4924	2 3191	1	1
2 1098	2 3192	1	1
0 3946	2 3192	1	1
0 2685	2 3192	1	1
0 3024	2 3192	1	1
0 739	2 3192	1	1
3 1882	2 3192	1	1
2 1445	2 3193	1	1
2 4291	2 3193	1	1
0 2964	2 3193	1	1
1 4675	2 3193	1	1
1 4408	2 3193	1	1
3 222	2 3193	1	1
2 216	2 3194	1	1
2 3868	2 3194	1	1
0 3548	2 3194	1	1
0 4200	2 3194	1	1
3 1486	2 3194	1	1
0 1834	2 3194	1	1
2 3707	2 3195	1	1
3 1118	2 3195	1	1
3 1422	2 3195	1	1
3 541	2 3195	1	1
3 2780	2 3195	1	1
3 2494	2 3195	1	1
2 2992	2 3196	1	1
2 3522	2 3196	1	1
0 3000	2 3196	1	1
1 1496	2 3196	1	1
3 1690	2 3196	1	1
3 2823	2 3196	1	1
2 4798	2 3197	1	1
0 3211	2 3197	1	1
0 3407	2 3197	1	1
1 3972	2 3197	1	1
1 2392	2 3197	1	1
3 3493	2 3197	1	1
2 3352	2 3198	1	1
0 518	2 3198	1	1
0 3751	2 3198	1	1
0 2049	2 3198	1	1
3 476	2 3198	1	1
1 119	2 3198	1	1
0 417	2 3199	1	1
0 3668	2 3199	1	1
0 637	2 3199	1	1
1 3187	2 3199	1	1
1 4207	2 3199	1	1
3 3259	2 3199	1	1
2 119	2 3200	1	1
0 3496	2 3200	1	1
0 4613	2 3200	1	1
0 2891	2 3200	1	1
1 2774	2 3200	1	1
0 3189	2 3200	1	1
2 3953	2 3201	1	1
2 840	2 3201	1	1
2 1869	2 3201	1	1
0 3610	2 3201	1	1
0 3698	2 3201	1	1
1 1097	2 3201	1	1
0 3710	2 3202	1	1
0 478	2 3202	1	1
0 1245	2 3202	1	1
1 1210	2 3202	1	1
3 22	2 3202	1	1
3 2511	2 3202	1	1
2 333	2 3203	1	1
2 1731	2 3203	1	1
0 4237	2 3203	1	1
1 1458	2 3203	1	1
3 2912	2 3203	1	1
3 1630	2 3203	1	1
2 438	2 3204	1	1
2 1834	2 3204	1	1
0 999	2 3204	1	1
0 1032	2 3204	1	1
3 2136	2 3204	1	1
1 3574	2 3204	1	1
2 4514	2 3205	1	1
2 4326	2 3205	1	1
0 17	2 3205	1	1
1 136	2 3205	1	1
3 4032	2 3205	1	1
0 1792	2 3205	1	1
2 1301	2 3206	1	1
2 531	2 3206	1	1
1 1358	2 3206	1	1
1 3188	2 3206	1	1
3 428	2 3206	1	1
0 651	2 3206	1	1
2 1758	2 3207	1	1
0 2042	2 3207	1	1
1 484	2 3207	1	1
1 3361	2 3207	1	1
1 3728	2 3207	1	1
3 1221	2 3207	1	1
2 1633	2 3208	1	1
2 1940	2 3208	1	1
2 4137	2 3208	1	1
0 3007	2 3208	1	1
0 3375	2 3208	1	1
0 2959	2 3208	1	1
1 1817	2 3209	1	1
1 2577	2 3209	1	1
1 424	2 3209	1	1
1 586	2 3209	1	1
3 2341	2 3209	1	1
3 1488	2 3209	1	1
2 3868	2 3210	1	1
0 3849	2 3210	1	1
1 2569	2 3210	1	1
1 3835	2 3210	1	1
3 2573	2 3210	1	1
0 1315	2 3210	1	1
2 4570	2 3211	1	1
1 1676	2 3211	1	1
1 1089	2 3211	1	1
3 2170	2 3211	1	1
3 3418	2 3211	1	1
3 1782	2 3211	1	1
0 4496	2 3212	1	1
1 4395	2 3212	1	1
3 107	2 3212	1	1
3 524	2 3212	1	1
3 1747	2 3212	1	1
3 3173	2 3212	1	1
2 511	2 3213	1	1
0 3071	2 3213	1	1
0 4890	2 3213	1	1
1 4400	2 3213	1	1
3 890	2 3213	1	1
3 4015	2 3213	1	1
2 1723	2 3214	1	1
2 1111	2 3214	1	1
2 3067	2 3214	1	1
0 466	2 3214	1	1
3 1600	2 3214	1	1
0 1789	2 3214	1	1
0 1818	2 3215	1	1
0 62	2 3215	1	1
1 2662	2 3215	1	1
1 771	2 3215	1	1
3 2049	2 3215	1	1
3 2044	2 3215	1	1
0 1376	2 3216	1	1
1 623	2 3216	1	1
1 2897	2 3216	1	1
3 184	2 3216	1	1
3 4887	2 3216	1	1
3 4830	2 3216	1	1
2 656	2 3217	1	1
2 573	2 3217	1	1
1 2301	2 3217	1	1
1 4408	2 3217	1	1
0 700	2 3217	1	1
1 3694	2 3217	1	1
1 3555	2 3218	1	1
3 547	2 3218	1	1
3 249	2 3218	1	1
0 2688	2 3218	1	1
3 1420	2 3218	1	1
1 324	2 3218	1	1
2 3568	2 3219	1	1
2 3932	2 3219	1	1
2 4005	2 3219	1	1
1 3563	2 3219	1	1
3 4494	2 3219	1	1
3 4964	2 3219	1	1
2 4784	2 3220	1	1
0 3879	2 3220	1	1
0 4020	2 3220	1	1
3 4544	2 3220	1	1
3 4127	2 3220	1	1
1 4323	2 3220	1	1
0 4175	2 3221	1	1
0 3631	2 3221	1	1
1 3255	2 3221	1	1
1 4809	2 3221	1	1
3 578	2 3221	1	1
3 2372	2 3221	1	1
2 2517	2 3222	1	1
2 4932	2 3222	1	1
2 476	2 3222	1	1
1 625	2 3222	1	1
3 655	2 3222	1	1
1 4096	2 3222	1	1
2 1965	2 3223	1	1
0 3749	2 3223	1	1
1 357	2 3223	1	1
1 2973	2 3223	1	1
1 3312	2 3223	1	1
3 3651	2 3223	1	1
0 4661	2 3224	1	1
0 4263	2 3224	1	1
0 3957	2 3224	1	1
1 341	2 3224	1	1
1 729	2 3224	1	1
1 2306	2 3224	1	1
0 2321	2 3225	1	1
1 667	2 3225	1	1
1 172	2 3225	1	1
3 3909	2 3225	1	1
0 504	2 3225	1	1
3 1019	2 3225	1	1
2 3733	2 3226	1	1
0 2383	2 3226	1	1
0 4355	2 3226	1	1
0 4442	2 3226	1	1
1 1467	2 3226	1	1
3 1503	2 3226	1	1
2 2784	2 3227	1	1
0 603	2 3227	1	1
3 3006	2 3227	1	1
3 2698	2 3227	1	1
0 2380	2 3227	1	1
0 1367	2 3227	1	1
2 4313	2 3228	1	1
0 1060	2 3228	1	1
0 972	2 3228	1	1
0 3743	2 3228	1	1
0 3661	2 3228	1	1
3 4016	2 3228	1	1
2 2644	2 3229	1	1
0 142	2 3229	1	1
0 4025	2 3229	1	1
0 4388	2 3229	1	1
0 1842	2 3229	1	1
1 1953	2 3229	1	1
0 1234	2 3230	1	1
1 681	2 3230	1	1
1 1138	2 3230	1	1
3 2414	2 3230	1	1
3 753	2 3230	1	1
3 4727	2 3230	1	1
2 935	2 3231	1	1
2 1373	2 3231	1	1
2 3350	2 3231	1	1
0 2142	2 3231	1	1
1 2652	2 3231	1	1
1 1433	2 3231	1	1
2 2277	2 3232	1	1
0 2206	2 3232	1	1
1 1863	2 3232	1	1
1 364	2 3232	1	1
3 834	2 3232	1	1
0 2416	2 3232	1	1
2 3915	2 3233	1	1
0 3476	2 3233	1	1
1 2237	2 3233	1	1
1 1054	2 3233	1	1
3 4014	2 3233	1	1
3 3949	2 3233	1	1
2 384	2 3234	1	1
2 743	2 3234	1	1
0 2237	2 3234	1	1
1 1999	2 3234	1	1
1 307	2 3234	1	1
3 843	2 3234	1	1
2 3971	2 3235	1	1
2 1576	2 3235	1	1
0 1587	2 3235	1	1
1 1941	2 3235	1	1
3 517	2 3235	1	1
3 2583	2 3235	1	1
0 4361	2 3236	1	1
1 3065	2 3236	1	1
3 3351	2 3236	1	1
3 3195	2 3236	1	1
3 3573	2 3236	1	1
3 714	2 3236	1	1
2 1141	2 3237	1	1
2 4017	2 3237	1	1
2 3899	2 3237	1	1
0 2724	2 3237	1	1
3 2966	2 3237	1	1
0 3075	2 3237	1	1
2 881	2 3238	1	1
2 725	2 3238	1	1
0 4792	2 3238	1	1
1 1794	2 3238	1	1
3 2	2 3238	1	1
1 1227	2 3238	1	1
2 2826	2 3239	1	1
2 519	2 3239	1	1
0 386	2 3239	1	1
0 2935	2 3239	1	1
3 1556	2 3239	1	1
3 1625	2 3239	1	1
0 2481	2 3240	1	1
0 3386	2 3240	1	1
0 1582	2 3240	1	1
3 2282	2 3240	1	1
0 1512	2 3240	1	1
1 1541	2 3240	1	1
2 3860	2 3241	1	1
2 4559	2 3241	1	1
0 3363	2 3241	1	1
1 4921	2 3241	1	1
1 3107	2 3241	1	1
1 2057	2 3241	1	1
2 4121	2 3242	1	1
2 209	2 3242	1	1
1 4333	2 3242	1	1
1 3070	2 3242	1	1
3 3475	2 3242	1	1
3 4515	2 3242	1	1
2 2813	2 3243	1	1
0 2997	2 3243	1	1
0 1701	2 3243	1	1
0 32	2 3243	1	1
0 3936	2 3243	1	1
3 1301	2 3243	1	1
2 3055	2 3244	1	1
2 3937	2 3244	1	1
0 3305	2 3244	1	1
0 869	2 3244	1	1
1 633	2 3244	1	1
3 3874	2 3244	1	1
2 316	2 3245	1	1
2 4908	2 3245	1	1
0 3490	2 3245	1	1
1 2199	2 3245	1	1
3 553	2 3245	1	1
3 4371	2 3245	1	1
0 165	2 3246	1	1
0 1083	2 3246	1	1
0 3953	2 3246	1	1
3 2686	2 3246	1	1
0 1810	2 3246	1	1
3 218	2 3246	1	1
2 485	2 3247	1	1
2 2437	2 3247	1	1
1 829	2 3247	1	1
1 2905	2 3247	1	1
1 3744	2 3247	1	1
1 1134	2 3247	1	1
2 1464	2 3248	1	1
0 1039	2 3248	1	1
3 4923	2 3248	1	1
3 1779	2 3248	1	1
3 3504	2 3248	1	1
1 617	2 3248	1	1
2 4270	2 3249	1	1
0 2138	2 3249	1	1
1 232	2 3249	1	1
3 4613	2 3249	1	1
3 3561	2 3249	1	1
1 350	2 3249	1	1
2 1375	2 3250	1	1
2 1588	2 3250	1	1
1 1795	2 3250	1	1
1 2325	2 3250	1	1
1 1837	2 3250	1	1
3 763	2 3250	1	1
2 1844	2 3251	1	1
2 374	2 3251	1	1
0 1797	2 3251	1	1
0 4629	2 3251	1	1
1 1329	2 3251	1	1
1 886	2 3251	1	1
0 636	2 3252	1	1
0 2547	2 3252	1	1
0 1350	2 3252	1	1
1 3767	2 3252	1	1
3 1087	2 3252	1	1
3 949	2 3252	1	1
2 3299	2 3253	1	1
1 4545	2 3253	1	1
1 1853	2 3253	1	1
1 21	2 3253	1	1
3 449	2 3253	1	1
3 3599	2 3253	1	1
2 3504	2 3254	1	1
2 4020	2 3254	1	1
1 329	2 3254	1	1
1 4457	2 3254	1	1
1 4928	2 3254	1	1
3 4315	2 3254	1	1
2 2526	2 3255	1	1
0 1234	2 3255	1	1
1 2	2 3255	1	1
1 3692	2 3255	1	1
3 806	2 3255	1	1
3 1589	2 3255	1	1
2 963	2 3256	1	1
2 3433	2 3256	1	1
1 3363	2 3256	1	1
3 2291	2 3256	1	1
3 3628	2 3256	1	1
1 1620	2 3256	1	1
2 200	2 3257	1	1
0 2038	2 3257	1	1
1 4446	2 3257	1	1
3 2111	2 3257	1	1
1 1317	2 3257	1	1
3 3444	2 3257	1	1
2 1231	2 3258	1	1
0 3745	2 3258	1	1
1 4343	2 3258	1	1
3 2412	2 3258	1	1
0 965	2 3258	1	1
3 344	2 3258	1	1
2 906	2 3259	1	1
2 113	2 3259	1	1
0 864	2 3259	1	1
1 3094	2 3259	1	1
3 2892	2 3259	1	1
3 971	2 3259	1	1
2 387	2 3260	1	1
1 983	2 3260	1	1
1 1515	2 3260	1	1
1 2299	2 3260	1	1
0 4670	2 3260	1	1
1 276	2 3260	1	1
2 4745	2 3261	1	1
2 337	2 3261	1	1
1 4220	2 3261	1	1
1 4634	2 3261	1	1
1 1569	2 3261	1	1
1 2116	2 3261	1	1
2 450	2 3262	1	1
2 875	2 3262	1	1
0 4168	2 3262	1	1
1 3946	2 3262	1	1
1 1972	2 3262	1	1
3 1879	2 3262	1	1
2 1002	2 3263	1	1
2 3236	2 3263	1	1
1 1859	2 3263	1	1
3 4092	2 3263	1	1
0 4482	2 3263	1	1
3 3142	2 3263	1	1
0 4413	2 3264	1	1
0 55	2 3264	1	1
1 1460	2 3264	1	1
1 678	2 3264	1	1
1 534	2 3264	1	1
0 2576	2 3264	1	1
0 1909	2 3265	1	1
1 2413	2 3265	1	1
3 2639	2 3265	1	1
3 369	2 3265	1	1
3 1749	2 3265	1	1
3 1923	2 3265	1	1
2 438	2 3266	1	1
2 4737	2 3266	1	1
2 4714	2 3266	1	1
2 321	2 3266	1	1
0 681	2 3266	1	1
0 2135	2 3266	1	1
2 3816	2 3267	1	1
2 3114	2 3267	1	1
0 2012	2 3267	1	1
1 523	2 3267	1	1
1 174	2 3267	1	1
3 2923	2 3267	1	1
2 4203	2 3268	1	1
2 2445	2 3268	1	1
2 1990	2 3268	1	1
3 3243	2 3268	1	1
3 4067	2 3268	1	1
3 2447	2 3268	1	1
0 4936	2 3269	1	1
0 3056	2 3269	1	1
1 3164	2 3269	1	1
1 2482	2 3269	1	1
3 19	2 3269	1	1
3 4997	2 3269	1	1
2 3659	2 3270	1	1
2 4476	2 3270	1	1
2 2488	2 3270	1	1
2 1170	2 3270	1	1
0 677	2 3270	1	1
3 2009	2 3270	1	1
2 1565	2 3271	1	1
0 53	2 3271	1	1
0 2482	2 3271	1	1
1 984	2 3271	1	1
1 3884	2 3271	1	1
3 715	2 3271	1	1
2 1792	2 3272	1	1
0 1154	2 3272	1	1
3 901	2 3272	1	1
3 2294	2 3272	1	1
3 1802	2 3272	1	1
1 1423	2 3272	1	1
2 2042	2 3273	1	1
0 2956	2 3273	1	1
0 3045	2 3273	1	1
1 3699	2 3273	1	1
1 4878	2 3273	1	1
1 4320	2 3273	1	1
2 3119	2 3274	1	1
0 2232	2 3274	1	1
0 757	2 3274	1	1
1 3815	2 3274	1	1
1 604	2 3274	1	1
3 479	2 3274	1	1
2 95	2 3275	1	1
0 2204	2 3275	1	1
1 1752	2 3275	1	1
1 2876	2 3275	1	1
3 114	2 3275	1	1
3 2727	2 3275	1	1
2 192	2 3276	1	1
0 3534	2 3276	1	1
1 4492	2 3276	1	1
1 3949	2 3276	1	1
3 1479	2 3276	1	1
3 1501	2 3276	1	1
1 4217	2 3277	1	1
1 4771	2 3277	1	1
1 2784	2 3277	1	1
1 217	2 3277	1	1
1 4883	2 3277	1	1
3 3698	2 3277	1	1
2 1395	2 3278	1	1
2 3844	2 3278	1	1
2 2152	2 3278	1	1
0 2133	2 3278	1	1
1 3449	2 3278	1	1
3 493	2 3278	1	1
2 2028	2 3279	1	1
0 3583	2 3279	1	1
1 1251	2 3279	1	1
3 227	2 3279	1	1
3 1246	2 3279	1	1
0 3073	2 3279	1	1
2 4339	2 3280	1	1
1 3003	2 3280	1	1
1 4353	2 3280	1	1
3 1545	2 3280	1	1
3 150	2 3280	1	1
1 1556	2 3280	1	1
2 2735	2 3281	1	1
0 2120	2 3281	1	1
0 3936	2 3281	1	1
0 4640	2 3281	1	1
1 492	2 3281	1	1
1 3769	2 3281	1	1
0 1476	2 3282	1	1
0 2315	2 3282	1	1
1 2495	2 3282	1	1
1 2838	2 3282	1	1
3 4432	2 3282	1	1
0 758	2 3282	1	1
2 2583	2 3283	1	1
0 1895	2 3283	1	1
0 576	2 3283	1	1
1 3505	2 3283	1	1
1 901	2 3283	1	1
3 1867	2 3283	1	1
2 4360	2 3284	1	1
2 3105	2 3284	1	1
0 855	2 3284	1	1
0 807	2 3284	1	1
0 3181	2 3284	1	1
1 1462	2 3284	1	1
2 881	2 3285	1	1
0 3889	2 3285	1	1
0 1791	2 3285	1	1
1 796	2 3285	1	1
3 2373	2 3285	1	1
3 2965	2 3285	1	1
2 1204	2 3286	1	1
2 3140	2 3286	1	1
0 2955	2 3286	1	1
1 276	2 3286	1	1
3 4995	2 3286	1	1
1 3933	2 3286	1	1
2 1559	2 3287	1	1
2 2122	2 3287	1	1
0 3194	2 3287	1	1
0 4456	2 3287	1	1
3 4573	2 3287	1	1
0 2957	2 3287	1	1
2 4858	2 3288	1	1
2 4567	2 3288	1	1
2 328	2 3288	1	1
2 3864	2 3288	1	1
3 4638	2 3288	1	1
3 2938	2 3288	1	1
2 1390	2 3289	2	1
2 1558	2 3289	1	1
0 1776	2 3289	1	1
0 3085	2 3289	1	1
3 4678	2 3289	1	1
2 4431	2 3290	1	1
1 2406	2 3290	1	1
1 934	2 3290	1	1
1 1531	2 3290	1	1
1 1364	2 3290	1	1
1 4317	2 3290	1	1
2 1516	2 3291	1	1
0 667	2 3291	1	1
1 1836	2 3291	1	1
3 3551	2 3291	1	1
0 3747	2 3291	1	1
3 1406	2 3291	1	1
2 2	2 3292	1	1
2 4813	2 3292	1	1
0 4865	2 3292	1	1
0 2489	2 3292	1	1
1 3023	2 3292	1	1
3 1552	2 3292	1	1
2 2369	2 3293	1	1
0 2237	2 3293	1	1
1 2833	2 3293	1	1
3 523	2 3293	1	1
1 571	2 3293	1	1
3 2534	2 3293	1	1
0 2739	2 3294	1	1
1 1315	2 3294	1	1
1 3551	2 3294	1	1
1 1500	2 3294	1	1
1 690	2 3294	1	1
1 2737	2 3294	1	1
2 4372	2 3295	1	1
2 392	2 3295	1	1
2 3137	2 3295	1	1
0 2041	2 3295	1	1
1 4075	2 3295	1	1
3 2501	2 3295	1	1
2 2201	2 3296	1	1
2 4931	2 3296	1	1
2 3967	2 3296	1	1
1 2191	2 3296	1	1
3 2167	2 3296	1	1
1 3714	2 3296	1	1
2 256	2 3297	1	1
2 4494	2 3297	1	1
1 578	2 3297	1	1
1 1204	2 3297	1	1
3 2331	2 3297	1	1
3 1656	2 3297	1	1
2 205	2 3298	1	1
2 3645	2 3298	1	1
1 253	2 3298	1	1
1 1985	2 3298	1	1
1 447	2 3298	1	1
3 3469	2 3298	1	1
2 1980	2 3299	1	1
2 3649	2 3299	1	1
2 2084	2 3299	1	1
2 1235	2 3299	1	1
3 339	2 3299	1	1
3 558	2 3299	1	1
2 1627	2 3300	1	1
2 2719	2 3300	1	1
1 3967	2 3300	1	1
1 3030	2 3300	1	1
3 1923	2 3300	1	1
3 547	2 3300	1	1
2 54	2 3301	1	1
2 3259	2 3301	1	1
2 1106	2 3301	1	1
0 311	2 3301	1	1
0 2614	2 3301	1	1
0 3927	2 3301	1	1
2 1997	2 3302	1	1
0 4013	2 3302	1	1
1 3186	2 3302	1	1
3 3898	2 3302	1	1
0 3221	2 3302	1	1
3 106	2 3302	1	1
2 2446	2 3303	1	1
2 3038	2 3303	1	1
2 3913	2 3303	1	1
2 3637	2 3303	1	1
1 2250	2 3303	1	1
3 4630	2 3303	1	1
2 2411	2 3304	1	1
1 3282	2 3304	1	1
1 3569	2 3304	1	1
1 312	2 3304	1	1
3 2043	2 3304	1	1
3 4175	2 3304	1	1
2 3246	2 3305	1	1
0 697	2 3305	1	1
0 4671	2 3305	1	1
0 2259	2 3305	1	1
3 486	2 3305	1	1
3 2874	2 3305	1	1
2 1527	2 3306	1	1
2 2181	2 3306	1	1
0 1515	2 3306	1	1
3 4477	2 3306	1	1
3 2124	2 3306	1	1
3 2881	2 3306	1	1
2 4154	2 3307	1	1
2 4748	2 3307	1	1
0 4299	2 3307	1	1
0 3691	2 3307	1	1
1 994	2 3307	1	1
3 670	2 3307	1	1
0 579	2 3308	1	1
0 3387	2 3308	1	1
1 2808	2 3308	1	1
3 1177	2 3308	1	1
3 2192	2 3308	1	1
1 3893	2 3308	1	1
0 496	2 3309	1	1
1 4644	2 3309	1	1
1 3677	2 3309	1	1
3 3797	2 3309	1	1
1 65	2 3309	1	1
3 4234	2 3309	1	1
2 3014	2 3310	1	1
2 322	2 3310	1	1
0 104	2 3310	1	1
0 3877	2 3310	1	1
1 2727	2 3310	1	1
3 3852	2 3310	1	1
2 1382	2 3311	1	1
2 4413	2 3311	1	1
0 4673	2 3311	1	1
1 4605	2 3311	1	1
1 2619	2 3311	1	1
3 2901	2 3311	1	1
2 964	2 3312	1	1
0 3546	2 3312	1	1
1 2871	2 3312	1	1
1 3740	2 3312	1	1
3 2797	2 3312	1	1
0 4096	2 3312	1	1
2 2598	2 3313	1	1
0 2173	2 3313	1	1
1 1027	2 3313	1	1
3 366	2 3313	1	1
1 4830	2 3313	1	1
1 4444	2 3313	1	1
2 1919	2 3314	1	1
0 2760	2 3314	1	1
1 3087	2 3314	1	1
1 4054	2 3314	1	1
3 3411	2 3314	1	1
3 3078	2 3314	1	1
2 2916	2 3315	1	1
2 306	2 3315	1	1
1 868	2 3315	1	1
1 3115	2 3315	1	1
3 1796	2 3315	1	1
3 3702	2 3315	1	1
2 4119	2 3316	1	1
2 2531	2 3316	1	1
2 4088	2 3316	1	1
2 4250	2 3316	1	1
0 373	2 3316	1	1
3 4592	2 3316	1	1
2 3776	2 3317	1	1
0 2852	2 3317	1	1
0 4303	2 3317	1	1
1 4030	2 3317	1	1
3 3366	2 3317	1	1
3 4669	2 3317	1	1
2 2898	2 3318	1	1
0 141	2 3318	1	1
0 2622	2 3318	1	1
1 3577	2 3318	1	1
0 1379	2 3318	1	1
3 4426	2 3318	1	1
1 1785	2 3319	1	1
1 3135	2 3319	1	1
3 1622	2 3319	1	1
3 3681	2 3319	1	1
0 3575	2 3319	1	1
1 4958	2 3319	1	1
0 3396	2 3320	1	1
0 2431	2 3320	1	1
1 2833	2 3320	1	1
3 3130	2 3320	1	1
1 1561	2 3320	1	1
3 3657	2 3320	1	1
2 1427	2 3321	1	1
2 1794	2 3321	1	1
3 1180	2 3321	1	1
3 715	2 3321	1	1
1 4287	2 3321	1	1
1 2110	2 3321	1	1
2 2930	2 3322	1	1
0 3264	2 3322	1	1
1 2744	2 3322	1	1
1 2332	2 3322	1	1
3 4336	2 3322	1	1
3 1575	2 3322	1	1
0 4946	2 3323	1	1
1 1679	2 3323	1	1
1 4128	2 3323	1	1
3 1538	2 3323	1	1
3 442	2 3323	1	1
3 3583	2 3323	1	1
0 2593	2 3324	1	1
0 1310	2 3324	1	1
0 1186	2 3324	1	1
0 1725	2 3324	1	1
1 1711	2 3324	1	1
1 4072	2 3324	1	1
2 4503	2 3325	1	1
0 2281	2 3325	1	1
1 4972	2 3325	1	1
1 3204	2 3325	1	1
1 2550	2 3325	1	1
3 1670	2 3325	1	1
0 3757	2 3326	2	1
0 3859	2 3326	1	1
0 3425	2 3326	1	1
1 3456	2 3326	1	1
1 3959	2 3326	1	1
2 3773	2 3327	1	1
2 4687	2 3327	1	1
0 2056	2 3327	1	1
0 4843	2 3327	1	1
0 4695	2 3327	1	1
0 3963	2 3327	1	1
2 739	2 3328	1	1
2 1741	2 3328	1	1
0 421	2 3328	1	1
1 2922	2 3328	1	1
3 4489	2 3328	1	1
3 2494	2 3328	1	1
2 3581	2 3329	1	1
0 2793	2 3329	1	1
0 2615	2 3329	1	1
0 2067	2 3329	1	1
3 3788	2 3329	1	1
3 3964	2 3329	1	1
2 1891	2 3330	1	1
2 4000	2 3330	1	1
3 3487	2 3330	1	1
3 2006	2 3330	1	1
3 2784	2 3330	1	1
3 1493	2 3330	1	1
2 2371	2 3331	1	1
0 1307	2 3331	1	1
1 612	2 3331	1	1
3 4965	2 3331	1	1
3 4368	2 3331	1	1
1 158	2 3331	1	1
2 2675	2 3332	1	1
2 1470	2 3332	1	1
2 2626	2 3332	1	1
0 3518	2 3332	1	1
1 3348	2 3332	1	1
1 1831	2 3332	1	1
2 4474	2 3333	1	1
0 4420	2 3333	1	1
1 1980	2 3333	1	1
3 1825	2 3333	1	1
3 4525	2 3333	1	1
1 3816	2 3333	1	1
2 4473	2 3334	1	1
2 671	2 3334	1	1
0 751	2 3334	1	1
0 3517	2 3334	1	1
1 2520	2 3334	1	1
3 1108	2 3334	1	1
2 1771	2 3335	1	1
0 462	2 3335	1	1
0 3695	2 3335	1	1
0 1770	2 3335	1	1
1 1362	2 3335	1	1
0 2652	2 3335	1	1
2 2632	2 3336	1	1
2 1529	2 3336	1	1
2 768	2 3336	1	1
0 2917	2 3336	1	1
3 2499	2 3336	1	1
1 1879	2 3336	1	1
2 2023	2 3337	1	1
1 1899	2 3337	1	1
1 985	2 3337	1	1
3 3905	2 3337	1	1
0 1052	2 3337	1	1
1 906	2 3337	1	1
2 2334	2 3338	1	1
0 2166	2 3338	1	1
0 3574	2 3338	1	1
1 1369	2 3338	1	1
1 4471	2 3338	1	1
1 2216	2 3338	1	1
2 824	2 3339	1	1
2 681	2 3339	1	1
0 346	2 3339	1	1
0 1244	2 3339	1	1
1 2180	2 3339	1	1
3 2611	2 3339	1	1
2 3886	2 3340	1	1
2 1712	2 3340	1	1
1 2981	2 3340	1	1
1 859	2 3340	1	1
1 2636	2 3340	1	1
3 2045	2 3340	1	1
0 1054	2 3341	1	1
0 1651	2 3341	1	1
0 357	2 3341	1	1
1 4152	2 3341	1	1
1 4756	2 3341	1	1
3 1353	2 3341	1	1
0 796	2 3342	1	1
1 4734	2 3342	1	1
1 640	2 3342	1	1
1 153	2 3342	1	1
1 695	2 3342	1	1
3 3081	2 3342	1	1
0 2285	2 3343	1	1
1 4428	2 3343	1	1
1 3816	2 3343	1	1
3 3571	2 3343	1	1
3 2124	2 3343	1	1
0 3921	2 3343	1	1
2 3617	2 3344	1	1
2 4642	2 3344	1	1
2 3024	2 3344	1	1
0 891	2 3344	1	1
3 4192	2 3344	1	1
3 2817	2 3344	1	1
2 2424	2 3345	1	1
2 4399	2 3345	1	1
2 4011	2 3345	1	1
1 1401	2 3345	1	1
3 3403	2 3345	1	1
3 4283	2 3345	1	1
2 2533	2 3346	1	1
2 339	2 3346	1	1
0 2799	2 3346	1	1
1 1569	2 3346	1	1
3 4983	2 3346	1	1
3 3606	2 3346	1	1
2 3076	2 3347	1	1
0 4545	2 3347	1	1
0 4458	2 3347	1	1
1 303	2 3347	1	1
3 3830	2 3347	1	1
1 4812	2 3347	1	1
0 4678	2 3348	1	1
1 2238	2 3348	1	1
3 3784	2 3348	1	1
3 957	2 3348	1	1
3 4153	2 3348	1	1
0 1470	2 3348	1	1
2 1549	2 3349	1	1
2 4642	2 3349	1	1
2 4763	2 3349	1	1
1 4408	2 3349	1	1
3 2825	2 3349	1	1
3 4834	2 3349	1	1
2 3366	2 3350	1	1
2 98	2 3350	1	1
1 4953	2 3350	1	1
1 3406	2 3350	1	1
3 506	2 3350	1	1
3 4179	2 3350	1	1
2 3482	2 3351	1	1
2 3877	2 3351	1	1
2 4534	2 3351	1	1
1 1141	2 3351	1	1
1 1237	2 3351	1	1
3 3778	2 3351	1	1
2 2101	2 3352	1	1
2 745	2 3352	1	1
2 1693	2 3352	1	1
1 4156	2 3352	1	1
3 1640	2 3352	1	1
3 1703	2 3352	1	1
2 3222	2 3353	1	1
2 3793	2 3353	1	1
0 3600	2 3353	1	1
0 2609	2 3353	1	1
1 4131	2 3353	1	1
3 2328	2 3353	1	1
2 3571	2 3354	1	1
2 458	2 3354	1	1
2 2009	2 3354	1	1
0 1112	2 3354	1	1
0 4828	2 3354	1	1
1 1394	2 3354	1	1
2 1607	2 3355	1	1
2 1216	2 3355	1	1
2 1649	2 3355	1	1
2 1221	2 3355	1	1
2 2453	2 3355	1	1
3 3470	2 3355	1	1
2 3008	2 3356	1	1
2 1953	2 3356	1	1
0 4144	2 3356	1	1
1 977	2 3356	1	1
1 4789	2 3356	1	1
3 402	2 3356	1	1
2 3496	2 3357	1	1
2 3825	2 3357	1	1
1 1946	2 3357	1	1
1 1731	2 3357	1	1
1 3756	2 3357	1	1
0 3894	2 3357	1	1
2 1816	2 3358	1	1
2 4417	2 3358	1	1
0 2223	2 3358	1	1
1 3911	2 3358	1	1
1 3613	2 3358	1	1
3 4649	2 3358	1	1
2 1650	2 3359	1	1
2 3983	2 3359	1	1
2 4759	2 3359	1	1
0 1619	2 3359	1	1
1 3556	2 3359	1	1
3 563	2 3359	1	1
2 3178	2 3360	1	1
2 3510	2 3360	1	1
2 2597	2 3360	1	1
0 4596	2 3360	1	1
1 1593	2 3360	1	1
1 242	2 3360	1	1
2 3546	2 3361	1	1
1 1436	2 3361	1	1
1 1131	2 3361	1	1
3 4421	2 3361	1	1
3 4223	2 3361	1	1
3 2247	2 3361	1	1
2 4136	2 3362	1	1
0 2026	2 3362	1	1
0 3813	2 3362	1	1
1 593	2 3362	1	1
3 3662	2 3362	1	1
3 142	2 3362	1	1
2 1745	2 3363	1	1
0 4125	2 3363	1	1
1 1034	2 3363	1	1
1 2393	2 3363	1	1
1 1536	2 3363	1	1
1 2149	2 3363	1	1
1 3713	2 3364	1	1
1 1344	2 3364	1	1
3 2201	2 3364	1	1
3 2292	2 3364	1	1
0 4809	2 3364	1	1
3 1137	2 3364	1	1
2 638	2 3365	1	1
1 100	2 3365	1	1
1 4257	2 3365	1	1
1 1880	2 3365	1	1
3 1476	2 3365	1	1
3 3346	2 3365	1	1
2 3492	2 3366	1	1
0 2213	2 3366	1	1
0 781	2 3366	1	1
0 2848	2 3366	1	1
3 4785	2 3366	1	1
3 4295	2 3366	1	1
0 4151	2 3367	1	1
0 3822	2 3367	1	1
0 3133	2 3367	1	1
1 637	2 3367	1	1
1 2275	2 3367	1	1
1 4494	2 3367	1	1
2 2208	2 3368	1	1
0 815	2 3368	1	1
0 3879	2 3368	1	1
1 4345	2 3368	1	1
3 565	2 3368	1	1
1 2377	2 3368	1	1
0 1289	2 3369	1	1
0 544	2 3369	1	1
0 3968	2 3369	1	1
1 3212	2 3369	1	1
3 3020	2 3369	1	1
0 3575	2 3369	1	1
2 4578	2 3370	1	1
0 4715	2 3370	1	1
0 3541	2 3370	1	1
0 3404	2 3370	1	1
3 3613	2 3370	1	1
0 119	2 3370	1	1
2 3408	2 3371	1	1
2 4757	2 3371	1	1
0 1325	2 3371	1	1
0 1112	2 3371	1	1
1 1676	2 3371	1	1
3 643	2 3371	1	1
2 3734	2 3372	1	1
0 3289	2 3372	1	1
1 2286	2 3372	1	1
1 2251	2 3372	1	1
3 735	2 3372	1	1
3 2875	2 3372	1	1
0 3631	2 3373	1	1
0 4144	2 3373	1	1
3 3239	2 3373	1	1
3 3146	2 3373	1	1
3 4920	2 3373	1	1
3 3530	2 3373	1	1
1 990	2 3374	1	1
1 973	2 3374	1	1
3 1572	2 3374	1	1
3 1567	2 3374	1	1
3 3093	2 3374	1	1
0 4559	2 3374	1	1
2 3538	2 3375	1	1
2 4358	2 3375	1	1
0 3813	2 3375	1	1
1 1026	2 3375	1	1
3 2051	2 3375	1	1
3 1456	2 3375	1	1
2 2440	2 3376	1	1
2 4452	2 3376	1	1
2 45	2 3376	1	1
1 3210	2 3376	1	1
3 2248	2 3376	1	1
1 4071	2 3376	1	1
2 560	2 3377	1	1
2 4762	2 3377	1	1
2 3919	2 3377	1	1
1 1708	2 3377	1	1
0 1224	2 3377	1	1
1 184	2 3377	1	1
2 836	2 3378	1	1
0 2420	2 3378	1	1
0 1450	2 3378	1	1
1 1286	2 3378	1	1
3 3399	2 3378	1	1
3 1265	2 3378	1	1
0 4891	2 3379	1	1
0 4007	2 3379	1	1
1 2038	2 3379	1	1
3 664	2 3379	1	1
3 3152	2 3379	1	1
0 3992	2 3379	1	1
2 3299	2 3380	1	1
0 543	2 3380	1	1
0 2313	2 3380	1	1
1 70	2 3380	1	1
3 1078	2 3380	1	1
3 3648	2 3380	1	1
2 3286	2 3381	1	1
2 3808	2 3381	1	1
0 2046	2 3381	1	1
1 2937	2 3381	1	1
3 1060	2 3381	1	1
3 688	2 3381	1	1
2 2070	2 3382	1	1
0 2590	2 3382	1	1
0 4584	2 3382	1	1
0 1078	2 3382	1	1
0 513	2 3382	1	1
3 1535	2 3382	1	1
2 3737	2 3383	1	1
2 864	2 3383	1	1
0 3314	2 3383	1	1
1 1124	2 3383	1	1
1 2833	2 3383	1	1
1 3679	2 3383	1	1
2 1637	2 3384	1	1
0 4741	2 3384	1	1
0 104	2 3384	1	1
1 4324	2 3384	1	1
3 2638	2 3384	1	1
0 2653	2 3384	1	1
2 3528	2 3385	1	1
2 4007	2 3385	1	1
0 124	2 3385	1	1
0 4149	2 3385	1	1
1 2838	2 3385	1	1
0 4550	2 3385	1	1
2 1779	2 3386	1	1
1 4563	2 3386	1	1
1 633	2 3386	1	1
3 29	2 3386	1	1
1 961	2 3386	1	1
3 1554	2 3386	1	1
0 9	2 3387	1	1
1 3506	2 3387	1	1
1 3124	2 3387	1	1
1 2297	2 3387	1	1
3 1087	2 3387	1	1
1 4938	2 3387	1	1
2 3737	2 3388	1	1
0 2768	2 3388	1	1
1 1562	2 3388	1	1
3 4123	2 3388	1	1
3 3599	2 3388	1	1
0 4641	2 3388	1	1
2 2485	2 3389	1	1
2 2010	2 3389	1	1
0 2961	2 3389	1	1
0 1728	2 3389	1	1
1 1119	2 3389	1	1
1 4992	2 3389	1	1
2 1025	2 3390	1	1
2 4637	2 3390	1	1
2 4439	2 3390	1	1
1 850	2 3390	1	1
1 3037	2 3390	1	1
3 1798	2 3390	1	1
0 860	2 3391	1	1
0 3733	2 3391	1	1
1 1588	2 3391	1	1
1 2834	2 3391	1	1
3 4643	2 3391	1	1
3 1177	2 3391	1	1
2 3769	2 3392	1	1
2 3922	2 3392	1	1
0 4837	2 3392	1	1
1 2437	2 3392	1	1
3 450	2 3392	1	1
1 3396	2 3392	1	1
2 4966	2 3393	1	1
0 2411	2 3393	1	1
1 1737	2 3393	1	1
1 4594	2 3393	1	1
1 4142	2 3393	1	1
3 3619	2 3393	1	1
2 1605	2 3394	1	1
2 3050	2 3394	1	1
1 4044	2 3394	1	1
1 3476	2 3394	1	1
3 1505	2 3394	1	1
3 1627	2 3394	1	1
0 3462	2 3395	1	1
1 3689	2 3395	1	1
3 4944	2 3395	1	1
3 3090	2 3395	1	1
0 789	2 3395	1	1
0 4952	2 3395	1	1
2 3323	2 3396	1	1
0 3311	2 3396	1	1
0 550	2 3396	1	1
0 98	2 3396	1	1
3 3285	2 3396	1	1
0 3835	2 3396	1	1
0 2310	2 3397	1	1
0 4134	2 3397	1	1
1 538	2 3397	1	1
3 53	2 3397	1	1
0 4608	2 3397	1	1
0 71	2 3397	1	1
2 1087	2 3398	1	1
0 2766	2 3398	1	1
1 4587	2 3398	1	1
1 4040	2 3398	1	1
1 1306	2 3398	1	1
3 3819	2 3398	1	1
2 887	2 3399	1	1
2 483	2 3399	1	1
2 4858	2 3399	1	1
0 3291	2 3399	1	1
3 3410	2 3399	1	1
1 1002	2 3399	1	1
2 916	2 3400	1	1
2 2451	2 3400	1	1
0 4816	2 3400	1	1
1 4535	2 3400	1	1
3 1555	2 3400	1	1
0 2116	2 3400	1	1
0 3698	2 3401	1	1
1 1444	2 3401	1	1
1 594	2 3401	1	1
1 608	2 3401	1	1
1 1401	2 3401	1	1
3 2081	2 3401	1	1
0 3364	2 3402	1	1
1 1387	2 3402	1	1
1 384	2 3402	1	1
3 4911	2 3402	1	1
1 2063	2 3402	1	1
1 3457	2 3402	1	1
2 288	2 3403	1	1
2 4620	2 3403	1	1
0 3398	2 3403	1	1
0 4075	2 3403	1	1
0 4337	2 3403	1	1
1 1660	2 3403	1	1
2 62	2 3404	1	1
2 971	2 3404	1	1
2 71	2 3404	1	1
1 4104	2 3404	1	1
1 3183	2 3404	1	1
1 783	2 3404	1	1
2 3259	2 3405	1	1
0 4840	2 3405	1	1
0 794	2 3405	1	1
1 4709	2 3405	1	1
3 4130	2 3405	1	1
3 3292	2 3405	1	1
2 568	2 3406	1	1
0 4576	2 3406	1	1
3 1854	2 3406	1	1
3 22	2 3406	1	1
3 820	2 3406	1	1
0 2007	2 3406	1	1
2 1764	2 3407	1	1
2 3273	2 3407	1	1
1 1869	2 3407	1	1
3 3422	2 3407	1	1
3 3403	2 3407	1	1
1 1343	2 3407	1	1
0 2809	2 3408	1	1
0 4080	2 3408	1	1
0 1615	2 3408	1	1
3 2484	2 3408	1	1
3 2734	2 3408	1	1
3 1629	2 3408	1	1
2 4683	2 3409	1	1
2 4172	2 3409	1	1
2 2796	2 3409	1	1
0 3826	2 3409	1	1
1 4037	2 3409	1	1
1 1527	2 3409	1	1
2 2304	2 3410	1	1
2 3198	2 3410	1	1
0 2344	2 3410	1	1
0 1273	2 3410	1	1
1 4252	2 3410	1	1
3 4802	2 3410	1	1
2 2831	2 3411	1	1
2 2548	2 3411	1	1
2 4253	2 3411	1	1
0 2883	2 3411	1	1
1 4561	2 3411	1	1
3 3827	2 3411	1	1
2 1685	2 3412	1	1
2 2365	2 3412	1	1
2 417	2 3412	1	1
0 1916	2 3412	1	1
0 3670	2 3412	1	1
0 3451	2 3412	1	1
0 4366	2 3413	1	1
0 850	2 3413	1	1
0 701	2 3413	1	1
1 2076	2 3413	1	1
3 4557	2 3413	1	1
3 885	2 3413	1	1
0 2485	2 3414	1	1
1 150	2 3414	1	1
1 1467	2 3414	1	1
3 954	2 3414	1	1
3 2009	2 3414	1	1
3 1345	2 3414	1	1
0 2840	2 3415	1	1
1 1635	2 3415	1	1
3 1810	2 3415	1	1
3 3294	2 3415	1	1
3 2537	2 3415	1	1
0 3051	2 3415	1	1
2 1755	2 3416	1	1
2 750	2 3416	1	1
0 1314	2 3416	1	1
0 4020	2 3416	1	1
1 4853	2 3416	1	1
3 3952	2 3416	1	1
1 4290	2 3417	1	1
3 4393	2 3417	1	1
3 2207	2 3417	1	1
3 4577	2 3417	1	1
3 504	2 3417	1	1
3 1119	2 3417	1	1
2 4903	2 3418	1	1
2 3936	2 3418	1	1
2 3824	2 3418	1	1
3 3425	2 3418	1	1
3 1960	2 3418	1	1
3 4068	2 3418	1	1
2 1690	2 3419	1	1
2 2028	2 3419	1	1
2 2783	2 3419	1	1
2 2205	2 3419	1	1
0 2370	2 3419	1	1
1 3422	2 3419	1	1
0 2476	2 3420	1	1
0 218	2 3420	1	1
0 4019	2 3420	1	1
3 1443	2 3420	1	1
3 2618	2 3420	1	1
1 978	2 3420	1	1
0 2642	2 3421	1	1
0 3783	2 3421	1	1
1 34	2 3421	1	1
3 2997	2 3421	1	1
3 1454	2 3421	1	1
3 4506	2 3421	1	1
2 1610	2 3422	1	1
2 4996	2 3422	1	1
2 4976	2 3422	1	1
1 3440	2 3422	1	1
1 2465	2 3422	1	1
1 3328	2 3422	1	1
2 4533	2 3423	1	1
0 1366	2 3423	1	1
0 1560	2 3423	1	1
1 1455	2 3423	1	1
1 3668	2 3423	1	1
3 2375	2 3423	1	1
2 2379	2 3424	1	1
0 2874	2 3424	1	1
0 2596	2 3424	1	1
1 3949	2 3424	1	1
1 912	2 3424	1	1
3 55	2 3424	1	1
2 2606	2 3425	1	1
2 1262	2 3425	1	1
0 1068	2 3425	1	1
0 4514	2 3425	1	1
1 271	2 3425	1	1
1 398	2 3425	1	1
2 423	2 3426	1	1
0 2965	2 3426	1	1
1 4886	2 3426	1	1
3 3005	2 3426	1	1
1 2883	2 3426	1	1
0 3966	2 3426	1	1
2 3403	2 3427	1	1
0 2045	2 3427	1	1
0 4189	2 3427	1	1
1 1527	2 3427	1	1
1 1378	2 3427	1	1
1 2684	2 3427	1	1
2 4179	2 3428	1	1
2 4950	2 3428	1	1
2 2646	2 3428	1	1
0 4712	2 3428	1	1
0 3903	2 3428	1	1
3 1412	2 3428	1	1
2 619	2 3429	1	1
2 1731	2 3429	1	1
1 432	2 3429	1	1
3 1580	2 3429	1	1
3 2830	2 3429	1	1
1 1556	2 3429	1	1
2 4160	2 3430	1	1
2 1675	2 3430	1	1
0 4522	2 3430	1	1
0 1	2 3430	1	1
0 3493	2 3430	1	1
1 882	2 3430	1	1
2 2437	2 3431	1	1
2 4210	2 3431	1	1
0 1206	2 3431	1	1
1 4099	2 3431	1	1
1 191	2 3431	1	1
1 3632	2 3431	1	1
2 4375	2 3432	1	1
0 4082	2 3432	1	1
0 2829	2 3432	1	1
1 4615	2 3432	1	1
1 339	2 3432	1	1
3 3205	2 3432	1	1
2 679	2 3433	1	1
2 4704	2 3433	1	1
0 1122	2 3433	1	1
0 3361	2 3433	1	1
3 3990	2 3433	1	1
3 1720	2 3433	1	1
2 1257	2 3434	1	1
2 904	2 3434	1	1
2 518	2 3434	1	1
1 1824	2 3434	1	1
3 1699	2 3434	1	1
3 2039	2 3434	1	1
2 930	2 3435	1	1
0 3638	2 3435	1	1
1 2730	2 3435	1	1
1 3708	2 3435	1	1
3 4028	2 3435	1	1
0 3910	2 3435	1	1
2 2501	2 3436	1	1
0 1889	2 3436	1	1
0 349	2 3436	1	1
1 4461	2 3436	1	1
1 296	2 3436	1	1
0 328	2 3436	1	1
2 3276	2 3437	1	1
2 2430	2 3437	1	1
2 2342	2 3437	1	1
1 3672	2 3437	1	1
1 788	2 3437	1	1
1 2683	2 3437	1	1
0 891	2 3438	1	1
1 4780	2 3438	1	1
1 1303	2 3438	1	1
3 4604	2 3438	1	1
3 1402	2 3438	1	1
3 1853	2 3438	1	1
2 1148	2 3439	1	1
0 4784	2 3439	1	1
0 3985	2 3439	1	1
1 230	2 3439	1	1
1 4702	2 3439	1	1
3 2722	2 3439	1	1
2 1922	2 3440	1	1
2 1928	2 3440	1	1
0 271	2 3440	1	1
0 4663	2 3440	1	1
1 4141	2 3440	1	1
1 2163	2 3440	1	1
2 833	2 3441	1	1
0 14	2 3441	1	1
0 223	2 3441	1	1
3 2503	2 3441	1	1
3 2964	2 3441	1	1
0 2719	2 3441	1	1
2 3331	2 3442	1	1
2 512	2 3442	1	1
0 3321	2 3442	1	1
0 2953	2 3442	1	1
3 10	2 3442	1	1
1 3308	2 3442	1	1
3 3652	2 3443	1	1
3 2185	2 3443	1	1
3 1350	2 3443	1	1
0 881	2 3443	1	1
0 1022	2 3443	1	1
1 666	2 3443	1	1
2 2302	2 3444	1	1
0 1601	2 3444	1	1
1 765	2 3444	1	1
1 2585	2 3444	1	1
3 3459	2 3444	1	1
3 4097	2 3444	1	1
0 2128	2 3445	1	1
1 3724	2 3445	1	1
3 3692	2 3445	1	1
3 2687	2 3445	1	1
3 3065	2 3445	1	1
0 1385	2 3445	1	1
2 51	2 3446	1	1
0 1438	2 3446	1	1
0 1451	2 3446	1	1
1 1875	2 3446	1	1
1 377	2 3446	1	1
1 4907	2 3446	1	1
2 4706	2 3447	1	1
2 970	2 3447	1	1
0 355	2 3447	1	1
1 36	2 3447	1	1
1 1087	2 3447	1	1
1 79	2 3447	1	1
2 1089	2 3448	1	1
2 1156	2 3448	1	1
2 1380	2 3448	1	1
2 104	2 3448	1	1
0 4729	2 3448	1	1
3 2821	2 3448	1	1
2 2157	2 3449	1	1
2 4737	2 3449	1	1
1 3116	2 3449	1	1
1 4486	2 3449	1	1
3 4498	2 3449	1	1
0 2433	2 3449	1	1
2 1288	2 3450	1	1
2 2546	2 3450	1	1
1 1777	2 3450	1	1
3 2199	2 3450	1	1
1 1044	2 3450	1	1
1 2680	2 3450	1	1
2 2344	2 3451	1	1
2 3909	2 3451	1	1
0 2430	2 3451	1	1
1 4677	2 3451	1	1
3 717	2 3451	1	1
3 2260	2 3451	1	1
2 18	2 3452	1	1
2 3233	2 3452	1	1
1 1248	2 3452	1	1
1 2774	2 3452	1	1
3 2143	2 3452	1	1
3 2097	2 3452	1	1
0 3431	2 3453	1	1
0 4163	2 3453	1	1
0 1781	2 3453	1	1
1 3097	2 3453	1	1
1 4672	2 3453	1	1
3 2336	2 3453	1	1
2 1293	2 3454	1	1
0 1571	2 3454	1	1
0 2817	2 3454	1	1
1 3152	2 3454	1	1
0 1694	2 3454	1	1
3 2887	2 3454	1	1
2 3953	2 3455	1	1
2 2118	2 3455	1	1
1 4926	2 3455	1	1
1 2009	2 3455	1	1
3 2225	2 3455	1	1
1 1709	2 3455	1	1
2 1262	2 3456	1	1
2 2742	2 3456	1	1
2 3045	2 3456	1	1
1 2516	2 3456	1	1
1 2738	2 3456	1	1
1 1234	2 3456	1	1
2 2156	2 3457	1	1
0 4361	2 3457	1	1
0 3348	2 3457	1	1
1 2740	2 3457	1	1
3 2426	2 3457	1	1
3 408	2 3457	1	1
0 2659	2 3458	1	1
0 2754	2 3458	1	1
1 1063	2 3458	1	1
1 3271	2 3458	1	1
3 1502	2 3458	1	1
3 520	2 3458	1	1
2 1351	2 3459	1	1
2 717	2 3459	1	1
0 4558	2 3459	1	1
1 2653	2 3459	1	1
1 1729	2 3459	1	1
0 1983	2 3459	1	1
1 4008	2 3460	1	1
1 1162	2 3460	1	1
1 4047	2 3460	1	1
1 3334	2 3460	1	1
1 2095	2 3460	1	1
3 45	2 3460	1	1
2 1400	2 3461	1	1
2 3966	2 3461	1	1
1 2362	2 3461	1	1
3 4163	2 3461	1	1
3 1579	2 3461	1	1
1 2387	2 3461	1	1
2 2648	2 3462	1	1
2 2813	2 3462	1	1
2 1528	2 3462	1	1
0 4538	2 3462	1	1
3 2743	2 3462	1	1
3 1234	2 3462	1	1
2 3783	2 3463	1	1
2 3186	2 3463	1	1
0 2249	2 3463	1	1
1 1249	2 3463	1	1
1 4580	2 3463	1	1
3 3443	2 3463	1	1
2 413	2 3464	1	1
1 2445	2 3464	1	1
1 4251	2 3464	1	1
0 4707	2 3464	1	1
0 1288	2 3464	1	1
1 4243	2 3464	1	1
0 3707	2 3465	1	1
0 2881	2 3465	1	1
0 4458	2 3465	1	1
1 231	2 3465	1	1
3 1908	2 3465	1	1
3 937	2 3465	1	1
2 3569	2 3466	1	1
1 1178	2 3466	1	1
1 3055	2 3466	1	1
1 4872	2 3466	1	1
3 2127	2 3466	1	1
1 446	2 3466	1	1
0 4338	2 3467	1	1
0 828	2 3467	1	1
0 1378	2 3467	1	1
3 2223	2 3467	1	1
3 2550	2 3467	1	1
3 3455	2 3467	1	1
2 4605	2 3468	1	1
0 2351	2 3468	1	1
0 3548	2 3468	1	1
1 2332	2 3468	1	1
1 4294	2 3468	1	1
0 3310	2 3468	1	1
2 4395	2 3469	1	1
0 2596	2 3469	1	1
1 145	2 3469	1	1
1 849	2 3469	1	1
1 1902	2 3469	1	1
3 2595	2 3469	1	1
2 1068	2 3470	1	1
0 2638	2 3470	1	1
0 4593	2 3470	1	1
0 616	2 3470	1	1
1 4725	2 3470	1	1
0 687	2 3470	1	1
2 1631	2 3471	1	1
2 474	2 3471	1	1
2 1987	2 3471	1	1
0 554	2 3471	1	1
1 3851	2 3471	1	1
3 4110	2 3471	1	1
2 101	2 3472	1	1
2 4334	2 3472	1	1
2 801	2 3472	1	1
0 475	2 3472	1	1
1 2236	2 3472	1	1
0 2538	2 3472	1	1
2 389	2 3473	1	1
2 4287	2 3473	1	1
2 2272	2 3473	1	1
3 854	2 3473	1	1
3 2696	2 3473	1	1
3 4592	2 3473	1	1
2 2013	2 3474	1	1
2 4570	2 3474	1	1
1 223	2 3474	1	1
3 3150	2 3474	1	1
3 1879	2 3474	1	1
3 2130	2 3474	1	1
2 2288	2 3475	1	1
2 777	2 3475	1	1
0 3638	2 3475	1	1
1 3235	2 3475	1	1
3 2596	2 3475	1	1
3 1275	2 3475	1	1
2 4021	2 3476	1	1
2 1942	2 3476	1	1
2 552	2 3476	1	1
2 2348	2 3476	1	1
1 3919	2 3476	1	1
3 2482	2 3476	1	1
2 4616	2 3477	1	1
2 3994	2 3477	1	1
0 1566	2 3477	1	1
3 602	2 3477	1	1
3 271	2 3477	1	1
0 4183	2 3477	1	1
2 979	2 3478	1	1
0 1451	2 3478	1	1
0 2754	2 3478	1	1
1 3771	2 3478	1	1
1 1619	2 3478	1	1
1 1644	2 3478	1	1
2 2997	2 3479	1	1
2 2620	2 3479	1	1
0 879	2 3479	1	1
1 4754	2 3479	1	1
3 4016	2 3479	1	1
3 3188	2 3479	1	1
2 31	2 3480	1	1
0 1103	2 3480	1	1
0 902	2 3480	1	1
3 70	2 3480	1	1
0 4455	2 3480	1	1
1 3222	2 3480	1	1
2 3520	2 3481	1	1
0 4678	2 3481	1	1
1 4038	2 3481	1	1
1 4396	2 3481	1	1
3 3783	2 3481	1	1
1 4370	2 3481	1	1
0 1589	2 3482	1	1
1 4895	2 3482	1	1
1 3937	2 3482	1	1
1 2224	2 3482	1	1
1 3856	2 3482	1	1
3 2563	2 3482	1	1
2 1980	2 3483	1	1
2 4710	2 3483	1	1
2 3180	2 3483	1	1
0 3125	2 3483	1	1
1 2075	2 3483	1	1
1 3525	2 3483	1	1
0 3864	2 3484	1	1
3 4897	2 3484	1	1
3 1977	2 3484	1	1
3 1898	2 3484	1	1
1 3440	2 3484	1	1
1 2272	2 3484	1	1
2 793	2 3485	1	1
2 1787	2 3485	1	1
2 3193	2 3485	1	1
0 2987	2 3485	1	1
1 879	2 3485	1	1
3 4123	2 3485	1	1
2 2963	2 3486	1	1
2 3969	2 3486	1	1
1 106	2 3486	1	1
3 2752	2 3486	1	1
0 2199	2 3486	1	1
3 2691	2 3486	1	1
2 4162	2 3487	1	1
1 3403	2 3487	1	1
1 72	2 3487	1	1
3 4691	2 3487	1	1
3 1794	2 3487	1	1
3 1758	2 3487	1	1
2 4852	2 3488	1	1
0 4151	2 3488	1	1
1 1923	2 3488	1	1
3 3071	2 3488	1	1
3 2984	2 3488	1	1
3 4279	2 3488	1	1
2 4694	2 3489	1	1
1 4914	2 3489	1	1
3 3556	2 3489	1	1
3 1892	2 3489	1	1
3 4762	2 3489	1	1
0 3552	2 3489	1	1
0 4131	2 3490	1	1
0 1579	2 3490	1	1
1 2594	2 3490	1	1
1 148	2 3490	1	1
1 349	2 3490	1	1
0 1347	2 3490	1	1
2 4928	2 3491	1	1
2 94	2 3491	1	1
0 3427	2 3491	1	1
1 389	2 3491	1	1
3 2171	2 3491	1	1
0 3240	2 3491	1	1
2 3710	2 3492	1	1
2 1714	2 3492	1	1
1 2068	2 3492	1	1
1 747	2 3492	1	1
3 192	2 3492	1	1
3 2588	2 3492	1	1
2 4491	2 3493	1	1
1 2621	2 3493	1	1
1 834	2 3493	1	1
1 2913	2 3493	1	1
3 2585	2 3493	1	1
1 2443	2 3493	1	1
2 1391	2 3494	1	1
0 4919	2 3494	1	1
1 182	2 3494	1	1
1 2185	2 3494	1	1
3 1509	2 3494	1	1
1 2815	2 3494	1	1
2 605	2 3495	1	1
2 471	2 3495	1	1
2 4507	2 3495	1	1
0 1705	2 3495	1	1
1 363	2 3495	1	1
3 202	2 3495	1	1
1 393	2 3496	1	1
3 1112	2 3496	1	1
0 3342	2 3496	1	1
1 2298	2 3496	1	1
1 4547	2 3496	1	1
1 4575	2 3496	1	1
2 2874	2 3497	1	1
0 3924	2 3497	1	1
0 2345	2 3497	1	1
1 2684	2 3497	1	1
1 1413	2 3497	1	1
1 1374	2 3497	1	1
1 3349	2 3498	1	1
1 3843	2 3498	1	1
3 3166	2 3498	1	1
1 4904	2 3498	1	1
1 4098	2 3498	1	1
1 3196	2 3498	1	1
2 2259	2 3499	1	1
2 1626	2 3499	1	1
0 1412	2 3499	1	1
0 801	2 3499	1	1
3 4628	2 3499	1	1
1 4623	2 3499	1	1
2 251	2 3500	1	1
2 4847	2 3500	1	1
0 748	2 3500	1	1
0 2803	2 3500	1	1
0 4888	2 3500	1	1
3 1573	2 3500	1	1
0 2283	2 3501	1	1
0 2602	2 3501	1	1
1 1888	2 3501	1	1
1 4089	2 3501	1	1
3 2057	2 3501	1	1
3 2131	2 3501	1	1
2 1158	2 3502	1	1
2 991	2 3502	1	1
0 4379	2 3502	1	1
0 149	2 3502	1	1
1 2784	2 3502	1	1
3 4753	2 3502	1	1
2 3468	2 3503	1	1
2 3870	2 3503	1	1
1 3842	2 3503	1	1
3 319	2 3503	1	1
3 3618	2 3503	1	1
3 3983	2 3503	1	1
0 1370	2 3504	1	1
0 2409	2 3504	1	1
1 4033	2 3504	1	1
3 508	2 3504	1	1
3 77	2 3504	1	1
1 4180	2 3504	1	1
2 1807	2 3505	1	1
2 1558	2 3505	1	1
2 4185	2 3505	1	1
1 4557	2 3505	1	1
3 1120	2 3505	1	1
1 2284	2 3505	1	1
2 4936	2 3506	1	1
2 271	2 3506	1	1
2 2376	2 3506	1	1
0 424	2 3506	1	1
1 1212	2 3506	1	1
1 3737	2 3506	1	1
0 1741	2 3507	1	1
0 4650	2 3507	1	1
0 3354	2 3507	1	1
1 871	2 3507	1	1
1 3298	2 3507	1	1
1 2712	2 3507	1	1
2 3693	2 3508	1	1
0 838	2 3508	1	1
0 265	2 3508	1	1
0 2148	2 3508	1	1
1 366	2 3508	1	1
1 1406	2 3508	1	1
2 938	2 3509	1	1
2 3590	2 3509	1	1
2 1279	2 3509	1	1
2 2815	2 3509	1	1
3 1074	2 3509	1	1
3 2662	2 3509	1	1
2 4565	2 3510	1	1
0 2011	2 3510	1	1
0 2049	2 3510	1	1
1 2170	2 3510	1	1
0 606	2 3510	1	1
3 480	2 3510	1	1
2 1917	2 3511	1	1
2 1141	2 3511	1	1
2 3283	2 3511	1	1
2 1733	2 3511	1	1
3 881	2 3511	1	1
3 232	2 3511	1	1
2 4185	2 3512	1	1
0 645	2 3512	1	1
1 1074	2 3512	1	1
3 1276	2 3512	1	1
3 3884	2 3512	1	1
0 1284	2 3512	1	1
2 4300	2 3513	1	1
0 1108	2 3513	1	1
0 3789	2 3513	1	1
1 2559	2 3513	1	1
1 4878	2 3513	1	1
3 193	2 3513	1	1
2 4863	2 3514	1	1
0 77	2 3514	1	1
1 2442	2 3514	1	1
3 1887	2 3514	1	1
3 480	2 3514	1	1
3 3166	2 3514	1	1
2 4349	2 3515	1	1
2 585	2 3515	1	1
2 3780	2 3515	1	1
0 3113	2 3515	1	1
0 2591	2 3515	1	1
3 730	2 3515	1	1
0 1523	2 3516	1	1
1 4873	2 3516	1	1
1 4159	2 3516	1	1
1 2772	2 3516	1	1
3 790	2 3516	1	1
3 2056	2 3516	1	1
0 1634	2 3517	1	1
0 1747	2 3517	1	1
0 2253	2 3517	1	1
1 1381	2 3517	1	1
3 792	2 3517	1	1
0 2488	2 3517	1	1
2 4630	2 3518	1	1
2 2182	2 3518	1	1
0 3427	2 3518	1	1
1 2697	2 3518	1	1
1 401	2 3518	1	1
3 3463	2 3518	1	1
2 925	2 3519	1	1
2 1944	2 3519	1	1
0 3356	2 3519	1	1
1 1322	2 3519	1	1
1 4195	2 3519	1	1
1 4463	2 3519	1	1
2 3484	2 3520	1	1
1 450	2 3520	1	1
1 200	2 3520	1	1
3 1534	2 3520	1	1
3 116	2 3520	1	1
3 3201	2 3520	1	1
2 2581	2 3521	1	1
2 1949	2 3521	1	1
2 4748	2 3521	1	1
0 3663	2 3521	1	1
3 2756	2 3521	1	1
3 4750	2 3521	1	1
2 910	2 3522	1	1
2 4234	2 3522	1	1
0 111	2 3522	1	1
0 2346	2 3522	1	1
1 1431	2 3522	1	1
3 1945	2 3522	1	1
2 4122	2 3523	1	1
2 201	2 3523	1	1
2 29	2 3523	1	1
0 1639	2 3523	1	1
1 92	2 3523	1	1
3 1600	2 3523	1	1
2 2984	2 3524	1	1
2 4899	2 3524	1	1
2 1219	2 3524	1	1
0 920	2 3524	1	1
1 4704	2 3524	1	1
3 28	2 3524	1	1
3 1291	2 3525	1	1
3 2094	2 3525	1	1
3 4501	2 3525	1	1
0 3514	2 3525	1	1
1 2773	2 3525	1	1
3 528	2 3525	1	1
2 234	2 3526	1	1
2 4602	2 3526	1	1
2 3352	2 3526	1	1
1 3242	2 3526	1	1
1 4105	2 3526	1	1
3 4450	2 3526	1	1
2 971	2 3527	1	1
0 4003	2 3527	1	1
0 3180	2 3527	1	1
0 4106	2 3527	1	1
3 2606	2 3527	1	1
3 51	2 3527	1	1
2 1606	2 3528	1	1
2 1921	2 3528	1	1
1 1163	2 3528	1	1
1 1073	2 3528	1	1
1 227	2 3528	1	1
3 1753	2 3528	1	1
2 803	2 3529	1	1
2 300	2 3529	1	1
0 3349	2 3529	1	1
1 375	2 3529	1	1
1 4987	2 3529	1	1
0 3860	2 3529	1	1
2 2243	2 3530	1	1
0 71	2 3530	1	1
1 576	2 3530	1	1
1 1722	2 3530	1	1
3 4076	2 3530	1	1
3 4536	2 3530	1	1
2 1625	2 3531	1	1
0 3209	2 3531	1	1
1 4837	2 3531	1	1
3 3604	2 3531	1	1
3 4134	2 3531	1	1
3 1897	2 3531	1	1
2 1195	2 3532	1	1
2 3042	2 3532	1	1
0 600	2 3532	1	1
0 4414	2 3532	1	1
3 70	2 3532	1	1
0 1914	2 3532	1	1
2 1912	2 3533	1	1
2 4222	2 3533	1	1
0 3785	2 3533	1	1
3 351	2 3533	1	1
0 3790	2 3533	1	1
3 665	2 3533	1	1
2 758	2 3534	1	1
0 2046	2 3534	1	1
1 2467	2 3534	1	1
1 4378	2 3534	1	1
1 572	2 3534	1	1
1 3257	2 3534	1	1
0 4540	2 3535	1	1
0 2968	2 3535	1	1
3 836	2 3535	1	1
3 3020	2 3535	1	1
3 2803	2 3535	1	1
3 1538	2 3535	1	1
0 3578	2 3536	1	1
0 2864	2 3536	1	1
0 2184	2 3536	1	1
1 941	2 3536	1	1
1 3057	2 3536	1	1
1 2909	2 3536	1	1
2 4501	2 3537	1	1
0 2329	2 3537	1	1
0 1333	2 3537	1	1
1 1770	2 3537	1	1
1 508	2 3537	1	1
1 1166	2 3537	1	1
2 2939	2 3538	1	1
2 335	2 3538	1	1
2 150	2 3538	1	1
2 4853	2 3538	1	1
3 3665	2 3538	1	1
0 2847	2 3538	1	1
2 4509	2 3539	1	1
2 4255	2 3539	1	1
1 2078	2 3539	1	1
0 2104	2 3539	1	1
3 4018	2 3539	1	1
3 1583	2 3539	1	1
2 3816	2 3540	1	1
2 1888	2 3540	1	1
0 2973	2 3540	1	1
0 2362	2 3540	1	1
1 1832	2 3540	1	1
3 3455	2 3540	1	1
2 1629	2 3541	1	1
0 3647	2 3541	1	1
0 4071	2 3541	1	1
1 748	2 3541	1	1
3 2132	2 3541	1	1
1 1793	2 3541	1	1
0 1576	2 3542	1	1
3 4990	2 3542	1	1
3 4317	2 3542	1	1
3 4346	2 3542	1	1
0 283	2 3542	1	1
3 4909	2 3542	1	1
1 1916	2 3543	1	1
1 2627	2 3543	1	1
3 3255	2 3543	1	1
3 2692	2 3543	1	1
1 4096	2 3543	1	1
0 3786	2 3543	1	1
2 620	2 3544	1	1
2 4436	2 3544	1	1
0 3063	2 3544	1	1
1 3156	2 3544	1	1
3 4977	2 3544	1	1
1 964	2 3544	1	1
2 2747	2 3545	1	1
2 3908	2 3545	1	1
0 2863	2 3545	1	1
1 1867	2 3545	1	1
3 1769	2 3545	1	1
3 3714	2 3545	1	1
2 1012	2 3546	1	1
2 2309	2 3546	1	1
0 3717	2 3546	1	1
0 3419	2 3546	1	1
1 4905	2 3546	1	1
1 1057	2 3546	1	1
2 4771	2 3547	1	1
2 4828	2 3547	1	1
2 448	2 3547	1	1
0 192	2 3547	1	1
1 3537	2 3547	1	1
3 1081	2 3547	1	1
2 4368	2 3548	1	1
0 705	2 3548	1	1
0 4947	2 3548	1	1
1 1953	2 3548	1	1
3 746	2 3548	1	1
3 1097	2 3548	1	1
2 1366	2 3549	1	1
2 1569	2 3549	1	1
0 1960	2 3549	1	1
0 640	2 3549	1	1
1 4205	2 3549	1	1
1 2012	2 3549	1	1
0 229	2 3550	1	1
1 4381	2 3550	1	1
1 1065	2 3550	1	1
3 1177	2 3550	1	1
3 4824	2 3550	1	1
3 3696	2 3550	1	1
2 1937	2 3551	1	1
0 469	2 3551	1	1
1 2881	2 3551	1	1
1 865	2 3551	1	1
3 2761	2 3551	1	1
0 2976	2 3551	1	1
2 4123	2 3552	1	1
1 1990	2 3552	1	1
3 957	2 3552	1	1
3 4239	2 3552	1	1
3 396	2 3552	1	1
0 4155	2 3552	1	1
2 3520	2 3553	1	1
0 465	2 3553	1	1
0 1725	2 3553	1	1
1 741	2 3553	1	1
3 133	2 3553	1	1
3 2493	2 3553	1	1
2 4634	2 3554	1	1
2 3354	2 3554	1	1
0 4311	2 3554	1	1
0 4797	2 3554	1	1
1 3223	2 3554	1	1
1 1065	2 3554	1	1
0 1915	2 3555	1	1
0 927	2 3555	1	1
1 4402	2 3555	1	1
3 1805	2 3555	1	1
3 2871	2 3555	1	1
3 4633	2 3555	1	1
0 607	2 3556	1	1
0 1278	2 3556	1	1
0 557	2 3556	1	1
3 802	2 3556	1	1
3 2714	2 3556	1	1
3 1455	2 3556	1	1
1 4624	2 3557	1	1
1 3436	2 3557	1	1
1 3382	2 3557	1	1
3 1304	2 3557	1	1
3 3719	2 3557	1	1
3 2625	2 3557	1	1
2 1261	2 3558	1	1
0 3449	2 3558	1	1
0 1719	2 3558	1	1
0 3017	2 3558	1	1
3 4265	2 3558	1	1
1 170	2 3558	1	1
2 276	2 3559	1	1
0 3416	2 3559	1	1
0 1682	2 3559	1	1
1 3408	2 3559	1	1
3 2203	2 3559	1	1
3 4705	2 3559	1	1
0 3056	2 3560	1	1
1 2439	2 3560	1	1
3 4107	2 3560	1	1
3 16	2 3560	1	1
0 3156	2 3560	1	1
1 1323	2 3560	1	1
1 386	2 3561	1	1
1 1724	2 3561	1	1
3 4196	2 3561	1	1
3 720	2 3561	1	1
3 1971	2 3561	1	1
0 1871	2 3561	1	1
2 1260	2 3562	1	1
2 2525	2 3562	1	1
1 1869	2 3562	1	1
3 4415	2 3562	1	1
1 91	2 3562	1	1
3 1685	2 3562	1	1
2 3181	2 3563	1	1
2 753	2 3563	1	1
1 637	2 3563	1	1
1 521	2 3563	1	1
3 3445	2 3563	1	1
3 972	2 3563	1	1
0 3203	2 3564	1	1
0 4539	2 3564	1	1
0 4	2 3564	1	1
1 3963	2 3564	1	1
3 895	2 3564	1	1
1 4711	2 3564	1	1
0 2800	2 3565	1	1
0 1827	2 3565	1	1
1 616	2 3565	1	1
1 2361	2 3565	1	1
3 774	2 3565	1	1
3 4120	2 3565	1	1
2 1859	2 3566	1	1
0 3194	2 3566	1	1
0 1499	2 3566	1	1
1 1978	2 3566	1	1
3 3421	2 3566	1	1
3 579	2 3566	1	1
0 151	2 3567	1	1
0 3545	2 3567	1	1
1 2501	2 3567	1	1
1 2618	2 3567	1	1
3 1027	2 3567	1	1
3 1515	2 3567	1	1
2 865	2 3568	1	1
2 2881	2 3568	1	1
2 3944	2 3568	1	1
1 2505	2 3568	1	1
3 785	2 3568	1	1
1 3650	2 3568	1	1
2 2483	2 3569	1	1
2 2586	2 3569	1	1
2 88	2 3569	1	1
0 2467	2 3569	1	1
0 4070	2 3569	1	1
3 3936	2 3569	1	1
2 3175	2 3570	1	1
0 2095	2 3570	1	1
3 380	2 3570	1	1
3 1553	2 3570	1	1
0 2957	2 3570	1	1
0 1448	2 3570	1	1
2 3896	2 3571	1	1
0 2196	2 3571	1	1
1 1381	2 3571	1	1
3 3746	2 3571	1	1
3 395	2 3571	1	1
3 2778	2 3571	1	1
2 3718	2 3572	1	1
0 2818	2 3572	1	1
1 3359	2 3572	1	1
3 2936	2 3572	1	1
3 3561	2 3572	1	1
3 4463	2 3572	1	1
2 1846	2 3573	1	1
0 3058	2 3573	1	1
1 4717	2 3573	1	1
1 231	2 3573	1	1
1 1124	2 3573	1	1
0 2875	2 3573	1	1
2 2922	2 3574	1	1
1 1455	2 3574	1	1
1 1078	2 3574	1	1
1 2193	2 3574	1	1
1 1124	2 3574	1	1
3 535	2 3574	1	1
0 3916	2 3575	1	1
0 1949	2 3575	1	1
0 1962	2 3575	1	1
3 3558	2 3575	1	1
3 1816	2 3575	1	1
3 3634	2 3575	1	1
2 1163	2 3576	1	1
1 3169	2 3576	1	1
1 2612	2 3576	1	1
1 2675	2 3576	1	1
3 3498	2 3576	1	1
3 3533	2 3576	1	1
2 4484	2 3577	1	1
2 2508	2 3577	1	1
0 4022	2 3577	1	1
0 569	2 3577	1	1
3 2503	2 3577	1	1
3 89	2 3577	1	1
2 1761	2 3578	1	1
0 4195	2 3578	1	1
1 1678	2 3578	1	1
1 4402	2 3578	1	1
3 4809	2 3578	1	1
3 4428	2 3578	1	1
2 1684	2 3579	1	1
1 2979	2 3579	1	1
1 1210	2 3579	1	1
3 2394	2 3579	1	1
3 4652	2 3579	1	1
3 189	2 3579	1	1
2 998	2 3580	1	1
1 214	2 3580	1	1
1 4496	2 3580	1	1
3 1860	2 3580	1	1
3 4104	2 3580	1	1
3 3691	2 3580	1	1
0 77	2 3581	1	1
0 3253	2 3581	1	1
1 2628	2 3581	1	1
1 1002	2 3581	1	1
1 1763	2 3581	1	1
3 3682	2 3581	1	1
0 976	2 3582	1	1
0 1631	2 3582	1	1
1 3697	2 3582	1	1
3 2749	2 3582	1	1
1 1992	2 3582	1	1
3 1024	2 3582	1	1
0 914	2 3583	1	1
1 3830	2 3583	1	1
3 1385	2 3583	1	1
3 2962	2 3583	1	1
1 3731	2 3583	1	1
0 3868	2 3583	1	1
2 260	2 3584	1	1
0 2863	2 3584	1	1
3 3945	2 3584	1	1
3 2246	2 3584	1	1
3 1299	2 3584	1	1
3 1557	2 3584	1	1
2 303	2 3585	1	1
0 3692	2 3585	1	1
0 957	2 3585	1	1
1 4748	2 3585	1	1
1 1223	2 3585	1	1
3 3780	2 3585	1	1
2 4503	2 3586	1	1
0 2241	2 3586	1	1
0 2191	2 3586	1	1
1 3417	2 3586	1	1
1 201	2 3586	1	1
1 1401	2 3586	1	1
2 2102	2 3587	1	1
2 871	2 3587	1	1
0 2494	2 3587	1	1
0 1268	2 3587	1	1
1 614	2 3587	1	1
1 3823	2 3587	1	1
2 2214	2 3588	1	1
2 7	2 3588	1	1
2 3475	2 3588	1	1
2 4997	2 3588	1	1
2 2389	2 3588	1	1
0 4631	2 3588	1	1
0 4027	2 3589	1	1
0 3319	2 3589	1	1
1 1539	2 3589	1	1
3 3755	2 3589	1	1
3 2617	2 3589	1	1
3 421	2 3589	1	1
2 2077	2 3590	1	1
2 2174	2 3590	1	1
2 4414	2 3590	1	1
0 2687	2 3590	1	1
0 814	2 3590	1	1
1 4888	2 3590	1	1
2 4902	2 3591	1	1
2 961	2 3591	1	1
3 353	2 3591	1	1
3 4842	2 3591	1	1
3 4195	2 3591	1	1
1 3950	2 3591	1	1
2 4191	2 3592	1	1
0 3614	2 3592	1	1
1 4221	2 3592	1	1
1 1662	2 3592	1	1
3 1058	2 3592	1	1
3 4051	2 3592	1	1
2 488	2 3593	1	1
0 2341	2 3593	1	1
1 1150	2 3593	1	1
1 3669	2 3593	1	1
3 747	2 3593	1	1
3 926	2 3593	1	1
2 236	2 3594	1	1
2 1133	2 3594	1	1
0 4427	2 3594	1	1
0 1561	2 3594	1	1
1 4134	2 3594	1	1
3 2808	2 3594	1	1
2 4365	2 3595	1	1
0 4278	2 3595	1	1
1 4003	2 3595	1	1
1 1368	2 3595	1	1
3 1140	2 3595	1	1
1 3622	2 3595	1	1
2 2062	2 3596	1	1
2 1708	2 3596	1	1
0 4260	2 3596	1	1
0 4437	2 3596	1	1
0 2087	2 3596	1	1
1 3218	2 3596	1	1
2 4962	2 3597	1	1
2 4000	2 3597	1	1
0 606	2 3597	1	1
0 3185	2 3597	1	1
1 271	2 3597	1	1
3 1758	2 3597	1	1
2 1427	2 3598	1	1
2 4270	2 3598	1	1
0 4746	2 3598	1	1
1 2075	2 3598	1	1
3 3520	2 3598	1	1
3 2106	2 3598	1	1
2 790	2 3599	1	1
2 2692	2 3599	1	1
0 2949	2 3599	1	1
0 3458	2 3599	1	1
1 2105	2 3599	1	1
3 2853	2 3599	1	1
2 4039	2 3600	1	1
2 4787	2 3600	1	1
2 884	2 3600	1	1
0 1070	2 3600	1	1
3 2874	2 3600	1	1
3 1264	2 3600	1	1
0 1211	2 3601	1	1
1 3997	2 3601	1	1
1 2487	2 3601	1	1
3 3011	2 3601	1	1
3 2712	2 3601	1	1
0 1568	2 3601	1	1
2 851	2 3602	1	1
2 2173	2 3602	1	1
2 3652	2 3602	1	1
0 825	2 3602	1	1
1 1214	2 3602	1	1
1 3192	2 3602	1	1
2 4181	2 3603	1	1
2 3385	2 3603	1	1
0 1419	2 3603	1	1
1 1106	2 3603	1	1
1 1973	2 3603	1	1
1 3935	2 3603	1	1
2 1791	2 3604	1	1
2 677	2 3604	1	1
1 1940	2 3604	1	1
1 1520	2 3604	1	1
3 139	2 3604	1	1
3 4361	2 3604	1	1
2 2253	2 3605	1	1
2 4916	2 3605	1	1
2 25	2 3605	1	1
0 4697	2 3605	1	1
1 891	2 3605	1	1
3 1111	2 3605	1	1
2 438	2 3606	1	1
2 503	2 3606	1	1
2 3613	2 3606	1	1
0 4645	2 3606	1	1
1 255	2 3606	1	1
3 2023	2 3606	1	1
0 4289	2 3607	1	1
0 3673	2 3607	1	1
1 3870	2 3607	1	1
1 1162	2 3607	1	1
1 2656	2 3607	1	1
3 3183	2 3607	1	1
0 3236	2 3608	1	1
1 404	2 3608	1	1
1 1344	2 3608	1	1
1 4167	2 3608	1	1
1 2969	2 3608	1	1
0 1121	2 3608	1	1
2 3179	2 3609	1	1
2 3365	2 3609	1	1
0 4740	2 3609	1	1
1 396	2 3609	1	1
3 70	2 3609	1	1
3 4784	2 3609	1	1
2 2418	2 3610	1	1
2 400	2 3610	1	1
2 1074	2 3610	1	1
2 2292	2 3610	1	1
2 1048	2 3610	1	1
3 3355	2 3610	1	1
2 1467	2 3611	1	1
0 4599	2 3611	1	1
3 2569	2 3611	1	1
3 3131	2 3611	1	1
0 2599	2 3611	1	1
1 2242	2 3611	1	1
2 64	2 3612	1	1
2 4758	2 3612	1	1
1 119	2 3612	1	1
1 2805	2 3612	1	1
0 977	2 3612	1	1
1 628	2 3612	1	1
2 2676	2 3613	1	1
2 966	2 3613	1	1
0 4717	2 3613	1	1
0 3300	2 3613	1	1
0 1887	2 3613	1	1
1 1153	2 3613	1	1
0 1181	2 3614	1	1
0 1447	2 3614	1	1
1 3086	2 3614	1	1
1 1361	2 3614	1	1
3 3851	2 3614	1	1
3 2726	2 3614	1	1
2 4388	2 3615	1	1
2 2947	2 3615	1	1
0 1772	2 3615	1	1
1 3902	2 3615	1	1
1 4661	2 3615	1	1
3 765	2 3615	1	1
2 655	2 3616	1	1
2 2099	2 3616	1	1
0 1924	2 3616	1	1
1 515	2 3616	1	1
1 1938	2 3616	1	1
3 1077	2 3616	1	1
2 1434	2 3617	1	1
2 4871	2 3617	1	1
2 4457	2 3617	1	1
1 2636	2 3617	1	1
1 3528	2 3617	1	1
3 2791	2 3617	1	1
2 1215	2 3618	1	1
1 958	2 3618	1	1
3 4584	2 3618	1	1
3 1893	2 3618	1	1
3 1413	2 3618	1	1
3 2992	2 3618	1	1
2 903	2 3619	1	1
0 4565	2 3619	1	1
0 4415	2 3619	1	1
1 4548	2 3619	1	1
1 2754	2 3619	1	1
1 4460	2 3619	1	1
2 4022	2 3620	1	1
0 2025	2 3620	1	1
0 2427	2 3620	1	1
3 4733	2 3620	1	1
0 4660	2 3620	1	1
3 2011	2 3620	1	1
2 1377	2 3621	1	1
2 43	2 3621	1	1
1 4393	2 3621	1	1
0 3729	2 3621	1	1
3 422	2 3621	1	1
0 432	2 3621	1	1
2 4610	2 3622	1	1
0 3761	2 3622	1	1
1 760	2 3622	1	1
3 4671	2 3622	1	1
3 3793	2 3622	1	1
1 2479	2 3622	1	1
2 4804	2 3623	1	1
0 1927	2 3623	1	1
1 2587	2 3623	1	1
3 1588	2 3623	1	1
3 4630	2 3623	1	1
0 2171	2 3623	1	1
2 784	2 3624	1	1
2 2217	2 3624	1	1
0 3664	2 3624	1	1
1 2049	2 3624	1	1
1 3368	2 3624	1	1
1 4362	2 3624	1	1
1 1639	2 3625	1	1
1 1860	2 3625	1	1
1 178	2 3625	1	1
3 1664	2 3625	1	1
0 2008	2 3625	1	1
1 3915	2 3625	1	1
0 4733	2 3626	1	1
0 2022	2 3626	1	1
1 976	2 3626	1	1
1 641	2 3626	1	1
3 1485	2 3626	1	1
3 2615	2 3626	1	1
2 2510	2 3627	1	1
2 776	2 3627	1	1
2 4821	2 3627	1	1
1 2129	2 3627	1	1
3 3456	2 3627	1	1
1 3969	2 3627	1	1
2 2311	2 3628	1	1
0 3171	2 3628	1	1
1 2688	2 3628	1	1
1 2786	2 3628	1	1
1 764	2 3628	1	1
1 1196	2 3628	1	1
2 4699	2 3629	1	1
2 3093	2 3629	1	1
1 492	2 3629	1	1
3 3204	2 3629	1	1
3 3902	2 3629	1	1
1 3189	2 3629	1	1
2 3871	2 3630	1	1
0 4785	2 3630	1	1
0 1	2 3630	1	1
0 3855	2 3630	1	1
0 3398	2 3630	1	1
3 1657	2 3630	1	1
2 843	2 3631	1	1
2 762	2 3631	1	1
0 2521	2 3631	1	1
3 4125	2 3631	1	1
3 4970	2 3631	1	1
1 249	2 3631	1	1
2 4273	2 3632	1	1
2 372	2 3632	1	1
2 3490	2 3632	1	1
0 942	2 3632	1	1
1 242	2 3632	1	1
3 2812	2 3632	1	1
2 1989	2 3633	1	1
1 4620	2 3633	1	1
1 4934	2 3633	1	1
0 2441	2 3633	1	1
1 3185	2 3633	1	1
3 2586	2 3633	1	1
0 210	2 3634	1	1
3 1632	2 3634	1	1
3 1780	2 3634	1	1
3 4867	2 3634	1	1
3 2616	2 3634	1	1
0 497	2 3634	1	1
2 3556	2 3635	1	1
0 2148	2 3635	1	1
1 2903	2 3635	1	1
1 4035	2 3635	1	1
3 4288	2 3635	1	1
1 4898	2 3635	1	1
2 2995	2 3636	1	1
2 2036	2 3636	1	1
1 2334	2 3636	1	1
1 2234	2 3636	1	1
1 4902	2 3636	1	1
3 1358	2 3636	1	1
2 1271	2 3637	1	1
2 4703	2 3637	1	1
2 1070	2 3637	1	1
0 2545	2 3637	1	1
3 4263	2 3637	1	1
1 4300	2 3637	1	1
2 4359	2 3638	1	1
2 3903	2 3638	1	1
0 518	2 3638	1	1
1 4079	2 3638	1	1
1 2869	2 3638	1	1
3 3904	2 3638	1	1
0 526	2 3639	1	1
0 4567	2 3639	1	1
0 639	2 3639	1	1
1 2494	2 3639	1	1
1 2468	2 3639	1	1
1 4733	2 3639	1	1
2 1473	2 3640	1	1
1 4916	2 3640	1	1
1 2060	2 3640	1	1
1 4126	2 3640	1	1
3 1743	2 3640	1	1
3 2421	2 3640	1	1
2 1809	2 3641	1	1
0 665	2 3641	1	1
0 3832	2 3641	1	1
1 2593	2 3641	1	1
1 583	2 3641	1	1
1 2686	2 3641	1	1
2 4966	2 3642	1	1
2 3797	2 3642	1	1
0 518	2 3642	1	1
1 1608	2 3642	1	1
1 3041	2 3642	1	1
1 994	2 3642	1	1
2 302	2 3643	1	1
0 3364	2 3643	1	1
0 160	2 3643	1	1
1 566	2 3643	1	1
3 4299	2 3643	1	1
0 2509	2 3643	1	1
2 2438	2 3644	1	1
2 1144	2 3644	1	1
0 2471	2 3644	1	1
3 171	2 3644	1	1
3 2896	2 3644	1	1
3 4148	2 3644	1	1
2 1782	2 3645	1	1
2 4092	2 3645	1	1
2 3555	2 3645	1	1
2 2105	2 3645	1	1
3 4065	2 3645	1	1
1 3698	2 3645	1	1
2 1972	2 3646	1	1
2 381	2 3646	1	1
0 1744	2 3646	1	1
0 3536	2 3646	1	1
1 4234	2 3646	1	1
1 1878	2 3646	1	1
2 1983	2 3647	1	1
2 670	2 3647	1	1
1 2424	2 3647	1	1
1 4605	2 3647	1	1
3 3524	2 3647	1	1
3 1235	2 3647	1	1
2 1236	2 3648	1	1
2 2239	2 3648	1	1
0 759	2 3648	1	1
0 1163	2 3648	1	1
1 323	2 3648	1	1
3 2129	2 3648	1	1
2 1285	2 3649	1	1
0 2168	2 3649	1	1
0 1588	2 3649	1	1
1 3265	2 3649	1	1
3 23	2 3649	1	1
3 2286	2 3649	1	1
2 874	2 3650	1	1
2 2167	2 3650	1	1
2 3891	2 3650	1	1
0 1793	2 3650	1	1
3 3582	2 3650	1	1
1 209	2 3650	1	1
0 4717	2 3651	1	1
0 888	2 3651	1	1
0 2230	2 3651	1	1
1 2460	2 3651	1	1
1 725	2 3651	1	1
3 1642	2 3651	1	1
1 874	2 3652	1	1
1 4883	2 3652	1	1
3 2758	2 3652	1	1
3 16	2 3652	1	1
3 875	2 3652	1	1
3 75	2 3652	1	1
2 3397	2 3653	1	1
2 887	2 3653	1	1
0 4313	2 3653	1	1
1 4470	2 3653	1	1
3 4600	2 3653	1	1
1 4855	2 3653	1	1
2 354	2 3654	1	1
0 1144	2 3654	1	1
1 3678	2 3654	1	1
1 1534	2 3654	1	1
3 1361	2 3654	1	1
1 3124	2 3654	1	1
2 2554	2 3655	1	1
0 4308	2 3655	1	1
0 2651	2 3655	1	1
3 2730	2 3655	1	1
3 2682	2 3655	1	1
0 3729	2 3655	1	1
0 3322	2 3656	1	1
1 2970	2 3656	1	1
1 1644	2 3656	1	1
1 4469	2 3656	1	1
3 4502	2 3656	1	1
3 4756	2 3656	1	1
0 2627	2 3657	1	1
0 1593	2 3657	1	1
1 4263	2 3657	1	1
3 4166	2 3657	1	1
3 4282	2 3657	1	1
3 1520	2 3657	1	1
2 2479	2 3658	1	1
1 2969	2 3658	1	1
1 3809	2 3658	1	1
1 1540	2 3658	1	1
1 1445	2 3658	1	1
1 423	2 3658	1	1
2 3930	2 3659	1	1
2 3359	2 3659	1	1
0 2750	2 3659	1	1
1 3004	2 3659	1	1
1 1818	2 3659	1	1
1 2043	2 3659	1	1
0 50	2 3660	1	1
0 3954	2 3660	1	1
1 2106	2 3660	1	1
3 341	2 3660	1	1
3 4577	2 3660	1	1
1 4188	2 3660	1	1
2 3584	2 3661	1	1
2 3418	2 3661	1	1
1 1704	2 3661	1	1
3 2405	2 3661	1	1
3 2533	2 3661	1	1
3 243	2 3661	1	1
2 2760	2 3662	1	1
0 3659	2 3662	1	1
0 822	2 3662	1	1
0 1178	2 3662	1	1
1 475	2 3662	1	1
1 2250	2 3662	1	1
2 2361	2 3663	1	1
2 740	2 3663	1	1
0 631	2 3663	1	1
0 2621	2 3663	1	1
3 2164	2 3663	1	1
1 1270	2 3663	1	1
2 2311	2 3664	1	1
2 1772	2 3664	1	1
2 322	2 3664	1	1
0 3425	2 3664	1	1
1 3498	2 3664	1	1
3 4590	2 3664	1	1
2 3656	2 3665	1	1
1 275	2 3665	1	1
3 432	2 3665	1	1
3 4478	2 3665	1	1
3 3993	2 3665	1	1
3 954	2 3665	1	1
2 3405	2 3666	1	1
0 3706	2 3666	1	1
1 131	2 3666	1	1
1 3486	2 3666	1	1
3 4597	2 3666	1	1
0 4018	2 3666	1	1
2 2276	2 3667	1	1
2 2100	2 3667	1	1
3 373	2 3667	1	1
3 2681	2 3667	1	1
0 4630	2 3667	1	1
0 2	2 3667	1	1
0 2279	2 3668	1	1
0 2297	2 3668	1	1
0 4612	2 3668	1	1
3 346	2 3668	1	1
0 4958	2 3668	1	1
0 2186	2 3668	1	1
2 1879	2 3669	1	1
0 1944	2 3669	1	1
3 4935	2 3669	1	1
3 4557	2 3669	1	1
3 1950	2 3669	1	1
3 882	2 3669	1	1
1 763	2 3670	1	1
1 2132	2 3670	1	1
1 4010	2 3670	1	1
1 236	2 3670	1	1
3 4874	2 3670	1	1
3 505	2 3670	1	1
2 4392	2 3671	1	1
0 1395	2 3671	1	1
1 4942	2 3671	1	1
1 2598	2 3671	1	1
1 727	2 3671	1	1
1 1200	2 3671	1	1
2 2912	2 3672	1	1
2 3738	2 3672	1	1
2 1450	2 3672	1	1
2 212	2 3672	1	1
3 2516	2 3672	1	1
3 1844	2 3672	1	1
2 3709	2 3673	1	1
0 1153	2 3673	1	1
0 2461	2 3673	1	1
3 1540	2 3673	1	1
3 4348	2 3673	1	1
3 4394	2 3673	1	1
2 2763	2 3674	1	1
2 3142	2 3674	1	1
2 1645	2 3674	1	1
0 2440	2 3674	1	1
1 1666	2 3674	1	1
1 1002	2 3674	1	1
0 4802	2 3675	1	1
1 3609	2 3675	1	1
3 3861	2 3675	1	1
3 2292	2 3675	1	1
3 906	2 3675	1	1
3 2000	2 3675	1	1
0 1177	2 3676	1	1
0 375	2 3676	1	1
0 1237	2 3676	1	1
0 132	2 3676	1	1
0 4157	2 3676	1	1
1 2550	2 3676	1	1
2 592	2 3677	1	1
0 149	2 3677	1	1
0 4786	2 3677	1	1
1 1927	2 3677	1	1
1 3798	2 3677	1	1
3 2866	2 3677	1	1
2 880	2 3678	1	1
2 1098	2 3678	1	1
0 2899	2 3678	1	1
0 3160	2 3678	1	1
0 1591	2 3678	1	1
1 1977	2 3678	1	1
2 2585	2 3679	1	1
0 4250	2 3679	1	1
0 1651	2 3679	1	1
0 3507	2 3679	1	1
0 3382	2 3679	1	1
3 777	2 3679	1	1
2 2074	2 3680	1	1
2 197	2 3680	1	1
0 3379	2 3680	1	1
0 4533	2 3680	1	1
1 796	2 3680	1	1
1 2090	2 3680	1	1
2 866	2 3681	1	1
2 4665	2 3681	1	1
0 859	2 3681	1	1
0 3704	2 3681	1	1
0 2668	2 3681	1	1
3 341	2 3681	1	1
2 196	2 3682	1	1
3 3103	2 3682	1	1
3 2110	2 3682	1	1
0 4354	2 3682	1	1
1 1994	2 3682	1	1
1 1894	2 3682	1	1
2 4679	2 3683	1	1
2 783	2 3683	1	1
2 2694	2 3683	1	1
0 2468	2 3683	1	1
1 4225	2 3683	1	1
3 1833	2 3683	1	1
2 60	2 3684	1	1
2 2097	2 3684	1	1
2 3243	2 3684	1	1
2 4648	2 3684	1	1
1 1363	2 3684	1	1
3 1127	2 3684	1	1
2 891	2 3685	1	1
2 934	2 3685	1	1
2 3482	2 3685	1	1
1 4302	2 3685	1	1
1 405	2 3685	1	1
3 3482	2 3685	1	1
2 4925	2 3686	1	1
0 749	2 3686	1	1
0 794	2 3686	1	1
3 115	2 3686	1	1
3 1904	2 3686	1	1
0 1941	2 3686	1	1
2 169	2 3687	1	1
2 1881	2 3687	1	1
0 3900	2 3687	1	1
1 3628	2 3687	1	1
3 4674	2 3687	1	1
3 4772	2 3687	1	1
2 1046	2 3688	1	1
0 4648	2 3688	1	1
1 988	2 3688	1	1
1 2368	2 3688	1	1
1 3483	2 3688	1	1
1 3742	2 3688	1	1
2 2478	2 3689	1	1
2 1072	2 3689	1	1
0 1035	2 3689	1	1
3 3053	2 3689	1	1
3 1124	2 3689	1	1
1 4503	2 3689	1	1
2 2414	2 3690	1	1
2 1040	2 3690	1	1
2 1184	2 3690	1	1
0 528	2 3690	1	1
1 3460	2 3690	1	1
1 2261	2 3690	1	1
2 4012	2 3691	1	1
2 2660	2 3691	1	1
2 306	2 3691	1	1
1 211	2 3691	1	1
3 3081	2 3691	1	1
0 2471	2 3691	1	1
0 753	2 3692	1	1
0 104	2 3692	1	1
1 4160	2 3692	1	1
3 2148	2 3692	1	1
3 4779	2 3692	1	1
3 1744	2 3692	1	1
2 1210	2 3693	1	1
2 4894	2 3693	1	1
0 938	2 3693	1	1
0 2839	2 3693	1	1
0 4762	2 3693	1	1
0 3654	2 3693	1	1
0 3967	2 3694	1	1
1 927	2 3694	1	1
1 1728	2 3694	1	1
1 2164	2 3694	1	1
1 1820	2 3694	1	1
3 292	2 3694	1	1
2 3688	2 3695	1	1
2 4222	2 3695	1	1
0 64	2 3695	1	1
0 819	2 3695	1	1
1 3930	2 3695	1	1
1 4519	2 3695	1	1
2 1333	2 3696	1	1
0 287	2 3696	1	1
1 2509	2 3696	1	1
1 210	2 3696	1	1
3 3601	2 3696	1	1
3 310	2 3696	1	1
2 3526	2 3697	1	1
2 1773	2 3697	1	1
0 3017	2 3697	1	1
1 4225	2 3697	1	1
1 796	2 3697	1	1
1 34	2 3697	1	1
2 1348	2 3698	1	1
2 3640	2 3698	1	1
0 2192	2 3698	1	1
0 2637	2 3698	1	1
0 320	2 3698	1	1
1 3775	2 3698	1	1
2 2964	2 3699	1	1
2 3108	2 3699	1	1
2 428	2 3699	1	1
0 2504	2 3699	1	1
0 18	2 3699	1	1
1 1385	2 3699	1	1
2 2082	2 3700	1	1
2 1467	2 3700	1	1
1 3330	2 3700	1	1
1 3855	2 3700	1	1
1 2514	2 3700	1	1
1 1090	2 3700	1	1
2 3011	2 3701	1	1
2 1893	2 3701	1	1
1 4330	2 3701	1	1
1 490	2 3701	1	1
3 202	2 3701	1	1
3 2865	2 3701	1	1
2 2764	2 3702	1	1
1 4505	2 3702	1	1
1 4575	2 3702	1	1
3 2270	2 3702	1	1
0 4796	2 3702	1	1
0 1958	2 3702	1	1
2 2374	2 3703	1	1
2 4298	2 3703	1	1
0 4690	2 3703	1	1
1 3091	2 3703	1	1
1 2930	2 3703	1	1
1 4554	2 3703	1	1
2 3564	2 3704	1	1
2 4442	2 3704	1	1
0 950	2 3704	1	1
1 3568	2 3704	1	1
1 2888	2 3704	1	1
3 2605	2 3704	1	1
0 2718	2 3705	1	1
0 3312	2 3705	1	1
0 3140	2 3705	1	1
1 223	2 3705	1	1
3 1271	2 3705	1	1
3 2349	2 3705	1	1
2 4121	2 3706	1	1
2 3004	2 3706	1	1
2 935	2 3706	1	1
1 1766	2 3706	1	1
1 406	2 3706	1	1
3 2824	2 3706	1	1
2 3856	2 3707	1	1
1 1617	2 3707	1	1
1 4121	2 3707	1	1
1 1508	2 3707	1	1
3 4366	2 3707	1	1
3 551	2 3707	1	1
0 2566	2 3708	1	1
0 2414	2 3708	1	1
0 317	2 3708	1	1
0 989	2 3708	1	1
1 2187	2 3708	1	1
3 695	2 3708	1	1
2 2669	2 3709	1	1
2 1547	2 3709	1	1
0 973	2 3709	1	1
1 4110	2 3709	1	1
1 3996	2 3709	1	1
3 2248	2 3709	1	1
2 3852	2 3710	1	1
1 2883	2 3710	1	1
1 4355	2 3710	1	1
3 4185	2 3710	1	1
1 2908	2 3710	1	1
3 1298	2 3710	1	1
2 3611	2 3711	1	1
2 59	2 3711	1	1
0 1705	2 3711	1	1
3 3721	2 3711	1	1
3 3832	2 3711	1	1
1 3999	2 3711	1	1
2 510	2 3712	1	1
2 4525	2 3712	1	1
1 3937	2 3712	1	1
3 38	2 3712	1	1
3 454	2 3712	1	1
3 4725	2 3712	1	1
2 4486	2 3713	1	1
0 4547	2 3713	1	1
1 1036	2 3713	1	1
1 3023	2 3713	1	1
3 3432	2 3713	1	1
1 1670	2 3713	1	1
0 908	2 3714	1	1
1 4964	2 3714	1	1
3 3173	2 3714	1	1
3 261	2 3714	1	1
3 4548	2 3714	1	1
3 236	2 3714	1	1
2 3016	2 3715	1	1
0 217	2 3715	1	1
0 3202	2 3715	1	1
1 3150	2 3715	1	1
3 6	2 3715	1	1
3 3847	2 3715	1	1
2 4135	2 3716	1	1
0 1367	2 3716	1	1
1 4619	2 3716	1	1
3 4672	2 3716	1	1
3 2609	2 3716	1	1
0 413	2 3716	1	1
2 3612	2 3717	1	1
0 4084	2 3717	1	1
0 4710	2 3717	1	1
1 560	2 3717	1	1
1 2102	2 3717	1	1
3 1135	2 3717	1	1
2 1311	2 3718	1	1
2 395	2 3718	1	1
2 4728	2 3718	1	1
3 3254	2 3718	1	1
3 3561	2 3718	1	1
3 3968	2 3718	1	1
2 3626	2 3719	1	1
0 662	2 3719	1	1
1 4784	2 3719	1	1
1 1924	2 3719	1	1
3 2849	2 3719	1	1
1 2476	2 3719	1	1
2 2520	2 3720	1	1
2 1351	2 3720	1	1
2 1843	2 3720	1	1
0 4360	2 3720	1	1
0 2003	2 3720	1	1
0 3295	2 3720	1	1
2 4849	2 3721	1	1
0 995	2 3721	1	1
0 2423	2 3721	1	1
3 178	2 3721	1	1
3 3699	2 3721	1	1
0 480	2 3721	1	1
0 344	2 3722	1	1
0 2364	2 3722	1	1
1 1796	2 3722	1	1
3 2951	2 3722	1	1
3 2182	2 3722	1	1
3 3188	2 3722	1	1
0 1683	2 3723	1	1
0 2594	2 3723	1	1
0 1821	2 3723	1	1
3 2833	2 3723	1	1
3 517	2 3723	1	1
1 2625	2 3723	1	1
1 1620	2 3724	1	1
3 2471	2 3724	1	1
3 3713	2 3724	1	1
3 4613	2 3724	1	1
3 1428	2 3724	1	1
3 4259	2 3724	1	1
2 2225	2 3725	1	1
2 904	2 3725	1	1
0 3810	2 3725	1	1
0 4905	2 3725	1	1
0 3161	2 3725	1	1
0 4214	2 3725	1	1
2 4114	2 3726	1	1
2 3674	2 3726	1	1
0 3029	2 3726	1	1
0 3789	2 3726	1	1
0 3633	2 3726	1	1
1 1930	2 3726	1	1
2 4558	2 3727	1	1
2 1798	2 3727	1	1
3 1467	2 3727	1	1
3 174	2 3727	1	1
3 4720	2 3727	1	1
1 4776	2 3727	1	1
2 1959	2 3728	1	1
2 268	2 3728	1	1
0 1063	2 3728	1	1
1 3442	2 3728	1	1
1 322	2 3728	1	1
1 4778	2 3728	1	1
2 4077	2 3729	1	1
2 2905	2 3729	1	1
2 1594	2 3729	1	1
0 3896	2 3729	1	1
1 713	2 3729	1	1
3 4870	2 3729	1	1
2 1869	2 3730	1	1
0 1180	2 3730	1	1
1 4760	2 3730	1	1
3 4083	2 3730	1	1
0 491	2 3730	1	1
1 2883	2 3730	1	1
2 4207	2 3731	1	1
1 4592	2 3731	1	1
3 924	2 3731	1	1
3 4879	2 3731	1	1
3 2897	2 3731	1	1
0 2009	2 3731	1	1
0 1460	2 3732	1	1
0 4292	2 3732	1	1
1 3079	2 3732	1	1
1 252	2 3732	1	1
3 719	2 3732	1	1
3 2402	2 3732	1	1
2 4044	2 3733	1	1
2 2697	2 3733	1	1
0 3146	2 3733	1	1
1 3426	2 3733	1	1
1 3275	2 3733	1	1
1 4047	2 3733	1	1
2 4025	2 3734	1	1
0 3914	2 3734	1	1
0 686	2 3734	1	1
1 4026	2 3734	1	1
1 4117	2 3734	1	1
1 1636	2 3734	1	1
2 3305	2 3735	1	1
0 80	2 3735	1	1
1 1628	2 3735	1	1
3 3315	2 3735	1	1
0 1978	2 3735	1	1
3 4039	2 3735	1	1
2 3972	2 3736	1	1
1 3070	2 3736	1	1
3 796	2 3736	1	1
3 1170	2 3736	1	1
1 1723	2 3736	1	1
3 355	2 3736	1	1
2 325	2 3737	1	1
0 55	2 3737	1	1
0 4127	2 3737	1	1
0 4171	2 3737	1	1
1 37	2 3737	1	1
3 2878	2 3737	1	1
2 4547	2 3738	1	1
0 633	2 3738	1	1
0 2871	2 3738	1	1
1 4965	2 3738	1	1
1 822	2 3738	1	1
3 4320	2 3738	1	1
2 4832	2 3739	1	1
0 2795	2 3739	1	1
0 4681	2 3739	1	1
1 3302	2 3739	1	1
3 1579	2 3739	1	1
3 4358	2 3739	1	1
2 411	2 3740	1	1
0 4073	2 3740	1	1
3 2847	2 3740	1	1
3 1892	2 3740	1	1
3 905	2 3740	1	1
3 4251	2 3740	1	1
2 4678	2 3741	1	1
2 2797	2 3741	1	1
1 3327	2 3741	1	1
3 4708	2 3741	1	1
3 1270	2 3741	1	1
0 2452	2 3741	1	1
2 3696	2 3742	1	1
0 3521	2 3742	1	1
0 2671	2 3742	1	1
1 176	2 3742	1	1
3 4784	2 3742	1	1
3 3547	2 3742	1	1
0 4561	2 3743	1	1
1 382	2 3743	1	1
3 358	2 3743	1	1
3 484	2 3743	1	1
3 481	2 3743	1	1
3 4960	2 3743	1	1
2 4830	2 3744	1	1
2 2706	2 3744	1	1
2 2122	2 3744	1	1
0 984	2 3744	1	1
3 2050	2 3744	1	1
3 4683	2 3744	1	1
2 88	2 3745	1	1
2 2804	2 3745	1	1
2 1693	2 3745	1	1
0 2638	2 3745	1	1
3 3213	2 3745	1	1
1 4345	2 3745	1	1
0 2711	2 3746	1	1
0 4901	2 3746	1	1
1 1503	2 3746	1	1
3 1154	2 3746	1	1
3 1284	2 3746	1	1
0 3197	2 3746	1	1
1 3955	2 3747	1	1
1 3353	2 3747	1	1
1 4184	2 3747	1	1
1 1939	2 3747	1	1
1 3298	2 3747	1	1
1 241	2 3747	1	1
2 69	2 3748	1	1
2 4797	2 3748	1	1
0 242	2 3748	1	1
1 4967	2 3748	1	1
1 2569	2 3748	1	1
0 1269	2 3748	1	1
2 2286	2 3749	1	1
0 3255	2 3749	1	1
1 3987	2 3749	1	1
1 2598	2 3749	1	1
1 2422	2 3749	1	1
3 3430	2 3749	1	1
2 4434	2 3750	1	1
0 3303	2 3750	1	1
0 3911	2 3750	1	1
3 2191	2 3750	1	1
3 1105	2 3750	1	1
1 2977	2 3750	1	1
1 4068	2 3751	1	1
1 2805	2 3751	1	1
3 3695	2 3751	1	1
3 4924	2 3751	1	1
3 4303	2 3751	1	1
0 1865	2 3751	1	1
2 2515	2 3752	1	1
2 536	2 3752	1	1
1 4984	2 3752	1	1
1 1171	2 3752	1	1
1 4522	2 3752	1	1
1 1539	2 3752	1	1
2 2333	2 3753	1	1
0 2189	2 3753	1	1
0 1994	2 3753	1	1
1 977	2 3753	1	1
1 106	2 3753	1	1
0 653	2 3753	1	1
2 4387	2 3754	1	1
0 3075	2 3754	1	1
1 3670	2 3754	1	1
1 2461	2 3754	1	1
3 527	2 3754	1	1
0 4209	2 3754	1	1
2 3443	2 3755	1	1
2 1618	2 3755	1	1
2 1317	2 3755	1	1
2 2607	2 3755	1	1
1 3170	2 3755	1	1
0 2007	2 3755	1	1
2 4283	2 3756	1	1
0 3058	2 3756	1	1
0 2705	2 3756	1	1
0 2428	2 3756	1	1
1 2818	2 3756	1	1
1 3438	2 3756	1	1
2 1272	2 3757	1	1
0 1634	2 3757	1	1
3 4718	2 3757	1	1
3 620	2 3757	1	1
3 4211	2 3757	1	1
1 643	2 3757	1	1
2 954	2 3758	1	1
0 759	2 3758	1	1
1 3093	2 3758	1	1
1 674	2 3758	1	1
1 4299	2 3758	1	1
0 1767	2 3758	1	1
0 690	2 3759	1	1
0 937	2 3759	1	1
0 4396	2 3759	1	1
0 4451	2 3759	1	1
0 3812	2 3759	1	1
3 1561	2 3759	1	1
2 4574	2 3760	1	1
0 2562	2 3760	1	1
0 4058	2 3760	1	1
0 685	2 3760	1	1
1 868	2 3760	1	1
0 2626	2 3760	1	1
2 1485	2 3761	1	1
0 886	2 3761	1	1
0 1501	2 3761	1	1
1 916	2 3761	1	1
1 1649	2 3761	1	1
1 1218	2 3761	1	1
0 4841	2 3762	1	1
0 265	2 3762	1	1
0 2713	2 3762	1	1
1 2960	2 3762	1	1
1 4639	2 3762	1	1
0 80	2 3762	1	1
2 2027	2 3763	1	1
2 4600	2 3763	1	1
0 2371	2 3763	1	1
1 3234	2 3763	1	1
1 2153	2 3763	1	1
3 1196	2 3763	1	1
2 4726	2 3764	1	1
0 1700	2 3764	1	1
0 304	2 3764	1	1
1 634	2 3764	1	1
3 1563	2 3764	1	1
3 2578	2 3764	1	1
2 4215	2 3765	1	1
2 903	2 3765	1	1
2 2280	2 3765	1	1
0 2728	2 3765	1	1
0 211	2 3765	1	1
1 798	2 3765	1	1
2 1307	2 3766	1	1
2 2903	2 3766	1	1
0 3965	2 3766	1	1
0 1621	2 3766	1	1
3 3102	2 3766	1	1
3 3667	2 3766	1	1
2 2782	2 3767	1	1
2 1662	2 3767	1	1
1 1119	2 3767	1	1
1 3169	2 3767	1	1
1 904	2 3767	1	1
3 3513	2 3767	1	1
2 4172	2 3768	1	1
2 316	2 3768	1	1
1 509	2 3768	1	1
1 4604	2 3768	1	1
3 4826	2 3768	1	1
0 4105	2 3768	1	1
0 4288	2 3769	1	1
1 2354	2 3769	1	1
3 2849	2 3769	1	1
3 4007	2 3769	1	1
3 3614	2 3769	1	1
3 3499	2 3769	1	1
2 2824	2 3770	1	1
0 541	2 3770	1	1
1 1473	2 3770	1	1
3 3306	2 3770	1	1
3 4013	2 3770	1	1
3 1625	2 3770	1	1
2 796	2 3771	1	1
2 885	2 3771	1	1
2 2858	2 3771	1	1
2 3935	2 3771	1	1
0 1220	2 3771	1	1
0 3973	2 3771	1	1
0 2244	2 3772	1	1
0 495	2 3772	1	1
1 296	2 3772	1	1
3 4138	2 3772	1	1
3 1565	2 3772	1	1
1 1575	2 3772	1	1
2 2593	2 3773	1	1
0 4850	2 3773	1	1
0 1059	2 3773	1	1
1 3528	2 3773	1	1
1 1867	2 3773	1	1
3 4491	2 3773	1	1
2 2761	2 3774	1	1
2 747	2 3774	1	1
1 3257	2 3774	1	1
1 4170	2 3774	1	1
3 680	2 3774	1	1
3 4216	2 3774	1	1
2 4261	2 3775	1	1
2 2064	2 3775	1	1
2 2698	2 3775	1	1
3 4235	2 3775	1	1
0 3875	2 3775	1	1
3 4257	2 3775	1	1
0 4872	2 3776	1	1
1 4998	2 3776	1	1
3 3785	2 3776	1	1
3 4476	2 3776	1	1
3 1699	2 3776	1	1
0 4481	2 3776	1	1
2 516	2 3777	1	1
2 1856	2 3777	1	1
1 1014	2 3777	1	1
0 812	2 3777	1	1
3 686	2 3777	1	1
3 803	2 3777	1	1
2 679	2 3778	1	1
0 2280	2 3778	1	1
1 1440	2 3778	1	1
3 545	2 3778	1	1
3 1645	2 3778	1	1
0 2984	2 3778	1	1
2 3723	2 3779	1	1
0 2231	2 3779	1	1
0 4760	2 3779	1	1
1 1401	2 3779	1	1
3 1650	2 3779	1	1
3 4417	2 3779	1	1
2 3624	2 3780	1	1
2 4904	2 3780	1	1
2 486	2 3780	1	1
0 2549	2 3780	1	1
0 3502	2 3780	1	1
1 3109	2 3780	1	1
2 4892	2 3781	1	1
2 1770	2 3781	1	1
0 45	2 3781	1	1
0 4293	2 3781	1	1
1 453	2 3781	1	1
3 4778	2 3781	1	1
2 3266	2 3782	1	1
0 3759	2 3782	1	1
0 2154	2 3782	1	1
3 4245	2 3782	1	1
3 4633	2 3782	1	1
3 1904	2 3782	1	1
2 1570	2 3783	1	1
2 3061	2 3783	1	1
2 3908	2 3783	1	1
0 3720	2 3783	1	1
0 2850	2 3783	1	1
1 1797	2 3783	1	1
2 1425	2 3784	1	1
0 4023	2 3784	1	1
1 2179	2 3784	1	1
1 4735	2 3784	1	1
3 4269	2 3784	1	1
0 3846	2 3784	1	1
2 1282	2 3785	1	1
2 2913	2 3785	1	1
1 1631	2 3785	1	1
1 140	2 3785	1	1
1 3400	2 3785	1	1
3 1642	2 3785	1	1
2 4022	2 3786	1	1
0 1603	2 3786	1	1
0 2874	2 3786	1	1
3 4734	2 3786	1	1
3 1910	2 3786	1	1
3 3451	2 3786	1	1
2 602	2 3787	1	1
0 376	2 3787	1	1
1 2843	2 3787	1	1
1 2598	2 3787	1	1
3 980	2 3787	1	1
3 3860	2 3787	1	1
2 2003	2 3788	1	1
0 2664	2 3788	1	1
1 2881	2 3788	1	1
1 4307	2 3788	1	1
3 92	2 3788	1	1
3 1331	2 3788	1	1
2 162	2 3789	1	1
2 3354	2 3789	1	1
1 2910	2 3789	1	1
3 2658	2 3789	1	1
3 1549	2 3789	1	1
3 2306	2 3789	1	1
2 1701	2 3790	1	1
2 2216	2 3790	1	1
0 4340	2 3790	1	1
0 564	2 3790	1	1
3 1150	2 3790	1	1
3 4237	2 3790	1	1
2 404	2 3791	1	1
0 4697	2 3791	1	1
3 4995	2 3791	1	1
3 4687	2 3791	1	1
3 1987	2 3791	1	1
3 4775	2 3791	1	1
2 12	2 3792	1	1
0 351	2 3792	1	1
1 3681	2 3792	1	1
3 4279	2 3792	1	1
3 4846	2 3792	1	1
0 2456	2 3792	1	1
2 1409	2 3793	1	1
2 1512	2 3793	1	1
2 1691	2 3793	1	1
0 4896	2 3793	1	1
0 1684	2 3793	1	1
1 920	2 3793	1	1
2 2446	2 3794	1	1
0 2652	2 3794	1	1
0 3607	2 3794	1	1
1 4462	2 3794	1	1
3 2055	2 3794	1	1
1 4329	2 3794	1	1
2 2988	2 3795	1	1
0 239	2 3795	1	1
1 2785	2 3795	1	1
3 4611	2 3795	1	1
0 1857	2 3795	1	1
3 3100	2 3795	1	1
2 4987	2 3796	1	1
0 1737	2 3796	1	1
0 4933	2 3796	1	1
1 2432	2 3796	1	1
3 3946	2 3796	1	1
0 4745	2 3796	1	1
0 2806	2 3797	1	1
1 2931	2 3797	1	1
1 4640	2 3797	1	1
1 83	2 3797	1	1
3 1837	2 3797	1	1
3 3272	2 3797	1	1
2 1198	2 3798	1	1
2 696	2 3798	1	1
2 4241	2 3798	1	1
1 1727	2 3798	1	1
3 1057	2 3798	1	1
3 4215	2 3798	1	1
2 3427	2 3799	1	1
0 845	2 3799	1	1
0 4125	2 3799	1	1
1 4975	2 3799	1	1
1 3436	2 3799	1	1
1 4945	2 3799	1	1
2 1394	2 3800	1	1
2 815	2 3800	1	1
0 1399	2 3800	1	1
1 2135	2 3800	1	1
3 3633	2 3800	1	1
0 3673	2 3800	1	1
2 3215	2 3801	1	1
1 3785	2 3801	1	1
3 1531	2 3801	1	1
3 1344	2 3801	1	1
3 1459	2 3801	1	1
3 4479	2 3801	1	1
2 2626	2 3802	1	1
1 1104	2 3802	1	1
3 887	2 3802	1	1
3 1621	2 3802	1	1
0 3615	2 3802	1	1
1 4768	2 3802	1	1
2 780	2 3803	1	1
2 453	2 3803	1	1
0 1673	2 3803	1	1
0 4118	2 3803	1	1
1 3215	2 3803	1	1
3 2184	2 3803	1	1
2 1554	2 3804	1	1
2 864	2 3804	1	1
0 2656	2 3804	1	1
0 590	2 3804	1	1
0 2538	2 3804	1	1
3 822	2 3804	1	1
2 482	2 3805	1	1
2 3066	2 3805	1	1
2 4536	2 3805	1	1
2 2099	2 3805	1	1
0 1764	2 3805	1	1
1 4332	2 3805	1	1
2 1697	2 3806	1	1
2 1162	2 3806	1	1
2 2818	2 3806	1	1
0 1954	2 3806	1	1
0 4825	2 3806	1	1
1 4687	2 3806	1	1
2 1541	2 3807	1	1
2 3979	2 3807	1	1
2 3201	2 3807	1	1
0 2144	2 3807	1	1
1 2388	2 3807	1	1
3 2158	2 3807	1	1
2 3329	2 3808	1	1
0 411	2 3808	1	1
0 1836	2 3808	1	1
1 2947	2 3808	1	1
3 4273	2 3808	1	1
3 2504	2 3808	1	1
2 3752	2 3809	1	1
2 3507	2 3809	1	1
0 3276	2 3809	1	1
0 117	2 3809	1	1
1 4475	2 3809	1	1
1 3035	2 3809	1	1
2 4937	2 3810	1	1
2 3139	2 3810	1	1
0 4252	2 3810	1	1
0 2899	2 3810	1	1
1 298	2 3810	1	1
3 1960	2 3810	1	1
0 4661	2 3811	1	1
0 542	2 3811	1	1
0 635	2 3811	1	1
1 470	2 3811	1	1
1 438	2 3811	1	1
3 435	2 3811	1	1
2 3103	2 3812	1	1
2 4743	2 3812	1	1
2 4231	2 3812	1	1
0 1895	2 3812	1	1
0 1861	2 3812	1	1
0 1298	2 3812	1	1
2 36	2 3813	1	1
0 3753	2 3813	1	1
3 657	2 3813	1	1
3 3885	2 3813	1	1
3 1255	2 3813	1	1
0 4191	2 3813	1	1
2 2343	2 3814	1	1
0 4449	2 3814	1	1
0 3755	2 3814	1	1
1 1051	2 3814	1	1
3 2548	2 3814	1	1
3 233	2 3814	1	1
2 4377	2 3815	1	1
0 2753	2 3815	1	1
0 3285	2 3815	1	1
1 4761	2 3815	1	1
3 269	2 3815	1	1
1 3172	2 3815	1	1
2 3226	2 3816	1	1
2 2341	2 3816	1	1
0 1812	2 3816	1	1
1 2844	2 3816	1	1
3 1903	2 3816	1	1
3 1558	2 3816	1	1
2 224	2 3817	1	1
1 4137	2 3817	1	1
3 1432	2 3817	1	1
3 4738	2 3817	1	1
3 2166	2 3817	1	1
3 3274	2 3817	1	1
2 3668	2 3818	1	1
2 463	2 3818	1	1
1 4110	2 3818	1	1
3 3076	2 3818	1	1
3 2860	2 3818	1	1
0 2798	2 3818	1	1
2 1380	2 3819	1	1
2 4599	2 3819	1	1
0 4739	2 3819	1	1
0 976	2 3819	1	1
1 2908	2 3819	1	1
3 1484	2 3819	1	1
2 5	2 3820	1	1
0 984	2 3820	1	1
0 1225	2 3820	1	1
1 3851	2 3820	1	1
1 4970	2 3820	1	1
3 2248	2 3820	1	1
2 4069	2 3821	1	1
0 2403	2 3821	1	1
0 1477	2 3821	1	1
0 2596	2 3821	1	1
1 2711	2 3821	1	1
1 452	2 3821	1	1
2 1435	2 3822	1	1
2 4052	2 3822	1	1
1 3871	2 3822	1	1
1 4221	2 3822	1	1
3 2145	2 3822	1	1
3 3828	2 3822	1	1
2 398	2 3823	1	1
2 4635	2 3823	1	1
1 1895	2 3823	1	1
1 1203	2 3823	1	1
1 2953	2 3823	1	1
1 4939	2 3823	1	1
2 2920	2 3824	1	1
0 376	2 3824	1	1
1 3914	2 3824	1	1
1 4667	2 3824	1	1
3 3106	2 3824	1	1
1 2362	2 3824	1	1
2 3601	2 3825	1	1
0 2577	2 3825	1	1
0 741	2 3825	1	1
1 3046	2 3825	1	1
3 1659	2 3825	1	1
3 637	2 3825	1	1
2 928	2 3826	1	1
2 1559	2 3826	1	1
0 1733	2 3826	1	1
0 1604	2 3826	1	1
1 2770	2 3826	1	1
1 1120	2 3826	1	1
2 1412	2 3827	1	1
2 2935	2 3827	1	1
2 156	2 3827	1	1
0 4403	2 3827	1	1
3 2742	2 3827	1	1
0 3539	2 3827	1	1
2 6	2 3828	1	1
0 710	2 3828	1	1
1 418	2 3828	1	1
3 2832	2 3828	1	1
1 3740	2 3828	1	1
1 1233	2 3828	1	1
2 42	2 3829	1	1
2 727	2 3829	1	1
2 3363	2 3829	1	1
1 915	2 3829	1	1
0 4822	2 3829	1	1
0 3793	2 3829	1	1
2 512	2 3830	1	1
2 4618	2 3830	1	1
1 1731	2 3830	1	1
3 2641	2 3830	1	1
1 3692	2 3830	1	1
3 3354	2 3830	1	1
2 694	2 3831	1	1
0 1652	2 3831	1	1
0 3445	2 3831	1	1
1 301	2 3831	1	1
1 2826	2 3831	1	1
1 2039	2 3831	1	1
2 4337	2 3832	1	1
0 4072	2 3832	1	1
0 402	2 3832	1	1
0 2575	2 3832	1	1
1 4166	2 3832	1	1
3 15	2 3832	1	1
2 3423	2 3833	1	1
2 3632	2 3833	1	1
0 3304	2 3833	1	1
3 263	2 3833	1	1
3 3160	2 3833	1	1
0 4373	2 3833	1	1
0 2620	2 3834	1	1
0 473	2 3834	1	1
0 3928	2 3834	1	1
1 1873	2 3834	1	1
3 4446	2 3834	1	1
3 1188	2 3834	1	1
0 4911	2 3835	1	1
0 796	2 3835	1	1
1 212	2 3835	1	1
0 2588	2 3835	1	1
3 4188	2 3835	1	1
3 49	2 3835	1	1
2 3853	2 3836	1	1
2 516	2 3836	1	1
0 4628	2 3836	1	1
1 1468	2 3836	1	1
3 2037	2 3836	1	1
1 4433	2 3836	1	1
2 4834	2 3837	1	1
2 2916	2 3837	1	1
0 166	2 3837	1	1
0 886	2 3837	1	1
1 274	2 3837	1	1
3 3851	2 3837	1	1
2 3849	2 3838	1	1
2 89	2 3838	1	1
0 17	2 3838	1	1
1 2062	2 3838	1	1
1 4802	2 3838	1	1
3 4042	2 3838	1	1
0 339	2 3839	1	1
0 3779	2 3839	1	1
1 1714	2 3839	1	1
1 1353	2 3839	1	1
3 590	2 3839	1	1
3 2503	2 3839	1	1
2 1628	2 3840	1	1
0 4165	2 3840	1	1
3 1894	2 3840	1	1
3 250	2 3840	1	1
3 811	2 3840	1	1
3 4019	2 3840	1	1
2 1645	2 3841	1	1
2 2228	2 3841	1	1
1 900	2 3841	1	1
1 3015	2 3841	1	1
1 2822	2 3841	1	1
3 3167	2 3841	1	1
2 457	2 3842	1	1
0 3924	2 3842	1	1
0 1121	2 3842	1	1
1 531	2 3842	1	1
3 1814	2 3842	1	1
1 872	2 3842	1	1
2 2863	2 3843	1	1
2 3659	2 3843	1	1
0 830	2 3843	1	1
0 1135	2 3843	1	1
1 2123	2 3843	1	1
3 2224	2 3843	1	1
2 1853	2 3844	1	1
0 3573	2 3844	1	1
1 233	2 3844	1	1
1 374	2 3844	1	1
3 2884	2 3844	1	1
3 605	2 3844	1	1
2 2572	2 3845	1	1
0 611	2 3845	1	1
0 2532	2 3845	1	1
1 1222	2 3845	1	1
1 85	2 3845	1	1
3 3955	2 3845	1	1
2 2493	2 3846	1	1
0 1049	2 3846	1	1
1 3136	2 3846	1	1
1 3586	2 3846	1	1
1 4749	2 3846	1	1
3 1363	2 3846	1	1
2 4588	2 3847	1	1
0 462	2 3847	1	1
3 154	2 3847	1	1
3 488	2 3847	1	1
3 2896	2 3847	1	1
3 3441	2 3847	1	1
2 4104	2 3848	1	1
2 331	2 3848	1	1
2 433	2 3848	1	1
0 2429	2 3848	1	1
3 2187	2 3848	1	1
3 2375	2 3848	1	1
2 2134	2 3849	1	1
0 1977	2 3849	1	1
0 2347	2 3849	1	1
3 3093	2 3849	1	1
3 754	2 3849	1	1
1 4807	2 3849	1	1
2 4015	2 3850	1	1
0 3840	2 3850	1	1
0 4827	2 3850	1	1
0 1442	2 3850	1	1
0 2589	2 3850	1	1
0 3995	2 3850	1	1
2 2731	2 3851	1	1
0 335	2 3851	1	1
0 4963	2 3851	1	1
1 1682	2 3851	1	1
3 1359	2 3851	1	1
3 2926	2 3851	1	1
2 1518	2 3852	1	1
0 4071	2 3852	1	1
0 390	2 3852	1	1
0 2631	2 3852	1	1
1 4215	2 3852	1	1
1 4090	2 3852	1	1
2 2052	2 3853	1	1
0 4174	2 3853	1	1
0 1122	2 3853	1	1
1 2281	2 3853	1	1
3 69	2 3853	1	1
3 460	2 3853	1	1
2 1479	2 3854	1	1
0 22	2 3854	1	1
0 32	2 3854	1	1
1 3342	2 3854	1	1
1 3760	2 3854	1	1
1 1189	2 3854	1	1
2 1969	2 3855	1	1
2 2860	2 3855	1	1
0 4469	2 3855	1	1
1 2190	2 3855	1	1
1 4346	2 3855	1	1
0 3492	2 3855	1	1
2 1966	2 3856	1	1
2 1747	2 3856	1	1
1 3745	2 3856	1	1
3 2298	2 3856	1	1
3 3341	2 3856	1	1
1 2201	2 3856	1	1
0 3222	2 3857	1	1
0 2698	2 3857	1	1
0 217	2 3857	1	1
1 1098	2 3857	1	1
1 4042	2 3857	1	1
3 3389	2 3857	1	1
2 972	2 3858	1	1
0 3972	2 3858	1	1
0 793	2 3858	1	1
1 802	2 3858	1	1
1 1863	2 3858	1	1
1 2705	2 3858	1	1
0 4516	2 3859	1	1
0 936	2 3859	1	1
1 3511	2 3859	1	1
1 209	2 3859	1	1
3 3425	2 3859	1	1
3 4386	2 3859	1	1
2 15	2 3860	1	1
0 964	2 3860	1	1
1 171	2 3860	1	1
3 3293	2 3860	1	1
3 1317	2 3860	1	1
3 1174	2 3860	1	1
2 1558	2 3861	1	1
0 2150	2 3861	1	1
0 828	2 3861	1	1
1 4513	2 3861	1	1
1 2741	2 3861	1	1
1 1935	2 3861	1	1
2 551	2 3862	1	1
2 415	2 3862	1	1
1 2397	2 3862	1	1
3 251	2 3862	1	1
3 4311	2 3862	1	1
3 3297	2 3862	1	1
0 860	2 3863	1	1
1 617	2 3863	1	1
3 2030	2 3863	1	1
0 2223	2 3863	1	1
1 2939	2 3863	1	1
3 1959	2 3863	1	1
2 3896	2 3864	1	1
2 4400	2 3864	1	1
0 2396	2 3864	1	1
1 1655	2 3864	1	1
1 1114	2 3864	1	1
0 4886	2 3864	1	1
0 2616	2 3865	1	1
1 2991	2 3865	1	1
1 4173	2 3865	1	1
1 4534	2 3865	1	1
1 2906	2 3865	1	1
3 645	2 3865	1	1
2 2469	2 3866	1	1
2 460	2 3866	1	1
0 2739	2 3866	1	1
1 2067	2 3866	1	1
3 4988	2 3866	1	1
1 828	2 3866	1	1
0 3009	2 3867	1	1
1 3894	2 3867	1	1
1 4063	2 3867	1	1
1 2624	2 3867	1	1
3 1890	2 3867	1	1
0 881	2 3867	1	1
2 2094	2 3868	1	1
2 3001	2 3868	1	1
2 2217	2 3868	1	1
1 3364	2 3868	1	1
1 1584	2 3868	1	1
3 2614	2 3868	1	1
2 3993	2 3869	1	1
2 243	2 3869	1	1
0 889	2 3869	1	1
1 40	2 3869	1	1
0 792	2 3869	1	1
1 4706	2 3869	1	1
2 3443	2 3870	1	1
2 3329	2 3870	1	1
0 3053	2 3870	1	1
1 3818	2 3870	1	1
1 508	2 3870	1	1
1 2291	2 3870	1	1
0 4900	2 3871	1	1
0 2427	2 3871	1	1
1 2450	2 3871	1	1
3 2848	2 3871	1	1
3 3077	2 3871	1	1
1 3674	2 3871	1	1
2 4017	2 3872	1	1
2 1173	2 3872	1	1
2 3153	2 3872	1	1
1 2748	2 3872	1	1
3 3636	2 3872	1	1
1 793	2 3872	1	1
2 2277	2 3873	1	1
2 1946	2 3873	1	1
2 2970	2 3873	1	1
0 3721	2 3873	1	1
1 845	2 3873	1	1
1 3193	2 3873	1	1
2 1789	2 3874	1	1
2 521	2 3874	1	1
0 833	2 3874	1	1
0 2942	2 3874	1	1
3 1293	2 3874	1	1
3 2190	2 3874	1	1
2 2509	2 3875	1	1
0 979	2 3875	1	1
1 4416	2 3875	1	1
3 2675	2 3875	1	1
3 1755	2 3875	1	1
3 4930	2 3875	1	1
2 2525	2 3876	1	1
2 1659	2 3876	1	1
0 3749	2 3876	1	1
0 2424	2 3876	1	1
1 2967	2 3876	1	1
3 252	2 3876	1	1
2 222	2 3877	1	1
2 2764	2 3877	1	1
0 2703	2 3877	1	1
3 2755	2 3877	1	1
3 276	2 3877	1	1
3 3730	2 3877	1	1
0 4736	2 3878	1	1
0 1922	2 3878	1	1
0 4346	2 3878	1	1
1 4688	2 3878	1	1
0 832	2 3878	1	1
0 521	2 3878	1	1
0 2652	2 3879	1	1
0 204	2 3879	1	1
1 193	2 3879	1	1
1 3367	2 3879	1	1
3 652	2 3879	1	1
1 2219	2 3879	1	1
2 4291	2 3880	1	1
0 2002	2 3880	1	1
1 4008	2 3880	1	1
1 4116	2 3880	1	1
1 806	2 3880	1	1
3 865	2 3880	1	1
2 3765	2 3881	1	1
2 736	2 3881	1	1
2 4496	2 3881	1	1
0 1715	2 3881	1	1
3 1909	2 3881	1	1
3 925	2 3881	1	1
2 4133	2 3882	1	1
0 1646	2 3882	1	1
1 2893	2 3882	1	1
1 2348	2 3882	1	1
0 4294	2 3882	1	1
1 4686	2 3882	1	1
2 123	2 3883	1	1
0 646	2 3883	1	1
1 3961	2 3883	1	1
3 1882	2 3883	1	1
3 2734	2 3883	1	1
0 1939	2 3883	1	1
2 354	2 3884	1	1
0 2496	2 3884	1	1
0 3804	2 3884	1	1
1 1287	2 3884	1	1
3 2246	2 3884	1	1
0 4503	2 3884	1	1
2 1103	2 3885	1	1
0 338	2 3885	1	1
0 94	2 3885	1	1
0 3892	2 3885	1	1
1 3395	2 3885	1	1
1 265	2 3885	1	1
2 103	2 3886	1	1
2 580	2 3886	1	1
2 2645	2 3886	1	1
0 1693	2 3886	1	1
1 3948	2 3886	1	1
3 375	2 3886	1	1
2 2886	2 3887	1	1
0 4945	2 3887	1	1
1 1191	2 3887	1	1
3 3115	2 3887	1	1
3 3655	2 3887	1	1
3 4675	2 3887	1	1
2 293	2 3888	1	1
2 2197	2 3888	1	1
0 2702	2 3888	1	1
1 3561	2 3888	1	1
1 4162	2 3888	1	1
1 1376	2 3888	1	1
2 3586	2 3889	1	1
2 3031	2 3889	1	1
2 2256	2 3889	1	1
0 1652	2 3889	1	1
1 2991	2 3889	1	1
0 2387	2 3889	1	1
0 3301	2 3890	1	1
1 1928	2 3890	1	1
3 3189	2 3890	1	1
3 2363	2 3890	1	1
3 4160	2 3890	1	1
3 999	2 3890	1	1
2 500	2 3891	1	1
2 978	2 3891	1	1
2 4766	2 3891	1	1
2 4486	2 3891	1	1
0 1896	2 3891	1	1
1 1464	2 3891	1	1
2 4953	2 3892	1	1
0 1847	2 3892	1	1
1 2714	2 3892	1	1
1 2265	2 3892	1	1
3 2194	2 3892	1	1
3 2692	2 3892	1	1
2 348	2 3893	1	1
0 4378	2 3893	1	1
0 1542	2 3893	1	1
1 1278	2 3893	1	1
3 1689	2 3893	1	1
0 966	2 3893	1	1
2 603	2 3894	1	1
2 2306	2 3894	1	1
0 4104	2 3894	1	1
1 4525	2 3894	1	1
1 1335	2 3894	1	1
1 4211	2 3894	1	1
1 2328	2 3895	1	1
1 4585	2 3895	1	1
1 3580	2 3895	1	1
3 4603	2 3895	1	1
3 3985	2 3895	1	1
3 394	2 3895	1	1
0 1432	2 3896	1	1
0 3199	2 3896	1	1
3 2827	2 3896	1	1
3 850	2 3896	1	1
0 3113	2 3896	1	1
1 2446	2 3896	1	1
2 850	2 3897	1	1
2 3947	2 3897	1	1
0 501	2 3897	1	1
0 4665	2 3897	1	1
3 4127	2 3897	1	1
3 2313	2 3897	1	1
2 1592	2 3898	1	1
2 1651	2 3898	1	1
0 3697	2 3898	1	1
0 2848	2 3898	1	1
1 874	2 3898	1	1
1 1805	2 3898	1	1
2 1207	2 3899	1	1
0 842	2 3899	1	1
0 3248	2 3899	1	1
1 3467	2 3899	1	1
1 454	2 3899	1	1
3 3797	2 3899	1	1
0 2487	2 3900	1	1
0 3968	2 3900	1	1
0 1392	2 3900	1	1
1 4209	2 3900	1	1
3 3302	2 3900	1	1
1 361	2 3900	1	1
2 4754	2 3901	1	1
0 396	2 3901	1	1
0 4262	2 3901	1	1
1 2839	2 3901	1	1
1 194	2 3901	1	1
1 3141	2 3901	1	1
2 1914	2 3902	1	1
0 3974	2 3902	1	1
0 3683	2 3902	1	1
3 3934	2 3902	1	1
3 1562	2 3902	1	1
3 1572	2 3902	1	1
2 2341	2 3903	1	1
0 4842	2 3903	1	1
0 4564	2 3903	1	1
0 2805	2 3903	1	1
0 3870	2 3903	1	1
1 1660	2 3903	1	1
2 3889	2 3904	1	1
0 2152	2 3904	1	1
1 4661	2 3904	1	1
3 3832	2 3904	1	1
0 1550	2 3904	1	1
3 1116	2 3904	1	1
2 2505	2 3905	1	1
2 1214	2 3905	1	1
2 2157	2 3905	1	1
2 3897	2 3905	1	1
3 2289	2 3905	1	1
3 4523	2 3905	1	1
2 3603	2 3906	1	1
0 4373	2 3906	1	1
1 4710	2 3906	1	1
1 1832	2 3906	1	1
3 1464	2 3906	1	1
3 4875	2 3906	1	1
2 2342	2 3907	1	1
2 74	2 3907	1	1
2 4052	2 3907	1	1
1 2532	2 3907	1	1
3 682	2 3907	1	1
3 3659	2 3907	1	1
2 3080	2 3908	1	1
2 461	2 3908	1	1
2 1083	2 3908	1	1
0 1798	2 3908	1	1
0 3546	2 3908	1	1
3 4873	2 3908	1	1
2 3829	2 3909	1	1
2 4595	2 3909	1	1
2 4992	2 3909	1	1
2 3676	2 3909	1	1
0 3441	2 3909	1	1
3 141	2 3909	1	1
2 4121	2 3910	1	1
2 1062	2 3910	1	1
1 4714	2 3910	1	1
1 734	2 3910	1	1
3 196	2 3910	1	1
3 2681	2 3910	1	1
0 1405	2 3911	1	1
0 4483	2 3911	1	1
1 2365	2 3911	1	1
1 4837	2 3911	1	1
3 3260	2 3911	1	1
3 2451	2 3911	1	1
2 1310	2 3912	1	1
0 4535	2 3912	1	1
0 3382	2 3912	1	1
1 3707	2 3912	1	1
1 817	2 3912	1	1
3 2227	2 3912	1	1
2 3651	2 3913	1	1
0 3139	2 3913	1	1
0 3837	2 3913	1	1
0 24	2 3913	1	1
3 354	2 3913	1	1
3 3183	2 3913	1	1
2 1864	2 3914	1	1
0 683	2 3914	1	1
0 1961	2 3914	1	1
1 1235	2 3914	1	1
0 4595	2 3914	1	1
3 3952	2 3914	1	1
2 3509	2 3915	1	1
2 4046	2 3915	1	1
1 1854	2 3915	1	1
3 2635	2 3915	1	1
3 4337	2 3915	1	1
3 2084	2 3915	1	1
2 4883	2 3916	1	1
2 11	2 3916	1	1
0 2137	2 3916	1	1
1 2845	2 3916	1	1
1 2668	2 3916	1	1
3 2521	2 3916	1	1
2 846	2 3917	1	1
2 1149	2 3917	1	1
2 2805	2 3917	1	1
2 4858	2 3917	1	1
0 21	2 3917	1	1
0 1129	2 3917	1	1
2 3285	2 3918	1	1
2 3981	2 3918	1	1
1 3304	2 3918	1	1
1 3749	2 3918	1	1
1 4722	2 3918	1	1
3 1402	2 3918	1	1
2 2372	2 3919	1	1
2 1315	2 3919	1	1
3 228	2 3919	1	1
3 2701	2 3919	1	1
3 2750	2 3919	1	1
3 356	2 3919	1	1
2 3998	2 3920	1	1
2 4056	2 3920	1	1
2 1691	2 3920	1	1
1 2294	2 3920	1	1
1 3694	2 3920	1	1
1 2521	2 3920	1	1
2 3020	2 3921	1	1
2 1826	2 3921	1	1
0 2236	2 3921	1	1
1 1450	2 3921	1	1
3 2253	2 3921	1	1
3 2990	2 3921	1	1
2 4004	2 3922	1	1
2 1708	2 3922	1	1
2 1604	2 3922	1	1
3 3984	2 3922	1	1
3 1079	2 3922	1	1
3 554	2 3922	1	1
0 4418	2 3923	1	1
0 3923	2 3923	1	1
3 1638	2 3923	1	1
3 1231	2 3923	1	1
1 2002	2 3923	1	1
1 4949	2 3923	1	1
1 3594	2 3924	1	1
1 1749	2 3924	1	1
3 4829	2 3924	1	1
3 564	2 3924	1	1
3 3035	2 3924	1	1
0 1936	2 3924	1	1
2 4714	2 3925	1	1
0 1335	2 3925	1	1
0 4448	2 3925	1	1
1 2709	2 3925	1	1
0 3705	2 3925	1	1
1 3493	2 3925	1	1
2 3295	2 3926	1	1
0 4029	2 3926	1	1
1 3841	2 3926	1	1
3 2387	2 3926	1	1
3 1565	2 3926	1	1
1 1937	2 3926	1	1
2 100	2 3927	1	1
2 1778	2 3927	1	1
0 1858	2 3927	1	1
1 2700	2 3927	1	1
1 373	2 3927	1	1
1 1089	2 3927	1	1
2 4128	2 3928	1	1
0 1007	2 3928	1	1
1 3564	2 3928	1	1
3 1272	2 3928	1	1
3 409	2 3928	1	1
3 2005	2 3928	1	1
2 4628	2 3929	1	1
0 4818	2 3929	1	1
0 2459	2 3929	1	1
1 568	2 3929	1	1
3 1145	2 3929	1	1
3 3124	2 3929	1	1
2 1324	2 3930	1	1
0 685	2 3930	1	1
0 1484	2 3930	1	1
0 2902	2 3930	1	1
3 2735	2 3930	1	1
0 426	2 3930	1	1
2 1205	2 3931	1	1
2 228	2 3931	1	1
0 4850	2 3931	1	1
0 1842	2 3931	1	1
1 2949	2 3931	1	1
0 3565	2 3931	1	1
2 3887	2 3932	1	1
2 3696	2 3932	1	1
0 1751	2 3932	1	1
1 712	2 3932	1	1
1 2759	2 3932	1	1
3 1567	2 3932	1	1
2 3745	2 3933	1	1
2 1749	2 3933	1	1
1 3910	2 3933	1	1
1 3424	2 3933	1	1
3 4824	2 3933	1	1
3 2166	2 3933	1	1
3 4591	2 3934	1	1
3 499	2 3934	1	1
0 745	2 3934	1	1
0 4074	2 3934	1	1
0 3270	2 3934	1	1
1 277	2 3934	1	1
2 1553	2 3935	1	1
2 2998	2 3935	1	1
2 1498	2 3935	1	1
2 998	2 3935	1	1
3 4494	2 3935	1	1
1 2902	2 3935	1	1
2 4764	2 3936	1	1
1 1907	2 3936	1	1
1 2134	2 3936	1	1
3 4854	2 3936	1	1
1 3644	2 3936	1	1
1 3671	2 3936	1	1
2 204	2 3937	1	1
0 648	2 3937	1	1
1 116	2 3937	1	1
1 873	2 3937	1	1
3 3365	2 3937	1	1
3 3756	2 3937	1	1
2 16	2 3938	1	1
0 2622	2 3938	1	1
0 4048	2 3938	1	1
0 3951	2 3938	1	1
1 4241	2 3938	1	1
3 4637	2 3938	1	1
0 1813	2 3939	1	1
0 379	2 3939	1	1
1 2940	2 3939	1	1
1 723	2 3939	1	1
1 2345	2 3939	1	1
3 370	2 3939	1	1
0 4425	2 3940	1	1
0 2542	2 3940	1	1
1 1745	2 3940	1	1
3 4008	2 3940	1	1
3 3548	2 3940	1	1
1 2321	2 3940	1	1
2 615	2 3941	1	1
2 2425	2 3941	1	1
0 2955	2 3941	1	1
1 4019	2 3941	1	1
1 4668	2 3941	1	1
1 4685	2 3941	1	1
2 4044	2 3942	1	1
2 2438	2 3942	1	1
0 2617	2 3942	1	1
0 4213	2 3942	1	1
1 550	2 3942	1	1
3 1928	2 3942	1	1
2 4874	2 3943	1	1
2 842	2 3943	1	1
2 3920	2 3943	1	1
2 2007	2 3943	1	1
2 4856	2 3943	1	1
2 3508	2 3943	1	1
2 2302	2 3944	1	1
2 3023	2 3944	1	1
1 4044	2 3944	1	1
1 3247	2 3944	1	1
3 259	2 3944	1	1
3 1090	2 3944	1	1
2 2327	2 3945	1	1
2 4721	2 3945	1	1
0 4789	2 3945	1	1
0 1715	2 3945	1	1
1 934	2 3945	1	1
3 646	2 3945	1	1
2 4933	2 3946	1	1
2 3224	2 3946	1	1
0 3246	2 3946	1	1
0 4856	2 3946	1	1
1 3481	2 3946	1	1
3 4527	2 3946	1	1
2 2309	2 3947	1	1
0 2958	2 3947	1	1
0 585	2 3947	1	1
1 4202	2 3947	1	1
3 1951	2 3947	1	1
3 1491	2 3947	1	1
2 2245	2 3948	1	1
2 4165	2 3948	1	1
2 1462	2 3948	1	1
0 2391	2 3948	1	1
1 3263	2 3948	1	1
1 3765	2 3948	1	1
2 2044	2 3949	1	1
2 1166	2 3949	1	1
2 1855	2 3949	1	1
0 1992	2 3949	1	1
1 1069	2 3949	1	1
3 4743	2 3949	1	1
2 2641	2 3950	1	1
2 8	2 3950	1	1
0 4854	2 3950	1	1
0 1380	2 3950	1	1
1 4297	2 3950	1	1
3 322	2 3950	1	1
2 2559	2 3951	1	1
0 443	2 3951	1	1
1 1571	2 3951	1	1
3 455	2 3951	1	1
3 3352	2 3951	1	1
1 3172	2 3951	1	1
0 1194	2 3952	1	1
3 3722	2 3952	1	1
3 1105	2 3952	1	1
3 974	2 3952	1	1
3 3059	2 3952	1	1
3 1076	2 3952	1	1
2 1919	2 3953	1	1
2 3490	2 3953	1	1
0 990	2 3953	1	1
1 16	2 3953	1	1
1 1693	2 3953	1	1
1 291	2 3953	1	1
2 191	2 3954	1	1
0 4902	2 3954	1	1
0 3001	2 3954	1	1
1 4181	2 3954	1	1
3 765	2 3954	1	1
1 1082	2 3954	1	1
2 4090	2 3955	1	1
2 3981	2 3955	1	1
1 1859	2 3955	1	1
1 83	2 3955	1	1
3 3955	2 3955	1	1
3 316	2 3955	1	1
2 1615	2 3956	1	1
0 2939	2 3956	1	1
0 2021	2 3956	1	1
1 698	2 3956	1	1
0 1429	2 3956	1	1
3 4676	2 3956	1	1
0 3288	2 3957	1	1
1 2867	2 3957	1	1
1 2321	2 3957	1	1
3 2367	2 3957	1	1
0 1452	2 3957	1	1
3 1617	2 3957	1	1
2 4275	2 3958	1	1
1 4493	2 3958	1	1
1 1475	2 3958	1	1
3 4794	2 3958	1	1
3 1620	2 3958	1	1
1 4196	2 3958	1	1
2 1079	2 3959	1	1
2 2421	2 3959	1	1
2 4150	2 3959	1	1
0 655	2 3959	1	1
0 600	2 3959	1	1
1 1912	2 3959	1	1
2 3401	2 3960	1	1
2 1100	2 3960	1	1
0 2265	2 3960	1	1
0 4615	2 3960	1	1
1 1144	2 3960	1	1
3 3084	2 3960	1	1
2 1762	2 3961	1	1
2 4347	2 3961	1	1
2 419	2 3961	1	1
0 3314	2 3961	1	1
1 1860	2 3961	1	1
1 1213	2 3961	1	1
2 263	2 3962	1	1
0 3616	2 3962	1	1
1 2286	2 3962	1	1
3 2198	2 3962	1	1
3 4449	2 3962	1	1
3 248	2 3962	1	1
2 1952	2 3963	1	1
2 1092	2 3963	1	1
2 4613	2 3963	1	1
0 664	2 3963	1	1
0 831	2 3963	1	1
1 3715	2 3963	1	1
2 2367	2 3964	1	1
2 3535	2 3964	1	1
2 3066	2 3964	1	1
2 808	2 3964	1	1
0 1424	2 3964	1	1
1 1265	2 3964	1	1
2 4540	2 3965	1	1
2 567	2 3965	1	1
0 1792	2 3965	1	1
0 1669	2 3965	1	1
1 2607	2 3965	1	1
1 1859	2 3965	1	1
2 1208	2 3966	1	1
0 2154	2 3966	1	1
0 726	2 3966	1	1
1 877	2 3966	1	1
3 925	2 3966	1	1
3 2390	2 3966	1	1
2 1020	2 3967	1	1
2 2278	2 3967	1	1
0 958	2 3967	1	1
0 4290	2 3967	1	1
0 1906	2 3967	1	1
0 146	2 3967	1	1
2 3296	2 3968	1	1
2 3071	2 3968	1	1
0 4087	2 3968	1	1
1 2358	2 3968	1	1
3 122	2 3968	1	1
3 1274	2 3968	1	1
2 4587	2 3969	1	1
2 1839	2 3969	1	1
0 1855	2 3969	1	1
3 1611	2 3969	1	1
3 4937	2 3969	1	1
3 33	2 3969	1	1
2 4555	2 3970	1	1
0 4502	2 3970	1	1
1 741	2 3970	1	1
3 4633	2 3970	1	1
3 4524	2 3970	1	1
3 3126	2 3970	1	1
2 2257	2 3971	1	1
0 1898	2 3971	1	1
0 4332	2 3971	1	1
3 468	2 3971	1	1
3 3447	2 3971	1	1
3 2635	2 3971	1	1
2 4804	2 3972	1	1
0 2143	2 3972	1	1
0 2524	2 3972	1	1
0 3829	2 3972	1	1
1 3350	2 3972	1	1
3 2749	2 3972	1	1
2 3574	2 3973	1	1
1 2918	2 3973	1	1
3 1662	2 3973	1	1
3 3961	2 3973	1	1
3 508	2 3973	1	1
3 4353	2 3973	1	1
2 1411	2 3974	1	1
2 2694	2 3974	1	1
1 3633	2 3974	1	1
3 4774	2 3974	1	1
3 4058	2 3974	1	1
1 4631	2 3974	1	1
2 952	2 3975	1	1
1 559	2 3975	1	1
1 2972	2 3975	1	1
3 727	2 3975	1	1
3 3373	2 3975	1	1
1 4958	2 3975	1	1
2 264	2 3976	1	1
2 3956	2 3976	1	1
2 1116	2 3976	1	1
1 3670	2 3976	1	1
1 2291	2 3976	1	1
3 440	2 3976	1	1
2 2535	2 3977	1	1
2 2563	2 3977	1	1
2 468	2 3977	1	1
0 703	2 3977	1	1
3 3386	2 3977	1	1
3 1379	2 3977	1	1
2 4507	2 3978	1	1
0 4221	2 3978	1	1
1 3905	2 3978	1	1
0 1784	2 3978	1	1
0 4477	2 3978	1	1
3 4483	2 3978	1	1
2 3620	2 3979	1	1
2 2162	2 3979	1	1
2 4859	2 3979	1	1
0 692	2 3979	1	1
1 2823	2 3979	1	1
1 2701	2 3979	1	1
0 2506	2 3980	1	1
3 2912	2 3980	1	1
3 285	2 3980	1	1
3 1229	2 3980	1	1
3 487	2 3980	1	1
3 234	2 3980	1	1
2 442	2 3981	1	1
2 2087	2 3981	1	1
2 290	2 3981	1	1
2 3761	2 3981	1	1
0 3186	2 3981	1	1
3 2285	2 3981	1	1
2 1283	2 3982	1	1
2 4881	2 3982	1	1
2 3582	2 3982	1	1
2 3469	2 3982	1	1
2 1174	2 3982	1	1
0 3763	2 3982	1	1
0 3242	2 3983	1	1
0 4632	2 3983	1	1
0 559	2 3983	1	1
3 4745	2 3983	1	1
3 3208	2 3983	1	1
1 1111	2 3983	1	1
2 4278	2 3984	1	1
1 3405	2 3984	1	1
1 1097	2 3984	1	1
1 3807	2 3984	1	1
1 186	2 3984	1	1
3 4567	2 3984	1	1
2 2047	2 3985	1	1
0 630	2 3985	1	1
1 1329	2 3985	1	1
1 3348	2 3985	1	1
3 3147	2 3985	1	1
3 2433	2 3985	1	1
2 3940	2 3986	1	1
0 3393	2 3986	1	1
1 3450	2 3986	1	1
1 4296	2 3986	1	1
3 52	2 3986	1	1
3 2561	2 3986	1	1
2 1050	2 3987	1	1
2 2610	2 3987	1	1
2 2177	2 3987	1	1
1 2930	2 3987	1	1
1 4588	2 3987	1	1
1 2095	2 3987	1	1
2 3380	2 3988	1	1
0 4611	2 3988	1	1
1 4232	2 3988	1	1
1 2519	2 3988	1	1
3 2695	2 3988	1	1
3 2127	2 3988	1	1
2 2101	2 3989	1	1
0 4047	2 3989	1	1
0 4406	2 3989	1	1
1 3667	2 3989	1	1
1 1220	2 3989	1	1
3 2759	2 3989	1	1
2 2462	2 3990	1	1
2 2008	2 3990	1	1
0 4334	2 3990	1	1
3 4749	2 3990	1	1
1 3549	2 3990	1	1
3 3241	2 3990	1	1
0 247	2 3991	1	1
0 2963	2 3991	1	1
1 3305	2 3991	1	1
3 471	2 3991	1	1
0 2565	2 3991	1	1
1 2338	2 3991	1	1
0 1764	2 3992	1	1
0 4333	2 3992	1	1
0 4786	2 3992	1	1
1 3625	2 3992	1	1
3 3426	2 3992	1	1
3 296	2 3992	1	1
2 40	2 3993	1	1
0 3092	2 3993	1	1
1 3508	2 3993	1	1
1 2897	2 3993	1	1
3 4069	2 3993	1	1
3 3598	2 3993	1	1
2 3992	2 3994	1	1
2 4047	2 3994	1	1
2 4081	2 3994	1	1
1 1756	2 3994	1	1
3 3961	2 3994	1	1
0 4939	2 3994	1	1
2 1890	2 3995	1	1
2 136	2 3995	1	1
0 4678	2 3995	1	1
0 1278	2 3995	1	1
0 4142	2 3995	1	1
1 1770	2 3995	1	1
0 1412	2 3996	1	1
1 4481	2 3996	1	1
1 4809	2 3996	1	1
1 4467	2 3996	1	1
0 1227	2 3996	1	1
1 4175	2 3996	1	1
2 1926	2 3997	1	1
0 3783	2 3997	1	1
3 2284	2 3997	1	1
3 1615	2 3997	1	1
3 2445	2 3997	1	1
3 2723	2 3997	1	1
2 4163	2 3998	1	1
0 2216	2 3998	1	1
1 636	2 3998	1	1
1 222	2 3998	1	1
3 908	2 3998	1	1
0 4705	2 3998	1	1
2 3456	2 3999	1	1
0 1626	2 3999	1	1
0 4908	2 3999	1	1
0 3791	2 3999	1	1
0 4139	2 3999	1	1
1 165	2 3999	1	1
2 4668	2 4000	1	1
0 3265	2 4000	1	1
0 3061	2 4000	1	1
1 4969	2 4000	1	1
1 4401	2 4000	1	1
3 2955	2 4000	1	1
2 2511	2 4001	1	1
2 3462	2 4001	1	1
0 2139	2 4001	1	1
0 2350	2 4001	1	1
3 4122	2 4001	1	1
3 3787	2 4001	1	1
2 1400	2 4002	1	1
0 3424	2 4002	1	1
0 4508	2 4002	1	1
1 3332	2 4002	1	1
3 4565	2 4002	1	1
3 3371	2 4002	1	1
2 4729	2 4003	1	1
2 847	2 4003	1	1
0 1503	2 4003	1	1
3 2244	2 4003	1	1
3 4117	2 4003	1	1
0 2098	2 4003	1	1
2 2285	2 4004	1	1
0 4378	2 4004	1	1
0 1919	2 4004	1	1
1 341	2 4004	1	1
1 3353	2 4004	1	1
3 4389	2 4004	1	1
2 938	2 4005	1	1
0 4688	2 4005	1	1
0 1361	2 4005	1	1
0 4024	2 4005	1	1
1 156	2 4005	1	1
1 4760	2 4005	1	1
2 2397	2 4006	1	1
2 2569	2 4006	1	1
2 976	2 4006	1	1
0 4116	2 4006	1	1
3 1431	2 4006	1	1
0 2842	2 4006	1	1
2 3436	2 4007	1	1
2 269	2 4007	1	1
0 3969	2 4007	1	1
0 572	2 4007	1	1
1 3219	2 4007	1	1
3 243	2 4007	1	1
2 1228	2 4008	1	1
0 2826	2 4008	1	1
0 355	2 4008	1	1
0 49	2 4008	1	1
1 4230	2 4008	1	1
3 419	2 4008	1	1
2 2181	2 4009	1	1
2 4344	2 4009	1	1
1 1741	2 4009	1	1
1 2129	2 4009	1	1
3 1636	2 4009	1	1
1 3171	2 4009	1	1
2 94	2 4010	1	1
0 499	2 4010	1	1
0 2944	2 4010	1	1
1 2664	2 4010	1	1
3 3446	2 4010	1	1
1 3179	2 4010	1	1
2 868	2 4011	1	1
0 676	2 4011	1	1
1 4614	2 4011	1	1
1 1206	2 4011	1	1
3 3709	2 4011	1	1
3 4914	2 4011	1	1
2 3905	2 4012	1	1
2 3769	2 4012	1	1
0 3571	2 4012	1	1
0 1834	2 4012	1	1
0 70	2 4012	1	1
1 3158	2 4012	1	1
2 4595	2 4013	1	1
1 1475	2 4013	1	1
1 3917	2 4013	1	1
1 3684	2 4013	1	1
3 661	2 4013	1	1
0 2957	2 4013	1	1
2 2739	2 4014	1	1
0 4158	2 4014	1	1
0 4722	2 4014	1	1
3 2153	2 4014	1	1
3 2741	2 4014	1	1
3 1384	2 4014	1	1
2 2725	2 4015	1	1
2 2842	2 4015	1	1
0 1762	2 4015	1	1
1 2074	2 4015	1	1
3 4139	2 4015	1	1
3 4273	2 4015	1	1
2 324	2 4016	1	1
0 2546	2 4016	1	1
0 3234	2 4016	1	1
0 342	2 4016	1	1
3 2557	2 4016	1	1
1 4147	2 4016	1	1
2 2505	2 4017	1	1
0 1707	2 4017	1	1
1 3985	2 4017	1	1
3 4388	2 4017	1	1
3 1288	2 4017	1	1
1 1612	2 4017	1	1
0 689	2 4018	1	1
1 3699	2 4018	1	1
3 2643	2 4018	1	1
3 1549	2 4018	1	1
3 1168	2 4018	1	1
0 2121	2 4018	1	1
2 17	2 4019	1	1
0 3697	2 4019	1	1
0 3541	2 4019	1	1
3 2872	2 4019	1	1
1 969	2 4019	1	1
0 3158	2 4019	1	1
2 3687	2 4020	1	1
2 1984	2 4020	1	1
0 1651	2 4020	1	1
0 4685	2 4020	1	1
1 187	2 4020	1	1
3 1300	2 4020	1	1
2 3522	2 4021	1	1
0 297	2 4021	1	1
0 2470	2 4021	1	1
1 2095	2 4021	1	1
3 373	2 4021	1	1
3 1075	2 4021	1	1
2 2418	2 4022	1	1
0 4271	2 4022	1	1
1 1172	2 4022	1	1
3 4669	2 4022	1	1
3 3756	2 4022	1	1
0 1794	2 4022	1	1
2 1550	2 4023	1	1
2 851	2 4023	1	1
2 2080	2 4023	1	1
0 3722	2 4023	1	1
1 789	2 4023	1	1
3 1671	2 4023	1	1
2 1504	2 4024	1	1
0 396	2 4024	1	1
0 4700	2 4024	1	1
3 4306	2 4024	1	1
3 3796	2 4024	1	1
1 3736	2 4024	1	1
2 2472	2 4025	1	1
2 2879	2 4025	1	1
0 4230	2 4025	1	1
1 2458	2 4025	1	1
1 4879	2 4025	1	1
3 1674	2 4025	1	1
0 2227	2 4026	1	1
0 402	2 4026	1	1
1 4010	2 4026	1	1
1 1208	2 4026	1	1
1 3076	2 4026	1	1
0 4255	2 4026	1	1
2 3708	2 4027	1	1
2 4272	2 4027	1	1
0 2169	2 4027	1	1
1 3124	2 4027	1	1
1 3113	2 4027	1	1
1 4112	2 4027	1	1
2 414	2 4028	1	1
2 3587	2 4028	1	1
1 504	2 4028	1	1
3 1341	2 4028	1	1
3 1272	2 4028	1	1
0 1274	2 4028	1	1
2 830	2 4029	1	1
2 4199	2 4029	1	1
0 3319	2 4029	1	1
0 256	2 4029	1	1
0 974	2 4029	1	1
3 724	2 4029	1	1
2 2930	2 4030	1	1
2 1116	2 4030	1	1
2 3799	2 4030	1	1
0 3711	2 4030	1	1
0 738	2 4030	1	1
1 1589	2 4030	1	1
0 4439	2 4031	1	1
0 3477	2 4031	1	1
0 2104	2 4031	1	1
0 2682	2 4031	1	1
3 3039	2 4031	1	1
3 270	2 4031	1	1
1 1873	2 4032	1	1
3 1239	2 4032	1	1
3 2566	2 4032	1	1
3 4712	2 4032	1	1
3 2220	2 4032	1	1
0 4995	2 4032	1	1
2 1194	2 4033	1	1
2 2347	2 4033	1	1
2 303	2 4033	1	1
0 3117	2 4033	1	1
1 2282	2 4033	1	1
0 4386	2 4033	1	1
2 953	2 4034	1	1
2 4294	2 4034	1	1
0 93	2 4034	1	1
1 2303	2 4034	1	1
3 789	2 4034	1	1
3 2316	2 4034	1	1
2 3946	2 4035	1	1
2 589	2 4035	1	1
0 1348	2 4035	1	1
1 2424	2 4035	1	1
1 187	2 4035	1	1
1 2922	2 4035	1	1
0 3337	2 4036	1	1
0 3823	2 4036	1	1
3 3632	2 4036	1	1
3 589	2 4036	1	1
1 402	2 4036	1	1
3 4832	2 4036	1	1
0 3131	2 4037	1	1
1 4952	2 4037	1	1
1 496	2 4037	1	1
3 3906	2 4037	1	1
3 1320	2 4037	1	1
0 3159	2 4037	1	1
2 3021	2 4038	1	1
0 1988	2 4038	1	1
1 1137	2 4038	1	1
1 3706	2 4038	1	1
3 1387	2 4038	1	1
3 307	2 4038	1	1
2 1761	2 4039	1	1
2 2233	2 4039	1	1
0 4148	2 4039	1	1
1 1463	2 4039	1	1
1 4766	2 4039	1	1
3 2532	2 4039	1	1
0 777	2 4040	1	1
0 4200	2 4040	1	1
1 2063	2 4040	1	1
1 4569	2 4040	1	1
1 868	2 4040	1	1
3 4208	2 4040	1	1
2 3848	2 4041	1	1
0 964	2 4041	1	1
1 3609	2 4041	1	1
1 1236	2 4041	1	1
3 3649	2 4041	1	1
3 2194	2 4041	1	1
2 48	2 4042	1	1
2 3407	2 4042	1	1
1 58	2 4042	1	1
3 4871	2 4042	1	1
0 319	2 4042	1	1
1 2256	2 4042	1	1
2 4400	2 4043	1	1
0 517	2 4043	1	1
0 2863	2 4043	1	1
1 2295	2 4043	1	1
3 714	2 4043	1	1
0 4914	2 4043	1	1
2 4947	2 4044	1	1
2 2859	2 4044	1	1
2 3597	2 4044	1	1
1 244	2 4044	1	1
1 4858	2 4044	1	1
3 3896	2 4044	1	1
0 450	2 4045	1	1
0 4342	2 4045	1	1
1 453	2 4045	1	1
1 980	2 4045	1	1
3 3552	2 4045	1	1
3 2336	2 4045	1	1
2 685	2 4046	1	1
2 396	2 4046	1	1
0 4153	2 4046	1	1
0 3957	2 4046	1	1
1 1055	2 4046	1	1
3 1349	2 4046	1	1
2 4519	2 4047	1	1
0 775	2 4047	1	1
3 638	2 4047	1	1
3 4539	2 4047	1	1
0 761	2 4047	1	1
1 2147	2 4047	1	1
2 3035	2 4048	1	1
0 1511	2 4048	1	1
0 2730	2 4048	1	1
0 4390	2 4048	1	1
1 3326	2 4048	1	1
1 2302	2 4048	1	1
0 4497	2 4049	1	1
0 34	2 4049	1	1
1 314	2 4049	1	1
3 3399	2 4049	1	1
3 3113	2 4049	1	1
3 4061	2 4049	1	1
2 3745	2 4050	1	1
0 2872	2 4050	1	1
0 4061	2 4050	1	1
1 4449	2 4050	1	1
1 3996	2 4050	1	1
3 1993	2 4050	1	1
2 4963	2 4051	1	1
0 4310	2 4051	1	1
1 3299	2 4051	1	1
3 4776	2 4051	1	1
3 589	2 4051	1	1
3 2868	2 4051	1	1
2 4440	2 4052	1	1
0 845	2 4052	1	1
1 3369	2 4052	1	1
3 341	2 4052	1	1
3 1478	2 4052	1	1
3 2729	2 4052	1	1
2 3005	2 4053	1	1
0 1289	2 4053	1	1
1 1035	2 4053	1	1
1 35	2 4053	1	1
3 77	2 4053	1	1
3 1508	2 4053	1	1
2 2585	2 4054	1	1
0 2209	2 4054	1	1
0 1917	2 4054	1	1
0 3658	2 4054	1	1
3 3438	2 4054	1	1
3 2460	2 4054	1	1
2 4898	2 4055	1	1
0 1664	2 4055	1	1
3 3404	2 4055	1	1
3 1005	2 4055	1	1
3 4366	2 4055	1	1
3 1602	2 4055	1	1
2 3440	2 4056	1	1
0 3387	2 4056	1	1
0 2864	2 4056	1	1
1 4439	2 4056	1	1
3 2940	2 4056	1	1
3 3782	2 4056	1	1
2 2434	2 4057	1	1
2 2338	2 4057	1	1
0 2750	2 4057	1	1
1 1661	2 4057	1	1
3 2659	2 4057	1	1
3 4150	2 4057	1	1
2 1299	2 4058	1	1
0 3592	2 4058	1	1
1 1904	2 4058	1	1
3 1913	2 4058	1	1
3 1827	2 4058	1	1
3 2823	2 4058	1	1
2 10	2 4059	1	1
2 4376	2 4059	1	1
2 3867	2 4059	1	1
1 3163	2 4059	1	1
1 1070	2 4059	1	1
3 2981	2 4059	1	1
2 994	2 4060	1	1
1 3301	2 4060	1	1
3 562	2 4060	1	1
1 4681	2 4060	1	1
1 3154	2 4060	1	1
3 2074	2 4060	1	1
2 2477	2 4061	1	1
0 1188	2 4061	1	1
0 3530	2 4061	1	1
1 4230	2 4061	1	1
1 677	2 4061	1	1
0 3326	2 4061	1	1
2 2501	2 4062	1	1
0 3494	2 4062	1	1
0 2714	2 4062	1	1
1 731	2 4062	1	1
1 2037	2 4062	1	1
3 3657	2 4062	1	1
2 2774	2 4063	1	1
0 1002	2 4063	1	1
1 689	2 4063	1	1
1 529	2 4063	1	1
3 1415	2 4063	1	1
3 3227	2 4063	1	1
0 1286	2 4064	1	1
0 3137	2 4064	1	1
0 3165	2 4064	1	1
1 113	2 4064	1	1
3 3660	2 4064	1	1
3 4558	2 4064	1	1
0 2738	2 4065	1	1
0 239	2 4065	1	1
0 2802	2 4065	1	1
0 1907	2 4065	1	1
0 3999	2 4065	1	1
1 822	2 4065	1	1
2 4273	2 4066	1	1
2 590	2 4066	1	1
1 3294	2 4066	1	1
3 2885	2 4066	1	1
3 3852	2 4066	1	1
1 2298	2 4066	1	1
2 978	2 4067	1	1
2 1702	2 4067	1	1
0 4548	2 4067	1	1
1 4867	2 4067	1	1
1 4434	2 4067	1	1
3 3102	2 4067	1	1
0 4385	2 4068	1	1
0 3385	2 4068	1	1
1 1513	2 4068	1	1
1 2633	2 4068	1	1
1 3069	2 4068	1	1
1 3050	2 4068	1	1
2 2264	2 4069	1	1
2 3465	2 4069	1	1
0 1900	2 4069	1	1
0 4929	2 4069	1	1
0 2662	2 4069	1	1
3 325	2 4069	1	1
2 3130	2 4070	1	1
2 962	2 4070	1	1
0 3546	2 4070	1	1
1 4937	2 4070	1	1
3 2390	2 4070	1	1
3 2090	2 4070	1	1
2 988	2 4071	1	1
0 2464	2 4071	1	1
1 3707	2 4071	1	1
3 4028	2 4071	1	1
3 450	2 4071	1	1
3 2598	2 4071	1	1
2 2336	2 4072	1	1
0 2944	2 4072	1	1
1 1313	2 4072	1	1
3 4991	2 4072	1	1
3 4696	2 4072	1	1
3 4481	2 4072	1	1
2 2415	2 4073	1	1
0 2429	2 4073	1	1
0 1963	2 4073	1	1
1 2161	2 4073	1	1
1 500	2 4073	1	1
1 1045	2 4073	1	1
2 3876	2 4074	1	1
0 2554	2 4074	1	1
0 154	2 4074	1	1
1 3992	2 4074	1	1
1 4085	2 4074	1	1
3 2972	2 4074	1	1
2 2525	2 4075	1	1
2 4159	2 4075	1	1
2 2802	2 4075	1	1
0 1313	2 4075	1	1
1 3076	2 4075	1	1
3 1459	2 4075	1	1
2 2080	2 4076	1	1
0 3176	2 4076	1	1
0 4279	2 4076	1	1
0 1221	2 4076	1	1
3 4237	2 4076	1	1
1 4637	2 4076	1	1
2 3306	2 4077	1	1
2 2111	2 4077	1	1
0 520	2 4077	1	1
1 4924	2 4077	1	1
3 4986	2 4077	1	1
3 1895	2 4077	1	1
0 1583	2 4078	1	1
0 2584	2 4078	1	1
1 4876	2 4078	1	1
1 4663	2 4078	1	1
3 3218	2 4078	1	1
0 4530	2 4078	1	1
2 4121	2 4079	1	1
0 4431	2 4079	1	1
1 1585	2 4079	1	1
1 4978	2 4079	1	1
1 4244	2 4079	1	1
3 1157	2 4079	1	1
2 15	2 4080	1	1
0 2387	2 4080	1	1
0 3084	2 4080	1	1
3 1672	2 4080	1	1
3 897	2 4080	1	1
1 409	2 4080	1	1
0 1448	2 4081	1	1
0 1299	2 4081	1	1
0 235	2 4081	1	1
3 3396	2 4081	1	1
3 4032	2 4081	1	1
3 3068	2 4081	1	1
2 3847	2 4082	1	1
2 1442	2 4082	1	1
2 307	2 4082	1	1
0 37	2 4082	1	1
3 3237	2 4082	1	1
3 787	2 4082	1	1
2 2552	2 4083	1	1
0 3175	2 4083	1	1
0 692	2 4083	1	1
0 4629	2 4083	1	1
1 158	2 4083	1	1
3 2169	2 4083	1	1
2 4720	2 4084	1	1
0 4539	2 4084	1	1
0 1746	2 4084	1	1
1 2472	2 4084	1	1
3 394	2 4084	1	1
0 2569	2 4084	1	1
2 627	2 4085	1	1
2 4579	2 4085	1	1
2 3502	2 4085	1	1
1 2886	2 4085	1	1
3 4506	2 4085	1	1
0 700	2 4085	1	1
0 2981	2 4086	1	1
0 256	2 4086	1	1
1 2304	2 4086	1	1
3 1321	2 4086	1	1
1 1815	2 4086	1	1
3 1359	2 4086	1	1
2 725	2 4087	1	1
0 4450	2 4087	1	1
3 1139	2 4087	1	1
3 3428	2 4087	1	1
3 1766	2 4087	1	1
3 708	2 4087	1	1
1 455	2 4088	1	1
1 4078	2 4088	1	1
1 4683	2 4088	1	1
1 3157	2 4088	1	1
3 3543	2 4088	1	1
3 2139	2 4088	1	1
2 2047	2 4089	1	1
2 2285	2 4089	1	1
2 1492	2 4089	1	1
1 4450	2 4089	1	1
3 4695	2 4089	1	1
3 1185	2 4089	1	1
2 155	2 4090	1	1
2 1998	2 4090	1	1
0 1361	2 4090	1	1
0 4442	2 4090	1	1
3 289	2 4090	1	1
1 1922	2 4090	1	1
2 4798	2 4091	1	1
2 1457	2 4091	1	1
1 3310	2 4091	1	1
3 1023	2 4091	1	1
0 617	2 4091	1	1
3 3622	2 4091	1	1
2 616	2 4092	1	1
2 1141	2 4092	1	1
1 810	2 4092	1	1
3 3586	2 4092	1	1
0 1448	2 4092	1	1
0 25	2 4092	1	1
2 299	2 4093	1	1
2 221	2 4093	1	1
2 2861	2 4093	1	1
1 803	2 4093	1	1
3 3129	2 4093	1	1
3 2907	2 4093	1	1
2 2661	2 4094	1	1
0 3649	2 4094	1	1
1 627	2 4094	1	1
3 3259	2 4094	1	1
1 2492	2 4094	1	1
3 1090	2 4094	1	1
2 4009	2 4095	1	1
2 3279	2 4095	1	1
2 591	2 4095	1	1
0 291	2 4095	1	1
0 2565	2 4095	1	1
1 3448	2 4095	1	1
0 3942	2 4096	1	1
1 1028	2 4096	1	1
3 860	2 4096	1	1
3 1192	2 4096	1	1
0 2072	2 4096	1	1
0 3121	2 4096	1	1
2 595	2 4097	1	1
2 4469	2 4097	1	1
0 3665	2 4097	1	1
0 3508	2 4097	1	1
1 4059	2 4097	1	1
1 4961	2 4097	1	1
2 80	2 4098	1	1
2 2740	2 4098	1	1
1 3466	2 4098	1	1
1 2377	2 4098	1	1
3 4199	2 4098	1	1
3 4637	2 4098	1	1
0 3205	2 4099	1	1
3 4542	2 4099	1	1
3 4228	2 4099	1	1
3 1843	2 4099	1	1
0 615	2 4099	1	1
0 470	2 4099	1	1
2 2112	2 4100	1	1
2 3710	2 4100	1	1
1 2559	2 4100	1	1
3 1834	2 4100	1	1
3 1202	2 4100	1	1
3 3847	2 4100	1	1
2 66	2 4101	1	1
0 1712	2 4101	1	1
3 3382	2 4101	1	1
3 2890	2 4101	1	1
1 4466	2 4101	1	1
1 3128	2 4101	1	1
2 3122	2 4102	1	1
2 4083	2 4102	1	1
0 4896	2 4102	1	1
0 3054	2 4102	1	1
1 3089	2 4102	1	1
1 4057	2 4102	1	1
2 439	2 4103	1	1
2 336	2 4103	1	1
1 2254	2 4103	1	1
3 790	2 4103	1	1
3 2713	2 4103	1	1
3 2167	2 4103	1	1
2 1392	2 4104	1	1
2 2311	2 4104	1	1
2 4820	2 4104	1	1
0 1931	2 4104	1	1
0 2524	2 4104	1	1
1 4553	2 4104	1	1
2 1047	2 4105	1	1
2 2036	2 4105	1	1
0 3414	2 4105	1	1
0 3399	2 4105	1	1
1 3726	2 4105	1	1
1 685	2 4105	1	1
2 581	2 4106	1	1
1 575	2 4106	1	1
1 2032	2 4106	1	1
1 4354	2 4106	1	1
3 3719	2 4106	1	1
3 1387	2 4106	1	1
0 3395	2 4107	1	1
0 4776	2 4107	1	1
0 1671	2 4107	1	1
0 2703	2 4107	1	1
1 3174	2 4107	1	1
0 2530	2 4107	1	1
2 446	2 4108	1	1
1 549	2 4108	1	1
3 1866	2 4108	1	1
3 3360	2 4108	1	1
0 2546	2 4108	1	1
1 3841	2 4108	1	1
2 3818	2 4109	1	1
2 1067	2 4109	1	1
2 391	2 4109	1	1
0 2115	2 4109	1	1
1 3858	2 4109	1	1
3 2936	2 4109	1	1
2 4472	2 4110	1	1
2 1645	2 4110	1	1
0 3461	2 4110	1	1
1 4660	2 4110	1	1
3 4027	2 4110	1	1
0 363	2 4110	1	1
2 4214	2 4111	1	1
2 2972	2 4111	1	1
0 3840	2 4111	1	1
3 4131	2 4111	1	1
3 3497	2 4111	1	1
3 210	2 4111	1	1
2 2893	2 4112	1	1
2 4510	2 4112	1	1
0 4001	2 4112	1	1
1 1201	2 4112	1	1
1 1748	2 4112	1	1
1 2826	2 4112	1	1
2 4460	2 4113	1	1
2 1632	2 4113	1	1
1 2077	2 4113	1	1
1 2794	2 4113	1	1
1 2708	2 4113	1	1
0 539	2 4113	1	1
2 2732	2 4114	1	1
0 3865	2 4114	1	1
1 4656	2 4114	1	1
1 4223	2 4114	1	1
3 3448	2 4114	1	1
3 4805	2 4114	1	1
0 2813	2 4115	1	1
1 2704	2 4115	1	1
3 376	2 4115	1	1
0 2446	2 4115	1	1
0 1152	2 4115	1	1
3 3958	2 4115	1	1
2 14	2 4116	1	1
2 1109	2 4116	1	1
0 3918	2 4116	1	1
3 650	2 4116	1	1
0 4246	2 4116	1	1
1 3860	2 4116	1	1
2 434	2 4117	1	1
0 2741	2 4117	1	1
0 1344	2 4117	1	1
3 3999	2 4117	1	1
3 926	2 4117	1	1
3 3945	2 4117	1	1
2 3205	2 4118	1	1
2 4199	2 4118	1	1
0 623	2 4118	1	1
1 2434	2 4118	1	1
1 3637	2 4118	1	1
1 568	2 4118	1	1
0 2999	2 4119	1	1
0 1881	2 4119	1	1
0 2828	2 4119	1	1
3 3491	2 4119	1	1
3 1355	2 4119	1	1
3 3815	2 4119	1	1
2 4370	2 4120	1	1
0 4669	2 4120	1	1
0 3256	2 4120	1	1
1 4761	2 4120	1	1
3 3605	2 4120	1	1
0 4367	2 4120	1	1
2 470	2 4121	1	1
2 1776	2 4121	1	1
0 272	2 4121	1	1
1 993	2 4121	1	1
1 1825	2 4121	1	1
3 4993	2 4121	1	1
2 1344	2 4122	1	1
2 2433	2 4122	1	1
2 2969	2 4122	1	1
1 1968	2 4122	1	1
3 3919	2 4122	1	1
1 3804	2 4122	1	1
1 475	2 4123	1	1
1 2677	2 4123	1	1
3 177	2 4123	1	1
3 1720	2 4123	1	1
0 1880	2 4123	1	1
0 4133	2 4123	1	1
2 1706	2 4124	1	1
2 167	2 4124	1	1
2 1807	2 4124	1	1
2 3918	2 4124	1	1
1 220	2 4124	1	1
3 2304	2 4124	1	1
2 1079	2 4125	1	1
2 4346	2 4125	1	1
2 799	2 4125	1	1
0 1372	2 4125	1	1
1 2967	2 4125	1	1
3 3449	2 4125	1	1
2 1086	2 4126	1	1
0 4051	2 4126	1	1
0 2457	2 4126	1	1
0 4961	2 4126	1	1
1 3712	2 4126	1	1
3 4172	2 4126	1	1
0 2266	2 4127	1	1
0 278	2 4127	1	1
0 3870	2 4127	1	1
1 2431	2 4127	1	1
3 3161	2 4127	1	1
3 1309	2 4127	1	1
2 830	2 4128	1	1
2 3442	2 4128	1	1
0 691	2 4128	1	1
0 4457	2 4128	1	1
3 1954	2 4128	1	1
3 3710	2 4128	1	1
2 4677	2 4129	1	1
2 3168	2 4129	1	1
2 206	2 4129	1	1
1 4068	2 4129	1	1
3 337	2 4129	1	1
3 2834	2 4129	1	1
2 2169	2 4130	1	1
2 1343	2 4130	1	1
2 2856	2 4130	1	1
1 4952	2 4130	1	1
1 996	2 4130	1	1
3 2881	2 4130	1	1
2 770	2 4131	1	1
2 3763	2 4131	1	1
2 4590	2 4131	1	1
0 3800	2 4131	1	1
1 2937	2 4131	1	1
3 4939	2 4131	1	1
2 1090	2 4132	1	1
2 2357	2 4132	1	1
2 164	2 4132	1	1
2 3742	2 4132	1	1
0 2049	2 4132	1	1
3 3390	2 4132	1	1
2 145	2 4133	1	1
0 422	2 4133	1	1
1 4089	2 4133	1	1
3 983	2 4133	1	1
1 1691	2 4133	1	1
1 46	2 4133	1	1
2 4386	2 4134	1	1
2 1531	2 4134	1	1
0 3793	2 4134	1	1
0 4433	2 4134	1	1
0 4540	2 4134	1	1
3 4618	2 4134	1	1
2 1533	2 4135	1	1
0 3948	2 4135	1	1
1 1194	2 4135	1	1
3 2353	2 4135	1	1
1 354	2 4135	1	1
1 2950	2 4135	1	1
2 1449	2 4136	1	1
2 4006	2 4136	1	1
2 3052	2 4136	1	1
0 460	2 4136	1	1
1 3422	2 4136	1	1
1 1623	2 4136	1	1
2 1811	2 4137	1	1
0 4875	2 4137	1	1
0 531	2 4137	1	1
1 2572	2 4137	1	1
3 4189	2 4137	1	1
3 4382	2 4137	1	1
2 3729	2 4138	1	1
0 4360	2 4138	1	1
0 1604	2 4138	1	1
1 1445	2 4138	1	1
1 1516	2 4138	1	1
3 1742	2 4138	1	1
2 1893	2 4139	1	1
2 2308	2 4139	1	1
2 4279	2 4139	1	1
0 990	2 4139	1	1
3 1674	2 4139	1	1
3 4627	2 4139	1	1
2 2586	2 4140	1	1
2 1239	2 4140	1	1
2 2402	2 4140	1	1
0 2321	2 4140	1	1
3 2089	2 4140	1	1
3 4654	2 4140	1	1
2 2775	2 4141	1	1
2 3043	2 4141	1	1
2 4008	2 4141	1	1
0 952	2 4141	1	1
1 4749	2 4141	1	1
1 4601	2 4141	1	1
0 2416	2 4142	1	1
0 1864	2 4142	1	1
0 51	2 4142	1	1
0 1981	2 4142	1	1
1 4786	2 4142	1	1
1 1993	2 4142	1	1
2 732	2 4143	1	1
1 2211	2 4143	1	1
3 726	2 4143	1	1
3 2200	2 4143	1	1
0 3088	2 4143	1	1
3 1571	2 4143	1	1
2 375	2 4144	1	1
0 4770	2 4144	1	1
1 2399	2 4144	1	1
1 4087	2 4144	1	1
3 772	2 4144	1	1
0 3036	2 4144	1	1
2 3163	2 4145	1	1
2 2917	2 4145	1	1
2 2503	2 4145	1	1
0 3981	2 4145	1	1
1 2880	2 4145	1	1
3 357	2 4145	1	1
0 1251	2 4146	1	1
0 2021	2 4146	1	1
1 1402	2 4146	1	1
1 3388	2 4146	1	1
1 2178	2 4146	1	1
1 2270	2 4146	1	1
0 4605	2 4147	1	1
0 2815	2 4147	1	1
3 1832	2 4147	1	1
3 1402	2 4147	1	1
1 2230	2 4147	1	1
3 1673	2 4147	1	1
2 2558	2 4148	1	1
0 4268	2 4148	1	1
1 4568	2 4148	1	1
1 821	2 4148	1	1
1 724	2 4148	1	1
3 243	2 4148	1	1
0 3620	2 4149	1	1
0 4775	2 4149	1	1
0 829	2 4149	1	1
1 2085	2 4149	1	1
1 2955	2 4149	1	1
0 3512	2 4149	1	1
2 2054	2 4150	1	1
0 3146	2 4150	1	1
1 1871	2 4150	1	1
3 1944	2 4150	1	1
3 2237	2 4150	1	1
3 4349	2 4150	1	1
2 2038	2 4151	1	1
0 42	2 4151	1	1
0 372	2 4151	1	1
0 1371	2 4151	1	1
1 310	2 4151	1	1
3 2864	2 4151	1	1
2 1160	2 4152	1	1
0 1401	2 4152	1	1
0 841	2 4152	1	1
3 3185	2 4152	1	1
0 50	2 4152	1	1
1 2321	2 4152	1	1
0 305	2 4153	1	1
0 4950	2 4153	1	1
0 1805	2 4153	1	1
0 3134	2 4153	1	1
1 1979	2 4153	1	1
1 3716	2 4153	1	1
2 2299	2 4154	1	1
2 1134	2 4154	1	1
2 1656	2 4154	1	1
1 3208	2 4154	1	1
1 1487	2 4154	1	1
3 3992	2 4154	1	1
2 4116	2 4155	1	1
2 2641	2 4155	1	1
2 3212	2 4155	1	1
0 4910	2 4155	1	1
0 3354	2 4155	1	1
3 2614	2 4155	1	1
2 4076	2 4156	1	1
2 55	2 4156	1	1
2 1566	2 4156	1	1
2 2711	2 4156	1	1
0 465	2 4156	1	1
1 1918	2 4156	1	1
2 2215	2 4157	1	1
2 509	2 4157	1	1
0 1999	2 4157	1	1
0 2780	2 4157	1	1
3 4742	2 4157	1	1
3 4854	2 4157	1	1
2 752	2 4158	1	1
2 1708	2 4158	1	1
2 1233	2 4158	1	1
0 4004	2 4158	1	1
0 3110	2 4158	1	1
0 3405	2 4158	1	1
2 3977	2 4159	1	1
2 2633	2 4159	1	1
2 3951	2 4159	1	1
1 2043	2 4159	1	1
3 3536	2 4159	1	1
3 595	2 4159	1	1
2 1551	2 4160	1	1
2 284	2 4160	1	1
2 4786	2 4160	1	1
1 3532	2 4160	1	1
3 2470	2 4160	1	1
3 3016	2 4160	1	1
0 1532	2 4161	1	1
0 2309	2 4161	1	1
1 1275	2 4161	1	1
3 863	2 4161	1	1
3 416	2 4161	1	1
3 2686	2 4161	1	1
2 1793	2 4162	1	1
0 557	2 4162	1	1
3 4682	2 4162	1	1
0 4597	2 4162	1	1
1 2927	2 4162	1	1
3 498	2 4162	1	1
2 3246	2 4163	1	1
0 707	2 4163	1	1
1 2329	2 4163	1	1
1 4052	2 4163	1	1
1 4548	2 4163	1	1
3 901	2 4163	1	1
0 3054	2 4164	1	1
0 3627	2 4164	1	1
0 4036	2 4164	1	1
0 4363	2 4164	1	1
1 2035	2 4164	1	1
3 4127	2 4164	1	1
2 4007	2 4165	1	1
2 3927	2 4165	1	1
0 70	2 4165	1	1
0 3876	2 4165	1	1
3 2309	2 4165	1	1
3 3793	2 4165	1	1
2 713	2 4166	1	1
2 2782	2 4166	1	1
2 2117	2 4166	1	1
2 322	2 4166	1	1
2 4810	2 4166	1	1
1 1656	2 4166	1	1
2 130	2 4167	1	1
0 3536	2 4167	1	1
1 590	2 4167	1	1
1 3720	2 4167	1	1
1 4281	2 4167	1	1
3 3850	2 4167	1	1
2 4235	2 4168	1	1
2 2132	2 4168	1	1
2 3037	2 4168	1	1
0 3573	2 4168	1	1
0 4067	2 4168	1	1
3 2059	2 4168	1	1
2 1082	2 4169	1	1
0 3173	2 4169	1	1
1 2531	2 4169	1	1
1 4526	2 4169	1	1
1 385	2 4169	1	1
3 1923	2 4169	1	1
2 3639	2 4170	1	1
2 2489	2 4170	1	1
1 2921	2 4170	1	1
3 1975	2 4170	1	1
3 2710	2 4170	1	1
0 779	2 4170	1	1
2 2113	2 4171	1	1
0 4855	2 4171	1	1
0 1977	2 4171	1	1
0 4323	2 4171	1	1
1 3409	2 4171	1	1
3 914	2 4171	1	1
0 4898	2 4172	1	1
0 1474	2 4172	1	1
1 2557	2 4172	1	1
3 4136	2 4172	1	1
3 3175	2 4172	1	1
3 3471	2 4172	1	1
0 1700	2 4173	1	1
3 3386	2 4173	1	1
3 2497	2 4173	1	1
3 1093	2 4173	1	1
3 4138	2 4173	1	1
1 4935	2 4173	1	1
2 956	2 4174	1	1
2 3252	2 4174	1	1
0 614	2 4174	1	1
0 4537	2 4174	1	1
3 3565	2 4174	1	1
3 1263	2 4174	1	1
2 3435	2 4175	1	1
0 1666	2 4175	1	1
0 1476	2 4175	1	1
0 4171	2 4175	1	1
3 2177	2 4175	1	1
3 2338	2 4175	1	1
2 38	2 4176	1	1
2 3301	2 4176	1	1
1 1377	2 4176	1	1
1 2744	2 4176	1	1
3 3704	2 4176	1	1
3 2313	2 4176	1	1
2 2930	2 4177	1	1
2 154	2 4177	1	1
0 546	2 4177	1	1
1 1806	2 4177	1	1
1 4178	2 4177	1	1
3 1984	2 4177	1	1
2 697	2 4178	1	1
2 1071	2 4178	1	1
2 110	2 4178	1	1
0 3911	2 4178	1	1
0 1384	2 4178	1	1
1 2707	2 4178	1	1
2 128	2 4179	1	1
2 2395	2 4179	1	1
0 1653	2 4179	1	1
0 4220	2 4179	1	1
0 1039	2 4179	1	1
1 2204	2 4179	1	1
2 118	2 4180	1	1
2 1626	2 4180	1	1
0 3506	2 4180	1	1
1 3199	2 4180	1	1
1 2958	2 4180	1	1
1 1763	2 4180	1	1
0 4845	2 4181	1	1
1 2299	2 4181	1	1
1 1795	2 4181	1	1
3 41	2 4181	1	1
3 2328	2 4181	1	1
3 28	2 4181	1	1
2 981	2 4182	1	1
1 266	2 4182	1	1
1 4200	2 4182	1	1
3 3582	2 4182	1	1
3 4416	2 4182	1	1
3 1272	2 4182	1	1
2 3101	2 4183	1	1
0 3213	2 4183	1	1
0 4484	2 4183	1	1
3 233	2 4183	1	1
3 3463	2 4183	1	1
3 1253	2 4183	1	1
2 3170	2 4184	1	1
0 2999	2 4184	1	1
0 3959	2 4184	1	1
1 2763	2 4184	1	1
3 3786	2 4184	1	1
3 2633	2 4184	1	1
2 4184	2 4185	1	1
2 3789	2 4185	1	1
0 4626	2 4185	1	1
0 2036	2 4185	1	1
3 3253	2 4185	1	1
3 4897	2 4185	1	1
2 3086	2 4186	1	1
2 1715	2 4186	1	1
0 2379	2 4186	1	1
1 3675	2 4186	1	1
1 2045	2 4186	1	1
3 3050	2 4186	1	1
2 1169	2 4187	1	1
0 2039	2 4187	1	1
0 2754	2 4187	1	1
3 4902	2 4187	1	1
3 4580	2 4187	1	1
0 1721	2 4187	1	1
2 3742	2 4188	1	1
1 1205	2 4188	1	1
3 2886	2 4188	1	1
3 1089	2 4188	1	1
3 4384	2 4188	1	1
3 1861	2 4188	1	1
0 4427	2 4189	1	1
1 2241	2 4189	1	1
1 3534	2 4189	1	1
3 4670	2 4189	1	1
3 2148	2 4189	1	1
3 1825	2 4189	1	1
2 4682	2 4190	1	1
2 2348	2 4190	1	1
2 3795	2 4190	1	1
1 3086	2 4190	1	1
3 2829	2 4190	1	1
1 4541	2 4190	1	1
2 1560	2 4191	1	1
0 370	2 4191	1	1
3 4641	2 4191	1	1
3 2796	2 4191	1	1
3 3684	2 4191	1	1
3 2042	2 4191	1	1
2 4660	2 4192	1	1
2 3083	2 4192	1	1
0 357	2 4192	1	1
1 1084	2 4192	1	1
3 3129	2 4192	1	1
3 255	2 4192	1	1
2 3405	2 4193	1	1
0 1639	2 4193	1	1
0 560	2 4193	1	1
3 798	2 4193	1	1
1 4610	2 4193	1	1
0 3853	2 4193	1	1
2 2630	2 4194	1	1
2 3177	2 4194	1	1
2 1920	2 4194	1	1
1 3413	2 4194	1	1
3 1737	2 4194	1	1
3 3502	2 4194	1	1
2 3735	2 4195	1	1
2 4604	2 4195	1	1
1 4785	2 4195	1	1
1 3516	2 4195	1	1
3 1999	2 4195	1	1
3 4030	2 4195	1	1
2 2192	2 4196	1	1
0 2261	2 4196	1	1
0 2461	2 4196	1	1
0 3745	2 4196	1	1
1 4025	2 4196	1	1
3 354	2 4196	1	1
0 4645	2 4197	1	1
0 3791	2 4197	1	1
1 1034	2 4197	1	1
3 4733	2 4197	1	1
3 3377	2 4197	1	1
3 2810	2 4197	1	1
2 3336	2 4198	1	1
0 2476	2 4198	1	1
0 4039	2 4198	1	1
3 4240	2 4198	1	1
3 921	2 4198	1	1
3 4880	2 4198	1	1
2 1264	2 4199	1	1
1 1083	2 4199	1	1
3 2010	2 4199	1	1
3 2128	2 4199	1	1
3 166	2 4199	1	1
3 3604	2 4199	1	1
2 4294	2 4200	1	1
2 1803	2 4200	1	1
0 4464	2 4200	1	1
3 1142	2 4200	1	1
1 4859	2 4200	1	1
1 1871	2 4200	1	1
2 1916	2 4201	1	1
0 445	2 4201	1	1
0 3959	2 4201	1	1
1 3341	2 4201	1	1
3 989	2 4201	1	1
3 4901	2 4201	1	1
0 4783	2 4202	1	1
0 4115	2 4202	1	1
1 3793	2 4202	1	1
1 4574	2 4202	1	1
3 1151	2 4202	1	1
1 4602	2 4202	1	1
2 3591	2 4203	1	1
0 298	2 4203	1	1
0 4677	2 4203	1	1
3 1439	2 4203	1	1
0 1250	2 4203	1	1
0 2007	2 4203	1	1
2 666	2 4204	1	1
2 4654	2 4204	1	1
0 578	2 4204	1	1
0 2668	2 4204	1	1
1 3067	2 4204	1	1
0 3247	2 4204	1	1
2 2256	2 4205	1	1
0 3777	2 4205	1	1
0 4536	2 4205	1	1
1 2703	2 4205	1	1
3 1044	2 4205	1	1
3 3587	2 4205	1	1
1 520	2 4206	1	1
1 2377	2 4206	1	1
3 3637	2 4206	1	1
3 2373	2 4206	1	1
3 1431	2 4206	1	1
3 3851	2 4206	1	1
2 4136	2 4207	1	1
2 3254	2 4207	1	1
1 1178	2 4207	1	1
1 3982	2 4207	1	1
1 1217	2 4207	1	1
1 1299	2 4207	1	1
0 4578	2 4208	1	1
1 1712	2 4208	1	1
1 2405	2 4208	1	1
1 4303	2 4208	1	1
3 327	2 4208	1	1
3 4581	2 4208	1	1
2 468	2 4209	1	1
0 9	2 4209	1	1
3 845	2 4209	1	1
3 1547	2 4209	1	1
3 4910	2 4209	1	1
3 4903	2 4209	1	1
2 3843	2 4210	1	1
2 2084	2 4210	1	1
2 2844	2 4210	1	1
2 2891	2 4210	1	1
0 4126	2 4210	1	1
3 3694	2 4210	1	1
2 4153	2 4211	1	1
2 4656	2 4211	1	1
0 3539	2 4211	1	1
0 3448	2 4211	1	1
1 2038	2 4211	1	1
3 652	2 4211	1	1
2 3053	2 4212	1	1
0 670	2 4212	1	1
1 3524	2 4212	1	1
1 3228	2 4212	1	1
3 3425	2 4212	1	1
3 904	2 4212	1	1
1 4	2 4213	1	1
1 4924	2 4213	1	1
1 449	2 4213	1	1
3 89	2 4213	1	1
3 4593	2 4213	1	1
1 3812	2 4213	1	1
2 3785	2 4214	1	1
2 845	2 4214	1	1
2 302	2 4214	1	1
1 2872	2 4214	1	1
1 2366	2 4214	1	1
1 1056	2 4214	1	1
2 2713	2 4215	1	1
2 1355	2 4215	1	1
2 1676	2 4215	1	1
2 3266	2 4215	1	1
3 4615	2 4215	1	1
3 1262	2 4215	1	1
2 1111	2 4216	1	1
2 2715	2 4216	1	1
0 4761	2 4216	1	1
0 640	2 4216	1	1
1 3198	2 4216	1	1
3 3949	2 4216	1	1
2 3924	2 4217	1	1
0 4512	2 4217	1	1
1 1049	2 4217	1	1
1 2643	2 4217	1	1
1 1	2 4217	1	1
1 1808	2 4217	1	1
2 299	2 4218	1	1
2 4877	2 4218	1	1
2 3222	2 4218	1	1
2 3208	2 4218	1	1
0 867	2 4218	1	1
3 2548	2 4218	1	1
0 722	2 4219	1	1
1 1563	2 4219	1	1
3 199	2 4219	1	1
0 3196	2 4219	1	1
3 4322	2 4219	1	1
3 4875	2 4219	1	1
0 2096	2 4220	1	1
0 1487	2 4220	1	1
0 1588	2 4220	1	1
3 4850	2 4220	1	1
3 2711	2 4220	1	1
3 3152	2 4220	1	1
2 1181	2 4221	1	1
2 2341	2 4221	1	1
0 2767	2 4221	1	1
1 2538	2 4221	1	1
3 3974	2 4221	1	1
3 4112	2 4221	1	1
2 1891	2 4222	1	1
2 2243	2 4222	1	1
1 1018	2 4222	1	1
1 693	2 4222	1	1
3 1919	2 4222	1	1
0 3898	2 4222	1	1
2 4629	2 4223	1	1
0 3623	2 4223	1	1
1 3307	2 4223	1	1
1 3200	2 4223	1	1
1 859	2 4223	1	1
0 4906	2 4223	1	1
2 4636	2 4224	1	1
1 910	2 4224	1	1
3 2021	2 4224	1	1
3 1113	2 4224	1	1
3 3569	2 4224	1	1
0 1264	2 4224	1	1
2 1766	2 4225	1	1
0 3518	2 4225	1	1
1 3785	2 4225	1	1
1 4289	2 4225	1	1
3 3076	2 4225	1	1
3 4312	2 4225	1	1
0 2305	2 4226	1	1
1 962	2 4226	1	1
1 4670	2 4226	1	1
3 4881	2 4226	1	1
3 683	2 4226	1	1
1 953	2 4226	1	1
2 446	2 4227	1	1
2 1907	2 4227	1	1
0 3537	2 4227	1	1
0 2888	2 4227	1	1
0 668	2 4227	1	1
0 2932	2 4227	1	1
2 1349	2 4228	1	1
0 1708	2 4228	1	1
1 1915	2 4228	1	1
1 4680	2 4228	1	1
3 1721	2 4228	1	1
0 1858	2 4228	1	1
2 1422	2 4229	1	1
1 622	2 4229	1	1
1 1919	2 4229	1	1
3 741	2 4229	1	1
3 569	2 4229	1	1
1 3420	2 4229	1	1
2 610	2 4230	1	1
2 2785	2 4230	1	1
1 4042	2 4230	1	1
3 3821	2 4230	1	1
0 1831	2 4230	1	1
3 237	2 4230	1	1
2 4957	2 4231	1	1
2 2092	2 4231	1	1
1 877	2 4231	1	1
1 4918	2 4231	1	1
3 4973	2 4231	1	1
0 4527	2 4231	1	1
0 1780	2 4232	1	1
0 4560	2 4232	1	1
0 449	2 4232	1	1
1 938	2 4232	1	1
1 2667	2 4232	1	1
3 1965	2 4232	1	1
2 4103	2 4233	1	1
2 3748	2 4233	1	1
0 1605	2 4233	1	1
1 2420	2 4233	1	1
3 4744	2 4233	1	1
3 4090	2 4233	1	1
2 1177	2 4234	1	1
2 897	2 4234	1	1
0 728	2 4234	1	1
1 1067	2 4234	1	1
3 3287	2 4234	1	1
3 3368	2 4234	1	1
2 236	2 4235	1	1
2 623	2 4235	1	1
0 2378	2 4235	1	1
1 4944	2 4235	1	1
3 2095	2 4235	1	1
3 4546	2 4235	1	1
2 1458	2 4236	1	1
1 1530	2 4236	1	1
3 2475	2 4236	1	1
3 4906	2 4236	1	1
0 1429	2 4236	1	1
0 3716	2 4236	1	1
2 3394	2 4237	1	1
2 4088	2 4237	1	1
0 2255	2 4237	1	1
1 3425	2 4237	1	1
1 234	2 4237	1	1
3 3766	2 4237	1	1
2 125	2 4238	1	1
0 392	2 4238	1	1
1 753	2 4238	1	1
3 120	2 4238	1	1
3 616	2 4238	1	1
3 1696	2 4238	1	1
0 4542	2 4239	1	1
0 2187	2 4239	1	1
1 2872	2 4239	1	1
1 3002	2 4239	1	1
3 215	2 4239	1	1
3 808	2 4239	1	1
0 1132	2 4240	1	1
1 4515	2 4240	1	1
1 4423	2 4240	1	1
3 4932	2 4240	1	1
3 4743	2 4240	1	1
0 331	2 4240	1	1
2 3328	2 4241	1	1
2 2681	2 4241	1	1
0 4650	2 4241	1	1
0 2069	2 4241	1	1
1 787	2 4241	1	1
3 1091	2 4241	1	1
1 721	2 4242	1	1
1 3705	2 4242	1	1
1 2771	2 4242	1	1
1 1750	2 4242	1	1
3 1763	2 4242	1	1
1 2170	2 4242	1	1
0 4225	2 4243	1	1
0 4635	2 4243	1	1
1 2876	2 4243	1	1
3 1527	2 4243	1	1
3 1811	2 4243	1	1
3 2276	2 4243	1	1
2 4720	2 4244	1	1
0 2234	2 4244	1	1
1 1036	2 4244	1	1
1 400	2 4244	1	1
3 4925	2 4244	1	1
3 2491	2 4244	1	1
2 2729	2 4245	1	1
2 2439	2 4245	1	1
0 4196	2 4245	1	1
1 1021	2 4245	1	1
3 4287	2 4245	1	1
3 1644	2 4245	1	1
2 1768	2 4246	1	1
2 4290	2 4246	1	1
3 4205	2 4246	1	1
3 4115	2 4246	1	1
3 4011	2 4246	1	1
3 4920	2 4246	1	1
2 2095	2 4247	1	1
1 984	2 4247	1	1
1 900	2 4247	1	1
3 1964	2 4247	1	1
3 751	2 4247	1	1
3 1332	2 4247	1	1
2 4552	2 4248	1	1
2 680	2 4248	1	1
2 4141	2 4248	1	1
0 2998	2 4248	1	1
0 2092	2 4248	1	1
3 2507	2 4248	1	1
2 4692	2 4249	1	1
2 3658	2 4249	1	1
2 1531	2 4249	1	1
0 344	2 4249	1	1
1 334	2 4249	1	1
3 274	2 4249	1	1
2 634	2 4250	1	1
0 976	2 4250	1	1
3 4895	2 4250	1	1
3 544	2 4250	1	1
3 3096	2 4250	1	1
3 3284	2 4250	1	1
0 3699	2 4251	1	1
1 1829	2 4251	1	1
3 1052	2 4251	1	1
3 2038	2 4251	1	1
3 3789	2 4251	1	1
3 3079	2 4251	1	1
2 66	2 4252	1	1
2 4129	2 4252	1	1
0 2975	2 4252	1	1
3 1239	2 4252	1	1
1 225	2 4252	1	1
3 4377	2 4252	1	1
2 4172	2 4253	1	1
2 2194	2 4253	1	1
1 4515	2 4253	1	1
1 4305	2 4253	1	1
3 4120	2 4253	1	1
3 4768	2 4253	1	1
2 2034	2 4254	1	1
2 4509	2 4254	1	1
1 4769	2 4254	1	1
1 3126	2 4254	1	1
1 1361	2 4254	1	1
1 2637	2 4254	1	1
2 4850	2 4255	1	1
2 2994	2 4255	1	1
0 2670	2 4255	1	1
1 1126	2 4255	1	1
3 3016	2 4255	1	1
3 3081	2 4255	1	1
2 1690	2 4256	1	1
2 783	2 4256	1	1
0 4881	2 4256	1	1
0 2373	2 4256	1	1
3 1176	2 4256	1	1
0 3709	2 4256	1	1
2 4350	2 4257	1	1
2 31	2 4257	1	1
2 3793	2 4257	1	1
2 2014	2 4257	1	1
3 4089	2 4257	1	1
0 3718	2 4257	1	1
1 4131	2 4258	1	1
1 2881	2 4258	1	1
3 1428	2 4258	1	1
3 695	2 4258	1	1
1 3935	2 4258	1	1
1 1713	2 4258	1	1
2 1924	2 4259	1	1
0 3586	2 4259	1	1
1 4171	2 4259	1	1
3 4314	2 4259	1	1
3 721	2 4259	1	1
1 3650	2 4259	1	1
2 2345	2 4260	1	1
2 1927	2 4260	1	1
0 851	2 4260	1	1
0 1413	2 4260	1	1
1 3377	2 4260	1	1
3 504	2 4260	1	1
2 296	2 4261	1	1
0 3497	2 4261	1	1
1 4101	2 4261	1	1
3 2388	2 4261	1	1
3 2562	2 4261	1	1
3 4674	2 4261	1	1
2 3767	2 4262	1	1
2 2357	2 4262	1	1
2 2605	2 4262	1	1
2 1741	2 4262	1	1
3 3944	2 4262	1	1
3 4483	2 4262	1	1
2 2801	2 4263	1	1
0 2826	2 4263	1	1
0 1361	2 4263	1	1
1 661	2 4263	1	1
3 574	2 4263	1	1
1 3024	2 4263	1	1
2 1720	2 4264	1	1
2 3031	2 4264	1	1
0 2616	2 4264	1	1
0 494	2 4264	1	1
0 2754	2 4264	1	1
1 375	2 4264	1	1
2 4119	2 4265	1	1
0 4864	2 4265	1	1
0 2632	2 4265	1	1
1 1546	2 4265	1	1
1 4770	2 4265	1	1
1 997	2 4265	1	1
0 4739	2 4266	1	1
1 4107	2 4266	1	1
1 4895	2 4266	1	1
1 3909	2 4266	1	1
3 804	2 4266	1	1
3 4202	2 4266	1	1
2 60	2 4267	1	1
2 1227	2 4267	1	1
0 3339	2 4267	1	1
1 3124	2 4267	1	1
1 2907	2 4267	1	1
0 2203	2 4267	1	1
2 3356	2 4268	1	1
2 2894	2 4268	1	1
0 3195	2 4268	1	1
1 4143	2 4268	1	1
3 4620	2 4268	1	1
3 2751	2 4268	1	1
2 4612	2 4269	1	1
2 4043	2 4269	1	1
2 2977	2 4269	1	1
2 2990	2 4269	1	1
0 603	2 4269	1	1
3 2117	2 4269	1	1
2 3363	2 4270	1	1
0 1526	2 4270	1	1
1 4177	2 4270	1	1
1 303	2 4270	1	1
3 1662	2 4270	1	1
0 2289	2 4270	1	1
2 861	2 4271	1	1
2 2617	2 4271	1	1
2 30	2 4271	1	1
0 2626	2 4271	1	1
1 3276	2 4271	1	1
1 43	2 4271	1	1
2 1958	2 4272	1	1
0 3618	2 4272	1	1
1 3269	2 4272	1	1
1 1955	2 4272	1	1
3 21	2 4272	1	1
0 1317	2 4272	1	1
2 4087	2 4273	1	1
2 2797	2 4273	1	1
1 2383	2 4273	1	1
1 1750	2 4273	1	1
1 4334	2 4273	1	1
1 4906	2 4273	1	1
2 1669	2 4274	1	1
2 1642	2 4274	1	1
0 4529	2 4274	1	1
1 1912	2 4274	1	1
3 1190	2 4274	1	1
3 1079	2 4274	1	1
2 2702	2 4275	1	1
0 1053	2 4275	1	1
1 1433	2 4275	1	1
1 56	2 4275	1	1
1 939	2 4275	1	1
3 4211	2 4275	1	1
0 3227	2 4276	1	1
1 4423	2 4276	1	1
3 79	2 4276	1	1
3 2204	2 4276	1	1
3 1673	2 4276	1	1
3 3595	2 4276	1	1
2 217	2 4277	1	1
2 2103	2 4277	1	1
2 4309	2 4277	1	1
2 2223	2 4277	1	1
0 730	2 4277	1	1
3 172	2 4277	1	1
2 4109	2 4278	1	1
0 4037	2 4278	1	1
0 4238	2 4278	1	1
1 2631	2 4278	1	1
3 4311	2 4278	1	1
0 605	2 4278	1	1
2 3522	2 4279	1	1
2 2608	2 4279	1	1
0 1678	2 4279	1	1
0 4936	2 4279	1	1
1 1974	2 4279	1	1
3 2830	2 4279	1	1
2 3547	2 4280	1	1
2 2647	2 4280	1	1
0 445	2 4280	1	1
1 984	2 4280	1	1
1 1247	2 4280	1	1
3 4171	2 4280	1	1
2 3409	2 4281	1	1
0 303	2 4281	1	1
0 1542	2 4281	1	1
1 4371	2 4281	1	1
1 4966	2 4281	1	1
3 610	2 4281	1	1
2 4517	2 4282	1	1
2 3840	2 4282	1	1
0 1386	2 4282	1	1
3 803	2 4282	1	1
3 192	2 4282	1	1
3 3235	2 4282	1	1
0 3766	2 4283	1	1
0 1257	2 4283	1	1
0 3359	2 4283	1	1
1 626	2 4283	1	1
3 669	2 4283	1	1
0 90	2 4283	1	1
0 1421	2 4284	1	1
0 2018	2 4284	1	1
3 1525	2 4284	1	1
3 3832	2 4284	1	1
3 3919	2 4284	1	1
3 530	2 4284	1	1
2 4156	2 4285	1	1
0 1884	2 4285	1	1
1 1626	2 4285	1	1
3 1227	2 4285	1	1
3 2113	2 4285	1	1
3 1121	2 4285	1	1
2 3857	2 4286	1	1
2 2195	2 4286	1	1
0 576	2 4286	1	1
1 4927	2 4286	1	1
1 4714	2 4286	1	1
3 1727	2 4286	1	1
2 4982	2 4287	1	1
2 3280	2 4287	1	1
2 2664	2 4287	1	1
2 32	2 4287	1	1
1 1402	2 4287	1	1
1 1229	2 4287	1	1
2 355	2 4288	1	1
2 2672	2 4288	1	1
0 3604	2 4288	1	1
0 2774	2 4288	1	1
1 4748	2 4288	1	1
1 2456	2 4288	1	1
2 4475	2 4289	1	1
0 3183	2 4289	1	1
1 3152	2 4289	1	1
1 1075	2 4289	1	1
1 2214	2 4289	1	1
3 3716	2 4289	1	1
2 4461	2 4290	1	1
2 4739	2 4290	1	1
0 1971	2 4290	1	1
1 1915	2 4290	1	1
3 3200	2 4290	1	1
1 1562	2 4290	1	1
0 2741	2 4291	1	1
0 2828	2 4291	1	1
1 2511	2 4291	1	1
3 2100	2 4291	1	1
3 4424	2 4291	1	1
0 3018	2 4291	1	1
2 4051	2 4292	1	1
2 1689	2 4292	1	1
2 2208	2 4292	1	1
2 1629	2 4292	1	1
2 1207	2 4292	1	1
0 3219	2 4292	1	1
2 3291	2 4293	1	1
0 4423	2 4293	1	1
1 31	2 4293	1	1
1 420	2 4293	1	1
3 4769	2 4293	1	1
3 2557	2 4293	1	1
0 3363	2 4294	1	1
0 996	2 4294	1	1
3 3182	2 4294	1	1
3 3454	2 4294	1	1
3 4950	2 4294	1	1
3 2629	2 4294	1	1
2 4535	2 4295	1	1
2 2857	2 4295	1	1
0 3501	2 4295	1	1
1 188	2 4295	1	1
1 3260	2 4295	1	1
1 1731	2 4295	1	1
2 3108	2 4296	1	1
2 1248	2 4296	1	1
0 164	2 4296	1	1
0 1770	2 4296	1	1
0 4575	2 4296	1	1
1 4151	2 4296	1	1
2 4892	2 4297	1	1
2 2387	2 4297	1	1
0 4572	2 4297	1	1
1 3797	2 4297	1	1
3 2908	2 4297	1	1
3 4243	2 4297	1	1
0 3716	2 4298	1	1
0 224	2 4298	1	1
0 3642	2 4298	1	1
1 161	2 4298	1	1
3 1220	2 4298	1	1
3 2617	2 4298	1	1
2 1182	2 4299	1	1
2 3914	2 4299	1	1
0 4680	2 4299	1	1
0 185	2 4299	1	1
0 2837	2 4299	1	1
3 539	2 4299	1	1
2 1401	2 4300	1	1
2 666	2 4300	1	1
3 422	2 4300	1	1
3 1100	2 4300	1	1
1 1383	2 4300	1	1
3 4698	2 4300	1	1
0 2261	2 4301	1	1
1 2024	2 4301	1	1
1 2072	2 4301	1	1
3 1000	2 4301	1	1
3 2328	2 4301	1	1
0 3373	2 4301	1	1
2 363	2 4302	1	1
0 2454	2 4302	1	1
0 3458	2 4302	1	1
0 4006	2 4302	1	1
3 1957	2 4302	1	1
1 308	2 4302	1	1
2 2398	2 4303	1	1
2 3414	2 4303	1	1
1 673	2 4303	1	1
1 2721	2 4303	1	1
3 1257	2 4303	1	1
3 2358	2 4303	1	1
2 1450	2 4304	1	1
2 4962	2 4304	1	1
1 26	2 4304	1	1
3 1710	2 4304	1	1
1 4709	2 4304	1	1
3 2914	2 4304	1	1
2 2470	2 4305	1	1
2 1648	2 4305	1	1
1 3836	2 4305	1	1
1 880	2 4305	1	1
3 3901	2 4305	1	1
0 4046	2 4305	1	1
2 2737	2 4306	1	1
2 3930	2 4306	1	1
1 361	2 4306	1	1
1 255	2 4306	1	1
1 1161	2 4306	1	1
3 3191	2 4306	1	1
2 4204	2 4307	1	1
0 3976	2 4307	1	1
1 2370	2 4307	1	1
1 4909	2 4307	1	1
1 4225	2 4307	1	1
3 1753	2 4307	1	1
0 2866	2 4308	1	1
0 2780	2 4308	1	1
0 4359	2 4308	1	1
1 160	2 4308	1	1
3 3375	2 4308	1	1
3 4435	2 4308	1	1
2 1530	2 4309	1	1
2 2432	2 4309	1	1
0 633	2 4309	1	1
3 3458	2 4309	1	1
3 3660	2 4309	1	1
3 3092	2 4309	1	1
0 1499	2 4310	1	1
1 4379	2 4310	1	1
1 991	2 4310	1	1
3 3425	2 4310	1	1
3 1871	2 4310	1	1
3 2674	2 4310	1	1
0 672	2 4311	1	1
0 4937	2 4311	1	1
1 4762	2 4311	1	1
3 500	2 4311	1	1
3 604	2 4311	1	1
3 1883	2 4311	1	1
0 4057	2 4312	1	1
1 4005	2 4312	1	1
1 4817	2 4312	1	1
3 3037	2 4312	1	1
0 3579	2 4312	1	1
1 818	2 4312	1	1
2 1109	2 4313	1	1
2 2664	2 4313	1	1
2 4390	2 4313	1	1
0 1313	2 4313	1	1
1 1111	2 4313	1	1
3 1333	2 4313	1	1
0 4803	2 4314	1	1
0 3959	2 4314	1	1
0 423	2 4314	1	1
1 3224	2 4314	1	1
3 4182	2 4314	1	1
3 3104	2 4314	1	1
2 3161	2 4315	1	1
2 4939	2 4315	1	1
2 2649	2 4315	1	1
1 2244	2 4315	1	1
1 2401	2 4315	1	1
3 3788	2 4315	1	1
2 3997	2 4316	1	1
2 3039	2 4316	1	1
0 4802	2 4316	1	1
3 1651	2 4316	1	1
3 1448	2 4316	1	1
1 4380	2 4316	1	1
2 4086	2 4317	1	1
2 2158	2 4317	1	1
2 2646	2 4317	1	1
3 1343	2 4317	1	1
3 3948	2 4317	1	1
3 700	2 4317	1	1
2 3725	2 4318	1	1
0 2706	2 4318	1	1
1 1984	2 4318	1	1
3 3350	2 4318	1	1
3 3009	2 4318	1	1
0 2084	2 4318	1	1
2 25	2 4319	1	1
0 2660	2 4319	1	1
1 1882	2 4319	1	1
1 2685	2 4319	1	1
1 1305	2 4319	1	1
3 556	2 4319	1	1
2 1333	2 4320	1	1
2 707	2 4320	1	1
2 2068	2 4320	1	1
1 1482	2 4320	1	1
1 2465	2 4320	1	1
3 3521	2 4320	1	1
0 3124	2 4321	1	1
0 4758	2 4321	1	1
0 935	2 4321	1	1
3 2157	2 4321	1	1
1 4318	2 4321	1	1
3 466	2 4321	1	1
2 3692	2 4322	1	1
0 4534	2 4322	1	1
1 3210	2 4322	1	1
1 378	2 4322	1	1
3 1484	2 4322	1	1
1 4513	2 4322	1	1
2 4524	2 4323	1	1
2 4342	2 4323	1	1
0 3637	2 4323	1	1
0 4779	2 4323	1	1
1 687	2 4323	1	1
3 2059	2 4323	1	1
2 185	2 4324	1	1
2 4462	2 4324	1	1
0 2242	2 4324	1	1
0 4621	2 4324	1	1
1 2533	2 4324	1	1
3 467	2 4324	1	1
2 1504	2 4325	1	1
2 1368	2 4325	1	1
0 4394	2 4325	1	1
1 2299	2 4325	1	1
3 418	2 4325	1	1
0 1478	2 4325	1	1
1 3255	2 4326	1	1
3 574	2 4326	1	1
3 426	2 4326	1	1
3 3246	2 4326	1	1
3 80	2 4326	1	1
3 3390	2 4326	1	1
0 3332	2 4327	1	1
0 182	2 4327	1	1
0 3505	2 4327	1	1
3 2854	2 4327	1	1
0 4642	2 4327	1	1
3 1771	2 4327	1	1
2 2571	2 4328	1	1
2 4949	2 4328	1	1
0 3626	2 4328	1	1
1 2743	2 4328	1	1
3 2720	2 4328	1	1
3 3643	2 4328	1	1
2 1329	2 4329	1	1
0 175	2 4329	1	1
1 4327	2 4329	1	1
3 4843	2 4329	1	1
3 362	2 4329	1	1
1 4772	2 4329	1	1
2 3694	2 4330	1	1
2 4901	2 4330	1	1
0 2610	2 4330	1	1
1 2207	2 4330	1	1
1 96	2 4330	1	1
3 4330	2 4330	1	1
2 2233	2 4331	1	1
0 622	2 4331	1	1
1 3673	2 4331	1	1
3 242	2 4331	1	1
3 989	2 4331	1	1
3 3811	2 4331	1	1
2 2305	2 4332	1	1
0 2361	2 4332	1	1
0 1259	2 4332	1	1
1 76	2 4332	1	1
1 2601	2 4332	1	1
3 4423	2 4332	1	1
0 3203	2 4333	1	1
0 2420	2 4333	1	1
3 2775	2 4333	1	1
3 27	2 4333	1	1
0 4298	2 4333	1	1
0 363	2 4333	1	1
2 3620	2 4334	1	1
2 4673	2 4334	1	1
0 4312	2 4334	1	1
1 3560	2 4334	1	1
3 2163	2 4334	1	1
0 3627	2 4334	1	1
2 3580	2 4335	1	1
2 27	2 4335	1	1
2 3917	2 4335	1	1
3 3462	2 4335	1	1
3 2515	2 4335	1	1
0 1285	2 4335	1	1
2 4979	2 4336	1	1
2 4244	2 4336	1	1
1 863	2 4336	1	1
1 217	2 4336	1	1
3 1504	2 4336	1	1
3 1482	2 4336	1	1
0 2246	2 4337	1	1
1 4265	2 4337	1	1
1 3445	2 4337	1	1
1 4643	2 4337	1	1
1 982	2 4337	1	1
3 4631	2 4337	1	1
2 2550	2 4338	1	1
2 1452	2 4338	1	1
0 2032	2 4338	1	1
0 2358	2 4338	1	1
1 1390	2 4338	1	1
1 3370	2 4338	1	1
0 2000	2 4339	1	1
1 3510	2 4339	1	1
3 2379	2 4339	1	1
3 4210	2 4339	1	1
3 4821	2 4339	1	1
0 331	2 4339	1	1
2 1815	2 4340	1	1
2 2921	2 4340	1	1
0 2873	2 4340	1	1
1 3691	2 4340	1	1
1 1360	2 4340	1	1
3 798	2 4340	1	1
2 2812	2 4341	1	1
2 1855	2 4341	1	1
0 1648	2 4341	1	1
0 992	2 4341	1	1
3 3547	2 4341	1	1
3 3266	2 4341	1	1
0 442	2 4342	1	1
0 1011	2 4342	1	1
0 517	2 4342	1	1
0 4518	2 4342	1	1
1 1046	2 4342	1	1
3 4549	2 4342	1	1
2 4753	2 4343	1	1
0 870	2 4343	1	1
1 3433	2 4343	1	1
3 4106	2 4343	1	1
1 808	2 4343	1	1
3 4662	2 4343	1	1
2 4968	2 4344	1	1
0 502	2 4344	1	1
0 1600	2 4344	1	1
1 467	2 4344	1	1
1 2067	2 4344	1	1
3 88	2 4344	1	1
2 1848	2 4345	1	1
2 4657	2 4345	1	1
0 127	2 4345	1	1
1 408	2 4345	1	1
3 4167	2 4345	1	1
1 59	2 4345	1	1
2 624	2 4346	1	1
2 3837	2 4346	1	1
2 46	2 4346	1	1
0 153	2 4346	1	1
1 1150	2 4346	1	1
3 1571	2 4346	1	1
2 544	2 4347	1	1
0 3037	2 4347	1	1
3 2559	2 4347	1	1
3 40	2 4347	1	1
3 1825	2 4347	1	1
1 4116	2 4347	1	1
2 4586	2 4348	1	1
0 4112	2 4348	1	1
1 1725	2 4348	1	1
1 2780	2 4348	1	1
1 3099	2 4348	1	1
3 2682	2 4348	1	1
2 1610	2 4349	1	1
2 172	2 4349	1	1
0 2427	2 4349	1	1
0 4365	2 4349	1	1
1 3826	2 4349	1	1
3 4570	2 4349	1	1
2 3874	2 4350	1	1
2 4318	2 4350	1	1
0 425	2 4350	1	1
3 4429	2 4350	1	1
3 1961	2 4350	1	1
3 3758	2 4350	1	1
2 1293	2 4351	1	1
0 2008	2 4351	1	1
0 4141	2 4351	1	1
1 346	2 4351	1	1
3 1129	2 4351	1	1
0 2731	2 4351	1	1
2 1491	2 4352	1	1
0 2125	2 4352	1	1
0 722	2 4352	1	1
3 1252	2 4352	1	1
3 1639	2 4352	1	1
0 4895	2 4352	1	1
2 1044	2 4353	1	1
0 786	2 4353	1	1
1 4812	2 4353	1	1
3 2909	2 4353	1	1
3 3303	2 4353	1	1
1 4291	2 4353	1	1
2 3763	2 4354	1	1
2 383	2 4354	1	1
2 1437	2 4354	1	1
3 3137	2 4354	1	1
3 2168	2 4354	1	1
3 1940	2 4354	1	1
2 910	2 4355	1	1
2 4215	2 4355	1	1
2 1773	2 4355	1	1
0 1462	2 4355	1	1
1 595	2 4355	1	1
3 4019	2 4355	1	1
2 1294	2 4356	1	1
2 1411	2 4356	1	1
2 542	2 4356	1	1
2 3675	2 4356	1	1
1 109	2 4356	1	1
1 4125	2 4356	1	1
0 4313	2 4357	1	1
3 2392	2 4357	1	1
3 2281	2 4357	1	1
3 4687	2 4357	1	1
0 4118	2 4357	1	1
1 3709	2 4357	1	1
2 4116	2 4358	1	1
2 776	2 4358	1	1
2 1678	2 4358	1	1
2 330	2 4358	1	1
0 2835	2 4358	1	1
1 1242	2 4358	1	1
1 810	2 4359	1	1
1 2539	2 4359	1	1
1 3661	2 4359	1	1
3 2508	2 4359	1	1
1 3543	2 4359	1	1
0 2968	2 4359	1	1
0 1796	2 4360	1	1
1 3343	2 4360	1	1
1 486	2 4360	1	1
3 4680	2 4360	1	1
3 3748	2 4360	1	1
3 2020	2 4360	1	1
2 4320	2 4361	1	1
2 2130	2 4361	1	1
0 2999	2 4361	1	1
1 3461	2 4361	1	1
1 3690	2 4361	1	1
3 4481	2 4361	1	1
2 2609	2 4362	1	1
0 1578	2 4362	1	1
0 4764	2 4362	1	1
1 4208	2 4362	1	1
3 1512	2 4362	1	1
0 1509	2 4362	1	1
2 4515	2 4363	1	1
3 2113	2 4363	1	1
3 2087	2 4363	1	1
3 594	2 4363	1	1
3 3671	2 4363	1	1
1 3101	2 4363	1	1
2 4389	2 4364	1	1
0 2115	2 4364	1	1
0 4903	2 4364	1	1
3 4287	2 4364	1	1
0 4021	2 4364	1	1
0 3556	2 4364	1	1
2 3290	2 4365	1	1
1 1967	2 4365	1	1
1 3237	2 4365	1	1
3 1051	2 4365	1	1
3 1562	2 4365	1	1
0 54	2 4365	1	1
0 2351	2 4366	1	1
0 4477	2 4366	1	1
0 188	2 4366	1	1
1 4746	2 4366	1	1
1 1497	2 4366	1	1
3 1019	2 4366	1	1
2 1346	2 4367	1	1
2 2760	2 4367	1	1
2 1737	2 4367	1	1
1 4578	2 4367	1	1
3 2812	2 4367	1	1
3 1747	2 4367	1	1
2 1258	2 4368	1	1
2 1679	2 4368	1	1
0 2475	2 4368	1	1
1 1547	2 4368	1	1
1 1453	2 4368	1	1
3 2895	2 4368	1	1
2 2253	2 4369	1	1
0 3087	2 4369	1	1
1 190	2 4369	1	1
1 4314	2 4369	1	1
3 1379	2 4369	1	1
3 3385	2 4369	1	1
2 4003	2 4370	1	1
0 4982	2 4370	1	1
3 256	2 4370	1	1
0 4410	2 4370	1	1
0 1352	2 4370	1	1
3 3468	2 4370	1	1
2 3953	2 4371	1	1
2 2004	2 4371	1	1
2 577	2 4371	1	1
2 3780	2 4371	1	1
0 4578	2 4371	1	1
3 1288	2 4371	1	1
2 2574	2 4372	1	1
0 1246	2 4372	1	1
1 3295	2 4372	1	1
1 3288	2 4372	1	1
3 3762	2 4372	1	1
0 4399	2 4372	1	1
2 2878	2 4373	1	1
0 735	2 4373	1	1
0 4487	2 4373	1	1
1 1891	2 4373	1	1
3 3749	2 4373	1	1
3 2091	2 4373	1	1
2 3493	2 4374	1	1
0 1530	2 4374	1	1
0 4002	2 4374	1	1
1 775	2 4374	1	1
1 4293	2 4374	1	1
3 2444	2 4374	1	1
2 307	2 4375	1	1
2 1373	2 4375	1	1
2 2761	2 4375	1	1
0 1331	2 4375	1	1
3 4611	2 4375	1	1
3 1142	2 4375	1	1
2 4615	2 4376	1	1
2 2577	2 4376	1	1
0 424	2 4376	1	1
1 4137	2 4376	1	1
3 2919	2 4376	1	1
3 967	2 4376	1	1
2 2459	2 4377	1	1
2 3378	2 4377	1	1
2 2572	2 4377	1	1
2 768	2 4377	1	1
1 3621	2 4377	1	1
1 4258	2 4377	1	1
2 1093	2 4378	1	1
2 3278	2 4378	1	1
2 2026	2 4378	1	1
2 469	2 4378	1	1
1 377	2 4378	1	1
3 226	2 4378	1	1
2 200	2 4379	1	1
0 3066	2 4379	1	1
0 4575	2 4379	1	1
1 3576	2 4379	1	1
3 2442	2 4379	1	1
3 2915	2 4379	1	1
2 4929	2 4380	1	1
2 85	2 4380	1	1
2 4107	2 4380	1	1
2 4225	2 4380	1	1
1 3967	2 4380	1	1
3 4470	2 4380	1	1
2 3605	2 4381	1	1
0 930	2 4381	1	1
1 4616	2 4381	1	1
1 3715	2 4381	1	1
1 2790	2 4381	1	1
3 4954	2 4381	1	1
2 868	2 4382	1	1
0 4701	2 4382	1	1
1 1804	2 4382	1	1
3 4783	2 4382	1	1
3 3756	2 4382	1	1
3 2327	2 4382	1	1
2 3823	2 4383	1	1
3 2286	2 4383	1	1
3 3039	2 4383	1	1
3 1702	2 4383	1	1
0 4052	2 4383	1	1
0 785	2 4383	1	1
2 452	2 4384	1	1
0 341	2 4384	1	1
1 4020	2 4384	1	1
1 4519	2 4384	1	1
1 2172	2 4384	1	1
1 3255	2 4384	1	1
2 1588	2 4385	1	1
0 719	2 4385	1	1
0 419	2 4385	1	1
0 3312	2 4385	1	1
3 1952	2 4385	1	1
3 4767	2 4385	1	1
2 2852	2 4386	1	1
0 2909	2 4386	1	1
1 41	2 4386	1	1
1 4384	2 4386	1	1
3 981	2 4386	1	1
3 48	2 4386	1	1
2 2829	2 4387	1	1
0 1955	2 4387	1	1
1 3370	2 4387	1	1
1 1837	2 4387	1	1
3 1620	2 4387	1	1
3 3991	2 4387	1	1
0 4306	2 4388	1	1
0 1604	2 4388	1	1
1 845	2 4388	1	1
1 4158	2 4388	1	1
1 4214	2 4388	1	1
1 4755	2 4388	1	1
0 2994	2 4389	1	1
0 4511	2 4389	1	1
1 3044	2 4389	1	1
3 2259	2 4389	1	1
3 4752	2 4389	1	1
3 4253	2 4389	1	1
2 2610	2 4390	1	1
2 2301	2 4390	1	1
2 797	2 4390	1	1
0 826	2 4390	1	1
3 2320	2 4390	1	1
3 2282	2 4390	1	1
2 3280	2 4391	1	1
2 4742	2 4391	1	1
0 2658	2 4391	1	1
3 2768	2 4391	1	1
3 1466	2 4391	1	1
3 1388	2 4391	1	1
2 1080	2 4392	1	1
2 4267	2 4392	1	1
0 1861	2 4392	1	1
3 918	2 4392	1	1
0 819	2 4392	1	1
1 3738	2 4392	1	1
2 4727	2 4393	1	1
0 854	2 4393	1	1
1 4680	2 4393	1	1
1 879	2 4393	1	1
1 2304	2 4393	1	1
3 3451	2 4393	1	1
1 4616	2 4394	1	1
1 2262	2 4394	1	1
1 220	2 4394	1	1
3 2086	2 4394	1	1
3 3612	2 4394	1	1
0 3103	2 4394	1	1
2 2543	2 4395	1	1
2 3989	2 4395	1	1
2 3676	2 4395	1	1
0 2930	2 4395	1	1
0 2733	2 4395	1	1
1 4000	2 4395	1	1
2 2893	2 4396	1	1
2 3711	2 4396	1	1
0 3762	2 4396	1	1
1 473	2 4396	1	1
3 18	2 4396	1	1
3 3122	2 4396	1	1
2 3575	2 4397	1	1
2 1343	2 4397	1	1
0 1770	2 4397	1	1
1 1914	2 4397	1	1
3 1062	2 4397	1	1
1 1483	2 4397	1	1
2 3258	2 4398	1	1
0 4973	2 4398	1	1
0 2395	2 4398	1	1
1 267	2 4398	1	1
1 1097	2 4398	1	1
3 2338	2 4398	1	1
2 510	2 4399	1	1
1 2110	2 4399	1	1
3 67	2 4399	1	1
3 2356	2 4399	1	1
0 367	2 4399	1	1
1 142	2 4399	1	1
2 4437	2 4400	1	1
0 3724	2 4400	1	1
1 4656	2 4400	1	1
3 2231	2 4400	1	1
3 4162	2 4400	1	1
3 2555	2 4400	1	1
2 3167	2 4401	1	1
2 4081	2 4401	1	1
2 3083	2 4401	1	1
0 3662	2 4401	1	1
1 421	2 4401	1	1
1 207	2 4401	1	1
2 2786	2 4402	1	1
2 2662	2 4402	1	1
0 155	2 4402	1	1
1 2288	2 4402	1	1
1 2275	2 4402	1	1
1 254	2 4402	1	1
2 4869	2 4403	1	1
2 793	2 4403	1	1
0 2577	2 4403	1	1
0 106	2 4403	1	1
1 4599	2 4403	1	1
3 4279	2 4403	1	1
2 2444	2 4404	1	1
2 4885	2 4404	1	1
0 2044	2 4404	1	1
0 1772	2 4404	1	1
3 361	2 4404	1	1
3 3318	2 4404	1	1
0 1225	2 4405	1	1
1 4894	2 4405	1	1
1 1952	2 4405	1	1
3 2650	2 4405	1	1
0 3280	2 4405	1	1
3 4875	2 4405	1	1
0 3893	2 4406	1	1
1 1703	2 4406	1	1
3 4596	2 4406	1	1
3 148	2 4406	1	1
3 3639	2 4406	1	1
3 993	2 4406	1	1
0 3403	2 4407	1	1
0 4987	2 4407	1	1
1 4915	2 4407	1	1
1 3664	2 4407	1	1
1 1129	2 4407	1	1
0 1575	2 4407	1	1
2 4113	2 4408	1	1
2 2531	2 4408	1	1
0 1901	2 4408	1	1
0 1591	2 4408	1	1
3 4695	2 4408	1	1
3 3008	2 4408	1	1
1 1540	2 4409	1	1
1 2130	2 4409	1	1
3 4	2 4409	1	1
1 4782	2 4409	1	1
3 4435	2 4409	1	1
3 4798	2 4409	1	1
2 1820	2 4410	1	1
0 2629	2 4410	1	1
1 1705	2 4410	1	1
3 2462	2 4410	1	1
3 945	2 4410	1	1
3 4105	2 4410	1	1
2 4113	2 4411	1	1
0 2703	2 4411	1	1
3 1600	2 4411	1	1
3 2479	2 4411	1	1
0 3378	2 4411	1	1
1 332	2 4411	1	1
0 3388	2 4412	1	1
0 2195	2 4412	1	1
1 4498	2 4412	1	1
1 1650	2 4412	1	1
1 3097	2 4412	1	1
0 3196	2 4412	1	1
2 2711	2 4413	1	1
0 3325	2 4413	1	1
0 1483	2 4413	1	1
1 3030	2 4413	1	1
3 2890	2 4413	1	1
0 2260	2 4413	1	1
2 859	2 4414	1	1
2 2854	2 4414	1	1
2 570	2 4414	1	1
0 2589	2 4414	1	1
0 4995	2 4414	1	1
0 396	2 4414	1	1
2 774	2 4415	1	1
2 987	2 4415	1	1
2 940	2 4415	1	1
1 2229	2 4415	1	1
3 3829	2 4415	1	1
3 4942	2 4415	1	1
2 4715	2 4416	1	1
2 2445	2 4416	1	1
1 2173	2 4416	1	1
3 3775	2 4416	1	1
3 4664	2 4416	1	1
3 1475	2 4416	1	1
2 4761	2 4417	1	1
0 3678	2 4417	1	1
3 4995	2 4417	1	1
3 4252	2 4417	1	1
3 2188	2 4417	1	1
3 4433	2 4417	1	1
2 599	2 4418	1	1
2 2055	2 4418	1	1
0 3747	2 4418	1	1
0 3190	2 4418	1	1
0 3433	2 4418	1	1
3 1573	2 4418	1	1
2 3782	2 4419	1	1
2 4379	2 4419	1	1
2 332	2 4419	1	1
0 3570	2 4419	1	1
1 2076	2 4419	1	1
3 589	2 4419	1	1
0 312	2 4420	1	1
1 3818	2 4420	1	1
1 4853	2 4420	1	1
3 1801	2 4420	1	1
3 1433	2 4420	1	1
3 4019	2 4420	1	1
2 2437	2 4421	1	1
2 2619	2 4421	1	1
0 2101	2 4421	1	1
1 1960	2 4421	1	1
1 3851	2 4421	1	1
1 1979	2 4421	1	1
0 2511	2 4422	1	1
1 1231	2 4422	1	1
1 3052	2 4422	1	1
1 732	2 4422	1	1
0 4752	2 4422	1	1
0 915	2 4422	1	1
2 345	2 4423	1	1
2 4741	2 4423	1	1
2 3172	2 4423	1	1
0 3638	2 4423	1	1
0 3360	2 4423	1	1
1 3610	2 4423	1	1
2 1587	2 4424	1	1
2 4900	2 4424	1	1
2 1537	2 4424	1	1
0 511	2 4424	1	1
1 1625	2 4424	1	1
3 340	2 4424	1	1
2 1837	2 4425	1	1
2 4855	2 4425	1	1
2 103	2 4425	1	1
0 252	2 4425	1	1
0 3268	2 4425	1	1
3 4600	2 4425	1	1
2 326	2 4426	1	1
2 4530	2 4426	1	1
2 166	2 4426	1	1
0 1006	2 4426	1	1
1 2819	2 4426	1	1
1 1721	2 4426	1	1
2 2521	2 4427	1	1
2 3769	2 4427	1	1
2 2384	2 4427	1	1
0 93	2 4427	1	1
1 453	2 4427	1	1
3 3684	2 4427	1	1
2 1147	2 4428	1	1
2 3532	2 4428	1	1
1 4486	2 4428	1	1
1 3492	2 4428	1	1
3 4582	2 4428	1	1
3 2250	2 4428	1	1
2 3298	2 4429	1	1
2 3238	2 4429	1	1
2 2226	2 4429	1	1
0 195	2 4429	1	1
1 2604	2 4429	1	1
3 1032	2 4429	1	1
2 50	2 4430	1	1
0 1218	2 4430	1	1
1 1962	2 4430	1	1
1 3713	2 4430	1	1
0 1856	2 4430	1	1
0 739	2 4430	1	1
2 1302	2 4431	1	1
2 4423	2 4431	1	1
1 4625	2 4431	1	1
1 4865	2 4431	1	1
0 237	2 4431	1	1
0 627	2 4431	1	1
2 2021	2 4432	1	1
0 4549	2 4432	1	1
0 1331	2 4432	1	1
1 4690	2 4432	1	1
1 3758	2 4432	1	1
3 119	2 4432	1	1
0 1081	2 4433	1	1
1 3425	2 4433	1	1
1 1781	2 4433	1	1
3 634	2 4433	1	1
3 1335	2 4433	1	1
1 1816	2 4433	1	1
0 3014	2 4434	1	1
0 902	2 4434	1	1
1 3254	2 4434	1	1
1 2409	2 4434	1	1
1 3518	2 4434	1	1
3 2492	2 4434	1	1
2 1963	2 4435	1	1
2 2964	2 4435	1	1
2 4215	2 4435	1	1
2 2366	2 4435	1	1
1 3706	2 4435	1	1
0 194	2 4435	1	1
0 1781	2 4436	1	1
0 3953	2 4436	1	1
1 2548	2 4436	1	1
1 2719	2 4436	1	1
3 2360	2 4436	1	1
0 4053	2 4436	1	1
2 3072	2 4437	1	1
0 3041	2 4437	1	1
3 4738	2 4437	1	1
3 1612	2 4437	1	1
3 1325	2 4437	1	1
3 1965	2 4437	1	1
2 2921	2 4438	1	1
2 401	2 4438	1	1
0 3198	2 4438	1	1
0 2772	2 4438	1	1
1 3138	2 4438	1	1
3 3920	2 4438	1	1
2 2730	2 4439	1	1
0 3040	2 4439	1	1
0 1618	2 4439	1	1
1 2735	2 4439	1	1
1 2460	2 4439	1	1
3 3588	2 4439	1	1
2 2887	2 4440	1	1
0 4916	2 4440	1	1
0 1684	2 4440	1	1
0 2314	2 4440	1	1
1 3042	2 4440	1	1
1 3683	2 4440	1	1
2 185	2 4441	1	1
2 3933	2 4441	1	1
0 2560	2 4441	1	1
0 568	2 4441	1	1
1 4890	2 4441	1	1
3 1910	2 4441	1	1
2 2063	2 4442	1	1
2 2097	2 4442	1	1
2 3110	2 4442	1	1
0 1531	2 4442	1	1
1 4785	2 4442	1	1
3 2546	2 4442	1	1
0 3365	2 4443	1	1
0 4148	2 4443	1	1
1 4517	2 4443	1	1
1 654	2 4443	1	1
3 102	2 4443	1	1
0 301	2 4443	1	1
2 932	2 4444	1	1
0 1970	2 4444	1	1
0 777	2 4444	1	1
0 298	2 4444	1	1
3 3644	2 4444	1	1
3 4535	2 4444	1	1
2 1630	2 4445	1	1
2 1940	2 4445	1	1
0 4157	2 4445	1	1
1 1027	2 4445	1	1
3 3584	2 4445	1	1
3 2865	2 4445	1	1
2 2826	2 4446	1	1
2 3383	2 4446	1	1
0 857	2 4446	1	1
0 4001	2 4446	1	1
0 668	2 4446	1	1
0 2322	2 4446	1	1
2 3602	2 4447	1	1
2 1339	2 4447	1	1
0 457	2 4447	1	1
0 3104	2 4447	1	1
3 4043	2 4447	1	1
0 3141	2 4447	1	1
2 4066	2 4448	1	1
0 3592	2 4448	1	1
0 3501	2 4448	1	1
1 3359	2 4448	1	1
1 1776	2 4448	1	1
3 4625	2 4448	1	1
2 4190	2 4449	1	1
2 205	2 4449	1	1
3 4999	2 4449	1	1
3 1682	2 4449	1	1
3 115	2 4449	1	1
3 4578	2 4449	1	1
2 4286	2 4450	1	1
0 3866	2 4450	1	1
1 3161	2 4450	1	1
1 4751	2 4450	1	1
3 1122	2 4450	1	1
3 3152	2 4450	1	1
2 141	2 4451	1	1
1 963	2 4451	1	1
1 691	2 4451	1	1
3 723	2 4451	1	1
3 1529	2 4451	1	1
3 3183	2 4451	1	1
0 221	2 4452	1	1
3 1198	2 4452	1	1
3 801	2 4452	1	1
3 1162	2 4452	1	1
0 2218	2 4452	1	1
3 236	2 4452	1	1
2 1786	2 4453	1	1
0 895	2 4453	1	1
0 4844	2 4453	1	1
3 1063	2 4453	1	1
3 494	2 4453	1	1
1 862	2 4453	1	1
2 4791	2 4454	1	1
2 2399	2 4454	1	1
0 1467	2 4454	1	1
1 8	2 4454	1	1
3 3413	2 4454	1	1
3 3409	2 4454	1	1
2 660	2 4455	1	1
2 3763	2 4455	1	1
2 62	2 4455	1	1
0 4071	2 4455	1	1
3 3130	2 4455	1	1
3 4033	2 4455	1	1
2 3310	2 4456	1	1
0 2281	2 4456	1	1
1 4171	2 4456	1	1
3 1170	2 4456	1	1
3 1282	2 4456	1	1
3 2548	2 4456	1	1
2 2790	2 4457	1	1
2 4130	2 4457	1	1
1 1764	2 4457	1	1
1 2248	2 4457	1	1
3 4204	2 4457	1	1
3 1746	2 4457	1	1
0 543	2 4458	1	1
0 924	2 4458	1	1
1 1981	2 4458	1	1
3 1494	2 4458	1	1
3 2571	2 4458	1	1
1 2972	2 4458	1	1
0 3696	2 4459	1	1
0 4045	2 4459	1	1
1 321	2 4459	1	1
3 928	2 4459	1	1
0 4155	2 4459	1	1
3 1299	2 4459	1	1
2 4644	2 4460	1	1
1 3659	2 4460	1	1
3 3676	2 4460	1	1
3 2901	2 4460	1	1
3 4099	2 4460	1	1
0 2183	2 4460	1	1
0 2098	2 4461	1	1
1 1762	2 4461	1	1
1 2234	2 4461	1	1
3 4515	2 4461	1	1
3 4803	2 4461	1	1
1 2773	2 4461	1	1
1 1917	2 4462	1	1
3 2537	2 4462	1	1
3 3246	2 4462	1	1
3 2847	2 4462	1	1
3 1213	2 4462	1	1
1 1723	2 4462	1	1
2 3866	2 4463	1	1
2 180	2 4463	1	1
1 3427	2 4463	1	1
3 824	2 4463	1	1
3 1805	2 4463	1	1
3 3712	2 4463	1	1
2 596	2 4464	1	1
0 4559	2 4464	1	1
1 459	2 4464	1	1
3 3909	2 4464	1	1
3 741	2 4464	1	1
3 3955	2 4464	1	1
2 2340	2 4465	1	1
2 927	2 4465	1	1
0 369	2 4465	1	1
1 3910	2 4465	1	1
1 4050	2 4465	1	1
3 3198	2 4465	1	1
2 4242	2 4466	1	1
2 629	2 4466	1	1
1 4344	2 4466	1	1
1 3936	2 4466	1	1
3 720	2 4466	1	1
3 725	2 4466	1	1
2 560	2 4467	1	1
0 803	2 4467	1	1
0 4492	2 4467	1	1
1 3314	2 4467	1	1
3 1613	2 4467	1	1
3 495	2 4467	1	1
0 60	2 4468	1	1
1 2835	2 4468	1	1
3 3015	2 4468	1	1
0 4052	2 4468	1	1
1 2009	2 4468	1	1
3 3843	2 4468	1	1
2 2919	2 4469	1	1
1 1015	2 4469	1	1
3 3616	2 4469	1	1
0 4714	2 4469	1	1
3 1083	2 4469	1	1
3 1568	2 4469	1	1
2 3340	2 4470	1	1
3 2862	2 4470	1	1
3 3237	2 4470	1	1
3 4081	2 4470	1	1
3 3280	2 4470	1	1
3 3264	2 4470	1	1
2 2207	2 4471	1	1
2 2331	2 4471	1	1
1 4639	2 4471	1	1
3 4358	2 4471	1	1
3 4714	2 4471	1	1
1 3226	2 4471	1	1
2 211	2 4472	1	1
2 82	2 4472	1	1
2 1647	2 4472	1	1
2 3190	2 4472	1	1
2 3384	2 4472	1	1
2 192	2 4472	1	1
2 2378	2 4473	1	1
2 1696	2 4473	1	1
2 1574	2 4473	1	1
0 3739	2 4473	1	1
0 575	2 4473	1	1
3 97	2 4473	1	1
2 1990	2 4474	1	1
2 2442	2 4474	1	1
2 4346	2 4474	1	1
2 4601	2 4474	1	1
1 2788	2 4474	1	1
1 2319	2 4474	1	1
2 967	2 4475	1	1
0 3832	2 4475	1	1
1 4682	2 4475	1	1
1 989	2 4475	1	1
3 4688	2 4475	1	1
1 2319	2 4475	1	1
2 2574	2 4476	1	1
2 4443	2 4476	1	1
0 1627	2 4476	1	1
0 4811	2 4476	1	1
1 1914	2 4476	1	1
1 4646	2 4476	1	1
0 3660	2 4477	1	1
1 218	2 4477	1	1
3 2813	2 4477	1	1
1 117	2 4477	1	1
3 1538	2 4477	1	1
3 754	2 4477	1	1
2 3298	2 4478	1	1
0 3481	2 4478	1	1
0 2778	2 4478	1	1
3 2933	2 4478	1	1
3 2305	2 4478	1	1
3 3558	2 4478	1	1
2 1780	2 4479	1	1
2 1117	2 4479	1	1
2 4229	2 4479	1	1
3 725	2 4479	1	1
0 1285	2 4479	1	1
1 1799	2 4479	1	1
2 4265	2 4480	1	1
2 3940	2 4480	1	1
0 2681	2 4480	1	1
1 2385	2 4480	1	1
1 3542	2 4480	1	1
3 2315	2 4480	1	1
2 4745	2 4481	1	1
2 3841	2 4481	1	1
0 2466	2 4481	1	1
3 3101	2 4481	1	1
3 2726	2 4481	1	1
1 2217	2 4481	1	1
2 2885	2 4482	1	1
0 3296	2 4482	1	1
1 4417	2 4482	1	1
1 3477	2 4482	1	1
3 615	2 4482	1	1
3 1410	2 4482	1	1
2 991	2 4483	1	1
2 2967	2 4483	1	1
0 4555	2 4483	1	1
3 278	2 4483	1	1
0 2372	2 4483	1	1
1 670	2 4483	1	1
2 1996	2 4484	1	1
2 3025	2 4484	1	1
2 3114	2 4484	1	1
0 1666	2 4484	1	1
1 1959	2 4484	1	1
1 4200	2 4484	1	1
2 904	2 4485	1	1
2 1764	2 4485	1	1
0 3973	2 4485	1	1
0 892	2 4485	1	1
0 1043	2 4485	1	1
3 2277	2 4485	1	1
2 2550	2 4486	1	1
2 1195	2 4486	1	1
2 3271	2 4486	1	1
0 3859	2 4486	1	1
0 1762	2 4486	1	1
1 1616	2 4486	1	1
2 1439	2 4487	1	1
0 2923	2 4487	1	1
0 389	2 4487	1	1
1 2628	2 4487	1	1
3 4082	2 4487	1	1
3 1498	2 4487	1	1
2 4457	2 4488	1	1
0 2682	2 4488	1	1
1 3007	2 4488	1	1
1 1190	2 4488	1	1
1 4484	2 4488	1	1
3 2379	2 4488	1	1
2 1281	2 4489	1	1
2 530	2 4489	1	1
2 2688	2 4489	1	1
3 3101	2 4489	1	1
3 131	2 4489	1	1
3 3549	2 4489	1	1
2 3207	2 4490	1	1
0 4687	2 4490	1	1
0 2191	2 4490	1	1
0 2273	2 4490	1	1
1 1160	2 4490	1	1
1 3265	2 4490	1	1
2 1211	2 4491	1	1
2 672	2 4491	1	1
2 4621	2 4491	1	1
2 2217	2 4491	1	1
3 3690	2 4491	1	1
1 77	2 4491	1	1
1 2343	2 4492	1	1
1 1959	2 4492	1	1
1 126	2 4492	1	1
1 3736	2 4492	1	1
1 4038	2 4492	1	1
1 456	2 4492	1	1
2 2736	2 4493	1	1
0 570	2 4493	1	1
0 2407	2 4493	1	1
1 1175	2 4493	1	1
1 4715	2 4493	1	1
3 4067	2 4493	1	1
2 1149	2 4494	1	1
0 1839	2 4494	1	1
1 884	2 4494	1	1
1 3000	2 4494	1	1
0 4264	2 4494	1	1
1 1485	2 4494	1	1
0 3959	2 4495	1	1
0 4974	2 4495	1	1
1 616	2 4495	1	1
1 4987	2 4495	1	1
3 1053	2 4495	1	1
3 2520	2 4495	1	1
2 4558	2 4496	1	1
1 1446	2 4496	1	1
3 4828	2 4496	1	1
3 4367	2 4496	1	1
3 2723	2 4496	1	1
3 3804	2 4496	1	1
0 3463	2 4497	1	1
1 3940	2 4497	1	1
1 397	2 4497	1	1
3 4707	2 4497	1	1
3 3456	2 4497	1	1
3 2557	2 4497	1	1
2 3842	2 4498	1	1
0 1057	2 4498	1	1
3 4679	2 4498	1	1
3 606	2 4498	1	1
3 1234	2 4498	1	1
3 3439	2 4498	1	1
2 2378	2 4499	1	1
2 3135	2 4499	1	1
0 4330	2 4499	1	1
1 1067	2 4499	1	1
3 981	2 4499	1	1
3 214	2 4499	1	1
2 812	2 4500	1	1
0 2679	2 4500	1	1
1 4670	2 4500	1	1
1 3798	2 4500	1	1
3 2096	2 4500	1	1
1 3117	2 4500	1	1
2 1505	2 4501	1	1
2 1642	2 4501	1	1
3 4226	2 4501	1	1
3 980	2 4501	1	1
3 3806	2 4501	1	1
3 3687	2 4501	1	1
2 1930	2 4502	1	1
2 3245	2 4502	1	1
2 1417	2 4502	1	1
0 1503	2 4502	1	1
0 4472	2 4502	1	1
1 1897	2 4502	1	1
0 1587	2 4503	1	1
1 1975	2 4503	1	1
3 845	2 4503	1	1
3 3111	2 4503	1	1
3 850	2 4503	1	1
1 4510	2 4503	1	1
2 2818	2 4504	1	1
2 1430	2 4504	1	1
2 4072	2 4504	1	1
0 4116	2 4504	1	1
3 4896	2 4504	1	1
1 2943	2 4504	1	1
2 404	2 4505	1	1
0 1173	2 4505	1	1
0 4425	2 4505	1	1
1 4572	2 4505	1	1
3 281	2 4505	1	1
3 2116	2 4505	1	1
2 1007	2 4506	1	1
0 3933	2 4506	1	1
0 2450	2 4506	1	1
0 1946	2 4506	1	1
1 999	2 4506	1	1
3 4921	2 4506	1	1
0 217	2 4507	1	1
0 3333	2 4507	1	1
0 3564	2 4507	1	1
3 442	2 4507	1	1
0 4210	2 4507	1	1
0 1943	2 4507	1	1
2 4062	2 4508	1	1
0 162	2 4508	1	1
0 2597	2 4508	1	1
1 4957	2 4508	1	1
1 2556	2 4508	1	1
3 3145	2 4508	1	1
0 854	2 4509	1	1
0 4924	2 4509	1	1
3 3694	2 4509	1	1
3 862	2 4509	1	1
3 1675	2 4509	1	1
1 2392	2 4509	1	1
2 2109	2 4510	1	1
0 3114	2 4510	1	1
0 2588	2 4510	1	1
1 1260	2 4510	1	1
3 694	2 4510	1	1
3 240	2 4510	1	1
2 1019	2 4511	1	1
0 2265	2 4511	1	1
0 2942	2 4511	1	1
0 4675	2 4511	1	1
3 4371	2 4511	1	1
3 4866	2 4511	1	1
2 1010	2 4512	1	1
0 1336	2 4512	1	1
0 537	2 4512	1	1
0 4989	2 4512	1	1
3 1621	2 4512	1	1
1 3257	2 4512	1	1
2 4158	2 4513	1	1
0 1271	2 4513	1	1
0 2464	2 4513	1	1
1 3960	2 4513	1	1
1 3467	2 4513	1	1
3 3236	2 4513	1	1
2 1653	2 4514	1	1
0 1628	2 4514	1	1
0 4535	2 4514	1	1
0 4204	2 4514	1	1
3 1384	2 4514	1	1
3 3205	2 4514	1	1
0 1471	2 4515	1	1
0 1464	2 4515	1	1
3 3743	2 4515	1	1
3 3090	2 4515	1	1
3 709	2 4515	1	1
3 3223	2 4515	1	1
2 4058	2 4516	1	1
0 156	2 4516	1	1
1 4104	2 4516	1	1
3 1014	2 4516	1	1
3 826	2 4516	1	1
1 1920	2 4516	1	1
2 853	2 4517	1	1
0 951	2 4517	1	1
1 1526	2 4517	1	1
1 2447	2 4517	1	1
1 2068	2 4517	1	1
3 2525	2 4517	1	1
2 209	2 4518	1	1
2 4013	2 4518	1	1
0 4696	2 4518	1	1
1 3935	2 4518	1	1
1 54	2 4518	1	1
3 4254	2 4518	1	1
0 2605	2 4519	1	1
0 4558	2 4519	1	1
1 3554	2 4519	1	1
3 4785	2 4519	1	1
0 627	2 4519	1	1
0 3093	2 4519	1	1
2 958	2 4520	1	1
2 1373	2 4520	1	1
1 3354	2 4520	1	1
3 4975	2 4520	1	1
3 532	2 4520	1	1
3 1316	2 4520	1	1
2 2141	2 4521	1	1
2 832	2 4521	1	1
2 2225	2 4521	1	1
0 1522	2 4521	1	1
0 4231	2 4521	1	1
1 4807	2 4521	1	1
0 4997	2 4522	1	1
0 4060	2 4522	1	1
1 3529	2 4522	1	1
3 1411	2 4522	1	1
3 4270	2 4522	1	1
3 87	2 4522	1	1
0 29	2 4523	1	1
0 3814	2 4523	1	1
1 1315	2 4523	1	1
1 1570	2 4523	1	1
3 2353	2 4523	1	1
3 302	2 4523	1	1
2 269	2 4524	1	1
0 3008	2 4524	1	1
3 630	2 4524	1	1
3 4191	2 4524	1	1
3 920	2 4524	1	1
3 182	2 4524	1	1
2 2019	2 4525	1	1
2 3196	2 4525	1	1
2 3004	2 4525	1	1
2 2854	2 4525	1	1
0 2418	2 4525	1	1
0 1584	2 4525	1	1
2 2604	2 4526	1	1
0 2889	2 4526	1	1
0 3026	2 4526	1	1
0 145	2 4526	1	1
1 2049	2 4526	1	1
3 206	2 4526	1	1
2 3109	2 4527	1	1
0 3904	2 4527	1	1
0 4939	2 4527	1	1
0 1906	2 4527	1	1
1 1278	2 4527	1	1
3 1625	2 4527	1	1
1 1086	2 4528	1	1
1 3874	2 4528	1	1
3 4667	2 4528	1	1
3 1294	2 4528	1	1
3 1193	2 4528	1	1
0 4028	2 4528	1	1
0 459	2 4529	1	1
0 1791	2 4529	1	1
3 405	2 4529	1	1
3 4409	2 4529	1	1
0 2919	2 4529	1	1
3 4758	2 4529	1	1
2 1265	2 4530	1	1
2 4904	2 4530	1	1
0 3321	2 4530	1	1
1 2189	2 4530	1	1
1 113	2 4530	1	1
3 825	2 4530	1	1
2 2800	2 4531	1	1
0 661	2 4531	1	1
1 2770	2 4531	1	1
1 4384	2 4531	1	1
3 3316	2 4531	1	1
1 2582	2 4531	1	1
2 2193	2 4532	1	1
2 3689	2 4532	1	1
1 234	2 4532	1	1
3 1036	2 4532	1	1
3 3321	2 4532	1	1
3 447	2 4532	1	1
0 2878	2 4533	1	1
1 1998	2 4533	1	1
3 3804	2 4533	1	1
3 4253	2 4533	1	1
3 640	2 4533	1	1
1 1971	2 4533	1	1
2 4650	2 4534	1	1
2 4186	2 4534	1	1
2 4521	2 4534	1	1
0 2662	2 4534	1	1
0 1746	2 4534	1	1
1 416	2 4534	1	1
2 2704	2 4535	1	1
0 3088	2 4535	1	1
1 351	2 4535	1	1
1 4349	2 4535	1	1
3 1597	2 4535	1	1
3 3940	2 4535	1	1
2 88	2 4536	1	1
0 3912	2 4536	1	1
1 2091	2 4536	1	1
1 1319	2 4536	1	1
3 2657	2 4536	1	1
3 3831	2 4536	1	1
2 3487	2 4537	1	1
0 2343	2 4537	1	1
0 1996	2 4537	1	1
1 2625	2 4537	1	1
1 4104	2 4537	1	1
3 1341	2 4537	1	1
2 466	2 4538	1	1
2 3854	2 4538	1	1
2 4511	2 4538	1	1
1 1917	2 4538	1	1
1 850	2 4538	1	1
3 2847	2 4538	1	1
2 787	2 4539	1	1
1 4860	2 4539	1	1
1 2801	2 4539	1	1
1 502	2 4539	1	1
1 3409	2 4539	1	1
1 4813	2 4539	1	1
2 1516	2 4540	1	1
2 3513	2 4540	1	1
1 3953	2 4540	1	1
1 1230	2 4540	1	1
0 3141	2 4540	1	1
1 1906	2 4540	1	1
2 2443	2 4541	1	1
0 369	2 4541	1	1
0 3281	2 4541	1	1
0 813	2 4541	1	1
0 2667	2 4541	1	1
3 1564	2 4541	1	1
2 2679	2 4542	1	1
0 4093	2 4542	1	1
1 1436	2 4542	1	1
1 2950	2 4542	1	1
3 3025	2 4542	1	1
3 3587	2 4542	1	1
2 496	2 4543	1	1
0 4711	2 4543	1	1
0 4549	2 4543	1	1
0 193	2 4543	1	1
0 1269	2 4543	1	1
1 3157	2 4543	1	1
2 2518	2 4544	1	1
2 1395	2 4544	1	1
0 3469	2 4544	1	1
1 4455	2 4544	1	1
3 1048	2 4544	1	1
1 123	2 4544	1	1
0 75	2 4545	1	1
1 4310	2 4545	1	1
1 3515	2 4545	1	1
3 439	2 4545	1	1
3 4437	2 4545	1	1
0 3589	2 4545	1	1
2 1364	2 4546	1	1
2 671	2 4546	1	1
1 2284	2 4546	1	1
3 1705	2 4546	1	1
3 530	2 4546	1	1
0 1164	2 4546	1	1
2 3507	2 4547	1	1
2 4439	2 4547	1	1
0 273	2 4547	1	1
1 304	2 4547	1	1
3 3063	2 4547	1	1
1 4147	2 4547	1	1
0 2605	2 4548	1	1
0 1828	2 4548	1	1
1 2408	2 4548	1	1
3 584	2 4548	1	1
1 2146	2 4548	1	1
1 4395	2 4548	1	1
2 3971	2 4549	1	1
2 3371	2 4549	1	1
0 901	2 4549	1	1
0 2827	2 4549	1	1
3 4158	2 4549	1	1
3 3873	2 4549	1	1
2 2451	2 4550	1	1
1 2111	2 4550	1	1
1 1161	2 4550	1	1
3 3053	2 4550	1	1
3 2345	2 4550	1	1
3 251	2 4550	1	1
2 579	2 4551	1	1
1 2893	2 4551	1	1
1 3358	2 4551	1	1
3 951	2 4551	1	1
3 4417	2 4551	1	1
1 2340	2 4551	1	1
2 3039	2 4552	1	1
2 1119	2 4552	1	1
2 2340	2 4552	1	1
0 1525	2 4552	1	1
0 4850	2 4552	1	1
3 4300	2 4552	1	1
2 1569	2 4553	1	1
2 608	2 4553	1	1
2 2849	2 4553	1	1
1 4657	2 4553	1	1
3 229	2 4553	1	1
0 1175	2 4553	1	1
2 4365	2 4554	1	1
2 3624	2 4554	1	1
2 1101	2 4554	1	1
2 2045	2 4554	1	1
2 4456	2 4554	1	1
0 4666	2 4554	1	1
0 1884	2 4555	1	1
0 4149	2 4555	1	1
0 4413	2 4555	1	1
0 3156	2 4555	1	1
1 1919	2 4555	1	1
1 1423	2 4555	1	1
2 1108	2 4556	1	1
2 2920	2 4556	1	1
0 4494	2 4556	1	1
1 890	2 4556	1	1
3 2961	2 4556	1	1
1 3574	2 4556	1	1
2 300	2 4557	1	1
2 1109	2 4557	1	1
0 4822	2 4557	1	1
1 2825	2 4557	1	1
3 1841	2 4557	1	1
3 3231	2 4557	1	1
2 4094	2 4558	1	1
2 4101	2 4558	1	1
0 3763	2 4558	1	1
3 4236	2 4558	1	1
3 1784	2 4558	1	1
1 4808	2 4558	1	1
0 2232	2 4559	1	1
0 148	2 4559	1	1
0 451	2 4559	1	1
1 695	2 4559	1	1
3 888	2 4559	1	1
1 883	2 4559	1	1
0 3828	2 4560	1	1
0 2631	2 4560	1	1
1 4083	2 4560	1	1
1 3678	2 4560	1	1
1 3873	2 4560	1	1
3 1657	2 4560	1	1
0 4051	2 4561	1	1
0 4057	2 4561	1	1
1 1391	2 4561	1	1
1 2610	2 4561	1	1
3 624	2 4561	1	1
3 3485	2 4561	1	1
2 221	2 4562	1	1
2 2332	2 4562	1	1
0 318	2 4562	1	1
3 1552	2 4562	1	1
3 4148	2 4562	1	1
3 1138	2 4562	1	1
2 1991	2 4563	1	1
0 3840	2 4563	1	1
1 3056	2 4563	1	1
3 253	2 4563	1	1
3 1046	2 4563	1	1
3 3309	2 4563	1	1
2 1729	2 4564	1	1
2 375	2 4564	1	1
2 2947	2 4564	1	1
0 2944	2 4564	1	1
0 4163	2 4564	1	1
1 227	2 4564	1	1
2 4048	2 4565	1	1
0 2372	2 4565	1	1
0 1019	2 4565	1	1
0 1543	2 4565	1	1
1 2950	2 4565	1	1
3 1803	2 4565	1	1
2 4611	2 4566	1	1
2 2184	2 4566	1	1
0 2585	2 4566	1	1
0 2996	2 4566	1	1
3 4613	2 4566	1	1
1 1977	2 4566	1	1
2 1549	2 4567	1	1
2 1082	2 4567	1	1
2 2910	2 4567	1	1
2 2903	2 4567	1	1
0 4826	2 4567	1	1
1 2801	2 4567	1	1
2 4756	2 4568	1	1
2 589	2 4568	1	1
2 2840	2 4568	1	1
0 3291	2 4568	1	1
1 3270	2 4568	1	1
3 3130	2 4568	1	1
2 3900	2 4569	1	1
0 3289	2 4569	1	1
0 4275	2 4569	1	1
1 2670	2 4569	1	1
1 2890	2 4569	1	1
1 1940	2 4569	1	1
2 2089	2 4570	1	1
0 4905	2 4570	1	1
0 3093	2 4570	1	1
0 4662	2 4570	1	1
1 3679	2 4570	1	1
0 2956	2 4570	1	1
2 4217	2 4571	1	1
0 965	2 4571	1	1
0 4784	2 4571	1	1
1 606	2 4571	1	1
3 322	2 4571	1	1
3 3776	2 4571	1	1
1 2382	2 4572	1	1
1 2569	2 4572	1	1
1 2911	2 4572	1	1
3 2163	2 4572	1	1
3 1786	2 4572	1	1
3 2921	2 4572	1	1
2 4173	2 4573	1	1
2 4457	2 4573	1	1
1 1798	2 4573	1	1
3 4561	2 4573	1	1
3 4420	2 4573	1	1
1 1893	2 4573	1	1
2 1681	2 4574	1	1
0 637	2 4574	1	1
1 1090	2 4574	1	1
3 521	2 4574	1	1
3 404	2 4574	1	1
3 1357	2 4574	1	1
2 1118	2 4575	1	1
2 755	2 4575	1	1
1 2422	2 4575	1	1
1 610	2 4575	1	1
3 2780	2 4575	1	1
0 257	2 4575	1	1
0 960	2 4576	1	1
3 2124	2 4576	1	1
1 547	2 4576	1	1
1 1954	2 4576	1	1
1 1920	2 4576	1	1
1 2249	2 4576	1	1
2 664	2 4577	1	1
0 4013	2 4577	1	1
1 2839	2 4577	1	1
1 1336	2 4577	1	1
3 2381	2 4577	1	1
3 3175	2 4577	1	1
2 2821	2 4578	1	1
0 1309	2 4578	1	1
0 2102	2 4578	1	1
1 4464	2 4578	1	1
3 3366	2 4578	1	1
3 3258	2 4578	1	1
2 1928	2 4579	1	1
0 3585	2 4579	1	1
0 3566	2 4579	1	1
1 4263	2 4579	1	1
3 4821	2 4579	1	1
1 3369	2 4579	1	1
2 2154	2 4580	1	1
0 858	2 4580	1	1
0 4607	2 4580	1	1
1 197	2 4580	1	1
1 88	2 4580	1	1
1 4856	2 4580	1	1
2 2801	2 4581	1	1
0 3936	2 4581	1	1
1 186	2 4581	1	1
3 4384	2 4581	1	1
3 2475	2 4581	1	1
1 3742	2 4581	1	1
2 1427	2 4582	1	1
2 2025	2 4582	1	1
0 738	2 4582	1	1
1 3354	2 4582	1	1
3 425	2 4582	1	1
1 3719	2 4582	1	1
2 1	2 4583	1	1
2 1460	2 4583	1	1
1 2051	2 4583	1	1
3 4181	2 4583	1	1
0 3434	2 4583	1	1
0 2808	2 4583	1	1
2 1591	2 4584	1	1
2 1297	2 4584	1	1
2 1798	2 4584	1	1
0 512	2 4584	1	1
0 1727	2 4584	1	1
3 1929	2 4584	1	1
2 1544	2 4585	1	1
2 1347	2 4585	1	1
0 2402	2 4585	1	1
3 1822	2 4585	1	1
3 296	2 4585	1	1
1 714	2 4585	1	1
2 598	2 4586	1	1
0 2871	2 4586	1	1
1 1409	2 4586	1	1
3 4842	2 4586	1	1
3 654	2 4586	1	1
3 3192	2 4586	1	1
2 2049	2 4587	1	1
2 2506	2 4587	1	1
2 4874	2 4587	1	1
2 1014	2 4587	1	1
1 2838	2 4587	1	1
1 4218	2 4587	1	1
2 2491	2 4588	1	1
2 3183	2 4588	1	1
2 1868	2 4588	1	1
0 2474	2 4588	1	1
1 316	2 4588	1	1
3 4307	2 4588	1	1
2 2194	2 4589	1	1
1 2165	2 4589	1	1
1 1956	2 4589	1	1
1 4990	2 4589	1	1
1 989	2 4589	1	1
3 4424	2 4589	1	1
2 4682	2 4590	1	1
0 3061	2 4590	1	1
1 3537	2 4590	1	1
3 1254	2 4590	1	1
3 2591	2 4590	1	1
3 3400	2 4590	1	1
2 825	2 4591	1	1
2 1828	2 4591	1	1
1 3990	2 4591	1	1
1 412	2 4591	1	1
1 3679	2 4591	1	1
3 2876	2 4591	1	1
2 2330	2 4592	1	1
2 213	2 4592	1	1
0 4318	2 4592	1	1
0 3469	2 4592	1	1
0 660	2 4592	1	1
0 1645	2 4592	1	1
2 2765	2 4593	1	1
2 505	2 4593	1	1
2 483	2 4593	1	1
0 4325	2 4593	1	1
1 57	2 4593	1	1
1 4097	2 4593	1	1
2 2936	2 4594	1	1
2 2467	2 4594	1	1
2 4796	2 4594	1	1
0 4468	2 4594	1	1
3 52	2 4594	1	1
3 1645	2 4594	1	1
2 210	2 4595	1	1
2 2191	2 4595	1	1
0 3630	2 4595	1	1
0 4188	2 4595	1	1
1 640	2 4595	1	1
1 785	2 4595	1	1
2 4445	2 4596	1	1
2 4363	2 4596	1	1
2 1306	2 4596	1	1
2 4938	2 4596	1	1
0 3449	2 4596	1	1
3 799	2 4596	1	1
2 3321	2 4597	1	1
0 2132	2 4597	1	1
1 3976	2 4597	1	1
1 450	2 4597	1	1
3 1728	2 4597	1	1
3 4697	2 4597	1	1
2 90	2 4598	1	1
1 1678	2 4598	1	1
3 2978	2 4598	1	1
3 2459	2 4598	1	1
3 346	2 4598	1	1
1 2608	2 4598	1	1
2 4831	2 4599	1	1
2 4928	2 4599	1	1
2 557	2 4599	1	1
1 3614	2 4599	1	1
1 3645	2 4599	1	1
1 351	2 4599	1	1
2 1805	2 4600	1	1
0 1104	2 4600	1	1
0 3716	2 4600	1	1
1 4574	2 4600	1	1
3 3322	2 4600	1	1
1 4015	2 4600	1	1
2 4411	2 4601	1	1
2 1342	2 4601	1	1
0 1554	2 4601	1	1
0 436	2 4601	1	1
1 4552	2 4601	1	1
3 1761	2 4601	1	1
2 1060	2 4602	1	1
0 2626	2 4602	1	1
1 4811	2 4602	1	1
3 3539	2 4602	1	1
1 1975	2 4602	1	1
1 1541	2 4602	1	1
2 2331	2 4603	1	1
2 1556	2 4603	1	1
2 1299	2 4603	1	1
2 1144	2 4603	1	1
0 1806	2 4603	1	1
1 3104	2 4603	1	1
0 4185	2 4604	1	1
0 342	2 4604	1	1
0 936	2 4604	1	1
0 2820	2 4604	1	1
1 931	2 4604	1	1
3 2650	2 4604	1	1
2 4807	2 4605	1	1
2 435	2 4605	1	1
3 4065	2 4605	1	1
3 3049	2 4605	1	1
3 2337	2 4605	1	1
0 3165	2 4605	1	1
2 4176	2 4606	1	1
1 1503	2 4606	1	1
1 1607	2 4606	1	1
1 278	2 4606	1	1
1 3475	2 4606	1	1
3 3703	2 4606	1	1
2 4072	2 4607	1	1
1 782	2 4607	1	1
1 990	2 4607	1	1
3 4126	2 4607	1	1
3 3507	2 4607	1	1
3 2581	2 4607	1	1
2 1454	2 4608	1	1
0 2849	2 4608	1	1
1 4722	2 4608	1	1
3 1606	2 4608	1	1
3 2269	2 4608	1	1
0 1783	2 4608	1	1
2 626	2 4609	1	1
0 3091	2 4609	1	1
1 3903	2 4609	1	1
3 2917	2 4609	1	1
3 4520	2 4609	1	1
3 1633	2 4609	1	1
2 3517	2 4610	1	1
2 4497	2 4610	1	1
1 2428	2 4610	1	1
1 4313	2 4610	1	1
1 2916	2 4610	1	1
3 3152	2 4610	1	1
2 1028	2 4611	1	1
2 1489	2 4611	1	1
0 809	2 4611	1	1
0 2353	2 4611	1	1
1 4357	2 4611	1	1
3 2296	2 4611	1	1
0 1418	2 4612	1	1
3 4497	2 4612	1	1
3 1956	2 4612	1	1
3 2846	2 4612	1	1
3 799	2 4612	1	1
0 2955	2 4612	1	1
2 4452	2 4613	1	1
0 2153	2 4613	1	1
0 36	2 4613	1	1
1 3317	2 4613	1	1
3 4952	2 4613	1	1
3 4504	2 4613	1	1
2 599	2 4614	1	1
0 4833	2 4614	1	1
1 3344	2 4614	1	1
1 4885	2 4614	1	1
0 2372	2 4614	1	1
1 3623	2 4614	1	1
1 3238	2 4615	1	1
1 2617	2 4615	1	1
1 2473	2 4615	1	1
3 2091	2 4615	1	1
0 1261	2 4615	1	1
1 2373	2 4615	1	1
2 1535	2 4616	1	1
2 1832	2 4616	1	1
2 905	2 4616	1	1
0 4956	2 4616	1	1
1 3826	2 4616	1	1
0 2648	2 4616	1	1
0 4268	2 4617	1	1
0 1417	2 4617	1	1
1 3946	2 4617	1	1
3 4916	2 4617	1	1
3 1905	2 4617	1	1
3 4489	2 4617	1	1
2 1395	2 4618	1	1
2 477	2 4618	1	1
1 1707	2 4618	1	1
1 948	2 4618	1	1
3 683	2 4618	1	1
0 4215	2 4618	1	1
2 4283	2 4619	1	1
2 2175	2 4619	1	1
0 4383	2 4619	1	1
1 3119	2 4619	1	1
1 137	2 4619	1	1
1 444	2 4619	1	1
2 3245	2 4620	1	1
2 2193	2 4620	1	1
1 2757	2 4620	1	1
1 1768	2 4620	1	1
3 4057	2 4620	1	1
3 1796	2 4620	1	1
0 3345	2 4621	1	1
1 1146	2 4621	1	1
3 2916	2 4621	1	1
3 317	2 4621	1	1
3 902	2 4621	1	1
3 1072	2 4621	1	1
2 705	2 4622	1	1
2 134	2 4622	1	1
1 683	2 4622	1	1
3 1511	2 4622	1	1
3 630	2 4622	1	1
1 3980	2 4622	1	1
2 3088	2 4623	1	1
2 814	2 4623	1	1
0 94	2 4623	1	1
0 3338	2 4623	1	1
3 1243	2 4623	1	1
3 386	2 4623	1	1
2 2122	2 4624	1	1
2 212	2 4624	1	1
1 2155	2 4624	1	1
1 4416	2 4624	1	1
3 1288	2 4624	1	1
0 3654	2 4624	1	1
2 366	2 4625	1	1
2 2106	2 4625	1	1
2 227	2 4625	1	1
1 3434	2 4625	1	1
3 1548	2 4625	1	1
0 4586	2 4625	1	1
2 1134	2 4626	1	1
1 2600	2 4626	1	1
1 1943	2 4626	1	1
1 4139	2 4626	1	1
1 3809	2 4626	1	1
3 1728	2 4626	1	1
2 3469	2 4627	1	1
2 4816	2 4627	1	1
0 186	2 4627	1	1
3 4341	2 4627	1	1
1 901	2 4627	1	1
1 1380	2 4627	1	1
2 3678	2 4628	1	1
2 4127	2 4628	1	1
0 4085	2 4628	1	1
0 3640	2 4628	1	1
1 4552	2 4628	1	1
3 2667	2 4628	1	1
0 378	2 4629	1	1
1 4144	2 4629	1	1
1 4870	2 4629	1	1
1 3499	2 4629	1	1
3 4499	2 4629	1	1
3 3466	2 4629	1	1
2 4364	2 4630	1	1
2 1652	2 4630	1	1
2 2612	2 4630	1	1
1 4540	2 4630	1	1
3 3750	2 4630	1	1
0 1167	2 4630	1	1
2 1484	2 4631	1	1
0 1240	2 4631	1	1
1 2315	2 4631	1	1
1 1068	2 4631	1	1
3 158	2 4631	1	1
1 1606	2 4631	1	1
2 2942	2 4632	1	1
2 3886	2 4632	1	1
0 1037	2 4632	1	1
1 1860	2 4632	1	1
3 3814	2 4632	1	1
0 3750	2 4632	1	1
2 3730	2 4633	1	1
2 3445	2 4633	1	1
2 1892	2 4633	1	1
2 3955	2 4633	1	1
0 2227	2 4633	1	1
0 1811	2 4633	1	1
1 4806	2 4634	1	1
3 3727	2 4634	1	1
3 467	2 4634	1	1
3 2888	2 4634	1	1
3 2891	2 4634	1	1
0 1873	2 4634	1	1
0 996	2 4635	1	1
1 2773	2 4635	1	1
1 1825	2 4635	1	1
1 2462	2 4635	1	1
3 556	2 4635	1	1
3 388	2 4635	1	1
2 1589	2 4636	1	1
1 3438	2 4636	1	1
1 1956	2 4636	1	1
3 629	2 4636	1	1
3 3677	2 4636	1	1
0 191	2 4636	1	1
2 212	2 4637	1	1
0 4957	2 4637	1	1
1 3847	2 4637	1	1
1 4335	2 4637	1	1
3 4429	2 4637	1	1
3 2509	2 4637	1	1
2 2454	2 4638	1	1
2 2558	2 4638	1	1
2 3134	2 4638	1	1
1 3474	2 4638	1	1
1 4388	2 4638	1	1
3 2146	2 4638	1	1
2 4731	2 4639	1	1
0 2205	2 4639	1	1
0 860	2 4639	1	1
1 3362	2 4639	1	1
3 1115	2 4639	1	1
3 3993	2 4639	1	1
2 3764	2 4640	1	1
2 4396	2 4640	1	1
2 736	2 4640	1	1
0 4704	2 4640	1	1
3 4404	2 4640	1	1
3 4810	2 4640	1	1
0 4213	2 4641	1	1
0 512	2 4641	1	1
1 607	2 4641	1	1
1 6	2 4641	1	1
3 706	2 4641	1	1
3 2667	2 4641	1	1
2 420	2 4642	1	1
2 2488	2 4642	1	1
0 3147	2 4642	1	1
1 2403	2 4642	1	1
3 4368	2 4642	1	1
3 324	2 4642	1	1
2 3164	2 4643	1	1
2 2080	2 4643	1	1
0 4564	2 4643	1	1
0 1196	2 4643	1	1
3 2966	2 4643	1	1
0 2317	2 4643	1	1
2 3871	2 4644	1	1
2 1486	2 4644	1	1
0 3387	2 4644	1	1
0 64	2 4644	1	1
0 2689	2 4644	1	1
3 3949	2 4644	1	1
2 2686	2 4645	1	1
0 3330	2 4645	1	1
1 3551	2 4645	1	1
3 2552	2 4645	1	1
1 3964	2 4645	1	1
0 3036	2 4645	1	1
2 3068	2 4646	1	1
2 2401	2 4646	1	1
3 1219	2 4646	1	1
3 4563	2 4646	1	1
3 649	2 4646	1	1
1 1633	2 4646	1	1
2 4756	2 4647	1	1
2 1568	2 4647	1	1
2 3637	2 4647	1	1
0 3331	2 4647	1	1
0 645	2 4647	1	1
3 1011	2 4647	1	1
2 1126	2 4648	1	1
0 3688	2 4648	1	1
1 4819	2 4648	1	1
1 4578	2 4648	1	1
1 1923	2 4648	1	1
3 2153	2 4648	1	1
2 1535	2 4649	1	1
0 4779	2 4649	1	1
0 1327	2 4649	1	1
1 2139	2 4649	1	1
3 1379	2 4649	1	1
3 1505	2 4649	1	1
2 3076	2 4650	1	1
0 1163	2 4650	1	1
0 3876	2 4650	1	1
1 1958	2 4650	1	1
1 3583	2 4650	1	1
3 1899	2 4650	1	1
0 3891	2 4651	1	1
1 945	2 4651	1	1
3 302	2 4651	1	1
3 4550	2 4651	1	1
3 4554	2 4651	1	1
3 825	2 4651	1	1
2 4801	2 4652	1	1
0 4952	2 4652	1	1
1 1320	2 4652	1	1
3 4946	2 4652	1	1
3 1556	2 4652	1	1
3 3476	2 4652	1	1
2 2481	2 4653	1	1
2 4999	2 4653	1	1
0 1683	2 4653	1	1
3 3655	2 4653	1	1
3 4144	2 4653	1	1
3 3059	2 4653	1	1
2 898	2 4654	1	1
2 3907	2 4654	1	1
0 888	2 4654	1	1
0 510	2 4654	1	1
1 2899	2 4654	1	1
3 3396	2 4654	1	1
2 3908	2 4655	1	1
2 2389	2 4655	1	1
0 2369	2 4655	1	1
0 799	2 4655	1	1
1 4267	2 4655	1	1
3 3929	2 4655	1	1
2 3461	2 4656	1	1
0 1271	2 4656	1	1
1 2125	2 4656	1	1
3 2827	2 4656	1	1
0 702	2 4656	1	1
1 4217	2 4656	1	1
2 4732	2 4657	1	1
0 890	2 4657	1	1
0 4115	2 4657	1	1
1 1206	2 4657	1	1
1 3096	2 4657	1	1
1 528	2 4657	1	1
2 3180	2 4658	1	1
0 503	2 4658	1	1
0 2745	2 4658	1	1
0 3175	2 4658	1	1
1 1857	2 4658	1	1
3 4048	2 4658	1	1
2 1397	2 4659	1	1
2 2591	2 4659	1	1
0 4760	2 4659	1	1
0 2520	2 4659	1	1
1 944	2 4659	1	1
3 3083	2 4659	1	1
0 317	2 4660	1	1
0 4764	2 4660	1	1
0 1206	2 4660	1	1
0 3177	2 4660	1	1
3 2264	2 4660	1	1
1 2143	2 4660	1	1
2 2249	2 4661	1	1
0 2754	2 4661	1	1
1 2369	2 4661	1	1
1 1233	2 4661	1	1
1 2354	2 4661	1	1
3 911	2 4661	1	1
2 2984	2 4662	1	1
0 3031	2 4662	1	1
0 2412	2 4662	1	1
0 985	2 4662	1	1
3 2998	2 4662	1	1
3 376	2 4662	1	1
0 2104	2 4663	1	1
0 4137	2 4663	1	1
1 4312	2 4663	1	1
1 4335	2 4663	1	1
3 3550	2 4663	1	1
1 2830	2 4663	1	1
2 4512	2 4664	1	1
2 2341	2 4664	1	1
0 2203	2 4664	1	1
0 778	2 4664	1	1
3 254	2 4664	1	1
3 4651	2 4664	1	1
2 135	2 4665	1	1
2 2599	2 4665	1	1
2 4850	2 4665	1	1
2 1085	2 4665	1	1
1 4263	2 4665	1	1
3 3995	2 4665	1	1
2 4908	2 4666	1	1
0 4973	2 4666	1	1
0 1355	2 4666	1	1
1 3855	2 4666	1	1
1 1297	2 4666	1	1
1 895	2 4666	1	1
2 1080	2 4667	1	1
0 2891	2 4667	1	1
0 608	2 4667	1	1
1 1886	2 4667	1	1
1 2588	2 4667	1	1
0 1586	2 4667	1	1
2 2890	2 4668	1	1
0 2951	2 4668	1	1
0 589	2 4668	1	1
1 2322	2 4668	1	1
3 4134	2 4668	1	1
0 3586	2 4668	1	1
2 3159	2 4669	1	1
2 4535	2 4669	1	1
0 3394	2 4669	1	1
0 3491	2 4669	1	1
1 272	2 4669	1	1
3 1805	2 4669	1	1
2 3234	2 4670	1	1
0 3150	2 4670	1	1
0 1104	2 4670	1	1
1 186	2 4670	1	1
3 2069	2 4670	1	1
3 2813	2 4670	1	1
2 3842	2 4671	1	1
1 2269	2 4671	1	1
1 35	2 4671	1	1
3 2454	2 4671	1	1
0 681	2 4671	1	1
1 88	2 4671	1	1
2 1514	2 4672	1	1
0 4811	2 4672	1	1
3 1914	2 4672	1	1
3 4988	2 4672	1	1
3 3263	2 4672	1	1
3 3242	2 4672	1	1
2 1297	2 4673	1	1
2 1204	2 4673	1	1
0 62	2 4673	1	1
1 693	2 4673	1	1
1 3757	2 4673	1	1
1 343	2 4673	1	1
0 1638	2 4674	1	1
0 3364	2 4674	1	1
3 4099	2 4674	1	1
3 2713	2 4674	1	1
3 723	2 4674	1	1
3 1737	2 4674	1	1
0 958	2 4675	1	1
1 2479	2 4675	1	1
1 2104	2 4675	1	1
3 5000	2 4675	1	1
1 1898	2 4675	1	1
0 3852	2 4675	1	1
2 2472	2 4676	1	1
2 2466	2 4676	1	1
1 4361	2 4676	1	1
3 4525	2 4676	1	1
1 2736	2 4676	1	1
1 102	2 4676	1	1
2 4995	2 4677	1	1
2 2657	2 4677	1	1
1 2011	2 4677	1	1
1 3081	2 4677	1	1
3 1622	2 4677	1	1
3 3773	2 4677	1	1
0 1086	2 4678	1	1
1 2205	2 4678	1	1
3 1588	2 4678	1	1
3 4669	2 4678	1	1
3 778	2 4678	1	1
3 3790	2 4678	1	1
0 2818	2 4679	1	1
0 2394	2 4679	1	1
1 965	2 4679	1	1
3 307	2 4679	1	1
3 1143	2 4679	1	1
0 2127	2 4679	1	1
2 4933	2 4680	1	1
0 3446	2 4680	1	1
1 4031	2 4680	1	1
1 1188	2 4680	1	1
1 3291	2 4680	1	1
1 1152	2 4680	1	1
2 1222	2 4681	1	1
0 1528	2 4681	1	1
1 4382	2 4681	1	1
1 1330	2 4681	1	1
1 2494	2 4681	1	1
3 4705	2 4681	1	1
2 2060	2 4682	1	1
2 1670	2 4682	1	1
0 3295	2 4682	1	1
1 3439	2 4682	1	1
3 219	2 4682	1	1
0 1651	2 4682	1	1
2 401	2 4683	1	1
2 4839	2 4683	1	1
0 2018	2 4683	1	1
3 976	2 4683	1	1
3 139	2 4683	1	1
3 2829	2 4683	1	1
2 4364	2 4684	1	1
2 323	2 4684	1	1
2 3770	2 4684	1	1
0 4369	2 4684	1	1
3 14	2 4684	1	1
3 2108	2 4684	1	1
2 4022	2 4685	1	1
2 135	2 4685	1	1
0 924	2 4685	1	1
0 4153	2 4685	1	1
1 4405	2 4685	1	1
0 1461	2 4685	1	1
2 2494	2 4686	1	1
0 3028	2 4686	1	1
1 913	2 4686	1	1
1 4970	2 4686	1	1
1 4005	2 4686	1	1
3 280	2 4686	1	1
2 2531	2 4687	1	1
2 4444	2 4687	1	1
2 3540	2 4687	1	1
0 355	2 4687	1	1
0 3478	2 4687	1	1
1 4334	2 4687	1	1
2 3699	2 4688	1	1
2 3557	2 4688	1	1
2 3741	2 4688	1	1
0 2912	2 4688	1	1
3 3234	2 4688	1	1
3 2323	2 4688	1	1
2 1624	2 4689	1	1
2 1759	2 4689	1	1
0 592	2 4689	1	1
1 1289	2 4689	1	1
1 2118	2 4689	1	1
3 2593	2 4689	1	1
2 421	2 4690	1	1
2 914	2 4690	1	1
2 2560	2 4690	1	1
2 617	2 4690	1	1
2 819	2 4690	1	1
2 3814	2 4690	1	1
2 4672	2 4691	1	1
2 2728	2 4691	1	1
1 4624	2 4691	1	1
1 4664	2 4691	1	1
3 603	2 4691	1	1
3 4432	2 4691	1	1
2 316	2 4692	1	1
2 3482	2 4692	1	1
2 2535	2 4692	1	1
0 2416	2 4692	1	1
1 1077	2 4692	1	1
3 2913	2 4692	1	1
2 3658	2 4693	1	1
3 4220	2 4693	1	1
3 2447	2 4693	1	1
3 907	2 4693	1	1
1 1007	2 4693	1	1
1 2166	2 4693	1	1
2 2829	2 4694	1	1
0 3611	2 4694	1	1
0 2525	2 4694	1	1
0 1452	2 4694	1	1
3 4379	2 4694	1	1
3 1086	2 4694	1	1
2 1401	2 4695	1	1
2 4288	2 4695	1	1
0 4823	2 4695	1	1
0 3231	2 4695	1	1
1 29	2 4695	1	1
1 666	2 4695	1	1
0 1585	2 4696	1	1
0 1122	2 4696	1	1
0 292	2 4696	1	1
0 715	2 4696	1	1
1 653	2 4696	1	1
3 3663	2 4696	1	1
2 4699	2 4697	1	1
2 3735	2 4697	1	1
0 4122	2 4697	1	1
1 1031	2 4697	1	1
1 928	2 4697	1	1
0 3872	2 4697	1	1
2 2668	2 4698	1	1
2 1084	2 4698	1	1
0 3441	2 4698	1	1
1 175	2 4698	1	1
3 2777	2 4698	1	1
3 3208	2 4698	1	1
2 3336	2 4699	1	1
2 744	2 4699	1	1
2 2104	2 4699	1	1
0 3603	2 4699	1	1
1 4277	2 4699	1	1
3 293	2 4699	1	1
2 4167	2 4700	1	1
2 2565	2 4700	1	1
1 4732	2 4700	1	1
3 128	2 4700	1	1
3 1583	2 4700	1	1
0 3943	2 4700	1	1
2 139	2 4701	1	1
2 4902	2 4701	1	1
0 3917	2 4701	1	1
3 4295	2 4701	1	1
1 4281	2 4701	1	1
1 13	2 4701	1	1
2 818	2 4702	1	1
2 2388	2 4702	1	1
1 2401	2 4702	1	1
1 2995	2 4702	1	1
3 4080	2 4702	1	1
3 4893	2 4702	1	1
2 2689	2 4703	1	1
2 2731	2 4703	1	1
0 1859	2 4703	1	1
1 4059	2 4703	1	1
1 4993	2 4703	1	1
3 2865	2 4703	1	1
2 4826	2 4704	1	1
0 1036	2 4704	1	1
1 4430	2 4704	1	1
1 4226	2 4704	1	1
1 3212	2 4704	1	1
1 2904	2 4704	1	1
0 350	2 4705	1	1
0 4705	2 4705	1	1
1 818	2 4705	1	1
3 4364	2 4705	1	1
3 1007	2 4705	1	1
1 1367	2 4705	1	1
2 1575	2 4706	1	1
2 2917	2 4706	1	1
2 450	2 4706	1	1
0 836	2 4706	1	1
1 3442	2 4706	1	1
1 3465	2 4706	1	1
2 2084	2 4707	1	1
2 766	2 4707	1	1
0 4620	2 4707	1	1
0 2992	2 4707	1	1
3 3574	2 4707	1	1
0 3342	2 4707	1	1
2 3049	2 4708	1	1
0 4348	2 4708	1	1
1 22	2 4708	1	1
1 1779	2 4708	1	1
3 1076	2 4708	1	1
3 3387	2 4708	1	1
2 1355	2 4709	1	1
0 2059	2 4709	1	1
0 3821	2 4709	1	1
0 558	2 4709	1	1
0 1333	2 4709	1	1
3 1634	2 4709	1	1
2 1668	2 4710	1	1
3 1716	2 4710	1	1
3 3897	2 4710	1	1
3 3063	2 4710	1	1
3 3369	2 4710	1	1
0 4009	2 4710	1	1
2 3913	2 4711	1	1
2 1883	2 4711	1	1
2 4068	2 4711	1	1
0 2878	2 4711	1	1
1 3222	2 4711	1	1
1 1353	2 4711	1	1
2 495	2 4712	1	1
2 2322	2 4712	1	1
1 3633	2 4712	1	1
1 3676	2 4712	1	1
1 2233	2 4712	1	1
1 3968	2 4712	1	1
2 490	2 4713	1	1
0 743	2 4713	1	1
1 3713	2 4713	1	1
3 220	2 4713	1	1
3 73	2 4713	1	1
3 2859	2 4713	1	1
2 859	2 4714	1	1
2 4129	2 4714	1	1
0 2199	2 4714	1	1
1 3999	2 4714	1	1
3 653	2 4714	1	1
0 2338	2 4714	1	1
0 2685	2 4715	1	1
1 348	2 4715	1	1
1 1704	2 4715	1	1
1 4312	2 4715	1	1
3 1026	2 4715	1	1
3 1069	2 4715	1	1
2 3883	2 4716	1	1
0 2329	2 4716	1	1
1 3027	2 4716	1	1
1 3201	2 4716	1	1
1 1861	2 4716	1	1
0 4370	2 4716	1	1
2 4215	2 4717	1	1
2 1719	2 4717	1	1
2 2816	2 4717	1	1
2 4189	2 4717	1	1
3 2228	2 4717	1	1
0 1715	2 4717	1	1
0 4616	2 4718	1	1
0 3779	2 4718	1	1
0 2180	2 4718	1	1
1 1758	2 4718	1	1
3 2382	2 4718	1	1
0 1359	2 4718	1	1
2 43	2 4719	1	1
2 228	2 4719	1	1
0 2821	2 4719	1	1
0 1868	2 4719	1	1
1 3218	2 4719	1	1
3 4049	2 4719	1	1
2 4361	2 4720	1	1
2 3177	2 4720	1	1
2 4083	2 4720	1	1
2 839	2 4720	1	1
0 4325	2 4720	1	1
3 3468	2 4720	1	1
2 1484	2 4721	1	1
0 1349	2 4721	1	1
0 4926	2 4721	1	1
1 795	2 4721	1	1
1 1104	2 4721	1	1
3 4829	2 4721	1	1
2 861	2 4722	1	1
2 3176	2 4722	1	1
0 1414	2 4722	1	1
0 640	2 4722	1	1
0 2590	2 4722	1	1
1 2872	2 4722	1	1
2 2308	2 4723	1	1
0 1444	2 4723	1	1
1 4629	2 4723	1	1
3 3425	2 4723	1	1
3 662	2 4723	1	1
0 893	2 4723	1	1
2 1675	2 4724	1	1
2 4101	2 4724	1	1
0 3283	2 4724	1	1
0 1539	2 4724	1	1
0 4285	2 4724	1	1
3 275	2 4724	1	1
2 3899	2 4725	1	1
0 2526	2 4725	1	1
0 3119	2 4725	1	1
0 4712	2 4725	1	1
3 1716	2 4725	1	1
0 4015	2 4725	1	1
2 325	2 4726	1	1
0 2021	2 4726	1	1
0 2612	2 4726	1	1
1 4434	2 4726	1	1
3 662	2 4726	1	1
3 610	2 4726	1	1
2 3568	2 4727	1	1
0 4205	2 4727	1	1
1 4689	2 4727	1	1
1 2818	2 4727	1	1
1 320	2 4727	1	1
3 922	2 4727	1	1
0 3956	2 4728	1	1
0 3598	2 4728	1	1
0 2939	2 4728	1	1
1 2478	2 4728	1	1
3 4153	2 4728	1	1
0 1030	2 4728	1	1
2 1187	2 4729	1	1
2 2219	2 4729	1	1
2 4870	2 4729	1	1
2 1747	2 4729	1	1
3 4890	2 4729	1	1
1 4382	2 4729	1	1
2 2510	2 4730	1	1
0 4328	2 4730	1	1
3 4113	2 4730	1	1
0 2206	2 4730	1	1
1 1479	2 4730	1	1
3 4278	2 4730	1	1
2 1816	2 4731	1	1
2 2583	2 4731	1	1
0 4312	2 4731	1	1
0 4120	2 4731	1	1
3 3619	2 4731	1	1
1 977	2 4731	1	1
2 1986	2 4732	1	1
2 4715	2 4732	1	1
2 3342	2 4732	1	1
0 3217	2 4732	1	1
0 941	2 4732	1	1
1 4377	2 4732	1	1
2 1158	2 4733	1	1
2 2932	2 4733	1	1
1 4718	2 4733	1	1
1 3300	2 4733	1	1
3 2316	2 4733	1	1
3 4128	2 4733	1	1
2 3367	2 4734	1	1
0 3452	2 4734	1	1
1 259	2 4734	1	1
3 2741	2 4734	1	1
3 619	2 4734	1	1
1 131	2 4734	1	1
2 3202	2 4735	1	1
0 2341	2 4735	1	1
1 360	2 4735	1	1
1 4993	2 4735	1	1
1 1820	2 4735	1	1
3 3456	2 4735	1	1
1 2245	2 4736	1	1
1 536	2 4736	1	1
3 180	2 4736	1	1
3 3798	2 4736	1	1
3 4840	2 4736	1	1
3 3264	2 4736	1	1
2 2526	2 4737	1	1
3 2843	2 4737	1	1
3 2234	2 4737	1	1
3 4471	2 4737	1	1
3 882	2 4737	1	1
3 992	2 4737	1	1
0 813	2 4738	1	1
0 4961	2 4738	1	1
3 1844	2 4738	1	1
3 3293	2 4738	1	1
3 4218	2 4738	1	1
0 1340	2 4738	1	1
0 4279	2 4739	1	1
0 1505	2 4739	1	1
1 947	2 4739	1	1
1 142	2 4739	1	1
3 3011	2 4739	1	1
3 3810	2 4739	1	1
0 1408	2 4740	1	1
1 4245	2 4740	1	1
3 4660	2 4740	1	1
3 4707	2 4740	1	1
3 322	2 4740	1	1
1 4261	2 4740	1	1
2 4649	2 4741	1	1
2 3533	2 4741	1	1
1 3144	2 4741	1	1
3 4506	2 4741	1	1
3 3098	2 4741	1	1
1 4739	2 4741	1	1
0 266	2 4742	1	1
0 2700	2 4742	1	1
1 4937	2 4742	1	1
3 3500	2 4742	1	1
3 4036	2 4742	1	1
3 4569	2 4742	1	1
2 2072	2 4743	1	1
2 1318	2 4743	1	1
1 3412	2 4743	1	1
1 1636	2 4743	1	1
1 844	2 4743	1	1
1 2260	2 4743	1	1
2 1135	2 4744	1	1
0 1105	2 4744	1	1
1 2090	2 4744	1	1
1 1937	2 4744	1	1
3 2801	2 4744	1	1
1 4282	2 4744	1	1
2 492	2 4745	1	1
0 1364	2 4745	1	1
1 2429	2 4745	1	1
1 2038	2 4745	1	1
1 4829	2 4745	1	1
3 4106	2 4745	1	1
2 788	2 4746	1	1
1 3303	2 4746	1	1
1 2212	2 4746	1	1
3 591	2 4746	1	1
3 4712	2 4746	1	1
0 1646	2 4746	1	1
2 42	2 4747	1	1
2 3357	2 4747	1	1
0 1957	2 4747	1	1
0 764	2 4747	1	1
0 1095	2 4747	1	1
1 1665	2 4747	1	1
2 1451	2 4748	1	1
0 1440	2 4748	1	1
1 1726	2 4748	1	1
1 4000	2 4748	1	1
3 4430	2 4748	1	1
0 3221	2 4748	1	1
2 3046	2 4749	1	1
2 2046	2 4749	1	1
0 441	2 4749	1	1
1 3094	2 4749	1	1
1 3825	2 4749	1	1
0 1618	2 4749	1	1
0 2158	2 4750	1	1
0 2232	2 4750	1	1
0 1341	2 4750	1	1
1 462	2 4750	1	1
3 3747	2 4750	1	1
1 2166	2 4750	1	1
0 4093	2 4751	1	1
0 4664	2 4751	1	1
1 622	2 4751	1	1
3 2956	2 4751	1	1
3 4223	2 4751	1	1
3 3597	2 4751	1	1
0 2887	2 4752	1	1
3 3165	2 4752	1	1
3 3605	2 4752	1	1
3 193	2 4752	1	1
1 2732	2 4752	1	1
3 3640	2 4752	1	1
2 4951	2 4753	1	1
2 4365	2 4753	1	1
0 137	2 4753	1	1
0 433	2 4753	1	1
1 4313	2 4753	1	1
3 4541	2 4753	1	1
2 3533	2 4754	1	1
2 2958	2 4754	1	1
3 270	2 4754	1	1
3 2236	2 4754	1	1
3 2359	2 4754	1	1
0 3177	2 4754	1	1
2 2665	2 4755	1	1
1 3689	2 4755	1	1
3 4914	2 4755	1	1
3 4185	2 4755	1	1
3 1099	2 4755	1	1
1 3920	2 4755	1	1
2 4666	2 4756	1	1
0 1599	2 4756	1	1
1 3901	2 4756	1	1
3 3196	2 4756	1	1
3 3034	2 4756	1	1
3 343	2 4756	1	1
2 4953	2 4757	1	1
2 28	2 4757	1	1
2 2048	2 4757	1	1
0 3612	2 4757	1	1
1 1178	2 4757	1	1
3 748	2 4757	1	1
2 496	2 4758	1	1
2 4014	2 4758	1	1
0 4368	2 4758	1	1
0 4089	2 4758	1	1
3 438	2 4758	1	1
1 4372	2 4758	1	1
2 514	2 4759	1	1
2 3868	2 4759	1	1
0 4798	2 4759	1	1
0 1070	2 4759	1	1
1 3211	2 4759	1	1
3 2586	2 4759	1	1
2 4543	2 4760	1	1
0 1425	2 4760	1	1
1 2005	2 4760	1	1
3 604	2 4760	1	1
3 2435	2 4760	1	1
3 1123	2 4760	1	1
0 3683	2 4761	1	1
0 3456	2 4761	1	1
1 1509	2 4761	1	1
3 1509	2 4761	1	1
3 920	2 4761	1	1
3 4094	2 4761	1	1
2 2395	2 4762	1	1
2 965	2 4762	1	1
2 2320	2 4762	1	1
1 17	2 4762	1	1
1 1997	2 4762	1	1
3 859	2 4762	1	1
2 2229	2 4763	1	1
2 334	2 4763	1	1
0 1907	2 4763	1	1
0 886	2 4763	1	1
3 3380	2 4763	1	1
3 4685	2 4763	1	1
2 3810	2 4764	1	1
2 4681	2 4764	1	1
2 2140	2 4764	1	1
0 2075	2 4764	1	1
1 604	2 4764	1	1
0 2132	2 4764	1	1
0 545	2 4765	1	1
0 607	2 4765	1	1
0 1292	2 4765	1	1
1 1878	2 4765	1	1
0 4234	2 4765	1	1
3 1244	2 4765	1	1
0 4248	2 4766	1	1
1 2539	2 4766	1	1
1 78	2 4766	1	1
0 4266	2 4766	1	1
1 2144	2 4766	1	1
3 3013	2 4766	1	1
0 3406	2 4767	1	1
0 2181	2 4767	1	1
1 132	2 4767	1	1
1 2113	2 4767	1	1
3 2315	2 4767	1	1
3 2715	2 4767	1	1
2 198	2 4768	1	1
2 1632	2 4768	1	1
0 2091	2 4768	1	1
0 4646	2 4768	1	1
1 2621	2 4768	1	1
3 1633	2 4768	1	1
0 1338	2 4769	1	1
3 4948	2 4769	1	1
3 2935	2 4769	1	1
3 4782	2 4769	1	1
3 3522	2 4769	1	1
3 1525	2 4769	1	1
2 3470	2 4770	1	1
2 3036	2 4770	1	1
2 552	2 4770	1	1
0 1097	2 4770	1	1
1 1123	2 4770	1	1
0 2233	2 4770	1	1
2 90	2 4771	1	1
2 3362	2 4771	1	1
0 1250	2 4771	1	1
0 2892	2 4771	1	1
3 2012	2 4771	1	1
3 4437	2 4771	1	1
2 327	2 4772	1	1
2 934	2 4772	1	1
0 3380	2 4772	1	1
0 2642	2 4772	1	1
3 3258	2 4772	1	1
1 2074	2 4772	1	1
0 2415	2 4773	1	1
1 4621	2 4773	1	1
1 4849	2 4773	1	1
3 1498	2 4773	1	1
0 3292	2 4773	1	1
3 2325	2 4773	1	1
2 830	2 4774	1	1
0 2406	2 4774	1	1
0 512	2 4774	1	1
0 1314	2 4774	1	1
1 2472	2 4774	1	1
3 2518	2 4774	1	1
2 279	2 4775	1	1
0 3504	2 4775	1	1
0 3428	2 4775	1	1
0 255	2 4775	1	1
1 1245	2 4775	1	1
3 1004	2 4775	1	1
0 4192	2 4776	1	1
1 3729	2 4776	1	1
1 3753	2 4776	1	1
3 1623	2 4776	1	1
0 732	2 4776	1	1
0 2751	2 4776	1	1
2 2511	2 4777	1	1
0 1706	2 4777	1	1
0 2798	2 4777	1	1
1 3964	2 4777	1	1
1 3828	2 4777	1	1
3 2798	2 4777	1	1
2 3736	2 4778	1	1
2 749	2 4778	1	1
0 37	2 4778	1	1
0 2740	2 4778	1	1
1 3701	2 4778	1	1
3 792	2 4778	1	1
2 4653	2 4779	1	1
2 526	2 4779	1	1
0 2493	2 4779	1	1
1 3611	2 4779	1	1
1 1472	2 4779	1	1
3 3267	2 4779	1	1
2 3479	2 4780	1	1
2 105	2 4780	1	1
0 3744	2 4780	1	1
0 4752	2 4780	1	1
0 219	2 4780	1	1
3 594	2 4780	1	1
2 1440	2 4781	1	1
2 4584	2 4781	1	1
2 3265	2 4781	1	1
0 3254	2 4781	1	1
0 2524	2 4781	1	1
3 439	2 4781	1	1
2 3359	2 4782	1	1
2 2389	2 4782	1	1
0 2438	2 4782	1	1
1 4106	2 4782	1	1
1 3803	2 4782	1	1
3 3318	2 4782	1	1
2 3096	2 4783	1	1
2 4504	2 4783	1	1
2 2728	2 4783	1	1
1 4697	2 4783	1	1
1 4030	2 4783	1	1
3 4420	2 4783	1	1
2 3293	2 4784	1	1
0 2638	2 4784	1	1
0 738	2 4784	1	1
1 1614	2 4784	1	1
1 180	2 4784	1	1
3 2785	2 4784	1	1
2 980	2 4785	1	1
0 1502	2 4785	1	1
0 134	2 4785	1	1
3 1087	2 4785	1	1
3 3772	2 4785	1	1
1 2005	2 4785	1	1
2 290	2 4786	1	1
2 3533	2 4786	1	1
2 49	2 4786	1	1
0 2203	2 4786	1	1
1 458	2 4786	1	1
0 3284	2 4786	1	1
2 2558	2 4787	1	1
2 3855	2 4787	1	1
0 1786	2 4787	1	1
3 4439	2 4787	1	1
3 1903	2 4787	1	1
0 2654	2 4787	1	1
2 197	2 4788	1	1
0 2575	2 4788	1	1
1 3405	2 4788	1	1
1 740	2 4788	1	1
3 4424	2 4788	1	1
3 3859	2 4788	1	1
0 221	2 4789	1	1
0 3736	2 4789	1	1
1 4638	2 4789	1	1
3 2209	2 4789	1	1
3 3473	2 4789	1	1
3 231	2 4789	1	1
2 3644	2 4790	1	1
2 88	2 4790	1	1
2 3406	2 4790	1	1
0 1595	2 4790	1	1
3 2570	2 4790	1	1
3 4271	2 4790	1	1
2 169	2 4791	1	1
0 3690	2 4791	1	1
0 3320	2 4791	1	1
1 3545	2 4791	1	1
3 4731	2 4791	1	1
3 2464	2 4791	1	1
2 347	2 4792	1	1
0 4155	2 4792	1	1
0 294	2 4792	1	1
1 4649	2 4792	1	1
3 17	2 4792	1	1
3 2227	2 4792	1	1
2 3543	2 4793	1	1
2 3165	2 4793	1	1
0 3590	2 4793	1	1
0 1609	2 4793	1	1
3 3268	2 4793	1	1
3 2116	2 4793	1	1
2 1854	2 4794	1	1
2 2874	2 4794	1	1
0 4331	2 4794	1	1
0 225	2 4794	1	1
0 197	2 4794	1	1
3 2255	2 4794	1	1
2 1045	2 4795	1	1
2 3520	2 4795	1	1
2 997	2 4795	1	1
0 3896	2 4795	1	1
1 3250	2 4795	1	1
3 3589	2 4795	1	1
2 4398	2 4796	1	1
2 3303	2 4796	1	1
1 1333	2 4796	1	1
1 3021	2 4796	1	1
1 643	2 4796	1	1
0 3368	2 4796	1	1
2 1274	2 4797	1	1
0 4108	2 4797	1	1
1 1964	2 4797	1	1
1 901	2 4797	1	1
3 1212	2 4797	1	1
3 904	2 4797	1	1
2 912	2 4798	1	1
2 2407	2 4798	1	1
1 3478	2 4798	1	1
3 3501	2 4798	1	1
3 4438	2 4798	1	1
3 1936	2 4798	1	1
2 4123	2 4799	1	1
0 4879	2 4799	1	1
1 2577	2 4799	1	1
1 1958	2 4799	1	1
1 3083	2 4799	1	1
1 783	2 4799	1	1
2 4395	2 4800	1	1
0 4543	2 4800	1	1
1 2584	2 4800	1	1
1 3203	2 4800	1	1
1 3578	2 4800	1	1
3 1456	2 4800	1	1
2 2680	2 4801	1	1
0 99	2 4801	1	1
3 4446	2 4801	1	1
3 1324	2 4801	1	1
3 1348	2 4801	1	1
3 3688	2 4801	1	1
2 739	2 4802	1	1
2 4945	2 4802	1	1
0 4947	2 4802	1	1
0 2710	2 4802	1	1
3 4135	2 4802	1	1
3 4029	2 4802	1	1
2 4996	2 4803	1	1
0 2655	2 4803	1	1
1 1931	2 4803	1	1
1 2345	2 4803	1	1
3 4775	2 4803	1	1
1 2411	2 4803	1	1
2 1213	2 4804	1	1
2 1810	2 4804	1	1
2 825	2 4804	1	1
2 2663	2 4804	1	1
2 630	2 4804	1	1
3 4584	2 4804	1	1
2 3001	2 4805	1	1
2 1042	2 4805	1	1
1 4460	2 4805	1	1
3 683	2 4805	1	1
3 275	2 4805	1	1
3 2033	2 4805	1	1
1 2760	2 4806	1	1
1 102	2 4806	1	1
3 1212	2 4806	1	1
3 168	2 4806	1	1
3 4465	2 4806	1	1
3 4955	2 4806	1	1
2 2920	2 4807	1	1
2 1273	2 4807	1	1
1 1801	2 4807	1	1
1 832	2 4807	1	1
1 4641	2 4807	1	1
0 455	2 4807	1	1
0 1658	2 4808	1	1
0 4172	2 4808	1	1
1 2025	2 4808	1	1
3 3854	2 4808	1	1
3 1615	2 4808	1	1
3 1539	2 4808	1	1
2 4845	2 4809	1	1
1 1787	2 4809	1	1
3 845	2 4809	1	1
3 1388	2 4809	1	1
3 3537	2 4809	1	1
0 3987	2 4809	1	1
0 38	2 4810	1	1
0 1622	2 4810	1	1
0 408	2 4810	1	1
1 3038	2 4810	1	1
3 1199	2 4810	1	1
3 4765	2 4810	1	1
2 4220	2 4811	1	1
0 3521	2 4811	1	1
1 4510	2 4811	1	1
3 3393	2 4811	1	1
1 2689	2 4811	1	1
3 4861	2 4811	1	1
2 4045	2 4812	1	1
0 1300	2 4812	1	1
0 4043	2 4812	1	1
1 1248	2 4812	1	1
3 3129	2 4812	1	1
3 2207	2 4812	1	1
2 313	2 4813	1	1
2 380	2 4813	1	1
2 4326	2 4813	1	1
0 919	2 4813	1	1
0 2065	2 4813	1	1
0 1085	2 4813	1	1
2 3299	2 4814	1	1
2 2281	2 4814	1	1
0 4407	2 4814	1	1
1 1284	2 4814	1	1
1 4365	2 4814	1	1
0 2979	2 4814	1	1
2 2879	2 4815	1	1
2 975	2 4815	1	1
0 4761	2 4815	1	1
0 4774	2 4815	1	1
1 4826	2 4815	1	1
3 459	2 4815	1	1
2 1241	2 4816	1	1
2 3313	2 4816	1	1
2 3996	2 4816	1	1
0 4762	2 4816	1	1
1 226	2 4816	1	1
3 1386	2 4816	1	1
2 2692	2 4817	1	1
2 1714	2 4817	1	1
2 3469	2 4817	1	1
0 1266	2 4817	1	1
0 4805	2 4817	1	1
0 3004	2 4817	1	1
2 3519	2 4818	1	1
2 2295	2 4818	1	1
0 610	2 4818	1	1
0 4632	2 4818	1	1
1 4288	2 4818	1	1
1 3197	2 4818	1	1
2 4977	2 4819	1	1
0 1053	2 4819	1	1
0 842	2 4819	1	1
1 1131	2 4819	1	1
1 4562	2 4819	1	1
3 3314	2 4819	1	1
2 854	2 4820	1	1
0 4868	2 4820	1	1
0 1975	2 4820	1	1
1 2388	2 4820	1	1
3 2975	2 4820	1	1
3 2836	2 4820	1	1
2 4549	2 4821	1	1
2 1978	2 4821	1	1
1 2794	2 4821	1	1
1 4808	2 4821	1	1
3 278	2 4821	1	1
0 2001	2 4821	1	1
2 337	2 4822	1	1
2 2632	2 4822	1	1
2 4934	2 4822	1	1
1 2836	2 4822	1	1
3 4154	2 4822	1	1
3 3724	2 4822	1	1
2 4804	2 4823	1	1
2 3072	2 4823	1	1
1 4946	2 4823	1	1
1 169	2 4823	1	1
3 4539	2 4823	1	1
3 4565	2 4823	1	1
2 2511	2 4824	1	1
1 2543	2 4824	1	1
3 4280	2 4824	1	1
3 3517	2 4824	1	1
3 3442	2 4824	1	1
3 3896	2 4824	1	1
2 75	2 4825	1	1
2 2749	2 4825	1	1
0 3651	2 4825	1	1
1 3832	2 4825	1	1
1 2162	2 4825	1	1
1 2264	2 4825	1	1
2 3906	2 4826	1	1
1 203	2 4826	1	1
1 2352	2 4826	1	1
1 4334	2 4826	1	1
3 656	2 4826	1	1
3 2002	2 4826	1	1
2 2683	2 4827	1	1
2 3214	2 4827	1	1
0 3210	2 4827	1	1
3 1620	2 4827	1	1
3 4023	2 4827	1	1
3 1072	2 4827	1	1
2 2494	2 4828	1	1
2 1972	2 4828	1	1
0 607	2 4828	1	1
0 446	2 4828	1	1
1 3387	2 4828	1	1
1 3452	2 4828	1	1
2 4702	2 4829	1	1
2 3408	2 4829	1	1
2 761	2 4829	1	1
0 550	2 4829	1	1
1 3538	2 4829	1	1
0 3509	2 4829	1	1
2 1006	2 4830	1	1
2 3815	2 4830	1	1
0 1705	2 4830	1	1
3 4781	2 4830	1	1
3 4933	2 4830	1	1
1 2085	2 4830	1	1
2 3217	2 4831	1	1
1 542	2 4831	1	1
1 1207	2 4831	1	1
3 1927	2 4831	1	1
3 3509	2 4831	1	1
3 3207	2 4831	1	1
2 487	2 4832	1	1
2 2455	2 4832	1	1
2 4867	2 4832	1	1
0 1114	2 4832	1	1
3 3766	2 4832	1	1
1 1160	2 4832	1	1
2 4	2 4833	1	1
2 1077	2 4833	1	1
2 3819	2 4833	1	1
2 216	2 4833	1	1
0 1663	2 4833	1	1
3 4929	2 4833	1	1
2 4177	2 4834	1	1
0 4857	2 4834	1	1
1 1696	2 4834	1	1
3 820	2 4834	1	1
3 560	2 4834	1	1
0 4838	2 4834	1	1
2 4624	2 4835	1	1
1 3778	2 4835	1	1
1 146	2 4835	1	1
3 2170	2 4835	1	1
3 2092	2 4835	1	1
1 1136	2 4835	1	1
2 1305	2 4836	1	1
0 616	2 4836	1	1
0 2592	2 4836	1	1
3 2740	2 4836	1	1
1 4823	2 4836	1	1
3 2749	2 4836	1	1
2 1104	2 4837	1	1
2 2843	2 4837	1	1
0 567	2 4837	1	1
1 549	2 4837	1	1
3 2202	2 4837	1	1
1 3334	2 4837	1	1
2 4002	2 4838	1	1
0 3207	2 4838	1	1
3 3966	2 4838	1	1
3 4378	2 4838	1	1
3 3250	2 4838	1	1
3 241	2 4838	1	1
2 3615	2 4839	1	1
2 3471	2 4839	1	1
2 2879	2 4839	1	1
1 3215	2 4839	1	1
3 2281	2 4839	1	1
1 1343	2 4839	1	1
2 3022	2 4840	1	1
2 1250	2 4840	1	1
2 3962	2 4840	1	1
2 4858	2 4840	1	1
2 853	2 4840	1	1
3 436	2 4840	1	1
2 1481	2 4841	1	1
2 3681	2 4841	1	1
0 2068	2 4841	1	1
1 1288	2 4841	1	1
3 2840	2 4841	1	1
3 961	2 4841	1	1
0 4654	2 4842	1	1
0 3952	2 4842	1	1
3 1830	2 4842	1	1
3 2963	2 4842	1	1
3 2592	2 4842	1	1
3 2361	2 4842	1	1
2 2030	2 4843	1	1
2 2696	2 4843	1	1
2 2051	2 4843	1	1
0 3112	2 4843	1	1
1 359	2 4843	1	1
3 654	2 4843	1	1
2 1970	2 4844	1	1
2 3394	2 4844	1	1
0 1643	2 4844	1	1
0 3258	2 4844	1	1
0 3415	2 4844	1	1
1 3447	2 4844	1	1
2 4847	2 4845	1	1
2 817	2 4845	1	1
2 1300	2 4845	1	1
0 3845	2 4845	1	1
0 4301	2 4845	1	1
1 4078	2 4845	1	1
2 2783	2 4846	1	1
2 4310	2 4846	1	1
0 2773	2 4846	1	1
0 1921	2 4846	1	1
1 3217	2 4846	1	1
3 2063	2 4846	1	1
2 2339	2 4847	1	1
2 1981	2 4847	1	1
0 775	2 4847	1	1
0 1054	2 4847	1	1
0 395	2 4847	1	1
3 3535	2 4847	1	1
2 475	2 4848	1	1
0 3185	2 4848	1	1
1 4544	2 4848	1	1
3 4504	2 4848	1	1
1 2597	2 4848	1	1
1 2347	2 4848	1	1
2 2713	2 4849	1	1
0 4533	2 4849	1	1
0 3049	2 4849	1	1
3 3261	2 4849	1	1
1 88	2 4849	1	1
3 712	2 4849	1	1
2 3154	2 4850	1	1
2 3033	2 4850	1	1
2 4271	2 4850	1	1
0 2386	2 4850	1	1
3 959	2 4850	1	1
3 736	2 4850	1	1
2 3646	2 4851	1	1
2 3318	2 4851	1	1
1 4106	2 4851	1	1
1 3898	2 4851	1	1
3 2470	2 4851	1	1
0 1647	2 4851	1	1
2 267	2 4852	1	1
0 2966	2 4852	1	1
1 4093	2 4852	1	1
1 1489	2 4852	1	1
1 3311	2 4852	1	1
1 97	2 4852	1	1
2 1535	2 4853	1	1
0 1822	2 4853	1	1
0 2990	2 4853	1	1
0 4270	2 4853	1	1
1 606	2 4853	1	1
3 2336	2 4853	1	1
2 4588	2 4854	1	1
0 3088	2 4854	1	1
1 4898	2 4854	1	1
3 3385	2 4854	1	1
3 1700	2 4854	1	1
3 3126	2 4854	1	1
2 4149	2 4855	1	1
2 2902	2 4855	1	1
2 2665	2 4855	1	1
2 4487	2 4855	1	1
0 4017	2 4855	1	1
3 3081	2 4855	1	1
2 1051	2 4856	1	1
2 1415	2 4856	1	1
2 4110	2 4856	1	1
0 2851	2 4856	1	1
1 1898	2 4856	1	1
3 1681	2 4856	1	1
2 935	2 4857	1	1
2 1425	2 4857	1	1
1 1688	2 4857	1	1
3 1377	2 4857	1	1
3 1949	2 4857	1	1
0 1732	2 4857	1	1
2 1599	2 4858	1	1
2 2177	2 4858	1	1
2 4051	2 4858	1	1
1 374	2 4858	1	1
3 148	2 4858	1	1
3 1452	2 4858	1	1
2 4218	2 4859	1	1
2 1616	2 4859	1	1
1 911	2 4859	1	1
1 1421	2 4859	1	1
3 1260	2 4859	1	1
0 2838	2 4859	1	1
0 1049	2 4860	1	1
0 1544	2 4860	1	1
1 32	2 4860	1	1
1 336	2 4860	1	1
3 1734	2 4860	1	1
3 1209	2 4860	1	1
2 2998	2 4861	1	1
2 669	2 4861	1	1
0 2722	2 4861	1	1
3 796	2 4861	1	1
1 2374	2 4861	1	1
3 1728	2 4861	1	1
0 694	2 4862	1	1
0 199	2 4862	1	1
1 326	2 4862	1	1
1 4293	2 4862	1	1
1 914	2 4862	1	1
3 4976	2 4862	1	1
2 2616	2 4863	1	1
0 318	2 4863	1	1
0 1835	2 4863	1	1
1 1683	2 4863	1	1
1 2913	2 4863	1	1
3 2440	2 4863	1	1
2 694	2 4864	1	1
2 802	2 4864	1	1
0 4167	2 4864	1	1
3 1512	2 4864	1	1
3 3786	2 4864	1	1
1 1876	2 4864	1	1
2 1148	2 4865	1	1
2 2758	2 4865	1	1
2 4439	2 4865	1	1
0 208	2 4865	1	1
3 1482	2 4865	1	1
1 1212	2 4865	1	1
0 233	2 4866	1	1
1 98	2 4866	1	1
1 1111	2 4866	1	1
3 2713	2 4866	1	1
3 124	2 4866	1	1
3 2252	2 4866	1	1
2 3984	2 4867	1	1
0 3853	2 4867	1	1
0 4371	2 4867	1	1
3 486	2 4867	1	1
3 4794	2 4867	1	1
3 2995	2 4867	1	1
2 3573	2 4868	1	1
0 2043	2 4868	1	1
0 3191	2 4868	1	1
1 949	2 4868	1	1
3 2378	2 4868	1	1
0 2379	2 4868	1	1
2 2930	2 4869	1	1
0 839	2 4869	1	1
0 4415	2 4869	1	1
0 4968	2 4869	1	1
1 2355	2 4869	1	1
3 3833	2 4869	1	1
2 3861	2 4870	1	1
2 1545	2 4870	1	1
0 1143	2 4870	1	1
0 2568	2 4870	1	1
3 638	2 4870	1	1
3 2149	2 4870	1	1
2 2746	2 4871	1	1
2 4491	2 4871	1	1
1 1240	2 4871	1	1
3 780	2 4871	1	1
0 1697	2 4871	1	1
3 4555	2 4871	1	1
2 3794	2 4872	1	1
2 311	2 4872	1	1
0 483	2 4872	1	1
3 1113	2 4872	1	1
1 2769	2 4872	1	1
1 594	2 4872	1	1
0 2329	2 4873	1	1
3 4683	2 4873	1	1
3 4935	2 4873	1	1
3 3168	2 4873	1	1
3 3855	2 4873	1	1
0 53	2 4873	1	1
2 4400	2 4874	1	1
0 1004	2 4874	1	1
0 2762	2 4874	1	1
3 2765	2 4874	1	1
3 3867	2 4874	1	1
3 3247	2 4874	1	1
2 967	2 4875	1	1
0 4817	2 4875	1	1
0 4162	2 4875	1	1
1 198	2 4875	1	1
3 926	2 4875	1	1
3 2032	2 4875	1	1
2 3571	2 4876	1	1
2 2974	2 4876	1	1
2 1429	2 4876	1	1
0 315	2 4876	1	1
0 2825	2 4876	1	1
3 220	2 4876	1	1
2 778	2 4877	1	1
2 2598	2 4877	1	1
0 1179	2 4877	1	1
0 2889	2 4877	1	1
0 454	2 4877	1	1
1 3966	2 4877	1	1
0 1134	2 4878	1	1
1 4617	2 4878	1	1
1 2039	2 4878	1	1
3 4123	2 4878	1	1
3 368	2 4878	1	1
0 3260	2 4878	1	1
2 3837	2 4879	1	1
1 1211	2 4879	1	1
1 4743	2 4879	1	1
1 4181	2 4879	1	1
3 3418	2 4879	1	1
3 1085	2 4879	1	1
1 4900	2 4880	1	1
1 4119	2 4880	1	1
1 1318	2 4880	1	1
3 1457	2 4880	1	1
3 4554	2 4880	1	1
3 384	2 4880	1	1
2 662	2 4881	1	1
0 325	2 4881	1	1
1 3416	2 4881	1	1
1 1729	2 4881	1	1
1 1157	2 4881	1	1
3 3748	2 4881	1	1
2 4406	2 4882	1	1
2 1680	2 4882	1	1
0 2024	2 4882	1	1
1 4680	2 4882	1	1
3 3831	2 4882	1	1
1 1020	2 4882	1	1
2 3547	2 4883	1	1
2 2908	2 4883	1	1
1 1999	2 4883	1	1
1 4165	2 4883	1	1
3 1332	2 4883	1	1
3 451	2 4883	1	1
2 2041	2 4884	1	1
2 4156	2 4884	1	1
0 4882	2 4884	1	1
1 1747	2 4884	1	1
3 293	2 4884	1	1
0 3468	2 4884	1	1
2 752	2 4885	1	1
2 3464	2 4885	1	1
2 343	2 4885	1	1
2 3470	2 4885	1	1
1 460	2 4885	1	1
3 3885	2 4885	1	1
2 1966	2 4886	1	1
2 129	2 4886	1	1
2 1186	2 4886	1	1
0 2258	2 4886	1	1
0 3422	2 4886	1	1
0 4596	2 4886	1	1
2 4109	2 4887	1	1
2 2024	2 4887	1	1
2 252	2 4887	1	1
2 4202	2 4887	1	1
0 656	2 4887	1	1
0 4262	2 4887	1	1
2 4344	2 4888	1	1
2 3803	2 4888	1	1
1 2816	2 4888	1	1
3 2463	2 4888	1	1
0 4419	2 4888	1	1
3 2061	2 4888	1	1
2 4486	2 4889	1	1
0 2195	2 4889	1	1
1 1675	2 4889	1	1
1 2747	2 4889	1	1
3 1818	2 4889	1	1
3 3869	2 4889	1	1
2 4757	2 4890	1	1
0 1995	2 4890	1	1
3 1480	2 4890	1	1
3 3593	2 4890	1	1
1 4641	2 4890	1	1
1 2648	2 4890	1	1
2 4217	2 4891	1	1
2 812	2 4891	1	1
2 4684	2 4891	1	1
0 1136	2 4891	1	1
3 2507	2 4891	1	1
1 245	2 4891	1	1
2 564	2 4892	1	1
0 1504	2 4892	1	1
1 1179	2 4892	1	1
1 1700	2 4892	1	1
3 1237	2 4892	1	1
1 3283	2 4892	1	1
2 182	2 4893	1	1
2 3507	2 4893	1	1
2 4658	2 4893	1	1
1 1218	2 4893	1	1
1 1863	2 4893	1	1
1 2394	2 4893	1	1
2 3740	2 4894	1	1
2 3002	2 4894	1	1
0 801	2 4894	1	1
1 123	2 4894	1	1
3 3420	2 4894	1	1
1 676	2 4894	1	1
0 2543	2 4895	1	1
1 151	2 4895	1	1
1 2632	2 4895	1	1
3 527	2 4895	1	1
3 20	2 4895	1	1
1 2072	2 4895	1	1
2 2355	2 4896	1	1
2 2266	2 4896	1	1
3 3341	2 4896	1	1
3 1720	2 4896	1	1
0 2709	2 4896	1	1
3 1917	2 4896	1	1
2 154	2 4897	1	1
0 3842	2 4897	1	1
1 2703	2 4897	1	1
3 1272	2 4897	1	1
3 3521	2 4897	1	1
3 1041	2 4897	1	1
2 3250	2 4898	1	1
0 4945	2 4898	1	1
0 4169	2 4898	1	1
3 2376	2 4898	1	1
0 198	2 4898	1	1
1 4643	2 4898	1	1
1 4868	2 4899	1	1
1 2198	2 4899	1	1
1 1739	2 4899	1	1
1 3594	2 4899	1	1
1 4854	2 4899	1	1
3 1472	2 4899	1	1
2 28	2 4900	1	1
1 3048	2 4900	1	1
1 3220	2 4900	1	1
3 1569	2 4900	1	1
3 1732	2 4900	1	1
3 2638	2 4900	1	1
2 4263	2 4901	1	1
2 4311	2 4901	1	1
2 1579	2 4901	1	1
2 3753	2 4901	1	1
1 2987	2 4901	1	1
3 3844	2 4901	1	1
2 2675	2 4902	1	1
0 780	2 4902	1	1
3 389	2 4902	1	1
3 4030	2 4902	1	1
1 189	2 4902	1	1
0 4078	2 4902	1	1
2 186	2 4903	1	1
0 2305	2 4903	1	1
0 2289	2 4903	1	1
1 4667	2 4903	1	1
3 2737	2 4903	1	1
3 3087	2 4903	1	1
2 4417	2 4904	1	1
2 9	2 4904	1	1
1 540	2 4904	1	1
1 3892	2 4904	1	1
3 4748	2 4904	1	1
1 103	2 4904	1	1
2 300	2 4905	1	1
2 2670	2 4905	1	1
1 2799	2 4905	1	1
3 3984	2 4905	1	1
3 3566	2 4905	1	1
3 2489	2 4905	1	1
2 2243	2 4906	1	1
0 1509	2 4906	1	1
1 4506	2 4906	1	1
1 4332	2 4906	1	1
1 289	2 4906	1	1
1 2948	2 4906	1	1
1 1112	2 4907	1	1
1 4524	2 4907	1	1
3 4774	2 4907	1	1
3 1857	2 4907	1	1
3 969	2 4907	1	1
0 653	2 4907	1	1
2 4163	2 4908	1	1
1 755	2 4908	1	1
1 1042	2 4908	1	1
1 1103	2 4908	1	1
3 846	2 4908	1	1
3 351	2 4908	1	1
2 4842	2 4909	1	1
2 493	2 4909	1	1
1 159	2 4909	1	1
1 3981	2 4909	1	1
3 3038	2 4909	1	1
3 2516	2 4909	1	1
2 1880	2 4910	1	1
2 921	2 4910	1	1
2 868	2 4910	1	1
0 1540	2 4910	1	1
1 4275	2 4910	1	1
0 1840	2 4910	1	1
2 1641	2 4911	1	1
2 964	2 4911	1	1
2 9	2 4911	1	1
1 3729	2 4911	1	1
3 2939	2 4911	1	1
3 812	2 4911	1	1
2 4720	2 4912	1	1
1 4431	2 4912	1	1
1 181	2 4912	1	1
3 598	2 4912	1	1
3 4885	2 4912	1	1
3 321	2 4912	1	1
2 1854	2 4913	1	1
2 3272	2 4913	1	1
0 1117	2 4913	1	1
0 1831	2 4913	1	1
0 2667	2 4913	1	1
1 4991	2 4913	1	1
2 4155	2 4914	1	1
2 3772	2 4914	1	1
0 1326	2 4914	1	1
1 1338	2 4914	1	1
1 2368	2 4914	1	1
1 2795	2 4914	1	1
2 107	2 4915	1	1
0 2724	2 4915	1	1
1 97	2 4915	1	1
3 4025	2 4915	1	1
1 3285	2 4915	1	1
3 4159	2 4915	1	1
2 4926	2 4916	1	1
0 3363	2 4916	1	1
0 4682	2 4916	1	1
0 2816	2 4916	1	1
0 2913	2 4916	1	1
1 1247	2 4916	1	1
2 2039	2 4917	1	1
0 4230	2 4917	1	1
1 2499	2 4917	1	1
3 2905	2 4917	1	1
3 3307	2 4917	1	1
0 1936	2 4917	1	1
2 2086	2 4918	1	1
2 2247	2 4918	1	1
1 1989	2 4918	1	1
1 4749	2 4918	1	1
1 673	2 4918	1	1
3 2777	2 4918	1	1
0 2207	2 4919	1	1
0 2980	2 4919	1	1
1 1317	2 4919	1	1
1 3699	2 4919	1	1
1 2926	2 4919	1	1
0 4374	2 4919	1	1
2 2622	2 4920	1	1
2 265	2 4920	1	1
0 1506	2 4920	1	1
1 3456	2 4920	1	1
3 810	2 4920	1	1
3 4010	2 4920	1	1
2 1555	2 4921	1	1
2 844	2 4921	1	1
0 4196	2 4921	1	1
1 2251	2 4921	1	1
3 336	2 4921	1	1
3 3853	2 4921	1	1
2 534	2 4922	1	1
0 2799	2 4922	1	1
1 741	2 4922	1	1
1 338	2 4922	1	1
3 1880	2 4922	1	1
3 4884	2 4922	1	1
2 702	2 4923	1	1
2 1896	2 4923	1	1
0 3296	2 4923	1	1
0 3091	2 4923	1	1
1 3374	2 4923	1	1
3 369	2 4923	1	1
2 4234	2 4924	1	1
0 4557	2 4924	1	1
0 2465	2 4924	1	1
1 3008	2 4924	1	1
1 1151	2 4924	1	1
1 305	2 4924	1	1
0 2454	2 4925	1	1
1 4485	2 4925	1	1
1 3930	2 4925	1	1
3 3691	2 4925	1	1
3 2670	2 4925	1	1
1 396	2 4925	1	1
2 2024	2 4926	1	1
0 4414	2 4926	1	1
0 2087	2 4926	1	1
1 3008	2 4926	1	1
3 639	2 4926	1	1
3 3604	2 4926	1	1
2 3815	2 4927	1	1
0 1639	2 4927	1	1
0 2003	2 4927	1	1
1 372	2 4927	1	1
3 2357	2 4927	1	1
3 1524	2 4927	1	1
2 849	2 4928	1	1
0 2742	2 4928	1	1
0 790	2 4928	1	1
3 709	2 4928	1	1
1 1898	2 4928	1	1
3 2360	2 4928	1	1
2 2063	2 4929	1	1
2 3480	2 4929	1	1
2 1325	2 4929	1	1
0 52	2 4929	1	1
0 1280	2 4929	1	1
1 4267	2 4929	1	1
2 4492	2 4930	1	1
2 2026	2 4930	1	1
2 3352	2 4930	1	1
1 382	2 4930	1	1
3 4922	2 4930	1	1
3 2094	2 4930	1	1
0 1942	2 4931	1	1
0 579	2 4931	1	1
1 148	2 4931	1	1
3 1605	2 4931	1	1
3 3667	2 4931	1	1
0 3114	2 4931	1	1
2 4099	2 4932	1	1
2 1151	2 4932	1	1
2 1551	2 4932	1	1
0 1114	2 4932	1	1
0 4048	2 4932	1	1
3 2130	2 4932	1	1
2 817	2 4933	1	1
0 2854	2 4933	1	1
0 2969	2 4933	1	1
1 89	2 4933	1	1
3 2719	2 4933	1	1
3 2889	2 4933	1	1
2 3551	2 4934	1	1
1 1966	2 4934	1	1
3 1679	2 4934	1	1
1 3296	2 4934	1	1
0 1198	2 4934	1	1
1 1663	2 4934	1	1
2 3651	2 4935	1	1
0 2051	2 4935	1	1
0 3970	2 4935	1	1
0 4846	2 4935	1	1
1 1445	2 4935	1	1
3 637	2 4935	1	1
2 2327	2 4936	1	1
0 4884	2 4936	1	1
1 3682	2 4936	1	1
1 1178	2 4936	1	1
1 4889	2 4936	1	1
3 371	2 4936	1	1
2 85	2 4937	1	1
0 2515	2 4937	1	1
0 2032	2 4937	1	1
1 4988	2 4937	1	1
0 3877	2 4937	1	1
1 873	2 4937	1	1
2 3182	2 4938	1	1
2 2817	2 4938	1	1
2 303	2 4938	1	1
0 2758	2 4938	1	1
0 2153	2 4938	1	1
3 829	2 4938	1	1
2 2603	2 4939	1	1
2 4368	2 4939	1	1
1 2870	2 4939	1	1
1 1615	2 4939	1	1
1 2687	2 4939	1	1
3 3476	2 4939	1	1
2 1132	2 4940	1	1
2 1230	2 4940	1	1
0 4917	2 4940	1	1
1 3753	2 4940	1	1
3 2834	2 4940	1	1
3 4267	2 4940	1	1
2 3504	2 4941	1	1
0 3650	2 4941	1	1
1 1728	2 4941	1	1
3 1786	2 4941	1	1
3 4021	2 4941	1	1
0 3098	2 4941	1	1
2 3513	2 4942	1	1
0 630	2 4942	1	1
0 508	2 4942	1	1
3 4982	2 4942	1	1
1 3707	2 4942	1	1
1 71	2 4942	1	1
0 3485	2 4943	1	1
1 2343	2 4943	1	1
3 2176	2 4943	1	1
3 4543	2 4943	1	1
0 4713	2 4943	1	1
0 1676	2 4943	1	1
2 788	2 4944	1	1
2 3504	2 4944	1	1
0 21	2 4944	1	1
1 1331	2 4944	1	1
3 750	2 4944	1	1
1 1735	2 4944	1	1
2 1219	2 4945	1	1
0 3820	2 4945	1	1
1 4978	2 4945	1	1
3 2789	2 4945	1	1
3 2792	2 4945	1	1
0 4575	2 4945	1	1
2 3083	2 4946	1	1
2 4380	2 4946	1	1
0 3068	2 4946	1	1
1 4705	2 4946	1	1
1 4000	2 4946	1	1
3 2666	2 4946	1	1
1 3768	2 4947	1	1
1 183	2 4947	1	1
3 4132	2 4947	1	1
3 2528	2 4947	1	1
3 617	2 4947	1	1
1 3959	2 4947	1	1
2 1847	2 4948	1	1
0 3819	2 4948	1	1
0 4795	2 4948	1	1
1 598	2 4948	1	1
3 3295	2 4948	1	1
1 1977	2 4948	1	1
2 963	2 4949	1	1
2 402	2 4949	1	1
0 927	2 4949	1	1
1 1810	2 4949	1	1
1 1872	2 4949	1	1
3 1321	2 4949	1	1
2 2469	2 4950	1	1
0 65	2 4950	1	1
3 3166	2 4950	1	1
3 2310	2 4950	1	1
3 224	2 4950	1	1
1 2249	2 4950	1	1
2 4760	2 4951	1	1
0 2308	2 4951	1	1
1 4374	2 4951	1	1
3 3282	2 4951	1	1
0 1420	2 4951	1	1
3 3308	2 4951	1	1
2 3522	2 4952	1	1
2 4634	2 4952	1	1
0 3746	2 4952	1	1
1 2372	2 4952	1	1
3 4576	2 4952	1	1
3 359	2 4952	1	1
0 4262	2 4953	1	1
0 1472	2 4953	1	1
1 2349	2 4953	1	1
1 4	2 4953	1	1
3 2613	2 4953	1	1
3 2967	2 4953	1	1
2 2955	2 4954	1	1
0 3970	2 4954	1	1
3 3459	2 4954	1	1
3 3119	2 4954	1	1
3 4355	2 4954	1	1
0 816	2 4954	1	1
2 3848	2 4955	1	1
2 2238	2 4955	1	1
2 370	2 4955	1	1
1 3068	2 4955	1	1
1 2864	2 4955	1	1
1 3437	2 4955	1	1
0 3997	2 4956	1	1
0 1785	2 4956	1	1
1 2820	2 4956	1	1
3 2923	2 4956	1	1
3 3379	2 4956	1	1
3 4928	2 4956	1	1
2 2372	2 4957	1	1
0 573	2 4957	1	1
0 3674	2 4957	1	1
0 2204	2 4957	1	1
1 2919	2 4957	1	1
3 3535	2 4957	1	1
2 3759	2 4958	1	1
0 682	2 4958	1	1
0 3653	2 4958	1	1
1 2382	2 4958	1	1
1 2746	2 4958	1	1
3 1610	2 4958	1	1
2 3388	2 4959	1	1
0 1321	2 4959	1	1
0 2312	2 4959	1	1
1 3993	2 4959	1	1
3 2906	2 4959	1	1
3 4885	2 4959	1	1
2 280	2 4960	1	1
2 472	2 4960	1	1
2 3654	2 4960	1	1
0 1191	2 4960	1	1
1 936	2 4960	1	1
3 3945	2 4960	1	1
2 3716	2 4961	1	1
0 1061	2 4961	1	1
3 2900	2 4961	1	1
3 1343	2 4961	1	1
0 1157	2 4961	1	1
1 564	2 4961	1	1
0 1048	2 4962	1	1
3 345	2 4962	1	1
3 2490	2 4962	1	1
1 3865	2 4962	1	1
3 670	2 4962	1	1
3 247	2 4962	1	1
2 4331	2 4963	1	1
2 4229	2 4963	1	1
0 1442	2 4963	1	1
0 2989	2 4963	1	1
1 938	2 4963	1	1
3 160	2 4963	1	1
2 2330	2 4964	1	1
0 2523	2 4964	1	1
0 3503	2 4964	1	1
1 1970	2 4964	1	1
3 3929	2 4964	1	1
3 3436	2 4964	1	1
0 846	2 4965	1	1
0 1116	2 4965	1	1
1 2537	2 4965	1	1
3 3498	2 4965	1	1
3 1893	2 4965	1	1
3 4745	2 4965	1	1
2 1486	2 4966	1	1
2 4903	2 4966	1	1
2 1201	2 4966	1	1
2 3398	2 4966	1	1
1 1268	2 4966	1	1
3 1782	2 4966	1	1
2 568	2 4967	1	1
0 4041	2 4967	1	1
1 1264	2 4967	1	1
1 2231	2 4967	1	1
1 1371	2 4967	1	1
3 2320	2 4967	1	1
2 2022	2 4968	1	1
2 3017	2 4968	1	1
2 1669	2 4968	1	1
0 2802	2 4968	1	1
1 1708	2 4968	1	1
1 3772	2 4968	1	1
2 3163	2 4969	1	1
0 4788	2 4969	1	1
1 3661	2 4969	1	1
1 1284	2 4969	1	1
3 3132	2 4969	1	1
3 1451	2 4969	1	1
2 3563	2 4970	1	1
1 4716	2 4970	1	1
3 1267	2 4970	1	1
3 714	2 4970	1	1
1 4078	2 4970	1	1
1 878	2 4970	1	1
0 1829	2 4971	1	1
0 307	2 4971	1	1
1 3703	2 4971	1	1
1 4918	2 4971	1	1
1 4327	2 4971	1	1
0 1962	2 4971	1	1
2 3076	2 4972	1	1
2 3749	2 4972	1	1
2 4921	2 4972	1	1
2 2945	2 4972	1	1
0 4179	2 4972	1	1
1 2002	2 4972	1	1
2 1539	2 4973	1	1
1 4728	2 4973	1	1
1 1956	2 4973	1	1
1 1236	2 4973	1	1
1 2359	2 4973	1	1
3 4267	2 4973	1	1
2 1984	2 4974	1	1
0 1626	2 4974	1	1
1 1492	2 4974	1	1
3 4247	2 4974	1	1
3 205	2 4974	1	1
3 2803	2 4974	1	1
2 1217	2 4975	1	1
0 3208	2 4975	1	1
0 2902	2 4975	1	1
0 2300	2 4975	1	1
1 3741	2 4975	1	1
3 977	2 4975	1	1
2 1274	2 4976	1	1
2 3563	2 4976	1	1
0 103	2 4976	1	1
3 2880	2 4976	1	1
3 2710	2 4976	1	1
3 1360	2 4976	1	1
2 2977	2 4977	1	1
0 591	2 4977	1	1
0 3162	2 4977	1	1
1 4606	2 4977	1	1
3 4439	2 4977	1	1
3 4979	2 4977	1	1
2 3130	2 4978	1	1
2 4761	2 4978	1	1
1 2638	2 4978	1	1
1 4992	2 4978	1	1
3 1722	2 4978	1	1
3 1983	2 4978	1	1
2 730	2 4979	1	1
0 2339	2 4979	1	1
0 2360	2 4979	1	1
1 2285	2 4979	1	1
1 1724	2 4979	1	1
1 1706	2 4979	1	1
2 2185	2 4980	1	1
3 3140	2 4980	1	1
3 1312	2 4980	1	1
3 2353	2 4980	1	1
3 3305	2 4980	1	1
1 2052	2 4980	1	1
2 2629	2 4981	1	1
2 876	2 4981	1	1
0 1507	2 4981	1	1
3 1887	2 4981	1	1
3 2785	2 4981	1	1
3 4436	2 4981	1	1
2 3818	2 4982	1	1
2 3764	2 4982	1	1
0 1129	2 4982	1	1
1 1279	2 4982	1	1
3 551	2 4982	1	1
3 3673	2 4982	1	1
2 397	2 4983	1	1
2 4526	2 4983	1	1
0 4329	2 4983	1	1
0 1801	2 4983	1	1
1 4227	2 4983	1	1
1 145	2 4983	1	1
2 4601	2 4984	1	1
0 3129	2 4984	1	1
1 1762	2 4984	1	1
3 1623	2 4984	1	1
3 2088	2 4984	1	1
0 2763	2 4984	1	1
2 4448	2 4985	1	1
1 4075	2 4985	1	1
1 1296	2 4985	1	1
1 2511	2 4985	1	1
1 4936	2 4985	1	1
3 3957	2 4985	1	1
2 4598	2 4986	1	1
1 719	2 4986	1	1
3 715	2 4986	1	1
3 1306	2 4986	1	1
3 1309	2 4986	1	1
0 135	2 4986	1	1
2 777	2 4987	1	1
2 1277	2 4987	1	1
2 3101	2 4987	1	1
1 3297	2 4987	1	1
3 2141	2 4987	1	1
3 635	2 4987	1	1
2 4228	2 4988	1	1
2 2375	2 4988	1	1
0 3126	2 4988	1	1
0 408	2 4988	1	1
1 2488	2 4988	1	1
3 1397	2 4988	1	1
2 1202	2 4989	2	1
0 4501	2 4989	1	1
0 1862	2 4989	1	1
1 2729	2 4989	1	1
1 2295	2 4989	1	1
2 4451	2 4990	1	1
0 3710	2 4990	1	1
0 4637	2 4990	1	1
3 2176	2 4990	1	1
3 578	2 4990	1	1
1 857	2 4990	1	1
2 4022	2 4991	1	1
0 3027	2 4991	1	1
0 421	2 4991	1	1
0 2595	2 4991	1	1
0 1383	2 4991	1	1
1 1578	2 4991	1	1
2 3150	2 4992	1	1
2 2272	2 4992	1	1
2 1720	2 4992	1	1
0 2615	2 4992	1	1
0 3385	2 4992	1	1
1 4355	2 4992	1	1
2 3479	2 4993	1	1
0 2589	2 4993	1	1
1 2625	2 4993	1	1
0 2957	2 4993	1	1
0 928	2 4993	1	1
3 1653	2 4993	1	1
2 1663	2 4994	1	1
0 1766	2 4994	1	1
0 479	2 4994	1	1
1 4427	2 4994	1	1
3 947	2 4994	1	1
3 3881	2 4994	1	1
2 2147	2 4995	1	1
2 4406	2 4995	1	1
0 2235	2 4995	1	1
1 1888	2 4995	1	1
3 4535	2 4995	1	1
1 1594	2 4995	1	1
2 2445	2 4996	1	1
1 3554	2 4996	1	1
3 511	2 4996	1	1
3 1325	2 4996	1	1
1 3632	2 4996	1	1
3 4277	2 4996	1	1
2 4454	2 4997	1	1
0 1287	2 4997	1	1
1 1772	2 4997	1	1
1 1317	2 4997	1	1
3 817	2 4997	1	1
1 4753	2 4997	1	1
2 4898	2 4998	1	1
2 4059	2 4998	1	1
0 4329	2 4998	1	1
0 838	2 4998	1	1
1 1139	2 4998	1	1
1 2846	2 4998	1	1
2 2495	2 4999	1	1
2 2074	2 4999	1	1
2 2461	2 4999	1	1
2 2029	2 4999	1	1
1 1912	2 4999	1	1
1 4767	2 4999	1	1
2 386	2 5000	1	1
2 1038	2 5000	1	1
0 3526	2 5000	1	1
0 4591	2 5000	1	1
0 3326	2 5000	1	1
0 2378	2 5000	1	1

